ID...1.WT	GeneID	geneSymbol	chr.WT	strand.WT	longExonStart_0base.WT	longExonEnd.WT	shortES.WT	shortEE.WT	flankingES.WT	flankingEE.WT	ID...12.WT	IJC_SAMPLE_1.WT	SJC_SAMPLE_1.WT	IJC_SAMPLE_2.WT	SJC_SAMPLE_2.WT	IncFormLen.WT	SkipFormLen.WT	PValue.WT	FDR.WT	IncLevel1.WT	IncLevel2.WT	IncLevelDifference.WT	across_short_boundary_count.WT	long_to_flanking_count.WT	exclusive_to_long_count.WT	short_to_flanking_count.WT	EventType	event_id	FDR_num.WT	dPSI_num.WT	mean_psi_ctrl.WT	mean_psi_case.WT	total_reads.WT	1stExonStart_0base.WT	1stExonEnd.WT	2ndExonStart_0base.WT	2ndExonEnd.WT	upstreamES.WT	upstreamEE.WT	downstreamES.WT	downstreamEE.WT	ID...14.WT	upstream_to_first_count.WT	first_to_downstream_count.WT	first_count.WT	upstream_to_second_count.WT	second_to_downstream_count.WT	second_count.WT	riExonStart_0base.WT	riExonEnd.WT	upstream_to_intron_count.WT	intron_to_downstream_count.WT	intron_count.WT	upstream_to_downstream_count.WT	exonStart_0base.WT	exonEnd.WT	upstream_to_target_count.WT	target_to_downstream_count.WT	target_count.WT	ID...1.UFM	chr.UFM	strand.UFM	longExonStart_0base.UFM	longExonEnd.UFM	shortES.UFM	shortEE.UFM	flankingES.UFM	flankingEE.UFM	ID...12.UFM	IJC_SAMPLE_1.UFM	SJC_SAMPLE_1.UFM	IJC_SAMPLE_2.UFM	SJC_SAMPLE_2.UFM	IncFormLen.UFM	SkipFormLen.UFM	PValue.UFM	FDR.UFM	IncLevel1.UFM	IncLevel2.UFM	IncLevelDifference.UFM	across_short_boundary_count.UFM	long_to_flanking_count.UFM	exclusive_to_long_count.UFM	short_to_flanking_count.UFM	FDR_num.UFM	dPSI_num.UFM	mean_psi_ctrl.UFM	mean_psi_case.UFM	total_reads.UFM	1stExonStart_0base.UFM	1stExonEnd.UFM	2ndExonStart_0base.UFM	2ndExonEnd.UFM	upstreamES.UFM	upstreamEE.UFM	downstreamES.UFM	downstreamEE.UFM	ID...14.UFM	upstream_to_first_count.UFM	first_to_downstream_count.UFM	first_count.UFM	upstream_to_second_count.UFM	second_to_downstream_count.UFM	second_count.UFM	riExonStart_0base.UFM	riExonEnd.UFM	upstream_to_intron_count.UFM	intron_to_downstream_count.UFM	intron_count.UFM	upstream_to_downstream_count.UFM	exonStart_0base.UFM	exonEnd.UFM	upstream_to_target_count.UFM	target_to_downstream_count.UFM	target_count.UFM
6	ENSG00000102125.17	TAFAZZIN	chrX	+	NA	NA	NA	NA	NA	NA	6	209,156,240	29,70,53	90,122,47	36,47,66	1141	149	0.00119439504899	0.00640772566964713	0.485,0.225,0.372	0.246,0.253,0.085	0.166	NA	NA	NA	NA	RI	chrX|+|154412085|154413567|154412085|154412214|154413206|154413567	0.00640772566964713	0.166	0.3606666666666667	0.19466666666666665	1165	NA	NA	NA	NA	154412085	154412214	154413206	154413567	NA	NA	NA	NA	NA	NA	NA	154412085	154413567	13,4,16,0,2,0	51,23,33,24,30,6	145,129,191,66,90,41	29,70,53,36,47,66	NA	NA	NA	NA	NA	6	chrX	+	NA	NA	NA	NA	NA	NA	6	231,194,197	49,24,30	88,94,96	5,14,10	1141	149	0.107785302884	0.23558286070085993	0.381,0.514,0.462	0.697,0.467,0.556	-0.121	NA	NA	NA	NA	0.23558286070085993	-0.121	0.45233333333333337	0.5733333333333334	1032	NA	NA	NA	NA	154412085	154412214	154413206	154413567	NA	NA	NA	NA	NA	NA	NA	154412085	154413567	9,22,11,4,1,1	9,42,41,25,16,11	213,130,145,59,77,84	49,24,30,5,14,10	NA	NA	NA	NA	NA
7	ENSG00000102125.17	TAFAZZIN	chrX	+	NA	NA	NA	NA	NA	NA	7	82,69,59	37,66,34	33,23,32	35,37,37	378	149	0.00318180589926	0.01431462492609121	0.466,0.292,0.406	0.271,0.197,0.254	0.147	NA	NA	NA	NA	RI	chrX|+|154413206|154413567|154413206|154413252|154413481|154413567	0.01431462492609121	0.147	0.388	0.24066666666666667	544	NA	NA	NA	NA	154413206	154413252	154413481	154413567	NA	NA	NA	NA	NA	NA	NA	154413206	154413567	39,34,24,23,8,11	13,17,26,9,14,3	30,18,9,1,1,18	37,66,34,35,37,37	NA	NA	NA	NA	NA	7	chrX	+	NA	NA	NA	NA	NA	NA	7	68,58,63	46,18,48	19,17,26	14,22,10	378	149	0.422743332661	0.6537636327630676	0.368,0.559,0.341	0.349,0.233,0.506	0.06	NA	NA	NA	NA	0.6537636327630676	0.06	0.4226666666666667	0.3626666666666667	409	NA	NA	NA	NA	154413206	154413252	154413481	154413567	NA	NA	NA	NA	NA	NA	NA	154413206	154413567	38,47,47,10,11,8	21,1,8,7,2,11	9,10,8,2,4,7	46,18,48,14,22,10	NA	NA	NA	NA	NA
8	ENSG00000102125.17	TAFAZZIN	chrX	+	NA	NA	NA	NA	NA	NA	8	69,52,40	0,0,0	14,22,30	0,3,14	291	149	2.45636490037e-7	4.509709451817017e-6	1.0,1.0,1.0	1.0,0.79,0.523	0.229	NA	NA	NA	NA	RI	chrX|+|154413206|154413567|154413206|154413339|154413481|154413567	4.509709451817017e-6	0.229	1	0.771	244	NA	NA	NA	NA	154413206	154413339	154413481	154413567	NA	NA	NA	NA	NA	NA	NA	154413206	154413567	56,35,14,5,8,27	13,17,26,9,14,3	0,0,0,0,0,0	0,0,0,0,3,14	NA	NA	NA	NA	NA	8	chrX	+	NA	NA	NA	NA	NA	NA	8	47,25,45	5,4,0	9,8,21	6,2,0	291	149	0.235058954043	0.42568094223167585	0.828,0.762,1.0	0.434,0.672,1.0	0.161	NA	NA	NA	NA	0.42568094223167585	0.161	0.8633333333333333	0.702	172	NA	NA	NA	NA	154413206	154413339	154413481	154413567	NA	NA	NA	NA	NA	NA	NA	154413206	154413567	29,24,37,2,6,10	21,1,8,7,2,11	0,0,0,0,0,0	5,4,0,6,2,0	NA	NA	NA	NA	NA
10	ENSG00000102125.17	TAFAZZIN	chrX	+	NA	NA	NA	NA	NA	NA	10	62,52,38	0,0,0	14,20,30	9,3,3	272	149	8.11176348314e-9	2.191248179674647e-7	1.0,1.0,1.0	0.46,0.785,0.846	0.303	NA	NA	NA	NA	RI	chrX|+|154413206|154413567|154413206|154413358|154413481|154413567	2.191248179674647e-7	0.303	1	0.6970000000000001	231	NA	NA	NA	NA	154413206	154413358	154413481	154413567	NA	NA	NA	NA	NA	NA	NA	154413206	154413567	49,41,12,5,6,27	13,17,26,9,14,3	0,0,0,0,0,0	0,0,0,9,3,3	NA	NA	NA	NA	NA	10	chrX	+	NA	NA	NA	NA	NA	NA	10	47,24,38	0,5,0	9,8,21	0,0,0	272	149	0.163269122812	0.3248705873679302	1.0,0.724,1.0	1.0,1.0,1.0	-0.092	NA	NA	NA	NA	0.3248705873679302	-0.092	0.908	1	152	NA	NA	NA	NA	154413206	154413358	154413481	154413567	NA	NA	NA	NA	NA	NA	NA	154413206	154413567	29,23,30,2,6,11	21,1,8,7,2,11	0,0,0,0,0,0	0,5,0,0,0,0	NA	NA	NA	NA	NA
28	ENSG00000198753.12	PLXNB3	chrX	+	NA	NA	NA	NA	NA	NA	28	29,19,55	12,0,22	10,7,8	8,7,16	408	149	0.00221088462467	0.0105832509902236	0.469,1.0,0.477	0.313,0.268,0.154	0.404	NA	NA	NA	NA	RI	chrX|+|153777527|153778095|153777527|153777688|153777947|153778095	0.0105832509902236	0.404	0.6486666666666666	0.245	193	NA	NA	NA	NA	153777527	153777688	153777947	153778095	NA	NA	NA	NA	NA	NA	NA	153777527	153778095	5,1,38,3,0,4	12,3,8,3,0,2	12,15,9,4,7,2	12,0,22,8,7,16	NA	NA	NA	NA	NA	28	chrX	+	NA	NA	NA	NA	NA	NA	28	4,19,83	24,3,5	0,9,14	11,19,13	408	149	0.0171064149731	0.05494980852263346	0.057,0.698,0.858	0.0,0.147,0.282	0.395	NA	NA	NA	NA	0.05494980852263346	0.395	0.5376666666666666	0.143	204	NA	NA	NA	NA	153777527	153777688	153777947	153778095	NA	NA	NA	NA	NA	NA	NA	153777527	153778095	0,1,43,0,2,3	3,17,13,0,4,4	1,1,27,0,3,7	24,3,5,11,19,13	NA	NA	NA	NA	NA
45	ENSG00000158290.19	CUL4B	chrX	-	NA	NA	NA	NA	NA	NA	45	104,61,72	8,13,3	42,43,79	12,13,23	599	149	0.00195503081732	0.00958121363821955	0.764,0.539,0.857	0.465,0.451,0.461	0.261	NA	NA	NA	NA	RI	chrX|-|120538123|120538770|120538123|120538209|120538659|120538770	0.00958121363821955	0.261	0.72	0.459	473	NA	NA	NA	NA	120538123	120538209	120538659	120538770	NA	NA	NA	NA	NA	NA	NA	120538123	120538770	32,43,46,16,22,41	25,6,1,8,1,6	47,12,25,18,20,32	8,13,3,12,13,23	NA	NA	NA	NA	NA	45	chrX	-	NA	NA	NA	NA	NA	NA	45	112,84,69	1,20,11	50,93,59	2,7,32	599	149	0.623041822303	0.844757423638935	0.965,0.511,0.609	0.861,0.768,0.314	0.047	NA	NA	NA	NA	0.844757423638935	0.047	0.695	0.6476666666666666	540	NA	NA	NA	NA	120538123	120538209	120538659	120538770	NA	NA	NA	NA	NA	NA	NA	120538123	120538770	56,10,15,28,16,21	12,39,31,0,18,11	44,35,23,22,59,27	1,20,11,2,7,32	NA	NA	NA	NA	NA
54	ENSG00000102384.14	CENPI	chrX	+	NA	NA	NA	NA	NA	NA	54	131,104,95	0,1,3	43,36,52	12,4,5	344	149	1.7521671225e-8	4.164453021383721e-7	1.0,0.978,0.932	0.608,0.796,0.818	0.229	NA	NA	NA	NA	RI	chrX|+|101098203|101098539|101098203|101098248|101098443|101098539	4.164453021383721e-7	0.229	0.97	0.7406666666666667	486	NA	NA	NA	NA	101098203	101098248	101098443	101098539	NA	NA	NA	NA	NA	NA	NA	101098203	101098539	48,24,18,8,8,20	75,57,39,24,28,24	8,23,38,11,0,8	0,1,3,12,4,5	NA	NA	NA	NA	NA	54	chrX	+	NA	NA	NA	NA	NA	NA	54	44,65,63	7,7,2	45,16,74	6,7,0	344	149	0.855492911154	1	0.731,0.801,0.932	0.765,0.497,1.0	0.067	NA	NA	NA	NA	1	0.067	0.8213333333333334	0.754	336	NA	NA	NA	NA	101098203	101098248	101098443	101098539	NA	NA	NA	NA	NA	NA	NA	101098203	101098539	10,21,6,8,5,17	18,16,53,21,8,38	16,28,4,16,3,19	7,7,2,6,7,0	NA	NA	NA	NA	NA
119	ENSG00000102312.24	PORCN	chrX	+	NA	NA	NA	NA	NA	NA	119	33,35,42	15,27,8	22,16,16	27,15,34	308	149	0.00100853288907	0.00564510875069223	0.516,0.385,0.717	0.283,0.34,0.185	0.27	NA	NA	NA	NA	RI	chrX|+|48514239|48514625|48514239|48514365|48514524|48514625	0.00564510875069223	0.27	0.5393333333333333	0.2693333333333333	290	NA	NA	NA	NA	48514239	48514365	48514524	48514625	NA	NA	NA	NA	NA	NA	NA	48514239	48514625	7,10,22,0,5,1	26,25,20,22,11,15	0,0,0,0,0,0	15,27,8,27,15,34	NA	NA	NA	NA	NA	119	chrX	+	NA	NA	NA	NA	NA	NA	119	65,19,16	3,21,31	31,36,27	30,11,33	308	149	0.567179656529	0.798023773693851	0.913,0.304,0.2	0.333,0.613,0.284	0.062	NA	NA	NA	NA	0.798023773693851	0.062	0.4723333333333333	0.41	323	NA	NA	NA	NA	48514239	48514365	48514524	48514625	NA	NA	NA	NA	NA	NA	NA	48514239	48514625	46,0,5,0,9,6	19,19,11,31,27,21	0,0,0,0,0,0	3,21,31,30,11,33	NA	NA	NA	NA	NA
168	ENSG00000100417.12	PMM1	chr22	-	NA	NA	NA	NA	NA	NA	168	153,168,220	17,8,14	94,98,130	20,31,32	371	149	1.49583462283e-8	3.668983162877424e-7	0.783,0.894,0.863	0.654,0.559,0.62	0.236	NA	NA	NA	NA	RI	chr22|-|41583958|41584372|41583958|41584058|41584280|41584372	3.668983162877424e-7	0.236	0.8466666666666667	0.611	985	NA	NA	NA	NA	41583958	41584058	41584280	41584372	NA	NA	NA	NA	NA	NA	NA	41583958	41584372	49,96,86,33,28,55	23,45,67,41,26,25	81,27,67,20,44,50	17,8,14,20,31,32	NA	NA	NA	NA	NA	168	chr22	-	NA	NA	NA	NA	NA	NA	168	166,192,210	26,14,36	116,146,115	23,11,36	371	149	0.326090795803	0.5427955666632627	0.719,0.846,0.701	0.669,0.842,0.562	0.064	NA	NA	NA	NA	0.5427955666632627	0.064	0.7553333333333333	0.6910000000000001	1091	NA	NA	NA	NA	41583958	41584058	41584280	41584372	NA	NA	NA	NA	NA	NA	NA	41583958	41584372	56,113,87,24,30,38	41,44,67,33,61,24	69,35,56,59,55,53	26,14,36,23,11,36	NA	NA	NA	NA	NA
173	ENSG00000100359.21	SGSM3	chr22	+	NA	NA	NA	NA	NA	NA	173	59,49,67	142,180,180	26,15,18	157,176,196	278	149	4.33009184064e-11	1.8965802262003203e-9	0.182,0.127,0.166	0.082,0.044,0.047	0.101	NA	NA	NA	NA	RI	chr22|+|40407016|40407328|40407016|40407071|40407200|40407328	1.8965802262003203e-9	0.101	0.15833333333333333	0.057666666666666665	1265	NA	NA	NA	NA	40407016	40407071	40407200	40407328	NA	NA	NA	NA	NA	NA	NA	40407016	40407328	47,19,26,6,6,18	14,30,47,23,9,2	0,0,0,0,0,0	142,180,180,157,176,196	NA	NA	NA	NA	NA	173	chr22	+	NA	NA	NA	NA	NA	NA	173	32,52,40	181,256,305	2,14,37	99,185,193	278	149	0.0161439643116	0.05241580670846903	0.087,0.098,0.066	0.011,0.039,0.093	0.036	NA	NA	NA	NA	0.05241580670846903	0.036	0.08366666666666667	0.04766666666666667	1396	NA	NA	NA	NA	40407016	40407071	40407200	40407328	NA	NA	NA	NA	NA	NA	NA	40407016	40407328	5,33,11,2,11,16	27,20,29,0,3,21	0,0,0,0,0,0	181,256,305,99,185,193	NA	NA	NA	NA	NA
210	ENSG00000099956.20	SMARCB1	chr22	+	NA	NA	NA	NA	NA	NA	210	5,16,11	8,4,1	7,0,2	3,8,8	1840	149	0.00226843719061	0.0108249469671755	0.048,0.245,0.471	0.159,0.0,0.02	0.195	NA	NA	NA	NA	RI	chr22|+|23791755|23793688|23791755|23791867|23793558|23793688	0.0108249469671755	0.195	0.25466666666666665	0.059666666666666666	73	NA	NA	NA	NA	23791755	23791867	23793558	23793688	NA	NA	NA	NA	NA	NA	NA	23791755	23793688	5,12,10,5,0,1	0,0,0,0,0,0	0,4,1,2,0,1	8,4,1,3,8,8	NA	NA	NA	NA	NA	210	chr22	+	NA	NA	NA	NA	NA	NA	210	0,7,17	6,25,27	0,8,2	3,2,18	1840	149	0.716487137816	0.9200225016523124	0.0,0.022,0.049	0.0,0.245,0.009	-0.061	NA	NA	NA	NA	0.9200225016523124	-0.061	0.023666666666666666	0.08466666666666667	115	NA	NA	NA	NA	23791755	23791867	23793558	23793688	NA	NA	NA	NA	NA	NA	NA	23791755	23793688	0,6,6,0,4,0	0,1,5,0,1,1	0,0,6,0,3,1	6,25,27,3,2,18	NA	NA	NA	NA	NA
213	ENSG00000099956.20	SMARCB1	chr22	+	NA	NA	NA	NA	NA	NA	213	18,4,15	0,0,0	2,14,4	0,2,8	2308	149	5.24602694618e-9	1.503207347382045e-7	1.0,1.0,1.0	1.0,0.311,0.031	0.553	NA	NA	NA	NA	RI	chr22|+|23800943|23803422|23800943|23801135|23803294|23803422	1.503207347382045e-7	0.553	1	0.4473333333333333	67	NA	NA	NA	NA	23800943	23801135	23803294	23803422	NA	NA	NA	NA	NA	NA	NA	23800943	23803422	6,0,0,0,4,0	12,0,12,0,3,1	0,4,3,2,7,3	0,0,0,0,2,8	NA	NA	NA	NA	NA	213	chr22	+	NA	NA	NA	NA	NA	NA	213	14,20,18	0,0,0	1,5,3	0,2,0	2308	149	0.328009191541	0.5447875433762649	1.0,1.0,1.0	1.0,0.139,1.0	0.287	NA	NA	NA	NA	0.5447875433762649	0.287	1	0.713	63	NA	NA	NA	NA	23800943	23801135	23803294	23803422	NA	NA	NA	NA	NA	NA	NA	23800943	23803422	11,2,0,0,0,0	0,12,10,0,2,1	3,6,8,1,3,2	0,0,0,0,2,0	NA	NA	NA	NA	NA
215	ENSG00000161179.14	YDJC	chr22	-	NA	NA	NA	NA	NA	NA	215	230,175,138	5,6,14	55,52,86	11,13,24	269	149	8.32399149608e-10	2.8837692572860202e-8	0.962,0.942,0.845	0.735,0.689,0.665	0.22	NA	NA	NA	NA	RI	chr22|-|21629009|21629407|21629009|21629187|21629307|21629407	2.8837692572860202e-8	0.22	0.9163333333333333	0.6963333333333334	809	NA	NA	NA	NA	21629009	21629187	21629307	21629407	NA	NA	NA	NA	NA	NA	NA	21629009	21629407	87,64,65,25,22,53	144,99,81,31,36,33	0,14,0,0,0,0	5,6,14,11,13,24	NA	NA	NA	NA	NA	215	chr22	-	NA	NA	NA	NA	NA	NA	215	83,151,209	2,7,35	39,117,77	1,13,25	269	149	0.188456859065	0.36223065043781866	0.958,0.923,0.768	0.956,0.833,0.63	0.077	NA	NA	NA	NA	0.36223065043781866	0.077	0.883	0.8063333333333333	759	NA	NA	NA	NA	21629009	21629187	21629307	21629407	NA	NA	NA	NA	NA	NA	NA	21629009	21629407	46,30,115,15,73,42	44,121,84,28,50,39	0,0,10,0,0,0	2,7,35,1,13,25	NA	NA	NA	NA	NA
222	ENSG00000206140.12	TMEM191C	chr22	+	NA	NA	NA	NA	NA	NA	222	11,11,12	0,0,0	6,12,6	1,0,6	419	149	2.04952107548e-4	0.00148905962498144	1.0,1.0,1.0	0.681,1.0,0.262	0.352	NA	NA	NA	NA	RI	chr22|+|21468943|21469346|21468943|21469003|21469273|21469346	0.00148905962498144	0.352	1	0.6476666666666667	65	NA	NA	NA	NA	21468943	21469003	21469273	21469346	NA	NA	NA	NA	NA	NA	NA	21468943	21469346	7,4,12,4,12,4	2,3,0,0,0,0	2,4,0,2,0,2	0,0,0,1,0,6	NA	NA	NA	NA	NA	222	chr22	+	NA	NA	NA	NA	NA	NA	222	0,13,11	0,3,1	9,7,2	0,0,2	419	149	1	1	NA,0.606,0.796	1.0,1.0,0.262	-0.053	NA	NA	NA	NA	1	-0.053	0.7010000000000001	0.754	48	NA	NA	NA	NA	21468943	21469003	21469273	21469346	NA	NA	NA	NA	NA	NA	NA	21468943	21469346	0,10,10,9,6,2	0,0,1,0,0,0	0,3,0,0,1,0	0,3,1,0,0,2	NA	NA	NA	NA	NA
244	ENSG00000205581.11	HMGN1	chr21	-	NA	NA	NA	NA	NA	NA	244	158,178,253	174,155,224	154,137,140	247,231,264	242	149	2.9382164779e-7	5.2836197778541935e-6	0.359,0.414,0.41	0.277,0.267,0.246	0.131	NA	NA	NA	NA	RI	chr21|-|39348421|39348577|39348421|39348451|39348544|39348577	5.2836197778541935e-6	0.131	0.3943333333333333	0.26333333333333336	2315	NA	NA	NA	NA	39348421	39348451	39348544	39348577	NA	NA	NA	NA	NA	NA	NA	39348421	39348577	100,121,184,107,98,101	67,77,85,68,50,67	0,0,0,0,0,0	174,155,224,247,231,264	NA	NA	NA	NA	NA	244	chr21	-	NA	NA	NA	NA	NA	NA	244	175,127,193	139,246,255	168,136,109	184,172,240	242	149	0.523102318725	0.7576133183150591	0.437,0.241,0.318	0.36,0.327,0.219	0.03	NA	NA	NA	NA	0.7576133183150591	0.03	0.332	0.302	2144	NA	NA	NA	NA	39348421	39348451	39348544	39348577	NA	NA	NA	NA	NA	NA	NA	39348421	39348577	96,84,134,110,84,83	88,51,73,92,74,36	0,0,0,0,0,0	139,246,255,184,172,240	NA	NA	NA	NA	NA
247	ENSG00000182944.18	EWSR1	chr22	+	NA	NA	NA	NA	NA	NA	247	848,972,773	70,80,159	682,715,716	88,173,149	448	149	0.0145184227018	0.0478652275711129	0.801,0.802,0.618	0.72,0.579,0.615	0.102	NA	NA	NA	NA	RI	chr22|+|29298732|29299280|29298732|29298895|29299194|29299280	0.0478652275711129	0.102	0.7403333333333334	0.638	5425	NA	NA	NA	NA	29298732	29298895	29299194	29299280	NA	NA	NA	NA	NA	NA	NA	29298732	29299280	229,222,145,164,193,151	314,520,397,267,243,298	305,230,231,251,279,267	70,80,159,88,173,149	NA	NA	NA	NA	NA	247	chr22	+	NA	NA	NA	NA	NA	NA	247	501,741,911	93,47,167	563,756,615	155,104,164	448	149	0.0321679200673	0.09066595972294982	0.642,0.84,0.645	0.547,0.707,0.555	0.106	NA	NA	NA	NA	0.09066595972294982	0.106	0.709	0.603	4817	NA	NA	NA	NA	29298732	29298895	29299194	29299280	NA	NA	NA	NA	NA	NA	NA	29298732	29299280	148,166,208,136,194,135	213,337,377,268,313,254	140,238,326,159,249,226	93,47,167,155,104,164	NA	NA	NA	NA	NA
264	ENSG00000203896.10	LIME1	chr20	+	NA	NA	NA	NA	NA	NA	264	95,99,143	60,17,26	51,61,50	35,35,25	219	149	0.0129381695764	0.0437599866753915	0.519,0.798,0.789	0.498,0.542,0.576	0.163	NA	NA	NA	NA	RI	chr20|+|63737820|63738060|63737820|63737902|63737972|63738060	0.0437599866753915	0.163	0.7020000000000001	0.5386666666666666	697	NA	NA	NA	NA	63737820	63737902	63737972	63738060	NA	NA	NA	NA	NA	NA	NA	63737820	63738060	53,46,82,23,36,41	63,78,86,34,40,29	0,0,0,0,2,0	60,17,26,35,35,25	NA	NA	NA	NA	NA	264	chr20	+	NA	NA	NA	NA	NA	NA	264	136,97,113	28,49,34	42,64,52	31,15,36	219	149	0.147043546812	0.2982968816286328	0.768,0.574,0.693	0.48,0.744,0.496	0.105	NA	NA	NA	NA	0.2982968816286328	0.105	0.6783333333333333	0.5733333333333334	697	NA	NA	NA	NA	63737820	63737902	63737972	63738060	NA	NA	NA	NA	NA	NA	NA	63737820	63738060	74,56,78,26,39,39	86,68,65,20,56,29	0,0,0,2,0,0	28,49,34,31,15,36	NA	NA	NA	NA	NA
273	ENSG00000130589.16	HELZ2	chr20	-	NA	NA	NA	NA	NA	NA	273	102,112,90	6,6,8	77,77,96	32,34,41	1388	149	1.30340183091e-13	9.867234601407556e-12	0.646,0.667,0.547	0.205,0.196,0.201	0.419	NA	NA	NA	NA	RI	chr20|-|63570684|63573221|63570684|63570868|63572107|63573221	9.867234601407556e-12	0.419	0.62	0.20066666666666666	681	NA	NA	NA	NA	63570684	63570868	63572107	63573221	NA	NA	NA	NA	NA	NA	NA	63570684	63573221	35,68,36,35,33,54	1,23,13,14,7,2	66,21,41,28,37,40	6,6,8,32,34,41	NA	NA	NA	NA	NA	273	chr20	-	NA	NA	NA	NA	NA	NA	273	108,106,121	45,2,41	79,54,104	34,35,26	1388	149	0.115790490626	0.2490175709593286	0.205,0.851,0.241	0.2,0.142,0.3	0.218	NA	NA	NA	NA	0.2490175709593286	0.218	0.43233333333333335	0.214	755	NA	NA	NA	NA	63570684	63570868	63572107	63573221	NA	NA	NA	NA	NA	NA	NA	63570684	63573221	84,43,43,39,18,56	13,37,35,16,2,17	11,26,43,24,34,31	45,2,41,34,35,26	NA	NA	NA	NA	NA
284	ENSG00000101160.15	CTSZ	chr20	-	NA	NA	NA	NA	NA	NA	284	370,397,285	97,198,105	69,159,156	96,109,102	950	149	4.07744253805e-7	7.1778973677840685e-6	0.374,0.239,0.299	0.101,0.186,0.193	0.144	NA	NA	NA	NA	RI	chr20|-|58996638|58997753|58996638|58996801|58997602|58997753	7.1778973677840685e-6	0.144	0.304	0.16	2143	NA	NA	NA	NA	58996638	58996801	58997602	58997753	NA	NA	NA	NA	NA	NA	NA	58996638	58997753	102,159,81,17,75,58	70,43,22,18,10,26	198,195,182,34,74,72	97,198,105,96,109,102	NA	NA	NA	NA	NA	284	chr20	-	NA	NA	NA	NA	NA	NA	284	290,300,324	120,162,201	54,183,156	65,68,46	950	149	0.859705466004	1	0.275,0.225,0.202	0.115,0.297,0.347	-0.019	NA	NA	NA	NA	1	-0.019	0.234	0.253	1969	NA	NA	NA	NA	58996638	58996801	58997602	58997753	NA	NA	NA	NA	NA	NA	NA	58996638	58997753	78,60,90,2,71,21	88,84,51,5,20,88	124,156,183,47,92,47	120,162,201,65,68,46	NA	NA	NA	NA	NA
295	ENSG00000064601.21	CTSA	chr20	+	NA	NA	NA	NA	NA	NA	295	110,150,106	109,100,132	36,24,52	70,114,90	302	149	9.70209574347e-7	1.5065526843384242e-5	0.332,0.425,0.284	0.202,0.094,0.222	0.174	NA	NA	NA	NA	RI	chr20|+|45891568|45892027|45891568|45891762|45891915|45892027	1.5065526843384242e-5	0.174	0.347	0.17266666666666666	1093	NA	NA	NA	NA	45891568	45891762	45891915	45892027	NA	NA	NA	NA	NA	NA	NA	45891568	45892027	40,52,28,7,12,17	58,90,78,23,12,35	12,8,0,6,0,0	109,100,132,70,114,90	NA	NA	NA	NA	NA	295	chr20	+	NA	NA	NA	NA	NA	NA	295	62,85,73	105,166,95	42,55,38	56,85,76	302	149	0.906852180204	1	0.226,0.202,0.275	0.27,0.242,0.198	-0.002	NA	NA	NA	NA	1	-0.002	0.23433333333333334	0.23666666666666666	938	NA	NA	NA	NA	45891568	45891762	45891915	45892027	NA	NA	NA	NA	NA	NA	NA	45891568	45892027	11,25,27,26,13,14	51,60,42,14,42,24	0,0,4,2,0,0	105,166,95,56,85,76	NA	NA	NA	NA	NA
310	ENSG00000064601.21	CTSA	chr20	+	NA	NA	NA	NA	NA	NA	310	726,781,782	302,346,455	222,273,348	185,245,248	347	149	1.06252373722e-6	1.6101146175368593e-5	0.508,0.492,0.425	0.34,0.324,0.376	0.128	NA	NA	NA	NA	RI	chr20|+|45894993|45898109|45894993|45897806|45898004|45898109	1.6101146175368593e-5	0.128	0.475	0.3466666666666667	4913	NA	NA	NA	NA	45894993	45897806	45898004	45898109	NA	NA	NA	NA	NA	NA	NA	45894993	45898109	338,341,398,73,144,103	252,315,273,91,96,131	136,125,111,58,33,114	302,346,455,185,245,248	NA	NA	NA	NA	NA	310	chr20	+	NA	NA	NA	NA	NA	NA	310	545,874,910	355,470,525	289,304,285	195,281,292	347	149	3.85853643837e-4	0.00238178683525166	0.397,0.444,0.427	0.389,0.317,0.295	0.089	NA	NA	NA	NA	0.00238178683525166	0.089	0.4226666666666667	0.33366666666666667	5325	NA	NA	NA	NA	45894993	45897806	45898004	45898109	NA	NA	NA	NA	NA	NA	NA	45894993	45898109	255,428,474,116,153,137	227,305,333,118,103,113	63,141,103,55,48,35	355,470,525,195,281,292	NA	NA	NA	NA	NA
454	ENSG00000069399.15	BCL3	chr19	+	NA	NA	NA	NA	NA	NA	454	56,69,55	1,0,4	29,28,63	9,2,6	459	149	6.30096961618e-4	0.00381793929707665	0.948,1.0,0.817	0.511,0.82,0.773	0.22	NA	NA	NA	NA	RI	chr19|+|44758245|44758841|44758245|44758413|44758723|44758841	0.00381793929707665	0.22	0.9216666666666666	0.7013333333333334	322	NA	NA	NA	NA	44758245	44758413	44758723	44758841	NA	NA	NA	NA	NA	NA	NA	44758245	44758841	7,20,9,0,7,22	14,4,13,5,7,7	35,45,33,24,14,34	1,0,4,9,2,6	NA	NA	NA	NA	NA	454	chr19	+	NA	NA	NA	NA	NA	NA	454	6,64,87	24,11,15	23,16,31	19,2,14	459	149	0.912736346918	1	0.075,0.654,0.653	0.282,0.722,0.418	-0.013	NA	NA	NA	NA	1	-0.013	0.46066666666666667	0.474	312	NA	NA	NA	NA	44758245	44758413	44758723	44758841	NA	NA	NA	NA	NA	NA	NA	44758245	44758841	0,17,23,2,6,2	4,15,16,14,2,2	2,32,48,7,8,27	24,11,15,19,2,14	NA	NA	NA	NA	NA
458	ENSG00000167380.17	ZNF226	chr19	+	NA	NA	NA	NA	NA	NA	458	47,112,64	0,1,7	55,24,35	6,0,11	292	149	0.0105540386914	0.03730107507531113	1.0,0.983,0.823	0.824,1.0,0.619	0.121	NA	NA	NA	NA	RI	chr19|+|44165587|44165807|44165587|44165613|44165756|44165807	0.03730107507531113	0.121	0.93533333333333335	0.8143333333333334	362	NA	NA	NA	NA	44165587	44165613	44165756	44165807	NA	NA	NA	NA	NA	NA	NA	44165587	44165807	12,71,37,26,12,23	23,45,27,32,12,12	12,0,0,0,0,0	0,1,7,6,0,11	NA	NA	NA	NA	NA	458	chr19	+	NA	NA	NA	NA	NA	NA	458	82,45,47	4,2,21	28,17,14	0,6,15	292	149	0.32931014707	0.5457588660820052	0.913,0.92,0.533	1.0,0.591,0.323	0.151	NA	NA	NA	NA	0.5457588660820052	0.151	0.7886666666666667	0.638	281	NA	NA	NA	NA	44165587	44165613	44165756	44165807	NA	NA	NA	NA	NA	NA	NA	44165587	44165807	61,25,32,18,17,5	21,24,15,10,0,9	0,0,0,0,0,0	4,2,21,0,6,15	NA	NA	NA	NA	NA
475	ENSG00000105223.21	PLD3	chr19	+	NA	NA	NA	NA	NA	NA	475	31,56,21	12,21,2	4,12,8	17,6,20	929	149	4.05408450574e-5	3.7271151097103e-4	0.293,0.3,0.627	0.036,0.243,0.06	0.294	NA	NA	NA	NA	RI	chr19|+|40366772|40367879|40366772|40366915|40367695|40367879	3.7271151097103e-4	0.294	0.4066666666666667	0.113	210	NA	NA	NA	NA	40366772	40366915	40367695	40367879	NA	NA	NA	NA	NA	NA	NA	40366772	40367879	11,10,9,0,1,0	15,6,10,1,5,0	5,40,2,3,6,8	12,21,2,17,6,20	NA	NA	NA	NA	NA	475	chr19	+	NA	NA	NA	NA	NA	NA	475	51,25,50	14,13,29	38,14,16	21,15,7	929	149	0.190543632884	0.3651834335088784	0.369,0.236,0.217	0.225,0.13,0.268	0.066	NA	NA	NA	NA	0.3651834335088784	0.066	0.274	0.20766666666666667	293	NA	NA	NA	NA	40366772	40366915	40367695	40367879	NA	NA	NA	NA	NA	NA	NA	40366772	40367879	8,10,13,19,6,2	0,3,16,0,5,0	43,12,21,19,3,14	14,13,29,21,15,7	NA	NA	NA	NA	NA
490	ENSG00000104823.9	ECH1	chr19	-	NA	NA	NA	NA	NA	NA	490	5,22,10	79,36,58	0,3,0	15,17,14	235	149	5.77532241273e-4	0.00356639245064052	0.039,0.279,0.099	0.0,0.101,0.0	0.105	NA	NA	NA	NA	RI	chr19|-|38817315|38817575|38817315|38817364|38817450|38817575	0.00356639245064052	0.105	0.139	0.033666666666666664	259	NA	NA	NA	NA	38817315	38817364	38817450	38817575	NA	NA	NA	NA	NA	NA	NA	38817315	38817575	3,22,5,0,3,0	3,5,7,0,0,0	0,0,0,0,0,0	79,36,58,15,17,14	NA	NA	NA	NA	NA	490	chr19	-	NA	NA	NA	NA	NA	NA	490	0,20,2	35,51,44	2,10,2	12,9,9	235	149	0.0709225714501	0.17077408651800396	0.0,0.199,0.028	0.096,0.413,0.123	-0.135	NA	NA	NA	NA	0.17077408651800396	-0.135	0.07566666666666667	0.21066666666666667	196	NA	NA	NA	NA	38817315	38817364	38817450	38817575	NA	NA	NA	NA	NA	NA	NA	38817315	38817575	0,1,2,2,10,2	0,19,1,2,0,2	0,0,0,0,0,0	35,51,44,12,9,9	NA	NA	NA	NA	NA
497	ENSG00000075702.19	WDR62	chr19	+	NA	NA	NA	NA	NA	NA	497	366,476,450	75,69,43	135,280,173	81,80,117	495	149	1.30402382115e-7	2.5547201505724603e-6	0.595,0.675,0.759	0.334,0.513,0.308	0.291	NA	NA	NA	NA	RI	chr19|+|36101213|36102851|36101213|36101317|36101663|36102851	2.5547201505724603e-6	0.291	0.6763333333333333	0.385	2345	NA	NA	NA	NA	36101213	36101317	36101663	36102851	NA	NA	NA	NA	NA	NA	NA	36101213	36102851	142,209,211,69,117,70	106,112,78,27,63,39	118,155,161,39,100,64	75,69,43,81,80,117	NA	NA	NA	NA	NA	497	chr19	+	NA	NA	NA	NA	NA	NA	497	310,437,313	78,39,137	183,190,171	76,68,84	495	149	0.0282553925645	0.08148725677985458	0.545,0.771,0.407	0.42,0.457,0.38	0.155	NA	NA	NA	NA	0.08148725677985458	0.155	0.5743333333333334	0.419	2086	NA	NA	NA	NA	36101213	36101317	36101663	36102851	NA	NA	NA	NA	NA	NA	NA	36101213	36102851	185,153,123,73,92,61	67,131,73,52,42,58	58,153,117,58,56,52	78,39,137,76,68,84	NA	NA	NA	NA	NA
511	ENSG00000167604.15	NFKBID	chr19	-	NA	NA	NA	NA	NA	NA	511	101,73,82	44,50,67	8,7,6	17,30,18	230	149	1.03842573429e-8	2.69814686553656e-7	0.598,0.486,0.442	0.234,0.131,0.178	0.328	NA	NA	NA	NA	RI	chr19|-|35896725|35897058|35896725|35896831|35896912|35897058	2.69814686553656e-7	0.328	0.5086666666666666	0.181	503	NA	NA	NA	NA	35896725	35896831	35896912	35897058	NA	NA	NA	NA	NA	NA	NA	35896725	35897058	64,51,45,5,7,0	54,28,46,5,0,6	0,0,0,0,0,0	44,50,67,17,30,18	NA	NA	NA	NA	NA	511	chr19	-	NA	NA	NA	NA	NA	NA	511	113,110,89	90,50,72	12,12,1	9,14,15	230	149	0.022667632374	0.06820619427333632	0.449,0.588,0.445	0.463,0.357,0.041	0.207	NA	NA	NA	NA	0.06820619427333632	0.207	0.494	0.28700000000000003	587	NA	NA	NA	NA	35896725	35896831	35896912	35897058	NA	NA	NA	NA	NA	NA	NA	35896725	35897058	63,79,62,0,2,1	53,49,42,12,12,0	0,0,0,0,0,0	90,50,72,9,14,15	NA	NA	NA	NA	NA
520	ENSG00000161265.15	U2AF1L4	chr19	-	NA	NA	NA	NA	NA	NA	520	48,28,25	0,0,0	15,13,17	10,0,2	239	149	6.65988365023e-6	7.945215280780226e-5	1.0,1.0,1.0	0.483,1.0,0.841	0.225	NA	NA	NA	NA	RI	chr19|-|35743154|35743345|35743154|35743205|35743295|35743345	7.945215280780226e-5	0.225	1	0.7746666666666666	158	NA	NA	NA	NA	35743154	35743205	35743295	35743345	NA	NA	NA	NA	NA	NA	NA	35743154	35743345	28,9,25,12,6,9	22,20,22,7,11,11	0,0,0,0,0,0	0,0,0,10,0,2	NA	NA	NA	NA	NA	520	chr19	-	NA	NA	NA	NA	NA	NA	520	20,13,10	0,1,0	5,5,42	0,0,0	239	149	1	1	1.0,0.89,1.0	1.0,1.0,1.0	-0.037	NA	NA	NA	NA	1	-0.037	0.9633333333333334	1	96	NA	NA	NA	NA	35743154	35743205	35743295	35743345	NA	NA	NA	NA	NA	NA	NA	35743154	35743345	14,12,0,4,1,35	17,6,10,5,5,32	0,0,0,0,0,0	0,1,0,0,0,0	NA	NA	NA	NA	NA
532	ENSG00000105677.12	TMEM147	chr19	+	NA	NA	NA	NA	NA	NA	532	150,249,176	46,64,58	63,71,86	28,49,64	285	149	2.97862157677e-5	2.9038008757954e-4	0.63,0.67,0.613	0.541,0.431,0.413	0.176	NA	NA	NA	NA	RI	chr19|+|35546671|35547029|35546671|35546808|35546944|35547029	2.9038008757954e-4	0.176	0.6376666666666667	0.46166666666666667	1104	NA	NA	NA	NA	35546671	35546808	35546944	35547029	NA	NA	NA	NA	NA	NA	NA	35546671	35547029	55,177,73,34,28,30	98,86,108,29,45,58	0,0,2,0,0,0	46,64,58,28,49,64	NA	NA	NA	NA	NA	532	chr19	+	NA	NA	NA	NA	NA	NA	532	126,208,260	25,69,65	76,74,67	14,33,37	285	149	0.207860382945	0.3890041864271208	0.725,0.612,0.677	0.739,0.54,0.486	0.083	NA	NA	NA	NA	0.3890041864271208	0.083	0.6713333333333333	0.5883333333333334	1054	NA	NA	NA	NA	35546671	35546808	35546944	35547029	NA	NA	NA	NA	NA	NA	NA	35546671	35547029	61,96,153,44,22,32	65,109,110,32,52,35	0,8,0,0,0,0	25,69,65,14,33,37	NA	NA	NA	NA	NA
545	ENSG00000105698.16	USF2	chr19	+	NA	NA	NA	NA	NA	NA	545	193,242,288	10,3,8	39,88,73	7,10,23	326	149	2.31714547549e-9	7.212556373454153e-8	0.898,0.974,0.943	0.718,0.801,0.592	0.235	NA	NA	NA	NA	RI	chr19|+|35278697|35279074|35278697|35278792|35278969|35279074	7.212556373454153e-8	0.235	0.9383333333333334	0.7036666666666667	984	NA	NA	NA	NA	35278697	35278792	35278969	35279074	NA	NA	NA	NA	NA	NA	NA	35278697	35279074	37,29,16,1,12,3	151,197,266,38,76,70	5,16,6,0,0,0	10,3,8,7,10,23	NA	NA	NA	NA	NA	545	chr19	+	NA	NA	NA	NA	NA	NA	545	160,225,288	11,20,17	79,106,99	4,6,1	326	149	0.0222775425273	0.06733437403521757	0.869,0.837,0.886	0.9,0.89,0.978	-0.059	NA	NA	NA	NA	0.06733437403521757	-0.059	0.864	0.9226666666666666	1016	NA	NA	NA	NA	35278697	35278792	35278969	35279074	NA	NA	NA	NA	NA	NA	NA	35278697	35279074	34,29,39,0,9,0	119,191,245,79,97,96	7,5,4,0,0,3	11,20,17,4,6,1	NA	NA	NA	NA	NA
560	ENSG00000105655.19	ISYNA1	chr19	-	NA	NA	NA	NA	NA	NA	560	6,4,10	0,0,0	32,18,45	7,3,3	248	149	1.0505012346e-5	0.00011585743831955001	1.0,1.0,1.0	0.733,0.783,0.9	0.195	NA	NA	NA	NA	RI	chr19|-|18437598|18437988|18437598|18437760|18437859|18437988	0.00011585743831955001	0.195	1	0.8053333333333333	128	NA	NA	NA	NA	18437598	18437760	18437859	18437988	NA	NA	NA	NA	NA	NA	NA	18437598	18437988	6,2,10,25,16,32	0,2,0,7,5,13	0,0,0,0,0,0	0,0,0,7,3,3	NA	NA	NA	NA	NA	560	chr19	-	NA	NA	NA	NA	NA	NA	560	0,19,6	0,4,0	33,16,14	12,0,1	248	149	1	1	NA,0.741,1.0	0.623,1.0,0.894	0.032	NA	NA	NA	NA	1	0.032	0.8705	0.839	105	NA	NA	NA	NA	18437598	18437760	18437859	18437988	NA	NA	NA	NA	NA	NA	NA	18437598	18437988	0,19,4,26,15,10	0,0,2,10,1,4	0,0,0,0,0,0	0,4,0,12,0,1	NA	NA	NA	NA	NA
561	ENSG00000105655.19	ISYNA1	chr19	-	NA	NA	NA	NA	NA	NA	561	8,12,7	0,0,0	96,22,29	8,2,8	253	149	1.02039143912e-5	1.1355790026649e-4	1.0,1.0,1.0	0.876,0.866,0.681	0.192	NA	NA	NA	NA	RI	chr19|-|18437859|18438162|18437859|18437988|18438092|18438162	1.1355790026649e-4	0.192	1	0.8076666666666666	192	NA	NA	NA	NA	18437859	18437988	18438092	18438162	NA	NA	NA	NA	NA	NA	NA	18437859	18438162	8,5,3,54,9,15	4,7,7,60,13,14	0,0,0,0,0,0	0,0,0,8,2,8	NA	NA	NA	NA	NA	561	chr19	-	NA	NA	NA	NA	NA	NA	561	10,26,12	0,0,0	33,10,36	7,0,0	253	149	0.00392198137276	0.01652815457787692	1.0,1.0,1.0	0.735,1.0,1.0	0.088	NA	NA	NA	NA	0.01652815457787692	0.088	1	0.9116666666666666	134	NA	NA	NA	NA	18437859	18437988	18438092	18438162	NA	NA	NA	NA	NA	NA	NA	18437859	18438162	3,4,5,22,6,28	7,22,7,11,4,17	0,0,0,0,0,0	0,0,0,7,0,0	NA	NA	NA	NA	NA
584	ENSG00000105135.16	ILVBL	chr19	-	NA	NA	NA	NA	NA	NA	584	925,1044,1166	94,109,98	349,371,423	37,66,114	1507	149	0.00193898924688	0.00954031252424439	0.493,0.486,0.541	0.483,0.357,0.268	0.137	NA	NA	NA	NA	RI	chr19|-|15116407|15118015|15116407|15116522|15117880|15118015	0.00954031252424439	0.137	0.5066666666666667	0.36933333333333335	4796	NA	NA	NA	NA	15116407	15116522	15117880	15118015	NA	NA	NA	NA	NA	NA	NA	15116407	15118015	92,36,114,21,22,42	45,98,97,13,5,40	788,910,955,315,344,341	94,109,98,37,66,114	NA	NA	NA	NA	NA	584	chr19	-	NA	NA	NA	NA	NA	NA	584	733,976,1096	111,116,163	228,400,542	48,56,55	1507	149	0.881620510522	1	0.395,0.454,0.399	0.32,0.414,0.494	0.007	NA	NA	NA	NA	1	0.007	0.41600000000000004	0.4093333333333333	4524	NA	NA	NA	NA	15116407	15116522	15117880	15118015	NA	NA	NA	NA	NA	NA	NA	15116407	15118015	78,69,148,15,45,42	31,67,74,18,47,40	624,840,874,195,308,460	111,116,163,48,56,55	NA	NA	NA	NA	NA
591	ENSG00000099797.15	TECR	chr19	+	NA	NA	NA	NA	NA	NA	591	203,155,231	144,119,122	76,66,98	63,97,100	239	149	0.00259270070964	0.01202605200568266	0.468,0.448,0.541	0.429,0.298,0.379	0.117	NA	NA	NA	NA	RI	chr19|+|14564785|14564992|14564785|14564858|14564948|14564992	0.01202605200568266	0.117	0.4856666666666667	0.36866666666666664	1474	NA	NA	NA	NA	14564785	14564858	14564948	14564992	NA	NA	NA	NA	NA	NA	NA	14564785	14564992	120,96,119,52,30,49	118,100,146,44,54,54	0,0,0,0,0,0	144,119,122,63,97,100	NA	NA	NA	NA	NA	591	chr19	+	NA	NA	NA	NA	NA	NA	591	108,112,148	54,130,137	42,43,77	36,71,107	239	149	0.0573780455024	0.14504228413101447	0.555,0.349,0.402	0.421,0.274,0.31	0.1	NA	NA	NA	NA	0.14504228413101447	0.1	0.43533333333333335	0.335	1065	NA	NA	NA	NA	14564785	14564858	14564948	14564992	NA	NA	NA	NA	NA	NA	NA	14564785	14564992	79,80,94,30,23,28	55,62,89,22,24,59	0,0,0,0,0,2	54,130,137,36,71,107	NA	NA	NA	NA	NA
594	ENSG00000099797.15	TECR	chr19	+	NA	NA	NA	NA	NA	NA	594	113,38,125	138,114,100	33,21,33	55,83,112	227	149	0.00912451146825	0.03312700078348667	0.35,0.18,0.451	0.283,0.142,0.162	0.131	NA	NA	NA	NA	RI	chr19|+|14565065|14565290|14565065|14565123|14565201|14565290	0.03312700078348667	0.131	0.327	0.19566666666666666	965	NA	NA	NA	NA	14565065	14565123	14565201	14565290	NA	NA	NA	NA	NA	NA	NA	14565065	14565290	17,6,46,9,9,19	99,33,89,24,12,17	0,0,0,0,0,0	138,114,100,55,83,112	NA	NA	NA	NA	NA	594	chr19	+	NA	NA	NA	NA	NA	NA	594	33,75,86	98,179,147	22,37,71	50,49,93	227	149	0.0461861341998	0.12127547204698552	0.181,0.216,0.277	0.224,0.331,0.334	-0.072	NA	NA	NA	NA	0.12127547204698552	-0.072	0.22466666666666668	0.29633333333333334	940	NA	NA	NA	NA	14565065	14565123	14565201	14565290	NA	NA	NA	NA	NA	NA	NA	14565065	14565290	6,37,23,11,18,37	27,38,68,11,22,44	0,0,0,0,0,0	98,179,147,50,49,93	NA	NA	NA	NA	NA
612	ENSG00000104889.7	RNASEH2A	chr19	+	NA	NA	NA	NA	NA	NA	612	85,106,154	33,7,30	22,52,36	9,28,53	238	149	3.36269158252e-4	0.00227092783964896	0.617,0.905,0.763	0.605,0.538,0.298	0.281	NA	NA	NA	NA	RI	chr19|+|12807205|12807506|12807205|12807329|12807418|12807506	0.00227092783964896	0.281	0.7616666666666667	0.48033333333333333	615	NA	NA	NA	NA	12807205	12807329	12807418	12807506	NA	NA	NA	NA	NA	NA	NA	12807205	12807506	59,70,119,21,40,26	34,61,57,8,30,13	0,0,0,0,0,0	33,7,30,9,28,53	NA	NA	NA	NA	NA	612	chr19	+	NA	NA	NA	NA	NA	NA	612	72,106,169	17,45,19	18,40,45	14,13,6	238	149	0.415650062435	0.6451230225881103	0.726,0.596,0.848	0.446,0.658,0.824	0.081	NA	NA	NA	NA	0.6451230225881103	0.081	0.7233333333333333	0.6426666666666667	564	NA	NA	NA	NA	12807205	12807329	12807418	12807506	NA	NA	NA	NA	NA	NA	NA	12807205	12807506	55,81,116,14,34,27	31,52,75,5,20,22	0,0,0,0,0,0	17,45,19,14,13,6	NA	NA	NA	NA	NA
661	ENSG00000172009.15	THOP1	chr19	+	NA	NA	NA	NA	NA	NA	661	715,634,649	10,46,46	322,424,423	36,60,48	583	149	4.67131209048e-6	6.005133278579321e-5	0.948,0.779,0.783	0.696,0.644,0.693	0.159	NA	NA	NA	NA	RI	chr19|+|2807441|2808444|2807441|2807808|2808242|2808444	6.005133278579321e-5	0.159	0.8366666666666667	0.6776666666666666	3413	NA	NA	NA	NA	2807441	2807808	2808242	2808444	NA	NA	NA	NA	NA	NA	NA	2807441	2808444	120,124,99,41,54,58	168,126,202,81,86,90	427,384,348,200,284,275	10,46,46,36,60,48	NA	NA	NA	NA	NA	661	chr19	+	NA	NA	NA	NA	NA	NA	661	551,595,640	19,59,94	348,436,338	38,36,62	583	149	0.181453628362	0.3518941752338208	0.881,0.72,0.635	0.701,0.756,0.582	0.066	NA	NA	NA	NA	0.3518941752338208	0.066	0.7453333333333333	0.6796666666666666	3216	NA	NA	NA	NA	2807441	2807808	2808242	2808444	NA	NA	NA	NA	NA	NA	NA	2807441	2808444	90,83,112,69,72,63	124,142,174,96,82,47	337,370,354,183,282,228	19,59,94,38,36,62	NA	NA	NA	NA	NA
666	ENSG00000104969.11	SGTA	chr19	-	NA	NA	NA	NA	NA	NA	666	693,517,674	39,42,40	256,259,349	59,43,94	1623	149	1.1102230246299998e-14	1.001159939269288e-12	0.62,0.531,0.607	0.285,0.356,0.254	0.288	NA	NA	NA	NA	RI	chr19|-|2757692|2759294|2757692|2757782|2759256|2759294	1.001159939269288e-12	0.288	0.586	0.29833333333333334	3065	NA	NA	NA	NA	2757692	2757782	2759256	2759294	NA	NA	NA	NA	NA	NA	NA	2757692	2759294	54,30,29,25,29,35	83,89,110,32,34,37	556,398,535,199,196,277	39,42,40,59,43,94	NA	NA	NA	NA	NA	666	chr19	-	NA	NA	NA	NA	NA	NA	666	603,746,613	109,75,56	290,292,348	33,36,38	1623	149	0.836977508687	1	0.337,0.477,0.501	0.447,0.427,0.457	-0.005	NA	NA	NA	NA	1	-0.005	0.43833333333333335	0.44366666666666665	3239	NA	NA	NA	NA	2757692	2757782	2759256	2759294	NA	NA	NA	NA	NA	NA	NA	2757692	2759294	49,66,28,16,24,23	97,75,75,50,41,15	457,605,510,224,227,310	109,75,56,33,36,38	NA	NA	NA	NA	NA
672	ENSG00000104886.12	PLEKHJ1	chr19	-	NA	NA	NA	NA	NA	NA	672	228,134,261	88,50,44	91,80,90	54,72,45	241	149	3.18615874987e-4	0.00216842679846868	0.616,0.624,0.786	0.51,0.407,0.553	0.185	NA	NA	NA	NA	RI	chr19|-|2233153|2234061|2233153|2233905|2233997|2234061	0.00216842679846868	0.185	0.6753333333333333	0.49	1237	NA	NA	NA	NA	2233153	2233905	2233997	2234061	NA	NA	NA	NA	NA	NA	NA	2233153	2234061	122,57,143,64,39,48	174,92,204,67,60,68	0,0,0,0,0,0	88,50,44,54,72,45	NA	NA	NA	NA	NA	672	chr19	-	NA	NA	NA	NA	NA	NA	672	198,264,214	37,86,80	115,77,136	25,48,84	241	149	0.109647563875	0.23870282560963413	0.768,0.655,0.623	0.74,0.498,0.5	0.103	NA	NA	NA	NA	0.23870282560963413	0.103	0.682	0.5793333333333334	1364	NA	NA	NA	NA	2233153	2233905	2233997	2234061	NA	NA	NA	NA	NA	NA	NA	2233153	2234061	132,155,118,37,42,56	118,180,162,103,55,107	0,0,0,0,0,0	37,86,80,25,48,84	NA	NA	NA	NA	NA
693	ENSG00000115286.21	NDUFS7	chr19	+	NA	NA	NA	NA	NA	NA	693	1245,1414,1112	64,14,17	468,792,774	28,36,26	2209	149	0.0133428253373	0.04478281607461609	0.568,0.872,0.815	0.53,0.597,0.668	0.153	NA	NA	NA	NA	RI	chr19|+|1393241|1395584|1393241|1393330|1395390|1395584	0.04478281607461609	0.153	0.7516666666666666	0.5983333333333334	5990	NA	NA	NA	NA	1393241	1393330	1395390	1395584	NA	NA	NA	NA	NA	NA	NA	1393241	1395584	121,123,108,32,44,67	43,41,23,25,23,39	1081,1250,981,411,725,668	64,14,17,28,36,26	NA	NA	NA	NA	NA	693	chr19	+	NA	NA	NA	NA	NA	NA	693	1020,1450,1359	35,35,27	375,628,702	14,18,49	2209	149	0.0227641248595	0.06836029339956266	0.663,0.736,0.772	0.644,0.702,0.491	0.111	NA	NA	NA	NA	0.06836029339956266	0.111	0.7236666666666667	0.6123333333333333	5712	NA	NA	NA	NA	1393241	1393330	1395390	1395584	NA	NA	NA	NA	NA	NA	NA	1393241	1395584	153,138,119,30,45,76	45,38,43,5,3,4	822,1274,1197,340,580,622	35,35,27,14,18,49	NA	NA	NA	NA	NA
696	ENSG00000118046.17	STK11	chr19	+	NA	NA	NA	NA	NA	NA	696	230,226,189	22,84,42	90,108,121	42,59,50	757	149	0.0033818019513	0.01501608223415756	0.673,0.346,0.47	0.297,0.265,0.323	0.201	NA	NA	NA	NA	RI	chr19|+|1221212|1222006|1221212|1221340|1221948|1222006	0.01501608223415756	0.201	0.49633333333333335	0.295	1263	NA	NA	NA	NA	1221212	1221340	1221948	1222006	NA	NA	NA	NA	NA	NA	NA	1221212	1222006	69,37,87,28,21,17	26,31,31,10,23,6	135,158,71,52,64,98	22,84,42,42,59,50	NA	NA	NA	NA	NA	696	chr19	+	NA	NA	NA	NA	NA	NA	696	156,354,206	52,60,62	136,145,80	37,59,44	757	149	0.0480089819094	0.12486056922948605	0.371,0.537,0.395	0.42,0.326,0.264	0.098	NA	NA	NA	NA	0.12486056922948605	0.098	0.43433333333333335	0.33666666666666667	1391	NA	NA	NA	NA	1221212	1221340	1221948	1222006	NA	NA	NA	NA	NA	NA	NA	1221212	1222006	71,41,56,37,17,20	29,60,16,8,29,9	56,253,134,91,99,51	52,60,62,37,59,44	NA	NA	NA	NA	NA
711	ENSG00000083838.17	ZNF446	chr19	+	NA	NA	NA	NA	NA	NA	711	14,2,15	2,0,2	19,10,14	7,17,3	351	149	0.00587286095374	0.02311449510162623	0.748,1.0,0.761	0.535,0.2,0.665	0.37	NA	NA	NA	NA	RI	chr19|+|58479642|58480019|58479642|58479727|58479929|58480019	0.02311449510162623	0.37	0.8363333333333334	0.4666666666666667	105	NA	NA	NA	NA	58479642	58479727	58479929	58480019	NA	NA	NA	NA	NA	NA	NA	58479642	58480019	14,1,3,11,1,2	0,1,12,6,9,10	0,0,0,2,0,2	2,0,2,7,17,3	NA	NA	NA	NA	NA	711	chr19	+	NA	NA	NA	NA	NA	NA	711	16,38,47	0,6,14	9,13,26	0,5,7	351	149	0.705380999766	0.9111862796977273	1.0,0.729,0.588	1.0,0.525,0.612	0.06	NA	NA	NA	NA	0.9111862796977273	0.06	0.7723333333333333	0.7123333333333334	181	NA	NA	NA	NA	58479642	58479727	58479929	58480019	NA	NA	NA	NA	NA	NA	NA	58479642	58480019	7,5,24,1,1,3	4,26,9,8,3,5	5,7,14,0,9,18	0,6,14,0,5,7	NA	NA	NA	NA	NA
713	ENSG00000213024.13	NUP62	chr19	-	NA	NA	NA	NA	NA	NA	713	625,561,628	3,0,8	380,502,616	18,17,0	1659	149	0.00236820086806	0.01124849552513084	0.949,1.0,0.876	0.655,0.726,1.0	0.148	NA	NA	NA	NA	RI	chr19|-|49927693|49929504|49927693|49927815|49929325|49929504	0.01124849552513084	0.148	0.9416666666666667	0.7936666666666666	3358	NA	NA	NA	NA	49927693	49927815	49929325	49929504	NA	NA	NA	NA	NA	NA	NA	49927693	49929504	90,35,80,75,51,89	88,84,67,61,77,70	447,442,481,244,374,457	3,0,8,18,17,0	NA	NA	NA	NA	NA	713	chr19	-	NA	NA	NA	NA	NA	NA	713	542,584,756	4,13,3	514,477,534	0,7,4	1659	149	0.241537543876	0.4343791624381072	0.924,0.801,0.958	1.0,0.86,0.923	-0.033	NA	NA	NA	NA	0.4343791624381072	-0.033	0.8943333333333333	0.9276666666666666	3438	NA	NA	NA	NA	49927693	49927815	49929325	49929504	NA	NA	NA	NA	NA	NA	NA	49927693	49929504	80,75,133,71,79,61	67,59,90,81,70,63	395,450,533,362,328,410	4,13,3,0,7,4	NA	NA	NA	NA	NA
756	ENSG00000169733.12	RFNG	chr17	-	NA	NA	NA	NA	NA	NA	756	1376,1582,1472	44,35,56	500,706,703	41,58,55	544	149	2.88994383979e-11	1.3126767130068355e-9	0.895,0.925,0.878	0.77,0.769,0.778	0.127	NA	NA	NA	NA	RI	chr17|-|82049676|82050555|82049676|82050006|82050401|82050555	1.3126767130068355e-9	0.127	0.8993333333333333	0.7723333333333333	6628	NA	NA	NA	NA	82049676	82050006	82050401	82050555	NA	NA	NA	NA	NA	NA	NA	82049676	82050555	298,366,342,119,201,158	606,668,580,218,246,268	472,548,550,163,259,277	44,35,56,41,58,55	NA	NA	NA	NA	NA	756	chr17	-	NA	NA	NA	NA	NA	NA	756	1038,1477,1639	41,34,68	446,786,710	16,41,36	544	149	0.0507491592882	0.13091592180326347	0.874,0.922,0.868	0.884,0.84,0.844	0.032	NA	NA	NA	NA	0.13091592180326347	0.032	0.888	0.856	6332	NA	NA	NA	NA	82049676	82050006	82050401	82050555	NA	NA	NA	NA	NA	NA	NA	82049676	82050555	247,361,334,111,193,177	393,657,665,183,351,260	398,459,640,152,242,273	41,34,68,16,41,36	NA	NA	NA	NA	NA
770	ENSG00000187531.14	SIRT7	chr17	-	NA	NA	NA	NA	NA	NA	770	161,258,244	54,37,31	145,147,187	38,83,68	222	149	0.00171482327968	0.00859092839133804	0.667,0.824,0.841	0.719,0.543,0.649	0.14	NA	NA	NA	NA	RI	chr17|-|81914293|81914702|81914293|81914530|81914603|81914702	0.00859092839133804	0.14	0.7773333333333333	0.637	1453	NA	NA	NA	NA	81914293	81914530	81914603	81914702	NA	NA	NA	NA	NA	NA	NA	81914293	81914702	131,157,137,102,115,140	72,149,150,81,63,99	0,0,0,0,0,0	54,37,31,38,83,68	NA	NA	NA	NA	NA	770	chr17	-	NA	NA	NA	NA	NA	NA	770	166,279,270	65,37,66	187,165,133	31,28,60	222	149	0.985939043972	1	0.632,0.835,0.733	0.802,0.798,0.598	0.001	NA	NA	NA	NA	1	0.001	0.7333333333333333	0.7326666666666667	1487	NA	NA	NA	NA	81914293	81914530	81914603	81914702	NA	NA	NA	NA	NA	NA	NA	81914293	81914702	133,201,204,120,90,106	91,172,123,120,98,71	0,0,0,0,0,0	65,37,66,31,28,60	NA	NA	NA	NA	NA
772	ENSG00000187531.14	SIRT7	chr17	-	NA	NA	NA	NA	NA	NA	772	621,818,768	94,141,105	339,311,375	134,114,107	886	149	4.13680201206e-12	2.3060790852683562e-10	0.526,0.494,0.552	0.298,0.314,0.371	0.196	NA	NA	NA	NA	RI	chr17|-|81914293|81915512|81914293|81914702|81915439|81915512	2.3060790852683562e-10	0.196	0.524	0.32766666666666666	3927	NA	NA	NA	NA	81914293	81914702	81915439	81915512	NA	NA	NA	NA	NA	NA	NA	81914293	81915512	87,164,137,38,51,77	98,133,201,67,60,74	436,521,430,234,200,224	94,141,105,134,114,107	NA	NA	NA	NA	NA	772	chr17	-	NA	NA	NA	NA	NA	NA	772	513,621,774	88,112,132	302,359,446	86,80,84	886	149	0.0410804631495	0.11021226205595838	0.495,0.483,0.496	0.371,0.43,0.472	0.067	NA	NA	NA	NA	0.11021226205595838	0.067	0.49133333333333334	0.42433333333333334	3597	NA	NA	NA	NA	81914293	81914702	81915439	81915512	NA	NA	NA	NA	NA	NA	NA	81914293	81915512	96,87,127,90,62,41	71,139,164,32,85,102	346,395,483,180,212,303	88,112,132,86,80,84	NA	NA	NA	NA	NA
775	ENSG00000134440.12	NARS1	chr18	-	NA	NA	NA	NA	NA	NA	775	379,409,489	104,72,115	175,236,348	51,96,119	474	149	0.0022063627282	0.01056985644478312	0.534,0.641,0.572	0.519,0.436,0.479	0.104	NA	NA	NA	NA	RI	chr18|-|57602354|57602943|57602354|57602486|57602811|57602943	0.01056985644478312	0.104	0.5823333333333334	0.478	2593	NA	NA	NA	NA	57602354	57602486	57602811	57602943	NA	NA	NA	NA	NA	NA	NA	57602354	57602943	168,183,194,61,99,158	113,97,99,50,51,56	98,129,196,64,86,134	104,72,115,51,96,119	NA	NA	NA	NA	NA	775	chr18	-	NA	NA	NA	NA	NA	NA	775	260,385,533	79,94,121	179,336,286	68,28,95	474	149	0.68604085259	0.895783937035894	0.508,0.563,0.581	0.453,0.79,0.486	-0.026	NA	NA	NA	NA	0.895783937035894	-0.026	0.5506666666666666	0.5763333333333334	2464	NA	NA	NA	NA	57602354	57602486	57602811	57602943	NA	NA	NA	NA	NA	NA	NA	57602354	57602943	101,140,243,89,116,124	68,87,100,50,77,44	91,158,190,40,143,118	79,94,121,68,28,95	NA	NA	NA	NA	NA
806	ENSG00000173821.20	RNF213	chr17	+	NA	NA	NA	NA	NA	NA	806	348,285,324	9,1,15	290,345,400	18,34,36	1400	149	4.03111324956e-5	3.7227088021539e-4	0.805,0.968,0.697	0.632,0.519,0.542	0.259	NA	NA	NA	NA	RI	chr17|+|80381546|80383070|80381546|80381727|80382978|80383070	3.7227088021539e-4	0.259	0.8233333333333334	0.5643333333333334	2105	NA	NA	NA	NA	80381546	80381727	80382978	80383070	NA	NA	NA	NA	NA	NA	NA	80381546	80383070	14,25,22,42,16,36	35,40,40,20,34,60	299,220,262,228,295,304	9,1,15,18,34,36	NA	NA	NA	NA	NA	806	chr17	+	NA	NA	NA	NA	NA	NA	806	163,229,434	0,20,17	243,315,361	17,16,16	1400	149	0.283171876962	0.48943187320364	1.0,0.549,0.731	0.603,0.677,0.706	0.098	NA	NA	NA	NA	0.48943187320364	0.098	0.76	0.662	1831	NA	NA	NA	NA	80381546	80381727	80382978	80383070	NA	NA	NA	NA	NA	NA	NA	80381546	80383070	12,15,28,21,21,24	11,13,37,23,26,62	140,201,369,199,268,275	0,20,17,17,16,16	NA	NA	NA	NA	NA
819	ENSG00000261408.7	TEN1-CDK3	chr17	+	NA	NA	NA	NA	NA	NA	819	373,402,329	72,72,37	182,178,208	63,48,49	731	149	0.00127538714619	0.00674777737742629	0.514,0.532,0.644	0.371,0.43,0.464	0.142	NA	NA	NA	NA	RI	chr17|+|76002510|76003398|76002510|76002612|76003194|76003398	0.00674777737742629	0.142	0.5633333333333334	0.4216666666666667	2013	NA	NA	NA	NA	76002510	76002612	76003194	76003398	NA	NA	NA	NA	NA	NA	NA	76002510	76003398	60,80,46,15,23,42	82,55,143,51,33,49	231,267,140,116,122,117	72,72,37,63,48,49	NA	NA	NA	NA	NA	819	chr17	+	NA	NA	NA	NA	NA	NA	819	203,376,363	50,22,51	215,203,123	63,38,27	731	149	0.0407232909278	0.10954474561825576	0.453,0.777,0.592	0.41,0.521,0.481	0.137	NA	NA	NA	NA	0.10954474561825576	0.137	0.6073333333333333	0.4706666666666667	1734	NA	NA	NA	NA	76002510	76002612	76003194	76003398	NA	NA	NA	NA	NA	NA	NA	76002510	76003398	45,65,53,31,31,19	38,118,112,51,58,27	120,193,198,133,114,77	50,22,51,63,38,27	NA	NA	NA	NA	NA
834	ENSG00000177728.17	TMEM94	chr17	+	NA	NA	NA	NA	NA	NA	834	84,63,68	28,24,45	44,59,60	52,48,41	440	149	0.00316303412262	0.01425108393821149	0.504,0.471,0.339	0.223,0.294,0.331	0.155	NA	NA	NA	NA	RI	chr17|+|75485870|75486426|75485870|75485998|75486289|75486426	0.01425108393821149	0.155	0.438	0.2826666666666667	616	NA	NA	NA	NA	75485870	75485998	75486289	75486426	NA	NA	NA	NA	NA	NA	NA	75485870	75486426	59,20,32,2,8,18	21,32,16,33,32,34	4,11,20,9,19,8	28,24,45,52,48,41	NA	NA	NA	NA	NA	834	chr17	+	NA	NA	NA	NA	NA	NA	834	107,115,60	10,40,31	49,35,40	19,25,27	440	149	0.0406343790679	0.1093542848444956	0.784,0.493,0.396	0.466,0.322,0.334	0.184	NA	NA	NA	NA	0.1093542848444956	0.184	0.5576666666666666	0.374	558	NA	NA	NA	NA	75485870	75485998	75486289	75486426	NA	NA	NA	NA	NA	NA	NA	75485870	75486426	32,65,16,24,17,3	42,37,37,5,6,34	33,13,7,20,12,3	10,40,31,19,25,27	NA	NA	NA	NA	NA
836	ENSG00000177728.17	TMEM94	chr17	+	NA	NA	NA	NA	NA	NA	836	105,124,144	141,188,144	43,30,48	106,193,148	239	149	1.13039466676e-10	4.715360609913143e-9	0.317,0.291,0.384	0.202,0.088,0.168	0.178	NA	NA	NA	NA	RI	chr17|+|75498443|75498722|75498443|75498538|75498628|75498722	4.715360609913143e-9	0.178	0.33066666666666666	0.15266666666666667	1414	NA	NA	NA	NA	75498443	75498538	75498628	75498722	NA	NA	NA	NA	NA	NA	NA	75498443	75498722	44,42,60,37,20,39	68,92,115,16,18,23	0,0,0,0,0,0	141,188,144,106,193,148	NA	NA	NA	NA	NA	836	chr17	+	NA	NA	NA	NA	NA	NA	836	121,183,168	124,155,163	37,63,84	40,89,103	239	149	0.041309442014	0.1107760747435817	0.378,0.424,0.391	0.366,0.306,0.337	0.061	NA	NA	NA	NA	0.1107760747435817	0.061	0.39766666666666667	0.3363333333333333	1330	NA	NA	NA	NA	75498443	75498538	75498628	75498722	NA	NA	NA	NA	NA	NA	NA	75498443	75498722	74,98,88,25,37,38	68,116,118,31,35,58	0,0,0,0,0,0	124,155,163,40,89,103	NA	NA	NA	NA	NA
848	ENSG00000196704.14	AMZ2	chr17	+	NA	NA	NA	NA	NA	NA	848	78,144,95	35,47,58	20,11,36	9,16,50	472	149	0.00478307618082	0.01972415813099411	0.413,0.492,0.341	0.412,0.178,0.185	0.157	NA	NA	NA	NA	RI	chr17|+|68250187|68250967|68250187|68250470|68250793|68250967	0.01972415813099411	0.157	0.41533333333333333	0.2583333333333333	599	NA	NA	NA	NA	68250187	68250470	68250793	68250967	NA	NA	NA	NA	NA	NA	NA	68250187	68250967	3,37,4,5,0,3	45,53,51,13,1,17	30,54,40,2,10,16	35,47,58,9,16,50	NA	NA	NA	NA	NA	848	chr17	+	NA	NA	NA	NA	NA	NA	848	55,27,74	55,31,38	11,34,26	19,38,24	472	149	0.153611080904	0.30911606717069506	0.24,0.216,0.381	0.155,0.22,0.255	0.069	NA	NA	NA	NA	0.30911606717069506	0.069	0.279	0.21	432	NA	NA	NA	NA	68250187	68250470	68250793	68250967	NA	NA	NA	NA	NA	NA	NA	68250187	68250967	4,6,29,1,8,2	24,14,25,5,10,2	27,7,20,5,16,22	55,31,38,19,38,24	NA	NA	NA	NA	NA
855	ENSG00000108604.18	SMARCD2	chr17	-	NA	NA	NA	NA	NA	NA	855	32,22,76	64,91,112	6,8,0	37,36,38	335	149	1.91879521305e-6	2.7110719461803227e-5	0.182,0.097,0.232	0.067,0.09,0.0	0.118	NA	NA	NA	NA	RI	chr17|-|63833586|63834006|63833586|63833722|63833908|63834006	2.7110719461803227e-5	0.118	0.17033333333333334	0.052333333333333336	522	NA	NA	NA	NA	63833586	63833722	63833908	63834006	NA	NA	NA	NA	NA	NA	NA	63833586	63834006	19,10,45,6,2,0	4,0,20,0,2,0	9,12,11,0,4,0	64,91,112,37,36,38	NA	NA	NA	NA	NA	855	chr17	-	NA	NA	NA	NA	NA	NA	855	17,7,16	42,77,90	0,28,29	29,36,54	335	149	0.0266269368768	0.07741938940731595	0.153,0.039,0.073	0.0,0.257,0.193	-0.062	NA	NA	NA	NA	0.07741938940731595	-0.062	0.08833333333333333	0.15	425	NA	NA	NA	NA	63833586	63833722	63833908	63834006	NA	NA	NA	NA	NA	NA	NA	63833586	63834006	3,5,16,0,13,1	0,2,0,0,15,0	14,0,0,0,0,28	42,77,90,29,36,54	NA	NA	NA	NA	NA
896	ENSG00000006025.13	OSBPL7	chr17	-	NA	NA	NA	NA	NA	NA	896	34,56,112	15,19,24	26,19,27	19,32,14	334	149	7.44776974503e-4	0.00439554610938632	0.503,0.568,0.676	0.379,0.209,0.462	0.232	NA	NA	NA	NA	RI	chr17|-|47816106|47816482|47816106|47816202|47816387|47816482	0.00439554610938632	0.232	0.5823333333333334	0.35	397	NA	NA	NA	NA	47816106	47816202	47816387	47816482	NA	NA	NA	NA	NA	NA	NA	47816106	47816482	29,47,87,16,14,25	5,0,25,10,5,2	0,9,0,0,0,0	15,19,24,19,32,14	NA	NA	NA	NA	NA	896	chr17	-	NA	NA	NA	NA	NA	NA	896	102,35,67	13,9,10	33,34,53	22,8,13	334	149	0.0241652228053	0.07162112878467085	0.778,0.634,0.749	0.401,0.655,0.645	0.153	NA	NA	NA	NA	0.07162112878467085	0.153	0.7203333333333334	0.5670000000000001	399	NA	NA	NA	NA	47816106	47816202	47816387	47816482	NA	NA	NA	NA	NA	NA	NA	47816106	47816482	70,29,44,29,32,43	4,3,19,3,2,10	28,3,4,1,0,0	13,9,10,22,8,13	NA	NA	NA	NA	NA
897	ENSG00000141279.18	NPEPPS	chr17	+	NA	NA	NA	NA	NA	NA	897	411,239,188	0,0,0	114,145,200	6,0,2	3435	149	1.97480265797e-5	2.0420724955602e-4	1.0,1.0,1.0	0.452,1.0,0.813	0.245	NA	NA	NA	NA	RI	chr17|+|47579389|47582849|47579389|47579455|47582741|47582849	2.0420724955602e-4	0.245	1	0.755	1305	NA	NA	NA	NA	47579389	47579455	47582741	47582849	NA	NA	NA	NA	NA	NA	NA	47579389	47582849	47,36,21,23,29,69	3,7,8,5,8,6	361,196,159,86,108,125	0,0,0,6,0,2	NA	NA	NA	NA	NA	897	chr17	+	NA	NA	NA	NA	NA	NA	897	269,209,247	5,0,0	96,142,204	0,0,0	3435	149	0.0482492069393	0.12543132187104292	0.7,1.0,1.0	1.0,1.0,1.0	-0.1	NA	NA	NA	NA	0.12543132187104292	-0.1	0.9	1	1172	NA	NA	NA	NA	47579389	47579455	47582741	47582849	NA	NA	NA	NA	NA	NA	NA	47579389	47582849	45,20,36,16,50,28	6,23,22,4,4,2	218,166,189,76,88,174	5,0,0,0,0,0	NA	NA	NA	NA	NA
920	ENSG00000159314.13	ARHGAP27	chr17	-	NA	NA	NA	NA	NA	NA	920	14,16,11	44,19,13	1,1,1	17,7,26	497	149	1.05380854709e-7	2.1468285750019536e-6	0.087,0.202,0.202	0.017,0.041,0.011	0.141	NA	NA	NA	NA	RI	chr17|-|45404028|45404528|45404028|45404096|45404444|45404528	2.1468285750019536e-6	0.141	0.16366666666666668	0.023	170	NA	NA	NA	NA	45404028	45404096	45404444	45404528	NA	NA	NA	NA	NA	NA	NA	45404028	45404528	12,13,6,1,1,1	1,3,2,0,0,0	1,0,3,0,0,0	44,19,13,17,7,26	NA	NA	NA	NA	NA	920	chr17	-	NA	NA	NA	NA	NA	NA	920	6,17,20	24,59,28	2,4,8	4,8,14	497	149	0.75923550264	0.954625459462782	0.07,0.08,0.176	0.13,0.13,0.146	-0.027	NA	NA	NA	NA	0.954625459462782	-0.027	0.10866666666666666	0.13533333333333333	194	NA	NA	NA	NA	45404028	45404096	45404444	45404528	NA	NA	NA	NA	NA	NA	NA	45404028	45404528	2,9,4,2,3,8	0,8,16,0,0,0	4,0,0,0,1,0	24,59,28,4,8,14	NA	NA	NA	NA	NA
950	ENSG00000168610.17	STAT3	chr17	-	NA	NA	NA	NA	NA	NA	950	136,108,54	13,13,18	37,50,70	12,37,32	367	149	3.57721628839e-4	0.00238948695865005	0.809,0.771,0.549	0.556,0.354,0.47	0.25	NA	NA	NA	NA	RI	chr17|-|42323259|42323625|42323259|42323354|42323572|42323625	0.00238948695865005	0.25	0.7096666666666667	0.46	580	NA	NA	NA	NA	42323259	42323354	42323572	42323625	NA	NA	NA	NA	NA	NA	NA	42323259	42323625	36,43,25,15,22,28	55,49,20,13,16,34	45,16,9,9,12,8	13,13,18,12,37,32	NA	NA	NA	NA	NA	950	chr17	-	NA	NA	NA	NA	NA	NA	950	189,81,103	27,40,24	65,106,77	17,24,58	367	149	0.319160422625	0.5342044878692835	0.74,0.451,0.635	0.608,0.642,0.35	0.075	NA	NA	NA	NA	0.5342044878692835	0.075	0.6086666666666667	0.5333333333333333	811	NA	NA	NA	NA	42323259	42323354	42323572	42323625	NA	NA	NA	NA	NA	NA	NA	42323259	42323625	31,42,48,25,52,19	55,11,38,26,30,26	103,28,17,14,24,32	27,40,24,17,24,58	NA	NA	NA	NA	NA
951	ENSG00000168610.17	STAT3	chr17	-	NA	NA	NA	NA	NA	NA	951	29,42,30	58,42,102	4,9,2	60,19,61	245	149	8.010031186e-6	9.250002115358192e-5	0.233,0.378,0.152	0.039,0.224,0.02	0.16	NA	NA	NA	NA	RI	chr17|-|42329409|42329647|42329409|42329457|42329553|42329647	9.250002115358192e-5	0.16	0.25433333333333336	0.09433333333333332	458	NA	NA	NA	NA	42329409	42329457	42329553	42329647	NA	NA	NA	NA	NA	NA	NA	42329409	42329647	15,27,29,2,4,2	26,37,8,2,7,1	0,0,0,0,0,0	58,42,102,60,19,61	NA	NA	NA	NA	NA	951	chr17	-	NA	NA	NA	NA	NA	NA	951	9,21,21	38,53,125	8,9,7	39,56,75	245	149	0.0410224837367	0.11021226205595838	0.126,0.194,0.093	0.111,0.089,0.054	0.053	NA	NA	NA	NA	0.11021226205595838	0.053	0.13766666666666666	0.08466666666666667	461	NA	NA	NA	NA	42329409	42329457	42329553	42329647	NA	NA	NA	NA	NA	NA	NA	42329409	42329647	0,8,13,2,0,3	9,21,19,6,9,7	0,0,0,0,0,0	38,53,125,39,56,75	NA	NA	NA	NA	NA
998	ENSG00000087111.22	PIGS	chr17	-	NA	NA	NA	NA	NA	NA	998	252,215,326	27,61,40	71,111,116	28,30,36	709	149	0.00564104635156	0.02241794959673747	0.662,0.426,0.631	0.348,0.437,0.404	0.177	NA	NA	NA	NA	RI	chr17|-|28556165|28556972|28556165|28556266|28556826|28556972	0.02241794959673747	0.177	0.573	0.3963333333333333	1313	NA	NA	NA	NA	28556165	28556266	28556826	28556972	NA	NA	NA	NA	NA	NA	NA	28556165	28556972	58,48,117,11,27,38	46,18,14,9,11,18	148,149,195,51,73,60	27,61,40,28,30,36	NA	NA	NA	NA	NA	998	chr17	-	NA	NA	NA	NA	NA	NA	998	169,180,182	45,72,76	88,106,71	19,30,36	709	149	0.622517944094	0.8444262947851899	0.441,0.344,0.335	0.493,0.426,0.293	-0.031	NA	NA	NA	NA	0.8444262947851899	-0.031	0.37333333333333335	0.40399999999999997	1074	NA	NA	NA	NA	28556165	28556266	28556826	28556972	NA	NA	NA	NA	NA	NA	NA	28556165	28556972	61,38,58,13,16,11	0,13,12,9,10,5	108,129,112,66,80,55	45,72,76,19,30,36	NA	NA	NA	NA	NA
1011	ENSG00000244045.13	TMEM199	chr17	+	NA	NA	NA	NA	NA	NA	1011	38,20,22	69,17,16	19,3,20	26,42,43	312	149	0.00618736775384	0.02418160552361178	0.208,0.36,0.396	0.259,0.033,0.182	0.163	NA	NA	NA	NA	RI	chr17|+|28360528|28360847|28360528|28360571|28360734|28360847	0.02418160552361178	0.163	0.32133333333333336	0.158	335	NA	NA	NA	NA	28360528	28360571	28360734	28360847	NA	NA	NA	NA	NA	NA	NA	28360528	28360847	24,15,0,12,2,13	14,1,22,7,1,7	0,4,0,0,0,0	69,17,16,26,42,43	NA	NA	NA	NA	NA	1011	chr17	+	NA	NA	NA	NA	NA	NA	1011	4,25,46	34,55,35	0,9,20	25,28,35	312	149	0.157915273554	0.31556927101012777	0.053,0.178,0.386	0.0,0.133,0.214	0.09	NA	NA	NA	NA	0.31556927101012777	0.09	0.20566666666666666	0.11566666666666667	316	NA	NA	NA	NA	28360528	28360571	28360734	28360847	NA	NA	NA	NA	NA	NA	NA	28360528	28360847	4,20,26,0,6,6	0,5,20,0,3,14	0,0,0,0,0,0	34,55,35,25,28,35	NA	NA	NA	NA	NA
1023	ENSG00000125967.17	NECAB3	chr20	-	NA	NA	NA	NA	NA	NA	1023	202,238,162	83,61,110	86,142,177	52,123,128	251	149	0.00734129280068	0.02763462704344368	0.591,0.698,0.466	0.495,0.407,0.451	0.134	NA	NA	NA	NA	RI	chr20|-|33659496|33659732|33659496|33659550|33659652|33659732	0.02763462704344368	0.134	0.585	0.451	1564	NA	NA	NA	NA	33659496	33659550	33659652	33659732	NA	NA	NA	NA	NA	NA	NA	33659496	33659732	127,162,81,49,78,111	95,107,114,57,78,108	6,0,0,0,0,0	83,61,110,52,123,128	NA	NA	NA	NA	NA	1023	chr20	-	NA	NA	NA	NA	NA	NA	1023	162,130,177	116,73,107	114,111,147	60,82,118	251	149	0.540757153191	0.7749483740200401	0.453,0.514,0.495	0.53,0.446,0.425	0.02	NA	NA	NA	NA	0.7749483740200401	0.02	0.48733333333333334	0.467	1397	NA	NA	NA	NA	33659496	33659550	33659652	33659732	NA	NA	NA	NA	NA	NA	NA	33659496	33659732	110,76,98,58,61,54	71,74,109,77,61,104	0,6,0,0,4,0	116,73,107,60,82,118	NA	NA	NA	NA	NA
1034	ENSG00000072134.16	EPN2	chr17	+	NA	NA	NA	NA	NA	NA	1034	14,13,3	26,6,19	6,5,0	49,91,106	1021	149	3.83640330615e-9	1.1310012054476829e-7	0.073,0.24,0.023	0.018,0.008,0.0	0.103	NA	NA	NA	NA	RI	chr17|+|19281954|19283714|19281954|19282077|19282949|19283714	1.1310012054476829e-7	0.103	0.112	0.008666666666666666	338	NA	NA	NA	NA	19281954	19282077	19282949	19283714	NA	NA	NA	NA	NA	NA	NA	19281954	19283714	0,11,1,0,0,0	5,0,0,0,2,0	9,2,2,6,3,0	26,6,19,49,91,106	NA	NA	NA	NA	NA	1034	chr17	+	NA	NA	NA	NA	NA	NA	1034	16,3,6	30,30,5	3,8,4	26,63,41	1021	149	0.00133125476021	0.00677291280278701	0.072,0.014,0.149	0.017,0.018,0.014	0.062	NA	NA	NA	NA	0.00677291280278701	0.062	0.07833333333333332	0.01633333333333333	235	NA	NA	NA	NA	19281954	19282077	19282949	19283714	NA	NA	NA	NA	NA	NA	NA	19281954	19283714	0,0,2,0,2,1	0,0,0,0,0,0	16,3,4,3,6,3	30,30,5,26,63,41	NA	NA	NA	NA	NA
1055	ENSG00000255104.9	ZNF286A-TBC1D26	chr17	+	NA	NA	NA	NA	NA	NA	1055	39,19,26	0,0,0	26,17,35	6,0,2	253	149	2.88763563502e-4	0.00198508763609222	1.0,1.0,1.0	0.718,1.0,0.912	0.123	NA	NA	NA	NA	RI	chr17|+|15700047|15700366|15700047|15700168|15700272|15700366	0.00198508763609222	0.123	1	0.8766666666666667	170	NA	NA	NA	NA	15700047	15700168	15700272	15700366	NA	NA	NA	NA	NA	NA	NA	15700047	15700366	15,9,10,14,16,11	29,15,16,17,1,24	0,0,0,0,0,0	0,0,0,6,0,2	NA	NA	NA	NA	NA	1055	chr17	+	NA	NA	NA	NA	NA	NA	1055	30,53,23	0,0,10	12,22,25	3,0,0	253	149	0.0690945132953	0.16710523259524096	1.0,1.0,0.575	0.702,1.0,1.0	-0.042	NA	NA	NA	NA	0.16710523259524096	-0.042	0.8583333333333333	0.9006666666666666	178	NA	NA	NA	NA	15700047	15700168	15700272	15700366	NA	NA	NA	NA	NA	NA	NA	15700047	15700366	13,16,18,10,5,13	20,45,7,4,17,14	0,0,0,0,0,0	0,0,10,3,0,0	NA	NA	NA	NA	NA
1067	ENSG00000179029.15	TMEM107	chr17	-	NA	NA	NA	NA	NA	NA	1067	20,57,50	2,0,7	7,30,23	7,5,3	250	149	0.0129215834074	0.04375215320495682	0.856,1.0,0.81	0.373,0.781,0.82	0.231	NA	NA	NA	NA	RI	chr17|-|8175756|8176026|8175756|8175857|8175958|8176026	0.04375215320495682	0.231	0.8886666666666667	0.658	211	NA	NA	NA	NA	8175756	8175857	8175958	8176026	NA	NA	NA	NA	NA	NA	NA	8175756	8176026	12,16,32,1,8,11	8,47,18,6,23,12	0,0,0,0,0,0	2,0,7,7,5,3	NA	NA	NA	NA	NA	1067	chr17	-	NA	NA	NA	NA	NA	NA	1067	28,42,23	27,2,0	45,27,7	3,3,0	250	149	0.243385259063	0.4366617883189117	0.382,0.926,1.0	0.899,0.843,1.0	-0.145	NA	NA	NA	NA	0.4366617883189117	-0.145	0.7693333333333333	0.914	207	NA	NA	NA	NA	8175756	8175857	8175958	8176026	NA	NA	NA	NA	NA	NA	NA	8175756	8176026	5,20,7,28,16,3	23,28,17,17,11,4	0,0,0,0,0,0	27,2,0,3,3,0	NA	NA	NA	NA	NA
1153	ENSG00000182472.9	CAPN12	chr19	-	NA	NA	NA	NA	NA	NA	1153	2,6,12	1,2,0	0,2,1	5,9,17	572	149	2.54668119926e-7	4.633901814202469e-6	0.343,0.439,1.0	0.0,0.055,0.015	0.571	NA	NA	NA	NA	RI	chr19|-|38734318|38734870|38734318|38734389|38734812|38734870	4.633901814202469e-6	0.571	0.594	0.02333333333333333	57	NA	NA	NA	NA	38734318	38734389	38734812	38734870	NA	NA	NA	NA	NA	NA	NA	38734318	38734870	2,6,0,0,0,1	0,0,12,0,2,0	0,0,0,0,0,0	1,2,0,5,9,17	NA	NA	NA	NA	NA	1153	chr19	-	NA	NA	NA	NA	NA	NA	1153	0,0,1	0,22,25	0,0,0	2,0,0	572	149	1	1	NA,0.0,0.01	0.0,NA,NA	0.005	NA	NA	NA	NA	1	0.005	0.005	0	50	NA	NA	NA	NA	38734318	38734389	38734812	38734870	NA	NA	NA	NA	NA	NA	NA	38734318	38734870	0,0,1,0,0,0	0,0,0,0,0,0	0,0,0,0,0,0	0,22,25,2,0,0	NA	NA	NA	NA	NA
1162	ENSG00000090861.17	AARS1	chr16	-	NA	NA	NA	NA	NA	NA	1162	322,396,297	40,73,117	98,119,158	62,80,63	481	149	1.89543776457e-4	0.00140174561392745	0.714,0.627,0.44	0.329,0.315,0.437	0.233	NA	NA	NA	NA	RI	chr16|-|70253267|70253800|70253267|70253381|70253713|70253800	0.00140174561392745	0.233	0.5936666666666667	0.36033333333333334	1825	NA	NA	NA	NA	70253267	70253381	70253713	70253800	NA	NA	NA	NA	NA	NA	NA	70253267	70253800	54,71,95,22,19,34	160,180,108,47,65,74	108,145,94,29,35,50	40,73,117,62,80,63	NA	NA	NA	NA	NA	1162	chr16	-	NA	NA	NA	NA	NA	NA	1162	272,284,323	75,48,139	103,137,120	24,80,71	481	149	0.0901029278909	0.2058764969856773	0.529,0.647,0.419	0.571,0.347,0.344	0.111	NA	NA	NA	NA	0.2058764969856773	0.111	0.5316666666666667	0.42066666666666663	1676	NA	NA	NA	NA	70253267	70253381	70253713	70253800	NA	NA	NA	NA	NA	NA	NA	70253267	70253800	21,67,93,11,43,25	148,145,154,41,60,76	103,72,76,51,34,19	75,48,139,24,80,71	NA	NA	NA	NA	NA
1164	ENSG00000090861.17	AARS1	chr16	-	NA	NA	NA	NA	NA	NA	1164	1511,1532,1559	32,36,77	467,640,667	15,40,54	2345	149	0.0146511879748	0.04824977693956692	0.75,0.73,0.563	0.664,0.504,0.44	0.145	NA	NA	NA	NA	RI	chr16|-|70255727|70258217|70255727|70255836|70258032|70258217	0.04824977693956692	0.145	0.6809999999999999	0.536	6630	NA	NA	NA	NA	70255727	70255836	70258032	70258217	NA	NA	NA	NA	NA	NA	NA	70255727	70258217	63,48,82,63,17,34	53,45,71,14,38,44	1395,1439,1406,390,585,589	32,36,77,15,40,54	NA	NA	NA	NA	NA	1164	chr16	-	NA	NA	NA	NA	NA	NA	1164	1101,1293,1799	52,47,99	437,736,718	48,26,46	2345	149	0.201658087555	0.3808046249983255	0.574,0.636,0.536	0.366,0.643,0.498	0.08	NA	NA	NA	NA	0.3808046249983255	0.08	0.582	0.5023333333333333	6402	NA	NA	NA	NA	70255727	70255836	70258032	70258217	NA	NA	NA	NA	NA	NA	NA	70255727	70258217	70,79,97,14,34,64	12,41,66,25,31,35	1019,1173,1636,398,671,619	52,47,99,48,26,46	NA	NA	NA	NA	NA
1175	ENSG00000103067.14	ESRP2	chr16	-	NA	NA	NA	NA	NA	NA	1175	109,83,37	1,0,4	7,4,7	0,7,4	192	149	7.33377943419e-5	6.2114275539299e-4	0.988,1.0,0.878	1.0,0.307,0.576	0.328	NA	NA	NA	NA	RI	chr16|-|68232576|68232815|68232576|68232717|68232760|68232815	6.2114275539299e-4	0.328	0.9553333333333334	0.6276666666666666	263	NA	NA	NA	NA	68232576	68232717	68232760	68232815	NA	NA	NA	NA	NA	NA	NA	68232576	68232815	93,63,22,5,2,2	78,47,19,4,2,7	0,0,0,0,0,0	1,0,4,0,7,4	NA	NA	NA	NA	NA	1175	chr16	-	NA	NA	NA	NA	NA	NA	1175	101,100,91	9,0,0	8,44,23	0,0,0	192	149	0.0484019830824	0.12577434416291464	0.897,1.0,1.0	1.0,1.0,1.0	-0.034	NA	NA	NA	NA	0.12577434416291464	-0.034	0.9656666666666667	1	376	NA	NA	NA	NA	68232576	68232717	68232760	68232815	NA	NA	NA	NA	NA	NA	NA	68232576	68232815	87,69,55,2,41,21	66,72,58,8,17,3	0,0,0,0,0,0	9,0,0,0,0,0	NA	NA	NA	NA	NA
1182	ENSG00000038358.15	EDC4	chr16	+	NA	NA	NA	NA	NA	NA	1182	416,518,481	164,121,181	183,248,263	109,111,156	257	149	3.85948559374e-4	0.00255300600440277	0.595,0.713,0.606	0.493,0.564,0.494	0.121	NA	NA	NA	NA	RI	chr16|+|67881667|67882109|67881667|67881845|67881953|67882109	0.00255300600440277	0.121	0.638	0.517	2951	NA	NA	NA	NA	67881667	67881845	67881953	67882109	NA	NA	NA	NA	NA	NA	NA	67881667	67882109	160,234,233,93,125,110	293,334,283,107,144,176	0,0,0,0,0,0	164,121,181,109,111,156	NA	NA	NA	NA	NA	1182	chr16	+	NA	NA	NA	NA	NA	NA	1182	393,448,419	125,197,199	153,207,295	71,127,129	257	149	0.12824791503	0.26938753351866784	0.646,0.569,0.55	0.555,0.486,0.57	0.051	NA	NA	NA	NA	0.26938753351866784	0.051	0.5883333333333334	0.537	2763	NA	NA	NA	NA	67881667	67881845	67881953	67882109	NA	NA	NA	NA	NA	NA	NA	67881667	67882109	197,212,207,80,68,134	265,275,273,87,150,187	0,0,0,0,10,0	125,197,199,71,127,129	NA	NA	NA	NA	NA
1199	ENSG00000102977.18	ACD	chr16	-	NA	NA	NA	NA	NA	NA	1199	339,380,404	71,155,55	108,109,117	33,54,65	298	149	0.006787105575	0.02599533503179263	0.705,0.551,0.786	0.621,0.502,0.474	0.148	NA	NA	NA	NA	RI	chr16|-|67658927|67659613|67658927|67659079|67659228|67659613	0.02599533503179263	0.148	0.6806666666666666	0.5323333333333333	1890	NA	NA	NA	NA	67658927	67659079	67659228	67659613	NA	NA	NA	NA	NA	NA	NA	67658927	67659613	143,208,194,43,56,33	190,172,210,65,53,80	6,0,0,0,0,4	71,155,55,33,54,65	NA	NA	NA	NA	NA	1199	chr16	-	NA	NA	NA	NA	NA	NA	1199	304,518,366	55,140,119	68,156,178	40,51,41	298	149	0.193254348199	0.3689260777549285	0.734,0.649,0.606	0.459,0.605,0.685	0.08	NA	NA	NA	NA	0.3689260777549285	0.08	0.663	0.583	2036	NA	NA	NA	NA	67658927	67659079	67659228	67659613	NA	NA	NA	NA	NA	NA	NA	67658927	67659613	125,188,186,35,69,77	179,330,170,33,87,101	0,0,10,0,0,0	55,140,119,40,51,41	NA	NA	NA	NA	NA
1225	ENSG00000205542.11	TMSB4X	chrX	+	NA	NA	NA	NA	NA	NA	1225	51,27,14	0,0,0	53,32,40	6,1,2	1226	149	1.42702926476e-7	2.7779503020661336e-6	1.0,1.0,1.0	0.518,0.795,0.709	0.326	NA	NA	NA	NA	RI	chrX|+|12975109|12976361|12975109|12975168|12976245|12976361	2.7779503020661336e-6	0.326	1	0.674	226	NA	NA	NA	NA	12975109	12975168	12976245	12976361	NA	NA	NA	NA	NA	NA	NA	12975109	12976361	12,0,1,5,8,12	6,0,6,2,3,1	33,27,7,46,21,27	0,0,0,6,1,2	NA	NA	NA	NA	NA	1225	chrX	+	NA	NA	NA	NA	NA	NA	1225	12,8,73	3,0,8	28,59,55	0,13,4	1226	149	0.689716331903	0.8994163092986863	0.327,1.0,0.526	1.0,0.355,0.626	-0.043	NA	NA	NA	NA	0.8994163092986863	-0.043	0.6176666666666667	0.6603333333333333	263	NA	NA	NA	NA	12975109	12975168	12976245	12976361	NA	NA	NA	NA	NA	NA	NA	12975109	12976361	5,0,10,6,0,0	0,4,2,0,2,16	7,4,61,22,57,39	3,0,8,0,13,4	NA	NA	NA	NA	NA
1239	ENSG00000125124.14	BBS2	chr16	-	NA	NA	NA	NA	NA	NA	1239	35,28,82	51,92,34	3,4,18	16,14,46	812	149	0.00214837172419	0.01032430674979081	0.112,0.053,0.307	0.033,0.05,0.067	0.107	NA	NA	NA	NA	RI	chr16|-|56496966|56497880|56496966|56497079|56497742|56497880	0.01032430674979081	0.107	0.15733333333333333	0.05	423	NA	NA	NA	NA	56496966	56497079	56497742	56497880	NA	NA	NA	NA	NA	NA	NA	56496966	56497880	13,2,5,0,0,0	11,0,3,2,0,3	11,26,74,1,4,15	51,92,34,16,14,46	NA	NA	NA	NA	NA	1239	chr16	-	NA	NA	NA	NA	NA	NA	1239	28,40,42	41,81,86	10,6,20	15,9,43	812	149	0.910110282412	1	0.111,0.083,0.082	0.109,0.109,0.079	-0.007	NA	NA	NA	NA	1	-0.007	0.092	0.099	421	NA	NA	NA	NA	56496966	56497079	56497742	56497880	NA	NA	NA	NA	NA	NA	NA	56496966	56497880	0,12,10,0,0,0	1,12,1,2,6,0	27,16,31,8,0,20	41,81,86,15,9,43	NA	NA	NA	NA	NA
1270	ENSG00000156858.12	PRR14	chr16	+	NA	NA	NA	NA	NA	NA	1270	89,53,52	51,48,30	29,40,28	39,31,47	276	149	0.0121911912865	0.0419273050862692	0.485,0.373,0.483	0.286,0.411,0.243	0.134	NA	NA	NA	NA	RI	chr16|+|30651595|30651964|30651595|30651668|30651795|30651964	0.0419273050862692	0.134	0.447	0.3133333333333333	537	NA	NA	NA	NA	30651595	30651668	30651795	30651964	NA	NA	NA	NA	NA	NA	NA	30651595	30651964	26,26,22,7,19,1	63,24,20,19,22,25	0,4,10,4,0,2	51,48,30,39,31,47	NA	NA	NA	NA	NA	1270	chr16	+	NA	NA	NA	NA	NA	NA	1270	7,49,39	24,25,67	13,20,39	37,69,22	276	149	0.566387950674	0.7974858554722047	0.136,0.514,0.239	0.159,0.135,0.489	0.035	NA	NA	NA	NA	0.7974858554722047	0.035	0.29633333333333334	0.261	411	NA	NA	NA	NA	30651595	30651668	30651795	30651964	NA	NA	NA	NA	NA	NA	NA	30651595	30651964	1,15,11,5,11,17	6,32,26,8,9,17	0,2,2,0,0,10	24,25,67,37,69,22	NA	NA	NA	NA	NA
1275	ENSG00000178971.17	CTC1	chr17	-	NA	NA	NA	NA	NA	NA	1275	115,188,198	19,23,37	42,56,84	8,16,31	246	149	0.00852609266416	0.03130658695606534	0.786,0.832,0.764	0.761,0.679,0.621	0.107	NA	NA	NA	NA	RI	chr17|-|8228502|8229446|8228502|8228629|8228726|8229446	0.03130658695606534	0.107	0.794	0.687	817	NA	NA	NA	NA	8228502	8228629	8228726	8229446	NA	NA	NA	NA	NA	NA	NA	8228502	8229446	98,177,152,25,46,66	17,15,50,17,10,18	0,0,0,0,0,0	19,23,37,8,16,31	NA	NA	NA	NA	NA	1275	chr17	-	NA	NA	NA	NA	NA	NA	1275	87,110,138	15,29,29	56,142,45	6,7,19	246	149	0.175963619727	0.34300978035227664	0.778,0.697,0.742	0.85,0.925,0.589	-0.049	NA	NA	NA	NA	0.34300978035227664	-0.049	0.739	0.788	683	NA	NA	NA	NA	8228502	8228629	8228726	8229446	NA	NA	NA	NA	NA	NA	NA	8228502	8229446	63,75,116,44,139,32	30,35,21,12,6,13	0,0,2,0,0,0	15,29,29,6,7,19	NA	NA	NA	NA	NA
1278	ENSG00000178971.17	CTC1	chr17	-	NA	NA	NA	NA	NA	NA	1278	167,143,172	28,12,7	41,75,136	15,30,14	244	149	0.00237186131126	0.01125716219864266	0.785,0.879,0.938	0.625,0.604,0.856	0.172	NA	NA	NA	NA	RI	chr17|-|8228502|8229446|8228502|8229206|8229301|8229446	0.01125716219864266	0.172	0.8673333333333333	0.695	840	NA	NA	NA	NA	8228502	8229206	8229301	8229446	NA	NA	NA	NA	NA	NA	NA	8228502	8229446	115,93,108,30,58,88	75,62,75,15,26,78	0,0,0,0,0,0	28,12,7,15,30,14	NA	NA	NA	NA	NA	1278	chr17	-	NA	NA	NA	NA	NA	NA	1278	103,202,98	28,9,16	12,110,99	17,9,14	244	149	0.274381737395	0.47724404151163735	0.692,0.932,0.789	0.301,0.882,0.812	0.139	NA	NA	NA	NA	0.47724404151163735	0.139	0.8043333333333333	0.665	717	NA	NA	NA	NA	8228502	8229206	8229301	8229446	NA	NA	NA	NA	NA	NA	NA	8228502	8229446	78,163,73,7,71,84	33,78,34,5,53,40	0,0,0,0,0,0	28,9,16,17,9,14	NA	NA	NA	NA	NA
1282	ENSG00000178971.17	CTC1	chr17	-	NA	NA	NA	NA	NA	NA	1282	78,148,181	25,35,19	37,91,65	34,33,36	474	149	6.49321311625e-4	0.00391508189074188	0.495,0.571,0.75	0.255,0.464,0.362	0.245	NA	NA	NA	NA	RI	chr17|-|8229890|8230348|8229890|8229968|8230293|8230348	0.00391508189074188	0.245	0.6053333333333333	0.36033333333333334	782	NA	NA	NA	NA	8229890	8229968	8230293	8230348	NA	NA	NA	NA	NA	NA	NA	8229890	8230348	26,26,63,10,3,11	4,77,61,13,40,29	48,45,57,14,48,25	25,35,19,34,33,36	NA	NA	NA	NA	NA	1282	chr17	-	NA	NA	NA	NA	NA	NA	1282	68,96,126	43,16,25	35,42,80	17,25,25	474	149	0.192970631655	0.36866486699289625	0.332,0.654,0.613	0.393,0.346,0.501	0.12	NA	NA	NA	NA	0.36866486699289625	0.12	0.533	0.41333333333333333	598	NA	NA	NA	NA	8229890	8229968	8230293	8230348	NA	NA	NA	NA	NA	NA	NA	8229890	8230348	16,15,29,16,0,18	25,45,35,3,5,38	27,36,62,16,37,24	43,16,25,17,25,25	NA	NA	NA	NA	NA
1284	ENSG00000178971.17	CTC1	chr17	-	NA	NA	NA	NA	NA	NA	1284	146,130,88	6,15,16	33,63,42	25,16,20	579	149	2.26810213599e-5	2.3102993850316e-4	0.862,0.69,0.586	0.254,0.503,0.351	0.343	NA	NA	NA	NA	RI	chr17|-|8232360|8233032|8232360|8232475|8232905|8233032	2.3102993850316e-4	0.343	0.7126666666666667	0.36933333333333335	600	NA	NA	NA	NA	8232360	8232475	8232905	8233032	NA	NA	NA	NA	NA	NA	NA	8232360	8233032	29,56,11,23,25,2	35,1,21,3,7,9	82,73,56,7,31,31	6,15,16,25,16,20	NA	NA	NA	NA	NA	1284	chr17	-	NA	NA	NA	NA	NA	NA	1284	85,37,70	19,20,22	27,57,43	2,11,37	579	149	0.696000354681	0.9042590393894512	0.535,0.323,0.45	0.776,0.571,0.23	-0.09	NA	NA	NA	NA	0.9042590393894512	-0.09	0.436	0.5256666666666666	430	NA	NA	NA	NA	8232360	8232475	8232905	8233032	NA	NA	NA	NA	NA	NA	NA	8232360	8233032	50,7,18,8,20,16	0,6,25,1,0,3	35,24,27,18,37,24	19,20,22,2,11,37	NA	NA	NA	NA	NA
1314	ENSG00000100241.22	SBF1	chr22	-	NA	NA	NA	NA	NA	NA	1314	129,162,202	13,23,6	56,113,138	19,36,34	509	149	3.11650967122e-6	4.172584564174899e-5	0.744,0.673,0.908	0.463,0.479,0.543	0.28	NA	NA	NA	NA	RI	chr22|-|50456491|50457111|50456491|50456673|50457033|50457111	4.172584564174899e-5	0.28	0.775	0.495	931	NA	NA	NA	NA	50456491	50456673	50457033	50457111	NA	NA	NA	NA	NA	NA	NA	50456491	50457111	25,45,31,13,21,44	30,29,26,17,23,30	74,88,145,26,69,64	13,23,6,19,36,34	NA	NA	NA	NA	NA	1314	chr22	-	NA	NA	NA	NA	NA	NA	1314	175,173,192	13,26,31	87,88,126	54,9,5	509	149	0.780564694584	0.9703232174954254	0.798,0.661,0.645	0.32,0.741,0.881	0.054	NA	NA	NA	NA	0.9703232174954254	0.054	0.7013333333333334	0.6473333333333333	979	NA	NA	NA	NA	50456491	50456673	50457033	50457111	NA	NA	NA	NA	NA	NA	NA	50456491	50457111	34,19,54,22,21,45	45,71,38,14,21,23	96,83,100,51,46,58	13,26,31,54,9,5	NA	NA	NA	NA	NA
1316	ENSG00000100241.22	SBF1	chr22	-	NA	NA	NA	NA	NA	NA	1316	918,1054,833	18,19,16	630,711,688	25,22,25	2292	149	0.00137903497367	0.00717847407346726	0.768,0.783,0.772	0.621,0.678,0.641	0.128	NA	NA	NA	NA	RI	chr22|-|50456491|50459392|50456491|50457111|50459254|50459392	0.00717847407346726	0.128	0.7743333333333333	0.6466666666666667	4959	NA	NA	NA	NA	50456491	50457111	50459254	50459392	NA	NA	NA	NA	NA	NA	NA	50456491	50459392	42,41,14,20,21,18	61,21,14,9,6,34	815,992,805,601,684,636	18,19,16,25,22,25	NA	NA	NA	NA	NA	1316	chr22	-	NA	NA	NA	NA	NA	NA	1316	1065,1082,943	14,25,50	590,586,679	30,12,17	2292	149	0.640268980948	0.8598141818868072	0.832,0.738,0.551	0.561,0.76,0.722	0.026	NA	NA	NA	NA	0.8598141818868072	0.026	0.707	0.681	5093	NA	NA	NA	NA	50456491	50457111	50459254	50459392	NA	NA	NA	NA	NA	NA	NA	50456491	50459392	26,51,34,32,30,37	22,87,39,52,36,43	1017,944,870,506,520,599	14,25,50,30,12,17	NA	NA	NA	NA	NA
1331	ENSG00000100241.22	SBF1	chr22	-	NA	NA	NA	NA	NA	NA	1331	116,89,67	7,0,13	56,51,73	6,10,18	323	149	0.00864944324884	0.03164581503692534	0.884,1.0,0.704	0.812,0.702,0.652	0.141	NA	NA	NA	NA	RI	chr22|-|50467531|50467923|50467531|50467611|50467785|50467923	0.03164581503692534	0.141	0.8626666666666667	0.722	506	NA	NA	NA	NA	50467531	50467611	50467785	50467923	NA	NA	NA	NA	NA	NA	NA	50467531	50467923	102,87,67,56,41,69	14,2,0,0,8,0	0,0,0,0,2,4	7,0,13,6,10,18	NA	NA	NA	NA	NA	1331	chr22	-	NA	NA	NA	NA	NA	NA	1331	78,102,88	26,13,22	58,38,96	12,4,17	323	149	0.299931607175	0.5112297419502752	0.581,0.784,0.649	0.69,0.814,0.723	-0.071	NA	NA	NA	NA	0.5112297419502752	-0.071	0.6713333333333333	0.7423333333333333	554	NA	NA	NA	NA	50467531	50467611	50467785	50467923	NA	NA	NA	NA	NA	NA	NA	50467531	50467923	78,99,88,58,38,96	0,3,0,0,0,0	0,0,0,0,0,0	26,13,22,12,4,17	NA	NA	NA	NA	NA
1380	ENSG00000108788.12	MLX	chr17	+	NA	NA	NA	NA	NA	NA	1380	423,370,479	49,37,57	101,205,232	20,62,50	352	149	2.98136225951e-6	4.044626852945868e-5	0.785,0.809,0.781	0.681,0.583,0.663	0.149	NA	NA	NA	NA	RI	chr17|+|42569203|42569606|42569203|42569303|42569506|42569606	4.044626852945868e-5	0.149	0.7916666666666667	0.6423333333333333	2085	NA	NA	NA	NA	42569203	42569303	42569506	42569606	NA	NA	NA	NA	NA	NA	NA	42569203	42569606	156,127,195,44,104,79	246,235,265,48,85,146	21,8,19,9,16,7	49,37,57,20,62,50	NA	NA	NA	NA	NA	1380	chr17	+	NA	NA	NA	NA	NA	NA	1380	336,371,539	53,95,110	131,186,101	24,60,32	352	149	0.137152964344	0.2839447211770367	0.729,0.623,0.675	0.698,0.568,0.572	0.063	NA	NA	NA	NA	0.2839447211770367	0.063	0.6756666666666666	0.6126666666666666	2038	NA	NA	NA	NA	42569203	42569303	42569506	42569606	NA	NA	NA	NA	NA	NA	NA	42569203	42569606	161,178,258,60,34,49	159,151,266,71,136,47	16,42,15,0,16,5	53,95,110,24,60,32	NA	NA	NA	NA	NA
1383	ENSG00000090447.12	TFAP4	chr16	-	NA	NA	NA	NA	NA	NA	1383	18,40,17	7,22,3	0,6,7	7,5,5	358	149	0.00763476029839	0.02851178450044304	0.517,0.431,0.702	0.0,0.333,0.368	0.316	NA	NA	NA	NA	RI	chr16|-|4260089|4260595|4260089|4260245|4260454|4260595	0.02851178450044304	0.316	0.55	0.23366666666666666	137	NA	NA	NA	NA	4260089	4260245	4260454	4260595	NA	NA	NA	NA	NA	NA	NA	4260089	4260595	0,17,1,0,0,0	15,8,3,0,6,3	3,15,13,0,0,4	7,22,3,7,5,5	NA	NA	NA	NA	NA	1383	chr16	-	NA	NA	NA	NA	NA	NA	1383	22,32,23	19,4,11	0,1,2	0,5,3	358	149	1	1	0.325,0.769,0.465	NA,0.077,0.217	0.373	NA	NA	NA	NA	1	0.373	0.5196666666666667	0.147	122	NA	NA	NA	NA	4260089	4260245	4260454	4260595	NA	NA	NA	NA	NA	NA	NA	4260089	4260595	1,15,3,0,0,2	11,9,16,0,1,0	10,8,4,0,0,0	19,4,11,0,5,3	NA	NA	NA	NA	NA
1384	ENSG00000090447.12	TFAP4	chr16	-	NA	NA	NA	NA	NA	NA	1384	97,59,51	14,9,28	2,30,2	9,8,20	523	149	2.86426225091e-4	0.00197788920299325	0.664,0.651,0.342	0.06,0.517,0.028	0.351	NA	NA	NA	NA	RI	chr16|-|4261778|4262422|4261778|4261949|4262323|4262422	0.00197788920299325	0.351	0.5523333333333333	0.20166666666666666	329	NA	NA	NA	NA	4261778	4261949	4262323	4262422	NA	NA	NA	NA	NA	NA	NA	4261778	4262422	42,10,17,0,3,1	6,4,20,2,2,0	49,45,14,0,25,1	14,9,28,9,8,20	NA	NA	NA	NA	NA	1384	chr16	-	NA	NA	NA	NA	NA	NA	1384	31,31,57	23,18,34	1,4,11	9,16,0	523	149	0.388626566305	0.6167978538543745	0.277,0.329,0.323	0.031,0.066,1.0	-0.056	NA	NA	NA	NA	0.6167978538543745	-0.056	0.3096666666666667	0.3656666666666667	235	NA	NA	NA	NA	4261778	4261949	4262323	4262422	NA	NA	NA	NA	NA	NA	NA	4261778	4262422	13,11,21,0,0,11	12,19,8,1,0,0	6,1,28,0,4,0	23,18,34,9,16,0	NA	NA	NA	NA	NA
1393	ENSG00000131652.14	THOC6	chr16	+	NA	NA	NA	NA	NA	NA	1393	82,205,94	139,195,238	60,58,70	166,187,193	249	149	0.00135983672041	0.007090577184995	0.261,0.386,0.191	0.178,0.157,0.178	0.108	NA	NA	NA	NA	RI	chr16|+|3025707|3026288|3025707|3025823|3025923|3026288	0.007090577184995	0.108	0.2793333333333333	0.17099999999999999	1687	NA	NA	NA	NA	3025707	3025823	3025923	3026288	NA	NA	NA	NA	NA	NA	NA	3025707	3026288	35,107,38,41,18,41	60,124,63,27,52,31	0,0,2,0,0,0	139,195,238,166,187,193	NA	NA	NA	NA	NA	1393	chr16	+	NA	NA	NA	NA	NA	NA	1393	75,123,168	164,160,291	42,60,87	144,171,146	249	149	0.0147686255286	0.04873646424438	0.215,0.315,0.257	0.149,0.174,0.263	0.067	NA	NA	NA	NA	0.04873646424438	0.067	0.2623333333333333	0.19533333333333333	1631	NA	NA	NA	NA	3025707	3025823	3025923	3026288	NA	NA	NA	NA	NA	NA	NA	3025707	3026288	36,76,83,22,35,48	30,77,117,31,37,56	14,0,0,0,0,0	164,160,291,144,171,146	NA	NA	NA	NA	NA
1423	ENSG00000198736.13	MSRB1	chr16	-	NA	NA	NA	NA	NA	NA	1423	6,0,2	2,8,0	0,0,0	5,6,5	513	149	0.0137228838341	0.04583263816486993	0.466,0.0,1.0	0.0,0.0,0.0	0.489	NA	NA	NA	NA	RI	chr16|-|1940777|1941405|1940777|1940892|1941256|1941405	0.04583263816486993	0.489	0.4886666666666667	0	34	NA	NA	NA	NA	1940777	1940892	1941256	1941405	NA	NA	NA	NA	NA	NA	NA	1940777	1941405	0,0,0,0,0,0	6,0,0,0,0,0	0,0,2,0,0,0	2,8,0,5,6,5	NA	NA	NA	NA	NA	1423	chr16	-	NA	NA	NA	NA	NA	NA	1423	0,0,0	11,6,6	2,0,0	6,0,5	513	149	1	1	0.0,0.0,0.0	0.088,NA,0.0	-0.044	NA	NA	NA	NA	1	-0.044	0	0.044	36	NA	NA	NA	NA	1940777	1940892	1941256	1941405	NA	NA	NA	NA	NA	NA	NA	1940777	1941405	0,0,0,0,0,0	0,0,0,0,0,0	0,0,0,2,0,0	11,6,6,6,0,5	NA	NA	NA	NA	NA
1425	ENSG00000162032.16	SPSB3	chr16	-	NA	NA	NA	NA	NA	NA	1425	105,89,79	87,90,75	36,42,63	54,48,119	234	149	0.0026530236414	0.01225025675381385	0.435,0.386,0.401	0.298,0.358,0.252	0.105	NA	NA	NA	NA	RI	chr16|-|1777945|1778612|1777945|1778048|1778133|1778612	0.01225025675381385	0.105	0.4073333333333333	0.30266666666666664	887	NA	NA	NA	NA	1777945	1778048	1778133	1778612	NA	NA	NA	NA	NA	NA	NA	1777945	1778612	78,68,45,20,19,35	59,59,45,12,24,44	2,6,16,8,4,8	87,90,75,54,48,119	NA	NA	NA	NA	NA	1425	chr16	-	NA	NA	NA	NA	NA	NA	1425	59,58,58	20,43,72	24,45,91	66,51,37	234	149	0.319101226389	0.5342044878692835	0.653,0.462,0.339	0.188,0.36,0.61	0.099	NA	NA	NA	NA	0.5342044878692835	0.099	0.4846666666666667	0.386	624	NA	NA	NA	NA	1777945	1778048	1778133	1778612	NA	NA	NA	NA	NA	NA	NA	1777945	1778612	39,33,43,12,30,49	33,25,33,14,15,54	2,2,0,2,4,6	20,43,72,66,51,37	NA	NA	NA	NA	NA
1427	ENSG00000138834.15	MAPK8IP3	chr16	+	NA	NA	NA	NA	NA	NA	1427	137,100,101	246,168,206	61,57,58	225,297,330	299	149	3.7003733410800003e-13	2.5839027887042044e-11	0.217,0.229,0.196	0.119,0.087,0.081	0.118	NA	NA	NA	NA	RI	chr16|+|1767804|1768107|1767804|1767918|1768068|1768107	2.5839027887042044e-11	0.118	0.214	0.09566666666666666	1986	NA	NA	NA	NA	1767804	1767918	1768068	1768107	NA	NA	NA	NA	NA	NA	NA	1767804	1768107	68,45,48,25,25,14	65,55,50,32,32,42	4,0,3,4,0,2	246,168,206,225,297,330	NA	NA	NA	NA	NA	1427	chr16	+	NA	NA	NA	NA	NA	NA	1427	85,137,111	156,205,262	63,75,75	293,284,214	299	149	1.59647027376e-7	3.112095601594916e-6	0.214,0.25,0.174	0.097,0.116,0.149	0.092	NA	NA	NA	NA	3.112095601594916e-6	0.092	0.21266666666666667	0.12066666666666667	1960	NA	NA	NA	NA	1767804	1767918	1768068	1768107	NA	NA	NA	NA	NA	NA	NA	1767804	1768107	45,49,32,39,21,24	39,78,77,24,36,39	1,10,2,0,18,12	156,205,262,293,284,214	NA	NA	NA	NA	NA
1430	ENSG00000187535.14	IFT140	chr16	-	NA	NA	NA	NA	NA	NA	1430	76,68,112	0,0,0	50,87,79	0,8,0	804	149	6.72710403626e-4	0.00403231690619221	1.0,1.0,1.0	1.0,0.668,1.0	0.111	NA	NA	NA	NA	RI	chr16|-|1525886|1526796|1525886|1526077|1526732|1526796	0.00403231690619221	0.111	1	0.8893333333333333	480	NA	NA	NA	NA	1525886	1526077	1526732	1526796	NA	NA	NA	NA	NA	NA	NA	1525886	1526796	16,9,30,15,8,3	37,10,18,15,15,50	23,49,64,20,64,26	0,0,0,0,8,0	NA	NA	NA	NA	NA	1430	chr16	-	NA	NA	NA	NA	NA	NA	1430	62,87,88	0,2,0	73,75,118	0,2,0	804	149	1	1	1.0,0.89,1.0	1.0,0.874,1.0	0.005	NA	NA	NA	NA	1	0.005	0.9633333333333334	0.958	507	NA	NA	NA	NA	1525886	1526077	1526732	1526796	NA	NA	NA	NA	NA	NA	NA	1525886	1526796	9,17,13,33,20,17	14,23,19,20,14,23	39,47,56,20,41,78	0,2,0,0,2,0	NA	NA	NA	NA	NA
1480	ENSG00000140553.18	UNC45A	chr15	+	NA	NA	NA	NA	NA	NA	1480	123,101,117	95,77,97	60,33,27	66,56,40	451	149	7.70471529445e-4	0.00450384310634579	0.3,0.302,0.285	0.231,0.163,0.182	0.104	NA	NA	NA	NA	RI	chr15|+|90935945|90936460|90935945|90935982|90936284|90936460	0.00450384310634579	0.104	0.29566666666666663	0.192	892	NA	NA	NA	NA	90935945	90935982	90936284	90936460	NA	NA	NA	NA	NA	NA	NA	90935945	90936460	18,16,19,28,11,15	36,56,52,20,8,5	69,29,46,12,14,7	95,77,97,66,56,40	NA	NA	NA	NA	NA	1480	chr15	+	NA	NA	NA	NA	NA	NA	1480	134,80,101	70,109,131	38,47,46	20,35,52	451	149	0.444243672947	0.6769587537034906	0.387,0.195,0.203	0.386,0.307,0.226	-0.045	NA	NA	NA	NA	0.6769587537034906	-0.045	0.26166666666666666	0.30633333333333335	863	NA	NA	NA	NA	90935945	90935982	90936284	90936460	NA	NA	NA	NA	NA	NA	NA	90935945	90936460	7,17,23,11,26,16	65,35,50,19,12,30	62,28,28,8,9,0	70,109,131,20,35,52	NA	NA	NA	NA	NA
1507	ENSG00000178761.15	FAM219B	chr15	-	NA	NA	NA	NA	NA	NA	1507	705,702,604	123,62,127	225,258,353	56,68,133	689	149	6.26927860698e-4	0.00380625905128726	0.553,0.71,0.507	0.465,0.451,0.365	0.163	NA	NA	NA	NA	RI	chr15|-|74899991|74902786|74899991|74902063|74902603|74902786	0.00380625905128726	0.163	0.59	0.427	3416	NA	NA	NA	NA	74899991	74902063	74902603	74902786	NA	NA	NA	NA	NA	NA	NA	74899991	74902786	159,145,136,35,58,68	101,110,81,47,41,74	445,447,387,143,159,211	123,62,127,56,68,133	NA	NA	NA	NA	NA	1507	chr15	-	NA	NA	NA	NA	NA	NA	1507	490,642,621	72,66,123	249,290,367	61,62,66	689	149	0.0290401795072	0.08338001059009957	0.595,0.678,0.522	0.469,0.503,0.546	0.092	NA	NA	NA	NA	0.08338001059009957	0.092	0.5983333333333334	0.506	3109	NA	NA	NA	NA	74899991	74902063	74902603	74902786	NA	NA	NA	NA	NA	NA	NA	74899991	74902786	131,155,113,32,44,82	67,61,76,17,66,48	292,426,432,200,180,237	72,66,123,61,62,66	NA	NA	NA	NA	NA
1511	ENSG00000140474.14	ULK3	chr15	-	NA	NA	NA	NA	NA	NA	1511	350,265,214	35,92,33	99,119,146	40,54,47	310	149	0.00133149588711	0.00696055650448296	0.828,0.581,0.757	0.543,0.514,0.599	0.17	NA	NA	NA	NA	RI	chr15|-|74842074|74842420|74842074|74842118|74842279|74842420	0.00696055650448296	0.17	0.722	0.552	1494	NA	NA	NA	NA	74842074	74842118	74842279	74842420	NA	NA	NA	NA	NA	NA	NA	74842074	74842420	231,194,122,81,69,116	116,71,91,18,46,29	3,0,1,0,4,1	35,92,33,40,54,47	NA	NA	NA	NA	NA	1511	chr15	-	NA	NA	NA	NA	NA	NA	1511	139,254,187	46,74,80	72,130,135	21,22,40	310	149	0.0713896645548	0.1715567784506316	0.592,0.623,0.529	0.622,0.74,0.619	-0.079	NA	NA	NA	NA	0.1715567784506316	-0.079	0.5813333333333334	0.6603333333333333	1200	NA	NA	NA	NA	74842074	74842118	74842279	74842420	NA	NA	NA	NA	NA	NA	NA	74842074	74842420	81,161,139,62,89,88	55,90,48,10,41,44	3,3,0,0,0,3	46,74,80,21,22,40	NA	NA	NA	NA	NA
1512	ENSG00000140474.14	ULK3	chr15	-	NA	NA	NA	NA	NA	NA	1512	142,102,121	167,232,136	27,69,31	68,101,147	233	149	0.00997597879876	0.03562766569248476	0.352,0.219,0.363	0.202,0.304,0.119	0.103	NA	NA	NA	NA	RI	chr15|-|74842074|74842420|74842074|74842195|74842279|74842420	0.03562766569248476	0.103	0.31133333333333335	0.20833333333333334	1343	NA	NA	NA	NA	74842074	74842195	74842279	74842420	NA	NA	NA	NA	NA	NA	NA	74842074	74842420	60,47,38,16,31,4	116,71,91,18,46,29	0,0,0,0,2,0	167,232,136,68,101,147	NA	NA	NA	NA	NA	1512	chr15	-	NA	NA	NA	NA	NA	NA	1512	59,133,68	95,102,144	21,52,62	25,100,130	233	149	0.213838740522	0.3974675758733019	0.284,0.455,0.232	0.349,0.25,0.234	0.046	NA	NA	NA	NA	0.3974675758733019	0.046	0.32366666666666666	0.2776666666666667	991	NA	NA	NA	NA	74842074	74842195	74842279	74842420	NA	NA	NA	NA	NA	NA	NA	74842074	74842420	24,60,41,11,18,24	55,90,48,10,41,44	0,0,0,0,0,0	95,102,144,25,100,130	NA	NA	NA	NA	NA
1514	ENSG00000140474.14	ULK3	chr15	-	NA	NA	NA	NA	NA	NA	1514	324,300,252	10,11,10	117,96,90	8,20,11	263	149	6.83243519428e-6	8.10377033101063e-5	0.948,0.939,0.935	0.892,0.731,0.823	0.125	NA	NA	NA	NA	RI	chr15|-|74842279|74842676|74842279|74842420|74842534|74842676	8.10377033101063e-5	0.125	0.9406666666666667	0.8153333333333334	1249	NA	NA	NA	NA	74842279	74842420	74842534	74842676	NA	NA	NA	NA	NA	NA	NA	74842279	74842676	281,244,170,84,73,60	39,54,82,35,23,30	10,2,0,0,0,0	10,11,10,8,20,11	NA	NA	NA	NA	NA	1514	chr15	-	NA	NA	NA	NA	NA	NA	1514	334,277,287	20,36,2	108,131,119	8,17,12	263	149	0.0586640937212	0.14772234445742025	0.904,0.813,0.988	0.884,0.814,0.849	0.053	NA	NA	NA	NA	0.14772234445742025	0.053	0.9016666666666666	0.849	1351	NA	NA	NA	NA	74842279	74842420	74842534	74842676	NA	NA	NA	NA	NA	NA	NA	74842279	74842676	265,228,212,89,108,98	67,48,75,19,23,21	2,2,0,0,0,0	20,36,2,8,17,12	NA	NA	NA	NA	NA
1520	ENSG00000179335.20	CLK3	chr15	+	NA	NA	NA	NA	NA	NA	1520	162,133,174	3,5,30	164,150,138	13,48,27	426	149	0.00583020975292	0.02300536959632457	0.95,0.903,0.67	0.815,0.522,0.641	0.182	NA	NA	NA	NA	RI	chr15|+|74622119|74622560|74622119|74622216|74622493|74622560	0.02300536959632457	0.182	0.841	0.6593333333333333	1047	NA	NA	NA	NA	74622119	74622216	74622493	74622560	NA	NA	NA	NA	NA	NA	NA	74622119	74622560	44,19,28,36,61,52	49,29,79,41,39,36	69,85,67,87,50,50	3,5,30,13,48,27	NA	NA	NA	NA	NA	1520	chr15	+	NA	NA	NA	NA	NA	NA	1520	109,133,139	6,23,28	102,161,144	6,44,28	426	149	0.619150869037	0.8426982416304808	0.864,0.669,0.635	0.856,0.561,0.643	0.036	NA	NA	NA	NA	0.8426982416304808	0.036	0.7226666666666667	0.6866666666666666	923	NA	NA	NA	NA	74622119	74622216	74622493	74622560	NA	NA	NA	NA	NA	NA	NA	74622119	74622560	31,34,47,46,43,42	61,60,42,24,65,36	17,39,50,32,53,66	6,23,28,6,44,28	NA	NA	NA	NA	NA
1545	ENSG00000181513.15	ACBD4	chr17	+	NA	NA	NA	NA	NA	NA	1545	30,9,5	0,0,1	0,7,0	1,3,8	220	149	2.48817011439e-9	7.590775692258448e-8	1.0,1.0,0.772	0.0,0.612,0.0	0.72	NA	NA	NA	NA	RI	chr17|+|45136499|45136776|45136499|45136620|45136691|45136776	7.590775692258448e-8	0.72	0.924	0.20400000000000001	64	NA	NA	NA	NA	45136499	45136620	45136691	45136776	NA	NA	NA	NA	NA	NA	NA	45136499	45136776	18,9,1,0,2,0	16,3,4,0,7,0	0,0,0,0,0,0	0,0,1,1,3,8	NA	NA	NA	NA	NA	1545	chr17	+	NA	NA	NA	NA	NA	NA	1545	11,6,16	2,11,15	11,9,7	5,0,6	220	149	0.215462510532	0.3998703445306539	0.788,0.27,0.419	0.598,1.0,0.441	-0.187	NA	NA	NA	NA	0.3998703445306539	-0.187	0.49233333333333335	0.6796666666666666	99	NA	NA	NA	NA	45136499	45136620	45136691	45136776	NA	NA	NA	NA	NA	NA	NA	45136499	45136776	11,3,5,10,9,7	0,6,11,5,5,0	0,0,0,0,0,0	2,11,15,5,0,6	NA	NA	NA	NA	NA
1552	ENSG00000140416.25	TPM1	chr15	+	NA	NA	NA	NA	NA	NA	1552	30,23,16	4,17,44	2,0,0	17,17,14	407	149	9.81200509731e-9	2.5822839165967777e-7	0.733,0.331,0.117	0.041,0.0,0.0	0.38	NA	NA	NA	NA	RI	chr15|+|63060868|63061273|63060868|63060939|63061197|63061273	2.5822839165967777e-7	0.38	0.39366666666666666	0.013666666666666667	184	NA	NA	NA	NA	63060868	63060939	63061197	63061273	NA	NA	NA	NA	NA	NA	NA	63060868	63061273	5,4,8,2,0,0	2,12,6,0,0,0	23,7,2,0,0,0	4,17,44,17,17,14	NA	NA	NA	NA	NA	1552	chr15	+	NA	NA	NA	NA	NA	NA	1552	56,17,4	41,26,29	8,4,3	7,18,16	407	149	0.131900631371	0.27618509828183085	0.333,0.193,0.048	0.295,0.075,0.064	0.047	NA	NA	NA	NA	0.27618509828183085	0.047	0.19133333333333333	0.14466666666666667	229	NA	NA	NA	NA	63060868	63060939	63061197	63061273	NA	NA	NA	NA	NA	NA	NA	63060868	63061273	24,0,0,2,0,0	0,2,3,2,4,0	32,15,1,4,0,3	41,26,29,7,18,16	NA	NA	NA	NA	NA
1597	ENSG00000168970.22	JMJD7-PLA2G4B	chr15	+	NA	NA	NA	NA	NA	NA	1597	83,56,71	18,9,11	56,53,67	31,20,22	225	149	5.64234531019e-4	0.00349130791544753	0.753,0.805,0.81	0.545,0.637,0.669	0.172	NA	NA	NA	NA	RI	chr15|+|41834739|41835223|41834739|41834893|41834969|41835223	0.00349130791544753	0.172	0.7893333333333333	0.617	497	NA	NA	NA	NA	41834739	41834893	41834969	41835223	NA	NA	NA	NA	NA	NA	NA	41834739	41835223	48,43,40,36,40,23	48,49,38,45,38,50	0,0,0,0,0,0	18,9,11,31,20,22	NA	NA	NA	NA	NA	1597	chr15	+	NA	NA	NA	NA	NA	NA	1597	71,72,79	26,19,22	22,65,62	8,23,26	225	149	0.296902430681	0.5073553420720314	0.644,0.715,0.704	0.646,0.652,0.612	0.051	NA	NA	NA	NA	0.5073553420720314	0.051	0.6876666666666666	0.6366666666666667	495	NA	NA	NA	NA	41834739	41834893	41834969	41835223	NA	NA	NA	NA	NA	NA	NA	41834739	41835223	39,65,47,6,50,35	51,53,56,18,31,36	0,0,0,0,0,0	26,19,22,8,23,26	NA	NA	NA	NA	NA
1598	ENSG00000168970.22	JMJD7-PLA2G4B	chr15	+	NA	NA	NA	NA	NA	NA	1598	214,147,189	38,30,20	52,127,93	43,33,42	378	149	1.52624399637e-4	0.0011698660232176	0.689,0.659,0.788	0.323,0.603,0.466	0.248	NA	NA	NA	NA	RI	chr15|+|41836474|41836940|41836474|41836551|41836780|41836940	0.0011698660232176	0.248	0.712	0.464	1028	NA	NA	NA	NA	41836474	41836551	41836780	41836940	NA	NA	NA	NA	NA	NA	NA	41836474	41836940	101,64,79,21,43,18	44,47,67,11,11,52	69,36,43,20,73,23	38,30,20,43,33,42	NA	NA	NA	NA	NA	1598	chr15	+	NA	NA	NA	NA	NA	NA	1598	93,154,114	28,14,33	104,64,188	21,52,44	378	149	0.183526155927	0.3551151732275402	0.567,0.813,0.577	0.661,0.327,0.627	0.114	NA	NA	NA	NA	0.3551151732275402	0.114	0.6523333333333333	0.5383333333333333	909	NA	NA	NA	NA	41836474	41836551	41836780	41836940	NA	NA	NA	NA	NA	NA	NA	41836474	41836940	58,67,27,70,34,64	11,41,33,12,16,36	24,46,54,22,14,88	28,14,33,21,52,44	NA	NA	NA	NA	NA
1606	ENSG00000137802.14	MAPKBP1	chr15	+	NA	NA	NA	NA	NA	NA	1606	454,296,538	62,40,74	306,242,254	92,57,71	364	149	4.39036906053e-7	7.69192659404856e-6	0.75,0.752,0.748	0.577,0.635,0.594	0.148	NA	NA	NA	NA	RI	chr15|+|41819245|41819650|41819245|41819379|41819594|41819650	7.69192659404856e-6	0.148	0.75	0.602	2486	NA	NA	NA	NA	41819245	41819379	41819594	41819650	NA	NA	NA	NA	NA	NA	NA	41819245	41819650	199,131,278,145,94,137	238,139,236,133,123,110	17,26,24,28,25,7	62,40,74,92,57,71	NA	NA	NA	NA	NA	1606	chr15	+	NA	NA	NA	NA	NA	NA	1606	499,287,438	59,56,115	306,287,341	58,69,107	364	149	0.116545382923	0.2502017658983281	0.776,0.677,0.609	0.684,0.63,0.566	0.061	NA	NA	NA	NA	0.2502017658983281	0.061	0.6873333333333334	0.6266666666666667	2622	NA	NA	NA	NA	41819245	41819379	41819594	41819650	NA	NA	NA	NA	NA	NA	NA	41819245	41819650	165,158,225,141,97,149	275,117,190,134,173,128	59,12,23,31,17,64	59,56,115,58,69,107	NA	NA	NA	NA	NA
1617	ENSG00000176454.15	LPCAT4	chr15	-	NA	NA	NA	NA	NA	NA	1617	80,64,59	24,35,21	11,3,8	25,13,38	514	149	1.88737914186e-15	1.8370490314104e-13	0.491,0.346,0.449	0.113,0.063,0.058	0.351	NA	NA	NA	NA	RI	chr15|-|34359588|34360209|34359588|34359745|34360110|34360209	1.8370490314104e-13	0.351	0.42866666666666664	0.078	381	NA	NA	NA	NA	34359588	34359745	34360110	34360209	NA	NA	NA	NA	NA	NA	NA	34359588	34360209	50,36,28,10,0,4	4,7,8,0,2,3	26,21,23,1,1,1	24,35,21,25,13,38	NA	NA	NA	NA	NA	1617	chr15	-	NA	NA	NA	NA	NA	NA	1617	20,73,56	45,50,46	14,16,22	6,34,18	514	149	0.910117393132	1	0.114,0.297,0.261	0.403,0.12,0.262	-0.038	NA	NA	NA	NA	1	-0.038	0.224	0.26166666666666666	400	NA	NA	NA	NA	34359588	34359745	34360110	34360209	NA	NA	NA	NA	NA	NA	NA	34359588	34360209	8,40,39,7,12,15	0,8,13,5,0,7	12,25,4,2,4,0	45,50,46,6,34,18	NA	NA	NA	NA	NA
1666	ENSG00000100697.17	DICER1	chr14	-	NA	NA	NA	NA	NA	NA	1666	709,539,615	46,53,40	233,336,346	46,55,52	2671	149	4.81736686764e-7	8.344659218183186e-6	0.462,0.362,0.462	0.22,0.254,0.271	0.18	NA	NA	NA	NA	RI	chr14|-|95091202|95094156|95091202|95091365|95093887|95094156	8.344659218183186e-6	0.18	0.4286666666666667	0.24833333333333335	3070	NA	NA	NA	NA	95091202	95091365	95093887	95094156	NA	NA	NA	NA	NA	NA	NA	95091202	95094156	65,14,25,30,72,17	25,30,28,3,20,9	619,495,562,200,244,320	46,53,40,46,55,52	NA	NA	NA	NA	NA	1666	chr14	-	NA	NA	NA	NA	NA	NA	1666	292,522,572	58,67,79	255,224,236	44,53,63	2671	149	0.00512800726844	0.02063160286083222	0.219,0.303,0.288	0.244,0.191,0.173	0.067	NA	NA	NA	NA	0.02063160286083222	0.067	0.27	0.20266666666666666	2465	NA	NA	NA	NA	95091202	95091365	95093887	95094156	NA	NA	NA	NA	NA	NA	NA	95091202	95094156	12,53,29,48,14,16	8,25,24,11,6,15	272,444,519,196,204,205	58,67,79,44,53,63	NA	NA	NA	NA	NA
1743	ENSG00000126458.4	RRAS	chr19	-	NA	NA	NA	NA	NA	NA	1743	8,4,17	0,0,1	4,3,1	6,2,0	265	149	1.89944532977e-5	1.9741353834151e-4	1.0,1.0,0.905	0.273,0.458,1.0	0.391	NA	NA	NA	NA	RI	chr19|-|49636823|49637130|49636823|49636926|49637042|49637130	1.9741353834151e-4	0.391	0.9683333333333334	0.577	46	NA	NA	NA	NA	49636823	49636926	49637042	49637130	NA	NA	NA	NA	NA	NA	NA	49636823	49637130	1,4,10,1,3,0	7,0,7,3,0,1	0,0,0,0,0,0	0,0,1,6,2,0	NA	NA	NA	NA	NA	1743	chr19	-	NA	NA	NA	NA	NA	NA	1743	2,0,46	1,0,0	13,0,23	0,2,14	265	149	1	1	0.529,NA,1.0	1.0,0.0,0.48	0.271	NA	NA	NA	NA	1	0.271	0.7645	0.4933333333333333	101	NA	NA	NA	NA	49636823	49636926	49637042	49637130	NA	NA	NA	NA	NA	NA	NA	49636823	49637130	1,0,42,0,0,6	1,0,4,13,0,17	0,0,0,0,0,0	1,0,0,0,2,14	NA	NA	NA	NA	NA
1756	ENSG00000100949.15	RABGGTA	chr14	-	NA	NA	NA	NA	NA	NA	1756	1,6,6	1,9,0	0,0,3	1,17,2	263	149	0.00118668501923	0.0063775219438373	0.362,0.274,1.0	0.0,0.0,0.459	0.392	NA	NA	NA	NA	RI	chr14|-|24270836|24271169|24270836|24270998|24271112|24271169	0.0063775219438373	0.392	0.5453333333333333	0.15300000000000002	46	NA	NA	NA	NA	24270836	24270998	24271112	24271169	NA	NA	NA	NA	NA	NA	NA	24270836	24271169	0,6,6,0,0,1	1,2,4,0,0,2	0,0,0,0,0,0	1,9,0,1,17,2	NA	NA	NA	NA	NA	1756	chr14	-	NA	NA	NA	NA	NA	NA	1756	0,11,4	3,0,8	10,8,8	6,4,2	263	149	0.402716465246	0.6319810721417054	0.0,1.0,0.221	0.486,0.531,0.694	-0.163	NA	NA	NA	NA	0.6319810721417054	-0.163	0.40700000000000003	0.5703333333333334	64	NA	NA	NA	NA	24270836	24270998	24271112	24271169	NA	NA	NA	NA	NA	NA	NA	24270836	24271169	0,6,4,1,2,8	0,11,1,10,6,3	0,0,0,0,0,0	3,0,8,6,4,2	NA	NA	NA	NA	NA
1757	ENSG00000092330.19	TINF2	chr14	-	NA	NA	NA	NA	NA	NA	1757	16,15,36	0,0,6	12,11,35	17,14,7	281	149	5.2864534562e-5	4.7117053188108e-4	1.0,1.0,0.761	0.272,0.294,0.726	0.49	NA	NA	NA	NA	RI	chr14|-|24239668|24240155|24239668|24239931|24240063|24240155	4.7117053188108e-4	0.49	0.9203333333333333	0.43066666666666664	169	NA	NA	NA	NA	24239668	24239931	24240063	24240155	NA	NA	NA	NA	NA	NA	NA	24239668	24240155	0,0,1,1,4,0	16,15,35,11,10,35	0,0,0,0,0,0	0,0,6,17,14,7	NA	NA	NA	NA	NA	1757	chr14	-	NA	NA	NA	NA	NA	NA	1757	8,27,38	22,19,8	14,13,11	1,8,4	281	149	0.149799644027	0.30265642364638773	0.162,0.43,0.716	0.881,0.463,0.593	-0.21	NA	NA	NA	NA	0.30265642364638773	-0.21	0.436	0.6456666666666666	173	NA	NA	NA	NA	24239668	24239931	24240063	24240155	NA	NA	NA	NA	NA	NA	NA	24239668	24240155	4,0,1,3,0,0	4,27,37,14,13,11	0,0,0,0,0,0	22,19,8,1,8,4	NA	NA	NA	NA	NA
1759	ENSG00000092330.19	TINF2	chr14	-	NA	NA	NA	NA	NA	NA	1759	19,29,24	12,51,21	11,18,23	32,27,63	237	149	0.010634263414	0.03749816173355262	0.499,0.263,0.418	0.178,0.295,0.187	0.173	NA	NA	NA	NA	RI	chr14|-|24239681|24240875|24239681|24240330|24240418|24240875	0.03749816173355262	0.173	0.3933333333333333	0.22	330	NA	NA	NA	NA	24239681	24240330	24240418	24240875	NA	NA	NA	NA	NA	NA	NA	24239681	24240875	15,26,20,11,18,17	4,11,4,5,8,9	0,0,0,0,0,0	12,51,21,32,27,63	NA	NA	NA	NA	NA	1759	chr14	-	NA	NA	NA	NA	NA	NA	1759	1,9,31	32,54,61	3,32,3	18,28,46	237	149	0.669582124882	0.8834621918641901	0.019,0.095,0.242	0.095,0.418,0.039	-0.065	NA	NA	NA	NA	0.8834621918641901	-0.065	0.11866666666666667	0.184	318	NA	NA	NA	NA	24239681	24240330	24240418	24240875	NA	NA	NA	NA	NA	NA	NA	24239681	24240875	1,9,26,3,32,0	1,0,13,0,0,3	0,0,0,0,0,0	32,54,61,18,28,46	NA	NA	NA	NA	NA
1800	ENSG00000213928.10	IRF9	chr14	+	NA	NA	NA	NA	NA	NA	1800	55,37,54	0,0,0	19,34,44	3,0,3	601	149	0.00159465300772	0.0080947121219694	1.0,1.0,1.0	0.611,1.0,0.784	0.202	NA	NA	NA	NA	RI	chr14|+|24164062|24164955|24164062|24164134|24164586|24164955	0.0080947121219694	0.202	1	0.7983333333333333	249	NA	NA	NA	NA	24164062	24164134	24164586	24164955	NA	NA	NA	NA	NA	NA	NA	24164062	24164955	20,11,26,8,11,24	0,6,1,0,1,3	35,20,27,11,22,17	0,0,0,3,0,3	NA	NA	NA	NA	NA	1800	chr14	+	NA	NA	NA	NA	NA	NA	1800	55,55,43	7,0,0	17,38,29	0,16,0	601	149	0.600528253854	0.8266476659410973	0.661,1.0,1.0	1.0,0.371,1.0	0.097	NA	NA	NA	NA	0.8266476659410973	0.097	0.887	0.7903333333333333	260	NA	NA	NA	NA	24164062	24164134	24164586	24164955	NA	NA	NA	NA	NA	NA	NA	24164062	24164955	33,21,17,8,24,18	0,3,4,1,2,7	22,31,22,8,12,4	7,0,0,0,16,0	NA	NA	NA	NA	NA
1825	ENSG00000161996.19	WDR90	chr16	+	NA	NA	NA	NA	NA	NA	1825	75,102,94	205,138,123	37,57,36	152,144,142	308	149	3.88164578549e-5	3.6283920665586e-4	0.15,0.263,0.27	0.105,0.161,0.109	0.103	NA	NA	NA	NA	RI	chr16|+|655057|655468|655057|655147|655306|655468	3.6283920665586e-4	0.103	0.22766666666666668	0.125	1305	NA	NA	NA	NA	655057	655147	655306	655468	NA	NA	NA	NA	NA	NA	NA	655057	655468	24,47,33,21,18,23	40,54,61,16,29,12	11,1,0,0,10,1	205,138,123,152,144,142	NA	NA	NA	NA	NA	1825	chr16	+	NA	NA	NA	NA	NA	NA	1825	70,71,92	129,219,154	33,53,49	170,121,120	308	149	0.0272536317547	0.07886185058295798	0.208,0.136,0.224	0.086,0.175,0.165	0.047	NA	NA	NA	NA	0.07886185058295798	0.047	0.18933333333333333	0.142	1281	NA	NA	NA	NA	655057	655147	655306	655468	NA	NA	NA	NA	NA	NA	NA	655057	655468	42,41,49,17,26,31	27,30,42,16,26,18	1,0,1,0,1,0	129,219,154,170,121,120	NA	NA	NA	NA	NA
1836	ENSG00000213983.12	AP1G2	chr14	-	NA	NA	NA	NA	NA	NA	1836	49,75,65	2,3,3	9,24,28	5,4,6	255	149	2.04548908663e-4	0.00148789312920701	0.935,0.936,0.927	0.513,0.778,0.732	0.258	NA	NA	NA	NA	RI	chr14|-|23563583|23563856|23563583|23563609|23563715|23563856	0.00148789312920701	0.258	0.9326666666666668	0.6743333333333333	273	NA	NA	NA	NA	23563583	23563609	23563715	23563856	NA	NA	NA	NA	NA	NA	NA	23563583	23563856	48,71,48,8,20,12	6,4,17,1,6,19	0,0,0,0,0,0	2,3,3,5,4,6	NA	NA	NA	NA	NA	1836	chr14	-	NA	NA	NA	NA	NA	NA	1836	56,32,61	5,11,13	9,34,32	5,11,8	255	149	0.196278953558	0.3732142948793331	0.867,0.63,0.733	0.513,0.644,0.7	0.124	NA	NA	NA	NA	0.3732142948793331	0.124	0.7433333333333333	0.619	277	NA	NA	NA	NA	23563583	23563609	23563715	23563856	NA	NA	NA	NA	NA	NA	NA	23563583	23563856	56,30,60,9,34,32	0,3,5,0,4,0	0,0,0,0,0,0	5,11,13,5,11,8	NA	NA	NA	NA	NA
1839	ENSG00000213983.12	AP1G2	chr14	-	NA	NA	NA	NA	NA	NA	1839	63,66,65	43,64,61	8,32,32	62,40,69	263	149	3.8889892372e-5	3.6291669637631e-4	0.454,0.369,0.376	0.068,0.312,0.208	0.204	NA	NA	NA	NA	RI	chr14|-|23565605|23566160|23565605|23565701|23565815|23566160	3.6291669637631e-4	0.204	0.39966666666666667	0.196	605	NA	NA	NA	NA	23565605	23565701	23565815	23566160	NA	NA	NA	NA	NA	NA	NA	23565605	23566160	46,65,51,4,16,24	23,5,17,2,16,11	0,0,2,2,0,0	43,64,61,62,40,69	NA	NA	NA	NA	NA	1839	chr14	-	NA	NA	NA	NA	NA	NA	1839	70,73,85	45,64,70	16,33,50	63,80,28	263	149	0.0202710386807	0.06277784748346016	0.468,0.393,0.408	0.126,0.189,0.503	0.15	NA	NA	NA	NA	0.06277784748346016	0.15	0.423	0.27266666666666667	677	NA	NA	NA	NA	23565605	23565701	23565815	23566160	NA	NA	NA	NA	NA	NA	NA	23565605	23566160	55,60,48,11,29,34	15,15,41,6,5,21	0,6,0,0,0,0	45,64,70,63,80,28	NA	NA	NA	NA	NA
1848	ENSG00000103653.17	CSK	chr15	+	NA	NA	NA	NA	NA	NA	1848	198,233,163	182,205,161	42,81,94	99,104,145	324	149	5.88266518222e-5	5.16058696672e-4	0.333,0.343,0.318	0.163,0.264,0.23	0.112	NA	NA	NA	NA	RI	chr15|+|74800411|74800746|74800411|74800505|74800680|74800746	5.16058696672e-4	0.112	0.33133333333333337	0.219	1707	NA	NA	NA	NA	74800411	74800505	74800680	74800746	NA	NA	NA	NA	NA	NA	NA	74800411	74800746	58,101,28,23,29,18	99,106,99,11,37,58	41,26,36,8,15,18	182,205,161,99,104,145	NA	NA	NA	NA	NA	1848	chr15	+	NA	NA	NA	NA	NA	NA	1848	136,253,229	207,203,252	32,57,92	62,87,96	324	149	0.148302336416	0.3002188128121599	0.232,0.364,0.295	0.192,0.232,0.306	0.054	NA	NA	NA	NA	0.3002188128121599	0.054	0.297	0.24333333333333335	1706	NA	NA	NA	NA	74800411	74800505	74800680	74800746	NA	NA	NA	NA	NA	NA	NA	74800411	74800746	45,82,103,19,20,16	79,89,102,13,34,37	12,82,24,0,3,39	207,203,252,62,87,96	NA	NA	NA	NA	NA
1858	ENSG00000165801.10	ARHGEF40	chr14	+	NA	NA	NA	NA	NA	NA	1858	59,127,27	24,59,2	15,16,22	11,18,20	641	149	0.00753831997495	0.02825487658092506	0.364,0.333,0.758	0.241,0.171,0.204	0.28	NA	NA	NA	NA	RI	chr14|+|21080872|21082119|21080872|21081016|21081508|21082119	0.02825487658092506	0.28	0.485	0.20533333333333334	400	NA	NA	NA	NA	21080872	21081016	21081508	21082119	NA	NA	NA	NA	NA	NA	NA	21080872	21082119	14,9,2,0,8,0	15,19,2,1,4,9	30,99,23,14,4,13	24,59,2,11,18,20	NA	NA	NA	NA	NA	1858	chr14	+	NA	NA	NA	NA	NA	NA	1858	29,17,15	33,22,12	2,12,21	5,20,20	641	149	0.485448841278	0.7203011185449243	0.17,0.152,0.225	0.085,0.122,0.196	0.048	NA	NA	NA	NA	0.7203011185449243	0.048	0.18233333333333335	0.13433333333333333	208	NA	NA	NA	NA	21080872	21081016	21081508	21082119	NA	NA	NA	NA	NA	NA	NA	21080872	21082119	0,0,0,0,2,0	9,13,0,2,1,18	20,4,15,0,9,3	33,22,12,5,20,20	NA	NA	NA	NA	NA
1873	ENSG00000100014.20	SPECC1L	chr22	+	NA	NA	NA	NA	NA	NA	1873	55,24,62	2,0,1	36,21,64	4,9,3	230	149	7.91006936864e-5	6.6444582696576e-4	0.947,1.0,0.976	0.854,0.602,0.933	0.178	NA	NA	NA	NA	RI	chr22|+|24321287|24322918|24321287|24321323|24321404|24322918	6.6444582696576e-4	0.178	0.9743333333333333	0.7963333333333333	281	NA	NA	NA	NA	24321287	24321323	24321404	24322918	NA	NA	NA	NA	NA	NA	NA	24321287	24322918	34,14,41,22,1,35	22,12,24,18,20,30	0,0,0,0,0,0	2,0,1,4,9,3	NA	NA	NA	NA	NA	1873	chr22	+	NA	NA	NA	NA	NA	NA	1873	19,13,42	3,1,1	27,47,15	1,0,0	230	149	0.0927036117512	0.21070271410067623	0.804,0.894,0.965	0.946,1.0,1.0	-0.094	NA	NA	NA	NA	0.21070271410067623	-0.094	0.8876666666666667	0.982	169	NA	NA	NA	NA	24321287	24321323	24321404	24322918	NA	NA	NA	NA	NA	NA	NA	24321287	24322918	15,12,38,13,26,7	4,2,4,16,22,8	0,0,0,0,0,0	3,1,1,1,0,0	NA	NA	NA	NA	NA
1878	ENSG00000134899.24	ERCC5	chr13	+	NA	NA	NA	NA	NA	NA	1878	194,174,219	35,22,38	88,73,115	28,17,32	564	149	0.00428206085647	0.01814623163225573	0.594,0.676,0.604	0.454,0.531,0.487	0.134	NA	NA	NA	NA	RI	chr13|+|102853756|102854374|102853756|102853872|102854287|102854374	0.01814623163225573	0.134	0.6246666666666667	0.4906666666666667	1035	NA	NA	NA	NA	102853756	102853872	102854287	102854374	NA	NA	NA	NA	NA	NA	NA	102853756	102854374	78,102,110,50,35,52	67,40,53,22,31,30	49,32,56,16,7,33	35,22,38,28,17,32	NA	NA	NA	NA	NA	1878	chr13	+	NA	NA	NA	NA	NA	NA	1878	164,190,154	46,24,51	67,62,102	21,34,43	564	149	0.0210181779686	0.06433381782215243	0.485,0.677,0.444	0.457,0.325,0.385	0.146	NA	NA	NA	NA	0.06433381782215243	0.146	0.5353333333333333	0.389	958	NA	NA	NA	NA	102853756	102853872	102854287	102854374	NA	NA	NA	NA	NA	NA	NA	102853756	102854374	32,69,58,46,24,54	50,64,69,11,17,29	82,57,27,10,21,19	46,24,51,21,34,43	NA	NA	NA	NA	NA
1884	ENSG00000125247.16	TMTC4	chr13	-	NA	NA	NA	NA	NA	NA	1884	17,16,7	13,7,23	0,0,2	5,6,33	236	149	8.60182347573e-9	2.293320937094624e-7	0.452,0.591,0.161	0.0,0.0,0.037	0.389	NA	NA	NA	NA	RI	chr13|-|100634804|100635195|100634804|100634936|100635023|100635195	2.293320937094624e-7	0.389	0.4013333333333333	0.012333333333333332	129	NA	NA	NA	NA	100634804	100634936	100635023	100635195	NA	NA	NA	NA	NA	NA	NA	100634804	100635195	14,10,4,0,0,1	9,6,7,0,0,1	0,0,0,0,0,0	13,7,23,5,6,33	NA	NA	NA	NA	NA	1884	chr13	-	NA	NA	NA	NA	NA	NA	1884	4,17,2	9,41,25	0,1,4	0,5,4	236	149	1	1	0.219,0.207,0.048	NA,0.112,0.387	-0.091	NA	NA	NA	NA	1	-0.091	0.158	0.2495	112	NA	NA	NA	NA	100634804	100634936	100635023	100635195	NA	NA	NA	NA	NA	NA	NA	100634804	100635195	1,13,0,0,1,4	3,13,2,0,0,4	0,0,0,0,0,0	9,41,25,0,5,4	NA	NA	NA	NA	NA
1886	ENSG00000088387.22	DOCK9	chr13	-	NA	NA	NA	NA	NA	NA	1886	40,24,16	2,4,3	20,40,4	10,6,12	4522	149	0.00385702813276	0.01664412140048157	0.397,0.165,0.149	0.062,0.18,0.011	0.153	NA	NA	NA	NA	RI	chr13|-|98855897|98860522|98855897|98856031|98860404|98860522	0.01664412140048157	0.153	0.23700000000000002	0.08433333333333333	181	NA	NA	NA	NA	98855897	98856031	98860404	98860522	NA	NA	NA	NA	NA	NA	NA	98855897	98860522	1,0,0,0,0,0	0,0,0,0,0,0	39,24,16,20,40,4	2,4,3,10,6,12	NA	NA	NA	NA	NA	1886	chr13	-	NA	NA	NA	NA	NA	NA	1886	48,17,17	6,21,14	36,37,8	2,8,4	4522	149	0.0303905663581	0.08644777684247099	0.209,0.026,0.038	0.372,0.132,0.062	-0.098	NA	NA	NA	NA	0.08644777684247099	-0.098	0.091	0.18866666666666668	218	NA	NA	NA	NA	98855897	98856031	98860404	98860522	NA	NA	NA	NA	NA	NA	NA	98855897	98860522	0,0,6,0,15,0	0,0,0,0,0,4	48,17,11,36,22,4	6,21,14,2,8,4	NA	NA	NA	NA	NA
1924	ENSG00000120699.14	EXOSC8	chr13	+	NA	NA	NA	NA	NA	NA	1924	668,466,476	80,71,70	352,411,418	114,57,109	1599	149	0.00432661777589	0.01827442503078598	0.438,0.379,0.388	0.223,0.402,0.263	0.106	NA	NA	NA	NA	RI	chr13|+|37000785|37002309|37000785|37000822|37002272|37002309	0.01827442503078598	0.106	0.40166666666666667	0.29600000000000004	3292	NA	NA	NA	NA	37000785	37000822	37002272	37002309	NA	NA	NA	NA	NA	NA	NA	37000785	37002309	34,32,37,16,41,27	18,53,16,11,43,25	616,381,423,325,327,366	80,71,70,114,57,109	NA	NA	NA	NA	NA	1924	chr13	+	NA	NA	NA	NA	NA	NA	1924	532,495,690	67,71,98	396,432,497	52,104,70	1599	149	0.216461672741	0.400985288859785	0.425,0.394,0.396	0.415,0.279,0.398	0.041	NA	NA	NA	NA	0.400985288859785	0.041	0.405	0.364	3504	NA	NA	NA	NA	37000785	37000822	37002272	37002309	NA	NA	NA	NA	NA	NA	NA	37000785	37002309	54,57,48,5,37,13	47,66,63,22,58,59	431,372,579,369,337,425	67,71,98,52,104,70	NA	NA	NA	NA	NA
1927	ENSG00000120699.14	EXOSC8	chr13	+	NA	NA	NA	NA	NA	NA	1927	63,104,100	122,184,123	29,41,39	155,143,207	327	149	5.10513853413e-12	2.630647856410518e-10	0.19,0.205,0.27	0.079,0.116,0.079	0.13	NA	NA	NA	NA	RI	chr13|+|37000787|37002551|37000787|37002309|37002487|37002551	2.630647856410518e-10	0.13	0.22166666666666668	0.09133333333333334	1310	NA	NA	NA	NA	37000787	37002309	37002487	37002551	NA	NA	NA	NA	NA	NA	NA	37000787	37002551	13,20,20,5,13,18	46,76,74,21,22,20	4,8,6,3,6,1	122,184,123,155,143,207	NA	NA	NA	NA	NA	1927	chr13	+	NA	NA	NA	NA	NA	NA	1927	48,107,56	125,145,218	40,47,63	107,203,169	327	149	0.0875419973359	0.2010901947171929	0.149,0.252,0.105	0.146,0.095,0.145	0.04	NA	NA	NA	NA	0.2010901947171929	0.04	0.16866666666666666	0.12866666666666665	1328	NA	NA	NA	NA	37000787	37002309	37002487	37002551	NA	NA	NA	NA	NA	NA	NA	37000787	37002551	20,62,13,12,18,32	28,37,38,16,26,24	0,8,5,12,3,7	125,145,218,107,203,169	NA	NA	NA	NA	NA
1945	ENSG00000032742.18	IFT88	chr13	+	NA	NA	NA	NA	NA	NA	1945	72,95,49	3,3,20	51,24,36	10,11,12	251	149	0.0125634851988	0.04277584188730794	0.934,0.949,0.593	0.752,0.564,0.64	0.173	NA	NA	NA	NA	RI	chr13|+|20601704|20601933|20601704|20601748|20601850|20601933	0.04277584188730794	0.173	0.8253333333333334	0.652	386	NA	NA	NA	NA	20601704	20601748	20601850	20601933	NA	NA	NA	NA	NA	NA	NA	20601704	20601933	42,73,44,34,16,27	62,38,24,39,16,17	0,0,0,0,0,0	3,3,20,10,11,12	NA	NA	NA	NA	NA	1945	chr13	+	NA	NA	NA	NA	NA	NA	1945	17,70,75	2,8,28	101,41,46	3,21,21	251	149	0.824635477061	1	0.835,0.839,0.614	0.952,0.537,0.565	0.078	NA	NA	NA	NA	1	0.078	0.7626666666666666	0.6846666666666666	433	NA	NA	NA	NA	20601704	20601748	20601850	20601933	NA	NA	NA	NA	NA	NA	NA	20601704	20601933	15,47,36,62,33,34	8,47,61,69,9,20	0,0,0,0,0,0	2,8,28,3,21,21	NA	NA	NA	NA	NA
1962	ENSG00000185163.10	DDX51	chr12	-	NA	NA	NA	NA	NA	NA	1962	58,83,68	53,43,48	30,25,37	33,68,46	392	149	1.80826152595e-4	0.00134566258217541	0.294,0.423,0.35	0.257,0.123,0.234	0.151	NA	NA	NA	NA	RI	chr12|-|132141497|132141956|132141497|132141606|132141849|132141956	0.00134566258217541	0.151	0.35566666666666663	0.20466666666666666	592	NA	NA	NA	NA	132141497	132141606	132141849	132141956	NA	NA	NA	NA	NA	NA	NA	132141497	132141956	28,38,36,11,14,27	16,33,26,19,11,9	14,12,6,0,0,1	53,43,48,33,68,46	NA	NA	NA	NA	NA	1962	chr12	-	NA	NA	NA	NA	NA	NA	1962	80,53,97	29,49,75	19,30,57	17,52,29	392	149	0.232845643273	0.42275170973669163	0.512,0.291,0.33	0.298,0.18,0.428	0.076	NA	NA	NA	NA	0.42275170973669163	0.076	0.37766666666666665	0.302	587	NA	NA	NA	NA	132141497	132141606	132141849	132141956	NA	NA	NA	NA	NA	NA	NA	132141497	132141956	49,34,64,5,22,42	14,9,29,8,5,14	17,10,4,6,3,1	29,49,75,17,52,29	NA	NA	NA	NA	NA
2021	ENSG00000186815.13	TPCN1	chr12	+	NA	NA	NA	NA	NA	NA	2021	172,179,196	102,73,42	94,188,102	76,66,127	1124	149	0.00811871614157	0.03013557347464118	0.183,0.245,0.382	0.141,0.274,0.096	0.1	NA	NA	NA	NA	RI	chr12|+|113291873|113293073|113291873|113291958|113292933|113293073	0.03013557347464118	0.1	0.27	0.17033333333333334	1417	NA	NA	NA	NA	113291873	113291958	113292933	113293073	NA	NA	NA	NA	NA	NA	NA	113291873	113293073	16,25,30,21,20,14	29,39,36,12,46,13	127,115,130,61,122,75	102,73,42,76,66,127	NA	NA	NA	NA	NA	2021	chr12	+	NA	NA	NA	NA	NA	NA	2021	198,273,212	100,71,110	137,181,158	85,104,121	1124	149	0.00477996181127	0.01943851136583133	0.208,0.338,0.203	0.176,0.187,0.148	0.079	NA	NA	NA	NA	0.01943851136583133	0.079	0.24966666666666668	0.17033333333333334	1750	NA	NA	NA	NA	113291873	113291958	113292933	113293073	NA	NA	NA	NA	NA	NA	NA	113291873	113293073	54,35,49,21,47,35	10,95,25,20,22,28	134,143,138,96,112,95	100,71,110,85,104,121	NA	NA	NA	NA	NA
2050	ENSG00000094631.22	HDAC6	chrX	+	NA	NA	NA	NA	NA	NA	2050	74,49,38	20,27,41	25,11,5	30,23,17	845	149	1.01620667066e-4	8.2754041228248e-4	0.395,0.242,0.14	0.128,0.078,0.049	0.174	NA	NA	NA	NA	RI	chrX|+|48805630|48806464|48805630|48805671|48806367|48806464	8.2754041228248e-4	0.174	0.259	0.085	360	NA	NA	NA	NA	48805630	48805671	48806367	48806464	NA	NA	NA	NA	NA	NA	NA	48805630	48806464	3,0,0,4,0,1	20,14,19,0,7,2	51,35,19,21,4,2	20,27,41,30,23,17	NA	NA	NA	NA	NA	2050	chrX	+	NA	NA	NA	NA	NA	NA	2050	38,52,61	36,49,30	6,16,31	20,14,15	845	149	0.299130478865	0.5102180319177704	0.157,0.158,0.264	0.05,0.168,0.267	0.031	NA	NA	NA	NA	0.5102180319177704	0.031	0.193	0.16166666666666668	368	NA	NA	NA	NA	48805630	48805671	48806367	48806464	NA	NA	NA	NA	NA	NA	NA	48805630	48806464	1,5,7,0,1,14	18,5,18,2,6,6	19,42,36,4,9,11	36,49,30,20,14,15	NA	NA	NA	NA	NA
2052	ENSG00000094631.22	HDAC6	chrX	+	NA	NA	NA	NA	NA	NA	2052	3,8,14	22,29,18	1,2,0	11,9,35	293	149	1.8635832651e-5	1.9401515418664e-4	0.065,0.123,0.283	0.044,0.102,0.0	0.108	NA	NA	NA	NA	RI	chrX|+|48805630|48806706|48805630|48806464|48806608|48806706	1.9401515418664e-4	0.108	0.157	0.048666666666666664	152	NA	NA	NA	NA	48805630	48806464	48806608	48806706	NA	NA	NA	NA	NA	NA	NA	48805630	48806706	2,8,11,0,2,0	1,0,3,1,0,0	0,0,0,0,0,0	22,29,18,11,9,35	NA	NA	NA	NA	NA	2052	chrX	+	NA	NA	NA	NA	NA	NA	2052	2,0,8	13,73,48	0,1,0	39,20,5	293	149	0.0339369700562	0.09444486735916673	0.073,0.0,0.078	0.0,0.025,0.0	0.042	NA	NA	NA	NA	0.09444486735916673	0.042	0.050333333333333334	0.008333333333333335	209	NA	NA	NA	NA	48805630	48806464	48806608	48806706	NA	NA	NA	NA	NA	NA	NA	48805630	48806706	2,0,0,0,1,0	0,0,8,0,0,0	0,0,0,0,0,0	13,73,48,39,20,5	NA	NA	NA	NA	NA
2067	ENSG00000133641.18	RLIG1	chr12	+	NA	NA	NA	NA	NA	NA	2067	340,228,318	19,19,29	166,150,217	21,18,47	2015	149	0.00103251480655	0.00574535462229092	0.57,0.47,0.448	0.369,0.381,0.255	0.161	NA	NA	NA	NA	RI	chr12|+|88043598|88045779|88043598|88043715|88045581|88045779	0.00574535462229092	0.161	0.496	0.335	1572	NA	NA	NA	NA	88043598	88043715	88045581	88045779	NA	NA	NA	NA	NA	NA	NA	88043598	88045779	7,22,12,0,2,19	19,3,1,4,29,30	314,203,305,162,119,168	19,19,29,21,18,47	NA	NA	NA	NA	NA	2067	chr12	+	NA	NA	NA	NA	NA	NA	2067	242,305,306	34,19,17	202,158,146	8,3,20	2015	149	0.327996333434	0.5447875433762649	0.345,0.543,0.571	0.651,0.796,0.351	-0.113	NA	NA	NA	NA	0.5447875433762649	-0.113	0.48633333333333334	0.5993333333333334	1460	NA	NA	NA	NA	88043598	88043715	88045581	88045779	NA	NA	NA	NA	NA	NA	NA	88043598	88045779	3,13,10,13,8,6	11,17,6,7,5,1	228,275,290,182,145,139	34,19,17,8,3,20	NA	NA	NA	NA	NA
2089	ENSG00000140365.16	COMMD4	chr15	+	NA	NA	NA	NA	NA	NA	2089	1653,1611,1817	217,198,183	710,1063,1050	137,172,251	370	149	1.80032281449e-6	2.561387354629392e-5	0.754,0.766,0.8	0.676,0.713,0.628	0.101	NA	NA	NA	NA	RI	chr15|+|75338061|75338420|75338061|75338133|75338354|75338420	2.561387354629392e-5	0.101	0.7733333333333333	0.6723333333333333	9062	NA	NA	NA	NA	75338061	75338133	75338354	75338420	NA	NA	NA	NA	NA	NA	NA	75338061	75338420	454,618,674,264,417,383	917,800,824,360,470,474	282,193,319,86,176,193	217,198,183,137,172,251	NA	NA	NA	NA	NA	2089	chr15	+	NA	NA	NA	NA	NA	NA	2089	1230,1586,1609	188,271,261	635,1040,719	157,191,189	370	149	0.00162691347806	0.00797478124513339	0.725,0.702,0.713	0.62,0.687,0.605	0.076	NA	NA	NA	NA	0.00797478124513339	0.076	0.7133333333333333	0.6373333333333333	8076	NA	NA	NA	NA	75338061	75338133	75338354	75338420	NA	NA	NA	NA	NA	NA	NA	75338061	75338420	450,587,450,134,295,251	557,792,868,403,476,355	223,207,291,98,269,113	188,271,261,157,191,189	NA	NA	NA	NA	NA
2124	ENSG00000166987.15	MBD6	chr12	+	NA	NA	NA	NA	NA	NA	2124	62,139,116	171,174,127	29,60,80	147,182,168	336	149	1.60868131523e-4	0.00121632969482001	0.139,0.262,0.288	0.08,0.128,0.174	0.102	NA	NA	NA	NA	RI	chr12|+|57524028|57524416|57524028|57524092|57524279|57524416	0.00121632969482001	0.102	0.22966666666666666	0.12733333333333333	1455	NA	NA	NA	NA	57524028	57524092	57524279	57524416	NA	NA	NA	NA	NA	NA	NA	57524028	57524416	18,51,72,20,22,31	35,44,38,5,32,41	9,44,6,4,6,8	171,174,127,147,182,168	NA	NA	NA	NA	NA	2124	chr12	+	NA	NA	NA	NA	NA	NA	2124	76,75,113	215,212,202	33,36,54	193,162,213	336	149	5.18573958075e-6	6.339409175738714e-5	0.136,0.136,0.199	0.07,0.09,0.101	0.07	NA	NA	NA	NA	6.339409175738714e-5	0.07	0.157	0.08700000000000001	1584	NA	NA	NA	NA	57524028	57524092	57524279	57524416	NA	NA	NA	NA	NA	NA	NA	57524028	57524416	36,33,42,11,10,17	9,32,59,14,26,25	31,10,12,8,0,12	215,212,202,193,162,213	NA	NA	NA	NA	NA
2193	ENSG00000065357.20	DGKA	chr12	+	NA	NA	NA	NA	NA	NA	2193	248,298,220	0,0,1	140,123,115	2,4,3	933	149	8.31681986878e-5	6.9480571437818e-4	1.0,1.0,0.972	0.918,0.831,0.86	0.121	NA	NA	NA	NA	RI	chr12|+|55939414|55940433|55939414|55939529|55940313|55940433	6.9480571437818e-4	0.121	0.9906666666666667	0.8696666666666667	1154	NA	NA	NA	NA	55939414	55939529	55940313	55940433	NA	NA	NA	NA	NA	NA	NA	55939414	55940433	39,37,36,26,23,14	34,52,18,12,24,15	175,209,166,102,76,86	0,0,1,2,4,3	NA	NA	NA	NA	NA	2193	chr12	+	NA	NA	NA	NA	NA	NA	2193	298,252,260	0,2,4	106,127,141	0,1,13	933	149	0.0144372573271	0.04777347780731885	1.0,0.953,0.912	1.0,0.953,0.634	0.093	NA	NA	NA	NA	0.04777347780731885	0.093	0.955	0.8623333333333333	1204	NA	NA	NA	NA	55939414	55939529	55940313	55940433	NA	NA	NA	NA	NA	NA	NA	55939414	55940433	21,65,36,9,22,6	28,47,53,3,15,20	249,140,171,94,90,115	0,2,4,0,1,13	NA	NA	NA	NA	NA
2194	ENSG00000065357.20	DGKA	chr12	+	NA	NA	NA	NA	NA	NA	2194	64,89,55	16,19,22	34,38,31	18,62,31	292	149	1.31314751404e-5	1.4176444641009e-4	0.671,0.705,0.561	0.491,0.238,0.338	0.29	NA	NA	NA	NA	RI	chr12|+|55939414|55940433|55939414|55940170|55940313|55940433	1.4176444641009e-4	0.29	0.6456666666666667	0.3556666666666667	479	NA	NA	NA	NA	55939414	55940170	55940313	55940433	NA	NA	NA	NA	NA	NA	NA	55939414	55940433	27,37,25,20,12,10	34,52,18,12,24,15	4,0,12,2,2,6	16,19,22,18,62,31	NA	NA	NA	NA	NA	2194	chr12	+	NA	NA	NA	NA	NA	NA	2194	83,60,84	32,22,24	3,24,52	9,24,7	292	149	0.207240255897	0.3880694280192195	0.57,0.582,0.641	0.145,0.338,0.791	0.173	NA	NA	NA	NA	0.3880694280192195	0.173	0.5976666666666667	0.4246666666666667	424	NA	NA	NA	NA	55939414	55940170	55940313	55940433	NA	NA	NA	NA	NA	NA	NA	55939414	55940433	51,13,31,0,9,32	28,47,53,3,15,20	4,0,0,0,0,0	32,22,24,9,24,7	NA	NA	NA	NA	NA
2227	ENSG00000167778.9	SPRYD3	chr12	-	NA	NA	NA	NA	NA	NA	2227	155,106,96	34,13,14	76,67,74	36,19,44	459	149	7.12933675214e-5	6.0555653229972e-4	0.597,0.726,0.69	0.407,0.534,0.353	0.24	NA	NA	NA	NA	RI	chr12|-|53074648|53075219|53074648|53074784|53075094|53075219	6.0555653229972e-4	0.24	0.6709999999999999	0.43133333333333335	734	NA	NA	NA	NA	53074648	53074784	53075094	53075219	NA	NA	NA	NA	NA	NA	NA	53074648	53075219	90,52,36,32,30,23	21,12,25,9,11,13	44,42,35,35,26,38	34,13,14,36,19,44	NA	NA	NA	NA	NA	2227	chr12	-	NA	NA	NA	NA	NA	NA	2227	120,191,163	31,27,74	41,92,76	28,14,8	459	149	0.763800172193	0.9577635464853668	0.557,0.697,0.417	0.322,0.681,0.755	-0.029	NA	NA	NA	NA	0.9577635464853668	-0.029	0.5569999999999999	0.5860000000000001	865	NA	NA	NA	NA	53074648	53074784	53075094	53075219	NA	NA	NA	NA	NA	NA	NA	53074648	53075219	39,73,23,23,38,31	29,19,24,0,12,8	52,99,116,18,42,37	31,27,74,28,14,8	NA	NA	NA	NA	NA
2253	ENSG00000167552.15	TUBA1A	chr12	-	NA	NA	NA	NA	NA	NA	2253	33,23,16	5,6,7	1,9,4	2,6,18	301	149	5.47119600978e-5	4.8551915965225e-4	0.766,0.655,0.531	0.198,0.426,0.099	0.41	NA	NA	NA	NA	RI	chr12|-|49186309|49186833|49186309|49186458|49186610|49186833	4.8551915965225e-4	0.41	0.6506666666666667	0.241	130	NA	NA	NA	NA	49186309	49186458	49186610	49186833	NA	NA	NA	NA	NA	NA	NA	49186309	49186833	20,6,13,0,9,2	13,17,3,1,0,2	0,0,0,0,0,0	5,6,7,2,6,18	NA	NA	NA	NA	NA	2253	chr12	-	NA	NA	NA	NA	NA	NA	2253	0,10,19	3,0,14	27,16,4	2,6,2	301	149	0.287110034017	0.4948157067116586	0.0,1.0,0.402	0.87,0.569,0.497	-0.178	NA	NA	NA	NA	0.4948157067116586	-0.178	0.4673333333333333	0.6453333333333333	103	NA	NA	NA	NA	49186309	49186458	49186610	49186833	NA	NA	NA	NA	NA	NA	NA	49186309	49186833	0,5,10,17,1,1	0,5,9,10,15,3	0,0,0,0,0,0	3,0,14,2,6,2	NA	NA	NA	NA	NA
2257	ENSG00000181929.13	PRKAG1	chr12	-	NA	NA	NA	NA	NA	NA	2257	63,88,93	57,83,153	33,29,35	87,78,119	479	149	9.25541544516e-8	1.8981340304254556e-6	0.256,0.248,0.159	0.106,0.104,0.084	0.123	NA	NA	NA	NA	RI	chr12|-|49004506|49005018|49004506|49004633|49004963|49005018	1.8981340304254556e-6	0.123	0.221	0.098	918	NA	NA	NA	NA	49004506	49004633	49004963	49005018	NA	NA	NA	NA	NA	NA	NA	49004506	49005018	40,22,54,11,21,23	6,55,4,20,8,11	17,11,35,2,0,1	57,83,153,87,78,119	NA	NA	NA	NA	NA	2257	chr12	-	NA	NA	NA	NA	NA	NA	2257	105,90,61	55,94,104	51,47,51	62,59,95	479	149	0.0790001442841	0.18527451313851648	0.373,0.229,0.154	0.204,0.199,0.143	0.07	NA	NA	NA	NA	0.18527451313851648	0.07	0.252	0.182	874	NA	NA	NA	NA	49004506	49004633	49004963	49005018	NA	NA	NA	NA	NA	NA	NA	49004506	49005018	33,43,17,28,32,17	48,32,29,23,15,32	24,15,15,0,0,2	55,94,104,62,59,95	NA	NA	NA	NA	NA
2262	ENSG00000139998.16	RAB15	chr14	-	NA	NA	NA	NA	NA	NA	2262	184,212,185	9,14,13	75,106,80	7,14,15	808	149	0.00470430962968	0.01946479530985004	0.79,0.736,0.724	0.664,0.583,0.496	0.169	NA	NA	NA	NA	RI	chr14|-|64950324|64951151|64950324|64950414|64951073|64951151	0.01946479530985004	0.169	0.75	0.581	914	NA	NA	NA	NA	64950324	64950414	64951073	64951151	NA	NA	NA	NA	NA	NA	NA	64950324	64951151	30,39,25,6,10,17	45,40,11,16,17,7	109,133,149,53,79,56	9,14,13,7,14,15	NA	NA	NA	NA	NA	2262	chr14	-	NA	NA	NA	NA	NA	NA	2262	178,233,242	14,0,28	44,110,88	19,9,3	808	149	0.136783607189	0.2837637251165823	0.701,1.0,0.614	0.299,0.693,0.844	0.16	NA	NA	NA	NA	0.2837637251165823	0.16	0.7716666666666666	0.612	968	NA	NA	NA	NA	64950324	64950414	64951073	64951151	NA	NA	NA	NA	NA	NA	NA	64950324	64951151	6,25,33,3,24,1	37,41,38,19,16,16	135,167,171,22,70,71	14,0,28,19,9,3	NA	NA	NA	NA	NA
2265	ENSG00000167535.8	CACNB3	chr12	+	NA	NA	NA	NA	NA	NA	2265	117,160,152	0,3,3	16,31,31	8,8,13	578	149	1.11022302463e-16	1.2377977430965744e-14	1.0,0.932,0.929	0.34,0.5,0.381	0.547	NA	NA	NA	NA	RI	chr12|+|48824668|48825243|48824668|48824733|48825162|48825243	1.2377977430965744e-14	0.547	0.9536666666666667	0.40700000000000003	542	NA	NA	NA	NA	48824668	48824733	48825162	48825243	NA	NA	NA	NA	NA	NA	NA	48824668	48825243	50,27,59,12,4,8	41,35,20,0,11,11	26,98,73,4,16,12	0,3,3,8,8,13	NA	NA	NA	NA	NA	2265	chr12	+	NA	NA	NA	NA	NA	NA	2265	86,129,100	0,0,4	18,36,54	5,0,0	578	149	0.249348100196	0.4436691741554638	1.0,1.0,0.866	0.481,1.0,1.0	0.128	NA	NA	NA	NA	0.4436691741554638	0.128	0.9553333333333334	0.827	432	NA	NA	NA	NA	48824668	48824733	48825162	48825243	NA	NA	NA	NA	NA	NA	NA	48824668	48825243	26,69,19,8,10,16	29,10,40,0,8,6	31,50,41,10,18,32	0,0,4,5,0,0	NA	NA	NA	NA	NA
2277	ENSG00000087470.21	DNM1L	chr12	+	NA	NA	NA	NA	NA	NA	2277	261,198,245	16,0,1	208,206,349	30,9,30	470	149	9.09367293067e-6	1.0277013581943e-4	0.838,1.0,0.987	0.687,0.879,0.787	0.157	NA	NA	NA	NA	RI	chr12|+|32737864|32738296|32737864|32737942|32738263|32738296	1.0277013581943e-4	0.157	0.9416666666666667	0.7843333333333333	1553	NA	NA	NA	NA	32737864	32737942	32738263	32738296	NA	NA	NA	NA	NA	NA	NA	32737864	32738296	84,45,97,75,94,108	61,82,35,64,59,124	116,71,113,69,53,117	16,0,1,30,9,30	NA	NA	NA	NA	NA	2277	chr12	+	NA	NA	NA	NA	NA	NA	2277	144,143,166	2,15,4	267,245,195	6,6,54	470	149	0.407821397458	0.6373792492880077	0.958,0.751,0.929	0.934,0.928,0.534	0.081	NA	NA	NA	NA	0.6373792492880077	0.081	0.8793333333333333	0.7986666666666667	1247	NA	NA	NA	NA	32737864	32737942	32738263	32738296	NA	NA	NA	NA	NA	NA	NA	32737864	32738296	58,41,40,102,84,88	45,57,91,59,66,40	41,45,35,106,95,67	2,15,4,6,6,54	NA	NA	NA	NA	NA
2337	ENSG00000111641.13	NOP2	chr12	-	NA	NA	NA	NA	NA	NA	2337	555,466,531	60,74,100	278,302,313	48,79,118	269	149	0.00131570846915	0.00689566182292974	0.837,0.777,0.746	0.762,0.679,0.595	0.108	NA	NA	NA	NA	RI	chr12|-|6560097|6560569|6560097|6560326|6560446|6560569	0.00689566182292974	0.108	0.7866666666666666	0.6786666666666666	2924	NA	NA	NA	NA	6560097	6560326	6560446	6560569	NA	NA	NA	NA	NA	NA	NA	6560097	6560569	272,234,256,114,143,122	336,295,307,183,190,220	12,1,0,2,2,6	60,74,100,48,79,118	NA	NA	NA	NA	NA	2337	chr12	-	NA	NA	NA	NA	NA	NA	2337	386,451,692	143,81,163	258,282,331	53,43,82	269	149	0.185423719817	0.35775522171720864	0.599,0.755,0.702	0.729,0.784,0.691	-0.049	NA	NA	NA	NA	0.35775522171720864	-0.049	0.68533333333333335	0.7346666666666667	2965	NA	NA	NA	NA	6560097	6560326	6560446	6560569	NA	NA	NA	NA	NA	NA	NA	6560097	6560569	151,184,300,114,121,168	276,305,441,167,182,193	0,0,0,0,0,0	143,81,163,53,43,82	NA	NA	NA	NA	NA
2358	ENSG00000110074.12	FOXRED1	chr11	+	NA	NA	NA	NA	NA	NA	2358	128,147,265	51,50,53	98,100,144	76,96,75	405	149	1.43657679781e-5	1.5346844815628e-4	0.48,0.52,0.648	0.322,0.277,0.414	0.212	NA	NA	NA	NA	RI	chr11|+|126272968|126273454|126272968|126273079|126273335|126273454	1.5346844815628e-4	0.212	0.5493333333333333	0.33766666666666667	1283	NA	NA	NA	NA	126272968	126273079	126273335	126273454	NA	NA	NA	NA	NA	NA	NA	126272968	126273454	40,50,93,38,34,68	51,73,130,39,60,46	37,24,42,21,6,30	51,50,53,76,96,75	NA	NA	NA	NA	NA	2358	chr11	+	NA	NA	NA	NA	NA	NA	2358	156,174,245	93,66,68	103,147,68	51,75,53	405	149	0.0771979149992	0.1819712346806009	0.382,0.492,0.57	0.426,0.419,0.321	0.093	NA	NA	NA	NA	0.1819712346806009	0.093	0.48133333333333334	0.38866666666666666	1299	NA	NA	NA	NA	126272968	126273079	126273335	126273454	NA	NA	NA	NA	NA	NA	NA	126272968	126273454	43,71,109,22,41,30	90,79,100,72,83,33	23,24,36,9,23,5	93,66,68,51,75,53	NA	NA	NA	NA	NA
2359	ENSG00000110074.12	FOXRED1	chr11	+	NA	NA	NA	NA	NA	NA	2359	128,147,265	0,0,0	98,100,144	2,13,0	408	149	3.63206292775e-6	4.78963653182e-5	1.0,1.0,1.0	0.947,0.737,1.0	0.105	NA	NA	NA	NA	RI	chr11|+|126272968|126273454|126272968|126273079|126273338|126273454	4.78963653182e-5	0.105	1	0.8946666666666666	897	NA	NA	NA	NA	126272968	126273079	126273338	126273454	NA	NA	NA	NA	NA	NA	NA	126272968	126273454	40,50,93,38,34,68	51,73,130,39,55,46	37,24,42,21,11,30	0,0,0,2,13,0	NA	NA	NA	NA	NA	2359	chr11	+	NA	NA	NA	NA	NA	NA	2359	163,174,245	0,0,0	107,147,70	0,8,3	408	149	8.69943752416e-5	6.7788262204389e-4	1.0,1.0,1.0	1.0,0.87,0.895	0.078	NA	NA	NA	NA	6.7788262204389e-4	0.078	1	0.9216666666666666	917	NA	NA	NA	NA	126272968	126273079	126273338	126273454	NA	NA	NA	NA	NA	NA	NA	126272968	126273454	43,71,109,22,41,30	97,79,100,76,83,35	23,24,36,9,23,5	0,0,0,0,8,3	NA	NA	NA	NA	NA
2372	ENSG00000150433.10	TMEM218	chr11	-	NA	NA	NA	NA	NA	NA	2372	81,140,206	0,0,0	57,54,86	8,4,0	531	149	7.53562127143e-7	1.2192197793247695e-5	1.0,1.0,1.0	0.667,0.791,1.0	0.181	NA	NA	NA	NA	RI	chr11|-|125102131|125102809|125102131|125102351|125102733|125102809	1.2192197793247695e-5	0.181	1	0.8193333333333334	636	NA	NA	NA	NA	125102131	125102351	125102733	125102809	NA	NA	NA	NA	NA	NA	NA	125102131	125102809	21,20,31,6,4,8	11,69,68,26,15,44	49,51,107,25,35,34	0,0,0,8,4,0	NA	NA	NA	NA	NA	2372	chr11	-	NA	NA	NA	NA	NA	NA	2372	173,84,163	3,0,0	48,73,43	0,0,0	531	149	0.931138290065	1	0.942,1.0,1.0	1.0,1.0,1.0	-0.019	NA	NA	NA	NA	1	-0.019	0.9806666666666667	1	587	NA	NA	NA	NA	125102131	125102351	125102733	125102809	NA	NA	NA	NA	NA	NA	NA	125102131	125102809	21,16,21,21,9,13	103,37,76,8,30,23	49,31,66,19,34,7	3,0,0,0,0,0	NA	NA	NA	NA	NA
2378	ENSG00000185813.11	PCYT2	chr17	-	NA	NA	NA	NA	NA	NA	2378	28,31,36	50,63,67	2,2,18	54,29,79	513	149	2.03476315797e-8	4.7261998805575914e-7	0.14,0.125,0.135	0.011,0.02,0.062	0.102	NA	NA	NA	NA	RI	chr17|-|81905669|81906177|81905669|81905735|81906099|81906177	4.7261998805575914e-7	0.102	0.13333333333333333	0.031	459	NA	NA	NA	NA	81905669	81905735	81906099	81906177	NA	NA	NA	NA	NA	NA	NA	81905669	81906177	0,9,3,0,0,2	3,5,0,0,0,0	25,17,33,2,2,16	50,63,67,54,29,79	NA	NA	NA	NA	NA	2378	chr17	-	NA	NA	NA	NA	NA	NA	2378	38,23,25	95,73,110	21,24,2	47,32,60	513	149	0.855346373367	1	0.104,0.084,0.062	0.115,0.179,0.01	-0.018	NA	NA	NA	NA	1	-0.018	0.08333333333333333	0.10133333333333333	550	NA	NA	NA	NA	81905669	81905735	81906099	81906177	NA	NA	NA	NA	NA	NA	NA	81905669	81906177	2,10,7,1,8,0	28,0,4,3,1,2	8,13,14,17,15,0	95,73,110,47,32,60	NA	NA	NA	NA	NA
2390	ENSG00000172350.10	ABCG4	chr11	+	NA	NA	NA	NA	NA	NA	2390	0,22,11	8,0,0	0,6,0	16,0,13	373	149	0.00385988313705	0.01664472812685696	0.0,1.0,1.0	0.0,1.0,0.0	0.333	NA	NA	NA	NA	RI	chr11|+|119158233|119158725|119158233|119158332|119158556|119158725	0.01664472812685696	0.333	0.6666666666666666	0.33333333333333337	76	NA	NA	NA	NA	119158233	119158332	119158556	119158725	NA	NA	NA	NA	NA	NA	NA	119158233	119158725	0,8,0,0,0,0	0,9,7,0,0,0	0,5,4,0,6,0	8,0,0,16,0,13	NA	NA	NA	NA	NA	2390	chr11	+	NA	NA	NA	NA	NA	NA	2390	3,12,15	2,5,13	4,0,0	4,0,3	373	149	1	1	0.375,0.489,0.315	0.285,NA,0.0	0.251	NA	NA	NA	NA	1	0.251	0.393	0.1425	61	NA	NA	NA	NA	119158233	119158332	119158556	119158725	NA	NA	NA	NA	NA	NA	NA	119158233	119158725	3,6,0,4,0,0	0,0,7,0,0,0	0,6,8,0,0,0	2,5,13,4,0,3	NA	NA	NA	NA	NA
2422	ENSG00000087053.20	MTMR2	chr11	-	NA	NA	NA	NA	NA	NA	2422	159,140,225	41,36,45	82,106,96	46,30,36	1044	149	0.00512629329493	0.02076250362253022	0.356,0.357,0.416	0.203,0.335,0.276	0.105	NA	NA	NA	NA	RI	chr11|-|95857551|95858632|95857551|95857635|95858530|95858632	0.02076250362253022	0.105	0.3763333333333333	0.27133333333333337	1042	NA	NA	NA	NA	95857551	95857635	95858530	95858632	NA	NA	NA	NA	NA	NA	NA	95857551	95858632	5,0,47,13,19,16	25,22,37,6,5,6	129,118,141,63,82,74	41,36,45,46,30,36	NA	NA	NA	NA	NA	2422	chr11	-	NA	NA	NA	NA	NA	NA	2422	87,127,131	34,85,38	80,78,62	59,57,34	1044	149	0.021813305006	0.06626285157506741	0.268,0.176,0.33	0.162,0.163,0.207	0.081	NA	NA	NA	NA	0.06626285157506741	0.081	0.258	0.17733333333333334	872	NA	NA	NA	NA	95857551	95857635	95858530	95858632	NA	NA	NA	NA	NA	NA	NA	95857551	95858632	19,11,17,12,2,16	10,7,10,19,8,3	58,109,104,49,68,43	34,85,38,59,57,34	NA	NA	NA	NA	NA
2424	ENSG00000087053.20	MTMR2	chr11	-	NA	NA	NA	NA	NA	NA	2424	93,78,60	0,0,0	100,46,57	2,0,3	3373	149	0.00123243695172	0.0065715681634322	1.0,1.0,1.0	0.688,1.0,0.456	0.285	NA	NA	NA	NA	RI	chr11|-|95862271|95865676|95862271|95862366|95865590|95865676	0.0065715681634322	0.285	1	0.7146666666666667	439	NA	NA	NA	NA	95862271	95862366	95865590	95865676	NA	NA	NA	NA	NA	NA	NA	95862271	95865676	1,1,0,6,5,1	10,0,0,12,6,8	82,77,60,82,35,48	0,0,0,2,0,3	NA	NA	NA	NA	NA	2424	chr11	-	NA	NA	NA	NA	NA	NA	2424	29,51,55	0,0,2	89,68,30	0,0,0	3373	149	0.839637731661	1	1.0,1.0,0.548	1.0,1.0,1.0	-0.151	NA	NA	NA	NA	1	-0.151	0.8493333333333334	1	324	NA	NA	NA	NA	95862271	95862366	95865590	95865676	NA	NA	NA	NA	NA	NA	NA	95862271	95865676	0,0,0,16,7,0	0,0,2,8,2,0	29,51,53,65,59,30	0,0,2,0,0,0	NA	NA	NA	NA	NA
2442	ENSG00000137513.11	NARS2	chr11	-	NA	NA	NA	NA	NA	NA	2442	86,52,33	13,16,74	10,29,25	35,55,63	2692	149	2.79471886744e-8	6.370712303026795e-7	0.268,0.152,0.024	0.016,0.028,0.021	0.126	NA	NA	NA	NA	RI	chr11|-|78441090|78443758|78441090|78441117|78443660|78443758	6.370712303026795e-7	0.126	0.148	0.021666666666666667	491	NA	NA	NA	NA	78441090	78441117	78443660	78443758	NA	NA	NA	NA	NA	NA	NA	78441090	78443758	0,0,0,0,0,0	0,0,1,0,0,2	86,52,32,10,29,23	13,16,74,35,55,63	NA	NA	NA	NA	NA	2442	chr11	-	NA	NA	NA	NA	NA	NA	2442	45,38,18	13,31,50	7,78,33	16,25,50	2692	149	0.706464903754	0.9120474130767402	0.161,0.064,0.02	0.024,0.147,0.035	0.013	NA	NA	NA	NA	0.9120474130767402	0.013	0.08166666666666667	0.06866666666666667	404	NA	NA	NA	NA	78441090	78441117	78443660	78443758	NA	NA	NA	NA	NA	NA	NA	78441090	78443758	0,0,0,0,0,0	4,0,0,0,0,0	41,38,18,7,78,33	13,31,50,16,25,50	NA	NA	NA	NA	NA
2461	ENSG00000214517.10	PPME1	chr11	+	NA	NA	NA	NA	NA	NA	2461	151,186,177	46,72,28	116,113,139	48,61,62	778	149	0.0149258099817	0.04904880321960579	0.386,0.331,0.548	0.316,0.262,0.3	0.129	NA	NA	NA	NA	RI	chr11|+|74250953|74251715|74250953|74251018|74251647|74251715	0.04904880321960579	0.129	0.4216666666666667	0.2926666666666667	1199	NA	NA	NA	NA	74250953	74251018	74251647	74251715	NA	NA	NA	NA	NA	NA	NA	74250953	74251715	16,26,31,12,10,25	60,50,41,42,33,29	75,110,105,62,70,85	46,72,28,48,61,62	NA	NA	NA	NA	NA	2461	chr11	+	NA	NA	NA	NA	NA	NA	2461	148,161,258	49,113,54	151,161,70	44,44,51	778	149	0.890666370776	1	0.366,0.214,0.478	0.397,0.412,0.208	0.014	NA	NA	NA	NA	1	0.014	0.3526666666666667	0.33899999999999997	1304	NA	NA	NA	NA	74250953	74251018	74251647	74251715	NA	NA	NA	NA	NA	NA	NA	74250953	74251715	43,4,34,31,20,9	16,32,112,42,45,20	89,125,112,78,96,41	49,113,54,44,44,51	NA	NA	NA	NA	NA
2462	ENSG00000196465.11	MYL6B	chr12	+	NA	NA	NA	NA	NA	NA	2462	52,19,50	59,80,144	12,19,2	60,117,125	363	149	3.25973946724e-8	7.295154165370687e-7	0.266,0.089,0.125	0.076,0.062,0.007	0.112	NA	NA	NA	NA	RI	chr12|+|56154812|56155198|56154812|56154840|56155054|56155198	7.295154165370687e-7	0.112	0.16	0.04833333333333333	739	NA	NA	NA	NA	56154812	56154840	56155054	56155198	NA	NA	NA	NA	NA	NA	NA	56154812	56155198	9,10,19,6,14,0	16,9,27,6,4,2	27,0,4,0,1,0	59,80,144,60,117,125	NA	NA	NA	NA	NA	2462	chr12	+	NA	NA	NA	NA	NA	NA	2462	28,42,43	115,88,108	1,13,19	61,93,110	363	149	3.64731287394e-7	6.459273444493741e-6	0.091,0.164,0.14	0.007,0.054,0.066	0.089	NA	NA	NA	NA	6.459273444493741e-6	0.089	0.13166666666666668	0.042333333333333334	721	NA	NA	NA	NA	56154812	56154840	56155054	56155198	NA	NA	NA	NA	NA	NA	NA	56154812	56155198	14,12,21,1,0,0	9,17,14,0,9,18	5,13,8,0,4,1	115,88,108,61,93,110	NA	NA	NA	NA	NA
2463	ENSG00000196465.11	MYL6B	chr12	+	NA	NA	NA	NA	NA	NA	2463	117,128,80	89,120,104	19,11,55	69,67,69	295	149	1.50083757299e-5	1.5949975732365e-4	0.399,0.35,0.28	0.122,0.077,0.287	0.181	NA	NA	NA	NA	RI	chr12|+|56157697|56157982|56157697|56157735|56157881|56157982	1.5949975732365e-4	0.181	0.343	0.162	928	NA	NA	NA	NA	56157697	56157735	56157881	56157982	NA	NA	NA	NA	NA	NA	NA	56157697	56157982	98,101,47,13,9,29	15,27,33,6,2,26	4,0,0,0,0,0	89,120,104,69,67,69	NA	NA	NA	NA	NA	2463	chr12	+	NA	NA	NA	NA	NA	NA	2463	96,69,71	88,87,95	17,78,69	50,95,88	295	149	0.14666545228	0.2977185433004773	0.355,0.286,0.274	0.147,0.293,0.284	0.064	NA	NA	NA	NA	0.2977185433004773	0.064	0.305	0.24133333333333332	903	NA	NA	NA	NA	56157697	56157735	56157881	56157982	NA	NA	NA	NA	NA	NA	NA	56157697	56157982	66,44,49,14,54,37	30,25,14,3,20,20	0,0,8,0,4,12	88,87,95,50,95,88	NA	NA	NA	NA	NA
2473	ENSG00000054967.13	RELT	chr11	+	NA	NA	NA	NA	NA	NA	2473	248,300,273	72,137,172	129,159,229	136,151,174	501	149	5.05790093447e-5	4.5677538336038e-4	0.506,0.394,0.321	0.22,0.238,0.281	0.161	NA	NA	NA	NA	RI	chr11|+|73394476|73395285|73394476|73394734|73395086|73395285	4.5677538336038e-4	0.161	0.40700000000000003	0.24633333333333335	2180	NA	NA	NA	NA	73394476	73394734	73395086	73395285	NA	NA	NA	NA	NA	NA	NA	73394476	73395285	58,36,47,39,31,40	16,42,42,11,20,40	174,222,184,79,108,149	72,137,172,136,151,174	NA	NA	NA	NA	NA	2473	chr11	+	NA	NA	NA	NA	NA	NA	2473	204,235,402	118,147,199	182,129,180	108,113,119	501	149	0.0744212070619	0.1768016008838765	0.34,0.322,0.375	0.334,0.253,0.31	0.047	NA	NA	NA	NA	0.1768016008838765	0.047	0.3456666666666667	0.299	2136	NA	NA	NA	NA	73394476	73394734	73395086	73395285	NA	NA	NA	NA	NA	NA	NA	73394476	73395285	34,37,77,26,33,45	28,32,112,25,13,21	142,166,213,131,83,114	118,147,199,108,113,119	NA	NA	NA	NA	NA
2491	ENSG00000172927.9	MYEOV	chr11	+	NA	NA	NA	NA	NA	NA	2491	98,39,98	0,0,0	57,29,43	6,0,7	245	149	9.70463650218e-7	1.5065526843384242e-5	1.0,1.0,1.0	0.852,1.0,0.789	0.12	NA	NA	NA	NA	RI	chr11|+|69295232|69297287|69295232|69295495|69295591|69297287	1.5065526843384242e-5	0.12	1	0.8803333333333333	377	NA	NA	NA	NA	69295232	69295495	69295591	69297287	NA	NA	NA	NA	NA	NA	NA	69295232	69297287	39,18,53,33,14,37	85,33,69,30,18,22	0,0,0,0,0,0	0,0,0,6,0,7	NA	NA	NA	NA	NA	2491	chr11	+	NA	NA	NA	NA	NA	NA	2491	82,25,84	0,7,4	47,45,43	0,4,1	245	149	0.169878934017	0.33449588605434066	1.0,0.685,0.927	1.0,0.872,0.963	-0.074	NA	NA	NA	NA	0.33449588605434066	-0.074	0.8706666666666667	0.945	342	NA	NA	NA	NA	69295232	69295495	69295591	69297287	NA	NA	NA	NA	NA	NA	NA	69295232	69297287	27,10,37,28,19,32	67,22,57,37,33,14	0,0,0,0,0,0	0,7,4,0,4,1	NA	NA	NA	NA	NA
2566	ENSG00000162298.19	SYVN1	chr11	-	NA	NA	NA	NA	NA	NA	2566	94,108,104	39,26,16	50,47,83	43,19,32	224	149	0.0132971276841	0.04470284372746776	0.616,0.734,0.812	0.436,0.622,0.633	0.157	NA	NA	NA	NA	RI	chr11|-|65130001|65130379|65130001|65130175|65130250|65130379	0.04470284372746776	0.157	0.7206666666666667	0.5636666666666666	661	NA	NA	NA	NA	65130001	65130175	65130250	65130379	NA	NA	NA	NA	NA	NA	NA	65130001	65130379	64,65,57,25,23,69	88,70,59,38,26,27	0,0,0,0,0,0	39,26,16,43,19,32	NA	NA	NA	NA	NA	2566	chr11	-	NA	NA	NA	NA	NA	NA	2566	76,146,148	18,48,52	38,90,47	34,31,13	224	149	0.235079639401	0.42568094223167585	0.737,0.669,0.654	0.426,0.659,0.706	0.09	NA	NA	NA	NA	0.42568094223167585	0.09	0.6866666666666666	0.597	741	NA	NA	NA	NA	65130001	65130175	65130250	65130379	NA	NA	NA	NA	NA	NA	NA	65130001	65130379	44,94,107,10,50,21	50,86,70,33,48,39	0,0,0,0,0,0	18,48,52,34,31,13	NA	NA	NA	NA	NA
2576	ENSG00000162300.13	ZFPL1	chr11	+	NA	NA	NA	NA	NA	NA	2576	137,135,182	56,53,34	104,100,143	59,81,72	461	149	0.0024254145013	0.01144166217045329	0.442,0.452,0.634	0.363,0.285,0.391	0.163	NA	NA	NA	NA	RI	chr11|+|65084241|65084800|65084241|65084378|65084690|65084800	0.01144166217045329	0.163	0.5093333333333333	0.3463333333333333	1156	NA	NA	NA	NA	65084241	65084378	65084690	65084800	NA	NA	NA	NA	NA	NA	NA	65084241	65084800	10,0,0,12,8,13	80,97,128,60,58,97	47,38,54,32,34,33	56,53,34,59,81,72	NA	NA	NA	NA	NA	2576	chr11	+	NA	NA	NA	NA	NA	NA	2576	153,171,269	62,55,102	153,134,127	22,65,35	461	149	0.261137695824	0.45896698052419554	0.444,0.501,0.46	0.692,0.4,0.54	-0.076	NA	NA	NA	NA	0.45896698052419554	-0.076	0.4683333333333333	0.544	1348	NA	NA	NA	NA	65084241	65084378	65084690	65084800	NA	NA	NA	NA	NA	NA	NA	65084241	65084800	59,8,41,18,18,3	81,86,179,86,70,81	13,77,49,49,46,43	62,55,102,22,65,35	NA	NA	NA	NA	NA
2584	ENSG00000133895.19	MEN1	chr11	-	NA	NA	NA	NA	NA	NA	2584	273,316,356	9,41,46	113,106,116	37,29,32	610	149	6.07468096003e-6	7.390861834703167e-5	0.881,0.653,0.654	0.427,0.472,0.47	0.273	NA	NA	NA	NA	RI	chr11|-|64805634|64806368|64805634|64805770|64806231|64806368	7.390861834703167e-5	0.273	0.7293333333333334	0.4563333333333333	1474	NA	NA	NA	NA	64805634	64805770	64806231	64806368	NA	NA	NA	NA	NA	NA	NA	64805634	64806368	47,89,72,21,16,18	45,40,29,35,13,17	181,187,255,57,77,81	9,41,46,37,29,32	NA	NA	NA	NA	NA	2584	chr11	-	NA	NA	NA	NA	NA	NA	2584	235,327,321	26,19,64	69,166,101	16,9,15	610	149	0.809552772725	0.9931991110940872	0.688,0.808,0.551	0.513,0.818,0.622	0.031	NA	NA	NA	NA	0.9931991110940872	0.031	0.6823333333333333	0.651	1368	NA	NA	NA	NA	64805634	64805770	64806231	64806368	NA	NA	NA	NA	NA	NA	NA	64805634	64806368	63,86,95,14,22,17	42,43,50,32,60,22	130,198,176,23,84,62	26,19,64,16,9,15	NA	NA	NA	NA	NA
2589	ENSG00000168067.12	MAP4K2	chr11	-	NA	NA	NA	NA	NA	NA	2589	173,162,129	39,21,35	75,42,83	24,23,32	234	149	0.00272923346272	0.01257374875537118	0.739,0.831,0.701	0.666,0.538,0.623	0.148	NA	NA	NA	NA	RI	chr11|-|64791908|64792422|64791908|64792086|64792171|64792422	0.01257374875537118	0.148	0.757	0.609	838	NA	NA	NA	NA	64791908	64792086	64792171	64792422	NA	NA	NA	NA	NA	NA	NA	64791908	64792422	111,99,73,31,22,44	111,78,73,46,21,42	0,0,0,0,0,0	39,21,35,24,23,32	NA	NA	NA	NA	NA	2589	chr11	-	NA	NA	NA	NA	NA	NA	2589	73,122,173	33,24,44	40,84,95	31,30,25	234	149	0.194137507171	0.3700746230447188	0.585,0.764,0.715	0.451,0.641,0.708	0.088	NA	NA	NA	NA	0.3700746230447188	0.088	0.688	0.6	774	NA	NA	NA	NA	64791908	64792086	64792171	64792422	NA	NA	NA	NA	NA	NA	NA	64791908	64792422	56,85,130,17,56,71	30,39,54,27,28,28	0,0,0,0,0,0	33,24,44,31,30,25	NA	NA	NA	NA	NA
2591	ENSG00000168067.12	MAP4K2	chr11	-	NA	NA	NA	NA	NA	NA	2591	151,127,122	36,24,40	52,97,86	39,33,37	237	149	0.0055384507514	0.0221538030056	0.725,0.769,0.657	0.456,0.649,0.594	0.151	NA	NA	NA	NA	RI	chr11|-|64792171|64792422|64792171|64792275|64792363|64792422	0.0221538030056	0.151	0.717	0.5663333333333334	844	NA	NA	NA	NA	64792171	64792275	64792363	64792422	NA	NA	NA	NA	NA	NA	NA	64792171	64792422	79,59,52,36,45,44	76,69,71,16,53,42	0,2,0,0,0,0	36,24,40,39,33,37	NA	NA	NA	NA	NA	2591	chr11	-	NA	NA	NA	NA	NA	NA	2591	86,117,139	46,59,53	41,89,15	30,43,24	237	149	0.0659987245665	0.1616246138106624	0.54,0.555,0.622	0.462,0.565,0.282	0.136	NA	NA	NA	NA	0.1616246138106624	0.136	0.5723333333333334	0.4363333333333333	742	NA	NA	NA	NA	64792171	64792275	64792363	64792422	NA	NA	NA	NA	NA	NA	NA	64792171	64792422	53,84,68,26,38,2	40,34,72,15,51,13	0,0,0,0,0,0	46,59,53,30,43,24	NA	NA	NA	NA	NA
2613	ENSG00000149781.14	FERMT3	chr11	+	NA	NA	NA	NA	NA	NA	2613	20,7,7	0,0,0	23,25,28	4,1,6	258	149	6.39081662679e-6	7.699113468659388e-5	1.0,1.0,1.0	0.769,0.935,0.729	0.189	NA	NA	NA	NA	RI	chr11|+|64220219|64220669|64220219|64220326|64220435|64220669	7.699113468659388e-5	0.189	1	0.811	121	NA	NA	NA	NA	64220219	64220326	64220435	64220669	NA	NA	NA	NA	NA	NA	NA	64220219	64220669	6,3,7,13,3,14	14,4,0,11,22,14	0,0,0,0,0,0	0,0,0,4,1,6	NA	NA	NA	NA	NA	2613	chr11	+	NA	NA	NA	NA	NA	NA	2613	4,4,3	1,0,1	36,25,37	9,0,3	258	149	0.0171271842841	0.05498727585947895	0.698,1.0,0.634	0.698,1.0,0.877	-0.081	NA	NA	NA	NA	0.05498727585947895	-0.081	0.7773333333333333	0.8583333333333333	123	NA	NA	NA	NA	64220219	64220326	64220435	64220669	NA	NA	NA	NA	NA	NA	NA	64220219	64220669	0,1,0,19,13,11	4,3,3,17,13,26	0,0,0,0,0,0	1,0,1,9,0,3	NA	NA	NA	NA	NA
2619	ENSG00000110583.13	NAA40	chr11	+	NA	NA	NA	NA	NA	NA	2619	408,421,379	6,2,7	198,230,301	5,10,11	938	149	0.00110692150947	0.00603346017428448	0.915,0.971,0.896	0.863,0.785,0.813	0.107	NA	NA	NA	NA	RI	chr11|+|63945839|63947003|63945839|63945935|63946724|63947003	0.00603346017428448	0.107	0.9273333333333333	0.8203333333333334	1978	NA	NA	NA	NA	63945839	63945935	63946724	63947003	NA	NA	NA	NA	NA	NA	NA	63945839	63947003	119,42,73,31,32,39	131,172,117,70,100,63	158,207,189,97,98,199	6,2,7,5,10,11	NA	NA	NA	NA	NA	2619	chr11	+	NA	NA	NA	NA	NA	NA	2619	256,416,411	0,5,15	167,279,336	0,19,3	938	149	0.583551594206	0.8118623602973389	1.0,0.93,0.813	1.0,0.7,0.947	0.032	NA	NA	NA	NA	0.8118623602973389	0.032	0.9143333333333333	0.8823333333333333	1907	NA	NA	NA	NA	63945839	63945935	63946724	63947003	NA	NA	NA	NA	NA	NA	NA	63945839	63947003	26,54,66,12,58,51	95,132,111,59,57,104	135,230,234,96,164,181	0,5,15,0,19,3	NA	NA	NA	NA	NA
2638	ENSG00000162191.14	UBXN1	chr11	-	NA	NA	NA	NA	NA	NA	2638	44,101,97	169,158,259	26,15,42	126,114,196	235	149	3.37034815922e-5	3.2241770534067e-4	0.142,0.288,0.192	0.116,0.077,0.12	0.103	NA	NA	NA	NA	RI	chr11|-|62678338|62678601|62678338|62678408|62678494|62678601	3.2241770534067e-4	0.103	0.20733333333333331	0.10433333333333333	1347	NA	NA	NA	NA	62678338	62678408	62678494	62678601	NA	NA	NA	NA	NA	NA	NA	62678338	62678601	30,84,79,21,13,25	24,30,40,6,4,32	0,0,0,0,0,0	169,158,259,126,114,196	NA	NA	NA	NA	NA	2638	chr11	-	NA	NA	NA	NA	NA	NA	2638	64,65,93	213,300,323	27,33,30	110,114,150	235	149	0.484219768073	0.7190074205539333	0.16,0.121,0.154	0.135,0.155,0.113	0.011	NA	NA	NA	NA	0.7190074205539333	0.011	0.145	0.13433333333333333	1522	NA	NA	NA	NA	62678338	62678408	62678494	62678601	NA	NA	NA	NA	NA	NA	NA	62678338	62678601	48,61,66,20,14,29	37,22,52,12,20,1	0,0,0,0,0,0	213,300,323,110,114,150	NA	NA	NA	NA	NA
2642	ENSG00000051523.12	CYBA	chr16	-	NA	NA	NA	NA	NA	NA	2642	303,229,164	188,176,221	97,102,133	137,135,254	411	149	1.89733995362e-4	0.00140174561392745	0.369,0.321,0.212	0.204,0.215,0.16	0.108	NA	NA	NA	NA	RI	chr16|-|88646754|88647175|88646754|88646838|88647100|88647175	0.00140174561392745	0.108	0.30066666666666664	0.193	2139	NA	NA	NA	NA	88646754	88646838	88647100	88647175	NA	NA	NA	NA	NA	NA	NA	88646754	88647175	105,64,61,29,74,42	89,93,40,42,8,53	109,72,63,26,20,38	188,176,221,137,135,254	NA	NA	NA	NA	NA	2642	chr16	-	NA	NA	NA	NA	NA	NA	2642	235,214,280	253,212,310	113,164,131	137,176,144	411	149	0.609336937955	0.8338512957875016	0.252,0.268,0.247	0.23,0.253,0.248	0.012	NA	NA	NA	NA	0.8338512957875016	0.012	0.25566666666666665	0.24366666666666667	2369	NA	NA	NA	NA	88646754	88646838	88647100	88647175	NA	NA	NA	NA	NA	NA	NA	88646754	88647175	76,54,67,23,50,37	44,94,71,44,54,44	115,66,142,46,60,50	253,212,310,137,176,144	NA	NA	NA	NA	NA
2661	ENSG00000149483.13	TMEM138	chr11	+	NA	NA	NA	NA	NA	NA	2661	380,220,367	23,0,3	181,140,173	24,27,17	266	149	1.30551125466e-11	6.404316010860095e-10	0.902,1.0,0.986	0.809,0.744,0.851	0.161	NA	NA	NA	NA	RI	chr11|+|61364251|61364518|61364251|61364315|61364432|61364518	6.404316010860095e-10	0.161	0.9626666666666667	0.8013333333333333	1555	NA	NA	NA	NA	61364251	61364315	61364432	61364518	NA	NA	NA	NA	NA	NA	NA	61364251	61364518	249,177,234,125,90,95	145,52,156,68,65,88	14,0,0,0,0,0	23,0,3,24,27,17	NA	NA	NA	NA	NA	2661	chr11	+	NA	NA	NA	NA	NA	NA	2661	174,344,314	21,2,19	228,214,224	9,19,4	266	149	0.757059599015	0.9535701721951576	0.823,0.99,0.903	0.934,0.863,0.969	-0.017	NA	NA	NA	NA	0.9535701721951576	-0.017	0.9053333333333333	0.922	1572	NA	NA	NA	NA	61364251	61364315	61364432	61364518	NA	NA	NA	NA	NA	NA	NA	61364251	61364518	94,224,203,149,138,148	111,152,144,83,85,98	0,0,0,0,0,12	21,2,19,9,19,4	NA	NA	NA	NA	NA
2672	ENSG00000110446.12	SLC15A3	chr11	-	NA	NA	NA	NA	NA	NA	2672	22,40,18	4,8,12	2,14,4	1,14,8	893	149	0.0015201394429	0.00778738100573333	0.479,0.455,0.2	0.25,0.143,0.077	0.221	NA	NA	NA	NA	RI	chr11|-|60941121|60942145|60941121|60941290|60942034|60942145	0.00778738100573333	0.221	0.378	0.15666666666666668	147	NA	NA	NA	NA	60941121	60941290	60942034	60942145	NA	NA	NA	NA	NA	NA	NA	60941121	60942145	6,5,10,2,0,1	0,2,0,0,0,0	16,33,8,0,14,3	4,8,12,1,14,8	NA	NA	NA	NA	NA	2672	chr11	-	NA	NA	NA	NA	NA	NA	2672	64,45,32	32,18,9	4,14,2	2,2,2	893	149	0.887025318637	1	0.25,0.294,0.372	0.25,0.539,0.143	-0.005	NA	NA	NA	NA	1	-0.005	0.30533333333333335	0.31066666666666665	226	NA	NA	NA	NA	60941121	60941290	60942034	60942145	NA	NA	NA	NA	NA	NA	NA	60941121	60942145	0,5,8,0,10,1	0,0,4,0,2,0	64,40,20,4,2,1	32,18,9,2,2,2	NA	NA	NA	NA	NA
2716	ENSG00000149091.15	DGKZ	chr11	+	NA	NA	NA	NA	NA	NA	2716	832,813,877	12,15,47	580,637,688	37,45,43	639	149	6.5371280733e-6	7.829232294038203e-5	0.942,0.927,0.813	0.785,0.767,0.789	0.114	NA	NA	NA	NA	RI	chr11|+|46378456|46379111|46378456|46378500|46378990|46379111	7.829232294038203e-5	0.114	0.894	0.7803333333333333	4626	NA	NA	NA	NA	46378456	46378500	46378990	46379111	NA	NA	NA	NA	NA	NA	NA	46378456	46379111	208,152,207,162,169,160	131,115,111,113,137,133	493,546,559,305,331,395	12,15,47,37,45,43	NA	NA	NA	NA	NA	2716	chr11	+	NA	NA	NA	NA	NA	NA	2716	599,1011,811	33,57,30	408,609,625	18,42,55	639	149	0.0589901871335	0.14826983619356704	0.809,0.805,0.863	0.841,0.772,0.726	0.046	NA	NA	NA	NA	0.14826983619356704	0.046	0.8256666666666667	0.7796666666666666	4298	NA	NA	NA	NA	46378456	46378500	46378990	46379111	NA	NA	NA	NA	NA	NA	NA	46378456	46379111	222,332,199,58,186,106	110,146,124,115,86,162	267,533,488,235,337,357	33,57,30,18,42,55	NA	NA	NA	NA	NA
2718	ENSG00000149091.15	DGKZ	chr11	+	NA	NA	NA	NA	NA	NA	2718	354,432,279	69,73,96	197,315,283	70,106,119	381	149	0.00431686052367	0.01825585429734099	0.667,0.698,0.532	0.524,0.537,0.482	0.118	NA	NA	NA	NA	RI	chr11|+|46379202|46379568|46379202|46379236|46379468|46379568	0.01825585429734099	0.118	0.6323333333333333	0.5143333333333333	2393	NA	NA	NA	NA	46379202	46379236	46379468	46379568	NA	NA	NA	NA	NA	NA	NA	46379202	46379568	68,119,63,25,43,31	152,177,126,90,122,133	134,136,90,82,150,119	69,73,96,70,106,119	NA	NA	NA	NA	NA	2718	chr11	+	NA	NA	NA	NA	NA	NA	2718	259,296,363	100,123,100	169,270,210	67,73,126	381	149	0.4949991572	0.7298095484206054	0.503,0.485,0.587	0.497,0.591,0.395	0.031	NA	NA	NA	NA	0.7298095484206054	0.031	0.525	0.49433333333333335	2156	NA	NA	NA	NA	46379202	46379236	46379468	46379568	NA	NA	NA	NA	NA	NA	NA	46379202	46379568	34,97,93,38,44,42	87,124,94,68,78,70	138,75,176,63,148,98	100,123,100,67,73,126	NA	NA	NA	NA	NA
2799	ENSG00000166340.18	TPP1	chr11	-	NA	NA	NA	NA	NA	NA	2799	492,437,433	18,11,0	217,224,235	15,10,8	1568	149	0.00759888685658	0.02842975851406257	0.722,0.791,1.0	0.579,0.68,0.736	0.173	NA	NA	NA	NA	RI	chr11|-|6617625|6619267|6617625|6617776|6619195|6619267	0.02842975851406257	0.173	0.8376666666666667	0.665	2100	NA	NA	NA	NA	6617625	6617776	6619195	6619267	NA	NA	NA	NA	NA	NA	NA	6617625	6619267	22,32,43,19,39,10	24,22,17,12,14,7	446,383,373,186,171,218	18,11,0,15,10,8	NA	NA	NA	NA	NA	2799	chr11	-	NA	NA	NA	NA	NA	NA	2799	345,393,559	5,0,0	274,197,335	3,0,2	1568	149	0.655339246658	0.8723537068336406	0.868,1.0,1.0	0.897,1.0,0.941	0.01	NA	NA	NA	NA	0.8723537068336406	0.01	0.956	0.946	2113	NA	NA	NA	NA	6617625	6617776	6619195	6619267	NA	NA	NA	NA	NA	NA	NA	6617625	6619267	34,41,104,37,17,61	12,6,31,2,6,18	299,346,424,235,174,256	5,0,0,3,0,2	NA	NA	NA	NA	NA
2811	ENSG00000179532.13	DNHD1	chr11	+	NA	NA	NA	NA	NA	NA	2811	15,12,30	1,1,1	18,15,36	4,3,5	370	149	0.00476498949665	0.01966279649627039	0.858,0.829,0.924	0.644,0.668,0.744	0.185	NA	NA	NA	NA	RI	chr11|+|6570008|6571423|6570008|6570396|6570617|6571423	0.01966279649627039	0.185	0.8703333333333333	0.68533333333333335	141	NA	NA	NA	NA	6570008	6570396	6570617	6571423	NA	NA	NA	NA	NA	NA	NA	6570008	6571423	7,3,5,1,12,6	4,9,19,11,2,22	4,0,6,6,1,8	1,1,1,4,3,5	NA	NA	NA	NA	NA	2811	chr11	+	NA	NA	NA	NA	NA	NA	2811	4,12,40	7,4,13	56,53,33	7,15,12	370	149	0.105667493964	0.2323040960204361	0.187,0.547,0.553	0.763,0.587,0.525	-0.196	NA	NA	NA	NA	0.2323040960204361	-0.196	0.42900000000000005	0.625	256	NA	NA	NA	NA	6570008	6570396	6570617	6571423	NA	NA	NA	NA	NA	NA	NA	6570008	6571423	1,3,12,11,15,5	3,4,24,37,17,12	0,5,4,8,21,16	7,4,13,7,15,12	NA	NA	NA	NA	NA
2827	ENSG00000071859.15	FAM50A	chrX	+	NA	NA	NA	NA	NA	NA	2827	719,640,800	84,73,94	246,351,421	39,106,95	296	149	1.10860860517e-5	1.2139264226611e-4	0.812,0.815,0.811	0.76,0.625,0.69	0.121	NA	NA	NA	NA	RI	chrX|+|154449680|154449931|154449680|154449735|154449882|154449931	1.2139264226611e-4	0.121	0.8126666666666666	0.6916666666666667	3668	NA	NA	NA	NA	154449680	154449735	154449882	154449931	NA	NA	NA	NA	NA	NA	NA	154449680	154449931	206,212,219,102,125,116	513,428,581,144,226,305	0,0,0,0,0,0	84,73,94,39,106,95	NA	NA	NA	NA	NA	2827	chrX	+	NA	NA	NA	NA	NA	NA	2827	590,814,921	95,84,101	258,420,361	45,60,42	296	149	0.28053608096	0.4859889251054044	0.758,0.83,0.821	0.743,0.779,0.812	0.025	NA	NA	NA	NA	0.4859889251054044	0.025	0.8029999999999999	0.778	3791	NA	NA	NA	NA	154449680	154449735	154449882	154449931	NA	NA	NA	NA	NA	NA	NA	154449680	154449931	185,184,290,68,185,130	405,630,631,190,231,231	0,0,0,0,4,0	95,84,101,45,60,42	NA	NA	NA	NA	NA
2847	ENSG00000168488.19	ATXN2L	chr16	+	NA	NA	NA	NA	NA	NA	2847	329,306,414	92,119,91	125,161,190	66,74,78	295	149	0.00271394883903	0.0125127325420541	0.644,0.565,0.697	0.489,0.524,0.552	0.114	NA	NA	NA	NA	RI	chr16|+|28835277|28835758|28835277|28835399|28835545|28835758	0.0125127325420541	0.114	0.6353333333333333	0.5216666666666667	2045	NA	NA	NA	NA	28835277	28835399	28835545	28835758	NA	NA	NA	NA	NA	NA	NA	28835277	28835758	156,146,255,44,46,110	163,159,138,81,115,72	10,1,22,0,2,8	92,119,91,66,74,78	NA	NA	NA	NA	NA	2847	chr16	+	NA	NA	NA	NA	NA	NA	2847	182,273,454	59,93,157	144,186,193	77,75,54	295	149	0.372276024966	0.5975385241435233	0.609,0.597,0.594	0.486,0.556,0.644	0.038	NA	NA	NA	NA	0.5975385241435233	0.038	0.6	0.562	1947	NA	NA	NA	NA	28835277	28835399	28835545	28835758	NA	NA	NA	NA	NA	NA	NA	28835277	28835758	84,161,218,74,94,73	92,100,226,74,82,120	6,12,12,0,10,0	59,93,157,77,75,54	NA	NA	NA	NA	NA
2862	ENSG00000110697.13	PITPNM1	chr11	-	NA	NA	NA	NA	NA	NA	2862	494,488,661	1,4,13	226,350,224	10,5,8	1034	149	0.00430412763872	0.0182271482601043	0.986,0.946,0.88	0.765,0.91,0.801	0.112	NA	NA	NA	NA	RI	chr11|-|67496177|67497436|67496177|67496345|67497230|67497436	0.0182271482601043	0.112	0.9373333333333334	0.8253333333333334	2484	NA	NA	NA	NA	67496177	67496345	67497230	67497436	NA	NA	NA	NA	NA	NA	NA	67496177	67497436	75,74,146,60,76,54	52,40,94,37,44,46	367,374,421,129,230,124	1,4,13,10,5,8	NA	NA	NA	NA	NA	2862	chr11	-	NA	NA	NA	NA	NA	NA	2862	473,661,694	6,8,21	203,248,308	6,7,0	1034	149	0.558792291986	0.7921471012449423	0.919,0.923,0.826	0.83,0.836,1.0	0.001	NA	NA	NA	NA	0.7921471012449423	0.001	0.8893333333333333	0.8886666666666666	2635	NA	NA	NA	NA	67496177	67496345	67497230	67497436	NA	NA	NA	NA	NA	NA	NA	67496177	67497436	41,85,123,49,74,26	52,95,88,18,15,79	380,481,483,136,159,203	6,8,21,6,7,0	NA	NA	NA	NA	NA
2875	ENSG00000166452.12	AKIP1	chr11	+	NA	NA	NA	NA	NA	NA	2875	21,60,68	0,0,7	12,22,12	9,1,2	369	149	0.0108461350236	0.03813560777793302	1.0,1.0,0.797	0.35,0.899,0.708	0.28	NA	NA	NA	NA	RI	chr11|+|8911188|8911671|8911188|8911223|8911443|8911671	0.03813560777793302	0.28	0.9323333333333333	0.6523333333333333	214	NA	NA	NA	NA	8911188	8911223	8911443	8911671	NA	NA	NA	NA	NA	NA	NA	8911188	8911671	0,0,0,0,0,0	11,19,27,5,18,9	10,41,41,7,4,3	0,0,7,9,1,2	NA	NA	NA	NA	NA	2875	chr11	+	NA	NA	NA	NA	NA	NA	2875	30,19,50	3,3,6	11,29,17	3,3,1	369	149	0.905077789287	1	0.802,0.719,0.771	0.597,0.796,0.873	0.009	NA	NA	NA	NA	1	0.009	0.764	0.7553333333333333	175	NA	NA	NA	NA	8911188	8911223	8911443	8911671	NA	NA	NA	NA	NA	NA	NA	8911188	8911671	0,0,0,0,0,0	15,15,26,4,7,6	15,4,24,7,22,11	3,3,6,3,3,1	NA	NA	NA	NA	NA
2885	ENSG00000184634.17	MED12	chrX	+	NA	NA	NA	NA	NA	NA	2885	53,80,29	44,78,35	30,10,11	35,27,33	249	149	0.00516385927978	0.02085954222899272	0.419,0.38,0.331	0.339,0.181,0.166	0.148	NA	NA	NA	NA	RI	chrX|+|71129113|71129429|71129113|71129215|71129315|71129429	0.02085954222899272	0.148	0.37666666666666665	0.22866666666666668	465	NA	NA	NA	NA	71129113	71129215	71129315	71129429	NA	NA	NA	NA	NA	NA	NA	71129113	71129429	25,63,14,18,10,4	29,20,15,18,10,7	0,0,0,0,0,0	44,78,35,35,27,33	NA	NA	NA	NA	NA	2885	chrX	+	NA	NA	NA	NA	NA	NA	2885	33,81,36	38,22,50	7,33,6	26,28,30	249	149	0.0169465114529	0.05452316604372035	0.342,0.688,0.301	0.139,0.414,0.107	0.224	NA	NA	NA	NA	0.05452316604372035	0.224	0.44366666666666665	0.22	390	NA	NA	NA	NA	71129113	71129215	71129315	71129429	NA	NA	NA	NA	NA	NA	NA	71129113	71129429	7,37,6,5,21,0	29,49,36,2,14,6	0,4,0,0,0,0	38,22,50,26,28,30	NA	NA	NA	NA	NA
2887	ENSG00000184634.17	MED12	chrX	+	NA	NA	NA	NA	NA	NA	2887	51,43,48	57,30,18	8,10,31	15,33,73	328	149	7.72331338772e-6	9.017649668390962e-5	0.289,0.394,0.548	0.195,0.121,0.162	0.251	NA	NA	NA	NA	RI	chrX|+|71129679|71130214|71129679|71129855|71130034|71130214	9.017649668390962e-5	0.251	0.41033333333333333	0.15933333333333333	417	NA	NA	NA	NA	71129679	71129855	71130034	71130214	NA	NA	NA	NA	NA	NA	NA	71129679	71130214	14,12,24,3,6,18	37,21,11,5,4,9	0,10,13,0,0,4	57,30,18,15,33,73	NA	NA	NA	NA	NA	2887	chrX	+	NA	NA	NA	NA	NA	NA	2887	13,58,56	37,44,42	4,37,24	41,19,9	328	149	0.88751020721	1	0.138,0.375,0.377	0.042,0.469,0.548	-0.056	NA	NA	NA	NA	1	-0.056	0.2966666666666667	0.353	384	NA	NA	NA	NA	71129679	71129855	71130034	71130214	NA	NA	NA	NA	NA	NA	NA	71129679	71130214	5,8,15,4,3,6	5,26,21,0,34,12	3,24,20,0,0,6	37,44,42,41,19,9	NA	NA	NA	NA	NA
2888	ENSG00000184634.17	MED12	chrX	+	NA	NA	NA	NA	NA	NA	2888	45,64,32	33,41,28	13,10,25	40,37,50	319	149	2.84685031104e-9	8.599451284382898e-8	0.389,0.422,0.348	0.132,0.112,0.189	0.242	NA	NA	NA	NA	RI	chrX|+|71132072|71132538|71132072|71132206|71132376|71132538	8.599451284382898e-8	0.242	0.3863333333333333	0.14433333333333334	418	NA	NA	NA	NA	71132072	71132206	71132376	71132538	NA	NA	NA	NA	NA	NA	NA	71132072	71132538	17,25,19,4,8,10	17,33,13,6,2,15	11,6,0,3,0,0	33,41,28,40,37,50	NA	NA	NA	NA	NA	2888	chrX	+	NA	NA	NA	NA	NA	NA	2888	32,25,27	72,66,60	14,18,57	13,43,55	319	149	0.0186584072729	0.05890126582385943	0.172,0.15,0.174	0.335,0.164,0.326	-0.11	NA	NA	NA	NA	0.05890126582385943	-0.11	0.16533333333333333	0.275	482	NA	NA	NA	NA	71132072	71132206	71132376	71132538	NA	NA	NA	NA	NA	NA	NA	71132072	71132538	3,8,11,5,1,10	29,15,16,9,17,46	0,2,0,0,0,1	72,66,60,13,43,55	NA	NA	NA	NA	NA
2921	ENSG00000165792.18	METTL17	chr14	+	NA	NA	NA	NA	NA	NA	2921	1335,1202,1308	263,308,347	507,551,675	197,323,346	926	149	3.70814490225e-13	2.5839027887042044e-11	0.45,0.386,0.378	0.293,0.215,0.239	0.156	NA	NA	NA	NA	RI	chr14|+|20993117|20994063|20993117|20993191|20993968|20994063	2.5839027887042044e-11	0.156	0.4046666666666667	0.249	7362	NA	NA	NA	NA	20993117	20993191	20993968	20994063	NA	NA	NA	NA	NA	NA	NA	20993117	20994063	180,224,279,86,76,164	402,373,331,113,202,180	753,605,698,308,273,331	263,308,347,197,323,346	NA	NA	NA	NA	NA	2921	chr14	+	NA	NA	NA	NA	NA	NA	2921	960,1381,1332	211,330,428	469,684,540	139,272,259	926	149	6.04654586526e-4	0.0034677198936662	0.423,0.402,0.334	0.352,0.288,0.251	0.089	NA	NA	NA	NA	0.0034677198936662	0.089	0.38633333333333336	0.297	7005	NA	NA	NA	NA	20993117	20993191	20993968	20994063	NA	NA	NA	NA	NA	NA	NA	20993117	20994063	180,288,223,94,148,87	359,403,416,151,176,142	421,690,693,224,360,311	211,330,428,139,272,259	NA	NA	NA	NA	NA
2924	ENSG00000184163.3	C1QTNF12	chr1	-	NA	NA	NA	NA	NA	NA	2924	69,65,76	0,0,0	28,29,32	13,3,0	234	149	5.75703549943e-7	9.645393902323704e-6	1.0,1.0,1.0	0.578,0.86,1.0	0.187	NA	NA	NA	NA	RI	chr1|-|1243953|1244275|1243953|1244105|1244190|1244275	9.645393902323704e-6	0.187	1	0.8126666666666666	315	NA	NA	NA	NA	1243953	1244105	1244190	1244275	NA	NA	NA	NA	NA	NA	NA	1243953	1244275	53,32,40,14,15,9	50,46,61,24,26,26	0,0,0,0,0,0	0,0,0,13,3,0	NA	NA	NA	NA	NA	2924	chr1	-	NA	NA	NA	NA	NA	NA	2924	55,29,77	0,2,3	25,47,51	0,12,0	234	149	0.0588239650224	0.14795415442327098	1.0,0.902,0.942	1.0,0.714,1.0	0.043	NA	NA	NA	NA	0.14795415442327098	0.043	0.948	0.9046666666666666	301	NA	NA	NA	NA	1243953	1244105	1244190	1244275	NA	NA	NA	NA	NA	NA	NA	1243953	1244275	25,11,43,9,12,27	33,26,60,18,37,42	0,0,0,0,0,0	0,2,3,0,12,0	NA	NA	NA	NA	NA
2936	ENSG00000163938.17	GNL3	chr3	+	NA	NA	NA	NA	NA	NA	2936	1189,1163,1468	149,263,313	719,791,951	208,206,296	389	149	7.06598221228e-4	0.00420666047822339	0.753,0.629,0.642	0.57,0.595,0.552	0.102	NA	NA	NA	NA	RI	chr3|+|52690591|52691071|52690591|52690704|52690944|52691071	0.00420666047822339	0.102	0.6746666666666666	0.5723333333333334	7716	NA	NA	NA	NA	52690591	52690704	52690944	52691071	NA	NA	NA	NA	NA	NA	NA	52690591	52691071	333,303,468,169,168,235	439,449,527,282,310,390	417,411,473,268,313,326	149,263,313,208,206,296	NA	NA	NA	NA	NA	2936	chr3	+	NA	NA	NA	NA	NA	NA	2936	742,1215,1279	179,263,336	730,747,719	149,230,305	389	149	0.148963825753	0.30137103642290347	0.614,0.639,0.593	0.652,0.554,0.475	0.055	NA	NA	NA	NA	0.30137103642290347	0.055	0.6153333333333333	0.56033333333333335	6894	NA	NA	NA	NA	52690591	52690704	52690944	52691071	NA	NA	NA	NA	NA	NA	NA	52690591	52691071	121,260,265,179,208,155	331,522,598,291,257,284	290,433,416,260,282,280	179,263,336,149,230,305	NA	NA	NA	NA	NA
2943	ENSG00000071564.19	TCF3	chr19	-	NA	NA	NA	NA	NA	NA	2943	116,105,68	0,0,0	20,30,22	5,4,2	319	149	1.88926473355e-8	4.421744788598702e-7	1.0,1.0,1.0	0.651,0.778,0.837	0.245	NA	NA	NA	NA	RI	chr19|-|1615284|1615821|1615284|1615515|1615685|1615821	4.421744788598702e-7	0.245	1	0.7553333333333333	372	NA	NA	NA	NA	1615284	1615515	1615685	1615821	NA	NA	NA	NA	NA	NA	NA	1615284	1615821	36,33,32,8,8,15	66,69,34,8,16,4	14,3,2,4,6,3	0,0,0,5,4,2	NA	NA	NA	NA	NA	2943	chr19	-	NA	NA	NA	NA	NA	NA	2943	54,89,83	0,3,4	28,54,16	1,10,0	319	149	0.0396261773086	0.10711839067441156	1.0,0.933,0.906	0.929,0.716,1.0	0.065	NA	NA	NA	NA	0.10711839067441156	0.065	0.9463333333333334	0.8816666666666667	342	NA	NA	NA	NA	1615284	1615515	1615685	1615821	NA	NA	NA	NA	NA	NA	NA	1615284	1615821	6,13,29,5,11,3	40,63,46,15,43,12	8,13,8,8,0,1	0,3,4,1,10,0	NA	NA	NA	NA	NA
2944	ENSG00000071564.19	TCF3	chr19	-	NA	NA	NA	NA	NA	NA	2944	116,105,68	183,135,128	18,29,22	74,141,208	314	149	0	0	0.231,0.27,0.201	0.103,0.089,0.048	0.154	NA	NA	NA	NA	RI	chr19|-|1615284|1615821|1615284|1615520|1615685|1615821	0	0.154	0.234	0.08	1227	NA	NA	NA	NA	1615284	1615520	1615685	1615821	NA	NA	NA	NA	NA	NA	NA	1615284	1615821	47,34,32,10,11,17	66,69,34,8,16,4	3,2,2,0,2,1	183,135,128,74,141,208	NA	NA	NA	NA	NA	2944	chr19	-	NA	NA	NA	NA	NA	NA	2944	53,89,82	203,134,179	28,54,16	110,182,166	314	149	3.88833637032e-5	3.4684879380151e-4	0.11,0.24,0.179	0.108,0.123,0.044	0.085	NA	NA	NA	NA	3.4684879380151e-4	0.085	0.17633333333333334	0.09166666666666666	1296	NA	NA	NA	NA	1615284	1615520	1615685	1615821	NA	NA	NA	NA	NA	NA	NA	1615284	1615821	10,17,33,11,11,4	40,63,46,15,43,12	3,9,3,2,0,0	203,134,179,110,182,166	NA	NA	NA	NA	NA
2945	ENSG00000071564.19	TCF3	chr19	-	NA	NA	NA	NA	NA	NA	2945	55,38,48	110,36,92	21,25,13	40,87,66	230	149	0.00396264758746	0.01703994039712813	0.245,0.406,0.253	0.254,0.157,0.113	0.127	NA	NA	NA	NA	RI	chr19|-|1619110|1619474|1619110|1619234|1619315|1619474	0.01703994039712813	0.127	0.30133333333333334	0.17466666666666666	631	NA	NA	NA	NA	1619110	1619234	1619315	1619474	NA	NA	NA	NA	NA	NA	NA	1619110	1619474	45,27,29,16,17,7	19,14,25,7,11,6	0,0,0,0,0,0	110,36,92,40,87,66	NA	NA	NA	NA	NA	2945	chr19	-	NA	NA	NA	NA	NA	NA	2945	32,21,41	51,62,113	12,18,15	41,70,81	230	149	0.00854168809704	0.03138491034406911	0.289,0.18,0.19	0.159,0.143,0.107	0.083	NA	NA	NA	NA	0.03138491034406911	0.083	0.21966666666666665	0.13633333333333333	557	NA	NA	NA	NA	1619110	1619234	1619315	1619474	NA	NA	NA	NA	NA	NA	NA	1619110	1619474	30,13,32,10,15,10	2,10,14,2,8,8	0,0,0,0,0,0	51,62,113,41,70,81	NA	NA	NA	NA	NA
2956	ENSG00000073331.18	ALPK1	chr4	+	NA	NA	NA	NA	NA	NA	2956	54,48,12	26,6,6	36,8,14	37,5,20	864	149	0.00206795782761	0.01002428252877827	0.264,0.58,0.256	0.144,0.216,0.108	0.211	NA	NA	NA	NA	RI	chr4|+|112425664|112426543|112425664|112425751|112426466|112426543	0.01002428252877827	0.211	0.36666666666666664	0.156	272	NA	NA	NA	NA	112425664	112425751	112426466	112426543	NA	NA	NA	NA	NA	NA	NA	112425664	112426543	2,0,0,8,6,0	3,1,0,3,0,0	49,47,12,25,2,14	26,6,6,37,5,20	NA	NA	NA	NA	NA	2956	chr4	+	NA	NA	NA	NA	NA	NA	2956	26,19,58	16,4,20	23,20,36	19,8,11	864	149	0.523140840764	0.7576133183150591	0.219,0.45,0.333	0.173,0.301,0.361	0.056	NA	NA	NA	NA	0.7576133183150591	0.056	0.334	0.2783333333333333	260	NA	NA	NA	NA	112425664	112425751	112426466	112426543	NA	NA	NA	NA	NA	NA	NA	112425664	112426543	5,2,5,6,2,2	3,1,7,2,0,14	18,16,46,15,18,20	16,4,20,19,8,11	NA	NA	NA	NA	NA
2962	ENSG00000127054.22	INTS11	chr1	-	NA	NA	NA	NA	NA	NA	2962	145,74,89	162,158,217	66,48,40	123,227,216	240	149	6.64958566399e-4	0.003989751398394	0.357,0.225,0.203	0.25,0.116,0.103	0.105	NA	NA	NA	NA	RI	chr1|-|1312225|1312700|1312225|1312501|1312592|1312700	0.003989751398394	0.105	0.26166666666666666	0.15633333333333332	1565	NA	NA	NA	NA	1312225	1312501	1312592	1312700	NA	NA	NA	NA	NA	NA	NA	1312225	1312700	92,56,32,57,30,31	63,29,56,17,24,13	0,0,6,0,0,0	162,158,217,123,227,216	NA	NA	NA	NA	NA	2962	chr1	-	NA	NA	NA	NA	NA	NA	2962	67,71,134	175,229,220	37,65,68	218,161,186	240	149	0.033922594179	0.09444486735916673	0.192,0.161,0.274	0.095,0.2,0.185	0.049	NA	NA	NA	NA	0.09444486735916673	0.049	0.20900000000000002	0.16	1631	NA	NA	NA	NA	1312225	1312501	1312592	1312700	NA	NA	NA	NA	NA	NA	NA	1312225	1312700	51,41,102,21,48,48	24,41,44,30,24,38	0,0,0,0,0,0	175,229,220,218,161,186	NA	NA	NA	NA	NA
3073	ENSG00000173020.11	GRK2	chr11	+	NA	NA	NA	NA	NA	NA	3073	191,182,159	213,195,239	32,30,44	104,165,106	458	149	1.24567023363e-13	9.54806234077395e-12	0.226,0.233,0.178	0.091,0.056,0.119	0.124	NA	NA	NA	NA	RI	chr11|+|67280731|67281184|67280731|67280783|67281092|67281184	9.54806234077395e-12	0.124	0.21233333333333335	0.08866666666666667	1660	NA	NA	NA	NA	67280731	67280783	67281092	67281184	NA	NA	NA	NA	NA	NA	NA	67280731	67281184	84,49,58,3,10,8	60,52,58,13,14,18	47,81,43,16,6,18	213,195,239,104,165,106	NA	NA	NA	NA	NA	3073	chr11	+	NA	NA	NA	NA	NA	NA	3073	199,179,146	240,220,236	31,25,26	54,86,102	458	149	5.63682945764e-7	9.377634461346543e-6	0.212,0.209,0.168	0.157,0.086,0.077	0.09	NA	NA	NA	NA	9.377634461346543e-6	0.09	0.19633333333333333	0.10666666666666666	1544	NA	NA	NA	NA	67280731	67280783	67281092	67281184	NA	NA	NA	NA	NA	NA	NA	67280731	67281184	52,24,51,17,6,6	94,84,55,4,9,13	53,71,40,10,10,7	240,220,236,54,86,102	NA	NA	NA	NA	NA
3074	ENSG00000173020.11	GRK2	chr11	+	NA	NA	NA	NA	NA	NA	3074	211,347,252	85,52,120	74,112,110	65,86,75	467	149	4.14623649974e-4	0.00271922162742306	0.442,0.68,0.401	0.266,0.294,0.319	0.215	NA	NA	NA	NA	RI	chr11|+|67281821|67282542|67281821|67281952|67282270|67282542	0.00271922162742306	0.215	0.5076666666666667	0.293	1589	NA	NA	NA	NA	67281821	67281952	67282270	67282542	NA	NA	NA	NA	NA	NA	NA	67281821	67282542	90,113,88,15,52,29	58,51,39,14,14,22	63,183,125,45,46,59	85,52,120,65,86,75	NA	NA	NA	NA	NA	3074	chr11	+	NA	NA	NA	NA	NA	NA	3074	228,317,275	46,88,98	110,105,73	28,45,53	467	149	0.0700499190026	0.16900977261554193	0.613,0.535,0.472	0.556,0.427,0.305	0.111	NA	NA	NA	NA	0.16900977261554193	0.111	0.54	0.42933333333333334	1466	NA	NA	NA	NA	67281821	67281952	67282270	67282542	NA	NA	NA	NA	NA	NA	NA	67281821	67282542	142,139,117,60,48,34	36,56,52,18,18,13	50,122,106,32,39,26	46,88,98,28,45,53	NA	NA	NA	NA	NA
3083	ENSG00000130304.17	SLC27A1	chr19	+	NA	NA	NA	NA	NA	NA	3083	34,12,9	0,0,0	10,20,52	0,4,2	291	149	0.0108817539522	0.03823891990538131	1.0,1.0,1.0	1.0,0.719,0.93	0.117	NA	NA	NA	NA	RI	chr19|+|17486562|17487335|17486562|17486957|17487099|17487335	0.03823891990538131	0.117	1	0.883	143	NA	NA	NA	NA	17486562	17486957	17487099	17487335	NA	NA	NA	NA	NA	NA	NA	17486562	17487335	21,5,4,6,5,1	18,7,5,4,15,52	0,0,0,0,0,0	0,0,0,0,4,2	NA	NA	NA	NA	NA	3083	chr19	+	NA	NA	NA	NA	NA	NA	3083	27,22,52	0,2,0	37,37,26	0,0,0	291	149	1	1	1.0,0.849,1.0	1.0,1.0,1.0	-0.05	NA	NA	NA	NA	1	-0.05	0.9496666666666667	1	203	NA	NA	NA	NA	17486562	17486957	17487099	17487335	NA	NA	NA	NA	NA	NA	NA	17486562	17487335	17,11,14,35,25,9	10,11,40,2,12,19	0,0,0,0,0,0	0,2,0,0,0,0	NA	NA	NA	NA	NA
3101	ENSG00000011243.19	AKAP8L	chr19	-	NA	NA	NA	NA	NA	NA	3101	667,840,843	49,25,44	552,551,491	55,57,63	684	149	2.32921078502e-6	3.231384736140869e-5	0.748,0.88,0.807	0.686,0.678,0.629	0.147	NA	NA	NA	NA	RI	chr19|-|15397713|15399410|15397713|15398766|15399301|15399410	3.231384736140869e-5	0.147	0.8116666666666666	0.6643333333333333	4237	NA	NA	NA	NA	15397713	15398766	15399301	15399410	NA	NA	NA	NA	NA	NA	NA	15397713	15399410	101,78,66,91,99,64	268,258,327,152,155,172	298,504,450,309,297,255	49,25,44,55,57,63	NA	NA	NA	NA	NA	3101	chr19	-	NA	NA	NA	NA	NA	NA	3101	681,849,976	32,29,68	552,703,505	54,52,45	684	149	7.13449753801e-4	0.00399677464119131	0.823,0.864,0.758	0.69,0.747,0.71	0.099	NA	NA	NA	NA	0.00399677464119131	0.099	0.815	0.7156666666666667	4546	NA	NA	NA	NA	15397713	15398766	15399301	15399410	NA	NA	NA	NA	NA	NA	NA	15397713	15399410	138,117,125,132,91,71	164,293,318,76,249,128	379,439,533,344,363,306	32,29,68,54,52,45	NA	NA	NA	NA	NA
3121	ENSG00000103876.14	FAH	chr15	+	NA	NA	NA	NA	NA	NA	3121	3,29,13	64,58,46	0,0,2	41,52,74	263	149	1.45516154682e-10	5.988624567181369e-9	0.026,0.221,0.138	0.0,0.0,0.015	0.123	NA	NA	NA	NA	RI	chr15|+|80168051|80168316|80168051|80168149|80168263|80168316	5.988624567181369e-9	0.123	0.12833333333333333	0.004999999999999999	382	NA	NA	NA	NA	80168051	80168149	80168263	80168316	NA	NA	NA	NA	NA	NA	NA	80168051	80168316	2,23,6,0,0,1	1,6,7,0,0,1	0,0,0,0,0,0	64,58,46,41,52,74	NA	NA	NA	NA	NA	3121	chr15	+	NA	NA	NA	NA	NA	NA	3121	0,5,3	81,39,51	0,0,9	41,59,36	263	149	0.713500188536	0.9183349613318208	0.0,0.068,0.032	0.0,0.0,0.124	-0.008	NA	NA	NA	NA	0.9183349613318208	-0.008	0.03333333333333333	0.04133333333333333	324	NA	NA	NA	NA	80168051	80168149	80168263	80168316	NA	NA	NA	NA	NA	NA	NA	80168051	80168316	0,1,3,0,0,8	0,4,0,0,0,1	0,0,0,0,0,0	81,39,51,41,59,36	NA	NA	NA	NA	NA
3150	ENSG00000073350.14	LLGL2	chr17	+	NA	NA	NA	NA	NA	NA	3150	31,49,54	16,57,53	8,8,29	17,33,41	341	149	0.00191845560534	0.0094565673407917	0.458,0.273,0.308	0.171,0.096,0.236	0.179	NA	NA	NA	NA	RI	chr17|+|75574212|75574668|75574212|75574260|75574452|75574668	0.0094565673407917	0.179	0.3463333333333333	0.16766666666666666	396	NA	NA	NA	NA	75574212	75574260	75574452	75574668	NA	NA	NA	NA	NA	NA	NA	75574212	75574668	0,17,15,0,2,0	31,32,39,8,6,25	0,0,0,0,0,4	16,57,53,17,33,41	NA	NA	NA	NA	NA	3150	chr17	+	NA	NA	NA	NA	NA	NA	3150	36,40,41	11,48,74	13,10,9	12,49,17	341	149	0.0336571369756	0.09392580877802606	0.588,0.267,0.195	0.321,0.082,0.188	0.153	NA	NA	NA	NA	0.09392580877802606	0.153	0.35	0.197	360	NA	NA	NA	NA	75574212	75574260	75574452	75574668	NA	NA	NA	NA	NA	NA	NA	75574212	75574668	4,17,25,3,4,0	11,13,10,2,6,9	21,10,6,8,0,0	11,48,74,12,49,17	NA	NA	NA	NA	NA
3166	ENSG00000114626.18	ABTB1	chr3	+	NA	NA	NA	NA	NA	NA	3166	99,69,30	23,31,79	0,9,32	39,51,57	534	149	8.88406607324e-6	1.0144710085867e-4	0.546,0.383,0.096	0.0,0.047,0.135	0.281	NA	NA	NA	NA	RI	chr3|+|127676535|127677286|127676535|127676581|127676966|127677286	1.0144710085867e-4	0.281	0.3416666666666667	0.06066666666666667	519	NA	NA	NA	NA	127676535	127676581	127676966	127677286	NA	NA	NA	NA	NA	NA	NA	127676535	127677286	47,31,13,0,3,1	30,9,6,0,4,0	22,29,11,0,2,31	23,31,79,39,51,57	NA	NA	NA	NA	NA	3166	chr3	+	NA	NA	NA	NA	NA	NA	3166	60,122,44	44,21,107	11,25,11	9,17,19	534	149	0.391286818406	0.6195545611834908	0.276,0.618,0.103	0.254,0.291,0.139	0.104	NA	NA	NA	NA	0.6195545611834908	0.104	0.3323333333333333	0.228	490	NA	NA	NA	NA	127676535	127676581	127676966	127677286	NA	NA	NA	NA	NA	NA	NA	127676535	127677286	36,37,19,5,18,4	18,33,16,3,2,7	6,52,9,3,5,0	44,21,107,9,17,19	NA	NA	NA	NA	NA
3181	ENSG00000175455.16	CCDC14	chr3	-	NA	NA	NA	NA	NA	NA	3181	1278,768,1317	172,157,151	780,653,886	219,107,244	461	149	0.00291349794224	0.01326322893972953	0.706,0.613,0.738	0.535,0.664,0.54	0.106	NA	NA	NA	NA	RI	chr3|-|123956354|123956795|123956354|123956427|123956739|123956795	0.01326322893972953	0.106	0.6856666666666666	0.5796666666666667	6732	NA	NA	NA	NA	123956354	123956427	123956739	123956795	NA	NA	NA	NA	NA	NA	NA	123956354	123956795	496,326,514,267,215,327	488,263,507,330,272,374	294,179,296,183,166,185	172,157,151,219,107,244	NA	NA	NA	NA	NA	3181	chr3	-	NA	NA	NA	NA	NA	NA	3181	886,1132,1053	135,185,141	602,754,788	118,141,113	461	149	0.180290104858	0.3499749094302353	0.68,0.664,0.707	0.622,0.633,0.693	0.034	NA	NA	NA	NA	0.3499749094302353	0.034	0.6836666666666666	0.6493333333333333	6048	NA	NA	NA	NA	123956354	123956427	123956739	123956795	NA	NA	NA	NA	NA	NA	NA	123956354	123956795	337,392,392,253,271,264	294,480,393,239,270,315	255,260,268,110,213,209	135,185,141,118,141,113	NA	NA	NA	NA	NA
3203	ENSG00000103253.19	HAGHL	chr16	+	NA	NA	NA	NA	NA	NA	3203	1020,1241,1263	59,67,64	256,514,699	61,70,47	348	149	2.18396911071e-5	2.2394813690424e-4	0.881,0.888,0.894	0.642,0.759,0.864	0.133	NA	NA	NA	NA	RI	chr16|+|729008|729715|729008|729088|729287|729715	2.2394813690424e-4	0.133	0.8876666666666667	0.755	5361	NA	NA	NA	NA	729008	729088	729287	729715	NA	NA	NA	NA	NA	NA	NA	729008	729715	827,978,983,222,399,493	128,134,145,27,73,138	65,129,135,7,42,68	59,67,64,61,70,47	NA	NA	NA	NA	NA	3203	chr16	+	NA	NA	NA	NA	NA	NA	3203	876,1162,1242	74,48,56	397,648,511	48,38,81	348	149	1.15016023032e-4	8.6390766553513e-4	0.835,0.912,0.905	0.78,0.88,0.73	0.087	NA	NA	NA	NA	8.6390766553513e-4	0.087	0.884	0.7966666666666666	5181	NA	NA	NA	NA	729008	729088	729287	729715	NA	NA	NA	NA	NA	NA	NA	729008	729715	786,876,1019,299,535,423	59,166,143,66,67,59	31,120,80,32,46,29	74,48,56,48,38,81	NA	NA	NA	NA	NA
3208	ENSG00000162650.17	ATXN7L2	chr1	+	NA	NA	NA	NA	NA	NA	3208	225,285,252	25,21,20	302,209,233	43,41,50	458	149	3.634758833e-5	3.4272121193519e-4	0.745,0.815,0.804	0.696,0.624,0.603	0.147	NA	NA	NA	NA	RI	chr1|+|109490921|109492104|109490921|109491717|109492026|109492104	3.4272121193519e-4	0.147	0.788	0.641	1706	NA	NA	NA	NA	109490921	109491717	109492026	109492104	NA	NA	NA	NA	NA	NA	NA	109490921	109492104	57,47,32,51,26,41	36,58,74,46,63,47	132,180,146,205,120,145	25,21,20,43,41,50	NA	NA	NA	NA	NA	3208	chr1	+	NA	NA	NA	NA	NA	NA	3208	215,292,360	30,24,31	230,259,264	18,10,12	458	149	0.00354707635221	0.01530056720785442	0.7,0.798,0.791	0.806,0.894,0.877	-0.096	NA	NA	NA	NA	0.01530056720785442	-0.096	0.763	0.859	1745	NA	NA	NA	NA	109490921	109491717	109492026	109492104	NA	NA	NA	NA	NA	NA	NA	109490921	109492104	28,69,76,45,85,57	72,72,94,59,53,59	115,151,190,126,121,148	30,24,31,18,10,12	NA	NA	NA	NA	NA
3231	ENSG00000109654.16	TRIM2	chr4	+	NA	NA	NA	NA	NA	NA	3231	4,23,2	1,20,15	6,0,2	39,28,12	976	149	1.04671852984e-4	8.501295397323e-4	0.379,0.149,0.02	0.023,0.0,0.025	0.167	NA	NA	NA	NA	RI	chr4|+|153294304|153296036|153294304|153294485|153295312|153296036	8.501295397323e-4	0.167	0.18266666666666667	0.016	152	NA	NA	NA	NA	153294304	153294485	153295312	153296036	NA	NA	NA	NA	NA	NA	NA	153294304	153296036	0,2,0,0,0,0	0,0,0,0,0,0	4,21,2,6,0,2	1,20,15,39,28,12	NA	NA	NA	NA	NA	3231	chr4	+	NA	NA	NA	NA	NA	NA	3231	0,0,0	38,1,4	0,2,2	20,5,19	976	149	1	1	0.0,0.0,0.0	0.0,0.058,0.016	-0.025	NA	NA	NA	NA	1	-0.025	0	0.024666666666666667	91	NA	NA	NA	NA	153294304	153294485	153295312	153296036	NA	NA	NA	NA	NA	NA	NA	153294304	153296036	0,0,0,0,0,0	0,0,0,0,0,0	0,0,0,0,2,2	38,1,4,20,5,19	NA	NA	NA	NA	NA
3237	ENSG00000239857.7	GET4	chr7	+	NA	NA	NA	NA	NA	NA	3237	190,230,305	62,93,69	159,177,225	82,102,97	232	149	0.00163535095829	0.0082534749598636	0.663,0.614,0.74	0.555,0.527,0.598	0.112	NA	NA	NA	NA	RI	chr7|+|893739|893971|893739|893815|893898|893971	0.0082534749598636	0.112	0.6723333333333333	0.56	1791	NA	NA	NA	NA	893739	893815	893898	893971	NA	NA	NA	NA	NA	NA	NA	893739	893971	115,157,235,107,121,134	124,105,166,66,98,125	1,0,0,0,0,0	62,93,69,82,102,97	NA	NA	NA	NA	NA	3237	chr7	+	NA	NA	NA	NA	NA	NA	3237	260,233,296	65,100,148	137,175,219	104,97,50	232	149	0.483362876107	0.717911561438803	0.72,0.599,0.562	0.458,0.537,0.738	0.049	NA	NA	NA	NA	0.717911561438803	0.049	0.627	0.5776666666666667	1884	NA	NA	NA	NA	893739	893815	893898	893971	NA	NA	NA	NA	NA	NA	NA	893739	893971	200,174,201,76,106,142	142,107,141,99,116,115	0,0,0,0,0,0	65,100,148,104,97,50	NA	NA	NA	NA	NA
3269	ENSG00000175634.15	RPS6KB2	chr11	+	NA	NA	NA	NA	NA	NA	3269	172,129,147	84,141,101	59,59,53	48,122,96	443	149	6.90839929628e-4	0.00412887957941412	0.408,0.235,0.329	0.292,0.14,0.157	0.128	NA	NA	NA	NA	RI	chr11|+|67434581|67435401|67434581|67434694|67434988|67435401	0.00412887957941412	0.128	0.324	0.19633333333333333	1211	NA	NA	NA	NA	67434581	67434694	67434988	67435401	NA	NA	NA	NA	NA	NA	NA	67434581	67435401	52,40,29,8,4,8	53,38,74,44,40,18	67,51,44,7,15,27	84,141,101,48,122,96	NA	NA	NA	NA	NA	3269	chr11	+	NA	NA	NA	NA	NA	NA	3269	122,155,156	84,130,120	37,75,79	62,55,49	443	149	0.425359844849	0.6560056091548567	0.328,0.286,0.304	0.167,0.314,0.352	0.028	NA	NA	NA	NA	0.6560056091548567	0.028	0.306	0.2776666666666667	1124	NA	NA	NA	NA	67434581	67434694	67434988	67435401	NA	NA	NA	NA	NA	NA	NA	67434581	67435401	41,42,44,9,11,34	60,57,57,9,30,27	21,56,55,19,34,18	84,130,120,62,55,49	NA	NA	NA	NA	NA
3285	ENSG00000131462.9	TUBG1	chr17	+	NA	NA	NA	NA	NA	NA	3285	131,252,155	82,84,85	14,58,44	27,49,33	432	149	0.00196247622911	0.00960407361285117	0.355,0.509,0.386	0.152,0.29,0.315	0.164	NA	NA	NA	NA	RI	chr17|+|42610422|42612506|42610422|42612143|42612426|42612506	0.00960407361285117	0.164	0.4166666666666667	0.2523333333333333	1014	NA	NA	NA	NA	42610422	42612143	42612426	42612506	NA	NA	NA	NA	NA	NA	NA	42610422	42612506	36,42,43,7,34,18	45,94,61,5,15,11	50,116,51,2,9,15	82,84,85,27,49,33	NA	NA	NA	NA	NA	3285	chr17	+	NA	NA	NA	NA	NA	NA	3285	146,198,161	56,69,68	57,56,41	9,29,22	432	149	0.916671553961	1	0.473,0.497,0.45	0.686,0.4,0.391	-0.019	NA	NA	NA	NA	1	-0.019	0.47333333333333333	0.49233333333333335	912	NA	NA	NA	NA	42610422	42612143	42612426	42612506	NA	NA	NA	NA	NA	NA	NA	42610422	42612506	58,83,68,26,13,36	65,40,35,2,25,0	23,75,58,29,18,5	56,69,68,9,29,22	NA	NA	NA	NA	NA
3287	ENSG00000131462.9	TUBG1	chr17	+	NA	NA	NA	NA	NA	NA	3287	186,122,173	27,28,46	36,40,91	39,22,39	410	149	1.4531186217e-5	1.5496562414372e-4	0.715,0.613,0.577	0.251,0.398,0.459	0.266	NA	NA	NA	NA	RI	chr17|+|42613848|42614412|42613848|42613998|42614259|42614412	1.5496562414372e-4	0.266	0.635	0.36933333333333335	849	NA	NA	NA	NA	42613848	42613998	42614259	42614412	NA	NA	NA	NA	NA	NA	NA	42613848	42614412	81,52,61,33,24,38	62,37,58,0,4,39	43,33,54,3,12,14	27,28,46,39,22,39	NA	NA	NA	NA	NA	3287	chr17	+	NA	NA	NA	NA	NA	NA	3287	160,201,123	6,18,50	49,62,37	29,6,25	410	149	0.0419414407976	0.11217199334663702	0.906,0.802,0.472	0.38,0.79,0.35	0.22	NA	NA	NA	NA	0.11217199334663702	0.22	0.7266666666666667	0.5066666666666667	766	NA	NA	NA	NA	42613848	42613998	42614259	42614412	NA	NA	NA	NA	NA	NA	NA	42613848	42614412	81,64,39,13,18,19	38,63,54,24,35,11	41,74,30,12,9,7	6,18,50,29,6,25	NA	NA	NA	NA	NA
3299	ENSG00000115459.18	ELMOD3	chr2	+	NA	NA	NA	NA	NA	NA	3299	103,78,79	33,14,44	32,32,50	27,35,29	643	149	0.00165155969218	0.0083147487951131	0.42,0.564,0.294	0.215,0.175,0.285	0.201	NA	NA	NA	NA	RI	chr2|+|85390137|85391748|85390137|85390265|85390759|85391748	0.0083147487951131	0.201	0.426	0.22499999999999998	556	NA	NA	NA	NA	85390137	85390265	85390759	85391748	NA	NA	NA	NA	NA	NA	NA	85390137	85391748	18,13,16,10,1,8	16,5,13,11,17,7	69,60,50,11,14,35	33,14,44,27,35,29	NA	NA	NA	NA	NA	3299	chr2	+	NA	NA	NA	NA	NA	NA	3299	80,129,82	47,58,51	24,41,34	18,15,91	643	149	0.0374881642712	0.10239304569596416	0.283,0.34,0.271	0.236,0.388,0.08	0.063	NA	NA	NA	NA	0.10239304569596416	0.063	0.298	0.23466666666666666	670	NA	NA	NA	NA	85390137	85390265	85390759	85391748	NA	NA	NA	NA	NA	NA	NA	85390137	85391748	8,25,20,7,5,14	12,7,20,4,6,5	60,97,42,13,30,15	47,58,51,18,15,91	NA	NA	NA	NA	NA
3301	ENSG00000247596.10	TWF2	chr3	-	NA	NA	NA	NA	NA	NA	3301	107,108,124	41,19,43	25,29,34	22,12,37	948	149	2.25016615159e-4	0.00160628857293945	0.291,0.472,0.312	0.152,0.275,0.126	0.174	NA	NA	NA	NA	RI	chr3|-|52229919|52230995|52229919|52230070|52230869|52230995	0.00160628857293945	0.174	0.35833333333333334	0.18433333333333335	601	NA	NA	NA	NA	52229919	52230070	52230869	52230995	NA	NA	NA	NA	NA	NA	NA	52229919	52230995	6,21,46,1,0,6	7,3,8,2,0,4	94,84,70,22,29,24	41,19,43,22,12,37	NA	NA	NA	NA	NA	3301	chr3	-	NA	NA	NA	NA	NA	NA	3301	48,156,187	57,55,95	18,15,26	3,20,40	948	149	0.300835709633	0.5124814810927184	0.117,0.308,0.236	0.485,0.105,0.093	-0.007	NA	NA	NA	NA	0.5124814810927184	-0.007	0.22033333333333333	0.22766666666666666	720	NA	NA	NA	NA	52229919	52230070	52230869	52230995	NA	NA	NA	NA	NA	NA	NA	52229919	52230995	10,17,26,0,0,0	0,6,23,14,1,22	38,133,138,4,14,4	57,55,95,3,20,40	NA	NA	NA	NA	NA
3305	ENSG00000187091.14	PLCD1	chr3	-	NA	NA	NA	NA	NA	NA	3305	29,44,38	0,21,18	1,0,6	4,4,12	554	149	3.08359650762e-5	3.0013672674167e-4	1.0,0.36,0.362	0.063,0.0,0.119	0.513	NA	NA	NA	NA	RI	chr3|-|38008457|38009158|38008457|38008636|38009041|38009158	3.0013672674167e-4	0.513	0.574	0.06066666666666667	177	NA	NA	NA	NA	38008457	38008636	38009041	38009158	NA	NA	NA	NA	NA	NA	NA	38008457	38009158	2,2,3,0,0,2	3,3,2,1,0,3	24,39,33,0,0,1	0,21,18,4,4,12	NA	NA	NA	NA	NA	3305	chr3	-	NA	NA	NA	NA	NA	NA	3305	20,16,71	7,4,3	2,0,13	3,6,0	554	149	0.0553937367527	0.1409704071848105	0.435,0.518,0.864	0.152,0.0,1.0	0.222	NA	NA	NA	NA	0.1409704071848105	0.222	0.6056666666666667	0.384	145	NA	NA	NA	NA	38008457	38008636	38009041	38009158	NA	NA	NA	NA	NA	NA	NA	38008457	38009158	0,6,16,0,0,7	12,4,6,1,0,2	8,6,49,1,0,4	7,4,3,3,6,0	NA	NA	NA	NA	NA
3318	ENSG00000090097.22	PCBP4	chr3	-	NA	NA	NA	NA	NA	NA	3318	84,91,105	75,94,90	21,48,18	66,55,102	314	149	5.83469344173e-6	7.177462959135632e-5	0.347,0.315,0.356	0.131,0.293,0.077	0.172	NA	NA	NA	NA	RI	chr3|-|51959894|51960320|51959894|51960023|51960188|51960320	7.177462959135632e-5	0.172	0.3393333333333333	0.16699999999999998	849	NA	NA	NA	NA	51959894	51960023	51960188	51960320	NA	NA	NA	NA	NA	NA	NA	51959894	51960320	58,37,26,10,16,3	24,49,38,11,32,13	2,5,41,0,0,2	75,94,90,66,55,102	NA	NA	NA	NA	NA	3318	chr3	-	NA	NA	NA	NA	NA	NA	3318	67,117,117	79,123,132	35,44,51	50,80,66	314	149	0.0514787375846	0.13237659160788123	0.287,0.311,0.296	0.249,0.207,0.268	0.057	NA	NA	NA	NA	0.13237659160788123	0.057	0.298	0.24133333333333334	961	NA	NA	NA	NA	51959894	51960023	51960188	51960320	NA	NA	NA	NA	NA	NA	NA	51959894	51960320	13,69,63,28,19,29	52,45,54,7,21,16	2,3,0,0,4,6	79,123,132,50,80,66	NA	NA	NA	NA	NA
3365	ENSG00000100722.20	ZC3H14	chr14	+	NA	NA	NA	NA	NA	NA	3365	334,409,338	18,55,77	86,114,154	39,21,63	457	149	0.00122326082435	0.00653400293982073	0.858,0.708,0.589	0.418,0.639,0.444	0.218	NA	NA	NA	NA	RI	chr14|+|88609266|88609803|88609266|88609403|88609711|88609803	0.00653400293982073	0.218	0.7183333333333333	0.5003333333333333	1708	NA	NA	NA	NA	88609266	88609403	88609711	88609803	NA	NA	NA	NA	NA	NA	NA	88609266	88609803	138,108,127,34,43,53	107,149,97,22,35,33	89,152,114,30,36,68	18,55,77,39,21,63	NA	NA	NA	NA	NA	3365	chr14	+	NA	NA	NA	NA	NA	NA	3365	226,280,284	21,54,71	131,135,116	46,19,19	457	149	0.513073459265	0.7475152281064742	0.778,0.628,0.566	0.481,0.698,0.666	0.042	NA	NA	NA	NA	0.7475152281064742	0.042	0.6573333333333333	0.615	1402	NA	NA	NA	NA	88609266	88609403	88609711	88609803	NA	NA	NA	NA	NA	NA	NA	88609266	88609803	106,119,102,48,65,36	57,85,73,46,30,61	63,76,109,37,40,19	21,54,71,46,19,19	NA	NA	NA	NA	NA
3366	ENSG00000100722.20	ZC3H14	chr14	+	NA	NA	NA	NA	NA	NA	3366	334,409,338	42,11,49	86,114,154	15,32,39	460	149	1.28867620434e-4	0.00101439826508509	0.72,0.923,0.691	0.65,0.536,0.561	0.196	NA	NA	NA	NA	RI	chr14|+|88609266|88609803|88609266|88609403|88609714|88609803	0.00101439826508509	0.196	0.778	0.5823333333333334	1623	NA	NA	NA	NA	88609266	88609403	88609714	88609803	NA	NA	NA	NA	NA	NA	NA	88609266	88609803	138,108,127,34,43,53	101,146,97,22,35,33	95,155,114,30,36,68	42,11,49,15,32,39	NA	NA	NA	NA	NA	3366	chr14	+	NA	NA	NA	NA	NA	NA	3366	226,280,284	47,43,32	131,135,116	9,24,43	460	149	0.701667277091	0.9085267337805636	0.609,0.678,0.742	0.825,0.646,0.466	0.031	NA	NA	NA	NA	0.9085267337805636	0.031	0.6763333333333333	0.6456666666666666	1370	NA	NA	NA	NA	88609266	88609403	88609714	88609803	NA	NA	NA	NA	NA	NA	NA	88609266	88609803	106,119,102,48,65,36	57,85,73,46,30,61	63,76,109,37,40,19	47,43,32,9,24,43	NA	NA	NA	NA	NA
3376	ENSG00000164053.22	ATRIP	chr3	+	NA	NA	NA	NA	NA	NA	3376	57,43,72	1,0,2	66,47,83	13,5,5	469	149	1.02785352973e-5	1.1418112036783e-4	0.948,1.0,0.92	0.617,0.749,0.841	0.22	NA	NA	NA	NA	RI	chr3|+|48465486|48467645|48465486|48466309|48466629|48467645	1.1418112036783e-4	0.22	0.956	0.7356666666666667	394	NA	NA	NA	NA	48465486	48466309	48466629	48467645	NA	NA	NA	NA	NA	NA	NA	48465486	48467645	7,13,34,21,20,28	24,9,15,22,11,23	26,21,23,23,16,32	1,0,2,13,5,5	NA	NA	NA	NA	NA	3376	chr3	+	NA	NA	NA	NA	NA	NA	3376	49,26,74	2,4,7	48,49,49	21,1,9	469	149	0.216123014891	0.4006819309798813	0.886,0.674,0.771	0.421,0.94,0.634	0.112	NA	NA	NA	NA	0.4006819309798813	0.112	0.777	0.665	339	NA	NA	NA	NA	48465486	48466309	48466629	48467645	NA	NA	NA	NA	NA	NA	NA	48465486	48467645	17,13,31,8,22,27	19,12,26,22,6,14	13,1,17,18,21,8	2,4,7,21,1,9	NA	NA	NA	NA	NA
3395	ENSG00000172354.10	GNB2	chr7	+	NA	NA	NA	NA	NA	NA	3395	1045,1112,1156	117,114,134	371,398,343	67,54,83	701	149	0.00100231921274	0.00562325838291096	0.655,0.675,0.647	0.541,0.61,0.468	0.119	NA	NA	NA	NA	RI	chr7|+|100676692|100677415|100676692|100676799|100677351|100677415	0.00562325838291096	0.119	0.659	0.5396666666666667	4994	NA	NA	NA	NA	100676692	100676799	100677351	100677415	NA	NA	NA	NA	NA	NA	NA	100676692	100677415	246,277,204,41,99,107	148,156,154,68,58,36	651,679,798,262,241,200	117,114,134,67,54,83	NA	NA	NA	NA	NA	3395	chr7	+	NA	NA	NA	NA	NA	NA	3395	944,923,1138	130,90,104	357,361,377	48,61,68	701	149	0.00348715437273	0.0150636089105268	0.607,0.686,0.699	0.613,0.557,0.541	0.094	NA	NA	NA	NA	0.0150636089105268	0.094	0.664	0.5703333333333334	4601	NA	NA	NA	NA	100676692	100676799	100677351	100677415	NA	NA	NA	NA	NA	NA	NA	100676692	100677415	180,181,211,87,62,74	122,95,199,86,40,75	642,647,728,184,259,228	130,90,104,48,61,68	NA	NA	NA	NA	NA
3423	ENSG00000186141.10	POLR3C	chr1	+	NA	NA	NA	NA	NA	NA	3423	78,221,175	2,10,14	92,102,144	15,20,28	262	149	4.03757233092e-7	7.15560506739926e-6	0.957,0.926,0.877	0.777,0.744,0.745	0.165	NA	NA	NA	NA	RI	chr1|+|145826453|145826709|145826453|145826492|145826605|145826709	7.15560506739926e-6	0.165	0.92	0.7553333333333333	901	NA	NA	NA	NA	145826453	145826492	145826605	145826709	NA	NA	NA	NA	NA	NA	NA	145826453	145826709	29,93,92,47,62,52	54,172,110,52,59,96	0,0,0,4,0,0	2,10,14,15,20,28	NA	NA	NA	NA	NA	3423	chr1	+	NA	NA	NA	NA	NA	NA	3423	82,119,194	9,35,23	86,108,88	23,9,12	262	149	0.758696955123	0.95433678650027	0.838,0.659,0.827	0.68,0.872,0.807	-0.012	NA	NA	NA	NA	0.95433678650027	-0.012	0.7746666666666666	0.7863333333333333	788	NA	NA	NA	NA	145826453	145826492	145826605	145826709	NA	NA	NA	NA	NA	NA	NA	145826453	145826709	40,74,116,37,41,53	48,71,109,55,71,47	0,0,0,0,2,0	9,35,23,23,9,12	NA	NA	NA	NA	NA
3426	ENSG00000187800.14	PEAR1	chr1	+	NA	NA	NA	NA	NA	NA	3426	67,38,93	0,6,0	25,44,50	5,4,21	225	149	6.6960366123e-6	7.972834273130797e-5	1.0,0.807,1.0	0.768,0.879,0.612	0.183	NA	NA	NA	NA	RI	chr1|+|156907914|156908340|156907914|156908051|156908127|156908340	7.972834273130797e-5	0.183	0.9356666666666666	0.753	353	NA	NA	NA	NA	156907914	156908051	156908127	156908340	NA	NA	NA	NA	NA	NA	NA	156907914	156908340	17,9,31,10,8,29	52,29,62,15,36,21	0,0,0,0,0,0	0,6,0,5,4,21	NA	NA	NA	NA	NA	3426	chr1	+	NA	NA	NA	NA	NA	NA	3426	58,88,58	1,3,4	19,43,57	0,8,6	225	149	0.0219898850344	0.06666511833470964	0.975,0.951,0.906	1.0,0.781,0.863	0.063	NA	NA	NA	NA	0.06666511833470964	0.063	0.944	0.8813333333333333	345	NA	NA	NA	NA	156907914	156908051	156908127	156908340	NA	NA	NA	NA	NA	NA	NA	156907914	156908340	10,32,16,8,11,13	48,56,42,11,32,44	0,0,0,0,0,0	1,3,4,0,8,6	NA	NA	NA	NA	NA
3438	ENSG00000138002.16	IFT172	chr2	-	NA	NA	NA	NA	NA	NA	3438	29,45,76	85,72,132	9,15,23	60,69,186	267	149	1.23511334493e-9	4.0072566302173344e-8	0.16,0.259,0.243	0.077,0.108,0.065	0.137	NA	NA	NA	NA	RI	chr2|-|27449293|27449562|27449293|27449380|27449498|27449562	4.0072566302173344e-8	0.137	0.22066666666666668	0.08333333333333333	801	NA	NA	NA	NA	27449293	27449380	27449498	27449562	NA	NA	NA	NA	NA	NA	NA	27449293	27449562	20,20,51,7,8,21	14,29,25,3,7,12	0,0,0,0,0,0	85,72,132,60,69,186	NA	NA	NA	NA	NA	3438	chr2	-	NA	NA	NA	NA	NA	NA	3438	40,57,34	121,150,117	18,25,6	70,86,124	267	149	0.00147604417797	0.00736071906751513	0.156,0.175,0.14	0.125,0.14,0.026	0.06	NA	NA	NA	NA	0.00736071906751513	0.06	0.157	0.097	848	NA	NA	NA	NA	27449293	27449380	27449498	27449562	NA	NA	NA	NA	NA	NA	NA	27449293	27449562	27,29,13,13,23,2	22,33,21,6,7,4	0,0,0,0,0,0	121,150,117,70,86,124	NA	NA	NA	NA	NA
3530	ENSG00000184470.21	TXNRD2	chr22	-	NA	NA	NA	NA	NA	NA	3530	222,203,201	0,0,0	185,237,260	2,6,4	1450	149	3.31201415082e-6	4.4054817294638266e-5	1.0,1.0,1.0	0.905,0.802,0.87	0.141	NA	NA	NA	NA	RI	chr22|-|19875521|19877234|19875521|19875807|19877108|19877234	4.4054817294638266e-5	0.141	1	0.859	1320	NA	NA	NA	NA	19875521	19875807	19877108	19877234	NA	NA	NA	NA	NA	NA	NA	19875521	19877234	34,35,19,15,9,9	27,43,34,30,29,21	161,125,148,140,199,230	0,0,0,2,6,4	NA	NA	NA	NA	NA	3530	chr22	-	NA	NA	NA	NA	NA	NA	3530	188,177,332	0,1,5	198,262,240	0,0,7	1450	149	0.741490340446	0.9403450542260264	1.0,0.948,0.872	1.0,1.0,0.779	0.014	NA	NA	NA	NA	0.9403450542260264	0.014	0.94	0.9263333333333333	1410	NA	NA	NA	NA	19875521	19875807	19877108	19877234	NA	NA	NA	NA	NA	NA	NA	19875521	19877234	17,35,44,18,35,6	51,34,34,31,30,37	120,108,254,149,197,197	0,1,5,0,0,7	NA	NA	NA	NA	NA
3533	ENSG00000204463.14	BAG6	chr6	-	NA	NA	NA	NA	NA	NA	3533	40,72,101	0,0,0	67,108,37	6,0,0	749	149	0.0133409325476	0.04478281607461609	1.0,1.0,1.0	0.69,1.0,1.0	0.103	NA	NA	NA	NA	RI	chr6|-|31640791|31641592|31640791|31640938|31641538|31641592	0.04478281607461609	0.103	1	0.8966666666666666	431	NA	NA	NA	NA	31640791	31640938	31641538	31641592	NA	NA	NA	NA	NA	NA	NA	31640791	31641592	5,8,6,3,4,3	12,19,36,24,77,10	23,45,59,40,27,24	0,0,0,6,0,0	NA	NA	NA	NA	NA	3533	chr6	-	NA	NA	NA	NA	NA	NA	3533	49,77,117	0,0,2	75,51,153	0,0,0	749	149	1	1	1.0,1.0,0.921	1.0,1.0,1.0	-0.026	NA	NA	NA	NA	1	-0.026	0.9736666666666667	1	524	NA	NA	NA	NA	31640791	31640938	31641538	31641592	NA	NA	NA	NA	NA	NA	NA	31640791	31641592	4,12,4,0,2,0	12,33,75,42,22,87	33,32,38,33,27,66	0,0,2,0,0,0	NA	NA	NA	NA	NA
3535	ENSG00000113971.21	NPHP3	chr3	-	NA	NA	NA	NA	NA	NA	3535	287,328,271	5,32,20	170,182,272	44,19,26	1614	149	0.0149505333904	0.04908651685620707	0.841,0.486,0.556	0.263,0.469,0.491	0.22	NA	NA	NA	NA	RI	chr3|-|132684553|132686387|132684553|132684794|132686259|132686387	0.04908651685620707	0.22	0.6276666666666667	0.4076666666666667	1656	NA	NA	NA	NA	132684553	132684794	132686259	132686387	NA	NA	NA	NA	NA	NA	NA	132684553	132686387	58,40,57,31,24,33	32,2,12,23,7,21	197,286,202,116,151,218	5,32,20,44,19,26	NA	NA	NA	NA	NA	3535	chr3	-	NA	NA	NA	NA	NA	NA	3535	178,187,304	7,18,20	224,141,134	15,19,51	1614	149	0.02232069479	0.067397337918405	0.701,0.49,0.584	0.58,0.407,0.195	0.198	NA	NA	NA	NA	0.067397337918405	0.198	0.5916666666666667	0.39399999999999996	1298	NA	NA	NA	NA	132684553	132684794	132686259	132686387	NA	NA	NA	NA	NA	NA	NA	132684553	132686387	26,36,48,11,25,39	5,14,21,13,15,1	147,137,235,200,101,94	7,18,20,15,19,51	NA	NA	NA	NA	NA
3547	ENSG00000127328.22	RAB3IP	chr12	+	NA	NA	NA	NA	NA	NA	3547	293,216,349	130,110,137	111,142,247	59,130,229	235	149	3.26074845096e-4	0.0022167305433799	0.588,0.555,0.618	0.544,0.409,0.406	0.134	NA	NA	NA	NA	RI	chr12|+|69812777|69813033|69812777|69812877|69812963|69813033	0.0022167305433799	0.134	0.587	0.453	2153	NA	NA	NA	NA	69812777	69812877	69812963	69813033	NA	NA	NA	NA	NA	NA	NA	69812777	69813033	191,118,183,36,59,82	175,140,212,86,97,203	0,0,4,0,0,0	130,110,137,59,130,229	NA	NA	NA	NA	NA	3547	chr12	+	NA	NA	NA	NA	NA	NA	3547	122,204,313	72,79,144	70,112,146	33,100,91	235	149	0.0563121233564	0.14294615928932308	0.518,0.621,0.58	0.574,0.415,0.504	0.075	NA	NA	NA	NA	0.14294615928932308	0.075	0.573	0.49766666666666665	1486	NA	NA	NA	NA	69812777	69812877	69812963	69813033	NA	NA	NA	NA	NA	NA	NA	69812777	69813033	45,103,181,36,61,76	97,158,193,42,71,106	0,0,0,0,0,0	72,79,144,33,100,91	NA	NA	NA	NA	NA
3608	ENSG00000141499.18	WRAP53	chr17	+	NA	NA	NA	NA	NA	NA	3608	30,33,33	86,74,100	0,17,15	90,94,71	235	149	2.47902056516e-6	3.4083753599912825e-5	0.181,0.22,0.173	0.0,0.103,0.118	0.118	NA	NA	NA	NA	RI	chr17|+|7688476|7689079|7688476|7688561|7688647|7689079	3.4083753599912825e-5	0.118	0.19133333333333333	0.07366666666666666	643	NA	NA	NA	NA	7688476	7688561	7688647	7689079	NA	NA	NA	NA	NA	NA	NA	7688476	7689079	18,29,13,0,16,10	12,7,30,0,1,7	0,0,0,0,0,0	86,74,100,90,94,71	NA	NA	NA	NA	NA	3608	chr17	+	NA	NA	NA	NA	NA	NA	3608	12,39,19	64,115,110	15,12,13	48,89,66	235	149	0.375982455737	0.6017911609318163	0.106,0.177,0.099	0.165,0.079,0.111	0.009	NA	NA	NA	NA	0.6017911609318163	0.009	0.12733333333333333	0.11833333333333333	602	NA	NA	NA	NA	7688476	7688561	7688647	7689079	NA	NA	NA	NA	NA	NA	NA	7688476	7689079	9,23,8,15,11,13	3,26,11,0,6,8	0,0,0,0,0,0	64,115,110,48,89,66	NA	NA	NA	NA	NA
3615	ENSG00000151694.15	ADAM17	chr2	-	NA	NA	NA	NA	NA	NA	3615	111,50,71	12,17,11	48,52,55	16,25,36	2076	149	3.10443215769e-4	0.00211986391881459	0.399,0.174,0.317	0.177,0.13,0.099	0.161	NA	NA	NA	NA	RI	chr2|-|9521202|9523338|9521202|9521321|9523248|9523338	0.00211986391881459	0.161	0.2966666666666667	0.13533333333333333	504	NA	NA	NA	NA	9521202	9521321	9523248	9523338	NA	NA	NA	NA	NA	NA	NA	9521202	9523338	11,20,0,1,7,6	9,0,0,7,12,5	91,30,71,40,33,44	12,17,11,16,25,36	NA	NA	NA	NA	NA	3615	chr2	-	NA	NA	NA	NA	NA	NA	3615	54,37,34	38,29,25	83,79,19	11,36,48	2076	149	0.35048716244	0.571271816993605	0.093,0.084,0.089	0.351,0.136,0.028	-0.083	NA	NA	NA	NA	0.571271816993605	-0.083	0.08866666666666667	0.17166666666666666	493	NA	NA	NA	NA	9521202	9521321	9523248	9523338	NA	NA	NA	NA	NA	NA	NA	9521202	9523338	0,3,6,15,8,2	2,1,7,0,27,0	52,33,21,68,44,17	38,29,25,11,36,48	NA	NA	NA	NA	NA
3640	ENSG00000213930.12	GALT	chr9	+	NA	NA	NA	NA	NA	NA	3640	140,206,167	8,10,17	58,68,85	9,19,11	275	149	4.22969908893e-4	0.00275794040024201	0.905,0.918,0.842	0.777,0.66,0.807	0.14	NA	NA	NA	NA	RI	chr9|+|34647491|34647961|34647491|34647705|34647831|34647961	0.00275794040024201	0.14	0.8883333333333333	0.748	798	NA	NA	NA	NA	34647491	34647705	34647831	34647961	NA	NA	NA	NA	NA	NA	NA	34647491	34647961	75,93,66,32,35,42	78,125,119,41,27,50	0,0,0,0,6,0	8,10,17,9,19,11	NA	NA	NA	NA	NA	3640	chr9	+	NA	NA	NA	NA	NA	NA	3640	123,138,159	26,22,31	93,69,69	2,11,14	275	149	0.0729103349293	0.17458168089680726	0.719,0.773,0.735	0.962,0.773,0.728	-0.079	NA	NA	NA	NA	0.17458168089680726	-0.079	0.7423333333333333	0.821	757	NA	NA	NA	NA	34647491	34647705	34647831	34647961	NA	NA	NA	NA	NA	NA	NA	34647491	34647961	80,75,92,40,35,31	58,68,82,70,39,38	0,0,0,0,0,0	26,22,31,2,11,14	NA	NA	NA	NA	NA
3643	ENSG00000213930.12	GALT	chr9	+	NA	NA	NA	NA	NA	NA	3643	28,76,65	45,51,61	0,3,17	18,44,42	302	149	7.69938246492e-9	2.10770594977185e-7	0.235,0.424,0.345	0.0,0.033,0.166	0.268	NA	NA	NA	NA	RI	chr9|+|34647088|34648171|34647088|34647961|34648114|34648171	2.10770594977185e-7	0.268	0.33466666666666667	0.06633333333333334	450	NA	NA	NA	NA	34647088	34647961	34648114	34648171	NA	NA	NA	NA	NA	NA	NA	34647088	34648171	18,35,38,0,1,8	10,41,27,0,2,9	0,0,0,0,0,0	45,51,61,18,44,42	NA	NA	NA	NA	NA	3643	chr9	+	NA	NA	NA	NA	NA	NA	3643	39,54,53	95,99,70	17,22,11	21,36,27	302	149	0.898781675002	1	0.168,0.212,0.272	0.285,0.232,0.167	-0.011	NA	NA	NA	NA	1	-0.011	0.21733333333333335	0.228	544	NA	NA	NA	NA	34647088	34647961	34648114	34648171	NA	NA	NA	NA	NA	NA	NA	34647088	34648171	9,25,15,4,1,3	12,29,36,13,13,4	18,0,2,0,8,4	95,99,70,21,36,27	NA	NA	NA	NA	NA
3644	ENSG00000213930.12	GALT	chr9	+	NA	NA	NA	NA	NA	NA	3644	221,272,378	35,21,26	66,118,92	11,24,31	454	149	4.53808811217e-4	0.00291882374627657	0.675,0.81,0.827	0.663,0.617,0.493	0.18	NA	NA	NA	NA	RI	chr9|+|34648333|34648894|34648333|34648456|34648761|34648894	0.00291882374627657	0.18	0.7706666666666667	0.591	1295	NA	NA	NA	NA	34648333	34648456	34648761	34648894	NA	NA	NA	NA	NA	NA	NA	34648333	34648894	18,39,27,11,18,20	78,80,104,32,55,15	125,153,247,23,45,57	35,21,26,11,24,31	NA	NA	NA	NA	NA	3644	chr9	+	NA	NA	NA	NA	NA	NA	3644	183,236,304	12,53,37	61,108,99	16,28,11	454	149	0.156619068132	0.3137951987225182	0.833,0.594,0.729	0.556,0.559,0.747	0.098	NA	NA	NA	NA	0.3137951987225182	0.098	0.7186666666666667	0.6206666666666667	1148	NA	NA	NA	NA	34648333	34648456	34648761	34648894	NA	NA	NA	NA	NA	NA	NA	34648333	34648894	31,64,52,13,17,15	59,50,109,19,32,26	93,122,143,29,59,58	12,53,37,16,28,11	NA	NA	NA	NA	NA
3721	ENSG00000018510.18	AGPS	chr2	+	NA	NA	NA	NA	NA	NA	3721	348,231,279	0,0,0	266,245,416	5,0,18	1232	149	8.21219424685e-8	1.7070228854808202e-6	1.0,1.0,1.0	0.865,1.0,0.737	0.133	NA	NA	NA	NA	RI	chr2|+|177440964|177442235|177440964|177441036|177442119|177442235	1.7070228854808202e-6	0.133	1	0.8673333333333333	1808	NA	NA	NA	NA	177440964	177441036	177442119	177442235	NA	NA	NA	NA	NA	NA	NA	177440964	177442235	32,4,10,19,20,13	28,20,28,84,25,70	288,207,241,163,200,333	0,0,0,5,0,18	NA	NA	NA	NA	NA	3721	chr2	+	NA	NA	NA	NA	NA	NA	3721	152,219,181	4,0,3	198,246,276	0,2,2	1232	149	0.208132345161	0.3891366044666498	0.821,1.0,0.879	1.0,0.937,0.943	-0.06	NA	NA	NA	NA	0.3891366044666498	-0.06	0.9	0.96	1283	NA	NA	NA	NA	177440964	177441036	177442119	177442235	NA	NA	NA	NA	NA	NA	NA	177440964	177442235	5,6,12,10,19,21	18,19,32,23,36,62	129,194,137,165,191,193	4,0,3,0,2,2	NA	NA	NA	NA	NA
3736	ENSG00000144354.15	CDCA7	chr2	+	NA	NA	NA	NA	NA	NA	3736	158,182,208	14,8,14	97,104,117	17,22,25	253	149	8.42584179317e-7	1.3420068019667127e-5	0.869,0.931,0.897	0.771,0.736,0.734	0.152	NA	NA	NA	NA	RI	chr2|+|173363817|173364989|173363817|173363895|173363999|173364989	1.3420068019667127e-5	0.152	0.899	0.747	966	NA	NA	NA	NA	173363817	173363895	173363999	173364989	NA	NA	NA	NA	NA	NA	NA	173363817	173364989	87,122,93,47,64,75	101,84,141,55,43,67	0,0,0,0,0,0	14,8,14,17,22,25	NA	NA	NA	NA	NA	3736	chr2	+	NA	NA	NA	NA	NA	NA	3736	145,145,175	0,31,15	57,115,91	13,5,11	253	149	0.448594063249	0.6825546858051678	1.0,0.734,0.873	0.721,0.931,0.83	0.042	NA	NA	NA	NA	0.6825546858051678	0.042	0.869	0.8273333333333334	803	NA	NA	NA	NA	173363817	173363895	173363999	173364989	NA	NA	NA	NA	NA	NA	NA	173363817	173364989	71,64,100,44,65,56	86,90,85,40,67,41	0,0,0,0,0,0	0,31,15,13,5,11	NA	NA	NA	NA	NA
3756	ENSG00000065000.20	AP3D1	chr19	-	NA	NA	NA	NA	NA	NA	3756	190,271,203	18,17,23	94,150,157	13,21,40	517	149	0.00256666114971	0.01194140073598006	0.753,0.821,0.718	0.676,0.673,0.531	0.137	NA	NA	NA	NA	RI	chr19|-|2112859|2113413|2112859|2112967|2113335|2113413	0.01194140073598006	0.137	0.764	0.6266666666666667	1197	NA	NA	NA	NA	2112859	2112967	2113335	2113413	NA	NA	NA	NA	NA	NA	NA	2112859	2113413	67,106,98,43,53,62	5,18,6,1,19,26	118,147,99,50,78,69	18,17,23,13,21,40	NA	NA	NA	NA	NA	3756	chr19	-	NA	NA	NA	NA	NA	NA	3756	213,246,233	33,18,21	135,117,93	21,2,11	517	149	0.579276166187	0.8075366499545921	0.65,0.798,0.762	0.649,0.944,0.709	-0.031	NA	NA	NA	NA	0.8075366499545921	-0.031	0.7366666666666667	0.7673333333333333	1143	NA	NA	NA	NA	2112859	2112967	2113335	2113413	NA	NA	NA	NA	NA	NA	NA	2112859	2113413	77,124,94,37,47,29	20,17,12,9,9,25	116,105,127,89,61,39	33,18,21,21,2,11	NA	NA	NA	NA	NA
3778	ENSG00000163913.14	IFT122	chr3	+	NA	NA	NA	NA	NA	NA	3778	48,14,85	23,46,71	11,13,21	21,39,53	592	149	0.00245155440104	0.01152832176930773	0.344,0.071,0.232	0.116,0.077,0.091	0.121	NA	NA	NA	NA	RI	chr3|+|129519567|129520333|129519567|129519732|129520175|129520333	0.01152832176930773	0.121	0.21566666666666667	0.09466666666666666	445	NA	NA	NA	NA	129519567	129519732	129520175	129520333	NA	NA	NA	NA	NA	NA	NA	129519567	129520333	17,8,26,11,2,0	16,0,14,0,6,2	15,6,45,0,5,19	23,46,71,21,39,53	NA	NA	NA	NA	NA	3778	chr3	+	NA	NA	NA	NA	NA	NA	3778	30,55,30	20,22,53	20,15,24	14,38,26	592	149	0.11719757716	0.2511554891658055	0.274,0.386,0.125	0.264,0.09,0.189	0.081	NA	NA	NA	NA	0.2511554891658055	0.081	0.26166666666666666	0.181	347	NA	NA	NA	NA	129519567	129519732	129520175	129520333	NA	NA	NA	NA	NA	NA	NA	129519567	129520333	6,12,5,0,12,0	1,3,0,0,1,0	23,40,25,20,2,24	20,22,53,14,38,26	NA	NA	NA	NA	NA
3783	ENSG00000115271.11	GCA	chr2	+	NA	NA	NA	NA	NA	NA	3783	15,39,83	20,34,31	6,0,12	12,9,17	485	149	0.00142918817253	0.00741436706764294	0.187,0.261,0.451	0.133,0.0,0.178	0.196	NA	NA	NA	NA	RI	chr2|+|162359043|162359552|162359043|162359157|162359493|162359552	0.00741436706764294	0.196	0.2996666666666667	0.10366666666666667	278	NA	NA	NA	NA	162359043	162359157	162359493	162359552	NA	NA	NA	NA	NA	NA	NA	162359043	162359552	13,18,29,3,0,1	0,14,22,3,0,0	2,7,32,0,0,11	20,34,31,12,9,17	NA	NA	NA	NA	NA	3783	chr2	+	NA	NA	NA	NA	NA	NA	3783	8,26,62	25,44,32	20,6,27	6,10,22	485	149	0.243763658445	0.436818042730423	0.09,0.154,0.373	0.506,0.156,0.274	-0.106	NA	NA	NA	NA	0.436818042730423	-0.106	0.20566666666666666	0.312	288	NA	NA	NA	NA	162359043	162359157	162359493	162359552	NA	NA	NA	NA	NA	NA	NA	162359043	162359552	8,18,52,14,6,24	0,3,4,6,0,3	0,5,6,0,0,0	25,44,32,6,10,22	NA	NA	NA	NA	NA
3800	ENSG00000115541.11	HSPE1	chr2	+	NA	NA	NA	NA	NA	NA	3800	338,285,290	135,171,259	129,198,169	107,168,196	229	149	0.0135880749115	0.04545666958937152	0.62,0.52,0.421	0.44,0.434,0.359	0.109	NA	NA	NA	NA	RI	chr2|+|197503038|197503381|197503038|197503128|197503208|197503381	0.04545666958937152	0.109	0.5203333333333333	0.411	2445	NA	NA	NA	NA	197503038	197503128	197503208	197503381	NA	NA	NA	NA	NA	NA	NA	197503038	197503381	224,143,174,105,138,120	189,209,183,67,112,92	0,0,0,0,0,0	135,171,259,107,168,196	NA	NA	NA	NA	NA	3800	chr2	+	NA	NA	NA	NA	NA	NA	3800	220,299,353	233,197,318	164,206,166	99,104,197	229	149	0.385139911722	0.6132584202067836	0.381,0.497,0.419	0.519,0.563,0.354	-0.046	NA	NA	NA	NA	0.6132584202067836	-0.046	0.43233333333333335	0.47866666666666663	2556	NA	NA	NA	NA	197503038	197503128	197503208	197503381	NA	NA	NA	NA	NA	NA	NA	197503038	197503381	169,203,228,120,144,102	145,171,219,104,135,105	0,0,0,0,6,0	233,197,318,99,104,197	NA	NA	NA	NA	NA
3810	ENSG00000170175.11	CHRNB1	chr17	+	NA	NA	NA	NA	NA	NA	3810	50,36,39	17,23,9	6,31,13	4,22,23	500	149	0.00481712871463	0.01983790011961797	0.467,0.318,0.564	0.309,0.296,0.144	0.2	NA	NA	NA	NA	RI	chr17|+|7447042|7447650|7447042|7447151|7447502|7447650	0.01983790011961797	0.2	0.44966666666666666	0.24966666666666665	273	NA	NA	NA	NA	7447042	7447151	7447502	7447650	NA	NA	NA	NA	NA	NA	NA	7447042	7447650	23,12,12,4,8,8	23,22,21,2,17,4	4,2,6,0,6,1	17,23,9,4,22,23	NA	NA	NA	NA	NA	3810	chr17	+	NA	NA	NA	NA	NA	NA	3810	40,31,52	7,14,5	27,29,33	14,0,27	500	149	0.822815272107	1	0.63,0.398,0.756	0.365,1.0,0.267	0.051	NA	NA	NA	NA	1	0.051	0.5946666666666667	0.544	279	NA	NA	NA	NA	7447042	7447151	7447502	7447650	NA	NA	NA	NA	NA	NA	NA	7447042	7447650	21,12,9,8,11,15	18,14,41,13,16,13	1,5,2,6,2,5	7,14,5,14,0,27	NA	NA	NA	NA	NA
3812	ENSG00000164050.13	PLXNB1	chr3	-	NA	NA	NA	NA	NA	NA	3812	134,179,217	274,236,351	23,46,80	207,239,393	377	149	0	0	0.162,0.231,0.196	0.042,0.071,0.074	0.134	NA	NA	NA	NA	RI	chr3|-|48411862|48412304|48411862|48412009|48412237|48412304	0	0.134	0.19633333333333333	0.06233333333333333	2379	NA	NA	NA	NA	48411862	48412009	48412237	48412304	NA	NA	NA	NA	NA	NA	NA	48411862	48412304	48,72,65,16,15,35	35,57,92,6,25,16	51,50,60,1,6,29	274,236,351,207,239,393	NA	NA	NA	NA	NA	3812	chr3	-	NA	NA	NA	NA	NA	NA	3812	76,119,90	275,326,479	27,57,94	311,288,338	377	149	0.00645404823012	0.02493665851675923	0.098,0.126,0.069	0.033,0.073,0.099	0.029	NA	NA	NA	NA	0.02493665851675923	0.029	0.09766666666666667	0.06833333333333333	2480	NA	NA	NA	NA	48411862	48412009	48412237	48412304	NA	NA	NA	NA	NA	NA	NA	48411862	48412304	54,27,36,4,19,20	14,65,39,13,27,52	8,27,15,10,11,22	275,326,479,311,288,338	NA	NA	NA	NA	NA
3826	ENSG00000140853.17	NLRC5	chr16	+	NA	NA	NA	NA	NA	NA	3826	27,15,28	5,1,6	39,15,11	14,4,17	295	149	0.0124549164524	0.04247694532042091	0.732,0.883,0.702	0.585,0.654,0.246	0.277	NA	NA	NA	NA	RI	chr16|+|57028071|57028385|57028071|57028155|57028301|57028385	0.04247694532042091	0.277	0.7723333333333333	0.495	182	NA	NA	NA	NA	57028071	57028155	57028301	57028385	NA	NA	NA	NA	NA	NA	NA	57028071	57028385	10,6,25,8,12,3	17,9,3,19,3,8	0,0,0,12,0,0	5,1,6,14,4,17	NA	NA	NA	NA	NA	3826	chr16	+	NA	NA	NA	NA	NA	NA	3826	26,18,48	3,24,32	13,32,21	2,15,15	295	149	0.752165490913	0.9494831520952356	0.814,0.275,0.431	0.767,0.519,0.414	-0.06	NA	NA	NA	NA	0.9494831520952356	-0.06	0.5066666666666666	0.5666666666666667	249	NA	NA	NA	NA	57028071	57028155	57028301	57028385	NA	NA	NA	NA	NA	NA	NA	57028071	57028385	13,10,18,1,21,17	13,8,28,6,9,4	0,0,2,6,2,0	3,24,32,2,15,15	NA	NA	NA	NA	NA
3827	ENSG00000140853.17	NLRC5	chr16	+	NA	NA	NA	NA	NA	NA	3827	21,12,6	0,0,0	39,12,8	12,0,2	247	149	3.1483615589e-6	4.2060464224781704e-5	1.0,1.0,1.0	0.662,1.0,0.707	0.21	NA	NA	NA	NA	RI	chr16|+|57028071|57028385|57028071|57028203|57028301|57028385	4.2060464224781704e-5	0.21	1	0.7896666666666666	112	NA	NA	NA	NA	57028071	57028203	57028301	57028385	NA	NA	NA	NA	NA	NA	NA	57028071	57028385	4,6,4,29,9,0	17,9,3,19,3,8	0,0,0,0,0,0	0,0,0,12,0,2	NA	NA	NA	NA	NA	3827	chr16	+	NA	NA	NA	NA	NA	NA	3827	26,15,40	3,0,8	13,24,18	3,0,4	247	149	0.83738848356	1	0.839,1.0,0.751	0.723,1.0,0.731	0.045	NA	NA	NA	NA	1	0.045	0.8633333333333333	0.818	154	NA	NA	NA	NA	57028071	57028203	57028301	57028385	NA	NA	NA	NA	NA	NA	NA	57028071	57028385	13,10,16,10,16,14	13,8,28,6,9,4	0,0,0,0,0,0	3,0,8,3,0,4	NA	NA	NA	NA	NA
3849	ENSG00000163516.14	ANKZF1	chr2	+	NA	NA	NA	NA	NA	NA	3849	636,778,928	127,110,194	224,224,289	41,73,104	686	149	0.0143142052067	0.0473434230461081	0.521,0.606,0.51	0.543,0.4,0.376	0.106	NA	NA	NA	NA	RI	chr2|+|219234132|219235312|219234132|219234288|219234825|219235312	0.0473434230461081	0.106	0.5456666666666666	0.4396666666666667	3728	NA	NA	NA	NA	219234132	219234288	219234825	219235312	NA	NA	NA	NA	NA	NA	NA	219234132	219235312	73,94,225,31,24,61	176,243,268,69,66,78	387,441,435,124,134,150	127,110,194,41,73,104	NA	NA	NA	NA	NA	3849	chr2	+	NA	NA	NA	NA	NA	NA	3849	332,697,986	105,126,158	119,229,258	28,63,58	686	149	0.345964116661	0.5671182012857462	0.407,0.546,0.575	0.48,0.441,0.491	0.039	NA	NA	NA	NA	0.5671182012857462	0.039	0.5093333333333333	0.4706666666666667	3159	NA	NA	NA	NA	219234132	219234288	219234825	219235312	NA	NA	NA	NA	NA	NA	NA	219234132	219235312	56,52,192,24,41,60	127,212,284,35,47,63	149,433,510,60,141,135	105,126,158,28,63,58	NA	NA	NA	NA	NA
3888	ENSG00000139613.12	SMARCC2	chr12	-	NA	NA	NA	NA	NA	NA	3888	279,270,247	273,303,317	38,69,95	146,189,240	424	149	1.9428902930899998e-14	1.6875890356508284e-12	0.264,0.238,0.215	0.084,0.114,0.122	0.132	NA	NA	NA	NA	RI	chr12|-|56178403|56178847|56178403|56178534|56178809|56178847	1.6875890356508284e-12	0.132	0.239	0.10666666666666667	2466	NA	NA	NA	NA	56178403	56178534	56178809	56178847	NA	NA	NA	NA	NA	NA	NA	56178403	56178847	108,54,89,7,14,35	67,89,74,7,24,37	104,127,84,24,31,23	273,303,317,146,189,240	NA	NA	NA	NA	NA	3888	chr12	-	NA	NA	NA	NA	NA	NA	3888	209,201,279	315,235,324	66,128,20	147,181,212	424	149	1.95371513945e-6	2.7185450984190203e-5	0.189,0.231,0.232	0.136,0.199,0.032	0.095	NA	NA	NA	NA	2.7185450984190203e-5	0.095	0.21733333333333335	0.12233333333333334	2317	NA	NA	NA	NA	56178403	56178534	56178809	56178847	NA	NA	NA	NA	NA	NA	NA	56178403	56178847	44,51,85,5,32,6	68,50,93,12,42,8	97,100,101,49,54,6	315,235,324,147,181,212	NA	NA	NA	NA	NA
3889	ENSG00000139613.12	SMARCC2	chr12	-	NA	NA	NA	NA	NA	NA	3889	313,215,308	255,427,364	48,114,95	162,250,309	529	149	7.58816420809e-9	2.0865750190138065e-7	0.257,0.124,0.192	0.077,0.114,0.08	0.101	NA	NA	NA	NA	RI	chr12|-|56180976|56181597|56180976|56181101|56181481|56181597	2.0865750190138065e-7	0.101	0.191	0.09033333333333333	2860	NA	NA	NA	NA	56180976	56181101	56181481	56181597	NA	NA	NA	NA	NA	NA	NA	56180976	56181597	99,56,92,10,34,16	71,26,74,19,11,22	143,133,142,19,69,57	255,427,364,162,250,309	NA	NA	NA	NA	NA	3889	chr12	-	NA	NA	NA	NA	NA	NA	3889	159,282,259	313,246,346	96,108,63	96,175,221	529	149	0.0572344862127	0.1447399758117652	0.125,0.244,0.174	0.22,0.148,0.074	0.034	NA	NA	NA	NA	0.1447399758117652	0.034	0.181	0.14733333333333332	2364	NA	NA	NA	NA	56180976	56181101	56181481	56181597	NA	NA	NA	NA	NA	NA	NA	56180976	56181597	38,84,93,7,41,31	29,52,39,22,18,14	92,146,127,67,49,18	313,246,346,96,175,221	NA	NA	NA	NA	NA
3929	ENSG00000039650.12	PNKP	chr19	-	NA	NA	NA	NA	NA	NA	3929	374,299,350	350,347,405	197,195,210	359,333,437	236	149	1.66209792041e-7	3.1554131417814616e-6	0.403,0.352,0.353	0.257,0.27,0.233	0.116	NA	NA	NA	NA	RI	chr19|-|49864178|49864403|49864178|49864236|49864323|49864403	3.1554131417814616e-6	0.116	0.36933333333333335	0.25333333333333335	3856	NA	NA	NA	NA	49864178	49864236	49864323	49864403	NA	NA	NA	NA	NA	NA	NA	49864178	49864403	197,195,245,117,137,133	218,150,190,101,76,124	1,0,0,0,0,0	350,347,405,359,333,437	NA	NA	NA	NA	NA	3929	chr19	-	NA	NA	NA	NA	NA	NA	3929	419,411,428	291,421,335	241,422,293	272,351,351	236	149	0.0556853332664	0.14165279174211862	0.476,0.381,0.446	0.359,0.432,0.345	0.056	NA	NA	NA	NA	0.14165279174211862	0.056	0.43433333333333335	0.37866666666666665	4235	NA	NA	NA	NA	49864178	49864236	49864323	49864403	NA	NA	NA	NA	NA	NA	NA	49864178	49864403	254,299,241,142,238,192	187,172,247,128,240,164	0,0,0,0,0,0	291,421,335,272,351,351	NA	NA	NA	NA	NA
3937	ENSG00000187325.5	TAF9B	chrX	-	NA	NA	NA	NA	NA	NA	3937	1,2,20	12,2,1	1,0,0	0,2,10	227	149	0.00202839145853	0.0098558608745689	0.052,0.396,0.929	1.0,0.0,0.0	0.126	NA	NA	NA	NA	RI	chrX|-|78137748|78138098|78137748|78137883|78137961|78138098	0.0098558608745689	0.126	0.459	0.33333333333333337	51	NA	NA	NA	NA	78137748	78137883	78137961	78138098	NA	NA	NA	NA	NA	NA	NA	78137748	78138098	0,0,2,1,0,0	1,2,18,0,0,0	0,0,0,0,0,0	12,2,1,0,2,10	NA	NA	NA	NA	NA	3937	chrX	-	NA	NA	NA	NA	NA	NA	3937	0,0,1	0,0,22	2,0,3	0,5,0	227	149	1	1	NA,NA,0.029	1.0,0.0,1.0	-0.638	NA	NA	NA	NA	1	-0.638	0.029	0.6666666666666666	33	NA	NA	NA	NA	78137748	78137883	78137961	78138098	NA	NA	NA	NA	NA	NA	NA	78137748	78138098	0,0,0,2,0,0	0,0,1,0,0,3	0,0,0,0,0,0	0,0,22,0,5,0	NA	NA	NA	NA	NA
3966	ENSG00000115486.13	GGCX	chr2	-	NA	NA	NA	NA	NA	NA	3966	102,118,58	0,0,0	55,85,53	6,8,0	403	149	5.29460319365e-7	9.099970390303552e-6	1.0,1.0,1.0	0.772,0.797,1.0	0.144	NA	NA	NA	NA	RI	chr2|-|85558439|85559075|85558439|85558662|85558916|85559075	9.099970390303552e-6	0.144	1	0.8563333333333334	485	NA	NA	NA	NA	85558439	85558662	85558916	85559075	NA	NA	NA	NA	NA	NA	NA	85558439	85559075	33,43,19,16,23,3	23,31,17,26,24,26	46,44,22,13,38,24	0,0,0,6,8,0	NA	NA	NA	NA	NA	3966	chr2	-	NA	NA	NA	NA	NA	NA	3966	87,149,63	0,0,7	85,52,79	0,1,0	403	149	0.0294273394409	0.08418365840056613	1.0,1.0,0.769	1.0,0.951,1.0	-0.061	NA	NA	NA	NA	0.08418365840056613	-0.061	0.923	0.9836666666666667	523	NA	NA	NA	NA	85558439	85558662	85558916	85559075	NA	NA	NA	NA	NA	NA	NA	85558439	85559075	30,14,28,10,10,47	13,77,31,52,9,14	44,58,4,23,33,18	0,0,7,0,1,0	NA	NA	NA	NA	NA
4045	ENSG00000119844.17	AFTPH	chr2	+	NA	NA	NA	NA	NA	NA	4045	46,12,40	15,12,3	17,18,10	38,8,29	553	149	0.00413464489807	0.01765573991292844	0.452,0.212,0.782	0.108,0.377,0.085	0.292	NA	NA	NA	NA	RI	chr2|+|64569091|64569679|64569091|64569218|64569622|64569679	0.01765573991292844	0.292	0.48200000000000004	0.19	248	NA	NA	NA	NA	64569091	64569218	64569622	64569679	NA	NA	NA	NA	NA	NA	NA	64569091	64569679	4,0,16,1,2,2	4,3,9,3,0,6	38,9,15,13,16,2	15,12,3,38,8,29	NA	NA	NA	NA	NA	4045	chr2	+	NA	NA	NA	NA	NA	NA	4045	19,54,8	14,20,11	26,25,26	10,1,30	553	149	0.287270055925	0.4948157067116586	0.268,0.421,0.164	0.412,0.871,0.189	-0.206	NA	NA	NA	NA	0.4948157067116586	-0.206	0.2843333333333333	0.49066666666666664	244	NA	NA	NA	NA	64569091	64569218	64569622	64569679	NA	NA	NA	NA	NA	NA	NA	64569091	64569679	5,25,4,0,11,0	1,27,0,18,2,14	13,2,4,8,12,12	14,20,11,10,1,30	NA	NA	NA	NA	NA
4127	ENSG00000167548.18	KMT2D	chr12	-	NA	NA	NA	NA	NA	NA	4127	55,104,86	3,0,0	23,66,49	6,1,2	379	149	0.00158988304879	0.00808993222778217	0.878,1.0,1.0	0.601,0.963,0.906	0.136	NA	NA	NA	NA	RI	chr12|-|49030279|49030768|49030279|49030370|49030600|49030768	0.00808993222778217	0.136	0.9593333333333334	0.8233333333333334	395	NA	NA	NA	NA	49030279	49030370	49030600	49030768	NA	NA	NA	NA	NA	NA	NA	49030279	49030768	35,96,60,22,59,34	17,6,18,1,7,10	3,2,8,0,0,5	3,0,0,6,1,2	NA	NA	NA	NA	NA	4127	chr12	-	NA	NA	NA	NA	NA	NA	4127	66,69,52	0,0,1	39,46,44	0,0,0	379	149	1	1	1.0,1.0,0.953	1.0,1.0,1.0	-0.016	NA	NA	NA	NA	1	-0.016	0.9843333333333333	1	317	NA	NA	NA	NA	49030279	49030370	49030600	49030768	NA	NA	NA	NA	NA	NA	NA	49030279	49030768	48,57,38,26,22,19	18,12,14,13,3,8	0,0,0,0,21,17	0,0,1,0,0,0	NA	NA	NA	NA	NA
4182	ENSG00000064703.13	DDX20	chr1	+	NA	NA	NA	NA	NA	NA	4182	161,158,115	50,72,71	65,53,98	57,50,53	488	149	0.0100140382745	0.03574277223471129	0.496,0.401,0.331	0.258,0.245,0.361	0.121	NA	NA	NA	NA	RI	chr1|+|111761225|111762782|111761225|111762337|111762676|111762782	0.03574277223471129	0.121	0.4093333333333333	0.288	1003	NA	NA	NA	NA	111761225	111762337	111762676	111762782	NA	NA	NA	NA	NA	NA	NA	111761225	111762782	36,38,42,18,11,22	22,69,25,24,18,28	103,51,48,23,24,48	50,72,71,57,50,53	NA	NA	NA	NA	NA	4182	chr1	+	NA	NA	NA	NA	NA	NA	4182	82,97,145	11,14,97	27,69,65	60,31,16	488	149	0.0558717783293	0.14200743658697085	0.695,0.679,0.313	0.121,0.405,0.554	0.202	NA	NA	NA	NA	0.14200743658697085	0.202	0.5623333333333334	0.36000000000000004	714	NA	NA	NA	NA	111761225	111762337	111762676	111762782	NA	NA	NA	NA	NA	NA	NA	111761225	111762782	12,16,22,2,14,24	27,32,22,7,29,13	43,49,101,18,26,28	11,14,97,60,31,16	NA	NA	NA	NA	NA
4206	ENSG00000104763.20	ASAH1	chr8	-	NA	NA	NA	NA	NA	NA	4206	181,247,189	33,18,4	43,19,48	7,5,18	2837	149	0.0027887541026	0.01279030677422827	0.224,0.419,0.713	0.244,0.166,0.123	0.274	NA	NA	NA	NA	RI	chr8|-|18064456|18067298|18064456|18064531|18067219|18067298	0.01279030677422827	0.274	0.452	0.17766666666666667	812	NA	NA	NA	NA	18064456	18064531	18067219	18067298	NA	NA	NA	NA	NA	NA	NA	18064456	18067298	4,10,30,4,0,1	1,8,1,2,0,2	176,229,158,37,19,45	33,18,4,7,5,18	NA	NA	NA	NA	NA	4206	chr8	-	NA	NA	NA	NA	NA	NA	4206	120,220,189	19,34,10	24,23,66	0,16,7	2837	149	0.89074148856	1	0.249,0.254,0.498	1.0,0.07,0.331	-0.133	NA	NA	NA	NA	1	-0.133	0.33366666666666667	0.46699999999999997	728	NA	NA	NA	NA	18064456	18064531	18067219	18067298	NA	NA	NA	NA	NA	NA	NA	18064456	18067298	4,12,7,0,0,1	0,3,13,0,0,0	116,205,169,24,23,65	19,34,10,0,16,7	NA	NA	NA	NA	NA
4224	ENSG00000177463.16	NR2C2	chr3	+	NA	NA	NA	NA	NA	NA	4224	146,128,155	9,3,18	88,92,135	15,10,22	1133	149	0.0141206883701	0.04695664917866226	0.681,0.849,0.531	0.436,0.547,0.447	0.21	NA	NA	NA	NA	RI	chr3|+|15037999|15039227|15037999|15038137|15039121|15039227	0.04695664917866226	0.21	0.687	0.4766666666666667	821	NA	NA	NA	NA	15037999	15038137	15039121	15039227	NA	NA	NA	NA	NA	NA	NA	15037999	15039227	6,25,6,19,7,2	6,0,19,0,1,14	134,103,130,69,84,119	9,3,18,15,10,22	NA	NA	NA	NA	NA	4224	chr3	+	NA	NA	NA	NA	NA	NA	4224	125,139,145	1,24,12	113,112,128	16,33,12	1133	149	0.0649652886302	0.1599033918158307	0.943,0.432,0.614	0.482,0.309,0.584	0.205	NA	NA	NA	NA	0.1599033918158307	0.205	0.663	0.4583333333333333	860	NA	NA	NA	NA	15037999	15038137	15039121	15039227	NA	NA	NA	NA	NA	NA	NA	15037999	15039227	17,4,9,2,21,2	28,9,9,9,10,4	80,126,127,102,81,122	1,24,12,16,33,12	NA	NA	NA	NA	NA
4242	ENSG00000169598.17	DFFB	chr1	+	NA	NA	NA	NA	NA	NA	4242	529,341,397	0,3,0	141,193,161	4,2,6	1386	149	6.8590765846e-6	8.11966363258054e-5	1.0,0.924,1.0	0.791,0.912,0.743	0.159	NA	NA	NA	NA	RI	chr1|+|3883506|3885429|3883506|3883800|3885037|3885429	8.11966363258054e-5	0.159	0.9746666666666667	0.8153333333333334	1777	NA	NA	NA	NA	3883506	3883800	3885037	3885429	NA	NA	NA	NA	NA	NA	NA	3883506	3885429	62,25,22,17,22,16	88,75,80,36,51,45	379,241,295,88,120,100	0,3,0,4,2,6	NA	NA	NA	NA	NA	4242	chr1	+	NA	NA	NA	NA	NA	NA	4242	304,465,397	0,4,5	152,182,262	0,4,6	1386	149	0.14610389556699999	0.29692106514893946	1.0,0.926,0.895	1.0,0.83,0.824	0.056	NA	NA	NA	NA	0.29692106514893946	0.056	0.9403333333333334	0.8846666666666666	1781	NA	NA	NA	NA	3883506	3883800	3885037	3885429	NA	NA	NA	NA	NA	NA	NA	3883506	3885429	74,40,61,13,22,40	67,126,90,21,68,51	163,299,246,118,92,171	0,4,5,0,4,6	NA	NA	NA	NA	NA
4245	ENSG00000172936.18	MYD88	chr3	+	NA	NA	NA	NA	NA	NA	4245	78,77,56	0,0,1	26,16,34	0,12,0	356	149	0.0051954886893	0.02094591495252307	1.0,1.0,0.959	1.0,0.358,1.0	0.2	NA	NA	NA	NA	RI	chr3|+|38140387|38140848|38140387|38140549|38140756|38140848	0.02094591495252307	0.2	0.9863333333333333	0.786	300	NA	NA	NA	NA	38140387	38140549	38140756	38140848	NA	NA	NA	NA	NA	NA	NA	38140387	38140848	32,10,31,17,4,23	17,42,16,0,1,6	29,25,9,9,11,5	0,0,1,0,12,0	NA	NA	NA	NA	NA	4245	chr3	+	NA	NA	NA	NA	NA	NA	4245	96,84,57	5,0,1	25,18,19	0,0,0	356	149	0.107098341032	0.23464752862310664	0.889,1.0,0.96	1.0,1.0,1.0	-0.05	NA	NA	NA	NA	0.23464752862310664	-0.05	0.9496666666666667	1	305	NA	NA	NA	NA	38140387	38140549	38140756	38140848	NA	NA	NA	NA	NA	NA	NA	38140387	38140848	32,26,20,8,9,13	32,7,27,6,6,0	32,51,10,11,3,6	5,0,1,0,0,0	NA	NA	NA	NA	NA
4248	ENSG00000102226.10	USP11	chrX	+	NA	NA	NA	NA	NA	NA	4248	22,65,31	13,73,72	11,2,15	24,40,25	457	149	0.00212642326114	0.01025096496643905	0.356,0.225,0.123	0.13,0.016,0.164	0.131	NA	NA	NA	NA	RI	chrX|+|47239350|47239907|47239350|47239481|47239789|47239907	0.01025096496643905	0.131	0.23466666666666666	0.10333333333333333	393	NA	NA	NA	NA	47239350	47239481	47239789	47239907	NA	NA	NA	NA	NA	NA	NA	47239350	47239907	15,10,6,10,1,3	7,24,14,1,1,1	0,31,11,0,0,11	13,73,72,24,40,25	NA	NA	NA	NA	NA	4248	chrX	+	NA	NA	NA	NA	NA	NA	4248	6,8,37	46,50,35	11,11,1	33,25,23	457	149	0.467398328945	0.7017947559668959	0.041,0.05,0.256	0.098,0.125,0.014	0.037	NA	NA	NA	NA	0.7017947559668959	0.037	0.11566666666666667	0.079	286	NA	NA	NA	NA	47239350	47239481	47239789	47239907	NA	NA	NA	NA	NA	NA	NA	47239350	47239907	1,0,2,9,3,0	0,2,22,1,0,1	5,6,13,1,8,0	46,50,35,33,25,23	NA	NA	NA	NA	NA
4263	ENSG00000009830.13	POMT2	chr14	-	NA	NA	NA	NA	NA	NA	4263	296,283,342	103,76,126	146,175,140	75,110,201	816	149	5.20749917632e-8	1.1363838060211472e-6	0.344,0.405,0.331	0.262,0.225,0.113	0.16	NA	NA	NA	NA	RI	chr14|-|77278728|77279928|77278728|77278869|77279536|77279928	1.1363838060211472e-6	0.16	0.36	0.2	2073	NA	NA	NA	NA	77278728	77278869	77279536	77279928	NA	NA	NA	NA	NA	NA	NA	77278728	77279928	36,62,76,12,14,30	38,42,68,20,24,28	222,179,198,114,137,82	103,76,126,75,110,201	NA	NA	NA	NA	NA	4263	chr14	-	NA	NA	NA	NA	NA	NA	4263	243,249,355	154,164,132	86,198,242	103,62,118	816	149	0.809318514343	0.9931872603367968	0.224,0.217,0.329	0.132,0.368,0.272	-0.001	NA	NA	NA	NA	0.9931872603367968	-0.001	0.25666666666666665	0.25733333333333336	2106	NA	NA	NA	NA	77278728	77278869	77279536	77279928	NA	NA	NA	NA	NA	NA	NA	77278728	77279928	17,16,48,15,36,17	29,76,55,17,13,39	197,157,252,54,149,186	154,164,132,103,62,118	NA	NA	NA	NA	NA
4392	ENSG00000158864.13	NDUFS2	chr1	+	NA	NA	NA	NA	NA	NA	4392	174,245,273	48,35,49	131,135,173	66,52,48	383	149	8.46417439936e-4	0.00488262628568913	0.585,0.731,0.684	0.436,0.502,0.584	0.159	NA	NA	NA	NA	RI	chr1|+|161213863|161214299|161213863|161213921|161214155|161214299	0.00488262628568913	0.159	0.6666666666666666	0.5073333333333333	1429	NA	NA	NA	NA	161213863	161213921	161214155	161214299	NA	NA	NA	NA	NA	NA	NA	161213863	161214299	60,76,111,41,70,52	38,49,53,23,23,61	76,120,109,67,42,60	48,35,49,66,52,48	NA	NA	NA	NA	NA	4392	chr1	+	NA	NA	NA	NA	NA	NA	4392	142,272,306	110,37,93	160,95,168	91,52,61	383	149	0.223904302563	0.4111011341912106	0.334,0.741,0.561	0.406,0.415,0.517	0.099	NA	NA	NA	NA	0.4111011341912106	0.099	0.5453333333333333	0.446	1587	NA	NA	NA	NA	161213863	161213921	161214155	161214299	NA	NA	NA	NA	NA	NA	NA	161213863	161214299	41,111,158,48,48,35	40,100,54,50,6,62	61,61,94,62,41,71	110,37,93,91,52,61	NA	NA	NA	NA	NA
4429	ENSG00000179364.15	PACS2	chr14	+	NA	NA	NA	NA	NA	NA	4429	36,90,128	16,14,19	31,76,74	44,29,51	1001	149	1.35187120546e-4	0.00105600945629053	0.251,0.489,0.501	0.095,0.281,0.178	0.229	NA	NA	NA	NA	RI	chr14|+|105391630|105392845|105391630|105391766|105392618|105392845	0.00105600945629053	0.229	0.4136666666666667	0.18466666666666667	608	NA	NA	NA	NA	105391630	105391766	105392618	105392845	NA	NA	NA	NA	NA	NA	NA	105391630	105392845	1,13,7,0,6,0	1,1,29,7,13,5	34,76,92,24,57,69	16,14,19,44,29,51	NA	NA	NA	NA	NA	4429	chr14	+	NA	NA	NA	NA	NA	NA	4429	59,83,84	31,12,58	49,37,53	27,42,39	1001	149	0.0380879773239	0.10374979479433112	0.221,0.507,0.177	0.213,0.116,0.168	0.136	NA	NA	NA	NA	0.10374979479433112	0.136	0.30166666666666664	0.16566666666666668	574	NA	NA	NA	NA	105391630	105391766	105392618	105392845	NA	NA	NA	NA	NA	NA	NA	105391630	105392845	11,12,1,4,0,2	0,9,8,0,5,16	48,62,75,45,32,35	31,12,58,27,42,39	NA	NA	NA	NA	NA
4431	ENSG00000088970.16	KIZ	chr20	+	NA	NA	NA	NA	NA	NA	4431	220,177,234	10,0,6	133,270,233	14,7,29	2339	149	0.014305606731	0.04734051833485807	0.584,1.0,0.713	0.377,0.711,0.339	0.29	NA	NA	NA	NA	RI	chr20|+|21244244|21246622|21244244|21244288|21246478|21246622	0.04734051833485807	0.29	0.7656666666666666	0.4756666666666667	1333	NA	NA	NA	NA	21244244	21244288	21246478	21246622	NA	NA	NA	NA	NA	NA	NA	21244244	21246622	1,14,9,7,6,14	4,1,18,2,0,16	215,162,207,124,264,203	10,0,6,14,7,29	NA	NA	NA	NA	NA	4431	chr20	+	NA	NA	NA	NA	NA	NA	4431	194,277,263	4,14,24	160,282,220	5,11,28	2339	149	0.749778221882	0.9486508866426564	0.755,0.558,0.411	0.671,0.62,0.334	0.033	NA	NA	NA	NA	0.9486508866426564	0.033	0.5746666666666667	0.5416666666666667	1482	NA	NA	NA	NA	21244244	21244288	21246478	21246622	NA	NA	NA	NA	NA	NA	NA	21244244	21246622	24,9,30,39,19,2	5,21,18,0,8,8	165,247,215,121,255,210	4,14,24,5,11,28	NA	NA	NA	NA	NA
4447	ENSG00000164068.16	RNF123	chr3	+	NA	NA	NA	NA	NA	NA	4447	1040,902,920	32,58,32	490,640,734	67,97,69	1005	149	1.22545618098e-9	3.997073032856042e-8	0.828,0.697,0.81	0.52,0.494,0.612	0.236	NA	NA	NA	NA	RI	chr3|+|49712478|49713587|49712478|49712656|49713512|49713587	3.997073032856042e-8	0.236	0.7783333333333333	0.542	5081	NA	NA	NA	NA	49712478	49712656	49713512	49713587	NA	NA	NA	NA	NA	NA	NA	49712478	49713587	195,193,153,75,168,208	139,89,141,81,81,63	706,620,626,334,391,463	32,58,32,67,97,69	NA	NA	NA	NA	NA	4447	chr3	+	NA	NA	NA	NA	NA	NA	4447	855,915,838	52,61,74	486,627,677	32,50,75	1005	149	0.256250571633	0.45235229526211257	0.709,0.69,0.627	0.692,0.65,0.572	0.037	NA	NA	NA	NA	0.45235229526211257	0.037	0.6753333333333333	0.638	4742	NA	NA	NA	NA	49712478	49712656	49713512	49713587	NA	NA	NA	NA	NA	NA	NA	49712478	49713587	127,142,203,106,137,141	101,83,115,76,94,66	627,690,520,304,396,470	52,61,74,32,50,75	NA	NA	NA	NA	NA
4449	ENSG00000164068.16	RNF123	chr3	+	NA	NA	NA	NA	NA	NA	4449	60,34,81	106,99,92	27,37,37	114,114,99	233	149	0.00283383978255	0.01295831882669396	0.266,0.18,0.36	0.132,0.172,0.193	0.103	NA	NA	NA	NA	RI	chr3|+|49713737|49713997|49713737|49713825|49713909|49713997	0.01295831882669396	0.103	0.26866666666666666	0.16566666666666666	900	NA	NA	NA	NA	49713737	49713825	49713909	49713997	NA	NA	NA	NA	NA	NA	NA	49713737	49713997	51,26,50,17,21,27	12,16,44,10,20,12	0,0,0,0,0,0	106,99,92,114,114,99	NA	NA	NA	NA	NA	4449	chr3	+	NA	NA	NA	NA	NA	NA	4449	39,84,63	60,138,102	33,31,58	57,106,67	233	149	0.459077213143	0.6941330220757578	0.294,0.28,0.283	0.27,0.158,0.356	0.024	NA	NA	NA	NA	0.6941330220757578	0.024	0.2856666666666667	0.2613333333333333	838	NA	NA	NA	NA	49713737	49713825	49713909	49713997	NA	NA	NA	NA	NA	NA	NA	49713737	49713997	19,71,39,26,20,52	20,45,31,13,16,16	0,0,2,0,0,0	60,138,102,57,106,67	NA	NA	NA	NA	NA
4461	ENSG00000114388.14	NPRL2	chr3	-	NA	NA	NA	NA	NA	NA	4461	140,157,146	7,2,4	12,13,40	11,13,0	323	149	8.0937205553e-4	0.00471326632906928	0.902,0.973,0.944	0.335,0.316,1.0	0.389	NA	NA	NA	NA	RI	chr3|-|50349385|50349828|50349385|50349490|50349664|50349828	0.00471326632906928	0.389	0.93966666666666665	0.5503333333333333	545	NA	NA	NA	NA	50349385	50349490	50349664	50349828	NA	NA	NA	NA	NA	NA	NA	50349385	50349828	76,72,79,8,3,22	59,75,53,4,9,18	5,10,14,0,1,0	7,2,4,11,13,0	NA	NA	NA	NA	NA	4461	chr3	-	NA	NA	NA	NA	NA	NA	4461	89,138,155	2,11,6	5,43,20	0,0,1	323	149	5.60717352762e-4	0.00326148905852907	0.954,0.853,0.923	1.0,1.0,0.902	-0.057	NA	NA	NA	NA	0.00326148905852907	-0.057	0.91	0.9673333333333334	470	NA	NA	NA	NA	50349385	50349490	50349664	50349828	NA	NA	NA	NA	NA	NA	NA	50349385	50349828	54,74,93,1,25,6	31,59,53,4,18,14	4,5,9,0,0,0	2,11,6,0,0,1	NA	NA	NA	NA	NA
4464	ENSG00000114388.14	NPRL2	chr3	-	NA	NA	NA	NA	NA	NA	4464	45,88,108	2,1,2	17,14,46	2,2,4	251	149	0.00870812396989	0.03176574430896221	0.93,0.981,0.97	0.835,0.806,0.872	0.123	NA	NA	NA	NA	RI	chr3|-|50349664|50350022|50349664|50349828|50349930|50350022	0.03176574430896221	0.123	0.9603333333333334	0.8376666666666667	331	NA	NA	NA	NA	50349664	50349828	50349930	50350022	NA	NA	NA	NA	NA	NA	NA	50349664	50350022	11,36,20,8,2,24	39,66,88,10,14,22	0,0,0,0,0,0	2,1,2,2,2,4	NA	NA	NA	NA	NA	4464	chr3	-	NA	NA	NA	NA	NA	NA	4464	86,83,80	17,0,7	14,18,51	0,0,15	251	149	0.897750750382	1	0.75,1.0,0.872	1.0,1.0,0.669	-0.016	NA	NA	NA	NA	1	-0.016	0.874	0.8896666666666667	371	NA	NA	NA	NA	50349664	50349828	50349930	50350022	NA	NA	NA	NA	NA	NA	NA	50349664	50350022	20,20,40,0,9,28	66,65,44,14,9,28	0,0,0,0,0,0	17,0,7,0,0,15	NA	NA	NA	NA	NA
4468	ENSG00000172613.8	RAD9A	chr11	+	NA	NA	NA	NA	NA	NA	4468	45,34,49	105,110,64	6,18,21	55,106,51	238	149	0.00138708201427	0.00721423826251368	0.212,0.162,0.324	0.064,0.096,0.205	0.111	NA	NA	NA	NA	RI	chr11|+|67395911|67396175|67395911|67396021|67396110|67396175	0.00721423826251368	0.111	0.23266666666666666	0.12166666666666666	664	NA	NA	NA	NA	67395911	67396021	67396110	67396175	NA	NA	NA	NA	NA	NA	NA	67395911	67396175	35,12,27,2,12,21	16,18,28,6,10,1	0,4,0,0,0,0	105,110,64,55,106,51	NA	NA	NA	NA	NA	4468	chr11	+	NA	NA	NA	NA	NA	NA	4468	20,13,46	71,117,87	7,12,24	49,65,63	238	149	0.522385174053	0.7572453351190751	0.15,0.065,0.249	0.082,0.104,0.193	0.028	NA	NA	NA	NA	0.7572453351190751	0.028	0.15466666666666667	0.12633333333333333	574	NA	NA	NA	NA	67395911	67396021	67396110	67396175	NA	NA	NA	NA	NA	NA	NA	67395911	67396175	9,6,19,4,6,7	15,10,32,3,6,17	0,0,2,0,0,0	71,117,87,49,65,63	NA	NA	NA	NA	NA
4470	ENSG00000126107.15	HECTD3	chr1	-	NA	NA	NA	NA	NA	NA	4470	175,151,174	39,27,33	57,29,78	24,36,17	262	149	0.0119552296002	0.04127785355204189	0.718,0.761,0.75	0.575,0.314,0.723	0.206	NA	NA	NA	NA	RI	chr1|-|45005793|45006116|45005793|45005883|45005996|45006116	0.04127785355204189	0.206	0.743	0.5373333333333333	840	NA	NA	NA	NA	45005793	45005883	45005996	45006116	NA	NA	NA	NA	NA	NA	NA	45005793	45006116	119,83,112,35,15,26	63,71,73,30,16,52	0,6,0,0,0,0	39,27,33,24,36,17	NA	NA	NA	NA	NA	4470	chr1	-	NA	NA	NA	NA	NA	NA	4470	119,176,160	36,43,54	67,39,29	11,24,42	262	149	0.137037863053	0.28380372255729325	0.653,0.699,0.628	0.776,0.48,0.282	0.147	NA	NA	NA	NA	0.28380372255729325	0.147	0.66	0.5126666666666666	800	NA	NA	NA	NA	45005793	45005883	45005996	45006116	NA	NA	NA	NA	NA	NA	NA	45005793	45006116	45,106,76,33,23,22	74,95,91,35,19,11	0,0,0,0,0,0	36,43,54,11,24,42	NA	NA	NA	NA	NA
4500	ENSG00000171163.16	ZNF692	chr1	-	NA	NA	NA	NA	NA	NA	4500	372,465,323	39,68,65	212,254,299	60,54,87	238	149	1.11813655022e-4	9.0097415584087e-4	0.857,0.811,0.757	0.689,0.746,0.683	0.102	NA	NA	NA	NA	RI	chr1|-|248855557|248855946|248855557|248855635|248855724|248855946	9.0097415584087e-4	0.102	0.8083333333333333	0.706	2298	NA	NA	NA	NA	248855557	248855635	248855724	248855946	NA	NA	NA	NA	NA	NA	NA	248855557	248855946	238,289,217,139,192,198	189,252,187,110,129,171	0,0,0,0,0,0	39,68,65,60,54,87	NA	NA	NA	NA	NA	4500	chr1	-	NA	NA	NA	NA	NA	NA	4500	310,410,574	27,71,80	241,261,238	27,86,50	238	149	0.0353442949021	0.09768613131065532	0.878,0.783,0.818	0.848,0.655,0.749	0.076	NA	NA	NA	NA	0.09768613131065532	0.076	0.8263333333333334	0.7506666666666667	2375	NA	NA	NA	NA	248855557	248855635	248855724	248855946	NA	NA	NA	NA	NA	NA	NA	248855557	248855946	172,259,380,145,163,138	192,204,330,141,152,152	0,0,0,0,0,0	27,71,80,27,86,50	NA	NA	NA	NA	NA
4502	ENSG00000182504.12	CEP97	chr3	+	NA	NA	NA	NA	NA	NA	4502	11,40,27	1,0,1	4,19,22	3,0,11	586	149	1.94735514856e-4	0.00143179637541605	0.737,1.0,0.873	0.253,1.0,0.337	0.34	NA	NA	NA	NA	RI	chr3|+|101757062|101758423|101757062|101757196|101757633|101758423	0.00143179637541605	0.34	0.87	0.53	139	NA	NA	NA	NA	101757062	101757196	101757633	101758423	NA	NA	NA	NA	NA	NA	NA	101757062	101758423	8,6,1,1,2,5	0,34,2,2,5,1	3,0,24,1,12,16	1,0,1,3,0,11	NA	NA	NA	NA	NA	4502	chr3	+	NA	NA	NA	NA	NA	NA	4502	30,8,9	14,0,6	19,20,21	0,28,7	586	149	0.925311085799	1	0.353,1.0,0.276	1.0,0.154,0.433	0.014	NA	NA	NA	NA	1	0.014	0.543	0.529	162	NA	NA	NA	NA	101757062	101757196	101757633	101758423	NA	NA	NA	NA	NA	NA	NA	101757062	101758423	5,0,0,12,18,0	8,8,8,0,0,4	17,0,1,7,2,17	14,0,6,0,28,7	NA	NA	NA	NA	NA
4513	ENSG00000256269.11	HMBS	chr11	+	NA	NA	NA	NA	NA	NA	4513	113,177,131	137,82,128	37,56,63	66,86,79	383	149	0.0056762664864	0.02249959023568507	0.243,0.456,0.285	0.179,0.202,0.237	0.122	NA	NA	NA	NA	RI	chr11|+|119092124|119092811|119092124|119092523|119092757|119092811	0.02249959023568507	0.122	0.328	0.206	1155	NA	NA	NA	NA	119092124	119092523	119092757	119092811	NA	NA	NA	NA	NA	NA	NA	119092124	119092811	35,51,41,6,10,13	32,91,47,20,19,20	46,35,43,11,27,30	137,82,128,66,86,79	NA	NA	NA	NA	NA	4513	chr11	+	NA	NA	NA	NA	NA	NA	4513	69,118,136	130,83,91	49,56,81	69,66,49	383	149	0.846150214588	1	0.171,0.356,0.368	0.216,0.248,0.391	0.013	NA	NA	NA	NA	1	0.013	0.29833333333333334	0.28500000000000003	997	NA	NA	NA	NA	119092124	119092523	119092757	119092811	NA	NA	NA	NA	NA	NA	NA	119092124	119092811	8,24,19,18,19,8	35,52,64,15,5,42	26,42,53,16,32,31	130,83,91,69,66,49	NA	NA	NA	NA	NA
4563	ENSG00000134248.14	LAMTOR5	chr1	-	NA	NA	NA	NA	NA	NA	4563	198,193,182	38,40,35	130,97,106	25,54,74	1355	149	9.02549739201e-4	0.00513875116135611	0.364,0.347,0.364	0.364,0.165,0.136	0.137	NA	NA	NA	NA	RI	chr1|-|110406317|110407694|110406317|110406379|110407585|110407694	0.00513875116135611	0.137	0.35833333333333334	0.22166666666666668	1172	NA	NA	NA	NA	110406317	110406379	110407585	110407694	NA	NA	NA	NA	NA	NA	NA	110406317	110407694	18,21,35,26,18,22	59,74,35,28,25,29	121,98,112,76,54,55	38,40,35,25,54,74	NA	NA	NA	NA	NA	4563	chr1	-	NA	NA	NA	NA	NA	NA	4563	104,197,227	57,82,49	175,141,137	16,40,44	1355	149	0.0740215537481	0.1764073256056732	0.167,0.209,0.337	0.546,0.279,0.255	-0.122	NA	NA	NA	NA	0.1764073256056732	-0.122	0.23766666666666666	0.36000000000000004	1269	NA	NA	NA	NA	110406317	110406379	110407585	110407694	NA	NA	NA	NA	NA	NA	NA	110406317	110407694	10,24,28,12,14,43	6,46,74,30,55,21	88,127,125,133,72,73	57,82,49,16,40,44	NA	NA	NA	NA	NA
4587	ENSG00000102886.15	GDPD3	chr16	-	NA	NA	NA	NA	NA	NA	4587	13,44,24	8,0,0	8,27,16	13,10,9	377	149	4.41860405891e-4	0.00285509800729569	0.391,1.0,1.0	0.196,0.516,0.413	0.422	NA	NA	NA	NA	RI	chr16|-|30112657|30113064|30112657|30112793|30113021|30113064	0.00285509800729569	0.422	0.797	0.375	172	NA	NA	NA	NA	30112657	30112793	30113021	30113064	NA	NA	NA	NA	NA	NA	NA	30112657	30113064	8,5,13,3,15,4	5,37,11,2,9,9	0,2,0,3,3,3	8,0,0,13,10,9	NA	NA	NA	NA	NA	4587	chr16	-	NA	NA	NA	NA	NA	NA	4587	28,47,17	19,3,7	8,38,18	7,0,13	377	149	0.876277343548	1	0.368,0.861,0.49	0.311,1.0,0.354	0.018	NA	NA	NA	NA	1	0.018	0.573	0.5549999999999999	205	NA	NA	NA	NA	30112657	30112793	30113021	30113064	NA	NA	NA	NA	NA	NA	NA	30112657	30113064	3,9,6,0,5,8	19,12,4,8,19,5	6,26,7,0,14,5	19,3,7,7,0,13	NA	NA	NA	NA	NA
4589	ENSG00000204427.12	ABHD16A	chr6	-	NA	NA	NA	NA	NA	NA	4589	84,74,196	76,91,62	18,29,43	24,66,56	294	149	0.00631841666173	0.02452185504413187	0.359,0.292,0.616	0.275,0.182,0.28	0.177	NA	NA	NA	NA	RI	chr6|-|31688040|31688305|31688040|31688103|31688248|31688305	0.02452185504413187	0.177	0.42233333333333334	0.24566666666666667	819	NA	NA	NA	NA	31688040	31688103	31688248	31688305	NA	NA	NA	NA	NA	NA	NA	31688040	31688305	44,25,137,10,21,21	40,49,59,8,8,24	0,0,0,0,0,0	76,91,62,24,66,56	NA	NA	NA	NA	NA	4589	chr6	-	NA	NA	NA	NA	NA	NA	4589	59,82,116	78,72,117	42,55,58	32,54,47	294	149	0.260568001143	0.4580990273369947	0.277,0.366,0.334	0.399,0.34,0.385	-0.049	NA	NA	NA	NA	0.4580990273369947	-0.049	0.32566666666666666	0.3746666666666667	812	NA	NA	NA	NA	31688040	31688103	31688248	31688305	NA	NA	NA	NA	NA	NA	NA	31688040	31688305	47,39,91,13,25,21	12,43,25,29,30,37	0,0,0,0,0,0	78,72,117,32,54,47	NA	NA	NA	NA	NA
4643	ENSG00000160050.16	CCDC28B	chr1	+	NA	NA	NA	NA	NA	NA	4643	19,35,65	3,12,11	25,4,25	4,15,21	722	149	0.0120285646567	0.04146102218936728	0.567,0.376,0.549	0.563,0.052,0.197	0.227	NA	NA	NA	NA	RI	chr1|+|32204597|32205387|32204597|32204620|32205193|32205387	0.04146102218936728	0.227	0.49733333333333335	0.27066666666666667	239	NA	NA	NA	NA	32204597	32204620	32205193	32205387	NA	NA	NA	NA	NA	NA	NA	32204597	32205387	5,6,21,13,0,5	0,1,8,0,0,7	14,28,36,12,4,13	3,12,11,4,15,21	NA	NA	NA	NA	NA	4643	chr1	+	NA	NA	NA	NA	NA	NA	4643	52,64,42	0,0,10	20,4,30	17,1,1	722	149	0.019420079146	0.06076572951434922	1.0,1.0,0.464	0.195,0.452,0.861	0.319	NA	NA	NA	NA	0.06076572951434922	0.319	0.8213333333333334	0.5026666666666667	241	NA	NA	NA	NA	32204597	32204620	32205193	32205387	NA	NA	NA	NA	NA	NA	NA	32204597	32205387	1,14,6,4,0,24	0,4,0,0,0,0	51,46,36,16,4,6	0,0,10,17,1,1	NA	NA	NA	NA	NA
4656	ENSG00000158828.8	PINK1	chr1	+	NA	NA	NA	NA	NA	NA	4656	8,34,50	0,0,8	0,26,0	2,5,1	511	149	6.94592302311e-4	0.00414726387319479	1.0,1.0,0.646	0.0,0.603,0.0	0.681	NA	NA	NA	NA	RI	chr1|+|20648504|20649231|20648504|20648632|20648994|20649231	0.00414726387319479	0.681	0.882	0.201	134	NA	NA	NA	NA	20648504	20648632	20648994	20649231	NA	NA	NA	NA	NA	NA	NA	20648504	20649231	5,3,0,0,3,0	1,16,4,0,4,0	2,15,46,0,19,0	0,0,8,2,5,1	NA	NA	NA	NA	NA	4656	chr1	+	NA	NA	NA	NA	NA	NA	4656	11,11,23	2,1,7	16,16,6	9,1,8	511	149	0.269637593032	0.4706189087630775	0.616,0.762,0.489	0.341,0.823,0.179	0.175	NA	NA	NA	NA	0.4706189087630775	0.175	0.6223333333333333	0.44766666666666666	111	NA	NA	NA	NA	20648504	20648632	20648994	20649231	NA	NA	NA	NA	NA	NA	NA	20648504	20649231	11,1,0,10,6,0	0,3,3,5,0,0	0,7,20,1,10,6	2,1,7,9,1,8	NA	NA	NA	NA	NA
4683	ENSG00000170049.10	KCNAB3	chr17	-	NA	NA	NA	NA	NA	NA	4683	97,105,57	8,27,6	53,71,55	32,37,44	231	149	1.1388301524e-8	2.909711039382e-7	0.887,0.715,0.86	0.517,0.553,0.446	0.315	NA	NA	NA	NA	RI	chr17|-|7923967|7924265|7923967|7924062|7924144|7924265	2.909711039382e-7	0.315	0.8206666666666667	0.5053333333333334	592	NA	NA	NA	NA	7923967	7924062	7924144	7924265	NA	NA	NA	NA	NA	NA	NA	7923967	7924265	34,60,32,20,34,35	84,66,43,36,54,36	0,12,0,0,0,0	8,27,6,32,37,44	NA	NA	NA	NA	NA	4683	chr17	-	NA	NA	NA	NA	NA	NA	4683	44,66,61	31,7,15	70,91,94	31,8,17	231	149	0.464184362868	0.6987062231704516	0.478,0.859,0.724	0.593,0.88,0.781	-0.064	NA	NA	NA	NA	0.6987062231704516	-0.064	0.6869999999999999	0.7513333333333333	535	NA	NA	NA	NA	7923967	7924062	7924144	7924265	NA	NA	NA	NA	NA	NA	NA	7923967	7924265	35,40,33,45,64,40	33,55,54,35,59,74	0,0,0,0,0,0	31,7,15,31,8,17	NA	NA	NA	NA	NA
4697	ENSG00000163703.20	CRELD1	chr3	+	NA	NA	NA	NA	NA	NA	4697	188,204,184	1,0,0	173,164,208	8,0,15	535	149	1.13412389258e-7	2.2876472727962367e-6	0.981,1.0,1.0	0.858,1.0,0.794	0.11	NA	NA	NA	NA	RI	chr3|+|9943076|9944095|9943076|9943515|9943901|9944095	2.2876472727962367e-6	0.11	0.9936666666666667	0.884	1145	NA	NA	NA	NA	9943076	9943515	9943901	9944095	NA	NA	NA	NA	NA	NA	NA	9943076	9944095	48,113,58,85,74,72	64,45,67,46,25,57	76,46,59,42,65,79	1,0,0,8,0,15	NA	NA	NA	NA	NA	4697	chr3	+	NA	NA	NA	NA	NA	NA	4697	235,255,186	0,12,3	141,213,241	0,13,4	535	149	0.558392616116	0.7918943438975051	1.0,0.855,0.945	1.0,0.82,0.944	0.012	NA	NA	NA	NA	0.7918943438975051	0.012	0.9333333333333333	0.9213333333333333	1303	NA	NA	NA	NA	9943076	9943515	9943901	9944095	NA	NA	NA	NA	NA	NA	NA	9943076	9944095	77,91,58,63,77,77	63,70,73,32,57,63	95,94,55,46,79,101	0,12,3,0,13,4	NA	NA	NA	NA	NA
4719	ENSG00000153827.15	TRIP12	chr2	-	NA	NA	NA	NA	NA	NA	4719	93,82,70	15,19,9	84,83,142	55,33,29	236	149	0.00513948727485	0.02078848019088404	0.797,0.732,0.831	0.491,0.614,0.756	0.166	NA	NA	NA	NA	RI	chr2|-|229858771|229859574|229858771|229858831|229858918|229859574	0.02078848019088404	0.166	0.7866666666666666	0.6203333333333333	714	NA	NA	NA	NA	229858771	229858831	229858918	229859574	NA	NA	NA	NA	NA	NA	NA	229858771	229859574	52,63,49,67,59,113	58,35,43,37,48,67	0,0,0,0,0,0	15,19,9,55,33,29	NA	NA	NA	NA	NA	4719	chr2	-	NA	NA	NA	NA	NA	NA	4719	51,67,58	35,17,3	55,44,51	19,2,3	236	149	0.177158465162	0.34467138244630097	0.479,0.713,0.924	0.646,0.933,0.915	-0.126	NA	NA	NA	NA	0.34467138244630097	-0.126	0.7053333333333334	0.8313333333333334	405	NA	NA	NA	NA	229858771	229858831	229858918	229859574	NA	NA	NA	NA	NA	NA	NA	229858771	229859574	32,45,30,36,32,29	35,49,42,32,24,33	0,0,0,0,0,0	35,17,3,19,2,3	NA	NA	NA	NA	NA
4724	ENSG00000087274.19	ADD1	chr4	+	NA	NA	NA	NA	NA	NA	4724	91,76,68	6,0,2	43,95,52	14,12,8	883	149	4.00983766713e-5	3.7142484252025e-4	0.719,1.0,0.852	0.341,0.572,0.523	0.378	NA	NA	NA	NA	RI	chr4|+|2908514|2909431|2908514|2908604|2909338|2909431	3.7142484252025e-4	0.378	0.857	0.4786666666666667	467	NA	NA	NA	NA	2908514	2908604	2909338	2909431	NA	NA	NA	NA	NA	NA	NA	2908514	2909431	16,0,5,12,11,13	12,0,1,0,22,2	63,76,62,31,62,37	6,0,2,14,12,8	NA	NA	NA	NA	NA	4724	chr4	+	NA	NA	NA	NA	NA	NA	4724	88,89,139	0,7,15	50,42,47	0,2,15	883	149	0.870154786088	1	1.0,0.682,0.61	1.0,0.78,0.346	0.055	NA	NA	NA	NA	1	0.055	0.764	0.7086666666666667	494	NA	NA	NA	NA	2908514	2908604	2909338	2909431	NA	NA	NA	NA	NA	NA	NA	2908514	2909431	6,13,14,2,3,8	1,1,23,3,2,7	81,75,102,45,37,32	0,7,15,0,2,15	NA	NA	NA	NA	NA
4738	ENSG00000174373.17	RALGAPA1	chr14	-	NA	NA	NA	NA	NA	NA	4738	54,30,39	0,0,0	57,33,22	0,0,10	1444	149	0.00579189720196	0.02286922964740419	1.0,1.0,1.0	1.0,1.0,0.185	0.272	NA	NA	NA	NA	RI	chr14|-|35688458|35690003|35688458|35688540|35689835|35690003	0.02286922964740419	0.272	1	0.7283333333333333	245	NA	NA	NA	NA	35688458	35688540	35689835	35690003	NA	NA	NA	NA	NA	NA	NA	35688458	35690003	9,10,2,2,3,1	6,0,6,5,3,2	39,20,31,50,27,19	0,0,0,0,0,10	NA	NA	NA	NA	NA	4738	chr14	-	NA	NA	NA	NA	NA	NA	4738	26,29,12	0,0,2	32,32,7	0,0,0	1444	149	0.614044824925	0.8383940080764357	1.0,1.0,0.382	1.0,1.0,1.0	-0.206	NA	NA	NA	NA	0.8383940080764357	-0.206	0.794	1	140	NA	NA	NA	NA	35688458	35688540	35689835	35690003	NA	NA	NA	NA	NA	NA	NA	35688458	35690003	11,0,2,4,4,0	9,0,0,0,2,4	6,29,10,28,26,3	0,0,2,0,0,0	NA	NA	NA	NA	NA
4746	ENSG00000143126.8	CELSR2	chr1	+	NA	NA	NA	NA	NA	NA	4746	29,30,9	8,16,37	2,4,7	43,28,31	383	149	3.15826189656e-6	4.210100423849113e-5	0.585,0.422,0.086	0.018,0.053,0.081	0.314	NA	NA	NA	NA	RI	chr1|+|109272277|109272728|109272277|109272405|109272639|109272728	4.210100423849113e-5	0.314	0.36433333333333334	0.050666666666666665	244	NA	NA	NA	NA	109272277	109272405	109272639	109272728	NA	NA	NA	NA	NA	NA	NA	109272277	109272728	6,10,4,0,0,3	11,0,4,2,0,0	12,20,1,0,4,4	8,16,37,43,28,31	NA	NA	NA	NA	NA	4746	chr1	+	NA	NA	NA	NA	NA	NA	4746	7,9,7	17,32,40	0,14,1	18,21,18	383	149	0.699752349577	0.9074091559148602	0.138,0.099,0.064	0.0,0.206,0.021	0.025	NA	NA	NA	NA	0.9074091559148602	0.025	0.10033333333333334	0.07566666666666666	184	NA	NA	NA	NA	109272277	109272405	109272639	109272728	NA	NA	NA	NA	NA	NA	NA	109272277	109272728	4,0,1,0,10,0	3,6,4,0,0,1	0,3,2,0,4,0	17,32,40,18,21,18	NA	NA	NA	NA	NA
4783	ENSG00000197530.13	MIB2	chr1	+	NA	NA	NA	NA	NA	NA	4783	22,33,42	71,162,132	9,4,16	99,113,112	223	149	5.83597412618e-7	9.751006360145983e-6	0.172,0.12,0.175	0.057,0.023,0.087	0.1	NA	NA	NA	NA	RI	chr1|+|1626836|1627207|1626836|1626999|1627073|1627207	9.751006360145983e-6	0.1	0.15566666666666665	0.05566666666666666	815	NA	NA	NA	NA	1626836	1626999	1627073	1627207	NA	NA	NA	NA	NA	NA	NA	1626836	1627207	22,28,34,6,4,11	16,6,25,7,1,6	0,0,0,0,0,0	71,162,132,99,113,112	NA	NA	NA	NA	NA	4783	chr1	+	NA	NA	NA	NA	NA	NA	4783	19,11,22	77,135,147	23,12,33	109,96,128	223	149	0.125443125912	0.26478540279013213	0.142,0.052,0.091	0.124,0.077,0.147	-0.021	NA	NA	NA	NA	0.26478540279013213	-0.021	0.095	0.11599999999999999	812	NA	NA	NA	NA	1626836	1626999	1627073	1627207	NA	NA	NA	NA	NA	NA	NA	1626836	1627207	17,6,15,23,11,31	8,6,8,4,4,14	0,0,0,0,0,0	77,135,147,109,96,128	NA	NA	NA	NA	NA
4785	ENSG00000197530.13	MIB2	chr1	+	NA	NA	NA	NA	NA	NA	4785	30,28,30	88,71,59	9,7,13	71,96,99	238	149	9.12653708163e-9	2.4226807525781456e-7	0.176,0.198,0.241	0.074,0.044,0.076	0.14	NA	NA	NA	NA	RI	chr1|+|1628272|1628722|1628272|1628399|1628488|1628722	2.4226807525781456e-7	0.14	0.205	0.06466666666666666	601	NA	NA	NA	NA	1628272	1628399	1628488	1628722	NA	NA	NA	NA	NA	NA	NA	1628272	1628722	16,20,11,4,2,5	20,15,23,5,7,11	0,0,0,0,0,0	88,71,59,71,96,99	NA	NA	NA	NA	NA	4785	chr1	+	NA	NA	NA	NA	NA	NA	4785	12,25,17	64,78,107	28,8,5	67,92,77	238	149	0.299077829518	0.5102180319177704	0.105,0.167,0.09	0.207,0.052,0.039	0.021	NA	NA	NA	NA	0.5102180319177704	0.021	0.12066666666666667	0.09933333333333333	580	NA	NA	NA	NA	1628272	1628399	1628488	1628722	NA	NA	NA	NA	NA	NA	NA	1628272	1628722	4,19,9,14,5,4	9,17,13,24,3,1	0,0,0,0,0,0	64,78,107,67,92,77	NA	NA	NA	NA	NA
4787	ENSG00000011007.13	ELOA	chr1	+	NA	NA	NA	NA	NA	NA	4787	129,83,132	10,5,55	23,46,55	16,17,33	399	149	8.36545347863e-4	0.0048439056403172	0.828,0.861,0.473	0.349,0.503,0.384	0.309	NA	NA	NA	NA	RI	chr1|+|23755842|23756385|23755842|23756023|23756273|23756385	0.0048439056403172	0.309	0.7206666666666667	0.412	604	NA	NA	NA	NA	23755842	23756023	23756273	23756385	NA	NA	NA	NA	NA	NA	NA	23755842	23756385	38,22,43,9,21,19	55,14,48,1,5,20	36,47,41,13,20,16	10,5,55,16,17,33	NA	NA	NA	NA	NA	4787	chr1	+	NA	NA	NA	NA	NA	NA	4787	72,102,82	55,69,39	9,28,52	4,33,16	399	149	0.823446389533	1	0.328,0.356,0.44	0.457,0.241,0.548	-0.041	NA	NA	NA	NA	1	-0.041	0.37466666666666665	0.41533333333333333	561	NA	NA	NA	NA	23755842	23756023	23756273	23756385	NA	NA	NA	NA	NA	NA	NA	23755842	23756385	39,51,29,0,7,24	11,29,32,6,9,14	22,22,21,3,12,14	55,69,39,4,33,16	NA	NA	NA	NA	NA
4865	ENSG00000008128.23	CDK11A	chr1	-	NA	NA	NA	NA	NA	NA	4865	350,396,518	69,39,54	225,258,376	34,81,83	354	149	0.0049138582187	0.02014983628802904	0.681,0.81,0.801	0.736,0.573,0.656	0.109	NA	NA	NA	NA	RI	chr1|-|1704222|1704655|1704222|1704344|1704549|1704655	0.02014983628802904	0.109	0.764	0.655	2483	NA	NA	NA	NA	1704222	1704344	1704549	1704655	NA	NA	NA	NA	NA	NA	NA	1704222	1704655	97,87,152,33,68,114	166,196,239,107,123,156	87,113,127,85,67,106	69,39,54,34,81,83	NA	NA	NA	NA	NA	4865	chr1	-	NA	NA	NA	NA	NA	NA	4865	335,462,383	19,64,30	234,407,335	50,40,54	354	149	0.0121714906069	0.04166872549607092	0.881,0.752,0.843	0.663,0.811,0.723	0.093	NA	NA	NA	NA	0.04166872549607092	0.093	0.8253333333333334	0.7323333333333334	2413	NA	NA	NA	NA	1704222	1704344	1704549	1704655	NA	NA	NA	NA	NA	NA	NA	1704222	1704655	66,90,109,49,101,76	169,244,210,104,165,142	100,128,64,81,141,117	19,64,30,50,40,54	NA	NA	NA	NA	NA
4866	ENSG00000008128.23	CDK11A	chr1	-	NA	NA	NA	NA	NA	NA	4866	44,52,47	13,4,4	43,57,68	12,28,22	222	149	0.00278296380683	0.0127733039397317	0.694,0.897,0.887	0.706,0.577,0.675	0.173	NA	NA	NA	NA	RI	chr1|-|1722587|1722831|1722587|1722634|1722707|1722831	0.0127733039397317	0.173	0.826	0.6526666666666666	394	NA	NA	NA	NA	1722587	1722634	1722707	1722831	NA	NA	NA	NA	NA	NA	NA	1722587	1722831	11,33,20,16,23,24	40,36,41,27,43,53	0,0,0,0,0,0	13,4,4,12,28,22	NA	NA	NA	NA	NA	4866	chr1	-	NA	NA	NA	NA	NA	NA	4866	28,61,52	0,8,24	31,66,70	7,6,5	222	149	0.354182588531	0.5754395082428595	1.0,0.837,0.593	0.748,0.881,0.904	-0.034	NA	NA	NA	NA	0.5754395082428595	-0.034	0.8099999999999999	0.8443333333333334	358	NA	NA	NA	NA	1722587	1722634	1722707	1722831	NA	NA	NA	NA	NA	NA	NA	1722587	1722831	20,30,15,13,43,34	12,40,40,25,50,55	0,0,0,0,0,0	0,8,24,7,6,5	NA	NA	NA	NA	NA
4909	ENSG00000142798.20	HSPG2	chr1	-	NA	NA	NA	NA	NA	NA	4909	0,10,2	6,20,4	1,0,0	8,12,12	328	149	7.61879117349e-5	6.4350451068651e-4	0.0,0.185,0.185	0.054,0.0,0.0	0.105	NA	NA	NA	NA	RI	chr1|-|21878185|21878491|21878185|21878253|21878432|21878491	6.4350451068651e-4	0.105	0.12333333333333334	0.018000000000000002	75	NA	NA	NA	NA	21878185	21878253	21878432	21878491	NA	NA	NA	NA	NA	NA	NA	21878185	21878491	0,10,0,1,0,0	0,0,2,0,0,0	0,0,0,0,0,0	6,20,4,8,12,12	NA	NA	NA	NA	NA	4909	chr1	-	NA	NA	NA	NA	NA	NA	4909	0,0,4	8,0,1	0,2,11	12,7,4	328	149	1	1	0.0,NA,0.645	0.0,0.115,0.555	0.099	NA	NA	NA	NA	1	0.099	0.3225	0.22333333333333333	49	NA	NA	NA	NA	21878185	21878253	21878432	21878491	NA	NA	NA	NA	NA	NA	NA	21878185	21878491	0,0,4,0,2,11	0,0,0,0,0,0	0,0,0,0,0,0	8,0,1,12,7,4	NA	NA	NA	NA	NA
4919	ENSG00000142784.16	WDTC1	chr1	+	NA	NA	NA	NA	NA	NA	4919	244,211,218	7,3,4	65,151,144	9,6,10	1354	149	0.00108816517505	0.00596836212290393	0.793,0.886,0.857	0.443,0.735,0.613	0.248	NA	NA	NA	NA	RI	chr1|+|27303620|27305193|27303620|27303795|27305000|27305193	0.00596836212290393	0.248	0.8453333333333334	0.597	1072	NA	NA	NA	NA	27303620	27303795	27305000	27305193	NA	NA	NA	NA	NA	NA	NA	27303620	27305193	0,1,5,7,5,4	13,4,3,1,1,7	231,206,210,57,145,133	7,3,4,9,6,10	NA	NA	NA	NA	NA	4919	chr1	+	NA	NA	NA	NA	NA	NA	4919	161,177,208	0,12,12	60,121,168	0,8,2	1354	149	0.386313077906	0.6144178766063562	1.0,0.619,0.656	1.0,0.625,0.902	-0.084	NA	NA	NA	NA	0.6144178766063562	-0.084	0.7583333333333333	0.8423333333333334	929	NA	NA	NA	NA	27303620	27303795	27305000	27305193	NA	NA	NA	NA	NA	NA	NA	27303620	27305193	8,3,5,15,1,2	11,0,15,12,8,6	142,174,188,33,112,160	0,12,12,0,8,2	NA	NA	NA	NA	NA
4952	ENSG00000197858.12	GPAA1	chr8	+	NA	NA	NA	NA	NA	NA	4952	335,496,486	131,157,131	171,245,290	121,124,168	231	149	5.68464445738e-7	9.5502026883984e-6	0.623,0.671,0.705	0.477,0.56,0.527	0.145	NA	NA	NA	NA	RI	chr8|+|144084133|144084609|144084133|144084330|144084412|144084609	9.5502026883984e-6	0.145	0.6663333333333333	0.5213333333333333	2855	NA	NA	NA	NA	144084133	144084330	144084412	144084609	NA	NA	NA	NA	NA	NA	NA	144084133	144084609	126,239,224,104,138,121	249,336,309,79,128,209	0,0,0,0,0,0	131,157,131,121,124,168	NA	NA	NA	NA	NA	4952	chr8	+	NA	NA	NA	NA	NA	NA	4952	240,356,587	126,142,127	234,236,290	112,142,163	231	149	0.0167448009666	0.05400429495971517	0.551,0.618,0.749	0.574,0.517,0.534	0.098	NA	NA	NA	NA	0.05400429495971517	0.098	0.6393333333333333	0.5416666666666666	2755	NA	NA	NA	NA	144084133	144084330	144084412	144084609	NA	NA	NA	NA	NA	NA	NA	144084133	144084609	129,147,333,73,131,109	141,250,317,185,134,211	0,0,0,0,0,0	126,142,127,112,142,163	NA	NA	NA	NA	NA
4976	ENSG00000197323.12	TRIM33	chr1	-	NA	NA	NA	NA	NA	NA	4976	57,52,31	47,46,30	3,3,29	22,89,109	228	149	0	0	0.442,0.425,0.403	0.082,0.022,0.148	0.339	NA	NA	NA	NA	RI	chr1|-|114397607|114397990|114397607|114397860|114397939|114397990	0	0.339	0.42333333333333334	0.084	518	NA	NA	NA	NA	114397607	114397860	114397939	114397990	NA	NA	NA	NA	NA	NA	NA	114397607	114397990	47,33,26,2,3,28	34,33,24,3,3,11	0,0,0,0,0,0	47,46,30,22,89,109	NA	NA	NA	NA	NA	4976	chr1	-	NA	NA	NA	NA	NA	NA	4976	24,28,20	39,69,85	5,8,20	20,38,71	228	149	0.0995798224821	0.22280939161519153	0.287,0.21,0.133	0.14,0.121,0.155	0.071	NA	NA	NA	NA	0.22280939161519153	0.071	0.21	0.13866666666666666	427	NA	NA	NA	NA	114397607	114397860	114397939	114397990	NA	NA	NA	NA	NA	NA	NA	114397607	114397990	24,25,8,5,8,10	6,14,20,2,4,20	0,0,0,0,0,0	39,69,85,20,38,71	NA	NA	NA	NA	NA
4986	ENSG00000069424.16	KCNAB2	chr1	+	NA	NA	NA	NA	NA	NA	4986	209,301,311	16,23,21	332,311,335	60,38,33	509	149	0.00201266915009	0.00979498986377133	0.793,0.793,0.813	0.618,0.706,0.748	0.109	NA	NA	NA	NA	RI	chr1|+|6094399|6095443|6094399|6094962|6095322|6095443	0.00979498986377133	0.109	0.7996666666666666	0.6906666666666667	1990	NA	NA	NA	NA	6094399	6094962	6095322	6095443	NA	NA	NA	NA	NA	NA	NA	6094399	6095443	64,122,131,94,74,74	63,36,48,68,79,51	82,143,132,170,158,210	16,23,21,60,38,33	NA	NA	NA	NA	NA	4986	chr1	+	NA	NA	NA	NA	NA	NA	4986	232,259,341	28,25,28	226,245,304	19,19,30	509	149	0.551550910505	0.7855697991838905	0.708,0.752,0.781	0.777,0.791,0.748	-0.025	NA	NA	NA	NA	0.7855697991838905	-0.025	0.747	0.772	1756	NA	NA	NA	NA	6094399	6094962	6095322	6095443	NA	NA	NA	NA	NA	NA	NA	6094399	6095443	68,66,80,74,64,90	40,68,95,67,60,53	124,125,166,85,121,161	28,25,28,19,19,30	NA	NA	NA	NA	NA
4994	ENSG00000115317.13	HTRA2	chr2	+	NA	NA	NA	NA	NA	NA	4994	48,80,106	73,94,74	13,4,32	31,54,43	302	149	4.18264368337e-4	0.00273432527360606	0.245,0.296,0.414	0.171,0.035,0.269	0.16	NA	NA	NA	NA	RI	chr2|+|74530910|74531925|74530910|74531702|74531855|74531925	0.00273432527360606	0.16	0.3183333333333333	0.15833333333333335	652	NA	NA	NA	NA	74530910	74531702	74531855	74531925	NA	NA	NA	NA	NA	NA	NA	74530910	74531925	15,38,35,3,1,19	33,42,59,10,3,13	0,0,12,0,0,0	73,94,74,31,54,43	NA	NA	NA	NA	NA	4994	chr2	+	NA	NA	NA	NA	NA	NA	4994	77,102,47	84,115,76	18,27,38	76,38,80	302	149	0.00162455833726	0.00796970576662318	0.311,0.304,0.234	0.105,0.26,0.19	0.098	NA	NA	NA	NA	0.00796970576662318	0.098	0.28300000000000003	0.185	778	NA	NA	NA	NA	74530910	74531702	74531855	74531925	NA	NA	NA	NA	NA	NA	NA	74530910	74531925	13,67,26,2,12,21	64,34,21,16,15,7	0,1,0,0,0,10	84,115,76,76,38,80	NA	NA	NA	NA	NA
5006	ENSG00000135740.17	SLC9A5	chr16	+	NA	NA	NA	NA	NA	NA	5006	65,96,94	0,0,0	34,62,47	5,2,14	430	149	1.07552744488e-9	3.5740416248312435e-8	1.0,1.0,1.0	0.702,0.915,0.538	0.282	NA	NA	NA	NA	RI	chr16|+|67255392|67255930|67255392|67255471|67255752|67255930	3.5740416248312435e-8	0.282	1	0.7183333333333334	419	NA	NA	NA	NA	67255392	67255471	67255752	67255930	NA	NA	NA	NA	NA	NA	NA	67255392	67255930	25,29,21,12,31,13	12,10,24,3,17,5	28,57,49,19,14,29	0,0,0,5,2,14	NA	NA	NA	NA	NA	5006	chr16	+	NA	NA	NA	NA	NA	NA	5006	100,62,137	8,0,3	60,62,75	0,4,0	430	149	0.0658216284959	0.16145280848364746	0.812,1.0,0.941	1.0,0.843,1.0	-0.03	NA	NA	NA	NA	0.16145280848364746	-0.03	0.9176666666666666	0.9476666666666667	511	NA	NA	NA	NA	67255392	67255471	67255752	67255930	NA	NA	NA	NA	NA	NA	NA	67255392	67255930	18,37,75,24,18,13	25,10,23,7,18,3	57,15,39,29,26,59	8,0,3,0,4,0	NA	NA	NA	NA	NA
5073	ENSG00000216490.4	IFI30	chr19	+	NA	NA	NA	NA	NA	NA	5073	13,21,14	0,8,8	8,0,0	8,2,14	567	149	1.36627205395e-4	0.00106590079323427	1.0,0.408,0.315	0.208,0.0,0.0	0.505	NA	NA	NA	NA	RI	chr19|+|18177139|18177764|18177139|18177292|18177710|18177764	0.00106590079323427	0.505	0.5743333333333334	0.06933333333333333	96	NA	NA	NA	NA	18177139	18177292	18177710	18177764	NA	NA	NA	NA	NA	NA	NA	18177139	18177764	0,1,0,4,0,0	9,14,2,0,0,0	4,6,12,4,0,0	0,8,8,8,2,14	NA	NA	NA	NA	NA	5073	chr19	+	NA	NA	NA	NA	NA	NA	5073	10,22,14	0,32,18	0,10,8	7,1,2	567	149	0.678749348874	0.8894862490102419	1.0,0.153,0.17	0.0,0.724,0.512	0.029	NA	NA	NA	NA	0.8894862490102419	0.029	0.44099999999999995	0.412	124	NA	NA	NA	NA	18177139	18177292	18177710	18177764	NA	NA	NA	NA	NA	NA	NA	18177139	18177764	0,6,0,0,2,0	0,11,5,0,8,8	10,5,9,0,0,0	0,32,18,7,1,2	NA	NA	NA	NA	NA
5087	ENSG00000138709.20	LARP1B	chr4	+	NA	NA	NA	NA	NA	NA	5087	214,174,246	20,12,18	85,86,168	31,20,25	718	149	2.2169888478e-5	2.2695451777478e-4	0.689,0.751,0.739	0.363,0.472,0.582	0.254	NA	NA	NA	NA	RI	chr4|+|128107138|128108901|128107138|128107313|128107882|128108901	2.2695451777478e-4	0.254	0.7263333333333333	0.4723333333333333	1099	NA	NA	NA	NA	128107138	128107313	128107882	128108901	NA	NA	NA	NA	NA	NA	NA	128107138	128108901	36,38,34,16,8,22	47,18,80,11,2,45	131,118,132,58,76,101	20,12,18,31,20,25	NA	NA	NA	NA	NA	5087	chr4	+	NA	NA	NA	NA	NA	NA	5087	76,217,215	19,10,39	90,150,70	3,16,25	718	149	0.862972690364	1	0.454,0.818,0.534	0.862,0.661,0.368	-0.028	NA	NA	NA	NA	1	-0.028	0.602	0.6303333333333333	930	NA	NA	NA	NA	128107138	128107313	128107882	128108901	NA	NA	NA	NA	NA	NA	NA	128107138	128108901	15,22,26,21,11,25	6,20,59,11,17,13	55,175,130,58,122,32	19,10,39,3,16,25	NA	NA	NA	NA	NA
5105	ENSG00000004455.18	AK2	chr1	-	NA	NA	NA	NA	NA	NA	5105	439,316,362	120,183,205	120,131,185	118,208,172	1268	149	9.88409132319e-10	3.38599150803358e-8	0.301,0.169,0.172	0.107,0.069,0.112	0.118	NA	NA	NA	NA	RI	chr1|-|33012073|33014594|33012073|33013402|33014521|33014594	3.38599150803358e-8	0.118	0.214	0.096	2559	NA	NA	NA	NA	33012073	33013402	33014521	33014594	NA	NA	NA	NA	NA	NA	NA	33012073	33014594	43,34,12,26,34,35	20,62,38,8,2,13	376,220,312,86,95,137	120,183,205,118,208,172	NA	NA	NA	NA	NA	5105	chr1	-	NA	NA	NA	NA	NA	NA	5105	302,462,362	189,231,242	162,99,131	114,153,120	1268	149	1.19263629308e-5	1.2755510653512e-4	0.158,0.19,0.149	0.143,0.071,0.114	0.056	NA	NA	NA	NA	1.2755510653512e-4	0.056	0.16566666666666666	0.10933333333333332	2567	NA	NA	NA	NA	33012073	33013402	33014521	33014594	NA	NA	NA	NA	NA	NA	NA	33012073	33014594	38,30,25,27,23,9	22,40,27,9,0,2	242,392,310,126,76,120	189,231,242,114,153,120	NA	NA	NA	NA	NA
5116	ENSG00000183735.11	TBK1	chr12	+	NA	NA	NA	NA	NA	NA	5116	181,260,252	0,0,0	459,393,456	1,3,5	2495	149	4.13739486898e-4	0.00271632819449522	1.0,1.0,1.0	0.965,0.887,0.845	0.101	NA	NA	NA	NA	RI	chr12|+|64481841|64484499|64481841|64481956|64484302|64484499	0.00271632819449522	0.101	1	0.899	2010	NA	NA	NA	NA	64481841	64481956	64484302	64484499	NA	NA	NA	NA	NA	NA	NA	64481841	64484499	23,12,31,48,55,32	23,15,15,21,19,46	135,233,206,390,319,378	0,0,0,1,3,5	NA	NA	NA	NA	NA	5116	chr12	+	NA	NA	NA	NA	NA	NA	5116	179,255,221	9,0,0	363,384,321	11,8,13	2495	149	0.0199075047882	0.06193787811228223	0.543,1.0,1.0	0.663,0.741,0.596	0.181	NA	NA	NA	NA	0.06193787811228223	0.181	0.8476666666666667	0.6666666666666666	1764	NA	NA	NA	NA	64481841	64481956	64484302	64484499	NA	NA	NA	NA	NA	NA	NA	64481841	64484499	16,43,32,44,12,46	0,20,3,15,24,12	163,192,186,304,348,263	9,0,0,11,8,13	NA	NA	NA	NA	NA
5133	ENSG00000128581.17	IFT22	chr7	-	NA	NA	NA	NA	NA	NA	5133	60,69,59	8,5,5	19,30,45	17,7,15	891	149	4.63204749559e-5	4.2079578137715e-4	0.556,0.698,0.664	0.157,0.417,0.334	0.337	NA	NA	NA	NA	RI	chr7|-|101318123|101319032|101318123|101318213|101318955|101319032	4.2079578137715e-4	0.337	0.6393333333333333	0.30266666666666664	339	NA	NA	NA	NA	101318123	101318213	101318955	101319032	NA	NA	NA	NA	NA	NA	NA	101318123	101319032	20,8,8,1,12,0	11,14,15,4,12,22	29,47,36,14,6,23	8,5,5,17,7,15	NA	NA	NA	NA	NA	5133	chr7	-	NA	NA	NA	NA	NA	NA	5133	65,64,36	12,12,0	28,12,33	10,1,18	891	149	0.0676748478938	0.16459460589233116	0.475,0.471,1.0	0.319,0.667,0.235	0.242	NA	NA	NA	NA	0.16459460589233116	0.242	0.6486666666666666	0.40700000000000003	291	NA	NA	NA	NA	101318123	101318213	101318955	101319032	NA	NA	NA	NA	NA	NA	NA	101318123	101319032	8,2,2,0,0,0	10,32,16,0,8,8	47,30,18,28,4,25	12,12,0,10,1,18	NA	NA	NA	NA	NA
5137	ENSG00000163050.18	COQ8A	chr1	+	NA	NA	NA	NA	NA	NA	5137	213,145,163	47,27,48	26,66,70	24,27,33	677	149	1.85306615697e-4	0.0013740026208633601	0.499,0.542,0.428	0.193,0.35,0.318	0.203	NA	NA	NA	NA	RI	chr1|+|226982026|226982763|226982026|226982149|226982677|226982763	0.0013740026208633601	0.203	0.4896666666666667	0.287	889	NA	NA	NA	NA	226982026	226982149	226982677	226982763	NA	NA	NA	NA	NA	NA	NA	226982026	226982763	30,38,16,2,9,19	45,26,14,4,1,8	138,81,133,20,56,43	47,27,48,24,27,33	NA	NA	NA	NA	NA	5137	chr1	+	NA	NA	NA	NA	NA	NA	5137	151,230,169	12,26,42	19,80,45	4,13,5	677	149	0.821418313033	1	0.735,0.661,0.47	0.511,0.575,0.665	0.038	NA	NA	NA	NA	1	0.038	0.622	0.5836666666666667	796	NA	NA	NA	NA	226982026	226982149	226982677	226982763	NA	NA	NA	NA	NA	NA	NA	226982026	226982763	17,18,9,0,8,2	0,15,34,4,12,7	134,197,126,15,60,36	12,26,42,4,13,5	NA	NA	NA	NA	NA
5140	ENSG00000077463.15	SIRT6	chr19	-	NA	NA	NA	NA	NA	NA	5140	477,403,346	26,12,9	197,251,309	17,25,15	677	149	0.00344489382176	0.01524104539324121	0.801,0.881,0.894	0.718,0.688,0.819	0.117	NA	NA	NA	NA	RI	chr19|-|4175027|4175760|4175027|4175151|4175679|4175760	0.01524104539324121	0.117	0.8586666666666667	0.7416666666666666	2087	NA	NA	NA	NA	4175027	4175151	4175679	4175760	NA	NA	NA	NA	NA	NA	NA	4175027	4175760	98,52,76,31,23,49	68,97,57,47,66,68	311,254,213,119,162,192	26,12,9,17,25,15	NA	NA	NA	NA	NA	5140	chr19	-	NA	NA	NA	NA	NA	NA	5140	306,621,477	26,20,17	278,262,309	9,16,23	677	149	0.485891950984	0.7204275698483614	0.721,0.872,0.861	0.872,0.783,0.747	0.017	NA	NA	NA	NA	0.7204275698483614	0.017	0.818	0.8006666666666666	2364	NA	NA	NA	NA	4175027	4175151	4175679	4175760	NA	NA	NA	NA	NA	NA	NA	4175027	4175760	64,94,101,42,59,45	79,96,85,39,56,47	163,431,291,197,147,217	26,20,17,9,16,23	NA	NA	NA	NA	NA
5149	ENSG00000004487.18	KDM1A	chr1	+	NA	NA	NA	NA	NA	NA	5149	726,746,890	123,138,138	235,256,371	71,81,208	1927	149	4.2321701698700006e-12	2.3250151803815247e-10	0.313,0.295,0.333	0.204,0.196,0.121	0.14	NA	NA	NA	NA	RI	chr1|+|23079552|23081573|23079552|23079667|23081445|23081573	2.3250151803815247e-10	0.14	0.31366666666666665	0.17366666666666666	3983	NA	NA	NA	NA	23079552	23079667	23081445	23081573	NA	NA	NA	NA	NA	NA	NA	23079552	23081573	16,78,40,29,5,20	152,121,134,57,23,64	558,547,716,149,228,287	123,138,138,71,81,208	NA	NA	NA	NA	NA	5149	chr1	+	NA	NA	NA	NA	NA	NA	5149	532,824,702	125,141,250	344,214,256	97,72,87	1927	149	0.0732158688971	0.1749705707438017	0.248,0.311,0.178	0.215,0.187,0.185	0.05	NA	NA	NA	NA	0.1749705707438017	0.05	0.24566666666666667	0.19566666666666666	3644	NA	NA	NA	NA	23079552	23079667	23081445	23081573	NA	NA	NA	NA	NA	NA	NA	23079552	23081573	36,15,36,3,24,19	68,124,75,36,38,56	428,685,591,305,152,181	125,141,250,97,72,87	NA	NA	NA	NA	NA
5176	ENSG00000151503.14	NCAPD3	chr11	-	NA	NA	NA	NA	NA	NA	5176	206,202,154	0,1,3	130,173,172	12,9,9	348	149	1.61088226092e-8	3.87369804861233e-7	1.0,0.989,0.956	0.823,0.892,0.891	0.113	NA	NA	NA	NA	RI	chr11|-|134156751|134157095|134156751|134156818|134157017|134157095	3.87369804861233e-7	0.113	0.9816666666666667	0.8686666666666667	1071	NA	NA	NA	NA	134156751	134156818	134157017	134157095	NA	NA	NA	NA	NA	NA	NA	134156751	134157095	131,68,36,61,101,69	57,83,72,53,47,69	18,51,46,16,25,34	0,1,3,12,9,9	NA	NA	NA	NA	NA	5176	chr11	-	NA	NA	NA	NA	NA	NA	5176	167,168,194	0,0,0	119,86,165	0,5,3	348	149	0.0328620477334	0.09221835792843988	1.0,1.0,1.0	1.0,0.88,0.959	0.054	NA	NA	NA	NA	0.09221835792843988	0.054	1	0.9463333333333334	907	NA	NA	NA	NA	134156751	134156818	134157017	134157095	NA	NA	NA	NA	NA	NA	NA	134156751	134157095	75,130,97,56,46,82	64,30,59,26,34,50	28,8,38,37,6,33	0,0,0,0,5,3	NA	NA	NA	NA	NA
5195	ENSG00000117308.15	GALE	chr1	-	NA	NA	NA	NA	NA	NA	5195	219,170,196	0,0,0	115,155,127	8,10,2	538	149	2.30885432995e-9	7.212556373454153e-8	1.0,1.0,1.0	0.799,0.811,0.946	0.148	NA	NA	NA	NA	RI	chr1|-|23798116|23798730|23798116|23798225|23798614|23798730	7.212556373454153e-8	0.148	1	0.852	1002	NA	NA	NA	NA	23798116	23798225	23798614	23798730	NA	NA	NA	NA	NA	NA	NA	23798116	23798730	83,36,59,49,78,52	32,26,31,17,21,13	104,108,106,49,56,62	0,0,0,8,10,2	NA	NA	NA	NA	NA	5195	chr1	-	NA	NA	NA	NA	NA	NA	5195	154,319,241	0,3,8	180,145,170	0,3,0	538	149	0.0209672055017	0.06429439523312909	1.0,0.967,0.893	1.0,0.93,1.0	-0.023	NA	NA	NA	NA	0.06429439523312909	-0.023	0.9533333333333334	0.9766666666666667	1223	NA	NA	NA	NA	23798116	23798225	23798614	23798730	NA	NA	NA	NA	NA	NA	NA	23798116	23798730	41,111,70,109,54,39	23,39,32,24,35,34	90,169,139,47,56,97	0,3,8,0,3,0	NA	NA	NA	NA	NA
5196	ENSG00000117308.15	GALE	chr1	-	NA	NA	NA	NA	NA	NA	5196	211,170,196	12,18,34	114,153,125	21,25,42	533	149	0.00807757927578	0.03000103944220651	0.831,0.725,0.617	0.603,0.631,0.454	0.162	NA	NA	NA	NA	RI	chr1|-|23798116|23798730|23798116|23798230|23798614|23798730	0.03000103944220651	0.162	0.7243333333333333	0.5626666666666666	1121	NA	NA	NA	NA	23798116	23798230	23798614	23798730	NA	NA	NA	NA	NA	NA	NA	23798116	23798730	75,36,59,48,76,50	32,26,31,17,21,13	104,108,106,49,56,62	12,18,34,21,25,42	NA	NA	NA	NA	NA	5196	chr1	-	NA	NA	NA	NA	NA	NA	5196	153,319,239	15,25,45	180,145,170	28,25,50	533	149	0.0240542433481	0.07140906865760525	0.74,0.781,0.598	0.642,0.619,0.487	0.124	NA	NA	NA	NA	0.07140906865760525	0.124	0.7063333333333334	0.5826666666666667	1394	NA	NA	NA	NA	23798116	23798230	23798614	23798730	NA	NA	NA	NA	NA	NA	NA	23798116	23798730	40,111,68,109,54,39	23,39,32,24,35,34	90,169,139,47,56,97	15,25,45,28,25,50	NA	NA	NA	NA	NA
5207	ENSG00000138796.18	HADH	chr4	+	NA	NA	NA	NA	NA	NA	5207	849,761,960	2,10,8	736,1163,1326	18,18,19	4273	149	0.00603296973511	0.02363844754996455	0.937,0.726,0.807	0.588,0.693,0.709	0.16	NA	NA	NA	NA	RI	chr4|+|108023473|108027760|108023473|108023563|108027687|108027760	0.02363844754996455	0.16	0.8233333333333334	0.6633333333333333	5870	NA	NA	NA	NA	108023473	108023563	108027687	108027760	NA	NA	NA	NA	NA	NA	NA	108023473	108027760	16,37,6,11,5,15	30,31,57,57,53,100	803,693,897,668,1105,1211	2,10,8,18,18,19	NA	NA	NA	NA	NA	5207	chr4	+	NA	NA	NA	NA	NA	NA	5207	647,1076,1022	53,14,28	562,980,949	9,7,27	4273	149	0.102205940377	0.22658651759790857	0.299,0.728,0.56	0.685,0.83,0.551	-0.16	NA	NA	NA	NA	0.22658651759790857	-0.16	0.529	0.6886666666666666	5374	NA	NA	NA	NA	108023473	108023563	108027687	108027760	NA	NA	NA	NA	NA	NA	NA	108023473	108027760	0,9,21,20,31,12	30,44,62,37,93,42	617,1023,939,505,856,895	53,14,28,9,7,27	NA	NA	NA	NA	NA
5209	ENSG00000138796.18	HADH	chr4	+	NA	NA	NA	NA	NA	NA	5209	28,48,4	11,2,4	6,2,16	12,10,22	327	149	4.54102715908e-4	0.00291882374627657	0.537,0.916,0.313	0.186,0.084,0.249	0.416	NA	NA	NA	NA	RI	chr4|+|108027687|108028069|108027687|108027760|108027938|108028069	0.00291882374627657	0.416	0.5886666666666667	0.173	165	NA	NA	NA	NA	108027687	108027760	108027938	108028069	NA	NA	NA	NA	NA	NA	NA	108027687	108028069	15,14,3,6,0,5	13,32,1,0,2,11	0,2,0,0,0,0	11,2,4,12,10,22	NA	NA	NA	NA	NA	5209	chr4	+	NA	NA	NA	NA	NA	NA	5209	4,4,43	0,15,8	2,10,2	4,12,23	327	149	0.0178261641696	0.05674865862952789	1.0,0.108,0.71	0.186,0.275,0.038	0.44	NA	NA	NA	NA	0.05674865862952789	0.44	0.606	0.16633333333333333	127	NA	NA	NA	NA	108027687	108027760	108027938	108028069	NA	NA	NA	NA	NA	NA	NA	108027687	108028069	1,0,21,2,0,1	3,3,19,0,10,1	0,1,3,0,0,0	0,15,8,4,12,23	NA	NA	NA	NA	NA
5212	ENSG00000240303.8	ACAD11	chr3	-	NA	NA	NA	NA	NA	NA	5212	190,169,216	0,8,2	133,192,122	0,20,12	759	149	0.00640087956612	0.02476352902173365	1.0,0.806,0.955	1.0,0.653,0.666	0.147	NA	NA	NA	NA	RI	chr3|-|132578795|132579558|132578795|132578881|132579491|132579558	0.02476352902173365	0.147	0.9203333333333333	0.773	1064	NA	NA	NA	NA	132578795	132578881	132579491	132579558	NA	NA	NA	NA	NA	NA	NA	132578795	132579558	61,43,44,35,58,39	14,39,23,7,24,23	115,87,149,91,110,60	0,8,2,0,20,12	NA	NA	NA	NA	NA	5212	chr3	-	NA	NA	NA	NA	NA	NA	5212	168,255,200	8,0,4	210,138,113	10,0,5	759	149	0.27863660398	0.48339168383660447	0.805,1.0,0.908	0.805,1.0,0.816	0.031	NA	NA	NA	NA	0.48339168383660447	0.031	0.9043333333333333	0.8736666666666667	1111	NA	NA	NA	NA	132578795	132578881	132579491	132579558	NA	NA	NA	NA	NA	NA	NA	132578795	132579558	62,87,54,36,33,30	25,27,48,24,36,11	81,141,98,150,69,72	8,0,4,10,0,5	NA	NA	NA	NA	NA
5222	ENSG00000213066.14	CEP43	chr6	+	NA	NA	NA	NA	NA	NA	5222	53,101,71	68,61,55	11,18,41	29,26,58	624	149	9.59857226964e-4	0.00542974586323177	0.157,0.283,0.236	0.083,0.142,0.144	0.102	NA	NA	NA	NA	RI	chr6|+|167003192|167003811|167003192|167003247|167003722|167003811	0.00542974586323177	0.102	0.22533333333333333	0.123	592	NA	NA	NA	NA	167003192	167003247	167003722	167003811	NA	NA	NA	NA	NA	NA	NA	167003192	167003811	12,1,4,0,12,4	10,23,21,3,0,4	31,77,46,8,6,33	68,61,55,29,26,58	NA	NA	NA	NA	NA	5222	chr6	+	NA	NA	NA	NA	NA	NA	5222	40,7,80	54,47,37	15,18,24	32,37,35	624	149	0.328338015727	0.5448841101883356	0.15,0.034,0.34	0.101,0.104,0.141	0.059	NA	NA	NA	NA	0.5448841101883356	0.059	0.17466666666666666	0.11533333333333333	426	NA	NA	NA	NA	167003192	167003247	167003722	167003811	NA	NA	NA	NA	NA	NA	NA	167003192	167003811	8,0,15,0,2,9	2,2,4,6,12,7	30,5,61,9,4,8	54,47,37,32,37,35	NA	NA	NA	NA	NA
5226	ENSG00000142733.18	MAP3K6	chr1	-	NA	NA	NA	NA	NA	NA	5226	166,155,204	21,45,45	40,71,67	22,24,33	408	149	0.0013062214537	0.0068608647396975	0.743,0.557,0.623	0.399,0.519,0.426	0.193	NA	NA	NA	NA	RI	chr1|-|27356589|27357114|27356589|27356749|27357008|27357114	0.0068608647396975	0.193	0.641	0.448	893	NA	NA	NA	NA	27356589	27356749	27357008	27357114	NA	NA	NA	NA	NA	NA	NA	27356589	27357114	60,69,103,18,23,32	79,30,62,5,29,15	27,56,39,17,19,20	21,45,45,22,24,33	NA	NA	NA	NA	NA	5226	chr1	-	NA	NA	NA	NA	NA	NA	5226	94,245,174	42,56,34	44,109,49	29,14,8	408	149	0.821159603503	1	0.45,0.615,0.651	0.357,0.74,0.691	-0.024	NA	NA	NA	NA	1	-0.024	0.5720000000000001	0.596	898	NA	NA	NA	NA	27356589	27356749	27357008	27357114	NA	NA	NA	NA	NA	NA	NA	27356589	27357114	32,126,75,15,37,13	38,55,62,7,38,20	24,64,37,22,34,16	42,56,34,29,14,8	NA	NA	NA	NA	NA
5268	ENSG00000221829.11	FANCG	chr9	-	NA	NA	NA	NA	NA	NA	5268	242,139,235	109,97,93	38,103,72	46,62,119	249	149	0.00158003987631	0.00805631858616887	0.571,0.462,0.602	0.331,0.499,0.266	0.18	NA	NA	NA	NA	RI	chr9|-|35076723|35077101|35076723|35076870|35076970|35077101	0.00805631858616887	0.18	0.5449999999999999	0.36533333333333334	1355	NA	NA	NA	NA	35076723	35076870	35076970	35077101	NA	NA	NA	NA	NA	NA	NA	35076723	35077101	132,87,161,19,66,38	131,78,113,19,62,48	0,0,0,0,0,0	109,97,93,46,62,119	NA	NA	NA	NA	NA	5268	chr9	-	NA	NA	NA	NA	NA	NA	5268	81,113,149	59,128,89	62,63,48	44,58,88	249	149	0.208779894422	0.3899850858071321	0.451,0.346,0.5	0.457,0.394,0.246	0.067	NA	NA	NA	NA	0.3899850858071321	0.067	0.43233333333333335	0.3656666666666667	982	NA	NA	NA	NA	35076723	35076870	35076970	35077101	NA	NA	NA	NA	NA	NA	NA	35076723	35077101	43,96,96,31,27,28	48,33,81,39,44,41	0,0,0,4,0,0	59,128,89,44,58,88	NA	NA	NA	NA	NA
5272	ENSG00000221829.11	FANCG	chr9	-	NA	NA	NA	NA	NA	NA	5272	315,258,329	108,121,183	85,89,72	86,64,72	410	149	6.06357501642e-6	7.390861834703167e-5	0.515,0.437,0.395	0.264,0.336,0.267	0.16	NA	NA	NA	NA	RI	chr9|-|35077263|35078736|35077263|35078343|35078604|35078736	7.390861834703167e-5	0.16	0.449	0.28900000000000003	1782	NA	NA	NA	NA	35077263	35078343	35078604	35078736	NA	NA	NA	NA	NA	NA	NA	35077263	35078736	131,127,58,20,12,12	108,52,96,10,18,21	76,79,175,55,59,39	108,121,183,86,64,72	NA	NA	NA	NA	NA	5272	chr9	-	NA	NA	NA	NA	NA	NA	5272	270,269,255	82,114,87	67,104,91	20,55,65	410	149	0.100569959091	0.2241114328230808	0.545,0.462,0.516	0.549,0.407,0.337	0.077	NA	NA	NA	NA	0.2241114328230808	0.077	0.5076666666666667	0.431	1479	NA	NA	NA	NA	35077263	35078343	35078604	35078736	NA	NA	NA	NA	NA	NA	NA	35077263	35078736	71,66,118,10,55,40	76,83,50,15,12,3	123,120,87,42,37,48	82,114,87,20,55,65	NA	NA	NA	NA	NA
5290	ENSG00000130714.19	POMT1	chr9	+	NA	NA	NA	NA	NA	NA	5290	735,601,493	94,79,27	146,203,166	25,64,45	1063	149	1.17955009586e-4	9.4304022075064e-4	0.523,0.516,0.719	0.45,0.308,0.341	0.22	NA	NA	NA	NA	RI	chr9|+|131506402|131509022|131506402|131506453|131507367|131509022	9.4304022075064e-4	0.22	0.586	0.36633333333333334	2678	NA	NA	NA	NA	131506402	131506453	131507367	131509022	NA	NA	NA	NA	NA	NA	NA	131506402	131509022	56,90,59,15,30,9	71,96,42,11,11,24	608,415,392,120,162,133	94,79,27,25,64,45	NA	NA	NA	NA	NA	5290	chr9	+	NA	NA	NA	NA	NA	NA	5290	438,562,530	36,111,76	144,308,188	41,42,36	1063	149	0.145742621021	0.29661992895413336	0.63,0.415,0.494	0.33,0.507,0.423	0.093	NA	NA	NA	NA	0.29661992895413336	0.093	0.513	0.42	2512	NA	NA	NA	NA	131506402	131506453	131507367	131509022	NA	NA	NA	NA	NA	NA	NA	131506402	131509022	77,51,51,8,21,11	69,80,67,16,40,30	292,431,412,120,247,147	36,111,76,41,42,36	NA	NA	NA	NA	NA
5292	ENSG00000130714.19	POMT1	chr9	+	NA	NA	NA	NA	NA	NA	5292	419,436,421	43,42,18	100,155,197	24,29,42	1545	149	2.40267502255e-5	2.4272163489747e-4	0.484,0.5,0.693	0.287,0.34,0.311	0.246	NA	NA	NA	NA	RI	chr9|+|131507367|131509022|131507367|131507514|131508910|131509022	2.4272163489747e-4	0.246	0.5589999999999999	0.31266666666666665	1926	NA	NA	NA	NA	131507367	131507514	131508910	131509022	NA	NA	NA	NA	NA	NA	NA	131507367	131509022	39,51,31,13,8,21	81,72,70,14,23,24	299,313,320,73,124,152	43,42,18,24,29,42	NA	NA	NA	NA	NA	5292	chr9	+	NA	NA	NA	NA	NA	NA	5292	326,431,543	38,47,56	130,166,142	26,28,8	1545	149	0.515495666039	0.7504506679879264	0.453,0.469,0.483	0.325,0.364,0.631	0.028	NA	NA	NA	NA	0.7504506679879264	0.028	0.4683333333333333	0.44	1941	NA	NA	NA	NA	131507367	131507514	131508910	131509022	NA	NA	NA	NA	NA	NA	NA	131507367	131509022	75,69,55,25,22,26	28,61,80,12,5,18	223,301,408,93,139,98	38,47,56,26,28,8	NA	NA	NA	NA	NA
5295	ENSG00000130714.19	POMT1	chr9	+	NA	NA	NA	NA	NA	NA	5295	238,277,223	18,26,39	87,89,140	15,25,63	412	149	2.50014803038e-4	0.00176015014033182	0.827,0.794,0.674	0.677,0.563,0.446	0.203	NA	NA	NA	NA	RI	chr9|+|131509902|131510415|131509902|131509996|131510259|131510415	0.00176015014033182	0.203	0.765	0.562	1240	NA	NA	NA	NA	131509902	131509996	131510259	131510415	NA	NA	NA	NA	NA	NA	NA	131509902	131510415	77,108,94,14,11,35	87,97,49,37,37,45	74,72,80,36,41,60	18,26,39,15,25,63	NA	NA	NA	NA	NA	5295	chr9	+	NA	NA	NA	NA	NA	NA	5295	247,361,289	28,38,43	95,103,125	8,20,26	412	149	0.258426268088	0.45459837838142503	0.761,0.775,0.709	0.811,0.651,0.635	0.049	NA	NA	NA	NA	0.45459837838142503	0.049	0.7483333333333333	0.6990000000000001	1383	NA	NA	NA	NA	131509902	131509996	131510259	131510415	NA	NA	NA	NA	NA	NA	NA	131509902	131510415	52,97,94,31,23,24	79,150,98,34,36,65	116,114,97,30,44,36	28,38,43,8,20,26	NA	NA	NA	NA	NA
5344	ENSG00000137070.19	IL11RA	chr9	+	NA	NA	NA	NA	NA	NA	5344	13,10,8	0,0,0	6,6,4	0,13,0	436	149	0.00677541258629	0.02596676873695642	1.0,1.0,1.0	1.0,0.136,1.0	0.288	NA	NA	NA	NA	RI	chr9|+|34655217|34655665|34655217|34655317|34655604|34655665	0.02596676873695642	0.288	1	0.712	60	NA	NA	NA	NA	34655217	34655317	34655604	34655665	NA	NA	NA	NA	NA	NA	NA	34655217	34655665	0,2,6,2,3,1	3,1,2,0,3,3	10,7,0,4,0,0	0,0,0,0,13,0	NA	NA	NA	NA	NA	5344	chr9	+	NA	NA	NA	NA	NA	NA	5344	11,27,20	9,3,1	0,6,6	2,9,1	436	149	0.0237754486989	0.0708724590339194	0.295,0.755,0.872	0.0,0.186,0.672	0.355	NA	NA	NA	NA	0.0708724590339194	0.355	0.6406666666666667	0.28600000000000003	95	NA	NA	NA	NA	34655217	34655317	34655604	34655665	NA	NA	NA	NA	NA	NA	NA	34655217	34655665	0,14,0,0,0,0	7,13,14,0,3,4	4,0,6,0,3,2	9,3,1,2,9,1	NA	NA	NA	NA	NA
5351	ENSG00000158863.22	FHIP2B	chr8	+	NA	NA	NA	NA	NA	NA	5351	355,394,491	146,111,136	226,195,190	132,138,116	472	149	2.38494691218e-7	4.391740079726054e-6	0.434,0.528,0.533	0.351,0.308,0.341	0.165	NA	NA	NA	NA	RI	chr8|+|22101707|22102315|22101707|22101851|22102174|22102315	4.391740079726054e-6	0.165	0.49833333333333335	0.3333333333333333	2630	NA	NA	NA	NA	22101707	22101851	22102174	22102315	NA	NA	NA	NA	NA	NA	NA	22101707	22102315	75,55,74,38,33,28	87,110,78,48,24,62	193,229,339,140,138,100	146,111,136,132,138,116	NA	NA	NA	NA	NA	5351	chr8	+	NA	NA	NA	NA	NA	NA	5351	219,366,493	156,200,139	147,194,219	101,138,131	472	149	0.100893595436	0.22466682258038495	0.307,0.366,0.528	0.315,0.307,0.345	0.078	NA	NA	NA	NA	0.22466682258038495	0.078	0.4003333333333333	0.3223333333333333	2503	NA	NA	NA	NA	22101707	22101851	22102174	22102315	NA	NA	NA	NA	NA	NA	NA	22101707	22102315	13,66,60,11,26,22	53,77,188,43,64,61	153,223,245,93,104,136	156,200,139,101,138,131	NA	NA	NA	NA	NA
5361	ENSG00000196839.14	ADA	chr20	-	NA	NA	NA	NA	NA	NA	5361	110,73,47	58,12,59	29,11,27	35,56,34	600	149	6.43046406083e-4	0.00388488725330143	0.32,0.602,0.165	0.171,0.047,0.165	0.235	NA	NA	NA	NA	RI	chr20|-|44619521|44620401|44619521|44619847|44620298|44620401	0.00388488725330143	0.235	0.36233333333333334	0.12766666666666668	551	NA	NA	NA	NA	44619521	44619847	44620298	44620401	NA	NA	NA	NA	NA	NA	NA	44619521	44620401	41,29,4,10,1,5	25,17,17,4,1,12	44,27,26,15,9,10	58,12,59,35,56,34	NA	NA	NA	NA	NA	5361	chr20	-	NA	NA	NA	NA	NA	NA	5361	54,104,123	26,64,101	42,15,32	7,35,59	600	149	0.41105734093	0.6404476991424846	0.34,0.288,0.232	0.598,0.096,0.119	0.016	NA	NA	NA	NA	0.6404476991424846	0.016	0.2866666666666667	0.271	662	NA	NA	NA	NA	44619521	44619847	44620298	44620401	NA	NA	NA	NA	NA	NA	NA	44619521	44620401	7,6,22,16,0,7	33,33,52,0,2,14	14,65,49,26,13,11	26,64,101,7,35,59	NA	NA	NA	NA	NA
5371	ENSG00000161010.16	MRNIP	chr5	-	NA	NA	NA	NA	NA	NA	5371	35,12,19	37,8,5	1,13,4	26,17,46	250	149	4.59574322098e-6	5.9328626170630224e-5	0.361,0.472,0.694	0.022,0.313,0.049	0.381	NA	NA	NA	NA	RI	chr5|-|179853196|179853437|179853196|179853276|179853377|179853437	5.9328626170630224e-5	0.381	0.509	0.128	223	NA	NA	NA	NA	179853196	179853276	179853377	179853437	NA	NA	NA	NA	NA	NA	NA	179853196	179853437	13,1,6,1,3,4	31,11,13,0,12,2	0,0,0,0,0,0	37,8,5,26,17,46	NA	NA	NA	NA	NA	5371	chr5	-	NA	NA	NA	NA	NA	NA	5371	16,11,44	25,37,20	35,34,6	14,19,37	250	149	0.707037257518	0.9123499996049576	0.276,0.151,0.567	0.598,0.516,0.088	-0.069	NA	NA	NA	NA	0.9123499996049576	-0.069	0.3313333333333333	0.40066666666666667	298	NA	NA	NA	NA	179853196	179853276	179853377	179853437	NA	NA	NA	NA	NA	NA	NA	179853196	179853437	16,11,31,13,7,6	4,1,14,28,27,3	0,0,0,0,0,0	25,37,20,14,19,37	NA	NA	NA	NA	NA
5422	ENSG00000090621.15	PABPC4	chr1	-	NA	NA	NA	NA	NA	NA	5422	1929,1959,2128	155,185,233	1820,1963,2734	356,319,422	697	149	2.46000386728e-9	7.542371857080479e-8	0.727,0.694,0.661	0.522,0.568,0.581	0.137	NA	NA	NA	NA	RI	chr1|-|39562322|39564542|39562322|39563922|39564470|39564542	7.542371857080479e-8	0.137	0.694	0.5569999999999999	14203	NA	NA	NA	NA	39562322	39563922	39564470	39564542	NA	NA	NA	NA	NA	NA	NA	39562322	39564542	371,374,402,282,349,454	467,300,501,362,356,565	1091,1285,1225,1176,1258,1715	155,185,233,356,319,422	NA	NA	NA	NA	NA	5422	chr1	-	NA	NA	NA	NA	NA	NA	5422	1599,1980,2254	134,169,258	1711,2109,2119	246,278,311	697	149	7.51401624611e-5	6.0261811567408e-4	0.718,0.715,0.651	0.598,0.619,0.593	0.091	NA	NA	NA	NA	6.0261811567408e-4	0.091	0.6946666666666667	0.6033333333333333	13168	NA	NA	NA	NA	39562322	39563922	39564470	39564542	NA	NA	NA	NA	NA	NA	NA	39562322	39564542	420,416,305,333,347,413	261,363,475,310,340,462	918,1201,1474,1068,1422,1244	134,169,258,246,278,311	NA	NA	NA	NA	NA
5428	ENSG00000138757.15	G3BP2	chr4	-	NA	NA	NA	NA	NA	NA	5428	60,63,28	23,74,77	20,26,28	58,46,73	721	149	0.0055512616333	0.02216167730168984	0.35,0.15,0.07	0.067,0.105,0.073	0.108	NA	NA	NA	NA	RI	chr4|-|75646337|75647157|75646337|75646456|75647028|75647157	0.02216167730168984	0.108	0.19	0.08166666666666667	576	NA	NA	NA	NA	75646337	75646456	75647028	75647157	NA	NA	NA	NA	NA	NA	NA	75646337	75647157	6,1,6,11,14,0	7,2,0,0,4,4	47,60,22,9,8,24	23,74,77,58,46,73	NA	NA	NA	NA	NA	5428	chr4	-	NA	NA	NA	NA	NA	NA	5428	58,44,63	21,41,78	27,47,69	31,41,52	721	149	0.645602278314	0.8648607273154937	0.363,0.182,0.143	0.153,0.192,0.215	0.043	NA	NA	NA	NA	0.8648607273154937	0.043	0.22933333333333333	0.18666666666666668	572	NA	NA	NA	NA	75646337	75646456	75647028	75647157	NA	NA	NA	NA	NA	NA	NA	75646337	75647157	1,2,12,11,24,14	8,0,11,2,0,2	49,42,40,14,23,53	21,41,78,31,41,52	NA	NA	NA	NA	NA
5434	ENSG00000099849.15	RASSF7	chr11	+	NA	NA	NA	NA	NA	NA	5434	14,9,6	6,0,8	0,2,0	4,0,3	227	149	0.00288537222728	0.01315472304660294	0.605,1.0,0.33	0.0,1.0,0.0	0.312	NA	NA	NA	NA	RI	chr11|+|563188|563478|563188|563317|563395|563478	0.01315472304660294	0.312	0.645	0.33333333333333337	52	NA	NA	NA	NA	563188	563317	563395	563478	NA	NA	NA	NA	NA	NA	NA	563188	563478	3,9,1,0,2,0	11,0,5,0,2,0	0,0,0,0,0,0	6,0,8,4,0,3	NA	NA	NA	NA	NA	5434	chr11	+	NA	NA	NA	NA	NA	NA	5434	6,11,4	0,0,4	0,3,0	4,2,0	227	149	1	1	1.0,1.0,0.396	0.0,0.496,NA	0.551	NA	NA	NA	NA	1	0.551	0.7986666666666666	0.248	34	NA	NA	NA	NA	563188	563317	563395	563478	NA	NA	NA	NA	NA	NA	NA	563188	563478	0,11,4,0,3,0	6,3,2,0,1,0	0,0,0,0,0,0	0,0,4,4,2,0	NA	NA	NA	NA	NA
5442	ENSG00000184014.9	DENND5A	chr11	-	NA	NA	NA	NA	NA	NA	5442	113,99,206	24,57,38	122,108,137	114,54,111	760	149	2.88518570118e-4	0.00198508763609222	0.48,0.254,0.515	0.173,0.282,0.195	0.2	NA	NA	NA	NA	RI	chr11|-|9141939|9144278|9141939|9143485|9144096|9144278	0.00198508763609222	0.2	0.41633333333333333	0.21666666666666665	1183	NA	NA	NA	NA	9141939	9143485	9144096	9144278	NA	NA	NA	NA	NA	NA	NA	9141939	9144278	30,31,42,20,50,26	9,13,36,17,19,25	74,55,128,85,39,86	24,57,38,114,54,111	NA	NA	NA	NA	NA	5442	chr11	-	NA	NA	NA	NA	NA	NA	5442	131,85,140	42,66,44	71,116,131	40,67,81	760	149	0.136289029059	0.28312674457767495	0.379,0.202,0.384	0.258,0.253,0.241	0.071	NA	NA	NA	NA	0.28312674457767495	0.071	0.32166666666666666	0.25066666666666665	1014	NA	NA	NA	NA	9141939	9143485	9144096	9144278	NA	NA	NA	NA	NA	NA	NA	9141939	9144278	35,4,31,7,26,29	11,32,18,10,19,26	85,49,91,54,71,76	42,66,44,40,67,81	NA	NA	NA	NA	NA
5514	ENSG00000143418.20	CERS2	chr1	-	NA	NA	NA	NA	NA	NA	5514	461,372,370	107,162,104	128,119,199	65,61,102	328	149	0.00190075770424	0.00938441726441198	0.662,0.511,0.618	0.472,0.47,0.47	0.126	NA	NA	NA	NA	RI	chr1|-|150967391|150967714|150967391|150967484|150967663|150967714	0.00938441726441198	0.126	0.597	0.4706666666666666	2250	NA	NA	NA	NA	150967391	150967484	150967663	150967714	NA	NA	NA	NA	NA	NA	NA	150967391	150967714	176,104,124,18,37,78	236,235,180,72,63,94	49,33,66,38,19,27	107,162,104,65,61,102	NA	NA	NA	NA	NA	5514	chr1	-	NA	NA	NA	NA	NA	NA	5514	243,411,489	66,132,140	117,147,96	17,27,50	328	149	0.509652936671	0.7443274690583238	0.626,0.586,0.613	0.758,0.712,0.466	-0.037	NA	NA	NA	NA	0.7443274690583238	-0.037	0.6083333333333333	0.6453333333333333	1935	NA	NA	NA	NA	150967391	150967484	150967663	150967714	NA	NA	NA	NA	NA	NA	NA	150967391	150967714	80,136,118,32,35,27	133,246,314,71,83,68	30,29,57,14,29,1	66,132,140,17,27,50	NA	NA	NA	NA	NA
5518	ENSG00000168291.13	PDHB	chr3	-	NA	NA	NA	NA	NA	NA	5518	13,8,39	43,40,99	1,0,2	43,10,67	232	149	3.25859339512e-11	1.447948891222887e-9	0.163,0.114,0.202	0.015,0.0,0.019	0.148	NA	NA	NA	NA	RI	chr3|-|58431730|58431984|58431730|58431793|58431876|58431984	1.447948891222887e-9	0.148	0.15966666666666668	0.011333333333333332	365	NA	NA	NA	NA	58431730	58431793	58431876	58431984	NA	NA	NA	NA	NA	NA	NA	58431730	58431984	10,6,20,1,0,0	3,7,39,1,0,2	0,0,0,0,0,0	43,40,99,43,10,67	NA	NA	NA	NA	NA	5518	chr3	-	NA	NA	NA	NA	NA	NA	5518	14,20,15	32,80,72	20,2,4	17,13,41	232	149	0.898502411922	1	0.219,0.138,0.118	0.43,0.09,0.059	-0.035	NA	NA	NA	NA	1	-0.035	0.15833333333333333	0.193	330	NA	NA	NA	NA	58431730	58431793	58431876	58431984	NA	NA	NA	NA	NA	NA	NA	58431730	58431984	14,0,10,19,2,2	6,20,12,20,0,4	0,0,0,0,0,0	32,80,72,17,13,41	NA	NA	NA	NA	NA
5540	ENSG00000049246.15	PER3	chr1	+	NA	NA	NA	NA	NA	NA	5540	2,28,18	0,1,6	0,2,1	4,2,1	203	149	4.11665262054e-5	3.7676587864404e-4	1.0,0.954,0.688	0.0,0.423,0.423	0.599	NA	NA	NA	NA	RI	chr1|+|7829836|7830161|7829836|7829951|7830005|7830161	3.7676587864404e-4	0.599	0.8806666666666666	0.282	65	NA	NA	NA	NA	7829836	7829951	7830005	7830161	NA	NA	NA	NA	NA	NA	NA	7829836	7830161	2,13,3,0,2,0	0,15,15,0,0,1	0,0,0,0,0,0	0,1,6,4,2,1	NA	NA	NA	NA	NA	5540	chr1	+	NA	NA	NA	NA	NA	NA	5540	3,7,13	0,0,8	3,5,1	5,1,4	203	149	0.0244027937686	0.07207872714022798	1.0,1.0,0.544	0.306,0.786,0.155	0.432	NA	NA	NA	NA	0.07207872714022798	0.432	0.848	0.4156666666666667	50	NA	NA	NA	NA	7829836	7829951	7830005	7830161	NA	NA	NA	NA	NA	NA	NA	7829836	7830161	3,4,5,3,5,1	0,3,8,0,0,0	0,0,0,0,0,0	0,0,8,5,1,4	NA	NA	NA	NA	NA
5555	ENSG00000116670.16	MAD2L2	chr1	-	NA	NA	NA	NA	NA	NA	5555	41,31,8	76,99,97	0,6,9	55,73,58	239	149	2.85432657297e-5	2.8094270538446e-4	0.252,0.163,0.049	0.0,0.049,0.088	0.109	NA	NA	NA	NA	RI	chr1|-|11680352|11680613|11680352|11680471|11680561|11680613	2.8094270538446e-4	0.109	0.15466666666666667	0.04566666666666667	553	NA	NA	NA	NA	11680352	11680471	11680561	11680613	NA	NA	NA	NA	NA	NA	NA	11680352	11680613	32,29,8,0,6,8	9,13,7,0,4,1	0,0,0,0,0,0	76,99,97,55,73,58	NA	NA	NA	NA	NA	5555	chr1	-	NA	NA	NA	NA	NA	NA	5555	7,10,0	56,79,114	9,18,20	50,63,101	239	149	3.72673833562e-5	3.392790036815e-4	0.072,0.073,0.0	0.101,0.151,0.11	-0.072	NA	NA	NA	NA	3.392790036815e-4	-0.072	0.04833333333333333	0.12066666666666667	527	NA	NA	NA	NA	11680352	11680471	11680561	11680613	NA	NA	NA	NA	NA	NA	NA	11680352	11680613	5,9,0,3,8,8	7,5,0,8,16,19	0,0,0,0,0,0	56,79,114,50,63,101	NA	NA	NA	NA	NA
5577	ENSG00000088305.19	DNMT3B	chr20	+	NA	NA	NA	NA	NA	NA	5577	24,25,22	29,40,18	1,2,9	6,6,25	466	149	0.00243125991652	0.01144166217045329	0.209,0.167,0.281	0.051,0.096,0.103	0.136	NA	NA	NA	NA	RI	chr20|+|32796789|32797299|32796789|32796869|32797186|32797299	0.01144166217045329	0.136	0.219	0.08333333333333333	207	NA	NA	NA	NA	32796789	32796869	32797186	32797299	NA	NA	NA	NA	NA	NA	NA	32796789	32797299	4,10,0,0,0,0	6,8,5,1,2,1	14,7,17,0,0,8	29,40,18,6,6,25	NA	NA	NA	NA	NA	5577	chr20	+	NA	NA	NA	NA	NA	NA	5577	7,19,4	30,34,30	10,4,7	30,8,39	466	149	0.654486777176	0.8721195161884078	0.069,0.152,0.041	0.096,0.138,0.054	-0.009	NA	NA	NA	NA	0.8721195161884078	-0.009	0.08733333333333333	0.096	222	NA	NA	NA	NA	32796789	32796869	32797186	32797299	NA	NA	NA	NA	NA	NA	NA	32796789	32797299	0,0,0,0,0,0	0,6,0,10,2,1	7,13,4,0,2,6	30,34,30,30,8,39	NA	NA	NA	NA	NA
5616	ENSG00000143543.15	JTB	chr1	-	NA	NA	NA	NA	NA	NA	5616	616,668,657	72,98,128	294,361,384	105,81,69	349	149	0.00503353122548	0.02052236637934595	0.785,0.744,0.687	0.545,0.655,0.704	0.104	NA	NA	NA	NA	RI	chr1|-|153976692|153977013|153976692|153976775|153976975|153977013	0.02052236637934595	0.104	0.7386666666666667	0.6346666666666667	3533	NA	NA	NA	NA	153976692	153976775	153976975	153977013	NA	NA	NA	NA	NA	NA	NA	153976692	153977013	228,175,178,93,139,96	248,348,333,172,123,167	140,145,146,29,99,121	72,98,128,105,81,69	NA	NA	NA	NA	NA	5616	chr1	-	NA	NA	NA	NA	NA	NA	5616	578,648,828	28,144,115	291,320,276	95,36,82	349	149	0.0236118682757	0.07052031281748383	0.898,0.658,0.755	0.567,0.791,0.59	0.121	NA	NA	NA	NA	0.07052031281748383	0.121	0.7703333333333333	0.6493333333333333	3441	NA	NA	NA	NA	153976692	153976775	153976975	153977013	NA	NA	NA	NA	NA	NA	NA	153976692	153977013	166,173,243,143,121,64	245,329,444,101,120,108	167,146,141,47,79,104	28,144,115,95,36,82	NA	NA	NA	NA	NA
5631	ENSG00000160710.18	ADAR	chr1	-	NA	NA	NA	NA	NA	NA	5631	443,535,499	63,45,91	229,195,282	65,59,108	557	149	2.26578667939e-7	4.223040704565191e-6	0.653,0.761,0.595	0.485,0.469,0.411	0.215	NA	NA	NA	NA	RI	chr1|-|154585216|154585865|154585216|154585344|154585752|154585865	4.223040704565191e-6	0.215	0.6696666666666666	0.45499999999999996	2614	NA	NA	NA	NA	154585216	154585344	154585752	154585865	NA	NA	NA	NA	NA	NA	NA	154585216	154585865	109,133,118,82,58,96	108,124,101,29,38,39	226,278,280,118,99,147	63,45,91,65,59,108	NA	NA	NA	NA	NA	5631	chr1	-	NA	NA	NA	NA	NA	NA	5631	301,586,658	142,126,116	167,242,266	63,64,96	557	149	0.292830402249	0.502818178591627	0.362,0.554,0.603	0.415,0.503,0.426	0.058	NA	NA	NA	NA	0.502818178591627	0.058	0.5063333333333333	0.448	2827	NA	NA	NA	NA	154585216	154585344	154585752	154585865	NA	NA	NA	NA	NA	NA	NA	154585216	154585865	120,122,185,27,69,101	37,101,89,31,56,26	144,363,384,109,117,139	142,126,116,63,64,96	NA	NA	NA	NA	NA
5632	ENSG00000160710.18	ADAR	chr1	-	NA	NA	NA	NA	NA	NA	5632	207,112,161	156,161,152	33,93,51	72,171,137	441	149	3.8527985724e-7	6.847930679987478e-6	0.31,0.19,0.264	0.134,0.155,0.112	0.121	NA	NA	NA	NA	RI	chr1|-|154588124|154588673|154588124|154588258|154588550|154588673	6.847930679987478e-6	0.121	0.25466666666666665	0.13366666666666666	1506	NA	NA	NA	NA	154588124	154588258	154588550	154588673	NA	NA	NA	NA	NA	NA	NA	154588124	154588673	51,17,65,10,36,6	18,31,25,5,29,7	138,64,71,18,28,38	156,161,152,72,171,137	NA	NA	NA	NA	NA	5632	chr1	-	NA	NA	NA	NA	NA	NA	5632	89,108,88	164,182,157	82,56,53	151,129,119	441	149	0.211546553182	0.3941776102024369	0.155,0.167,0.159	0.155,0.128,0.131	0.022	NA	NA	NA	NA	0.3941776102024369	0.022	0.16033333333333333	0.138	1378	NA	NA	NA	NA	154588124	154588258	154588550	154588673	NA	NA	NA	NA	NA	NA	NA	154588124	154588673	24,34,20,38,14,7	33,32,18,19,15,4	32,42,50,25,27,42	164,182,157,151,129,119	NA	NA	NA	NA	NA
5634	ENSG00000160710.18	ADAR	chr1	-	NA	NA	NA	NA	NA	NA	5634	175,237,163	29,36,28	93,107,96	37,51,51	482	149	3.5605007831e-10	1.3645619251230751e-8	0.651,0.671,0.643	0.437,0.393,0.368	0.256	NA	NA	NA	NA	RI	chr1|-|154589756|154590409|154589756|154589928|154590261|154590409	1.3645619251230751e-8	0.256	0.655	0.3993333333333333	1103	NA	NA	NA	NA	154589756	154589928	154590261	154590409	NA	NA	NA	NA	NA	NA	NA	154589756	154590409	56,58,13,22,31,15	34,71,71,40,45,46	85,108,79,31,31,35	29,36,28,37,51,51	NA	NA	NA	NA	NA	5634	chr1	-	NA	NA	NA	NA	NA	NA	5634	206,240,149	38,46,42	107,88,78	19,17,34	482	149	0.531162426511	0.7656033934095118	0.626,0.617,0.523	0.635,0.615,0.415	0.034	NA	NA	NA	NA	0.7656033934095118	0.034	0.5886666666666667	0.5549999999999999	1064	NA	NA	NA	NA	154589756	154589928	154590261	154590409	NA	NA	NA	NA	NA	NA	NA	154589756	154590409	32,25,39,49,33,15	78,114,38,29,43,42	96,101,72,29,12,21	38,46,42,19,17,34	NA	NA	NA	NA	NA
5636	ENSG00000160710.18	ADAR	chr1	-	NA	NA	NA	NA	NA	NA	5636	110,143,173	31,5,28	89,85,85	26,19,31	296	149	0.0115124715482	0.03997299239712217	0.641,0.935,0.757	0.633,0.692,0.58	0.143	NA	NA	NA	NA	RI	chr1|-|154601040|154602626|154601040|154601888|154602035|154602626	0.03997299239712217	0.143	0.7776666666666667	0.635	825	NA	NA	NA	NA	154601040	154601888	154602035	154602626	NA	NA	NA	NA	NA	NA	NA	154601040	154602626	56,54,115,59,58,55	52,89,64,30,27,32	2,0,0,0,0,0	31,5,28,26,19,31	NA	NA	NA	NA	NA	5636	chr1	-	NA	NA	NA	NA	NA	NA	5636	225,99,153	32,20,41	111,75,173	6,40,19	296	149	0.564167373899	0.7956971865148766	0.78,0.714,0.653	0.903,0.486,0.821	-0.021	NA	NA	NA	NA	0.7956971865148766	-0.021	0.7156666666666667	0.7366666666666667	994	NA	NA	NA	NA	154601040	154601888	154602035	154602626	NA	NA	NA	NA	NA	NA	NA	154601040	154602626	123,65,86,44,52,108	102,34,68,67,23,68	0,0,2,0,0,0	32,20,41,6,40,19	NA	NA	NA	NA	NA
5644	ENSG00000169045.19	HNRNPH1	chr5	-	NA	NA	NA	NA	NA	NA	5644	480,407,350	32,39,18	212,56,249	43,35,28	226	149	9.88883594494e-5	8.0827535912447e-4	0.908,0.873,0.928	0.765,0.513,0.854	0.192	NA	NA	NA	NA	RI	chr5|-|179617798|179618060|179617798|179617911|179617988|179618060	8.0827535912447e-4	0.192	0.903	0.7106666666666667	1949	NA	NA	NA	NA	179617798	179617911	179617988	179618060	NA	NA	NA	NA	NA	NA	NA	179617798	179618060	186,117,145,50,52,89	355,362,308,191,18,207	0,0,0,0,0,0	32,39,18,43,35,28	NA	NA	NA	NA	NA	5644	chr5	-	NA	NA	NA	NA	NA	NA	5644	229,433,540	41,31,20	194,364,275	29,16,50	226	149	0.139506860263	0.2876346634101253	0.786,0.902,0.947	0.815,0.937,0.784	0.033	NA	NA	NA	NA	0.2876346634101253	0.033	0.8783333333333333	0.8453333333333334	2222	NA	NA	NA	NA	179617798	179617911	179617988	179618060	NA	NA	NA	NA	NA	NA	NA	179617798	179618060	74,147,274,47,98,160	208,372,371,160,320,169	0,0,0,0,0,0	41,31,20,29,16,50	NA	NA	NA	NA	NA
5658	ENSG00000152556.17	PFKM	chr12	+	NA	NA	NA	NA	NA	NA	5658	150,125,137	266,236,245	21,25,15	76,163,132	235	149	1.4022116801e-13	1.048580734435756e-11	0.263,0.251,0.262	0.149,0.089,0.067	0.157	NA	NA	NA	NA	RI	chr12|+|48141739|48142066|48141739|48141827|48141913|48142066	1.048580734435756e-11	0.157	0.25866666666666666	0.10166666666666667	1591	NA	NA	NA	NA	48141739	48141827	48141913	48142066	NA	NA	NA	NA	NA	NA	NA	48141739	48142066	116,76,88,11,16,12	59,78,73,18,13,6	0,0,0,0,0,0	266,236,245,76,163,132	NA	NA	NA	NA	NA	5658	chr12	+	NA	NA	NA	NA	NA	NA	5658	91,131,152	188,197,250	35,38,36	52,80,111	235	149	0.134786194831	0.2805838781745636	0.235,0.297,0.278	0.299,0.231,0.171	0.036	NA	NA	NA	NA	0.2805838781745636	0.036	0.27	0.23366666666666666	1361	NA	NA	NA	NA	48141739	48141827	48141913	48142066	NA	NA	NA	NA	NA	NA	NA	48141739	48142066	72,106,88,35,34,19	43,57,85,16,11,28	0,0,0,0,0,0	188,197,250,52,80,111	NA	NA	NA	NA	NA
5732	ENSG00000060971.19	ACAA1	chr3	-	NA	NA	NA	NA	NA	NA	5732	275,262,292	67,93,182	92,77,151	73,46,106	429	149	0.00413849147524	0.01765680961715708	0.588,0.495,0.358	0.304,0.368,0.331	0.146	NA	NA	NA	NA	RI	chr3|-|38125825|38126700|38125825|38125881|38126161|38126700	0.01765680961715708	0.146	0.48033333333333333	0.3343333333333333	1716	NA	NA	NA	NA	38125825	38125881	38126161	38126700	NA	NA	NA	NA	NA	NA	NA	38125825	38126700	113,64,113,29,32,56	49,69,41,29,13,31	113,129,138,34,32,64	67,93,182,73,46,106	NA	NA	NA	NA	NA	5732	chr3	-	NA	NA	NA	NA	NA	NA	5732	212,241,388	66,107,143	105,68,141	32,57,121	429	149	0.0423112804253	0.11286122901430508	0.527,0.439,0.485	0.533,0.293,0.288	0.112	NA	NA	NA	NA	0.11286122901430508	0.112	0.4836666666666667	0.37133333333333335	1681	NA	NA	NA	NA	38125825	38125881	38126161	38126700	NA	NA	NA	NA	NA	NA	NA	38125825	38126700	64,98,127,38,17,32	33,56,107,18,19,35	115,87,154,49,32,74	66,107,143,32,57,121	NA	NA	NA	NA	NA
5739	ENSG00000077152.12	UBE2T	chr1	-	NA	NA	NA	NA	NA	NA	5739	284,312,367	16,32,47	102,160,272	28,41,80	292	149	6.82122913709e-10	2.3765782425361297e-8	0.901,0.833,0.799	0.65,0.666,0.634	0.194	NA	NA	NA	NA	RI	chr1|-|202333009|202333335|202333009|202333093|202333236|202333335	2.3765782425361297e-8	0.194	0.8443333333333334	0.65	1741	NA	NA	NA	NA	202333009	202333093	202333236	202333335	NA	NA	NA	NA	NA	NA	NA	202333009	202333335	136,184,246,40,64,144	138,108,121,54,77,113	10,20,0,8,20,16	16,32,47,28,41,80	NA	NA	NA	NA	NA	5739	chr1	-	NA	NA	NA	NA	NA	NA	5739	113,301,447	35,29,38	92,156,133	31,30,20	292	149	0.102587950509	0.22718321713379208	0.622,0.841,0.857	0.602,0.726,0.772	0.073	NA	NA	NA	NA	0.22718321713379208	0.073	0.7733333333333333	0.7	1425	NA	NA	NA	NA	202333009	202333093	202333236	202333335	NA	NA	NA	NA	NA	NA	NA	202333009	202333335	43,157,270,45,87,45	52,127,178,45,69,82	18,17,2,2,0,6	35,29,38,31,30,20	NA	NA	NA	NA	NA
5762	ENSG00000103811.18	CTSH	chr15	-	NA	NA	NA	NA	NA	NA	5762	24,23,44	0,0,0	6,24,21	2,0,7	511	149	8.25365851198e-6	9.495578610780744e-5	1.0,1.0,1.0	0.467,1.0,0.467	0.355	NA	NA	NA	NA	RI	chr15|-|78931450|78932038|78931450|78931506|78931868|78932038	9.495578610780744e-5	0.355	1	0.6446666666666667	151	NA	NA	NA	NA	78931450	78931506	78931868	78932038	NA	NA	NA	NA	NA	NA	NA	78931450	78932038	17,0,6,2,0,4	0,16,11,0,15,7	7,7,27,4,9,10	0,0,0,2,0,7	NA	NA	NA	NA	NA	5762	chr15	-	NA	NA	NA	NA	NA	NA	5762	20,14,18	0,1,10	5,6,2	2,6,0	511	149	0.155011648263	0.3112085584641812	1.0,0.803,0.344	0.422,0.226,1.0	0.166	NA	NA	NA	NA	0.3112085584641812	0.166	0.7156666666666667	0.5493333333333333	84	NA	NA	NA	NA	78931450	78931506	78931868	78932038	NA	NA	NA	NA	NA	NA	NA	78931450	78932038	0,9,1,3,0,2	18,5,12,1,4,0	2,0,5,1,2,0	0,1,10,2,6,0	NA	NA	NA	NA	NA
5767	ENSG00000103811.18	CTSH	chr15	-	NA	NA	NA	NA	NA	NA	5767	9,19,43	1,0,0	7,7,8	6,13,5	479	149	1.97730720686e-13	1.4608250352368097e-11	0.737,1.0,1.0	0.266,0.143,0.332	0.665	NA	NA	NA	NA	RI	chr15|-|78931450|78932458|78931450|78932041|78932371|78932458	1.4608250352368097e-11	0.665	0.9123333333333333	0.247	118	NA	NA	NA	NA	78931450	78932041	78932371	78932458	NA	NA	NA	NA	NA	NA	NA	78931450	78932458	4,13,22,0,6,6	1,0,7,0,0,1	4,6,14,7,1,1	1,0,0,6,13,5	NA	NA	NA	NA	NA	5767	chr15	-	NA	NA	NA	NA	NA	NA	5767	6,19,11	3,0,11	1,8,35	5,6,2	479	149	0.449091602415	0.6831395936987872	0.384,1.0,0.237	0.059,0.293,0.845	0.141	NA	NA	NA	NA	0.6831395936987872	0.141	0.5403333333333333	0.39899999999999997	107	NA	NA	NA	NA	78931450	78932041	78932371	78932458	NA	NA	NA	NA	NA	NA	NA	78931450	78932458	0,10,3,1,8,4	6,0,6,0,0,9	0,9,2,0,0,22	3,0,11,5,6,2	NA	NA	NA	NA	NA
5824	ENSG00000158769.19	F11R	chr1	-	NA	NA	NA	NA	NA	NA	5824	27,8,6	34,33,47	6,0,0	39,60,53	306	149	4.7557424554e-8	1.0452405998750108e-6	0.279,0.106,0.059	0.07,0.0,0.0	0.125	NA	NA	NA	NA	RI	chr1|-|161001019|161001353|161001019|161001127|161001284|161001353	1.0452405998750108e-6	0.125	0.14800000000000002	0.023333333333333338	313	NA	NA	NA	NA	161001019	161001127	161001284	161001353	NA	NA	NA	NA	NA	NA	NA	161001019	161001353	7,4,6,6,0,0	20,0,0,0,0,0	0,4,0,0,0,0	34,33,47,39,60,53	NA	NA	NA	NA	NA	5824	chr1	-	NA	NA	NA	NA	NA	NA	5824	5,4,7	91,28,34	0,10,0	90,35,46	306	149	0.148344583115	0.3002188128121599	0.026,0.065,0.091	0.0,0.122,0.0	0.02	NA	NA	NA	NA	0.3002188128121599	0.02	0.06066666666666667	0.04066666666666667	350	NA	NA	NA	NA	161001019	161001127	161001284	161001353	NA	NA	NA	NA	NA	NA	NA	161001019	161001353	4,0,7,0,10,0	1,2,0,0,0,0	0,2,0,0,0,0	91,28,34,90,35,46	NA	NA	NA	NA	NA
5836	ENSG00000143801.18	PSEN2	chr1	+	NA	NA	NA	NA	NA	NA	5836	56,41,31	33,14,31	6,24,16	39,40,50	671	149	1.45360965487e-8	3.579732692234073e-7	0.274,0.394,0.182	0.033,0.118,0.066	0.211	NA	NA	NA	NA	RI	chr1|+|226888828|226890965|226888828|226890133|226890655|226890965	3.579732692234073e-7	0.211	0.2833333333333333	0.07233333333333333	381	NA	NA	NA	NA	226888828	226890133	226890655	226890965	NA	NA	NA	NA	NA	NA	NA	226888828	226890965	10,12,0,2,1,0	20,14,14,4,4,8	26,15,17,0,19,8	33,14,31,39,40,50	NA	NA	NA	NA	NA	5836	chr1	+	NA	NA	NA	NA	NA	NA	5836	7,40,42	24,77,39	19,20,18	44,37,28	671	149	0.437325964853	0.668779818117819	0.061,0.103,0.193	0.087,0.107,0.125	0.013	NA	NA	NA	NA	0.668779818117819	0.013	0.119	0.10633333333333334	395	NA	NA	NA	NA	226888828	226890133	226890655	226890965	NA	NA	NA	NA	NA	NA	NA	226888828	226890965	0,9,23,12,12,0	7,14,12,6,8,7	0,17,7,1,0,11	24,77,39,44,37,28	NA	NA	NA	NA	NA
5851	ENSG00000168137.20	SETD5	chr3	+	NA	NA	NA	NA	NA	NA	5851	743,686,785	155,111,174	643,609,549	173,137,233	634	149	0.00700998685003	0.02659977683439601	0.53,0.592,0.515	0.466,0.511,0.356	0.101	NA	NA	NA	NA	RI	chr3|+|9474448|9475156|9474448|9474582|9475067|9475156	0.02659977683439601	0.101	0.5456666666666666	0.44433333333333336	4998	NA	NA	NA	NA	9474448	9474582	9475067	9475156	NA	NA	NA	NA	NA	NA	NA	9474448	9475156	178,134,188,134,141,147	111,139,93,73,60,83	454,413,504,436,408,319	155,111,174,173,137,233	NA	NA	NA	NA	NA	5851	chr3	+	NA	NA	NA	NA	NA	NA	5851	519,719,645	125,177,165	436,571,536	134,143,226	634	149	0.0511290844812	0.13167101969380246	0.494,0.488,0.479	0.433,0.484,0.358	0.062	NA	NA	NA	NA	0.13167101969380246	0.062	0.487	0.425	4396	NA	NA	NA	NA	9474448	9474582	9475067	9475156	NA	NA	NA	NA	NA	NA	NA	9474448	9475156	119,177,149,144,117,132	83,83,136,48,102,39	317,459,360,244,352,365	125,177,165,134,143,226	NA	NA	NA	NA	NA
5853	ENSG00000084072.17	PPIE	chr1	+	NA	NA	NA	NA	NA	NA	5853	304,230,362	28,30,34	112,163,199	63,48,38	1443	149	1.63875836456e-7	3.1304879412716262e-6	0.529,0.442,0.524	0.155,0.26,0.351	0.243	NA	NA	NA	NA	RI	chr1|+|39741894|39743297|39741894|39741921|39743215|39743297	3.1304879412716262e-6	0.243	0.49833333333333335	0.2553333333333333	1611	NA	NA	NA	NA	39741894	39741921	39743215	39743297	NA	NA	NA	NA	NA	NA	NA	39741894	39743297	32,35,27,33,27,15	48,25,49,14,23,41	224,170,286,65,113,143	28,30,34,63,48,38	NA	NA	NA	NA	NA	5853	chr1	+	NA	NA	NA	NA	NA	NA	5853	195,266,283	72,35,71	156,160,186	60,55,65	1443	149	0.0464509247192	0.12185800798403512	0.219,0.44,0.292	0.212,0.231,0.228	0.093	NA	NA	NA	NA	0.12185800798403512	0.093	0.317	0.22366666666666668	1604	NA	NA	NA	NA	39741894	39741921	39743215	39743297	NA	NA	NA	NA	NA	NA	NA	39741894	39743297	3,22,25,4,5,33	18,57,71,36,14,42	174,187,187,116,141,111	72,35,71,60,55,65	NA	NA	NA	NA	NA
5883	ENSG00000110057.9	UNC93B1	chr11	-	NA	NA	NA	NA	NA	NA	5883	25,98,61	4,14,35	4,37,26	11,18,24	362	149	0.00367981393068	0.01604880442598133	0.72,0.742,0.418	0.13,0.458,0.308	0.328	NA	NA	NA	NA	RI	chr11|-|67999172|67999680|67999172|67999305|67999518|67999680	0.01604880442598133	0.328	0.6266666666666667	0.2986666666666667	357	NA	NA	NA	NA	67999172	67999305	67999518	67999680	NA	NA	NA	NA	NA	NA	NA	67999172	67999680	20,43,28,2,16,10	0,10,29,2,7,9	5,45,4,0,14,7	4,14,35,11,18,24	NA	NA	NA	NA	NA	5883	chr11	-	NA	NA	NA	NA	NA	NA	5883	32,54,78	25,17,36	26,51,32	9,10,30	362	149	0.707846165453	0.9131986740377414	0.345,0.567,0.471	0.543,0.677,0.305	-0.047	NA	NA	NA	NA	0.9131986740377414	-0.047	0.46099999999999997	0.5083333333333333	400	NA	NA	NA	NA	67999172	67999305	67999518	67999680	NA	NA	NA	NA	NA	NA	NA	67999172	67999680	7,34,25,16,29,8	7,16,41,3,10,19	18,4,12,7,12,5	25,17,36,9,10,30	NA	NA	NA	NA	NA
5907	ENSG00000119397.19	CNTRL	chr9	+	NA	NA	NA	NA	NA	NA	5907	529,482,402	12,32,33	239,261,301	39,45,46	2564	149	8.37636130885e-5	6.9882785776691e-4	0.719,0.467,0.414	0.263,0.252,0.275	0.27	NA	NA	NA	NA	RI	chr9|+|121146107|121148861|121146107|121146256|121148671|121148861	6.9882785776691e-4	0.27	0.5333333333333333	0.26333333333333336	2421	NA	NA	NA	NA	121146107	121146256	121148671	121148861	NA	NA	NA	NA	NA	NA	NA	121146107	121148861	23,3,29,15,15,10	47,6,13,7,39,33	459,473,360,217,207,258	12,32,33,39,45,46	NA	NA	NA	NA	NA	5907	chr9	+	NA	NA	NA	NA	NA	NA	5907	364,250,291	47,43,36	264,223,246	48,36,82	2564	149	0.00608273423212	0.02371441706118313	0.31,0.253,0.32	0.242,0.265,0.148	0.076	NA	NA	NA	NA	0.02371441706118313	0.076	0.29433333333333334	0.21833333333333332	1930	NA	NA	NA	NA	121146107	121146256	121148671	121148861	NA	NA	NA	NA	NA	NA	NA	121146107	121148861	2,4,6,9,0,15	21,16,47,21,27,13	341,230,238,234,196,218	47,43,36,48,36,82	NA	NA	NA	NA	NA
5920	ENSG00000168818.10	STX18	chr4	-	NA	NA	NA	NA	NA	NA	5920	9,2,13	8,40,25	12,6,4	41,49,100	314	149	0.0120862819243	0.04161318403133498	0.348,0.023,0.198	0.122,0.055,0.019	0.124	NA	NA	NA	NA	RI	chr4|-|4457190|4457500|4457190|4457257|4457422|4457500	0.04161318403133498	0.124	0.18966666666666665	0.06533333333333333	309	NA	NA	NA	NA	4457190	4457257	4457422	4457500	NA	NA	NA	NA	NA	NA	NA	4457190	4457500	6,2,13,9,6,3	3,0,0,1,0,1	0,0,0,2,0,0	8,40,25,41,49,100	NA	NA	NA	NA	NA	5920	chr4	-	NA	NA	NA	NA	NA	NA	5920	0,24,5	43,53,83	5,8,16	25,33,32	314	149	0.0301450741927	0.0859113275364395	0.0,0.177,0.028	0.087,0.103,0.192	-0.059	NA	NA	NA	NA	0.0859113275364395	-0.059	0.06833333333333333	0.12733333333333333	327	NA	NA	NA	NA	4457190	4457257	4457422	4457500	NA	NA	NA	NA	NA	NA	NA	4457190	4457500	0,10,5,4,4,10	0,14,0,1,0,6	0,0,0,0,4,0	43,53,83,25,33,32	NA	NA	NA	NA	NA
5934	ENSG00000120616.16	EPC1	chr10	-	NA	NA	NA	NA	NA	NA	5934	47,45,48	0,4,1	42,42,69	1,13,13	229	149	2.8763177067e-4	0.00198397977249543	1.0,0.88,0.969	0.965,0.678,0.775	0.144	NA	NA	NA	NA	RI	chr10|-|32273013|32273281|32273013|32273082|32273162|32273281	0.00198397977249543	0.144	0.9496666666666667	0.806	325	NA	NA	NA	NA	32273013	32273082	32273162	32273281	NA	NA	NA	NA	NA	NA	NA	32273013	32273281	45,25,30,30,28,49	12,26,38,29,23,38	0,0,0,0,0,0	0,4,1,1,13,13	NA	NA	NA	NA	NA	5934	chr10	-	NA	NA	NA	NA	NA	NA	5934	16,23,69	0,0,1	23,32,90	0,2,3	229	149	0.417567277996	0.6469434514509521	1.0,1.0,0.978	1.0,0.912,0.951	0.038	NA	NA	NA	NA	0.6469434514509521	0.038	0.9926666666666667	0.9543333333333334	259	NA	NA	NA	NA	32273013	32273082	32273162	32273281	NA	NA	NA	NA	NA	NA	NA	32273013	32273281	13,22,51,20,28,62	6,7,37,14,10,49	0,0,0,0,0,0	0,0,1,0,2,3	NA	NA	NA	NA	NA
5969	ENSG00000079785.16	DDX1	chr2	+	NA	NA	NA	NA	NA	NA	5969	166,124,139	91,71,156	102,90,100	118,98,118	235	149	0.0135394063793	0.04534333146797793	0.536,0.525,0.361	0.354,0.368,0.35	0.117	NA	NA	NA	NA	RI	chr2|+|15627053|15628839|15627053|15628710|15628796|15628839	0.04534333146797793	0.117	0.47400000000000003	0.35733333333333334	1373	NA	NA	NA	NA	15627053	15628710	15628796	15628839	NA	NA	NA	NA	NA	NA	NA	15627053	15628839	113,53,59,57,53,65	76,96,110,74,74,55	0,0,0,0,0,0	91,71,156,118,98,118	NA	NA	NA	NA	NA	5969	chr2	+	NA	NA	NA	NA	NA	NA	5969	26,94,220	78,102,161	50,94,79	76,94,97	235	149	0.850698914804	1	0.174,0.369,0.464	0.294,0.388,0.341	-0.005	NA	NA	NA	NA	1	-0.005	0.33566666666666667	0.341	1171	NA	NA	NA	NA	15627053	15628710	15628796	15628839	NA	NA	NA	NA	NA	NA	NA	15627053	15628839	15,53,108,27,44,23	18,77,164,34,66,65	0,0,1,0,0,0	78,102,161,76,94,97	NA	NA	NA	NA	NA
6010	ENSG00000172053.18	QARS1	chr3	-	NA	NA	NA	NA	NA	NA	6010	284,291,292	281,394,419	97,87,125	211,249,297	243	149	1.51882365573e-8	3.683608129090577e-7	0.383,0.312,0.299	0.22,0.176,0.205	0.131	NA	NA	NA	NA	RI	chr3|-|49098191|49098480|49098191|49098258|49098352|49098480	3.683608129090577e-7	0.131	0.3313333333333333	0.20033333333333334	3027	NA	NA	NA	NA	49098191	49098258	49098352	49098480	NA	NA	NA	NA	NA	NA	NA	49098191	49098480	167,158,193,51,67,75	185,187,158,69,52,72	2,0,0,0,0,0	281,394,419,211,249,297	NA	NA	NA	NA	NA	6010	chr3	-	NA	NA	NA	NA	NA	NA	6010	195,306,297	328,425,555	93,103,119	165,200,262	243	149	0.0931481959628	0.21131553546932727	0.267,0.306,0.247	0.257,0.24,0.218	0.035	NA	NA	NA	NA	0.21131553546932727	0.035	0.2733333333333333	0.23833333333333334	3048	NA	NA	NA	NA	49098191	49098258	49098352	49098480	NA	NA	NA	NA	NA	NA	NA	49098191	49098480	100,220,186,49,74,67	127,169,191,57,62,73	0,0,0,0,0,0	328,425,555,165,200,262	NA	NA	NA	NA	NA
6057	ENSG00000087266.17	SH3BP2	chr4	+	NA	NA	NA	NA	NA	NA	6057	552,476,617	2,13,12	239,278,383	32,18,20	544	149	1.06713415882e-9	3.5740416248312435e-8	0.987,0.909,0.934	0.672,0.809,0.84	0.17	NA	NA	NA	NA	RI	chr4|+|2824612|2825196|2824612|2824730|2825125|2825196	3.5740416248312435e-8	0.17	0.9433333333333334	0.7736666666666667	2642	NA	NA	NA	NA	2824612	2824730	2825125	2825196	NA	NA	NA	NA	NA	NA	NA	2824612	2825196	209,148,213,43,93,115	81,79,125,83,40,74	262,249,279,113,145,194	2,13,12,32,18,20	NA	NA	NA	NA	NA	6057	chr4	+	NA	NA	NA	NA	NA	NA	6057	487,593,660	11,1,30	316,283,330	8,9,23	544	149	0.0252590468133	0.07415623904011605	0.924,0.994,0.858	0.915,0.896,0.797	0.056	NA	NA	NA	NA	0.07415623904011605	0.056	0.9253333333333333	0.8693333333333334	2751	NA	NA	NA	NA	2824612	2824730	2825125	2825196	NA	NA	NA	NA	NA	NA	NA	2824612	2825196	134,261,208,66,85,152	158,89,162,92,63,73	195,243,290,158,135,105	11,1,30,8,9,23	NA	NA	NA	NA	NA
6058	ENSG00000087266.17	SH3BP2	chr4	+	NA	NA	NA	NA	NA	NA	6058	95,150,207	108,198,182	64,43,43	104,110,170	501	149	2.34409636146e-9	7.259595398218544e-8	0.207,0.184,0.253	0.155,0.104,0.07	0.105	NA	NA	NA	NA	RI	chr4|+|2831922|2832412|2831922|2831978|2832330|2832412	7.259595398218544e-8	0.105	0.21466666666666667	0.10966666666666666	1474	NA	NA	NA	NA	2831922	2831978	2832330	2832412	NA	NA	NA	NA	NA	NA	NA	2831922	2832412	45,34,65,18,7,3	35,41,23,10,10,16	15,75,119,36,26,24	108,198,182,104,110,170	NA	NA	NA	NA	NA	6058	chr4	+	NA	NA	NA	NA	NA	NA	6058	47,155,116	94,234,242	31,43,32	104,124,230	501	149	1.1821912449e-8	3.037979969340894e-7	0.129,0.165,0.125	0.081,0.093,0.04	0.068	NA	NA	NA	NA	3.037979969340894e-7	0.068	0.13966666666666666	0.07133333333333333	1452	NA	NA	NA	NA	2831922	2831978	2832330	2832412	NA	NA	NA	NA	NA	NA	NA	2831922	2832412	11,39,27,22,13,15	15,50,47,1,8,9	21,66,42,8,22,8	94,234,242,104,124,230	NA	NA	NA	NA	NA
6064	ENSG00000172785.19	ZNG1A	chr9	-	NA	NA	NA	NA	NA	NA	6064	35,86,137	61,98,139	14,12,30	104,79,102	536	149	2.22044604925e-16	2.3887324866668423e-14	0.138,0.196,0.215	0.036,0.041,0.076	0.132	NA	NA	NA	NA	RI	chr9|-|121088|122090|121088|121573|121960|122090	2.3887324866668423e-14	0.132	0.183	0.051	897	NA	NA	NA	NA	121088	121573	121960	122090	NA	NA	NA	NA	NA	NA	NA	121088	122090	0,39,3,12,3,5	14,24,55,0,9,14	21,23,79,2,0,11	61,98,139,104,79,102	NA	NA	NA	NA	NA	6064	chr9	-	NA	NA	NA	NA	NA	NA	6064	38,77,55	67,108,178	12,10,31	56,72,106	536	149	3.24028757902e-5	3.014225902124e-4	0.136,0.165,0.079	0.056,0.037,0.075	0.071	NA	NA	NA	NA	3.014225902124e-4	0.071	0.12666666666666668	0.056	810	NA	NA	NA	NA	121088	121573	121960	122090	NA	NA	NA	NA	NA	NA	NA	121088	122090	6,17,18,10,0,7	13,21,11,1,0,15	19,39,26,1,10,9	67,108,178,56,72,106	NA	NA	NA	NA	NA
6096	ENSG00000237441.10	RGL2	chr6	-	NA	NA	NA	NA	NA	NA	6096	61,71,49	63,49,26	24,52,50	42,62,89	228	149	7.09704755645e-4	0.00422105680079063	0.388,0.486,0.552	0.272,0.354,0.269	0.177	NA	NA	NA	NA	RI	chr6|-|33293412|33293699|33293412|33293524|33293603|33293699	0.00422105680079063	0.177	0.47533333333333333	0.29833333333333334	638	NA	NA	NA	NA	33293412	33293524	33293603	33293699	NA	NA	NA	NA	NA	NA	NA	33293412	33293699	45,55,15,8,38,40	27,38,44,17,27,19	0,0,0,0,0,0	63,49,26,42,62,89	NA	NA	NA	NA	NA	6096	chr6	-	NA	NA	NA	NA	NA	NA	6096	75,68,123	19,94,75	39,54,27	35,44,49	228	149	0.120840045602	0.25740847809187933	0.721,0.321,0.517	0.421,0.445,0.265	0.143	NA	NA	NA	NA	0.25740847809187933	0.143	0.5196666666666667	0.377	702	NA	NA	NA	NA	33293412	33293524	33293603	33293699	NA	NA	NA	NA	NA	NA	NA	33293412	33293699	37,54,83,26,20,24	42,15,62,14,40,10	0,0,0,0,0,0	19,94,75,35,44,49	NA	NA	NA	NA	NA
6170	ENSG00000284770.2	TBCE	chr1	+	NA	NA	NA	NA	NA	NA	6170	49,54,35	42,58,72	6,11,11	18,37,66	694	149	1.44341671837e-7	2.8009592775458356e-6	0.2,0.167,0.095	0.067,0.06,0.035	0.1	NA	NA	NA	NA	RI	chr1|+|235435744|235436608|235435744|235435840|235436385|235436608	2.8009592775458356e-6	0.1	0.154	0.054	459	NA	NA	NA	NA	235435744	235435840	235436385	235436608	NA	NA	NA	NA	NA	NA	NA	235435744	235436608	35,32,29,2,4,4	0,15,0,4,4,4	14,7,6,0,3,3	42,58,72,18,37,66	NA	NA	NA	NA	NA	6170	chr1	+	NA	NA	NA	NA	NA	NA	6170	19,24,12	29,53,43	8,5,10	29,31,22	694	149	0.0791948790274	0.1856591127509583	0.123,0.089,0.057	0.056,0.033,0.089	0.03	NA	NA	NA	NA	0.1856591127509583	0.03	0.08966666666666667	0.059333333333333335	285	NA	NA	NA	NA	235435744	235435840	235436385	235436608	NA	NA	NA	NA	NA	NA	NA	235435744	235436608	3,4,5,5,5,10	8,8,3,2,0,0	8,12,4,1,0,0	29,53,43,29,31,22	NA	NA	NA	NA	NA
6172	ENSG00000284770.2	TBCE	chr1	+	NA	NA	NA	NA	NA	NA	6172	25,50,28	62,56,64	7,16,22	40,42,77	242	149	0.00554975386115	0.02216167730168984	0.199,0.355,0.212	0.097,0.19,0.15	0.11	NA	NA	NA	NA	RI	chr1|+|235436385|235436608|235436385|235436450|235436543|235436608	0.02216167730168984	0.11	0.2553333333333333	0.14566666666666667	489	NA	NA	NA	NA	235436385	235436450	235436543	235436608	NA	NA	NA	NA	NA	NA	NA	235436385	235436608	2,28,10,4,5,3	24,30,24,3,12,19	0,0,0,0,0,0	62,56,64,40,42,77	NA	NA	NA	NA	NA	6172	chr1	+	NA	NA	NA	NA	NA	NA	6172	27,29,23	56,63,58	9,1,25	28,32,28	242	149	0.31338781462	0.5286449755559162	0.229,0.221,0.196	0.165,0.019,0.355	0.036	NA	NA	NA	NA	0.5286449755559162	0.036	0.21533333333333335	0.17966666666666667	379	NA	NA	NA	NA	235436385	235436450	235436543	235436608	NA	NA	NA	NA	NA	NA	NA	235436385	235436608	4,5,12,2,1,0	25,25,19,7,0,25	0,0,0,0,0,0	56,63,58,28,32,28	NA	NA	NA	NA	NA
6211	ENSG00000159214.13	CCDC24	chr1	+	NA	NA	NA	NA	NA	NA	6211	4,22,5	34,24,41	0,5,0	9,43,30	256	149	2.84075743185e-4	0.00196608629481988	0.064,0.348,0.066	0.0,0.063,0.0	0.138	NA	NA	NA	NA	RI	chr1|+|43995600|43995856|43995600|43995670|43995777|43995856	0.00196608629481988	0.138	0.15933333333333333	0.020999999999999998	217	NA	NA	NA	NA	43995600	43995670	43995777	43995856	NA	NA	NA	NA	NA	NA	NA	43995600	43995856	3,16,2,0,5,0	1,6,3,0,5,0	0,0,0,0,0,0	34,24,41,9,43,30	NA	NA	NA	NA	NA	6211	chr1	+	NA	NA	NA	NA	NA	NA	6211	14,3,5	40,50,70	1,0,0	17,47,54	256	149	7.21471964005e-6	8.411137433641303e-5	0.169,0.034,0.04	0.033,0.0,0.0	0.07	NA	NA	NA	NA	8.411137433641303e-5	0.07	0.081	0.011	301	NA	NA	NA	NA	43995600	43995670	43995777	43995856	NA	NA	NA	NA	NA	NA	NA	43995600	43995856	2,3,5,1,0,0	12,0,3,0,0,0	0,0,0,0,0,0	40,50,70,17,47,54	NA	NA	NA	NA	NA
6260	ENSG00000162062.15	TEDC2	chr16	+	NA	NA	NA	NA	NA	NA	6260	148,76,68	14,21,23	26,44,41	20,26,18	390	149	0.00107285667758	0.00591083301610113	0.802,0.58,0.53	0.332,0.393,0.465	0.241	NA	NA	NA	NA	RI	chr16|+|2460144|2460693|2460144|2460381|2460622|2460693	0.00591083301610113	0.241	0.6373333333333333	0.39666666666666667	525	NA	NA	NA	NA	2460144	2460381	2460622	2460693	NA	NA	NA	NA	NA	NA	NA	2460144	2460693	76,38,35,17,22,32	58,26,24,9,5,8	14,12,9,0,17,1	14,21,23,20,26,18	NA	NA	NA	NA	NA	6260	chr16	+	NA	NA	NA	NA	NA	NA	6260	60,103,85	60,18,43	26,43,61	15,15,10	390	149	0.410178171401	0.6394078412727514	0.276,0.686,0.43	0.398,0.523,0.7	-0.076	NA	NA	NA	NA	0.6394078412727514	-0.076	0.464	0.5403333333333333	539	NA	NA	NA	NA	2460144	2460381	2460622	2460693	NA	NA	NA	NA	NA	NA	NA	2460144	2460693	50,44,56,26,17,28	4,38,15,0,24,15	6,21,14,0,2,18	60,18,43,15,15,10	NA	NA	NA	NA	NA
6287	ENSG00000123815.13	COQ8B	chr19	-	NA	NA	NA	NA	NA	NA	6287	241,345,283	24,6,8	194,170,274	17,44,32	2297	149	0.00128108701744	0.00676625804560041	0.394,0.789,0.696	0.425,0.2,0.357	0.299	NA	NA	NA	NA	RI	chr19|-|40700309|40702693|40700309|40700451|40702599|40702693	0.00676625804560041	0.299	0.6263333333333333	0.3273333333333333	1638	NA	NA	NA	NA	40700309	40700451	40702599	40702693	NA	NA	NA	NA	NA	NA	NA	40700309	40702693	55,11,17,6,31,42	1,10,0,0,4,2	185,324,266,188,135,230	24,6,8,17,44,32	NA	NA	NA	NA	NA	6287	chr19	-	NA	NA	NA	NA	NA	NA	6287	250,339,346	24,6,25	188,176,177	6,23,14	2297	149	0.466077268517	0.7003418112481977	0.403,0.786,0.473	0.67,0.332,0.451	0.07	NA	NA	NA	NA	0.7003418112481977	0.07	0.554	0.48433333333333334	1574	NA	NA	NA	NA	40700309	40700451	40702599	40702693	NA	NA	NA	NA	NA	NA	NA	40700309	40702693	32,53,42,7,25,20	6,0,6,0,1,9	212,286,298,181,150,148	24,6,25,6,23,14	NA	NA	NA	NA	NA
6296	ENSG00000148356.15	LRSAM1	chr9	+	NA	NA	NA	NA	NA	NA	6296	32,45,62	0,0,0	15,27,31	2,1,4	271	149	5.63135032184e-4	0.0034880242599518	1.0,1.0,1.0	0.805,0.937,0.81	0.149	NA	NA	NA	NA	RI	chr9|+|127487494|127487763|127487494|127487553|127487675|127487763	0.0034880242599518	0.149	1	0.8506666666666667	219	NA	NA	NA	NA	127487494	127487553	127487675	127487763	NA	NA	NA	NA	NA	NA	NA	127487494	127487763	15,23,41,6,8,10	17,23,26,12,21,21	0,0,0,0,0,0	0,0,0,2,1,4	NA	NA	NA	NA	NA	6296	chr9	+	NA	NA	NA	NA	NA	NA	6296	48,32,43	0,0,0	19,22,34	0,1,1	271	149	1	1	1.0,1.0,1.0	1.0,0.924,0.949	0.042	NA	NA	NA	NA	1	0.042	1	0.9576666666666667	200	NA	NA	NA	NA	127487494	127487553	127487675	127487763	NA	NA	NA	NA	NA	NA	NA	127487494	127487763	37,19,10,7,14,15	14,13,33,12,8,24	0,0,0,0,0,0	0,0,0,0,1,1	NA	NA	NA	NA	NA
6301	ENSG00000154328.16	NEIL2	chr8	+	NA	NA	NA	NA	NA	NA	6301	4,1,2	0,0,0	1,4,5	0,0,7	531	149	0.0106705304843	0.03760442122398138	1.0,1.0,1.0	1.0,1.0,0.167	0.278	NA	NA	NA	NA	RI	chr8|+|11769709|11770335|11769709|11769791|11770173|11770335	0.03760442122398138	0.278	1	0.7223333333333334	24	NA	NA	NA	NA	11769709	11769791	11770173	11770335	NA	NA	NA	NA	NA	NA	NA	11769709	11770335	0,0,1,0,4,2	4,0,0,1,0,1	0,1,1,0,0,2	0,0,0,0,0,7	NA	NA	NA	NA	NA	6301	chr8	+	NA	NA	NA	NA	NA	NA	6301	12,4,4	0,2,10	2,0,3	0,2,0	531	149	0.109094353324	0.2380993132358641	1.0,0.359,0.101	1.0,0.0,1.0	-0.18	NA	NA	NA	NA	0.2380993132358641	-0.18	0.4866666666666667	0.6666666666666666	39	NA	NA	NA	NA	11769709	11769791	11770173	11770335	NA	NA	NA	NA	NA	NA	NA	11769709	11770335	12,2,4,0,0,1	0,0,0,2,0,1	0,2,0,0,0,1	0,2,10,0,2,0	NA	NA	NA	NA	NA
6331	ENSG00000143889.16	HNRNPLL	chr2	-	NA	NA	NA	NA	NA	NA	6331	56,9,47	7,0,10	56,16,28	11,17,38	405	149	0.00284444506086	0.01299712154485359	0.746,1.0,0.634	0.652,0.257,0.213	0.419	NA	NA	NA	NA	RI	chr2|-|38602437|38603036|38602437|38602600|38602856|38603036	0.01299712154485359	0.419	0.7933333333333333	0.374	295	NA	NA	NA	NA	38602437	38602600	38602856	38603036	NA	NA	NA	NA	NA	NA	NA	38602437	38603036	9,0,18,14,6,3	17,4,11,18,6,10	30,5,18,24,4,15	7,0,10,11,17,38	NA	NA	NA	NA	NA	6331	chr2	-	NA	NA	NA	NA	NA	NA	6331	37,54,63	13,5,7	51,30,33	5,3,0	405	149	0.0386218383649	0.10492005482934372	0.512,0.799,0.768	0.79,0.786,1.0	-0.166	NA	NA	NA	NA	0.10492005482934372	-0.166	0.6930000000000001	0.8586666666666667	301	NA	NA	NA	NA	38602437	38602600	38602856	38603036	NA	NA	NA	NA	NA	NA	NA	38602437	38603036	12,9,17,12,7,5	16,19,22,21,16,13	9,26,24,18,7,15	13,5,7,5,3,0	NA	NA	NA	NA	NA
6340	ENSG00000173846.13	PLK3	chr1	+	NA	NA	NA	NA	NA	NA	6340	49,24,50	28,10,16	18,36,44	12,33,36	263	149	0.0101506976228	0.03616738978675746	0.498,0.576,0.639	0.459,0.382,0.409	0.154	NA	NA	NA	NA	RI	chr1|+|44802954|44803391|44802954|44803153|44803267|44803391	0.03616738978675746	0.154	0.571	0.4166666666666667	356	NA	NA	NA	NA	44802954	44803153	44803267	44803391	NA	NA	NA	NA	NA	NA	NA	44802954	44803391	21,0,23,8,5,27	34,24,47,11,31,17	0,0,0,0,0,0	28,10,16,12,33,36	NA	NA	NA	NA	NA	6340	chr1	+	NA	NA	NA	NA	NA	NA	6340	12,47,36	41,57,56	51,20,57	15,35,60	263	149	0.0631788198379	0.15656007098936317	0.142,0.318,0.267	0.658,0.245,0.35	-0.175	NA	NA	NA	NA	0.15656007098936317	-0.175	0.24233333333333335	0.4176666666666667	487	NA	NA	NA	NA	44802954	44803153	44803267	44803391	NA	NA	NA	NA	NA	NA	NA	44802954	44803391	6,8,14,12,8,27	6,40,25,39,12,33	0,0,0,0,0,0	41,57,56,15,35,60	NA	NA	NA	NA	NA
6353	ENSG00000115355.18	CCDC88A	chr2	-	NA	NA	NA	NA	NA	NA	6353	128,195,168	6,11,28	111,129,277	20,43,74	660	149	1.2679009105e-4	9.9932755567943e-4	0.828,0.8,0.575	0.556,0.404,0.458	0.262	NA	NA	NA	NA	RI	chr2|-|55290654|55291775|55290654|55291164|55291675|55291775	9.9932755567943e-4	0.262	0.7343333333333333	0.4726666666666667	1190	NA	NA	NA	NA	55290654	55291164	55291675	55291775	NA	NA	NA	NA	NA	NA	NA	55290654	55291775	9,26,29,37,28,52	40,39,53,15,15,97	79,130,86,59,86,128	6,11,28,20,43,74	NA	NA	NA	NA	NA	6353	chr2	-	NA	NA	NA	NA	NA	NA	6353	81,223,237	67,85,31	131,190,151	20,25,32	660	149	0.0338523687201	0.0942963351940424	0.214,0.372,0.633	0.597,0.632,0.516	-0.175	NA	NA	NA	NA	0.0942963351940424	-0.175	0.4063333333333333	0.5816666666666667	1273	NA	NA	NA	NA	55290654	55291164	55291675	55291775	NA	NA	NA	NA	NA	NA	NA	55290654	55291775	48,43,43,28,40,39	11,69,43,36,19,35	22,111,151,67,131,77	67,85,31,20,25,32	NA	NA	NA	NA	NA
6384	ENSG00000172500.13	FIBP	chr11	-	NA	NA	NA	NA	NA	NA	6384	378,321,256	45,6,74	48,91,126	19,25,45	427	149	5.11395939732e-4	0.00321173690966622	0.746,0.949,0.547	0.469,0.56,0.494	0.24	NA	NA	NA	NA	RI	chr11|-|65884569|65884998|65884569|65884656|65884934|65884998	0.00321173690966622	0.24	0.7473333333333333	0.5076666666666667	1434	NA	NA	NA	NA	65884569	65884656	65884934	65884998	NA	NA	NA	NA	NA	NA	NA	65884569	65884998	77,127,49,14,23,33	161,98,136,13,40,46	140,96,71,21,28,47	45,6,74,19,25,45	NA	NA	NA	NA	NA	6384	chr11	-	NA	NA	NA	NA	NA	NA	6384	214,277,278	27,53,42	89,83,134	9,57,48	427	149	0.0683274214705	0.1657145776145982	0.734,0.646,0.698	0.775,0.337,0.493	0.158	NA	NA	NA	NA	0.1657145776145982	0.158	0.6926666666666667	0.535	1311	NA	NA	NA	NA	65884569	65884656	65884934	65884998	NA	NA	NA	NA	NA	NA	NA	65884569	65884998	42,59,69,30,30,38	96,130,83,30,16,40	76,88,126,29,37,56	27,53,42,9,57,48	NA	NA	NA	NA	NA
6394	ENSG00000049656.14	CLPTM1L	chr5	-	NA	NA	NA	NA	NA	NA	6394	43,44,78	115,201,195	3,22,10	105,198,157	233	149	1.14797060746e-13	8.910576917651545e-12	0.193,0.123,0.204	0.018,0.066,0.039	0.132	NA	NA	NA	NA	RI	chr5|-|1321634|1321819|1321634|1321679|1321763|1321819	8.910576917651545e-12	0.132	0.17333333333333334	0.041	1171	NA	NA	NA	NA	1321634	1321679	1321763	1321819	NA	NA	NA	NA	NA	NA	NA	1321634	1321819	14,17,23,1,13,2	33,27,58,3,11,9	0,0,0,0,0,0	115,201,195,105,198,157	NA	NA	NA	NA	NA	6394	chr5	-	NA	NA	NA	NA	NA	NA	6394	48,8,24	73,242,219	14,17,30	99,157,119	233	149	0.847833731265	1	0.296,0.021,0.065	0.083,0.065,0.139	0.032	NA	NA	NA	NA	1	0.032	0.12733333333333333	0.09566666666666668	1050	NA	NA	NA	NA	1321634	1321679	1321763	1321819	NA	NA	NA	NA	NA	NA	NA	1321634	1321819	4,3,17,5,3,13	44,5,13,9,17,23	0,0,0,0,0,0	73,242,219,99,157,119	NA	NA	NA	NA	NA
6401	ENSG00000112511.18	PHF1	chr6	+	NA	NA	NA	NA	NA	NA	6401	29,47,67	17,26,102	17,31,28	42,44,54	285	149	0.00454725096219	0.01898144513284484	0.471,0.486,0.256	0.175,0.269,0.213	0.185	NA	NA	NA	NA	RI	chr6|+|33414724|33415144|33414724|33414829|33414965|33415144	0.01898144513284484	0.185	0.4043333333333333	0.219	504	NA	NA	NA	NA	33414724	33414829	33414965	33415144	NA	NA	NA	NA	NA	NA	NA	33414724	33415144	20,24,55,4,8,11	9,23,12,13,23,17	0,0,0,0,0,0	17,26,102,42,44,54	NA	NA	NA	NA	NA	6401	chr6	+	NA	NA	NA	NA	NA	NA	6401	31,32,48	53,57,64	13,10,22	18,39,62	285	149	0.0353253708692	0.09768613131065532	0.234,0.227,0.282	0.274,0.118,0.156	0.065	NA	NA	NA	NA	0.09768613131065532	0.065	0.24766666666666667	0.18266666666666667	449	NA	NA	NA	NA	33414724	33414829	33414965	33415144	NA	NA	NA	NA	NA	NA	NA	33414724	33415144	18,15,16,8,7,12	13,17,32,5,3,10	0,0,0,0,0,0	53,57,64,18,39,62	NA	NA	NA	NA	NA
6405	ENSG00000174243.11	DDX23	chr12	-	NA	NA	NA	NA	NA	NA	6405	489,377,466	71,83,101	130,257,251	75,50,89	433	149	0.0142012593655	0.04709687529975446	0.703,0.61,0.614	0.374,0.639,0.493	0.14	NA	NA	NA	NA	RI	chr12|-|48837523|48838080|48837523|48837657|48837941|48838080	0.04709687529975446	0.14	0.6423333333333333	0.502	2439	NA	NA	NA	NA	48837523	48837657	48837941	48838080	NA	NA	NA	NA	NA	NA	NA	48837523	48838080	160,125,172,44,101,74	225,149,190,59,93,116	104,103,104,27,63,61	71,83,101,75,50,89	NA	NA	NA	NA	NA	6405	chr12	-	NA	NA	NA	NA	NA	NA	6405	226,426,347	127,157,83	94,193,166	89,39,86	433	149	0.474580061479	0.7088768219816179	0.38,0.483,0.59	0.267,0.63,0.399	0.052	NA	NA	NA	NA	0.7088768219816179	0.052	0.48433333333333334	0.432	2033	NA	NA	NA	NA	48837523	48837657	48837941	48838080	NA	NA	NA	NA	NA	NA	NA	48837523	48838080	111,115,133,32,51,49	72,178,145,58,101,57	43,133,69,4,41,60	127,157,83,89,39,86	NA	NA	NA	NA	NA
6406	ENSG00000167671.12	UBXN6	chr19	-	NA	NA	NA	NA	NA	NA	6406	77,142,109	38,48,35	20,42,32	38,39,38	234	149	5.98554823483e-8	1.2744229783325544e-6	0.563,0.653,0.665	0.251,0.407,0.349	0.291	NA	NA	NA	NA	RI	chr19|-|4446048|4446413|4446048|4446197|4446282|4446413	1.2744229783325544e-6	0.291	0.627	0.33566666666666667	658	NA	NA	NA	NA	4446048	4446197	4446282	4446413	NA	NA	NA	NA	NA	NA	NA	4446048	4446413	54,57,38,17,20,22	44,106,95,7,34,16	0,14,0,0,0,0	38,48,35,38,39,38	NA	NA	NA	NA	NA	6406	chr19	-	NA	NA	NA	NA	NA	NA	6406	95,122,129	35,73,41	52,78,25	26,18,31	234	149	0.560818731401	0.7937155657207966	0.633,0.516,0.667	0.56,0.734,0.339	0.061	NA	NA	NA	NA	0.7937155657207966	0.061	0.6053333333333334	0.5443333333333333	725	NA	NA	NA	NA	4446048	4446197	4446282	4446413	NA	NA	NA	NA	NA	NA	NA	4446048	4446413	58,66,74,42,43,21	60,95,91,26,49,4	0,0,0,0,0,0	35,73,41,26,18,31	NA	NA	NA	NA	NA
6408	ENSG00000167716.19	WDR81	chr17	+	NA	NA	NA	NA	NA	NA	6408	5,4,6	3,7,4	1,2,0	7,3,2	470	149	0.00112380613863	0.00610379029413566	0.346,0.153,0.322	0.043,0.174,0.0	0.201	NA	NA	NA	NA	RI	chr17|+|1735571|1736218|1735571|1735717|1736038|1736218	0.00610379029413566	0.201	0.27366666666666667	0.07233333333333333	44	NA	NA	NA	NA	1735571	1735717	1736038	1736218	NA	NA	NA	NA	NA	NA	NA	1735571	1736218	2,0,0,0,1,0	3,4,6,1,1,0	0,0,0,0,0,0	3,7,4,7,3,2	NA	NA	NA	NA	NA	6408	chr17	+	NA	NA	NA	NA	NA	NA	6408	0,2,4	0,5,1	6,2,4	0,6,4	470	149	1	1	NA,0.113,0.559	1.0,0.096,0.241	-0.11	NA	NA	NA	NA	1	-0.11	0.336	0.4456666666666667	34	NA	NA	NA	NA	1735571	1735717	1736038	1736218	NA	NA	NA	NA	NA	NA	NA	1735571	1736218	0,0,0,0,0,0	0,2,2,6,2,3	0,0,2,0,0,1	0,5,1,0,6,4	NA	NA	NA	NA	NA
6452	ENSG00000172262.12	ZNF131	chr5	+	NA	NA	NA	NA	NA	NA	6452	171,169,307	54,6,55	94,120,178	48,36,57	244	149	0.00160006261584	0.00811545406148129	0.659,0.945,0.773	0.545,0.671,0.656	0.168	NA	NA	NA	NA	RI	chr5|+|43161248|43161931|43161248|43161613|43161708|43161931	0.00811545406148129	0.168	0.7923333333333333	0.624	1295	NA	NA	NA	NA	43161248	43161613	43161708	43161931	NA	NA	NA	NA	NA	NA	NA	43161248	43161931	101,83,108,49,50,96	89,144,233,65,88,111	0,0,0,0,0,0	54,6,55,48,36,57	NA	NA	NA	NA	NA	6452	chr5	+	NA	NA	NA	NA	NA	NA	6452	110,141,231	31,52,49	144,133,124	42,34,32	244	149	0.845874256174	1	0.684,0.623,0.742	0.677,0.705,0.703	-0.012	NA	NA	NA	NA	1	-0.012	0.683	0.695	1123	NA	NA	NA	NA	43161248	43161613	43161708	43161931	NA	NA	NA	NA	NA	NA	NA	43161248	43161931	45,56,127,74,43,68	88,114,146,98,108,80	0,0,0,0,0,0	31,52,49,42,34,32	NA	NA	NA	NA	NA
6458	ENSG00000177646.20	ACAD9	chr3	+	NA	NA	NA	NA	NA	NA	6458	359,357,264	44,47,41	120,123,152	29,33,70	748	149	5.41185285885e-6	6.74501661188378e-5	0.619,0.602,0.562	0.452,0.426,0.302	0.201	NA	NA	NA	NA	RI	chr3|+|128909343|128910149|128909343|128909421|128910020|128910149	6.74501661188378e-5	0.201	0.5943333333333334	0.3933333333333333	1639	NA	NA	NA	NA	128909343	128909421	128910020	128910149	NA	NA	NA	NA	NA	NA	NA	128909343	128910149	70,68,72,7,26,44	89,42,41,11,20,22	200,247,151,102,77,86	44,47,41,29,33,70	NA	NA	NA	NA	NA	6458	chr3	+	NA	NA	NA	NA	NA	NA	6458	181,344,316	68,57,71	105,108,165	41,35,36	748	149	0.317518870968	0.5336756086211389	0.346,0.546,0.47	0.338,0.381,0.477	0.055	NA	NA	NA	NA	0.5336756086211389	0.055	0.454	0.39866666666666667	1527	NA	NA	NA	NA	128909343	128909421	128910020	128910149	NA	NA	NA	NA	NA	NA	NA	128909343	128910149	34,109,61,23,20,47	56,36,54,18,11,37	91,199,201,64,77,81	68,57,71,41,35,36	NA	NA	NA	NA	NA
6466	ENSG00000108591.10	DRG2	chr17	+	NA	NA	NA	NA	NA	NA	6466	276,289,311	20,25,15	120,132,162	24,28,13	688	149	0.00280824456583	0.01285086244602205	0.749,0.715,0.818	0.52,0.505,0.73	0.176	NA	NA	NA	NA	RI	chr17|+|18099016|18100435|18099016|18099093|18099632|18100435	0.01285086244602205	0.176	0.7606666666666666	0.585	1415	NA	NA	NA	NA	18099016	18099093	18099632	18100435	NA	NA	NA	NA	NA	NA	NA	18099016	18100435	21,30,20,12,10,7	94,83,106,29,47,32	161,176,185,79,75,123	20,25,15,24,28,13	NA	NA	NA	NA	NA	6466	chr17	+	NA	NA	NA	NA	NA	NA	6466	241,264,307	2,17,7	107,127,141	3,4,22	688	149	0.0863879862281	0.1989691261752463	0.963,0.771,0.905	0.885,0.873,0.581	0.1	NA	NA	NA	NA	0.1989691261752463	0.1	0.8796666666666667	0.7796666666666666	1242	NA	NA	NA	NA	18099016	18099093	18099632	18100435	NA	NA	NA	NA	NA	NA	NA	18099016	18100435	13,22,17,12,8,3	41,64,80,14,23,39	187,178,210,81,96,99	2,17,7,3,4,22	NA	NA	NA	NA	NA
6536	ENSG00000173757.11	STAT5B	chr17	-	NA	NA	NA	NA	NA	NA	6536	37,40,35	58,61,69	5,9,5	25,19,48	250	149	1.60506247379e-4	0.00121632969482001	0.275,0.281,0.232	0.107,0.22,0.058	0.134	NA	NA	NA	NA	RI	chr17|-|42210170|42210497|42210170|42210301|42210402|42210497	0.00121632969482001	0.134	0.2626666666666667	0.12833333333333333	411	NA	NA	NA	NA	42210170	42210301	42210402	42210497	NA	NA	NA	NA	NA	NA	NA	42210170	42210497	29,36,35,3,7,2	24,4,12,3,7,3	0,0,0,0,0,0	58,61,69,25,19,48	NA	NA	NA	NA	NA	6536	chr17	-	NA	NA	NA	NA	NA	NA	6536	29,13,15	34,69,70	6,33,2	28,37,53	250	149	0.553146983678	0.7867297773036839	0.337,0.101,0.113	0.113,0.347,0.022	0.023	NA	NA	NA	NA	0.7867297773036839	0.023	0.18366666666666667	0.16066666666666665	389	NA	NA	NA	NA	42210170	42210301	42210402	42210497	NA	NA	NA	NA	NA	NA	NA	42210170	42210497	27,8,11,2,17,2	18,13,9,4,21,0	0,0,0,0,0,0	34,69,70,28,37,53	NA	NA	NA	NA	NA
6555	ENSG00000172932.16	ANKRD13D	chr11	+	NA	NA	NA	NA	NA	NA	6555	890,1164,944	64,74,90	263,466,498	56,39,95	554	149	7.1624505809e-4	0.00425170832159523	0.789,0.809,0.738	0.558,0.763,0.585	0.143	NA	NA	NA	NA	RI	chr11|+|67299057|67299611|67299057|67299124|67299529|67299611	0.00425170832159523	0.143	0.7786666666666667	0.6353333333333333	4643	NA	NA	NA	NA	67299057	67299124	67299529	67299611	NA	NA	NA	NA	NA	NA	NA	67299057	67299611	207,287,191,62,64,152	220,274,247,56,111,112	463,603,506,145,291,234	64,74,90,56,39,95	NA	NA	NA	NA	NA	6555	chr11	+	NA	NA	NA	NA	NA	NA	6555	999,1154,1386	81,74,88	321,421,386	29,38,15	554	149	0.901875508729	1	0.768,0.807,0.809	0.749,0.749,0.874	0.004	NA	NA	NA	NA	1	0.004	0.7946666666666667	0.7906666666666666	4992	NA	NA	NA	NA	67299057	67299124	67299529	67299611	NA	NA	NA	NA	NA	NA	NA	67299057	67299611	221,295,284,52,92,122	234,290,367,94,117,106	544,569,735,175,212,158	81,74,88,29,38,15	NA	NA	NA	NA	NA
6564	ENSG00000197375.14	SLC22A5	chr5	+	NA	NA	NA	NA	NA	NA	6564	204,202,153	0,0,0	42,78,135	5,0,1	5814	149	1.90738335133e-4	0.00140746988090921	1.0,1.0,1.0	0.177,1.0,0.776	0.349	NA	NA	NA	NA	RI	chr5|+|132378377|132384301|132378377|132378481|132384146|132384301	0.00140746988090921	0.349	1	0.651	820	NA	NA	NA	NA	132378377	132378481	132384146	132384301	NA	NA	NA	NA	NA	NA	NA	132378377	132384301	24,8,2,0,0,0	1,0,0,1,0,1	179,194,151,41,78,134	0,0,0,5,0,1	NA	NA	NA	NA	NA	6564	chr5	+	NA	NA	NA	NA	NA	NA	6564	142,138,236	2,1,1	48,85,49	0,2,2	5814	149	0.24279813076	0.4357378637918693	0.645,0.78,0.858	1.0,0.521,0.386	0.125	NA	NA	NA	NA	0.4357378637918693	0.125	0.761	0.6356666666666667	706	NA	NA	NA	NA	132378377	132378481	132384146	132384301	NA	NA	NA	NA	NA	NA	NA	132378377	132384301	0,0,0,0,0,4	0,0,0,1,0,0	142,138,236,47,85,45	2,1,1,0,2,2	NA	NA	NA	NA	NA
6565	ENSG00000197375.14	SLC22A5	chr5	+	NA	NA	NA	NA	NA	NA	6565	28,63,41	0,0,2	14,12,31	5,8,2	1175	149	4.0852677452e-7	7.1778973677840685e-6	1.0,1.0,0.722	0.262,0.16,0.663	0.546	NA	NA	NA	NA	RI	chr5|+|132384146|132385499|132384146|132384301|132385327|132385499	7.1778973677840685e-6	0.546	0.9073333333333333	0.3616666666666667	206	NA	NA	NA	NA	132384146	132384301	132385327	132385499	NA	NA	NA	NA	NA	NA	NA	132384146	132385499	2,8,0,0,0,0	1,19,0,1,2,1	25,36,41,13,10,30	0,0,2,5,8,2	NA	NA	NA	NA	NA	6565	chr5	+	NA	NA	NA	NA	NA	NA	6565	55,69,76	0,1,2	24,19,16	0,0,2	1175	149	0.311530390903	0.5268361889283721	1.0,0.897,0.828	1.0,1.0,0.504	0.074	NA	NA	NA	NA	0.5268361889283721	0.074	0.9083333333333333	0.8346666666666667	264	NA	NA	NA	NA	132384146	132384301	132385327	132385499	NA	NA	NA	NA	NA	NA	NA	132384146	132385499	0,8,0,0,1,4	7,0,8,0,8,0	48,61,68,24,10,12	0,1,2,0,0,2	NA	NA	NA	NA	NA
6572	ENSG00000129219.14	PLD2	chr17	+	NA	NA	NA	NA	NA	NA	6572	32,65,67	14,16,20	10,19,20	28,10,11	308	149	0.00352018855659	0.01549294775659868	0.525,0.663,0.618	0.147,0.479,0.468	0.237	NA	NA	NA	NA	RI	chr17|+|4807983|4808416|4807983|4808114|4808273|4808416	0.01549294775659868	0.237	0.602	0.3646666666666667	312	NA	NA	NA	NA	4807983	4808114	4808273	4808416	NA	NA	NA	NA	NA	NA	NA	4807983	4808416	13,30,9,5,9,0	10,33,58,5,10,20	9,2,0,0,0,0	14,16,20,28,10,11	NA	NA	NA	NA	NA	6572	chr17	+	NA	NA	NA	NA	NA	NA	6572	44,86,44	26,24,34	8,29,25	11,15,33	308	149	0.0594246973529	0.14909254146828546	0.45,0.634,0.385	0.26,0.483,0.268	0.153	NA	NA	NA	NA	0.14909254146828546	0.153	0.4896666666666667	0.337	379	NA	NA	NA	NA	4807983	4808114	4808273	4808416	NA	NA	NA	NA	NA	NA	NA	4807983	4808416	22,25,32,0,7,14	22,59,12,8,22,8	0,2,0,0,0,3	26,24,34,11,15,33	NA	NA	NA	NA	NA
6604	ENSG00000148187.18	MRRF	chr9	+	NA	NA	NA	NA	NA	NA	6604	473,502,457	4,19,18	289,349,497	36,27,29	641	149	3.58105706721e-6	4.732552141407698e-5	0.965,0.86,0.855	0.651,0.75,0.799	0.16	NA	NA	NA	NA	RI	chr9|+|122285168|122285946|122285168|122285287|122285779|122285946	4.732552141407698e-5	0.16	0.8933333333333333	0.7333333333333334	2700	NA	NA	NA	NA	122285168	122285287	122285779	122285946	NA	NA	NA	NA	NA	NA	NA	122285168	122285946	118,103,139,73,59,123	49,52,63,20,60,80	306,347,255,196,230,294	4,19,18,36,27,29	NA	NA	NA	NA	NA	6604	chr9	+	NA	NA	NA	NA	NA	NA	6604	368,484,566	8,13,16	291,445,576	17,24,5	641	149	0.232166282556	0.4222862200862765	0.914,0.896,0.892	0.799,0.812,0.964	0.042	NA	NA	NA	NA	0.4222862200862765	0.042	0.9006666666666667	0.8583333333333334	2813	NA	NA	NA	NA	122285168	122285287	122285779	122285946	NA	NA	NA	NA	NA	NA	NA	122285168	122285946	84,141,115,84,88,142	32,36,32,7,29,63	252,307,419,200,328,371	8,13,16,17,24,5	NA	NA	NA	NA	NA
6605	ENSG00000120314.19	WDR55	chr5	+	NA	NA	NA	NA	NA	NA	6605	187,191,248	84,87,77	98,139,147	67,136,93	229	149	3.53383721047e-5	3.3440570639817e-4	0.592,0.588,0.677	0.488,0.399,0.507	0.154	NA	NA	NA	NA	RI	chr5|+|140668233|140668502|140668233|140668334|140668414|140668502	3.3440570639817e-4	0.154	0.619	0.4646666666666667	1554	NA	NA	NA	NA	140668233	140668334	140668414	140668502	NA	NA	NA	NA	NA	NA	NA	140668233	140668502	146,112,177,61,54,120	84,120,172,55,100,78	0,0,0,0,0,0	84,87,77,67,136,93	NA	NA	NA	NA	NA	6605	chr5	+	NA	NA	NA	NA	NA	NA	6605	265,176,226	122,119,75	105,122,132	89,73,80	229	149	0.049455744167	0.1280168191275238	0.586,0.49,0.662	0.434,0.521,0.518	0.088	NA	NA	NA	NA	0.1280168191275238	0.088	0.5793333333333334	0.491	1584	NA	NA	NA	NA	140668233	140668334	140668414	140668502	NA	NA	NA	NA	NA	NA	NA	140668233	140668502	114,114,138,59,78,104	160,111,126,86,62,57	14,0,0,0,0,0	122,119,75,89,73,80	NA	NA	NA	NA	NA
6636	ENSG00000182325.11	FBXL6	chr8	-	NA	NA	NA	NA	NA	NA	6636	227,199,206	321,339,491	75,118,103	292,392,500	217	149	2.53794540939e-10	9.849798259733848e-9	0.327,0.287,0.224	0.15,0.171,0.124	0.131	NA	NA	NA	NA	RI	chr8|-|144356299|144356713|144356299|144356531|144356599|144356713	9.849798259733848e-9	0.131	0.2793333333333333	0.14833333333333334	3263	NA	NA	NA	NA	144356299	144356531	144356599	144356713	NA	NA	NA	NA	NA	NA	NA	144356299	144356713	124,85,87,35,58,60	144,151,162,49,93,65	0,0,0,0,0,0	321,339,491,292,392,500	NA	NA	NA	NA	NA	6636	chr8	-	NA	NA	NA	NA	NA	NA	6636	162,177,234	341,437,433	59,113,103	267,401,408	217	149	1.08217582118e-7	2.2304640901385738e-6	0.246,0.218,0.271	0.132,0.162,0.148	0.098	NA	NA	NA	NA	2.2304640901385738e-6	0.098	0.245	0.14733333333333334	3135	NA	NA	NA	NA	144356299	144356531	144356599	144356713	NA	NA	NA	NA	NA	NA	NA	144356299	144356713	89,81,138,26,36,59	114,145,144,48,101,80	0,0,0,0,0,0	341,437,433,267,401,408	NA	NA	NA	NA	NA
6640	ENSG00000108039.18	XPNPEP1	chr10	-	NA	NA	NA	NA	NA	NA	6640	852,1055,923	46,9,34	308,461,568	30,41,35	2339	149	7.55041957393e-4	0.00444329873582905	0.541,0.882,0.634	0.395,0.417,0.508	0.246	NA	NA	NA	NA	RI	chr10|-|109875527|109877867|109875527|109875599|109877789|109877867	0.00444329873582905	0.246	0.6856666666666666	0.44	4362	NA	NA	NA	NA	109875527	109875599	109877789	109877867	NA	NA	NA	NA	NA	NA	NA	109875527	109877867	43,51,38,31,20,18	32,36,47,12,23,22	777,968,838,265,418,528	46,9,34,30,41,35	NA	NA	NA	NA	NA	6640	chr10	-	NA	NA	NA	NA	NA	NA	6640	735,1022,825	27,59,33	286,527,426	8,35,49	2339	149	0.251114533127	0.4460237251629274	0.634,0.525,0.614	0.695,0.49,0.356	0.077	NA	NA	NA	NA	0.4460237251629274	0.077	0.591	0.5136666666666666	4032	NA	NA	NA	NA	109875527	109875599	109877789	109877867	NA	NA	NA	NA	NA	NA	NA	109875527	109877867	76,58,60,5,48,16	47,25,57,8,39,15	612,939,708,273,440,395	27,59,33,8,35,49	NA	NA	NA	NA	NA
6655	ENSG00000106290.16	TAF6	chr7	-	NA	NA	NA	NA	NA	NA	6655	182,128,146	126,52,126	42,46,80	51,66,87	580	149	4.27096407988e-4	0.00277431692137967	0.271,0.387,0.229	0.175,0.152,0.191	0.123	NA	NA	NA	NA	RI	chr7|-|100112797|100113769|100112797|100112917|100113348|100113769	0.00277431692137967	0.123	0.2956666666666667	0.17266666666666666	1132	NA	NA	NA	NA	100112797	100112917	100113348	100113769	NA	NA	NA	NA	NA	NA	NA	100112797	100113769	86,52,28,7,20,33	62,27,48,11,10,19	34,49,70,24,16,28	126,52,126,51,66,87	NA	NA	NA	NA	NA	6655	chr7	-	NA	NA	NA	NA	NA	NA	6655	197,139,166	91,118,149	49,42,60	83,49,32	580	149	0.0822535451736	0.19141778778549923	0.357,0.232,0.223	0.132,0.18,0.325	0.058	NA	NA	NA	NA	0.19141778778549923	0.058	0.27066666666666667	0.21233333333333335	1175	NA	NA	NA	NA	100112797	100112917	100113348	100113769	NA	NA	NA	NA	NA	NA	NA	100112797	100113769	77,51,82,24,14,7	49,29,28,2,6,36	71,59,56,23,22,17	91,118,149,83,49,32	NA	NA	NA	NA	NA
6673	ENSG00000102393.15	GLA	chrX	-	NA	NA	NA	NA	NA	NA	6673	177,184,190	17,8,6	153,170,198	12,23,30	624	149	0.00358821193621	0.015716368280599802	0.713,0.846,0.883	0.753,0.638,0.612	0.146	NA	NA	NA	NA	RI	chrX|-|101400665|101401809|101400665|101400757|101401232|101401809	0.015716368280599802	0.146	0.814	0.6676666666666666	1168	NA	NA	NA	NA	101400665	101400757	101401232	101401809	NA	NA	NA	NA	NA	NA	NA	101400665	101401809	43,26,58,52,54,64	91,92,103,86,57,79	43,66,29,15,59,55	17,8,6,12,23,30	NA	NA	NA	NA	NA	6673	chrX	-	NA	NA	NA	NA	NA	NA	6673	123,231,179	8,4,15	109,196,208	17,24,8	624	149	0.0599671248047	0.15001717758723418	0.786,0.932,0.74	0.605,0.661,0.861	0.11	NA	NA	NA	NA	0.15001717758723418	0.11	0.8193333333333334	0.709	1122	NA	NA	NA	NA	101400665	101400757	101401232	101401809	NA	NA	NA	NA	NA	NA	NA	101400665	101401809	42,51,39,31,61,63	52,131,88,64,54,90	29,49,52,14,81,55	8,4,15,17,24,8	NA	NA	NA	NA	NA
6690	ENSG00000119688.21	ABCD4	chr14	-	NA	NA	NA	NA	NA	NA	6690	368,348,328	46,47,85	103,164,190	38,52,60	433	149	3.69803563478e-4	0.00246482114265988	0.734,0.718,0.57	0.483,0.52,0.521	0.166	NA	NA	NA	NA	RI	chr14|-|74292747|74293248|74292747|74292869|74293153|74293248	0.00246482114265988	0.166	0.6739999999999999	0.508	1829	NA	NA	NA	NA	74292747	74292869	74293153	74293248	NA	NA	NA	NA	NA	NA	NA	74292747	74293248	201,174,127,52,73,45	89,78,147,37,46,89	78,96,54,14,45,56	46,47,85,38,52,60	NA	NA	NA	NA	NA	6690	chr14	-	NA	NA	NA	NA	NA	NA	6690	275,474,365	19,40,82	95,274,89	35,26,41	433	149	0.0317194164219	0.08959474077261652	0.833,0.803,0.605	0.483,0.784,0.428	0.182	NA	NA	NA	NA	0.08959474077261652	0.182	0.747	0.565	1815	NA	NA	NA	NA	74292747	74292869	74293153	74293248	NA	NA	NA	NA	NA	NA	NA	74292747	74293248	104,272,194,54,134,69	95,105,85,24,56,16	76,97,86,17,84,4	19,40,82,35,26,41	NA	NA	NA	NA	NA
6693	ENSG00000107104.21	KANK1	chr9	+	NA	NA	NA	NA	NA	NA	6693	50,20,29	17,2,9	28,26,17	18,22,23	1260	149	9.74412211686e-4	0.00550192972565244	0.258,0.542,0.276	0.155,0.123,0.08	0.239	NA	NA	NA	NA	RI	chr9|+|731157|732617|731157|731266|732377|732617	0.00550192972565244	0.239	0.3586666666666667	0.11933333333333333	261	NA	NA	NA	NA	731157	731266	732377	732617	NA	NA	NA	NA	NA	NA	NA	731157	732617	3,0,5,0,6,1	4,0,0,4,0,0	43,20,24,24,20,16	17,2,9,18,22,23	NA	NA	NA	NA	NA	6693	chr9	+	NA	NA	NA	NA	NA	NA	6693	23,32,42	3,8,12	14,60,40	11,48,1	1260	149	0.675762540155	0.8878804822431307	0.476,0.321,0.293	0.131,0.129,0.825	0.002	NA	NA	NA	NA	0.8878804822431307	0.002	0.36333333333333334	0.36166666666666664	294	NA	NA	NA	NA	731157	731266	732377	732617	NA	NA	NA	NA	NA	NA	NA	731157	732617	1,5,4,12,16,0	0,0,0,1,0,10	22,27,38,1,44,30	3,8,12,11,48,1	NA	NA	NA	NA	NA
6698	ENSG00000145907.16	G3BP1	chr5	+	NA	NA	NA	NA	NA	NA	6698	268,231,237	0,0,0	271,286,355	12,0,12	1770	149	5.77466214846e-8	1.2424641506791831e-6	1.0,1.0,1.0	0.655,1.0,0.713	0.211	NA	NA	NA	NA	RI	chr5|+|151795478|151797428|151795478|151795575|151797196|151797428	1.2424641506791831e-6	0.211	1	0.7893333333333333	1672	NA	NA	NA	NA	151795478	151795575	151797196	151797428	NA	NA	NA	NA	NA	NA	NA	151795478	151797428	21,27,10,24,22,36	9,32,33,33,18,40	238,172,194,214,246,279	0,0,0,12,0,12	NA	NA	NA	NA	NA	6698	chr5	+	NA	NA	NA	NA	NA	NA	6698	203,138,173	3,2,0	248,366,283	0,0,0	1770	149	0.0701607355818	0.16920953761121812	0.851,0.853,1.0	1.0,1.0,1.0	-0.099	NA	NA	NA	NA	0.16920953761121812	-0.099	0.9013333333333333	1	1416	NA	NA	NA	NA	151795478	151795575	151797196	151797428	NA	NA	NA	NA	NA	NA	NA	151795478	151797428	9,7,47,39,50,26	22,24,18,24,14,15	172,107,108,185,302,242	3,2,0,0,0,0	NA	NA	NA	NA	NA
6708	ENSG00000155506.19	LARP1	chr5	+	NA	NA	NA	NA	NA	NA	6708	252,191,171	149,112,132	49,54,35	92,65,125	1039	149	1.22124532709e-15	1.227651859953423e-13	0.195,0.197,0.157	0.071,0.106,0.039	0.111	NA	NA	NA	NA	RI	chr5|+|154802006|154803413|154802006|154802399|154803289|154803413	1.227651859953423e-13	0.111	0.183	0.072	1427	NA	NA	NA	NA	154802006	154802399	154803289	154803413	NA	NA	NA	NA	NA	NA	NA	154802006	154803413	13,6,10,0,1,0	5,4,19,12,0,0	234,181,142,37,53,35	149,112,132,92,65,125	NA	NA	NA	NA	NA	6708	chr5	+	NA	NA	NA	NA	NA	NA	6708	223,195,238	189,162,117	18,82,85	86,80,145	1039	149	1.51367762768e-9	4.68774317618437e-8	0.145,0.147,0.226	0.029,0.128,0.078	0.094	NA	NA	NA	NA	4.68774317618437e-8	0.094	0.17266666666666666	0.07833333333333334	1620	NA	NA	NA	NA	154802006	154802399	154803289	154803413	NA	NA	NA	NA	NA	NA	NA	154802006	154803413	5,8,7,0,2,0	9,5,10,9,2,5	209,182,221,9,78,80	189,162,117,86,80,145	NA	NA	NA	NA	NA
6736	ENSG00000112659.14	CUL9	chr6	+	NA	NA	NA	NA	NA	NA	6736	40,71,69	61,29,21	33,49,18	38,49,46	528	149	0.00881140684642	0.03212339285508171	0.156,0.409,0.481	0.197,0.22,0.099	0.177	NA	NA	NA	NA	RI	chr6|+|43196068|43196862|43196068|43196265|43196644|43196862	0.03212339285508171	0.177	0.3486666666666667	0.17200000000000001	524	NA	NA	NA	NA	43196068	43196265	43196644	43196862	NA	NA	NA	NA	NA	NA	NA	43196068	43196862	7,18,4,4,8,2	11,23,23,0,6,1	22,30,42,29,35,15	61,29,21,38,49,46	NA	NA	NA	NA	NA	6736	chr6	+	NA	NA	NA	NA	NA	NA	6736	65,52,71	66,32,17	40,8,12	14,39,31	528	149	0.0179157208539	0.05697369048799478	0.217,0.314,0.541	0.446,0.055,0.098	0.158	NA	NA	NA	NA	0.05697369048799478	0.158	0.35733333333333334	0.19966666666666666	447	NA	NA	NA	NA	43196068	43196265	43196644	43196862	NA	NA	NA	NA	NA	NA	NA	43196068	43196862	14,14,13,10,1,0	13,7,5,17,3,12	38,31,53,13,4,0	66,32,17,14,39,31	NA	NA	NA	NA	NA
6751	ENSG00000048140.18	TSPAN17	chr5	+	NA	NA	NA	NA	NA	NA	6751	1167,971,1217	40,35,34	451,501,507	24,48,56	2130	149	2.25660094888e-6	3.137749890823619e-5	0.671,0.66,0.715	0.568,0.422,0.388	0.223	NA	NA	NA	NA	RI	chr5|+|176652742|176655020|176652742|176652913|176654894|176655020	3.137749890823619e-5	0.223	0.682	0.4593333333333333	5051	NA	NA	NA	NA	176652742	176652913	176654894	176655020	NA	NA	NA	NA	NA	NA	NA	176652742	176655020	60,67,67,20,7,15	24,30,43,18,16,26	1083,874,1107,413,478,466	40,35,34,24,48,56	NA	NA	NA	NA	NA	6751	chr5	+	NA	NA	NA	NA	NA	NA	6751	1149,1196,1230	17,68,72	355,480,433	28,39,26	2130	149	0.0229409067803	0.06882272034089999	0.825,0.552,0.544	0.47,0.463,0.538	0.15	NA	NA	NA	NA	0.06882272034089999	0.15	0.6403333333333333	0.49033333333333334	5093	NA	NA	NA	NA	176652742	176652913	176654894	176655020	NA	NA	NA	NA	NA	NA	NA	176652742	176655020	47,40,47,21,22,20	22,39,61,18,21,7	1080,1117,1122,316,437,406	17,68,72,28,39,26	NA	NA	NA	NA	NA
6759	ENSG00000131187.11	F12	chr5	-	NA	NA	NA	NA	NA	NA	6759	6,13,2	0,0,0	0,6,1	3,0,5	254	149	6.8197765013e-7	1.121149316513984e-5	1.0,1.0,1.0	0.0,1.0,0.105	0.632	NA	NA	NA	NA	RI	chr5|-|177403480|177404472|177403480|177404090|177404195|177404472	1.121149316513984e-5	0.632	1	0.3683333333333333	36	NA	NA	NA	NA	177403480	177404090	177404195	177404472	NA	NA	NA	NA	NA	NA	NA	177403480	177404472	2,13,2,0,6,1	4,0,0,0,0,0	0,0,0,0,0,0	0,0,0,3,0,5	NA	NA	NA	NA	NA	6759	chr5	-	NA	NA	NA	NA	NA	NA	6759	21,1,4	0,2,0	2,0,1	8,0,5	254	149	1	1	1.0,0.227,1.0	0.128,NA,0.105	0.626	NA	NA	NA	NA	1	0.626	0.7423333333333333	0.11649999999999999	44	NA	NA	NA	NA	177403480	177404090	177404195	177404472	NA	NA	NA	NA	NA	NA	NA	177403480	177404472	21,1,4,0,0,0	0,0,0,2,0,1	0,0,0,0,0,0	0,2,0,8,0,5	NA	NA	NA	NA	NA
6833	ENSG00000198721.13	ECI2	chr6	-	NA	NA	NA	NA	NA	NA	6833	96,125,75	36,43,22	26,10,23	9,27,30	913	149	6.53203484228e-5	5.673433095306e-4	0.303,0.322,0.357	0.32,0.057,0.111	0.165	NA	NA	NA	NA	RI	chr6|-|4125249|4126237|4125249|4125370|4126134|4126237	5.673433095306e-4	0.165	0.3273333333333333	0.16266666666666668	522	NA	NA	NA	NA	4125249	4125370	4126134	4126237	NA	NA	NA	NA	NA	NA	NA	4125249	4126237	2,11,26,3,1,0	22,29,0,4,0,15	72,85,49,19,9,8	36,43,22,9,27,30	NA	NA	NA	NA	NA	6833	chr6	-	NA	NA	NA	NA	NA	NA	6833	43,74,76	9,24,72	24,17,61	23,27,16	913	149	0.188515728007	0.36223065043781866	0.438,0.335,0.147	0.146,0.093,0.384	0.099	NA	NA	NA	NA	0.36223065043781866	0.099	0.30666666666666664	0.20766666666666667	466	NA	NA	NA	NA	4125249	4125370	4126134	4126237	NA	NA	NA	NA	NA	NA	NA	4125249	4126237	19,1,7,0,5,17	2,5,17,0,5,11	22,68,52,24,7,33	9,24,72,23,27,16	NA	NA	NA	NA	NA
6856	ENSG00000105373.19	NOP53	chr19	+	NA	NA	NA	NA	NA	NA	6856	645,806,833	62,99,50	441,523,674	80,78,81	854	149	0.004643166113	0.01930400155991488	0.645,0.587,0.744	0.49,0.539,0.592	0.118	NA	NA	NA	NA	RI	chr19|+|47755755|47756604|47755755|47755822|47756527|47756604	0.01930400155991488	0.118	0.6586666666666666	0.5403333333333333	4372	NA	NA	NA	NA	47755755	47755822	47756527	47756604	NA	NA	NA	NA	NA	NA	NA	47755755	47756604	113,117,119,61,56,86	70,140,163,47,89,96	462,549,551,333,378,492	62,99,50,80,78,81	NA	NA	NA	NA	NA	6856	chr19	+	NA	NA	NA	NA	NA	NA	6856	522,645,890	84,80,130	434,446,655	55,56,88	854	149	0.42943691109	0.6603945775585714	0.52,0.584,0.544	0.579,0.582,0.565	-0.026	NA	NA	NA	NA	0.6603945775585714	-0.026	0.5493333333333333	0.5753333333333333	4085	NA	NA	NA	NA	47755755	47755822	47756527	47756604	NA	NA	NA	NA	NA	NA	NA	47755755	47756604	58,106,100,44,69,50	50,103,172,69,83,110	414,436,618,321,294,495	84,80,130,55,56,88	NA	NA	NA	NA	NA
6861	ENSG00000198677.13	SKIC3	chr5	-	NA	NA	NA	NA	NA	NA	6861	58,22,75	21,15,15	40,5,33	26,35,30	234	149	0.00149702815563	0.00769469962307054	0.638,0.483,0.761	0.495,0.083,0.412	0.297	NA	NA	NA	NA	RI	chr5|-|95516524|95517060|95516524|95516586|95516671|95517060	0.00769469962307054	0.297	0.6273333333333333	0.33	375	NA	NA	NA	NA	95516524	95516586	95516671	95517060	NA	NA	NA	NA	NA	NA	NA	95516524	95517060	45,21,70,28,1,28	24,3,13,13,4,11	0,0,0,0,0,0	21,15,15,26,35,30	NA	NA	NA	NA	NA	6861	chr5	-	NA	NA	NA	NA	NA	NA	6861	32,47,79	23,5,26	41,23,24	16,35,27	234	149	0.0200300289145	0.06225493804151595	0.47,0.857,0.659	0.62,0.295,0.361	0.237	NA	NA	NA	NA	0.06225493804151595	0.237	0.662	0.42533333333333334	378	NA	NA	NA	NA	95516524	95516586	95516671	95517060	NA	NA	NA	NA	NA	NA	NA	95516524	95517060	26,36,76,33,13,23	7,20,13,13,16,2	0,0,0,0,0,0	23,5,26,16,35,27	NA	NA	NA	NA	NA
6871	ENSG00000198677.13	SKIC3	chr5	-	NA	NA	NA	NA	NA	NA	6871	136,105,80	0,0,0	48,44,37	0,0,8	3887	149	0.00561150325922	0.02232948603863533	1.0,1.0,1.0	1.0,1.0,0.151	0.283	NA	NA	NA	NA	RI	chr5|-|95543183|95547151|95543183|95543327|95547065|95547151	0.02232948603863533	0.283	1	0.717	458	NA	NA	NA	NA	95543183	95543327	95547065	95547151	NA	NA	NA	NA	NA	NA	NA	95543183	95547151	3,0,0,0,0,0	0,0,0,0,0,0	133,105,80,48,44,37	0,0,0,0,0,8	NA	NA	NA	NA	NA	6871	chr5	-	NA	NA	NA	NA	NA	NA	6871	85,63,7	0,18,0	24,71,23	3,6,0	3887	149	0.235022005125	0.42568094223167585	1.0,0.118,1.0	0.235,0.312,1.0	0.19	NA	NA	NA	NA	0.42568094223167585	0.19	0.706	0.5156666666666667	300	NA	NA	NA	NA	95543183	95543327	95547065	95547151	NA	NA	NA	NA	NA	NA	NA	95543183	95547151	0,0,0,0,0,0	2,3,0,0,0,0	83,60,7,24,71,23	0,18,0,3,6,0	NA	NA	NA	NA	NA
6894	ENSG00000186470.14	BTN3A2	chr6	+	NA	NA	NA	NA	NA	NA	6894	30,17,57	3,3,16	3,6,2	7,38,9	239	149	0	0	0.862,0.779,0.69	0.211,0.09,0.122	0.636	NA	NA	NA	NA	RI	chr6|+|26373275|26373413|26373275|26373296|26373386|26373413	0	0.636	0.777	0.141	191	NA	NA	NA	NA	26373275	26373296	26373386	26373413	NA	NA	NA	NA	NA	NA	NA	26373275	26373413	16,2,29,0,5,1	14,15,28,3,1,1	0,0,0,0,0,0	3,3,16,7,38,9	NA	NA	NA	NA	NA	6894	chr6	+	NA	NA	NA	NA	NA	NA	6894	22,16,29	13,2,5	7,2,7	0,2,4	239	149	0.931690412772	1	0.513,0.833,0.783	1.0,0.384,0.522	0.074	NA	NA	NA	NA	1	0.074	0.7096666666666667	0.6353333333333333	109	NA	NA	NA	NA	26373275	26373296	26373386	26373413	NA	NA	NA	NA	NA	NA	NA	26373275	26373413	0,2,16,0,0,6	22,14,15,7,2,1	0,0,0,0,0,0	13,2,5,0,2,4	NA	NA	NA	NA	NA
6906	ENSG00000177106.17	EPS8L2	chr11	+	NA	NA	NA	NA	NA	NA	6906	14,12,6	0,2,0	10,18,1	2,2,2	962	149	0.00105894855833	0.00586053480115483	1.0,0.482,1.0	0.436,0.582,0.072	0.464	NA	NA	NA	NA	RI	chr11|+|709552|710486|709552|709608|710421|710486	0.00586053480115483	0.464	0.8273333333333334	0.36333333333333334	69	NA	NA	NA	NA	709552	709608	710421	710486	NA	NA	NA	NA	NA	NA	NA	709552	710486	0,0,3,1,5,0	4,0,0,0,5,0	10,12,3,9,8,1	0,2,0,2,2,2	NA	NA	NA	NA	NA	6906	chr11	+	NA	NA	NA	NA	NA	NA	6906	15,28,11	17,2,4	10,16,12	3,3,0	962	149	0.225943545398	0.4133514300692281	0.12,0.684,0.299	0.34,0.452,1.0	-0.23	NA	NA	NA	NA	0.4133514300692281	-0.23	0.3676666666666667	0.5973333333333334	121	NA	NA	NA	NA	709552	709608	710421	710486	NA	NA	NA	NA	NA	NA	NA	709552	710486	0,12,4,3,0,12	6,2,7,0,4,0	9,14,0,7,12,0	17,2,4,3,3,0	NA	NA	NA	NA	NA
6910	ENSG00000100664.11	EIF5	chr14	+	NA	NA	NA	NA	NA	NA	6910	18,19,36	57,50,46	21,16,32	102,131,132	277	149	1.20867941986e-4	9.638000263435e-4	0.145,0.17,0.296	0.1,0.062,0.115	0.111	NA	NA	NA	NA	RI	chr14|+|103334236|103334597|103334236|103334260|103334388|103334597	9.638000263435e-4	0.111	0.20366666666666666	0.09233333333333334	660	NA	NA	NA	NA	103334236	103334260	103334388	103334597	NA	NA	NA	NA	NA	NA	NA	103334236	103334597	6,7,10,4,0,15	18,19,36,13,16,32	0,0,0,6,0,0	57,50,46,102,131,132	NA	NA	NA	NA	NA	6910	chr14	+	NA	NA	NA	NA	NA	NA	6910	24,19,25	95,35,85	32,12,11	103,95,139	277	149	0.00319023068961	0.0140523728187854	0.12,0.226,0.137	0.143,0.064,0.041	0.078	NA	NA	NA	NA	0.0140523728187854	0.078	0.161	0.08266666666666667	675	NA	NA	NA	NA	103334236	103334260	103334388	103334597	NA	NA	NA	NA	NA	NA	NA	103334236	103334597	11,4,1,5,5,0	24,19,25,32,11,11	0,0,0,0,0,0	95,35,85,103,95,139	NA	NA	NA	NA	NA
6921	ENSG00000106077.19	ABHD11	chr7	-	NA	NA	NA	NA	NA	NA	6921	147,168,138	7,20,27	48,64,154	28,17,41	319	149	1.93351404586e-4	0.00142332630602803	0.907,0.797,0.705	0.445,0.637,0.637	0.23	NA	NA	NA	NA	RI	chr7|-|73737220|73737735|73737220|73737391|73737561|73737735	0.00142332630602803	0.23	0.803	0.573	859	NA	NA	NA	NA	73737220	73737391	73737561	73737735	NA	NA	NA	NA	NA	NA	NA	73737220	73737735	66,84,67,10,37,82	64,53,55,27,27,62	17,31,16,11,0,10	7,20,27,28,17,41	NA	NA	NA	NA	NA	6921	chr7	-	NA	NA	NA	NA	NA	NA	6921	69,130,199	44,8,69	44,107,66	26,21,22	319	149	0.54594379809	0.779567961081402	0.423,0.884,0.574	0.441,0.704,0.584	0.051	NA	NA	NA	NA	0.779567961081402	0.051	0.627	0.5763333333333334	805	NA	NA	NA	NA	73737220	73737391	73737561	73737735	NA	NA	NA	NA	NA	NA	NA	73737220	73737735	43,66,124,30,64,16	18,53,60,14,30,30	8,11,15,0,13,20	44,8,69,26,21,22	NA	NA	NA	NA	NA
7042	ENSG00000143499.14	SMYD2	chr1	+	NA	NA	NA	NA	NA	NA	7042	403,388,455	32,40,26	164,197,269	49,78,67	1096	149	1.9984014443299998e-14	1.7019718967543837e-12	0.631,0.569,0.704	0.313,0.256,0.353	0.327	NA	NA	NA	NA	RI	chr1|+|214330949|214334308|214330949|214331070|214332017|214334308	1.7019718967543837e-12	0.327	0.6346666666666666	0.30733333333333335	2168	NA	NA	NA	NA	214330949	214331070	214332017	214334308	NA	NA	NA	NA	NA	NA	NA	214330949	214334308	16,37,30,15,14,27	97,70,98,56,65,61	290,281,327,93,118,181	32,40,26,49,78,67	NA	NA	NA	NA	NA	7042	chr1	+	NA	NA	NA	NA	NA	NA	7042	314,393,339	32,67,94	178,176,211	48,49,59	1096	149	0.0368120654254	0.10099017214548352	0.572,0.444,0.329	0.335,0.328,0.327	0.118	NA	NA	NA	NA	0.10099017214548352	0.118	0.4483333333333333	0.33	1960	NA	NA	NA	NA	214330949	214331070	214332017	214334308	NA	NA	NA	NA	NA	NA	NA	214330949	214334308	48,33,41,12,9,27	82,148,96,74,46,43	184,212,202,92,121,141	32,67,94,48,49,59	NA	NA	NA	NA	NA
7085	ENSG00000092094.11	OSGEP	chr14	-	NA	NA	NA	NA	NA	NA	7085	332,246,350	0,5,9	100,167,168	0,18,12	564	149	4.15818981865e-4	0.00272414743247455	1.0,0.929,0.911	1.0,0.71,0.787	0.114	NA	NA	NA	NA	RI	chr14|-|20447614|20448171|20447614|20447690|20448105|20448171	0.00272414743247455	0.114	0.9466666666666667	0.8323333333333334	1407	NA	NA	NA	NA	20447614	20447690	20448105	20448171	NA	NA	NA	NA	NA	NA	NA	20447614	20448171	124,75,124,29,32,29	153,138,143,45,97,110	55,33,83,26,38,29	0,5,9,0,18,12	NA	NA	NA	NA	NA	7085	chr14	-	NA	NA	NA	NA	NA	NA	7085	158,301,361	14,0,13	66,109,129	4,11,2	564	149	0.267326679814	0.4678634526804245	0.749,1.0,0.88	0.813,0.724,0.945	0.049	NA	NA	NA	NA	0.4678634526804245	0.049	0.8763333333333333	0.8273333333333333	1168	NA	NA	NA	NA	20447614	20447690	20448105	20448171	NA	NA	NA	NA	NA	NA	NA	20447614	20448171	35,157,112,20,38,52	89,88,148,33,55,61	34,56,101,13,16,16	14,0,13,4,11,2	NA	NA	NA	NA	NA
7112	ENSG00000112759.19	SLC29A1	chr6	+	NA	NA	NA	NA	NA	NA	7112	1170,1102,1178	151,172,153	201,403,473	105,118,126	527	149	3.54745653963e-8	7.910183091276784e-7	0.687,0.644,0.685	0.351,0.491,0.515	0.22	NA	NA	NA	NA	RI	chr6|+|44232342|44233006|44232342|44232428|44232806|44233006	7.910183091276784e-7	0.22	0.672	0.4523333333333333	5352	NA	NA	NA	NA	44232342	44232428	44232806	44233006	NA	NA	NA	NA	NA	NA	NA	44232342	44233006	408,322,310,57,141,118	133,141,158,13,46,60	629,639,710,131,216,295	151,172,153,105,118,126	NA	NA	NA	NA	NA	7112	chr6	+	NA	NA	NA	NA	NA	NA	7112	1163,1188,1105	116,240,193	222,406,339	43,115,65	527	149	0.0279185135661	0.0807084267236371	0.739,0.583,0.618	0.593,0.5,0.596	0.084	NA	NA	NA	NA	0.0807084267236371	0.084	0.6466666666666666	0.563	5195	NA	NA	NA	NA	44232342	44232428	44232806	44233006	NA	NA	NA	NA	NA	NA	NA	44232342	44233006	360,351,319,72,123,68	142,180,142,22,69,35	661,657,644,128,214,236	116,240,193,43,115,65	NA	NA	NA	NA	NA
7135	ENSG00000164073.11	MFSD8	chr4	-	NA	NA	NA	NA	NA	NA	7135	203,204,250	23,1,24	44,72,83	10,11,15	836	149	0.00347237798994	0.01534050564431706	0.611,0.973,0.65	0.44,0.538,0.497	0.253	NA	NA	NA	NA	RI	chr4|-|127920556|127921771|127920556|127920836|127921523|127921771	0.01534050564431706	0.253	0.7446666666666667	0.4916666666666667	940	NA	NA	NA	NA	127920556	127920836	127921523	127921771	NA	NA	NA	NA	NA	NA	NA	127920556	127921771	38,26,53,17,17,24	31,51,35,14,7,14	134,127,162,13,48,45	23,1,24,10,11,15	NA	NA	NA	NA	NA	7135	chr4	-	NA	NA	NA	NA	NA	NA	7135	114,236,162	0,32,9	120,83,105	4,6,19	836	149	0.341402874093	0.5611681972366976	1.0,0.568,0.762	0.842,0.711,0.496	0.094	NA	NA	NA	NA	0.5611681972366976	0.094	0.7766666666666666	0.6829999999999999	890	NA	NA	NA	NA	127920556	127920836	127921523	127921771	NA	NA	NA	NA	NA	NA	NA	127920556	127921771	16,47,65,43,22,20	28,42,25,29,19,10	70,147,72,48,42,75	0,32,9,4,6,19	NA	NA	NA	NA	NA
7149	ENSG00000159788.20	RGS12	chr4	+	NA	NA	NA	NA	NA	NA	7149	10,36,10	9,26,9	1,0,1	10,24,11	659	149	4.61519711337e-13	3.102768766551848e-11	0.201,0.238,0.201	0.022,0.0,0.02	0.199	NA	NA	NA	NA	RI	chr4|+|3414071|3414844|3414071|3414241|3414751|3414844	3.102768766551848e-11	0.199	0.21333333333333335	0.014	147	NA	NA	NA	NA	3414071	3414241	3414751	3414844	NA	NA	NA	NA	NA	NA	NA	3414071	3414844	0,19,0,0,0,0	10,4,10,1,0,0	0,13,0,0,0,1	9,26,9,10,24,11	NA	NA	NA	NA	NA	7149	chr4	+	NA	NA	NA	NA	NA	NA	7149	31,18,8	10,21,4	0,5,16	19,1,14	659	149	0.0466396740176	0.12208798933345748	0.412,0.162,0.311	0.0,0.531,0.205	0.05	NA	NA	NA	NA	0.12208798933345748	0.05	0.295	0.24533333333333335	147	NA	NA	NA	NA	3414071	3414241	3414751	3414844	NA	NA	NA	NA	NA	NA	NA	3414071	3414844	0,0,0,0,5,2	0,0,8,0,0,14	31,18,0,0,0,0	10,21,4,19,1,14	NA	NA	NA	NA	NA
7155	ENSG00000161048.12	NAPEPLD	chr7	-	NA	NA	NA	NA	NA	NA	7155	14,11,10	6,3,8	6,0,6	6,4,14	450	149	0.00214339120172	0.01030845086191924	0.436,0.548,0.293	0.249,0.0,0.124	0.301	NA	NA	NA	NA	RI	chr7|-|103099775|103103554|103099775|103103122|103103423|103103554	0.01030845086191924	0.301	0.4256666666666667	0.12433333333333334	88	NA	NA	NA	NA	103099775	103103122	103103423	103103554	NA	NA	NA	NA	NA	NA	NA	103099775	103103554	0,0,0,0,0,1	14,11,9,6,0,5	0,0,1,0,0,0	6,3,8,6,4,14	NA	NA	NA	NA	NA	7155	chr7	-	NA	NA	NA	NA	NA	NA	7155	3,22,16	8,19,9	5,4,2	2,43,2	450	149	0.0309872037004	0.08781404183327808	0.11,0.277,0.371	0.453,0.03,0.249	0.009	NA	NA	NA	NA	0.08781404183327808	0.009	0.25266666666666665	0.244	135	NA	NA	NA	NA	103099775	103103122	103103423	103103554	NA	NA	NA	NA	NA	NA	NA	103099775	103103554	0,1,0,0,0,0	3,21,9,5,4,0	0,0,7,0,0,2	8,19,9,2,43,2	NA	NA	NA	NA	NA
7181	ENSG00000146282.19	RARS2	chr6	-	NA	NA	NA	NA	NA	NA	7181	490,464,524	123,89,119	224,300,296	99,102,164	1437	149	1.09941680204e-8	2.844567016923747e-7	0.292,0.351,0.313	0.19,0.234,0.158	0.125	NA	NA	NA	NA	RI	chr6|-|87516805|87518739|87516805|87516880|87518168|87518739	2.844567016923747e-7	0.125	0.31866666666666665	0.194	2994	NA	NA	NA	NA	87516805	87516880	87518168	87518739	NA	NA	NA	NA	NA	NA	NA	87516805	87518739	56,52,100,14,31,38	47,57,33,32,71,36	387,355,391,178,198,222	123,89,119,99,102,164	NA	NA	NA	NA	NA	7181	chr6	-	NA	NA	NA	NA	NA	NA	7181	437,449,522	111,100,106	189,317,393	89,75,142	1437	149	0.00339498188079	0.01474985293387828	0.29,0.318,0.338	0.18,0.305,0.223	0.079	NA	NA	NA	NA	0.01474985293387828	0.079	0.31533333333333335	0.236	2930	NA	NA	NA	NA	87516805	87516880	87518168	87518739	NA	NA	NA	NA	NA	NA	NA	87516805	87518739	83,44,60,25,77,56	49,50,34,22,38,48	305,355,428,142,202,289	111,100,106,89,75,142	NA	NA	NA	NA	NA
7202	ENSG00000067182.9	TNFRSF1A	chr12	-	NA	NA	NA	NA	NA	NA	7202	148,186,126	87,117,95	41,32,43	36,35,67	368	149	6.61925376824e-4	0.00397544212603797	0.408,0.392,0.349	0.316,0.27,0.206	0.119	NA	NA	NA	NA	RI	chr12|-|6333068|6333516|6333068|6333147|6333366|6333516	0.00397544212603797	0.119	0.383	0.264	1013	NA	NA	NA	NA	6333068	6333147	6333366	6333516	NA	NA	NA	NA	NA	NA	NA	6333068	6333516	53,111,51,11,4,36	69,57,65,14,10,2	26,18,10,16,18,5	87,117,95,36,35,67	NA	NA	NA	NA	NA	7202	chr12	-	NA	NA	NA	NA	NA	NA	7202	138,212,158	57,142,69	10,90,55	17,38,54	368	149	0.0979164467759	0.2201479605657707	0.495,0.377,0.481	0.192,0.49,0.292	0.126	NA	NA	NA	NA	0.2201479605657707	0.126	0.451	0.32466666666666666	1040	NA	NA	NA	NA	6333068	6333147	6333366	6333516	NA	NA	NA	NA	NA	NA	NA	6333068	6333516	46,92,86,3,20,24	43,73,37,5,44,17	49,47,35,2,26,14	57,142,69,17,38,54	NA	NA	NA	NA	NA
7225	ENSG00000168096.15	ANKS3	chr16	-	NA	NA	NA	NA	NA	NA	7225	97,118,76	4,29,46	44,52,43	25,24,51	707	149	0.0112758735054	0.03926385936122248	0.836,0.462,0.258	0.271,0.313,0.151	0.274	NA	NA	NA	NA	RI	chr16|-|4701433|4702242|4701433|4701543|4702101|4702242	0.03926385936122248	0.274	0.5186666666666666	0.245	609	NA	NA	NA	NA	4701433	4701543	4702101	4702242	NA	NA	NA	NA	NA	NA	NA	4701433	4702242	11,34,27,4,16,5	16,26,5,8,9,2	70,58,44,32,27,36	4,29,46,25,24,51	NA	NA	NA	NA	NA	7225	chr16	-	NA	NA	NA	NA	NA	NA	7225	123,62,240	34,30,44	66,69,46	10,31,49	707	149	0.256769275541	0.4528708104532999	0.433,0.303,0.535	0.582,0.319,0.165	0.068	NA	NA	NA	NA	0.4528708104532999	0.068	0.4236666666666667	0.35533333333333333	804	NA	NA	NA	NA	4701433	4701543	4702101	4702242	NA	NA	NA	NA	NA	NA	NA	4701433	4702242	6,10,22,2,14,2	17,7,31,10,15,4	100,45,187,54,40,40	34,30,44,10,31,49	NA	NA	NA	NA	NA
7241	ENSG00000204843.13	DCTN1	chr2	-	NA	NA	NA	NA	NA	NA	7241	220,304,238	65,69,58	79,48,102	31,53,37	745	149	6.29036460879e-4	0.00381528346004948	0.404,0.468,0.451	0.338,0.153,0.355	0.159	NA	NA	NA	NA	RI	chr2|-|74367970|74368880|74367970|74368131|74368727|74368880	0.00381528346004948	0.159	0.441	0.28200000000000003	1304	NA	NA	NA	NA	74367970	74368131	74368727	74368880	NA	NA	NA	NA	NA	NA	NA	74367970	74368880	36,23,16,4,16,1	38,49,41,3,17,13	146,232,181,72,15,88	65,69,58,31,53,37	NA	NA	NA	NA	NA	7241	chr2	-	NA	NA	NA	NA	NA	NA	7241	196,367,283	51,70,75	96,78,73	16,30,58	745	149	0.0967731222508	0.2179018960747879	0.435,0.512,0.43	0.545,0.342,0.201	0.096	NA	NA	NA	NA	0.2179018960747879	0.096	0.459	0.3626666666666667	1393	NA	NA	NA	NA	74367970	74368131	74368727	74368880	NA	NA	NA	NA	NA	NA	NA	74367970	74368880	22,11,15,3,1,0	47,54,11,4,11,3	127,302,257,89,66,70	51,70,75,16,30,58	NA	NA	NA	NA	NA
7243	ENSG00000160953.17	PWWP3A	chr19	+	NA	NA	NA	NA	NA	NA	7243	574,477,680	6,2,0	483,357,654	16,10,26	1448	149	5.39472910788e-11	2.346133254575898e-9	0.908,0.961,1.0	0.756,0.786,0.721	0.202	NA	NA	NA	NA	RI	chr19|+|1357008|1358464|1357008|1357094|1358393|1358464	2.346133254575898e-9	0.202	0.9563333333333334	0.7543333333333333	3285	NA	NA	NA	NA	1357008	1357094	1358393	1358464	NA	NA	NA	NA	NA	NA	NA	1357008	1358464	54,79,64,71,22,75	81,72,156,88,74,65	439,326,460,324,261,514	6,2,0,16,10,26	NA	NA	NA	NA	NA	7243	chr19	+	NA	NA	NA	NA	NA	NA	7243	481,520,549	3,8,28	324,454,406	0,2,12	1448	149	0.0664430958435	0.1623179028312688	0.943,0.87,0.669	1.0,0.959,0.777	-0.085	NA	NA	NA	NA	0.1623179028312688	-0.085	0.8273333333333334	0.912	2787	NA	NA	NA	NA	1357008	1357094	1358393	1358464	NA	NA	NA	NA	NA	NA	NA	1357008	1358464	36,46,40,25,24,56	94,126,91,57,94,58	351,348,418,242,336,292	3,8,28,0,2,12	NA	NA	NA	NA	NA
7282	ENSG00000240344.10	PPIL3	chr2	-	NA	NA	NA	NA	NA	NA	7282	237,193,334	69,63,120	48,39,83	33,28,48	1002	149	2.87195700688e-5	2.8132332853335e-4	0.338,0.313,0.293	0.178,0.172,0.205	0.13	NA	NA	NA	NA	RI	chr2|-|200881420|200882435|200881420|200881488|200882341|200882435	2.8132332853335e-4	0.13	0.31466666666666665	0.185	1295	NA	NA	NA	NA	200881420	200881488	200882341	200882435	NA	NA	NA	NA	NA	NA	NA	200881420	200882435	80,44,85,16,8,19	54,35,87,8,8,29	103,114,162,24,23,35	69,63,120,33,28,48	NA	NA	NA	NA	NA	7282	chr2	-	NA	NA	NA	NA	NA	NA	7282	110,166,279	37,61,72	51,89,82	20,18,43	1002	149	0.520655626419	0.7556451160644895	0.307,0.288,0.366	0.275,0.424,0.221	0.014	NA	NA	NA	NA	0.7556451160644895	0.014	0.3203333333333333	0.30666666666666664	1028	NA	NA	NA	NA	200881420	200881488	200882341	200882435	NA	NA	NA	NA	NA	NA	NA	200881420	200882435	53,56,109,9,36,23	18,27,28,20,11,12	39,83,142,22,42,47	37,61,72,20,18,43	NA	NA	NA	NA	NA
7285	ENSG00000130244.13	FAM98C	chr19	+	NA	NA	NA	NA	NA	NA	7285	34,23,24	52,36,37	9,5,9	23,30,20	222	149	0.00815803248543	0.03023094878771804	0.305,0.3,0.303	0.208,0.101,0.232	0.122	NA	NA	NA	NA	RI	chr19|+|38403337|38403694|38403337|38403486|38403559|38403694	0.03023094878771804	0.122	0.30266666666666664	0.18033333333333335	302	NA	NA	NA	NA	38403337	38403486	38403559	38403694	NA	NA	NA	NA	NA	NA	NA	38403337	38403694	25,9,12,8,4,2	22,16,16,9,3,7	0,0,0,0,0,0	52,36,37,23,30,20	NA	NA	NA	NA	NA	7285	chr19	+	NA	NA	NA	NA	NA	NA	7285	24,10,27	49,32,59	5,1,12	6,8,29	222	149	0.678412097524	0.8894769120597993	0.247,0.173,0.235	0.359,0.077,0.217	0.001	NA	NA	NA	NA	0.8894769120597993	0.001	0.21833333333333332	0.21766666666666667	262	NA	NA	NA	NA	38403337	38403486	38403559	38403694	NA	NA	NA	NA	NA	NA	NA	38403337	38403694	9,5,20,5,1,1	24,7,21,0,1,11	0,0,0,0,0,0	49,32,59,6,8,29	NA	NA	NA	NA	NA
7290	ENSG00000198198.17	SZT2	chr1	+	NA	NA	NA	NA	NA	NA	7290	420,301,350	45,8,14	399,290,321	40,39,59	1344	149	0.00157520751543	0.00804260823032203	0.509,0.807,0.735	0.525,0.452,0.376	0.233	NA	NA	NA	NA	RI	chr1|+|43432988|43434485|43432988|43433190|43434385|43434485	0.00804260823032203	0.233	0.6836666666666666	0.451	2286	NA	NA	NA	NA	43432988	43433190	43434385	43434485	NA	NA	NA	NA	NA	NA	NA	43432988	43434485	13,15,34,14,18,24	57,40,20,42,27,27	350,246,296,343,245,270	45,8,14,40,39,59	NA	NA	NA	NA	NA	7290	chr1	+	NA	NA	NA	NA	NA	NA	7290	389,314,372	16,24,28	347,401,333	70,23,29	1344	149	0.10114175037	0.22505343790878043	0.729,0.592,0.596	0.355,0.659,0.56	0.114	NA	NA	NA	NA	0.22505343790878043	0.114	0.639	0.5246666666666667	2346	NA	NA	NA	NA	43432988	43433190	43434385	43434485	NA	NA	NA	NA	NA	NA	NA	43432988	43434485	3,11,26,8,24,14	28,36,31,22,24,29	358,267,315,317,353,290	16,24,28,70,23,29	NA	NA	NA	NA	NA
7291	ENSG00000198198.17	SZT2	chr1	+	NA	NA	NA	NA	NA	NA	7291	54,12,29	0,0,0	18,20,51	0,14,0	844	149	0.00500809002298	0.020459432392347342	1.0,1.0,1.0	1.0,0.201,1.0	0.266	NA	NA	NA	NA	RI	chr1|+|43446178|43447168|43446178|43446259|43446954|43447168	0.020459432392347342	0.266	1	0.7336666666666667	198	NA	NA	NA	NA	43446178	43446259	43446954	43447168	NA	NA	NA	NA	NA	NA	NA	43446178	43447168	23,0,3,1,0,8	5,5,0,0,3,5	26,7,26,17,17,38	0,0,0,0,14,0	NA	NA	NA	NA	NA	7291	chr1	+	NA	NA	NA	NA	NA	NA	7291	15,22,36	0,4,0	32,29,26	0,0,0	844	149	0.0930920916751	0.2112910150742337	1.0,0.493,1.0	1.0,1.0,1.0	-0.169	NA	NA	NA	NA	0.2112910150742337	-0.169	0.831	1	164	NA	NA	NA	NA	43446178	43446259	43446954	43447168	NA	NA	NA	NA	NA	NA	NA	43446178	43447168	0,8,6,4,3,4	13,2,11,0,0,9	2,12,19,28,26,13	0,4,0,0,0,0	NA	NA	NA	NA	NA
7294	ENSG00000117569.20	PTBP2	chr1	+	NA	NA	NA	NA	NA	NA	7294	941,864,1003	4,0,0	565,914,1030	11,3,18	1628	149	2.3661263282e-8	5.450853301910517e-7	0.956,1.0,1.0	0.825,0.965,0.84	0.109	NA	NA	NA	NA	RI	chr1|+|96804799|96806452|96804799|96804939|96806418|96806452	5.450853301910517e-7	0.109	0.9853333333333333	0.8766666666666666	5353	NA	NA	NA	NA	96804799	96804939	96806418	96806452	NA	NA	NA	NA	NA	NA	NA	96804799	96806452	34,22,24,41,42,54	139,165,93,99,128,190	768,677,886,425,744,786	4,0,0,11,3,18	NA	NA	NA	NA	NA	7294	chr1	+	NA	NA	NA	NA	NA	NA	7294	519,733,1049	0,0,1	508,780,756	0,1,4	1628	149	0.497463980812	0.7311231394800847	1.0,1.0,0.99	1.0,0.986,0.945	0.02	NA	NA	NA	NA	0.7311231394800847	0.02	0.9966666666666667	0.977	4351	NA	NA	NA	NA	96804799	96804939	96806418	96806452	NA	NA	NA	NA	NA	NA	NA	96804799	96806452	42,20,26,16,17,56	114,87,167,67,134,115	363,626,856,425,629,585	0,0,1,0,1,4	NA	NA	NA	NA	NA
7306	ENSG00000155906.20	RMND1	chr6	-	NA	NA	NA	NA	NA	NA	7306	45,59,46	11,33,17	15,27,18	5,32,31	1368	149	7.13806297864e-4	0.00424133742102911	0.308,0.163,0.228	0.246,0.084,0.059	0.103	NA	NA	NA	NA	RI	chr6|-|151421244|151422605|151421244|151421321|151422540|151422605	0.00424133742102911	0.103	0.233	0.12966666666666665	339	NA	NA	NA	NA	151421244	151421321	151422540	151422605	NA	NA	NA	NA	NA	NA	NA	151421244	151422605	0,6,5,4,4,3	0,0,4,0,0,3	45,53,37,11,23,12	11,33,17,5,32,31	NA	NA	NA	NA	NA	7306	chr6	-	NA	NA	NA	NA	NA	NA	7306	37,21,41	34,70,72	13,24,23	29,31,38	1368	149	0.834427062345	1	0.106,0.032,0.058	0.047,0.078,0.062	0.003	NA	NA	NA	NA	1	0.003	0.06533333333333333	0.06233333333333333	433	NA	NA	NA	NA	151421244	151421321	151422540	151422605	NA	NA	NA	NA	NA	NA	NA	151421244	151422605	20,8,1,8,2,3	2,0,0,1,0,3	15,13,40,4,22,17	34,70,72,29,31,38	NA	NA	NA	NA	NA
7309	ENSG00000175832.13	ETV4	chr17	-	NA	NA	NA	NA	NA	NA	7309	45,44,51	34,16,20	18,19,54	20,51,53	339	149	1.73269667924e-4	0.00129571902891459	0.368,0.547,0.528	0.283,0.141,0.309	0.237	NA	NA	NA	NA	RI	chr17|-|43545273|43545668|43545273|43545367|43545557|43545668	0.00129571902891459	0.237	0.48100000000000004	0.24433333333333332	425	NA	NA	NA	NA	43545273	43545367	43545557	43545668	NA	NA	NA	NA	NA	NA	NA	43545273	43545668	33,24,33,14,19,51	12,15,2,4,0,3	0,5,16,0,0,0	34,16,20,20,51,53	NA	NA	NA	NA	NA	7309	chr17	-	NA	NA	NA	NA	NA	NA	7309	27,28,22	40,45,19	28,44,51	56,23,58	339	149	0.463355181511	0.6979800302182413	0.229,0.215,0.337	0.18,0.457,0.279	-0.045	NA	NA	NA	NA	0.6979800302182413	-0.045	0.26033333333333336	0.30533333333333335	441	NA	NA	NA	NA	43545273	43545367	43545557	43545668	NA	NA	NA	NA	NA	NA	NA	43545273	43545668	21,13,15,25,29,37	2,9,1,0,2,6	4,6,6,3,13,8	40,45,19,56,23,58	NA	NA	NA	NA	NA
7369	ENSG00000122512.17	PMS2	chr7	-	NA	NA	NA	NA	NA	NA	7369	90,91,72	1,0,2	26,24,65	1,3,13	1841	149	8.450476917e-6	9.703806077723596e-5	0.879,1.0,0.744	0.678,0.393,0.288	0.421	NA	NA	NA	NA	RI	chr7|-|5995533|5997423|5995533|5995633|5997325|5997423	9.703806077723596e-5	0.421	0.8743333333333333	0.453	388	NA	NA	NA	NA	5995533	5995633	5997325	5997423	NA	NA	NA	NA	NA	NA	NA	5995533	5997423	5,10,17,9,1,3	22,12,6,4,3,4	63,69,49,13,20,58	1,0,2,1,3,13	NA	NA	NA	NA	NA	7369	chr7	-	NA	NA	NA	NA	NA	NA	7369	90,107,114	10,19,4	15,52,68	0,2,10	1841	149	0.429726630664	0.6604283162166457	0.421,0.313,0.698	1.0,0.678,0.355	-0.2	NA	NA	NA	NA	0.6604283162166457	-0.2	0.47733333333333333	0.6776666666666666	491	NA	NA	NA	NA	5995533	5995633	5997325	5997423	NA	NA	NA	NA	NA	NA	NA	5995533	5997423	24,0,19,6,9,0	9,17,16,0,1,9	57,90,79,9,42,59	10,19,4,0,2,10	NA	NA	NA	NA	NA
7370	ENSG00000122512.17	PMS2	chr7	-	NA	NA	NA	NA	NA	NA	7370	5,8,1	22,3,6	3,0,0	16,9,40	328	149	1.57209283853e-4	0.00119459599134524	0.094,0.548,0.07	0.078,0.0,0.0	0.211	NA	NA	NA	NA	RI	chr7|-|6003537|6004058|6003537|6003792|6003971|6004058	0.00119459599134524	0.211	0.23733333333333337	0.026000000000000002	113	NA	NA	NA	NA	6003537	6003792	6003971	6004058	NA	NA	NA	NA	NA	NA	NA	6003537	6004058	5,4,1,0,0,0	0,4,0,3,0,0	0,0,0,0,0,0	22,3,6,16,9,40	NA	NA	NA	NA	NA	7370	chr7	-	NA	NA	NA	NA	NA	NA	7370	5,0,3	5,20,38	0,15,0	3,8,25	328	149	0.395171558423	0.6237341807263483	0.312,0.0,0.035	0.0,0.46,0.0	-0.038	NA	NA	NA	NA	0.6237341807263483	-0.038	0.11566666666666667	0.15333333333333332	122	NA	NA	NA	NA	6003537	6003792	6003971	6004058	NA	NA	NA	NA	NA	NA	NA	6003537	6004058	4,0,3,0,8,0	1,0,0,0,0,0	0,0,0,0,7,0	5,20,38,3,8,25	NA	NA	NA	NA	NA
7372	ENSG00000197912.16	SPG7	chr16	+	NA	NA	NA	NA	NA	NA	7372	483,538,406	44,86,95	251,330,334	78,86,127	1252	149	4.2105309176e-4	0.00274962466312281	0.566,0.427,0.337	0.277,0.314,0.238	0.167	NA	NA	NA	NA	RI	chr16|+|89529476|89530808|89529476|89529579|89530682|89530808	0.00274962466312281	0.167	0.4433333333333333	0.2763333333333333	2858	NA	NA	NA	NA	89529476	89529579	89530682	89530808	NA	NA	NA	NA	NA	NA	NA	89529476	89530808	109,66,86,34,55,39	55,43,53,34,83,63	319,429,267,183,192,232	44,86,95,78,86,127	NA	NA	NA	NA	NA	7372	chr16	+	NA	NA	NA	NA	NA	NA	7372	483,474,392	57,140,88	264,285,303	102,67,101	1252	149	0.0299021282733	0.0853397696798009	0.502,0.287,0.346	0.235,0.336,0.263	0.1	NA	NA	NA	NA	0.0853397696798009	0.1	0.3783333333333333	0.278	2756	NA	NA	NA	NA	89529476	89529579	89530682	89530808	NA	NA	NA	NA	NA	NA	NA	89529476	89530808	116,115,47,52,46,56	53,64,65,47,20,56	314,295,280,165,219,191	57,140,88,102,67,101	NA	NA	NA	NA	NA
7400	ENSG00000167103.12	PIP5KL1	chr9	-	NA	NA	NA	NA	NA	NA	7400	144,29,133	126,113,163	20,21,26	104,151,206	237	149	1.8317757533e-8	4.320172661244462e-7	0.418,0.139,0.339	0.108,0.08,0.074	0.211	NA	NA	NA	NA	RI	chr9|-|127927152|127927331|127927152|127927208|127927296|127927331	4.320172661244462e-7	0.211	0.2986666666666667	0.08733333333333333	1236	NA	NA	NA	NA	127927152	127927208	127927296	127927331	NA	NA	NA	NA	NA	NA	NA	127927152	127927331	96,25,91,20,19,22	78,4,93,6,6,16	0,0,0,0,0,0	126,113,163,104,151,206	NA	NA	NA	NA	NA	7400	chr9	-	NA	NA	NA	NA	NA	NA	7400	64,79,140	131,208,211	25,46,83	111,149,212	237	149	0.00242513322466	0.0111541352198947	0.235,0.193,0.294	0.124,0.163,0.198	0.079	NA	NA	NA	NA	0.0111541352198947	0.079	0.24066666666666667	0.16166666666666668	1459	NA	NA	NA	NA	127927152	127927208	127927296	127927331	NA	NA	NA	NA	NA	NA	NA	127927152	127927331	58,65,124,25,37,63	26,40,91,11,20,41	0,0,0,0,0,0	131,208,211,111,149,212	NA	NA	NA	NA	NA
7463	ENSG00000122678.17	POLM	chr7	-	NA	NA	NA	NA	NA	NA	7463	159,150,134	0,0,2	109,111,170	4,5,18	326	149	1.02276376257e-8	2.668760592374145e-7	1.0,1.0,0.968	0.926,0.91,0.812	0.107	NA	NA	NA	NA	RI	chr7|-|44074130|44074530|44074130|44074220|44074397|44074530	2.668760592374145e-7	0.107	0.9893333333333333	0.8826666666666667	862	NA	NA	NA	NA	44074130	44074220	44074397	44074530	NA	NA	NA	NA	NA	NA	NA	44074130	44074530	60,47,74,36,51,61	63,103,40,45,30,67	36,0,20,28,30,42	0,0,2,4,5,18	NA	NA	NA	NA	NA	7463	chr7	-	NA	NA	NA	NA	NA	NA	7463	97,186,203	0,8,0	101,104,109	0,9,13	326	149	4.06072971887e-4	0.00248961896165034	1.0,0.914,1.0	1.0,0.841,0.793	0.093	NA	NA	NA	NA	0.00248961896165034	0.093	0.9713333333333334	0.878	830	NA	NA	NA	NA	44074130	44074220	44074397	44074530	NA	NA	NA	NA	NA	NA	NA	44074130	44074530	23,74,114,39,38,49	32,75,61,46,46,38	42,37,28,16,20,22	0,8,0,0,9,13	NA	NA	NA	NA	NA
7488	ENSG00000136279.21	DBNL	chr7	+	NA	NA	NA	NA	NA	NA	7488	255,244,244	35,46,39	188,172,162	38,39,60	418	149	0.0111425480159	0.03893225323846085	0.722,0.654,0.69	0.638,0.611,0.49	0.109	NA	NA	NA	NA	RI	chr7|+|44057781|44058280|44057781|44057859|44058128|44058280	0.03893225323846085	0.109	0.6886666666666666	0.5796666666666667	1522	NA	NA	NA	NA	44057781	44057859	44058128	44058280	NA	NA	NA	NA	NA	NA	NA	44057781	44058280	77,111,116,98,54,62	96,91,61,42,81,54	82,42,67,48,37,46	35,46,39,38,39,60	NA	NA	NA	NA	NA	7488	chr7	+	NA	NA	NA	NA	NA	NA	7488	199,252,287	30,64,52	104,223,175	59,27,78	418	149	0.136014206083	0.2828477240135114	0.703,0.584,0.663	0.386,0.746,0.444	0.125	NA	NA	NA	NA	0.2828477240135114	0.125	0.65	0.5253333333333333	1550	NA	NA	NA	NA	44057781	44057859	44058128	44058280	NA	NA	NA	NA	NA	NA	NA	44057781	44058280	83,58,144,36,96,62	84,134,81,44,65,63	32,60,62,24,62,50	30,64,52,59,27,78	NA	NA	NA	NA	NA
7505	ENSG00000126522.17	ASL	chr7	+	NA	NA	NA	NA	NA	NA	7505	183,104,67	56,27,25	65,85,66	40,34,39	331	149	0.00513215635395	0.02077252987618574	0.595,0.634,0.547	0.422,0.529,0.432	0.131	NA	NA	NA	NA	RI	chr7|+|66075833|66076093|66075833|66075856|66076038|66076093	0.02077252987618574	0.131	0.592	0.461	791	NA	NA	NA	NA	66075833	66075856	66076038	66076093	NA	NA	NA	NA	NA	NA	NA	66075833	66076093	16,12,10,11,8,8	114,71,52,36,67,37	53,21,5,18,10,21	56,27,25,40,34,39	NA	NA	NA	NA	NA	7505	chr7	+	NA	NA	NA	NA	NA	NA	7505	59,174,91	42,40,57	105,97,71	48,60,53	331	149	0.381084919789	0.6083457125576978	0.387,0.662,0.418	0.496,0.421,0.376	0.058	NA	NA	NA	NA	0.6083457125576978	0.058	0.489	0.431	897	NA	NA	NA	NA	66075833	66075856	66076038	66076093	NA	NA	NA	NA	NA	NA	NA	66075833	66076093	15,21,6,16,14,11	40,74,46,73,57,52	4,79,39,16,26,8	42,40,57,48,60,53	NA	NA	NA	NA	NA
7517	ENSG00000121879.6	PIK3CA	chr3	+	NA	NA	NA	NA	NA	NA	7517	27,11,18	14,16,10	2,0,1	5,2,21	710	149	7.86154275012e-9	2.1425324508327037e-7	0.288,0.126,0.274	0.077,0.0,0.01	0.2	NA	NA	NA	NA	RI	chr3|+|179229271|179230121|179229271|179229442|179230003|179230121	2.1425324508327037e-7	0.2	0.22933333333333333	0.029	127	NA	NA	NA	NA	179229271	179229442	179230003	179230121	NA	NA	NA	NA	NA	NA	NA	179229271	179230121	4,4,16,2,0,0	14,4,0,0,0,1	9,3,2,0,0,0	14,16,10,5,2,21	NA	NA	NA	NA	NA	7517	chr3	+	NA	NA	NA	NA	NA	NA	7517	1,7,0	4,13,15	7,6,4	8,8,11	710	149	0.0327446631486	0.091974428257858315	0.05,0.102,0.0	0.155,0.136,0.071	-0.07	NA	NA	NA	NA	0.091974428257858315	-0.07	0.050666666666666665	0.12066666666666667	84	NA	NA	NA	NA	179229271	179229442	179230003	179230121	NA	NA	NA	NA	NA	NA	NA	179229271	179230121	0,3,0,2,0,4	1,0,0,4,6,0	0,4,0,1,0,0	4,13,15,8,8,11	NA	NA	NA	NA	NA
7519	ENSG00000154222.15	CC2D1B	chr1	-	NA	NA	NA	NA	NA	NA	7519	284,324,316	46,56,26	148,169,194	40,37,79	581	149	3.49440741258e-4	0.00234438799277249	0.613,0.597,0.757	0.487,0.539,0.386	0.185	NA	NA	NA	NA	RI	chr1|-|52357780|52358461|52357780|52357898|52358330|52358461	0.00234438799277249	0.185	0.6556666666666666	0.4706666666666667	1719	NA	NA	NA	NA	52357780	52357898	52358330	52358461	NA	NA	NA	NA	NA	NA	NA	52357780	52358461	61,82,89,39,38,38	41,78,65,27,44,48	182,164,162,82,87,108	46,56,26,40,37,79	NA	NA	NA	NA	NA	7519	chr1	-	NA	NA	NA	NA	NA	NA	7519	138,234,277	28,47,60	151,161,181	41,21,67	581	149	0.509649224235	0.7443274690583238	0.558,0.561,0.542	0.486,0.663,0.409	0.034	NA	NA	NA	NA	0.7443274690583238	0.034	0.5536666666666668	0.5193333333333333	1406	NA	NA	NA	NA	52357780	52357898	52358330	52358461	NA	NA	NA	NA	NA	NA	NA	52357780	52358461	57,52,74,42,27,40	8,28,35,36,25,29	73,154,168,73,109,112	28,47,60,41,21,67	NA	NA	NA	NA	NA
7543	ENSG00000104522.16	GFUS	chr8	-	NA	NA	NA	NA	NA	NA	7543	641,759,730	1142,1164,1219	194,239,313	2250,2428,1257	379	149	0	0	0.181,0.204,0.191	0.033,0.037,0.089	0.139	NA	NA	NA	NA	RI	chr8|-|143612617|143613295|143612617|143612965|143613195|143613295	0	0.139	0.192	0.053	12336	NA	NA	NA	NA	143612617	143612965	143613195	143613295	NA	NA	NA	NA	NA	NA	NA	143612617	143613295	234,300,333,70,85,135	280,253,284,86,107,120	127,206,113,38,47,58	1142,1164,1219,2250,2428,1257	NA	NA	NA	NA	NA	7543	chr8	-	NA	NA	NA	NA	NA	NA	7543	416,707,668	781,1426,3919	161,161,291	950,2707,1201	379	149	1.6653345369399998e-15	1.478964010085391e-13	0.173,0.163,0.063	0.062,0.023,0.087	0.076	NA	NA	NA	NA	1.478964010085391e-13	0.076	0.133	0.05733333333333333	13388	NA	NA	NA	NA	143612617	143612965	143613195	143613295	NA	NA	NA	NA	NA	NA	NA	143612617	143613295	139,226,247,58,56,89	214,316,290,94,80,144	63,165,131,9,25,58	781,1426,3919,950,2707,1201	NA	NA	NA	NA	NA
7551	ENSG00000186088.16	GSAP	chr7	-	NA	NA	NA	NA	NA	NA	7551	215,202,212	8,5,3	267,271,329	41,5,34	996	149	0.00509720553146	0.02069810024014555	0.801,0.858,0.914	0.493,0.89,0.591	0.2	NA	NA	NA	NA	RI	chr7|-|77329332|77330367|77329332|77329391|77330238|77330367	0.02069810024014555	0.2	0.8576666666666667	0.658	1592	NA	NA	NA	NA	77329332	77329391	77330238	77330367	NA	NA	NA	NA	NA	NA	NA	77329332	77330367	23,17,55,31,42,80	29,32,52,66,43,84	163,153,105,170,186,165	8,5,3,41,5,34	NA	NA	NA	NA	NA	7551	chr7	-	NA	NA	NA	NA	NA	NA	7551	180,228,254	22,17,30	222,217,230	12,36,22	996	149	0.877427527295	1	0.55,0.667,0.559	0.735,0.474,0.61	-0.014	NA	NA	NA	NA	1	-0.014	0.5920000000000001	0.6063333333333333	1470	NA	NA	NA	NA	77329332	77329391	77330238	77330367	NA	NA	NA	NA	NA	NA	NA	77329332	77330367	44,30,41,24,27,18	35,49,49,50,47,60	101,149,164,148,143,152	22,17,30,12,36,22	NA	NA	NA	NA	NA
7560	ENSG00000166598.16	HSP90B1	chr12	+	NA	NA	NA	NA	NA	NA	7560	278,225,243	28,0,3	198,233,306	17,17,27	677	149	0.00202729864629	0.0098558608745689	0.686,1.0,0.947	0.719,0.751,0.714	0.15	NA	NA	NA	NA	RI	chr12|+|103931520|103932418|103931520|103931748|103932276|103932418	0.0098558608745689	0.15	0.8776666666666667	0.728	1575	NA	NA	NA	NA	103931520	103931748	103932276	103932418	NA	NA	NA	NA	NA	NA	NA	103931520	103932418	59,82,124,64,73,107	78,42,44,49,58,56	141,101,75,85,102,143	28,0,3,17,17,27	NA	NA	NA	NA	NA	7560	chr12	+	NA	NA	NA	NA	NA	NA	7560	238,215,172	22,23,39	209,323,220	23,9,34	677	149	0.162395963112	0.3234529093777599	0.704,0.673,0.493	0.667,0.888,0.587	-0.091	NA	NA	NA	NA	0.3234529093777599	-0.091	0.6233333333333333	0.714	1527	NA	NA	NA	NA	103931520	103931748	103932276	103932418	NA	NA	NA	NA	NA	NA	NA	103931520	103932418	64,66,36,69,111,105	58,54,39,55,55,47	116,95,97,85,157,68	22,23,39,23,9,34	NA	NA	NA	NA	NA
7625	ENSG00000106330.12	MOSPD3	chr7	+	NA	NA	NA	NA	NA	NA	7625	167,145,151	17,22,11	15,30,19	2,18,24	346	149	6.18919502177e-4	0.00376477642818398	0.809,0.739,0.855	0.764,0.418,0.254	0.322	NA	NA	NA	NA	RI	chr7|+|100612729|100613269|100612729|100612996|100613193|100613269	0.00376477642818398	0.322	0.801	0.4786666666666667	621	NA	NA	NA	NA	100612729	100612996	100613193	100613269	NA	NA	NA	NA	NA	NA	NA	100612729	100613269	31,25,45,6,4,6	72,88,64,9,24,9	64,32,42,0,2,4	17,22,11,2,18,24	NA	NA	NA	NA	NA	7625	chr7	+	NA	NA	NA	NA	NA	NA	7625	68,71,150	24,32,17	14,14,22	9,15,7	346	149	0.0376076503334	0.10262657043081908	0.55,0.489,0.792	0.401,0.287,0.575	0.189	NA	NA	NA	NA	0.10262657043081908	0.189	0.6103333333333334	0.421	443	NA	NA	NA	NA	100612729	100612996	100613193	100613269	NA	NA	NA	NA	NA	NA	NA	100612729	100613269	12,28,41,0,1,6	45,32,94,14,12,8	11,11,15,0,1,8	24,32,17,9,15,7	NA	NA	NA	NA	NA
7641	ENSG00000173540.14	GMPPB	chr3	-	NA	NA	NA	NA	NA	NA	7641	101,172,154	11,34,18	53,51,108	33,14,43	366	149	2.82699638847e-5	2.7870002980865e-4	0.789,0.673,0.777	0.395,0.597,0.506	0.247	NA	NA	NA	NA	RI	chr3|-|49722595|49723114|49722595|49722754|49722971|49723114	2.7870002980865e-4	0.247	0.7463333333333334	0.49933333333333335	792	NA	NA	NA	NA	49722595	49722754	49722971	49723114	NA	NA	NA	NA	NA	NA	NA	49722595	49723114	39,72,85,7,13,40	40,41,32,27,25,28	22,59,37,19,13,40	11,34,18,33,14,43	NA	NA	NA	NA	NA	7641	chr3	-	NA	NA	NA	NA	NA	NA	7641	81,144,266	31,47,27	42,94,86	22,33,39	366	149	0.0373266905944	0.10204431167930356	0.515,0.555,0.8	0.437,0.537,0.473	0.141	NA	NA	NA	NA	0.10204431167930356	0.141	0.6233333333333334	0.48233333333333334	912	NA	NA	NA	NA	49722595	49722754	49722971	49723114	NA	NA	NA	NA	NA	NA	NA	49722595	49723114	34,26,124,9,51,42	12,56,78,25,25,38	35,62,64,8,18,6	31,47,27,22,33,39	NA	NA	NA	NA	NA
7686	ENSG00000004059.11	ARF5	chr7	+	NA	NA	NA	NA	NA	NA	7686	789,858,983	50,91,46	378,622,741	65,88,82	620	149	5.08979077722e-5	4.5830538980782e-4	0.791,0.694,0.837	0.583,0.629,0.685	0.142	NA	NA	NA	NA	RI	chr7|+|127589484|127590137|127589484|127589594|127590065|127590137	4.5830538980782e-4	0.142	0.774	0.6323333333333333	4793	NA	NA	NA	NA	127589484	127589594	127590065	127590137	NA	NA	NA	NA	NA	NA	NA	127589484	127590137	57,79,72,26,42,52	76,98,116,47,63,66	656,681,795,305,517,623	50,91,46,65,88,82	NA	NA	NA	NA	NA	7686	chr7	+	NA	NA	NA	NA	NA	NA	7686	585,846,909	99,61,74	340,379,571	36,32,67	620	149	0.893281727945	1	0.587,0.769,0.747	0.694,0.74,0.672	-0.001	NA	NA	NA	NA	1	-0.001	0.701	0.702	3999	NA	NA	NA	NA	127589484	127589594	127590065	127590137	NA	NA	NA	NA	NA	NA	NA	127589484	127590137	70,76,47,30,52,50	43,105,110,35,53,44	472,665,752,275,274,477	99,61,74,36,32,67	NA	NA	NA	NA	NA
7717	ENSG00000131748.16	STARD3	chr17	+	NA	NA	NA	NA	NA	NA	7717	426,366,356	129,115,131	162,180,176	94,89,116	527	149	4.82611183705e-6	6.178229182628518e-5	0.483,0.474,0.434	0.328,0.364,0.3	0.133	NA	NA	NA	NA	RI	chr17|+|39657972|39658522|39657972|39658026|39658404|39658522	6.178229182628518e-5	0.133	0.46366666666666667	0.33066666666666666	2340	NA	NA	NA	NA	39657972	39658026	39658404	39658522	NA	NA	NA	NA	NA	NA	NA	39657972	39658522	53,73,39,23,32,62	127,74,112,44,55,50	246,219,205,95,93,64	129,115,131,94,89,116	NA	NA	NA	NA	NA	7717	chr17	+	NA	NA	NA	NA	NA	NA	7717	290,361,392	43,82,149	132,199,206	72,52,59	527	149	0.142809885012	0.29254711519249255	0.656,0.555,0.427	0.341,0.52,0.497	0.093	NA	NA	NA	NA	0.29254711519249255	0.093	0.546	0.45266666666666666	2037	NA	NA	NA	NA	39657972	39658026	39658404	39658522	NA	NA	NA	NA	NA	NA	NA	39657972	39658522	26,56,88,11,20,26	106,121,108,62,72,60	158,184,196,59,107,120	43,82,149,72,52,59	NA	NA	NA	NA	NA
7721	ENSG00000182809.11	CRIP2	chr14	+	NA	NA	NA	NA	NA	NA	7721	6,2,20	5,4,11	0,0,1	3,15,4	238	149	1.88053251859e-8	4.418170652871219e-7	0.429,0.238,0.532	0.0,0.0,0.135	0.355	NA	NA	NA	NA	RI	chr14|+|105478265|105478507|105478265|105478360|105478449|105478507	4.418170652871219e-7	0.355	0.39966666666666667	0.045	71	NA	NA	NA	NA	105478265	105478360	105478449	105478507	NA	NA	NA	NA	NA	NA	NA	105478265	105478507	2,2,4,0,0,1	4,0,16,0,0,0	0,0,0,0,0,0	5,4,11,3,15,4	NA	NA	NA	NA	NA	7721	chr14	+	NA	NA	NA	NA	NA	NA	7721	0,1,10	2,3,5	0,0,6	3,13,0	238	149	0.232974257364	0.42275587146069593	0.0,0.173,0.556	0.0,0.0,1.0	-0.09	NA	NA	NA	NA	0.42275587146069593	-0.09	0.24300000000000002	0.33333333333333337	43	NA	NA	NA	NA	105478265	105478360	105478449	105478507	NA	NA	NA	NA	NA	NA	NA	105478265	105478507	0,1,3,0,0,6	0,0,8,0,0,3	0,0,0,0,0,0	2,3,5,3,13,0	NA	NA	NA	NA	NA
7770	ENSG00000164896.21	FASTK	chr7	-	NA	NA	NA	NA	NA	NA	7770	839,779,925	110,154,125	414,496,688	97,155,150	368	149	5.62695474838e-5	4.950428481645e-4	0.755,0.672,0.75	0.633,0.564,0.65	0.11	NA	NA	NA	NA	RI	chr7|-|151077309|151077780|151077309|151077401|151077620|151077780	4.950428481645e-4	0.11	0.7256666666666667	0.6156666666666667	4932	NA	NA	NA	NA	151077309	151077401	151077620	151077780	NA	NA	NA	NA	NA	NA	NA	151077309	151077780	333,311,399,140,173,240	124,159,157,55,77,113	382,309,369,219,246,335	110,154,125,97,155,150	NA	NA	NA	NA	NA	7770	chr7	-	NA	NA	NA	NA	NA	NA	7770	639,1051,1036	122,176,219	405,506,550	115,62,161	368	149	0.421585433909	0.6524354891349893	0.68,0.707,0.657	0.588,0.768,0.58	0.036	NA	NA	NA	NA	0.6524354891349893	0.036	0.6813333333333333	0.6453333333333333	5042	NA	NA	NA	NA	151077309	151077401	151077620	151077780	NA	NA	NA	NA	NA	NA	NA	151077309	151077780	205,350,471,167,221,203	125,164,204,56,73,109	309,537,361,182,212,238	122,176,219,115,62,161	NA	NA	NA	NA	NA
7773	ENSG00000106617.16	PRKAG2	chr7	-	NA	NA	NA	NA	NA	NA	7773	63,52,37	40,53,57	2,39,16	25,50,39	485	149	0.00173285774328	0.00867419076064731	0.326,0.232,0.166	0.024,0.193,0.112	0.132	NA	NA	NA	NA	RI	chr7|-|151565345|151565885|151565345|151565383|151565719|151565885	0.00867419076064731	0.132	0.24133333333333334	0.10966666666666668	473	NA	NA	NA	NA	151565345	151565383	151565719	151565885	NA	NA	NA	NA	NA	NA	NA	151565345	151565885	8,8,3,0,0,5	32,3,14,0,8,11	23,41,20,2,31,0	40,53,57,25,50,39	NA	NA	NA	NA	NA	7773	chr7	-	NA	NA	NA	NA	NA	NA	7773	33,18,65	11,22,47	15,29,5	20,20,35	485	149	0.016523594121	0.05345007714311649	0.48,0.201,0.298	0.187,0.308,0.042	0.147	NA	NA	NA	NA	0.05345007714311649	0.147	0.3263333333333333	0.179	320	NA	NA	NA	NA	151565345	151565383	151565719	151565885	NA	NA	NA	NA	NA	NA	NA	151565345	151565885	0,5,4,1,0,0	16,4,40,11,17,1	17,9,21,3,12,4	11,22,47,20,20,35	NA	NA	NA	NA	NA
7814	ENSG00000155975.10	VPS37A	chr8	+	NA	NA	NA	NA	NA	NA	7814	21,5,12	21,15,51	3,2,2	26,26,16	226	149	2.69616161036e-4	0.0018830140085111	0.397,0.18,0.134	0.071,0.048,0.076	0.172	NA	NA	NA	NA	RI	chr8|+|17280238|17280443|17280238|17280297|17280374|17280443	0.0018830140085111	0.172	0.23700000000000002	0.065	200	NA	NA	NA	NA	17280238	17280297	17280374	17280443	NA	NA	NA	NA	NA	NA	NA	17280238	17280443	21,0,11,2,0,2	10,5,4,2,2,0	0,0,0,0,0,0	21,15,51,26,26,16	NA	NA	NA	NA	NA	7814	chr8	+	NA	NA	NA	NA	NA	NA	7814	9,7,15	38,51,59	5,9,15	17,38,37	226	149	0.199207412996	0.3771202404648414	0.135,0.083,0.144	0.162,0.135,0.211	-0.049	NA	NA	NA	NA	0.3771202404648414	-0.049	0.12066666666666667	0.16933333333333334	300	NA	NA	NA	NA	17280238	17280297	17280374	17280443	NA	NA	NA	NA	NA	NA	NA	17280238	17280443	7,4,7,0,4,7	8,7,8,5,5,8	0,0,0,0,0,0	38,51,59,17,38,37	NA	NA	NA	NA	NA
7821	ENSG00000214655.11	ZSWIM8	chr10	+	NA	NA	NA	NA	NA	NA	7821	331,271,331	190,149,158	143,257,246	144,185,225	406	149	2.3362774051e-5	2.367942652574e-4	0.39,0.4,0.435	0.267,0.338,0.286	0.111	NA	NA	NA	NA	RI	chr10|+|73800639|73801195|73800639|73800759|73801016|73801195	2.367942652574e-4	0.111	0.4083333333333333	0.297	2630	NA	NA	NA	NA	73800639	73800759	73801016	73801195	NA	NA	NA	NA	NA	NA	NA	73800639	73801195	64,56,27,18,30,62	188,159,207,89,169,132	79,56,97,36,58,52	190,149,158,144,185,225	NA	NA	NA	NA	NA	7821	chr10	+	NA	NA	NA	NA	NA	NA	7821	244,260,353	139,234,217	134,192,179	81,164,173	406	149	0.232838674577	0.42275170973669163	0.392,0.29,0.374	0.378,0.301,0.275	0.034	NA	NA	NA	NA	0.42275170973669163	0.034	0.352	0.318	2370	NA	NA	NA	NA	73800639	73800759	73801016	73801195	NA	NA	NA	NA	NA	NA	NA	73800639	73801195	56,34,40,23,37,40	136,136,265,87,110,95	52,90,48,24,45,44	139,234,217,81,164,173	NA	NA	NA	NA	NA
7838	ENSG00000120896.14	SORBS3	chr8	+	NA	NA	NA	NA	NA	NA	7838	219,204,199	125,162,120	28,41,68	26,58,90	257	149	6.23899626853e-5	5.4497899029381e-4	0.504,0.422,0.49	0.384,0.291,0.305	0.145	NA	NA	NA	NA	RI	chr8|+|22566660|22566868|22566660|22566713|22566821|22566868	5.4497899029381e-4	0.145	0.472	0.32666666666666666	1340	NA	NA	NA	NA	22566660	22566713	22566821	22566868	NA	NA	NA	NA	NA	NA	NA	22566660	22566868	101,90,70,15,10,20	146,140,159,15,36,48	10,10,0,0,0,0	125,162,120,26,58,90	NA	NA	NA	NA	NA	7838	chr8	+	NA	NA	NA	NA	NA	NA	7838	85,168,191	90,156,150	42,85,40	55,70,63	257	149	0.145469863712	0.29648751500397164	0.354,0.384,0.425	0.307,0.413,0.269	0.058	NA	NA	NA	NA	0.29648751500397164	0.058	0.38766666666666666	0.32966666666666666	1195	NA	NA	NA	NA	22566660	22566713	22566821	22566868	NA	NA	NA	NA	NA	NA	NA	22566660	22566868	31,61,74,6,28,1	56,118,145,35,61,33	0,2,6,2,0,6	90,156,150,55,70,63	NA	NA	NA	NA	NA
7871	ENSG00000085998.15	POMGNT1	chr1	-	NA	NA	NA	NA	NA	NA	7871	162,166,201	124,89,87	51,75,54	43,86,86	802	149	1.87107159988e-6	2.655882187607445e-5	0.195,0.257,0.3	0.181,0.139,0.104	0.109	NA	NA	NA	NA	RI	chr1|-|46196011|46196849|46196011|46196077|46196730|46196849	2.655882187607445e-5	0.109	0.25066666666666665	0.14133333333333334	1224	NA	NA	NA	NA	46196011	46196077	46196730	46196849	NA	NA	NA	NA	NA	NA	NA	46196011	46196849	38,27,47,2,6,1	4,14,26,14,1,7	120,125,128,35,68,46	124,89,87,43,86,86	NA	NA	NA	NA	NA	7871	chr1	-	NA	NA	NA	NA	NA	NA	7871	115,151,134	108,113,109	91,73,52	40,49,61	802	149	0.403690663732	0.6327246089482347	0.165,0.199,0.186	0.297,0.217,0.137	-0.034	NA	NA	NA	NA	0.6327246089482347	-0.034	0.18333333333333335	0.217	1096	NA	NA	NA	NA	46196011	46196077	46196730	46196849	NA	NA	NA	NA	NA	NA	NA	46196011	46196849	5,20,18,26,9,5	0,10,10,6,4,0	110,121,106,59,60,47	108,113,109,40,49,61	NA	NA	NA	NA	NA
7873	ENSG00000085998.15	POMGNT1	chr1	-	NA	NA	NA	NA	NA	NA	7873	202,203,205	0,0,2	54,85,60	4,0,3	1041	149	5.10033205313e-4	0.00320771652818391	1.0,1.0,0.936	0.659,1.0,0.741	0.179	NA	NA	NA	NA	RI	chr1|-|46196011|46197084|46196011|46196077|46196969|46197084	0.00320771652818391	0.179	0.9786666666666667	0.8	818	NA	NA	NA	NA	46196011	46196077	46196969	46197084	NA	NA	NA	NA	NA	NA	NA	46196011	46197084	38,27,47,2,6,1	29,12,3,3,6,2	135,164,155,49,73,57	0,0,2,4,0,3	NA	NA	NA	NA	NA	7873	chr1	-	NA	NA	NA	NA	NA	NA	7873	148,157,150	20,0,0	101,77,55	0,0,19	1041	149	0.972731458782	1	0.514,1.0,1.0	1.0,1.0,0.293	0.074	NA	NA	NA	NA	1	0.074	0.838	0.7643333333333333	727	NA	NA	NA	NA	46196011	46196077	46196969	46197084	NA	NA	NA	NA	NA	NA	NA	46196011	46197084	5,20,18,26,9,5	22,1,8,8,2,1	121,136,124,67,66,49	20,0,0,0,0,19	NA	NA	NA	NA	NA
7877	ENSG00000079616.14	KIF22	chr16	+	NA	NA	NA	NA	NA	NA	7877	2190,2327,2201	152,173,292	720,902,889	116,132,167	2869	149	3.30831138141e-5	3.1797124437e-4	0.428,0.411,0.281	0.244,0.262,0.217	0.132	NA	NA	NA	NA	RI	chr16|+|29799912|29802937|29799912|29800048|29802768|29802937	3.1797124437e-4	0.132	0.37333333333333335	0.241	10261	NA	NA	NA	NA	29799912	29800048	29802768	29802937	NA	NA	NA	NA	NA	NA	NA	29799912	29802937	115,97,90,51,37,50	257,215,200,68,117,112	1818,2015,1911,601,748,727	152,173,292,116,132,167	NA	NA	NA	NA	NA	7877	chr16	+	NA	NA	NA	NA	NA	NA	7877	1605,2260,2336	170,178,244	704,806,889	99,105,145	2869	149	1.30745959035e-4	9.570604201362e-4	0.329,0.397,0.332	0.27,0.285,0.242	0.087	NA	NA	NA	NA	9.570604201362e-4	0.087	0.3526666666666667	0.26566666666666666	9541	NA	NA	NA	NA	29799912	29800048	29802768	29802937	NA	NA	NA	NA	NA	NA	NA	29799912	29802937	86,27,122,32,25,38	124,296,258,95,94,141	1395,1937,1956,577,687,710	170,178,244,99,105,145	NA	NA	NA	NA	NA
7882	ENSG00000079616.14	KIF22	chr16	+	NA	NA	NA	NA	NA	NA	7882	146,166,166	237,208,290	38,55,73	131,149,261	237	149	1.31583675067e-8	3.282794777164e-7	0.279,0.334,0.265	0.154,0.188,0.15	0.129	NA	NA	NA	NA	RI	chr16|+|29803997|29805174|29803997|29805026|29805114|29805174	3.282794777164e-7	0.129	0.2926666666666667	0.164	1920	NA	NA	NA	NA	29803997	29805026	29805114	29805174	NA	NA	NA	NA	NA	NA	NA	29803997	29805174	109,89,88,30,25,43	39,89,82,12,33,34	0,0,0,0,0,0	237,208,290,131,149,261	NA	NA	NA	NA	NA	7882	chr16	+	NA	NA	NA	NA	NA	NA	7882	65,176,176	166,242,380	56,42,65	171,173,115	237	149	0.0284868191392	0.08199804613042364	0.198,0.314,0.226	0.171,0.132,0.262	0.058	NA	NA	NA	NA	0.08199804613042364	0.058	0.246	0.18833333333333335	1827	NA	NA	NA	NA	29803997	29805026	29805114	29805174	NA	NA	NA	NA	NA	NA	NA	29803997	29805174	31,151,117,43,28,46	41,38,68,15,20,28	0,0,0,0,0,0	166,242,380,171,173,115	NA	NA	NA	NA	NA
7930	ENSG00000035681.9	NSMAF	chr8	-	NA	NA	NA	NA	NA	NA	7930	152,227,182	206,369,391	80,83,124	213,361,382	285	149	2.58398870079e-8	5.912320415389656e-7	0.278,0.243,0.196	0.164,0.107,0.145	0.1	NA	NA	NA	NA	RI	chr8|-|58585651|58586000|58585651|58585761|58585897|58586000	5.912320415389656e-7	0.1	0.23900000000000002	0.13866666666666666	2770	NA	NA	NA	NA	58585651	58585761	58585897	58586000	NA	NA	NA	NA	NA	NA	NA	58585651	58586000	89,119,95,53,39,60	72,108,87,33,45,64	6,0,0,0,4,0	206,369,391,213,361,382	NA	NA	NA	NA	NA	7930	chr8	-	NA	NA	NA	NA	NA	NA	7930	115,232,243	230,383,456	78,88,121	225,274,330	285	149	8.4540607322e-5	6.6217993205908e-4	0.207,0.241,0.218	0.153,0.144,0.161	0.069	NA	NA	NA	NA	6.6217993205908e-4	0.069	0.222	0.15266666666666667	2775	NA	NA	NA	NA	58585651	58585761	58585897	58586000	NA	NA	NA	NA	NA	NA	NA	58585651	58586000	56,170,182,45,39,91	61,63,71,33,50,30	0,0,6,0,6,0	230,383,456,225,274,330	NA	NA	NA	NA	NA
7950	ENSG00000147576.17	ADHFE1	chr8	+	NA	NA	NA	NA	NA	NA	7950	28,12,22	19,15,6	0,4,2	4,14,7	322	149	3.41077209772e-5	3.2444130587498e-4	0.405,0.27,0.629	0.0,0.117,0.117	0.357	NA	NA	NA	NA	RI	chr8|+|66444366|66444748|66444366|66444420|66444593|66444748	3.2444130587498e-4	0.357	0.4346666666666667	0.078	133	NA	NA	NA	NA	66444366	66444420	66444593	66444748	NA	NA	NA	NA	NA	NA	NA	66444366	66444748	18,0,6,0,2,0	10,12,16,0,2,2	0,0,0,0,0,0	19,15,6,4,14,7	NA	NA	NA	NA	NA	7950	chr8	+	NA	NA	NA	NA	NA	NA	7950	1,23,17	16,41,11	15,22,3	20,13,27	322	149	0.806287652118	0.9914826168072902	0.028,0.206,0.417	0.258,0.439,0.049	-0.032	NA	NA	NA	NA	0.9914826168072902	-0.032	0.217	0.24866666666666667	209	NA	NA	NA	NA	66444366	66444420	66444593	66444748	NA	NA	NA	NA	NA	NA	NA	66444366	66444748	0,10,8,6,12,1	1,5,9,4,8,2	0,8,0,5,2,0	16,41,11,20,13,27	NA	NA	NA	NA	NA
7958	ENSG00000107862.7	GBF1	chr10	+	NA	NA	NA	NA	NA	NA	7958	177,163,121	3,4,1	110,115,77	7,5,23	776	149	1.21563745719e-4	9.6808946590767e-4	0.919,0.887,0.959	0.751,0.815,0.391	0.269	NA	NA	NA	NA	RI	chr10|+|102362474|102363396|102362474|102362628|102363255|102363396	9.6808946590767e-4	0.269	0.9216666666666666	0.6523333333333333	806	NA	NA	NA	NA	102362474	102362628	102363255	102363396	NA	NA	NA	NA	NA	NA	NA	102362474	102363396	42,43,7,27,51,27	18,20,20,16,13,11	117,100,94,67,51,39	3,4,1,7,5,23	NA	NA	NA	NA	NA	7958	chr10	+	NA	NA	NA	NA	NA	NA	7958	99,115,137	0,11,13	129,123,113	8,1,19	776	149	0.859709117168	1	1.0,0.667,0.669	0.756,0.959,0.533	0.029	NA	NA	NA	NA	1	0.029	0.7786666666666667	0.7493333333333333	768	NA	NA	NA	NA	102362474	102362628	102363255	102363396	NA	NA	NA	NA	NA	NA	NA	102362474	102363396	45,57,28,44,21,62	16,10,24,28,13,13	38,48,85,57,89,38	0,11,13,8,1,19	NA	NA	NA	NA	NA
7959	ENSG00000107862.7	GBF1	chr10	+	NA	NA	NA	NA	NA	NA	7959	142,142,117	27,43,61	85,67,51	59,62,55	740	149	1.37171325157e-5	1.4711713802201e-4	0.514,0.399,0.279	0.225,0.179,0.157	0.21	NA	NA	NA	NA	RI	chr10|+|102362474|102363396|102362474|102362664|102363255|102363396	1.4711713802201e-4	0.21	0.39733333333333337	0.187	911	NA	NA	NA	NA	102362474	102362664	102363255	102363396	NA	NA	NA	NA	NA	NA	NA	102362474	102363396	10,30,3,4,7,4	18,20,20,16,13,11	114,92,94,65,47,36	27,43,61,59,62,55	NA	NA	NA	NA	NA	7959	chr10	+	NA	NA	NA	NA	NA	NA	7959	56,76,120	64,64,100	93,107,63	56,55,61	740	149	0.0574668118227	0.14515313175526262	0.15,0.193,0.195	0.251,0.281,0.172	-0.055	NA	NA	NA	NA	0.14515313175526262	-0.055	0.17933333333333334	0.23466666666666666	915	NA	NA	NA	NA	102362474	102362664	102363255	102363396	NA	NA	NA	NA	NA	NA	NA	102362474	102363396	14,18,12,9,22,29	16,10,24,28,13,13	26,48,84,56,72,21	64,64,100,56,55,61	NA	NA	NA	NA	NA
7973	ENSG00000107862.7	GBF1	chr10	+	NA	NA	NA	NA	NA	NA	7973	148,137,174	49,44,103	68,84,77	55,48,91	292	149	0.00126928742289	0.00672130438442269	0.606,0.614,0.463	0.387,0.472,0.302	0.174	NA	NA	NA	NA	RI	chr10|+|102379852|102380686|102379852|102380362|102380505|102380686	0.00672130438442269	0.174	0.5609999999999999	0.387	1078	NA	NA	NA	NA	102379852	102380362	102380505	102380686	NA	NA	NA	NA	NA	NA	NA	102379852	102380686	36,55,55,43,30,37	114,80,119,25,44,40	6,2,0,0,10,0	49,44,103,55,48,91	NA	NA	NA	NA	NA	7973	chr10	+	NA	NA	NA	NA	NA	NA	7973	89,60,158	78,110,79	84,92,116	71,68,51	292	149	0.212085021475	0.394815488498004	0.368,0.218,0.505	0.376,0.408,0.537	-0.077	NA	NA	NA	NA	0.394815488498004	-0.077	0.3636666666666667	0.44033333333333335	1056	NA	NA	NA	NA	102379852	102380362	102380505	102380686	NA	NA	NA	NA	NA	NA	NA	102379852	102380686	44,40,50,28,38,54	51,20,109,56,55,77	0,0,0,0,0,0	78,110,79,71,68,51	NA	NA	NA	NA	NA
7991	ENSG00000107719.10	PALD1	chr10	+	NA	NA	NA	NA	NA	NA	7991	394,293,347	15,21,15	189,198,307	15,13,34	1000	149	0.0149822109996	0.0491551192346427	0.796,0.675,0.775	0.652,0.694,0.574	0.109	NA	NA	NA	NA	RI	chr10|+|70532994|70534073|70532994|70533070|70533921|70534073	0.0491551192346427	0.109	0.7486666666666667	0.64	1841	NA	NA	NA	NA	70532994	70533070	70533921	70534073	NA	NA	NA	NA	NA	NA	NA	70532994	70534073	28,12,6,3,18,17	34,50,40,12,18,11	332,231,301,174,162,279	15,21,15,15,13,34	NA	NA	NA	NA	NA	7991	chr10	+	NA	NA	NA	NA	NA	NA	7991	217,314,397	31,15,30	122,260,141	18,3,19	1000	149	0.737570104736	0.9377703697805	0.511,0.757,0.663	0.502,0.928,0.525	-0.008	NA	NA	NA	NA	0.9377703697805	-0.008	0.6436666666666667	0.6516666666666667	1567	NA	NA	NA	NA	70532994	70533070	70533921	70534073	NA	NA	NA	NA	NA	NA	NA	70532994	70534073	23,23,24,12,0,3	6,25,50,14,11,8	188,266,323,96,249,130	31,15,30,18,3,19	NA	NA	NA	NA	NA
7992	ENSG00000164941.14	INTS8	chr8	+	NA	NA	NA	NA	NA	NA	7992	318,357,299	24,16,13	196,147,204	19,42,47	269	149	4.61498816939e-8	1.0179535055647296e-6	0.88,0.925,0.927	0.851,0.66,0.706	0.172	NA	NA	NA	NA	RI	chr8|+|94866157|94866351|94866157|94866191|94866311|94866351	1.0179535055647296e-6	0.172	0.9106666666666667	0.739	1682	NA	NA	NA	NA	94866157	94866191	94866311	94866351	NA	NA	NA	NA	NA	NA	NA	94866157	94866351	209,251,190,142,113,143	134,127,151,70,56,90	0,0,0,0,0,0	24,16,13,19,42,47	NA	NA	NA	NA	NA	7992	chr8	+	NA	NA	NA	NA	NA	NA	7992	211,200,285	14,54,44	218,159,187	24,38,21	269	149	0.896868947943	1	0.893,0.672,0.782	0.834,0.699,0.831	-0.006	NA	NA	NA	NA	1	-0.006	0.7823333333333333	0.7879999999999999	1455	NA	NA	NA	NA	94866157	94866191	94866311	94866351	NA	NA	NA	NA	NA	NA	NA	94866157	94866351	152,115,168,127,98,131	77,106,136,108,79,74	0,0,0,0,4,0	14,54,44,24,38,21	NA	NA	NA	NA	NA
8002	ENSG00000182173.14	TSEN54	chr17	+	NA	NA	NA	NA	NA	NA	8002	1483,1596,1382	12,15,40	365,574,495	19,11,21	1090	149	3.71158282581e-4	0.00246614149535515	0.944,0.936,0.825	0.724,0.877,0.763	0.114	NA	NA	NA	NA	RI	chr17|+|75521408|75523335|75521408|75522333|75523274|75523335	0.00246614149535515	0.114	0.9016666666666666	0.788	6013	NA	NA	NA	NA	75521408	75522333	75523274	75523335	NA	NA	NA	NA	NA	NA	NA	75521408	75523335	111,82,133,28,75,44	255,245,185,55,103,86	1117,1269,1064,282,396,365	12,15,40,19,11,21	NA	NA	NA	NA	NA	8002	chr17	+	NA	NA	NA	NA	NA	NA	8002	1211,1610,1601	12,7,29	439,619,406	18,3,17	1090	149	0.003378075372	0.01469611183278246	0.932,0.969,0.883	0.769,0.966,0.766	0.094	NA	NA	NA	NA	0.01469611183278246	0.094	0.928	0.8336666666666667	5972	NA	NA	NA	NA	75521408	75522333	75523274	75523335	NA	NA	NA	NA	NA	NA	NA	75521408	75523335	66,94,101,29,49,23	186,259,235,64,60,44	959,1257,1265,346,510,339	12,7,29,18,3,17	NA	NA	NA	NA	NA
8036	ENSG00000068438.15	FTSJ1	chrX	+	NA	NA	NA	NA	NA	NA	8036	62,97,131	55,49,73	12,24,13	17,39,52	252	149	9.23461321967e-7	1.4519653400773448e-5	0.4,0.539,0.515	0.294,0.267,0.129	0.255	NA	NA	NA	NA	RI	chrX|+|48481425|48481715|48481425|48481528|48481631|48481715	1.4519653400773448e-5	0.255	0.4846666666666667	0.23	624	NA	NA	NA	NA	48481425	48481528	48481631	48481715	NA	NA	NA	NA	NA	NA	NA	48481425	48481715	30,41,39,4,0,0	43,63,106,11,24,13	0,0,0,0,0,0	55,49,73,17,39,52	NA	NA	NA	NA	NA	8036	chrX	+	NA	NA	NA	NA	NA	NA	8036	74,101,82	54,38,106	3,25,25	14,18,39	252	149	0.0598744092724	0.14984730940572882	0.448,0.611,0.314	0.112,0.451,0.275	0.178	NA	NA	NA	NA	0.14984730940572882	0.178	0.45766666666666667	0.2793333333333333	579	NA	NA	NA	NA	48481425	48481528	48481631	48481715	NA	NA	NA	NA	NA	NA	NA	48481425	48481715	28,15,23,0,7,13	51,92,59,3,22,12	0,0,0,0,0,0	54,38,106,14,18,39	NA	NA	NA	NA	NA
8037	ENSG00000068438.15	FTSJ1	chrX	+	NA	NA	NA	NA	NA	NA	8037	214,299,179	56,87,98	30,56,36	10,49,50	340	149	0.0123996036944	0.04231183631277729	0.626,0.601,0.445	0.568,0.334,0.24	0.177	NA	NA	NA	NA	RI	chrX|+|48482596|48483027|48482596|48482794|48482985|48483027	0.04231183631277729	0.177	0.5573333333333333	0.38066666666666665	1164	NA	NA	NA	NA	48482596	48482794	48482985	48483027	NA	NA	NA	NA	NA	NA	NA	48482596	48483027	41,89,64,13,25,9	145,135,69,13,11,7	28,75,46,4,20,20	56,87,98,10,49,50	NA	NA	NA	NA	NA	8037	chrX	+	NA	NA	NA	NA	NA	NA	8037	140,251,282	67,82,93	74,57,28	7,22,31	340	149	0.950631530967	1	0.478,0.573,0.571	0.822,0.532,0.284	-0.005	NA	NA	NA	NA	1	-0.005	0.5406666666666666	0.546	1134	NA	NA	NA	NA	48482596	48482794	48482985	48483027	NA	NA	NA	NA	NA	NA	NA	48482596	48483027	37,82,123,26,13,9	60,114,84,36,23,19	43,55,75,12,21,0	67,82,93,7,22,31	NA	NA	NA	NA	NA
8065	ENSG00000104518.11	GSDMD	chr8	+	NA	NA	NA	NA	NA	NA	8065	1095,1313,1156	53,61,87	639,870,841	105,100,131	414	149	2.1649348980199997e-14	1.8185453143368e-12	0.881,0.886,0.827	0.687,0.758,0.698	0.15	NA	NA	NA	NA	RI	chr8|+|143561001|143561423|143561001|143561104|143561369|143561423	1.8185453143368e-12	0.15	0.8646666666666667	0.7143333333333334	6451	NA	NA	NA	NA	143561001	143561104	143561369	143561423	NA	NA	NA	NA	NA	NA	NA	143561001	143561423	21,27,19,7,17,21	1046,1271,1118,613,843,805	28,15,19,19,10,15	53,61,87,105,100,131	NA	NA	NA	NA	NA	8065	chr8	+	NA	NA	NA	NA	NA	NA	8065	796,1125,1323	46,66,96	576,741,588	56,54,71	414	149	0.00305608061433	0.01357034619848446	0.862,0.86,0.832	0.787,0.832,0.749	0.062	NA	NA	NA	NA	0.01357034619848446	0.062	0.8513333333333333	0.7893333333333333	5538	NA	NA	NA	NA	143561001	143561104	143561369	143561423	NA	NA	NA	NA	NA	NA	NA	143561001	143561423	11,37,66,22,15,41	771,1059,1231,545,710,535	14,29,26,9,16,12	46,66,96,56,54,71	NA	NA	NA	NA	NA
8070	ENSG00000147813.16	NAPRT	chr8	-	NA	NA	NA	NA	NA	NA	8070	99,134,121	0,0,12	25,88,69	15,8,1	285	149	0.0112862816871	0.03926923463986522	1.0,1.0,0.841	0.466,0.852,0.973	0.183	NA	NA	NA	NA	RI	chr8|-|143574784|143575345|143574784|143575093|143575229|143575345	0.03926923463986522	0.183	0.947	0.7636666666666667	572	NA	NA	NA	NA	143574784	143575093	143575229	143575345	NA	NA	NA	NA	NA	NA	NA	143574784	143575345	22,24,27,4,10,16	79,117,99,21,78,53	0,0,0,0,0,0	0,0,12,15,8,1	NA	NA	NA	NA	NA	8070	chr8	-	NA	NA	NA	NA	NA	NA	8070	91,156,161	8,1,25	97,72,67	8,6,11	285	149	0.369221111967	0.5938019427879395	0.856,0.988,0.771	0.864,0.863,0.761	0.042	NA	NA	NA	NA	0.5938019427879395	0.042	0.8716666666666667	0.8293333333333334	703	NA	NA	NA	NA	143574784	143575093	143575229	143575345	NA	NA	NA	NA	NA	NA	NA	143574784	143575345	35,31,47,10,16,13	56,130,120,87,56,54	0,0,0,0,0,0	8,1,25,8,6,11	NA	NA	NA	NA	NA
8133	ENSG00000160688.19	FLAD1	chr1	+	NA	NA	NA	NA	NA	NA	8133	73,116,122	19,14,10	48,95,77	17,24,32	230	149	7.88799202898e-4	0.00460220429321649	0.713,0.843,0.888	0.647,0.719,0.609	0.156	NA	NA	NA	NA	RI	chr1|+|154990158|154990528|154990158|154990257|154990338|154990528	0.00460220429321649	0.156	0.81466666666666665	0.6583333333333333	647	NA	NA	NA	NA	154990158	154990257	154990338	154990528	NA	NA	NA	NA	NA	NA	NA	154990158	154990528	40,78,98,40,60,65	54,90,70,37,70,40	0,0,0,0,0,0	19,14,10,17,24,32	NA	NA	NA	NA	NA	8133	chr1	+	NA	NA	NA	NA	NA	NA	8133	138,112,124	21,19,31	67,53,105	0,33,23	230	149	0.809743719064	0.9931991110940872	0.81,0.792,0.722	1.0,0.51,0.747	0.022	NA	NA	NA	NA	0.9931991110940872	0.022	0.7746666666666667	0.7523333333333333	726	NA	NA	NA	NA	154990158	154990257	154990338	154990528	NA	NA	NA	NA	NA	NA	NA	154990158	154990528	83,67,58,45,34,67	107,76,104,41,34,76	0,0,0,0,0,0	21,19,31,0,33,23	NA	NA	NA	NA	NA
8181	ENSG00000144591.20	GMPPA	chr2	+	NA	NA	NA	NA	NA	NA	8181	141,149,147	29,34,21	106,126,186	35,38,71	308	149	9.84246528596e-4	0.00554724238359436	0.702,0.679,0.772	0.594,0.616,0.559	0.128	NA	NA	NA	NA	RI	chr2|+|219505457|219505761|219505457|219505555|219505714|219505761	0.00554724238359436	0.128	0.7176666666666667	0.5896666666666667	1083	NA	NA	NA	NA	219505457	219505555	219505714	219505761	NA	NA	NA	NA	NA	NA	NA	219505457	219505761	60,47,55,44,65,77	79,68,77,60,56,87	2,34,15,2,5,22	29,34,21,35,38,71	NA	NA	NA	NA	NA	8181	chr2	+	NA	NA	NA	NA	NA	NA	8181	127,232,263	61,72,64	149,121,149	49,37,89	308	149	0.360864279625	0.5840162130931905	0.502,0.609,0.665	0.595,0.613,0.447	0.04	NA	NA	NA	NA	0.5840162130931905	0.04	0.592	0.5516666666666666	1413	NA	NA	NA	NA	219505457	219505555	219505714	219505761	NA	NA	NA	NA	NA	NA	NA	219505457	219505761	48,78,81,49,59,86	70,113,154,91,58,25	9,41,28,9,4,38	61,72,64,49,37,89	NA	NA	NA	NA	NA
8187	ENSG00000170917.14	NUDT6	chr4	-	NA	NA	NA	NA	NA	NA	8187	126,74,116	0,2,2	26,20,9	2,15,1	4779	149	1.17857154258e-7	2.361764934346588e-6	1.0,0.536,0.644	0.288,0.04,0.219	0.544	NA	NA	NA	NA	RI	chr4|-|122917500|122922597|122917500|122917704|122922334|122922597	2.361764934346588e-6	0.544	0.7266666666666667	0.18233333333333332	393	NA	NA	NA	NA	122917500	122917704	122922334	122922597	NA	NA	NA	NA	NA	NA	NA	122917500	122922597	0,1,3,0,0,0	8,0,0,0,0,0	118,73,113,26,20,9	0,2,2,2,15,1	NA	NA	NA	NA	NA	8187	chr4	-	NA	NA	NA	NA	NA	NA	8187	67,100,161	0,0,1	12,34,27	0,0,0	4779	149	1	1	1.0,1.0,0.834	1.0,1.0,1.0	-0.055	NA	NA	NA	NA	1	-0.055	0.9446666666666667	1	402	NA	NA	NA	NA	122917500	122917704	122922334	122922597	NA	NA	NA	NA	NA	NA	NA	122917500	122922597	4,0,0,0,1,0	0,0,0,0,0,0	63,100,161,12,33,27	0,0,1,0,0,0	NA	NA	NA	NA	NA
8191	ENSG00000064545.15	TMEM161A	chr19	-	NA	NA	NA	NA	NA	NA	8191	92,127,121	4,4,5	52,83,60	5,12,20	372	149	1.62098332779e-5	1.7137706493117e-4	0.902,0.927,0.906	0.806,0.735,0.546	0.216	NA	NA	NA	NA	RI	chr19|-|19132351|19132754|19132351|19132433|19132656|19132754	1.7137706493117e-4	0.216	0.9116666666666667	0.6956666666666667	585	NA	NA	NA	NA	19132351	19132433	19132656	19132754	NA	NA	NA	NA	NA	NA	NA	19132351	19132754	80,90,96,48,62,38	6,30,16,0,17,16	6,7,9,4,4,6	4,4,5,5,12,20	NA	NA	NA	NA	NA	8191	chr19	-	NA	NA	NA	NA	NA	NA	8191	100,118,122	28,0,9	48,67,103	5,1,3	372	149	0.10387746526	0.2296178670223792	0.589,1.0,0.844	0.794,0.964,0.932	-0.086	NA	NA	NA	NA	0.2296178670223792	-0.086	0.8109999999999999	0.8966666666666667	604	NA	NA	NA	NA	19132351	19132433	19132656	19132754	NA	NA	NA	NA	NA	NA	NA	19132351	19132754	58,80,70,33,55,62	23,32,35,14,10,25	19,6,17,1,2,16	28,0,9,5,1,3	NA	NA	NA	NA	NA
8204	ENSG00000196352.18	CD55	chr1	+	NA	NA	NA	NA	NA	NA	8204	17,9,14	1,42,31	2,0,3	24,12,23	659	149	3.35491808223e-4	0.00226817614997071	0.794,0.046,0.093	0.018,0.0,0.029	0.295	NA	NA	NA	NA	RI	chr1|+|207336692|207337409|207336692|207336818|207337328|207337409	0.00226817614997071	0.295	0.311	0.015666666666666666	178	NA	NA	NA	NA	207336692	207336818	207337328	207337409	NA	NA	NA	NA	NA	NA	NA	207336692	207337409	4,2,1,0,0,3	6,3,1,0,0,0	7,4,12,2,0,0	1,42,31,24,12,23	NA	NA	NA	NA	NA	8204	chr1	+	NA	NA	NA	NA	NA	NA	8204	10,16,1	6,57,34	0,18,0	14,19,33	659	149	0.577453918163	0.8061128552441879	0.274,0.06,0.007	0.0,0.176,0.0	0.055	NA	NA	NA	NA	0.8061128552441879	0.055	0.11366666666666667	0.05866666666666666	208	NA	NA	NA	NA	207336692	207336818	207337328	207337409	NA	NA	NA	NA	NA	NA	NA	207336692	207337409	5,0,1,0,0,0	0,2,0,0,18,0	5,14,0,0,0,0	6,57,34,14,19,33	NA	NA	NA	NA	NA
8212	ENSG00000124356.17	STAMBP	chr2	+	NA	NA	NA	NA	NA	NA	8212	102,89,67	5,0,2	118,54,65	20,0,8	483	149	0.00487992442638	0.02004266348463641	0.863,1.0,0.912	0.645,1.0,0.715	0.138	NA	NA	NA	NA	RI	chr2|+|73828966|73829510|73828966|73829070|73829404|73829510	0.02004266348463641	0.138	0.925	0.7866666666666666	530	NA	NA	NA	NA	73828966	73829070	73829404	73829510	NA	NA	NA	NA	NA	NA	NA	73828966	73829510	42,25,14,33,19,14	41,14,12,52,28,29	19,50,41,33,7,22	5,0,2,20,0,8	NA	NA	NA	NA	NA	8212	chr2	+	NA	NA	NA	NA	NA	NA	8212	82,31,51	0,0,0	143,77,73	3,0,0	483	149	0.462892181875	0.6978151868365694	1.0,1.0,1.0	0.936,1.0,1.0	0.021	NA	NA	NA	NA	0.6978151868365694	0.021	1	0.9786666666666667	460	NA	NA	NA	NA	73828966	73829070	73829404	73829510	NA	NA	NA	NA	NA	NA	NA	73828966	73829510	27,4,4,23,14,25	30,23,30,47,18,18	25,4,17,73,45,30	0,0,0,3,0,0	NA	NA	NA	NA	NA
8235	ENSG00000163472.19	TMEM79	chr1	+	NA	NA	NA	NA	NA	NA	8235	34,47,27	0,2,1	15,8,24	2,0,5	425	149	0.00696068323314	0.02648111459192456	1.0,0.892,0.904	0.724,1.0,0.627	0.148	NA	NA	NA	NA	RI	chr1|+|156285183|156286473|156285183|156285983|156286259|156286473	0.02648111459192456	0.148	0.932	0.7836666666666666	165	NA	NA	NA	NA	156285183	156285983	156286259	156286473	NA	NA	NA	NA	NA	NA	NA	156285183	156286473	16,12,13,4,3,0	7,31,2,3,2,2	11,4,12,8,3,22	0,2,1,2,0,5	NA	NA	NA	NA	NA	8235	chr1	+	NA	NA	NA	NA	NA	NA	8235	39,20,32	0,3,3	27,32,6	0,12,8	425	149	0.0516775770828	0.13274389111145435	1.0,0.7,0.789	1.0,0.483,0.208	0.266	NA	NA	NA	NA	0.13274389111145435	0.266	0.8296666666666667	0.5636666666666666	182	NA	NA	NA	NA	156285183	156285983	156286259	156286473	NA	NA	NA	NA	NA	NA	NA	156285183	156286473	16,6,14,12,12,0	23,2,9,8,11,6	0,12,9,7,9,0	0,3,3,0,12,8	NA	NA	NA	NA	NA
8300	ENSG00000160299.19	PCNT	chr21	+	NA	NA	NA	NA	NA	NA	8300	1475,1296,1607	47,49,54	1020,1235,1448	100,98,109	1385	149	4.24660306919e-12	2.3250151803815247e-10	0.771,0.74,0.762	0.523,0.576,0.588	0.195	NA	NA	NA	NA	RI	chr21|+|46442496|46444821|46442496|46442573|46443809|46444821	2.3250151803815247e-10	0.195	0.7576666666666667	0.5623333333333334	8538	NA	NA	NA	NA	46442496	46442573	46443809	46444821	NA	NA	NA	NA	NA	NA	NA	46442496	46444821	113,94,115,110,103,117	131,168,155,66,108,121	1231,1034,1337,844,1024,1210	47,49,54,100,98,109	NA	NA	NA	NA	NA	8300	chr21	+	NA	NA	NA	NA	NA	NA	8300	1128,1227,1572	49,97,53	834,1143,1172	40,56,51	1385	149	0.750389854642	0.9492258760333134	0.712,0.576,0.761	0.692,0.687,0.712	-0.014	NA	NA	NA	NA	0.9492258760333134	-0.014	0.6829999999999999	0.697	7422	NA	NA	NA	NA	46442496	46442573	46443809	46444821	NA	NA	NA	NA	NA	NA	NA	46442496	46444821	37,113,137,71,127,76	84,82,185,67,102,118	1007,1032,1250,696,914,978	49,97,53,40,56,51	NA	NA	NA	NA	NA
8302	ENSG00000160299.19	PCNT	chr21	+	NA	NA	NA	NA	NA	NA	8302	1273,1383,1516	41,40,109	1053,1268,1673	87,121,106	894	149	2.53073395748e-4	0.00177963998019121	0.838,0.852,0.699	0.669,0.636,0.725	0.12	NA	NA	NA	NA	RI	chr21|+|46443809|46444821|46443809|46443948|46444693|46444821	0.00177963998019121	0.12	0.7963333333333333	0.6766666666666666	8670	NA	NA	NA	NA	46443809	46443948	46444693	46444821	NA	NA	NA	NA	NA	NA	NA	46443809	46444821	84,65,122,51,60,85	190,227,224,73,132,152	999,1091,1170,929,1076,1436	41,40,109,87,121,106	NA	NA	NA	NA	NA	8302	chr21	+	NA	NA	NA	NA	NA	NA	8302	846,1330,1670	40,67,105	907,1217,1406	59,65,58	894	149	0.737917668024	0.9377703697805	0.779,0.768,0.726	0.719,0.757,0.802	-0.002	NA	NA	NA	NA	0.9377703697805	-0.002	0.7576666666666667	0.7593333333333333	7770	NA	NA	NA	NA	46443809	46443948	46444693	46444821	NA	NA	NA	NA	NA	NA	NA	46443809	46444821	82,58,73,46,59,99	121,191,200,105,167,148	643,1081,1397,756,991,1159	40,67,105,59,65,58	NA	NA	NA	NA	NA
8326	ENSG00000186635.16	ARAP1	chr11	-	NA	NA	NA	NA	NA	NA	8326	294,266,318	57,36,47	55,93,86	32,38,26	756	149	1.06343186579e-6	1.6101146175368593e-5	0.504,0.593,0.571	0.253,0.325,0.395	0.232	NA	NA	NA	NA	RI	chr11|-|72712437|72713243|72712437|72712568|72713175|72713243	1.6101146175368593e-5	0.232	0.5559999999999999	0.32433333333333336	1348	NA	NA	NA	NA	72712437	72712568	72713175	72713243	NA	NA	NA	NA	NA	NA	NA	72712437	72713243	172,129,172,38,35,50	31,20,19,3,1,11	91,117,127,14,57,25	57,36,47,32,38,26	NA	NA	NA	NA	NA	8326	chr11	-	NA	NA	NA	NA	NA	NA	8326	398,188,274	66,75,43	44,149,119	21,35,42	756	149	0.128716397138	0.27010319561614243	0.543,0.331,0.557	0.292,0.456,0.358	0.108	NA	NA	NA	NA	0.27010319561614243	0.108	0.47700000000000004	0.36866666666666664	1454	NA	NA	NA	NA	72712437	72712568	72713175	72713243	NA	NA	NA	NA	NA	NA	NA	72712437	72713243	140,72,136,26,61,46	49,15,22,0,15,15	209,101,116,18,73,58	66,75,43,21,35,42	NA	NA	NA	NA	NA
8338	ENSG00000100023.20	PPIL2	chr22	+	NA	NA	NA	NA	NA	NA	8338	330,360,266	113,78,105	149,228,202	138,108,71	752	149	0.00593158286867	0.02331568342992592	0.367,0.478,0.334	0.176,0.295,0.36	0.116	NA	NA	NA	NA	RI	chr22|+|21669912|21670611|21669912|21669962|21670565|21670611	0.02331568342992592	0.116	0.393	0.27699999999999997	2148	NA	NA	NA	NA	21669912	21669962	21670565	21670611	NA	NA	NA	NA	NA	NA	NA	21669912	21670611	102,122,76,48,99,67	81,77,55,28,35,47	147,161,135,73,94,88	113,78,105,138,108,71	NA	NA	NA	NA	NA	8338	chr22	+	NA	NA	NA	NA	NA	NA	8338	188,269,184	90,115,61	127,237,132	86,112,60	752	149	0.0846004578981	0.1959470345716492	0.293,0.317,0.374	0.226,0.295,0.304	0.053	NA	NA	NA	NA	0.1959470345716492	0.053	0.328	0.275	1661	NA	NA	NA	NA	21669912	21669962	21670565	21670611	NA	NA	NA	NA	NA	NA	NA	21669912	21670611	83,86,58,39,91,50	9,43,48,13,18,26	96,140,78,75,128,56	90,115,61,86,112,60	NA	NA	NA	NA	NA
8375	ENSG00000177239.16	MAN1B1	chr9	+	NA	NA	NA	NA	NA	NA	8375	65,52,57	211,186,145	10,3,5	75,89,111	232	149	1.6919798895300001e-12	1.037522068259796e-10	0.165,0.152,0.202	0.079,0.021,0.028	0.13	NA	NA	NA	NA	RI	chr9|+|137107249|137107662|137107249|137107447|137107530|137107662	1.037522068259796e-10	0.13	0.17300000000000001	0.042666666666666665	1009	NA	NA	NA	NA	137107249	137107447	137107530	137107662	NA	NA	NA	NA	NA	NA	NA	137107249	137107662	25,14,36,10,3,2	49,28,36,0,1,4	0,10,0,0,0,0	211,186,145,75,89,111	NA	NA	NA	NA	NA	8375	chr9	+	NA	NA	NA	NA	NA	NA	8375	23,70,34	211,180,248	3,23,4	104,110,153	232	149	1.9912674554e-4	0.00135725329155311	0.065,0.2,0.081	0.018,0.118,0.017	0.064	NA	NA	NA	NA	0.00135725329155311	0.064	0.11533333333333334	0.051	1163	NA	NA	NA	NA	137107249	137107447	137107530	137107662	NA	NA	NA	NA	NA	NA	NA	137107249	137107662	1,34,22,0,10,4	22,37,22,3,17,0	0,0,0,0,0,0	211,180,248,104,110,153	NA	NA	NA	NA	NA
8379	ENSG00000177239.16	MAN1B1	chr9	+	NA	NA	NA	NA	NA	NA	8379	629,707,691	126,114,99	281,340,367	73,81,131	874	149	5.38075461954e-5	4.7818532357998e-4	0.46,0.514,0.543	0.396,0.417,0.323	0.127	NA	NA	NA	NA	RI	chr9|+|137107530|137109180|137107530|137107662|137108387|137109180	4.7818532357998e-4	0.127	0.5056666666666667	0.37866666666666665	3639	NA	NA	NA	NA	137107530	137107662	137108387	137109180	NA	NA	NA	NA	NA	NA	NA	137107530	137109180	122,119,47,10,48,66	89,56,134,59,72,60	418,532,510,212,220,241	126,114,99,73,81,131	NA	NA	NA	NA	NA	8379	chr9	+	NA	NA	NA	NA	NA	NA	8379	593,721,775	97,158,145	282,409,364	73,101,81	874	149	0.0457808010935	0.12036145311434328	0.51,0.438,0.477	0.397,0.408,0.434	0.062	NA	NA	NA	NA	0.12036145311434328	0.062	0.475	0.413	3799	NA	NA	NA	NA	137107530	137107662	137108387	137109180	NA	NA	NA	NA	NA	NA	NA	137107530	137109180	38,108,77,32,77,33	162,114,195,27,102,60	393,499,503,223,230,271	97,158,145,73,101,81	NA	NA	NA	NA	NA
8412	ENSG00000244187.8	TMEM141	chr9	+	NA	NA	NA	NA	NA	NA	8412	84,62,92	43,31,63	23,26,20	28,36,82	369	149	2.97362916513e-8	6.737406682401564e-7	0.441,0.447,0.371	0.249,0.226,0.09	0.231	NA	NA	NA	NA	RI	chr9|+|136791946|136792358|136791946|136792030|136792250|136792358	6.737406682401564e-7	0.231	0.4196666666666667	0.18833333333333332	590	NA	NA	NA	NA	136791946	136792030	136792250	136792358	NA	NA	NA	NA	NA	NA	NA	136791946	136792358	1,8,3,2,4,4	60,39,76,17,13,10	23,15,13,4,9,6	43,31,63,28,36,82	NA	NA	NA	NA	NA	8412	chr9	+	NA	NA	NA	NA	NA	NA	8412	65,49,91	44,59,67	24,9,25	9,18,40	369	149	0.429845406483	0.6604283162166457	0.374,0.251,0.354	0.518,0.168,0.202	0.03	NA	NA	NA	NA	0.6604283162166457	0.03	0.3263333333333333	0.29600000000000004	500	NA	NA	NA	NA	136791946	136792030	136792250	136792358	NA	NA	NA	NA	NA	NA	NA	136791946	136792358	23,14,19,2,9,4	15,16,52,6,0,8	27,19,20,16,0,13	44,59,67,9,18,40	NA	NA	NA	NA	NA
8445	ENSG00000067064.13	IDI1	chr10	-	NA	NA	NA	NA	NA	NA	8445	189,172,216	19,17,20	185,133,289	21,43,56	754	149	0.00643106188672	0.02483329438877017	0.663,0.667,0.681	0.635,0.379,0.505	0.164	NA	NA	NA	NA	RI	chr10|-|1043300|1044171|1043300|1043393|1043998|1044171	0.02483329438877017	0.164	0.6703333333333333	0.5063333333333333	1360	NA	NA	NA	NA	1043300	1043393	1043998	1044171	NA	NA	NA	NA	NA	NA	NA	1043300	1044171	63,51,52,49,41,101	46,29,39,44,18,14	80,92,125,92,74,174	19,17,20,21,43,56	NA	NA	NA	NA	NA	8445	chr10	-	NA	NA	NA	NA	NA	NA	8445	160,227,315	39,35,41	214,195,256	21,24,57	754	149	0.531320387776	0.7656033934095118	0.448,0.562,0.603	0.668,0.616,0.47	-0.047	NA	NA	NA	NA	0.7656033934095118	-0.047	0.5376666666666667	0.5846666666666667	1584	NA	NA	NA	NA	1043300	1043393	1043998	1044171	NA	NA	NA	NA	NA	NA	NA	1043300	1044171	38,47,58,63,44,89	32,52,78,32,17,37	90,128,179,119,134,130	39,35,41,21,24,57	NA	NA	NA	NA	NA
8460	ENSG00000120549.19	KIAA1217	chr10	+	NA	NA	NA	NA	NA	NA	8460	363,434,573	10,4,19	720,652,899	51,71,54	872	149	3.80934627175e-8	8.463373673322826e-7	0.861,0.949,0.837	0.707,0.611,0.74	0.196	NA	NA	NA	NA	RI	chr10|+|24544980|24547843|24544980|24545103|24545826|24547843	8.463373673322826e-7	0.196	0.8823333333333333	0.6859999999999999	3850	NA	NA	NA	NA	24544980	24545103	24545826	24547843	NA	NA	NA	NA	NA	NA	NA	24544980	24547843	40,60,71,113,53,142	90,81,114,189,153,182	233,293,388,418,446,575	10,4,19,51,71,54	NA	NA	NA	NA	NA	8460	chr10	+	NA	NA	NA	NA	NA	NA	8460	344,394,395	31,45,23	703,581,641	38,31,62	872	149	0.221943395581	0.4082857857794511	0.655,0.599,0.746	0.76,0.762,0.639	-0.054	NA	NA	NA	NA	0.4082857857794511	-0.054	0.6666666666666666	0.7203333333333334	3288	NA	NA	NA	NA	24544980	24545103	24545826	24547843	NA	NA	NA	NA	NA	NA	NA	24544980	24547843	89,47,53,57,57,77	31,129,82,208,128,136	224,218,260,438,396,428	31,45,23,38,31,62	NA	NA	NA	NA	NA
8471	ENSG00000099246.18	RAB18	chr10	+	NA	NA	NA	NA	NA	NA	8471	145,158,171	96,62,47	74,84,117	75,94,116	223	149	8.23542529527e-6	9.492411261390158e-5	0.502,0.63,0.709	0.397,0.374,0.403	0.222	NA	NA	NA	NA	RI	chr10|+|27533734|27533994|27533734|27533853|27533927|27533994	9.492411261390158e-5	0.222	0.6136666666666667	0.39133333333333337	1239	NA	NA	NA	NA	27533734	27533853	27533927	27533994	NA	NA	NA	NA	NA	NA	NA	27533734	27533994	95,90,122,42,74,100	107,125,108,57,49,59	0,0,0,0,0,0	96,62,47,75,94,116	NA	NA	NA	NA	NA	8471	chr10	+	NA	NA	NA	NA	NA	NA	8471	116,101,135	68,101,80	59,50,94	74,54,71	223	149	0.0767720716316	0.1814674510697981	0.533,0.401,0.53	0.348,0.382,0.469	0.088	NA	NA	NA	NA	0.1814674510697981	0.088	0.48800000000000004	0.39966666666666667	1003	NA	NA	NA	NA	27533734	27533853	27533927	27533994	NA	NA	NA	NA	NA	NA	NA	27533734	27533994	99,62,102,52,33,67	65,79,84,40,36,67	0,0,0,0,0,0	68,101,80,74,54,71	NA	NA	NA	NA	NA
8493	ENSG00000115649.16	CNPPD1	chr2	-	NA	NA	NA	NA	NA	NA	8493	44,31,61	50,120,91	12,10,6	46,31,44	230	149	0.00210007252348	0.01013555083949495	0.363,0.143,0.303	0.145,0.173,0.081	0.137	NA	NA	NA	NA	RI	chr2|-|219174777|219175108|219174777|219174906|219174987|219175108	0.01013555083949495	0.137	0.26966666666666667	0.133	546	NA	NA	NA	NA	219174777	219174906	219174987	219175108	NA	NA	NA	NA	NA	NA	NA	219174777	219175108	28,23,58,11,9,4	32,22,33,3,7,6	0,0,0,0,0,0	50,120,91,46,31,44	NA	NA	NA	NA	NA	8493	chr2	-	NA	NA	NA	NA	NA	NA	8493	51,46,34	76,83,32	26,49,7	8,25,24	230	149	0.221525933816	0.40786436412037314	0.303,0.264,0.408	0.678,0.559,0.159	-0.14	NA	NA	NA	NA	0.40786436412037314	-0.14	0.325	0.4653333333333334	461	NA	NA	NA	NA	219174777	219174906	219174987	219175108	NA	NA	NA	NA	NA	NA	NA	219174777	219175108	11,32,23,22,30,6	44,30,27,24,34,7	0,0,0,0,0,0	76,83,32,8,25,24	NA	NA	NA	NA	NA
8498	ENSG00000160753.17	RUSC1	chr1	+	NA	NA	NA	NA	NA	NA	8498	304,301,192	12,0,0	45,86,83	0,13,12	848	149	8.62443130929e-4	0.00496107061806437	0.817,1.0,1.0	1.0,0.538,0.549	0.243	NA	NA	NA	NA	RI	chr1|+|155325863|155327132|155325863|155325910|155326609|155327132	0.00496107061806437	0.243	0.939	0.6956666666666667	1048	NA	NA	NA	NA	155325863	155325910	155326609	155327132	NA	NA	NA	NA	NA	NA	NA	155325863	155327132	27,29,37,2,13,12	38,63,29,21,31,26	239,209,126,22,42,45	12,0,0,0,13,12	NA	NA	NA	NA	NA	8498	chr1	+	NA	NA	NA	NA	NA	NA	8498	174,360,252	5,8,3	62,48,78	0,15,7	848	149	0.0214900511312	0.06561934946349024	0.859,0.888,0.937	1.0,0.36,0.662	0.221	NA	NA	NA	NA	0.06561934946349024	0.221	0.8946666666666667	0.674	1012	NA	NA	NA	NA	155325863	155325910	155326609	155327132	NA	NA	NA	NA	NA	NA	NA	155325863	155327132	17,34,30,0,11,0	32,76,77,15,10,34	125,250,145,47,27,44	5,8,3,0,15,7	NA	NA	NA	NA	NA
8508	ENSG00000111877.18	MCM9	chr6	-	NA	NA	NA	NA	NA	NA	8508	107,92,74	28,7,6	33,48,27	17,6,16	4392	149	0.00236680497715	0.01124849552513084	0.115,0.308,0.295	0.062,0.213,0.054	0.13	NA	NA	NA	NA	RI	chr6|-|118917560|118922086|118917560|118917761|118922004|118922086	0.01124849552513084	0.13	0.23933333333333334	0.10966666666666666	461	NA	NA	NA	NA	118917560	118917761	118922004	118922086	NA	NA	NA	NA	NA	NA	NA	118917560	118922086	0,2,0,1,2,0	1,0,1,0,0,0	106,90,73,32,46,27	28,7,6,17,6,16	NA	NA	NA	NA	NA	8508	chr6	-	NA	NA	NA	NA	NA	NA	8508	96,62,136	6,34,22	37,65,30	8,13,20	4392	149	0.146143922332	0.29692106514893946	0.352,0.058,0.173	0.136,0.145,0.048	0.085	NA	NA	NA	NA	0.29692106514893946	0.085	0.19433333333333333	0.10966666666666666	529	NA	NA	NA	NA	118917560	118917761	118922004	118922086	NA	NA	NA	NA	NA	NA	NA	118917560	118922086	6,1,16,0,0,0	6,0,2,0,3,0	84,61,118,37,62,30	6,34,22,8,13,20	NA	NA	NA	NA	NA
8524	ENSG00000171953.16	ATPAF2	chr17	-	NA	NA	NA	NA	NA	NA	8524	92,75,49	5,12,15	10,6,31	4,6,24	332	149	1.18186676902e-4	9.436467483894e-4	0.892,0.737,0.594	0.529,0.31,0.367	0.339	NA	NA	NA	NA	RI	chr17|-|18021122|18021663|18021122|18021238|18021421|18021663	9.436467483894e-4	0.339	0.741	0.402	329	NA	NA	NA	NA	18021122	18021238	18021421	18021663	NA	NA	NA	NA	NA	NA	NA	18021122	18021663	21,29,21,1,6,10	62,30,28,9,0,15	9,16,0,0,0,6	5,12,15,4,6,24	NA	NA	NA	NA	NA	8524	chr17	-	NA	NA	NA	NA	NA	NA	8524	59,70,61	44,6,10	14,16,21	1,20,2	332	149	0.960492703029	1	0.376,0.84,0.732	0.863,0.264,0.825	-0.001	NA	NA	NA	NA	1	-0.001	0.6493333333333333	0.6506666666666666	324	NA	NA	NA	NA	18021122	18021238	18021421	18021663	NA	NA	NA	NA	NA	NA	NA	18021122	18021663	18,30,20,0,4,4	29,30,40,13,5,17	12,10,1,1,7,0	44,6,10,1,20,2	NA	NA	NA	NA	NA
8532	ENSG00000166348.20	USP54	chr10	-	NA	NA	NA	NA	NA	NA	8532	7,9,4	0,0,0	13,0,8	1,13,0	271	149	5.91150359289e-4	0.00363584152774337	1.0,1.0,1.0	0.877,0.0,1.0	0.374	NA	NA	NA	NA	RI	chr10|-|73575511|73576361|73575511|73575675|73575797|73576361	0.00363584152774337	0.374	1	0.6256666666666667	55	NA	NA	NA	NA	73575511	73575675	73575797	73576361	NA	NA	NA	NA	NA	NA	NA	73575511	73576361	2,6,2,3,0,6	5,3,2,12,0,2	0,0,0,0,0,0	0,0,0,1,13,0	NA	NA	NA	NA	NA	8532	chr10	-	NA	NA	NA	NA	NA	NA	8532	4,6,10	6,0,0	2,0,5	0,0,4	271	149	1	1	0.268,1.0,1.0	1.0,NA,0.407	0.052	NA	NA	NA	NA	1	0.052	0.756	0.7035	37	NA	NA	NA	NA	73575511	73575675	73575797	73576361	NA	NA	NA	NA	NA	NA	NA	73575511	73576361	1,3,0,0,0,2	4,3,10,2,0,3	0,0,0,0,0,0	6,0,0,0,0,4	NA	NA	NA	NA	NA
8550	ENSG00000148672.10	GLUD1	chr10	-	NA	NA	NA	NA	NA	NA	8550	170,142,195	76,45,76	38,34,100	27,53,97	595	149	2.10234812892e-8	4.864754236429223e-7	0.359,0.441,0.391	0.261,0.138,0.205	0.196	NA	NA	NA	NA	RI	chr10|-|87060160|87060825|87060160|87060241|87060687|87060825	4.864754236429223e-7	0.196	0.397	0.20133333333333334	1053	NA	NA	NA	NA	87060160	87060241	87060687	87060825	NA	NA	NA	NA	NA	NA	NA	87060160	87060825	30,41,82,3,11,29	69,49,47,22,1,31	71,52,66,13,22,40	76,45,76,27,53,97	NA	NA	NA	NA	NA	8550	chr10	-	NA	NA	NA	NA	NA	NA	8550	151,121,152	62,51,109	59,73,53	31,10,45	595	149	0.592799490755	0.8199533038638216	0.379,0.373,0.259	0.323,0.646,0.228	-0.062	NA	NA	NA	NA	0.8199533038638216	-0.062	0.337	0.399	917	NA	NA	NA	NA	87060160	87060241	87060687	87060825	NA	NA	NA	NA	NA	NA	NA	87060160	87060825	40,49,24,16,13,14	18,28,57,15,13,18	93,44,71,28,47,21	62,51,109,31,10,45	NA	NA	NA	NA	NA
8586	ENSG00000075826.17	SEC31B	chr10	-	NA	NA	NA	NA	NA	NA	8586	69,89,132	4,2,2	60,67,102	4,22,3	426	149	0.00406309738218	0.01742301618708235	0.858,0.94,0.958	0.84,0.516,0.922	0.159	NA	NA	NA	NA	RI	chr10|-|100488857|100489398|100488857|100488974|100489251|100489398	0.01742301618708235	0.159	0.9186666666666666	0.7593333333333333	556	NA	NA	NA	NA	100488857	100488974	100489251	100489398	NA	NA	NA	NA	NA	NA	NA	100488857	100489398	19,9,68,24,15,24	15,33,24,30,28,37	35,47,40,6,24,41	4,2,2,4,22,3	NA	NA	NA	NA	NA	8586	chr10	-	NA	NA	NA	NA	NA	NA	8586	83,151,152	1,0,14	130,92,45	0,3,13	426	149	0.465740200296	0.7002125898260702	0.967,1.0,0.792	1.0,0.915,0.548	0.099	NA	NA	NA	NA	0.7002125898260702	0.099	0.9196666666666666	0.8210000000000001	684	NA	NA	NA	NA	100488857	100488974	100489251	100489398	NA	NA	NA	NA	NA	NA	NA	100488857	100489398	35,41,49,15,5,11	35,63,46,80,29,15	13,47,57,35,58,19	1,0,14,0,3,13	NA	NA	NA	NA	NA
8589	ENSG00000087088.21	BAX	chr19	+	NA	NA	NA	NA	NA	NA	8589	243,309,291	75,60,94	101,119,174	41,89,59	236	149	0.00758382596305	0.02840807624033146	0.672,0.765,0.662	0.609,0.458,0.651	0.127	NA	NA	NA	NA	RI	chr19|+|48955547|48955833|48955547|48955599|48955686|48955833	0.02840807624033146	0.127	0.6996666666666667	0.5726666666666667	1655	NA	NA	NA	NA	48955547	48955599	48955686	48955833	NA	NA	NA	NA	NA	NA	NA	48955547	48955833	145,142,143,33,70,105	151,214,204,76,76,124	0,0,0,0,0,0	75,60,94,41,89,59	NA	NA	NA	NA	NA	8589	chr19	+	NA	NA	NA	NA	NA	NA	8589	250,273,334	73,70,93	177,95,193	38,65,72	236	149	0.170163879049	0.33494773975779363	0.684,0.711,0.694	0.746,0.48,0.629	0.078	NA	NA	NA	NA	0.33494773975779363	0.078	0.6963333333333334	0.6183333333333333	1733	NA	NA	NA	NA	48955547	48955599	48955686	48955833	NA	NA	NA	NA	NA	NA	NA	48955547	48955833	114,168,222,106,48,123	200,156,192,122,68,124	0,0,0,0,0,0	73,70,93,38,65,72	NA	NA	NA	NA	NA
8617	ENSG00000161249.21	DMKN	chr19	-	NA	NA	NA	NA	NA	NA	8617	268,172,209	2,6,17	70,98,136	5,13,10	652	149	0.00948250695624	0.03428463010357528	0.968,0.868,0.738	0.762,0.633,0.757	0.141	NA	NA	NA	NA	RI	chr19|-|35499957|35500580|35499957|35500029|35500532|35500580	0.03428463010357528	0.141	0.858	0.7173333333333334	1006	NA	NA	NA	NA	35499957	35500029	35500532	35500580	NA	NA	NA	NA	NA	NA	NA	35499957	35500580	92,19,65,41,60,47	24,28,24,1,25,30	152,125,120,28,13,59	2,6,17,5,13,10	NA	NA	NA	NA	NA	8617	chr19	-	NA	NA	NA	NA	NA	NA	8617	115,225,362	20,7,9	77,150,115	8,0,1	652	149	0.0722715950416	0.17328977447912883	0.568,0.88,0.902	0.687,1.0,0.963	-0.1	NA	NA	NA	NA	0.17328977447912883	-0.1	0.7833333333333333	0.8833333333333333	1089	NA	NA	NA	NA	35499957	35500029	35500532	35500580	NA	NA	NA	NA	NA	NA	NA	35499957	35500580	42,95,117,32,52,28	33,21,75,4,4,30	40,109,170,41,94,57	20,7,9,8,0,1	NA	NA	NA	NA	NA
8619	ENSG00000161249.21	DMKN	chr19	-	NA	NA	NA	NA	NA	NA	8619	52,45,33	9,2,25	2,15,13	10,12,9	267	149	0.00238114929945	0.0112750637098281	0.763,0.926,0.424	0.1,0.411,0.446	0.385	NA	NA	NA	NA	RI	chr19|-|35510183|35510427|35510183|35510252|35510370|35510427	0.0112750637098281	0.385	0.7043333333333334	0.319	227	NA	NA	NA	NA	35510183	35510252	35510370	35510427	NA	NA	NA	NA	NA	NA	NA	35510183	35510427	31,38,30,0,13,5	28,10,17,2,8,10	0,0,0,0,0,0	9,2,25,10,12,9	NA	NA	NA	NA	NA	8619	chr19	-	NA	NA	NA	NA	NA	NA	8619	81,49,19	42,14,30	2,12,39	6,7,28	267	149	0.432821764686	0.6634037149590746	0.518,0.661,0.261	0.157,0.489,0.437	0.119	NA	NA	NA	NA	0.6634037149590746	0.119	0.48000000000000004	0.361	329	NA	NA	NA	NA	35510183	35510252	35510370	35510427	NA	NA	NA	NA	NA	NA	NA	35510183	35510427	60,38,15,2,12,31	39,11,5,0,0,18	0,0,0,0,0,0	42,14,30,6,7,28	NA	NA	NA	NA	NA
8669	ENSG00000149600.12	COMMD7	chr20	-	NA	NA	NA	NA	NA	NA	8669	157,142,262	11,20,34	108,137,197	22,41,58	713	149	7.79841795377e-5	6.5686674302908e-4	0.749,0.597,0.617	0.506,0.411,0.415	0.21	NA	NA	NA	NA	RI	chr20|-|32702702|32704071|32702702|32703458|32704022|32704071	6.5686674302908e-4	0.21	0.6543333333333333	0.444	1189	NA	NA	NA	NA	32702702	32703458	32704022	32704071	NA	NA	NA	NA	NA	NA	NA	32702702	32704071	37,28,43,11,23,21	18,32,71,24,28,53	102,82,148,73,86,123	11,20,34,22,41,58	NA	NA	NA	NA	NA	8669	chr20	-	NA	NA	NA	NA	NA	NA	8669	153,126,184	22,32,46	83,138,138	7,29,39	713	149	0.662494630081	0.8773695331270085	0.592,0.451,0.455	0.712,0.499,0.425	-0.046	NA	NA	NA	NA	0.8773695331270085	-0.046	0.49933333333333335	0.5453333333333333	997	NA	NA	NA	NA	32702702	32703458	32704022	32704071	NA	NA	NA	NA	NA	NA	NA	32702702	32704071	45,17,39,25,10,19	32,28,24,9,45,25	76,81,121,49,83,94	22,32,46,7,29,39	NA	NA	NA	NA	NA
