cluster	type	pvalue	present_median	present_average	present_consistency	absent_median	absent_average	absent_consistency	pbc
I14_OG001953	not significant	0.09386	1.0	0.5454545454545454	0.5454545454545454	0.0	0.125	0.125	0.4524
I20_OG005167	not significant	0.86665	0	0.22727272727272727	0.2727272727272727	0.0	0.3125	0.3125	-0.0957
I14_OG003618	not significant	0.58653	1.0	0.7272727272727273	0.8181818181818181	0.5	0.5	0.5	0.2365
I14_OG009134	not significant	0.28021	1	0.5454545454545454	0.5454545454545454	0.0	0.25	0.25	0.3006
I14_OG001411	not significant	0.85335	0	0.2727272727272727	0.36363636363636365	0.0	0.1875	0.1875	0.1066
I60_OG000161	present_enriched	0.00019	1	0.5909090909090909	0.6363636363636364	0.0	0.34375	0.375	0.2541
I60_OG001794	not significant	0.92775	0	0.22727272727272727	0.2727272727272727	0.0	0.1875	0.1875	0.05
I14_OG001947	not significant	0.54142	1	0.9545454545454546	1.0	1.0	1.0	1.0	-0.2365
I60_OG001460	not significant	0.78766	0	0.18181818181818182	0.2727272727272727	0.0	0.09375	0.125	0.1484
I14_OG008840	not significant	0.49679	0	0.13636363636363635	0.18181818181818177	0.0	0.0625	0.0625	0.1327
I14_OG000988	not significant	0.84493	1.0	0.9090909090909091	0.9090909090909091	1.0	0.8125	0.8125	0.1336
I60_OG000001	not significant	0.01986	0	0.13636363636363635	0.18181818181818177	0.0	0.1875	0.1875	-0.0698
I14_OG001327	not significant	0.95536	1	0.8636363636363636	0.9090909090909091	1.0	0.84375	0.875	0.0298
I60_OG007372	not significant	0.7286	1	0.7272727272727273	0.7272727272727273	1.0	0.5625	0.5625	0.1677
I14_OG000698	not significant	0.155	1	0.9090909090909091	0.9090909090909091	1.0	0.6875	0.6875	0.2619
I14_OG001593	not significant	1.0	1	1.0	1.0	1.0	1.0	1.0	0
I14_OG003432	not significant	0.19321	1	1.0	1.0	1.0	0.71875	0.75	0.3838
I60_OG002891	not significant	0.93022	0	0.22727272727272727	0.2727272727272727	0.0	0.1875	0.1875	0.05
I14_OG003170	not significant	0.7987	0	0.2727272727272727	0.2727272727272727	0.0	0.1875	0.1875	0.1007
I20_OG000415	not significant	0.18788	1	1.0	1.0	1.0	0.78125	0.8125	0.334
I20_OG000629	not significant	0.96479	1.0	0.7727272727272727	0.8181818181818181	1.0	0.75	0.75	0.0268
I14_OG000391	not significant	0.54332	0	0.3181818181818182	0.36363636363636365	0.0	0.15625	0.1875	0.2025
I20_OG003877	not significant	0.7353	0	0.09090909090909091	0.09090909090909094	0.0	0.21875	0.25	-0.1745
I14_OG000475	not significant	0.86721	1.0	0.5454545454545454	0.5454545454545454	0.5	0.5	0.5	0.0447
I14_OG002024	not significant	0.58542	1	1.0	1.0	1.0	0.90625	0.9375	0.2216
I14_OG005796	not significant	0.74072	1.0	0.5454545454545454	0.5454545454545454	0.0	0.40625	0.4375	0.1398
I60_OG000114	not significant	0.02165	1.0	0.6363636363636364	0.6363636363636364	0.0	0.4375	0.4375	0.1956
I20_OG003862	not significant	0.88275	0	0.13636363636363635	0.18181818181818177	0.0	0.1875	0.1875	-0.0698
I14_OG001370	not significant	0.99906	1.0	0.6818181818181818	0.7272727272727273	1.0	0.6875	0.6875	-0.0061
I14_OG004569	not significant	0.10402	0.0	0.45454545454545453	0.4545454545454546	0.0	0.125	0.125	0.3695
I20_OG000957	not significant	0.82984	1	0.9090909090909091	0.9090909090909091	1.0	0.8125	0.8125	0.1336
I14_OG000413	not significant	0.45287	0.0	0.4090909090909091	0.4545454545454546	0.0	0.25	0.25	0.172
I14_OG000808	not significant	0.07924	1.0	0.8636363636363636	0.9090909090909091	0.25	0.46875	0.5	0.4188
I14_OG000537	not significant	0.67997	0	0.36363636363636365	0.4545454545454546	1.0	0.5625	0.5625	-0.2032
I14_OG004115	not significant	0.91508	1.0	0.5909090909090909	0.6363636363636364	0.75	0.53125	0.5625	0.0613
I20_OG000658	not significant	0.6784	0	0.09090909090909091	0.09090909090909094	0.0	0.25	0.25	-0.2012
I14_OG001917	not significant	0.73125	1	0.7272727272727273	0.7272727272727273	1.0	0.5625	0.5625	0.1677
I20_OG002167	not significant	0.79652	0	0.36363636363636365	0.36363636363636365	0.0	0.25	0.25	0.1223
I14_OG001875	not significant	0.96631	1.0	0.7272727272727273	0.7272727272727273	1.0	0.75	0.75	-0.0255
I14_OG004606	not significant	0.23033	1	0.8181818181818182	0.8181818181818181	0.25	0.46875	0.5	0.3593
I20_OG002269	not significant	0.28858	0.5	0.5	0.5454545454545454	0.0	0.1875	0.1875	0.3379
I20_OG002902	not significant	0.68569	0	0.13636363636363635	0.18181818181818177	0.0	0.28125	0.3125	-0.1812
I14_OG001490	not significant	0.49582	1.0	0.9090909090909091	0.9090909090909091	1.0	0.6875	0.6875	0.2619
I14_OG000691	not significant	0.9833	1.0	0.8181818181818182	0.8181818181818181	1.0	0.8125	0.8125	0.0072
I20_OG000295	not significant	0.84488	0	0.22727272727272727	0.2727272727272727	0.0	0.125	0.125	0.1396
I60_OG000091	not significant	0.85715	1	0.9090909090909091	0.9090909090909091	1.0	0.8125	0.8125	0.1336
I14_OG004703	not significant	0.78434	0	0.3181818181818182	0.36363636363636365	0.0	0.375	0.375	-0.0597
I14_OG011059	not significant	0.31427	0.0	0.45454545454545453	0.4545454545454546	0.0	0.1875	0.1875	0.2874
I20_OG000299	not significant	0.57186	1	1.0	1.0	1.0	0.875	0.875	0.2345
I60_OG000024	present_depleted	0.00951	1	0.6363636363636364	0.6363636363636364	1.0	0.8125	0.8125	-0.1975
I60_OG000254	not significant	0.67993	1	0.9090909090909091	0.9090909090909091	1.0	0.75	0.75	0.2012
I60_OG000175	not significant	0.02529	1	0.9545454545454546	1.0	1.0	0.71875	0.75	0.3184
I14_OG001797	not significant	0.28154	1	1.0	1.0	1.0	0.75	0.75	0.3458
I14_OG001048	not significant	0.32953	1	0.9090909090909091	0.9090909090909091	1.0	0.625	0.625	0.3185
I14_OG000497	not significant	0.24674	1	1.0	1.0	1.0	0.875	0.875	0.2345
I14_OG000719	not significant	0.94564	0	0.09090909090909091	0.09090909090909094	0.0	0.125	0.125	-0.0533
I20_OG000763	not significant	0.90007	0	0.3181818181818182	0.36363636363636365	0.0	0.25	0.25	0.0766
I20_OG001421	not significant	0.86035	0.0	0.45454545454545453	0.4545454545454546	1.0	0.5625	0.5625	-0.1062
I20_OG000338	not significant	0.73463	1.0	0.7727272727272727	0.8181818181818181	1.0	0.75	0.75	0.0268
I14_OG004555	not significant	0.27701	0.5	0.5454545454545454	0.6363636363636364	0.0	0.3125	0.3125	0.2424
I60_OG010510	not significant	0.77312	0	0.3181818181818182	0.36363636363636365	0.0	0.25	0.25	0.0766
I20_OG004903	not significant	0.27925	0	0.0	0.0	0.0	0.15625	0.1875	-0.2808
I14_OG000737	not significant	0.93815	1	0.9090909090909091	0.9090909090909091	1.0	0.875	0.875	0.0533
I14_OG000393	not significant	0.54532	1	0.7727272727272727	0.8181818181818181	1.0	0.5625	0.5625	0.2208
I14_OG002487	not significant	0.05706	1.0	0.8181818181818182	0.8181818181818181	0.0	0.3125	0.3125	0.4973
I60_OG000265	not significant	0.13796	1	1.0	1.0	1.0	0.84375	0.875	0.2808
I14_OG001045	not significant	0.88033	1	0.9090909090909091	0.9090909090909091	1.0	0.84375	0.875	0.0998
I14_OG002904	not significant	0.82339	1	0.9090909090909091	0.9090909090909091	1.0	0.84375	0.875	0.0998
I60_OG001147	not significant	0.97831	1.0	0.7272727272727273	0.7272727272727273	1.0	0.71875	0.75	0.0096
I14_OG000615	not significant	1.0	1	1.0	1.0	1.0	1.0	1.0	0
I14_OG002519	not significant	0.81783	0.0	0.4090909090909091	0.4545454545454546	0.0	0.3125	0.3125	0.1015
I14_OG002041	not significant	1.0	0.5	0.5	0.5454545454545454	0.5	0.5	0.5	0.0
I14_OG009068	not significant	0.88221	0	0.2727272727272727	0.2727272727272727	0.0	0.21875	0.25	0.0637
I60_OG000002	not significant	1.0	1	1.0	1.0	1.0	1.0	1.0	0
I20_OG000898	not significant	0.63101	1	0.9545454545454546	1.0	1.0	0.8125	0.8125	0.2169
I14_OG002278	not significant	0.59391	1	1.0	1.0	1.0	0.875	0.875	0.2345
I14_OG002754	not significant	0.61263	1.0	0.8181818181818182	0.8181818181818181	1.0	0.625	0.625	0.2079
I14_OG000918	not significant	0.27911	0	0.13636363636363635	0.18181818181818177	0.0	0.0	0.0	0.3223
I14_OG003923	not significant	0.96398	0.0	0.4090909090909091	0.4545454545454546	0.0	0.375	0.375	0.035
I14_OG004456	not significant	0.91327	0.0	0.4090909090909091	0.4545454545454546	0.0	0.375	0.375	0.035
I14_OG000707	not significant	0.85759	0	0.3181818181818182	0.36363636363636365	0.0	0.4375	0.4375	-0.1227
I20_OG000933	not significant	0.78886	0	0.3181818181818182	0.36363636363636365	0.0	0.1875	0.1875	0.1541
I20_OG000296	not significant	0.49415	0	0.36363636363636365	0.36363636363636365	0.0	0.1875	0.1875	0.1975
I20_OG001244	not significant	0.84314	0	0.22727272727272727	0.2727272727272727	0.0	0.125	0.125	0.1396
I20_OG000374	not significant	0.05825	0	0.36363636363636365	0.36363636363636365	0.0	0.125	0.125	0.282
I60_OG006883	not significant	0.43125	0	0.2727272727272727	0.2727272727272727	0.0	0.0625	0.0625	0.2908
I14_OG006181	not significant	0.78705	0	0.36363636363636365	0.36363636363636365	0.0	0.3125	0.3125	0.0533
I14_OG001935	not significant	0.22613	0	0.18181818181818182	0.18181818181818177	0.0	0.0	0.0	0.3411
I60_OG000071	not significant	0.07884	0.0	0.4090909090909091	0.4545454545454546	0.0	0.25	0.25	0.172
I14_OG001786	not significant	0.97334	0	0.13636363636363635	0.18181818181818177	0.0	0.125	0.125	0.0174
I20_OG001360	not significant	0.89795	1.0	0.7727272727272727	0.8181818181818181	1.0	0.6875	0.6875	0.0957
I14_OG000541	not significant	0.3037	0	0.2727272727272727	0.2727272727272727	0.0	0.0625	0.0625	0.2908
I20_OG000371	not significant	0.13187	0	0.18181818181818182	0.18181818181818177	0.0	0.0	0.0	0.3411
I14_OG002832	not significant	0.86833	1	0.8181818181818182	0.8181818181818181	1.0	0.75	0.75	0.0806
I14_OG002712	not significant	0.41163	1	1.0	1.0	1.0	0.84375	0.875	0.2808
I14_OG002205	not significant	0.82504	0.5	0.5	0.5454545454545454	0.0	0.375	0.375	0.1266
I14_OG001893	not significant	0.43584	1	1.0	1.0	1.0	0.84375	0.875	0.2808
I14_OG004487	not significant	0.09359	1.0	0.5909090909090909	0.6363636363636364	0.0	0.1875	0.1875	0.4238
I14_OG003396	not significant	0.08972	1	0.7727272727272727	0.8181818181818181	0.0	0.3125	0.3125	0.4609
I14_OG001905	not significant	0.89677	1	0.8181818181818182	0.8181818181818181	1.0	0.75	0.75	0.0806
I60_OG000595	not significant	0.95105	1.0	0.7272727272727273	0.7272727272727273	1.0	0.6875	0.6875	0.0428
I60_OG003254	not significant	0.37025	1	0.6818181818181818	0.7272727272727273	0.0	0.4375	0.4375	0.2454
I60_OG000043	not significant	0.04016	1.0	0.7272727272727273	0.7272727272727273	0.0	0.4375	0.4375	0.2865
I60_OG000032	not significant	0.66098	1	0.8181818181818182	0.8181818181818181	1.0	0.6875	0.6875	0.1465
I14_OG000850	not significant	0.36482	1.0	0.5909090909090909	0.6363636363636364	0.0	0.3125	0.3125	0.282
I14_OG005627	not significant	0.22544	1.0	0.5454545454545454	0.5454545454545454	0.0	0.3125	0.3125	0.233
I14_OG005360	not significant	0.02458	0	0.2727272727272727	0.2727272727272727	0.0	0.0	0.0	0.4264
I60_OG001301	not significant	0.8582	1.0	0.7272727272727273	0.7272727272727273	1.0	0.625	0.625	0.1066
I14_OG002452	not significant	0.14679	1	0.8181818181818182	0.8181818181818181	0.0	0.40625	0.4375	0.4173
I14_OG002186	not significant	1.0	1	1.0	1.0	1.0	1.0	1.0	0
I14_OG000550	not significant	0.8134	1	0.5909090909090909	0.6363636363636364	0.0	0.4375	0.4375	0.1536
I20_OG000450	not significant	1.0	1	1.0	1.0	1.0	1.0	1.0	0
I14_OG001795	not significant	1.0	1	1.0	1.0	1.0	1.0	1.0	0
I14_OG001680	not significant	0.99486	1	0.8181818181818182	0.8181818181818181	1.0	0.8125	0.8125	0.0072
I14_OG003981	not significant	0.68259	0	0.4090909090909091	0.4545454545454546	0.0	0.28125	0.3125	0.1392
I14_OG000392	not significant	1.0	1	1.0	1.0	1.0	1.0	1.0	0
I20_OG000292	not significant	1.0	1	1.0	1.0	1.0	1.0	1.0	0
I14_OG002842	not significant	0.72178	0	0.36363636363636365	0.4545454545454546	0.5	0.5	0.5	-0.1402
I20_OG000577	not significant	1.0	1	1.0	1.0	1.0	1.0	1.0	0
I60_OG000398	not significant	1.0	1	1.0	1.0	1.0	1.0	1.0	0
I14_OG000863	not significant	0.82524	1	1.0	1.0	1.0	0.9375	0.9375	0.1626
I60_OG000015	not significant	1.0	1	1.0	1.0	1.0	1.0	1.0	0
I20_OG000676	not significant	0.1059	1	0.8181818181818182	0.8181818181818181	0.0	0.4375	0.4375	0.3807
I14_OG000622	not significant	0.65185	1.0	0.7727272727272727	0.8181818181818181	1.0	0.5625	0.5625	0.2208
I60_OG008451	not significant	0.86055	0	0.2727272727272727	0.2727272727272727	0.0	0.21875	0.25	0.0637
I20_OG000655	not significant	0.90737	0.5	0.5	0.5454545454545454	1.0	0.5625	0.5625	-0.0628
I14_OG004784	not significant	0.03814	1	0.6363636363636364	0.7272727272727273	0.0	0.21875	0.25	0.4479
I14_OG001834	not significant	0.63071	0	0.36363636363636365	0.36363636363636365	0.0	0.1875	0.1875	0.1975
I14_OG000648	not significant	0.94866	1.0	0.9090909090909091	0.9090909090909091	1.0	0.875	0.875	0.0533
I14_OG006679	not significant	0.64413	0	0.36363636363636365	0.36363636363636365	0.0	0.28125	0.3125	0.0891
I14_OG003828	not significant	0.45605	1.0	0.8181818181818182	0.8181818181818181	1.0	0.5625	0.5625	0.2665
I14_OG003412	not significant	0.43186	0	0.2727272727272727	0.2727272727272727	0.0	0.0625	0.0625	0.2908
I14_OG003348	not significant	0.97964	0	0.36363636363636365	0.36363636363636365	0.0	0.375	0.375	-0.0116
I14_OG003309	not significant	0.78177	0	0.2727272727272727	0.2727272727272727	0.0	0.15625	0.1875	0.1463
I14_OG003785	not significant	0.76205	1.0	0.5909090909090909	0.6363636363636364	0.5	0.5	0.5	0.0913
I14_OG000450	not significant	1.0	1	1.0	1.0	1.0	1.0	1.0	0
I14_OG001365	not significant	0.87088	1.0	0.7727272727272727	0.8181818181818181	1.0	0.6875	0.6875	0.0957
I60_OG000037	present_enriched	6e-05	1	1.0	1.0	1.0	0.78125	0.8125	0.334
I14_OG005131	not significant	0.79081	0	0.09090909090909091	0.09090909090909094	0.0	0.125	0.125	-0.0533
I20_OG001848	not significant	0.91852	1.0	0.8636363636363636	0.9090909090909091	1.0	0.8125	0.8125	0.0698
I14_OG001622	not significant	1.0	1	1.0	1.0	1.0	1.0	1.0	0
I20_OG000685	not significant	0.76418	1	1.0	1.0	1.0	0.9375	0.9375	0.1626
I20_OG000432	not significant	1.0	1	1.0	1.0	1.0	1.0	1.0	0
I20_OG000250	not significant	1.0	1	1.0	1.0	1.0	1.0	1.0	0
I20_OG001949	not significant	0.71684	1	1.0	1.0	1.0	0.9375	0.9375	0.1626
I14_OG004509	not significant	0.74737	1.0	0.6363636363636364	0.7272727272727273	1.0	0.5625	0.5625	0.0769
I14_OG000913	not significant	0.03913	1	1.0	1.0	1.0	0.71875	0.75	0.3838
I20_OG002150	not significant	0.61133	1.0	0.9090909090909091	0.9090909090909091	1.0	0.75	0.75	0.2012
I20_OG001883	not significant	0.43244	1	1.0	1.0	1.0	0.84375	0.875	0.2808
I14_OG001778	not significant	0.78782	1	0.8181818181818182	0.8181818181818181	1.0	0.6875	0.6875	0.1465
I20_OG001042	not significant	0.82147	1.0	0.9090909090909091	0.9090909090909091	1.0	0.96875	1.0	-0.141
I20_OG001711	not significant	0.54486	1	1.0	1.0	1.0	0.875	0.875	0.2345
I60_OG000067	not significant	1.0	1	1.0	1.0	1.0	1.0	1.0	0
I14_OG010014	not significant	0.09956	1.0	0.8181818181818182	0.8181818181818181	0.0	0.375	0.375	0.4382
I14_OG001840	not significant	0.84037	1	0.7727272727272727	0.8181818181818181	1.0	0.6875	0.75	0.1007
I14_OG000926	not significant	1.0	1	1.0	1.0	1.0	1.0	1.0	0
I14_OG000442	not significant	0.23788	1.0	0.6363636363636364	0.6363636363636364	0.0	0.40625	0.4375	0.2304
I14_OG001352	not significant	0.89395	0	0.18181818181818182	0.18181818181818177	0.0	0.125	0.125	0.0786
I14_OG000468	not significant	1.0	1	1.0	1.0	1.0	1.0	1.0	0
I20_OG000239	not significant	0.78468	1.0	0.8181818181818182	0.8181818181818181	1.0	0.6875	0.6875	0.1465
I14_OG000804	not significant	1.0	1	1.0	1.0	1.0	1.0	1.0	0
I60_OG002073	not significant	0.96184	0	0.22727272727272727	0.2727272727272727	0.0	0.25	0.25	-0.0268
I14_OG006246	not significant	0.85895	0	0.18181818181818182	0.18181818181818177	0.0	0.15625	0.1875	0.0349
I14_OG006435	not significant	0.04725	1.0	0.6363636363636364	0.6363636363636364	0.0	0.25	0.25	0.3864
I20_OG000414	not significant	1.0	1	1.0	1.0	1.0	1.0	1.0	0
I20_OG001492	not significant	0.57855	1	0.7727272727272727	0.8181818181818181	1.0	0.5625	0.5625	0.2208
I14_OG000512	not significant	0.84693	1.0	0.8636363636363636	0.9090909090909091	1.0	0.75	0.75	0.1428
I60_OG000014	not significant	1.0	1	1.0	1.0	1.0	1.0	1.0	0
I60_OG001697	not significant	0.51678	1	1.0	1.0	1.0	0.875	0.875	0.2345
I14_OG005022	not significant	0.28426	1	1.0	1.0	1.0	0.75	0.75	0.3458
I20_OG002321	not significant	0.57019	0	0.045454545454545456	0.09090909090909094	0.0	0.1875	0.1875	-0.2169
I14_OG000506	not significant	0.57387	1	0.7272727272727273	0.7272727272727273	0.5	0.5	0.5	0.2273
I14_OG007161	not significant	0.723	0	0.2727272727272727	0.2727272727272727	0.0	0.1875	0.1875	0.1007
I14_OG000821	not significant	0.68511	1	0.9090909090909091	0.9090909090909091	1.0	0.75	0.75	0.2012
I14_OG001655	not significant	0.27107	1	1.0	1.0	1.0	0.75	0.75	0.3458
I14_OG000583	not significant	0.85839	1	0.9090909090909091	0.9090909090909091	1.0	0.8125	0.8125	0.1336
I20_OG006752	not significant	0.98405	0	0.36363636363636365	0.36363636363636365	0.0	0.375	0.375	-0.0116
I14_OG000611	not significant	0.85255	1.0	0.7272727272727273	0.7272727272727273	1.0	0.59375	0.625	0.1403
I60_OG003000	not significant	0.52026	0	0.22727272727272727	0.2727272727272727	0.0	0.09375	0.125	0.1999
I20_OG002275	not significant	0.07685	1.0	0.6363636363636364	0.6363636363636364	0.0	0.1875	0.1875	0.4567
I14_OG006390	not significant	0.27844	1	0.8181818181818182	0.8181818181818181	0.5	0.5	0.5	0.3237
I60_OG000363	not significant	0.31242	1	1.0	1.0	1.0	0.9375	0.9375	0.1626
I14_OG003102	not significant	0.97419	1	0.6363636363636364	0.6363636363636364	1.0	0.65625	0.6875	-0.0209
I60_OG002853	not significant	0.67551	0	0.18181818181818182	0.18181818181818177	0.0	0.28125	0.3125	-0.1173
I60_OG000397	not significant	0.45564	1	0.9090909090909091	0.9090909090909091	1.0	0.6875	0.6875	0.2619
I14_OG002438	not significant	0.51147	1.0	0.6818181818181818	0.7272727272727273	0.0	0.4375	0.4375	0.2454
I14_OG004121	not significant	0.59459	1	0.7727272727272727	0.8181818181818181	1.0	0.59375	0.625	0.1948
I14_OG002036	not significant	0.72174	1.0	0.8181818181818182	0.8181818181818181	1.0	0.75	0.75	0.0806
I20_OG004940	not significant	0.19949	1	0.6363636363636364	0.6363636363636364	0.0	0.3125	0.3125	0.3202
I20_OG002220	not significant	0.19971	1	0.8636363636363636	0.9090909090909091	0.5	0.5	0.5	0.382
I20_OG000331	not significant	0.49297	0	0.13636363636363635	0.18181818181818177	0.0	0.25	0.25	-0.1428
I60_OG002440	not significant	0.21218	1	0.9545454545454546	1.0	1.0	0.65625	0.6875	0.3731
I60_OG002042	not significant	0.07364	1	0.8636363636363636	0.9090909090909091	0.0	0.40625	0.4375	0.476
I60_OG000007	not significant	1.0	1	1.0	1.0	1.0	1.0	1.0	0
I60_OG002369	not significant	0.65037	1	0.7727272727272727	0.8181818181818181	1.0	0.59375	0.625	0.1948
I14_OG000420	not significant	0.8304	1	1.0	1.0	1.0	0.9375	0.9375	0.1626
I20_OG004371	not significant	0.30056	1.0	0.7272727272727273	0.7272727272727273	0.25	0.46875	0.5	0.2619
I60_OG000041	not significant	0.75947	1	1.0	1.0	1.0	0.9375	0.9375	0.1626
I14_OG000927	not significant	0.65846	1	0.8181818181818182	0.8181818181818181	1.0	0.625	0.625	0.2079
I14_OG005507	not significant	0.22114	0	0.3181818181818182	0.36363636363636365	0.0	0.125	0.125	0.2427
I14_OG000426	not significant	0.52302	1	1.0	1.0	1.0	0.875	0.875	0.2345
I20_OG000346	not significant	0.58416	1	1.0	1.0	1.0	0.875	0.875	0.2345
I60_OG000005	not significant	1.0	1	1.0	1.0	1.0	1.0	1.0	0
I60_OG001334	not significant	0.84134	1	0.9090909090909091	0.9090909090909091	1.0	0.84375	0.875	0.0998
I20_OG001676	not significant	0.71672	1	0.5454545454545454	0.5454545454545454	0.0	0.375	0.375	0.1685
I14_OG000380	not significant	0.95351	0.0	0.45454545454545453	0.4545454545454546	0.0	0.4375	0.4375	0.0169
I14_OG001516	not significant	0.92475	1.0	0.7727272727272727	0.8181818181818181	1.0	0.8125	0.8125	-0.05
I14_OG001670	not significant	0.3235	1	0.9090909090909091	1.0	1.0	0.6875	0.6875	0.2772
I14_OG000597	not significant	0.59622	1	1.0	1.0	1.0	0.875	0.875	0.2345
I60_OG000105	not significant	0.04578	1	1.0	1.0	1.0	0.8125	0.8125	0.2932
I14_OG003849	not significant	0.59309	0.5	0.5	0.5454545454545454	0.0	0.3125	0.3125	0.1928
I14_OG002496	not significant	0.67108	1	0.5909090909090909	0.6363636363636364	1.0	0.75	0.75	-0.172
I14_OG001734	not significant	0.04762	1	0.8181818181818182	0.8181818181818181	0.0	0.3125	0.3125	0.4973
I14_OG000559	not significant	0.65318	1	0.9090909090909091	0.9090909090909091	1.0	0.75	0.75	0.2012
I14_OG002809	not significant	0.2456	1	1.0	1.0	1.0	0.75	0.75	0.3458
I14_OG006267	not significant	0.63268	0	0.22727272727272727	0.2727272727272727	0.0	0.3125	0.3125	-0.0957
I14_OG001094	not significant	0.84547	1.0	0.6818181818181818	0.7272727272727273	1.0	0.5625	0.5625	0.1227
I14_OG000857	not significant	0.27409	1.0	0.6363636363636364	0.6363636363636364	0.0	0.3125	0.3125	0.3202
I60_OG000009	not significant	0.02563	1	1.0	1.0	1.0	0.875	0.875	0.2345
I60_OG000006	not significant	1.0	1	1.0	1.0	1.0	1.0	1.0	0
I14_OG003662	not significant	0.0849	1.0	0.8636363636363636	0.9090909090909091	0.0	0.4375	0.4375	0.4381
I60_OG000724	not significant	0.32928	1	0.9545454545454546	1.0	1.0	0.75	0.8125	0.3015
I14_OG005290	not significant	0.9243	0	0.2727272727272727	0.2727272727272727	0.0	0.25	0.25	0.0255
I60_OG000057	not significant	0.72402	0.0	0.4090909090909091	0.4545454545454546	1.0	0.5625	0.5625	-0.1536
I14_OG002700	not significant	0.60903	1.0	0.9090909090909091	0.9090909090909091	1.0	0.75	0.75	0.2012
I60_OG007233	not significant	0.39555	1.0	0.5454545454545454	0.5454545454545454	0.0	0.375	0.375	0.1685
I60_OG000066	not significant	0.23024	1	1.0	1.0	1.0	0.875	0.875	0.2345
I14_OG006270	not significant	0.03608	0	0.36363636363636365	0.36363636363636365	0.0	0.0625	0.0625	0.3809
I20_OG004463	not significant	0.68782	1.0	0.5909090909090909	0.6363636363636364	0.25	0.46875	0.5	0.1248
I60_OG000013	not significant	1.0	1	1.0	1.0	1.0	1.0	1.0	0
I60_OG000053	not significant	1.0	1	1.0	1.0	1.0	1.0	1.0	0
I14_OG000660	not significant	0.67333	1.0	0.8181818181818182	0.8181818181818181	1.0	0.625	0.625	0.2079
I14_OG003277	not significant	0.53676	1	0.6363636363636364	0.6363636363636364	0.0	0.375	0.375	0.257
I60_OG002226	not significant	0.84831	0	0.18181818181818182	0.18181818181818177	0.0	0.125	0.125	0.0786
I60_OG003388	not significant	0.14436	0	0.36363636363636365	0.36363636363636365	0.0	0.0625	0.0625	0.3809
I14_OG001067	not significant	0.02518	1.0	0.9090909090909091	0.9090909090909091	1.0	0.75	0.75	0.2012
I20_OG000238	not significant	0.21959	1	1.0	1.0	1.0	0.8125	0.8125	0.2932
I20_OG000626	not significant	0.63265	1	1.0	1.0	1.0	0.90625	0.9375	0.2216
I14_OG000544	not significant	0.01356	1	1.0	1.0	1.0	0.625	0.625	0.4432
I20_OG002005	not significant	0.61404	1.0	0.5909090909090909	0.6363636363636364	1.0	0.78125	0.8125	-0.2146
I14_OG000591	not significant	0.93213	0	0.22727272727272727	0.2727272727272727	0.0	0.25	0.25	-0.0268
I20_OG000818	not significant	0.09881	1	0.9090909090909091	0.9090909090909091	0.75	0.53125	0.5625	0.4086
I14_OG000882	not significant	0.89825	1	0.8181818181818182	0.8181818181818181	1.0	0.75	0.75	0.0806
I20_OG000721	not significant	0.5774	1	0.9545454545454546	1.0	1.0	1.0	1.0	-0.2365
I60_OG002254	not significant	0.07063	1	0.7272727272727273	0.7272727272727273	0.0	0.25	0.25	0.4719
I14_OG000528	not significant	0.57626	1	1.0	1.0	1.0	0.875	0.875	0.2345
I60_OG001218	not significant	0.11703	1	0.9545454545454546	1.0	1.0	0.65625	0.6875	0.3731
I14_OG003365	not significant	0.02934	1.0	0.5454545454545454	0.5454545454545454	0.0	0.125	0.125	0.4524
I60_OG000012	not significant	1.0	1	1.0	1.0	1.0	1.0	1.0	0
I14_OG005038	not significant	0.79777	0	0.3181818181818182	0.36363636363636365	0.0	0.375	0.375	-0.0597
I14_OG008615	not significant	0.20386	0	0.22727272727272727	0.2727272727272727	0.5	0.5	0.5	-0.2804
I14_OG004920	not significant	0.53294	0	0.22727272727272727	0.2727272727272727	0.0	0.125	0.125	0.1396
I60_OG001495	not significant	0.37005	1	0.6818181818181818	0.7272727272727273	0.0	0.375	0.375	0.3073
I14_OG003531	not significant	0.83801	0	0.2727272727272727	0.36363636363636365	0.0	0.21875	0.25	0.0674
I60_OG000010	not significant	0.21785	1	0.8181818181818182	0.8181818181818181	1.0	0.8125	0.8125	0.0072
I20_OG002069	not significant	0.91574	0	0.22727272727272727	0.2727272727272727	0.0	0.1875	0.1875	0.05
I14_OG001916	not significant	0.83222	0	0.045454545454545456	0.09090909090909094	0.0	0.09375	0.125	-0.1061
I60_OG007982	not significant	0.18132	0	0.18181818181818182	0.18181818181818177	0.0	0.0	0.0	0.3411
I14_OG003709	not significant	0.7619	1.0	0.8636363636363636	0.9090909090909091	1.0	0.75	0.75	0.1428
I14_OG002565	not significant	0.85785	0	0.4090909090909091	0.4545454545454546	0.5	0.5	0.5	-0.0913
I60_OG000181	not significant	0.96461	0.0	0.4090909090909091	0.4545454545454546	0.0	0.375	0.375	0.035
I60_OG000335	not significant	0.39214	1	0.8181818181818182	0.8181818181818181	1.0	0.8125	0.8125	0.0072
I14_OG000586	not significant	0.89125	1	0.9090909090909091	0.9090909090909091	1.0	0.84375	0.875	0.0998
I20_OG001272	not significant	0.95124	1.0	0.8181818181818182	0.8181818181818181	1.0	0.84375	0.875	-0.0349
I14_OG004482	not significant	0.25724	0.5	0.5454545454545454	0.6363636363636364	0.0	0.21875	0.25	0.3587
I20_OG000409	not significant	0.07362	1	0.9090909090909091	0.9090909090909091	1.0	0.625	0.625	0.3185
I20_OG001120	not significant	0.52651	1	0.9090909090909091	0.9090909090909091	1.0	0.71875	0.75	0.2391
I14_OG000455	not significant	0.56241	1	1.0	1.0	1.0	0.875	0.875	0.2345
I14_OG005118	not significant	0.79199	0	0.09090909090909091	0.09090909090909094	0.0	0.0625	0.0625	0.0533
I14_OG002106	not significant	0.27986	1	0.5909090909090909	0.6363636363636364	0.0	0.25	0.25	0.3505
I20_OG003525	not significant	0.0237	1.0	0.8181818181818182	0.8181818181818181	0.0	0.25	0.25	0.5587
I14_OG000378	not significant	0.46333	1	0.8181818181818182	0.8181818181818181	1.0	0.625	0.625	0.2079
I14_OG000510	not significant	0.41088	1	1.0	1.0	1.0	0.875	0.875	0.2345
I14_OG000964	not significant	0.49285	1	0.9090909090909091	0.9090909090909091	1.0	0.6875	0.6875	0.2619
I60_OG000423	not significant	0.47939	1.0	0.7272727272727273	0.7272727272727273	0.25	0.46875	0.5	0.2619
I20_OG000254	not significant	0.17807	1	1.0	1.0	1.0	0.8125	0.8125	0.2932
I20_OG004210	not significant	0.78332	1.0	0.5909090909090909	0.6363636363636364	0.25	0.46875	0.5	0.1248
I20_OG001056	not significant	0.58033	1.0	0.7272727272727273	0.8181818181818181	0.5	0.5	0.5	0.2365
I14_OG002751	not significant	0.79685	1.0	0.7272727272727273	0.7272727272727273	1.0	0.625	0.625	0.1066
I14_OG001691	not significant	0.32195	1.0	0.8181818181818182	0.8181818181818181	0.5	0.5	0.5	0.3237
I14_OG001902	not significant	0.44899	1	0.5909090909090909	0.6363636363636364	0.0	0.3125	0.3125	0.282
I14_OG001312	not significant	0.72425	1.0	0.7272727272727273	0.7272727272727273	0.75	0.5625	0.625	0.1747
I60_OG004597	not significant	0.04922	1.0	0.9090909090909091	0.9090909090909091	0.0	0.4375	0.4375	0.4798
I60_OG004750	not significant	1.0	0.5	0.5	0.5454545454545454	0.5	0.5	0.5	0.0
I14_OG001146	not significant	0.66693	1.0	0.7272727272727273	0.7272727272727273	0.75	0.53125	0.5625	0.2015
I14_OG003679	not significant	0.19781	1	0.6818181818181818	0.8181818181818181	0.0	0.3125	0.3125	0.3861
I14_OG000423	present_enriched	0.00046	1	0.9545454545454546	1.0	1.0	0.5625	0.5625	0.4404
I14_OG001316	not significant	0.42268	1	1.0	1.0	1.0	0.8125	0.8125	0.2932
I14_OG000580	not significant	0.8441	1	0.9090909090909091	0.9090909090909091	1.0	0.8125	0.8125	0.1336
I14_OG001569	not significant	0.73803	0	0.36363636363636365	0.36363636363636365	0.0	0.21875	0.25	0.1627
I14_OG003728	not significant	0.28008	0	0.3181818181818182	0.36363636363636365	0.0	0.0625	0.0625	0.3489
I20_OG000864	not significant	0.91331	1.0	0.6363636363636364	0.6363636363636364	1.0	0.5625	0.5625	0.0739
I14_OG002694	not significant	0.63826	1.0	0.9090909090909091	0.9090909090909091	1.0	0.75	0.75	0.2012
I60_OG004124	not significant	0.70986	1	0.5454545454545454	0.5454545454545454	0.0	0.375	0.375	0.1685
I60_OG000019	not significant	0.3272	1	1.0	1.0	1.0	0.9375	0.9375	0.1626
I14_OG003489	not significant	0.98305	0	0.3181818181818182	0.36363636363636365	0.0	0.3125	0.3125	0.0061
I14_OG000578	not significant	0.83186	1	0.5909090909090909	0.6363636363636364	0.0	0.4375	0.4375	0.1536
I14_OG000949	not significant	0.67339	1.0	0.9090909090909091	0.9090909090909091	1.0	0.75	0.75	0.2012
I14_OG003024	not significant	0.98499	0	0.18181818181818182	0.18181818181818177	0.0	0.1875	0.1875	-0.0072
I14_OG002757	not significant	0.80542	0.0	0.45454545454545453	0.4545454545454546	1.0	0.5625	0.5625	-0.1062
I60_OG000020	not significant	0.54266	0	0.18181818181818182	0.2727272727272727	0.0	0.125	0.1875	0.0935
I20_OG003782	not significant	0.69977	1.0	0.5909090909090909	0.6363636363636364	0.5	0.5	0.5625	0.095
I14_OG000519	not significant	0.66547	1	0.6818181818181818	0.7272727272727273	0.5	0.5	0.5	0.1842
I14_OG002271	not significant	0.39234	1	1.0	1.0	1.0	0.8125	0.8125	0.2932
I14_OG004974	not significant	0.81057	0	0.36363636363636365	0.36363636363636365	0.0	0.3125	0.3125	0.0533
I14_OG001890	not significant	0.62823	1	0.6363636363636364	0.6363636363636364	1.0	0.8125	0.8125	-0.1975
I20_OG002905	not significant	0.1693	1	1.0	1.0	1.0	0.8125	0.8125	0.2932
I60_OG003186	not significant	0.95095	1.0	0.9090909090909091	0.9090909090909091	1.0	0.875	0.875	0.0533
I60_OG000092	not significant	0.90543	1.0	0.7272727272727273	0.7272727272727273	1.0	0.6875	0.6875	0.0428
I60_OG001959	not significant	0.84065	1	0.8181818181818182	0.8181818181818181	1.0	0.75	0.75	0.0806
I14_OG002799	not significant	0.21755	1.0	0.9090909090909091	0.9090909090909091	1.0	0.5625	0.5625	0.373
I60_OG000018	not significant	1.0	1	1.0	1.0	1.0	1.0	1.0	0
I14_OG001181	not significant	0.64308	1	0.9545454545454546	1.0	1.0	0.8125	0.8125	0.2169
I20_OG003495	not significant	0.98338	0	0.36363636363636365	0.4545454545454546	0.0	0.375	0.375	-0.0121
I14_OG001141	not significant	0.14732	1	0.8181818181818182	0.8181818181818181	0.0	0.4375	0.4375	0.3807
I14_OG000674	not significant	0.82281	1	1.0	1.0	1.0	0.9375	0.9375	0.1626
I14_OG006526	not significant	0.6279	1	0.5909090909090909	0.6363636363636364	0.0	0.4375	0.4375	0.1536
I14_OG004504	not significant	0.65987	0	0.18181818181818182	0.18181818181818177	0.0	0.0625	0.0625	0.1866
I14_OG003539	not significant	0.82917	0	0.36363636363636365	0.36363636363636365	0.0	0.25	0.25	0.1223
I20_OG004781	not significant	0.39728	1.0	0.5454545454545454	0.5454545454545454	0.0	0.375	0.375	0.1685
I14_OG003305	not significant	0.42471	1	1.0	1.0	1.0	0.84375	0.875	0.2808
I14_OG001168	not significant	0.25083	1	0.8181818181818182	0.8181818181818181	0.5	0.5	0.5	0.3237
I14_OG000462	not significant	0.43282	0	0.3181818181818182	0.36363636363636365	0.0	0.125	0.125	0.2427
I14_OG005243	not significant	0.46525	0.5	0.5	0.5454545454545454	0.0	0.25	0.25	0.2626
I14_OG001546	not significant	0.93321	1.0	0.9090909090909091	0.9090909090909091	1.0	0.875	0.875	0.0533
I20_OG003171	not significant	0.57872	1.0	0.5454545454545454	0.5454545454545454	1.0	0.75	0.75	-0.2132
I14_OG006011	not significant	0.39206	0	0.2727272727272727	0.2727272727272727	0.0	0.125	0.125	0.1869
I20_OG005459	not significant	0.47748	0.0	0.45454545454545453	0.4545454545454546	0.0	0.25	0.25	0.2132
I14_OG003344	not significant	0.18184	1	1.0	1.0	1.0	0.6875	0.6875	0.3953
I14_OG001825	not significant	0.68808	1.0	0.9090909090909091	0.9090909090909091	1.0	0.75	0.75	0.2012
I20_OG007679	not significant	0.05171	0	0.3181818181818182	0.36363636363636365	0.0	0.0625	0.0625	0.3489
I14_OG005895	not significant	0.63896	0.5	0.5454545454545454	0.6363636363636364	0.0	0.4375	0.4375	0.1103
I14_OG000590	not significant	0.84685	1.0	0.9090909090909091	0.9090909090909091	1.0	0.8125	0.8125	0.1336
I60_OG000213	present_enriched	0.00033	1	1.0	1.0	1.0	0.875	0.875	0.2345
I14_OG001388	not significant	0.99659	1.0	0.9090909090909091	0.9090909090909091	1.0	0.90625	0.9375	0.0051
I60_OG002045	not significant	0.87825	0.0	0.45454545454545453	0.4545454545454546	0.0	0.375	0.375	0.0795
I14_OG002082	not significant	0.41345	1	1.0	1.0	1.0	0.8125	0.8125	0.2932
I14_OG004289	not significant	0.58216	1.0	0.7272727272727273	0.7272727272727273	0.75	0.53125	0.5625	0.2015
I14_OG004335	not significant	0.74931	0	0.22727272727272727	0.2727272727272727	0.0	0.15625	0.1875	0.0959
I20_OG002545	not significant	0.95434	0.0	0.4090909090909091	0.4545454545454546	0.0	0.4375	0.4375	-0.0288
I14_OG000424	not significant	0.82609	1	1.0	1.0	1.0	0.9375	0.9375	0.1626
I14_OG001073	not significant	0.11927	1	0.8181818181818182	0.8181818181818181	0.0	0.40625	0.4375	0.4173
I14_OG004197	not significant	0.94039	0.0	0.4090909090909091	0.4545454545454546	0.0	0.4375	0.4375	-0.0288
I20_OG002695	not significant	0.92271	0	0.2727272727272727	0.2727272727272727	0.0	0.3125	0.3125	-0.0428
I14_OG000677	not significant	0.86135	1	0.7272727272727273	0.7272727272727273	1.0	0.625	0.625	0.1066
I14_OG000518	not significant	0.27464	1.0	0.9090909090909091	0.9090909090909091	1.0	0.625	0.625	0.3185
I60_OG004128	not significant	0.59714	0	0.2727272727272727	0.2727272727272727	0.0	0.1875	0.25	0.1066
I20_OG000427	not significant	0.83295	1.0	0.6363636363636364	0.6363636363636364	0.5	0.5	0.5	0.1348
I20_OG000899	not significant	0.55921	0	0.36363636363636365	0.36363636363636365	0.0	0.15625	0.1875	0.2446
I20_OG000226	not significant	0.3444	1.0	0.6818181818181818	0.7272727272727273	0.0	0.4375	0.4375	0.2454
I20_OG004086	not significant	0.7431	0	0.18181818181818182	0.18181818181818177	0.0	0.125	0.125	0.0786
I60_OG000215	present_enriched	0.00016	1	1.0	1.0	1.0	0.625	0.625	0.4432
I14_OG002635	not significant	0.9932	1	0.6818181818181818	0.7272727272727273	1.0	0.6875	0.6875	-0.0061
I14_OG000649	present_enriched	0.00191	1	0.9090909090909091	0.9090909090909091	0.0	0.4375	0.4375	0.4798
I14_OG003236	not significant	0.47161	1.0	0.6363636363636364	0.6363636363636364	0.0	0.375	0.375	0.257
I14_OG001154	not significant	0.51398	1	0.6363636363636364	0.6363636363636364	0.0	0.375	0.375	0.257
I20_OG001538	not significant	0.74863	1.0	0.5909090909090909	0.6363636363636364	0.0	0.4375	0.4375	0.1536
I14_OG000861	not significant	0.45551	1	1.0	1.0	1.0	0.84375	0.875	0.2808
I20_OG001135	not significant	0.91272	0.0	0.4090909090909091	0.4545454545454546	0.0	0.34375	0.375	0.0693
I14_OG001455	not significant	0.56206	0	0.3181818181818182	0.36363636363636365	0.0	0.125	0.125	0.2427
I14_OG004440	not significant	0.45934	1.0	0.5454545454545454	0.5454545454545454	0.0	0.375	0.375	0.1685
I20_OG004038	not significant	0.37802	1.0	0.5909090909090909	0.6363636363636364	0.0	0.375	0.375	0.2168
I60_OG002321	not significant	0.61808	1	0.6363636363636364	0.6363636363636364	0.0	0.4375	0.4375	0.1956
I60_OG000089	present_enriched	0.0	1	1.0	1.0	1.0	0.78125	0.8125	0.334
I14_OG003356	not significant	0.83171	0.0	0.4090909090909091	0.4545454545454546	0.0	0.3125	0.3125	0.1015
I14_OG004442	not significant	0.44149	1.0	0.7272727272727273	0.7272727272727273	0.5	0.5	0.5	0.2273
I14_OG000919	not significant	1.0	1	1.0	1.0	1.0	1.0	1.0	0
I14_OG006049	not significant	0.12748	0	0.2727272727272727	0.2727272727272727	0.0	0.0625	0.0625	0.2908
I14_OG005996	not significant	0.15856	0	0.09090909090909091	0.09090909090909094	0.0	0.3125	0.3125	-0.2619
I20_OG003901	not significant	0.88714	0	0.22727272727272727	0.2727272727272727	0.0	0.1875	0.1875	0.05
I20_OG003832	not significant	0.8533	0.0	0.4090909090909091	0.4545454545454546	0.5	0.5	0.5	-0.0913
I20_OG006234	not significant	0.60561	1	1.0	1.0	1.0	0.875	0.875	0.2345
I14_OG001498	not significant	0.98226	1	0.7727272727272727	0.8181818181818181	1.0	0.78125	0.8125	-0.0107
I14_OG006271	not significant	0.18706	0.0	0.4090909090909091	0.4545454545454546	0.0	0.1875	0.1875	0.2489
I60_OG002047	not significant	0.37133	1	0.7272727272727273	0.8181818181818181	0.0	0.4375	0.4375	0.2979
I14_OG002076	not significant	0.86044	0.0	0.45454545454545453	0.4545454545454546	1.0	0.5625	0.5625	-0.1062
I14_OG005663	not significant	0.69841	0	0.3181818181818182	0.36363636363636365	0.0	0.25	0.25	0.0766
I14_OG002066	not significant	0.95922	0.0	0.4090909090909091	0.4545454545454546	0.0	0.4375	0.4375	-0.0288
I60_OG004531	not significant	0.87215	1	0.5454545454545454	0.5454545454545454	0.5	0.5	0.5	0.0447
I14_OG004772	not significant	0.64567	1	0.5454545454545454	0.5454545454545454	0.0	0.4375	0.4375	0.1062
I14_OG004070	not significant	0.54556	1.0	0.5909090909090909	0.6363636363636364	0.0	0.40625	0.4375	0.1887
I60_OG001019	not significant	0.18966	1	0.9090909090909091	0.9090909090909091	1.0	0.5625	0.5625	0.373
I14_OG001125	not significant	0.75476	1	1.0	1.0	1.0	0.96875	1.0	0.1626
I14_OG002457	not significant	0.4509	1	1.0	1.0	1.0	0.84375	0.875	0.2808
I60_OG000493	not significant	0.68661	1	1.0	1.0	1.0	0.9375	0.9375	0.1626
I14_OG005588	not significant	0.18223	0	0.36363636363636365	0.36363636363636365	0.0	0.0625	0.0625	0.3809
I14_OG001894	not significant	0.91947	1.0	0.7727272727272727	0.8181818181818181	1.0	0.8125	0.8125	-0.05
I14_OG001529	not significant	0.73263	1	1.0	1.0	1.0	0.96875	1.0	0.1626
I14_OG000431	not significant	1.0	1	1.0	1.0	1.0	1.0	1.0	0
I14_OG003652	not significant	0.72757	0	0.3181818181818182	0.36363636363636365	0.0	0.1875	0.1875	0.1541
I14_OG001784	not significant	1.0	0.5	0.5	0.5454545454545454	0.5	0.5	0.5	0.0
I14_OG001219	not significant	0.75875	1	1.0	1.0	1.0	0.96875	1.0	0.1626
I14_OG000441	not significant	0.90872	0	0.2727272727272727	0.36363636363636365	0.0	0.21875	0.25	0.0674
I14_OG002221	not significant	0.7972	1	0.6818181818181818	0.7272727272727273	1.0	0.5625	0.5625	0.1227
I14_OG000966	not significant	0.91145	1	0.6363636363636364	0.6363636363636364	1.0	0.5625	0.5625	0.0739
I14_OG006143	not significant	0.85075	0	0.2727272727272727	0.2727272727272727	0.0	0.3125	0.3125	-0.0428
I20_OG000419	not significant	1.0	1	1.0	1.0	1.0	1.0	1.0	0
I20_OG002223	not significant	0.45781	1	0.6363636363636364	0.6363636363636364	0.0	0.375	0.375	0.257
I14_OG002509	not significant	0.72335	1	0.8181818181818182	0.8181818181818181	1.0	0.6875	0.6875	0.1465
I60_OG001137	not significant	0.43399	1	1.0	1.0	1.0	0.84375	0.875	0.2808
I14_OG001271	not significant	0.74276	1	1.0	1.0	1.0	0.9375	0.9375	0.1626
I60_OG002163	not significant	0.99546	1	0.8181818181818182	0.8181818181818181	1.0	0.8125	0.8125	0.0072
I60_OG003888	not significant	0.02529	1	0.7272727272727273	0.7272727272727273	0.0	0.25	0.25	0.4719
I60_OG002252	not significant	0.67877	1	0.8181818181818182	0.8181818181818181	1.0	0.6875	0.6875	0.1465
I20_OG001035	not significant	1.0	1	1.0	1.0	1.0	1.0	1.0	0
I60_OG000072	not significant	1.0	1	1.0	1.0	1.0	1.0	1.0	0
I20_OG003262	not significant	0.90801	1	0.5454545454545454	0.5454545454545454	0.5	0.5	0.5	0.0447
I60_OG002068	not significant	0.34401	1	0.8636363636363636	0.9090909090909091	1.0	0.59375	0.625	0.3042
I14_OG006275	not significant	0.84125	0.0	0.4090909090909091	0.4545454545454546	0.0	0.375	0.375	0.035
I14_OG003119	not significant	0.80898	0	0.22727272727272727	0.2727272727272727	0.0	0.3125	0.3125	-0.0957
I20_OG002491	not significant	0.93244	0.0	0.4090909090909091	0.4545454545454546	0.0	0.375	0.375	0.035
I14_OG003774	not significant	0.884	0.5	0.5454545454545454	0.6363636363636364	0.5	0.5	0.5	0.0465
I60_OG004001	not significant	0.75573	1	0.6363636363636364	0.7272727272727273	1.0	0.5625	0.5625	0.0769
I60_OG000021	present_enriched	0.00026	1	1.0	1.0	1.0	0.8125	0.8125	0.2932
I14_OG000956	not significant	0.81942	1.0	0.8636363636363636	0.9090909090909091	1.0	0.75	0.75	0.1428
I14_OG001227	not significant	1.0	1	1.0	1.0	1.0	1.0	1.0	0
I20_OG001276	not significant	0.36213	1	0.9090909090909091	0.9090909090909091	1.0	0.65625	0.75	0.3155
I14_OG001412	not significant	1.0	1	1.0	1.0	1.0	1.0	1.0	0
I60_OG000033	not significant	0.06385	1	1.0	1.0	1.0	0.875	0.875	0.2345
I14_OG002372	not significant	0.75641	1.0	0.9090909090909091	0.9090909090909091	1.0	0.8125	0.8125	0.1336
I60_OG003160	not significant	0.77261	0.0	0.4090909090909091	0.4545454545454546	0.5	0.5	0.5	-0.0913
I14_OG002224	not significant	1.0	1	1.0	1.0	1.0	1.0	1.0	0
I60_OG001774	not significant	0.98595	0	0.18181818181818182	0.18181818181818177	0.0	0.1875	0.1875	-0.0072
I14_OG004976	not significant	0.63278	1.0	0.7272727272727273	0.7272727272727273	1.0	0.5625	0.5625	0.1677
I20_OG000504	not significant	0.85436	1.0	0.6818181818181818	0.7272727272727273	1.0	0.5625	0.5625	0.1227
I20_OG000553	not significant	0.81431	0.5	0.5	0.5454545454545454	1.0	0.65625	0.6875	-0.1626
I20_OG000513	not significant	0.78171	0	0.3181818181818182	0.36363636363636365	0.0	0.1875	0.1875	0.1541
I14_OG001808	not significant	0.54807	1.0	0.9090909090909091	0.9090909090909091	1.0	1.0	1.0	-0.2365
I60_OG000399	not significant	0.79567	1	0.8181818181818182	0.9090909090909091	1.0	0.6875	0.6875	0.1541
I14_OG000780	not significant	0.409	1	1.0	1.0	1.0	0.8125	0.8125	0.2932
I60_OG000970	not significant	0.80769	0	0.3181818181818182	0.36363636363636365	0.0	0.4375	0.4375	-0.1227
I60_OG004756	not significant	0.37432	0.0	0.36363636363636365	0.4545454545454546	0.0	0.21875	0.25	0.1712
I14_OG004021	not significant	0.63948	1	0.5909090909090909	0.6363636363636364	0.0	0.4375	0.4375	0.1536
I20_OG001873	not significant	0.42912	1.0	0.7727272727272727	0.8181818181818181	0.5	0.5	0.5	0.2804
I20_OG003547	not significant	0.22916	0.5	0.5454545454545454	0.6363636363636364	0.0	0.25	0.25	0.3133
I14_OG001355	not significant	0.04543	1	1.0	1.0	1.0	0.5625	0.5625	0.4905
I60_OG003879	not significant	0.05371	0.5	0.45454545454545453	0.5454545454545454	0.0	0.125	0.125	0.3887
I20_OG003553	not significant	0.50775	1.0	0.6818181818181818	0.7272727272727273	0.5	0.5	0.5	0.1842
I60_OG000969	not significant	0.44485	1	0.9545454545454546	1.0	1.0	0.75	0.75	0.2791
I14_OG004554	not significant	0.90679	1	0.6818181818181818	0.7272727272727273	1.0	0.625	0.625	0.0597
I60_OG000056	present_enriched	0.00023	1	1.0	1.0	1.0	0.6875	0.6875	0.3953
I14_OG001568	not significant	0.31959	1.0	0.6363636363636364	0.7272727272727273	0.0	0.3125	0.3125	0.333
I14_OG000941	not significant	0.50058	1	0.9090909090909091	0.9090909090909091	1.0	0.6875	0.6875	0.2619
I14_OG002471	not significant	0.97838	0	0.36363636363636365	0.36363636363636365	0.0	0.375	0.375	-0.0116
I60_OG001428	not significant	0.7884	1.0	0.6818181818181818	0.7272727272727273	1.0	0.5625	0.5625	0.1227
I20_OG000761	not significant	0.90231	0	0.18181818181818182	0.18181818181818177	0.0	0.125	0.125	0.0786
I20_OG001540	not significant	0.72076	1	1.0	1.0	1.0	0.9375	0.9375	0.1626
I14_OG004632	not significant	0.3528	1.0	0.7272727272727273	0.7272727272727273	0.25	0.46875	0.5	0.2619
I20_OG001639	not significant	1.0	1	1.0	1.0	1.0	1.0	1.0	0
I60_OG002026	not significant	0.26476	1	1.0	1.0	1.0	0.75	0.75	0.3458
I60_OG001192	not significant	1.0	1	1.0	1.0	1.0	1.0	1.0	0
I60_OG001264	not significant	1.0	1	1.0	1.0	1.0	1.0	1.0	0
I60_OG001462	not significant	0.32774	1.0	0.8636363636363636	0.9090909090909091	1.0	1.0	1.0	-0.3223
I20_OG002211	not significant	0.28212	1	1.0	1.0	1.0	0.75	0.75	0.3458
I60_OG001383	not significant	1.0	1	1.0	1.0	1.0	1.0	1.0	0
I14_OG003913	not significant	0.28076	0	0.36363636363636365	0.36363636363636365	0.0	0.09375	0.125	0.3391
I20_OG006200	not significant	0.26318	0	0.18181818181818182	0.18181818181818177	0.0	0.375	0.375	-0.2079
I20_OG002026	not significant	1.0	1	1.0	1.0	1.0	1.0	1.0	0
I14_OG003465	not significant	0.26465	1	0.8636363636363636	0.9090909090909091	1.0	0.5625	0.5625	0.3257
I60_OG000008	not significant	1.0	1	1.0	1.0	1.0	1.0	1.0	0
I14_OG002594	not significant	0.49496	0.0	0.4090909090909091	0.4545454545454546	0.0	0.1875	0.1875	0.2489
I20_OG003184	not significant	0.40351	1	0.8181818181818182	0.8181818181818181	0.75	0.53125	0.5625	0.3014
I60_OG000017	not significant	1.0	1	1.0	1.0	1.0	1.0	1.0	0
I14_OG002336	present_enriched	0.0	1	1.0	1.0	1.0	0.65625	0.6875	0.4319
I14_OG004937	not significant	0.25669	0	0.3181818181818182	0.36363636363636365	0.0	0.125	0.125	0.2427
I14_OG002652	not significant	0.52721	1	1.0	1.0	1.0	0.9375	0.9375	0.1626
I14_OG006769	not significant	0.18628	0	0.3181818181818182	0.36363636363636365	0.0	0.0625	0.0625	0.3489
I20_OG002063	not significant	0.3965	0.0	0.4090909090909091	0.4545454545454546	0.0	0.15625	0.1875	0.2982
I14_OG008460	not significant	0.01431	0.5	0.5454545454545454	0.6363636363636364	0.0	0.15625	0.1875	0.4411
I60_OG000035	not significant	0.60797	1	1.0	1.0	1.0	0.96875	1.0	0.1626
I20_OG003489	not significant	0.30345	1.0	0.7272727272727273	0.7272727272727273	0.0	0.4375	0.4375	0.2865
I14_OG003398	not significant	0.73926	0	0.3181818181818182	0.36363636363636365	0.0	0.21875	0.25	0.1173
I60_OG000026	present_enriched	0.0	1	0.8636363636363636	0.9090909090909091	0.0	0.4375	0.4375	0.4381
I60_OG004865	not significant	0.26553	0.5	0.5	0.5454545454545454	0.0	0.25	0.25	0.2626
I20_OG001736	not significant	0.53869	1.0	0.9090909090909091	0.9090909090909091	1.0	1.0	1.0	-0.2365
I20_OG001682	not significant	1.0	1	1.0	1.0	1.0	1.0	1.0	0
I20_OG001842	not significant	1.0	1	1.0	1.0	1.0	1.0	1.0	0
I14_OG000654	not significant	1.0	1	1.0	1.0	1.0	1.0	1.0	0
I14_OG001826	not significant	0.46497	1	0.9545454545454546	1.0	1.0	0.75	0.75	0.2791
I20_OG000440	not significant	0.80648	1	1.0	1.0	1.0	0.96875	1.0	0.1626
I14_OG000805	not significant	0.89799	1.0	0.8181818181818182	0.8181818181818181	1.0	0.75	0.75	0.0806
I20_OG001781	not significant	0.53658	1	1.0	1.0	1.0	0.9375	1.0	0.2345
I14_OG001451	not significant	0.34458	1.0	0.9090909090909091	0.9090909090909091	1.0	0.625	0.625	0.3185
I20_OG001694	not significant	1.0	1	1.0	1.0	1.0	1.0	1.0	0
I14_OG007299	not significant	0.84843	0.0	0.4090909090909091	0.4545454545454546	0.0	0.375	0.375	0.035
I14_OG001341	not significant	0.82113	0	0.09090909090909091	0.09090909090909094	0.0	0.1875	0.1875	-0.1336
I14_OG003802	not significant	0.45862	0.5	0.5	0.5454545454545454	0.0	0.25	0.25	0.2626
I14_OG002390	not significant	0.90881	1.0	0.9090909090909091	0.9090909090909091	1.0	0.9375	0.9375	-0.0533
I14_OG001110	not significant	0.68085	0.5	0.5	0.5454545454545454	0.0	0.3125	0.3125	0.1928
I60_OG000011	not significant	0.01467	1	1.0	1.0	1.0	0.875	0.875	0.2345
I14_OG005153	not significant	0.92863	0.5	0.5	0.5454545454545454	0.75	0.53125	0.5625	-0.0319
I60_OG003438	not significant	0.65471	1.0	0.9090909090909091	0.9090909090909091	1.0	0.75	0.75	0.2012
I20_OG002685	not significant	0.85022	0	0.18181818181818182	0.18181818181818177	0.0	0.125	0.125	0.0786
I14_OG005418	not significant	0.42759	1.0	0.6363636363636364	0.6363636363636364	0.0	0.34375	0.375	0.2939
I60_OG001853	not significant	0.75179	1.0	0.7272727272727273	0.7272727272727273	1.0	0.5625	0.5625	0.1677
I60_OG001512	not significant	0.64731	0	0.18181818181818182	0.18181818181818177	0.0	0.0625	0.0625	0.1866
I20_OG001310	not significant	0.78616	0	0.2727272727272727	0.2727272727272727	0.0	0.15625	0.1875	0.1463
I60_OG000452	not significant	0.5397	1	1.0	1.0	1.0	0.9375	0.9375	0.1626
I14_OG005028	not significant	0.84894	0	0.3181818181818182	0.36363636363636365	0.0	0.25	0.25	0.0766
I14_OG006904	not significant	0.12621	0	0.2727272727272727	0.2727272727272727	0.0	0.0625	0.0625	0.2908
I14_OG000773	not significant	0.89942	1	0.5454545454545454	0.5454545454545454	0.25	0.46875	0.5	0.0768
I14_OG001906	not significant	0.81943	0	0.09090909090909091	0.09090909090909094	0.0	0.1875	0.1875	-0.1336
I14_OG007083	not significant	0.25672	1.0	0.5909090909090909	0.6363636363636364	0.0	0.3125	0.3125	0.282
I20_OG000701	not significant	0.85213	1	0.6818181818181818	0.7272727272727273	1.0	0.5625	0.5625	0.1227
I14_OG006244	not significant	0.50561	0	0.13636363636363635	0.18181818181818177	0.0	0.0625	0.0625	0.1327
I14_OG002062	not significant	0.92559	1.0	0.5454545454545454	0.5454545454545454	1.0	0.59375	0.625	-0.0489
I20_OG004119	not significant	0.76873	0.5	0.5454545454545454	0.6363636363636364	0.0	0.4375	0.4375	0.1103
I14_OG000993	not significant	0.41168	1	0.9090909090909091	0.9090909090909091	1.0	0.65625	0.6875	0.2982
I60_OG000082	not significant	0.48626	1	1.0	1.0	1.0	0.875	0.875	0.2345
I14_OG003352	not significant	0.39163	0	0.2727272727272727	0.36363636363636365	1.0	0.5625	0.5625	-0.2979
I14_OG001603	not significant	0.56456	1	1.0	1.0	1.0	0.875	0.875	0.2345
I14_OG012723	not significant	0.39527	0	0.22727272727272727	0.2727272727272727	0.0	0.375	0.375	-0.1598
I14_OG001029	not significant	0.74148	0.0	0.4090909090909091	0.4545454545454546	0.0	0.25	0.25	0.172
I14_OG005062	not significant	0.87	1	0.8181818181818182	0.9090909090909091	1.0	0.75	0.75	0.0853
I14_OG000991	not significant	0.61058	1	1.0	1.0	1.0	0.90625	0.9375	0.2216
I14_OG000618	not significant	0.9479	0	0.13636363636363635	0.18181818181818177	0.0	0.125	0.125	0.0174
I20_OG002462	not significant	0.1102	1	1.0	1.0	1.0	0.625	0.625	0.4432
I14_OG002128	not significant	0.25466	1.0	0.8181818181818182	0.8181818181818181	0.25	0.46875	0.5	0.3593
I14_OG001242	not significant	0.92125	1.0	0.7727272727272727	0.8181818181818181	1.0	0.71875	0.75	0.0637
I60_OG000028	not significant	1.0	1	1.0	1.0	1.0	1.0	1.0	0
I20_OG001619	not significant	1.0	1	1.0	1.0	1.0	1.0	1.0	0
I20_OG000813	not significant	0.76214	1	1.0	1.0	1.0	0.9375	0.9375	0.1626
I20_OG000454	not significant	0.77798	1	1.0	1.0	1.0	0.96875	1.0	0.1626
I60_OG002301	not significant	0.12962	1	1.0	1.0	1.0	0.65625	0.6875	0.4319
I14_OG000381	present_enriched	0.00411	1	0.9090909090909091	0.9090909090909091	0.5	0.5	0.5	0.4264
I14_OG001987	not significant	0.58737	1.0	0.7727272727272727	0.8181818181818181	1.0	0.5625	0.5625	0.2208
I14_OG001572	not significant	0.91861	0.5	0.5	0.5454545454545454	0.0	0.4375	0.4375	0.0628
I20_OG005774	not significant	1.0	0.5	0.5	0.5454545454545454	0.5	0.5	0.5	0.0
I60_OG000138	not significant	0.84998	1	0.7727272727272727	0.9090909090909091	1.0	0.6875	0.6875	0.1007
I14_OG000726	not significant	0.07427	1	1.0	1.0	1.0	0.75	0.75	0.3458
I20_OG001207	not significant	1.0	1	1.0	1.0	1.0	1.0	1.0	0
I60_OG001153	not significant	0.61829	1.0	0.8636363636363636	0.9090909090909091	1.0	0.6875	0.6875	0.2078
I60_OG000128	not significant	1.0	1	1.0	1.0	1.0	1.0	1.0	0
I14_OG000976	not significant	0.65343	1	1.0	1.0	1.0	0.90625	0.9375	0.2216
I14_OG004978	not significant	0.99303	0	0.3181818181818182	0.36363636363636365	0.0	0.3125	0.3125	0.0061
I14_OG000388	not significant	0.84999	1	0.9090909090909091	0.9090909090909091	1.0	0.8125	0.8125	0.1336
I20_OG003716	not significant	0.81404	0.0	0.4090909090909091	0.4545454545454546	0.0	0.3125	0.3125	0.1015
I60_OG003798	not significant	0.3072	0	0.045454545454545456	0.09090909090909094	0.0	0.1875	0.1875	-0.2169
I14_OG002141	not significant	0.61899	1.0	0.8181818181818182	0.8181818181818181	1.0	0.625	0.625	0.2079
I20_OG005397	not significant	0.84324	0	0.22727272727272727	0.2727272727272727	0.0	0.1875	0.1875	0.05
I60_OG000031	not significant	0.26779	0	0.18181818181818182	0.18181818181818177	0.0	0.0625	0.0625	0.1866
I14_OG012428	not significant	0.76717	0.5	0.5454545454545454	0.6363636363636364	0.0	0.4375	0.4375	0.1103
I14_OG003515	not significant	0.3184	1.0	0.7272727272727273	0.7272727272727273	0.0	0.4375	0.4375	0.2865
I20_OG002662	not significant	0.68625	0	0.2727272727272727	0.2727272727272727	0.0	0.125	0.125	0.1869
I14_OG001870	not significant	1.0	1	1.0	1.0	1.0	1.0	1.0	0
I60_OG000025	not significant	0.28879	0.5	0.5	0.5454545454545454	0.25	0.46875	0.5	0.0319
I14_OG003440	not significant	0.07883	1	0.5454545454545454	0.5454545454545454	0.0	0.1875	0.1875	0.3731
I20_OG002244	not significant	0.90435	0.5	0.5	0.5454545454545454	0.0	0.4375	0.4375	0.0628
I14_OG000815	not significant	0.22325	1	1.0	1.0	1.0	0.75	0.75	0.3458
I20_OG000588	not significant	0.05688	1.0	0.5909090909090909	0.6363636363636364	0.0	0.1875	0.1875	0.4238
I14_OG000915	not significant	0.97471	1	0.6363636363636364	0.7272727272727273	1.0	0.65625	0.6875	-0.0218
I20_OG004048	not significant	0.66336	0.0	0.4090909090909091	0.4545454545454546	0.0	0.3125	0.3125	0.1015
I20_OG002127	not significant	0.93244	0.0	0.45454545454545453	0.4545454545454546	0.5	0.5	0.5	-0.0447
I14_OG003783	not significant	0.54582	0.0	0.4090909090909091	0.4545454545454546	0.0	0.1875	0.1875	0.2489
I20_OG004097	not significant	0.67329	0.5	0.5	0.5454545454545454	0.0	0.375	0.375	0.1266
I20_OG000634	not significant	0.98288	0	0.36363636363636365	0.36363636363636365	0.0	0.375	0.375	-0.0116
I14_OG001401	not significant	0.33964	1	0.6363636363636364	0.6363636363636364	0.0	0.3125	0.3125	0.3202
I14_OG005793	not significant	0.4467	1.0	0.7272727272727273	0.7272727272727273	0.5	0.5	0.5	0.2273
I20_OG000276	not significant	0.67398	1	0.8636363636363636	0.9090909090909091	1.0	0.6875	0.6875	0.2078
I14_OG000572	not significant	1.0	1	1.0	1.0	1.0	1.0	1.0	0
I14_OG001308	not significant	0.41483	0	0.2727272727272727	0.36363636363636365	1.0	0.5625	0.5625	-0.2979
I14_OG005344	not significant	0.55402	1	0.5454545454545454	0.5454545454545454	0.0	0.375	0.375	0.1685
I20_OG001350	not significant	0.63854	1	0.8181818181818182	0.8181818181818181	1.0	0.625	0.625	0.2079
I14_OG001062	present_enriched	1e-05	0.5	0.5454545454545454	0.6363636363636364	0.0	0.0625	0.0625	0.5697
I14_OG000419	not significant	0.31656	1	1.0	1.0	1.0	0.9375	0.9375	0.1626
I14_OG000652	not significant	0.80682	1	1.0	1.0	1.0	0.9375	0.9375	0.1626
I14_OG008841	not significant	0.52176	0	0.22727272727272727	0.2727272727272727	0.0	0.0625	0.0625	0.2516
I20_OG000275	not significant	0.81238	1	1.0	1.0	1.0	0.9375	0.9375	0.1626
I14_OG000973	not significant	0.9809	0.0	0.45454545454545453	0.4545454545454546	0.0	0.4375	0.4375	0.0169
I20_OG000279	not significant	0.83285	1	0.8181818181818182	0.8181818181818181	1.0	0.6875	0.6875	0.1465
I20_OG000233	not significant	0.16534	1	1.0	1.0	1.0	0.84375	0.875	0.2808
I20_OG001257	not significant	0.50421	1	0.9090909090909091	0.9090909090909091	1.0	0.6875	0.6875	0.2619
I20_OG000662	not significant	0.89902	1.0	0.8181818181818182	0.8181818181818181	1.0	0.75	0.75	0.0806
I14_OG001306	not significant	0.6013	1	1.0	1.0	1.0	0.875	0.875	0.2345
I14_OG005473	not significant	0.99913	0	0.09090909090909091	0.09090909090909094	0.0	0.09375	0.125	-0.0051
I60_OG000506	not significant	0.74756	1	0.7272727272727273	0.7272727272727273	1.0	0.5625	0.5625	0.1677
I14_OG003168	not significant	0.22638	0.0	0.45454545454545453	0.4545454545454546	0.0	0.125	0.125	0.3695
I14_OG002796	not significant	1.0	0.0	0.4090909090909091	0.4545454545454546	0.0	0.40625	0.4375	0.003
I20_OG004101	not significant	0.08168	1	0.8636363636363636	0.9090909090909091	0.0	0.4375	0.4375	0.4381
I14_OG006115	not significant	0.29173	0	0.2727272727272727	0.2727272727272727	0.0	0.0625	0.0625	0.2908
I14_OG002364	not significant	0.90013	1.0	0.8181818181818182	0.8181818181818181	1.0	0.75	0.75	0.0806
I14_OG004973	not significant	0.55803	0	0.18181818181818182	0.18181818181818177	0.0	0.0625	0.0625	0.1866
I20_OG000469	not significant	0.31157	1.0	0.9090909090909091	0.9090909090909091	1.0	0.9375	0.9375	-0.0533
I14_OG002250	present_enriched	0.00032	0.5	0.5454545454545454	0.6363636363636364	0.0	0.0	0.0	0.6822
I14_OG001002	not significant	1.0	1	1.0	1.0	1.0	1.0	1.0	0
I20_OG001009	not significant	0.48878	1	0.5454545454545454	0.5454545454545454	0.0	0.28125	0.3125	0.2716
I14_OG006924	not significant	0.82395	0.0	0.4090909090909091	0.4545454545454546	0.0	0.3125	0.3125	0.1015
I20_OG004044	not significant	0.96904	0	0.2727272727272727	0.2727272727272727	0.0	0.25	0.25	0.0255
I14_OG006909	not significant	0.59377	0	0.18181818181818182	0.18181818181818177	0.0	0.09375	0.125	0.1345
I14_OG000718	not significant	0.7745	1	1.0	1.0	1.0	0.9375	0.9375	0.1626
I14_OG004866	not significant	0.59064	1.0	0.6363636363636364	0.6363636363636364	0.75	0.53125	0.5625	0.1065
I14_OG003669	not significant	0.14448	1	0.7272727272727273	0.7272727272727273	0.0	0.3125	0.3125	0.4079
I60_OG000750	not significant	0.60422	1	0.7272727272727273	0.7272727272727273	0.5	0.5	0.5	0.2273
I14_OG003317	not significant	0.10356	1	0.8181818181818182	0.9090909090909091	0.0	0.375	0.375	0.4556
I14_OG004420	not significant	0.05219	1	0.7727272727272727	0.8181818181818181	0.0	0.34375	0.375	0.4384
I14_OG000939	present_enriched	0.00037	1	1.0	1.0	1.0	0.65625	0.6875	0.4319
I20_OG000242	not significant	0.49065	1.0	0.7272727272727273	0.8181818181818181	1.0	0.625	0.625	0.1113
I14_OG000449	not significant	0.55202	0.0	0.4090909090909091	0.4545454545454546	0.0	0.25	0.25	0.172
I14_OG001043	not significant	1.0	1	1.0	1.0	1.0	1.0	1.0	0
I14_OG001940	not significant	0.71395	1	1.0	1.0	1.0	0.9375	0.9375	0.1626
I14_OG000736	not significant	0.38534	1	1.0	1.0	1.0	0.8125	0.8125	0.2932
I14_OG003182	not significant	0.68105	1.0	0.6363636363636364	0.6363636363636364	0.0	0.4375	0.4375	0.1956
I20_OG004214	not significant	0.57061	0.5	0.5	0.5454545454545454	0.0	0.3125	0.3125	0.1928
I14_OG001172	not significant	1.0	1	1.0	1.0	1.0	1.0	1.0	0
I14_OG003215	not significant	0.58461	1.0	0.9090909090909091	0.9090909090909091	1.0	0.71875	0.75	0.2391
I14_OG003294	not significant	0.55562	1	0.8181818181818182	0.9090909090909091	1.0	0.625	0.625	0.2178
I60_OG003122	not significant	0.95264	0	0.13636363636363635	0.18181818181818177	0.0	0.125	0.125	0.0174
I14_OG002375	not significant	0.94749	0.0	0.4090909090909091	0.4545454545454546	0.0	0.375	0.375	0.035
I60_OG000077	not significant	0.07191	1	0.8181818181818182	0.8181818181818181	1.0	0.625	0.625	0.2079
I20_OG000237	not significant	1.0	1	1.0	1.0	1.0	1.0	1.0	0
I14_OG004340	not significant	0.05077	0.0	0.4090909090909091	0.4545454545454546	0.0	0.0625	0.0625	0.4354
I14_OG002499	not significant	0.65232	1	0.8636363636363636	0.9090909090909091	1.0	0.71875	0.75	0.1812
I14_OG003346	not significant	0.38221	1.0	0.8181818181818182	0.8181818181818181	1.0	0.5625	0.5625	0.2665
I14_OG000642	not significant	0.55853	1.0	0.9090909090909091	0.9090909090909091	1.0	1.0	1.0	-0.2365
I14_OG001707	not significant	0.77041	0	0.3181818181818182	0.36363636363636365	0.0	0.1875	0.1875	0.1541
I14_OG002586	not significant	0.9794	1.0	0.5454545454545454	0.5454545454545454	1.0	0.5625	0.5625	-0.0169
I14_OG001730	present_enriched	0.00963	1.0	0.6818181818181818	0.7272727272727273	0.0	0.375	0.375	0.3073
I14_OG000989	not significant	0.39351	1	1.0	1.0	1.0	0.8125	0.8125	0.2932
I14_OG005713	not significant	0.60364	1.0	0.6818181818181818	0.7272727272727273	0.5	0.5	0.5	0.1842
I14_OG002334	not significant	0.69812	0	0.18181818181818182	0.18181818181818177	0.0	0.34375	0.375	-0.1819
I14_OG005108	not significant	0.74137	0	0.18181818181818182	0.18181818181818177	0.0	0.09375	0.125	0.1345
I14_OG000839	not significant	1.0	1	1.0	1.0	1.0	1.0	1.0	0
I60_OG000016	not significant	0.14772	1.0	0.8181818181818182	0.8181818181818181	1.0	0.625	0.625	0.2079
I14_OG005864	not significant	0.18259	1	0.5454545454545454	0.5454545454545454	0.0	0.25	0.25	0.3006
I20_OG002066	not significant	0.66447	1	0.6363636363636364	0.7272727272727273	0.0	0.4375	0.4375	0.2032
I14_OG009828	not significant	0.74175	0.0	0.4090909090909091	0.4545454545454546	0.0	0.28125	0.3125	0.1392
I14_OG004568	not significant	0.1689	1.0	0.6363636363636364	0.6363636363636364	0.0	0.25	0.25	0.3864
I14_OG003633	not significant	0.92436	0.0	0.4090909090909091	0.4545454545454546	0.0	0.375	0.375	0.035
I14_OG004532	not significant	0.18905	1.0	0.7272727272727273	0.7272727272727273	0.0	0.4375	0.4375	0.2865
I60_OG000427	not significant	0.31096	1	0.8636363636363636	0.9090909090909091	1.0	0.75	0.75	0.1428
I20_OG002083	not significant	0.7593	1.0	0.9090909090909091	0.9090909090909091	1.0	0.96875	1.0	-0.141
I20_OG002274	not significant	0.56491	1	0.9090909090909091	0.9090909090909091	1.0	0.75	0.8125	0.2149
I14_OG003493	not significant	0.93025	1.0	0.5909090909090909	0.6363636363636364	1.0	0.625	0.625	-0.035
I60_OG000124	not significant	0.90052	0	0.18181818181818182	0.18181818181818177	0.0	0.125	0.125	0.0786
I14_OG002359	not significant	0.79932	1.0	0.8181818181818182	0.8181818181818181	1.0	0.71875	0.75	0.1173
I20_OG000252	present_enriched	0.00026	1	1.0	1.0	1.0	0.625	0.625	0.4432
I14_OG000535	not significant	1.0	1	1.0	1.0	1.0	1.0	1.0	0
I60_OG004670	not significant	0.8668	0	0.09090909090909091	0.09090909090909094	0.0	0.125	0.125	-0.0533
I60_OG002521	not significant	0.25633	0.5	0.5	0.5454545454545454	0.0	0.1875	0.1875	0.3379
I14_OG005714	not significant	0.69188	0.5	0.5	0.5454545454545454	0.0	0.375	0.375	0.1266
I14_OG000534	not significant	0.79342	1	0.7727272727272727	0.8181818181818181	1.0	0.625	0.625	0.1598
I60_OG001585	not significant	0.3376	1	0.9090909090909091	0.9090909090909091	1.0	0.625	0.625	0.3185
I14_OG002148	not significant	0.54145	1	1.0	1.0	1.0	0.875	0.875	0.2345
I20_OG001222	not significant	0.9075	0	0.36363636363636365	0.36363636363636365	0.0	0.4375	0.4375	-0.0739
I20_OG002641	not significant	0.68092	1.0	0.6363636363636364	0.6363636363636364	0.0	0.4375	0.4375	0.1956
I14_OG000890	not significant	1.0	1	1.0	1.0	1.0	1.0	1.0	0
I14_OG002638	not significant	0.70986	0.0	0.4090909090909091	0.4545454545454546	0.0	0.25	0.25	0.172
I14_OG004183	not significant	0.55043	0.0	0.4090909090909091	0.4545454545454546	1.0	0.59375	0.625	-0.1887
I14_OG000538	not significant	0.29575	1	1.0	1.0	1.0	0.8125	0.8125	0.2932
I20_OG000573	present_enriched	3e-05	1	0.8181818181818182	0.8181818181818181	0.0	0.3125	0.3125	0.4973
I14_OG000411	not significant	0.60016	1.0	0.9545454545454546	1.0	1.0	0.875	0.875	0.1429
I20_OG002515	not significant	0.94962	1.0	0.5909090909090909	0.6363636363636364	1.0	0.625	0.625	-0.035
I14_OG005823	not significant	0.84616	0.0	0.4090909090909091	0.4545454545454546	0.0	0.375	0.375	0.035
I60_OG004392	not significant	0.77709	1.0	0.6363636363636364	0.6363636363636364	0.5	0.5	0.5	0.1348
I14_OG004698	not significant	0.35776	0.0	0.45454545454545453	0.4545454545454546	0.0	0.1875	0.1875	0.2874
I60_OG000094	not significant	0.10432	1.0	0.9090909090909091	0.9090909090909091	1.0	0.71875	0.75	0.2391
I20_OG003206	not significant	0.91434	0.5	0.5454545454545454	0.6363636363636364	0.5	0.5	0.5	0.0465
I60_OG003013	not significant	0.55801	1	0.5909090909090909	0.6363636363636364	0.0	0.4375	0.4375	0.1536
I60_OG001572	not significant	0.97395	1	0.7727272727272727	0.8181818181818181	1.0	0.75	0.75	0.0268
I60_OG002672	not significant	0.39632	0	0.09090909090909091	0.09090909090909094	0.0	0.0	0.0	0.2365
I60_OG001588	not significant	0.80228	1.0	0.6363636363636364	0.6363636363636364	0.5	0.5	0.5	0.1348
I60_OG004326	not significant	0.08098	0.5	0.5	0.5454545454545454	0.0	0.1875	0.1875	0.3379
I14_OG001066	not significant	0.66521	1.0	0.8636363636363636	0.9090909090909091	1.0	0.6875	0.6875	0.2078
I20_OG001528	not significant	0.48202	1	0.8181818181818182	0.8181818181818181	1.0	0.5625	0.5625	0.2665
I60_OG000144	not significant	0.32786	1	1.0	1.0	1.0	0.84375	0.875	0.2808
I14_OG003875	not significant	0.19914	1	0.6363636363636364	0.6363636363636364	0.0	0.28125	0.3125	0.3597
I60_OG002224	not significant	0.74315	1	0.6818181818181818	0.7272727272727273	1.0	0.5625	0.5625	0.1227
I14_OG001105	not significant	1.0	1	1.0	1.0	1.0	1.0	1.0	0
I14_OG005877	not significant	0.21165	1	0.5909090909090909	0.6363636363636364	0.0	0.34375	0.375	0.2541
I14_OG000784	not significant	0.92094	1	0.6818181818181818	0.7272727272727273	1.0	0.625	0.625	0.0597
I20_OG002329	not significant	0.58139	0	0.13636363636363635	0.18181818181818177	0.0	0.3125	0.3125	-0.2078
I14_OG000867	not significant	0.88202	0.0	0.4090909090909091	0.4545454545454546	0.5	0.5	0.5	-0.0913
I14_OG005994	not significant	0.77921	0	0.3181818181818182	0.36363636363636365	0.0	0.375	0.375	-0.0597
I20_OG000360	not significant	0.73562	0	0.3181818181818182	0.36363636363636365	0.0	0.28125	0.3125	0.0416
I60_OG000769	not significant	0.9432	1	0.5454545454545454	0.5454545454545454	0.5	0.5	0.5	0.0447
I60_OG000060	not significant	0.73949	1	1.0	1.0	1.0	0.9375	0.9375	0.1626
I14_OG007410	not significant	0.89925	0.5	0.5	0.5454545454545454	0.0	0.4375	0.4375	0.0628
I14_OG003103	not significant	0.66267	1	0.7272727272727273	0.8181818181818181	1.0	0.5625	0.5625	0.1747
I14_OG002444	not significant	0.82039	0.5	0.5	0.5454545454545454	1.0	0.625	0.625	-0.1266
I14_OG005207	not significant	0.52203	0.0	0.45454545454545453	0.4545454545454546	0.0	0.3125	0.3125	0.1445
I60_OG000049	not significant	0.5491	0.0	0.4090909090909091	0.4545454545454546	0.0	0.375	0.375	0.035
I20_OG001812	not significant	0.71066	1	1.0	1.0	1.0	0.96875	1.0	0.1626
I14_OG001216	not significant	0.34175	1	0.9090909090909091	0.9090909090909091	1.0	0.625	0.625	0.3185
I20_OG005628	not significant	0.50114	1	0.6818181818181818	0.7272727272727273	0.0	0.4375	0.4375	0.2454
I60_OG000074	not significant	1.0	1	1.0	1.0	1.0	1.0	1.0	0
I14_OG001519	not significant	0.73328	1	1.0	1.0	1.0	0.9375	0.9375	0.1626
I60_OG003246	not significant	0.37538	1	0.6818181818181818	0.7272727272727273	0.25	0.46875	0.5	0.2191
I14_OG002882	not significant	0.03815	1	0.8181818181818182	0.8181818181818181	0.0	0.3125	0.3125	0.4973
I14_OG002322	not significant	0.40575	1.0	0.9090909090909091	0.9090909090909091	1.0	0.65625	0.6875	0.2982
I20_OG001855	not significant	0.36263	1	0.8636363636363636	0.9090909090909091	1.0	0.625	0.625	0.268
I14_OG001872	not significant	0.85748	1.0	0.9090909090909091	0.9090909090909091	1.0	0.84375	0.875	0.0998
I20_OG000451	not significant	0.16293	1	1.0	1.0	1.0	0.8125	0.8125	0.2932
I14_OG000525	not significant	0.85582	0.5	0.5454545454545454	0.6363636363636364	0.0	0.4375	0.4375	0.1103
I60_OG003356	not significant	0.49347	1.0	0.6363636363636364	0.6363636363636364	0.0	0.375	0.375	0.257
I60_OG003734	not significant	0.79793	0.5	0.5	0.5454545454545454	0.0	0.375	0.375	0.1266
I60_OG001584	not significant	0.08385	1	0.8636363636363636	0.9090909090909091	0.0	0.4375	0.4375	0.4381
I14_OG003949	not significant	0.9819	0	0.36363636363636365	0.36363636363636365	0.0	0.375	0.375	-0.0116
I14_OG001276	not significant	0.90508	0	0.13636363636363635	0.18181818181818177	0.0	0.1875	0.1875	-0.0698
I14_OG005976	not significant	0.70028	0	0.13636363636363635	0.18181818181818177	0.0	0.0625	0.0625	0.1327
I14_OG002044	not significant	0.18246	1	1.0	1.0	1.0	0.6875	0.6875	0.3953
I60_OG000814	not significant	0.13676	1	0.7272727272727273	0.7272727272727273	0.0	0.375	0.375	0.3464
I14_OG001989	not significant	0.79145	0	0.09090909090909091	0.09090909090909094	0.0	0.1875	0.1875	-0.1336
I60_OG000183	not significant	0.25316	1	1.0	1.0	1.0	0.875	0.875	0.2345
I14_OG000972	not significant	0.60476	1	1.0	1.0	1.0	0.875	0.875	0.2345
I14_OG001880	not significant	0.80825	1.0	0.8181818181818182	0.8181818181818181	1.0	0.71875	0.75	0.1173
I20_OG000731	not significant	0.94384	1.0	0.9090909090909091	0.9090909090909091	1.0	0.875	0.875	0.0533
I60_OG002744	not significant	0.65636	1	0.5909090909090909	0.6363636363636364	0.0	0.4375	0.4375	0.1536
I60_OG000680	not significant	0.8763	1.0	0.7272727272727273	0.7272727272727273	1.0	0.8125	0.8125	-0.1007
I60_OG000159	not significant	1.0	1	1.0	1.0	1.0	1.0	1.0	0
I60_OG002609	not significant	0.92045	1	0.5454545454545454	0.5454545454545454	0.5	0.5	0.5	0.0447
I14_OG000430	not significant	0.92701	1.0	0.7272727272727273	0.7272727272727273	1.0	0.6875	0.6875	0.0428
I60_OG000099	not significant	0.95318	0	0.36363636363636365	0.36363636363636365	0.0	0.34375	0.375	0.0209
I60_OG001468	not significant	0.86814	0	0.18181818181818182	0.18181818181818177	0.0	0.125	0.125	0.0786
I60_OG000890	not significant	0.91273	0	0.2727272727272727	0.2727272727272727	0.0	0.21875	0.25	0.0637
I20_OG000301	not significant	0.599	1.0	0.9090909090909091	0.9090909090909091	1.0	0.75	0.75	0.2012
I20_OG000946	not significant	0.28041	1	1.0	1.0	1.0	0.75	0.75	0.3458
I14_OG003176	not significant	0.9861	1	0.6818181818181818	0.7272727272727273	1.0	0.6875	0.6875	-0.0061
I20_OG000395	not significant	0.33731	1	0.7272727272727273	0.7272727272727273	0.5	0.5	0.5	0.2273
I14_OG001325	not significant	0.53731	1	0.7727272727272727	0.8181818181818181	0.75	0.53125	0.5625	0.2561
I14_OG000454	present_enriched	0.00117	1	1.0	1.0	1.0	0.6875	0.6875	0.3953
I60_OG000661	not significant	0.28063	1	1.0	1.0	1.0	0.75	0.75	0.3458
I60_OG000401	not significant	0.59893	1	1.0	1.0	1.0	0.875	0.875	0.2345
I14_OG000401	not significant	0.82017	1.0	0.8181818181818182	0.8181818181818181	1.0	0.6875	0.6875	0.1465
I60_OG000307	not significant	0.96545	1.0	0.5909090909090909	0.6363636363636364	1.0	0.5625	0.5625	0.0288
I14_OG001685	not significant	1.0	1	1.0	1.0	1.0	1.0	1.0	0
I14_OG001823	not significant	0.76742	1	0.5454545454545454	0.5454545454545454	0.0	0.40625	0.4375	0.1398
I14_OG005675	not significant	0.01098	1	0.7727272727272727	0.8181818181818181	0.0	0.3125	0.375	0.4797
I20_OG000372	not significant	0.33738	1	1.0	1.0	1.0	0.8125	0.8125	0.2932
I14_OG003028	not significant	0.97073	0.0	0.45454545454545453	0.4545454545454546	0.0	0.4375	0.4375	0.0169
I14_OG003187	not significant	0.61218	1.0	0.9090909090909091	0.9090909090909091	1.0	0.75	0.75	0.2012
I60_OG000096	not significant	1.0	1	1.0	1.0	1.0	1.0	1.0	0
I60_OG007251	not significant	0.62334	1	0.6363636363636364	0.6363636363636364	0.0	0.4375	0.4375	0.1956
I14_OG001284	not significant	0.43407	1	0.7272727272727273	0.7272727272727273	0.0	0.4375	0.4375	0.2865
I20_OG000781	not significant	0.74647	1.0	0.7272727272727273	0.7272727272727273	1.0	0.5625	0.5625	0.1677
I14_OG001724	not significant	0.37901	1	0.6818181818181818	0.7272727272727273	0.0	0.375	0.375	0.3073
I60_OG000370	not significant	0.83577	1.0	0.7272727272727273	0.7272727272727273	1.0	0.59375	0.625	0.1403
I14_OG002967	not significant	0.56966	1.0	0.9090909090909091	0.9090909090909091	1.0	0.75	0.75	0.2012
I14_OG000889	not significant	0.66875	1.0	0.5909090909090909	0.6363636363636364	0.0	0.375	0.375	0.2168
I60_OG002491	not significant	0.31798	1.0	0.5909090909090909	0.6363636363636364	0.0	0.28125	0.3125	0.3223
I60_OG001958	not significant	0.89265	1	0.7727272727272727	0.8181818181818181	1.0	0.6875	0.6875	0.0957
I14_OG001221	not significant	0.55594	1.0	0.9090909090909091	0.9090909090909091	1.0	0.71875	0.75	0.2391
I14_OG003332	not significant	0.51671	0	0.3181818181818182	0.36363636363636365	1.0	0.5625	0.5625	-0.2454
I14_OG004147	not significant	0.87712	0	0.13636363636363635	0.18181818181818177	0.0	0.09375	0.125	0.0739
I14_OG001599	not significant	0.78434	0	0.36363636363636365	0.36363636363636365	0.5	0.5	0.5	-0.1348
I14_OG005998	not significant	0.582	0.0	0.4090909090909091	0.4545454545454546	0.0	0.3125	0.3125	0.1015
I20_OG000437	not significant	0.36431	0	0.2727272727272727	0.2727272727272727	0.0	0.4375	0.4375	-0.1677
I14_OG005292	not significant	0.40109	0	0.13636363636363635	0.18181818181818177	0.0	0.375	0.375	-0.268
I14_OG005421	not significant	0.43163	0	0.18181818181818182	0.18181818181818177	0.0	0.3125	0.375	-0.1541
I14_OG001335	not significant	0.8511	1.0	0.7272727272727273	0.7272727272727273	1.0	0.625	0.625	0.1066
I14_OG001978	not significant	0.94554	1	0.8181818181818182	0.8181818181818181	1.0	0.84375	0.875	-0.0349
I14_OG002326	not significant	1.0	1	1.0	1.0	1.0	1.0	1.0	0
I20_OG000439	not significant	0.79237	1	1.0	1.0	1.0	0.96875	1.0	0.1626
I14_OG004148	not significant	0.68948	0	0.36363636363636365	0.36363636363636365	0.25	0.46875	0.5	-0.1065
I20_OG000475	not significant	1.0	1	1.0	1.0	1.0	1.0	1.0	0
I14_OG011083	not significant	0.01558	0.5	0.5454545454545454	0.6363636363636364	0.0	0.0625	0.0625	0.5697
I20_OG002342	not significant	0.56722	1	0.9545454545454546	1.0	1.0	0.8125	0.8125	0.2169
I60_OG001321	not significant	0.94646	1	0.5909090909090909	0.6363636363636364	1.0	0.625	0.625	-0.035
I60_OG000191	not significant	1.0	1	1.0	1.0	1.0	1.0	1.0	0
I60_OG002583	not significant	0.51694	1.0	0.8636363636363636	0.9090909090909091	1.0	0.6875	0.6875	0.2078
I60_OG001467	not significant	0.56665	1	1.0	1.0	1.0	0.90625	0.9375	0.2216
I14_OG004355	not significant	0.83564	0	0.09090909090909091	0.09090909090909094	0.0	0.125	0.125	-0.0533
I14_OG000871	not significant	0.23037	1	0.9545454545454546	1.0	1.0	0.71875	0.75	0.3184
I14_OG002219	not significant	0.40579	1	1.0	1.0	1.0	0.8125	0.8125	0.2932
I14_OG002396	not significant	0.0471	1	1.0	1.0	0.75	0.59375	0.6875	0.507
I14_OG002462	not significant	0.51678	1.0	0.9090909090909091	0.9090909090909091	1.0	0.71875	0.75	0.2391
I20_OG000386	not significant	1.0	1	1.0	1.0	1.0	1.0	1.0	0
I14_OG001406	not significant	0.94943	1	0.8181818181818182	0.8181818181818181	1.0	0.78125	0.8125	0.0464
I14_OG001438	not significant	0.85532	1	0.9090909090909091	0.9090909090909091	1.0	0.8125	0.8125	0.1336
I14_OG006366	not significant	0.2657	0	0.36363636363636365	0.36363636363636365	0.0	0.125	0.125	0.282
I20_OG003678	not significant	0.73636	1.0	0.5454545454545454	0.5454545454545454	0.0	0.375	0.375	0.1685
I20_OG001533	not significant	0.87155	0.0	0.4090909090909091	0.4545454545454546	0.0	0.3125	0.3125	0.1015
I14_OG001235	not significant	0.4339	1	1.0	1.0	1.0	0.8125	0.8125	0.2932
I14_OG004408	not significant	0.72548	1	0.8181818181818182	0.8181818181818181	1.0	0.6875	0.6875	0.1465
I14_OG002430	not significant	0.75415	1	0.9545454545454546	1.0	1.0	0.875	0.875	0.1429
I20_OG001737	not significant	1.0	1	1.0	1.0	1.0	1.0	1.0	0
I14_OG003067	not significant	0.41007	1.0	0.8181818181818182	0.8181818181818181	1.0	0.5625	0.5625	0.2665
I60_OG000039	not significant	0.23603	1	0.9090909090909091	0.9090909090909091	1.0	0.75	0.75	0.2012
I14_OG006380	not significant	0.77512	0	0.3181818181818182	0.36363636363636365	0.0	0.375	0.375	-0.0597
I14_OG005136	not significant	0.87781	1.0	0.5909090909090909	0.6363636363636364	1.0	0.625	0.6875	-0.0366
I20_OG000498	not significant	0.35243	1.0	0.9090909090909091	0.9090909090909091	1.0	1.0	1.0	-0.2365
I14_OG002705	not significant	0.9542	0.0	0.4090909090909091	0.4545454545454546	0.0	0.4375	0.4375	-0.0288
I14_OG004630	not significant	0.55776	0	0.2727272727272727	0.2727272727272727	0.0	0.09375	0.125	0.2443
I14_OG003462	not significant	0.9619	0	0.13636363636363635	0.18181818181818177	0.0	0.125	0.125	0.0174
I20_OG001936	not significant	0.92455	1.0	0.9090909090909091	0.9090909090909091	1.0	0.875	0.875	0.0533
I20_OG000772	not significant	0.4414	1	1.0	1.0	1.0	0.84375	0.875	0.2808
I14_OG002112	not significant	0.63098	1	0.5454545454545454	0.5454545454545454	0.0	0.34375	0.375	0.2043
I14_OG000959	not significant	1.0	1	1.0	1.0	1.0	1.0	1.0	0
I14_OG000952	not significant	0.94819	0.5	0.45454545454545453	0.5454545454545454	0.5	0.5	0.5	-0.0465
I20_OG001857	not significant	0.85048	1	0.5454545454545454	0.5454545454545454	0.0	0.40625	0.4375	0.1398
I60_OG001513	not significant	0.87491	1.0	0.5454545454545454	0.5454545454545454	1.0	0.625	0.625	-0.0795
I60_OG000476	not significant	0.55964	1.0	0.8181818181818182	0.8181818181818181	1.0	0.59375	0.625	0.2427
I20_OG000466	not significant	1.0	1	1.0	1.0	1.0	1.0	1.0	0
I60_OG002443	not significant	0.80803	1	0.5909090909090909	0.6363636363636364	0.5	0.5	0.5	0.0913
I60_OG000475	not significant	0.42326	1.0	0.7272727272727273	0.7272727272727273	0.0	0.4375	0.4375	0.2865
I60_OG000508	not significant	0.84868	1.0	0.5909090909090909	0.6363636363636364	0.5	0.5	0.5	0.0913
I20_OG004722	not significant	0.20515	0	0.36363636363636365	0.36363636363636365	0.0	0.0625	0.0625	0.3809
I14_OG002818	not significant	0.16739	1.0	0.7272727272727273	0.7272727272727273	0.0	0.3125	0.3125	0.4079
I14_OG000573	not significant	0.84349	0	0.22727272727272727	0.2727272727272727	0.0	0.125	0.125	0.1396
I14_OG000738	not significant	0.01249	1.0	0.5454545454545454	0.5454545454545454	0.0	0.125	0.125	0.4524
I14_OG001152	not significant	0.68753	1	0.5909090909090909	0.6363636363636364	0.0	0.40625	0.4375	0.1887
I60_OG002437	not significant	0.53712	0.0	0.4090909090909091	0.4545454545454546	0.0	0.1875	0.1875	0.2489
I14_OG003397	not significant	0.48962	0.5	0.5	0.5454545454545454	0.0	0.28125	0.3125	0.232
I14_OG001265	not significant	0.90555	1.0	0.6363636363636364	0.6363636363636364	1.0	0.5625	0.5625	0.0739
I60_OG000582	not significant	0.81968	1	0.6818181818181818	0.7272727272727273	1.0	0.5625	0.5625	0.1227
I14_OG001779	not significant	0.71949	1	0.5454545454545454	0.5454545454545454	0.0	0.375	0.375	0.1685
I60_OG000106	present_enriched	0.00815	1	1.0	1.0	1.0	0.75	0.75	0.3458
I14_OG006354	not significant	0.248	0	0.2727272727272727	0.2727272727272727	0.0	0.09375	0.125	0.2443
I14_OG002185	not significant	0.59237	1.0	0.7272727272727273	0.7272727272727273	0.5	0.5	0.5	0.2273
I14_OG005997	not significant	0.71541	0.0	0.4090909090909091	0.4545454545454546	0.0	0.34375	0.375	0.0693
I20_OG000652	not significant	1.0	1	1.0	1.0	1.0	1.0	1.0	0
I14_OG002910	not significant	0.44292	0.5	0.5	0.5454545454545454	0.0	0.25	0.25	0.2626
I14_OG003479	not significant	0.28637	1.0	0.7727272727272727	0.8181818181818181	0.0	0.4375	0.4375	0.3396
I60_OG000104	not significant	1.0	1	1.0	1.0	1.0	1.0	1.0	0
I14_OG004419	not significant	0.84091	0	0.22727272727272727	0.2727272727272727	0.0	0.15625	0.1875	0.0959
I14_OG001954	not significant	0.77525	0	0.09090909090909091	0.09090909090909094	0.0	0.1875	0.1875	-0.1336
I14_OG001948	not significant	0.63756	1	0.9090909090909091	0.9090909090909091	1.0	0.75	0.75	0.2012
I14_OG002303	not significant	0.70096	1	1.0	1.0	1.0	0.9375	0.9375	0.1626
I14_OG003677	not significant	0.8866	0.5	0.5454545454545454	0.7272727272727273	0.5	0.5	0.5	0.0484
I14_OG002238	not significant	0.59389	0	0.22727272727272727	0.2727272727272727	0.0	0.4375	0.4375	-0.2208
I14_OG000486	not significant	1.0	1	1.0	1.0	1.0	1.0	1.0	0
I14_OG009957	not significant	0.33104	0	0.2727272727272727	0.2727272727272727	0.0	0.125	0.125	0.1869
I20_OG004972	not significant	1.0	0.5	0.5	0.5454545454545454	0.5	0.5	0.5	0.0
I14_OG001448	not significant	0.81809	0	0.3181818181818182	0.36363636363636365	0.0	0.21875	0.25	0.1173
I20_OG003450	not significant	0.20468	1.0	0.8181818181818182	0.8181818181818181	0.0	0.4375	0.4375	0.3807
I20_OG000266	not significant	0.70207	0.5	0.5454545454545454	0.6363636363636364	0.0	0.375	0.375	0.1752
I20_OG001191	not significant	0.02713	1	1.0	1.0	1.0	0.5625	0.5625	0.4905
I14_OG005948	not significant	0.42793	0	0.2727272727272727	0.2727272727272727	0.5	0.5	0.5	-0.2273
I20_OG000541	not significant	0.96412	1.0	0.5909090909090909	0.6363636363636364	1.0	0.59375	0.625	-0.003
I14_OG002693	not significant	0.44881	1	0.6363636363636364	0.7272727272727273	0.0	0.375	0.375	0.2671
I14_OG001033	not significant	0.64658	1	0.8181818181818182	0.9090909090909091	1.0	0.625	0.625	0.2178
I14_OG004638	not significant	0.19817	1.0	0.7272727272727273	0.7272727272727273	0.0	0.4375	0.4375	0.2865
I20_OG001185	not significant	0.97622	1	0.5454545454545454	0.5454545454545454	1.0	0.5625	0.5625	-0.0169
I20_OG001808	not significant	0.47209	0.5	0.5	0.5454545454545454	0.0	0.25	0.25	0.2626
I14_OG008610	not significant	0.77482	0.0	0.45454545454545453	0.4545454545454546	1.0	0.5625	0.5625	-0.1062
I14_OG000969	not significant	1.0	1	1.0	1.0	1.0	1.0	1.0	0
I60_OG000062	not significant	1.0	1	1.0	1.0	1.0	1.0	1.0	0
I20_OG001298	not significant	0.77833	1	0.9090909090909091	1.0	1.0	0.8125	0.8125	0.1446
I14_OG001079	present_enriched	0.0038	1.0	0.7272727272727273	0.7272727272727273	0.0	0.25	0.25	0.4719
I60_OG003394	not significant	0.79596	0.5	0.5	0.5454545454545454	0.0	0.375	0.375	0.1266
I14_OG003027	not significant	0.4983	1	0.8181818181818182	0.8181818181818181	1.0	0.5625	0.5625	0.2665
I60_OG000926	not significant	0.83884	1.0	0.7272727272727273	0.7272727272727273	1.0	0.75	0.75	-0.0255
I60_OG004614	not significant	0.15033	0	0.18181818181818182	0.18181818181818177	0.0	0.03125	0.0625	0.2706
I14_OG001021	not significant	0.32574	1.0	0.8636363636363636	0.9090909090909091	1.0	0.5625	0.5625	0.3257
I14_OG005195	not significant	0.91209	0	0.22727272727272727	0.2727272727272727	0.0	0.25	0.25	-0.0268
I20_OG000836	not significant	0.47178	1	0.9545454545454546	1.0	1.0	0.75	0.75	0.2791
I20_OG002305	not significant	0.5957	1.0	0.9090909090909091	0.9090909090909091	1.0	0.75	0.75	0.2012
I60_OG000129	not significant	1.0	1	1.0	1.0	1.0	1.0	1.0	0
I60_OG000261	not significant	0.94764	1.0	0.9090909090909091	0.9090909090909091	1.0	0.9375	0.9375	-0.0533
I14_OG000910	not significant	0.33662	1	1.0	1.0	1.0	0.875	0.875	0.2345
I14_OG003845	not significant	0.4912	1	0.6363636363636364	0.6363636363636364	0.0	0.4375	0.4375	0.1956
I20_OG001043	not significant	0.75672	1	0.5909090909090909	0.6363636363636364	0.0	0.4375	0.4375	0.1536
I60_OG004123	not significant	0.64774	0	0.09090909090909091	0.09090909090909094	0.0	0.15625	0.1875	-0.0998
I14_OG002623	not significant	1.0	0.5	0.5	0.5454545454545454	0.5	0.5	0.5	0.0
I14_OG002803	not significant	0.98784	1	0.8181818181818182	0.8181818181818181	1.0	0.8125	0.8125	0.0072
I60_OG000240	not significant	1.0	1	1.0	1.0	1.0	1.0	1.0	0
I60_OG001621	not significant	0.91451	1.0	0.9090909090909091	0.9090909090909091	1.0	0.9375	0.9375	-0.0533
I20_OG002548	not significant	0.38434	0	0.045454545454545456	0.09090909090909094	0.0	0.25	0.25	-0.2791
I14_OG000527	not significant	0.3535	1	1.0	1.0	1.0	0.8125	0.8125	0.2932
I14_OG001381	not significant	0.97756	1	0.5454545454545454	0.5454545454545454	1.0	0.5625	0.5625	-0.0169
I14_OG000981	not significant	0.30585	1.0	0.8636363636363636	0.9090909090909091	1.0	0.5625	0.5625	0.3257
I14_OG003078	not significant	0.74864	1	0.6363636363636364	0.6363636363636364	1.0	0.75	0.75	-0.1223
I14_OG000605	not significant	0.03594	1	1.0	1.0	1.0	0.75	0.75	0.3458
I14_OG002177	not significant	0.62023	1	0.9090909090909091	0.9090909090909091	1.0	0.75	0.75	0.2012
I60_OG000195	present_enriched	0.00703	1	0.9545454545454546	1.0	1.0	0.625	0.625	0.3887
I60_OG005090	not significant	0.13807	0	0.36363636363636365	0.36363636363636365	0.0	0.125	0.125	0.282
I60_OG001602	not significant	0.46108	1.0	0.7272727272727273	0.7272727272727273	0.25	0.46875	0.5	0.2619
I60_OG000553	not significant	0.74929	1	1.0	1.0	1.0	0.96875	1.0	0.1626
I60_OG000552	not significant	0.23707	1	0.8181818181818182	0.8181818181818181	0.25	0.46875	0.5	0.3593
I14_OG002172	not significant	0.70048	1.0	0.5454545454545454	0.5454545454545454	0.0	0.375	0.375	0.1685
I60_OG004000	not significant	0.67682	0.0	0.4090909090909091	0.4545454545454546	0.0	0.3125	0.3125	0.1015
I60_OG000064	not significant	1.0	1	1.0	1.0	1.0	1.0	1.0	0
I14_OG003244	not significant	0.84899	1	0.6363636363636364	0.6363636363636364	1.0	0.5625	0.5625	0.0739
I60_OG000966	present_enriched	0.0001	1	1.0	1.0	1.0	0.75	0.75	0.3458
I14_OG000563	not significant	0.89937	1	0.7727272727272727	0.8181818181818181	1.0	0.6875	0.6875	0.0957
I14_OG004808	not significant	0.49757	1.0	0.5454545454545454	0.5454545454545454	0.0	0.40625	0.4375	0.1398
I14_OG001136	not significant	0.09519	1.0	0.8181818181818182	0.8181818181818181	0.25	0.46875	0.5	0.3593
I20_OG000697	not significant	0.94476	0	0.09090909090909091	0.09090909090909094	0.0	0.0625	0.0625	0.0533
I20_OG002362	not significant	0.32138	1	0.9090909090909091	0.9090909090909091	1.0	0.625	0.625	0.3185
I14_OG001223	not significant	0.4888	1.0	0.8181818181818182	0.8181818181818181	1.0	0.5625	0.5625	0.2665
I14_OG000763	not significant	0.2187	1	0.8636363636363636	0.9090909090909091	1.0	0.625	0.625	0.268
I14_OG002450	not significant	0.52955	0.5	0.5	0.5454545454545454	0.0	0.28125	0.3125	0.232
I14_OG003794	not significant	0.83729	0.5	0.45454545454545453	0.5454545454545454	1.0	0.5625	0.5625	-0.1103
I14_OG006234	not significant	0.20129	0	0.4090909090909091	0.4545454545454546	0.0	0.1875	0.1875	0.2489
I20_OG000227	not significant	0.07401	1	1.0	1.0	1.0	0.8125	0.8125	0.2932
I14_OG003002	not significant	0.08092	0.0	0.45454545454545453	0.4545454545454546	0.0	0.0625	0.0625	0.4633
I14_OG005405	not significant	0.10767	0.0	0.4090909090909091	0.4545454545454546	0.0	0.125	0.125	0.3351
I20_OG000902	not significant	0.72132	0.0	0.45454545454545453	0.4545454545454546	0.0	0.28125	0.3125	0.182
I20_OG000321	not significant	0.75724	1	1.0	1.0	1.0	0.9375	0.9375	0.1626
I14_OG001771	not significant	0.49006	1.0	0.8636363636363636	0.9090909090909091	1.0	0.625	0.625	0.268
I14_OG001507	not significant	0.78423	1.0	0.9090909090909091	0.9090909090909091	1.0	0.8125	0.8125	0.1336
I20_OG000480	not significant	0.78011	0	0.18181818181818182	0.2727272727272727	0.0	0.3125	0.3125	-0.1541
I14_OG000961	not significant	1.0	1	1.0	1.0	1.0	1.0	1.0	0
I14_OG003262	not significant	0.50363	1.0	0.6363636363636364	0.6363636363636364	0.0	0.375	0.375	0.257
I14_OG004229	not significant	0.94103	1	0.7272727272727273	0.8181818181818181	1.0	0.6875	0.6875	0.0448
I20_OG001221	not significant	0.02908	0.0	0.4090909090909091	0.4545454545454546	0.0	0.0625	0.0625	0.4354
I14_OG005975	not significant	0.42941	0	0.18181818181818182	0.18181818181818177	0.0	0.375	0.375	-0.2079
I20_OG003176	not significant	0.85169	0.0	0.4090909090909091	0.4545454545454546	0.5	0.5	0.5	-0.0913
I20_OG003108	not significant	0.98326	0	0.36363636363636365	0.36363636363636365	0.0	0.375	0.375	-0.0116
I60_OG004864	not significant	0.82906	0	0.2727272727272727	0.2727272727272727	0.0	0.375	0.375	-0.1066
I60_OG000455	not significant	0.95407	1.0	0.5454545454545454	0.5454545454545454	0.5	0.5	0.5	0.0447
I14_OG003569	not significant	0.31633	1.0	0.8636363636363636	0.9090909090909091	1.0	0.5625	0.5625	0.3257
I14_OG002456	not significant	0.19314	1.0	0.6363636363636364	0.6363636363636364	0.0	0.25	0.25	0.3864
I60_OG000541	not significant	0.8491	1.0	0.9090909090909091	0.9090909090909091	1.0	0.8125	0.8125	0.1336
I60_OG001336	not significant	0.30357	1	0.9545454545454546	1.0	1.0	0.6875	0.6875	0.3355
I20_OG000424	not significant	0.82336	1	1.0	1.0	1.0	0.9375	0.9375	0.1626
I14_OG005132	not significant	0.71685	0.0	0.4090909090909091	0.4545454545454546	0.0	0.3125	0.3125	0.1015
I14_OG007069	not significant	0.38447	1.0	0.7272727272727273	0.7272727272727273	0.0	0.4375	0.4375	0.2865
I20_OG001916	not significant	0.45601	1	1.0	1.0	1.0	0.84375	0.875	0.2808
I20_OG000615	not significant	0.85797	1	0.9090909090909091	0.9090909090909091	1.0	0.8125	0.8125	0.1336
I14_OG006052	not significant	0.62615	0.5	0.5	0.5454545454545454	0.0	0.375	0.375	0.1266
I14_OG004272	not significant	0.29235	1	0.8181818181818182	0.9090909090909091	0.5	0.5	0.5	0.3374
I20_OG003021	not significant	0.47237	1.0	0.8181818181818182	0.8181818181818181	1.0	0.5625	0.5625	0.2665
I20_OG000288	not significant	0.82439	0.5	0.5454545454545454	0.6363636363636364	1.0	0.6875	0.6875	-0.1506
I20_OG000684	not significant	0.60124	1	1.0	1.0	1.0	0.875	0.875	0.2345
I20_OG002388	not significant	0.1092	1	0.9090909090909091	0.9090909090909091	0.5	0.5	0.5	0.4264
I20_OG000506	not significant	1.0	1	1.0	1.0	1.0	1.0	1.0	0
I14_OG005540	not significant	0.38576	1	0.5909090909090909	0.6363636363636364	0.0	0.40625	0.4375	0.1887
I14_OG002355	not significant	0.97962	0.0	0.45454545454545453	0.4545454545454546	0.0	0.4375	0.4375	0.0169
I14_OG001617	not significant	0.90312	1.0	0.6818181818181818	0.7272727272727273	1.0	0.625	0.625	0.0597
I14_OG004331	not significant	0.77987	1	0.8181818181818182	0.8181818181818181	1.0	0.6875	0.6875	0.1465
I14_OG003363	not significant	0.96274	0	0.3181818181818182	0.36363636363636365	0.0	0.34375	0.375	-0.0278
I14_OG005212	not significant	0.5344	1	0.7727272727272727	0.8181818181818181	0.75	0.53125	0.5625	0.2561
I20_OG002922	not significant	0.88289	0	0.22727272727272727	0.2727272727272727	0.0	0.3125	0.3125	-0.0957
I14_OG005739	not significant	0.40934	1.0	0.7272727272727273	0.7272727272727273	0.0	0.4375	0.4375	0.2865
I20_OG000647	not significant	0.01655	1	1.0	1.0	1.0	0.5625	0.5625	0.4905
I14_OG001634	not significant	1.0	1	1.0	1.0	1.0	1.0	1.0	0
I20_OG000251	not significant	0.65232	1	1.0	1.0	1.0	0.90625	0.9375	0.2216
I14_OG005625	not significant	0.22345	1	0.6363636363636364	0.7272727272727273	0.0	0.375	0.375	0.2671
I14_OG003072	not significant	0.95244	1.0	0.7272727272727273	0.7272727272727273	1.0	0.6875	0.6875	0.0428
I20_OG000256	not significant	0.55853	1	1.0	1.0	1.0	0.9375	0.9375	0.1626
I20_OG002270	not significant	0.894	1.0	0.5454545454545454	0.5454545454545454	1.0	0.625	0.625	-0.0795
I60_OG000097	not significant	0.6385	1	0.6818181818181818	0.7272727272727273	0.5	0.5	0.5	0.1842
I60_OG005250	not significant	0.17166	0.0	0.4090909090909091	0.4545454545454546	0.0	0.15625	0.1875	0.2982
I14_OG001111	not significant	0.43502	1	1.0	1.0	1.0	0.8125	0.8125	0.2932
I14_OG003727	not significant	0.75862	0	0.4090909090909091	0.4545454545454546	0.0	0.28125	0.3125	0.1392
I14_OG000905	not significant	0.53854	1.0	0.6363636363636364	0.6363636363636364	0.0	0.375	0.375	0.257
I14_OG005593	not significant	0.21766	0.5	0.5454545454545454	0.6363636363636364	0.0	0.3125	0.3125	0.2424
I14_OG001847	not significant	0.88729	0	0.18181818181818182	0.18181818181818177	0.0	0.25	0.25	-0.0806
I60_OG000382	not significant	0.39477	1.0	0.5454545454545454	0.5454545454545454	0.0	0.25	0.25	0.3006
I60_OG000674	present_enriched	0.00616	0.5	0.5	0.5454545454545454	0.0	0.0625	0.0625	0.516
I14_OG001470	not significant	0.81011	1	0.5909090909090909	0.6363636363636364	0.25	0.46875	0.5	0.1248
I14_OG008991	not significant	0.31768	1	0.6818181818181818	0.7272727272727273	0.0	0.375	0.375	0.3073
I60_OG002200	not significant	0.42718	1	0.5909090909090909	0.6363636363636364	0.0	0.3125	0.3125	0.282
I60_OG000076	not significant	0.39507	1	1.0	1.0	1.0	0.875	0.875	0.2345
I14_OG003554	not significant	0.22346	1	0.5454545454545454	0.5454545454545454	0.0	0.1875	0.1875	0.3731
I14_OG000880	not significant	0.49748	1	0.9090909090909091	0.9090909090909091	1.0	0.6875	0.6875	0.2619
I60_OG000054	present_enriched	1e-05	1	0.9545454545454546	1.0	1.0	0.59375	0.625	0.4256
I20_OG004848	not significant	0.50593	1.0	0.6363636363636364	0.6363636363636364	0.0	0.375	0.375	0.257
I14_OG002960	not significant	0.5012	1	0.6818181818181818	0.7272727272727273	0.0	0.4375	0.4375	0.2454
I14_OG003759	not significant	0.68032	1	0.6363636363636364	0.6363636363636364	1.0	0.75	0.75	-0.1223
I60_OG002817	not significant	0.21187	1.0	0.9090909090909091	0.9090909090909091	1.0	0.5625	0.5625	0.373
I14_OG002432	not significant	0.60395	1.0	0.9090909090909091	0.9090909090909091	1.0	0.75	0.75	0.2012
I60_OG001746	not significant	0.54826	1	0.8636363636363636	0.9090909090909091	1.0	0.6875	0.6875	0.2078
I14_OG005420	not significant	0.49557	0	0.22727272727272727	0.2727272727272727	0.0	0.125	0.125	0.1396
I20_OG000428	not significant	0.01731	1	0.9090909090909091	0.9090909090909091	0.5	0.5	0.5	0.4264
I14_OG001250	not significant	0.6671	1.0	0.6363636363636364	0.6363636363636364	0.0	0.4375	0.4375	0.1956
I14_OG003389	not significant	0.78436	0	0.2727272727272727	0.2727272727272727	0.0	0.15625	0.1875	0.1463
I14_OG002117	not significant	0.81166	1	0.9090909090909091	0.9090909090909091	1.0	0.8125	0.8125	0.1336
I20_OG000560	not significant	0.67968	1	0.8636363636363636	0.9090909090909091	1.0	0.6875	0.6875	0.2078
I14_OG001364	not significant	0.37058	1	0.9545454545454546	1.0	1.0	0.71875	0.75	0.3184
I14_OG003952	not significant	0.1319	1	0.9090909090909091	0.9090909090909091	0.5	0.5	0.5	0.4264
I60_OG000109	not significant	0.04646	1	0.9090909090909091	0.9090909090909091	1.0	0.625	0.625	0.3185
I60_OG004565	not significant	0.33473	0	0.18181818181818182	0.18181818181818177	0.0	0.0625	0.0625	0.1866
I14_OG002057	not significant	0.3825	1	0.8636363636363636	0.9090909090909091	1.0	0.59375	0.625	0.3042
I20_OG001252	not significant	0.77728	0	0.13636363636363635	0.18181818181818177	0.0	0.25	0.25	-0.1428
I20_OG000857	not significant	0.92556	0.0	0.4090909090909091	0.4545454545454546	0.25	0.46875	0.5	-0.0613
I20_OG000793	not significant	0.36312	1	0.5454545454545454	0.5454545454545454	0.0	0.25	0.25	0.3006
I14_OG004163	not significant	0.90839	0.0	0.4090909090909091	0.4545454545454546	0.0	0.375	0.375	0.035
I20_OG003592	not significant	0.94215	0.0	0.4090909090909091	0.4545454545454546	0.0	0.4375	0.4375	-0.0288
I60_OG001594	not significant	0.64105	1.0	0.8636363636363636	0.9090909090909091	1.0	0.6875	0.6875	0.2078
I60_OG001329	not significant	0.07471	1	1.0	1.0	1.0	0.625	0.625	0.4432
I14_OG001461	not significant	0.42914	1	1.0	1.0	1.0	0.8125	0.8125	0.2932
I14_OG000888	not significant	0.97255	0	0.18181818181818182	0.18181818181818177	0.0	0.1875	0.1875	-0.0072
I20_OG001066	not significant	0.90162	1.0	0.6363636363636364	0.6363636363636364	1.0	0.5625	0.5625	0.0739
I20_OG001085	not significant	0.91937	0	0.22727272727272727	0.2727272727272727	0.0	0.28125	0.3125	-0.0637
I20_OG004276	not significant	0.93053	0	0.2727272727272727	0.2727272727272727	0.0	0.3125	0.3125	-0.0428
I20_OG000309	not significant	0.70464	1	0.7272727272727273	0.7272727272727273	1.0	0.5625	0.5625	0.1677
I20_OG000799	not significant	0.43448	1	0.7272727272727273	0.7272727272727273	0.0	0.4375	0.4375	0.2865
I14_OG003962	not significant	0.2762	0	0.22727272727272727	0.2727272727272727	0.0	0.0625	0.125	0.2776
I14_OG001649	not significant	0.92633	0	0.09090909090909091	0.09090909090909094	0.0	0.125	0.125	-0.0533
I14_OG002313	not significant	0.48085	1	0.8181818181818182	0.8181818181818181	1.0	0.5625	0.5625	0.2665
I14_OG003047	not significant	0.98139	0.0	0.45454545454545453	0.4545454545454546	0.0	0.4375	0.4375	0.0169
I60_OG000990	not significant	0.72323	1	1.0	1.0	1.0	0.9375	0.9375	0.1626
I60_OG000103	not significant	1.0	1	1.0	1.0	1.0	1.0	1.0	0
I20_OG001654	not significant	0.94554	0	0.3181818181818182	0.36363636363636365	0.0	0.28125	0.3125	0.0416
I20_OG000243	not significant	0.65901	1.0	0.7272727272727273	0.7272727272727273	1.0	0.625	0.625	0.1066
I20_OG000540	not significant	0.05617	1	1.0	1.0	1.0	0.6875	0.6875	0.3953
I20_OG002524	not significant	0.17516	1	1.0	1.0	1.0	0.6875	0.6875	0.3953
I14_OG005462	not significant	0.48688	0	0.22727272727272727	0.2727272727272727	0.0	0.125	0.125	0.1396
I20_OG001545	not significant	0.42629	1	1.0	1.0	1.0	0.8125	0.8125	0.2932
I14_OG001832	not significant	0.54394	1.0	0.9090909090909091	0.9090909090909091	1.0	1.0	1.0	-0.2365
I20_OG001729	not significant	0.50372	0	0.09090909090909091	0.09090909090909094	0.0	0.3125	0.3125	-0.2619
I20_OG001507	not significant	0.9802	0	0.13636363636363635	0.18181818181818177	0.0	0.125	0.125	0.0174
I20_OG000694	not significant	0.47214	0.5	0.4090909090909091	0.5454545454545454	0.0	0.1875	0.1875	0.2619
I14_OG000819	not significant	0.91278	1.0	0.6363636363636364	0.6363636363636364	1.0	0.5625	0.5625	0.0739
I14_OG001390	not significant	0.41188	1	0.5909090909090909	0.6363636363636364	0.0	0.3125	0.3125	0.282
I20_OG001459	not significant	0.75445	1	1.0	1.0	1.0	0.9375	0.9375	0.1626
I14_OG005794	not significant	0.66545	0	0.18181818181818182	0.2727272727272727	0.0	0.125	0.125	0.0851
I20_OG000514	not significant	0.18397	1	1.0	1.0	1.0	0.75	0.75	0.3458
I20_OG002234	not significant	0.88723	0	0.36363636363636365	0.36363636363636365	0.0	0.4375	0.4375	-0.0739
I20_OG001909	not significant	0.4944	1	1.0	1.0	1.0	0.875	0.875	0.2345
I14_OG004746	not significant	0.96618	0.0	0.45454545454545453	0.4545454545454546	0.0	0.4375	0.4375	0.0169
I14_OG006241	not significant	0.18711	0	0.22727272727272727	0.2727272727272727	0.0	0.0625	0.0625	0.2516
I14_OG002507	not significant	0.80707	1	0.8181818181818182	0.8181818181818181	1.0	0.6875	0.6875	0.1465
I14_OG005657	not significant	0.49298	0.0	0.4090909090909091	0.4545454545454546	0.0	0.25	0.25	0.172
I14_OG001139	not significant	0.58604	1	1.0	1.0	1.0	0.875	0.875	0.2345
I14_OG010325	not significant	0.6343	0	0.36363636363636365	0.36363636363636365	1.0	0.5625	0.5625	-0.1956
I14_OG004106	not significant	0.8775	1.0	0.9090909090909091	0.9090909090909091	1.0	0.84375	0.875	0.0998
I14_OG002162	not significant	0.60143	1	1.0	1.0	1.0	0.875	0.875	0.2345
I14_OG000713	not significant	0.16949	1	1.0	1.0	1.0	0.75	0.75	0.3458
I60_OG000068	not significant	1.0	1	1.0	1.0	1.0	1.0	1.0	0
I14_OG002455	not significant	0.86166	1.0	0.9090909090909091	0.9090909090909091	1.0	0.84375	0.875	0.0998
I14_OG000892	not significant	0.65838	1	0.9545454545454546	1.0	1.0	0.875	0.875	0.1429
I14_OG004227	not significant	0.87072	0.0	0.45454545454545453	0.4545454545454546	0.5	0.5	0.5	-0.0447
I14_OG003982	not significant	0.44913	1.0	0.8181818181818182	0.8181818181818181	1.0	0.5625	0.5625	0.2665
I14_OG001374	not significant	0.63194	1	0.8181818181818182	0.8181818181818181	1.0	0.625	0.625	0.2079
I60_OG000141	not significant	0.40693	1.0	0.9090909090909091	0.9090909090909091	1.0	1.0	1.0	-0.2365
I14_OG003946	not significant	0.47367	1.0	0.9090909090909091	0.9090909090909091	1.0	0.6875	0.6875	0.2619
I20_OG003346	not significant	0.98225	0	0.09090909090909091	0.09090909090909094	0.0	0.09375	0.125	-0.0051
I14_OG000504	present_enriched	0.00043	1.0	0.7272727272727273	0.7272727272727273	0.0	0.375	0.375	0.3464
I14_OG000532	not significant	0.82086	0.5	0.5	0.5454545454545454	0.0	0.375	0.375	0.1266
I14_OG000439	not significant	0.01031	1	0.9090909090909091	0.9090909090909091	0.5	0.5	0.5	0.4264
I20_OG003380	not significant	0.84276	0.5	0.5	0.5454545454545454	0.0	0.4375	0.4375	0.0628
I14_OG006012	not significant	0.77432	0.0	0.45454545454545453	0.4545454545454546	0.0	0.3125	0.3125	0.1445
I20_OG001884	not significant	0.18945	1	1.0	1.0	1.0	0.6875	0.6875	0.3953
I20_OG000293	not significant	0.96213	0	0.045454545454545456	0.09090909090909094	0.0	0.0625	0.0625	-0.0403
I14_OG002698	not significant	0.82739	0.0	0.4090909090909091	0.4545454545454546	0.0	0.3125	0.3125	0.1015
I14_OG004417	not significant	0.91097	0	0.09090909090909091	0.09090909090909094	0.0	0.125	0.125	-0.0533
I14_OG000491	not significant	0.01519	0	0.3181818181818182	0.36363636363636365	0.0	0.0625	0.0625	0.3489
I14_OG004280	present_enriched	0.00987	1.0	0.8181818181818182	0.8181818181818181	0.0	0.25	0.25	0.5587
I20_OG002569	not significant	0.79482	0	0.4090909090909091	0.4545454545454546	0.0	0.28125	0.3125	0.1392
I20_OG000280	not significant	0.97019	0	0.22727272727272727	0.2727272727272727	0.0	0.21875	0.25	0.0107
I20_OG000517	not significant	0.90115	0.0	0.45454545454545453	0.4545454545454546	0.0	0.375	0.375	0.0795
I14_OG000529	not significant	0.58361	1	1.0	1.0	1.0	0.875	0.875	0.2345
I20_OG001024	not significant	0.78399	1	0.8181818181818182	0.8181818181818181	1.0	0.6875	0.6875	0.1465
I20_OG000310	not significant	0.28681	1	1.0	1.0	1.0	0.8125	0.8125	0.2932
I60_OG000047	not significant	1.0	1	1.0	1.0	1.0	1.0	1.0	0
I14_OG006086	not significant	0.22439	1	0.5454545454545454	0.5454545454545454	0.0	0.3125	0.3125	0.233
I14_OG001418	not significant	0.9283	1.0	0.9090909090909091	0.9090909090909091	1.0	0.9375	0.9375	-0.0533
I14_OG002545	not significant	0.90684	1.0	0.6363636363636364	0.6363636363636364	1.0	0.5625	0.5625	0.0739
I60_OG000167	not significant	1.0	1	1.0	1.0	1.0	1.0	1.0	0
I14_OG002841	not significant	0.92961	1.0	0.7272727272727273	0.7272727272727273	1.0	0.6875	0.6875	0.0428
I60_OG001447	not significant	0.91822	1.0	0.6818181818181818	0.7272727272727273	1.0	0.625	0.625	0.0597
I60_OG001914	not significant	0.06878	1.0	0.9090909090909091	0.9090909090909091	0.0	0.4375	0.4375	0.4798
I60_OG000310	not significant	0.06003	1	1.0	1.0	1.0	0.6875	0.6875	0.3953
I14_OG001254	not significant	0.73383	0.5	0.5454545454545454	0.6363636363636364	0.0	0.375	0.375	0.1752
I14_OG005245	not significant	0.91635	0	0.2727272727272727	0.2727272727272727	0.0	0.25	0.25	0.0255
I14_OG004117	not significant	0.5047	1.0	0.9090909090909091	0.9090909090909091	1.0	0.71875	0.75	0.2391
I60_OG000073	not significant	0.72413	1	0.7727272727272727	0.8181818181818181	1.0	0.625	0.625	0.1598
I14_OG004525	not significant	0.52771	0.0	0.4090909090909091	0.4545454545454546	0.0	0.1875	0.1875	0.2489
I60_OG003091	not significant	0.59602	0	0.18181818181818182	0.2727272727272727	0.0	0.09375	0.125	0.1484
I14_OG004126	not significant	0.13071	1	1.0	1.0	1.0	0.65625	0.6875	0.4319
I60_OG002100	not significant	0.91358	0	0.22727272727272727	0.2727272727272727	0.0	0.1875	0.1875	0.05
I14_OG001022	not significant	0.95248	1.0	0.8181818181818182	0.8181818181818181	1.0	0.78125	0.8125	0.0464
I20_OG009277	not significant	0.45701	0.0	0.4090909090909091	0.4545454545454546	0.0	0.1875	0.1875	0.2489
I60_OG000131	not significant	1.0	1	1.0	1.0	1.0	1.0	1.0	0
I14_OG002132	not significant	0.62067	1.0	0.9090909090909091	0.9090909090909091	1.0	0.75	0.75	0.2012
I14_OG001360	not significant	0.43199	1	1.0	1.0	1.0	0.8125	0.8125	0.2932
I14_OG005552	not significant	0.8223	1	0.6818181818181818	0.7272727272727273	1.0	0.5625	0.5625	0.1227
I20_OG003441	not significant	0.6003	0	0.3181818181818182	0.36363636363636365	0.0	0.1875	0.1875	0.1541
I20_OG003653	not significant	0.47439	0.5	0.5	0.5454545454545454	1.0	0.6875	0.6875	-0.1928
I20_OG000848	not significant	0.93228	1.0	0.9090909090909091	0.9090909090909091	1.0	0.875	0.875	0.0533
I14_OG004807	not significant	0.91969	0	0.22727272727272727	0.2727272727272727	0.0	0.25	0.25	-0.0268
I20_OG001294	not significant	0.8627	1	0.5909090909090909	0.6363636363636364	0.5	0.5	0.5	0.0913
I60_OG000085	not significant	0.60136	1	1.0	1.0	1.0	0.90625	0.9375	0.2216
I60_OG000048	not significant	0.80807	1	1.0	1.0	1.0	0.9375	0.9375	0.1626
I20_OG002711	not significant	0.97393	0	0.22727272727272727	0.2727272727272727	0.0	0.25	0.25	-0.0268
I14_OG000690	not significant	0.73127	1	0.7272727272727273	0.7272727272727273	1.0	0.5625	0.5625	0.1677
I20_OG001115	not significant	0.8929	0	0.18181818181818182	0.18181818181818177	0.0	0.125	0.125	0.0786
I14_OG002900	not significant	0.62582	1.0	0.7727272727272727	0.8181818181818181	1.0	0.5625	0.5625	0.2208
I14_OG005560	not significant	0.76546	1	0.8181818181818182	0.8181818181818181	1.0	0.6875	0.6875	0.1465
I14_OG000912	not significant	0.92365	0	0.3181818181818182	0.36363636363636365	0.0	0.375	0.375	-0.0597
I14_OG003529	not significant	0.26116	1	0.5454545454545454	0.5454545454545454	0.0	0.21875	0.25	0.3432
I14_OG000896	not significant	0.97907	1	0.8181818181818182	0.8181818181818181	1.0	0.8125	0.8125	0.0072
I20_OG000260	not significant	1.0	1	1.0	1.0	1.0	1.0	1.0	0
I60_OG000830	not significant	0.95093	1	0.9090909090909091	0.9090909090909091	1.0	0.875	0.875	0.0533
I14_OG008761	not significant	0.83918	1.0	0.7272727272727273	0.7272727272727273	1.0	0.8125	0.8125	-0.1007
I60_OG002108	not significant	0.83554	1	0.6818181818181818	0.7272727272727273	1.0	0.59375	0.625	0.0934
I60_OG000052	not significant	0.85945	0.0	0.45454545454545453	0.4545454545454546	0.0	0.4375	0.4375	0.0169
I14_OG002403	not significant	0.68389	1.0	0.9090909090909091	0.9090909090909091	1.0	0.75	0.75	0.2012
I14_OG001607	not significant	0.64273	1.0	0.6363636363636364	0.6363636363636364	0.0	0.4375	0.4375	0.1956
I60_OG001247	not significant	0.51113	1.0	0.5909090909090909	0.6363636363636364	1.0	0.8125	0.8125	-0.2489
I60_OG000143	not significant	0.0292	1	1.0	1.0	1.0	0.75	0.75	0.3458
I14_OG001218	not significant	0.95191	1	0.8181818181818182	0.8181818181818181	1.0	0.78125	0.8125	0.0464
I60_OG003383	not significant	0.94761	0.0	0.4090909090909091	0.4545454545454546	0.0	0.375	0.375	0.035
I14_OG004917	not significant	0.79198	1	0.5909090909090909	0.6363636363636364	0.5	0.5	0.5	0.0913
I20_OG001882	not significant	0.91044	1.0	0.9090909090909091	0.9090909090909091	1.0	0.9375	0.9375	-0.0533
I14_OG002039	not significant	1.0	1	1.0	1.0	1.0	1.0	1.0	0
I20_OG002864	not significant	0.7687	1.0	0.9090909090909091	0.9090909090909091	1.0	0.8125	0.8125	0.1336
I20_OG000435	not significant	0.80758	1	1.0	1.0	1.0	0.96875	1.0	0.1626
I14_OG002101	not significant	0.78659	1.0	0.9090909090909091	0.9090909090909091	1.0	0.8125	0.8125	0.1336
I14_OG001558	not significant	0.97864	1	0.6363636363636364	0.6363636363636364	1.0	0.625	0.625	0.0116
I14_OG000553	not significant	1.0	1	1.0	1.0	1.0	1.0	1.0	0
I14_OG002103	not significant	0.56228	1	1.0	1.0	1.0	0.90625	0.9375	0.2216
I20_OG003900	not significant	0.88849	1	0.6363636363636364	0.7272727272727273	1.0	0.5625	0.5625	0.0769
I14_OG004019	not significant	0.47186	1.0	0.8181818181818182	0.8181818181818181	1.0	0.5625	0.5625	0.2665
I14_OG005536	not significant	0.78448	0	0.36363636363636365	0.36363636363636365	0.0	0.3125	0.3125	0.0533
I14_OG007905	not significant	0.87936	0	0.3181818181818182	0.36363636363636365	0.0	0.375	0.375	-0.0597
I14_OG008214	not significant	0.84461	0	0.3181818181818182	0.36363636363636365	0.0	0.375	0.375	-0.0597
I20_OG000328	present_enriched	0.00468	1	0.9545454545454546	1.0	1.0	0.75	0.75	0.2791
I20_OG005293	not significant	0.02877	0.5	0.5	0.5454545454545454	0.0	0.125	0.125	0.4212
I60_OG002717	not significant	0.61131	1	0.8181818181818182	0.8181818181818181	1.0	0.6875	0.6875	0.1465
I60_OG000083	not significant	1.0	1	1.0	1.0	1.0	1.0	1.0	0
I14_OG005240	not significant	0.99521	0	0.3181818181818182	0.36363636363636365	0.0	0.3125	0.3125	0.0061
I14_OG001078	not significant	0.59351	1	1.0	1.0	1.0	0.875	0.875	0.2345
I14_OG002324	not significant	0.43276	1	1.0	1.0	1.0	0.8125	0.8125	0.2932
I14_OG002350	not significant	0.7919	0	0.3181818181818182	0.36363636363636365	0.0	0.4375	0.4375	-0.1227
I60_OG002549	not significant	0.06242	1	0.5454545454545454	0.5454545454545454	0.0	0.15625	0.1875	0.4209
I14_OG002489	not significant	0.81078	1	0.6818181818181818	0.7272727272727273	1.0	0.5625	0.5625	0.1227
I60_OG000088	not significant	0.63731	1	1.0	1.0	1.0	0.9375	0.9375	0.1626
I14_OG006021	not significant	0.11921	0.0	0.4090909090909091	0.4545454545454546	0.0	0.0625	0.0625	0.4354
I14_OG000407	not significant	0.63607	1	0.9545454545454546	1.0	1.0	0.8125	0.8125	0.2169
I20_OG001028	not significant	0.84746	1.0	0.7272727272727273	0.7272727272727273	1.0	0.625	0.625	0.1066
I14_OG003498	not significant	0.10381	1	0.9545454545454546	1.0	1.0	0.5625	0.5625	0.4404
I20_OG000380	not significant	0.63236	1	0.8181818181818182	0.8181818181818181	1.0	0.625	0.625	0.2079
I20_OG000230	not significant	0.71081	0	0.36363636363636365	0.36363636363636365	0.0	0.3125	0.3125	0.0533
I60_OG000063	not significant	1.0	1	1.0	1.0	1.0	1.0	1.0	0
I14_OG000402	not significant	0.86272	0	0.18181818181818182	0.18181818181818177	0.0	0.125	0.125	0.0786
I14_OG006008	not significant	0.25207	0	0.3181818181818182	0.36363636363636365	0.0	0.0625	0.0625	0.3489
I14_OG000875	not significant	0.1334	1	1.0	1.0	1.0	0.6875	0.6875	0.3953
I14_OG003095	not significant	0.02876	0	0.22727272727272727	0.2727272727272727	0.0	0.0	0.0	0.4084
I14_OG006242	not significant	0.63089	1	0.5909090909090909	0.6363636363636364	0.0	0.375	0.375	0.2168
I14_OG002134	not significant	0.71836	1	1.0	1.0	1.0	0.9375	0.9375	0.1626
I14_OG005124	not significant	0.35161	0	0.45454545454545453	0.4545454545454546	0.0	0.28125	0.3125	0.182
I14_OG000564	not significant	0.8489	1.0	0.8636363636363636	0.9090909090909091	1.0	0.75	0.75	0.1428
I14_OG001128	not significant	0.93179	1	0.9090909090909091	0.9090909090909091	1.0	0.9375	0.9375	-0.0533
I20_OG000398	not significant	0.84964	1.0	0.9090909090909091	0.9090909090909091	1.0	0.8125	0.8125	0.1336
I14_OG004273	not significant	0.86365	0.0	0.45454545454545453	0.4545454545454546	0.5	0.5	0.5	-0.0447
I20_OG001650	not significant	0.42885	1	0.5909090909090909	0.6363636363636364	0.0	0.3125	0.3125	0.282
I20_OG004444	not significant	0.7257	0.0	0.4090909090909091	0.4545454545454546	0.0	0.3125	0.3125	0.1015
I14_OG002946	not significant	0.95442	0.0	0.4090909090909091	0.4545454545454546	0.0	0.4375	0.4375	-0.0288
I20_OG000308	not significant	0.66993	1.0	0.8181818181818182	0.8181818181818181	1.0	0.625	0.625	0.2079
I20_OG001241	not significant	0.49013	1.0	0.8636363636363636	0.9090909090909091	1.0	0.625	0.625	0.268
I14_OG002859	not significant	0.97465	1.0	0.8636363636363636	0.9090909090909091	1.0	0.875	0.875	-0.0174
I20_OG001088	not significant	0.79805	1.0	0.9090909090909091	0.9090909090909091	1.0	0.8125	0.8125	0.1336
I20_OG000334	not significant	0.59216	1	1.0	1.0	1.0	0.875	0.875	0.2345
I14_OG000471	not significant	0.81821	1	0.8181818181818182	0.8181818181818181	1.0	0.6875	0.6875	0.1465
I60_OG000201	not significant	0.91228	0	0.36363636363636365	0.36363636363636365	0.0	0.375	0.375	-0.0116
I20_OG000856	not significant	0.68249	0.5	0.5	0.5454545454545454	0.0	0.3125	0.3125	0.1928
I20_OG001460	not significant	0.94277	0.5	0.5454545454545454	0.6363636363636364	1.0	0.59375	0.625	-0.051
I14_OG003881	not significant	0.88152	1	0.5454545454545454	0.5454545454545454	0.5	0.5	0.5	0.0447
I14_OG006243	not significant	0.34545	1.0	0.7727272727272727	0.8181818181818181	0.5	0.5	0.5	0.2804
I20_OG002405	not significant	0.6884	1	0.5909090909090909	0.6363636363636364	1.0	0.75	0.75	-0.172
I60_OG002020	not significant	0.97489	1.0	0.8636363636363636	0.9090909090909091	1.0	0.875	0.875	-0.0174
I60_OG002288	not significant	0.19568	1	0.9090909090909091	0.9090909090909091	1.0	0.5625	0.5625	0.373
I60_OG000255	not significant	1.0	1	1.0	1.0	1.0	1.0	1.0	0
I20_OG002319	not significant	0.87884	1.0	0.8636363636363636	0.9090909090909091	1.0	0.8125	0.8125	0.0698
I20_OG000236	not significant	1.0	1	1.0	1.0	1.0	1.0	1.0	0
I60_OG001431	not significant	0.71773	1	1.0	1.0	1.0	0.96875	1.0	0.1626
I60_OG000135	not significant	1.0	1	1.0	1.0	1.0	1.0	1.0	0
I14_OG000604	not significant	0.03755	1	1.0	1.0	1.0	0.6875	0.6875	0.3953
I60_OG000150	not significant	0.82691	1	0.7727272727272727	0.8181818181818181	1.0	0.625	0.625	0.1598
I20_OG000590	not significant	0.38938	1	0.5909090909090909	0.6363636363636364	0.0	0.3125	0.3125	0.282
I20_OG000666	not significant	0.52358	1	1.0	1.0	1.0	0.875	0.875	0.2345
I14_OG005831	not significant	0.71179	0	0.3181818181818182	0.36363636363636365	0.0	0.25	0.25	0.0766
I14_OG000429	not significant	0.06654	1	1.0	1.0	1.0	0.8125	0.8125	0.2932
I60_OG000247	not significant	0.90627	1	0.8636363636363636	0.9090909090909091	1.0	0.8125	0.8125	0.0698
I14_OG001879	not significant	1.0	1	1.0	1.0	1.0	1.0	1.0	0
I60_OG004314	not significant	0.89623	0	0.2727272727272727	0.2727272727272727	0.0	0.3125	0.3125	-0.0428
I14_OG003301	not significant	0.91843	0.0	0.4090909090909091	0.4545454545454546	0.0	0.375	0.375	0.035
I14_OG000588	not significant	0.85517	1	0.7272727272727273	0.7272727272727273	1.0	0.625	0.625	0.1066
I14_OG001705	not significant	0.88297	1	0.5454545454545454	0.5454545454545454	1.0	0.625	0.625	-0.0795
I14_OG001040	not significant	0.871	0	0.2727272727272727	0.2727272727272727	0.0	0.1875	0.1875	0.1007
I14_OG006175	not significant	0.02038	1	0.6363636363636364	0.7272727272727273	0.0	0.125	0.125	0.5567
I60_OG000113	not significant	1.0	1	1.0	1.0	1.0	1.0	1.0	0
I14_OG001660	not significant	0.72542	1	1.0	1.0	1.0	0.96875	1.0	0.1626
I14_OG001173	not significant	1.0	1	1.0	1.0	1.0	1.0	1.0	0
I14_OG002978	not significant	0.63208	1	0.8636363636363636	0.9090909090909091	1.0	0.6875	0.6875	0.2078
I14_OG002621	not significant	0.96493	0.5	0.45454545454545453	0.5454545454545454	0.25	0.4375	0.5	0.0183
I60_OG000170	not significant	1.0	1	1.0	1.0	1.0	1.0	1.0	0
I60_OG001248	not significant	0.72108	1	1.0	1.0	1.0	0.9375	0.9375	0.1626
I14_OG001741	not significant	0.78697	1.0	0.9090909090909091	0.9090909090909091	1.0	0.8125	0.8125	0.1336
I14_OG003801	not significant	0.9736	0	0.45454545454545453	0.4545454545454546	0.0	0.4375	0.4375	0.0169
I14_OG002345	not significant	0.10537	0.0	0.4090909090909091	0.4545454545454546	0.0	0.0625	0.0625	0.4354
I60_OG002469	not significant	0.88343	0	0.09090909090909091	0.09090909090909094	0.0	0.125	0.125	-0.0533
I60_OG005203	not significant	0.95697	0	0.2727272727272727	0.2727272727272727	0.0	0.25	0.25	0.0255
I60_OG000634	not significant	0.89924	1	0.8181818181818182	0.8181818181818181	1.0	0.75	0.75	0.0806
I14_OG005163	not significant	0.04713	1	0.7272727272727273	0.7272727272727273	0.0	0.21875	0.25	0.5152
I20_OG000361	not significant	0.55325	1.0	0.6363636363636364	0.6363636363636364	0.0	0.4375	0.4375	0.1956
I20_OG000228	not significant	1.0	1	1.0	1.0	1.0	1.0	1.0	0
I20_OG002829	not significant	0.84366	0.5	0.5454545454545454	0.6363636363636364	0.25	0.46875	0.5	0.08
I14_OG005529	not significant	0.5845	1	0.5909090909090909	0.6363636363636364	0.0	0.4375	0.4375	0.1536
I60_OG000070	not significant	1.0	1	1.0	1.0	1.0	1.0	1.0	0
I20_OG000505	not significant	0.65785	0	0.45454545454545453	0.4545454545454546	0.0	0.25	0.25	0.2132
I20_OG001303	not significant	0.92882	0	0.09090909090909091	0.09090909090909094	0.0	0.125	0.125	-0.0533
I14_OG000513	not significant	0.79807	1	1.0	1.0	1.0	0.9375	0.9375	0.1626
I60_OG000090	not significant	1.0	1	1.0	1.0	1.0	1.0	1.0	0
I20_OG000809	not significant	0.85494	1.0	0.8636363636363636	0.9090909090909091	1.0	0.78125	0.8125	0.1113
I20_OG002704	not significant	0.83331	0.0	0.45454545454545453	0.4545454545454546	1.0	0.5625	0.5625	-0.1062
I14_OG000409	not significant	0.3392	0	0.36363636363636365	0.36363636363636365	0.0	0.1875	0.1875	0.1975
I14_OG000522	not significant	0.84792	1	0.8181818181818182	0.8181818181818181	1.0	0.71875	0.75	0.1173
I14_OG000437	not significant	0.19078	0	0.36363636363636365	0.36363636363636365	0.0	0.125	0.125	0.282
I20_OG004630	not significant	0.65484	1	0.6818181818181818	0.7272727272727273	1.0	0.5625	0.5625	0.1227
I14_OG001903	not significant	0.89851	0.0	0.45454545454545453	0.4545454545454546	0.0	0.375	0.375	0.0795
I14_OG000759	not significant	0.41766	1	1.0	1.0	1.0	0.8125	0.8125	0.2932
I60_OG003380	not significant	0.96768	1	0.7272727272727273	0.8181818181818181	1.0	0.75	0.75	-0.0268
I60_OG000428	not significant	0.75802	1	1.0	1.0	1.0	0.9375	0.9375	0.1626
I60_OG004521	not significant	0.5199	1.0	0.9090909090909091	0.9090909090909091	1.0	0.75	0.75	0.2012
I60_OG001641	not significant	0.8659	0	0.18181818181818182	0.18181818181818177	0.0	0.125	0.125	0.0786
I60_OG000348	not significant	0.27535	1.0	0.9090909090909091	0.9090909090909091	1.0	0.6875	0.6875	0.2619
I20_OG000489	not significant	1.0	1	1.0	1.0	1.0	1.0	1.0	0
I20_OG000895	not significant	1.0	1	1.0	1.0	1.0	1.0	1.0	0
I14_OG003455	not significant	0.33316	1	0.5909090909090909	0.6363636363636364	0.0	0.3125	0.3125	0.282
I20_OG000353	not significant	0.07881	1	1.0	1.0	1.0	0.75	0.75	0.3458
I20_OG001472	not significant	0.92605	1	0.6818181818181818	0.8181818181818181	1.0	0.625	0.625	0.0624
I14_OG000723	not significant	0.92244	1.0	0.6818181818181818	0.7272727272727273	1.0	0.625	0.625	0.0597
I20_OG003031	not significant	0.12279	1.0	0.6818181818181818	0.7272727272727273	0.0	0.25	0.25	0.4374
I14_OG004259	not significant	0.32416	1	0.5909090909090909	0.6363636363636364	0.0	0.28125	0.3125	0.3223
I20_OG000465	not significant	0.97052	1	0.7272727272727273	0.8181818181818181	1.0	0.75	0.75	-0.0268
I20_OG004665	not significant	0.55577	0	0.3181818181818182	0.36363636363636365	0.0	0.4375	0.4375	-0.1227
I14_OG003776	not significant	0.69902	1.0	0.6363636363636364	0.6363636363636364	0.5	0.5	0.5	0.1348
I20_OG001443	not significant	0.72801	1	1.0	1.0	1.0	0.9375	0.9375	0.1626
I14_OG005710	not significant	0.06219	1	0.5454545454545454	0.5454545454545454	0.0	0.1875	0.1875	0.3731
I20_OG003022	not significant	0.46756	1.0	0.5454545454545454	0.5454545454545454	0.0	0.3125	0.3125	0.233
I20_OG000791	not significant	0.76377	1	1.0	1.0	1.0	0.9375	0.9375	0.1626
I60_OG000122	not significant	0.1189	0.5	0.5	0.5454545454545454	0.0	0.21875	0.25	0.3062
I14_OG009422	not significant	0.93267	0	0.09090909090909091	0.18181818181818177	0.0	0.125	0.125	-0.0591
I14_OG005839	not significant	0.32804	0	0.2727272727272727	0.2727272727272727	0.0	0.0625	0.0625	0.2908
I14_OG000523	not significant	0.88234	0	0.2727272727272727	0.2727272727272727	0.0	0.1875	0.1875	0.1007
I14_OG000894	not significant	0.81225	0	0.045454545454545456	0.09090909090909094	0.0	0.125	0.125	-0.1429
I20_OG000810	not significant	0.7985	1	0.6818181818181818	0.7272727272727273	0.75	0.53125	0.5625	0.1567
I20_OG001453	not significant	0.95471	1	0.5909090909090909	0.6363636363636364	1.0	0.5625	0.5625	0.0288
I20_OG000917	not significant	0.75948	1	0.7727272727272727	0.8181818181818181	1.0	0.625	0.625	0.1598
I20_OG003949	not significant	0.48176	1	0.7272727272727273	0.7272727272727273	0.25	0.46875	0.5	0.2619
I14_OG002739	not significant	0.8938	1	0.6818181818181818	0.7272727272727273	1.0	0.625	0.625	0.0597
I60_OG001238	not significant	0.93376	1	0.7272727272727273	0.8181818181818181	1.0	0.6875	0.6875	0.0448
I60_OG000474	not significant	0.95552	1	0.5909090909090909	0.6363636363636364	1.0	0.625	0.625	-0.035
I60_OG001562	not significant	0.89629	1.0	0.7727272727272727	0.8181818181818181	1.0	0.71875	0.75	0.0637
I60_OG000069	not significant	1.0	1	1.0	1.0	1.0	1.0	1.0	0
I14_OG004084	not significant	0.95389	0.0	0.45454545454545453	0.4545454545454546	0.25	0.4375	0.5	0.0175
I14_OG001142	not significant	1.0	0.5	0.5	0.5454545454545454	0.5	0.5	0.5	0.0
I20_OG005541	not significant	0.99628	0	0.3181818181818182	0.36363636363636365	0.0	0.3125	0.3125	0.0061
I14_OG005482	not significant	0.78641	0	0.09090909090909091	0.09090909090909094	0.0	0.0625	0.0625	0.0533
I14_OG004292	not significant	0.66063	0	0.18181818181818182	0.18181818181818177	0.0	0.0625	0.0625	0.1866
I14_OG006371	not significant	0.289	0	0.09090909090909091	0.09090909090909094	0.0	0.25	0.25	-0.2012
I20_OG002568	not significant	0.9186	0.5	0.5	0.5454545454545454	1.0	0.5625	0.5625	-0.0628
I14_OG002814	not significant	0.62669	0.0	0.45454545454545453	0.4545454545454546	0.0	0.25	0.25	0.2132
I14_OG002790	not significant	0.44471	1.0	0.9090909090909091	0.9090909090909091	1.0	0.6875	0.6875	0.2619
I14_OG000514	not significant	0.7131	1	1.0	1.0	1.0	0.9375	0.9375	0.1626
I20_OG003410	not significant	0.90218	1.0	0.5909090909090909	0.6363636363636364	0.75	0.53125	0.5625	0.0613
I60_OG002581	not significant	0.42124	1	0.5909090909090909	0.6363636363636364	0.0	0.3125	0.3125	0.282
I14_OG002454	not significant	0.31564	1.0	0.8181818181818182	0.8181818181818181	0.5	0.5	0.5	0.3237
I20_OG002571	not significant	0.94969	0.0	0.4090909090909091	0.4545454545454546	0.0	0.375	0.375	0.035
I20_OG003379	not significant	0.55536	1	0.6818181818181818	0.7272727272727273	1.0	0.875	0.875	-0.2427
I20_OG003639	not significant	0.95598	0	0.22727272727272727	0.2727272727272727	0.0	0.25	0.25	-0.0268
I20_OG003745	not significant	0.76291	0.5	0.45454545454545453	0.5454545454545454	0.0	0.3125	0.3125	0.1506
I14_OG004046	not significant	0.68205	1	0.6818181818181818	0.7272727272727273	0.5	0.5	0.5	0.1842
I14_OG001829	not significant	0.63247	0	0.36363636363636365	0.36363636363636365	0.0	0.1875	0.1875	0.1975
I20_OG001992	not significant	0.76763	0	0.22727272727272727	0.2727272727272727	0.0	0.125	0.125	0.1396
I14_OG001937	not significant	0.28379	1.0	0.7272727272727273	0.7272727272727273	0.0	0.375	0.375	0.3464
I20_OG001604	not significant	0.82408	0.5	0.5454545454545454	0.6363636363636364	0.0	0.40625	0.4375	0.1455
I14_OG008039	not significant	0.05653	0	0.3181818181818182	0.36363636363636365	0.0	0.0625	0.0625	0.3489
I60_OG003392	not significant	0.20878	1.0	0.7272727272727273	0.7272727272727273	0.0	0.4375	0.4375	0.2865
I60_OG000140	not significant	0.82458	1	1.0	1.0	1.0	0.96875	1.0	0.1626
I60_OG003668	not significant	0.51349	0.0	0.45454545454545453	0.4545454545454546	0.0	0.25	0.3125	0.2227
I60_OG001340	not significant	0.49567	1	0.8181818181818182	0.8181818181818181	1.0	0.59375	0.625	0.2427
I14_OG001315	not significant	0.61564	1	1.0	1.0	1.0	0.90625	0.9375	0.2216
I60_OG001009	not significant	1.0	1	1.0	1.0	1.0	1.0	1.0	0
I60_OG000200	not significant	1.0	1	1.0	1.0	1.0	1.0	1.0	0
I14_OG000873	not significant	0.76038	1	1.0	1.0	1.0	0.9375	0.9375	0.1626
I14_OG000716	not significant	0.47896	1	0.9090909090909091	0.9090909090909091	1.0	0.6875	0.6875	0.2619
I20_OG000429	not significant	0.83098	0	0.045454545454545456	0.09090909090909094	0.0	0.125	0.125	-0.1429
I60_OG000123	not significant	0.82199	1	1.0	1.0	1.0	0.9375	0.9375	0.1626
I14_OG000751	not significant	0.82864	1	0.9090909090909091	0.9090909090909091	1.0	0.8125	0.8125	0.1336
I60_OG003386	not significant	0.69534	0	0.3181818181818182	0.36363636363636365	0.0	0.4375	0.4375	-0.1227
I14_OG002284	not significant	0.51377	1	0.6818181818181818	0.7272727272727273	0.0	0.4375	0.4375	0.2454
I60_OG000086	not significant	0.86521	0.0	0.4090909090909091	0.4545454545454546	0.0	0.4375	0.4375	-0.0288
I14_OG000617	not significant	0.67731	1.0	0.9090909090909091	0.9090909090909091	1.0	0.75	0.75	0.2012
I14_OG004153	not significant	0.56294	0.5	0.5	0.5454545454545454	0.0	0.3125	0.3125	0.1928
I14_OG006058	not significant	0.68531	0	0.22727272727272727	0.2727272727272727	0.0	0.3125	0.3125	-0.0957
I20_OG001105	not significant	0.47952	1	0.8636363636363636	0.9090909090909091	1.0	0.625	0.625	0.268
I14_OG000817	not significant	0.42417	1	1.0	1.0	1.0	0.8125	0.8125	0.2932
I20_OG000456	not significant	0.08562	1	1.0	1.0	1.0	0.6875	0.6875	0.3953
I14_OG001158	not significant	0.75004	1	0.7727272727272727	0.8181818181818181	1.0	0.625	0.625	0.1598
I60_OG000107	not significant	0.93527	0	0.2727272727272727	0.2727272727272727	0.0	0.25	0.25	0.0255
I14_OG001178	not significant	0.65486	1.0	0.7272727272727273	0.7272727272727273	0.75	0.53125	0.5625	0.2015
I20_OG000253	not significant	0.82152	1	1.0	1.0	1.0	0.9375	0.9375	0.1626
I20_OG004388	not significant	0.56535	0	0.13636363636363635	0.18181818181818177	0.0	0.0625	0.0625	0.1327
I14_OG007373	not significant	0.58613	0.0	0.4090909090909091	0.4545454545454546	0.0	0.3125	0.3125	0.1015
I14_OG003208	not significant	0.85818	1	0.7272727272727273	0.7272727272727273	1.0	0.625	0.625	0.1066
I14_OG002261	not significant	0.41538	0	0.36363636363636365	0.36363636363636365	0.0	0.125	0.125	0.282
I14_OG003428	not significant	0.86849	0	0.3181818181818182	0.36363636363636365	0.0	0.375	0.375	-0.0597
I14_OG003266	not significant	0.20074	1	0.6818181818181818	0.8181818181818181	0.0	0.34375	0.375	0.3602
I20_OG004209	not significant	0.63741	0.5	0.5	0.5454545454545454	1.0	0.6875	0.6875	-0.1928
I14_OG002341	not significant	0.63816	1.0	0.9090909090909091	0.9090909090909091	1.0	0.75	0.75	0.2012
I14_OG003615	not significant	0.89373	0.0	0.36363636363636365	0.4545454545454546	0.0	0.4375	0.4375	-0.0769
I14_OG004168	not significant	0.58701	0.0	0.45454545454545453	0.4545454545454546	0.0	0.3125	0.3125	0.1445
I14_OG002181	not significant	0.91301	1	0.9545454545454546	1.0	1.0	0.96875	1.0	-0.0533
I14_OG000415	present_enriched	0.00851	1	0.9545454545454546	1.0	1.0	0.6875	0.6875	0.3355
I20_OG000434	not significant	0.8865	1.0	0.7272727272727273	0.7272727272727273	1.0	0.6875	0.6875	0.0428
I14_OG004157	not significant	0.32495	0	0.09090909090909091	0.09090909090909094	0.0	0.375	0.375	-0.3185
I20_OG003779	not significant	0.71721	0	0.3181818181818182	0.36363636363636365	0.0	0.1875	0.1875	0.1541
I14_OG002272	not significant	0.61262	1	0.8181818181818182	0.8181818181818181	1.0	0.625	0.625	0.2079
I20_OG000558	not significant	0.85341	0	0.22727272727272727	0.2727272727272727	0.0	0.125	0.125	0.1396
I14_OG000760	not significant	0.95128	0.0	0.45454545454545453	0.4545454545454546	0.0	0.40625	0.4375	0.0489
I20_OG000323	not significant	0.72122	1	0.8181818181818182	0.8181818181818181	1.0	0.6875	0.6875	0.1465
I20_OG004505	not significant	0.1009	0	0.18181818181818182	0.18181818181818177	0.0	0.0	0.0	0.3411
I14_OG002268	not significant	0.27699	1	1.0	1.0	1.0	0.75	0.75	0.3458
I14_OG003779	not significant	0.7445	1.0	0.6363636363636364	0.6363636363636364	0.75	0.53125	0.5625	0.1065
I14_OG004735	not significant	0.54387	0	0.22727272727272727	0.2727272727272727	0.0	0.0625	0.0625	0.2516
I60_OG004469	not significant	0.30741	0.5	0.45454545454545453	0.5454545454545454	0.0	0.1875	0.1875	0.301
I60_OG000248	not significant	0.98203	1.0	0.5454545454545454	0.5454545454545454	1.0	0.5625	0.5625	-0.0169
I60_OG004470	not significant	0.26017	0	0.4090909090909091	0.4545454545454546	0.0	0.125	0.125	0.3351
I14_OG002138	not significant	0.74494	1	0.8636363636363636	0.9090909090909091	1.0	0.75	0.75	0.1428
I14_OG000709	not significant	0.40901	1	1.0	1.0	1.0	0.8125	0.8125	0.2932
I14_OG003261	not significant	0.49382	1.0	0.7272727272727273	0.7272727272727273	0.5	0.5	0.5	0.2273
I20_OG002243	not significant	0.88524	0	0.2727272727272727	0.36363636363636365	0.0	0.21875	0.25	0.0674
I20_OG002784	not significant	0.91441	1	0.5909090909090909	0.6363636363636364	0.75	0.53125	0.5625	0.0613
I20_OG004225	not significant	0.58286	0.5	0.5	0.5454545454545454	0.0	0.375	0.375	0.1266
I14_OG006348	not significant	0.75602	0	0.3181818181818182	0.36363636363636365	0.0	0.375	0.375	-0.0597
I20_OG002111	not significant	0.68142	1	0.7272727272727273	0.7272727272727273	1.0	0.5625	0.5625	0.1677
I20_OG000526	not significant	0.98778	1	0.8181818181818182	0.9090909090909091	1.0	0.8125	0.8125	0.0077
I20_OG000249	not significant	0.85697	1.0	0.9090909090909091	0.9090909090909091	1.0	0.8125	0.8125	0.1336
I14_OG005342	not significant	0.7898	0	0.09090909090909091	0.09090909090909094	0.0	0.125	0.125	-0.0533
I14_OG001305	not significant	0.9453	1	0.7272727272727273	0.8181818181818181	1.0	0.6875	0.6875	0.0448
I14_OG007513	not significant	0.72578	0.5	0.5	0.5454545454545454	0.0	0.375	0.375	0.1266
I14_OG008966	not significant	0.70216	1.0	0.6363636363636364	0.6363636363636364	0.5	0.5	0.5	0.1348
I20_OG000769	not significant	0.95004	0.0	0.36363636363636365	0.4545454545454546	0.0	0.40625	0.4375	-0.0457
I14_OG006413	not significant	0.97702	0	0.18181818181818182	0.18181818181818177	0.0	0.1875	0.1875	-0.0072
I20_OG000580	not significant	0.11989	1	0.9545454545454546	1.0	1.0	0.6875	0.6875	0.3355
I14_OG004819	not significant	0.22733	0.0	0.36363636363636365	0.4545454545454546	1.0	0.625	0.625	-0.2671
I14_OG007547	not significant	0.83669	0	0.045454545454545456	0.09090909090909094	0.0	0.0625	0.0625	-0.0403
I60_OG001676	not significant	0.8831	1.0	0.8636363636363636	0.9090909090909091	1.0	0.8125	0.8125	0.0698
I14_OG004948	not significant	0.95007	0.0	0.4090909090909091	0.4545454545454546	0.0	0.375	0.375	0.035
I60_OG000189	not significant	1.0	1	1.0	1.0	1.0	1.0	1.0	0
I20_OG001068	present_enriched	0.00011	1.0	0.6363636363636364	0.6363636363636364	0.0	0.125	0.125	0.533
I60_OG003853	not significant	0.72889	0	0.3181818181818182	0.36363636363636365	0.0	0.4375	0.4375	-0.1227
I60_OG000148	not significant	0.29438	1	1.0	1.0	1.0	0.8125	0.8125	0.2932
I14_OG005867	not significant	0.94006	0.0	0.4090909090909091	0.4545454545454546	0.0	0.4375	0.4375	-0.0288
I14_OG000688	not significant	0.94748	1	0.6363636363636364	0.6363636363636364	1.0	0.6875	0.6875	-0.0533
I60_OG000093	not significant	0.83171	1	1.0	1.0	1.0	0.9375	0.9375	0.1626
I14_OG000500	not significant	1.0	1	1.0	1.0	1.0	1.0	1.0	0
I60_OG000101	not significant	0.84828	0	0.09090909090909091	0.09090909090909094	0.0	0.03125	0.0625	0.141
I14_OG000774	not significant	0.50096	1	0.9090909090909091	0.9090909090909091	1.0	0.6875	0.6875	0.2619
I14_OG000479	not significant	0.43192	1	0.8181818181818182	0.9090909090909091	1.0	0.5625	0.5625	0.2784
I20_OG001057	not significant	0.87324	1.0	0.7727272727272727	0.8181818181818181	1.0	0.6875	0.6875	0.0957
I20_OG002999	not significant	0.76007	0	0.3181818181818182	0.36363636363636365	0.0	0.1875	0.1875	0.1541
I20_OG001741	not significant	0.82643	0	0.3181818181818182	0.36363636363636365	0.0	0.4375	0.4375	-0.1227
I14_OG001496	not significant	0.85224	0	0.2727272727272727	0.2727272727272727	0.0	0.1875	0.1875	0.1007
I20_OG006223	not significant	0.34858	0	0.3181818181818182	0.36363636363636365	0.5	0.5	0.5	-0.1842
I20_OG003283	not significant	0.22627	1.0	0.7272727272727273	0.7272727272727273	0.0	0.375	0.375	0.3464
I20_OG000479	not significant	0.84381	1	0.8181818181818182	0.8181818181818181	1.0	0.71875	0.75	0.1173
I14_OG003087	not significant	0.62148	1.0	0.9090909090909091	0.9090909090909091	1.0	0.75	0.75	0.2012
I14_OG003773	not significant	0.86081	0.5	0.45454545454545453	0.5454545454545454	0.0	0.375	0.375	0.0828
I14_OG002256	not significant	0.82468	1	0.5909090909090909	0.6363636363636364	1.0	0.6875	0.6875	-0.1015
I60_OG001064	not significant	0.84463	1	0.5454545454545454	0.5454545454545454	0.0	0.40625	0.4375	0.1398
I14_OG001124	present_enriched	0.00982	1	0.8181818181818182	0.8181818181818181	0.0	0.34375	0.375	0.4765
I20_OG003210	not significant	0.98408	1	0.6363636363636364	0.6363636363636364	1.0	0.625	0.625	0.0116
I20_OG001237	not significant	0.58504	1	1.0	1.0	1.0	0.875	0.875	0.2345
I20_OG001640	not significant	0.95031	1.0	0.9090909090909091	0.9090909090909091	1.0	0.9375	0.9375	-0.0533
I60_OG000134	not significant	0.85183	1.0	0.9090909090909091	0.9090909090909091	1.0	0.8125	0.8125	0.1336
I14_OG006751	not significant	0.91163	0	0.36363636363636365	0.36363636363636365	0.0	0.3125	0.3125	0.0533
I14_OG005216	not significant	0.48448	0.5	0.5	0.5454545454545454	0.0	0.28125	0.3125	0.232
I20_OG000702	not significant	0.98113	0	0.13636363636363635	0.18181818181818177	0.0	0.125	0.125	0.0174
I14_OG001961	not significant	0.01215	1.0	0.7272727272727273	0.7272727272727273	0.0	0.25	0.25	0.4719
I20_OG000343	not significant	1.0	1	1.0	1.0	1.0	1.0	1.0	0
I14_OG007133	not significant	0.97165	0	0.13636363636363635	0.18181818181818177	0.0	0.125	0.125	0.0174
I20_OG002478	not significant	0.60067	1	0.9090909090909091	0.9090909090909091	1.0	0.75	0.75	0.2012
I60_OG000087	not significant	0.46312	1	1.0	1.0	1.0	0.875	0.875	0.2345
I60_OG003959	not significant	0.10576	0.0	0.45454545454545453	0.4545454545454546	0.0	0.125	0.125	0.3695
I60_OG001724	not significant	0.97914	1.0	0.6363636363636364	0.6363636363636364	1.0	0.625	0.625	0.0116
I14_OG001678	not significant	0.76862	1.0	0.9090909090909091	0.9090909090909091	1.0	0.96875	1.0	-0.141
I60_OG000565	not significant	0.45251	1	0.7727272727272727	0.8181818181818181	0.5	0.5	0.5	0.2804
I20_OG003801	not significant	0.92663	0	0.22727272727272727	0.2727272727272727	0.0	0.25	0.25	-0.0268
I14_OG003427	not significant	0.9814	0	0.36363636363636365	0.36363636363636365	0.0	0.375	0.375	-0.0116
I14_OG002573	not significant	0.27658	1.0	0.7272727272727273	0.7272727272727273	0.0	0.375	0.375	0.3464
I60_OG000390	not significant	0.59652	1	1.0	1.0	1.0	0.875	0.875	0.2345
I60_OG002999	not significant	0.7264	0.5	0.5	0.5454545454545454	1.0	0.625	0.625	-0.1266
I14_OG004750	not significant	0.22946	0.5	0.5	0.5454545454545454	0.0	0.25	0.25	0.2626
I60_OG003381	not significant	0.4173	1.0	0.9090909090909091	0.9090909090909091	1.0	0.65625	0.6875	0.2982
I20_OG001410	not significant	1.0	1	1.0	1.0	1.0	1.0	1.0	0
I14_OG001289	not significant	0.9042	1.0	0.6363636363636364	0.6363636363636364	1.0	0.5625	0.5625	0.0739
I14_OG000443	not significant	1.0	1	1.0	1.0	1.0	1.0	1.0	0
I20_OG005080	not significant	0.60217	1	0.5909090909090909	0.6363636363636364	1.0	0.75	0.75	-0.172
I14_OG002379	not significant	0.68765	1.0	0.7272727272727273	0.8181818181818181	1.0	0.5625	0.5625	0.1747
I14_OG003945	not significant	0.13273	1.0	0.9090909090909091	0.9090909090909091	0.5	0.5	0.5	0.4264
I20_OG002341	not significant	0.31427	1.0	0.8181818181818182	0.8181818181818181	0.5	0.5	0.5	0.3237
I14_OG005553	not significant	0.65156	0	0.22727272727272727	0.2727272727272727	0.0	0.3125	0.3125	-0.0957
I14_OG001682	not significant	0.94279	0	0.22727272727272727	0.2727272727272727	0.0	0.21875	0.25	0.0107
I20_OG004296	not significant	0.72545	0	0.18181818181818182	0.18181818181818177	0.0	0.0625	0.0625	0.1866
I14_OG006192	not significant	0.03667	0	0.2727272727272727	0.2727272727272727	0.0	0.0	0.0	0.4264
I14_OG002330	not significant	0.97543	0	0.13636363636363635	0.18181818181818177	0.0	0.125	0.125	0.0174
I14_OG002678	not significant	0.54059	0.0	0.45454545454545453	0.4545454545454546	0.0	0.21875	0.25	0.255
I14_OG005068	not significant	0.31591	0	0.3181818181818182	0.36363636363636365	0.0	0.15625	0.1875	0.2025
I14_OG000656	not significant	1.0	1	1.0	1.0	1.0	1.0	1.0	0
I14_OG002320	not significant	0.99389	1	0.8181818181818182	0.8181818181818181	1.0	0.8125	0.8125	0.0072
I20_OG000376	not significant	0.51311	1	0.9090909090909091	0.9090909090909091	1.0	0.875	0.875	0.0533
I14_OG006078	not significant	0.87595	1	0.6363636363636364	0.6363636363636364	1.0	0.5625	0.5625	0.0739
I14_OG001877	not significant	0.97274	0	0.22727272727272727	0.2727272727272727	0.0	0.25	0.25	-0.0268
I14_OG001556	not significant	0.94851	0.0	0.4090909090909091	0.4545454545454546	0.0	0.375	0.375	0.035
I20_OG002314	not significant	0.6762	0	0.09090909090909091	0.18181818181818177	0.0	0.25	0.25	-0.2149
I14_OG001058	not significant	0.98993	1	0.8181818181818182	0.8181818181818181	1.0	0.8125	0.8125	0.0072
I14_OG002463	not significant	0.61887	1.0	0.9090909090909091	0.9090909090909091	1.0	0.75	0.75	0.2012
I14_OG004892	not significant	0.77765	0.5	0.5	0.5454545454545454	0.0	0.4375	0.4375	0.0628
I14_OG001389	not significant	1.0	0.5	0.5	0.5454545454545454	0.5	0.5	0.5	0.0
I60_OG003526	not significant	0.67383	1	0.8181818181818182	0.8181818181818181	1.0	0.625	0.625	0.2079
I60_OG000546	not significant	0.95098	1	0.7272727272727273	0.7272727272727273	1.0	0.6875	0.6875	0.0428
I14_OG004072	not significant	0.63071	0.5	0.5	0.5454545454545454	1.0	0.625	0.625	-0.1266
I14_OG002426	not significant	0.56996	1.0	0.7272727272727273	0.7272727272727273	0.5	0.5	0.5	0.2273
I20_OG005298	not significant	0.08776	0	0.3181818181818182	0.36363636363636365	0.0	0.0625	0.0625	0.3489
I14_OG005474	not significant	0.65995	1.0	0.7272727272727273	0.7272727272727273	1.0	0.5625	0.5625	0.1677
I20_OG000241	not significant	0.74978	1	1.0	1.0	1.0	0.9375	0.9375	0.1626
I20_OG001625	not significant	1.0	1	1.0	1.0	1.0	1.0	1.0	0
I60_OG000375	not significant	0.72658	1	0.6818181818181818	0.7272727272727273	0.5	0.5	0.5	0.1842
I14_OG002084	not significant	0.85183	1	0.5909090909090909	0.6363636363636364	0.5	0.5	0.5	0.0913
I60_OG002135	not significant	0.86381	0.0	0.4090909090909091	0.4545454545454546	0.0	0.3125	0.3125	0.1015
I20_OG003417	not significant	0.26193	1.0	0.7272727272727273	0.7272727272727273	0.0	0.375	0.375	0.3464
I20_OG000375	not significant	0.7187	1.0	0.7272727272727273	0.7272727272727273	1.0	0.5625	0.5625	0.1677
I14_OG000602	not significant	0.21927	1	0.8181818181818182	0.8181818181818181	1.0	0.5625	0.5625	0.2665
I14_OG002183	not significant	0.39171	1	1.0	1.0	1.0	0.8125	0.8125	0.2932
I20_OG000460	not significant	1.0	1	1.0	1.0	1.0	1.0	1.0	0
I14_OG004312	not significant	0.89453	0	0.2727272727272727	0.36363636363636365	0.0	0.21875	0.25	0.0674
I20_OG001735	not significant	1.0	1	1.0	1.0	1.0	1.0	1.0	0
I14_OG000672	not significant	0.78276	1	1.0	1.0	1.0	0.96875	1.0	0.1626
I14_OG004665	not significant	0.17694	0	0.2727272727272727	0.2727272727272727	0.0	0.0625	0.0625	0.2908
I20_OG000747	not significant	0.2453	1	0.7272727272727273	0.7272727272727273	0.0	0.375	0.375	0.3464
I20_OG000285	not significant	1.0	1	1.0	1.0	1.0	1.0	1.0	0
I20_OG005554	not significant	0.92139	0	0.2727272727272727	0.2727272727272727	0.0	0.25	0.25	0.0255
I14_OG001486	not significant	0.32106	0.0	0.45454545454545453	0.4545454545454546	0.0	0.15625	0.1875	0.3351
I20_OG000418	not significant	0.8118	1	1.0	1.0	1.0	0.9375	0.9375	0.1626
I20_OG002948	not significant	0.11631	1	0.6818181818181818	0.7272727272727273	0.0	0.25	0.25	0.4374
I14_OG007413	not significant	0.59958	0.0	0.4090909090909091	0.4545454545454546	0.0	0.3125	0.375	0.1061
I14_OG002005	not significant	0.86345	1	0.8181818181818182	0.8181818181818181	1.0	0.75	0.75	0.0806
I14_OG001900	not significant	1.0	1	1.0	1.0	1.0	1.0	1.0	0
I60_OG004887	not significant	0.11284	0.0	0.4090909090909091	0.4545454545454546	0.0	0.0625	0.0625	0.4354
I60_OG002124	not significant	0.35515	0.0	0.4090909090909091	0.4545454545454546	0.0	0.1875	0.1875	0.2489
I20_OG001616	not significant	1.0	1	1.0	1.0	1.0	1.0	1.0	0
I20_OG000486	not significant	1.0	1	1.0	1.0	1.0	1.0	1.0	0
I14_OG005397	not significant	0.2646	0	0.045454545454545456	0.09090909090909094	0.0	0.1875	0.1875	-0.2169
I20_OG000631	not significant	0.92327	0.5	0.5	0.5454545454545454	1.0	0.5625	0.5625	-0.0628
I14_OG003530	not significant	0.70638	1	0.6818181818181818	0.7272727272727273	1.0	0.5625	0.5625	0.1227
I20_OG001178	not significant	1.0	1	1.0	1.0	1.0	1.0	1.0	0
I14_OG000965	not significant	0.60875	1	0.9090909090909091	0.9090909090909091	1.0	0.875	0.875	0.0533
I14_OG005147	not significant	0.91533	0	0.2727272727272727	0.2727272727272727	0.0	0.21875	0.25	0.0637
I14_OG002360	not significant	0.66504	0	0.18181818181818182	0.18181818181818177	0.0	0.0625	0.0625	0.1866
I14_OG004720	not significant	0.6377	1	0.9090909090909091	0.9090909090909091	1.0	0.75	0.75	0.2012
I20_OG000625	present_enriched	0.00089	1.0	0.6363636363636364	0.6363636363636364	0.0	0.3125	0.3125	0.3202
I14_OG006070	not significant	0.81037	0	0.09090909090909091	0.09090909090909094	0.0	0.125	0.125	-0.0533
I14_OG000673	not significant	0.6764	1.0	0.8181818181818182	0.8181818181818181	1.0	0.625	0.625	0.2079
I60_OG000160	not significant	0.39802	1.0	0.8181818181818182	0.8181818181818181	1.0	0.59375	0.625	0.2427
I14_OG004338	not significant	0.8421	0	0.2727272727272727	0.36363636363636365	0.0	0.34375	0.375	-0.0805
I60_OG003293	not significant	0.83676	0	0.09090909090909091	0.18181818181818177	0.0	0.125	0.125	-0.0591
I20_OG005746	not significant	0.21058	1	0.6818181818181818	0.7272727272727273	0.0	0.375	0.375	0.3073
I14_OG002143	not significant	0.96562	0	0.2727272727272727	0.2727272727272727	0.0	0.25	0.25	0.0255
I14_OG002429	not significant	0.73671	1	1.0	1.0	1.0	0.96875	1.0	0.1626
I20_OG000682	not significant	0.28636	1	1.0	1.0	1.0	0.875	0.875	0.2345
I20_OG000817	not significant	0.13991	1	1.0	1.0	1.0	0.6875	0.6875	0.3953
I14_OG004947	not significant	0.73285	1.0	0.6363636363636364	0.6363636363636364	0.5	0.5	0.5	0.1348
I14_OG003320	not significant	0.52329	0	0.3181818181818182	0.36363636363636365	0.0	0.125	0.125	0.2427
I14_OG003279	not significant	0.36308	0	0.2727272727272727	0.2727272727272727	0.0	0.0625	0.0625	0.2908
I14_OG010059	not significant	0.51005	0	0.22727272727272727	0.2727272727272727	0.0	0.375	0.375	-0.1598
I60_OG000519	not significant	0.76399	0	0.18181818181818182	0.2727272727272727	0.0	0.3125	0.375	-0.1631
I20_OG000650	not significant	0.1461	1	1.0	1.0	1.0	0.78125	0.8125	0.334
I20_OG003725	not significant	0.0642	1.0	0.6818181818181818	0.7272727272727273	0.0	0.25	0.25	0.4374
I20_OG004520	not significant	0.84512	0	0.2727272727272727	0.2727272727272727	0.0	0.3125	0.375	-0.0448
I14_OG002469	not significant	0.89073	0.5	0.5	0.5454545454545454	0.0	0.4375	0.4375	0.0628
I60_OG000112	not significant	0.85602	0	0.2727272727272727	0.2727272727272727	0.0	0.375	0.375	-0.1066
I14_OG004912	not significant	0.67267	1.0	0.9090909090909091	0.9090909090909091	1.0	0.75	0.75	0.2012
I14_OG004185	not significant	0.31755	1	0.8636363636363636	0.9090909090909091	1.0	0.5625	0.5625	0.3257
I14_OG002523	not significant	0.87731	1	0.8636363636363636	0.9090909090909091	1.0	0.8125	0.8125	0.0698
I14_OG004024	not significant	0.99387	1	0.6818181818181818	0.7272727272727273	1.0	0.6875	0.6875	-0.0061
I14_OG004749	not significant	0.97425	1.0	0.7272727272727273	0.7272727272727273	1.0	0.75	0.75	-0.0255
I20_OG000274	not significant	0.82735	1	1.0	1.0	1.0	0.9375	0.9375	0.1626
I14_OG006980	not significant	0.92223	0.0	0.4090909090909091	0.4545454545454546	0.0	0.375	0.375	0.035
I14_OG002666	not significant	0.40347	1	1.0	1.0	1.0	0.84375	0.875	0.2808
I14_OG001667	not significant	0.19535	0.5	0.5	0.5454545454545454	0.0	0.15625	0.1875	0.3875
I14_OG000744	not significant	0.90056	0.0	0.4090909090909091	0.4545454545454546	0.5	0.5	0.5	-0.0913
I20_OG000316	not significant	0.30983	1	1.0	1.0	1.0	0.875	0.875	0.2345
I20_OG002289	not significant	0.7488	1	0.5909090909090909	0.6363636363636364	0.0	0.4375	0.4375	0.1536
I20_OG001636	not significant	0.3392	1	0.9090909090909091	0.9090909090909091	1.0	0.625	0.625	0.3185
I14_OG005897	not significant	0.94514	0	0.36363636363636365	0.36363636363636365	0.0	0.40625	0.4375	-0.0438
I20_OG003730	not significant	0.8598	0.5	0.45454545454545453	0.5454545454545454	0.0	0.375	0.375	0.0828
I14_OG003143	not significant	0.17501	1	0.8181818181818182	0.8181818181818181	0.0	0.4375	0.4375	0.3807
I14_OG002742	not significant	0.28	1	1.0	1.0	1.0	0.75	0.75	0.3458
I60_OG000210	not significant	0.26606	1	1.0	1.0	1.0	0.8125	0.8125	0.2932
I60_OG002965	not significant	0.54565	0	0.22727272727272727	0.2727272727272727	0.0	0.375	0.375	-0.1598
I14_OG002213	not significant	0.94419	0.0	0.4090909090909091	0.4545454545454546	0.0	0.375	0.375	0.035
I20_OG000234	not significant	1.0	1	1.0	1.0	1.0	1.0	1.0	0
I14_OG002954	not significant	0.061	1	0.6818181818181818	0.7272727272727273	0.0	0.25	0.25	0.4374
I14_OG001228	not significant	0.48937	1	0.8181818181818182	0.8181818181818181	1.0	0.5625	0.5625	0.2665
I20_OG005545	not significant	0.91385	0	0.22727272727272727	0.2727272727272727	0.0	0.25	0.25	-0.0268
I20_OG000478	not significant	0.29983	1.0	0.7272727272727273	0.7272727272727273	0.0	0.4375	0.4375	0.2865
I60_OG000111	present_enriched	4e-05	1.0	0.8636363636363636	0.9090909090909091	0.0	0.375	0.375	0.495
I14_OG002587	not significant	0.59511	1	0.5909090909090909	0.6363636363636364	0.0	0.375	0.375	0.2168
I14_OG003762	not significant	0.29493	0	0.36363636363636365	0.36363636363636365	0.0	0.125	0.125	0.282
I20_OG000271	not significant	0.12245	1	0.9090909090909091	0.9090909090909091	1.0	0.625	0.625	0.3185
I60_OG000110	not significant	0.95335	0.5	0.5	0.5454545454545454	0.25	0.46875	0.5	0.0319
I60_OG000211	not significant	0.85839	1	0.7272727272727273	0.7272727272727273	1.0	0.625	0.625	0.1066
I60_OG006547	not significant	0.87502	0	0.36363636363636365	0.36363636363636365	0.0	0.4375	0.4375	-0.0739
I60_OG003945	not significant	0.86359	0.0	0.4090909090909091	0.4545454545454546	0.0	0.375	0.375	0.035
I60_OG000179	not significant	0.82907	1	1.0	1.0	1.0	0.9375	0.9375	0.1626
I20_OG001674	not significant	0.51691	1.0	0.6818181818181818	0.7272727272727273	0.0	0.4375	0.4375	0.2454
I20_OG000605	not significant	0.67341	1	0.8181818181818182	0.8181818181818181	1.0	0.625	0.625	0.2079
I20_OG000240	not significant	0.42946	1	1.0	1.0	1.0	0.875	0.875	0.2345
I60_OG000180	not significant	0.9372	0	0.22727272727272727	0.2727272727272727	0.0	0.1875	0.1875	0.05
I20_OG001745	not significant	0.75191	0	0.3181818181818182	0.36363636363636365	0.0	0.1875	0.1875	0.1541
I20_OG000703	not significant	0.97779	0	0.3181818181818182	0.36363636363636365	0.0	0.3125	0.3125	0.0061
I14_OG003089	not significant	0.7379	0	0.22727272727272727	0.2727272727272727	0.0	0.125	0.125	0.1396
I14_OG000885	not significant	0.81504	0.0	0.4090909090909091	0.4545454545454546	0.0	0.28125	0.3125	0.1392
I14_OG001863	not significant	0.33424	1.0	0.6363636363636364	0.6363636363636364	0.0	0.3125	0.3125	0.3202
I14_OG000955	not significant	0.85743	1.0	0.9090909090909091	0.9090909090909091	1.0	0.8125	0.8125	0.1336
I14_OG001671	not significant	0.20623	1	0.8181818181818182	0.8181818181818181	0.0	0.4375	0.4375	0.3807
I14_OG007941	not significant	0.21288	0	0.3181818181818182	0.36363636363636365	0.0	0.125	0.125	0.2427
I14_OG001098	not significant	0.58822	1	1.0	1.0	1.0	0.875	0.875	0.2345
I14_OG004031	not significant	0.52581	1.0	0.6818181818181818	0.7272727272727273	0.5	0.5	0.5	0.1842
I14_OG001911	not significant	0.85453	1	0.7272727272727273	0.7272727272727273	1.0	0.625	0.625	0.1066
I14_OG002184	not significant	0.76507	1.0	0.9090909090909091	0.9090909090909091	1.0	0.8125	0.8125	0.1336
I20_OG000536	present_enriched	0.00074	1	0.9545454545454546	1.0	1.0	0.625	0.625	0.3887
I20_OG002815	not significant	0.4653	1.0	0.8181818181818182	0.8181818181818181	1.0	0.59375	0.625	0.2427
I20_OG000442	not significant	0.4979	1.0	0.9090909090909091	0.9090909090909091	1.0	0.6875	0.6875	0.2619
I20_OG000248	not significant	1.0	1	1.0	1.0	1.0	1.0	1.0	0
I14_OG002771	not significant	0.26586	1	1.0	1.0	1.0	0.75	0.75	0.3458
I14_OG001445	not significant	0.7081	0	0.18181818181818182	0.18181818181818177	0.0	0.0625	0.0625	0.1866
I20_OG001033	present_enriched	0.00408	1	1.0	1.0	1.0	0.5625	0.5625	0.4905
I20_OG000949	not significant	0.5874	1.0	0.9090909090909091	0.9090909090909091	1.0	0.71875	0.75	0.2391
I20_OG000235	not significant	1.0	1	1.0	1.0	1.0	1.0	1.0	0
I14_OG001204	not significant	0.78183	1	1.0	1.0	1.0	0.9375	0.9375	0.1626
I20_OG000229	not significant	0.31768	1.0	0.9090909090909091	0.9090909090909091	1.0	0.6875	0.6875	0.2619
I14_OG000383	not significant	0.04175	1	0.7727272727272727	0.8181818181818181	0.0	0.40625	0.4375	0.3768
I14_OG000385	not significant	0.89989	1	0.6363636363636364	0.6363636363636364	1.0	0.5625	0.5625	0.0739
I14_OG000386	not significant	0.62353	1.0	0.9090909090909091	0.9090909090909091	1.0	0.75	0.75	0.2012
I14_OG000389	not significant	0.81703	1	0.6818181818181818	0.7272727272727273	1.0	0.5625	0.5625	0.1227
I14_OG000390	not significant	0.58609	1	1.0	1.0	1.0	0.90625	0.9375	0.2216
I14_OG000394	not significant	0.69928	0	0.18181818181818182	0.18181818181818177	0.0	0.0625	0.0625	0.1866
I14_OG000395	not significant	0.1815	1	1.0	1.0	1.0	0.8125	0.8125	0.2932
I14_OG000396	not significant	0.01257	1	1.0	1.0	1.0	0.6875	0.6875	0.3953
I14_OG000397	not significant	1.0	1	1.0	1.0	1.0	1.0	1.0	0
I14_OG000398	not significant	1.0	1	1.0	1.0	1.0	1.0	1.0	0
I14_OG000399	not significant	0.85358	0	0.13636363636363635	0.18181818181818177	0.0	0.0625	0.0625	0.1327
I14_OG000400	not significant	1.0	1	1.0	1.0	1.0	1.0	1.0	0
I14_OG000403	not significant	0.82074	1	1.0	1.0	1.0	0.9375	0.9375	0.1626
I14_OG000404	not significant	0.34646	1	1.0	1.0	1.0	0.875	0.875	0.2345
I14_OG000406	not significant	0.68486	0.0	0.45454545454545453	0.4545454545454546	0.0	0.28125	0.3125	0.182
I14_OG000408	not significant	0.65663	1	0.9090909090909091	0.9090909090909091	1.0	0.75	0.75	0.2012
I14_OG000410	not significant	0.82795	1	1.0	1.0	1.0	0.96875	1.0	0.1626
I14_OG000417	not significant	0.94312	0	0.13636363636363635	0.18181818181818177	0.0	0.125	0.125	0.0174
I14_OG000421	not significant	0.43657	1	1.0	1.0	1.0	0.875	0.875	0.2345
I14_OG000422	not significant	0.19529	1	1.0	1.0	1.0	0.8125	0.8125	0.2932
I14_OG000427	not significant	0.81732	1	1.0	1.0	1.0	0.9375	0.9375	0.1626
I14_OG000432	not significant	1.0	1	1.0	1.0	1.0	1.0	1.0	0
I14_OG000435	present_enriched	0.00222	1	0.8181818181818182	0.8181818181818181	0.0	0.4375	0.4375	0.3807
I14_OG000438	not significant	1.0	1	1.0	1.0	1.0	1.0	1.0	0
I14_OG000440	not significant	0.82735	0	0.3181818181818182	0.36363636363636365	0.0	0.1875	0.1875	0.1541
I14_OG000444	not significant	0.85802	1	0.7272727272727273	0.8181818181818181	1.0	0.625	0.625	0.1113
I14_OG000445	not significant	0.1222	1	0.8181818181818182	0.9090909090909091	0.5	0.5	0.5	0.3374
I14_OG000446	not significant	0.89624	0	0.3181818181818182	0.36363636363636365	0.0	0.375	0.375	-0.0597
I14_OG000448	not significant	1.0	1	1.0	1.0	1.0	1.0	1.0	0
I14_OG000451	present_enriched	3e-05	1.0	0.5909090909090909	0.6363636363636364	0.0	0.15625	0.1875	0.4732
I14_OG000452	not significant	1.0	1	1.0	1.0	1.0	1.0	1.0	0
I14_OG000453	not significant	0.31095	1	1.0	1.0	1.0	0.8125	0.8125	0.2932
I14_OG000456	present_enriched	0.00705	1	1.0	1.0	1.0	0.875	0.875	0.2345
I14_OG000457	not significant	1.0	1	1.0	1.0	1.0	1.0	1.0	0
I14_OG000458	not significant	0.92017	1	0.6363636363636364	0.7272727272727273	1.0	0.6875	0.6875	-0.0557
I14_OG000460	not significant	0.88916	0	0.2727272727272727	0.2727272727272727	0.0	0.1875	0.1875	0.1007
I14_OG000463	not significant	0.8083	1	0.5909090909090909	0.6363636363636364	0.0	0.4375	0.4375	0.1536
I14_OG000464	not significant	0.21667	1	0.9090909090909091	0.9090909090909091	1.0	0.625	0.625	0.3185
I14_OG000465	not significant	0.87645	0.0	0.4090909090909091	0.4545454545454546	0.0	0.3125	0.3125	0.1015
I14_OG000466	not significant	0.47167	0.0	0.4090909090909091	0.4545454545454546	0.0	0.1875	0.1875	0.2489
I14_OG000467	not significant	0.84956	1	0.9090909090909091	0.9090909090909091	1.0	0.8125	0.8125	0.1336
I14_OG000469	not significant	1.0	1	1.0	1.0	1.0	1.0	1.0	0
I14_OG000470	not significant	0.82538	0.0	0.45454545454545453	0.4545454545454546	0.0	0.3125	0.3125	0.1445
I14_OG000472	not significant	0.58129	1	1.0	1.0	1.0	0.875	0.875	0.2345
I14_OG000473	not significant	0.90209	1.0	0.8181818181818182	0.8181818181818181	1.0	0.75	0.75	0.0806
I14_OG000474	not significant	0.89872	1.0	0.5909090909090909	0.6363636363636364	0.5	0.5	0.5	0.0913
I14_OG000478	not significant	0.87285	1	0.6818181818181818	0.7272727272727273	1.0	0.625	0.625	0.0597
I14_OG000480	not significant	0.53405	1	1.0	1.0	1.0	0.875	0.875	0.2345
I14_OG000482	not significant	0.41751	0	0.3181818181818182	0.36363636363636365	0.0	0.125	0.125	0.2427
I14_OG000483	not significant	0.55706	1	1.0	1.0	1.0	0.875	0.875	0.2345
I14_OG000484	not significant	0.05464	1	1.0	1.0	1.0	0.75	0.75	0.3458
I14_OG000487	not significant	0.85874	1	0.8181818181818182	0.8181818181818181	1.0	0.8125	0.8125	0.0072
I14_OG000489	not significant	0.04237	1	1.0	1.0	1.0	0.6875	0.6875	0.3953
I14_OG000490	not significant	1.0	1	1.0	1.0	1.0	1.0	1.0	0
I14_OG000492	not significant	0.7003	0	0.18181818181818182	0.18181818181818177	0.0	0.0625	0.0625	0.1866
I14_OG000493	not significant	0.82368	1	1.0	1.0	1.0	0.9375	0.9375	0.1626
I14_OG000494	not significant	0.0856	1	1.0	1.0	1.0	0.75	0.75	0.3458
I14_OG000498	not significant	0.79694	1	1.0	1.0	1.0	0.9375	0.9375	0.1626
I14_OG000499	not significant	0.13843	1	1.0	1.0	1.0	0.78125	0.8125	0.334
I14_OG000502	not significant	0.83001	0.0	0.45454545454545453	0.4545454545454546	0.0	0.3125	0.3125	0.1445
I14_OG000505	not significant	0.8987	0	0.3181818181818182	0.36363636363636365	0.0	0.25	0.25	0.0766
I14_OG000507	not significant	1.0	1	1.0	1.0	1.0	1.0	1.0	0
I14_OG000508	present_enriched	0.00196	1.0	0.8181818181818182	0.8181818181818181	0.0	0.4375	0.4375	0.3807
I14_OG000511	not significant	0.80543	1	1.0	1.0	1.0	0.9375	0.9375	0.1626
I14_OG000515	not significant	1.0	1	1.0	1.0	1.0	1.0	1.0	0
I14_OG000516	not significant	0.81424	1	1.0	1.0	1.0	0.9375	0.9375	0.1626
I14_OG000517	not significant	0.79772	1	1.0	1.0	1.0	0.9375	0.9375	0.1626
I14_OG000521	not significant	0.8085	1	1.0	1.0	1.0	0.96875	1.0	0.1626
I14_OG000524	not significant	0.44056	1.0	0.8181818181818182	0.8181818181818181	1.0	0.5625	0.5625	0.2665
I14_OG000526	present_enriched	0.00717	1	1.0	1.0	1.0	0.625	0.625	0.4432
I14_OG000530	not significant	1.0	1	1.0	1.0	1.0	1.0	1.0	0
I14_OG000531	not significant	0.55173	1	1.0	1.0	1.0	0.875	0.875	0.2345
I14_OG000533	not significant	0.11528	1	1.0	1.0	1.0	0.75	0.75	0.3458
I14_OG000536	not significant	0.35336	1.0	0.7727272727272727	0.8181818181818181	0.5	0.5	0.5	0.2804
I14_OG000542	not significant	0.28484	1	1.0	1.0	1.0	0.8125	0.8125	0.2932
I14_OG000543	not significant	0.0408	1	1.0	1.0	1.0	0.6875	0.6875	0.3953
I14_OG000545	not significant	0.68532	1.0	0.9090909090909091	0.9090909090909091	1.0	0.75	0.75	0.2012
I14_OG000548	not significant	0.63372	1	0.9545454545454546	1.0	1.0	0.8125	0.8125	0.2169
I14_OG000549	not significant	0.9496	0	0.09090909090909091	0.09090909090909094	0.0	0.125	0.125	-0.0533
I14_OG000551	not significant	0.72192	1.0	0.8181818181818182	0.9090909090909091	1.0	0.65625	0.6875	0.1914
I14_OG000552	not significant	0.7925	1	1.0	1.0	1.0	0.9375	0.9375	0.1626
I14_OG000554	not significant	0.02451	1	0.7272727272727273	0.8181818181818181	0.0	0.34375	0.375	0.3998
I14_OG000555	present_enriched	0.00188	1	0.8181818181818182	0.8181818181818181	0.0	0.4375	0.4375	0.3807
I14_OG000556	not significant	0.97762	1	0.8181818181818182	0.8181818181818181	1.0	0.8125	0.8125	0.0072
I14_OG000557	present_enriched	0.0	1.0	0.6818181818181818	0.7272727272727273	0.0	0.125	0.125	0.5849
I14_OG000558	not significant	0.589	1	1.0	1.0	1.0	0.875	0.875	0.2345
I14_OG000560	not significant	0.03102	1	1.0	1.0	1.0	0.8125	0.8125	0.2932
I14_OG000561	not significant	1.0	1	1.0	1.0	1.0	1.0	1.0	0
I14_OG000562	not significant	0.90193	1	0.5909090909090909	0.6363636363636364	0.5	0.5	0.5	0.0913
I14_OG000565	not significant	0.59852	1	1.0	1.0	1.0	0.875	0.875	0.2345
I14_OG000566	not significant	0.84672	1.0	0.9090909090909091	0.9090909090909091	1.0	0.8125	0.8125	0.1336
I14_OG000567	not significant	0.95323	0.0	0.45454545454545453	0.4545454545454546	0.5	0.5	0.5	-0.0447
I14_OG000569	not significant	1.0	1	1.0	1.0	1.0	1.0	1.0	0
I14_OG000570	not significant	0.83136	1	1.0	1.0	1.0	0.9375	0.9375	0.1626
I14_OG000571	not significant	0.02812	1	0.9545454545454546	1.0	1.0	0.6875	0.6875	0.3355
I14_OG000575	not significant	0.95056	0.0	0.4090909090909091	0.4545454545454546	0.0	0.375	0.375	0.035
I14_OG000576	not significant	0.13767	1	1.0	1.0	1.0	0.75	0.75	0.3458
I14_OG000577	not significant	0.5549	1	1.0	1.0	1.0	0.875	0.875	0.2345
I14_OG000579	not significant	0.16364	1	1.0	1.0	1.0	0.75	0.75	0.3458
I14_OG000582	not significant	1.0	1	1.0	1.0	1.0	1.0	1.0	0
I14_OG000584	not significant	0.37735	1	1.0	1.0	1.0	0.8125	0.8125	0.2932
I14_OG000585	not significant	0.83198	0	0.36363636363636365	0.36363636363636365	0.5	0.5	0.5	-0.1348
I14_OG000587	not significant	0.23872	1	1.0	1.0	1.0	0.8125	0.8125	0.2932
I14_OG000589	not significant	1.0	1	1.0	1.0	1.0	1.0	1.0	0
I14_OG000592	not significant	0.97885	1	0.8181818181818182	0.8181818181818181	1.0	0.8125	0.8125	0.0072
I14_OG000593	not significant	0.90515	0	0.36363636363636365	0.36363636363636365	0.0	0.4375	0.4375	-0.0739
I14_OG000595	not significant	0.93694	0	0.22727272727272727	0.2727272727272727	0.0	0.1875	0.1875	0.05
I14_OG000596	not significant	0.68147	1	0.6818181818181818	0.7272727272727273	0.5	0.5	0.5	0.1842
I14_OG000598	not significant	0.90032	1.0	0.8181818181818182	0.8181818181818181	1.0	0.75	0.75	0.0806
I14_OG000599	not significant	0.78768	1	1.0	1.0	1.0	0.9375	0.9375	0.1626
I14_OG000600	not significant	0.3389	1	1.0	1.0	1.0	0.8125	0.8125	0.2932
I14_OG000601	not significant	0.04865	1	0.7727272727272727	0.8181818181818181	0.0	0.4375	0.4375	0.3396
I14_OG000603	not significant	0.12161	1.0	0.6818181818181818	0.7272727272727273	0.0	0.375	0.375	0.3073
I14_OG000606	not significant	0.78423	1	1.0	1.0	1.0	0.9375	0.9375	0.1626
I14_OG000607	not significant	0.60445	1	1.0	1.0	1.0	0.875	0.875	0.2345
I14_OG000608	not significant	0.54167	1	0.9545454545454546	1.0	1.0	1.0	1.0	-0.2365
I14_OG000609	not significant	1.0	1	1.0	1.0	1.0	1.0	1.0	0
I14_OG000614	not significant	0.78889	1	1.0	1.0	1.0	0.9375	0.9375	0.1626
I14_OG000616	not significant	0.78923	1	1.0	1.0	1.0	0.96875	1.0	0.1626
I14_OG000624	not significant	1.0	1	1.0	1.0	1.0	1.0	1.0	0
I14_OG000625	not significant	0.1418	1	0.9090909090909091	0.9090909090909091	1.0	0.5625	0.5625	0.373
I14_OG000626	not significant	0.68208	1.0	0.9090909090909091	0.9090909090909091	1.0	0.75	0.75	0.2012
I14_OG000627	not significant	0.80735	1.0	0.5454545454545454	0.5454545454545454	1.0	0.6875	0.6875	-0.1445
I14_OG000630	not significant	0.84397	1.0	0.9090909090909091	0.9090909090909091	1.0	0.8125	0.8125	0.1336
I14_OG000631	not significant	0.85937	1.0	0.7272727272727273	0.7272727272727273	1.0	0.625	0.625	0.1066
I14_OG000632	not significant	0.79356	1	1.0	1.0	1.0	0.96875	1.0	0.1626
I14_OG000635	not significant	0.39624	1	1.0	1.0	1.0	0.8125	0.8125	0.2932
I14_OG000636	not significant	0.94587	0	0.3181818181818182	0.36363636363636365	0.0	0.28125	0.3125	0.0416
I14_OG000641	not significant	0.83876	1	0.9090909090909091	0.9090909090909091	1.0	0.8125	0.8125	0.1336
I14_OG000643	not significant	0.81434	1	0.6818181818181818	0.7272727272727273	1.0	0.625	0.625	0.0597
I14_OG000644	not significant	0.11257	1	0.8636363636363636	0.9090909090909091	0.5	0.5	0.5	0.382
I14_OG000646	not significant	0.59007	1	1.0	1.0	1.0	0.875	0.875	0.2345
I14_OG000647	not significant	0.33246	1	1.0	1.0	1.0	0.8125	0.8125	0.2932
I14_OG000650	not significant	1.0	1	1.0	1.0	1.0	1.0	1.0	0
I14_OG000651	not significant	1.0	1	1.0	1.0	1.0	1.0	1.0	0
I14_OG000653	not significant	1.0	1	1.0	1.0	1.0	1.0	1.0	0
I14_OG000657	not significant	1.0	1	1.0	1.0	1.0	1.0	1.0	0
I14_OG000658	not significant	0.60565	1	1.0	1.0	1.0	0.875	0.875	0.2345
I14_OG000659	not significant	0.45751	1	1.0	1.0	1.0	0.84375	0.875	0.2808
I14_OG000661	not significant	0.60671	1	1.0	1.0	1.0	0.875	0.875	0.2345
I14_OG000662	not significant	0.77947	1	1.0	1.0	1.0	0.9375	0.9375	0.1626
I14_OG000663	not significant	1.0	1	1.0	1.0	1.0	1.0	1.0	0
I14_OG000664	not significant	0.67362	1	0.8181818181818182	0.8181818181818181	1.0	0.625	0.625	0.2079
I14_OG000665	not significant	0.79523	1	1.0	1.0	1.0	0.96875	1.0	0.1626
I14_OG000666	not significant	0.23987	0.0	0.36363636363636365	0.4545454545454546	0.0	0.15625	0.25	0.2758
I14_OG000667	not significant	1.0	1	1.0	1.0	1.0	1.0	1.0	0
I14_OG000668	not significant	0.97128	1	0.7272727272727273	0.7272727272727273	1.0	0.75	0.75	-0.0255
I14_OG000669	not significant	0.37939	1	1.0	1.0	1.0	0.8125	0.8125	0.2932
I14_OG000670	not significant	0.60328	1.0	0.7272727272727273	0.7272727272727273	0.5	0.5	0.5	0.2273
I14_OG000671	not significant	0.14714	1	0.7272727272727273	0.7272727272727273	0.0	0.375	0.375	0.3464
I14_OG000675	not significant	0.94232	1	0.7272727272727273	0.7272727272727273	1.0	0.75	0.75	-0.0255
I14_OG000676	not significant	0.0172	1	0.7727272727272727	0.8181818181818181	0.0	0.3125	0.3125	0.4609
I14_OG000678	present_enriched	0.00072	1	0.9545454545454546	1.0	0.25	0.46875	0.5	0.5289
I14_OG000679	not significant	0.72582	0	0.2727272727272727	0.2727272727272727	0.0	0.125	0.125	0.1869
I14_OG000682	present_enriched	0.00308	1	0.5909090909090909	0.6363636363636364	0.0	0.1875	0.1875	0.4238
I14_OG000685	not significant	0.39144	1	1.0	1.0	1.0	0.8125	0.8125	0.2932
I14_OG000686	not significant	0.02746	1.0	0.8181818181818182	0.8181818181818181	0.0	0.375	0.375	0.4382
I14_OG000687	not significant	1.0	1	1.0	1.0	1.0	1.0	1.0	0
I14_OG000689	not significant	0.84436	1.0	0.9090909090909091	0.9090909090909091	1.0	0.8125	0.8125	0.1336
I14_OG000692	not significant	0.7907	1	1.0	1.0	1.0	0.9375	0.9375	0.1626
I14_OG000693	not significant	0.39135	1	1.0	1.0	1.0	0.8125	0.8125	0.2932
I14_OG000696	not significant	0.05233	1	1.0	1.0	1.0	0.6875	0.6875	0.3953
I14_OG000697	not significant	0.78212	1	1.0	1.0	1.0	0.9375	0.9375	0.1626
I14_OG000699	not significant	0.03857	1	1.0	1.0	1.0	0.65625	0.6875	0.4319
I14_OG000700	not significant	0.96406	0.5	0.5	0.5454545454545454	0.25	0.46875	0.5	0.0319
I14_OG000701	not significant	0.94944	1	0.9090909090909091	0.9090909090909091	1.0	0.875	0.875	0.0533
I14_OG000702	not significant	0.83724	0	0.09090909090909091	0.09090909090909094	0.0	0.1875	0.1875	-0.1336
I14_OG000704	not significant	0.774	1	0.7727272727272727	0.8181818181818181	1.0	0.625	0.625	0.1598
I14_OG000705	not significant	0.8934	0	0.4090909090909091	0.4545454545454546	0.5	0.5	0.5	-0.0913
I14_OG000706	not significant	1.0	1	1.0	1.0	1.0	1.0	1.0	0
I14_OG000708	not significant	0.77726	1	1.0	1.0	1.0	0.96875	1.0	0.1626
I14_OG000710	not significant	0.95401	1.0	0.7272727272727273	0.7272727272727273	1.0	0.75	0.75	-0.0255
I14_OG000711	not significant	1.0	1	1.0	1.0	1.0	1.0	1.0	0
I14_OG000715	not significant	0.58785	1	1.0	1.0	1.0	0.875	0.875	0.2345
I14_OG000717	not significant	0.39144	1	1.0	1.0	1.0	0.8125	0.8125	0.2932
I14_OG000720	not significant	0.65957	1	0.9545454545454546	1.0	1.0	0.8125	0.8125	0.2169
I14_OG000724	not significant	0.57946	1	1.0	1.0	1.0	0.875	0.875	0.2345
I14_OG000725	not significant	0.62691	1	1.0	1.0	1.0	0.90625	0.9375	0.2216
I14_OG000727	not significant	1.0	1	1.0	1.0	1.0	1.0	1.0	0
I14_OG000728	not significant	0.5401	1	0.8181818181818182	0.8181818181818181	1.0	0.59375	0.625	0.2427
I14_OG000729	not significant	1.0	1	1.0	1.0	1.0	1.0	1.0	0
I14_OG000731	not significant	0.40993	1	1.0	1.0	1.0	0.8125	0.8125	0.2932
I14_OG000732	not significant	0.84083	1.0	0.9090909090909091	0.9090909090909091	1.0	0.84375	0.875	0.0998
I14_OG000733	not significant	0.49864	1.0	0.9090909090909091	0.9090909090909091	1.0	0.6875	0.6875	0.2619
I14_OG000740	not significant	0.31648	1	0.8181818181818182	0.9090909090909091	1.0	0.5625	0.5625	0.2784
I14_OG000741	not significant	1.0	1	1.0	1.0	1.0	1.0	1.0	0
I14_OG000742	not significant	0.68047	1.0	0.9090909090909091	0.9090909090909091	1.0	0.75	0.75	0.2012
I14_OG000743	not significant	0.51906	0.0	0.4090909090909091	0.4545454545454546	0.0	0.1875	0.1875	0.2489
I14_OG000745	not significant	0.90219	1.0	0.7272727272727273	0.7272727272727273	1.0	0.65625	0.6875	0.0768
I14_OG000746	not significant	1.0	1	1.0	1.0	1.0	1.0	1.0	0
I14_OG000747	not significant	0.05634	1	0.7272727272727273	0.7272727272727273	0.0	0.3125	0.3125	0.4079
I14_OG000748	not significant	1.0	1	1.0	1.0	1.0	1.0	1.0	0
I14_OG000749	not significant	0.77767	1	1.0	1.0	1.0	0.96875	1.0	0.1626
I14_OG000750	not significant	0.96879	1	0.6363636363636364	0.6363636363636364	1.0	0.625	0.625	0.0116
I14_OG000752	not significant	0.91345	1	0.6363636363636364	0.6363636363636364	1.0	0.5625	0.5625	0.0739
I14_OG000753	not significant	0.6221	1	0.7727272727272727	0.8181818181818181	1.0	0.5625	0.5625	0.2208
I14_OG000754	not significant	0.84301	1	0.9090909090909091	0.9090909090909091	1.0	0.8125	0.8125	0.1336
I14_OG000755	not significant	0.81894	1	1.0	1.0	1.0	0.9375	0.9375	0.1626
I14_OG000757	not significant	1.0	1	1.0	1.0	1.0	1.0	1.0	0
I14_OG000758	not significant	0.44227	1	0.8636363636363636	0.9090909090909091	1.0	0.625	0.625	0.268
I14_OG000761	not significant	0.46553	0	0.22727272727272727	0.2727272727272727	0.0	0.0625	0.0625	0.2516
I14_OG000764	not significant	0.76609	1	1.0	1.0	1.0	0.96875	1.0	0.1626
I14_OG000765	not significant	1.0	1	1.0	1.0	1.0	1.0	1.0	0
I14_OG000766	not significant	1.0	1	1.0	1.0	1.0	1.0	1.0	0
I14_OG000768	not significant	0.18074	1	1.0	1.0	1.0	0.78125	0.8125	0.334
I14_OG000769	not significant	1.0	1	1.0	1.0	1.0	1.0	1.0	0
I14_OG000770	present_enriched	0.00343	1	0.7727272727272727	0.8181818181818181	0.0	0.28125	0.3125	0.5023
I14_OG000771	not significant	1.0	1	1.0	1.0	1.0	1.0	1.0	0
I14_OG000772	not significant	0.67811	1.0	0.9090909090909091	0.9090909090909091	1.0	0.75	0.75	0.2012
I14_OG000775	not significant	0.94323	1.0	0.9090909090909091	0.9090909090909091	1.0	0.875	0.875	0.0533
I14_OG000776	not significant	0.90163	0	0.18181818181818182	0.18181818181818177	0.0	0.125	0.125	0.0786
I14_OG000777	not significant	0.92665	0.0	0.4090909090909091	0.4545454545454546	0.25	0.46875	0.5	-0.0613
I14_OG000778	not significant	1.0	1	1.0	1.0	1.0	1.0	1.0	0
I14_OG000779	not significant	1.0	1	1.0	1.0	1.0	1.0	1.0	0
I14_OG000781	not significant	0.97659	1	0.8181818181818182	0.8181818181818181	1.0	0.8125	0.8125	0.0072
I14_OG000782	not significant	0.92038	0.0	0.36363636363636365	0.4545454545454546	0.0	0.3125	0.3125	0.0557
I14_OG000785	not significant	1.0	1	1.0	1.0	1.0	1.0	1.0	0
I14_OG000786	not significant	0.77463	1	1.0	1.0	1.0	0.96875	1.0	0.1626
I14_OG000787	not significant	0.24198	1	1.0	1.0	1.0	0.75	0.75	0.3458
I14_OG000788	not significant	0.76827	1	1.0	1.0	1.0	0.9375	0.9375	0.1626
I14_OG000789	not significant	0.20298	1	1.0	1.0	1.0	0.75	0.75	0.3458
I14_OG000790	not significant	0.61958	1.0	0.7727272727272727	0.8181818181818181	1.0	0.5625	0.5625	0.2208
I14_OG000791	not significant	0.78366	1	1.0	1.0	1.0	0.9375	0.9375	0.1626
I14_OG000792	not significant	1.0	1	1.0	1.0	1.0	1.0	1.0	0
I14_OG000793	not significant	0.97323	1	0.7272727272727273	0.7272727272727273	1.0	0.75	0.75	-0.0255
I14_OG000794	not significant	0.91715	0.5	0.5	0.5454545454545454	1.0	0.5625	0.5625	-0.0628
I14_OG000795	not significant	0.7879	1.0	0.8181818181818182	0.8181818181818181	1.0	0.6875	0.6875	0.1465
I14_OG000796	not significant	1.0	1	1.0	1.0	1.0	1.0	1.0	0
I14_OG000797	not significant	0.59441	1	1.0	1.0	1.0	0.875	0.875	0.2345
I14_OG000798	not significant	1.0	1	1.0	1.0	1.0	1.0	1.0	0
I14_OG000799	not significant	1.0	1	1.0	1.0	1.0	1.0	1.0	0
I14_OG000800	not significant	0.45674	1	0.8636363636363636	0.9090909090909091	1.0	0.625	0.625	0.268
I14_OG000801	not significant	0.89753	1	0.8181818181818182	0.8181818181818181	1.0	0.75	0.75	0.0806
I14_OG000802	not significant	0.97157	0.0	0.45454545454545453	0.4545454545454546	0.0	0.4375	0.4375	0.0169
I14_OG000803	not significant	0.29628	1.0	0.7272727272727273	0.7272727272727273	0.0	0.40625	0.4375	0.3224
I14_OG000806	not significant	0.78901	1.0	0.7727272727272727	0.8181818181818181	1.0	0.625	0.625	0.1598
I14_OG000809	not significant	1.0	1	1.0	1.0	1.0	1.0	1.0	0
I14_OG000810	not significant	0.78248	1	1.0	1.0	1.0	0.9375	0.9375	0.1626
I14_OG000812	not significant	0.11093	1	1.0	1.0	1.0	0.6875	0.6875	0.3953
I14_OG000813	not significant	0.81776	1	1.0	1.0	1.0	0.9375	0.9375	0.1626
I14_OG000814	not significant	0.82779	0.5	0.5	0.6363636363636364	1.0	0.625	0.625	-0.1319
I14_OG000816	not significant	0.39602	1	1.0	1.0	1.0	0.8125	0.8125	0.2932
I14_OG000818	not significant	0.33052	1	1.0	1.0	1.0	0.8125	0.8125	0.2932
I14_OG000822	not significant	0.77355	1	1.0	1.0	1.0	0.9375	0.9375	0.1626
I14_OG000823	not significant	0.49193	1	0.9090909090909091	0.9090909090909091	1.0	0.6875	0.6875	0.2619
I14_OG000825	not significant	1.0	1	1.0	1.0	1.0	1.0	1.0	0
I14_OG000826	not significant	0.22429	1	0.8636363636363636	0.9090909090909091	1.0	0.5625	0.5625	0.3257
I14_OG000832	not significant	0.76631	1	1.0	1.0	1.0	0.96875	1.0	0.1626
I14_OG000833	not significant	0.98175	1	0.6363636363636364	0.6363636363636364	1.0	0.625	0.625	0.0116
I14_OG000834	present_enriched	0.00116	1	0.6363636363636364	0.7272727272727273	0.0	0.125	0.125	0.5567
I14_OG000835	not significant	0.25632	1	1.0	1.0	1.0	0.75	0.75	0.3458
I14_OG000836	not significant	0.76678	1	1.0	1.0	1.0	0.96875	1.0	0.1626
I14_OG000837	not significant	1.0	1	1.0	1.0	1.0	1.0	1.0	0
I14_OG000838	not significant	0.95832	0	0.18181818181818182	0.2727272727272727	0.0	0.15625	0.1875	0.0377
I14_OG000840	not significant	1.0	1	1.0	1.0	1.0	1.0	1.0	0
I14_OG000841	not significant	1.0	1	1.0	1.0	1.0	1.0	1.0	0
I14_OG000843	not significant	0.94959	1.0	0.9090909090909091	0.9090909090909091	1.0	0.875	0.875	0.0533
I14_OG000844	not significant	0.94146	1.0	0.9090909090909091	0.9090909090909091	1.0	0.9375	0.9375	-0.0533
I14_OG000845	not significant	1.0	1	1.0	1.0	1.0	1.0	1.0	0
I14_OG000846	not significant	0.76723	1	1.0	1.0	1.0	0.96875	1.0	0.1626
I14_OG000848	not significant	0.95658	0	0.09090909090909091	0.09090909090909094	0.0	0.09375	0.125	-0.0051
I14_OG000849	not significant	0.845	1	0.6818181818181818	0.7272727272727273	1.0	0.5625	0.5625	0.1227
I14_OG000851	not significant	0.87468	0	0.2727272727272727	0.2727272727272727	0.0	0.1875	0.1875	0.1007
I14_OG000853	not significant	0.98073	1	0.6363636363636364	0.6363636363636364	1.0	0.625	0.625	0.0116
I14_OG000855	not significant	0.13923	1	0.8636363636363636	0.9090909090909091	0.5	0.5	0.5	0.382
I14_OG000856	not significant	0.02802	0.0	0.45454545454545453	0.4545454545454546	0.0	0.15625	0.1875	0.3351
I14_OG000859	not significant	0.05989	1	1.0	1.0	1.0	0.6875	0.6875	0.3953
I14_OG000860	not significant	0.69707	1.0	0.9545454545454546	1.0	1.0	0.84375	0.875	0.1922
I14_OG000862	not significant	0.87627	0	0.2727272727272727	0.2727272727272727	0.0	0.1875	0.1875	0.1007
I14_OG000864	not significant	0.45697	1	0.7727272727272727	0.8181818181818181	0.5	0.5	0.5	0.2804
I14_OG000865	not significant	0.84074	1.0	0.9090909090909091	0.9090909090909091	1.0	0.8125	0.8125	0.1336
I14_OG000866	not significant	0.902	0	0.3181818181818182	0.36363636363636365	0.0	0.25	0.25	0.0766
I14_OG000869	not significant	0.45724	1	0.7727272727272727	0.8181818181818181	0.5	0.5	0.5	0.2804
I14_OG000870	not significant	1.0	1	1.0	1.0	1.0	1.0	1.0	0
I14_OG000872	not significant	0.76193	1	1.0	1.0	1.0	0.96875	1.0	0.1626
I14_OG000874	not significant	0.4234	1	1.0	1.0	1.0	0.8125	0.8125	0.2932
I14_OG000876	not significant	0.81278	1	1.0	1.0	1.0	0.9375	0.9375	0.1626
I14_OG000877	not significant	0.78903	1	0.8181818181818182	0.8181818181818181	1.0	0.6875	0.6875	0.1465
I14_OG000878	not significant	1.0	1	1.0	1.0	1.0	1.0	1.0	0
I14_OG000879	not significant	1.0	1	1.0	1.0	1.0	1.0	1.0	0
I14_OG000881	not significant	0.73088	0.5	0.5454545454545454	0.6363636363636364	0.0	0.375	0.375	0.1752
I14_OG000887	not significant	0.96476	0.0	0.4090909090909091	0.4545454545454546	0.0	0.375	0.375	0.035
I14_OG000891	not significant	1.0	1	1.0	1.0	1.0	1.0	1.0	0
I14_OG000893	not significant	0.98092	0.5	0.5454545454545454	0.6363636363636364	0.75	0.53125	0.5625	0.0149
I14_OG000895	not significant	0.89973	1.0	0.7272727272727273	0.7272727272727273	1.0	0.65625	0.6875	0.0768
I14_OG000897	not significant	0.88798	1	0.5909090909090909	0.6363636363636364	0.5	0.5	0.5	0.0913
I14_OG000898	not significant	1.0	1	1.0	1.0	1.0	1.0	1.0	0
I14_OG000899	not significant	0.18825	1	0.7272727272727273	0.7272727272727273	0.0	0.375	0.375	0.3464
I14_OG000900	not significant	0.80501	0	0.3181818181818182	0.36363636363636365	0.25	0.46875	0.5	-0.1567
I14_OG000901	not significant	0.75971	1	1.0	1.0	1.0	0.9375	0.9375	0.1626
I14_OG000903	not significant	0.7686	1	1.0	1.0	1.0	0.9375	0.9375	0.1626
I14_OG000904	not significant	0.76295	1	1.0	1.0	1.0	0.9375	0.9375	0.1626
I14_OG000906	not significant	1.0	1	1.0	1.0	1.0	1.0	1.0	0
I14_OG000907	not significant	0.82379	1	0.9090909090909091	0.9090909090909091	1.0	0.8125	0.8125	0.1336
I14_OG000908	not significant	0.43241	0.0	0.45454545454545453	0.4545454545454546	0.0	0.1875	0.1875	0.2874
I14_OG000909	not significant	1.0	1	1.0	1.0	1.0	1.0	1.0	0
I14_OG000911	not significant	0.91324	1.0	0.6363636363636364	0.6363636363636364	1.0	0.5625	0.5625	0.0739
I14_OG000914	not significant	0.77329	1	1.0	1.0	1.0	0.9375	0.9375	0.1626
I14_OG000916	not significant	0.77582	1	0.6818181818181818	0.7272727272727273	1.0	0.8125	0.8125	-0.1541
I14_OG000921	not significant	1.0	1	1.0	1.0	1.0	1.0	1.0	0
I14_OG000922	not significant	0.71128	0	0.2727272727272727	0.2727272727272727	0.0	0.125	0.125	0.1869
I14_OG000923	not significant	0.95269	1.0	0.5454545454545454	0.5454545454545454	0.5	0.5	0.5	0.0447
I14_OG000924	not significant	1.0	1	1.0	1.0	1.0	1.0	1.0	0
I14_OG000925	not significant	0.80293	1	1.0	1.0	1.0	0.9375	0.9375	0.1626
I14_OG000928	not significant	0.2198	1	1.0	1.0	1.0	0.75	0.75	0.3458
I14_OG000931	not significant	0.50523	1	0.9090909090909091	0.9090909090909091	1.0	0.6875	0.6875	0.2619
I14_OG000932	not significant	0.60797	1	1.0	1.0	1.0	0.875	0.875	0.2345
I14_OG000933	not significant	0.59726	1	1.0	1.0	1.0	0.875	0.875	0.2345
I14_OG000935	not significant	1.0	1	1.0	1.0	1.0	1.0	1.0	0
I14_OG000936	not significant	0.75904	1	1.0	1.0	1.0	0.9375	0.9375	0.1626
I14_OG000937	not significant	0.43502	1	1.0	1.0	1.0	0.8125	0.8125	0.2932
I14_OG000940	not significant	0.76152	1	1.0	1.0	1.0	0.9375	0.9375	0.1626
I14_OG000942	not significant	0.82211	0	0.13636363636363635	0.18181818181818177	0.0	0.0625	0.0625	0.1327
I14_OG000943	not significant	0.6059	1	1.0	1.0	1.0	0.875	0.875	0.2345
I14_OG000944	not significant	0.98551	0	0.2727272727272727	0.2727272727272727	0.0	0.28125	0.3125	-0.0096
I14_OG000946	not significant	0.74815	1	0.7272727272727273	0.7272727272727273	1.0	0.5625	0.5625	0.1677
I14_OG000947	not significant	0.67109	1	0.9090909090909091	0.9090909090909091	1.0	0.75	0.75	0.2012
I14_OG000948	not significant	0.5486	1	0.6818181818181818	0.7272727272727273	0.0	0.4375	0.4375	0.2454
I14_OG000950	not significant	1.0	1	1.0	1.0	1.0	1.0	1.0	0
I14_OG000951	not significant	0.14979	1	0.9545454545454546	1.0	1.0	0.6875	0.6875	0.3355
I14_OG000954	not significant	0.91779	1.0	0.8636363636363636	0.9090909090909091	1.0	0.8125	0.8125	0.0698
I14_OG000957	not significant	0.59648	1	1.0	1.0	1.0	0.875	0.875	0.2345
I14_OG000958	not significant	0.67274	1.0	0.8181818181818182	0.8181818181818181	1.0	0.625	0.625	0.2079
I14_OG000960	not significant	0.93721	0	0.09090909090909091	0.09090909090909094	0.0	0.0625	0.0625	0.0533
I14_OG000962	not significant	0.92516	1	0.6818181818181818	0.7272727272727273	1.0	0.625	0.625	0.0597
I14_OG000967	not significant	0.06405	1	1.0	1.0	1.0	0.625	0.625	0.4432
I14_OG000968	not significant	0.54771	1	0.5909090909090909	0.6363636363636364	1.0	0.8125	0.8125	-0.2489
I14_OG000970	not significant	0.43371	1.0	0.7272727272727273	0.7272727272727273	0.0	0.4375	0.4375	0.2865
I14_OG000971	not significant	0.66455	1	0.8181818181818182	0.8181818181818181	1.0	0.625	0.625	0.2079
I14_OG000974	not significant	0.81667	1.0	0.9090909090909091	0.9090909090909091	1.0	0.8125	0.8125	0.1336
I14_OG000975	not significant	1.0	1	1.0	1.0	1.0	1.0	1.0	0
I14_OG000977	not significant	0.86172	1	0.5454545454545454	0.5454545454545454	0.0	0.4375	0.4375	0.1062
I14_OG000978	present_enriched	0.00174	1.0	0.8636363636363636	0.9090909090909091	0.75	0.53125	0.5625	0.3619
I14_OG000980	not significant	0.94608	1	0.8181818181818182	0.9090909090909091	1.0	0.78125	0.8125	0.0495
I14_OG000982	not significant	0.502	1	0.9090909090909091	0.9090909090909091	1.0	0.6875	0.6875	0.2619
I14_OG000983	not significant	0.36931	1.0	0.9545454545454546	1.0	1.0	0.71875	0.75	0.3184
I14_OG000984	not significant	0.89932	0	0.18181818181818182	0.18181818181818177	0.0	0.125	0.125	0.0786
I14_OG000985	not significant	0.43543	1	1.0	1.0	1.0	0.8125	0.8125	0.2932
I14_OG000986	not significant	0.42226	1	1.0	1.0	1.0	0.8125	0.8125	0.2932
I14_OG000987	not significant	0.93509	0	0.09090909090909091	0.09090909090909094	0.0	0.0625	0.0625	0.0533
I14_OG000994	not significant	0.59294	1	1.0	1.0	1.0	0.875	0.875	0.2345
I14_OG000995	not significant	1.0	1	1.0	1.0	1.0	1.0	1.0	0
I14_OG000997	not significant	0.80943	1	0.8636363636363636	0.9090909090909091	1.0	0.75	0.75	0.1428
I14_OG000998	not significant	0.15205	1	0.9545454545454546	1.0	1.0	0.625	0.625	0.3887
I14_OG000999	not significant	0.15364	1.0	0.9545454545454546	1.0	1.0	0.625	0.625	0.3887
I14_OG001000	not significant	0.71276	1.0	0.5909090909090909	0.6363636363636364	0.0	0.40625	0.4375	0.1887
I14_OG001001	not significant	0.44284	1	0.9545454545454546	1.0	1.0	0.75	0.75	0.2791
I14_OG001004	not significant	0.59343	1	1.0	1.0	1.0	0.875	0.875	0.2345
I14_OG001005	not significant	1.0	1	1.0	1.0	1.0	1.0	1.0	0
I14_OG001006	not significant	0.49372	1.0	0.8636363636363636	0.9090909090909091	1.0	0.625	0.625	0.268
I14_OG001007	not significant	0.66779	0	0.09090909090909091	0.09090909090909094	0.0	0.25	0.25	-0.2012
I14_OG001008	not significant	0.34164	1	0.9090909090909091	0.9090909090909091	1.0	0.625	0.625	0.3185
I14_OG001009	not significant	0.75277	1	1.0	1.0	1.0	0.9375	0.9375	0.1626
I14_OG001010	not significant	0.58973	1.0	0.9090909090909091	0.9090909090909091	1.0	1.0	1.0	-0.2365
I14_OG001011	not significant	0.86082	1.0	0.7272727272727273	0.7272727272727273	1.0	0.625	0.625	0.1066
I14_OG001016	not significant	0.75783	1	1.0	1.0	1.0	0.96875	1.0	0.1626
I14_OG001017	not significant	0.82778	1	0.6818181818181818	0.7272727272727273	1.0	0.5625	0.5625	0.1227
I14_OG001018	not significant	0.77295	1	1.0	1.0	1.0	0.9375	0.9375	0.1626
I14_OG001019	not significant	0.63544	1	0.6818181818181818	0.7272727272727273	0.25	0.46875	0.5	0.2191
I14_OG001020	not significant	0.6267	1	0.7727272727272727	0.8181818181818181	1.0	0.5625	0.5625	0.2208
I14_OG001023	not significant	0.68177	0.5	0.5	0.5454545454545454	0.0	0.3125	0.3125	0.1928
I14_OG001027	not significant	0.91765	1	0.6818181818181818	0.7272727272727273	1.0	0.625	0.625	0.0597
I14_OG001028	not significant	0.93959	1	0.6363636363636364	0.6363636363636364	1.0	0.6875	0.6875	-0.0533
I14_OG001030	not significant	0.78101	1	1.0	1.0	1.0	0.9375	0.9375	0.1626
I14_OG001031	not significant	0.43693	1	1.0	1.0	1.0	0.8125	0.8125	0.2932
I14_OG001032	not significant	1.0	1	1.0	1.0	1.0	1.0	1.0	0
I14_OG001034	not significant	0.75303	1	1.0	1.0	1.0	0.9375	0.9375	0.1626
I14_OG001035	not significant	1.0	1	1.0	1.0	1.0	1.0	1.0	0
I14_OG001036	not significant	0.58814	1	0.9545454545454546	1.0	1.0	1.0	1.0	-0.2365
I14_OG001037	not significant	0.89649	1	0.5454545454545454	0.5454545454545454	1.0	0.625	0.625	-0.0795
I14_OG001038	not significant	0.93741	0	0.09090909090909091	0.09090909090909094	0.0	0.125	0.125	-0.0533
I14_OG001039	not significant	0.23384	1	0.8636363636363636	0.9090909090909091	0.75	0.53125	0.5625	0.3619
I14_OG001042	not significant	0.7552	1	1.0	1.0	1.0	0.9375	0.9375	0.1626
I14_OG001044	not significant	1.0	1	1.0	1.0	1.0	1.0	1.0	0
I14_OG001049	not significant	0.27151	0.0	0.4090909090909091	0.4545454545454546	0.0	0.15625	0.1875	0.2982
I14_OG001050	not significant	0.33608	1	0.9090909090909091	0.9090909090909091	1.0	0.625	0.625	0.3185
I14_OG001051	not significant	0.93503	1.0	0.9090909090909091	0.9090909090909091	1.0	0.875	0.875	0.0533
I14_OG001052	present_enriched	0.00025	1	0.7727272727272727	0.8181818181818181	0.0	0.1875	0.1875	0.5929
I14_OG001054	not significant	0.89958	1	0.8181818181818182	0.8181818181818181	1.0	0.75	0.75	0.0806
I14_OG001057	not significant	0.82577	0	0.3181818181818182	0.36363636363636365	0.0	0.4375	0.4375	-0.1227
I14_OG001059	not significant	1.0	1	1.0	1.0	1.0	1.0	1.0	0
I14_OG001060	not significant	0.33411	1	0.8181818181818182	0.8181818181818181	0.5	0.5	0.5	0.3237
I14_OG001061	not significant	0.49131	1.0	0.8636363636363636	0.9090909090909091	1.0	0.625	0.625	0.268
I14_OG001068	not significant	0.10776	1	1.0	1.0	1.0	0.6875	0.6875	0.3953
I14_OG001069	not significant	0.70401	1	0.7272727272727273	0.7272727272727273	1.0	0.5625	0.5625	0.1677
I14_OG001070	not significant	0.55035	0.0	0.4090909090909091	0.4545454545454546	0.0	0.1875	0.1875	0.2489
I14_OG001072	not significant	1.0	1	1.0	1.0	1.0	1.0	1.0	0
I14_OG001074	not significant	0.76368	1	0.8181818181818182	0.9090909090909091	1.0	0.6875	0.6875	0.1541
I14_OG001075	not significant	0.49345	1	0.9090909090909091	0.9090909090909091	1.0	0.6875	0.6875	0.2619
I14_OG001076	not significant	0.4066	1	0.5454545454545454	0.5454545454545454	0.0	0.25	0.25	0.3006
I14_OG001080	not significant	0.33888	1	0.9090909090909091	0.9090909090909091	1.0	0.625	0.625	0.3185
I14_OG001081	not significant	0.81849	0	0.22727272727272727	0.2727272727272727	0.0	0.125	0.125	0.1396
I14_OG001082	not significant	0.34148	1.0	0.9090909090909091	0.9090909090909091	1.0	0.625	0.625	0.3185
I14_OG001083	not significant	0.94815	1	0.7272727272727273	0.7272727272727273	1.0	0.6875	0.6875	0.0428
I14_OG001084	not significant	0.75467	1	1.0	1.0	1.0	0.96875	1.0	0.1626
I14_OG001085	present_enriched	0.00675	1.0	0.8181818181818182	0.8181818181818181	0.0	0.3125	0.3125	0.4973
I14_OG001087	not significant	0.54839	0.0	0.4090909090909091	0.4545454545454546	0.0	0.1875	0.1875	0.2489
I14_OG001089	not significant	0.17356	1	0.9545454545454546	1.0	1.0	0.625	0.625	0.3887
I14_OG001090	not significant	1.0	1	1.0	1.0	1.0	1.0	1.0	0
I14_OG001091	not significant	0.81841	1.0	0.9090909090909091	0.9090909090909091	1.0	0.8125	0.8125	0.1336
I14_OG001092	not significant	1.0	1	1.0	1.0	1.0	1.0	1.0	0
I14_OG001093	not significant	0.94593	0.5	0.45454545454545453	0.5454545454545454	0.5	0.5	0.5	-0.0465
I14_OG001099	not significant	0.17254	1.0	0.9545454545454546	1.0	1.0	0.625	0.625	0.3887
I14_OG001100	not significant	1.0	1	1.0	1.0	1.0	1.0	1.0	0
I14_OG001106	not significant	0.86039	1.0	0.7272727272727273	0.7272727272727273	1.0	0.625	0.625	0.1066
I14_OG001107	not significant	1.0	1	1.0	1.0	1.0	1.0	1.0	0
I14_OG001108	not significant	0.76211	1	0.5909090909090909	0.6363636363636364	0.0	0.4375	0.4375	0.1536
I14_OG001109	present_enriched	0.0005	1.0	0.8636363636363636	0.9090909090909091	0.0	0.25	0.25	0.6145
I14_OG001112	not significant	0.80965	1.0	0.9090909090909091	0.9090909090909091	1.0	0.8125	0.8125	0.1336
I14_OG001113	not significant	0.41262	1	1.0	1.0	1.0	0.8125	0.8125	0.2932
I14_OG001114	not significant	0.93548	0	0.09090909090909091	0.09090909090909094	0.0	0.0625	0.0625	0.0533
I14_OG001116	not significant	0.74868	1	1.0	1.0	1.0	0.9375	0.9375	0.1626
I14_OG001117	not significant	0.75059	1	1.0	1.0	1.0	0.9375	0.9375	0.1626
I14_OG001118	not significant	0.50047	1	0.9090909090909091	0.9090909090909091	1.0	0.6875	0.6875	0.2619
I14_OG001119	not significant	0.94929	0	0.18181818181818182	0.18181818181818177	0.0	0.21875	0.25	-0.0464
I14_OG001120	not significant	0.80626	1.0	0.9090909090909091	0.9090909090909091	1.0	0.8125	0.8125	0.1336
I14_OG001121	not significant	0.89436	1.0	0.8181818181818182	0.8181818181818181	1.0	0.75	0.75	0.0806
I14_OG001122	not significant	0.91548	0	0.13636363636363635	0.18181818181818177	0.0	0.1875	0.1875	-0.0698
I14_OG001126	not significant	0.74946	1	1.0	1.0	1.0	0.9375	0.9375	0.1626
I14_OG001127	not significant	0.69667	0	0.18181818181818182	0.18181818181818177	0.0	0.0625	0.0625	0.1866
I14_OG001129	not significant	0.90076	1	0.5454545454545454	0.5454545454545454	1.0	0.625	0.625	-0.0795
I14_OG001131	not significant	0.97397	1.0	0.7272727272727273	0.7272727272727273	1.0	0.75	0.75	-0.0255
I14_OG001132	not significant	0.12497	0	0.18181818181818182	0.2727272727272727	0.0	0.0	0.0	0.3993
I14_OG001133	not significant	0.45151	1	1.0	1.0	1.0	0.84375	0.875	0.2808
I14_OG001134	not significant	0.42885	1	1.0	1.0	1.0	0.8125	0.8125	0.2932
I14_OG001135	not significant	0.13926	1.0	0.8181818181818182	0.8181818181818181	1.0	0.5625	0.5625	0.2665
I14_OG001140	not significant	0.5842	1	1.0	1.0	1.0	0.875	0.875	0.2345
I14_OG001143	not significant	0.99841	1	0.6818181818181818	0.7272727272727273	1.0	0.6875	0.6875	-0.0061
I14_OG001145	not significant	0.43405	1	1.0	1.0	1.0	0.8125	0.8125	0.2932
I14_OG001147	not significant	0.60831	1	0.7727272727272727	0.8181818181818181	1.0	0.5625	0.5625	0.2208
I14_OG001148	not significant	0.33263	1.0	0.9090909090909091	0.9090909090909091	1.0	0.625	0.625	0.3185
I14_OG001149	not significant	0.49771	1	0.8636363636363636	0.9090909090909091	1.0	0.625	0.625	0.268
I14_OG001151	not significant	0.92137	0.5	0.5	0.6363636363636364	1.0	0.5625	0.5625	-0.0653
I14_OG001153	not significant	0.74693	1	1.0	1.0	1.0	0.96875	1.0	0.1626
I14_OG001155	not significant	0.86059	1.0	0.5454545454545454	0.5454545454545454	0.0	0.4375	0.4375	0.1062
I14_OG001156	not significant	0.82359	1	0.8181818181818182	0.8181818181818181	1.0	0.6875	0.6875	0.1465
I14_OG001163	not significant	0.27784	1	1.0	1.0	1.0	0.75	0.75	0.3458
I14_OG001164	not significant	0.40299	1	0.8181818181818182	0.8181818181818181	0.75	0.53125	0.5625	0.3014
I14_OG001165	not significant	0.74635	1	0.7272727272727273	0.7272727272727273	1.0	0.5625	0.5625	0.1677
I14_OG001166	not significant	0.57777	1	1.0	1.0	1.0	0.875	0.875	0.2345
I14_OG001167	not significant	0.284	1	1.0	1.0	1.0	0.75	0.75	0.3458
I14_OG001170	not significant	0.28171	1	1.0	1.0	1.0	0.75	0.75	0.3458
I14_OG001171	not significant	1.0	1	1.0	1.0	1.0	1.0	1.0	0
I14_OG001174	not significant	0.769	1	1.0	1.0	1.0	0.9375	0.9375	0.1626
I14_OG001177	not significant	0.98008	1	0.6363636363636364	0.6363636363636364	1.0	0.625	0.625	0.0116
I14_OG001179	not significant	0.78846	1	0.8181818181818182	0.8181818181818181	1.0	0.6875	0.6875	0.1465
I14_OG001180	not significant	0.19031	1	0.8636363636363636	0.9090909090909091	0.5	0.5	0.5	0.382
I14_OG001184	not significant	0.34062	1.0	0.9090909090909091	0.9090909090909091	1.0	0.625	0.625	0.3185
I14_OG001188	not significant	1.0	1	1.0	1.0	1.0	1.0	1.0	0
I14_OG001189	not significant	1.0	1	1.0	1.0	1.0	1.0	1.0	0
I14_OG001191	not significant	0.97967	1.0	0.5454545454545454	0.5454545454545454	0.75	0.53125	0.5625	0.0143
I14_OG001192	not significant	0.81833	1.0	0.6363636363636364	0.6363636363636364	0.5	0.5	0.5	0.1348
I14_OG001196	not significant	0.41607	1	1.0	1.0	1.0	0.8125	0.8125	0.2932
I14_OG001197	not significant	0.8558	0	0.2727272727272727	0.2727272727272727	0.0	0.375	0.375	-0.1066
I14_OG001203	not significant	0.50096	1	0.9090909090909091	0.9090909090909091	1.0	0.6875	0.6875	0.2619
I14_OG001205	not significant	0.74601	0	0.045454545454545456	0.09090909090909094	0.0	0.125	0.1875	-0.1648
I14_OG001206	not significant	0.27102	1.0	0.5909090909090909	0.6363636363636364	0.0	0.25	0.25	0.3505
I14_OG001207	not significant	0.78022	1	0.8181818181818182	0.8181818181818181	1.0	0.6875	0.6875	0.1465
I14_OG001209	not significant	0.7739	1	1.0	1.0	1.0	0.9375	0.9375	0.1626
I14_OG001210	not significant	0.7423	1	1.0	1.0	1.0	0.9375	0.9375	0.1626
I14_OG001211	not significant	0.79999	1	0.8636363636363636	0.9090909090909091	1.0	0.75	0.75	0.1428
I14_OG001212	not significant	0.94635	0	0.2727272727272727	0.2727272727272727	0.0	0.3125	0.3125	-0.0428
I14_OG001213	not significant	0.09179	1	0.7727272727272727	0.8181818181818181	0.0	0.34375	0.375	0.4384
I14_OG001217	not significant	0.80498	1	0.9090909090909091	0.9090909090909091	1.0	0.8125	0.8125	0.1336
I14_OG001220	not significant	0.2786	1	1.0	1.0	1.0	0.75	0.75	0.3458
I14_OG001224	not significant	1.0	1	1.0	1.0	1.0	1.0	1.0	0
I14_OG001226	not significant	0.88068	1.0	0.7272727272727273	0.7272727272727273	1.0	0.8125	0.8125	-0.1007
I14_OG001229	not significant	0.85138	1.0	0.6363636363636364	0.6363636363636364	0.75	0.53125	0.5625	0.1065
I14_OG001230	not significant	0.75479	1	0.7272727272727273	0.7272727272727273	1.0	0.5625	0.5625	0.1677
I14_OG001231	not significant	0.95163	0.0	0.4090909090909091	0.4545454545454546	0.0	0.375	0.375	0.035
I14_OG001233	not significant	0.32561	1	1.0	1.0	1.0	0.78125	0.8125	0.334
I14_OG001234	not significant	0.49063	1.0	0.8181818181818182	0.8181818181818181	1.0	0.5625	0.5625	0.2665
I14_OG001236	not significant	1.0	1	1.0	1.0	1.0	1.0	1.0	0
I14_OG001237	not significant	0.76627	1	1.0	1.0	1.0	0.9375	0.9375	0.1626
I14_OG001241	not significant	0.24818	1	0.9090909090909091	0.9090909090909091	1.0	0.65625	0.6875	0.2982
I14_OG001243	not significant	0.58023	1	1.0	1.0	1.0	0.875	0.875	0.2345
I14_OG001244	not significant	0.26037	1.0	0.7272727272727273	0.7272727272727273	0.0	0.375	0.375	0.3464
I14_OG001245	not significant	0.22498	1.0	0.9090909090909091	0.9090909090909091	1.0	0.625	0.625	0.3185
I14_OG001246	not significant	0.95174	1	0.7727272727272727	0.8181818181818181	1.0	0.8125	0.8125	-0.05
I14_OG001247	not significant	0.89598	0	0.22727272727272727	0.2727272727272727	0.0	0.15625	0.1875	0.0959
I14_OG001249	not significant	0.47086	1	1.0	1.0	1.0	0.875	0.875	0.2345
I14_OG001251	not significant	0.92404	1	0.6818181818181818	0.7272727272727273	1.0	0.625	0.625	0.0597
I14_OG001252	not significant	0.97438	1.0	0.7727272727272727	0.8181818181818181	1.0	0.75	0.75	0.0268
I14_OG001253	not significant	0.49166	1.0	0.8181818181818182	0.8181818181818181	1.0	0.5625	0.5625	0.2665
I14_OG001255	not significant	0.59108	1	1.0	1.0	1.0	0.90625	0.9375	0.2216
I14_OG001256	not significant	0.97272	1.0	0.7727272727272727	0.8181818181818181	1.0	0.75	0.75	0.0268
I14_OG001257	not significant	0.74499	1	1.0	1.0	1.0	0.9375	0.9375	0.1626
I14_OG001258	not significant	0.65514	1.0	0.7272727272727273	0.7272727272727273	0.75	0.53125	0.5625	0.2015
I14_OG001259	not significant	1.0	1	1.0	1.0	1.0	1.0	1.0	0
I14_OG001260	not significant	1.0	1	1.0	1.0	1.0	1.0	1.0	0
I14_OG001261	not significant	0.57257	1	1.0	1.0	1.0	0.875	0.875	0.2345
I14_OG001262	not significant	0.33451	1.0	0.7272727272727273	0.7272727272727273	0.0	0.40625	0.4375	0.3224
I14_OG001263	not significant	0.29287	0.5	0.5	0.5454545454545454	0.0	0.1875	0.1875	0.3379
I14_OG001264	not significant	0.94801	1	0.7272727272727273	0.7272727272727273	1.0	0.6875	0.6875	0.0428
I14_OG001269	not significant	0.74459	1	1.0	1.0	1.0	0.9375	0.9375	0.1626
I14_OG001270	not significant	0.74148	1	1.0	1.0	1.0	0.9375	0.9375	0.1626
I14_OG001272	not significant	0.75166	1	1.0	1.0	1.0	0.9375	0.9375	0.1626
I14_OG001273	not significant	1.0	1	1.0	1.0	1.0	1.0	1.0	0
I14_OG001274	not significant	0.86406	1.0	0.5909090909090909	0.6363636363636364	1.0	0.6875	0.6875	-0.1015
I14_OG001277	not significant	0.88338	0.0	0.4090909090909091	0.4545454545454546	0.0	0.3125	0.3125	0.1015
I14_OG001278	not significant	0.60429	1	0.5454545454545454	0.5454545454545454	0.0	0.3125	0.3125	0.233
I14_OG001281	not significant	0.29925	1	0.8181818181818182	0.9090909090909091	0.5	0.5	0.5	0.3374
I14_OG001282	not significant	0.95178	1	0.5909090909090909	0.6363636363636364	1.0	0.625	0.625	-0.035
I14_OG001283	not significant	0.74317	1	1.0	1.0	1.0	0.9375	0.9375	0.1626
I14_OG001285	not significant	0.64888	1.0	0.7272727272727273	0.7272727272727273	0.75	0.53125	0.5625	0.2015
I14_OG001286	not significant	1.0	1	1.0	1.0	1.0	1.0	1.0	0
I14_OG001287	not significant	0.21256	1	0.5454545454545454	0.5454545454545454	0.0	0.1875	0.1875	0.3731
I14_OG001288	not significant	0.47452	1.0	0.7272727272727273	0.8181818181818181	0.25	0.46875	0.5	0.2729
I14_OG001290	not significant	0.5804	0	0.2727272727272727	0.2727272727272727	0.0	0.125	0.125	0.1869
I14_OG001293	not significant	0.01545	1	1.0	1.0	1.0	0.625	0.625	0.4432
I14_OG001294	not significant	0.54698	1	0.6818181818181818	0.7272727272727273	0.0	0.4375	0.4375	0.2454
I14_OG001295	not significant	0.42853	1	1.0	1.0	1.0	0.8125	0.8125	0.2932
I14_OG001297	not significant	1.0	1	1.0	1.0	1.0	1.0	1.0	0
I14_OG001298	not significant	0.74768	1	1.0	1.0	1.0	0.9375	0.9375	0.1626
I14_OG001299	not significant	0.97408	1	0.7727272727272727	0.8181818181818181	1.0	0.75	0.75	0.0268
I14_OG001301	not significant	0.67751	1	0.6363636363636364	0.6363636363636364	0.0	0.4375	0.4375	0.1956
I14_OG001302	not significant	0.83424	0	0.36363636363636365	0.36363636363636365	0.5	0.5	0.5	-0.1348
I14_OG001307	not significant	0.79518	1	1.0	1.0	1.0	0.9375	0.9375	0.1626
I14_OG001309	not significant	0.85784	1	0.7272727272727273	0.7272727272727273	1.0	0.8125	0.8125	-0.1007
I14_OG001310	not significant	0.5634	1	0.8181818181818182	0.8181818181818181	1.0	0.59375	0.625	0.2427
I14_OG001311	not significant	0.92781	1	0.6363636363636364	0.6363636363636364	1.0	0.6875	0.6875	-0.0533
I14_OG001313	not significant	0.67587	0.0	0.4090909090909091	0.4545454545454546	0.0	0.21875	0.25	0.2146
I14_OG001317	not significant	0.67413	1.0	0.9090909090909091	0.9090909090909091	1.0	0.75	0.75	0.2012
I14_OG001320	not significant	0.08764	1	1.0	1.0	1.0	0.6875	0.6875	0.3953
I14_OG001321	not significant	0.87341	0.5	0.5909090909090909	0.7272727272727273	0.5	0.5	0.5	0.095
I14_OG001322	not significant	0.78727	1	0.7272727272727273	0.7272727272727273	1.0	0.59375	0.625	0.1403
I14_OG001324	not significant	1.0	1	1.0	1.0	1.0	1.0	1.0	0
I14_OG001326	not significant	0.27595	1	0.7272727272727273	0.7272727272727273	0.0	0.375	0.375	0.3464
I14_OG001328	not significant	0.92534	1	0.6363636363636364	0.7272727272727273	1.0	0.6875	0.6875	-0.0557
I14_OG001329	not significant	0.97649	1.0	0.5454545454545454	0.5454545454545454	1.0	0.5625	0.5625	-0.0169
I14_OG001330	not significant	0.99659	0	0.18181818181818182	0.18181818181818177	0.0	0.1875	0.1875	-0.0072
I14_OG001331	not significant	0.99969	1.0	0.9090909090909091	0.9090909090909091	1.0	0.90625	0.9375	0.0051
I14_OG001333	not significant	0.83274	0	0.3181818181818182	0.36363636363636365	0.0	0.21875	0.25	0.1173
I14_OG001334	not significant	0.85603	1	0.9545454545454546	1.0	1.0	0.90625	0.9375	0.1061
I14_OG001336	not significant	0.93381	1.0	0.7727272727272727	0.8181818181818181	1.0	0.8125	0.8125	-0.05
I14_OG001337	not significant	0.28283	1	1.0	1.0	1.0	0.75	0.75	0.3458
I14_OG001338	not significant	0.56965	1.0	0.9090909090909091	0.9090909090909091	1.0	1.0	1.0	-0.2365
I14_OG001339	not significant	0.92452	1.0	0.6818181818181818	0.7272727272727273	1.0	0.625	0.625	0.0597
I14_OG001340	not significant	0.86323	1	0.9090909090909091	0.9090909090909091	1.0	0.84375	0.875	0.0998
I14_OG001346	not significant	1.0	1	1.0	1.0	1.0	1.0	1.0	0
I14_OG001347	not significant	0.75595	1	1.0	1.0	1.0	0.9375	0.9375	0.1626
I14_OG001348	not significant	0.27924	1	1.0	1.0	1.0	0.75	0.75	0.3458
I14_OG001349	not significant	0.9729	1.0	0.7272727272727273	0.7272727272727273	1.0	0.75	0.75	-0.0255
I14_OG001353	not significant	0.2017	1	0.8181818181818182	0.8181818181818181	0.0	0.4375	0.4375	0.3807
I14_OG001354	not significant	0.79034	1.0	0.6363636363636364	0.6363636363636364	0.5	0.5	0.5	0.1348
I14_OG001356	not significant	0.73935	1	1.0	1.0	1.0	0.96875	1.0	0.1626
I14_OG001357	not significant	1.0	1	1.0	1.0	1.0	1.0	1.0	0
I14_OG001358	not significant	1.0	1	1.0	1.0	1.0	1.0	1.0	0
I14_OG001359	not significant	1.0	1	1.0	1.0	1.0	1.0	1.0	0
I14_OG001361	not significant	0.57098	1	1.0	1.0	1.0	0.875	0.875	0.2345
I14_OG001362	not significant	0.43371	1	1.0	1.0	1.0	0.8125	0.8125	0.2932
I14_OG001363	not significant	0.62826	1	0.5454545454545454	0.5454545454545454	1.0	0.75	0.75	-0.2132
I14_OG001366	not significant	0.59907	0	0.2727272727272727	0.2727272727272727	0.5	0.5	0.5	-0.2273
I14_OG001367	not significant	0.60163	0	0.45454545454545453	0.4545454545454546	0.0	0.25	0.25	0.2132
I14_OG001371	not significant	0.34418	1.0	0.9090909090909091	0.9090909090909091	1.0	0.625	0.625	0.3185
I14_OG001372	not significant	1.0	1	1.0	1.0	1.0	1.0	1.0	0
I14_OG001373	not significant	0.97612	1.0	0.5454545454545454	0.5454545454545454	1.0	0.5625	0.5625	-0.0169
I14_OG001375	not significant	0.90019	0	0.13636363636363635	0.18181818181818177	0.0	0.1875	0.1875	-0.0698
I14_OG001376	not significant	0.85001	0.0	0.4090909090909091	0.4545454545454546	0.0	0.3125	0.3125	0.1015
I14_OG001380	not significant	0.54762	0	0.4090909090909091	0.4545454545454546	0.0	0.1875	0.1875	0.2489
I14_OG001382	not significant	0.43147	1	1.0	1.0	1.0	0.8125	0.8125	0.2932
I14_OG001383	not significant	1.0	1	1.0	1.0	1.0	1.0	1.0	0
I14_OG001384	not significant	1.0	1	1.0	1.0	1.0	1.0	1.0	0
I14_OG001385	not significant	0.56595	1.0	0.9090909090909091	0.9090909090909091	1.0	1.0	1.0	-0.2365
I14_OG001386	not significant	0.57236	1.0	0.9090909090909091	0.9090909090909091	1.0	1.0	1.0	-0.2365
I14_OG001387	not significant	0.07835	1.0	0.8181818181818182	0.8181818181818181	0.0	0.375	0.375	0.4382
I14_OG001391	not significant	0.68878	0	0.3181818181818182	0.36363636363636365	0.5	0.5	0.5	-0.1842
I14_OG001393	not significant	0.455	1	0.7727272727272727	0.8181818181818181	0.5	0.5	0.5	0.2804
I14_OG001394	not significant	0.7544	0.0	0.4090909090909091	0.4545454545454546	0.5	0.5	0.5	-0.0913
I14_OG001396	not significant	0.34234	1.0	0.9090909090909091	0.9090909090909091	1.0	0.625	0.625	0.3185
I14_OG001397	not significant	0.427	1	1.0	1.0	1.0	0.8125	0.8125	0.2932
I14_OG001398	not significant	0.91651	1.0	0.9090909090909091	0.9090909090909091	1.0	0.9375	1.0	-0.0624
I14_OG001399	not significant	0.79513	1.0	0.8636363636363636	0.9090909090909091	1.0	0.75	0.75	0.1428
I14_OG001400	not significant	1.0	1	1.0	1.0	1.0	1.0	1.0	0
I14_OG001404	not significant	0.56418	1	1.0	1.0	1.0	0.875	0.875	0.2345
I14_OG001405	not significant	1.0	1	1.0	1.0	1.0	1.0	1.0	0
I14_OG001407	not significant	0.48453	1	0.8636363636363636	0.9090909090909091	1.0	0.625	0.625	0.268
I14_OG001409	not significant	0.68612	0	0.2727272727272727	0.36363636363636365	0.25	0.4375	0.5	-0.1828
I14_OG001413	not significant	0.32417	1	1.0	1.0	1.0	0.78125	0.8125	0.334
I14_OG001414	not significant	1.0	1	1.0	1.0	1.0	1.0	1.0	0
I14_OG001415	not significant	0.43167	1	0.7272727272727273	0.7272727272727273	0.0	0.4375	0.4375	0.2865
I14_OG001416	not significant	0.49329	1	0.8181818181818182	0.8181818181818181	1.0	0.5625	0.5625	0.2665
I14_OG001417	not significant	0.22515	1	0.9090909090909091	0.9090909090909091	1.0	0.5625	0.5625	0.373
I14_OG001419	not significant	0.574	1	0.5454545454545454	0.5454545454545454	0.0	0.3125	0.3125	0.233
I14_OG001420	not significant	0.6174	1.0	0.5909090909090909	0.6363636363636364	0.0	0.375	0.375	0.2168
I14_OG001422	not significant	0.7352	1	1.0	1.0	1.0	0.96875	1.0	0.1626
I14_OG001423	not significant	0.73256	1	1.0	1.0	1.0	0.96875	1.0	0.1626
I14_OG001424	not significant	1.0	1	1.0	1.0	1.0	1.0	1.0	0
I14_OG001425	not significant	1.0	1	1.0	1.0	1.0	1.0	1.0	0
I14_OG001426	not significant	0.73367	1	1.0	1.0	1.0	0.9375	0.9375	0.1626
I14_OG001427	not significant	0.50449	1.0	0.9090909090909091	0.9090909090909091	1.0	0.6875	0.6875	0.2619
I14_OG001428	not significant	1.0	1	1.0	1.0	1.0	1.0	1.0	0
I14_OG001429	not significant	1.0	1	1.0	1.0	1.0	1.0	1.0	0
I14_OG001430	not significant	0.3649	1	1.0	1.0	1.0	0.8125	0.8125	0.2932
I14_OG001431	not significant	0.76877	1	0.6818181818181818	0.7272727272727273	0.75	0.53125	0.5625	0.1567
I14_OG001432	not significant	1.0	1	1.0	1.0	1.0	1.0	1.0	0
I14_OG001433	not significant	0.54918	0.5	0.5909090909090909	0.7272727272727273	0.0	0.375	0.375	0.2257
I14_OG001435	not significant	1.0	1	1.0	1.0	1.0	1.0	1.0	0
I14_OG001436	not significant	1.0	1	1.0	1.0	1.0	1.0	1.0	0
I14_OG001437	not significant	0.10857	1.0	0.9090909090909091	0.9090909090909091	0.5	0.5	0.5	0.4264
I14_OG001439	not significant	0.585	1	0.7272727272727273	0.7272727272727273	0.5	0.5	0.5	0.2273
I14_OG001440	not significant	0.7326	1	1.0	1.0	1.0	0.96875	1.0	0.1626
I14_OG001441	not significant	0.48941	1	0.8181818181818182	0.8181818181818181	1.0	0.5625	0.5625	0.2665
I14_OG001443	not significant	0.40234	0.0	0.36363636363636365	0.4545454545454546	0.0	0.125	0.125	0.2985
I14_OG001446	not significant	0.94637	1.0	0.7272727272727273	0.7272727272727273	1.0	0.6875	0.6875	0.0428
I14_OG001447	not significant	0.92479	1	0.6363636363636364	0.6363636363636364	1.0	0.6875	0.6875	-0.0533
I14_OG001449	not significant	0.61143	1	1.0	1.0	1.0	0.90625	0.9375	0.2216
I14_OG001450	not significant	0.99923	1.0	0.9090909090909091	0.9090909090909091	1.0	0.90625	0.9375	0.0051
I14_OG001452	not significant	0.73546	1	1.0	1.0	1.0	0.9375	0.9375	0.1626
I14_OG001453	not significant	1.0	1	1.0	1.0	1.0	1.0	1.0	0
I14_OG001454	not significant	0.8893	1	0.8181818181818182	0.8181818181818181	1.0	0.75	0.75	0.0806
I14_OG001456	not significant	1.0	1	1.0	1.0	1.0	1.0	1.0	0
I14_OG001457	not significant	0.47158	1	0.9545454545454546	1.0	1.0	0.75	0.75	0.2791
I14_OG001458	not significant	0.43096	1	1.0	1.0	1.0	0.8125	0.8125	0.2932
I14_OG001459	not significant	0.83787	1.0	0.9090909090909091	0.9090909090909091	1.0	0.8125	0.8125	0.1336
I14_OG001460	not significant	1.0	1	1.0	1.0	1.0	1.0	1.0	0
I14_OG001462	not significant	0.73184	1	1.0	1.0	1.0	0.9375	0.9375	0.1626
I14_OG001463	not significant	0.39584	0.0	0.45454545454545453	0.4545454545454546	1.0	0.75	0.75	-0.3006
I14_OG001464	not significant	0.77236	1.0	0.8636363636363636	0.9090909090909091	1.0	0.75	0.75	0.1428
I14_OG001465	not significant	0.9756	1	0.5454545454545454	0.5454545454545454	0.75	0.53125	0.5625	0.0143
I14_OG001466	not significant	0.77526	1	0.8636363636363636	0.9090909090909091	1.0	0.9375	0.9375	-0.1327
I14_OG001469	not significant	0.93785	1.0	0.9090909090909091	0.9090909090909091	1.0	0.875	0.875	0.0533
I14_OG001471	not significant	0.92259	1.0	0.9090909090909091	1.0	1.0	0.875	0.875	0.0591
I14_OG001472	not significant	0.85963	1	0.5909090909090909	0.6363636363636364	1.0	0.6875	0.6875	-0.1015
I14_OG001473	not significant	0.64578	0	0.13636363636363635	0.18181818181818177	0.0	0.3125	0.3125	-0.2078
I14_OG001474	not significant	0.88246	0	0.18181818181818182	0.18181818181818177	0.0	0.25	0.25	-0.0806
I14_OG001475	not significant	0.9276	1.0	0.9090909090909091	0.9090909090909091	1.0	0.9375	0.9375	-0.0533
I14_OG001476	not significant	0.49912	1.0	0.5454545454545454	0.5454545454545454	0.0	0.375	0.375	0.1685
I14_OG001478	not significant	1.0	1	1.0	1.0	1.0	1.0	1.0	0
I14_OG001479	not significant	1.0	1	1.0	1.0	1.0	1.0	1.0	0
I14_OG001480	not significant	0.92666	1.0	0.9090909090909091	0.9090909090909091	1.0	0.9375	0.9375	-0.0533
I14_OG001481	not significant	0.63055	1	0.8636363636363636	0.9090909090909091	1.0	0.6875	0.6875	0.2078
I14_OG001482	not significant	0.41652	1	1.0	1.0	1.0	0.8125	0.8125	0.2932
I14_OG001483	not significant	1.0	1	1.0	1.0	1.0	1.0	1.0	0
I14_OG001484	not significant	0.43494	1	1.0	1.0	1.0	0.8125	0.8125	0.2932
I14_OG001485	not significant	0.91387	0.5	0.5	0.5454545454545454	1.0	0.5625	0.5625	-0.0628
I14_OG001488	not significant	1.0	1	1.0	1.0	1.0	1.0	1.0	0
I14_OG001489	not significant	0.22724	1	0.9090909090909091	0.9090909090909091	1.0	0.5625	0.5625	0.373
I14_OG001491	not significant	1.0	1	1.0	1.0	1.0	1.0	1.0	0
I14_OG001492	not significant	1.0	1	1.0	1.0	1.0	1.0	1.0	0
I14_OG001493	not significant	0.77575	1.0	0.9090909090909091	0.9090909090909091	1.0	0.96875	1.0	-0.141
I14_OG001494	not significant	1.0	1	1.0	1.0	1.0	1.0	1.0	0
I14_OG001495	not significant	0.4338	1	1.0	1.0	1.0	0.8125	0.8125	0.2932
I14_OG001497	not significant	0.47837	1.0	0.9090909090909091	0.9090909090909091	1.0	0.6875	0.6875	0.2619
I14_OG001499	not significant	0.98177	0.0	0.36363636363636365	0.4545454545454546	0.0	0.375	0.375	-0.0121
I14_OG001503	not significant	0.90286	0	0.18181818181818182	0.18181818181818177	0.0	0.125	0.125	0.0786
I14_OG001504	not significant	0.7306	1	1.0	1.0	1.0	0.96875	1.0	0.1626
I14_OG001505	not significant	0.22747	1.0	0.9090909090909091	0.9090909090909091	1.0	0.5625	0.5625	0.373
I14_OG001506	not significant	1.0	1	1.0	1.0	1.0	1.0	1.0	0
I14_OG001508	not significant	0.1005	1	1.0	1.0	1.0	0.625	0.625	0.4432
I14_OG001509	not significant	0.79225	0.0	0.4090909090909091	0.4545454545454546	0.0	0.28125	0.3125	0.1392
I14_OG001510	not significant	0.86688	0	0.2727272727272727	0.2727272727272727	0.0	0.1875	0.1875	0.1007
I14_OG001511	not significant	0.04629	1	0.9545454545454546	1.0	0.5	0.5	0.5	0.4915
I14_OG001512	not significant	0.66857	1	0.8636363636363636	0.9090909090909091	1.0	0.6875	0.6875	0.2078
I14_OG001514	not significant	0.0667	1.0	0.8636363636363636	1.0	0.5	0.5	0.5	0.3993
I14_OG001515	not significant	0.88139	1	0.6818181818181818	0.7272727272727273	1.0	0.59375	0.625	0.0934
I14_OG001517	not significant	0.93602	1.0	0.9090909090909091	0.9090909090909091	1.0	0.875	0.875	0.0533
I14_OG001518	not significant	0.18136	1	1.0	1.0	1.0	0.6875	0.6875	0.3953
I14_OG001520	not significant	0.93128	1.0	0.9090909090909091	0.9090909090909091	1.0	0.875	0.875	0.0533
I14_OG001521	not significant	0.73252	1	1.0	1.0	1.0	0.9375	0.9375	0.1626
I14_OG001524	not significant	1.0	1	1.0	1.0	1.0	1.0	1.0	0
I14_OG001525	not significant	0.8091	0	0.36363636363636365	0.36363636363636365	0.0	0.25	0.25	0.1223
I14_OG001526	not significant	1.0	1	1.0	1.0	1.0	1.0	1.0	0
I14_OG001527	not significant	0.91928	1	0.6363636363636364	0.7272727272727273	1.0	0.6875	0.6875	-0.0557
I14_OG001528	not significant	0.73063	1	1.0	1.0	1.0	0.96875	1.0	0.1626
I14_OG001530	not significant	1.0	1	1.0	1.0	1.0	1.0	1.0	0
I14_OG001531	not significant	0.583	1.0	0.7272727272727273	0.7272727272727273	0.5	0.5	0.5	0.2273
I14_OG001532	not significant	0.7374	1	1.0	1.0	1.0	0.96875	1.0	0.1626
I14_OG001533	not significant	1.0	1	1.0	1.0	1.0	1.0	1.0	0
I14_OG001534	not significant	1.0	1	1.0	1.0	1.0	1.0	1.0	0
I14_OG001535	not significant	0.13212	1	0.8636363636363636	0.9090909090909091	1.0	0.5625	0.5625	0.3257
I14_OG001537	not significant	0.34702	1	0.7272727272727273	0.8181818181818181	0.5	0.5	0.5	0.2365
I14_OG001538	not significant	0.94964	0.0	0.45454545454545453	0.4545454545454546	0.5	0.5	0.5	-0.0447
I14_OG001540	not significant	0.73376	1	1.0	1.0	1.0	0.9375	0.9375	0.1626
I14_OG001541	not significant	0.7711	1.0	0.5454545454545454	0.5454545454545454	1.0	0.6875	0.6875	-0.1445
I14_OG001542	not significant	0.88821	1	0.8181818181818182	0.8181818181818181	1.0	0.875	0.875	-0.0786
I14_OG001543	not significant	0.56004	1	1.0	1.0	1.0	0.875	0.875	0.2345
I14_OG001544	not significant	0.73578	1	1.0	1.0	1.0	0.9375	0.9375	0.1626
I14_OG001545	not significant	0.55977	1	1.0	1.0	1.0	0.9375	1.0	0.2345
I14_OG001547	not significant	1.0	1	1.0	1.0	1.0	1.0	1.0	0
I14_OG001548	not significant	0.41284	1	1.0	1.0	1.0	0.8125	0.8125	0.2932
I14_OG001549	not significant	0.73072	1	1.0	1.0	1.0	0.96875	1.0	0.1626
I14_OG001550	not significant	0.92574	1	0.9545454545454546	1.0	1.0	0.96875	1.0	-0.0533
I14_OG001551	not significant	1.0	1	1.0	1.0	1.0	1.0	1.0	0
I14_OG001552	not significant	0.73141	1	1.0	1.0	1.0	0.96875	1.0	0.1626
I14_OG001553	not significant	0.92319	1.0	0.9090909090909091	0.9090909090909091	1.0	0.875	0.875	0.0533
I14_OG001554	not significant	0.68341	1	0.9090909090909091	0.9090909090909091	1.0	0.75	0.75	0.2012
I14_OG001555	not significant	0.12423	0	0.2727272727272727	0.2727272727272727	0.0	0.0	0.0	0.4264
I14_OG001559	not significant	0.60208	1	1.0	1.0	1.0	0.875	0.875	0.2345
I14_OG001560	not significant	1.0	1	1.0	1.0	1.0	1.0	1.0	0
I14_OG001561	not significant	1.0	1	1.0	1.0	1.0	1.0	1.0	0
I14_OG001562	not significant	0.56993	1	1.0	1.0	1.0	0.875	0.875	0.2345
I14_OG001563	not significant	0.41081	1	1.0	1.0	1.0	0.8125	0.8125	0.2932
I14_OG001564	not significant	1.0	1	1.0	1.0	1.0	1.0	1.0	0
I14_OG001565	not significant	0.7684	1	0.9545454545454546	1.0	1.0	0.875	0.875	0.1429
I14_OG001566	not significant	1.0	1	1.0	1.0	1.0	1.0	1.0	0
I14_OG001567	not significant	0.55765	1.0	0.9090909090909091	0.9090909090909091	1.0	1.0	1.0	-0.2365
I14_OG001570	not significant	0.72893	1	1.0	1.0	1.0	0.96875	1.0	0.1626
I14_OG001576	not significant	0.08347	1.0	0.9090909090909091	0.9090909090909091	0.25	0.46875	0.5	0.4626
I14_OG001577	not significant	0.22981	1	0.9090909090909091	0.9090909090909091	1.0	0.5625	0.5625	0.373
I14_OG001578	not significant	1.0	1	1.0	1.0	1.0	1.0	1.0	0
I14_OG001579	not significant	0.87282	0	0.2727272727272727	0.2727272727272727	0.0	0.1875	0.1875	0.1007
I14_OG001580	not significant	0.97328	1	0.7727272727272727	0.8181818181818181	1.0	0.75	0.75	0.0268
I14_OG001581	not significant	1.0	1	1.0	1.0	1.0	1.0	1.0	0
I14_OG001582	not significant	0.99906	0	0.3181818181818182	0.36363636363636365	0.0	0.3125	0.3125	0.0061
I14_OG001583	not significant	0.97285	0	0.2727272727272727	0.2727272727272727	0.0	0.25	0.25	0.0255
I14_OG001584	not significant	0.74652	1	0.5909090909090909	0.6363636363636364	0.0	0.4375	0.4375	0.1536
I14_OG001587	not significant	0.42567	1	1.0	1.0	1.0	0.8125	0.8125	0.2932
I14_OG001588	not significant	0.89121	1	0.8181818181818182	0.8181818181818181	1.0	0.75	0.75	0.0806
I14_OG001589	not significant	0.80522	1	0.6363636363636364	0.6363636363636364	0.5	0.5	0.5	0.1348
I14_OG001590	not significant	0.40771	1	0.9090909090909091	0.9090909090909091	1.0	0.65625	0.6875	0.2982
I14_OG001591	not significant	1.0	1	1.0	1.0	1.0	1.0	1.0	0
I14_OG001592	not significant	1.0	1	1.0	1.0	1.0	1.0	1.0	0
I14_OG001594	not significant	0.84571	1.0	0.7272727272727273	0.7272727272727273	1.0	0.625	0.625	0.1066
I14_OG001595	not significant	0.69978	0.5	0.5454545454545454	0.6363636363636364	0.0	0.375	0.375	0.1752
I14_OG001596	not significant	0.92128	1.0	0.6818181818181818	0.7272727272727273	1.0	0.625	0.625	0.0597
I14_OG001598	not significant	0.32904	1.0	0.8636363636363636	0.9090909090909091	1.0	0.5625	0.5625	0.3257
I14_OG001604	not significant	0.40655	1	1.0	1.0	1.0	0.8125	0.8125	0.2932
I14_OG001606	not significant	1.0	1	1.0	1.0	1.0	1.0	1.0	0
I14_OG001608	not significant	0.89431	1.0	0.8636363636363636	0.9090909090909091	1.0	0.8125	0.8125	0.0698
I14_OG001609	not significant	0.92184	1.0	0.9090909090909091	0.9090909090909091	1.0	0.9375	0.9375	-0.0533
I14_OG001610	not significant	0.57001	1.0	0.9090909090909091	0.9090909090909091	1.0	1.0	1.0	-0.2365
I14_OG001611	not significant	0.73429	1	1.0	1.0	1.0	0.9375	0.9375	0.1626
I14_OG001612	not significant	0.57719	1	1.0	1.0	1.0	0.90625	0.9375	0.2216
I14_OG001614	not significant	0.9496	1.0	0.9090909090909091	0.9090909090909091	1.0	0.9375	0.9375	-0.0533
I14_OG001615	not significant	0.97468	1	0.7727272727272727	0.8181818181818181	1.0	0.75	0.75	0.0268
I14_OG001616	not significant	0.083	0.0	0.45454545454545453	0.4545454545454546	0.0	0.0625	0.0625	0.4633
I14_OG001618	not significant	0.31846	0.0	0.4090909090909091	0.4545454545454546	0.0	0.125	0.125	0.3351
I14_OG001621	not significant	1.0	1	1.0	1.0	1.0	1.0	1.0	0
I14_OG001623	not significant	0.32874	1	0.8636363636363636	0.9090909090909091	1.0	0.5625	0.5625	0.3257
I14_OG001624	not significant	0.7669	1.0	0.8636363636363636	0.9090909090909091	1.0	0.75	0.75	0.1428
I14_OG001625	not significant	1.0	1	1.0	1.0	1.0	1.0	1.0	0
I14_OG001627	not significant	0.72466	1	1.0	1.0	1.0	0.96875	1.0	0.1626
I14_OG001628	not significant	0.49898	1.0	0.9090909090909091	0.9090909090909091	1.0	0.6875	0.6875	0.2619
I14_OG001629	not significant	0.31694	1	1.0	1.0	1.0	0.78125	0.8125	0.334
I14_OG001630	not significant	0.84583	1.0	0.8636363636363636	0.9090909090909091	1.0	0.78125	0.8125	0.1113
I14_OG001631	not significant	0.59753	1	1.0	1.0	1.0	0.875	0.875	0.2345
I14_OG001633	not significant	0.72774	1	1.0	1.0	1.0	0.9375	0.9375	0.1626
I14_OG001635	not significant	0.60406	1	1.0	1.0	1.0	0.875	0.875	0.2345
I14_OG001636	not significant	0.48512	1.0	0.9090909090909091	0.9090909090909091	1.0	0.6875	0.6875	0.2619
I14_OG001637	not significant	0.80525	1.0	0.9090909090909091	0.9090909090909091	1.0	0.96875	1.0	-0.141
I14_OG001639	not significant	0.48396	1	0.7272727272727273	0.8181818181818181	0.25	0.46875	0.5	0.2729
I14_OG001640	not significant	0.94735	0	0.2727272727272727	0.2727272727272727	0.0	0.3125	0.3125	-0.0428
I14_OG001643	not significant	0.55523	1	1.0	1.0	1.0	0.875	0.875	0.2345
I14_OG001644	not significant	0.55497	1.0	0.9090909090909091	0.9090909090909091	1.0	1.0	1.0	-0.2365
I14_OG001645	not significant	0.41161	1	1.0	1.0	1.0	0.8125	0.8125	0.2932
I14_OG001646	not significant	0.8353	1	0.5454545454545454	0.5454545454545454	0.0	0.4375	0.4375	0.1062
I14_OG001647	not significant	1.0	1	1.0	1.0	1.0	1.0	1.0	0
I14_OG001648	not significant	1.0	1	1.0	1.0	1.0	1.0	1.0	0
I14_OG001651	not significant	0.94446	1	0.9545454545454546	1.0	1.0	0.9375	0.9375	0.0403
I14_OG001652	not significant	0.77592	0	0.36363636363636365	0.36363636363636365	0.5	0.5	0.5	-0.1348
I14_OG001653	not significant	1.0	1	1.0	1.0	1.0	1.0	1.0	0
I14_OG001654	not significant	0.73104	1	1.0	1.0	1.0	0.9375	0.9375	0.1626
I14_OG001656	not significant	1.0	1	1.0	1.0	1.0	1.0	1.0	0
I14_OG001657	not significant	1.0	1	1.0	1.0	1.0	1.0	1.0	0
I14_OG001658	not significant	0.41832	1	1.0	1.0	1.0	0.8125	0.8125	0.2932
I14_OG001659	not significant	0.54821	1	1.0	1.0	1.0	0.875	0.875	0.2345
I14_OG001661	not significant	0.90873	0.5	0.5	0.5454545454545454	0.0	0.4375	0.4375	0.0628
I14_OG001662	not significant	0.76023	1	0.7727272727272727	0.8181818181818181	1.0	0.625	0.625	0.1598
I14_OG001663	not significant	0.77356	1	0.8181818181818182	0.8181818181818181	1.0	0.6875	0.6875	0.1465
I14_OG001664	not significant	0.99667	1	0.8181818181818182	0.8181818181818181	1.0	0.8125	0.8125	0.0072
I14_OG001665	not significant	0.97611	0.5	0.45454545454545453	0.5454545454545454	0.25	0.46875	0.5	-0.0149
I14_OG001666	not significant	0.66954	0	0.2727272727272727	0.2727272727272727	0.0	0.125	0.125	0.1869
I14_OG001668	not significant	1.0	1	1.0	1.0	1.0	1.0	1.0	0
I14_OG001669	not significant	0.33968	1	0.9090909090909091	0.9090909090909091	1.0	0.625	0.625	0.3185
I14_OG001672	not significant	0.72456	1	1.0	1.0	1.0	0.9375	0.9375	0.1626
I14_OG001673	not significant	0.74032	1	1.0	1.0	1.0	0.9375	0.9375	0.1626
I14_OG001674	not significant	0.55158	1.0	0.9090909090909091	0.9090909090909091	1.0	1.0	1.0	-0.2365
I14_OG001675	not significant	0.94154	1.0	0.7272727272727273	0.7272727272727273	1.0	0.6875	0.6875	0.0428
I14_OG001676	not significant	0.72619	1	1.0	1.0	1.0	0.96875	1.0	0.1626
I14_OG001677	not significant	0.72372	1	1.0	1.0	1.0	0.9375	0.9375	0.1626
I14_OG001679	not significant	0.5542	1	1.0	1.0	1.0	0.875	0.875	0.2345
I14_OG001681	not significant	0.80219	1.0	0.8181818181818182	0.8181818181818181	1.0	0.6875	0.6875	0.1465
I14_OG001683	not significant	1.0	1	1.0	1.0	1.0	1.0	1.0	0
I14_OG001684	not significant	0.72823	1	1.0	1.0	1.0	0.9375	0.9375	0.1626
I14_OG001686	not significant	1.0	1	1.0	1.0	1.0	1.0	1.0	0
I14_OG001687	not significant	0.61025	1	0.9090909090909091	1.0	1.0	0.75	0.75	0.2149
I14_OG001688	not significant	0.72551	1	1.0	1.0	1.0	0.96875	1.0	0.1626
I14_OG001689	not significant	0.72323	1	1.0	1.0	1.0	0.96875	1.0	0.1626
I14_OG001690	not significant	0.5609	1.0	0.9090909090909091	0.9090909090909091	1.0	1.0	1.0	-0.2365
I14_OG001692	not significant	0.76154	1.0	0.8181818181818182	0.8181818181818181	1.0	0.6875	0.6875	0.1465
I14_OG001697	not significant	0.28234	1	1.0	1.0	1.0	0.75	0.75	0.3458
I14_OG001698	not significant	1.0	1	1.0	1.0	1.0	1.0	1.0	0
I14_OG001699	not significant	0.9693	0	0.2727272727272727	0.2727272727272727	0.0	0.25	0.25	0.0255
I14_OG001700	not significant	1.0	1	1.0	1.0	1.0	1.0	1.0	0
I14_OG001701	not significant	0.42003	1	0.7272727272727273	0.7272727272727273	0.0	0.4375	0.4375	0.2865
I14_OG001702	not significant	0.63457	1	0.9090909090909091	0.9090909090909091	1.0	0.75	0.75	0.2012
I14_OG001703	not significant	1.0	1	1.0	1.0	1.0	1.0	1.0	0
I14_OG001704	not significant	0.5484	1	1.0	1.0	1.0	0.875	0.875	0.2345
I14_OG001706	not significant	0.9927	1.0	0.8181818181818182	0.8181818181818181	1.0	0.8125	0.8125	0.0072
I14_OG001708	not significant	0.85366	1.0	0.5454545454545454	0.5454545454545454	0.0	0.4375	0.4375	0.1062
I14_OG001709	not significant	0.72854	1	1.0	1.0	1.0	0.9375	0.9375	0.1626
I14_OG001710	not significant	1.0	1	1.0	1.0	1.0	1.0	1.0	0
I14_OG001711	not significant	0.73247	1	1.0	1.0	1.0	0.9375	0.9375	0.1626
I14_OG001712	not significant	0.96092	0.0	0.4090909090909091	0.4545454545454546	0.0	0.4375	0.4375	-0.0288
I14_OG001713	not significant	0.6659	1.0	0.8181818181818182	0.8181818181818181	1.0	0.9375	0.9375	-0.1866
I14_OG001714	not significant	0.62301	1.0	0.8181818181818182	0.9090909090909091	1.0	0.625	0.625	0.2178
I14_OG001715	not significant	0.4214	1	1.0	1.0	1.0	0.8125	0.8125	0.2932
I14_OG001716	not significant	0.31637	1	1.0	1.0	1.0	0.78125	0.8125	0.334
I14_OG001718	not significant	0.77715	1	0.9090909090909091	0.9090909090909091	1.0	0.8125	0.8125	0.1336
I14_OG001719	not significant	0.63533	1.0	0.9090909090909091	0.9090909090909091	1.0	0.75	0.75	0.2012
I14_OG001720	not significant	0.34445	1	0.9090909090909091	0.9090909090909091	1.0	0.625	0.625	0.3185
I14_OG001721	not significant	0.93827	1	0.7272727272727273	0.8181818181818181	1.0	0.6875	0.6875	0.0448
I14_OG001723	not significant	0.93491	0	0.22727272727272727	0.2727272727272727	0.0	0.1875	0.1875	0.05
I14_OG001725	not significant	0.95108	1.0	0.9090909090909091	0.9090909090909091	1.0	0.9375	0.9375	-0.0533
I14_OG001726	not significant	0.72384	1	1.0	1.0	1.0	0.96875	1.0	0.1626
I14_OG001727	not significant	1.0	1	1.0	1.0	1.0	1.0	1.0	0
I14_OG001728	not significant	0.40571	1	1.0	1.0	1.0	0.8125	0.8125	0.2932
I14_OG001729	not significant	0.72035	1	1.0	1.0	1.0	0.9375	0.9375	0.1626
I14_OG001731	not significant	0.88666	1	0.8181818181818182	0.8181818181818181	1.0	0.875	0.875	-0.0786
I14_OG001732	not significant	0.9755	0.5	0.5454545454545454	0.6363636363636364	1.0	0.5625	0.5625	-0.0175
I14_OG001733	not significant	0.59172	0	0.2727272727272727	0.2727272727272727	0.5	0.5	0.5	-0.2273
I14_OG001737	not significant	0.88533	1.0	0.5454545454545454	0.5454545454545454	1.0	0.625	0.625	-0.0795
I14_OG001738	not significant	1.0	1	1.0	1.0	1.0	1.0	1.0	0
I14_OG001739	not significant	1.0	1	1.0	1.0	1.0	1.0	1.0	0
I14_OG001740	not significant	0.22818	1.0	0.9090909090909091	0.9090909090909091	1.0	0.5625	0.5625	0.373
I14_OG001742	not significant	0.54517	1.0	0.9090909090909091	0.9090909090909091	1.0	1.0	1.0	-0.2365
I14_OG001743	not significant	0.94846	1	0.8181818181818182	0.8181818181818181	1.0	0.78125	0.8125	0.0464
I14_OG001744	not significant	0.01548	1	0.7272727272727273	0.7272727272727273	0.0	0.1875	0.1875	0.5398
I14_OG001745	not significant	1.0	1	1.0	1.0	1.0	1.0	1.0	0
I14_OG001746	not significant	1.0	1	1.0	1.0	1.0	1.0	1.0	0
I14_OG001747	not significant	0.7202	1	1.0	1.0	1.0	0.96875	1.0	0.1626
I14_OG001748	not significant	0.98343	0	0.22727272727272727	0.2727272727272727	0.0	0.21875	0.25	0.0107
I14_OG001751	not significant	1.0	1	1.0	1.0	1.0	1.0	1.0	0
I14_OG001752	not significant	0.92066	1.0	0.9090909090909091	0.9090909090909091	1.0	0.9375	0.9375	-0.0533
I14_OG001754	not significant	1.0	1	1.0	1.0	1.0	1.0	1.0	0
I14_OG001755	not significant	0.63362	1.0	0.9090909090909091	0.9090909090909091	1.0	0.75	0.75	0.2012
I14_OG001756	not significant	1.0	1	1.0	1.0	1.0	1.0	1.0	0
I14_OG001757	not significant	1.0	1	1.0	1.0	1.0	1.0	1.0	0
I14_OG001758	not significant	1.0	1	1.0	1.0	1.0	1.0	1.0	0
I14_OG001759	not significant	0.28423	1	0.9090909090909091	0.9090909090909091	1.0	0.625	0.625	0.3185
I14_OG001761	not significant	0.98002	0	0.13636363636363635	0.18181818181818177	0.0	0.125	0.125	0.0174
I14_OG001762	not significant	0.79436	0	0.36363636363636365	0.36363636363636365	0.5	0.5	0.5	-0.1348
I14_OG001763	not significant	0.42601	1.0	0.7272727272727273	0.7272727272727273	0.0	0.4375	0.4375	0.2865
I14_OG001766	not significant	0.69053	0	0.18181818181818182	0.18181818181818177	0.0	0.34375	0.375	-0.1819
I14_OG001767	not significant	0.55177	1	0.6818181818181818	0.7272727272727273	0.0	0.4375	0.4375	0.2454
I14_OG001768	not significant	0.32506	1	1.0	1.0	1.0	0.78125	0.8125	0.334
I14_OG001769	not significant	0.70533	1	0.7272727272727273	0.7272727272727273	1.0	0.5625	0.5625	0.1677
I14_OG001770	not significant	0.95325	1	0.5909090909090909	0.6363636363636364	1.0	0.625	0.625	-0.035
I14_OG001772	not significant	0.78025	1.0	0.9090909090909091	0.9090909090909091	1.0	0.96875	1.0	-0.141
I14_OG001773	not significant	0.31386	1	1.0	1.0	1.0	0.78125	0.8125	0.334
I14_OG001774	not significant	0.20013	1	0.9545454545454546	1.0	1.0	0.625	0.625	0.3887
I14_OG001775	not significant	1.0	1	1.0	1.0	1.0	1.0	1.0	0
I14_OG001776	not significant	0.71962	1	1.0	1.0	1.0	0.96875	1.0	0.1626
I14_OG001777	not significant	0.40204	1	1.0	1.0	1.0	0.8125	0.8125	0.2932
I14_OG001780	not significant	0.06807	1	1.0	1.0	1.0	0.6875	0.6875	0.3953
I14_OG001785	not significant	0.38745	0	0.22727272727272727	0.2727272727272727	0.5	0.5	0.5	-0.2804
I14_OG001789	not significant	0.43021	1	1.0	1.0	1.0	0.8125	0.8125	0.2932
I14_OG001790	not significant	0.57082	1	1.0	1.0	1.0	0.875	0.875	0.2345
I14_OG001791	not significant	0.72947	1	1.0	1.0	1.0	0.9375	0.9375	0.1626
I14_OG001792	not significant	0.71961	1	1.0	1.0	1.0	0.9375	0.9375	0.1626
I14_OG001793	not significant	0.20331	1	1.0	1.0	1.0	0.71875	0.75	0.3838
I14_OG001794	not significant	0.64753	1	1.0	1.0	1.0	0.90625	0.9375	0.2216
I14_OG001796	not significant	0.80278	0	0.36363636363636365	0.36363636363636365	0.0	0.25	0.25	0.1223
I14_OG001798	not significant	0.97323	1	0.7727272727272727	0.8181818181818181	1.0	0.75	0.75	0.0268
I14_OG001799	not significant	0.63331	1	0.6363636363636364	0.6363636363636364	0.0	0.4375	0.4375	0.1956
I14_OG001800	not significant	0.27585	0	0.18181818181818182	0.18181818181818177	0.0	0.125	0.125	0.0786
I14_OG001801	not significant	0.44882	0	0.36363636363636365	0.36363636363636365	0.0	0.125	0.125	0.282
I14_OG001804	not significant	0.70779	0	0.2727272727272727	0.2727272727272727	0.0	0.125	0.125	0.1869
I14_OG001805	not significant	0.72115	1	1.0	1.0	1.0	0.9375	0.9375	0.1626
I14_OG001806	not significant	0.71846	1	1.0	1.0	1.0	0.9375	0.9375	0.1626
I14_OG001807	not significant	0.54423	1	1.0	1.0	1.0	0.875	0.875	0.2345
I14_OG001809	not significant	0.3249	1	1.0	1.0	1.0	0.78125	0.8125	0.334
I14_OG001810	not significant	0.76497	1	0.9545454545454546	1.0	1.0	0.875	0.875	0.1429
I14_OG001811	not significant	0.73412	1	1.0	1.0	1.0	0.9375	0.9375	0.1626
I14_OG001812	not significant	0.7173	1	1.0	1.0	1.0	0.9375	0.9375	0.1626
I14_OG001813	not significant	0.40031	1	1.0	1.0	1.0	0.8125	0.8125	0.2932
I14_OG001814	not significant	0.86074	1	0.5454545454545454	0.5454545454545454	0.0	0.4375	0.4375	0.1062
I14_OG001815	not significant	0.86207	1.0	0.7272727272727273	0.7272727272727273	1.0	0.625	0.625	0.1066
I14_OG001816	not significant	0.91792	1.0	0.9090909090909091	0.9090909090909091	1.0	0.875	0.875	0.0533
I14_OG001817	not significant	0.89164	0.0	0.4090909090909091	0.4545454545454546	0.0	0.34375	0.375	0.0693
I14_OG001822	not significant	0.7224	1	1.0	1.0	1.0	0.96875	1.0	0.1626
I14_OG001824	not significant	0.64467	1.0	0.9090909090909091	0.9090909090909091	1.0	0.75	0.75	0.2012
I14_OG001827	not significant	0.40207	1	1.0	1.0	1.0	0.8125	0.8125	0.2932
I14_OG001828	not significant	0.94518	1.0	0.7272727272727273	0.7272727272727273	1.0	0.6875	0.6875	0.0428
I14_OG001830	not significant	0.72574	0	0.18181818181818182	0.18181818181818177	0.0	0.0625	0.0625	0.1866
I14_OG001831	not significant	1.0	1	1.0	1.0	1.0	1.0	1.0	0
I14_OG001833	not significant	0.72252	1	1.0	1.0	1.0	0.9375	0.9375	0.1626
I14_OG001835	not significant	0.42044	1	0.7272727272727273	0.7272727272727273	0.0	0.4375	0.4375	0.2865
I14_OG001838	not significant	0.53214	1	0.8181818181818182	0.8181818181818181	1.0	0.59375	0.625	0.2427
I14_OG001839	not significant	0.72449	1	1.0	1.0	1.0	0.9375	0.9375	0.1626
I14_OG001841	not significant	0.88568	1	0.8636363636363636	0.9090909090909091	1.0	0.8125	0.875	0.0754
I14_OG001843	not significant	0.91908	1.0	0.9090909090909091	0.9090909090909091	1.0	0.875	0.875	0.0533
I14_OG001844	not significant	1.0	1	1.0	1.0	1.0	1.0	1.0	0
I14_OG001845	not significant	0.91962	1.0	0.9090909090909091	0.9090909090909091	1.0	0.9375	0.9375	-0.0533
I14_OG001846	not significant	0.88259	0	0.36363636363636365	0.36363636363636365	0.0	0.28125	0.3125	0.0891
I14_OG001848	not significant	0.72877	1	0.7272727272727273	0.7272727272727273	1.0	0.5625	0.5625	0.1677
I14_OG001852	not significant	0.95055	1.0	0.8181818181818182	0.8181818181818181	1.0	0.84375	0.875	-0.0349
I14_OG001853	not significant	1.0	1	1.0	1.0	1.0	1.0	1.0	0
I14_OG001854	not significant	0.5993	1.0	0.9090909090909091	1.0	1.0	0.75	0.75	0.2149
I14_OG001855	not significant	0.5469	1	1.0	1.0	1.0	0.875	0.875	0.2345
I14_OG001856	not significant	1.0	1	1.0	1.0	1.0	1.0	1.0	0
I14_OG001857	not significant	0.55941	1	1.0	1.0	1.0	0.875	0.875	0.2345
I14_OG001858	not significant	0.4332	1	1.0	1.0	1.0	0.84375	0.875	0.2808
I14_OG001859	not significant	0.65004	1.0	0.9090909090909091	0.9090909090909091	1.0	0.75	0.75	0.2012
I14_OG001860	not significant	0.75615	0.0	0.45454545454545453	0.4545454545454546	0.0	0.3125	0.3125	0.1445
I14_OG001861	not significant	1.0	1	1.0	1.0	1.0	1.0	1.0	0
I14_OG001862	not significant	0.57399	1	1.0	1.0	1.0	0.90625	0.9375	0.2216
I14_OG001864	not significant	0.99997	0	0.4090909090909091	0.4545454545454546	0.0	0.40625	0.4375	0.003
I14_OG001865	not significant	0.97339	0	0.13636363636363635	0.18181818181818177	0.0	0.125	0.125	0.0174
I14_OG001866	not significant	0.37579	1.0	0.6818181818181818	0.7272727272727273	0.0	0.375	0.375	0.3073
I14_OG001867	not significant	0.13081	0.5	0.5	0.5454545454545454	0.0	0.125	0.125	0.4212
I14_OG001868	not significant	0.08655	1	0.6818181818181818	0.7272727272727273	0.0	0.25	0.25	0.4374
I14_OG001869	not significant	1.0	1	1.0	1.0	1.0	1.0	1.0	0
I14_OG001873	not significant	1.0	1	1.0	1.0	1.0	1.0	1.0	0
I14_OG001874	not significant	0.50193	1.0	0.9090909090909091	0.9090909090909091	1.0	0.6875	0.6875	0.2619
I14_OG001876	not significant	0.76921	1	0.6363636363636364	0.6363636363636364	0.5	0.5	0.5	0.1348
I14_OG001878	not significant	0.78246	1.0	0.9090909090909091	0.9090909090909091	1.0	0.8125	0.8125	0.1336
I14_OG001881	not significant	1.0	1	1.0	1.0	1.0	1.0	1.0	0
I14_OG001882	not significant	1.0	1	1.0	1.0	1.0	1.0	1.0	0
I14_OG001883	not significant	0.41813	1.0	0.7272727272727273	0.7272727272727273	0.0	0.4375	0.4375	0.2865
I14_OG001884	not significant	0.55392	1	1.0	1.0	1.0	0.875	0.875	0.2345
I14_OG001885	not significant	0.43645	1	1.0	1.0	1.0	0.84375	0.875	0.2808
I14_OG001886	not significant	0.28118	1	1.0	1.0	1.0	0.75	0.75	0.3458
I14_OG001889	not significant	1.0	1	1.0	1.0	1.0	1.0	1.0	0
I14_OG001891	not significant	0.34376	1	0.9090909090909091	0.9090909090909091	1.0	0.625	0.625	0.3185
I14_OG001892	not significant	0.58083	1	1.0	1.0	1.0	0.90625	0.9375	0.2216
I14_OG001895	not significant	0.45932	1	0.8636363636363636	0.9090909090909091	1.0	0.625	0.625	0.268
I14_OG001896	not significant	1.0	1	1.0	1.0	1.0	1.0	1.0	0
I14_OG001897	not significant	0.55711	1	0.9545454545454546	1.0	1.0	1.0	1.0	-0.2365
I14_OG001898	not significant	0.54418	1	0.5454545454545454	0.5454545454545454	1.0	0.78125	0.8125	-0.255
I14_OG001899	not significant	0.65861	1	0.6363636363636364	0.7272727272727273	0.0	0.4375	0.4375	0.2032
I14_OG001901	not significant	1.0	1	1.0	1.0	1.0	1.0	1.0	0
I14_OG001904	not significant	0.94706	1	0.5909090909090909	0.6363636363636364	1.0	0.625	0.625	-0.035
I14_OG001909	not significant	0.57578	1	1.0	1.0	1.0	0.875	0.875	0.2345
I14_OG001910	not significant	0.71437	1	1.0	1.0	1.0	0.9375	0.9375	0.1626
I14_OG001912	not significant	0.54265	1	1.0	1.0	1.0	0.9375	1.0	0.2345
I14_OG001913	not significant	0.7184	0.5	0.5	0.5454545454545454	0.0	0.34375	0.375	0.1626
I14_OG001914	not significant	1.0	1	1.0	1.0	1.0	1.0	1.0	0
I14_OG001915	not significant	0.30599	1	0.9545454545454546	1.0	1.0	0.6875	0.6875	0.3355
I14_OG001918	not significant	0.8583	1	0.5909090909090909	0.6363636363636364	0.5	0.5	0.5	0.0913
I14_OG001920	not significant	0.30804	1	0.9545454545454546	1.0	1.0	0.6875	0.6875	0.3355
I14_OG001921	not significant	0.78803	1	0.9090909090909091	0.9090909090909091	1.0	0.8125	0.8125	0.1336
I14_OG001922	not significant	0.54012	1.0	0.9090909090909091	0.9090909090909091	1.0	1.0	1.0	-0.2365
I14_OG001923	not significant	0.49188	1	0.8181818181818182	0.8181818181818181	1.0	0.5625	0.5625	0.2665
I14_OG001924	not significant	0.8204	0	0.36363636363636365	0.36363636363636365	0.0	0.25	0.25	0.1223
I14_OG001925	not significant	0.33543	1	0.9090909090909091	0.9090909090909091	1.0	0.625	0.625	0.3185
I14_OG001926	not significant	1.0	1	1.0	1.0	1.0	1.0	1.0	0
I14_OG001927	not significant	0.69006	0.5	0.5454545454545454	0.6363636363636364	0.0	0.375	0.375	0.1752
I14_OG001928	not significant	0.68464	0	0.18181818181818182	0.18181818181818177	0.0	0.0625	0.0625	0.1866
I14_OG001929	not significant	0.18208	1	1.0	1.0	1.0	0.6875	0.6875	0.3953
I14_OG001930	not significant	0.34024	1.0	0.9090909090909091	0.9090909090909091	1.0	0.625	0.625	0.3185
I14_OG001931	not significant	0.52217	1.0	0.8636363636363636	0.9090909090909091	1.0	0.65625	0.6875	0.2446
I14_OG001932	not significant	0.47517	0.5	0.5	0.5454545454545454	0.0	0.25	0.25	0.2626
I14_OG001933	not significant	0.81875	0	0.2727272727272727	0.2727272727272727	0.0	0.15625	0.1875	0.1463
I14_OG001936	not significant	0.92313	1.0	0.9090909090909091	0.9090909090909091	1.0	0.9375	0.9375	-0.0533
I14_OG001938	not significant	0.39436	1	1.0	1.0	1.0	0.8125	0.8125	0.2932
I14_OG001939	not significant	0.77637	1.0	0.9090909090909091	0.9090909090909091	1.0	0.8125	0.8125	0.1336
I14_OG001941	not significant	0.59413	1	0.9545454545454546	1.0	1.0	0.8125	0.8125	0.2169
I14_OG001942	not significant	0.71509	1	1.0	1.0	1.0	0.9375	0.9375	0.1626
I14_OG001943	not significant	1.0	1	1.0	1.0	1.0	1.0	1.0	0
I14_OG001944	not significant	0.22844	1	0.8181818181818182	0.8181818181818181	0.25	0.46875	0.5	0.3593
I14_OG001945	not significant	0.54927	1	1.0	1.0	1.0	0.875	0.875	0.2345
I14_OG001946	not significant	0.71244	1	1.0	1.0	1.0	0.9375	0.9375	0.1626
I14_OG001949	not significant	1.0	1	1.0	1.0	1.0	1.0	1.0	0
I14_OG001950	not significant	0.92887	1.0	0.9090909090909091	0.9090909090909091	1.0	0.9375	0.9375	-0.0533
I14_OG001952	not significant	0.59438	1	1.0	1.0	1.0	0.90625	0.9375	0.2216
I14_OG001956	not significant	0.54986	1	1.0	1.0	1.0	0.875	0.875	0.2345
I14_OG001957	not significant	1.0	1	1.0	1.0	1.0	1.0	1.0	0
I14_OG001958	not significant	0.47464	1	0.9090909090909091	0.9090909090909091	1.0	0.6875	0.6875	0.2619
I14_OG001959	not significant	1.0	1	1.0	1.0	1.0	1.0	1.0	0
I14_OG001960	not significant	0.70946	1	1.0	1.0	1.0	0.96875	1.0	0.1626
I14_OG001962	not significant	0.27576	1.0	0.8181818181818182	0.9090909090909091	0.5	0.5	0.5625	0.353
I14_OG001963	not significant	1.0	1	1.0	1.0	1.0	1.0	1.0	0
I14_OG001964	not significant	1.0	1	1.0	1.0	1.0	1.0	1.0	0
I14_OG001965	not significant	1.0	1	1.0	1.0	1.0	1.0	1.0	0
I14_OG001966	present_enriched	0.00206	1.0	0.9545454545454546	1.0	1.0	0.5625	0.5625	0.4404
I14_OG001967	not significant	0.89635	1.0	0.8181818181818182	0.8181818181818181	1.0	0.75	0.75	0.0806
I14_OG001969	not significant	1.0	1	1.0	1.0	1.0	1.0	1.0	0
I14_OG001970	not significant	0.91621	0	0.36363636363636365	0.36363636363636365	0.0	0.3125	0.3125	0.0533
I14_OG001971	not significant	0.71323	1	1.0	1.0	1.0	0.96875	1.0	0.1626
I14_OG001972	not significant	0.94455	0.0	0.4090909090909091	0.4545454545454546	0.0	0.375	0.375	0.035
I14_OG001973	not significant	0.60401	1.0	0.5454545454545454	0.5454545454545454	0.0	0.3125	0.3125	0.233
I14_OG001979	not significant	0.93445	0	0.2727272727272727	0.36363636363636365	0.0	0.3125	0.3125	-0.0448
I14_OG001980	not significant	0.3175	1	1.0	1.0	1.0	0.78125	0.8125	0.334
I14_OG001981	not significant	0.47535	1.0	0.9090909090909091	0.9090909090909091	1.0	0.6875	0.6875	0.2619
I14_OG001982	not significant	0.54048	1.0	0.9090909090909091	0.9090909090909091	1.0	1.0	1.0	-0.2365
I14_OG001983	not significant	0.47362	1	0.9090909090909091	0.9090909090909091	1.0	0.6875	0.6875	0.2619
I14_OG001984	not significant	1.0	1	1.0	1.0	1.0	1.0	1.0	0
I14_OG001985	not significant	0.96756	1.0	0.7272727272727273	0.7272727272727273	1.0	0.75	0.75	-0.0255
I14_OG001986	not significant	0.91547	1.0	0.9090909090909091	0.9090909090909091	1.0	0.875	0.875	0.0533
I14_OG001988	not significant	0.9508	1	0.7272727272727273	0.7272727272727273	1.0	0.6875	0.6875	0.0428
I14_OG001990	not significant	0.97638	0.5	0.5454545454545454	0.6363636363636364	1.0	0.5625	0.5625	-0.0175
I14_OG001995	not significant	0.73117	1	1.0	1.0	1.0	0.9375	0.9375	0.1626
I14_OG001996	not significant	1.0	1	1.0	1.0	1.0	1.0	1.0	0
I14_OG001997	not significant	0.99465	1.0	0.9090909090909091	0.9090909090909091	1.0	0.90625	0.9375	0.0051
I14_OG001998	not significant	0.62524	1	0.9090909090909091	0.9090909090909091	1.0	0.75	0.75	0.2012
I14_OG001999	not significant	1.0	1	1.0	1.0	1.0	1.0	1.0	0
I14_OG002000	not significant	0.76581	1.0	0.9090909090909091	0.9090909090909091	1.0	0.8125	0.8125	0.1336
I14_OG002001	not significant	0.41174	1	0.7272727272727273	0.7272727272727273	0.0	0.4375	0.4375	0.2865
I14_OG002002	not significant	0.63273	0	0.36363636363636365	0.36363636363636365	0.0	0.1875	0.1875	0.1975
I14_OG002003	not significant	0.98132	0	0.36363636363636365	0.36363636363636365	0.0	0.375	0.375	-0.0116
I14_OG002004	not significant	0.94307	1.0	0.9090909090909091	0.9090909090909091	1.0	0.875	0.875	0.0533
I14_OG002006	not significant	0.45384	1	1.0	1.0	1.0	0.84375	0.875	0.2808
I14_OG002007	not significant	0.56619	1	1.0	1.0	1.0	0.90625	0.9375	0.2216
I14_OG002008	not significant	0.56925	1	1.0	1.0	1.0	0.90625	0.9375	0.2216
I14_OG002009	not significant	0.51369	1	0.6363636363636364	0.6363636363636364	0.0	0.375	0.375	0.257
I14_OG002010	not significant	0.04573	1	0.7272727272727273	0.7272727272727273	0.0	0.21875	0.25	0.5152
I14_OG002011	not significant	1.0	0.5	0.5	0.5454545454545454	0.5	0.5	0.5	0.0
I14_OG002012	not significant	0.54122	1.0	0.9090909090909091	0.9090909090909091	1.0	1.0	1.0	-0.2365
I14_OG002013	not significant	0.94263	0	0.3181818181818182	0.36363636363636365	0.0	0.28125	0.3125	0.0416
I14_OG002015	not significant	0.90247	0	0.18181818181818182	0.18181818181818177	0.0	0.125	0.125	0.0786
I14_OG002016	not significant	0.87673	1	0.5909090909090909	0.6363636363636364	0.5	0.5	0.5	0.0913
I14_OG002017	not significant	0.67643	1.0	0.6363636363636364	0.6363636363636364	0.0	0.4375	0.4375	0.1956
I14_OG002018	not significant	0.96396	0	0.22727272727272727	0.2727272727272727	0.0	0.25	0.25	-0.0268
I14_OG002021	not significant	0.56736	1	1.0	1.0	1.0	0.90625	0.9375	0.2216
I14_OG002022	not significant	0.71459	1	1.0	1.0	1.0	0.9375	0.9375	0.1626
I14_OG002023	not significant	0.81775	1	0.7272727272727273	0.8181818181818181	1.0	0.625	0.625	0.1113
I14_OG002025	not significant	0.22753	1	0.9090909090909091	0.9090909090909091	1.0	0.5625	0.5625	0.373
I14_OG002026	not significant	0.23	1.0	0.9090909090909091	0.9090909090909091	1.0	0.5625	0.5625	0.373
I14_OG002027	not significant	0.57212	1	1.0	1.0	1.0	0.90625	0.9375	0.2216
I14_OG002028	not significant	0.42669	1	1.0	1.0	1.0	0.8125	0.8125	0.2932
I14_OG002029	not significant	1.0	1	1.0	1.0	1.0	1.0	1.0	0
I14_OG002030	not significant	0.98856	1	0.8181818181818182	0.8181818181818181	1.0	0.8125	0.8125	0.0072
I14_OG002031	not significant	0.43973	1	1.0	1.0	1.0	0.84375	0.875	0.2808
I14_OG002032	not significant	0.39167	1	1.0	1.0	1.0	0.8125	0.8125	0.2932
I14_OG002033	not significant	0.88545	1	0.6818181818181818	0.7272727272727273	1.0	0.75	0.75	-0.0766
I14_OG002034	not significant	0.97388	1	0.7727272727272727	0.8181818181818181	1.0	0.75	0.75	0.0268
I14_OG002035	not significant	0.90021	1.0	0.5454545454545454	0.5454545454545454	0.25	0.46875	0.5	0.0768
I14_OG002040	not significant	0.06307	1	1.0	1.0	1.0	0.5625	0.5625	0.4905
I14_OG002042	not significant	0.71695	1	1.0	1.0	1.0	0.9375	0.9375	0.1626
I14_OG002043	not significant	0.64488	0	0.22727272727272727	0.2727272727272727	0.0	0.40625	0.4375	-0.1948
I14_OG002045	not significant	0.39205	1	1.0	1.0	1.0	0.8125	0.8125	0.2932
I14_OG002046	not significant	0.71546	1	1.0	1.0	1.0	0.9375	0.9375	0.1626
I14_OG002047	not significant	1.0	1	1.0	1.0	1.0	1.0	1.0	0
I14_OG002048	not significant	0.86176	1	0.8181818181818182	0.8181818181818181	1.0	0.75	0.75	0.0806
I14_OG002049	not significant	0.53899	1.0	0.9090909090909091	0.9090909090909091	1.0	1.0	1.0	-0.2365
I14_OG002050	not significant	0.53649	1	1.0	1.0	1.0	0.875	0.875	0.2345
I14_OG002051	not significant	0.16678	1.0	0.7272727272727273	0.7272727272727273	0.0	0.3125	0.3125	0.4079
I14_OG002052	not significant	0.71176	1	1.0	1.0	1.0	0.9375	0.9375	0.1626
I14_OG002053	not significant	0.76413	1	0.8181818181818182	0.8181818181818181	1.0	0.6875	0.6875	0.1465
I14_OG002054	not significant	0.76233	1.0	0.8181818181818182	0.8181818181818181	1.0	0.6875	0.6875	0.1465
I14_OG002055	not significant	0.98864	1.0	0.8181818181818182	0.8181818181818181	1.0	0.8125	0.8125	0.0072
I14_OG002056	not significant	0.88729	1	0.8636363636363636	0.9090909090909091	1.0	0.8125	0.8125	0.0698
I14_OG002059	not significant	0.88713	0	0.36363636363636365	0.36363636363636365	0.0	0.4375	0.4375	-0.0739
I14_OG002060	not significant	0.64079	1.0	0.9090909090909091	0.9090909090909091	1.0	0.75	0.75	0.2012
I14_OG002061	not significant	0.30807	1	0.9545454545454546	1.0	1.0	0.6875	0.6875	0.3355
I14_OG002063	not significant	0.87456	1	0.8181818181818182	0.8181818181818181	1.0	0.875	0.875	-0.0786
I14_OG002064	not significant	0.65987	1.0	0.9090909090909091	0.9090909090909091	1.0	0.75	0.75	0.2012
I14_OG002065	not significant	0.87529	1	0.5454545454545454	0.5454545454545454	1.0	0.625	0.625	-0.0795
I14_OG002072	not significant	0.52678	1	0.9090909090909091	0.9090909090909091	1.0	0.71875	0.75	0.2391
I14_OG002073	not significant	0.56273	1	1.0	1.0	1.0	0.90625	0.9375	0.2216
I14_OG002074	not significant	0.53821	1	1.0	1.0	1.0	0.875	0.875	0.2345
I14_OG002075	not significant	0.54044	1	1.0	1.0	1.0	0.875	0.875	0.2345
I14_OG002077	not significant	0.70796	1	1.0	1.0	1.0	0.9375	0.9375	0.1626
I14_OG002078	not significant	0.5377	1	1.0	1.0	1.0	0.875	0.875	0.2345
I14_OG002079	not significant	0.91601	1.0	0.7727272727272727	0.8181818181818181	1.0	0.8125	0.8125	-0.05
I14_OG002081	not significant	1.0	1	1.0	1.0	1.0	1.0	1.0	0
I14_OG002083	not significant	0.02499	1	0.5909090909090909	0.6363636363636364	0.0	0.125	0.125	0.5038
I14_OG002085	not significant	1.0	1	1.0	1.0	1.0	1.0	1.0	0
I14_OG002087	not significant	1.0	1	1.0	1.0	1.0	1.0	1.0	0
I14_OG002089	not significant	1.0	1	1.0	1.0	1.0	1.0	1.0	0
I14_OG002090	not significant	0.97324	1	0.8636363636363636	0.9090909090909091	1.0	0.875	0.875	-0.0174
I14_OG002091	not significant	0.7841	0.5	0.5	0.5454545454545454	1.0	0.625	0.625	-0.1266
I14_OG002092	not significant	0.91743	1.0	0.7727272727272727	0.8181818181818181	1.0	0.8125	0.8125	-0.05
I14_OG002093	not significant	0.98795	1	0.8181818181818182	0.8181818181818181	1.0	0.8125	0.8125	0.0072
I14_OG002094	not significant	0.5256	0	0.3181818181818182	0.36363636363636365	1.0	0.5625	0.5625	-0.2454
I14_OG002095	not significant	0.40769	1	1.0	1.0	1.0	0.8125	0.8125	0.2932
I14_OG002096	not significant	0.92445	1.0	0.9090909090909091	0.9090909090909091	1.0	0.875	0.875	0.0533
I14_OG002097	not significant	0.71213	1	1.0	1.0	1.0	0.9375	0.9375	0.1626
I14_OG002098	not significant	1.0	1	1.0	1.0	1.0	1.0	1.0	0
I14_OG002099	not significant	0.57676	1	1.0	1.0	1.0	0.90625	0.9375	0.2216
I14_OG002100	not significant	1.0	1	1.0	1.0	1.0	1.0	1.0	0
I14_OG002102	not significant	0.32808	1.0	0.8181818181818182	0.8181818181818181	0.5	0.5	0.5	0.3237
I14_OG002104	not significant	0.74608	1.0	0.9545454545454546	1.0	1.0	0.875	0.875	0.1429
I14_OG002105	not significant	0.60818	1.0	0.8181818181818182	0.8181818181818181	1.0	0.625	0.625	0.2079
I14_OG002107	not significant	0.85501	0	0.18181818181818182	0.2727272727272727	0.0	0.25	0.25	-0.0853
I14_OG002108	not significant	0.48101	1.0	0.8181818181818182	0.8181818181818181	1.0	0.5625	0.5625	0.2665
I14_OG002109	not significant	0.93058	0	0.09090909090909091	0.09090909090909094	0.0	0.0625	0.0625	0.0533
I14_OG002113	not significant	0.53754	1	1.0	1.0	1.0	0.875	0.875	0.2345
I14_OG002114	not significant	0.65238	1	0.8181818181818182	0.8181818181818181	1.0	0.9375	0.9375	-0.1866
I14_OG002115	not significant	1.0	1	1.0	1.0	1.0	1.0	1.0	0
I14_OG002116	not significant	0.63004	1.0	0.9090909090909091	0.9090909090909091	1.0	0.75	0.75	0.2012
I14_OG002118	not significant	0.99407	1.0	0.9090909090909091	0.9090909090909091	1.0	0.90625	0.9375	0.0051
I14_OG002120	not significant	0.22308	1	0.5454545454545454	0.5454545454545454	0.0	0.1875	0.1875	0.3731
I14_OG002121	not significant	0.78221	1.0	0.9090909090909091	0.9090909090909091	1.0	0.8125	0.8125	0.1336
I14_OG002125	not significant	1.0	1	1.0	1.0	1.0	1.0	1.0	0
I14_OG002126	not significant	0.74858	1.0	0.9090909090909091	0.9090909090909091	1.0	0.96875	1.0	-0.141
I14_OG002127	not significant	1.0	1	1.0	1.0	1.0	1.0	1.0	0
I14_OG002129	not significant	0.76729	1.0	0.7272727272727273	0.7272727272727273	1.0	0.59375	0.625	0.1403
I14_OG002130	not significant	0.65129	1	0.7272727272727273	0.8181818181818181	1.0	0.875	0.875	-0.1995
I14_OG002131	not significant	0.54143	1	1.0	1.0	1.0	0.875	0.875	0.2345
I14_OG002133	not significant	0.78392	0.5	0.5	0.5454545454545454	0.0	0.375	0.375	0.1266
I14_OG002135	not significant	1.0	1	1.0	1.0	1.0	1.0	1.0	0
I14_OG002136	not significant	0.76352	0	0.09090909090909091	0.09090909090909094	0.0	0.1875	0.1875	-0.1336
I14_OG002137	not significant	0.98112	0	0.36363636363636365	0.36363636363636365	0.0	0.375	0.375	-0.0116
I14_OG002139	not significant	0.91345	1.0	0.9090909090909091	0.9090909090909091	1.0	0.875	0.875	0.0533
I14_OG002140	not significant	0.90742	1	0.6818181818181818	0.7272727272727273	1.0	0.625	0.625	0.0597
I14_OG002142	not significant	0.77465	1	1.0	1.0	1.0	0.9375	0.9375	0.1626
I14_OG002146	not significant	0.74564	1.0	0.9090909090909091	0.9090909090909091	1.0	0.96875	1.0	-0.141
I14_OG002147	not significant	0.54427	1	1.0	1.0	1.0	0.875	0.875	0.2345
I14_OG002149	not significant	0.41801	1	1.0	1.0	1.0	0.8125	0.8125	0.2932
I14_OG002150	not significant	0.39592	1	0.9090909090909091	0.9090909090909091	1.0	0.65625	0.6875	0.2982
I14_OG002151	not significant	1.0	1	1.0	1.0	1.0	1.0	1.0	0
I14_OG002152	not significant	0.01432	1	0.5909090909090909	0.6363636363636364	0.0	0.09375	0.125	0.5604
I14_OG002153	not significant	1.0	1	1.0	1.0	1.0	1.0	1.0	0
I14_OG002154	not significant	0.70865	1	1.0	1.0	1.0	0.96875	1.0	0.1626
I14_OG002155	not significant	0.91126	1.0	0.9090909090909091	0.9090909090909091	1.0	0.875	0.875	0.0533
I14_OG002156	not significant	0.69543	1.0	0.7272727272727273	0.7272727272727273	1.0	0.5625	0.5625	0.1677
I14_OG002157	not significant	0.91543	1	0.7727272727272727	0.8181818181818181	1.0	0.8125	0.8125	-0.05
I14_OG002158	not significant	0.19295	1	0.6363636363636364	0.6363636363636364	0.0	0.25	0.25	0.3864
I14_OG002159	not significant	0.70565	1	1.0	1.0	1.0	0.96875	1.0	0.1626
I14_OG002160	not significant	0.70782	1	1.0	1.0	1.0	0.96875	1.0	0.1626
I14_OG002161	not significant	0.39202	1	1.0	1.0	1.0	0.8125	0.8125	0.2932
I14_OG002163	not significant	1.0	1	1.0	1.0	1.0	1.0	1.0	0
I14_OG002164	not significant	1.0	1	1.0	1.0	1.0	1.0	1.0	0
I14_OG002165	not significant	0.3364	1.0	0.6363636363636364	0.6363636363636364	0.0	0.3125	0.3125	0.3202
I14_OG002166	not significant	0.589	1	1.0	1.0	1.0	0.875	0.875	0.2345
I14_OG002167	not significant	0.11158	1	1.0	1.0	1.0	0.625	0.625	0.4432
I14_OG002168	not significant	0.53384	1	0.8181818181818182	0.8181818181818181	1.0	0.59375	0.625	0.2427
I14_OG002169	not significant	0.76911	1.0	0.9090909090909091	0.9090909090909091	1.0	0.8125	0.8125	0.1336
I14_OG002170	not significant	0.46405	1	0.5454545454545454	0.5454545454545454	0.0	0.28125	0.3125	0.2716
I14_OG002174	not significant	0.8034	1.0	0.9090909090909091	0.9090909090909091	1.0	0.8125	0.8125	0.1336
I14_OG002175	not significant	0.69666	1.0	0.7272727272727273	0.7272727272727273	1.0	0.5625	0.5625	0.1677
I14_OG002176	not significant	0.5677	1	1.0	1.0	1.0	0.90625	0.9375	0.2216
I14_OG002178	not significant	0.93733	1	0.6363636363636364	0.6363636363636364	1.0	0.59375	0.625	0.0438
I14_OG002179	not significant	0.82073	1	0.5454545454545454	0.5454545454545454	0.0	0.4375	0.4375	0.1062
I14_OG002180	not significant	0.59828	0.0	0.45454545454545453	0.4545454545454546	0.0	0.25	0.25	0.2132
I14_OG002182	not significant	0.28027	1	1.0	1.0	1.0	0.75	0.75	0.3458
I14_OG002187	not significant	0.7543	1.0	0.9090909090909091	0.9090909090909091	1.0	0.96875	1.0	-0.141
I14_OG002188	not significant	1.0	1	1.0	1.0	1.0	1.0	1.0	0
I14_OG002189	not significant	0.93112	0.0	0.45454545454545453	0.4545454545454546	0.5	0.5	0.5	-0.0447
I14_OG002190	not significant	0.82735	0.5	0.5909090909090909	0.7272727272727273	0.25	0.46875	0.5	0.1302
I14_OG002191	not significant	0.62962	1.0	0.9090909090909091	0.9090909090909091	1.0	0.75	0.75	0.2012
I14_OG002192	not significant	0.88931	1.0	0.8636363636363636	0.9090909090909091	1.0	0.8125	0.8125	0.0698
I14_OG002193	not significant	0.68136	1	0.6363636363636364	0.6363636363636364	0.0	0.4375	0.4375	0.1956
I14_OG002194	not significant	0.96255	0.0	0.4090909090909091	0.4545454545454546	0.0	0.4375	0.4375	-0.0288
I14_OG002197	not significant	0.28054	1	0.7272727272727273	0.7272727272727273	0.0	0.375	0.375	0.3464
I14_OG002199	not significant	0.91371	1.0	0.9090909090909091	0.9090909090909091	1.0	0.875	0.875	0.0533
I14_OG002200	not significant	0.77861	1	0.8636363636363636	0.9090909090909091	1.0	0.9375	0.9375	-0.1327
I14_OG002201	not significant	0.56299	1	1.0	1.0	1.0	0.90625	0.9375	0.2216
I14_OG002202	not significant	0.73562	1	1.0	1.0	1.0	0.9375	0.9375	0.1626
I14_OG002203	not significant	0.87542	0	0.45454545454545453	0.4545454545454546	0.0	0.375	0.375	0.0795
I14_OG002204	not significant	0.5825	1	1.0	1.0	1.0	0.875	0.875	0.2345
I14_OG002206	not significant	0.91203	1	0.9545454545454546	1.0	1.0	0.96875	1.0	-0.0533
I14_OG002207	not significant	0.4647	1	0.8181818181818182	0.8181818181818181	1.0	0.5625	0.5625	0.2665
I14_OG002208	not significant	0.31313	1	1.0	1.0	1.0	0.78125	0.8125	0.334
I14_OG002209	not significant	0.42895	0	0.2727272727272727	0.2727272727272727	0.0	0.0625	0.0625	0.2908
I14_OG002210	not significant	0.91521	1.0	0.9090909090909091	0.9090909090909091	1.0	0.875	0.875	0.0533
I14_OG002211	not significant	0.58362	0.0	0.45454545454545453	0.4545454545454546	0.0	0.25	0.25	0.2132
I14_OG002212	not significant	0.5892	1.0	0.9090909090909091	0.9090909090909091	1.0	1.0	1.0	-0.2365
I14_OG002214	not significant	0.75148	1.0	0.5454545454545454	0.5454545454545454	0.0	0.375	0.375	0.1685
I14_OG002215	not significant	0.39835	1	1.0	1.0	1.0	0.8125	0.8125	0.2932
I14_OG002217	not significant	0.43173	1	1.0	1.0	1.0	0.8125	0.8125	0.2932
I14_OG002218	not significant	0.61571	1.0	0.8181818181818182	0.8181818181818181	1.0	0.625	0.625	0.2079
I14_OG002220	not significant	0.30997	1	1.0	1.0	1.0	0.78125	0.8125	0.334
I14_OG002222	not significant	0.20219	1	1.0	1.0	1.0	0.71875	0.75	0.3838
I14_OG002223	not significant	0.53344	1	1.0	1.0	1.0	0.875	0.875	0.2345
I14_OG002225	not significant	0.46153	1.0	0.8181818181818182	0.8181818181818181	1.0	0.5625	0.5625	0.2665
I14_OG002226	not significant	1.0	1	1.0	1.0	1.0	1.0	1.0	0
I14_OG002227	not significant	1.0	1	1.0	1.0	1.0	1.0	1.0	0
I14_OG002228	not significant	1.0	1	1.0	1.0	1.0	1.0	1.0	0
I14_OG002229	not significant	1.0	1	1.0	1.0	1.0	1.0	1.0	0
I14_OG002230	not significant	0.47547	1.0	0.8181818181818182	0.8181818181818181	1.0	0.5625	0.5625	0.2665
I14_OG002231	not significant	0.70399	1	1.0	1.0	1.0	0.96875	1.0	0.1626
I14_OG002232	not significant	0.46969	1	0.6363636363636364	0.6363636363636364	0.0	0.375	0.375	0.257
I14_OG002233	not significant	0.75772	1	0.9090909090909091	0.9090909090909091	1.0	0.8125	0.8125	0.1336
I14_OG002234	not significant	0.63075	0.5	0.5	0.5454545454545454	0.0	0.3125	0.3125	0.1928
I14_OG002235	not significant	0.71565	1.0	0.9090909090909091	0.9090909090909091	1.0	0.78125	0.8125	0.1745
I14_OG002236	not significant	0.18066	1	1.0	1.0	1.0	0.6875	0.6875	0.3953
I14_OG002237	not significant	0.39801	1.0	0.9090909090909091	0.9090909090909091	1.0	0.65625	0.6875	0.2982
I14_OG002239	not significant	0.98554	0	0.3181818181818182	0.36363636363636365	0.0	0.3125	0.3125	0.0061
I14_OG002241	not significant	0.1166	1.0	0.8181818181818182	0.8181818181818181	0.0	0.375	0.375	0.4382
I14_OG002243	not significant	0.27884	0	0.3181818181818182	0.36363636363636365	0.0	0.0625	0.0625	0.3489
I14_OG002246	not significant	0.56468	1.0	0.5454545454545454	0.5454545454545454	0.0	0.3125	0.3125	0.233
I14_OG002247	not significant	0.13915	1	1.0	1.0	1.0	0.6875	0.6875	0.3953
I14_OG002248	not significant	0.77324	1	0.9090909090909091	0.9090909090909091	1.0	0.8125	0.8125	0.1336
I14_OG002249	not significant	0.70326	1	1.0	1.0	1.0	0.96875	1.0	0.1626
I14_OG002251	not significant	1.0	1	1.0	1.0	1.0	1.0	1.0	0
I14_OG002252	not significant	1.0	1	1.0	1.0	1.0	1.0	1.0	0
I14_OG002253	not significant	0.18373	1	1.0	1.0	1.0	0.6875	0.6875	0.3953
I14_OG002255	not significant	1.0	1	1.0	1.0	1.0	1.0	1.0	0
I14_OG002257	not significant	0.39449	1	1.0	1.0	1.0	0.8125	0.8125	0.2932
I14_OG002258	not significant	0.53199	1	1.0	1.0	1.0	0.875	0.875	0.2345
I14_OG002259	not significant	0.82044	1.0	0.9545454545454546	1.0	1.0	0.90625	0.9375	0.1061
I14_OG002260	not significant	0.83298	0	0.22727272727272727	0.2727272727272727	0.0	0.15625	0.1875	0.0959
I14_OG002262	not significant	0.85842	0	0.18181818181818182	0.18181818181818177	0.0	0.25	0.25	-0.0806
I14_OG002264	not significant	0.63511	0.0	0.45454545454545453	0.4545454545454546	0.0	0.25	0.25	0.2132
I14_OG002266	not significant	0.92021	1.0	0.9090909090909091	0.9090909090909091	1.0	0.9375	0.9375	-0.0533
I14_OG002267	not significant	0.9442	1.0	0.5909090909090909	0.6363636363636364	1.0	0.625	0.625	-0.035
I14_OG002269	not significant	0.61507	1.0	0.9090909090909091	0.9090909090909091	1.0	0.75	0.75	0.2012
I14_OG002270	not significant	0.10122	1	1.0	1.0	1.0	0.625	0.625	0.4432
I14_OG002273	not significant	0.77709	1.0	0.8181818181818182	0.8181818181818181	1.0	0.6875	0.6875	0.1465
I14_OG002274	not significant	0.90652	1	0.6818181818181818	0.7272727272727273	1.0	0.625	0.625	0.0597
I14_OG002275	not significant	0.29965	1	0.7272727272727273	0.8181818181818181	0.0	0.40625	0.4375	0.3356
I14_OG002276	not significant	0.39561	1	1.0	1.0	1.0	0.8125	0.8125	0.2932
I14_OG002277	not significant	0.27768	1	1.0	1.0	1.0	0.75	0.75	0.3458
I14_OG002279	not significant	0.39102	1	1.0	1.0	1.0	0.8125	0.8125	0.2932
I14_OG002280	not significant	0.53125	1	1.0	1.0	1.0	0.875	0.875	0.2345
I14_OG002281	not significant	0.86868	1	0.8181818181818182	0.8181818181818181	1.0	0.75	0.75	0.0806
I14_OG002282	not significant	0.91915	1.0	0.6363636363636364	0.6363636363636364	1.0	0.6875	0.6875	-0.0533
I14_OG002283	not significant	0.53108	1.0	0.9090909090909091	0.9090909090909091	1.0	1.0	1.0	-0.2365
I14_OG002285	not significant	0.59987	1.0	0.8181818181818182	0.8181818181818181	1.0	0.625	0.625	0.2079
I14_OG002286	not significant	0.70693	1	1.0	1.0	1.0	0.9375	0.9375	0.1626
I14_OG002287	not significant	0.76613	1.0	0.9090909090909091	0.9090909090909091	1.0	0.8125	0.8125	0.1336
I14_OG002288	not significant	0.85096	0	0.36363636363636365	0.36363636363636365	0.0	0.28125	0.3125	0.0891
I14_OG002289	not significant	0.46493	1.0	0.9090909090909091	0.9090909090909091	1.0	0.6875	0.6875	0.2619
I14_OG002290	not significant	0.47246	1.0	0.8181818181818182	0.8181818181818181	1.0	0.5625	0.5625	0.2665
I14_OG002293	not significant	0.40289	0	0.18181818181818182	0.18181818181818177	0.0	0.03125	0.0625	0.2706
I14_OG002296	not significant	0.6793	1	0.9090909090909091	0.9090909090909091	1.0	0.78125	0.8125	0.1745
I14_OG002297	not significant	0.71531	1	1.0	1.0	1.0	0.9375	0.9375	0.1626
I14_OG002298	not significant	1.0	1	1.0	1.0	1.0	1.0	1.0	0
I14_OG002299	not significant	1.0	1	1.0	1.0	1.0	1.0	1.0	0
I14_OG002300	not significant	0.30307	1	1.0	1.0	1.0	0.78125	0.8125	0.334
I14_OG002301	not significant	0.59797	1.0	0.8636363636363636	0.9090909090909091	1.0	0.6875	0.6875	0.2078
I14_OG002302	not significant	0.38683	1	1.0	1.0	1.0	0.8125	0.8125	0.2932
I14_OG002305	not significant	0.87916	1.0	0.8636363636363636	0.9090909090909091	1.0	0.8125	0.8125	0.0698
I14_OG002306	not significant	0.53295	1	1.0	1.0	1.0	0.875	0.875	0.2345
I14_OG002307	not significant	0.9125	1	0.7727272727272727	0.8181818181818181	1.0	0.8125	0.8125	-0.05
I14_OG002308	not significant	0.33806	1.0	0.9090909090909091	0.9090909090909091	1.0	0.625	0.625	0.3185
I14_OG002309	not significant	0.99018	1.0	0.8181818181818182	0.8181818181818181	1.0	0.8125	0.8125	0.0072
I14_OG002310	not significant	0.5877	1	0.9545454545454546	1.0	1.0	0.8125	0.8125	0.2169
I14_OG002311	not significant	0.79235	1	0.6818181818181818	0.7272727272727273	1.0	0.5625	0.5625	0.1227
I14_OG002312	not significant	0.9718	1.0	0.8636363636363636	0.9090909090909091	1.0	0.875	0.875	-0.0174
I14_OG002314	not significant	0.52033	1.0	0.8181818181818182	0.8181818181818181	1.0	0.59375	0.625	0.2427
I14_OG002315	not significant	0.47186	1.0	0.9090909090909091	0.9090909090909091	1.0	0.6875	0.6875	0.2619
I14_OG002316	not significant	0.95524	1	0.5909090909090909	0.6363636363636364	1.0	0.5625	0.5625	0.0288
I14_OG002317	not significant	0.42691	0	0.36363636363636365	0.36363636363636365	0.0	0.125	0.125	0.282
I14_OG002321	not significant	0.37058	1.0	0.8636363636363636	0.9090909090909091	1.0	0.59375	0.625	0.3042
I14_OG002323	not significant	0.5589	1	1.0	1.0	1.0	0.90625	0.9375	0.2216
I14_OG002325	not significant	1.0	1	1.0	1.0	1.0	1.0	1.0	0
I14_OG002327	not significant	0.95507	1.0	0.5909090909090909	0.6363636363636364	1.0	0.5625	0.5625	0.0288
I14_OG002328	not significant	0.71366	1	1.0	1.0	1.0	0.96875	1.0	0.1626
I14_OG002329	not significant	0.65178	1	0.6818181818181818	0.7272727272727273	0.5	0.5	0.5	0.1842
I14_OG002331	not significant	0.46473	1.0	0.9090909090909091	0.9090909090909091	1.0	0.6875	0.6875	0.2619
I14_OG002332	not significant	1.0	1	1.0	1.0	1.0	1.0	1.0	0
I14_OG002338	not significant	0.7071	1	1.0	1.0	1.0	0.9375	0.9375	0.1626
I14_OG002339	not significant	1.0	1	1.0	1.0	1.0	1.0	1.0	0
I14_OG002340	not significant	0.52688	1	1.0	1.0	1.0	0.875	0.875	0.2345
I14_OG002342	not significant	0.18214	1	1.0	1.0	1.0	0.6875	0.6875	0.3953
I14_OG002343	not significant	0.55184	1	0.9545454545454546	1.0	1.0	1.0	1.0	-0.2365
I14_OG002344	not significant	1.0	1	1.0	1.0	1.0	1.0	1.0	0
I14_OG002346	not significant	0.53482	1	0.9090909090909091	0.9090909090909091	1.0	0.71875	0.75	0.2391
I14_OG002347	not significant	0.52583	1.0	0.9090909090909091	0.9090909090909091	1.0	1.0	1.0	-0.2365
I14_OG002348	not significant	0.74648	1.0	0.5909090909090909	0.6363636363636364	0.0	0.4375	0.4375	0.1536
I14_OG002349	not significant	0.85352	1	0.8181818181818182	0.8181818181818181	1.0	0.75	0.75	0.0806
I14_OG002351	not significant	0.99206	1.0	0.6818181818181818	0.7272727272727273	1.0	0.6875	0.6875	-0.0061
I14_OG002352	not significant	0.57409	1	0.8181818181818182	0.9090909090909091	1.0	0.625	0.625	0.2178
I14_OG002354	not significant	0.98734	0	0.18181818181818182	0.18181818181818177	0.0	0.1875	0.1875	-0.0072
I14_OG002356	not significant	0.95413	0.0	0.4090909090909091	0.4545454545454546	0.0	0.4375	0.4375	-0.0288
I14_OG002361	not significant	0.56372	1	1.0	1.0	1.0	0.875	0.875	0.2345
I14_OG002362	not significant	0.8981	1	0.8181818181818182	0.8181818181818181	1.0	0.75	0.75	0.0806
I14_OG002363	not significant	0.56738	1	1.0	1.0	1.0	0.90625	0.9375	0.2216
I14_OG002365	not significant	0.5539	1	1.0	1.0	1.0	0.90625	0.9375	0.2216
I14_OG002366	not significant	0.76072	0	0.13636363636363635	0.18181818181818177	0.0	0.0625	0.0625	0.1327
I14_OG002367	not significant	1.0	1	1.0	1.0	1.0	1.0	1.0	0
I14_OG002368	not significant	0.64647	0.5	0.45454545454545453	0.5454545454545454	0.0	0.28125	0.3125	0.1903
I14_OG002369	not significant	0.70751	1	1.0	1.0	1.0	0.9375	0.9375	0.1626
I14_OG002370	not significant	0.48139	1.0	0.9090909090909091	0.9090909090909091	1.0	0.6875	0.6875	0.2619
I14_OG002371	not significant	0.46594	1	0.9090909090909091	0.9090909090909091	1.0	0.6875	0.6875	0.2619
I14_OG002373	not significant	0.51027	1	0.8181818181818182	0.8181818181818181	1.0	0.59375	0.625	0.2427
I14_OG002376	not significant	0.26348	1.0	0.9090909090909091	0.9090909090909091	1.0	0.59375	0.625	0.3542
I14_OG002378	not significant	0.51605	1	0.6818181818181818	0.7272727272727273	0.0	0.4375	0.4375	0.2454
I14_OG002380	not significant	0.8496	0	0.2727272727272727	0.2727272727272727	0.0	0.1875	0.1875	0.1007
I14_OG002385	not significant	0.39298	1	1.0	1.0	1.0	0.8125	0.8125	0.2932
I14_OG002386	not significant	0.85542	1	0.7272727272727273	0.8181818181818181	1.0	0.65625	0.6875	0.0805
I14_OG002387	not significant	0.22691	1	0.9090909090909091	0.9090909090909091	1.0	0.5625	0.5625	0.373
I14_OG002388	not significant	0.40826	1.0	0.7272727272727273	0.7272727272727273	0.0	0.4375	0.4375	0.2865
I14_OG002389	not significant	0.9904	1.0	0.9090909090909091	0.9090909090909091	1.0	0.90625	0.9375	0.0051
I14_OG002391	not significant	0.38897	1	1.0	1.0	1.0	0.8125	0.8125	0.2932
I14_OG002392	not significant	0.1974	1	1.0	1.0	1.0	0.71875	0.75	0.3838
I14_OG002394	not significant	0.10786	1	1.0	1.0	1.0	0.625	0.625	0.4432
I14_OG002395	not significant	0.52357	1.0	0.9090909090909091	0.9090909090909091	1.0	1.0	1.0	-0.2365
I14_OG002397	not significant	0.87678	0	0.13636363636363635	0.18181818181818177	0.0	0.1875	0.1875	-0.0698
I14_OG002398	not significant	0.61789	1	0.8636363636363636	0.9090909090909091	1.0	0.6875	0.6875	0.2078
I14_OG002399	not significant	0.39915	0	0.45454545454545453	0.4545454545454546	1.0	0.75	0.75	-0.3006
I14_OG002400	not significant	0.55381	1	1.0	1.0	1.0	0.90625	0.9375	0.2216
I14_OG002401	not significant	0.77365	0.5	0.5	0.5454545454545454	0.0	0.375	0.375	0.1266
I14_OG002402	not significant	0.69599	1	1.0	1.0	1.0	0.9375	0.9375	0.1626
I14_OG002404	not significant	0.92243	1	0.8181818181818182	0.8181818181818181	1.0	0.78125	0.8125	0.0464
I14_OG002405	not significant	0.82054	1.0	0.9090909090909091	0.9090909090909091	1.0	0.84375	0.875	0.0998
I14_OG002406	not significant	0.52663	1	1.0	1.0	1.0	0.875	0.875	0.2345
I14_OG002407	not significant	0.92355	1.0	0.9090909090909091	0.9090909090909091	1.0	0.875	0.875	0.0533
I14_OG002408	not significant	1.0	1	1.0	1.0	1.0	1.0	1.0	0
I14_OG002409	not significant	0.77512	0.5	0.5	0.5454545454545454	0.0	0.375	0.375	0.1266
I14_OG002410	not significant	0.50042	1.0	0.9090909090909091	0.9090909090909091	1.0	0.6875	0.6875	0.2619
I14_OG002411	not significant	0.18458	1	1.0	1.0	1.0	0.6875	0.6875	0.3953
I14_OG002412	not significant	0.22473	1	0.9090909090909091	0.9090909090909091	1.0	0.5625	0.5625	0.373
I14_OG002413	not significant	0.65583	1	0.8181818181818182	0.8181818181818181	1.0	0.65625	0.6875	0.1819
I14_OG002414	not significant	0.74747	1	0.5909090909090909	0.6363636363636364	0.0	0.4375	0.4375	0.1536
I14_OG002415	not significant	0.97325	0.5	0.45454545454545453	0.5454545454545454	0.0	0.4375	0.4375	0.0175
I14_OG002419	not significant	1.0	1	1.0	1.0	1.0	1.0	1.0	0
I14_OG002421	not significant	0.75499	1	0.7272727272727273	0.7272727272727273	1.0	0.59375	0.625	0.1403
I14_OG002422	not significant	0.74038	1	1.0	1.0	1.0	0.9375	0.9375	0.1626
I14_OG002423	not significant	0.52458	1	1.0	1.0	1.0	0.875	0.875	0.2345
I14_OG002424	not significant	0.91364	1.0	0.9090909090909091	0.9090909090909091	1.0	0.875	0.875	0.0533
I14_OG002425	not significant	0.40485	1	1.0	1.0	1.0	0.8125	0.8125	0.2932
I14_OG002427	not significant	0.97154	0.5	0.45454545454545453	0.5454545454545454	0.0	0.4375	0.4375	0.0175
I14_OG002431	not significant	0.69327	1	1.0	1.0	1.0	0.9375	0.9375	0.1626
I14_OG002433	not significant	0.80571	0.5	0.45454545454545453	0.5454545454545454	0.0	0.34375	0.375	0.1188
I14_OG002434	not significant	0.9314	1.0	0.7272727272727273	0.7272727272727273	1.0	0.6875	0.6875	0.0428
I14_OG002435	not significant	0.74511	0.0	0.36363636363636365	0.4545454545454546	0.5	0.5	0.5	-0.1402
I14_OG002436	not significant	0.10974	1	1.0	1.0	1.0	0.625	0.625	0.4432
I14_OG002437	not significant	0.54722	1	1.0	1.0	1.0	0.875	0.875	0.2345
I14_OG002439	not significant	0.80842	1	0.7272727272727273	0.7272727272727273	1.0	0.625	0.625	0.1066
I14_OG002441	not significant	0.61479	1.0	0.9090909090909091	0.9090909090909091	1.0	0.75	0.75	0.2012
I14_OG002442	not significant	0.44949	0.0	0.36363636363636365	0.4545454545454546	1.0	0.625	0.625	-0.2671
I14_OG002443	not significant	0.97083	0.5	0.5454545454545454	0.6363636363636364	1.0	0.5625	0.5625	-0.0175
I14_OG002451	not significant	0.1216	1	0.8636363636363636	0.9090909090909091	0.0	0.4375	0.4375	0.4381
I14_OG002453	not significant	0.93471	1	0.9545454545454546	1.0	1.0	0.9375	0.9375	0.0403
I14_OG002459	not significant	0.9599	1	0.7727272727272727	0.8181818181818181	1.0	0.75	0.75	0.0268
I14_OG002460	not significant	0.47228	1	0.9545454545454546	1.0	1.0	0.78125	0.8125	0.2595
I14_OG002461	not significant	0.46253	1.0	0.9090909090909091	0.9090909090909091	1.0	0.6875	0.6875	0.2619
I14_OG002464	not significant	0.64089	1	0.8181818181818182	0.8181818181818181	1.0	0.625	0.625	0.2079
I14_OG002465	not significant	0.54021	1	1.0	1.0	1.0	0.875	0.875	0.2345
I14_OG002466	not significant	0.84733	1	0.8181818181818182	0.8181818181818181	1.0	0.875	0.9375	-0.0851
I14_OG002467	not significant	0.18377	1	1.0	1.0	1.0	0.6875	0.6875	0.3953
I14_OG002468	not significant	0.69272	1	1.0	1.0	1.0	0.96875	1.0	0.1626
I14_OG002470	not significant	0.94681	0	0.3181818181818182	0.36363636363636365	0.0	0.28125	0.3125	0.0416
I14_OG002475	not significant	0.66805	1.0	0.9090909090909091	0.9090909090909091	1.0	0.78125	0.8125	0.1745
I14_OG002476	not significant	0.6981	1	1.0	1.0	1.0	0.96875	1.0	0.1626
I14_OG002477	not significant	0.32101	1.0	0.8636363636363636	0.9090909090909091	1.0	1.0	1.0	-0.3223
I14_OG002478	not significant	0.76874	1.0	0.9090909090909091	0.9090909090909091	1.0	0.8125	0.8125	0.1336
I14_OG002479	not significant	0.41694	1	1.0	1.0	1.0	0.84375	0.875	0.2808
I14_OG002480	not significant	0.30457	1	0.9545454545454546	1.0	1.0	0.6875	0.6875	0.3355
I14_OG002481	not significant	0.90652	1	0.9545454545454546	1.0	1.0	0.96875	1.0	-0.0533
I14_OG002482	not significant	0.27172	1	1.0	1.0	1.0	0.75	0.75	0.3458
I14_OG002483	not significant	0.42576	1	1.0	1.0	1.0	0.8125	0.8125	0.2932
I14_OG002485	not significant	0.35552	1	0.6818181818181818	0.7272727272727273	0.0	0.375	0.375	0.3073
I14_OG002486	not significant	0.78399	0.5	0.5	0.5454545454545454	0.0	0.375	0.375	0.1266
I14_OG002488	not significant	0.96496	0	0.2727272727272727	0.36363636363636365	0.0	0.25	0.25	0.0268
I14_OG002490	not significant	0.74526	1	0.5454545454545454	0.5454545454545454	0.0	0.375	0.375	0.1685
I14_OG002493	not significant	0.22653	1	0.9090909090909091	0.9090909090909091	1.0	0.5625	0.5625	0.373
I14_OG002494	not significant	0.30255	1	1.0	1.0	1.0	0.78125	0.8125	0.334
I14_OG002495	not significant	0.69793	1	1.0	1.0	1.0	0.96875	1.0	0.1626
I14_OG002497	not significant	0.73219	1	0.8636363636363636	0.9090909090909091	1.0	0.75	0.75	0.1428
I14_OG002498	not significant	0.90683	1.0	0.9090909090909091	0.9090909090909091	1.0	0.875	0.875	0.0533
I14_OG002500	not significant	0.29835	0.0	0.4090909090909091	0.4545454545454546	0.0	0.125	0.125	0.3351
I14_OG002501	not significant	0.92779	1	0.5454545454545454	0.5454545454545454	0.5	0.5	0.5	0.0447
I14_OG002502	not significant	0.10739	1	1.0	1.0	1.0	0.625	0.625	0.4432
I14_OG002503	present_enriched	0.00931	1.0	0.9545454545454546	1.0	1.0	0.6875	0.6875	0.3355
I14_OG002504	not significant	0.98462	1	0.7727272727272727	0.8181818181818181	1.0	0.78125	0.8125	-0.0107
I14_OG002505	not significant	0.78104	1.0	0.8181818181818182	0.8181818181818181	1.0	0.71875	0.75	0.1173
I14_OG002506	not significant	0.98931	1.0	0.9090909090909091	0.9090909090909091	1.0	0.90625	0.9375	0.0051
I14_OG002512	not significant	0.69872	1	1.0	1.0	1.0	0.9375	0.9375	0.1626
I14_OG002513	not significant	0.60211	1	1.0	1.0	1.0	0.875	0.875	0.2345
I14_OG002514	not significant	0.61703	1.0	0.6363636363636364	0.6363636363636364	0.0	0.4375	0.4375	0.1956
I14_OG002515	not significant	0.53302	1	1.0	1.0	1.0	0.875	0.875	0.2345
I14_OG002516	not significant	0.69857	1	1.0	1.0	1.0	0.9375	0.9375	0.1626
I14_OG002517	not significant	0.75785	1.0	0.9090909090909091	0.9090909090909091	1.0	0.8125	0.8125	0.1336
I14_OG002518	not significant	0.67149	1.0	0.9090909090909091	0.9090909090909091	1.0	0.78125	0.8125	0.1745
I14_OG002521	not significant	0.92802	0	0.36363636363636365	0.36363636363636365	0.0	0.3125	0.3125	0.0533
I14_OG002524	not significant	0.41237	1	1.0	1.0	1.0	0.84375	0.875	0.2808
I14_OG002525	not significant	0.565	1	0.9545454545454546	1.0	1.0	0.8125	0.8125	0.2169
I14_OG002526	not significant	0.71081	1	1.0	1.0	1.0	0.9375	0.9375	0.1626
I14_OG002527	not significant	0.82102	1.0	0.7272727272727273	0.7272727272727273	1.0	0.625	0.625	0.1066
I14_OG002528	not significant	0.90783	1	0.7727272727272727	0.8181818181818181	1.0	0.8125	0.8125	-0.05
I14_OG002529	not significant	0.83432	1	0.7727272727272727	0.8181818181818181	1.0	0.6875	0.6875	0.0957
I14_OG002530	not significant	0.75433	1.0	0.9090909090909091	0.9090909090909091	1.0	0.8125	0.8125	0.1336
I14_OG002531	not significant	0.95251	0.0	0.45454545454545453	0.4545454545454546	0.5	0.5	0.5	-0.0447
I14_OG002532	not significant	0.96131	1.0	0.7272727272727273	0.7272727272727273	1.0	0.75	0.75	-0.0255
I14_OG002533	not significant	0.51014	1.0	0.9090909090909091	0.9090909090909091	1.0	0.71875	0.75	0.2391
I14_OG002534	not significant	0.82866	1	0.7727272727272727	0.8181818181818181	1.0	0.6875	0.6875	0.0957
I14_OG002536	not significant	0.22251	1	0.5454545454545454	0.5454545454545454	0.0	0.1875	0.1875	0.3731
I14_OG002538	not significant	0.69814	1	1.0	1.0	1.0	0.9375	0.9375	0.1626
I14_OG002539	not significant	0.80107	1	0.9090909090909091	0.9090909090909091	1.0	0.8125	0.8125	0.1336
I14_OG002540	not significant	0.38359	1	1.0	1.0	1.0	0.8125	0.8125	0.2932
I14_OG002541	not significant	0.60927	1	0.9090909090909091	0.9090909090909091	1.0	0.75	0.75	0.2012
I14_OG002542	not significant	0.42545	1	1.0	1.0	1.0	0.875	0.9375	0.2745
I14_OG002544	not significant	0.86755	1	0.6363636363636364	0.7272727272727273	1.0	0.5625	0.5625	0.0769
I14_OG002546	not significant	0.39422	1	1.0	1.0	1.0	0.8125	0.8125	0.2932
I14_OG002547	not significant	0.90764	1.0	0.9090909090909091	0.9090909090909091	1.0	0.9375	0.9375	-0.0533
I14_OG002548	not significant	0.59053	1	0.8636363636363636	0.9090909090909091	1.0	0.6875	0.6875	0.2078
I14_OG002549	not significant	0.06554	1	1.0	1.0	1.0	0.5625	0.5625	0.4905
I14_OG002550	not significant	0.75625	1	1.0	1.0	1.0	0.9375	0.9375	0.1626
I14_OG002551	not significant	0.84974	1	0.8181818181818182	0.8181818181818181	1.0	0.75	0.75	0.0806
I14_OG002552	not significant	0.13686	1	1.0	1.0	1.0	0.6875	0.75	0.422
I14_OG002553	not significant	0.72736	1.0	0.8636363636363636	0.9090909090909091	1.0	0.75	0.75	0.1428
I14_OG002554	not significant	0.48064	0	0.22727272727272727	0.2727272727272727	0.0	0.0625	0.0625	0.2516
I14_OG002555	not significant	0.19715	1.0	0.8181818181818182	0.8181818181818181	0.0	0.4375	0.4375	0.3807
I14_OG002556	not significant	0.62397	1.0	0.8636363636363636	0.9090909090909091	1.0	0.6875	0.6875	0.2078
I14_OG002557	not significant	0.91955	0	0.22727272727272727	0.2727272727272727	0.0	0.1875	0.1875	0.05
I14_OG002558	not significant	0.1302	1	0.7272727272727273	0.8181818181818181	0.0	0.3125	0.3125	0.4239
I14_OG002559	not significant	0.91198	1	0.6363636363636364	0.6363636363636364	1.0	0.5625	0.5625	0.0739
I14_OG002561	not significant	0.13771	0.5	0.5	0.5454545454545454	0.0	0.125	0.125	0.4212
I14_OG002566	not significant	0.13058	1	1.0	1.0	1.0	0.65625	0.6875	0.4319
I14_OG002567	not significant	0.06923	1	0.6818181818181818	0.7272727272727273	0.0	0.21875	0.25	0.4819
I14_OG002568	not significant	0.90451	1.0	0.9090909090909091	0.9090909090909091	1.0	0.9375	0.9375	-0.0533
I14_OG002569	not significant	0.80865	1	0.7272727272727273	0.7272727272727273	1.0	0.625	0.625	0.1066
I14_OG002570	not significant	0.74018	1	0.7727272727272727	0.8181818181818181	1.0	0.875	0.875	-0.1396
I14_OG002571	not significant	0.09884	1	0.6818181818181818	0.7272727272727273	0.0	0.25	0.25	0.4374
I14_OG002572	not significant	0.84583	1	0.6363636363636364	0.7272727272727273	0.75	0.53125	0.5625	0.1109
I14_OG002574	not significant	0.45335	1	0.8181818181818182	0.9090909090909091	1.0	0.5625	0.5625	0.2784
I14_OG002575	not significant	0.80226	1.0	0.7272727272727273	0.7272727272727273	1.0	0.625	0.625	0.1066
I14_OG002576	not significant	0.80367	1	0.7272727272727273	0.7272727272727273	1.0	0.625	0.625	0.1066
I14_OG002577	not significant	0.5505	1.0	0.9090909090909091	0.9090909090909091	1.0	1.0	1.0	-0.2365
I14_OG002578	not significant	0.76594	1.0	0.9090909090909091	0.9090909090909091	1.0	0.8125	0.8125	0.1336
I14_OG002579	not significant	0.38743	1	1.0	1.0	1.0	0.8125	0.8125	0.2932
I14_OG002580	not significant	0.36138	1	0.6818181818181818	0.7272727272727273	0.0	0.375	0.375	0.3073
I14_OG002581	not significant	0.63309	1	0.8181818181818182	0.8181818181818181	1.0	0.9375	0.9375	-0.1866
I14_OG002582	not significant	0.32391	1	0.9090909090909091	0.9090909090909091	1.0	0.625	0.625	0.3185
I14_OG002583	not significant	0.41415	1	1.0	1.0	1.0	0.84375	0.875	0.2808
I14_OG002584	not significant	1.0	1	1.0	1.0	1.0	1.0	1.0	0
I14_OG002585	not significant	0.64903	0	0.18181818181818182	0.2727272727272727	0.0	0.0625	0.0625	0.207
I14_OG002588	not significant	0.30897	1.0	0.8181818181818182	0.8181818181818181	0.5	0.5	0.5	0.3237
I14_OG002590	not significant	0.23801	1.0	0.6363636363636364	0.6363636363636364	0.0	0.28125	0.3125	0.3597
I14_OG002591	not significant	0.90728	0	0.3181818181818182	0.36363636363636365	0.0	0.375	0.375	-0.0597
I14_OG002592	not significant	0.86588	0	0.18181818181818182	0.18181818181818177	0.0	0.125	0.125	0.0786
I14_OG002593	not significant	0.49303	1.0	0.8636363636363636	0.9090909090909091	1.0	0.625	0.625	0.268
I14_OG002595	not significant	0.84744	0	0.2727272727272727	0.36363636363636365	0.0	0.375	0.375	-0.1113
I14_OG002597	not significant	0.36397	0.5	0.45454545454545453	0.5454545454545454	0.0	0.1875	0.1875	0.301
I14_OG002602	not significant	0.17869	1	1.0	1.0	1.0	0.6875	0.6875	0.3953
I14_OG002603	not significant	0.75966	1	0.8181818181818182	0.8181818181818181	1.0	0.6875	0.6875	0.1465
I14_OG002604	not significant	0.7359	1	1.0	1.0	1.0	0.9375	0.9375	0.1626
I14_OG002605	not significant	0.99115	1.0	0.9090909090909091	0.9090909090909091	1.0	0.90625	0.9375	0.0051
I14_OG002607	not significant	0.55228	1	1.0	1.0	1.0	0.875	0.875	0.2345
I14_OG002608	not significant	0.37985	1	1.0	1.0	1.0	0.8125	0.8125	0.2932
I14_OG002609	not significant	0.15397	1	0.5909090909090909	0.6363636363636364	0.0	0.25	0.25	0.3505
I14_OG002610	not significant	0.19543	1	0.9545454545454546	1.0	1.0	0.625	0.625	0.3887
I14_OG002611	not significant	0.31573	1	0.8181818181818182	0.8181818181818181	0.5	0.5	0.5	0.3237
I14_OG002612	not significant	0.06525	1	1.0	1.0	1.0	0.5625	0.5625	0.4905
I14_OG002613	not significant	0.19877	1	1.0	1.0	1.0	0.71875	0.75	0.3838
I14_OG002614	not significant	0.38422	1	1.0	1.0	1.0	0.8125	0.8125	0.2932
I14_OG002615	not significant	0.92382	0	0.22727272727272727	0.2727272727272727	0.0	0.28125	0.3125	-0.0637
I14_OG002616	not significant	0.73813	1.0	0.5454545454545454	0.5454545454545454	0.0	0.375	0.375	0.1685
I14_OG002617	not significant	0.92962	1	0.5454545454545454	0.5454545454545454	0.5	0.5	0.5	0.0447
I14_OG002618	not significant	0.82313	1.0	0.7727272727272727	0.8181818181818181	1.0	0.6875	0.6875	0.0957
I14_OG002619	not significant	0.64075	1	0.9090909090909091	0.9090909090909091	1.0	0.75	0.75	0.2012
I14_OG002622	not significant	0.89093	1	0.7727272727272727	0.8181818181818181	1.0	0.71875	0.75	0.0637
I14_OG002629	not significant	0.39972	0.0	0.4090909090909091	0.4545454545454546	0.0	0.15625	0.1875	0.2982
I14_OG002631	not significant	0.40756	1	1.0	1.0	1.0	0.84375	0.875	0.2808
I14_OG002632	not significant	0.2734	1	1.0	1.0	1.0	0.75	0.75	0.3458
I14_OG002633	not significant	0.59297	1	0.8636363636363636	0.9090909090909091	1.0	0.6875	0.6875	0.2078
I14_OG002634	not significant	0.26916	1	1.0	1.0	1.0	0.75	0.75	0.3458
I14_OG002636	not significant	0.7709	1	0.5909090909090909	0.6363636363636364	0.25	0.46875	0.5	0.1248
I14_OG002637	not significant	0.51657	1	1.0	1.0	1.0	0.875	0.875	0.2345
I14_OG002639	not significant	0.81437	0	0.2727272727272727	0.2727272727272727	0.0	0.1875	0.1875	0.1007
I14_OG002640	not significant	0.37566	1	1.0	1.0	1.0	0.8125	0.8125	0.2932
I14_OG002641	not significant	0.958	1	0.7272727272727273	0.7272727272727273	1.0	0.75	0.75	-0.0255
I14_OG002642	not significant	0.85455	1	0.8181818181818182	0.8181818181818181	1.0	0.75	0.75	0.0806
I14_OG002643	not significant	0.52821	1	1.0	1.0	1.0	0.875	0.875	0.2345
I14_OG002644	not significant	0.71185	1	1.0	1.0	1.0	0.9375	0.9375	0.1626
I14_OG002645	not significant	0.32093	1	1.0	1.0	1.0	0.78125	0.8125	0.334
I14_OG002646	not significant	0.43205	1	1.0	1.0	1.0	0.8125	0.8125	0.2932
I14_OG002647	not significant	0.81462	1	0.7272727272727273	0.8181818181818181	1.0	0.8125	0.8125	-0.1066
I14_OG002648	not significant	0.88474	1.0	0.8636363636363636	0.9090909090909091	1.0	0.8125	0.8125	0.0698
I14_OG002649	not significant	0.38331	1	1.0	1.0	1.0	0.8125	0.8125	0.2932
I14_OG002650	not significant	0.72842	1.0	0.8636363636363636	0.9090909090909091	1.0	0.75	0.75	0.1428
I14_OG002651	not significant	0.32657	1.0	0.9090909090909091	0.9090909090909091	1.0	0.625	0.625	0.3185
I14_OG002653	not significant	0.98728	1	0.8181818181818182	0.8181818181818181	1.0	0.8125	0.8125	0.0072
I14_OG002654	not significant	0.3265	1.0	0.9090909090909091	0.9090909090909091	1.0	0.625	0.625	0.3185
I14_OG002655	not significant	0.18908	1.0	0.9545454545454546	1.0	1.0	0.625	0.625	0.3887
I14_OG002656	not significant	0.42788	1	0.8636363636363636	0.9090909090909091	1.0	0.625	0.625	0.268
I14_OG002657	not significant	0.22414	1	0.6818181818181818	0.7272727272727273	0.0	0.3125	0.3125	0.3709
I14_OG002661	not significant	0.20051	0	0.36363636363636365	0.36363636363636365	0.0	0.0625	0.0625	0.3809
I14_OG002663	not significant	0.27708	1	1.0	1.0	1.0	0.75	0.75	0.3458
I14_OG002664	not significant	0.67395	1.0	0.6363636363636364	0.6363636363636364	0.25	0.46875	0.5	0.1683
I14_OG002665	not significant	0.86541	1	0.6818181818181818	0.7272727272727273	1.0	0.75	0.75	-0.0766
I14_OG002667	not significant	0.14056	1.0	0.7727272727272727	0.8181818181818181	0.0	0.375	0.375	0.3994
I14_OG002668	not significant	0.31871	1.0	0.9090909090909091	0.9090909090909091	1.0	0.625	0.625	0.3185
I14_OG002669	not significant	0.20804	1	0.7727272727272727	0.8181818181818181	0.0	0.40625	0.4375	0.3768
I14_OG002670	not significant	0.60823	1	0.9090909090909091	0.9090909090909091	1.0	0.75	0.75	0.2012
I14_OG002671	not significant	0.2212	1.0	0.9090909090909091	0.9090909090909091	1.0	0.5625	0.5625	0.373
I14_OG002672	not significant	0.17686	1	1.0	1.0	1.0	0.6875	0.6875	0.3953
I14_OG002673	not significant	0.55268	1	1.0	1.0	1.0	0.90625	0.9375	0.2216
I14_OG002675	not significant	0.51296	1	1.0	1.0	1.0	0.875	0.875	0.2345
I14_OG002676	not significant	0.55874	1	0.7272727272727273	0.7272727272727273	0.5	0.5	0.5	0.2273
I14_OG002677	not significant	0.80574	1.0	0.6818181818181818	0.7272727272727273	1.0	0.78125	0.8125	-0.1173
I14_OG002679	not significant	0.69682	1.0	0.9090909090909091	0.9090909090909091	1.0	0.78125	0.8125	0.1745
I14_OG002680	not significant	0.25575	0	0.3181818181818182	0.36363636363636365	0.0	0.0625	0.0625	0.3489
I14_OG002681	not significant	0.93796	1.0	0.7272727272727273	0.7272727272727273	1.0	0.6875	0.6875	0.0428
I14_OG002682	not significant	0.92848	1.0	0.5454545454545454	0.5454545454545454	0.5	0.5	0.5	0.0447
I14_OG002683	not significant	0.92437	1	0.6363636363636364	0.7272727272727273	1.0	0.6875	0.6875	-0.0557
I14_OG002684	not significant	0.23651	0.0	0.45454545454545453	0.4545454545454546	0.0	0.125	0.125	0.3695
I14_OG002691	not significant	0.72325	1	0.8636363636363636	0.9090909090909091	1.0	0.75	0.75	0.1428
I14_OG002692	not significant	0.30961	1	0.9545454545454546	1.0	1.0	0.6875	0.6875	0.3355
I14_OG002695	not significant	1.0	1	1.0	1.0	1.0	1.0	1.0	0
I14_OG002696	not significant	0.43876	1.0	0.8181818181818182	0.8181818181818181	1.0	0.5625	0.5625	0.2665
I14_OG002697	not significant	0.69327	1	1.0	1.0	1.0	0.9375	0.9375	0.1626
I14_OG002701	not significant	0.74834	1.0	0.9090909090909091	0.9090909090909091	1.0	0.8125	0.8125	0.1336
I14_OG002702	not significant	0.92265	1	0.8181818181818182	0.8181818181818181	1.0	0.78125	0.8125	0.0464
I14_OG002703	not significant	0.91906	1.0	0.9090909090909091	0.9090909090909091	1.0	0.875	0.875	0.0533
I14_OG002704	not significant	0.67188	1	0.7272727272727273	0.8181818181818181	1.0	0.5625	0.5625	0.1747
I14_OG002706	not significant	0.01375	1	0.7272727272727273	0.7272727272727273	0.0	0.1875	0.1875	0.5398
I14_OG002708	not significant	0.18474	0.5	0.45454545454545453	0.5454545454545454	0.0	0.125	0.125	0.3887
I14_OG002709	not significant	0.26514	1	1.0	1.0	1.0	0.75	0.75	0.3458
I14_OG002710	not significant	0.60458	0.5	0.5	0.5454545454545454	0.0	0.3125	0.3125	0.1928
I14_OG002711	not significant	0.64551	1	0.6818181818181818	0.7272727272727273	0.5	0.5	0.5	0.1842
I14_OG002713	not significant	0.80953	1.0	0.9090909090909091	0.9090909090909091	1.0	0.84375	0.875	0.0998
I14_OG002714	not significant	0.30089	1	0.8181818181818182	0.8181818181818181	0.5	0.5	0.5	0.3237
I14_OG002715	not significant	0.57626	1.0	0.8636363636363636	0.9090909090909091	1.0	0.6875	0.6875	0.2078
I14_OG002717	not significant	0.16103	1	0.6363636363636364	0.6363636363636364	0.0	0.25	0.3125	0.4021
I14_OG002718	not significant	0.90342	1.0	0.9090909090909091	0.9090909090909091	1.0	0.875	0.875	0.0533
I14_OG002719	not significant	0.06478	1	1.0	1.0	1.0	0.5625	0.5625	0.4905
I14_OG002720	not significant	0.6881	1.0	0.9090909090909091	0.9090909090909091	1.0	0.78125	0.8125	0.1745
I14_OG002721	not significant	0.8209	0	0.2727272727272727	0.2727272727272727	0.0	0.375	0.375	-0.1066
I14_OG002722	not significant	0.68734	1.0	0.9090909090909091	0.9090909090909091	1.0	0.78125	0.8125	0.1745
I14_OG002723	not significant	0.91963	1	0.8181818181818182	0.8181818181818181	1.0	0.78125	0.8125	0.0464
I14_OG002724	not significant	0.54065	1	0.7727272727272727	0.8181818181818181	1.0	0.5625	0.5625	0.2208
I14_OG002725	not significant	0.70555	1	1.0	1.0	1.0	0.9375	0.9375	0.1626
I14_OG002726	not significant	0.63055	1	0.6363636363636364	0.6363636363636364	0.25	0.46875	0.5	0.1683
I14_OG002727	not significant	0.59182	0.0	0.45454545454545453	0.4545454545454546	0.0	0.25	0.25	0.2132
I14_OG002728	not significant	0.7422	1.0	0.9090909090909091	0.9090909090909091	1.0	0.8125	0.8125	0.1336
I14_OG002729	not significant	0.57386	1	0.8181818181818182	0.8181818181818181	1.0	0.625	0.625	0.2079
I14_OG002730	not significant	0.92167	1.0	0.9090909090909091	0.9090909090909091	1.0	0.875	0.875	0.0533
I14_OG002731	not significant	0.42615	0	0.36363636363636365	0.36363636363636365	0.0	0.125	0.125	0.282
I14_OG002740	not significant	0.71849	1.0	0.8636363636363636	0.9090909090909091	1.0	0.75	0.75	0.1428
I14_OG002741	not significant	0.62324	0	0.3181818181818182	0.36363636363636365	0.5	0.5	0.5	-0.1842
I14_OG002743	not significant	0.67236	1	0.8181818181818182	0.9090909090909091	1.0	0.6875	0.75	0.1631
I14_OG002744	not significant	0.47655	1	0.9090909090909091	0.9090909090909091	1.0	0.6875	0.6875	0.2619
I14_OG002745	not significant	0.98443	0	0.36363636363636365	0.36363636363636365	0.0	0.375	0.375	-0.0116
I14_OG002747	not significant	0.72289	1	0.8181818181818182	0.9090909090909091	1.0	0.6875	0.6875	0.1541
I14_OG002749	not significant	0.73828	1.0	0.9090909090909091	0.9090909090909091	1.0	0.8125	0.8125	0.1336
I14_OG002750	not significant	0.89824	0	0.09090909090909091	0.09090909090909094	0.0	0.0625	0.0625	0.0533
I14_OG002752	not significant	0.74342	1	1.0	1.0	1.0	0.9375	0.9375	0.1626
I14_OG002753	not significant	0.42611	1.0	0.7727272727272727	0.8181818181818181	0.5	0.5	0.5	0.2804
I14_OG002755	not significant	0.88543	0.5	0.5	0.5454545454545454	1.0	0.5625	0.5625	-0.0628
I14_OG002756	not significant	0.8014	1.0	0.9090909090909091	0.9090909090909091	1.0	0.8125	0.8125	0.1336
I14_OG002759	not significant	0.59333	1	0.8181818181818182	0.8181818181818181	1.0	0.625	0.625	0.2079
I14_OG002760	not significant	0.32879	0.5	0.5454545454545454	0.6363636363636364	0.0	0.25	0.25	0.3133
I14_OG002761	not significant	0.33986	1.0	0.9090909090909091	0.9090909090909091	1.0	0.625	0.625	0.3185
I14_OG002762	not significant	0.5219	1.0	0.6363636363636364	0.6363636363636364	0.0	0.40625	0.4375	0.2304
I14_OG002768	not significant	0.52702	0	0.2727272727272727	0.2727272727272727	0.0	0.09375	0.125	0.2443
I14_OG002770	not significant	0.41987	1.0	0.8636363636363636	0.9090909090909091	1.0	0.625	0.625	0.268
I14_OG002772	not significant	0.75727	1.0	0.5454545454545454	0.5454545454545454	0.0	0.40625	0.4375	0.1398
I14_OG002773	not significant	0.53217	0.5	0.45454545454545453	0.5454545454545454	0.0	0.25	0.25	0.2227
I14_OG002775	not significant	0.50001	1.0	0.9090909090909091	0.9090909090909091	1.0	0.71875	0.75	0.2391
I14_OG002776	not significant	0.37012	1	1.0	1.0	1.0	0.8125	0.8125	0.2932
I14_OG002777	not significant	0.69483	1	0.7727272727272727	0.8181818181818181	1.0	0.625	0.625	0.1598
I14_OG002778	not significant	0.76744	1.0	0.9545454545454546	1.0	1.0	0.875	0.875	0.1429
I14_OG002779	not significant	0.47387	1	0.9090909090909091	0.9090909090909091	1.0	0.6875	0.6875	0.2619
I14_OG002780	not significant	0.74285	1	0.8181818181818182	0.8181818181818181	1.0	0.90625	0.9375	-0.1345
I14_OG002781	not significant	0.76744	1.0	0.7727272727272727	0.8181818181818181	1.0	0.625	0.625	0.1598
I14_OG002782	not significant	0.60146	1	0.8181818181818182	0.8181818181818181	1.0	0.625	0.625	0.2079
I14_OG002783	not significant	0.73454	1	0.9545454545454546	1.0	1.0	0.875	0.875	0.1429
I14_OG002784	not significant	0.18717	1	1.0	1.0	1.0	0.6875	0.6875	0.3953
I14_OG002786	not significant	0.66098	1	0.9545454545454546	1.0	1.0	0.84375	0.875	0.1922
I14_OG002787	not significant	0.79806	0.5	0.5454545454545454	0.6363636363636364	0.0	0.4375	0.4375	0.1103
I14_OG002788	not significant	0.32019	1.0	0.8181818181818182	0.8181818181818181	0.5	0.5	0.5	0.3237
I14_OG002789	not significant	0.93128	1	0.7272727272727273	0.8181818181818181	1.0	0.6875	0.6875	0.0448
I14_OG002791	not significant	0.46961	1.0	0.7727272727272727	0.8181818181818181	0.75	0.53125	0.5625	0.2561
I14_OG002792	not significant	0.95484	1.0	0.7272727272727273	0.7272727272727273	1.0	0.75	0.75	-0.0255
I14_OG002797	not significant	0.6519	1	0.9090909090909091	0.9090909090909091	1.0	0.78125	0.8125	0.1745
I14_OG002798	not significant	0.43898	1.0	0.9090909090909091	0.9090909090909091	1.0	0.6875	0.6875	0.2619
I14_OG002800	not significant	0.85301	0	0.22727272727272727	0.2727272727272727	0.0	0.3125	0.3125	-0.0957
I14_OG002801	not significant	0.72763	1	0.8181818181818182	0.8181818181818181	1.0	0.65625	0.6875	0.1819
I14_OG002802	not significant	0.68351	1.0	0.7727272727272727	0.8181818181818181	1.0	0.625	0.625	0.1598
I14_OG002804	not significant	0.5793	0	0.36363636363636365	0.36363636363636365	0.75	0.5625	0.625	-0.2032
I14_OG002805	not significant	0.58439	1.0	0.9090909090909091	0.9090909090909091	1.0	0.75	0.75	0.2012
I14_OG002806	not significant	0.45144	1.0	0.7272727272727273	0.8181818181818181	0.25	0.46875	0.5	0.2729
I14_OG002807	not significant	0.28855	1.0	0.8636363636363636	0.9090909090909091	1.0	0.59375	0.625	0.3042
I14_OG002808	not significant	0.1092	1	0.9090909090909091	1.0	0.5	0.5	0.5	0.4454
I14_OG002810	not significant	0.27067	1	1.0	1.0	1.0	0.75	0.75	0.3458
I14_OG002811	not significant	0.89829	1.0	0.6363636363636364	0.7272727272727273	1.0	0.6875	0.6875	-0.0557
I14_OG002812	not significant	0.88565	0.5	0.5	0.5454545454545454	1.0	0.5625	0.5625	-0.0628
I14_OG002813	not significant	0.18389	1	1.0	1.0	1.0	0.6875	0.6875	0.3953
I14_OG002815	not significant	0.59012	1	0.9090909090909091	0.9090909090909091	1.0	0.71875	0.75	0.2391
I14_OG002816	not significant	0.76599	1	0.6818181818181818	0.7272727272727273	1.0	0.5625	0.5625	0.1227
I14_OG002817	not significant	0.80394	1.0	0.6363636363636364	0.6363636363636364	0.75	0.53125	0.5625	0.1065
I14_OG002820	not significant	0.43962	1.0	0.9090909090909091	0.9090909090909091	1.0	0.6875	0.6875	0.2619
I14_OG002821	not significant	0.47826	1.0	0.8636363636363636	0.9090909090909091	1.0	0.65625	0.6875	0.2446
I14_OG002822	not significant	0.91888	1.0	0.9090909090909091	0.9090909090909091	1.0	0.9375	0.9375	-0.0533
I14_OG002823	not significant	0.55207	1	1.0	1.0	1.0	0.90625	0.9375	0.2216
I14_OG002824	not significant	0.43255	1	0.9545454545454546	1.0	1.0	0.75	0.75	0.2791
I14_OG002825	not significant	0.2127	1	0.9090909090909091	0.9090909090909091	1.0	0.5625	0.5625	0.373
I14_OG002826	not significant	0.62988	1	0.8181818181818182	0.9090909090909091	1.0	0.65625	0.6875	0.1914
I14_OG002827	not significant	0.47082	1	0.8181818181818182	0.8181818181818181	1.0	0.5625	0.5625	0.2665
I14_OG002828	not significant	0.89034	0	0.3181818181818182	0.36363636363636365	0.0	0.25	0.25	0.0766
I14_OG002829	not significant	0.27349	0.5	0.5	0.5454545454545454	0.0	0.1875	0.25	0.3542
I14_OG002831	not significant	0.64332	1.0	0.8181818181818182	0.8181818181818181	1.0	0.625	0.625	0.2079
I14_OG002833	not significant	0.31315	1.0	0.9090909090909091	0.9090909090909091	1.0	0.625	0.625	0.3185
I14_OG002834	not significant	0.30476	1	1.0	1.0	1.0	0.78125	0.8125	0.334
I14_OG002835	not significant	0.88292	0.5	0.5	0.5454545454545454	1.0	0.5625	0.5625	-0.0628
I14_OG002836	not significant	0.64483	1	0.9090909090909091	0.9090909090909091	1.0	0.75	0.75	0.2012
I14_OG002837	not significant	0.55661	1	1.0	1.0	1.0	0.875	0.875	0.2345
I14_OG002838	not significant	0.52659	1	1.0	1.0	1.0	0.875	0.875	0.2345
I14_OG002839	not significant	0.24601	1.0	0.8181818181818182	0.8181818181818181	0.25	0.46875	0.5	0.3593
I14_OG002843	not significant	0.80829	0	0.36363636363636365	0.36363636363636365	0.0	0.25	0.25	0.1223
I14_OG002847	not significant	0.03395	1	1.0	1.0	0.75	0.53125	0.5625	0.5265
I14_OG002848	not significant	0.58437	1	0.9090909090909091	0.9090909090909091	1.0	0.75	0.75	0.2012
I14_OG002849	not significant	0.1116	1.0	0.9545454545454546	1.0	1.0	0.5625	0.5625	0.4404
I14_OG002850	not significant	0.27222	1	1.0	1.0	1.0	0.75	0.75	0.3458
I14_OG002851	not significant	0.95427	0.0	0.4090909090909091	0.4545454545454546	0.0	0.4375	0.4375	-0.0288
I14_OG002852	not significant	0.73083	1.0	0.8636363636363636	0.9090909090909091	1.0	0.9375	0.9375	-0.1327
I14_OG002853	not significant	0.89893	1.0	0.6363636363636364	0.6363636363636364	1.0	0.6875	0.6875	-0.0533
I14_OG002854	not significant	0.57232	1.0	0.7272727272727273	0.7272727272727273	0.5	0.5	0.5	0.2273
I14_OG002855	not significant	0.6295	1	0.8636363636363636	0.9090909090909091	1.0	0.71875	0.75	0.1812
I14_OG002856	not significant	0.27942	1	1.0	1.0	1.0	0.75	0.75	0.3458
I14_OG002857	not significant	0.70444	0.0	0.4090909090909091	0.4545454545454546	0.0	0.25	0.25	0.172
I14_OG002858	not significant	0.92977	1	0.5909090909090909	0.6363636363636364	1.0	0.625	0.625	-0.035
I14_OG002860	not significant	0.33114	1	0.9090909090909091	0.9090909090909091	1.0	0.625	0.625	0.3185
I14_OG002861	not significant	0.46768	1	0.5909090909090909	0.6363636363636364	1.0	0.8125	0.8125	-0.2489
I14_OG002862	not significant	0.83099	1	0.5909090909090909	0.6363636363636364	0.5	0.5	0.5	0.0913
I14_OG002863	not significant	0.65721	1	0.7272727272727273	0.7272727272727273	1.0	0.5625	0.5625	0.1677
I14_OG002864	not significant	0.66842	0.5	0.45454545454545453	0.5454545454545454	0.0	0.28125	0.3125	0.1903
I14_OG002865	not significant	0.62878	1	0.5909090909090909	0.6363636363636364	0.0	0.375	0.375	0.2168
I14_OG002866	not significant	0.03577	0	0.3181818181818182	0.36363636363636365	0.0	0.0	0.0	0.4858
I14_OG002867	not significant	0.44838	0	0.36363636363636365	0.36363636363636365	0.0	0.125	0.125	0.282
I14_OG002868	not significant	0.588	0	0.09090909090909091	0.09090909090909094	0.0	0.25	0.25	-0.2012
I14_OG002870	not significant	0.16145	1.0	0.7272727272727273	0.7272727272727273	0.0	0.3125	0.3125	0.4079
I14_OG002871	not significant	0.59326	1	0.5909090909090909	0.6363636363636364	0.0	0.375	0.375	0.2168
I14_OG002872	not significant	0.3145	1	0.9090909090909091	0.9090909090909091	1.0	0.625	0.625	0.3185
I14_OG002873	not significant	0.9242	1	0.6363636363636364	0.6363636363636364	1.0	0.59375	0.625	0.0438
I14_OG002874	not significant	0.28101	1	1.0	1.0	1.0	0.75	0.75	0.3458
I14_OG002875	not significant	0.81248	1.0	0.7727272727272727	0.8181818181818181	1.0	0.6875	0.6875	0.0957
I14_OG002876	not significant	0.54697	1	0.5909090909090909	0.6363636363636364	0.0	0.375	0.375	0.2168
I14_OG002877	not significant	0.06359	1.0	0.9090909090909091	0.9090909090909091	0.0	0.4375	0.4375	0.4798
I14_OG002878	not significant	0.95549	1.0	0.5909090909090909	0.6363636363636364	1.0	0.5625	0.5625	0.0288
I14_OG002879	not significant	0.57144	1	0.8181818181818182	0.8181818181818181	1.0	0.625	0.625	0.2079
I14_OG002880	not significant	0.93973	1	0.7272727272727273	0.7272727272727273	1.0	0.6875	0.6875	0.0428
I14_OG002881	not significant	0.48663	1.0	0.9090909090909091	0.9090909090909091	1.0	0.6875	0.6875	0.2619
I14_OG002883	not significant	0.47445	1.0	0.6818181818181818	0.7272727272727273	0.0	0.4375	0.4375	0.2454
I14_OG002884	not significant	0.56736	1.0	0.8636363636363636	0.9090909090909091	1.0	0.6875	0.6875	0.2078
I14_OG002886	not significant	0.4371	1	0.5909090909090909	0.6363636363636364	0.0	0.3125	0.3125	0.282
I14_OG002892	not significant	0.4907	1	0.6818181818181818	0.7272727272727273	0.0	0.4375	0.4375	0.2454
I14_OG002893	not significant	0.12798	1	1.0	1.0	1.0	0.6875	0.75	0.422
I14_OG002894	not significant	0.64898	1.0	0.7272727272727273	0.7272727272727273	1.0	0.5625	0.5625	0.1677
I14_OG002896	not significant	0.66812	1	0.5909090909090909	0.6363636363636364	1.0	0.75	0.75	-0.172
I14_OG002897	not significant	0.41032	1	1.0	1.0	1.0	0.8125	0.8125	0.2932
I14_OG002899	not significant	0.42182	1.0	0.8636363636363636	0.9090909090909091	1.0	0.625	0.625	0.268
I14_OG002901	not significant	0.7955	0.0	0.4090909090909091	0.4545454545454546	0.0	0.3125	0.3125	0.1015
I14_OG002902	not significant	0.62025	1.0	0.9090909090909091	0.9090909090909091	1.0	0.75	0.75	0.2012
I14_OG002903	not significant	0.21527	0.0	0.45454545454545453	0.4545454545454546	0.0	0.125	0.125	0.3695
I14_OG002905	not significant	0.27942	1	1.0	1.0	1.0	0.75	0.75	0.3458
I14_OG002906	not significant	0.57031	1	0.9090909090909091	1.0	1.0	0.75	0.75	0.2149
I14_OG002907	not significant	0.53574	1.0	0.9090909090909091	0.9090909090909091	1.0	1.0	1.0	-0.2365
I14_OG002913	not significant	0.73267	0	0.13636363636363635	0.18181818181818177	0.0	0.0625	0.0625	0.1327
I14_OG002916	not significant	0.28026	1	1.0	1.0	1.0	0.75	0.75	0.3458
I14_OG002917	not significant	0.88994	1	0.7727272727272727	0.8181818181818181	1.0	0.71875	0.75	0.0637
I14_OG002918	not significant	0.51375	1	1.0	1.0	1.0	0.875	0.875	0.2345
I14_OG002919	not significant	0.46774	1.0	0.8636363636363636	0.9090909090909091	1.0	0.625	0.625	0.268
I14_OG002920	not significant	0.89793	1	0.7727272727272727	0.8181818181818181	1.0	0.8125	0.8125	-0.05
I14_OG002922	not significant	1.0	1	1.0	1.0	1.0	1.0	1.0	0
I14_OG002923	not significant	0.38443	1	1.0	1.0	1.0	0.8125	0.8125	0.2932
I14_OG002924	not significant	0.4399	1	0.8181818181818182	0.8181818181818181	1.0	0.5625	0.5625	0.2665
I14_OG002925	not significant	0.57168	1	1.0	1.0	1.0	0.90625	0.9375	0.2216
I14_OG002926	not significant	1.0	0.5	0.5	0.5454545454545454	0.5	0.5	0.5	0.0
I14_OG002927	not significant	0.7479	0.0	0.4090909090909091	0.4545454545454546	1.0	0.5625	0.5625	-0.1536
I14_OG002928	not significant	0.50089	1	0.5454545454545454	0.5454545454545454	0.0	0.3125	0.3125	0.233
I14_OG002929	not significant	0.63044	1.0	0.9090909090909091	0.9090909090909091	1.0	0.75	0.75	0.2012
I14_OG002930	not significant	0.39962	1	1.0	1.0	1.0	0.8125	0.8125	0.2932
I14_OG002931	not significant	0.19935	1	1.0	1.0	1.0	0.71875	0.75	0.3838
I14_OG002932	not significant	0.65505	1.0	0.9090909090909091	0.9090909090909091	1.0	0.75	0.75	0.2012
I14_OG002933	not significant	0.45953	1.0	0.9090909090909091	0.9090909090909091	1.0	0.6875	0.6875	0.2619
I14_OG002934	not significant	0.37729	0	0.2727272727272727	0.2727272727272727	0.0	0.0625	0.0625	0.2908
I14_OG002935	not significant	1.0	0.5	0.5	0.5454545454545454	0.5	0.5	0.5	0.0
I14_OG002936	not significant	0.45612	1	0.9090909090909091	0.9090909090909091	1.0	0.6875	0.6875	0.2619
I14_OG002937	not significant	0.91285	1.0	0.9090909090909091	0.9090909090909091	1.0	0.9375	0.9375	-0.0533
I14_OG002938	not significant	0.88115	0.5	0.5	0.5454545454545454	0.0	0.4375	0.4375	0.0628
I14_OG002943	not significant	0.67341	1.0	0.9090909090909091	0.9090909090909091	1.0	0.78125	0.8125	0.1745
I14_OG002944	not significant	0.7352	1	0.8636363636363636	0.9090909090909091	1.0	0.75	0.75	0.1428
I14_OG002945	not significant	0.95459	1	0.7727272727272727	0.8181818181818181	1.0	0.75	0.8125	0.0284
I14_OG002947	not significant	0.66118	1	0.5454545454545454	0.5454545454545454	0.0	0.375	0.375	0.1685
I14_OG002948	present_enriched	0.00306	1	0.6818181818181818	0.7272727272727273	0.0	0.0625	0.0625	0.6697
I14_OG002950	not significant	0.95317	0	0.22727272727272727	0.2727272727272727	0.0	0.25	0.25	-0.0268
I14_OG002951	not significant	0.85167	1	0.8181818181818182	0.8181818181818181	1.0	0.875	0.875	-0.0786
I14_OG002952	not significant	0.81181	1.0	0.7727272727272727	0.8181818181818181	1.0	0.6875	0.6875	0.0957
I14_OG002953	not significant	0.51897	1.0	0.7272727272727273	0.7272727272727273	0.5	0.5	0.5	0.2273
I14_OG002955	not significant	0.79172	0.0	0.4090909090909091	0.4545454545454546	0.0	0.3125	0.3125	0.1015
I14_OG002956	not significant	0.18562	1	1.0	1.0	1.0	0.6875	0.6875	0.3953
I14_OG002957	not significant	0.50012	1.0	0.9090909090909091	0.9090909090909091	1.0	0.6875	0.6875	0.2619
I14_OG002958	not significant	0.82346	1.0	0.9090909090909091	0.9090909090909091	1.0	0.84375	0.875	0.0998
I14_OG002959	not significant	0.2284	1	0.9090909090909091	0.9090909090909091	1.0	0.5625	0.5625	0.373
I14_OG002961	not significant	0.27673	1	1.0	1.0	1.0	0.75	0.75	0.3458
I14_OG002962	not significant	0.83661	1	0.8636363636363636	0.9090909090909091	1.0	0.75	0.75	0.1428
I14_OG002963	not significant	0.75541	0	0.2727272727272727	0.36363636363636365	0.0	0.40625	0.4375	-0.1466
I14_OG002964	not significant	0.33224	1	0.6818181818181818	0.7272727272727273	0.0	0.375	0.375	0.3073
I14_OG002965	not significant	0.76406	0	0.3181818181818182	0.36363636363636365	0.0	0.1875	0.1875	0.1541
I14_OG002966	not significant	0.55254	1.0	0.8636363636363636	0.9090909090909091	1.0	0.6875	0.6875	0.2078
I14_OG002969	not significant	0.12917	1	0.8636363636363636	0.9090909090909091	0.25	0.46875	0.5	0.4188
I14_OG002976	not significant	0.51512	1.0	0.9090909090909091	0.9090909090909091	1.0	0.71875	0.75	0.2391
I14_OG002977	not significant	0.50208	1	0.9090909090909091	0.9090909090909091	1.0	0.71875	0.75	0.2391
I14_OG002979	not significant	0.71805	1	0.6363636363636364	0.6363636363636364	0.5	0.5	0.5	0.1348
I14_OG002980	not significant	0.89959	1.0	0.6363636363636364	0.6363636363636364	1.0	0.6875	0.6875	-0.0533
I14_OG002981	not significant	0.98379	1	0.8181818181818182	0.8181818181818181	1.0	0.8125	0.8125	0.0072
I14_OG002982	not significant	0.71298	1.0	0.7272727272727273	0.7272727272727273	1.0	0.59375	0.625	0.1403
I14_OG002983	not significant	0.52524	1	1.0	1.0	1.0	0.875	0.875	0.2345
I14_OG002984	not significant	0.28347	1	0.8181818181818182	0.8181818181818181	0.5	0.5	0.5	0.3237
I14_OG002985	not significant	0.98477	1	0.6818181818181818	0.7272727272727273	1.0	0.6875	0.75	-0.0064
I14_OG002986	not significant	0.97427	0.5	0.45454545454545453	0.5454545454545454	0.0	0.4375	0.4375	0.0175
I14_OG002988	not significant	0.98424	0	0.18181818181818182	0.18181818181818177	0.0	0.1875	0.1875	-0.0072
I14_OG002989	not significant	0.57964	1.0	0.8181818181818182	0.8181818181818181	1.0	0.625	0.625	0.2079
I14_OG002990	not significant	0.86976	1.0	0.8181818181818182	0.8181818181818181	1.0	0.75	0.75	0.0806
I14_OG002991	not significant	0.73013	1.0	0.9090909090909091	0.9090909090909091	1.0	0.8125	0.8125	0.1336
I14_OG002992	not significant	0.83667	1	0.8181818181818182	0.8181818181818181	1.0	0.75	0.75	0.0806
I14_OG002993	not significant	0.08641	1.0	0.9090909090909091	0.9090909090909091	0.25	0.46875	0.5	0.4626
I14_OG002994	not significant	0.7035	0.0	0.45454545454545453	0.4545454545454546	0.0	0.3125	0.3125	0.1445
I14_OG002996	not significant	0.68688	1	0.8181818181818182	0.8181818181818181	1.0	0.6875	0.6875	0.1465
I14_OG002997	not significant	0.6118	1	0.6363636363636364	0.6363636363636364	1.0	0.8125	0.8125	-0.1975
I14_OG002999	not significant	0.63823	0.0	0.4090909090909091	0.4545454545454546	0.0	0.25	0.25	0.172
I14_OG003000	not significant	0.89942	0.5	0.5	0.5454545454545454	0.0	0.4375	0.4375	0.0628
I14_OG003001	not significant	0.92606	0.0	0.4090909090909091	0.4545454545454546	0.0	0.375	0.375	0.035
I14_OG003010	not significant	0.78383	1.0	0.9090909090909091	0.9090909090909091	1.0	0.8125	0.8125	0.1336
I14_OG003011	not significant	0.62895	1.0	0.7272727272727273	0.7272727272727273	0.75	0.53125	0.5625	0.2015
I14_OG003012	not significant	0.81669	1	0.9090909090909091	0.9090909090909091	1.0	0.84375	0.875	0.0998
I14_OG003013	not significant	0.95147	1.0	0.5909090909090909	0.6363636363636364	1.0	0.5625	0.5625	0.0288
I14_OG003014	not significant	0.7825	0.5	0.5454545454545454	0.6363636363636364	0.0	0.4375	0.4375	0.1103
I14_OG003015	not significant	0.94136	0.0	0.4090909090909091	0.4545454545454546	0.0	0.375	0.375	0.035
I14_OG003016	not significant	0.92421	1	0.5909090909090909	0.6363636363636364	1.0	0.625	0.625	-0.035
I14_OG003017	not significant	0.18687	1	0.9545454545454546	1.0	1.0	0.625	0.625	0.3887
I14_OG003018	not significant	0.58687	1	0.6363636363636364	0.6363636363636364	0.0	0.4375	0.4375	0.1956
I14_OG003019	not significant	0.95204	0.0	0.4090909090909091	0.4545454545454546	0.0	0.4375	0.4375	-0.0288
I14_OG003020	not significant	0.95159	0.0	0.4090909090909091	0.4545454545454546	0.0	0.4375	0.4375	-0.0288
I14_OG003021	not significant	0.11225	1	1.0	1.0	1.0	0.625	0.625	0.4432
I14_OG003022	not significant	0.4511	1.0	0.9090909090909091	0.9090909090909091	1.0	0.6875	0.6875	0.2619
I14_OG003023	not significant	0.75478	1	0.8181818181818182	0.8181818181818181	1.0	0.71875	0.75	0.1173
I14_OG003025	not significant	0.85209	0	0.18181818181818182	0.18181818181818177	0.0	0.125	0.125	0.0786
I14_OG003026	not significant	0.97299	0	0.22727272727272727	0.2727272727272727	0.0	0.25	0.25	-0.0268
I14_OG003030	not significant	0.77037	0	0.22727272727272727	0.2727272727272727	0.0	0.125	0.125	0.1396
I14_OG003035	not significant	0.23729	1.0	0.8181818181818182	0.8181818181818181	0.25	0.46875	0.5	0.3593
I14_OG003036	not significant	0.30703	1	0.8636363636363636	0.9090909090909091	1.0	0.5625	0.5625	0.3257
I14_OG003037	not significant	0.19325	1	0.8181818181818182	0.8181818181818181	0.0	0.4375	0.4375	0.3807
I14_OG003038	not significant	0.52717	1.0	0.5909090909090909	0.6363636363636364	0.0	0.375	0.375	0.2168
I14_OG003039	not significant	0.60796	1	0.8181818181818182	0.8181818181818181	1.0	0.625	0.625	0.2079
I14_OG003040	not significant	0.53502	1	1.0	1.0	1.0	0.875	0.875	0.2345
I14_OG003041	not significant	0.20021	1	0.9090909090909091	0.9090909090909091	1.0	0.5625	0.5625	0.373
I14_OG003042	not significant	0.52664	1	0.5909090909090909	0.6363636363636364	0.0	0.375	0.375	0.2168
I14_OG003043	not significant	0.18539	1	1.0	1.0	1.0	0.6875	0.6875	0.3953
I14_OG003044	not significant	0.39776	1	0.8636363636363636	0.9090909090909091	1.0	0.625	0.625	0.268
I14_OG003045	not significant	0.73399	1	0.5909090909090909	0.6363636363636364	0.0	0.4375	0.4375	0.1536
I14_OG003046	not significant	0.74865	1.0	0.6363636363636364	0.6363636363636364	1.0	0.75	0.75	-0.1223
I14_OG003048	not significant	0.20077	1	0.9090909090909091	0.9090909090909091	1.0	0.5625	0.5625	0.373
I14_OG003049	not significant	0.11491	1	1.0	1.0	1.0	0.75	0.75	0.3458
I14_OG003050	not significant	0.06827	1	0.6818181818181818	0.7272727272727273	0.0	0.21875	0.25	0.4819
I14_OG003051	not significant	0.92504	1	0.5909090909090909	0.6363636363636364	1.0	0.625	0.625	-0.035
I14_OG003052	not significant	0.20843	1.0	0.5454545454545454	0.5454545454545454	0.0	0.1875	0.1875	0.3731
I14_OG003053	not significant	0.7885	1.0	0.5454545454545454	0.5454545454545454	0.0	0.4375	0.4375	0.1062
I14_OG003054	not significant	0.2794	1.0	0.9090909090909091	0.9090909090909091	1.0	0.625	0.6875	0.3351
I14_OG003055	not significant	0.72203	1.0	0.8636363636363636	0.9090909090909091	1.0	0.75	0.75	0.1428
I14_OG003056	not significant	0.23011	1.0	0.9090909090909091	0.9090909090909091	1.0	0.5625	0.5625	0.373
I14_OG003057	not significant	0.08624	1	0.6363636363636364	0.6363636363636364	0.0	0.1875	0.1875	0.4567
I14_OG003058	not significant	0.98867	1.0	0.7272727272727273	0.7272727272727273	1.0	0.71875	0.75	0.0096
I14_OG003059	not significant	0.97094	0	0.2727272727272727	0.2727272727272727	0.0	0.25	0.25	0.0255
I14_OG003066	not significant	0.95433	1.0	0.5909090909090909	0.6363636363636364	1.0	0.5625	0.5625	0.0288
I14_OG003068	not significant	0.69784	0.0	0.45454545454545453	0.4545454545454546	0.0	0.3125	0.3125	0.1445
I14_OG003069	not significant	0.88427	1	0.6818181818181818	0.7272727272727273	1.0	0.75	0.75	-0.0766
I14_OG003070	not significant	0.67132	1	0.8181818181818182	0.9090909090909091	1.0	0.6875	0.6875	0.1541
I14_OG003071	not significant	0.47276	1	0.8181818181818182	0.8181818181818181	1.0	0.59375	0.625	0.2427
I14_OG003073	not significant	0.77699	1.0	0.6363636363636364	0.6363636363636364	0.5	0.5	0.5	0.1348
I14_OG003074	not significant	0.40925	1.0	0.8181818181818182	0.8181818181818181	1.0	0.5625	0.5625	0.2665
I14_OG003075	not significant	0.86638	1	0.8181818181818182	0.8181818181818181	1.0	0.875	0.875	-0.0786
I14_OG003076	not significant	0.69791	1.0	0.8181818181818182	0.8181818181818181	1.0	0.6875	0.6875	0.1465
I14_OG003077	not significant	0.58436	1	0.8636363636363636	0.9090909090909091	1.0	0.6875	0.6875	0.2078
I14_OG003079	not significant	0.73458	0.5	0.5	0.5454545454545454	1.0	0.625	0.625	-0.1266
I14_OG003080	not significant	0.10678	1.0	0.8636363636363636	0.9090909090909091	0.0	0.4375	0.4375	0.4381
I14_OG003081	not significant	0.92671	0.0	0.4090909090909091	0.4545454545454546	0.0	0.375	0.375	0.035
I14_OG003082	not significant	0.72916	1	0.6363636363636364	0.7272727272727273	1.0	0.75	0.75	-0.1281
I14_OG003083	not significant	0.43472	0.0	0.45454545454545453	0.4545454545454546	0.0	0.1875	0.1875	0.2874
I14_OG003084	not significant	0.43166	1.0	0.9090909090909091	0.9090909090909091	1.0	0.6875	0.6875	0.2619
I14_OG003085	not significant	0.81569	1.0	0.9090909090909091	0.9090909090909091	1.0	0.84375	0.875	0.0998
I14_OG003086	not significant	0.54376	1	1.0	1.0	1.0	0.875	0.875	0.2345
I14_OG003088	not significant	0.28116	1	1.0	1.0	1.0	0.75	0.75	0.3458
I14_OG003096	not significant	0.59451	0	0.2727272727272727	0.2727272727272727	0.0	0.125	0.125	0.1869
I14_OG003097	not significant	0.9362	1	0.7272727272727273	0.7272727272727273	1.0	0.6875	0.6875	0.0428
I14_OG003098	not significant	0.28032	1	0.8636363636363636	0.9090909090909091	1.0	0.5625	0.5625	0.3257
I14_OG003099	not significant	0.50564	1.0	0.7727272727272727	0.8181818181818181	1.0	0.5625	0.5625	0.2208
I14_OG003100	not significant	0.35472	1	0.8636363636363636	0.9090909090909091	1.0	0.59375	0.625	0.3042
I14_OG003101	not significant	0.27577	1	0.8181818181818182	0.8181818181818181	0.5	0.5	0.5	0.3237
I14_OG003104	not significant	0.41663	1	0.9090909090909091	0.9090909090909091	1.0	0.6875	0.6875	0.2619
I14_OG003105	not significant	0.1697	1	0.9545454545454546	1.0	1.0	0.625	0.625	0.3887
I14_OG003106	not significant	0.98439	1	0.6818181818181818	0.7272727272727273	1.0	0.6875	0.6875	-0.0061
I14_OG003107	not significant	0.9836	1	0.8181818181818182	0.8181818181818181	1.0	0.8125	0.8125	0.0072
I14_OG003108	not significant	0.59551	1.0	0.9090909090909091	0.9090909090909091	1.0	0.75	0.75	0.2012
I14_OG003110	not significant	0.40106	1	1.0	1.0	1.0	0.8125	0.8125	0.2932
I14_OG003111	not significant	0.44456	1.0	0.8181818181818182	0.8181818181818181	1.0	0.5625	0.5625	0.2665
I14_OG003112	not significant	0.45641	1	0.9545454545454546	1.0	1.0	0.78125	0.8125	0.2595
I14_OG003113	not significant	0.91743	1	0.7272727272727273	0.7272727272727273	1.0	0.6875	0.6875	0.0428
I14_OG003114	not significant	0.75374	1	0.5454545454545454	0.5454545454545454	0.0	0.40625	0.4375	0.1398
I14_OG003115	not significant	0.52345	1	0.7272727272727273	0.7272727272727273	0.5	0.5	0.5	0.2273
I14_OG003116	not significant	0.76607	1.0	0.6363636363636364	0.6363636363636364	0.5	0.5	0.5	0.1348
I14_OG003118	not significant	0.48283	1	0.7272727272727273	0.7272727272727273	0.5	0.5	0.5	0.2273
I14_OG003120	not significant	0.93052	0	0.09090909090909091	0.09090909090909094	0.0	0.125	0.125	-0.0533
I14_OG003121	not significant	0.95402	0.0	0.4090909090909091	0.4545454545454546	0.0	0.4375	0.4375	-0.0288
I14_OG003123	not significant	0.71942	0	0.09090909090909091	0.09090909090909094	0.0	0.1875	0.1875	-0.1336
I14_OG003124	not significant	0.52273	0	0.22727272727272727	0.2727272727272727	0.0	0.0625	0.0625	0.2516
I14_OG003127	not significant	0.33273	1.0	0.6363636363636364	0.6363636363636364	0.0	0.3125	0.3125	0.3202
I14_OG003131	not significant	0.29674	1	0.8636363636363636	0.9090909090909091	1.0	0.5625	0.5625	0.3257
I14_OG003132	not significant	0.59346	1	0.6363636363636364	0.6363636363636364	0.0	0.4375	0.4375	0.1956
I14_OG003133	not significant	0.77305	1	0.7272727272727273	0.7272727272727273	1.0	0.625	0.625	0.1066
I14_OG003134	not significant	0.33193	1	0.9090909090909091	0.9090909090909091	1.0	0.625	0.625	0.3185
I14_OG003135	not significant	0.69957	0.0	0.36363636363636365	0.4545454545454546	0.5	0.5	0.5	-0.1402
I14_OG003136	not significant	0.79262	1	0.9545454545454546	1.0	1.0	0.875	0.875	0.1429
I14_OG003137	not significant	0.30437	1	0.8181818181818182	0.8181818181818181	0.5	0.5	0.5	0.3237
I14_OG003138	not significant	0.80974	1	0.6818181818181818	0.7272727272727273	1.0	0.5625	0.5625	0.1227
I14_OG003139	not significant	0.61681	1	0.8181818181818182	0.8181818181818181	1.0	0.625	0.625	0.2079
I14_OG003140	not significant	0.05705	1	1.0	1.0	1.0	0.5625	0.5625	0.4905
I14_OG003142	not significant	0.28788	1	1.0	1.0	1.0	0.78125	0.8125	0.334
I14_OG003144	not significant	0.11076	1	1.0	1.0	1.0	0.625	0.625	0.4432
I14_OG003145	not significant	0.12761	1	0.8636363636363636	0.9090909090909091	0.25	0.46875	0.5	0.4188
I14_OG003146	not significant	0.45939	1	0.6818181818181818	0.7272727272727273	0.0	0.4375	0.4375	0.2454
I14_OG003147	not significant	0.91106	0.5	0.5	0.5454545454545454	1.0	0.5625	0.5625	-0.0628
I14_OG003148	not significant	0.18581	1	0.9545454545454546	1.0	1.0	0.625	0.625	0.3887
I14_OG003149	not significant	0.9692	1	0.8636363636363636	0.9090909090909091	1.0	0.875	0.875	-0.0174
I14_OG003150	not significant	0.5089	1.0	0.9090909090909091	0.9090909090909091	1.0	0.71875	0.75	0.2391
I14_OG003151	not significant	0.23645	1	0.7272727272727273	0.7272727272727273	0.0	0.375	0.375	0.3464
I14_OG003152	not significant	0.90071	1.0	0.9090909090909091	0.9090909090909091	1.0	0.875	0.875	0.0533
I14_OG003153	not significant	0.49099	1	0.7272727272727273	0.7272727272727273	0.5	0.5	0.5	0.2273
I14_OG003155	not significant	0.87913	1.0	0.7272727272727273	0.7272727272727273	1.0	0.65625	0.6875	0.0768
I14_OG003156	not significant	0.63399	1	0.7272727272727273	0.7272727272727273	0.75	0.5625	0.625	0.1747
I14_OG003158	not significant	0.27069	1	0.8181818181818182	0.8181818181818181	0.5	0.5	0.5	0.3237
I14_OG003159	not significant	0.7753	1	0.5909090909090909	0.6363636363636364	0.25	0.46875	0.5	0.1248
I14_OG003160	not significant	0.29508	1	0.8636363636363636	0.9090909090909091	1.0	0.5625	0.5625	0.3257
I14_OG003162	not significant	0.31252	1.0	0.6818181818181818	0.7272727272727273	0.0	0.375	0.375	0.3073
I14_OG003163	not significant	0.51078	1.0	0.7272727272727273	0.7272727272727273	0.5	0.5	0.5	0.2273
I14_OG003165	not significant	0.97238	1	0.5909090909090909	0.6363636363636364	1.0	0.5625	0.5625	0.0288
I14_OG003166	not significant	0.92084	0.0	0.4090909090909091	0.4545454545454546	0.0	0.375	0.375	0.035
I14_OG003171	not significant	0.43777	0	0.2727272727272727	0.2727272727272727	0.0	0.0625	0.0625	0.2908
I14_OG003172	not significant	0.96541	0	0.2727272727272727	0.2727272727272727	0.0	0.25	0.25	0.0255
I14_OG003175	not significant	0.2031	1.0	0.6818181818181818	0.7272727272727273	0.0	0.3125	0.3125	0.3709
I14_OG003178	not significant	0.81635	1	0.8181818181818182	0.8181818181818181	1.0	0.75	0.8125	0.0853
I14_OG003179	not significant	0.84756	1	0.6818181818181818	0.7272727272727273	1.0	0.75	0.75	-0.0766
I14_OG003181	not significant	0.70244	1	0.8636363636363636	0.9090909090909091	1.0	0.75	0.75	0.1428
I14_OG003183	not significant	0.60089	1	0.8181818181818182	0.8181818181818181	1.0	0.65625	0.6875	0.1819
I14_OG003184	not significant	0.56121	1.0	0.7272727272727273	0.7272727272727273	0.5	0.5	0.5	0.2273
I14_OG003185	not significant	0.28174	1	0.6363636363636364	0.6363636363636364	0.0	0.3125	0.3125	0.3202
I14_OG003186	not significant	0.89642	1	0.8636363636363636	0.9090909090909091	1.0	0.8125	0.8125	0.0698
I14_OG003188	not significant	0.06105	1	0.9090909090909091	0.9090909090909091	0.0	0.4375	0.4375	0.4798
I14_OG003189	not significant	0.98158	1	0.5454545454545454	0.5454545454545454	0.75	0.53125	0.5625	0.0143
I14_OG003190	not significant	0.25452	1	1.0	1.0	1.0	0.75	0.75	0.3458
I14_OG003191	not significant	0.75346	1.0	0.9090909090909091	0.9090909090909091	1.0	0.8125	0.8125	0.1336
I14_OG003192	not significant	0.15082	1	0.8181818181818182	0.9090909090909091	0.0	0.4375	0.4375	0.3962
I14_OG003193	not significant	0.76153	1.0	0.5909090909090909	0.6363636363636364	0.0	0.4375	0.4375	0.1536
I14_OG003194	not significant	0.44708	1	0.7272727272727273	0.7272727272727273	0.25	0.46875	0.5	0.2619
I14_OG003195	not significant	0.55939	1.0	0.8181818181818182	0.8181818181818181	1.0	0.625	0.625	0.2079
I14_OG003196	not significant	0.46014	0.5	0.5	0.5454545454545454	0.0	0.25	0.25	0.2626
I14_OG003197	not significant	0.9222	0	0.09090909090909091	0.09090909090909094	0.0	0.125	0.125	-0.0533
I14_OG003200	not significant	0.9818	0.0	0.45454545454545453	0.4545454545454546	0.0	0.4375	0.4375	0.0169
I14_OG003202	not significant	0.68468	1	0.8181818181818182	0.8181818181818181	1.0	0.6875	0.6875	0.1465
I14_OG003203	not significant	0.64338	0.5	0.5	0.5454545454545454	0.0	0.34375	0.375	0.1626
I14_OG003204	not significant	0.90392	1.0	0.9090909090909091	0.9090909090909091	1.0	0.875	0.875	0.0533
I14_OG003205	present_enriched	0.0	1	1.0	1.0	0.0	0.0625	0.0625	0.927
I14_OG003206	not significant	0.70475	1	0.6363636363636364	0.6363636363636364	0.5	0.5	0.5	0.1348
I14_OG003207	not significant	0.92564	0	0.2727272727272727	0.2727272727272727	0.0	0.3125	0.3125	-0.0428
I14_OG003209	not significant	0.19477	1	0.9090909090909091	0.9090909090909091	1.0	0.5625	0.5625	0.373
I14_OG003211	not significant	0.91289	1.0	0.6363636363636364	0.6363636363636364	1.0	0.6875	0.6875	-0.0533
I14_OG003212	not significant	0.60529	1.0	0.7727272727272727	0.8181818181818181	1.0	0.5625	0.5625	0.2208
I14_OG003213	not significant	0.23833	0.5	0.5	0.5454545454545454	0.0	0.1875	0.1875	0.3379
I14_OG003214	not significant	0.78975	0	0.2727272727272727	0.2727272727272727	0.0	0.1875	0.1875	0.1007
I14_OG003221	not significant	0.39147	1	0.8181818181818182	0.8181818181818181	1.0	0.5625	0.5625	0.2665
I14_OG003222	not significant	0.71107	1	0.6363636363636364	0.7272727272727273	0.5	0.5	0.5	0.1402
I14_OG003223	not significant	0.81974	1.0	0.5454545454545454	0.5454545454545454	0.0	0.4375	0.4375	0.1062
I14_OG003224	not significant	0.42761	1.0	0.8181818181818182	0.8181818181818181	1.0	0.5625	0.5625	0.2665
I14_OG003225	not significant	0.85702	1	0.6818181818181818	0.7272727272727273	1.0	0.75	0.75	-0.0766
I14_OG003226	not significant	0.76853	1.0	0.5454545454545454	0.5454545454545454	0.0	0.4375	0.4375	0.1062
I14_OG003227	not significant	0.31522	1	0.9090909090909091	0.9090909090909091	1.0	0.625	0.625	0.3185
I14_OG003228	not significant	0.52818	1	0.6818181818181818	0.7272727272727273	0.0	0.4375	0.4375	0.2454
I14_OG003229	not significant	0.31874	1	0.9090909090909091	0.9090909090909091	1.0	0.625	0.625	0.3185
I14_OG003230	not significant	0.51448	1.0	0.5909090909090909	0.6363636363636364	1.0	0.78125	0.8125	-0.2146
I14_OG003231	not significant	0.67099	1	0.7727272727272727	0.8181818181818181	1.0	0.625	0.625	0.1598
I14_OG003232	not significant	0.18571	1	1.0	1.0	1.0	0.6875	0.6875	0.3953
I14_OG003233	not significant	0.59738	1.0	0.6363636363636364	0.6363636363636364	0.0	0.4375	0.4375	0.1956
I14_OG003234	not significant	0.18959	1	1.0	1.0	1.0	0.71875	0.75	0.3838
I14_OG003235	not significant	0.93331	0.0	0.4090909090909091	0.4545454545454546	0.0	0.375	0.375	0.035
I14_OG003238	not significant	0.73439	1	0.6818181818181818	0.7272727272727273	1.0	0.5625	0.5625	0.1227
I14_OG003239	not significant	0.27665	1	1.0	1.0	1.0	0.75	0.75	0.3458
I14_OG003240	not significant	0.2814	1	0.6363636363636364	0.7272727272727273	0.0	0.3125	0.3125	0.333
I14_OG003241	not significant	0.73487	1.0	0.6363636363636364	0.6363636363636364	1.0	0.75	0.75	-0.1223
I14_OG003242	not significant	0.73597	1.0	0.6818181818181818	0.7272727272727273	1.0	0.5625	0.5625	0.1227
I14_OG003245	not significant	0.70514	1	0.6363636363636364	0.6363636363636364	0.5	0.5	0.5	0.1348
I14_OG003246	not significant	0.28269	1	0.5909090909090909	0.6363636363636364	0.0	0.25	0.25	0.3505
I14_OG003247	not significant	0.84165	0	0.13636363636363635	0.18181818181818177	0.0	0.1875	0.25	-0.0754
I14_OG003248	not significant	0.79266	0	0.3181818181818182	0.36363636363636365	0.0	0.4375	0.4375	-0.1227
I14_OG003249	not significant	0.70881	0	0.3181818181818182	0.36363636363636365	0.0	0.1875	0.1875	0.1541
I14_OG003250	not significant	0.94151	0	0.18181818181818182	0.18181818181818177	0.0	0.15625	0.1875	0.0349
I14_OG003253	not significant	0.35948	1	0.7272727272727273	0.7272727272727273	0.0	0.4375	0.4375	0.2865
I14_OG003254	not significant	0.56436	1.0	0.7272727272727273	0.7272727272727273	0.5	0.5	0.5	0.2273
I14_OG003255	not significant	0.41986	1.0	0.7272727272727273	0.7272727272727273	0.0	0.4375	0.4375	0.2865
I14_OG003256	not significant	0.61741	1	0.6818181818181818	0.7272727272727273	0.5	0.5	0.5	0.1842
I14_OG003257	not significant	0.67609	1	0.5454545454545454	0.5454545454545454	0.0	0.375	0.375	0.1685
I14_OG003258	present_enriched	0.00339	1	0.6818181818181818	0.7272727272727273	0.0	0.0625	0.0625	0.6697
I14_OG003259	not significant	0.29794	1	0.8636363636363636	0.9090909090909091	1.0	0.5625	0.5625	0.3257
I14_OG003260	not significant	0.43915	1.0	0.9090909090909091	0.9090909090909091	1.0	0.6875	0.6875	0.2619
I14_OG003263	not significant	0.68198	1	0.7272727272727273	0.7272727272727273	1.0	0.59375	0.625	0.1403
I14_OG003264	not significant	0.90432	0	0.3181818181818182	0.36363636363636365	0.0	0.375	0.375	-0.0597
I14_OG003265	not significant	0.24934	1	0.9090909090909091	1.0	1.0	0.625	0.625	0.3351
I14_OG003267	not significant	0.28259	1	0.7272727272727273	0.7272727272727273	0.0	0.375	0.375	0.3464
I14_OG003268	not significant	0.10798	1	1.0	1.0	1.0	0.625	0.625	0.4432
I14_OG003269	not significant	0.31653	1	0.8636363636363636	0.9090909090909091	1.0	0.5625	0.5625	0.3257
I14_OG003270	not significant	0.34257	1	0.9090909090909091	0.9090909090909091	1.0	0.65625	0.6875	0.2982
I14_OG003271	not significant	0.98383	0.0	0.36363636363636365	0.4545454545454546	0.0	0.375	0.375	-0.0121
I14_OG003272	not significant	0.65566	1.0	0.7272727272727273	0.7272727272727273	1.0	0.5625	0.5625	0.1677
I14_OG003274	not significant	0.53965	1	0.8181818181818182	0.8181818181818181	1.0	0.625	0.625	0.2079
I14_OG003278	not significant	0.72974	1.0	0.5454545454545454	0.5454545454545454	0.0	0.375	0.375	0.1685
I14_OG003281	not significant	0.8449	0.0	0.4090909090909091	0.4545454545454546	0.0	0.3125	0.3125	0.1015
I14_OG003286	not significant	0.43173	0.0	0.45454545454545453	0.4545454545454546	0.0	0.1875	0.1875	0.2874
I14_OG003288	not significant	0.12136	0.0	0.4090909090909091	0.4545454545454546	0.0	0.0625	0.0625	0.4354
I14_OG003289	not significant	0.28156	1.0	0.7727272727272727	0.8181818181818181	0.0	0.4375	0.4375	0.3396
I14_OG003290	not significant	0.04891	1	0.7727272727272727	0.8181818181818181	0.0	0.28125	0.3125	0.5023
I14_OG003291	not significant	0.87582	1	0.6818181818181818	0.7272727272727273	1.0	0.75	0.75	-0.0766
I14_OG003292	not significant	0.87494	1	0.6818181818181818	0.7272727272727273	1.0	0.625	0.625	0.0597
I14_OG003293	not significant	0.6248	1	0.5454545454545454	0.5454545454545454	0.0	0.375	0.375	0.1685
I14_OG003295	not significant	0.75955	1	0.7272727272727273	0.8181818181818181	1.0	0.625	0.625	0.1113
I14_OG003296	not significant	0.89307	1.0	0.5454545454545454	0.5454545454545454	0.25	0.46875	0.5	0.0768
I14_OG003297	not significant	0.94318	1.0	0.7272727272727273	0.7272727272727273	1.0	0.6875	0.6875	0.0428
I14_OG003298	not significant	0.5734	1	0.9545454545454546	1.0	1.0	0.8125	0.8125	0.2169
I14_OG003299	not significant	0.69751	1	0.6818181818181818	0.7272727272727273	0.5	0.5	0.5	0.1842
I14_OG003300	not significant	0.06497	1.0	0.8181818181818182	0.8181818181818181	0.0	0.34375	0.375	0.4765
I14_OG003302	not significant	0.92601	0	0.09090909090909091	0.09090909090909094	0.0	0.0625	0.0625	0.0533
I14_OG003303	not significant	0.30355	1.0	0.6818181818181818	0.7272727272727273	0.0	0.375	0.375	0.3073
I14_OG003304	not significant	0.98302	0	0.3181818181818182	0.36363636363636365	0.0	0.3125	0.3125	0.0061
I14_OG003306	not significant	0.85314	0	0.18181818181818182	0.18181818181818177	0.0	0.125	0.125	0.0786
I14_OG003307	not significant	0.3968	1.0	0.8181818181818182	0.8181818181818181	1.0	0.5625	0.5625	0.2665
I14_OG003308	not significant	0.98294	0	0.36363636363636365	0.36363636363636365	0.0	0.375	0.375	-0.0116
I14_OG003310	not significant	0.4884	1	0.7272727272727273	0.7272727272727273	0.5	0.5	0.5	0.2273
I14_OG003311	not significant	0.41062	1.0	0.8181818181818182	0.8181818181818181	1.0	0.5625	0.5625	0.2665
I14_OG003312	not significant	0.28273	1	1.0	1.0	1.0	0.75	0.75	0.3458
I14_OG003313	not significant	0.80433	1	0.5454545454545454	0.5454545454545454	0.0	0.40625	0.4375	0.1398
I14_OG003314	not significant	0.96307	1.0	0.7272727272727273	0.7272727272727273	1.0	0.75	0.75	-0.0255
I14_OG003315	not significant	0.02928	1	1.0	1.0	0.5	0.5	0.5	0.538
I14_OG003316	not significant	0.67967	1	0.8181818181818182	0.8181818181818181	1.0	0.6875	0.6875	0.1465
I14_OG003322	not significant	0.48961	1	0.9090909090909091	0.9090909090909091	1.0	0.6875	0.6875	0.2619
I14_OG003327	not significant	0.91665	0	0.18181818181818182	0.18181818181818177	0.0	0.21875	0.25	-0.0464
I14_OG003329	not significant	0.80823	1	0.6818181818181818	0.7272727272727273	1.0	0.5625	0.5625	0.1227
I14_OG003330	not significant	0.63384	1	0.8181818181818182	0.8181818181818181	1.0	0.625	0.625	0.2079
I14_OG003331	not significant	0.98594	1.0	0.6818181818181818	0.7272727272727273	1.0	0.6875	0.6875	-0.0061
I14_OG003333	not significant	0.14144	1	0.9090909090909091	0.9090909090909091	0.75	0.53125	0.5625	0.4086
I14_OG003334	not significant	0.62518	0	0.18181818181818182	0.18181818181818177	0.0	0.375	0.375	-0.2079
I14_OG003336	not significant	0.58133	1	0.6818181818181818	0.7272727272727273	0.5	0.5	0.5	0.1842
I14_OG003339	not significant	0.65576	1	0.8636363636363636	0.9090909090909091	1.0	0.71875	0.75	0.1812
I14_OG003340	not significant	0.5911	1	0.8181818181818182	0.8181818181818181	1.0	0.625	0.625	0.2079
I14_OG003341	not significant	0.73184	1	0.5909090909090909	0.6363636363636364	0.0	0.4375	0.4375	0.1536
I14_OG003342	not significant	0.7998	0.0	0.4090909090909091	0.4545454545454546	0.5	0.5	0.5	-0.0913
I14_OG003343	not significant	0.16138	1.0	0.7272727272727273	0.7272727272727273	0.0	0.34375	0.375	0.3841
I14_OG003345	not significant	0.13697	0.0	0.36363636363636365	0.4545454545454546	1.0	0.75	0.75	-0.4021
I14_OG003347	not significant	0.07073	1	1.0	1.0	1.0	0.59375	0.625	0.4792
I14_OG003349	not significant	0.02422	0.0	0.4090909090909091	0.4545454545454546	0.0	0.0	0.0	0.5583
I14_OG003353	not significant	0.82737	1	0.6818181818181818	0.7272727272727273	1.0	0.5625	0.5625	0.1227
I14_OG003358	not significant	0.17183	1	0.9545454545454546	1.0	1.0	0.625	0.625	0.3887
I14_OG003359	not significant	0.81181	0	0.22727272727272727	0.2727272727272727	0.0	0.34375	0.375	-0.1313
I14_OG003361	not significant	0.53697	1.0	0.8181818181818182	0.8181818181818181	1.0	0.625	0.625	0.2079
I14_OG003362	not significant	0.79809	1	0.6818181818181818	0.7272727272727273	1.0	0.5625	0.5625	0.1227
I14_OG003364	not significant	0.33943	0.5	0.45454545454545453	0.5454545454545454	0.0	0.1875	0.1875	0.301
I14_OG003366	not significant	0.48804	1	0.7727272727272727	0.8181818181818181	1.0	0.5625	0.5625	0.2208
I14_OG003367	not significant	0.10286	1	0.9090909090909091	0.9090909090909091	0.5	0.5	0.5	0.4264
I14_OG003368	not significant	0.38535	1.0	0.7272727272727273	0.7272727272727273	0.25	0.46875	0.5	0.2619
I14_OG003369	not significant	0.91812	0.0	0.4090909090909091	0.4545454545454546	0.0	0.375	0.375	0.035
I14_OG003370	not significant	0.39109	1.0	0.6363636363636364	0.6363636363636364	0.0	0.375	0.375	0.257
I14_OG003371	not significant	0.60925	1.0	0.7727272727272727	0.8181818181818181	1.0	0.5625	0.5625	0.2208
I14_OG003372	not significant	0.8746	1.0	0.6818181818181818	0.7272727272727273	1.0	0.625	0.625	0.0597
I14_OG003373	not significant	0.75434	0	0.36363636363636365	0.36363636363636365	0.5	0.5	0.5	-0.1348
I14_OG003374	not significant	0.22672	1	0.7727272727272727	0.8181818181818181	0.0	0.4375	0.4375	0.3396
I14_OG003375	not significant	0.62985	1.0	0.9090909090909091	0.9090909090909091	1.0	0.75	0.75	0.2012
I14_OG003376	not significant	0.16347	1.0	0.8181818181818182	0.8181818181818181	0.0	0.4375	0.4375	0.3807
I14_OG003377	not significant	0.48741	1.0	0.7272727272727273	0.8181818181818181	0.5	0.5	0.5	0.2365
I14_OG003378	not significant	0.71684	1.0	0.9090909090909091	0.9090909090909091	1.0	0.8125	0.8125	0.1336
I14_OG003379	not significant	0.21661	1.0	0.7272727272727273	0.7272727272727273	0.0	0.375	0.375	0.3464
I14_OG003380	not significant	0.21399	1.0	0.9090909090909091	0.9090909090909091	1.0	0.5625	0.5625	0.373
I14_OG003381	not significant	0.37855	1	0.8181818181818182	0.8181818181818181	1.0	0.5625	0.5625	0.2665
I14_OG003382	not significant	0.6568	1	0.8181818181818182	0.8181818181818181	1.0	0.65625	0.6875	0.1819
I14_OG003383	not significant	0.48711	0.0	0.4090909090909091	0.4545454545454546	0.0	0.1875	0.1875	0.2489
I14_OG003384	not significant	0.8639	0.5	0.5	0.5454545454545454	1.0	0.5625	0.5625	-0.0628
I14_OG003385	not significant	0.30538	1	1.0	1.0	1.0	0.78125	0.8125	0.334
I14_OG003386	not significant	0.45059	1	0.9545454545454546	1.0	1.0	0.78125	0.8125	0.2595
I14_OG003390	not significant	0.89455	0.5	0.5	0.5454545454545454	0.0	0.4375	0.4375	0.0628
I14_OG003395	present_enriched	0.0	1	1.0	1.0	1.0	0.5625	0.5625	0.4905
I14_OG003399	not significant	0.95292	0	0.4090909090909091	0.4545454545454546	0.0	0.4375	0.4375	-0.0288
I14_OG003401	not significant	0.39002	1	1.0	1.0	1.0	0.8125	0.8125	0.2932
I14_OG003402	not significant	0.20701	1.0	0.9090909090909091	0.9090909090909091	1.0	0.5625	0.5625	0.373
I14_OG003403	not significant	0.17607	1	0.8181818181818182	0.8181818181818181	0.0	0.4375	0.4375	0.3807
I14_OG003404	not significant	0.18375	1	1.0	1.0	1.0	0.6875	0.6875	0.3953
I14_OG003405	not significant	0.9806	1	0.5454545454545454	0.5454545454545454	0.75	0.53125	0.5625	0.0143
I14_OG003406	not significant	0.61305	1	0.7272727272727273	0.7272727272727273	1.0	0.5625	0.5625	0.1677
I14_OG003407	not significant	0.74901	0.0	0.45454545454545453	0.4545454545454546	1.0	0.625	0.625	-0.1685
I14_OG003408	not significant	0.26693	1	1.0	1.0	1.0	0.8125	0.8125	0.2932
I14_OG003409	not significant	0.31581	1.0	0.8181818181818182	0.8181818181818181	0.5	0.5	0.5	0.3237
I14_OG003410	not significant	0.59074	1	0.6818181818181818	0.7272727272727273	0.5	0.5	0.5	0.1842
I14_OG003411	not significant	0.65888	1	0.5909090909090909	0.6363636363636364	0.0	0.4375	0.4375	0.1536
I14_OG003413	not significant	0.97079	0	0.22727272727272727	0.2727272727272727	0.0	0.25	0.25	-0.0268
I14_OG003414	not significant	0.54624	0.0	0.36363636363636365	0.4545454545454546	0.0	0.1875	0.1875	0.2078
I14_OG003416	not significant	0.23556	0.0	0.4090909090909091	0.4545454545454546	0.0	0.125	0.125	0.3351
I14_OG003417	not significant	0.91601	0.0	0.4090909090909091	0.4545454545454546	0.0	0.375	0.375	0.035
I14_OG003423	not significant	0.37623	1.0	0.8181818181818182	0.8181818181818181	1.0	0.5625	0.5625	0.2665
I14_OG003425	not significant	0.73659	1	0.6363636363636364	0.6363636363636364	0.5	0.5	0.5	0.1348
I14_OG003426	not significant	0.7042	0.5	0.5	0.5454545454545454	0.0	0.375	0.375	0.1266
I14_OG003429	not significant	0.88403	0	0.36363636363636365	0.36363636363636365	0.0	0.3125	0.375	0.0557
I14_OG003430	not significant	0.56838	1	0.6363636363636364	0.6363636363636364	0.0	0.4375	0.4375	0.1956
I14_OG003431	not significant	0.44188	1	0.9090909090909091	0.9090909090909091	1.0	0.6875	0.6875	0.2619
I14_OG003434	not significant	0.53897	1.0	0.7727272727272727	0.8181818181818181	1.0	0.5625	0.5625	0.2208
I14_OG003435	not significant	0.60185	1	0.8181818181818182	0.8181818181818181	1.0	0.625	0.625	0.2079
I14_OG003436	not significant	0.70521	0	0.13636363636363635	0.18181818181818177	0.0	0.0625	0.0625	0.1327
I14_OG003437	not significant	0.99869	0.0	0.4090909090909091	0.4545454545454546	0.0	0.40625	0.4375	0.003
I14_OG003438	not significant	0.81537	1	0.6818181818181818	0.7272727272727273	1.0	0.5625	0.5625	0.1227
I14_OG003448	not significant	0.57416	1	0.9090909090909091	1.0	1.0	0.75	0.75	0.2149
I14_OG003449	not significant	0.89162	0	0.3181818181818182	0.36363636363636365	0.0	0.40625	0.4375	-0.0934
I14_OG003451	not significant	0.53096	1	0.8636363636363636	0.9090909090909091	1.0	0.6875	0.6875	0.2078
I14_OG003452	not significant	0.16964	1	0.5454545454545454	0.5454545454545454	0.0	0.1875	0.1875	0.3731
I14_OG003453	not significant	0.71259	1.0	0.6363636363636364	0.6363636363636364	0.5	0.5	0.5	0.1348
I14_OG003454	not significant	0.81313	1.0	0.7272727272727273	0.8181818181818181	1.0	0.625	0.625	0.1113
I14_OG003456	not significant	0.88938	1.0	0.8181818181818182	0.8181818181818181	1.0	0.875	0.875	-0.0786
I14_OG003457	not significant	0.29078	1	0.9090909090909091	1.0	1.0	0.625	0.625	0.3351
I14_OG003458	not significant	0.48057	1	0.5909090909090909	0.6363636363636364	0.0	0.375	0.375	0.2168
I14_OG003459	not significant	0.94102	1	0.5909090909090909	0.6363636363636364	1.0	0.5625	0.5625	0.0288
I14_OG003461	not significant	0.12154	1	0.8636363636363636	0.9090909090909091	0.0	0.4375	0.4375	0.4381
I14_OG003463	not significant	0.79274	0.5	0.5	0.5454545454545454	0.0	0.40625	0.4375	0.0964
I14_OG003464	not significant	0.42178	0.0	0.45454545454545453	0.4545454545454546	0.0	0.1875	0.1875	0.2874
I14_OG003466	not significant	0.41962	1.0	0.6363636363636364	0.6363636363636364	0.0	0.375	0.375	0.257
I14_OG003472	not significant	0.23192	0.0	0.4090909090909091	0.4545454545454546	0.0	0.125	0.125	0.3351
I14_OG003480	not significant	0.42424	1	0.5454545454545454	0.5454545454545454	0.0	0.28125	0.3125	0.2716
I14_OG003481	not significant	0.87033	0	0.4090909090909091	0.4545454545454546	0.25	0.46875	0.5	-0.0613
I14_OG003482	not significant	0.33865	1	0.7727272727272727	0.8181818181818181	0.5	0.5	0.5	0.2804
I14_OG003483	not significant	0.43353	1.0	0.9090909090909091	0.9090909090909091	1.0	0.6875	0.6875	0.2619
I14_OG003484	not significant	0.65857	1	0.8181818181818182	0.8181818181818181	1.0	0.6875	0.6875	0.1465
I14_OG003485	not significant	0.75133	0	0.3181818181818182	0.36363636363636365	0.0	0.1875	0.1875	0.1541
I14_OG003486	not significant	0.38976	1.0	0.8636363636363636	0.9090909090909091	1.0	0.625	0.625	0.268
I14_OG003488	not significant	0.84668	0	0.36363636363636365	0.36363636363636365	0.0	0.4375	0.4375	-0.0739
I14_OG003490	not significant	0.75088	1	0.6363636363636364	0.6363636363636364	0.75	0.53125	0.5625	0.1065
I14_OG003491	not significant	0.8128	0	0.18181818181818182	0.2727272727272727	0.0	0.125	0.125	0.0851
I14_OG003492	not significant	0.52664	1	0.9545454545454546	1.0	1.0	1.0	1.0	-0.2365
I14_OG003494	not significant	0.68397	1.0	0.9090909090909091	0.9090909090909091	1.0	0.78125	0.8125	0.1745
I14_OG003495	not significant	0.70948	1.0	0.6818181818181818	0.7272727272727273	1.0	0.5625	0.5625	0.1227
I14_OG003496	not significant	0.63615	1.0	0.7272727272727273	0.8181818181818181	1.0	0.5625	0.5625	0.1747
I14_OG003497	not significant	0.98515	1	0.7727272727272727	0.8181818181818181	1.0	0.78125	0.8125	-0.0107
I14_OG003499	not significant	0.95159	1	0.7727272727272727	0.8181818181818181	1.0	0.75	0.75	0.0268
I14_OG003500	not significant	0.70407	1	0.7272727272727273	0.7272727272727273	1.0	0.5625	0.5625	0.1677
I14_OG003501	not significant	0.29079	1.0	0.8181818181818182	0.8181818181818181	0.5	0.5	0.5	0.3237
I14_OG003502	not significant	0.37684	1.0	0.6363636363636364	0.6363636363636364	0.0	0.375	0.375	0.257
I14_OG003503	not significant	0.56538	0	0.13636363636363635	0.18181818181818177	0.0	0.28125	0.3125	-0.1812
I14_OG003504	not significant	0.50751	1.0	0.6818181818181818	0.7272727272727273	0.0	0.4375	0.4375	0.2454
I14_OG003512	not significant	0.88816	0.5	0.5	0.5454545454545454	0.0	0.4375	0.4375	0.0628
I14_OG003513	not significant	0.27636	1	1.0	1.0	1.0	0.78125	0.8125	0.334
I14_OG003514	not significant	0.75486	0	0.3181818181818182	0.36363636363636365	0.0	0.4375	0.4375	-0.1227
I14_OG003516	not significant	0.67712	0.0	0.45454545454545453	0.4545454545454546	0.0	0.3125	0.3125	0.1445
I14_OG003517	not significant	0.18613	1.0	0.8181818181818182	0.8181818181818181	0.25	0.46875	0.5	0.3593
I14_OG003518	not significant	0.19942	1	1.0	1.0	1.0	0.71875	0.75	0.3838
I14_OG003519	not significant	0.87044	0	0.36363636363636365	0.36363636363636365	0.0	0.3125	0.3125	0.0533
I14_OG003520	not significant	0.7288	0.5	0.5	0.5454545454545454	0.0	0.375	0.375	0.1266
I14_OG003521	not significant	0.97189	0	0.13636363636363635	0.18181818181818177	0.0	0.125	0.125	0.0174
I14_OG003522	not significant	0.39235	1.0	0.7272727272727273	0.7272727272727273	0.0	0.4375	0.4375	0.2865
I14_OG003523	not significant	0.84458	0	0.13636363636363635	0.18181818181818177	0.0	0.1875	0.1875	-0.0698
I14_OG003524	not significant	0.13791	1	0.7727272727272727	0.8181818181818181	0.0	0.375	0.375	0.3994
I14_OG003525	not significant	0.18527	1	0.9545454545454546	1.0	1.0	0.625	0.625	0.3887
I14_OG003526	not significant	0.65665	1.0	0.7272727272727273	0.7272727272727273	1.0	0.59375	0.625	0.1403
I14_OG003527	not significant	0.31922	1.0	0.9090909090909091	0.9090909090909091	1.0	0.625	0.625	0.3185
I14_OG003533	not significant	0.09103	1	0.7272727272727273	0.7272727272727273	0.0	0.28125	0.3125	0.4479
I14_OG003538	not significant	0.16442	1	0.9090909090909091	0.9090909090909091	1.0	0.5625	0.5625	0.373
I14_OG003540	present_enriched	0.0	1	1.0	1.0	0.0	0.0625	0.0625	0.927
I14_OG003542	not significant	0.69075	0.5	0.5	0.5454545454545454	1.0	0.625	0.625	-0.1266
I14_OG003543	not significant	0.98497	1	0.6363636363636364	0.6363636363636364	1.0	0.625	0.625	0.0116
I14_OG003544	not significant	0.80638	1	0.5909090909090909	0.6363636363636364	0.5	0.5	0.5	0.0913
I14_OG003545	not significant	0.62057	1	0.6363636363636364	0.6363636363636364	1.0	0.8125	0.8125	-0.1975
I14_OG003546	not significant	0.8205	1.0	0.6363636363636364	0.6363636363636364	1.0	0.5625	0.5625	0.0739
I14_OG003548	not significant	0.44371	1.0	0.5454545454545454	0.5454545454545454	0.0	0.3125	0.3125	0.233
I14_OG003549	not significant	0.49097	1	0.7727272727272727	0.8181818181818181	1.0	0.5625	0.5625	0.2208
I14_OG003550	not significant	0.04996	1.0	0.8181818181818182	0.8181818181818181	0.0	0.3125	0.3125	0.4973
I14_OG003551	not significant	0.4225	0	0.2727272727272727	0.36363636363636365	0.5	0.5	0.5	-0.2365
I14_OG003552	not significant	0.94497	0.0	0.4090909090909091	0.4545454545454546	0.0	0.4375	0.4375	-0.0288
I14_OG003553	not significant	0.58038	0	0.09090909090909091	0.09090909090909094	0.0	0.25	0.25	-0.2012
I14_OG003555	not significant	0.02267	0	0.4090909090909091	0.4545454545454546	0.0	0.0	0.0	0.5583
I14_OG003559	not significant	0.62876	1	0.5454545454545454	0.5454545454545454	0.0	0.34375	0.375	0.2043
I14_OG003566	not significant	0.76794	1.0	0.7272727272727273	0.7272727272727273	1.0	0.625	0.625	0.1066
I14_OG003567	not significant	0.47846	0	0.3181818181818182	0.36363636363636365	0.0	0.125	0.125	0.2427
I14_OG003568	not significant	0.36388	1.0	0.6363636363636364	0.6363636363636364	0.0	0.375	0.375	0.257
I14_OG003570	present_enriched	0.0	1	1.0	1.0	0.0	0.0	0.0	1.0
I14_OG003572	not significant	0.85704	0.0	0.45454545454545453	0.4545454545454546	0.0	0.375	0.375	0.0795
I14_OG003573	not significant	0.94204	0	0.4090909090909091	0.4545454545454546	0.0	0.375	0.375	0.035
I14_OG003574	not significant	0.70371	0.0	0.45454545454545453	0.4545454545454546	0.0	0.3125	0.3125	0.1445
I14_OG003575	not significant	0.93043	1.0	0.5909090909090909	0.6363636363636364	1.0	0.625	0.625	-0.035
I14_OG003576	not significant	0.22916	1.0	0.8181818181818182	0.8181818181818181	0.5	0.5	0.5	0.3237
I14_OG003577	not significant	0.64913	0.5	0.5	0.5454545454545454	0.0	0.3125	0.3125	0.1928
I14_OG003578	not significant	0.30598	1.0	0.7272727272727273	0.8181818181818181	0.0	0.4375	0.4375	0.2979
I14_OG003579	not significant	0.20721	1	0.7272727272727273	0.7272727272727273	0.0	0.375	0.375	0.3464
I14_OG003580	not significant	0.98018	0	0.18181818181818182	0.18181818181818177	0.0	0.1875	0.1875	-0.0072
I14_OG003581	not significant	0.90766	1	0.5454545454545454	0.5454545454545454	0.5	0.5	0.5	0.0447
I14_OG003582	not significant	0.28553	1.0	0.8636363636363636	0.9090909090909091	1.0	0.5625	0.5625	0.3257
I14_OG003583	not significant	0.18156	1	0.9545454545454546	1.0	1.0	0.625	0.625	0.3887
I14_OG003584	not significant	0.13234	1.0	0.7272727272727273	0.7272727272727273	0.0	0.3125	0.3125	0.4079
I14_OG003585	not significant	0.71554	1	0.8181818181818182	0.8181818181818181	1.0	0.6875	0.6875	0.1465
I14_OG003586	not significant	0.55122	1	0.9090909090909091	0.9090909090909091	1.0	0.71875	0.75	0.2391
I14_OG003587	not significant	0.21387	1	0.7272727272727273	0.7272727272727273	0.0	0.375	0.375	0.3464
I14_OG003588	not significant	0.92939	0.0	0.45454545454545453	0.4545454545454546	0.0	0.40625	0.4375	0.0489
I14_OG003591	not significant	0.152	1.0	0.6363636363636364	0.6363636363636364	0.0	0.25	0.25	0.3864
I14_OG003593	not significant	0.9106	0.0	0.4090909090909091	0.4545454545454546	0.0	0.375	0.375	0.035
I14_OG003594	not significant	0.60004	0.0	0.45454545454545453	0.4545454545454546	0.0	0.25	0.25	0.2132
I14_OG003597	not significant	0.97446	0	0.36363636363636365	0.36363636363636365	0.0	0.34375	0.375	0.0209
I14_OG003605	not significant	0.60805	1	0.8181818181818182	0.9090909090909091	1.0	0.6875	0.6875	0.1541
I14_OG003607	not significant	0.64701	0	0.13636363636363635	0.18181818181818177	0.0	0.25	0.25	-0.1428
I14_OG003608	not significant	0.50926	1.0	0.7272727272727273	0.7272727272727273	0.75	0.53125	0.5625	0.2015
I14_OG003609	not significant	0.50873	1.0	0.6363636363636364	0.6363636363636364	0.0	0.4375	0.4375	0.1956
I14_OG003610	not significant	0.50528	0	0.09090909090909091	0.09090909090909094	0.0	0.25	0.25	-0.2012
I14_OG003611	not significant	0.52137	1	0.9090909090909091	0.9090909090909091	1.0	0.75	0.75	0.2012
I14_OG003612	not significant	0.06987	1	0.7727272727272727	0.9090909090909091	0.0	0.3125	0.3125	0.4797
I14_OG003613	not significant	0.40441	1.0	0.8181818181818182	0.8181818181818181	1.0	0.5625	0.5625	0.2665
I14_OG003616	not significant	0.39872	0	0.22727272727272727	0.2727272727272727	0.5	0.5	0.5	-0.2804
I14_OG003617	not significant	0.47031	1	0.5454545454545454	0.5454545454545454	0.0	0.3125	0.3125	0.233
I14_OG003619	not significant	0.22532	1.0	0.9090909090909091	0.9090909090909091	1.0	0.59375	0.625	0.3542
I14_OG003620	not significant	0.9081	0.0	0.4090909090909091	0.4545454545454546	0.0	0.375	0.375	0.035
I14_OG003621	not significant	0.25557	1	1.0	1.0	1.0	0.75	0.75	0.3458
I14_OG003622	not significant	0.60189	0	0.36363636363636365	0.36363636363636365	0.0	0.1875	0.1875	0.1975
I14_OG003623	not significant	0.19945	1	1.0	1.0	1.0	0.71875	0.75	0.3838
I14_OG003624	not significant	0.3422	1.0	0.8181818181818182	0.8181818181818181	1.0	0.5625	0.5625	0.2665
I14_OG003625	not significant	0.62666	1	0.6818181818181818	0.7272727272727273	0.5	0.5	0.5	0.1842
I14_OG003626	not significant	0.84037	0	0.3181818181818182	0.36363636363636365	0.0	0.25	0.25	0.0766
I14_OG003627	not significant	0.24228	1.0	0.7727272727272727	0.8181818181818181	0.0	0.4375	0.4375	0.3396
I14_OG003628	not significant	0.4203	1	0.7272727272727273	0.7272727272727273	0.0	0.4375	0.4375	0.2865
I14_OG003629	not significant	0.43581	1	0.5909090909090909	0.6363636363636364	0.0	0.3125	0.3125	0.282
I14_OG003631	not significant	0.13188	1.0	0.9090909090909091	0.9090909090909091	0.5	0.5	0.5	0.4264
I14_OG003634	not significant	0.34456	0.0	0.4090909090909091	0.4545454545454546	1.0	0.6875	0.6875	-0.282
I14_OG003635	not significant	0.91572	0.0	0.36363636363636365	0.4545454545454546	0.0	0.3125	0.3125	0.0557
I14_OG003636	not significant	0.89601	0.0	0.45454545454545453	0.4545454545454546	0.75	0.53125	0.5625	-0.0768
I14_OG003637	not significant	0.50611	0	0.3181818181818182	0.36363636363636365	0.0	0.125	0.125	0.2427
I14_OG003638	not significant	0.79176	0.5	0.5	0.5454545454545454	0.0	0.375	0.375	0.1266
I14_OG003642	not significant	0.92024	0.0	0.45454545454545453	0.4545454545454546	0.5	0.5	0.5625	-0.0465
I14_OG003645	not significant	0.93282	0	0.36363636363636365	0.36363636363636365	0.0	0.40625	0.4375	-0.0438
I14_OG003651	not significant	0.98072	1	0.7272727272727273	0.7272727272727273	1.0	0.71875	0.75	0.0096
I14_OG003653	not significant	0.2923	1	0.8181818181818182	0.8181818181818181	0.5	0.5	0.5	0.3237
I14_OG003654	not significant	0.40553	1	0.8636363636363636	0.9090909090909091	1.0	0.625	0.625	0.268
I14_OG003655	not significant	0.8327	1	0.6363636363636364	0.6363636363636364	1.0	0.5625	0.5625	0.0739
I14_OG003656	not significant	0.97889	0	0.2727272727272727	0.36363636363636365	0.0	0.28125	0.3125	-0.0101
I14_OG003657	not significant	0.23224	1	0.7272727272727273	0.7272727272727273	0.0	0.40625	0.4375	0.3224
I14_OG003659	not significant	0.97235	0.0	0.45454545454545453	0.4545454545454546	0.0	0.4375	0.4375	0.0169
I14_OG003660	not significant	0.97107	1.0	0.5454545454545454	0.5454545454545454	1.0	0.5625	0.5625	-0.0169
I14_OG003661	not significant	0.48514	1.0	0.7272727272727273	0.7272727272727273	0.5	0.5	0.5	0.2273
I14_OG003663	not significant	0.76208	1	0.7727272727272727	0.8181818181818181	1.0	0.625	0.625	0.1598
I14_OG003664	not significant	0.74569	0	0.2727272727272727	0.2727272727272727	0.0	0.375	0.375	-0.1066
I14_OG003665	not significant	0.61792	1	0.6818181818181818	0.7272727272727273	0.5	0.5	0.5	0.1842
I14_OG003666	not significant	0.25147	1	0.8636363636363636	0.9090909090909091	0.75	0.53125	0.5625	0.3619
I14_OG003667	not significant	0.88253	1	0.6818181818181818	0.7272727272727273	1.0	0.625	0.6875	0.0624
I14_OG003668	not significant	0.95857	1	0.5454545454545454	0.5454545454545454	1.0	0.5625	0.5625	-0.0169
I14_OG003670	not significant	0.92428	0.5	0.5	0.5454545454545454	0.25	0.46875	0.5	0.0319
I14_OG003671	not significant	0.47781	1	0.5454545454545454	0.5454545454545454	1.0	0.75	0.75	-0.2132
I14_OG003672	not significant	0.60438	0	0.2727272727272727	0.2727272727272727	0.0	0.125	0.125	0.1869
I14_OG003673	not significant	0.61952	1.0	0.9090909090909091	0.9090909090909091	1.0	0.75	0.75	0.2012
I14_OG003674	not significant	0.80421	0.5	0.5454545454545454	0.6363636363636364	0.25	0.46875	0.5	0.08
I14_OG003675	not significant	0.61367	1.0	0.9090909090909091	0.9090909090909091	1.0	0.75	0.75	0.2012
I14_OG003676	not significant	0.79494	1.0	0.5909090909090909	0.6363636363636364	1.0	0.6875	0.6875	-0.1015
I14_OG003678	not significant	0.76123	0.5	0.5	0.5454545454545454	0.0	0.40625	0.4375	0.0964
I14_OG003681	not significant	0.09625	1.0	0.8636363636363636	0.9090909090909091	0.0	0.4375	0.4375	0.4381
I14_OG003687	not significant	0.78418	0.5	0.5	0.5454545454545454	1.0	0.625	0.625	-0.1266
I14_OG003688	not significant	0.52251	0	0.2727272727272727	0.2727272727272727	0.0	0.125	0.125	0.1869
I14_OG003689	not significant	0.57452	1	0.6363636363636364	0.6363636363636364	0.25	0.46875	0.5	0.1683
I14_OG003690	not significant	0.07993	1	0.8181818181818182	0.8181818181818181	0.0	0.375	0.375	0.4382
I14_OG003691	not significant	0.48	1.0	0.7272727272727273	0.7272727272727273	0.75	0.53125	0.5625	0.2015
I14_OG003693	not significant	0.01293	0	0.45454545454545453	0.4545454545454546	0.0	0.0	0.0	0.575
I14_OG003694	not significant	0.91331	1	0.5909090909090909	0.6363636363636364	1.0	0.625	0.625	-0.035
I14_OG003695	not significant	0.76125	1	0.7272727272727273	0.8181818181818181	1.0	0.625	0.625	0.1113
I14_OG003696	not significant	0.93289	0.0	0.4090909090909091	0.4545454545454546	0.25	0.4375	0.5	-0.03
I14_OG003697	not significant	0.9883	1	0.7272727272727273	0.7272727272727273	1.0	0.71875	0.75	0.0096
I14_OG003698	not significant	0.18682	1	1.0	1.0	1.0	0.6875	0.6875	0.3953
I14_OG003699	not significant	0.38096	0	0.22727272727272727	0.2727272727272727	0.0	0.0625	0.0625	0.2516
I14_OG003701	not significant	0.67418	0.5	0.5	0.5454545454545454	1.0	0.625	0.625	-0.1266
I14_OG003702	not significant	0.43886	1	0.6818181818181818	0.7272727272727273	0.0	0.4375	0.4375	0.2454
I14_OG003703	not significant	0.23535	1	0.8636363636363636	0.9090909090909091	1.0	0.5625	0.5625	0.3257
I14_OG003704	not significant	0.10369	1	0.5909090909090909	0.6363636363636364	0.0	0.1875	0.1875	0.4238
I14_OG003705	not significant	0.41036	1.0	0.6363636363636364	0.6363636363636364	0.0	0.375	0.375	0.257
I14_OG003706	not significant	0.37786	1	0.5909090909090909	0.6363636363636364	1.0	0.8125	0.8125	-0.2489
I14_OG003707	not significant	0.28732	1.0	0.8181818181818182	0.8181818181818181	0.5	0.5	0.5625	0.3374
I14_OG003708	not significant	0.36353	1	0.9090909090909091	0.9090909090909091	1.0	0.65625	0.6875	0.2982
I14_OG003711	not significant	0.57358	0.0	0.45454545454545453	0.4545454545454546	0.0	0.25	0.25	0.2132
I14_OG003712	not significant	0.27442	1	0.6363636363636364	0.6363636363636364	0.0	0.34375	0.375	0.2939
I14_OG003715	not significant	0.17426	0	0.2727272727272727	0.2727272727272727	0.0	0.03125	0.0625	0.3687
I14_OG003725	not significant	0.2878	1.0	0.7272727272727273	0.7272727272727273	0.0	0.4375	0.4375	0.2865
I14_OG003726	not significant	0.49538	1	0.7727272727272727	0.8181818181818181	1.0	0.59375	0.625	0.1948
I14_OG003729	not significant	0.2493	1.0	0.7727272727272727	0.8181818181818181	0.0	0.4375	0.4375	0.3396
I14_OG003731	not significant	1.0	0.5	0.5	0.5454545454545454	0.5	0.5	0.5	0.0
I14_OG003732	not significant	0.40425	1	0.9545454545454546	1.0	1.0	0.75	0.75	0.2791
I14_OG003733	not significant	0.43456	1.0	0.8636363636363636	0.9090909090909091	1.0	0.625	0.625	0.268
I14_OG003734	not significant	0.17211	0	0.36363636363636365	0.36363636363636365	1.0	0.75	0.75	-0.3864
I14_OG003735	not significant	0.81525	1	0.5454545454545454	0.5454545454545454	0.0	0.4375	0.4375	0.1062
I14_OG003736	not significant	0.7859	0	0.2727272727272727	0.2727272727272727	0.0	0.1875	0.1875	0.1007
I14_OG003737	not significant	0.64321	1	0.6818181818181818	0.7272727272727273	0.5	0.5	0.5	0.1842
I14_OG003739	not significant	0.10722	0	0.2727272727272727	0.2727272727272727	0.0	0.0	0.0	0.4264
I14_OG003740	not significant	0.76528	1	0.5909090909090909	0.6363636363636364	0.5	0.5	0.5	0.0913
I14_OG003742	not significant	0.77995	1	0.6818181818181818	0.7272727272727273	1.0	0.5625	0.5625	0.1227
I14_OG003744	not significant	0.82037	0.0	0.4090909090909091	0.4545454545454546	0.0	0.3125	0.3125	0.1015
I14_OG003745	not significant	0.29606	1.0	0.7272727272727273	0.7272727272727273	0.0	0.4375	0.4375	0.2865
I14_OG003752	not significant	0.83727	0.5	0.5	0.5454545454545454	0.0	0.4375	0.4375	0.0628
I14_OG003753	not significant	0.91014	1	0.5909090909090909	0.6363636363636364	1.0	0.625	0.625	-0.035
I14_OG003754	not significant	0.63073	0	0.13636363636363635	0.18181818181818177	0.0	0.25	0.3125	-0.1523
I14_OG003755	not significant	0.85721	0	0.09090909090909091	0.09090909090909094	0.0	0.0625	0.0625	0.0533
I14_OG003757	not significant	0.18124	1	0.7272727272727273	0.7272727272727273	0.0	0.375	0.375	0.3464
I14_OG003758	not significant	0.6667	0	0.18181818181818182	0.18181818181818177	0.0	0.3125	0.3125	-0.1465
I14_OG003760	not significant	0.64125	1	0.5454545454545454	0.5454545454545454	0.0	0.375	0.375	0.1685
I14_OG003761	not significant	0.11744	1	0.6818181818181818	0.7272727272727273	0.0	0.25	0.25	0.4374
I14_OG003763	not significant	0.2003	1	0.7272727272727273	0.7272727272727273	0.0	0.34375	0.375	0.3841
I14_OG003764	not significant	0.16118	1.0	0.8181818181818182	0.8181818181818181	0.25	0.46875	0.5	0.3593
I14_OG003765	not significant	0.33911	1.0	0.7272727272727273	0.7272727272727273	0.0	0.4375	0.4375	0.2865
I14_OG003766	not significant	0.15981	1.0	0.8181818181818182	0.8181818181818181	0.25	0.46875	0.5	0.3593
I14_OG003767	not significant	0.87048	1.0	0.6363636363636364	0.6363636363636364	1.0	0.5625	0.5625	0.0739
I14_OG003768	not significant	0.29352	1	0.5909090909090909	0.6363636363636364	0.0	0.3125	0.3125	0.282
I14_OG003769	not significant	0.53774	0.0	0.45454545454545453	0.4545454545454546	0.0	0.28125	0.3125	0.182
I14_OG003770	not significant	0.71956	0	0.2727272727272727	0.2727272727272727	0.0	0.375	0.375	-0.1066
I14_OG003771	not significant	0.88967	1	0.7272727272727273	0.7272727272727273	1.0	0.6875	0.6875	0.0428
I14_OG003772	not significant	0.96099	1	0.5454545454545454	0.5454545454545454	1.0	0.5625	0.5625	-0.0169
I14_OG003775	not significant	0.76171	1	0.5909090909090909	0.6363636363636364	0.5	0.5	0.5	0.0913
I14_OG003777	not significant	0.89453	1.0	0.6363636363636364	0.7272727272727273	1.0	0.59375	0.625	0.0457
I14_OG003778	not significant	0.28356	1.0	0.9090909090909091	0.9090909090909091	1.0	0.625	0.625	0.3185
I14_OG003781	not significant	0.76494	1.0	0.6363636363636364	0.6363636363636364	0.5	0.5	0.5	0.1348
I14_OG003782	not significant	0.0925	1	0.6818181818181818	0.7272727272727273	0.0	0.25	0.3125	0.4558
I14_OG003792	not significant	0.67367	1.0	0.6818181818181818	0.7272727272727273	1.0	0.5625	0.5625	0.1227
I14_OG003793	not significant	0.18569	1.0	0.7727272727272727	0.8181818181818181	0.0	0.4375	0.4375	0.3396
I14_OG003795	not significant	0.98081	1	0.6363636363636364	0.7272727272727273	1.0	0.625	0.625	0.0121
I14_OG003796	not significant	0.45259	0.5	0.5	0.5454545454545454	0.0	0.25	0.25	0.2626
I14_OG003797	not significant	0.88548	1	0.5454545454545454	0.5454545454545454	0.5	0.5	0.5	0.0447
I14_OG003798	not significant	0.03546	1	0.6818181818181818	0.7272727272727273	0.0	0.1875	0.1875	0.5082
I14_OG003799	not significant	0.81999	1.0	0.5909090909090909	0.6363636363636364	0.5	0.5	0.5	0.0913
I14_OG003800	not significant	0.83376	0.5	0.5	0.5454545454545454	0.0	0.4375	0.4375	0.0628
I14_OG003803	not significant	0.71128	1.0	0.5454545454545454	0.5454545454545454	0.0	0.4375	0.4375	0.1062
I14_OG003804	not significant	0.6324	0.0	0.45454545454545453	0.4545454545454546	0.0	0.3125	0.3125	0.1445
I14_OG003805	not significant	0.32813	0	0.2727272727272727	0.2727272727272727	0.0	0.0625	0.0625	0.2908
I14_OG003806	not significant	0.4267	1	0.9545454545454546	1.0	1.0	0.75	0.75	0.2791
I14_OG003807	not significant	0.43608	1.0	0.7727272727272727	0.8181818181818181	0.5	0.5	0.5	0.2804
I14_OG003808	not significant	0.4703	1.0	0.5909090909090909	0.6363636363636364	0.0	0.375	0.375	0.2168
I14_OG003809	not significant	0.82142	0	0.2727272727272727	0.2727272727272727	0.0	0.1875	0.1875	0.1007
I14_OG003810	not significant	0.27487	0.0	0.45454545454545453	0.4545454545454546	0.0	0.15625	0.1875	0.3351
I14_OG003812	not significant	0.73895	0.0	0.4090909090909091	0.4545454545454546	0.0	0.3125	0.3125	0.1015
I14_OG003814	not significant	0.85936	0	0.18181818181818182	0.18181818181818177	0.0	0.125	0.125	0.0786
I14_OG003816	not significant	0.72647	0	0.2727272727272727	0.2727272727272727	0.0	0.1875	0.1875	0.1007
I14_OG003826	not significant	0.45596	1	0.7272727272727273	0.7272727272727273	0.25	0.46875	0.5	0.2619
I14_OG003827	not significant	0.48179	0.5	0.5	0.5454545454545454	1.0	0.6875	0.6875	-0.1928
I14_OG003829	not significant	0.65445	0.5	0.5	0.6363636363636364	1.0	0.65625	0.6875	-0.1698
I14_OG003830	not significant	0.90342	0	0.4090909090909091	0.4545454545454546	0.0	0.375	0.375	0.035
I14_OG003831	not significant	0.4301	0.5	0.5	0.5454545454545454	0.0	0.25	0.25	0.2626
I14_OG003832	not significant	0.45707	1	0.9090909090909091	0.9090909090909091	1.0	0.6875	0.6875	0.2619
I14_OG003833	not significant	0.44785	0	0.18181818181818182	0.18181818181818177	0.0	0.375	0.375	-0.2079
I14_OG003834	not significant	0.8536	1	0.7272727272727273	0.8181818181818181	1.0	0.625	0.625	0.1113
I14_OG003835	not significant	0.45877	1.0	0.7272727272727273	0.7272727272727273	0.75	0.53125	0.5625	0.2015
I14_OG003836	not significant	0.90422	0.0	0.4090909090909091	0.4545454545454546	0.0	0.375	0.375	0.035
I14_OG003837	not significant	0.07994	1.0	0.6363636363636364	0.6363636363636364	0.0	0.1875	0.1875	0.4567
I14_OG003838	not significant	0.58293	1	0.8181818181818182	0.8181818181818181	1.0	0.625	0.625	0.2079
I14_OG003839	not significant	0.65897	0.5	0.5	0.5454545454545454	1.0	0.625	0.625	-0.1266
I14_OG003840	not significant	0.85187	1	0.7272727272727273	0.7272727272727273	1.0	0.65625	0.6875	0.0768
I14_OG003841	not significant	0.87675	1.0	0.5454545454545454	0.5454545454545454	0.5	0.5	0.5625	0.0465
I14_OG003842	not significant	0.23096	1	0.7272727272727273	0.7272727272727273	0.0	0.375	0.375	0.3464
I14_OG003843	not significant	0.87676	0.5	0.5454545454545454	0.6363636363636364	0.5	0.5	0.5	0.0465
I14_OG003844	not significant	0.47347	1	0.5454545454545454	0.5454545454545454	0.0	0.34375	0.375	0.2043
I14_OG003846	not significant	0.97093	1.0	0.5454545454545454	0.5454545454545454	1.0	0.5625	0.5625	-0.0169
I14_OG003847	not significant	0.90488	0.0	0.4090909090909091	0.4545454545454546	0.0	0.375	0.375	0.035
I14_OG003850	not significant	0.73597	1	0.6818181818181818	0.7272727272727273	1.0	0.5625	0.5625	0.1227
I14_OG003851	not significant	1.0	0.5	0.5	0.5454545454545454	0.5	0.5	0.5	0.0
I14_OG003855	present_enriched	0.00415	1	0.7272727272727273	0.8181818181818181	0.0	0.1875	0.1875	0.5617
I14_OG003858	not significant	0.11398	0	0.2727272727272727	0.2727272727272727	0.0	0.0	0.0	0.4264
I14_OG003860	not significant	0.44786	0	0.3181818181818182	0.36363636363636365	0.0	0.125	0.125	0.2427
I14_OG003867	not significant	0.94398	1	0.5909090909090909	0.6363636363636364	1.0	0.625	0.625	-0.035
I14_OG003868	not significant	0.39172	1	0.8181818181818182	0.8181818181818181	1.0	0.59375	0.625	0.2427
I14_OG003870	not significant	0.68653	1	0.6363636363636364	0.6363636363636364	0.25	0.46875	0.5	0.1683
I14_OG003871	not significant	0.28091	1.0	0.7272727272727273	0.7272727272727273	0.0	0.4375	0.4375	0.2865
I14_OG003873	not significant	0.71309	1.0	0.7272727272727273	0.7272727272727273	1.0	0.5625	0.5625	0.1677
I14_OG003876	not significant	0.23127	1	0.8181818181818182	0.8181818181818181	0.5	0.5	0.5	0.3237
I14_OG003877	not significant	0.7829	1.0	0.7272727272727273	0.7272727272727273	1.0	0.625	0.625	0.1066
I14_OG003879	not significant	0.39819	1.0	0.6363636363636364	0.7272727272727273	0.0	0.375	0.375	0.2671
I14_OG003880	not significant	0.25132	1.0	0.6363636363636364	0.6363636363636364	0.0	0.34375	0.375	0.2939
I14_OG003883	not significant	0.20793	1.0	0.7727272727272727	0.8181818181818181	0.0	0.4375	0.4375	0.3396
I14_OG003885	not significant	0.94994	0.5	0.5	0.5454545454545454	0.25	0.46875	0.5	0.0319
I14_OG003886	not significant	0.16193	1	0.9545454545454546	1.0	1.0	0.625	0.625	0.3887
I14_OG003887	not significant	0.52911	0.5	0.5	0.5454545454545454	0.0	0.3125	0.3125	0.1928
I14_OG003889	not significant	0.69678	0.5	0.5	0.5454545454545454	0.0	0.375	0.375	0.1266
I14_OG003893	not significant	0.665	1	0.9090909090909091	0.9090909090909091	1.0	0.75	0.75	0.2012
I14_OG003903	not significant	0.43682	1	0.8181818181818182	0.8181818181818181	1.0	0.625	0.625	0.2079
I14_OG003904	not significant	0.2007	0	0.13636363636363635	0.18181818181818177	0.0	0.0	0.0	0.3223
I14_OG003905	not significant	0.67487	1	0.5909090909090909	0.6363636363636364	0.0	0.4375	0.4375	0.1536
I14_OG003906	present_enriched	0.0	1	1.0	1.0	0.0	0.0	0.0	1.0
I14_OG003907	not significant	0.67005	1.0	0.7272727272727273	0.7272727272727273	1.0	0.59375	0.625	0.1403
I14_OG003908	not significant	0.41489	1.0	0.7272727272727273	0.7272727272727273	0.5	0.5	0.5	0.2273
I14_OG003909	not significant	0.2502	1	0.6363636363636364	0.6363636363636364	0.0	0.3125	0.3125	0.3202
I14_OG003910	not significant	0.93608	0	0.45454545454545453	0.4545454545454546	0.5	0.5	0.5	-0.0447
I14_OG003911	not significant	0.95252	1	0.8181818181818182	0.8181818181818181	1.0	0.78125	0.8125	0.0464
I14_OG003912	not significant	0.48814	1	0.5909090909090909	0.6363636363636364	0.0	0.40625	0.4375	0.1887
I14_OG003914	not significant	0.64351	1	0.6363636363636364	0.7272727272727273	0.0	0.4375	0.4375	0.2032
I14_OG003915	not significant	0.31556	1.0	0.6818181818181818	0.7272727272727273	0.0	0.40625	0.4375	0.2816
I14_OG003916	not significant	0.94464	1	0.5909090909090909	0.6363636363636364	1.0	0.5625	0.5625	0.0288
I14_OG003917	not significant	0.09955	1	0.8181818181818182	0.9090909090909091	0.0	0.375	0.375	0.4556
I14_OG003918	not significant	0.69895	1	0.5454545454545454	0.5454545454545454	0.0	0.4375	0.4375	0.1062
I14_OG003919	not significant	0.89031	1	0.6818181818181818	0.7272727272727273	1.0	0.625	0.625	0.0597
I14_OG003920	not significant	0.83023	1	0.6818181818181818	0.7272727272727273	1.0	0.59375	0.625	0.0934
I14_OG003921	not significant	0.92871	0.0	0.4090909090909091	0.4545454545454546	0.0	0.4375	0.4375	-0.0288
I14_OG003922	not significant	0.5358	1	0.5454545454545454	0.5454545454545454	0.0	0.375	0.375	0.1685
I14_OG003924	not significant	0.84586	0	0.18181818181818182	0.18181818181818177	0.0	0.125	0.125	0.0786
I14_OG003925	not significant	0.31117	1	1.0	1.0	1.0	0.78125	0.8125	0.334
I14_OG003926	not significant	0.49898	1.0	0.7272727272727273	0.7272727272727273	0.75	0.53125	0.5625	0.2015
I14_OG003927	not significant	0.79259	1.0	0.7272727272727273	0.7272727272727273	1.0	0.625	0.625	0.1066
I14_OG003928	not significant	0.88385	0.5	0.5	0.5454545454545454	0.0	0.4375	0.4375	0.0628
I14_OG003929	not significant	0.78651	0.0	0.4090909090909091	0.4545454545454546	0.75	0.53125	0.5625	-0.1248
I14_OG003930	not significant	0.61019	0	0.2727272727272727	0.2727272727272727	0.0	0.125	0.125	0.1869
I14_OG003931	not significant	0.71517	1	0.5454545454545454	0.5454545454545454	0.0	0.375	0.375	0.1685
I14_OG003932	not significant	0.93905	0.5	0.5454545454545454	0.6363636363636364	0.5	0.5	0.5	0.0465
I14_OG003940	not significant	0.52595	0.0	0.4090909090909091	0.4545454545454546	0.0	0.25	0.25	0.172
I14_OG003947	not significant	0.31107	1.0	0.5454545454545454	0.5454545454545454	0.0	0.25	0.25	0.3006
I14_OG003948	not significant	0.79879	0	0.45454545454545453	0.4545454545454546	0.0	0.375	0.375	0.0795
I14_OG003951	not significant	0.28698	1	0.8636363636363636	0.9090909090909091	0.75	0.5625	0.625	0.3413
I14_OG003953	not significant	0.63838	1.0	0.7272727272727273	0.7272727272727273	1.0	0.59375	0.625	0.1403
I14_OG003954	not significant	0.22046	1	0.6818181818181818	0.7272727272727273	0.0	0.375	0.375	0.3073
I14_OG003955	not significant	0.85545	1	0.6363636363636364	0.6363636363636364	1.0	0.5625	0.5625	0.0739
I14_OG003957	not significant	0.36384	1	0.7272727272727273	0.8181818181818181	0.5	0.5	0.5	0.2365
I14_OG003958	not significant	0.08014	1.0	0.7727272727272727	0.8181818181818181	0.0	0.375	0.4375	0.4158
I14_OG003960	not significant	0.90986	0	0.36363636363636365	0.36363636363636365	0.0	0.3125	0.3125	0.0533
I14_OG003961	not significant	0.53658	1	0.6363636363636364	0.6363636363636364	0.0	0.4375	0.4375	0.1956
I14_OG003964	not significant	0.93921	0	0.22727272727272727	0.2727272727272727	0.0	0.25	0.25	-0.0268
I14_OG003965	not significant	0.31193	1	0.5909090909090909	0.6363636363636364	0.0	0.3125	0.3125	0.282
I14_OG003967	not significant	0.8963	0	0.3181818181818182	0.36363636363636365	0.0	0.25	0.25	0.0766
I14_OG003968	not significant	0.75268	1.0	0.6818181818181818	0.7272727272727273	1.0	0.5625	0.5625	0.1227
I14_OG003969	not significant	0.0329	1	0.8636363636363636	0.9090909090909091	0.0	0.34375	0.375	0.5345
I14_OG003983	not significant	0.95214	0	0.4090909090909091	0.4545454545454546	0.0	0.375	0.375	0.035
I14_OG003988	not significant	0.27712	1	0.6818181818181818	0.7272727272727273	0.0	0.375	0.375	0.3073
I14_OG003989	not significant	0.74046	1.0	0.5909090909090909	0.6363636363636364	0.5	0.5	0.5	0.0913
I14_OG003990	not significant	0.71789	0	0.2727272727272727	0.2727272727272727	0.0	0.1875	0.1875	0.1007
I14_OG003991	not significant	0.52323	1	0.6818181818181818	0.7272727272727273	0.5	0.5	0.5	0.1842
I14_OG003992	not significant	0.40431	1	0.7272727272727273	0.7272727272727273	0.25	0.46875	0.5	0.2619
I14_OG003993	not significant	0.96103	0.0	0.45454545454545453	0.4545454545454546	0.0	0.4375	0.4375	0.0169
I14_OG003994	not significant	0.50359	1	0.6818181818181818	0.7272727272727273	0.5	0.5	0.5	0.1842
I14_OG003996	not significant	0.3954	1	1.0	1.0	1.0	0.8125	0.8125	0.2932
I14_OG003997	not significant	0.88841	1	0.5454545454545454	0.5454545454545454	0.5	0.5	0.5	0.0447
I14_OG003998	not significant	0.26913	1	0.7272727272727273	0.8181818181818181	0.0	0.4375	0.4375	0.2979
I14_OG003999	not significant	0.09679	1	0.5454545454545454	0.5454545454545454	0.0	0.15625	0.1875	0.4209
I14_OG004000	not significant	0.9533	1	0.5909090909090909	0.6363636363636364	1.0	0.5625	0.5625	0.0288
I14_OG004001	not significant	0.15959	1.0	0.9090909090909091	0.9090909090909091	1.0	0.59375	0.625	0.3542
I14_OG004002	not significant	0.3853	1	0.5454545454545454	0.5454545454545454	0.0	0.3125	0.3125	0.233
I14_OG004003	not significant	0.34268	0	0.3181818181818182	0.36363636363636365	0.0	0.125	0.125	0.2427
I14_OG004004	not significant	0.20457	1	0.7727272727272727	0.8181818181818181	0.25	0.46875	0.5	0.3164
I14_OG004005	not significant	0.61543	1.0	0.6363636363636364	0.6363636363636364	0.5	0.5	0.5	0.1348
I14_OG004006	not significant	0.42065	1	0.6818181818181818	0.7272727272727273	0.0	0.4375	0.4375	0.2454
I14_OG004007	not significant	0.7209	1	0.8181818181818182	0.8181818181818181	1.0	0.6875	0.6875	0.1465
I14_OG004009	not significant	0.47975	0	0.18181818181818182	0.18181818181818177	0.0	0.0625	0.0625	0.1866
I14_OG004010	not significant	0.61933	0	0.3181818181818182	0.36363636363636365	0.5	0.5	0.5	-0.1842
I14_OG004012	not significant	0.32353	1	0.5909090909090909	0.6363636363636364	0.0	0.34375	0.375	0.2541
I14_OG004016	not significant	0.96314	0	0.22727272727272727	0.2727272727272727	0.0	0.25	0.25	-0.0268
I14_OG004020	not significant	0.7395	0	0.36363636363636365	0.36363636363636365	0.0	0.25	0.25	0.1223
I14_OG004022	not significant	0.96105	0.5	0.5454545454545454	0.6363636363636364	1.0	0.5625	0.5625	-0.0175
I14_OG004023	not significant	0.89667	0.0	0.4090909090909091	0.4545454545454546	0.0	0.375	0.375	0.035
I14_OG004025	not significant	0.39784	1.0	0.7272727272727273	0.7272727272727273	0.5	0.5	0.5	0.2273
I14_OG004026	not significant	0.40281	1	0.5909090909090909	0.6363636363636364	0.0	0.375	0.375	0.2168
I14_OG004027	present_enriched	0.00156	1	0.7272727272727273	0.7272727272727273	0.0	0.0625	0.0625	0.6929
I14_OG004028	not significant	0.17327	0	0.4090909090909091	0.4545454545454546	0.0	0.125	0.125	0.3351
I14_OG004029	not significant	0.35874	1	0.8181818181818182	0.8181818181818181	1.0	0.5625	0.5625	0.2665
I14_OG004030	not significant	0.54296	0	0.0	0.0	0.0	0.0625	0.0625	-0.1626
I14_OG004032	not significant	0.71738	1.0	0.7272727272727273	0.7272727272727273	1.0	0.59375	0.625	0.1403
I14_OG004033	not significant	0.72141	1	0.5454545454545454	0.5454545454545454	0.0	0.4375	0.4375	0.1062
I14_OG004035	not significant	0.87823	0	0.18181818181818182	0.18181818181818177	0.0	0.125	0.125	0.0786
I14_OG004036	not significant	0.56934	1.0	0.6363636363636364	0.6363636363636364	0.0	0.4375	0.4375	0.1956
I14_OG004037	not significant	0.57177	0	0.18181818181818182	0.18181818181818177	0.0	0.0625	0.0625	0.1866
I14_OG004038	present_enriched	0.00603	1.0	0.7727272727272727	0.8181818181818181	0.0	0.1875	0.1875	0.5929
I14_OG004039	not significant	0.1095	1	1.0	1.0	1.0	0.625	0.625	0.4432
I14_OG004040	not significant	0.88867	1.0	0.7272727272727273	0.7272727272727273	1.0	0.65625	0.6875	0.0768
I14_OG004041	not significant	0.75865	0.5	0.5454545454545454	0.6363636363636364	0.0	0.4375	0.4375	0.1103
I14_OG004042	not significant	0.43411	1.0	0.7272727272727273	0.7272727272727273	0.5	0.5	0.5	0.2273
I14_OG004043	not significant	0.90525	0	0.13636363636363635	0.18181818181818177	0.0	0.09375	0.125	0.0739
I14_OG004045	not significant	0.35983	1.0	0.7727272727272727	0.8181818181818181	0.25	0.46875	0.5	0.3164
I14_OG004047	not significant	0.95072	0.0	0.4090909090909091	0.4545454545454546	0.0	0.4375	0.4375	-0.0288
I14_OG004048	not significant	0.82924	1.0	0.6363636363636364	0.6363636363636364	0.5	0.5	0.5	0.1348
I14_OG004049	not significant	0.85301	0	0.36363636363636365	0.36363636363636365	0.0	0.4375	0.4375	-0.0739
I14_OG004053	not significant	0.8358	1.0	0.8636363636363636	0.9090909090909091	1.0	0.75	0.75	0.1428
I14_OG004063	not significant	0.98163	0	0.3181818181818182	0.36363636363636365	0.0	0.3125	0.375	0.0064
I14_OG004064	not significant	0.58165	0.0	0.45454545454545453	0.4545454545454546	0.0	0.3125	0.3125	0.1445
I14_OG004065	not significant	0.28161	1.0	0.7272727272727273	0.7272727272727273	0.0	0.4375	0.4375	0.2865
I14_OG004066	not significant	0.04164	1	0.9090909090909091	0.9090909090909091	0.0	0.4375	0.4375	0.4798
I14_OG004067	not significant	0.27307	1.0	0.7272727272727273	0.7272727272727273	0.0	0.4375	0.4375	0.2865
I14_OG004068	not significant	0.94162	0	0.2727272727272727	0.2727272727272727	0.0	0.25	0.25	0.0255
I14_OG004069	not significant	0.75382	0.5	0.45454545454545453	0.5454545454545454	0.0	0.375	0.375	0.0828
I14_OG004071	not significant	0.59353	0	0.3181818181818182	0.36363636363636365	0.0	0.1875	0.1875	0.1541
I14_OG004073	not significant	0.44851	1.0	0.7272727272727273	0.7272727272727273	0.5	0.5	0.5	0.2273
I14_OG004074	not significant	0.76526	0	0.18181818181818182	0.18181818181818177	0.0	0.25	0.25	-0.0806
I14_OG004075	not significant	0.69974	0.5	0.5	0.5454545454545454	0.0	0.375	0.375	0.1266
I14_OG004076	not significant	0.9968	0	0.3181818181818182	0.36363636363636365	0.0	0.3125	0.3125	0.0061
I14_OG004077	not significant	0.13766	1	0.8181818181818182	0.8181818181818181	0.0	0.4375	0.4375	0.3807
I14_OG004078	not significant	0.53735	0.5	0.5	0.5454545454545454	0.0	0.34375	0.375	0.1626
I14_OG004079	not significant	0.68264	1.0	0.6363636363636364	0.6363636363636364	0.5	0.5	0.5	0.1348
I14_OG004080	not significant	0.25223	1.0	0.7272727272727273	0.7272727272727273	0.0	0.4375	0.4375	0.2865
I14_OG004081	not significant	0.90329	0.5	0.5	0.5454545454545454	0.25	0.46875	0.5	0.0319
I14_OG004082	not significant	0.65028	1	0.6363636363636364	0.6363636363636364	0.5	0.5	0.5	0.1348
I14_OG004085	not significant	0.57829	0.0	0.45454545454545453	0.4545454545454546	0.0	0.25	0.25	0.2132
I14_OG004087	not significant	0.97325	0	0.2727272727272727	0.36363636363636365	0.0	0.28125	0.3125	-0.0101
I14_OG004088	not significant	0.57822	0.5	0.5454545454545454	0.6363636363636364	0.0	0.375	0.375	0.1752
I14_OG004090	not significant	0.87537	1.0	0.5454545454545454	0.5454545454545454	0.5	0.5	0.5	0.0447
I14_OG004107	not significant	1.0	0.5	0.5	0.5454545454545454	0.5	0.5	0.5	-0.0
I14_OG004108	not significant	0.23241	1.0	0.7272727272727273	0.7272727272727273	0.25	0.4375	0.5	0.2979
I14_OG004109	not significant	0.33224	0.5	0.5454545454545454	0.6363636363636364	0.0	0.3125	0.3125	0.2424
I14_OG004110	not significant	0.11928	1.0	0.8636363636363636	0.9090909090909091	0.0	0.4375	0.4375	0.4381
I14_OG004111	not significant	0.52849	1.0	0.7272727272727273	0.7272727272727273	0.5	0.5	0.5	0.2273
I14_OG004112	not significant	0.70076	1	0.6818181818181818	0.7272727272727273	1.0	0.5625	0.5625	0.1227
I14_OG004113	not significant	0.92865	0.0	0.45454545454545453	0.4545454545454546	0.5	0.5	0.5	-0.0447
I14_OG004114	not significant	0.3607	1.0	0.7272727272727273	0.7272727272727273	0.5	0.5	0.5	0.2273
I14_OG004116	not significant	0.08159	1.0	0.8636363636363636	0.9090909090909091	0.25	0.46875	0.5	0.4188
I14_OG004118	not significant	0.54895	0.0	0.4090909090909091	0.4545454545454546	1.0	0.5625	0.5625	-0.1536
I14_OG004119	not significant	0.31345	1.0	0.6818181818181818	0.7272727272727273	0.0	0.375	0.375	0.3073
I14_OG004120	not significant	0.69834	1	0.7272727272727273	0.7272727272727273	1.0	0.59375	0.625	0.1403
I14_OG004122	not significant	0.75776	0	0.2727272727272727	0.2727272727272727	0.0	0.375	0.4375	-0.1113
I14_OG004123	not significant	0.58228	0	0.36363636363636365	0.36363636363636365	1.0	0.5625	0.5625	-0.1956
I14_OG004124	not significant	0.92599	1	0.5454545454545454	0.5454545454545454	0.5	0.5	0.5	0.0447
I14_OG004125	not significant	0.73563	1	0.8181818181818182	0.8181818181818181	1.0	0.6875	0.6875	0.1465
I14_OG004127	not significant	0.60548	0	0.3181818181818182	0.36363636363636365	0.0	0.15625	0.1875	0.2025
I14_OG004129	not significant	0.3276	1	0.8181818181818182	0.8181818181818181	0.5	0.5	0.5	0.3237
I14_OG004130	not significant	0.89394	0.0	0.4090909090909091	0.4545454545454546	0.0	0.375	0.375	0.035
I14_OG004131	not significant	0.64938	1	0.7272727272727273	0.8181818181818181	1.0	0.5625	0.5625	0.1747
I14_OG004139	not significant	0.45924	0	0.2727272727272727	0.2727272727272727	0.0	0.125	0.125	0.1869
I14_OG004144	not significant	0.60376	0	0.36363636363636365	0.36363636363636365	0.0	0.21875	0.25	0.1627
I14_OG004146	not significant	0.47128	0.5	0.5	0.5454545454545454	1.0	0.6875	0.6875	-0.1928
I14_OG004150	not significant	0.80562	0.5	0.5	0.5454545454545454	1.0	0.5625	0.5625	-0.0628
I14_OG004151	not significant	0.35787	1.0	0.6363636363636364	0.6363636363636364	0.0	0.375	0.375	0.257
I14_OG004152	not significant	0.69129	0.0	0.45454545454545453	0.4545454545454546	1.0	0.625	0.6875	-0.1752
I14_OG004155	not significant	0.77007	0	0.2727272727272727	0.2727272727272727	0.0	0.1875	0.1875	0.1007
I14_OG004156	not significant	0.72337	1	1.0	1.0	1.0	0.9375	0.9375	0.1626
I14_OG004158	not significant	0.33913	1	0.5454545454545454	0.5454545454545454	0.0	0.3125	0.3125	0.233
I14_OG004159	not significant	0.55426	0	0.13636363636363635	0.18181818181818177	0.0	0.25	0.3125	-0.1523
I14_OG004160	not significant	0.34885	1.0	0.5454545454545454	0.5454545454545454	0.0	0.28125	0.3125	0.2716
I14_OG004162	not significant	0.77329	0	0.36363636363636365	0.36363636363636365	0.0	0.25	0.25	0.1223
I14_OG004164	not significant	0.98318	1.0	0.6363636363636364	0.7272727272727273	1.0	0.625	0.625	0.0121
I14_OG004165	not significant	0.62153	0.5	0.5	0.5454545454545454	0.0	0.375	0.375	0.1266
I14_OG004166	not significant	0.8799	0	0.2727272727272727	0.2727272727272727	0.0	0.3125	0.3125	-0.0428
I14_OG004167	not significant	0.63407	0.0	0.4090909090909091	0.4545454545454546	1.0	0.625	0.625	-0.2168
I14_OG004169	not significant	0.05989	1.0	0.5454545454545454	0.5454545454545454	0.0	0.125	0.125	0.4524
I14_OG004171	not significant	0.42592	0.0	0.45454545454545453	0.4545454545454546	0.0	0.1875	0.1875	0.2874
I14_OG004182	not significant	0.37314	0	0.45454545454545453	0.4545454545454546	0.0	0.21875	0.25	0.255
I14_OG004184	not significant	0.91012	1.0	0.5909090909090909	0.6363636363636364	1.0	0.5625	0.5625	0.0288
I14_OG004186	not significant	0.46103	0	0.36363636363636365	0.36363636363636365	1.0	0.5625	0.5625	-0.1956
I14_OG004187	not significant	0.90141	0.0	0.4090909090909091	0.4545454545454546	0.0	0.375	0.375	0.035
I14_OG004188	not significant	0.61597	0.5	0.5	0.5454545454545454	0.0	0.375	0.375	0.1266
I14_OG004189	not significant	0.93309	0.0	0.45454545454545453	0.4545454545454546	0.5	0.5	0.5	-0.0447
I14_OG004190	not significant	0.9381	0.0	0.4090909090909091	0.4545454545454546	0.0	0.375	0.375	0.035
I14_OG004191	not significant	0.20559	1	0.8181818181818182	0.8181818181818181	0.5	0.5	0.5	0.3237
I14_OG004192	not significant	0.57192	0.5	0.5	0.5454545454545454	1.0	0.65625	0.6875	-0.1626
I14_OG004193	not significant	0.63203	1	0.6363636363636364	0.6363636363636364	0.0	0.4375	0.4375	0.1956
I14_OG004194	not significant	0.11608	0.0	0.4090909090909091	0.4545454545454546	0.0	0.0625	0.0625	0.4354
I14_OG004195	not significant	0.96511	0.0	0.36363636363636365	0.4545454545454546	0.0	0.375	0.375	-0.0121
I14_OG004196	not significant	0.51403	0.0	0.45454545454545453	0.4545454545454546	1.0	0.625	0.625	-0.1685
I14_OG004199	not significant	0.86123	0.0	0.45454545454545453	0.4545454545454546	0.5	0.5	0.5	-0.0447
I14_OG004200	not significant	0.49772	1	0.5454545454545454	0.5454545454545454	0.0	0.375	0.375	0.1685
I14_OG004201	not significant	0.05618	1.0	0.6363636363636364	0.6363636363636364	0.0	0.3125	0.3125	0.3202
I14_OG004202	not significant	0.32296	0	0.09090909090909091	0.09090909090909094	0.0	0.0	0.0	0.2365
I14_OG004204	not significant	0.85109	1	0.6363636363636364	0.6363636363636364	0.5	0.5	0.5	0.1348
I14_OG004205	not significant	0.61044	1.0	0.7272727272727273	0.7272727272727273	0.5	0.5	0.5	0.2273
I14_OG004206	not significant	0.82452	0.5	0.5	0.5454545454545454	0.0	0.4375	0.4375	0.0628
I14_OG004208	present_enriched	0.00758	1.0	0.8181818181818182	0.8181818181818181	0.0	0.1875	0.1875	0.6236
I14_OG004210	not significant	0.32427	0	0.09090909090909091	0.09090909090909094	0.0	0.0	0.0	0.2365
I14_OG004212	not significant	0.65676	0.5	0.5	0.5454545454545454	0.0	0.3125	0.3125	0.1928
I14_OG004213	not significant	0.10968	1	0.8636363636363636	0.9090909090909091	0.0	0.4375	0.4375	0.4381
I14_OG004215	present_enriched	0.00665	1	1.0	1.0	0.0	0.375	0.375	0.6359
I14_OG004220	not significant	0.06389	0	0.3181818181818182	0.36363636363636365	0.0	0.0	0.0	0.4858
I14_OG004221	not significant	0.67782	0	0.4090909090909091	0.4545454545454546	0.0	0.25	0.25	0.172
I14_OG004222	not significant	0.3542	1.0	0.7272727272727273	0.7272727272727273	0.0	0.4375	0.4375	0.2865
I14_OG004223	not significant	0.40615	1.0	0.7272727272727273	0.8181818181818181	0.0	0.4375	0.4375	0.2979
I14_OG004224	not significant	0.52572	1.0	0.9090909090909091	0.9090909090909091	1.0	0.71875	0.75	0.2391
I14_OG004225	not significant	0.44215	1.0	0.7272727272727273	0.7272727272727273	0.75	0.53125	0.5625	0.2015
I14_OG004226	not significant	0.75098	1.0	0.6818181818181818	0.7272727272727273	0.75	0.53125	0.5625	0.1567
I14_OG004228	not significant	0.4892	1.0	0.7272727272727273	0.7272727272727273	0.25	0.46875	0.5	0.2619
I14_OG004230	not significant	0.63974	1	0.7727272727272727	0.8181818181818181	1.0	0.65625	0.6875	0.1313
I14_OG004231	not significant	0.0407	1.0	0.5454545454545454	0.5454545454545454	0.0	0.125	0.125	0.4524
I14_OG004234	not significant	0.01467	0.0	0.4090909090909091	0.4545454545454546	0.0	0.0	0.0	0.5583
I14_OG004235	not significant	0.51802	0	0.3181818181818182	0.36363636363636365	0.5	0.5	0.5	-0.1842
I14_OG004236	not significant	0.7544	0.0	0.45454545454545453	0.4545454545454546	1.0	0.5625	0.5625	-0.1062
I14_OG004237	not significant	0.23223	1	0.5909090909090909	0.6363636363636364	0.0	0.3125	0.375	0.2938
I14_OG004238	not significant	0.68394	1	0.9090909090909091	0.9090909090909091	1.0	0.75	0.75	0.2012
I14_OG004239	not significant	0.05663	1	0.8636363636363636	0.9090909090909091	0.0	0.375	0.375	0.495
I14_OG004240	not significant	0.30147	0.0	0.4090909090909091	0.4545454545454546	0.0	0.125	0.125	0.3351
I14_OG004241	not significant	0.60914	1.0	0.7272727272727273	0.7272727272727273	1.0	0.5625	0.5625	0.1677
I14_OG004243	not significant	0.15529	0.0	0.4090909090909091	0.4545454545454546	0.0	0.125	0.125	0.3351
I14_OG004244	not significant	1.0	0.5	0.5	0.5454545454545454	0.5	0.5	0.5	0.0
I14_OG004245	not significant	0.76372	0	0.36363636363636365	0.36363636363636365	0.0	0.4375	0.4375	-0.0739
I14_OG004247	not significant	0.23864	1.0	0.6363636363636364	0.6363636363636364	0.0	0.3125	0.3125	0.3202
I14_OG004248	not significant	0.68714	1	0.7727272727272727	0.8181818181818181	1.0	0.625	0.625	0.1598
I14_OG004249	not significant	0.92806	1	0.8181818181818182	0.8181818181818181	1.0	0.78125	0.8125	0.0464
I14_OG004251	not significant	0.83546	1.0	0.6363636363636364	0.6363636363636364	1.0	0.5625	0.5625	0.0739
I14_OG004254	not significant	0.47835	1	0.5454545454545454	0.5454545454545454	0.0	0.3125	0.3125	0.233
I14_OG004258	not significant	0.69296	0.0	0.4090909090909091	0.4545454545454546	0.0	0.3125	0.3125	0.1015
I14_OG004261	not significant	0.57532	0	0.36363636363636365	0.36363636363636365	0.0	0.21875	0.25	0.1627
I14_OG004266	not significant	0.71188	0.0	0.4090909090909091	0.4545454545454546	0.5	0.5	0.5	-0.0913
I14_OG004269	not significant	0.92801	0	0.09090909090909091	0.09090909090909094	0.0	0.0625	0.0625	0.0533
I14_OG004270	not significant	0.69428	0.5	0.5	0.5454545454545454	1.0	0.59375	0.625	-0.0964
I14_OG004271	not significant	0.55928	1	0.5909090909090909	0.6363636363636364	0.0	0.4375	0.4375	0.1536
I14_OG004274	not significant	0.15034	1.0	0.7272727272727273	0.7272727272727273	0.0	0.375	0.375	0.3464
I14_OG004275	not significant	0.44396	1.0	0.7272727272727273	0.7272727272727273	0.5	0.5	0.5	0.2273
I14_OG004276	not significant	0.52681	1	0.5909090909090909	0.6363636363636364	0.0	0.4375	0.4375	0.1536
I14_OG004277	not significant	0.56738	1	0.8181818181818182	0.8181818181818181	1.0	0.625	0.625	0.2079
I14_OG004278	not significant	0.77671	0.0	0.45454545454545453	0.4545454545454546	0.0	0.3125	0.3125	0.1445
I14_OG004279	not significant	0.88046	0.5	0.5	0.5454545454545454	0.0	0.4375	0.4375	0.0628
I14_OG004281	not significant	0.85295	1	0.5909090909090909	0.6363636363636364	0.75	0.53125	0.5625	0.0613
I14_OG004282	not significant	0.9341	0.0	0.4090909090909091	0.4545454545454546	0.0	0.4375	0.4375	-0.0288
I14_OG004283	not significant	0.6746	0.0	0.4090909090909091	0.4545454545454546	0.0	0.3125	0.3125	0.1015
I14_OG004287	not significant	0.94444	0	0.13636363636363635	0.18181818181818177	0.0	0.125	0.125	0.0174
I14_OG004290	not significant	0.78069	0	0.18181818181818182	0.18181818181818177	0.0	0.125	0.125	0.0786
I14_OG004293	not significant	0.01041	1.0	0.8181818181818182	0.8181818181818181	0.0	0.25	0.25	0.5587
I14_OG004294	not significant	0.55609	1	0.5909090909090909	0.6363636363636364	0.0	0.4375	0.4375	0.1536
I14_OG004295	not significant	0.41754	0.5	0.5	0.5454545454545454	0.0	0.3125	0.3125	0.1928
I14_OG004296	not significant	0.45179	1	0.6363636363636364	0.7272727272727273	0.0	0.4375	0.4375	0.2032
I14_OG004297	not significant	0.43523	0	0.2727272727272727	0.2727272727272727	0.0	0.125	0.125	0.1869
I14_OG004299	not significant	0.53533	0	0.36363636363636365	0.36363636363636365	0.0	0.1875	0.1875	0.1975
I14_OG004309	not significant	0.49654	1	0.5454545454545454	0.5454545454545454	0.0	0.375	0.375	0.1685
I14_OG004310	not significant	0.01698	0.5	0.5	0.5454545454545454	0.0	0.0625	0.0625	0.516
I14_OG004311	not significant	0.04941	1	0.6818181818181818	0.7272727272727273	0.0	0.25	0.25	0.4374
I14_OG004313	not significant	0.92241	0	0.4090909090909091	0.4545454545454546	0.0	0.375	0.375	0.035
I14_OG004314	not significant	0.03895	1.0	0.7727272727272727	0.8181818181818181	0.0	0.3125	0.3125	0.4609
I14_OG004315	not significant	0.8458	0	0.36363636363636365	0.36363636363636365	0.0	0.3125	0.3125	0.0533
I14_OG004317	not significant	0.75686	0	0.3181818181818182	0.36363636363636365	0.0	0.25	0.25	0.0766
I14_OG004318	not significant	0.89198	0.0	0.4090909090909091	0.4545454545454546	0.0	0.375	0.375	0.035
I14_OG004319	not significant	0.16147	1	0.6363636363636364	0.6363636363636364	0.0	0.3125	0.3125	0.3202
I14_OG004320	not significant	0.08248	1.0	0.7727272727272727	0.8181818181818181	0.0	0.375	0.375	0.3994
I14_OG004321	not significant	0.30324	0.5	0.5454545454545454	0.6363636363636364	0.0	0.3125	0.3125	0.2424
I14_OG004322	not significant	0.21942	1.0	0.9090909090909091	0.9090909090909091	1.0	0.5625	0.5625	0.373
I14_OG004323	not significant	0.53303	0	0.2727272727272727	0.36363636363636365	0.0	0.40625	0.4375	-0.1466
I14_OG004324	not significant	0.17587	1.0	0.8181818181818182	0.8181818181818181	0.0	0.4375	0.4375	0.3807
I14_OG004325	not significant	0.67221	1.0	0.6363636363636364	0.6363636363636364	0.5	0.5	0.5	0.1348
I14_OG004327	not significant	0.48445	1.0	0.9090909090909091	0.9090909090909091	1.0	0.71875	0.75	0.2391
I14_OG004328	not significant	0.31719	1	0.5454545454545454	0.5454545454545454	0.0	0.3125	0.3125	0.233
I14_OG004330	not significant	0.10328	0.5	0.5	0.5454545454545454	0.0	0.125	0.125	0.4212
I14_OG004332	not significant	0.72269	0	0.2727272727272727	0.2727272727272727	0.0	0.4375	0.4375	-0.1677
I14_OG004333	not significant	0.67999	1	0.5454545454545454	0.5454545454545454	0.0	0.375	0.375	0.1685
I14_OG004336	not significant	0.93518	0.0	0.4090909090909091	0.4545454545454546	0.0	0.375	0.375	0.035
I14_OG004337	not significant	0.08644	1.0	0.7727272727272727	0.8181818181818181	0.0	0.375	0.375	0.3994
I14_OG004339	not significant	0.11858	1	0.9090909090909091	0.9090909090909091	0.5	0.5	0.5	0.4264
I14_OG004351	not significant	0.7903	0.5	0.5	0.5454545454545454	0.0	0.375	0.375	0.1266
I14_OG004353	not significant	0.20696	1.0	0.7272727272727273	0.7272727272727273	0.0	0.4375	0.4375	0.2865
I14_OG004354	not significant	0.45943	1.0	0.6818181818181818	0.7272727272727273	0.25	0.46875	0.5	0.2191
I14_OG004356	not significant	0.66733	0.0	0.4090909090909091	0.4545454545454546	0.0	0.3125	0.3125	0.1015
I14_OG004357	not significant	0.87335	0	0.3181818181818182	0.36363636363636365	0.0	0.375	0.375	-0.0597
I14_OG004358	not significant	0.07834	0.5	0.5	0.5454545454545454	0.0	0.125	0.125	0.4212
I14_OG004359	not significant	0.42208	1	0.6818181818181818	0.7272727272727273	0.5	0.5	0.5	0.1842
I14_OG004360	not significant	0.34834	1	0.5909090909090909	0.6363636363636364	0.0	0.375	0.375	0.2168
I14_OG004361	not significant	0.93961	0	0.3181818181818182	0.36363636363636365	0.0	0.34375	0.375	-0.0278
I14_OG004362	not significant	0.3489	1	0.5909090909090909	0.6363636363636364	0.0	0.3125	0.3125	0.282
I14_OG004363	not significant	0.30916	1	0.5909090909090909	0.6363636363636364	0.0	0.34375	0.375	0.2541
I14_OG004364	not significant	0.05709	1	0.5909090909090909	0.6363636363636364	0.0	0.1875	0.1875	0.4238
I14_OG004365	not significant	0.11107	1	1.0	1.0	1.0	0.625	0.625	0.4432
I14_OG004366	not significant	0.33412	1.0	0.6818181818181818	0.7272727272727273	0.0	0.375	0.375	0.3073
I14_OG004367	not significant	0.52392	0	0.3181818181818182	0.36363636363636365	0.0	0.1875	0.1875	0.1541
I14_OG004368	not significant	0.39511	1	0.7727272727272727	0.8181818181818181	0.75	0.53125	0.5625	0.2561
I14_OG004370	not significant	0.74477	0.0	0.45454545454545453	0.4545454545454546	0.0	0.375	0.375	0.0795
I14_OG004372	not significant	0.42216	1.0	0.8181818181818182	0.8181818181818181	1.0	0.5625	0.5625	0.2665
I14_OG004373	not significant	0.82367	0	0.36363636363636365	0.36363636363636365	0.0	0.25	0.25	0.1223
I14_OG004374	not significant	0.4225	1	0.5909090909090909	0.6363636363636364	0.0	0.40625	0.4375	0.1887
I14_OG004378	not significant	0.88138	0.5	0.5	0.5454545454545454	0.0	0.4375	0.4375	0.0628
I14_OG004379	not significant	0.90689	1.0	0.5909090909090909	0.6363636363636364	1.0	0.5625	0.5625	0.0288
I14_OG004380	not significant	0.26182	1.0	0.7272727272727273	0.7272727272727273	0.0	0.375	0.375	0.3464
I14_OG004381	not significant	0.39212	0.5	0.5	0.5454545454545454	0.0	0.28125	0.3125	0.232
I14_OG004383	not significant	0.63239	1.0	0.7272727272727273	0.7272727272727273	0.75	0.53125	0.5625	0.2015
I14_OG004384	not significant	0.0506	0.0	0.4090909090909091	0.4545454545454546	0.0	0.0625	0.0625	0.4354
I14_OG004385	not significant	0.72452	0	0.3181818181818182	0.36363636363636365	0.0	0.1875	0.1875	0.1541
I14_OG004386	not significant	1.0	1	1.0	1.0	1.0	1.0	1.0	0
I14_OG004396	not significant	0.24513	0.5	0.5	0.5454545454545454	0.0	0.25	0.25	0.2626
I14_OG004397	not significant	0.51351	0	0.36363636363636365	0.36363636363636365	0.0	0.15625	0.1875	0.2446
I14_OG004398	not significant	0.42971	1	0.9090909090909091	0.9090909090909091	1.0	0.6875	0.6875	0.2619
I14_OG004399	not significant	0.67269	1	0.7272727272727273	0.7272727272727273	0.75	0.5625	0.625	0.1747
I14_OG004400	not significant	0.86197	1	0.5454545454545454	0.5454545454545454	0.25	0.46875	0.5	0.0768
I14_OG004401	not significant	0.94205	0.5	0.5	0.5454545454545454	0.25	0.46875	0.5	0.0319
I14_OG004402	not significant	0.17754	1	0.9545454545454546	1.0	1.0	0.625	0.625	0.3887
I14_OG004403	not significant	0.78193	1	0.6363636363636364	0.6363636363636364	1.0	0.5625	0.5625	0.0739
I14_OG004404	not significant	0.9103	0	0.3181818181818182	0.36363636363636365	0.0	0.375	0.375	-0.0597
I14_OG004405	not significant	0.86071	0.5	0.5454545454545454	0.6363636363636364	1.0	0.625	0.625	-0.0828
I14_OG004406	not significant	0.7458	0.0	0.4090909090909091	0.4545454545454546	0.0	0.25	0.25	0.172
I14_OG004407	not significant	0.58414	1.0	0.6363636363636364	0.6363636363636364	0.0	0.4375	0.4375	0.1956
I14_OG004409	not significant	0.79453	0.5	0.45454545454545453	0.5454545454545454	1.0	0.5625	0.5625	-0.1103
I14_OG004410	not significant	0.69429	0	0.2727272727272727	0.2727272727272727	0.0	0.1875	0.1875	0.1007
I14_OG004411	not significant	0.35992	1	0.5909090909090909	0.6363636363636364	0.0	0.375	0.375	0.2168
I14_OG004412	not significant	0.74716	0	0.2727272727272727	0.2727272727272727	0.0	0.1875	0.1875	0.1007
I14_OG004413	not significant	0.07236	1.0	0.6818181818181818	0.7272727272727273	0.0	0.28125	0.3125	0.4118
I14_OG004414	not significant	0.4356	1	0.7272727272727273	0.7272727272727273	0.5	0.5	0.5	0.2273
I14_OG004415	not significant	0.84968	0.0	0.45454545454545453	0.4545454545454546	0.5	0.5	0.5	-0.0447
I14_OG004416	not significant	0.12557	1.0	0.5909090909090909	0.6363636363636364	0.0	0.25	0.25	0.3505
I14_OG004422	not significant	0.28154	0	0.36363636363636365	0.36363636363636365	0.0	0.15625	0.1875	0.2446
I14_OG004423	not significant	0.90746	0.0	0.4090909090909091	0.4545454545454546	0.0	0.375	0.375	0.035
I14_OG004424	not significant	0.17042	1.0	0.6363636363636364	0.6363636363636364	0.0	0.3125	0.3125	0.3202
I14_OG004425	not significant	0.28229	0	0.2727272727272727	0.2727272727272727	0.0	0.09375	0.125	0.2443
I14_OG004426	not significant	0.96518	0	0.22727272727272727	0.2727272727272727	0.0	0.25	0.25	-0.0268
I14_OG004428	not significant	0.81479	1	0.5454545454545454	0.5454545454545454	0.0	0.4375	0.4375	0.1062
I14_OG004429	not significant	0.40239	0.5	0.5	0.5454545454545454	0.0	0.3125	0.3125	0.1928
I14_OG004441	not significant	0.78201	1	0.5909090909090909	0.6363636363636364	0.5	0.5	0.5	0.0913
I14_OG004443	present_enriched	0.0003	1	0.9545454545454546	1.0	0.0	0.21875	0.25	0.752
I14_OG004444	not significant	0.86805	0	0.45454545454545453	0.4545454545454546	0.0	0.375	0.375	0.0795
I14_OG004445	not significant	0.35645	0.5	0.5454545454545454	0.6363636363636364	0.0	0.34375	0.375	0.2129
I14_OG004446	not significant	0.66363	0	0.2727272727272727	0.2727272727272727	0.0	0.1875	0.1875	0.1007
I14_OG004448	not significant	0.01269	1	0.6363636363636364	0.6363636363636364	0.0	0.125	0.125	0.533
I14_OG004449	not significant	0.04506	1	0.6818181818181818	0.7272727272727273	0.0	0.25	0.25	0.4374
I14_OG004450	not significant	0.40462	1	0.6363636363636364	0.6363636363636364	0.0	0.375	0.375	0.257
I14_OG004451	not significant	0.89716	0.0	0.4090909090909091	0.4545454545454546	0.0	0.4375	0.4375	-0.0288
I14_OG004452	not significant	0.68274	0	0.22727272727272727	0.2727272727272727	0.0	0.125	0.125	0.1396
I14_OG004454	not significant	0.11426	1	0.5454545454545454	0.5454545454545454	0.0	0.1875	0.1875	0.3731
I14_OG004455	not significant	0.65123	1.0	0.6363636363636364	0.6363636363636364	0.75	0.53125	0.5625	0.1065
I14_OG004457	not significant	0.6294	1	0.7272727272727273	0.7272727272727273	1.0	0.5625	0.5625	0.1677
I14_OG004458	not significant	0.46822	1.0	0.8181818181818182	0.8181818181818181	1.0	0.59375	0.625	0.2427
I14_OG004462	not significant	0.37451	1.0	0.7727272727272727	0.8181818181818181	1.0	0.5625	0.5625	0.2208
I14_OG004465	not significant	0.11168	1	0.7727272727272727	0.8181818181818181	0.0	0.375	0.375	0.3994
I14_OG004466	not significant	0.39933	0	0.2727272727272727	0.2727272727272727	0.0	0.0625	0.0625	0.2908
I14_OG004467	not significant	0.66496	0	0.2727272727272727	0.2727272727272727	0.0	0.1875	0.1875	0.1007
I14_OG004468	not significant	0.03801	0.0	0.4090909090909091	0.4545454545454546	0.0	0.03125	0.0625	0.5103
I14_OG004480	not significant	0.03201	1	0.6818181818181818	0.7272727272727273	0.0	0.25	0.3125	0.4558
I14_OG004481	not significant	0.031	1	0.6818181818181818	0.7272727272727273	0.0	0.25	0.3125	0.4558
I14_OG004483	not significant	0.05257	0.5	0.5	0.5454545454545454	0.0	0.125	0.125	0.4212
I14_OG004484	not significant	0.87402	0.5	0.5	0.5454545454545454	0.0	0.4375	0.4375	0.0628
I14_OG004485	not significant	0.27483	1.0	0.7272727272727273	0.8181818181818181	0.0	0.4375	0.4375	0.2979
I14_OG004486	not significant	0.861	0	0.36363636363636365	0.36363636363636365	0.0	0.3125	0.3125	0.0533
I14_OG004488	not significant	0.34261	1	0.5909090909090909	0.6363636363636364	0.0	0.3125	0.3125	0.282
I14_OG004489	not significant	0.41285	1.0	0.6363636363636364	0.6363636363636364	0.0	0.4375	0.4375	0.1956
I14_OG004490	not significant	0.14919	1	0.7727272727272727	0.8181818181818181	0.25	0.46875	0.5	0.3164
I14_OG004491	not significant	0.11453	1.0	0.7272727272727273	0.7272727272727273	0.0	0.375	0.375	0.3464
I14_OG004492	not significant	0.97182	1	0.6363636363636364	0.7272727272727273	1.0	0.625	0.625	0.0121
I14_OG004493	not significant	0.94825	1	0.6818181818181818	0.7272727272727273	1.0	0.65625	0.6875	0.0278
I14_OG004494	not significant	0.43196	1.0	0.9090909090909091	0.9090909090909091	1.0	0.6875	0.6875	0.2619
I14_OG004495	not significant	0.74474	0.5	0.5	0.5454545454545454	0.0	0.375	0.375	0.1266
I14_OG004496	not significant	0.82248	0	0.22727272727272727	0.2727272727272727	0.0	0.1875	0.1875	0.05
I14_OG004497	not significant	0.07751	1.0	0.8181818181818182	0.8181818181818181	0.0	0.375	0.375	0.4382
I14_OG004498	not significant	0.65909	0.0	0.4090909090909091	0.4545454545454546	0.0	0.3125	0.3125	0.1015
I14_OG004499	not significant	0.71155	0.5	0.45454545454545453	0.5454545454545454	0.0	0.375	0.375	0.0828
I14_OG004500	not significant	0.12055	1	0.6363636363636364	0.6363636363636364	0.0	0.25	0.25	0.3864
I14_OG004501	not significant	0.44091	1.0	0.5909090909090909	0.6363636363636364	0.0	0.3125	0.3125	0.282
I14_OG004502	not significant	0.54712	1.0	0.6818181818181818	0.7272727272727273	0.75	0.53125	0.5625	0.1567
I14_OG004503	not significant	0.637	1.0	0.6363636363636364	0.6363636363636364	0.0	0.4375	0.4375	0.1956
I14_OG004506	not significant	0.48726	1	0.6363636363636364	0.6363636363636364	0.25	0.46875	0.5	0.1683
I14_OG004507	not significant	0.84409	0.0	0.36363636363636365	0.4545454545454546	0.0	0.3125	0.3125	0.0557
I14_OG004508	not significant	0.74686	0	0.36363636363636365	0.36363636363636365	0.0	0.4375	0.4375	-0.0739
I14_OG004510	not significant	0.26782	0.0	0.4090909090909091	0.4545454545454546	0.0	0.1875	0.1875	0.2489
I14_OG004513	not significant	1.0	0.5	0.5	0.5454545454545454	0.5	0.5	0.5	0.0
I14_OG004514	not significant	0.71944	1.0	0.5909090909090909	0.6363636363636364	0.5	0.5	0.5625	0.095
I14_OG004516	not significant	0.25207	1.0	0.8181818181818182	0.8181818181818181	0.25	0.46875	0.5	0.3593
I14_OG004517	not significant	0.02774	1.0	0.8181818181818182	0.8181818181818181	0.0	0.3125	0.3125	0.4973
I14_OG004518	not significant	0.21663	0.0	0.45454545454545453	0.4545454545454546	0.0	0.125	0.125	0.3695
I14_OG004521	not significant	0.85775	1.0	0.6363636363636364	0.6363636363636364	1.0	0.6875	0.6875	-0.0533
I14_OG004526	not significant	0.34336	1.0	0.7272727272727273	0.7272727272727273	0.5	0.5	0.5	0.2273
I14_OG004527	not significant	0.19676	1	0.5909090909090909	0.6363636363636364	0.0	0.3125	0.3125	0.282
I14_OG004529	not significant	0.95403	0	0.36363636363636365	0.36363636363636365	0.0	0.375	0.375	-0.0116
I14_OG004530	not significant	0.33208	0	0.36363636363636365	0.36363636363636365	0.0	0.125	0.125	0.282
I14_OG004531	not significant	0.43514	0	0.2727272727272727	0.2727272727272727	0.0	0.0625	0.0625	0.2908
I14_OG004534	not significant	0.11634	0.5	0.45454545454545453	0.5454545454545454	0.0	0.125	0.125	0.3887
I14_OG004535	not significant	0.33455	1	0.8181818181818182	0.8181818181818181	0.5	0.5	0.5	0.3237
I14_OG004537	not significant	0.2451	0	0.45454545454545453	0.4545454545454546	0.0	0.1875	0.1875	0.2874
I14_OG004538	not significant	0.53708	1	0.5909090909090909	0.6363636363636364	0.0	0.4375	0.4375	0.1536
I14_OG004539	not significant	0.81376	0	0.36363636363636365	0.36363636363636365	0.0	0.3125	0.3125	0.0533
I14_OG004540	not significant	0.71562	0	0.2727272727272727	0.2727272727272727	0.0	0.1875	0.1875	0.1007
I14_OG004541	not significant	0.83828	0	0.18181818181818182	0.18181818181818177	0.0	0.25	0.25	-0.0806
I14_OG004543	not significant	0.11369	0	0.3181818181818182	0.36363636363636365	0.0	0.0625	0.0625	0.3489
I14_OG004544	not significant	0.43409	0	0.36363636363636365	0.36363636363636365	0.0	0.1875	0.1875	0.1975
I14_OG004545	not significant	0.87643	0.0	0.4090909090909091	0.4545454545454546	0.0	0.375	0.375	0.035
I14_OG004546	not significant	0.47056	0.5	0.5	0.5454545454545454	1.0	0.75	0.75	-0.2626
I14_OG004547	not significant	0.11527	0	0.18181818181818182	0.18181818181818177	0.0	0.0	0.0	0.3411
I14_OG004549	not significant	0.25767	1	0.5909090909090909	0.6363636363636364	0.0	0.3125	0.3125	0.282
I14_OG004550	not significant	0.87936	0.5	0.5	0.5454545454545454	0.25	0.46875	0.5	0.0319
I14_OG004552	not significant	0.04329	0.5	0.5	0.5454545454545454	0.0	0.0625	0.0625	0.516
I14_OG004553	not significant	0.39332	0	0.36363636363636365	0.36363636363636365	0.0	0.1875	0.1875	0.1975
I14_OG004556	not significant	0.07356	1	0.8181818181818182	0.8181818181818181	0.0	0.34375	0.375	0.4765
I14_OG004557	not significant	0.29003	1	0.6818181818181818	0.7272727272727273	0.0	0.4375	0.4375	0.2454
I14_OG004559	not significant	0.45928	0	0.18181818181818182	0.18181818181818177	0.0	0.375	0.375	-0.2079
I14_OG004562	not significant	0.87762	0.0	0.4090909090909091	0.4545454545454546	0.0	0.375	0.375	0.035
I14_OG004566	not significant	0.73661	0.0	0.4090909090909091	0.4545454545454546	0.0	0.25	0.25	0.172
I14_OG004567	not significant	0.33102	1	0.6818181818181818	0.7272727272727273	0.0	0.375	0.375	0.3073
I14_OG004576	not significant	0.57306	0	0.09090909090909091	0.09090909090909094	0.0	0.1875	0.1875	-0.1336
I14_OG004580	not significant	0.61616	0	0.36363636363636365	0.36363636363636365	0.0	0.1875	0.1875	0.1975
I14_OG004581	not significant	0.57269	1	0.8636363636363636	0.9090909090909091	1.0	0.6875	0.6875	0.2078
I14_OG004582	not significant	0.01933	1	0.7727272727272727	0.8181818181818181	0.0	0.25	0.25	0.525
I14_OG004583	not significant	0.49987	1.0	0.7272727272727273	0.7272727272727273	0.5	0.5	0.5	0.2273
I14_OG004585	not significant	0.47159	0	0.3181818181818182	0.36363636363636365	0.0	0.125	0.125	0.2427
I14_OG004586	not significant	0.46987	0.5	0.5	0.5454545454545454	0.0	0.34375	0.375	0.1626
I14_OG004587	not significant	0.23746	0	0.36363636363636365	0.36363636363636365	1.0	0.625	0.625	-0.257
I14_OG004588	not significant	0.87575	0.0	0.4090909090909091	0.4545454545454546	0.0	0.375	0.375	0.035
I14_OG004589	not significant	0.4888	1.0	0.5909090909090909	0.6363636363636364	0.0	0.4375	0.4375	0.1536
I14_OG004590	not significant	0.17803	1	0.9545454545454546	1.0	1.0	0.625	0.625	0.3887
I14_OG004591	not significant	0.58266	0	0.4090909090909091	0.4545454545454546	1.0	0.5625	0.5625	-0.1536
I14_OG004592	not significant	0.45145	1	0.5454545454545454	0.5454545454545454	0.0	0.3125	0.3125	0.233
I14_OG004595	not significant	0.08179	1	0.6363636363636364	0.6363636363636364	0.0	0.25	0.25	0.3864
I14_OG004596	not significant	0.87887	1.0	0.5454545454545454	0.5454545454545454	0.5	0.5	0.5	0.0447
I14_OG004597	not significant	0.14598	0.0	0.4090909090909091	0.4545454545454546	0.0	0.125	0.125	0.3351
I14_OG004598	not significant	0.39092	1	0.6363636363636364	0.6363636363636364	0.0	0.375	0.375	0.257
I14_OG004599	not significant	0.79804	0	0.36363636363636365	0.36363636363636365	0.0	0.25	0.25	0.1223
I14_OG004600	not significant	0.51787	0.0	0.36363636363636365	0.4545454545454546	0.5	0.5	0.5	-0.1402
I14_OG004602	not significant	0.99002	0	0.3181818181818182	0.36363636363636365	0.0	0.3125	0.3125	0.0061
I14_OG004603	not significant	0.92366	0	0.18181818181818182	0.18181818181818177	0.0	0.15625	0.1875	0.0349
I14_OG004604	not significant	0.094	1	0.9090909090909091	0.9090909090909091	0.5	0.5	0.5	0.4264
I14_OG004605	not significant	0.39464	0	0.2727272727272727	0.36363636363636365	0.0	0.125	0.125	0.1995
I14_OG004607	not significant	0.5202	1.0	0.5909090909090909	0.6363636363636364	0.0	0.4375	0.4375	0.1536
I14_OG004608	not significant	0.74653	0	0.3181818181818182	0.36363636363636365	0.0	0.25	0.25	0.0766
I14_OG004609	not significant	0.894	0	0.045454545454545456	0.09090909090909094	0.0	0.0625	0.0625	-0.0403
I14_OG004610	not significant	0.68535	1.0	0.7272727272727273	0.7272727272727273	1.0	0.5625	0.5625	0.1677
I14_OG004613	not significant	0.14341	1.0	0.6363636363636364	0.6363636363636364	0.0	0.3125	0.3125	0.3202
I14_OG004614	not significant	0.83948	0	0.36363636363636365	0.36363636363636365	0.0	0.3125	0.3125	0.0533
I14_OG004615	not significant	0.57738	0	0.3181818181818182	0.36363636363636365	0.0	0.4375	0.4375	-0.1227
I14_OG004619	not significant	0.92519	1	0.7272727272727273	0.7272727272727273	1.0	0.6875	0.75	0.0448
I14_OG004620	not significant	0.16086	0	0.13636363636363635	0.18181818181818177	0.0	0.0	0.0	0.3223
I14_OG004625	not significant	0.91739	0	0.13636363636363635	0.18181818181818177	0.0	0.1875	0.1875	-0.0698
I14_OG004631	not significant	0.35291	1	0.5909090909090909	0.6363636363636364	0.0	0.375	0.375	0.2168
I14_OG004633	not significant	0.91841	0	0.2727272727272727	0.2727272727272727	0.0	0.25	0.25	0.0255
I14_OG004634	not significant	0.84756	0	0.45454545454545453	0.4545454545454546	0.5	0.5	0.5	-0.0447
I14_OG004635	not significant	0.65241	0.0	0.4090909090909091	0.4545454545454546	0.0	0.3125	0.3125	0.1015
I14_OG004636	not significant	0.66349	1	1.0	1.0	1.0	0.9375	0.9375	0.1626
I14_OG004639	not significant	0.88206	0	0.4090909090909091	0.4545454545454546	0.0	0.375	0.375	0.035
I14_OG004640	not significant	0.96725	0	0.45454545454545453	0.4545454545454546	0.0	0.4375	0.4375	0.0169
I14_OG004641	not significant	0.76183	1.0	0.7272727272727273	0.7272727272727273	1.0	0.625	0.625	0.1066
I14_OG004642	not significant	0.1573	1.0	0.7727272727272727	0.8181818181818181	0.0	0.4375	0.4375	0.3396
I14_OG004643	not significant	0.24174	1	0.5909090909090909	0.6363636363636364	0.0	0.34375	0.375	0.2541
I14_OG004644	not significant	0.01514	1.0	0.5454545454545454	0.5454545454545454	0.0	0.0625	0.0625	0.5415
I14_OG004645	not significant	0.97518	0	0.18181818181818182	0.18181818181818177	0.0	0.1875	0.1875	-0.0072
I14_OG004646	not significant	0.85737	0	0.22727272727272727	0.2727272727272727	0.0	0.1875	0.1875	0.05
I14_OG004647	not significant	0.43583	0	0.2727272727272727	0.36363636363636365	0.0	0.4375	0.4375	-0.1747
I14_OG004648	not significant	0.49674	1.0	0.9090909090909091	0.9090909090909091	1.0	0.71875	0.75	0.2391
I14_OG004650	not significant	0.98595	1	0.8181818181818182	0.8181818181818181	1.0	0.8125	0.8125	0.0072
I14_OG004651	not significant	0.85036	0	0.22727272727272727	0.2727272727272727	0.0	0.1875	0.1875	0.05
I14_OG004652	not significant	0.91389	0.0	0.45454545454545453	0.4545454545454546	0.5	0.5	0.5	-0.0447
I14_OG004654	not significant	0.48466	1	0.5909090909090909	0.6363636363636364	0.0	0.4375	0.4375	0.1536
I14_OG004655	not significant	0.12056	0.0	0.45454545454545453	0.4545454545454546	0.0	0.15625	0.1875	0.3351
I14_OG004656	not significant	0.50612	0.0	0.45454545454545453	0.4545454545454546	0.0	0.3125	0.3125	0.1445
I14_OG004657	not significant	0.83657	0.5	0.5454545454545454	0.6363636363636364	0.5	0.5	0.5	0.0465
I14_OG004658	not significant	0.7445	0.5	0.5	0.5454545454545454	0.0	0.375	0.375	0.1266
I14_OG004659	not significant	0.84776	0	0.09090909090909091	0.09090909090909094	0.0	0.0625	0.0625	0.0533
I14_OG004660	not significant	0.89048	0.5	0.5	0.5454545454545454	0.0	0.4375	0.4375	0.0628
I14_OG004661	not significant	0.92463	0	0.45454545454545453	0.4545454545454546	0.5	0.5	0.5	-0.0447
I14_OG004662	not significant	0.97411	0	0.18181818181818182	0.18181818181818177	0.0	0.1875	0.1875	-0.0072
I14_OG004664	not significant	0.95451	1.0	0.5909090909090909	0.6363636363636364	1.0	0.5625	0.5625	0.0288
I14_OG004666	not significant	0.79579	0	0.3181818181818182	0.36363636363636365	0.0	0.375	0.375	-0.0597
I14_OG004667	not significant	0.14313	1.0	0.6363636363636364	0.6363636363636364	0.0	0.3125	0.3125	0.3202
I14_OG004669	not significant	0.9873	0	0.3181818181818182	0.36363636363636365	0.0	0.3125	0.3125	0.0061
I14_OG004671	not significant	0.77609	0	0.22727272727272727	0.2727272727272727	0.0	0.28125	0.3125	-0.0637
I14_OG004672	not significant	0.66597	0.5	0.5	0.5454545454545454	0.0	0.3125	0.3125	0.1928
I14_OG004673	not significant	0.67613	0.0	0.4090909090909091	0.4545454545454546	0.0	0.3125	0.3125	0.1015
I14_OG004674	not significant	0.73284	0.0	0.4090909090909091	0.4545454545454546	0.5	0.5	0.5	-0.0913
I14_OG004677	not significant	0.24477	1	0.5454545454545454	0.5454545454545454	0.0	0.25	0.25	0.3006
I14_OG004678	not significant	0.92858	0	0.22727272727272727	0.2727272727272727	0.0	0.1875	0.1875	0.05
I14_OG004685	not significant	0.2496	1	0.5909090909090909	0.6363636363636364	0.0	0.25	0.25	0.3505
I14_OG004693	not significant	0.22126	0.5	0.5454545454545454	0.6363636363636364	0.0	0.21875	0.25	0.3587
I14_OG004694	not significant	0.17412	0	0.45454545454545453	0.4545454545454546	0.0	0.1875	0.1875	0.2874
I14_OG004695	not significant	0.758	0	0.2727272727272727	0.36363636363636365	0.0	0.1875	0.1875	0.1066
I14_OG004696	not significant	0.33867	1	0.9545454545454546	1.0	1.0	0.75	0.75	0.2791
I14_OG004697	not significant	0.37296	1	0.8181818181818182	0.8181818181818181	0.75	0.53125	0.5625	0.3014
I14_OG004699	not significant	0.19979	1	0.7272727272727273	0.7272727272727273	0.0	0.34375	0.375	0.3841
I14_OG004701	not significant	0.50238	0	0.3181818181818182	0.36363636363636365	0.0	0.1875	0.1875	0.1541
I14_OG004702	not significant	0.41632	0	0.2727272727272727	0.2727272727272727	0.0	0.125	0.125	0.1869
I14_OG004704	not significant	0.81035	0	0.09090909090909091	0.09090909090909094	0.0	0.125	0.125	-0.0533
I14_OG004705	not significant	0.73146	0.0	0.36363636363636365	0.4545454545454546	0.0	0.4375	0.4375	-0.0769
I14_OG004706	not significant	0.88636	0.5	0.5	0.5454545454545454	0.0	0.4375	0.4375	0.0628
I14_OG004708	not significant	0.89169	0.0	0.4090909090909091	0.4545454545454546	0.0	0.4375	0.4375	-0.0288
I14_OG004709	not significant	0.80935	0	0.09090909090909091	0.09090909090909094	0.0	0.125	0.125	-0.0533
I14_OG004711	not significant	0.25852	1	0.6363636363636364	0.6363636363636364	0.0	0.375	0.375	0.257
I14_OG004712	not significant	0.06746	0.5	0.5	0.5454545454545454	0.0	0.125	0.125	0.4212
I14_OG004713	not significant	1.0	0.5	0.5	0.5454545454545454	0.5	0.5	0.5	0.0
I14_OG004714	not significant	0.05039	1	0.6363636363636364	0.6363636363636364	0.0	0.1875	0.1875	0.4567
I14_OG004715	not significant	0.31262	1	0.6363636363636364	0.7272727272727273	0.0	0.375	0.375	0.2671
I14_OG004716	not significant	0.61538	1	0.7272727272727273	0.7272727272727273	1.0	0.5625	0.5625	0.1677
I14_OG004719	not significant	0.97899	0	0.36363636363636365	0.36363636363636365	0.0	0.375	0.375	-0.0116
I14_OG004722	not significant	0.87268	0.0	0.4090909090909091	0.4545454545454546	0.0	0.375	0.375	0.035
I14_OG004726	not significant	0.76628	0.5	0.5	0.5454545454545454	1.0	0.625	0.625	-0.1266
I14_OG004728	not significant	0.43226	0.0	0.4090909090909091	0.4545454545454546	0.0	0.1875	0.1875	0.2489
I14_OG004730	not significant	0.87252	0	0.13636363636363635	0.18181818181818177	0.0	0.1875	0.1875	-0.0698
I14_OG004731	not significant	0.17006	1.0	0.5454545454545454	0.5454545454545454	0.0	0.25	0.25	0.3006
I14_OG004733	not significant	0.88806	1.0	0.6363636363636364	0.6363636363636364	1.0	0.5625	0.5625	0.0739
I14_OG004734	not significant	0.7989	0.0	0.45454545454545453	0.4545454545454546	0.0	0.3125	0.3125	0.1445
I14_OG004744	not significant	0.07909	1	0.6363636363636364	0.6363636363636364	0.0	0.28125	0.3125	0.3597
I14_OG004745	not significant	0.28304	1	0.7272727272727273	0.8181818181818181	0.0	0.4375	0.4375	0.2979
I14_OG004747	not significant	0.80599	0	0.09090909090909091	0.09090909090909094	0.0	0.0625	0.0625	0.0533
I14_OG004751	not significant	0.1788	1.0	0.6818181818181818	0.7272727272727273	0.0	0.40625	0.4375	0.2816
I14_OG004753	not significant	0.93468	0	0.13636363636363635	0.18181818181818177	0.0	0.125	0.125	0.0174
I14_OG004755	not significant	0.01458	1	0.7272727272727273	0.8181818181818181	0.0	0.25	0.25	0.4907
I14_OG004756	not significant	0.37911	0	0.2727272727272727	0.2727272727272727	0.0	0.0625	0.0625	0.2908
I14_OG004757	not significant	0.25192	1.0	0.6818181818181818	0.7272727272727273	0.0	0.4375	0.4375	0.2454
I14_OG004758	not significant	0.98491	0	0.3181818181818182	0.36363636363636365	0.0	0.3125	0.3125	0.0061
I14_OG004761	not significant	0.50573	1.0	0.5454545454545454	0.5454545454545454	0.0	0.40625	0.4375	0.1398
I14_OG004763	not significant	0.47599	1	0.5909090909090909	0.6363636363636364	0.0	0.4375	0.4375	0.1536
I14_OG004764	not significant	0.66511	0.0	0.4090909090909091	0.4545454545454546	0.0	0.3125	0.3125	0.1015
I14_OG004765	not significant	0.58589	0	0.0	0.0	0.0	0.0625	0.0625	-0.1626
I14_OG004766	not significant	0.77073	1.0	0.5909090909090909	0.6363636363636364	0.0	0.4375	0.4375	0.1536
I14_OG004767	not significant	0.45374	0	0.0	0.0	0.0	0.0625	0.0625	-0.1626
I14_OG004768	not significant	0.83598	0	0.36363636363636365	0.36363636363636365	0.0	0.3125	0.3125	0.0533
I14_OG004769	not significant	0.57228	1	0.7727272727272727	0.8181818181818181	1.0	0.59375	0.625	0.1948
I14_OG004771	not significant	0.78098	1	0.6818181818181818	0.7272727272727273	1.0	0.59375	0.625	0.0934
I14_OG004773	not significant	0.25326	0	0.3181818181818182	0.36363636363636365	0.0	0.125	0.125	0.2427
I14_OG004774	not significant	0.23429	0	0.4090909090909091	0.4545454545454546	0.0	0.125	0.125	0.3351
I14_OG004775	not significant	0.18135	0	0.36363636363636365	0.36363636363636365	0.0	0.125	0.125	0.282
I14_OG004776	not significant	0.2072	0.5	0.5	0.5454545454545454	0.0	0.25	0.25	0.2626
I14_OG004777	not significant	0.53209	1	0.7272727272727273	0.8181818181818181	1.0	0.5625	0.5625	0.1747
I14_OG004778	not significant	0.01398	1	0.6818181818181818	0.7272727272727273	0.0	0.1875	0.1875	0.5082
I14_OG004780	not significant	0.50271	1	0.5454545454545454	0.5454545454545454	1.0	0.75	0.75	-0.2132
I14_OG004781	not significant	0.37325	0	0.18181818181818182	0.18181818181818177	0.0	0.0625	0.0625	0.1866
I14_OG004782	not significant	0.86878	0.0	0.45454545454545453	0.4545454545454546	0.5	0.5	0.5	-0.0447
I14_OG004783	not significant	0.01635	0	0.3181818181818182	0.36363636363636365	0.0	0.0	0.0	0.4858
I14_OG004785	not significant	0.5372	0	0.4090909090909091	0.4545454545454546	0.0	0.1875	0.1875	0.2489
I14_OG004787	not significant	0.93071	0	0.2727272727272727	0.2727272727272727	0.0	0.25	0.25	0.0255
I14_OG004788	not significant	0.88032	0	0.22727272727272727	0.2727272727272727	0.0	0.1875	0.1875	0.05
I14_OG004789	not significant	0.26481	0	0.36363636363636365	0.36363636363636365	0.0	0.09375	0.125	0.3391
I14_OG004793	not significant	0.7413	0	0.18181818181818182	0.18181818181818177	0.0	0.25	0.25	-0.0806
I14_OG004797	not significant	0.81858	0	0.09090909090909091	0.09090909090909094	0.0	0.125	0.125	-0.0533
I14_OG004801	present_enriched	0.0063	1	1.0	1.0	1.0	0.875	0.875	0.2345
I14_OG004809	not significant	0.63773	0	0.2727272727272727	0.2727272727272727	0.0	0.1875	0.1875	0.1007
I14_OG004810	not significant	0.62732	0.0	0.4090909090909091	0.4545454545454546	0.0	0.3125	0.3125	0.1015
I14_OG004811	not significant	0.48057	0.5	0.5	0.5454545454545454	0.0	0.25	0.25	0.2626
I14_OG004812	not significant	0.99967	0.0	0.4090909090909091	0.4545454545454546	0.0	0.40625	0.4375	0.003
I14_OG004813	not significant	0.32258	1	0.6818181818181818	0.7272727272727273	0.0	0.375	0.375	0.3073
I14_OG004814	not significant	0.31715	0	0.45454545454545453	0.4545454545454546	0.0	0.25	0.25	0.2132
I14_OG004815	not significant	0.2616	1	0.5454545454545454	0.5454545454545454	0.0	0.3125	0.3125	0.233
I14_OG004816	not significant	0.23609	1.0	0.6818181818181818	0.7272727272727273	0.0	0.4375	0.4375	0.2454
I14_OG004817	not significant	0.11218	1.0	0.8181818181818182	0.8181818181818181	0.0	0.375	0.375	0.4382
I14_OG004818	not significant	0.87342	0.0	0.4090909090909091	0.4545454545454546	0.0	0.375	0.375	0.035
I14_OG004820	not significant	0.02238	1.0	0.6818181818181818	0.7272727272727273	0.0	0.1875	0.1875	0.5082
I14_OG004821	not significant	0.94741	0	0.36363636363636365	0.36363636363636365	0.0	0.375	0.375	-0.0116
I14_OG004822	not significant	0.46801	1	0.5909090909090909	0.6363636363636364	0.0	0.4375	0.4375	0.1536
I14_OG004823	not significant	0.71681	1	0.5454545454545454	0.5454545454545454	0.0	0.375	0.375	0.1685
I14_OG004824	not significant	0.62202	0.0	0.45454545454545453	0.4545454545454546	0.0	0.34375	0.375	0.1139
I14_OG004825	not significant	0.79891	0.5	0.5	0.5454545454545454	1.0	0.5625	0.5625	-0.0628
I14_OG004826	not significant	0.44886	1	0.5909090909090909	0.6363636363636364	0.0	0.3125	0.3125	0.282
I14_OG004827	not significant	0.1647	1.0	0.6363636363636364	0.6363636363636364	0.0	0.34375	0.375	0.2939
I14_OG004828	not significant	0.76689	0	0.045454545454545456	0.09090909090909094	0.0	0.125	0.125	-0.1429
I14_OG004830	not significant	0.02714	0	0.36363636363636365	0.36363636363636365	0.0	0.03125	0.0625	0.4536
I14_OG004831	not significant	0.14833	1	0.5454545454545454	0.5454545454545454	0.0	0.25	0.25	0.3006
I14_OG004832	not significant	0.86301	1	0.8181818181818182	0.8181818181818181	1.0	0.875	0.875	-0.0786
I14_OG004834	not significant	0.64314	0.5	0.5454545454545454	0.6363636363636364	0.0	0.375	0.375	0.1752
I14_OG004835	not significant	0.28938	1	0.6818181818181818	0.7272727272727273	0.0	0.375	0.375	0.3073
I14_OG004836	not significant	0.05246	1.0	0.6363636363636364	0.6363636363636364	0.0	0.21875	0.25	0.4294
I14_OG004837	not significant	0.8665	1	0.6363636363636364	0.6363636363636364	1.0	0.6875	0.6875	-0.0533
I14_OG004838	not significant	0.91699	0	0.2727272727272727	0.2727272727272727	0.0	0.25	0.25	0.0255
I14_OG004839	not significant	0.95071	1	0.5454545454545454	0.5454545454545454	1.0	0.5625	0.5625	-0.0169
I14_OG004840	not significant	0.22352	1	0.9090909090909091	0.9090909090909091	1.0	0.5625	0.5625	0.373
I14_OG004841	not significant	0.16212	0.0	0.4090909090909091	0.4545454545454546	0.0	0.15625	0.1875	0.2982
I14_OG004842	not significant	0.47281	0	0.09090909090909091	0.09090909090909094	0.0	0.3125	0.3125	-0.2619
I14_OG004845	not significant	0.16592	0	0.2727272727272727	0.2727272727272727	0.0	0.0625	0.0625	0.2908
I14_OG004847	not significant	0.33832	0	0.3181818181818182	0.36363636363636365	0.0	0.15625	0.1875	0.2025
I14_OG004849	not significant	0.66721	0.0	0.4090909090909091	0.4545454545454546	0.5	0.5	0.5	-0.0913
I14_OG004850	not significant	0.11341	1	0.5909090909090909	0.6363636363636364	0.0	0.25	0.25	0.3505
I14_OG004851	not significant	0.23585	0.0	0.4090909090909091	0.4545454545454546	0.0	0.1875	0.1875	0.2489
I14_OG004852	not significant	0.47162	1	0.5909090909090909	0.6363636363636364	0.0	0.4375	0.4375	0.1536
I14_OG004853	not significant	0.47839	0	0.2727272727272727	0.2727272727272727	0.0	0.125	0.125	0.1869
I14_OG004854	not significant	0.35371	0	0.36363636363636365	0.36363636363636365	0.0	0.1875	0.1875	0.1975
I14_OG004856	not significant	0.21702	1	0.8181818181818182	0.9090909090909091	0.5	0.5	0.5	0.3374
I14_OG004859	not significant	0.76478	0.5	0.5	0.5454545454545454	0.75	0.5625	0.625	-0.0653
I14_OG004860	not significant	0.12728	1	0.5909090909090909	0.6363636363636364	0.0	0.28125	0.3125	0.3223
I14_OG004869	not significant	0.95091	1	0.6363636363636364	0.7272727272727273	1.0	0.59375	0.625	0.0457
I14_OG004870	not significant	0.26328	1.0	0.7272727272727273	0.7272727272727273	0.25	0.46875	0.5	0.2619
I14_OG004871	not significant	0.20471	1	0.8181818181818182	0.8181818181818181	0.0	0.4375	0.4375	0.3807
I14_OG004874	not significant	0.20741	0.5	0.45454545454545453	0.5454545454545454	0.0	0.21875	0.25	0.2673
I14_OG004875	present_enriched	0.00408	1	0.5909090909090909	0.6363636363636364	0.0	0.09375	0.125	0.5604
I14_OG004876	not significant	0.10761	0	0.4090909090909091	0.4545454545454546	0.0	0.125	0.125	0.3351
I14_OG004877	not significant	0.84271	1.0	0.7272727272727273	0.7272727272727273	1.0	0.6875	0.6875	0.0428
I14_OG004878	not significant	0.99526	0	0.3181818181818182	0.36363636363636365	0.0	0.3125	0.3125	0.0061
I14_OG004879	not significant	0.62163	0	0.2727272727272727	0.2727272727272727	0.0	0.375	0.4375	-0.1113
I14_OG004880	not significant	0.38251	0.5	0.5	0.5454545454545454	0.0	0.3125	0.3125	0.1928
I14_OG004882	not significant	0.21722	1.0	0.6363636363636364	0.6363636363636364	0.0	0.375	0.375	0.257
I14_OG004884	not significant	0.63402	0	0.2727272727272727	0.2727272727272727	0.0	0.1875	0.1875	0.1007
I14_OG004885	not significant	0.41203	1.0	0.6818181818181818	0.7272727272727273	0.25	0.46875	0.5	0.2191
I14_OG004886	not significant	0.72991	0.5	0.45454545454545453	0.5454545454545454	0.0	0.3125	0.3125	0.1506
I14_OG004887	not significant	0.16285	0	0.2727272727272727	0.2727272727272727	0.0	0.0625	0.0625	0.2908
I14_OG004890	not significant	0.74767	0	0.18181818181818182	0.18181818181818177	0.0	0.125	0.125	0.0786
I14_OG004891	present_enriched	0.0	1	1.0	1.0	0.0	0.0625	0.0625	0.927
I14_OG004894	not significant	0.89786	0.0	0.4090909090909091	0.4545454545454546	0.0	0.375	0.375	0.035
I14_OG004895	not significant	0.54826	1	0.7727272727272727	0.8181818181818181	1.0	0.5625	0.5625	0.2208
I14_OG004896	not significant	0.8774	0.0	0.4090909090909091	0.4545454545454546	0.0	0.4375	0.4375	-0.0288
I14_OG004897	not significant	0.2258	0	0.22727272727272727	0.2727272727272727	0.0	0.0625	0.0625	0.2516
I14_OG004898	not significant	0.51963	0.5	0.5	0.5454545454545454	0.0	0.3125	0.3125	0.1928
I14_OG004899	not significant	0.19836	1	0.5454545454545454	0.5454545454545454	0.0	0.28125	0.3125	0.2716
I14_OG004900	not significant	0.86433	0.0	0.4090909090909091	0.4545454545454546	0.0	0.34375	0.375	0.0693
I14_OG004904	not significant	0.34102	0	0.09090909090909091	0.09090909090909094	0.0	0.0	0.0	0.2365
I14_OG004905	not significant	0.42046	1.0	0.6363636363636364	0.6363636363636364	0.0	0.375	0.375	0.257
I14_OG004906	not significant	0.6693	0	0.3181818181818182	0.36363636363636365	0.0	0.1875	0.1875	0.1541
I14_OG004907	not significant	0.01444	0	0.3181818181818182	0.36363636363636365	0.0	0.0	0.0	0.4858
I14_OG004914	not significant	0.4366	0.5	0.5	0.5454545454545454	0.0	0.34375	0.375	0.1626
I14_OG004915	not significant	0.31641	1.0	0.8181818181818182	0.9090909090909091	0.75	0.53125	0.5625	0.315
I14_OG004916	not significant	0.50636	0	0.13636363636363635	0.18181818181818177	0.0	0.25	0.3125	-0.1523
I14_OG004918	not significant	0.94207	1	0.5909090909090909	0.6363636363636364	1.0	0.625	0.625	-0.035
I14_OG004919	not significant	0.2701	1	0.6363636363636364	0.6363636363636364	0.0	0.375	0.375	0.257
I14_OG004921	not significant	0.08127	1.0	0.7272727272727273	0.7272727272727273	0.0	0.34375	0.375	0.3841
I14_OG004922	not significant	0.21271	1.0	0.6363636363636364	0.6363636363636364	0.0	0.375	0.375	0.257
I14_OG004923	not significant	0.51023	0.5	0.5	0.5454545454545454	0.0	0.3125	0.3125	0.1928
I14_OG004924	not significant	0.36434	0	0.18181818181818182	0.18181818181818177	0.0	0.0625	0.0625	0.1866
I14_OG004925	not significant	0.20203	1	1.0	1.0	1.0	0.71875	0.75	0.3838
I14_OG004926	not significant	0.62154	1	0.8181818181818182	0.8181818181818181	1.0	0.625	0.625	0.2079
I14_OG004927	not significant	0.55057	0	0.2727272727272727	0.2727272727272727	0.0	0.40625	0.4375	-0.1403
I14_OG004928	not significant	0.77574	0	0.2727272727272727	0.2727272727272727	0.0	0.1875	0.1875	0.1007
I14_OG004929	not significant	0.17675	0	0.22727272727272727	0.2727272727272727	0.5	0.5	0.5	-0.2804
I14_OG004932	not significant	0.86433	0.0	0.4090909090909091	0.4545454545454546	0.0	0.375	0.375	0.035
I14_OG004933	not significant	0.52018	1	0.7272727272727273	0.7272727272727273	0.5	0.5	0.5	0.2273
I14_OG004934	not significant	0.0109	0	0.36363636363636365	0.36363636363636365	0.0	0.0	0.0	0.503
I14_OG004936	not significant	0.2744	0.5	0.5	0.5454545454545454	0.0	0.1875	0.1875	0.3379
I14_OG004938	not significant	0.59573	0	0.3181818181818182	0.36363636363636365	0.5	0.5	0.5	-0.1842
I14_OG004941	not significant	0.92564	0.0	0.4090909090909091	0.4545454545454546	0.0	0.375	0.375	0.035
I14_OG004942	not significant	0.41034	1.0	0.5454545454545454	0.5454545454545454	0.0	0.375	0.375	0.1685
I14_OG004943	not significant	0.86887	0.5	0.5	0.5454545454545454	0.0	0.4375	0.4375	0.0628
I14_OG004944	not significant	0.1459	1	0.6818181818181818	0.7272727272727273	1.0	0.625	0.625	0.0597
I14_OG004949	not significant	0.86281	0.0	0.4090909090909091	0.4545454545454546	0.0	0.375	0.375	0.035
I14_OG004950	not significant	0.61823	0.0	0.4090909090909091	0.4545454545454546	0.0	0.3125	0.3125	0.1015
I14_OG004952	not significant	0.37502	0	0.2727272727272727	0.2727272727272727	0.0	0.0625	0.0625	0.2908
I14_OG004954	not significant	0.81488	0	0.09090909090909091	0.09090909090909094	0.0	0.0625	0.0625	0.0533
I14_OG004955	not significant	0.08755	1	0.5909090909090909	0.6363636363636364	0.0	0.25	0.25	0.3505
I14_OG004956	not significant	0.62578	0	0.2727272727272727	0.2727272727272727	0.0	0.125	0.125	0.1869
I14_OG004958	present_enriched	0.00173	1.0	0.7272727272727273	0.7272727272727273	0.0	0.125	0.125	0.6128
I14_OG004959	not significant	0.69803	0	0.18181818181818182	0.18181818181818177	0.0	0.25	0.25	-0.0806
I14_OG004962	not significant	0.84207	0.0	0.4090909090909091	0.4545454545454546	0.0	0.3125	0.3125	0.1015
I14_OG004971	not significant	0.1615	0.5	0.5454545454545454	0.6363636363636364	0.0	0.21875	0.25	0.3587
I14_OG004972	not significant	0.9746	1.0	0.7272727272727273	0.7272727272727273	1.0	0.71875	0.75	0.0096
I14_OG004975	present_enriched	0.00534	1	0.8181818181818182	0.8181818181818181	0.0	0.1875	0.1875	0.6236
I14_OG004977	not significant	0.97394	0	0.18181818181818182	0.18181818181818177	0.0	0.1875	0.1875	-0.0072
I14_OG004979	not significant	0.33085	0	0.22727272727272727	0.2727272727272727	0.0	0.09375	0.125	0.1999
I14_OG004980	not significant	0.02812	1	0.8636363636363636	0.9090909090909091	0.0	0.3125	0.3125	0.5535
I14_OG004981	not significant	0.5259	0	0.3181818181818182	0.36363636363636365	0.0	0.125	0.125	0.2427
I14_OG004982	not significant	0.68755	0.0	0.4090909090909091	0.4545454545454546	0.5	0.5	0.5	-0.0913
I14_OG004983	not significant	0.93639	0.0	0.45454545454545453	0.4545454545454546	0.0	0.4375	0.4375	0.0169
I14_OG004984	not significant	0.23617	1	0.5454545454545454	0.5454545454545454	0.0	0.28125	0.3125	0.2716
I14_OG004985	not significant	0.62857	0	0.2727272727272727	0.2727272727272727	0.0	0.1875	0.1875	0.1007
I14_OG004986	not significant	0.12552	1	0.6818181818181818	0.7272727272727273	0.0	0.375	0.375	0.3073
I14_OG004987	not significant	0.86787	1	0.5454545454545454	0.5454545454545454	0.5	0.5	0.5	0.0447
I14_OG004988	not significant	0.43464	0	0.22727272727272727	0.2727272727272727	0.0	0.375	0.375	-0.1598
I14_OG004989	not significant	0.73666	1.0	0.6363636363636364	0.6363636363636364	0.5	0.5	0.5	0.1348
I14_OG004991	not significant	0.41076	1.0	0.7272727272727273	0.7272727272727273	0.5	0.5	0.5	0.2273
I14_OG004994	not significant	0.94271	0.0	0.4090909090909091	0.4545454545454546	0.0	0.375	0.375	0.035
I14_OG004995	not significant	0.88313	0.0	0.4090909090909091	0.4545454545454546	0.0	0.4375	0.4375	-0.0288
I14_OG004996	not significant	0.55988	0	0.36363636363636365	0.36363636363636365	0.0	0.25	0.25	0.1223
I14_OG004999	not significant	0.4007	1	0.5454545454545454	0.5454545454545454	0.0	0.25	0.25	0.3006
I14_OG005004	not significant	0.867	0.0	0.4090909090909091	0.4545454545454546	0.0	0.375	0.375	0.035
I14_OG005005	not significant	0.41944	1.0	0.5454545454545454	0.5454545454545454	0.0	0.375	0.375	0.1685
I14_OG005006	not significant	0.16283	0	0.36363636363636365	0.36363636363636365	0.0	0.0625	0.0625	0.3809
I14_OG005013	not significant	0.04972	1	0.7272727272727273	0.7272727272727273	0.0	0.34375	0.375	0.3841
I14_OG005015	not significant	0.39958	1	0.6363636363636364	0.6363636363636364	0.0	0.4375	0.4375	0.1956
I14_OG005016	not significant	0.29374	0	0.45454545454545453	0.4545454545454546	0.0	0.25	0.25	0.2132
I14_OG005018	not significant	0.35388	0	0.3181818181818182	0.36363636363636365	0.5	0.5	0.5	-0.1842
I14_OG005019	not significant	0.05818	1	0.8636363636363636	1.0	0.0	0.40625	0.4375	0.4971
I14_OG005020	not significant	0.6688	0.0	0.4090909090909091	0.4545454545454546	0.0	0.3125	0.3125	0.1015
I14_OG005021	not significant	0.72839	1.0	0.5909090909090909	0.6363636363636364	0.5	0.5	0.5	0.0913
I14_OG005023	not significant	0.40154	0.0	0.45454545454545453	0.4545454545454546	0.0	0.1875	0.1875	0.2874
I14_OG005024	not significant	0.75497	0	0.45454545454545453	0.4545454545454546	0.0	0.375	0.375	0.0795
I14_OG005026	not significant	0.44319	1	0.6363636363636364	0.6363636363636364	0.0	0.4375	0.4375	0.1956
I14_OG005027	not significant	0.1185	1.0	0.6818181818181818	0.7272727272727273	0.0	0.375	0.375	0.3073
I14_OG005029	not significant	0.77747	1	0.7272727272727273	0.7272727272727273	1.0	0.625	0.625	0.1066
I14_OG005030	not significant	0.90149	1.0	0.5454545454545454	0.5454545454545454	0.5	0.5	0.5	0.0447
I14_OG005036	not significant	0.77393	0	0.3181818181818182	0.36363636363636365	0.0	0.375	0.375	-0.0597
I14_OG005037	not significant	0.97851	1.0	0.6363636363636364	0.6363636363636364	1.0	0.625	0.625	0.0116
I14_OG005040	not significant	0.94867	1	0.6363636363636364	0.6363636363636364	1.0	0.625	0.625	0.0116
I14_OG005041	not significant	0.46031	1.0	0.8181818181818182	0.8181818181818181	1.0	0.5625	0.5625	0.2665
I14_OG005046	not significant	0.96401	0	0.36363636363636365	0.36363636363636365	0.0	0.375	0.375	-0.0116
I14_OG005047	not significant	0.16974	1.0	0.7727272727272727	0.8181818181818181	0.0	0.375	0.375	0.3994
I14_OG005049	not significant	0.01898	1	0.6363636363636364	0.6363636363636364	0.0	0.1875	0.1875	0.4567
I14_OG005060	not significant	0.27189	1	0.5909090909090909	0.6363636363636364	0.0	0.375	0.375	0.2168
I14_OG005061	not significant	0.64095	0.5	0.5	0.5454545454545454	0.0	0.375	0.375	0.1266
I14_OG005063	not significant	0.7061	1	0.5454545454545454	0.5454545454545454	0.25	0.46875	0.5	0.0768
I14_OG005064	not significant	0.56885	0.5	0.5	0.5454545454545454	0.0	0.375	0.375	0.1266
I14_OG005065	not significant	0.7472	1	0.8181818181818182	0.8181818181818181	1.0	0.6875	0.6875	0.1465
I14_OG005066	not significant	0.34082	1.0	0.6363636363636364	0.6363636363636364	0.0	0.4375	0.4375	0.1956
I14_OG005067	not significant	0.8714	0.0	0.45454545454545453	0.4545454545454546	0.5	0.5	0.5	-0.0447
I14_OG005069	not significant	0.47503	1.0	0.6363636363636364	0.6363636363636364	0.0	0.375	0.375	0.257
I14_OG005070	not significant	0.33257	1	0.8181818181818182	0.8181818181818181	0.5	0.5	0.5	0.3237
I14_OG005072	not significant	0.26876	1	0.5909090909090909	0.6363636363636364	0.0	0.375	0.375	0.2168
I14_OG005073	not significant	0.94729	0.0	0.45454545454545453	0.4545454545454546	0.0	0.4375	0.4375	0.0169
I14_OG005074	not significant	0.45802	0.0	0.4090909090909091	0.4545454545454546	0.0	0.1875	0.1875	0.2489
I14_OG005075	not significant	0.25416	1.0	0.8181818181818182	0.8181818181818181	0.5	0.5	0.5	0.3237
I14_OG005076	not significant	0.71928	0	0.0	0.0	0.0	0.0625	0.0625	-0.1626
I14_OG005077	not significant	0.08149	1.0	0.7272727272727273	0.7272727272727273	0.0	0.375	0.375	0.3464
I14_OG005078	not significant	0.82587	0	0.3181818181818182	0.36363636363636365	0.0	0.25	0.25	0.0766
I14_OG005080	not significant	0.07701	0.0	0.45454545454545453	0.4545454545454546	0.0	0.125	0.125	0.3695
I14_OG005082	not significant	0.13484	1	0.5454545454545454	0.5454545454545454	0.0	0.25	0.25	0.3006
I14_OG005084	not significant	0.52128	0.0	0.45454545454545453	0.4545454545454546	0.0	0.3125	0.3125	0.1445
I14_OG005085	not significant	0.47965	1	0.6818181818181818	0.7272727272727273	0.0	0.4375	0.4375	0.2454
I14_OG005087	present_enriched	0.00822	1.0	0.8636363636363636	0.9090909090909091	0.5	0.5	0.5	0.382
I14_OG005089	not significant	0.8536	0.5	0.5	0.5454545454545454	0.0	0.4375	0.4375	0.0628
I14_OG005090	not significant	0.7675	1	0.6818181818181818	0.7272727272727273	1.0	0.5625	0.5625	0.1227
I14_OG005091	not significant	0.58581	0	0.22727272727272727	0.2727272727272727	0.0	0.09375	0.125	0.1999
I14_OG005092	not significant	0.73931	0	0.18181818181818182	0.18181818181818177	0.0	0.125	0.125	0.0786
I14_OG005093	not significant	0.91789	0.0	0.4090909090909091	0.4545454545454546	0.0	0.4375	0.4375	-0.0288
I14_OG005094	not significant	0.38246	0.0	0.4090909090909091	0.4545454545454546	0.0	0.25	0.25	0.172
I14_OG005095	not significant	0.80225	0.0	0.36363636363636365	0.4545454545454546	0.0	0.3125	0.3125	0.0557
I14_OG005096	not significant	0.87194	0.0	0.4090909090909091	0.4545454545454546	0.0	0.4375	0.4375	-0.0288
I14_OG005097	not significant	0.06438	0.0	0.45454545454545453	0.4545454545454546	0.0	0.125	0.125	0.3695
I14_OG005098	not significant	0.16672	0	0.36363636363636365	0.4545454545454546	0.0	0.0625	0.0625	0.4067
I14_OG005099	not significant	0.03957	1	0.5454545454545454	0.5454545454545454	0.0	0.125	0.125	0.4524
I14_OG005104	not significant	0.81151	0	0.3181818181818182	0.36363636363636365	0.0	0.25	0.25	0.0766
I14_OG005107	not significant	0.81407	0.5	0.45454545454545453	0.5454545454545454	0.0	0.34375	0.375	0.1188
I14_OG005116	not significant	0.65322	0	0.4090909090909091	0.4545454545454546	0.0	0.3125	0.3125	0.1015
I14_OG005117	not significant	0.22284	1.0	0.6818181818181818	0.7272727272727273	0.0	0.3125	0.3125	0.3709
I14_OG005119	not significant	0.06778	0.5	0.5	0.5454545454545454	0.0	0.125	0.125	0.4212
I14_OG005120	not significant	0.05585	1	0.5454545454545454	0.5454545454545454	0.0	0.1875	0.1875	0.3731
I14_OG005121	not significant	0.43137	0.0	0.4090909090909091	0.4545454545454546	0.0	0.25	0.25	0.172
I14_OG005122	not significant	0.67357	0	0.22727272727272727	0.2727272727272727	0.0	0.3125	0.3125	-0.0957
I14_OG005123	not significant	0.59184	0	0.2727272727272727	0.36363636363636365	0.0	0.1875	0.1875	0.1066
I14_OG005127	not significant	0.49397	0	0.3181818181818182	0.36363636363636365	0.0	0.1875	0.1875	0.1541
I14_OG005128	not significant	0.79996	0	0.22727272727272727	0.2727272727272727	0.0	0.1875	0.1875	0.05
I14_OG005129	not significant	0.5293	0.0	0.36363636363636365	0.4545454545454546	0.0	0.25	0.25	0.1281
I14_OG005133	not significant	1.0	0.5	0.5	0.5454545454545454	0.5	0.5	0.5	0.0
I14_OG005134	not significant	0.59162	1	0.5909090909090909	0.6363636363636364	0.0	0.375	0.375	0.2168
I14_OG005137	not significant	0.26093	0	0.09090909090909091	0.09090909090909094	0.0	0.0	0.0	0.2365
I14_OG005139	not significant	0.71023	0	0.3181818181818182	0.36363636363636365	0.0	0.25	0.25	0.0766
I14_OG005141	not significant	0.23418	0	0.09090909090909091	0.09090909090909094	0.0	0.0	0.0	0.2365
I14_OG005142	not significant	0.99394	0	0.3181818181818182	0.36363636363636365	0.0	0.3125	0.3125	0.0061
I14_OG005143	not significant	0.84025	0	0.3181818181818182	0.36363636363636365	0.0	0.375	0.375	-0.0597
I14_OG005146	not significant	0.5562	0.5	0.45454545454545453	0.5454545454545454	0.0	0.34375	0.375	0.1188
I14_OG005149	not significant	0.67388	0.0	0.4090909090909091	0.4545454545454546	0.0	0.3125	0.3125	0.1015
I14_OG005151	not significant	0.99731	0	0.3181818181818182	0.36363636363636365	0.0	0.3125	0.3125	0.0061
I14_OG005154	not significant	0.09631	1	0.6363636363636364	0.7272727272727273	0.0	0.3125	0.3125	0.333
I14_OG005155	not significant	0.92792	0.5	0.45454545454545453	0.5454545454545454	0.0	0.4375	0.4375	0.0175
I14_OG005156	not significant	0.25409	0	0.22727272727272727	0.2727272727272727	0.0	0.4375	0.4375	-0.2208
I14_OG005157	not significant	0.34639	0.0	0.45454545454545453	0.4545454545454546	0.0	0.1875	0.1875	0.2874
I14_OG005158	not significant	0.0246	0.0	0.4090909090909091	0.4545454545454546	0.0	0.0625	0.0625	0.4354
I14_OG005159	not significant	0.03499	1	0.5909090909090909	0.6363636363636364	0.0	0.1875	0.1875	0.4238
I14_OG005162	not significant	0.07613	1.0	0.6363636363636364	0.6363636363636364	0.0	0.1875	0.1875	0.4567
I14_OG005165	not significant	0.56313	0.0	0.45454545454545453	0.4545454545454546	0.0	0.25	0.25	0.2132
I14_OG005167	not significant	0.30124	0.5	0.45454545454545453	0.5454545454545454	0.0	0.1875	0.1875	0.301
I14_OG005168	not significant	0.86281	0	0.3181818181818182	0.36363636363636365	0.0	0.28125	0.3125	0.0416
I14_OG005183	not significant	0.06041	1.0	0.6363636363636364	0.6363636363636364	0.0	0.28125	0.3125	0.3597
I14_OG005184	not significant	0.65741	1.0	0.5909090909090909	0.6363636363636364	1.0	0.75	0.75	-0.172
I14_OG005185	not significant	0.44387	0.0	0.4090909090909091	0.4545454545454546	1.0	0.5625	0.5625	-0.1536
I14_OG005186	not significant	0.85517	0.0	0.4090909090909091	0.4545454545454546	0.0	0.375	0.375	0.035
I14_OG005187	not significant	0.8082	0.5	0.45454545454545453	0.5454545454545454	0.5	0.5	0.5	-0.0465
I14_OG005189	not significant	0.08089	1	0.7272727272727273	0.7272727272727273	0.0	0.3125	0.3125	0.4079
I14_OG005192	not significant	0.08816	1	0.6363636363636364	0.6363636363636364	0.0	0.25	0.25	0.3864
I14_OG005193	present_enriched	0.00929	1	0.7272727272727273	0.7272727272727273	0.0	0.21875	0.25	0.5152
I14_OG005194	not significant	0.1978	1	0.6363636363636364	0.6363636363636364	0.0	0.375	0.375	0.257
I14_OG005196	not significant	0.40078	1	0.5454545454545454	0.5454545454545454	0.0	0.3125	0.3125	0.233
I14_OG005197	not significant	0.64553	1	0.6363636363636364	0.6363636363636364	0.25	0.46875	0.5	0.1683
I14_OG005198	not significant	0.55457	0	0.0	0.0	0.0	0.0625	0.0625	-0.1626
I14_OG005199	not significant	0.26541	0	0.045454545454545456	0.09090909090909094	0.0	0.1875	0.1875	-0.2169
I14_OG005200	not significant	0.60338	0.0	0.4090909090909091	0.4545454545454546	0.0	0.3125	0.3125	0.1015
I14_OG005201	not significant	0.43685	0.5	0.5	0.5454545454545454	0.0	0.34375	0.375	0.1626
I14_OG005202	not significant	0.19435	1	0.9545454545454546	1.0	1.0	0.625	0.625	0.3887
I14_OG005203	not significant	0.79946	0	0.09090909090909091	0.09090909090909094	0.0	0.0625	0.0625	0.0533
I14_OG005204	not significant	0.80868	0	0.09090909090909091	0.09090909090909094	0.0	0.0625	0.0625	0.0533
I14_OG005205	not significant	0.60331	0	0.18181818181818182	0.18181818181818177	0.0	0.375	0.375	-0.2079
I14_OG005206	not significant	0.44989	0	0.3181818181818182	0.36363636363636365	0.0	0.1875	0.1875	0.1541
I14_OG005208	not significant	0.73065	1	0.6818181818181818	0.7272727272727273	0.75	0.53125	0.5625	0.1567
I14_OG005209	not significant	0.9566	0	0.13636363636363635	0.18181818181818177	0.0	0.125	0.125	0.0174
I14_OG005210	not significant	0.03479	0.5	0.5	0.5454545454545454	0.0	0.125	0.125	0.4212
I14_OG005211	not significant	0.36413	0	0.13636363636363635	0.18181818181818177	0.0	0.3125	0.3125	-0.2078
I14_OG005214	not significant	0.33681	0	0.36363636363636365	0.36363636363636365	0.0	0.1875	0.1875	0.1975
I14_OG005217	not significant	0.8308	1	0.8181818181818182	0.8181818181818181	1.0	0.6875	0.6875	0.1465
I14_OG005218	not significant	0.37638	1.0	0.9090909090909091	1.0	1.0	0.65625	0.6875	0.3155
I14_OG005220	present_enriched	0.00488	1	0.5454545454545454	0.5454545454545454	0.0	0.0625	0.0625	0.5415
I14_OG005222	not significant	0.33149	0	0.36363636363636365	0.36363636363636365	0.0	0.1875	0.1875	0.1975
I14_OG005223	not significant	0.61055	1	0.6363636363636364	0.6363636363636364	0.0	0.4375	0.4375	0.1956
I14_OG005225	not significant	0.04942	1.0	0.7727272727272727	0.8181818181818181	0.0	0.375	0.375	0.3994
I14_OG005227	not significant	0.98086	0	0.18181818181818182	0.18181818181818177	0.0	0.1875	0.1875	-0.0072
I14_OG005228	not significant	0.55755	1.0	0.7272727272727273	0.7272727272727273	0.5	0.5	0.5	0.2273
I14_OG005229	not significant	0.07839	0	0.3181818181818182	0.36363636363636365	0.0	0.0625	0.0625	0.3489
I14_OG005231	not significant	0.73463	0	0.22727272727272727	0.2727272727272727	0.0	0.125	0.125	0.1396
I14_OG005233	not significant	0.03618	1.0	0.6363636363636364	0.6363636363636364	0.0	0.1875	0.1875	0.4567
I14_OG005244	not significant	0.02069	1	0.7727272727272727	0.8181818181818181	0.0	0.21875	0.25	0.5696
I14_OG005246	not significant	0.51684	0.5	0.5	0.5454545454545454	1.0	0.625	0.625	-0.1266
I14_OG005247	not significant	0.34125	0	0.2727272727272727	0.2727272727272727	0.0	0.125	0.125	0.1869
I14_OG005248	not significant	0.8465	0	0.3181818181818182	0.36363636363636365	0.0	0.28125	0.3125	0.0416
I14_OG005249	not significant	0.71162	0	0.09090909090909091	0.09090909090909094	0.0	0.15625	0.1875	-0.0998
I14_OG005250	not significant	0.11552	1.0	0.6818181818181818	0.7272727272727273	0.0	0.375	0.375	0.3073
I14_OG005251	not significant	0.38945	1.0	0.7272727272727273	0.7272727272727273	0.0	0.4375	0.4375	0.2865
I14_OG005252	not significant	0.22689	0	0.3181818181818182	0.36363636363636365	0.0	0.125	0.125	0.2427
I14_OG005253	not significant	0.28652	1	0.5909090909090909	0.6363636363636364	0.0	0.375	0.375	0.2168
I14_OG005254	not significant	0.12054	1	0.5454545454545454	0.5454545454545454	0.0	0.25	0.25	0.3006
I14_OG005255	not significant	0.24248	0	0.2727272727272727	0.2727272727272727	0.5	0.5	0.5	-0.2273
I14_OG005256	not significant	0.8698	0.0	0.4090909090909091	0.4545454545454546	0.0	0.4375	0.4375	-0.0288
I14_OG005257	not significant	0.11516	1	0.8181818181818182	0.9090909090909091	1.0	0.625	0.625	0.2178
I14_OG005258	not significant	0.41453	1	0.7272727272727273	0.7272727272727273	0.0	0.4375	0.4375	0.2865
I14_OG005259	not significant	0.4906	0	0.22727272727272727	0.2727272727272727	0.0	0.125	0.125	0.1396
I14_OG005260	not significant	0.98396	0	0.18181818181818182	0.18181818181818177	0.0	0.1875	0.1875	-0.0072
I14_OG005262	not significant	0.44584	0	0.09090909090909091	0.09090909090909094	0.0	0.25	0.25	-0.2012
I14_OG005263	not significant	0.95342	0	0.22727272727272727	0.2727272727272727	0.0	0.21875	0.25	0.0107
I14_OG005264	not significant	0.13626	1.0	0.9545454545454546	1.0	1.0	0.59375	0.625	0.4256
I14_OG005265	not significant	0.49117	0	0.18181818181818182	0.18181818181818177	0.0	0.0625	0.0625	0.1866
I14_OG005266	not significant	0.351	1.0	0.7272727272727273	0.7272727272727273	0.0	0.4375	0.4375	0.2865
I14_OG005267	not significant	0.21465	0	0.36363636363636365	0.36363636363636365	0.0	0.15625	0.1875	0.2446
I14_OG005268	not significant	0.14507	0.0	0.4090909090909091	0.4545454545454546	0.0	0.125	0.125	0.3351
I14_OG005269	not significant	0.6977	0	0.2727272727272727	0.2727272727272727	0.0	0.125	0.125	0.1869
I14_OG005270	not significant	0.21962	0	0.4090909090909091	0.4545454545454546	0.0	0.1875	0.1875	0.2489
I14_OG005271	not significant	0.33723	1	0.9090909090909091	0.9090909090909091	1.0	0.625	0.625	0.3185
I14_OG005272	not significant	0.52108	0	0.2727272727272727	0.2727272727272727	0.0	0.125	0.125	0.1869
I14_OG005273	not significant	0.27018	0.5	0.5	0.5454545454545454	0.0	0.25	0.25	0.2626
I14_OG005274	not significant	0.59531	1	0.8636363636363636	0.9090909090909091	1.0	0.6875	0.6875	0.2078
I14_OG005275	not significant	0.29053	0	0.13636363636363635	0.18181818181818177	0.0	0.3125	0.3125	-0.2078
I14_OG005276	not significant	0.81616	0	0.36363636363636365	0.36363636363636365	0.0	0.3125	0.3125	0.0533
I14_OG005277	not significant	0.73661	0.0	0.45454545454545453	0.4545454545454546	1.0	0.5625	0.5625	-0.1062
I14_OG005278	not significant	0.11345	1	0.6363636363636364	0.7272727272727273	0.0	0.3125	0.3125	0.333
I14_OG005279	not significant	0.59716	1	0.5454545454545454	0.5454545454545454	0.0	0.4375	0.4375	0.1062
I14_OG005283	not significant	0.92964	0	0.13636363636363635	0.18181818181818177	0.0	0.125	0.125	0.0174
I14_OG005285	not significant	0.03404	1	0.7272727272727273	0.7272727272727273	0.0	0.3125	0.3125	0.4079
I14_OG005286	not significant	0.14316	1	0.7272727272727273	0.7272727272727273	0.0	0.375	0.375	0.3464
I14_OG005287	not significant	0.27033	1	0.6818181818181818	0.7272727272727273	0.0	0.375	0.375	0.3073
I14_OG005291	not significant	0.52479	0	0.36363636363636365	0.36363636363636365	0.0	0.1875	0.1875	0.1975
I14_OG005293	not significant	0.29639	0	0.2727272727272727	0.2727272727272727	0.0	0.0625	0.0625	0.2908
I14_OG005296	not significant	0.82608	1	0.5454545454545454	0.5454545454545454	0.5	0.5	0.5	0.0447
I14_OG005297	not significant	0.34301	0	0.18181818181818182	0.18181818181818177	0.0	0.0625	0.0625	0.1866
I14_OG005298	not significant	0.73673	1	0.6818181818181818	0.7272727272727273	1.0	0.5625	0.5625	0.1227
I14_OG005299	not significant	0.86911	0.0	0.4090909090909091	0.4545454545454546	0.0	0.4375	0.4375	-0.0288
I14_OG005300	not significant	0.22163	0	0.36363636363636365	0.36363636363636365	0.0	0.15625	0.1875	0.2446
I14_OG005301	not significant	0.41462	0	0.22727272727272727	0.2727272727272727	0.0	0.375	0.375	-0.1598
I14_OG005304	not significant	0.07748	0	0.18181818181818182	0.18181818181818177	0.0	0.0	0.0	0.3411
I14_OG005305	not significant	0.39762	0	0.18181818181818182	0.18181818181818177	0.0	0.0625	0.0625	0.1866
I14_OG005306	not significant	0.48715	1.0	0.6818181818181818	0.7272727272727273	0.5	0.5	0.5	0.1842
I14_OG005307	not significant	0.34347	0	0.18181818181818182	0.18181818181818177	0.0	0.0625	0.0625	0.1866
I14_OG005310	not significant	0.59399	0.0	0.45454545454545453	0.4545454545454546	0.0	0.3125	0.3125	0.1445
I14_OG005325	not significant	0.71808	0	0.45454545454545453	0.4545454545454546	0.0	0.375	0.375	0.0795
I14_OG005326	not significant	0.82158	1.0	0.7272727272727273	0.7272727272727273	1.0	0.59375	0.625	0.1403
I14_OG005327	not significant	0.69432	0	0.36363636363636365	0.36363636363636365	0.0	0.28125	0.3125	0.0891
I14_OG005328	not significant	0.99789	0	0.3181818181818182	0.36363636363636365	0.0	0.3125	0.3125	0.0061
I14_OG005330	not significant	0.03148	0.5	0.5	0.5454545454545454	0.0	0.125	0.125	0.4212
I14_OG005331	not significant	0.08926	0.0	0.4090909090909091	0.4545454545454546	0.0	0.125	0.125	0.3351
I14_OG005332	not significant	0.05901	1	0.6818181818181818	0.7272727272727273	0.0	0.3125	0.3125	0.3709
I14_OG005334	not significant	0.80394	0	0.45454545454545453	0.4545454545454546	0.0	0.40625	0.4375	0.0489
I14_OG005335	not significant	0.18244	1.0	0.7272727272727273	0.7272727272727273	0.0	0.34375	0.375	0.3841
I14_OG005337	not significant	0.71776	0	0.18181818181818182	0.18181818181818177	0.0	0.125	0.125	0.0786
I14_OG005338	not significant	0.1206	1.0	0.7272727272727273	0.7272727272727273	0.0	0.375	0.375	0.3464
I14_OG005339	not significant	0.76412	1	0.5454545454545454	0.5454545454545454	1.0	0.625	0.625	-0.0795
I14_OG005340	not significant	0.02815	0.0	0.4090909090909091	0.4545454545454546	0.0	0.03125	0.0625	0.5103
I14_OG005341	not significant	0.9652	0.5	0.45454545454545453	0.5454545454545454	0.0	0.4375	0.4375	0.0175
I14_OG005343	not significant	0.98916	0	0.3181818181818182	0.36363636363636365	0.0	0.3125	0.3125	0.0061
I14_OG005347	not significant	0.05538	1	0.5454545454545454	0.5454545454545454	0.0	0.1875	0.1875	0.3731
I14_OG005348	not significant	0.97371	0	0.18181818181818182	0.18181818181818177	0.0	0.1875	0.1875	-0.0072
I14_OG005349	not significant	0.14818	0	0.045454545454545456	0.09090909090909094	0.0	0.25	0.25	-0.2791
I14_OG005350	not significant	0.48211	0	0.3181818181818182	0.36363636363636365	0.0	0.1875	0.1875	0.1541
I14_OG005351	not significant	0.3571	1	0.5909090909090909	0.6363636363636364	0.0	0.40625	0.4375	0.1887
I14_OG005352	not significant	0.39538	0.0	0.45454545454545453	0.4545454545454546	0.0	0.1875	0.1875	0.2874
I14_OG005353	not significant	0.79949	0	0.09090909090909091	0.09090909090909094	0.0	0.0625	0.0625	0.0533
I14_OG005354	not significant	0.12542	0.0	0.36363636363636365	0.4545454545454546	0.0	0.125	0.125	0.2985
I14_OG005355	not significant	0.85791	0	0.2727272727272727	0.2727272727272727	0.0	0.3125	0.3125	-0.0428
I14_OG005356	not significant	0.76612	0	0.3181818181818182	0.36363636363636365	0.0	0.375	0.375	-0.0597
I14_OG005357	not significant	0.70727	1	0.7272727272727273	0.7272727272727273	1.0	0.5625	0.5625	0.1677
I14_OG005358	not significant	0.86368	0.0	0.4090909090909091	0.4545454545454546	0.0	0.375	0.375	0.035
I14_OG005361	not significant	0.44601	1.0	0.5454545454545454	0.5454545454545454	0.0	0.375	0.375	0.1685
I14_OG005362	not significant	0.64124	1.0	0.9090909090909091	0.9090909090909091	1.0	0.75	0.75	0.2012
I14_OG005363	not significant	0.21904	0	0.36363636363636365	0.4545454545454546	0.0	0.125	0.125	0.2985
I14_OG005365	not significant	0.07149	0	0.18181818181818182	0.18181818181818177	0.75	0.53125	0.5625	-0.3593
I14_OG005366	not significant	0.39116	1	0.5454545454545454	0.5454545454545454	0.0	0.3125	0.3125	0.233
I14_OG005367	not significant	0.5575	0	0.2727272727272727	0.36363636363636365	0.0	0.375	0.4375	-0.1168
I14_OG005368	not significant	0.87269	0.0	0.4090909090909091	0.4545454545454546	0.0	0.4375	0.4375	-0.0288
I14_OG005369	not significant	0.7796	0	0.36363636363636365	0.36363636363636365	0.5	0.5	0.5	-0.1348
I14_OG005370	not significant	1.0	0.5	0.5	0.5454545454545454	0.5	0.5	0.5	0.0
I14_OG005371	not significant	0.25227	0	0.22727272727272727	0.2727272727272727	0.0	0.4375	0.4375	-0.2208
I14_OG005372	not significant	0.22457	1.0	0.5454545454545454	0.5454545454545454	0.0	0.1875	0.1875	0.3731
I14_OG005374	not significant	0.6078	0	0.3181818181818182	0.36363636363636365	0.0	0.1875	0.1875	0.1541
I14_OG005376	not significant	0.80089	0	0.22727272727272727	0.2727272727272727	0.0	0.1875	0.1875	0.05
I14_OG005377	not significant	0.77991	0.0	0.45454545454545453	0.4545454545454546	0.0	0.375	0.375	0.0795
I14_OG005378	not significant	0.50539	0	0.36363636363636365	0.36363636363636365	0.0	0.1875	0.1875	0.1975
I14_OG005382	not significant	0.28212	1.0	0.5454545454545454	0.5454545454545454	0.0	0.21875	0.25	0.3432
I14_OG005398	not significant	0.91368	0	0.2727272727272727	0.36363636363636365	0.0	0.25	0.25	0.0268
I14_OG005399	not significant	0.52485	0	0.36363636363636365	0.36363636363636365	0.0	0.25	0.25	0.1223
I14_OG005400	not significant	0.62627	1	0.6363636363636364	0.6363636363636364	0.0	0.4375	0.4375	0.1956
I14_OG005402	not significant	0.23484	0	0.3181818181818182	0.36363636363636365	0.0	0.125	0.125	0.2427
I14_OG005403	not significant	1.0	0.5	0.5	0.5454545454545454	0.5	0.5	0.5	0.0
I14_OG005404	not significant	0.02637	0.5	0.5	0.5454545454545454	0.0	0.125	0.125	0.4212
I14_OG005406	not significant	0.09479	1	0.5909090909090909	0.6363636363636364	0.0	0.28125	0.3125	0.3223
I14_OG005407	not significant	0.37223	0	0.4090909090909091	0.4545454545454546	0.0	0.25	0.25	0.172
I14_OG005408	not significant	0.38043	0.5	0.5	0.5454545454545454	0.0	0.3125	0.3125	0.1928
I14_OG005409	not significant	0.61034	0	0.2727272727272727	0.2727272727272727	0.0	0.375	0.375	-0.1066
I14_OG005410	not significant	0.50307	0.0	0.4090909090909091	0.4545454545454546	0.0	0.25	0.25	0.172
I14_OG005411	not significant	0.31119	1	0.6363636363636364	0.6363636363636364	0.0	0.40625	0.4375	0.2304
I14_OG005412	not significant	0.86966	0	0.4090909090909091	0.4545454545454546	0.0	0.4375	0.4375	-0.0288
I14_OG005413	not significant	0.08944	1.0	0.6363636363636364	0.6363636363636364	0.0	0.1875	0.1875	0.4567
I14_OG005414	not significant	0.46722	1	0.8181818181818182	0.8181818181818181	1.0	0.5625	0.5625	0.2665
I14_OG005415	not significant	0.33171	1	0.5909090909090909	0.6363636363636364	0.0	0.3125	0.3125	0.282
I14_OG005417	not significant	0.37598	0	0.36363636363636365	0.36363636363636365	1.0	0.5625	0.5625	-0.1956
I14_OG005423	not significant	0.76943	0	0.2727272727272727	0.2727272727272727	0.0	0.1875	0.1875	0.1007
I14_OG005424	not significant	0.49695	0	0.2727272727272727	0.2727272727272727	0.5	0.5	0.5	-0.2273
I14_OG005426	not significant	0.22815	0	0.09090909090909091	0.09090909090909094	0.0	0.0	0.0	0.2365
I14_OG005427	not significant	0.40725	0.0	0.4090909090909091	0.4545454545454546	0.0	0.1875	0.1875	0.2489
I14_OG005428	not significant	0.92843	1.0	0.9090909090909091	0.9090909090909091	1.0	0.875	0.875	0.0533
I14_OG005431	not significant	0.48921	1	0.5454545454545454	0.5454545454545454	0.0	0.375	0.375	0.1685
I14_OG005432	not significant	0.23518	0	0.2727272727272727	0.2727272727272727	0.5	0.5	0.5	-0.2273
I14_OG005433	not significant	0.05537	0.5	0.45454545454545453	0.5454545454545454	0.0	0.125	0.125	0.3887
I14_OG005434	not significant	0.80487	1.0	0.6818181818181818	0.7272727272727273	1.0	0.5625	0.5625	0.1227
I14_OG005435	not significant	0.85159	0	0.3181818181818182	0.36363636363636365	0.0	0.375	0.375	-0.0597
I14_OG005437	not significant	0.44202	1	0.8181818181818182	0.8181818181818181	1.0	0.5625	0.5625	0.2665
I14_OG005438	not significant	0.25142	0	0.2727272727272727	0.2727272727272727	0.5	0.5	0.5	-0.2273
I14_OG005439	not significant	0.92927	0.0	0.45454545454545453	0.4545454545454546	0.25	0.46875	0.5	-0.0143
I14_OG005440	not significant	0.7914	1	0.7272727272727273	0.7272727272727273	1.0	0.59375	0.625	0.1403
I14_OG005441	not significant	0.17289	1	0.7272727272727273	0.7272727272727273	0.0	0.4375	0.4375	0.2865
I14_OG005442	not significant	0.59074	0.5	0.5	0.5454545454545454	0.0	0.3125	0.3125	0.1928
I14_OG005446	not significant	0.79593	1	0.5454545454545454	0.5454545454545454	0.0	0.4375	0.4375	0.1062
I14_OG005447	not significant	0.82939	0.0	0.4090909090909091	0.4545454545454546	0.0	0.28125	0.3125	0.1392
I14_OG005448	not significant	0.21794	0.5	0.5	0.5454545454545454	0.0	0.25	0.25	0.2626
I14_OG005450	not significant	0.57802	0	0.2727272727272727	0.36363636363636365	0.0	0.125	0.125	0.1995
I14_OG005452	not significant	0.78671	0	0.18181818181818182	0.18181818181818177	0.0	0.25	0.25	-0.0806
I14_OG005453	not significant	0.27203	0.0	0.45454545454545453	0.4545454545454546	0.0	0.25	0.25	0.2132
I14_OG005454	not significant	0.08051	0	0.3181818181818182	0.36363636363636365	0.0	0.0625	0.0625	0.3489
I14_OG005460	not significant	0.06181	1.0	0.6363636363636364	0.6363636363636364	0.0	0.25	0.25	0.3864
I14_OG005471	not significant	0.60622	1.0	0.5454545454545454	0.5454545454545454	0.0	0.4375	0.4375	0.1062
I14_OG005472	not significant	0.89553	1	0.6818181818181818	0.7272727272727273	1.0	0.625	0.625	0.0597
I14_OG005475	not significant	0.15334	0	0.36363636363636365	0.36363636363636365	0.0	0.125	0.125	0.282
I14_OG005477	not significant	0.80478	0	0.4090909090909091	0.4545454545454546	0.0	0.34375	0.375	0.0693
I14_OG005479	not significant	0.87065	0	0.4090909090909091	0.4545454545454546	0.0	0.4375	0.4375	-0.0288
I14_OG005480	not significant	0.49091	1.0	0.5909090909090909	0.6363636363636364	0.0	0.40625	0.4375	0.1887
I14_OG005481	not significant	0.63164	1	0.8181818181818182	0.8181818181818181	1.0	0.625	0.625	0.2079
I14_OG005484	not significant	0.50454	1	0.6818181818181818	0.7272727272727273	0.0	0.4375	0.4375	0.2454
I14_OG005485	not significant	0.12528	0.5	0.5	0.5454545454545454	0.0	0.1875	0.1875	0.3379
I14_OG005486	not significant	0.60588	0.0	0.4090909090909091	0.4545454545454546	0.0	0.3125	0.3125	0.1015
I14_OG005487	not significant	0.8629	1	0.5454545454545454	0.5454545454545454	0.5	0.5	0.5	0.0447
I14_OG005488	not significant	0.45614	1.0	0.5454545454545454	0.5454545454545454	0.0	0.3125	0.3125	0.233
I14_OG005489	not significant	0.96421	0	0.13636363636363635	0.18181818181818177	0.0	0.125	0.125	0.0174
I14_OG005490	not significant	0.5689	0	0.22727272727272727	0.2727272727272727	0.0	0.375	0.375	-0.1598
I14_OG005491	not significant	0.55486	0.0	0.4090909090909091	0.4545454545454546	0.0	0.28125	0.3125	0.1392
I14_OG005492	not significant	0.33892	1	0.6818181818181818	0.7272727272727273	0.0	0.4375	0.4375	0.2454
I14_OG005493	not significant	0.82672	0	0.09090909090909091	0.09090909090909094	0.0	0.0625	0.0625	0.0533
I14_OG005494	not significant	0.42877	0	0.3181818181818182	0.36363636363636365	0.0	0.1875	0.1875	0.1541
I14_OG005495	not significant	0.75013	1.0	0.7272727272727273	0.7272727272727273	1.0	0.59375	0.625	0.1403
I14_OG005496	not significant	0.88374	0.0	0.4090909090909091	0.4545454545454546	0.0	0.375	0.375	0.035
I14_OG005497	not significant	0.92896	0.0	0.36363636363636365	0.4545454545454546	0.0	0.375	0.375	-0.0121
I14_OG005498	not significant	0.92097	0.5	0.45454545454545453	0.5454545454545454	0.5	0.5	0.5	-0.0465
I14_OG005499	not significant	0.11541	0.5	0.45454545454545453	0.5454545454545454	0.0	0.1875	0.1875	0.301
I14_OG005500	not significant	0.84932	0.0	0.4090909090909091	0.4545454545454546	0.0	0.375	0.375	0.035
I14_OG005502	not significant	0.22994	1	0.6818181818181818	0.7272727272727273	0.0	0.3125	0.3125	0.3709
I14_OG005503	not significant	0.78607	0	0.36363636363636365	0.36363636363636365	0.0	0.25	0.25	0.1223
I14_OG005504	not significant	0.52376	1	0.5909090909090909	0.6363636363636364	0.0	0.4375	0.4375	0.1536
I14_OG005505	not significant	0.54464	1.0	0.7272727272727273	0.7272727272727273	0.75	0.53125	0.5625	0.2015
I14_OG005509	not significant	0.71743	0	0.3181818181818182	0.36363636363636365	0.0	0.4375	0.4375	-0.1227
I14_OG005512	not significant	0.84921	0.0	0.4090909090909091	0.4545454545454546	0.0	0.375	0.375	0.035
I14_OG005513	not significant	0.87878	0	0.3181818181818182	0.36363636363636365	0.0	0.28125	0.3125	0.0416
I14_OG005514	not significant	0.65983	0	0.3181818181818182	0.36363636363636365	0.0	0.4375	0.4375	-0.1227
I14_OG005518	not significant	0.70412	0.0	0.36363636363636365	0.4545454545454546	0.0	0.4375	0.4375	-0.0769
I14_OG005519	not significant	0.08627	0.0	0.4090909090909091	0.4545454545454546	0.0	0.125	0.125	0.3351
I14_OG005524	not significant	0.982	0	0.36363636363636365	0.36363636363636365	0.0	0.375	0.375	-0.0116
I14_OG005535	not significant	0.53506	0	0.4090909090909091	0.4545454545454546	0.0	0.28125	0.3125	0.1392
I14_OG005537	not significant	0.4642	0	0.18181818181818182	0.2727272727272727	0.0	0.375	0.4375	-0.2292
I14_OG005539	not significant	0.24496	1	0.6363636363636364	0.7272727272727273	0.0	0.375	0.375	0.2671
I14_OG005543	not significant	0.44888	0	0.18181818181818182	0.18181818181818177	0.0	0.3125	0.3125	-0.1465
I14_OG005544	not significant	0.78384	0	0.36363636363636365	0.36363636363636365	0.0	0.3125	0.3125	0.0533
I14_OG005547	not significant	0.84064	0.5	0.5	0.5454545454545454	0.0	0.4375	0.4375	0.0628
I14_OG005548	not significant	0.47246	0	0.3181818181818182	0.36363636363636365	0.0	0.1875	0.1875	0.1541
I14_OG005550	not significant	0.78462	0	0.09090909090909091	0.09090909090909094	0.0	0.125	0.125	-0.0533
I14_OG005551	not significant	0.4666	1.0	0.6363636363636364	0.6363636363636364	0.0	0.375	0.375	0.257
I14_OG005554	not significant	0.12831	1	0.9090909090909091	0.9090909090909091	0.5	0.5	0.5	0.4264
I14_OG005555	not significant	0.8696	0.0	0.4090909090909091	0.4545454545454546	0.0	0.4375	0.4375	-0.0288
I14_OG005556	not significant	0.68997	1	0.6818181818181818	0.7272727272727273	1.0	0.5625	0.5625	0.1227
I14_OG005558	not significant	0.41743	0	0.36363636363636365	0.36363636363636365	0.0	0.1875	0.1875	0.1975
I14_OG005561	not significant	0.68451	0.0	0.45454545454545453	0.4545454545454546	0.0	0.375	0.375	0.0795
I14_OG005562	not significant	0.80803	0.0	0.4090909090909091	0.4545454545454546	0.0	0.3125	0.3125	0.1015
I14_OG005564	not significant	0.32259	0.5	0.5	0.5454545454545454	0.0	0.3125	0.3125	0.1928
I14_OG005565	not significant	0.06635	0	0.3181818181818182	0.36363636363636365	0.0	0.0625	0.0625	0.3489
I14_OG005570	not significant	0.65168	0.0	0.4090909090909091	0.4545454545454546	0.0	0.21875	0.25	0.2146
I14_OG005571	not significant	0.25565	1	0.5454545454545454	0.5454545454545454	0.0	0.3125	0.3125	0.233
I14_OG005572	not significant	0.27483	0.0	0.45454545454545453	0.4545454545454546	0.0	0.25	0.25	0.2132
I14_OG005573	not significant	0.97765	0	0.18181818181818182	0.18181818181818177	0.0	0.1875	0.1875	-0.0072
I14_OG005575	not significant	0.46443	1	0.5909090909090909	0.6363636363636364	0.0	0.375	0.375	0.2168
I14_OG005577	not significant	0.92442	0.5	0.45454545454545453	0.5454545454545454	0.0	0.4375	0.4375	0.0175
I14_OG005578	not significant	0.22422	0	0.09090909090909091	0.09090909090909094	0.0	0.28125	0.3125	-0.2391
I14_OG005579	not significant	0.98165	1.0	0.5454545454545454	0.5454545454545454	1.0	0.5625	0.5625	-0.0169
I14_OG005580	not significant	0.29968	1.0	0.8181818181818182	0.8181818181818181	0.5	0.5	0.5	0.3237
I14_OG005581	not significant	0.55683	0	0.36363636363636365	0.36363636363636365	0.0	0.25	0.25	0.1223
I14_OG005582	not significant	0.3115	0	0.2727272727272727	0.36363636363636365	0.0	0.125	0.125	0.1995
I14_OG005584	not significant	0.9735	0	0.18181818181818182	0.18181818181818177	0.0	0.1875	0.1875	-0.0072
I14_OG005586	not significant	0.50799	1.0	0.7727272727272727	0.8181818181818181	1.0	0.5625	0.5625	0.2208
I14_OG005587	not significant	0.07482	1.0	0.7727272727272727	0.8181818181818181	0.0	0.375	0.375	0.3994
I14_OG005590	not significant	0.35545	0	0.4090909090909091	0.4545454545454546	0.0	0.21875	0.25	0.2146
I14_OG005594	not significant	0.44364	0	0.36363636363636365	0.36363636363636365	0.0	0.125	0.125	0.282
I14_OG005596	not significant	0.5176	0.5	0.5	0.5454545454545454	0.0	0.375	0.375	0.1266
I14_OG005602	not significant	0.76431	0	0.18181818181818182	0.18181818181818177	0.0	0.125	0.125	0.0786
I14_OG005614	not significant	0.83499	0	0.36363636363636365	0.36363636363636365	0.0	0.25	0.25	0.1223
I14_OG005616	not significant	0.33836	0	0.18181818181818182	0.18181818181818177	0.0	0.0625	0.0625	0.1866
I14_OG005619	not significant	0.75443	0.5	0.5	0.5454545454545454	0.0	0.4375	0.4375	0.0628
I14_OG005620	not significant	0.65268	0	0.22727272727272727	0.2727272727272727	0.0	0.375	0.375	-0.1598
I14_OG005621	not significant	0.71655	0	0.22727272727272727	0.2727272727272727	0.0	0.3125	0.3125	-0.0957
I14_OG005622	not significant	0.56158	0.0	0.45454545454545453	0.4545454545454546	0.0	0.25	0.25	0.2132
I14_OG005624	not significant	0.21774	0	0.3181818181818182	0.36363636363636365	0.0	0.125	0.125	0.2427
I14_OG005628	not significant	0.11416	0.5	0.5	0.5454545454545454	0.0	0.21875	0.25	0.3062
I14_OG005629	not significant	0.73351	0	0.3181818181818182	0.36363636363636365	0.0	0.25	0.25	0.0766
I14_OG005630	not significant	0.53474	0	0.18181818181818182	0.18181818181818177	0.0	0.375	0.375	-0.2079
I14_OG005631	not significant	0.82393	0.0	0.45454545454545453	0.4545454545454546	0.5	0.5	0.5	-0.0447
I14_OG005632	not significant	0.83994	1.0	0.5454545454545454	0.5454545454545454	0.5	0.5	0.5	0.0447
I14_OG005633	not significant	0.78375	0	0.09090909090909091	0.09090909090909094	0.0	0.125	0.125	-0.0533
I14_OG005634	not significant	0.70509	0	0.3181818181818182	0.36363636363636365	0.0	0.25	0.25	0.0766
I14_OG005635	not significant	0.90379	1.0	0.8181818181818182	0.8181818181818181	1.0	0.875	0.875	-0.0786
I14_OG005637	present_enriched	0.00052	1	0.5454545454545454	0.5454545454545454	0.0	0.0	0.0	0.6447
I14_OG005638	not significant	0.16315	1	1.0	1.0	1.0	0.75	0.75	0.3458
I14_OG005639	not significant	0.92838	1.0	0.7272727272727273	0.7272727272727273	1.0	0.6875	0.6875	0.0428
I14_OG005640	not significant	0.5833	0.0	0.36363636363636365	0.4545454545454546	0.5	0.5	0.5	-0.1402
I14_OG005641	not significant	0.78622	0	0.09090909090909091	0.09090909090909094	0.0	0.125	0.125	-0.0533
I14_OG005642	not significant	0.35289	1	0.7272727272727273	0.7272727272727273	0.0	0.4375	0.4375	0.2865
I14_OG005644	not significant	0.02885	0.0	0.4090909090909091	0.4545454545454546	0.0	0.0625	0.0625	0.4354
I14_OG005645	not significant	0.98501	0	0.18181818181818182	0.18181818181818177	0.0	0.1875	0.1875	-0.0072
I14_OG005646	not significant	0.2147	0	0.13636363636363635	0.18181818181818177	0.0	0.0	0.0	0.3223
I14_OG005647	not significant	0.63017	0	0.0	0.0	0.0	0.0625	0.0625	-0.1626
I14_OG005648	not significant	0.67135	0	0.4090909090909091	0.4545454545454546	0.0	0.3125	0.3125	0.1015
I14_OG005649	not significant	0.54488	0	0.18181818181818182	0.18181818181818177	0.0	0.28125	0.3125	-0.1173
I14_OG005650	not significant	0.649	0.5	0.5	0.5454545454545454	0.0	0.3125	0.3125	0.1928
I14_OG005651	not significant	0.51598	1	0.8636363636363636	0.9090909090909091	1.0	0.65625	0.6875	0.2446
I14_OG005652	not significant	0.78623	0	0.09090909090909091	0.09090909090909094	0.0	0.125	0.125	-0.0533
I14_OG005653	not significant	0.81576	0	0.09090909090909091	0.09090909090909094	0.0	0.125	0.125	-0.0533
I14_OG005654	not significant	0.11081	0.0	0.4090909090909091	0.4545454545454546	0.0	0.125	0.125	0.3351
I14_OG005658	not significant	0.06934	0	0.3181818181818182	0.36363636363636365	0.0	0.0625	0.0625	0.3489
I14_OG005659	not significant	0.07157	1.0	0.5909090909090909	0.6363636363636364	0.0	0.25	0.25	0.3505
I14_OG005664	not significant	0.63305	0	0.22727272727272727	0.2727272727272727	0.0	0.09375	0.125	0.1999
I14_OG005668	not significant	0.68525	0.0	0.36363636363636365	0.4545454545454546	0.0	0.4375	0.4375	-0.0769
I14_OG005670	not significant	0.12337	1.0	0.6363636363636364	0.6363636363636364	0.0	0.3125	0.3125	0.3202
I14_OG005671	not significant	0.0233	1.0	0.5909090909090909	0.6363636363636364	0.0	0.1875	0.1875	0.4238
I14_OG005676	not significant	0.71065	1	0.5909090909090909	0.6363636363636364	0.0	0.4375	0.4375	0.1536
I14_OG005678	not significant	0.86153	0	0.09090909090909091	0.09090909090909094	0.0	0.125	0.125	-0.0533
I14_OG005682	not significant	0.35603	0	0.3181818181818182	0.36363636363636365	0.0	0.125	0.125	0.2427
I14_OG005696	not significant	0.67653	0	0.22727272727272727	0.2727272727272727	0.0	0.125	0.125	0.1396
I14_OG005706	not significant	0.13046	0	0.45454545454545453	0.4545454545454546	0.0	0.1875	0.1875	0.2874
I14_OG005709	not significant	0.26482	1.0	0.5909090909090909	0.6363636363636364	0.0	0.3125	0.3125	0.282
I14_OG005711	not significant	0.66394	0	0.3181818181818182	0.36363636363636365	0.0	0.40625	0.4375	-0.0934
I14_OG005712	not significant	0.29371	0.0	0.4090909090909091	0.4545454545454546	0.0	0.21875	0.25	0.2146
I14_OG005715	not significant	0.33598	0	0.18181818181818182	0.18181818181818177	0.0	0.0625	0.0625	0.1866
I14_OG005716	not significant	0.30944	1.0	0.7727272727272727	0.8181818181818181	0.5	0.5	0.5	0.2804
I14_OG005717	not significant	0.04997	1	0.9545454545454546	1.0	0.5	0.5	0.5625	0.5152
I14_OG005718	not significant	0.39168	0	0.09090909090909091	0.09090909090909094	0.0	0.25	0.25	-0.2012
I14_OG005719	not significant	0.10017	1.0	0.5909090909090909	0.6363636363636364	0.0	0.28125	0.3125	0.3223
I14_OG005720	not significant	0.67727	1	0.6818181818181818	0.7272727272727273	1.0	0.5625	0.5625	0.1227
I14_OG005721	not significant	0.03421	0	0.22727272727272727	0.2727272727272727	0.0	0.0	0.0	0.4084
I14_OG005722	not significant	0.15945	1.0	0.5909090909090909	0.6363636363636364	0.0	0.25	0.25	0.3505
I14_OG005723	not significant	0.31648	0	0.4090909090909091	0.4545454545454546	0.0	0.21875	0.25	0.2146
I14_OG005725	not significant	1.0	0.5	0.5	0.5454545454545454	0.5	0.5	0.5	0.0
I14_OG005726	not significant	0.68623	0	0.18181818181818182	0.18181818181818177	0.0	0.125	0.125	0.0786
I14_OG005727	not significant	0.66141	0.0	0.4090909090909091	0.4545454545454546	0.5	0.5	0.5	-0.0913
I14_OG005728	not significant	0.49503	0	0.13636363636363635	0.18181818181818177	0.0	0.0625	0.0625	0.1327
I14_OG005730	not significant	0.60957	0	0.22727272727272727	0.2727272727272727	0.0	0.375	0.375	-0.1598
I14_OG005731	not significant	0.42074	0	0.3181818181818182	0.36363636363636365	0.0	0.1875	0.1875	0.1541
I14_OG005732	not significant	0.27136	1.0	0.5454545454545454	0.5454545454545454	0.0	0.21875	0.25	0.3432
I14_OG005733	present_enriched	0.00331	1.0	0.6818181818181818	0.7272727272727273	0.0	0.0625	0.0625	0.6697
I14_OG005734	not significant	0.16117	1	0.7272727272727273	0.7272727272727273	0.0	0.34375	0.375	0.3841
I14_OG005736	not significant	0.92522	0.0	0.4090909090909091	0.4545454545454546	0.0	0.375	0.375	0.035
I14_OG005737	not significant	0.91761	0.0	0.45454545454545453	0.4545454545454546	0.5	0.5	0.5	-0.0447
I14_OG005738	not significant	0.94678	0.0	0.45454545454545453	0.4545454545454546	0.0	0.4375	0.4375	0.0169
I14_OG005740	not significant	0.92505	0.0	0.4090909090909091	0.4545454545454546	0.0	0.375	0.375	0.035
I14_OG005741	not significant	0.76048	0	0.2727272727272727	0.2727272727272727	0.0	0.1875	0.1875	0.1007
I14_OG005742	not significant	0.64345	0	0.22727272727272727	0.2727272727272727	0.0	0.3125	0.3125	-0.0957
I14_OG005743	not significant	0.58887	0.0	0.4090909090909091	0.4545454545454546	0.0	0.3125	0.3125	0.1015
I14_OG005745	not significant	0.99534	0.0	0.4090909090909091	0.4545454545454546	0.0	0.40625	0.4375	0.003
I14_OG005746	not significant	0.19238	1	0.5909090909090909	0.6363636363636364	0.0	0.25	0.25	0.3505
I14_OG005747	not significant	0.98706	0	0.3181818181818182	0.36363636363636365	0.0	0.3125	0.3125	0.0061
I14_OG005748	not significant	0.35395	0	0.13636363636363635	0.18181818181818177	0.0	0.28125	0.3125	-0.1812
I14_OG005749	not significant	0.93352	0.0	0.4090909090909091	0.4545454545454546	0.0	0.375	0.375	0.035
I14_OG005750	not significant	0.8094	0	0.18181818181818182	0.2727272727272727	0.0	0.21875	0.25	-0.0495
I14_OG005751	not significant	0.24735	0.5	0.5	0.5454545454545454	0.0	0.25	0.25	0.2626
I14_OG005755	not significant	0.08523	0.0	0.45454545454545453	0.4545454545454546	0.0	0.0625	0.0625	0.4633
I14_OG005759	not significant	0.06944	1.0	0.7272727272727273	0.7272727272727273	0.0	0.3125	0.3125	0.4079
I14_OG005762	not significant	0.46729	0	0.13636363636363635	0.18181818181818177	0.0	0.25	0.25	-0.1428
I14_OG005763	not significant	0.63175	0	0.18181818181818182	0.18181818181818177	0.0	0.0625	0.0625	0.1866
I14_OG005766	not significant	0.04669	0	0.36363636363636365	0.36363636363636365	0.0	0.0625	0.0625	0.3809
I14_OG005781	not significant	0.94432	0	0.2727272727272727	0.2727272727272727	0.0	0.25	0.25	0.0255
I14_OG005788	not significant	0.99968	0	0.4090909090909091	0.4545454545454546	0.0	0.40625	0.4375	0.003
I14_OG005790	present_enriched	0.00128	1	0.7272727272727273	0.7272727272727273	0.0	0.125	0.125	0.6128
I14_OG005791	not significant	0.99643	0	0.3181818181818182	0.36363636363636365	0.0	0.3125	0.3125	0.0061
I14_OG005792	not significant	0.64678	0	0.2727272727272727	0.2727272727272727	0.0	0.1875	0.1875	0.1007
I14_OG005795	not significant	0.23914	1.0	0.7272727272727273	0.8181818181818181	0.0	0.375	0.375	0.36
I14_OG005799	not significant	0.95827	0.0	0.45454545454545453	0.4545454545454546	0.0	0.4375	0.4375	0.0169
I14_OG005801	not significant	0.32141	1	0.5909090909090909	0.6363636363636364	0.0	0.28125	0.3125	0.3223
I14_OG005803	not significant	0.16071	1	0.6363636363636364	0.7272727272727273	0.0	0.3125	0.3125	0.333
I14_OG005804	not significant	0.06362	0	0.3181818181818182	0.36363636363636365	0.0	0.0625	0.0625	0.3489
I14_OG005805	not significant	0.41204	0.5	0.5	0.5454545454545454	0.0	0.3125	0.3125	0.1928
I14_OG005806	not significant	0.67785	0	0.18181818181818182	0.18181818181818177	0.0	0.25	0.25	-0.0806
I14_OG005808	not significant	0.77836	1	0.5454545454545454	0.5454545454545454	0.0	0.4375	0.4375	0.1062
I14_OG005810	not significant	0.89743	0.5	0.5	0.5454545454545454	0.0	0.4375	0.4375	0.0628
I14_OG005811	not significant	0.9738	0	0.18181818181818182	0.18181818181818177	0.0	0.1875	0.25	-0.0077
I14_OG005812	not significant	0.37024	0.5	0.5454545454545454	0.6363636363636364	0.0	0.3125	0.3125	0.2424
I14_OG005813	not significant	0.63559	0.5	0.5	0.5454545454545454	1.0	0.59375	0.625	-0.0964
I14_OG005815	not significant	0.63379	0	0.36363636363636365	0.36363636363636365	0.75	0.53125	0.5625	-0.1683
I14_OG005816	not significant	0.71415	0	0.13636363636363635	0.18181818181818177	0.0	0.1875	0.1875	-0.0698
I14_OG005817	not significant	0.41919	0.5	0.5	0.5454545454545454	0.0	0.25	0.25	0.2626
I14_OG005818	not significant	0.61062	0	0.2727272727272727	0.2727272727272727	0.0	0.1875	0.1875	0.1007
I14_OG005819	not significant	0.99508	0	0.3181818181818182	0.36363636363636365	0.0	0.3125	0.3125	0.0061
I14_OG005821	not significant	0.8627	1	0.8181818181818182	0.8181818181818181	1.0	0.875	0.875	-0.0786
I14_OG005822	not significant	0.31908	0	0.22727272727272727	0.2727272727272727	0.0	0.09375	0.125	0.1999
I14_OG005824	not significant	0.83733	0	0.3181818181818182	0.36363636363636365	0.0	0.28125	0.3125	0.0416
I14_OG005825	not significant	0.79439	0	0.22727272727272727	0.2727272727272727	0.0	0.1875	0.1875	0.05
I14_OG005826	not significant	0.78346	0	0.36363636363636365	0.36363636363636365	0.0	0.3125	0.3125	0.0533
I14_OG005827	not significant	0.70881	0	0.36363636363636365	0.36363636363636365	0.0	0.4375	0.4375	-0.0739
I14_OG005829	not significant	0.84721	0.0	0.4090909090909091	0.4545454545454546	0.0	0.375	0.375	0.035
I14_OG005830	not significant	0.18675	0	0.36363636363636365	0.36363636363636365	0.0	0.0625	0.0625	0.3809
I14_OG005837	not significant	0.07555	1	0.5454545454545454	0.5454545454545454	0.0	0.125	0.125	0.4524
I14_OG005838	not significant	0.97437	0	0.18181818181818182	0.18181818181818177	0.0	0.1875	0.1875	-0.0072
I14_OG005840	not significant	0.02376	0.5	0.5	0.5454545454545454	0.0	0.125	0.125	0.4212
I14_OG005841	not significant	0.10202	0.5	0.5	0.5454545454545454	0.0	0.21875	0.25	0.3062
I14_OG005843	not significant	0.78535	0	0.09090909090909091	0.09090909090909094	0.0	0.125	0.125	-0.0533
I14_OG005846	not significant	0.80476	0	0.09090909090909091	0.09090909090909094	0.0	0.0625	0.0625	0.0533
I14_OG005855	not significant	0.19107	0.0	0.4090909090909091	0.4545454545454546	0.0	0.15625	0.1875	0.2982
I14_OG005865	not significant	0.35214	0	0.45454545454545453	0.4545454545454546	0.0	0.28125	0.3125	0.182
I14_OG005868	not significant	0.33317	1.0	0.7272727272727273	0.7272727272727273	0.0	0.40625	0.4375	0.3224
I14_OG005870	not significant	0.41847	1	0.5909090909090909	0.6363636363636364	0.0	0.3125	0.3125	0.282
I14_OG005872	not significant	0.88881	1	0.5909090909090909	0.6363636363636364	0.75	0.53125	0.5625	0.0613
I14_OG005873	not significant	0.75217	0.5	0.5	0.5454545454545454	0.0	0.4375	0.4375	0.0628
I14_OG005874	not significant	0.95306	0	0.22727272727272727	0.2727272727272727	0.0	0.21875	0.25	0.0107
I14_OG005875	not significant	0.60357	0	0.2727272727272727	0.2727272727272727	0.0	0.1875	0.1875	0.1007
I14_OG005876	not significant	0.82643	0.0	0.36363636363636365	0.4545454545454546	0.0	0.4375	0.4375	-0.0769
I14_OG005878	present_enriched	0.00264	1	0.5454545454545454	0.5454545454545454	0.0	0.0625	0.0625	0.5415
I14_OG005880	not significant	0.32662	1.0	0.8181818181818182	0.8181818181818181	0.5	0.5	0.5	0.3237
I14_OG005881	not significant	0.49747	0	0.13636363636363635	0.18181818181818177	0.0	0.0625	0.0625	0.1327
I14_OG005883	not significant	0.39286	0	0.0	0.0	0.0	0.0625	0.0625	-0.1626
I14_OG005884	not significant	0.99058	0	0.3181818181818182	0.36363636363636365	0.0	0.3125	0.3125	0.0061
I14_OG005885	not significant	0.78274	0	0.09090909090909091	0.09090909090909094	0.0	0.0625	0.0625	0.0533
I14_OG005886	not significant	0.89513	1	0.6363636363636364	0.6363636363636364	1.0	0.6875	0.6875	-0.0533
I14_OG005887	not significant	0.33496	1.0	0.6363636363636364	0.6363636363636364	0.0	0.3125	0.3125	0.3202
I14_OG005888	not significant	0.44493	0	0.0	0.0	0.0	0.0625	0.0625	-0.1626
I14_OG005890	not significant	0.33111	0.5	0.5	0.5454545454545454	0.0	0.25	0.25	0.2626
I14_OG005891	not significant	0.92802	0	0.13636363636363635	0.18181818181818177	0.0	0.125	0.125	0.0174
I14_OG005892	not significant	0.66068	0.5	0.5	0.5454545454545454	0.0	0.375	0.375	0.1266
I14_OG005893	not significant	0.75832	0	0.3181818181818182	0.36363636363636365	0.0	0.375	0.375	-0.0597
I14_OG005894	not significant	0.0679	0	0.13636363636363635	0.18181818181818177	1.0	0.5625	0.5625	-0.4381
I14_OG005896	not significant	0.0684	0	0.3181818181818182	0.36363636363636365	0.0	0.0625	0.0625	0.3489
I14_OG005899	not significant	0.07952	1	0.6363636363636364	0.6363636363636364	0.0	0.25	0.25	0.3864
I14_OG005900	not significant	0.11858	1	0.6363636363636364	0.7272727272727273	0.0	0.3125	0.3125	0.333
I14_OG005901	not significant	0.8277	0	0.2727272727272727	0.36363636363636365	0.0	0.3125	0.3125	-0.0448
I14_OG005902	not significant	0.80017	0	0.36363636363636365	0.36363636363636365	0.0	0.3125	0.3125	0.0533
I14_OG005903	not significant	0.22996	0.5	0.45454545454545453	0.5454545454545454	0.0	0.25	0.25	0.2227
I14_OG005904	not significant	0.04041	0	0.36363636363636365	0.36363636363636365	0.0	0.0625	0.0625	0.3809
I14_OG005905	not significant	0.70614	0	0.18181818181818182	0.18181818181818177	0.0	0.09375	0.125	0.1345
I14_OG005907	not significant	0.75792	0	0.13636363636363635	0.18181818181818177	0.0	0.1875	0.1875	-0.0698
I14_OG005909	not significant	0.85032	0.0	0.4090909090909091	0.4545454545454546	0.0	0.375	0.375	0.035
I14_OG005911	not significant	0.22932	1	0.7272727272727273	0.7272727272727273	0.0	0.375	0.375	0.3464
I14_OG005912	not significant	0.45693	0.0	0.45454545454545453	0.4545454545454546	0.0	0.3125	0.3125	0.1445
I14_OG005913	not significant	0.75941	0.5	0.45454545454545453	0.5454545454545454	0.0	0.375	0.375	0.0828
I14_OG005914	not significant	0.31463	1.0	0.6363636363636364	0.6363636363636364	0.0	0.3125	0.3125	0.3202
I14_OG005915	not significant	0.44961	0	0.3181818181818182	0.36363636363636365	0.0	0.1875	0.1875	0.1541
I14_OG005916	not significant	0.53677	0	0.36363636363636365	0.36363636363636365	0.0	0.25	0.25	0.1223
I14_OG005917	not significant	0.4493	0.5	0.5454545454545454	0.6363636363636364	0.0	0.3125	0.3125	0.2424
I14_OG005918	present_enriched	0.00601	1	0.5454545454545454	0.5454545454545454	0.0	0.0625	0.0625	0.5415
I14_OG005919	not significant	0.33906	1	0.8636363636363636	0.9090909090909091	1.0	0.59375	0.625	0.3042
I14_OG005922	not significant	0.79096	0	0.09090909090909091	0.09090909090909094	0.0	0.0625	0.0625	0.0533
I14_OG005926	not significant	0.78896	0	0.09090909090909091	0.09090909090909094	0.0	0.0625	0.0625	0.0533
I14_OG005927	not significant	0.3464	0	0.18181818181818182	0.18181818181818177	0.0	0.0625	0.0625	0.1866
I14_OG005928	not significant	0.57958	0.0	0.4090909090909091	0.4545454545454546	0.0	0.25	0.25	0.172
I14_OG005932	not significant	0.31706	0	0.2727272727272727	0.36363636363636365	0.0	0.125	0.125	0.1995
I14_OG005949	not significant	0.92918	0.0	0.36363636363636365	0.4545454545454546	0.0	0.375	0.375	-0.0121
I14_OG005950	not significant	0.9854	0	0.18181818181818182	0.18181818181818177	0.0	0.1875	0.1875	-0.0072
I14_OG005952	not significant	0.05582	1.0	0.7272727272727273	0.7272727272727273	0.0	0.25	0.25	0.4719
I14_OG005953	not significant	0.03575	1.0	0.7272727272727273	0.7272727272727273	0.0	0.3125	0.3125	0.4079
I14_OG005954	not significant	0.487	0	0.13636363636363635	0.18181818181818177	0.0	0.25	0.25	-0.1428
I14_OG005956	not significant	0.1523	0	0.2727272727272727	0.2727272727272727	0.0	0.0625	0.0625	0.2908
I14_OG005957	not significant	0.55485	0	0.22727272727272727	0.2727272727272727	0.0	0.125	0.125	0.1396
I14_OG005958	not significant	0.2328	1.0	0.5454545454545454	0.5454545454545454	0.0	0.3125	0.3125	0.233
I14_OG005959	not significant	0.21088	0.5	0.5454545454545454	0.6363636363636364	0.0	0.3125	0.3125	0.2424
I14_OG005960	not significant	0.46087	0.0	0.45454545454545453	0.4545454545454546	0.0	0.3125	0.3125	0.1445
I14_OG005961	not significant	0.01426	1.0	0.5454545454545454	0.5454545454545454	0.0	0.125	0.125	0.4524
I14_OG005962	not significant	0.23956	0	0.13636363636363635	0.18181818181818177	0.0	0.3125	0.375	-0.2198
I14_OG005964	not significant	0.68322	0	0.18181818181818182	0.18181818181818177	0.0	0.125	0.125	0.0786
I14_OG005965	not significant	0.43469	0.5	0.5	0.5454545454545454	0.0	0.25	0.25	0.2626
I14_OG005966	not significant	0.81762	0	0.18181818181818182	0.18181818181818177	0.0	0.25	0.25	-0.0806
I14_OG005967	not significant	0.98896	0	0.18181818181818182	0.18181818181818177	0.0	0.1875	0.1875	-0.0072
I14_OG005971	not significant	0.54962	0	0.36363636363636365	0.36363636363636365	0.0	0.25	0.25	0.1223
I14_OG005973	not significant	0.51384	0	0.13636363636363635	0.18181818181818177	0.0	0.0625	0.0625	0.1327
I14_OG005974	not significant	0.08476	1	0.6818181818181818	0.7272727272727273	0.0	0.3125	0.3125	0.3709
I14_OG005979	present_enriched	0.00407	1.0	0.9090909090909091	0.9090909090909091	0.5	0.5	0.5	0.4264
I14_OG005980	not significant	0.78538	0	0.09090909090909091	0.09090909090909094	0.0	0.125	0.125	-0.0533
I14_OG005981	not significant	0.31885	1	0.5909090909090909	0.6363636363636364	0.0	0.3125	0.3125	0.282
I14_OG005983	not significant	0.60038	0	0.2727272727272727	0.2727272727272727	0.0	0.1875	0.1875	0.1007
I14_OG005984	not significant	0.77993	0	0.2727272727272727	0.2727272727272727	0.0	0.21875	0.25	0.0637
I14_OG005985	not significant	0.20345	0.0	0.4090909090909091	0.4545454545454546	0.0	0.1875	0.1875	0.2489
I14_OG005986	not significant	0.1147	0.5	0.5	0.5454545454545454	0.0	0.1875	0.1875	0.3379
I14_OG005988	not significant	0.15677	0.5	0.5	0.5454545454545454	0.0	0.25	0.25	0.2626
I14_OG005989	not significant	0.98381	0	0.36363636363636365	0.36363636363636365	0.0	0.375	0.375	-0.0116
I14_OG005990	not significant	0.76846	0	0.22727272727272727	0.2727272727272727	0.0	0.28125	0.3125	-0.0637
I14_OG005991	not significant	0.87454	0	0.3181818181818182	0.36363636363636365	0.0	0.25	0.25	0.0766
I14_OG005992	not significant	0.91729	0.0	0.4090909090909091	0.4545454545454546	0.0	0.375	0.375	0.035
I14_OG005999	not significant	0.44269	0	0.18181818181818182	0.18181818181818177	0.0	0.3125	0.3125	-0.1465
I14_OG006000	present_enriched	0.00318	1.0	0.6363636363636364	0.6363636363636364	0.0	0.125	0.125	0.533
I14_OG006001	not significant	0.59111	0.0	0.4090909090909091	0.4545454545454546	0.0	0.3125	0.3125	0.1015
I14_OG006002	not significant	0.38548	0	0.3181818181818182	0.36363636363636365	0.75	0.53125	0.5625	-0.2191
I14_OG006003	not significant	0.87592	0.0	0.4090909090909091	0.4545454545454546	0.0	0.4375	0.4375	-0.0288
I14_OG006005	not significant	0.49567	0.0	0.4090909090909091	0.4545454545454546	0.0	0.1875	0.1875	0.2489
I14_OG006010	not significant	0.55644	1.0	0.8181818181818182	0.8181818181818181	1.0	0.59375	0.625	0.2427
I14_OG006015	present_enriched	0.00123	1	1.0	1.0	1.0	0.78125	0.8125	0.334
I14_OG006016	not significant	0.82195	0	0.09090909090909091	0.09090909090909094	0.0	0.0625	0.0625	0.0533
I14_OG006017	not significant	0.22155	0.0	0.4090909090909091	0.4545454545454546	0.0	0.1875	0.1875	0.2489
I14_OG006022	not significant	0.51891	1	0.7272727272727273	0.7272727272727273	0.5	0.5	0.5625	0.2365
I14_OG006023	not significant	0.90664	0	0.2727272727272727	0.2727272727272727	0.0	0.3125	0.3125	-0.0428
I14_OG006025	not significant	0.73443	0	0.18181818181818182	0.2727272727272727	0.0	0.3125	0.3125	-0.1541
I14_OG006030	not significant	0.61131	0	0.2727272727272727	0.2727272727272727	0.0	0.125	0.125	0.1869
I14_OG006031	not significant	0.70974	0	0.18181818181818182	0.18181818181818177	0.0	0.125	0.125	0.0786
I14_OG006048	not significant	0.47868	0	0.22727272727272727	0.2727272727272727	0.0	0.125	0.125	0.1396
I14_OG006053	not significant	0.57598	0	0.4090909090909091	0.4545454545454546	1.0	0.5625	0.5625	-0.1536
I14_OG006054	not significant	0.28961	1.0	0.6818181818181818	0.7272727272727273	0.0	0.375	0.375	0.3073
I14_OG006055	not significant	0.42212	0	0.36363636363636365	0.4545454545454546	0.0	0.21875	0.25	0.1712
I14_OG006056	not significant	0.14896	1	0.5454545454545454	0.5454545454545454	0.0	0.28125	0.3125	0.2716
I14_OG006059	not significant	0.43623	0	0.36363636363636365	0.36363636363636365	0.0	0.1875	0.1875	0.1975
I14_OG006060	not significant	0.23543	1.0	0.5454545454545454	0.5454545454545454	0.0	0.3125	0.3125	0.233
I14_OG006061	not significant	0.75301	1.0	0.7727272727272727	0.8181818181818181	1.0	0.875	0.875	-0.1396
I14_OG006064	not significant	0.02169	0.0	0.45454545454545453	0.4545454545454546	0.0	0.0625	0.0625	0.4633
I14_OG006065	not significant	0.23479	0.5	0.5	0.5454545454545454	0.0	0.25	0.25	0.2626
I14_OG006066	not significant	0.85625	0	0.09090909090909091	0.09090909090909094	0.0	0.125	0.125	-0.0533
I14_OG006067	not significant	0.69114	0	0.3181818181818182	0.36363636363636365	0.0	0.25	0.25	0.0766
I14_OG006068	not significant	0.52752	0	0.09090909090909091	0.09090909090909094	0.0	0.25	0.25	-0.2012
I14_OG006073	not significant	0.08844	1.0	0.6363636363636364	0.6363636363636364	0.0	0.3125	0.3125	0.3202
I14_OG006075	not significant	0.12267	1	0.6363636363636364	0.6363636363636364	0.0	0.3125	0.3125	0.3202
I14_OG006076	not significant	0.20158	1	0.9090909090909091	0.9090909090909091	1.0	0.625	0.625	0.3185
I14_OG006081	not significant	0.86635	1.0	0.5909090909090909	0.6363636363636364	0.5	0.5	0.5	0.0913
I14_OG006083	not significant	0.83587	0.0	0.45454545454545453	0.4545454545454546	0.5	0.5	0.5	-0.0447
I14_OG006085	not significant	0.85602	0.0	0.4090909090909091	0.4545454545454546	0.0	0.375	0.375	0.035
I14_OG006087	not significant	0.95241	0	0.36363636363636365	0.36363636363636365	0.0	0.375	0.375	-0.0116
I14_OG006088	not significant	0.6347	0.0	0.36363636363636365	0.4545454545454546	0.0	0.25	0.25	0.1281
I14_OG006089	not significant	0.82998	0	0.2727272727272727	0.2727272727272727	0.0	0.3125	0.3125	-0.0428
I14_OG006090	not significant	0.7019	0.0	0.45454545454545453	0.4545454545454546	0.0	0.375	0.375	0.0795
I14_OG006092	not significant	0.01092	1.0	0.5454545454545454	0.5454545454545454	0.0	0.125	0.125	0.4524
I14_OG006093	not significant	0.04824	1	0.7272727272727273	0.7272727272727273	0.0	0.25	0.25	0.4719
I14_OG006096	not significant	0.14514	0	0.2727272727272727	0.2727272727272727	0.0	0.0625	0.0625	0.2908
I14_OG006099	not significant	0.78304	0	0.09090909090909091	0.09090909090909094	0.0	0.125	0.125	-0.0533
I14_OG006101	not significant	0.1883	1	0.5909090909090909	0.6363636363636364	0.0	0.25	0.25	0.3505
I14_OG006103	not significant	0.58595	0.0	0.4090909090909091	0.4545454545454546	0.0	0.3125	0.3125	0.1015
I14_OG006104	not significant	0.68788	0	0.3181818181818182	0.36363636363636365	0.0	0.1875	0.1875	0.1541
I14_OG006105	not significant	0.23506	0	0.2727272727272727	0.2727272727272727	0.0	0.0625	0.0625	0.2908
I14_OG006108	not significant	0.19633	0.0	0.45454545454545453	0.4545454545454546	0.0	0.125	0.125	0.3695
I14_OG006110	not significant	0.58137	1	0.7272727272727273	0.7272727272727273	0.5	0.5	0.5	0.2273
I14_OG006114	not significant	0.13365	0	0.36363636363636365	0.36363636363636365	0.0	0.125	0.125	0.282
I14_OG006117	not significant	0.02032	0.0	0.45454545454545453	0.4545454545454546	0.0	0.0625	0.0625	0.4633
I14_OG006125	not significant	0.63312	1.0	0.5454545454545454	0.5454545454545454	0.0	0.34375	0.375	0.2043
I14_OG006145	not significant	0.08651	1.0	0.6363636363636364	0.6363636363636364	0.0	0.3125	0.3125	0.3202
I14_OG006146	not significant	0.38214	0	0.2727272727272727	0.2727272727272727	0.0	0.4375	0.4375	-0.1677
I14_OG006147	not significant	0.99682	0	0.3181818181818182	0.36363636363636365	0.0	0.3125	0.3125	0.0061
I14_OG006148	not significant	0.8241	0	0.2727272727272727	0.36363636363636365	0.0	0.3125	0.3125	-0.0448
I14_OG006149	not significant	0.13367	0	0.13636363636363635	0.18181818181818177	0.0	0.375	0.4375	-0.282
I14_OG006150	not significant	0.69474	1.0	0.7727272727272727	0.8181818181818181	1.0	0.625	0.6875	0.1674
I14_OG006151	not significant	0.18718	0.5	0.5	0.5454545454545454	0.0	0.1875	0.1875	0.3379
I14_OG006152	not significant	0.63562	0	0.2727272727272727	0.2727272727272727	0.0	0.1875	0.1875	0.1007
I14_OG006153	not significant	0.78565	0	0.09090909090909091	0.09090909090909094	0.0	0.125	0.125	-0.0533
I14_OG006154	not significant	0.33606	0	0.18181818181818182	0.18181818181818177	0.0	0.0625	0.0625	0.1866
I14_OG006157	not significant	0.02735	0.0	0.36363636363636365	0.4545454545454546	0.0	0.0625	0.0625	0.4067
I14_OG006158	not significant	0.33486	0	0.2727272727272727	0.2727272727272727	0.0	0.125	0.125	0.1869
I14_OG006159	not significant	0.33779	0	0.18181818181818182	0.18181818181818177	0.0	0.0625	0.0625	0.1866
I14_OG006160	not significant	0.26779	0.0	0.45454545454545453	0.4545454545454546	0.0	0.25	0.25	0.2132
I14_OG006161	not significant	0.18712	0	0.22727272727272727	0.2727272727272727	0.0	0.0625	0.0625	0.2516
I14_OG006162	not significant	0.78542	0	0.09090909090909091	0.09090909090909094	0.0	0.0625	0.0625	0.0533
I14_OG006164	not significant	0.67586	0	0.18181818181818182	0.18181818181818177	0.0	0.25	0.25	-0.0806
I14_OG006165	not significant	0.67424	1	0.8181818181818182	0.8181818181818181	1.0	0.65625	0.6875	0.1819
I14_OG006166	not significant	0.2876	0.0	0.4090909090909091	0.4545454545454546	0.0	0.1875	0.1875	0.2489
I14_OG006167	not significant	0.73888	0	0.36363636363636365	0.36363636363636365	0.0	0.4375	0.4375	-0.0739
I14_OG006168	not significant	0.87699	0	0.22727272727272727	0.2727272727272727	0.0	0.1875	0.1875	0.05
I14_OG006169	not significant	0.98102	0	0.18181818181818182	0.18181818181818177	0.0	0.1875	0.1875	-0.0072
I14_OG006170	not significant	0.85644	1.0	0.5909090909090909	0.6363636363636364	0.5	0.5	0.5	0.0913
I14_OG006171	not significant	0.6892	0	0.2727272727272727	0.2727272727272727	0.0	0.125	0.125	0.1869
I14_OG006172	not significant	0.99306	0	0.3181818181818182	0.36363636363636365	0.0	0.3125	0.3125	0.0061
I14_OG006173	not significant	0.37177	0	0.2727272727272727	0.2727272727272727	0.0	0.4375	0.4375	-0.1677
I14_OG006176	not significant	0.21339	0	0.3181818181818182	0.36363636363636365	0.0	0.125	0.125	0.2427
I14_OG006177	not significant	0.63887	0	0.36363636363636365	0.36363636363636365	0.0	0.28125	0.3125	0.0891
I14_OG006178	not significant	0.028	0	0.2727272727272727	0.2727272727272727	0.0	0.0	0.0	0.4264
I14_OG006179	not significant	0.75168	0.0	0.4090909090909091	0.4545454545454546	0.0	0.28125	0.3125	0.1392
I14_OG006180	not significant	0.80676	0.0	0.45454545454545453	0.4545454545454546	0.0	0.40625	0.4375	0.0489
I14_OG006184	not significant	0.84723	0.0	0.4090909090909091	0.4545454545454546	0.0	0.375	0.375	0.035
I14_OG006185	not significant	1.0	0.5	0.5	0.5454545454545454	0.5	0.5	0.5	0.0
I14_OG006186	not significant	0.31329	0	0.36363636363636365	0.36363636363636365	0.0	0.1875	0.1875	0.1975
I14_OG006188	not significant	0.75603	0	0.3181818181818182	0.36363636363636365	0.0	0.375	0.375	-0.0597
I14_OG006190	not significant	0.84336	0.0	0.4090909090909091	0.4545454545454546	0.0	0.375	0.375	0.035
I14_OG006191	not significant	0.67082	1.0	0.6363636363636364	0.6363636363636364	0.5	0.5	0.5	0.1348
I14_OG006193	not significant	0.66806	0.5	0.45454545454545453	0.5454545454545454	0.0	0.375	0.375	0.0828
I14_OG006200	not significant	0.09551	1	0.6363636363636364	0.7272727272727273	0.0	0.25	0.25	0.4021
I14_OG006201	not significant	0.1063	0.5	0.5	0.5454545454545454	0.0	0.21875	0.25	0.3062
I14_OG006202	not significant	0.75874	1.0	0.6363636363636364	0.6363636363636364	0.5	0.5	0.5	0.1348
I14_OG006203	not significant	0.88116	0	0.09090909090909091	0.09090909090909094	0.0	0.125	0.125	-0.0533
I14_OG006205	not significant	0.24114	0.0	0.4090909090909091	0.4545454545454546	0.0	0.1875	0.1875	0.2489
I14_OG006206	not significant	0.37487	0	0.36363636363636365	0.36363636363636365	1.0	0.5625	0.5625	-0.1956
I14_OG006222	not significant	0.79492	0	0.3181818181818182	0.36363636363636365	0.0	0.375	0.375	-0.0597
I14_OG006228	not significant	0.19684	0	0.22727272727272727	0.2727272727272727	0.0	0.0625	0.0625	0.2516
I14_OG006232	not significant	0.63703	0	0.3181818181818182	0.36363636363636365	0.0	0.40625	0.4375	-0.0934
I14_OG006233	not significant	0.31219	0	0.36363636363636365	0.36363636363636365	0.0	0.1875	0.1875	0.1975
I14_OG006235	not significant	0.62778	1	0.6363636363636364	0.6363636363636364	0.0	0.4375	0.4375	0.1956
I14_OG006236	not significant	0.58416	1.0	0.6818181818181818	0.7272727272727273	0.5	0.5	0.5	0.1842
I14_OG006239	not significant	0.68455	0	0.18181818181818182	0.18181818181818177	0.0	0.125	0.125	0.0786
I14_OG006240	not significant	0.86918	0	0.3181818181818182	0.36363636363636365	0.0	0.25	0.25	0.0766
I14_OG006247	not significant	0.73284	0	0.2727272727272727	0.36363636363636365	0.0	0.21875	0.25	0.0674
I14_OG006248	not significant	0.98846	0	0.18181818181818182	0.18181818181818177	0.0	0.1875	0.1875	-0.0072
I14_OG006249	not significant	0.65405	0	0.18181818181818182	0.2727272727272727	0.0	0.25	0.25	-0.0853
I14_OG006250	not significant	0.98244	0	0.3181818181818182	0.36363636363636365	0.0	0.3125	0.3125	0.0061
I14_OG006251	not significant	0.30497	0	0.13636363636363635	0.18181818181818177	0.0	0.3125	0.3125	-0.2078
I14_OG006256	not significant	0.84206	0.0	0.4090909090909091	0.4545454545454546	0.0	0.375	0.375	0.035
I14_OG006257	not significant	0.79373	0	0.36363636363636365	0.36363636363636365	0.0	0.3125	0.3125	0.0533
I14_OG006258	not significant	0.76067	1.0	0.5454545454545454	0.5454545454545454	0.0	0.40625	0.4375	0.1398
I14_OG006260	not significant	0.07836	1.0	0.6363636363636364	0.6363636363636364	0.0	0.25	0.25	0.3864
I14_OG006261	not significant	0.25753	0	0.2727272727272727	0.2727272727272727	0.0	0.0625	0.0625	0.2908
I14_OG006262	not significant	0.31485	0.5	0.5	0.5454545454545454	0.0	0.3125	0.3125	0.1928
I14_OG006263	not significant	0.09762	1.0	0.7272727272727273	0.7272727272727273	0.0	0.3125	0.3125	0.4079
I14_OG006266	not significant	0.67772	0	0.4090909090909091	0.4545454545454546	0.0	0.25	0.25	0.172
I14_OG006268	not significant	0.63362	0	0.22727272727272727	0.2727272727272727	0.0	0.3125	0.3125	-0.0957
I14_OG006269	not significant	0.81274	0	0.36363636363636365	0.36363636363636365	0.0	0.3125	0.3125	0.0533
I14_OG006272	not significant	0.82989	0	0.2727272727272727	0.2727272727272727	0.0	0.3125	0.3125	-0.0428
I14_OG006276	not significant	0.76735	0	0.3181818181818182	0.36363636363636365	0.0	0.375	0.375	-0.0597
I14_OG006278	not significant	0.86647	0	0.36363636363636365	0.36363636363636365	0.0	0.4375	0.4375	-0.0739
I14_OG006279	not significant	0.75453	0	0.3181818181818182	0.36363636363636365	0.0	0.375	0.375	-0.0597
I14_OG006280	not significant	0.19952	1	0.8181818181818182	0.8181818181818181	0.0	0.4375	0.4375	0.3807
I14_OG006282	not significant	0.01556	0.0	0.45454545454545453	0.4545454545454546	0.0	0.0625	0.0625	0.4633
I14_OG006283	not significant	0.25123	1	0.7727272727272727	0.8181818181818181	0.0	0.4375	0.4375	0.3396
I14_OG006288	not significant	0.33121	0	0.2727272727272727	0.2727272727272727	0.0	0.125	0.125	0.1869
I14_OG006294	not significant	0.10572	1.0	0.6363636363636364	0.6363636363636364	0.0	0.25	0.25	0.3864
I14_OG006295	not significant	0.02163	0.0	0.4090909090909091	0.4545454545454546	0.0	0.0	0.0	0.5583
I14_OG006298	not significant	0.7155	0	0.3181818181818182	0.36363636363636365	0.0	0.1875	0.1875	0.1541
I14_OG006299	not significant	0.63475	1.0	0.8181818181818182	0.8181818181818181	1.0	0.625	0.625	0.2079
I14_OG006328	not significant	0.93337	0	0.13636363636363635	0.18181818181818177	0.0	0.125	0.125	0.0174
I14_OG006329	not significant	0.13255	0	0.2727272727272727	0.2727272727272727	0.0	0.0625	0.0625	0.2908
I14_OG006330	not significant	0.83419	0.0	0.45454545454545453	0.4545454545454546	0.0	0.375	0.375	0.0795
I14_OG006332	not significant	0.37186	0.0	0.4090909090909091	0.4545454545454546	0.0	0.25	0.25	0.172
I14_OG006334	present_enriched	0.00308	1.0	0.6818181818181818	0.7272727272727273	0.0	0.0625	0.0625	0.6697
I14_OG006337	not significant	0.5706	0.0	0.36363636363636365	0.4545454545454546	0.0	0.25	0.25	0.1281
I14_OG006339	not significant	0.69287	0	0.3181818181818182	0.36363636363636365	0.0	0.25	0.25	0.0766
I14_OG006340	not significant	0.84809	1.0	0.5909090909090909	0.6363636363636364	1.0	0.625	0.625	-0.035
I14_OG006341	not significant	0.92687	0.5	0.45454545454545453	0.5454545454545454	0.0	0.4375	0.4375	0.0175
I14_OG006342	not significant	0.05413	1	0.5909090909090909	0.6363636363636364	0.0	0.25	0.25	0.3505
I14_OG006344	not significant	0.95962	0	0.2727272727272727	0.2727272727272727	0.0	0.28125	0.3125	-0.0096
I14_OG006345	not significant	0.43703	0	0.18181818181818182	0.18181818181818177	0.0	0.3125	0.3125	-0.1465
I14_OG006349	not significant	0.61979	1	0.7272727272727273	0.8181818181818181	1.0	0.5625	0.5625	0.1747
I14_OG006350	not significant	0.1535	0	0.13636363636363635	0.18181818181818177	0.0	0.375	0.375	-0.268
I14_OG006351	not significant	0.87856	1	0.8181818181818182	0.8181818181818181	1.0	0.75	0.75	0.0806
I14_OG006352	not significant	0.73369	0	0.3181818181818182	0.36363636363636365	0.0	0.25	0.25	0.0766
I14_OG006353	not significant	0.38975	1	1.0	1.0	1.0	0.8125	0.8125	0.2932
I14_OG006355	not significant	0.53288	0	0.3181818181818182	0.36363636363636365	0.0	0.4375	0.4375	-0.1227
I14_OG006358	not significant	0.50155	1	0.6363636363636364	0.6363636363636364	0.0	0.375	0.375	0.257
I14_OG006360	not significant	0.60061	0	0.22727272727272727	0.2727272727272727	0.0	0.125	0.125	0.1396
I14_OG006361	not significant	0.18371	1.0	0.5909090909090909	0.6363636363636364	0.0	0.34375	0.375	0.2541
I14_OG006363	not significant	0.45984	0	0.22727272727272727	0.2727272727272727	0.0	0.0625	0.0625	0.2516
I14_OG006364	not significant	0.48368	0	0.22727272727272727	0.2727272727272727	0.0	0.125	0.125	0.1396
I14_OG006365	not significant	0.37024	1.0	0.5454545454545454	0.5454545454545454	0.0	0.375	0.375	0.1685
I14_OG006369	not significant	0.78685	0.0	0.45454545454545453	0.4545454545454546	0.0	0.34375	0.375	0.1139
I14_OG006370	not significant	0.79847	0	0.09090909090909091	0.09090909090909094	0.0	0.0625	0.0625	0.0533
I14_OG006374	not significant	0.65257	0	0.22727272727272727	0.2727272727272727	0.0	0.3125	0.3125	-0.0957
I14_OG006375	not significant	0.91319	0	0.2727272727272727	0.36363636363636365	0.0	0.25	0.25	0.0268
I14_OG006377	not significant	0.75399	0	0.22727272727272727	0.2727272727272727	0.0	0.28125	0.3125	-0.0637
I14_OG006378	not significant	0.69153	0	0.3181818181818182	0.36363636363636365	0.0	0.25	0.25	0.0766
I14_OG006381	not significant	0.49128	1.0	0.6818181818181818	0.7272727272727273	0.5	0.5	0.5	0.1842
I14_OG006382	not significant	0.76245	0.0	0.36363636363636365	0.4545454545454546	0.0	0.3125	0.3125	0.0557
I14_OG006383	not significant	0.75598	0	0.3181818181818182	0.36363636363636365	0.0	0.375	0.375	-0.0597
I14_OG006384	not significant	0.26062	0.0	0.4090909090909091	0.4545454545454546	0.0	0.21875	0.25	0.2146
I14_OG006385	not significant	0.09063	0	0.18181818181818182	0.18181818181818177	0.0	0.0	0.0	0.3411
I14_OG006392	not significant	0.06512	0	0.18181818181818182	0.18181818181818177	0.0	0.0	0.0	0.3411
I14_OG006393	not significant	0.15157	0	0.36363636363636365	0.36363636363636365	0.0	0.125	0.125	0.282
I14_OG006394	not significant	0.97712	1	0.6363636363636364	0.7272727272727273	1.0	0.625	0.625	0.0121
I14_OG006395	not significant	0.11203	0.5	0.45454545454545453	0.5454545454545454	0.0	0.1875	0.1875	0.301
I14_OG006396	not significant	0.78487	0	0.2727272727272727	0.2727272727272727	0.0	0.15625	0.1875	0.1463
I14_OG006398	not significant	0.91846	0	0.2727272727272727	0.2727272727272727	0.0	0.25	0.25	0.0255
I14_OG006399	not significant	0.11679	1	0.5454545454545454	0.5454545454545454	0.0	0.25	0.25	0.3006
I14_OG006425	not significant	0.45099	1.0	0.6363636363636364	0.7272727272727273	0.0	0.375	0.375	0.2671
I14_OG006426	not significant	0.09387	0	0.4090909090909091	0.4545454545454546	0.0	0.125	0.125	0.3351
I14_OG006427	not significant	0.75685	0	0.3181818181818182	0.36363636363636365	0.0	0.375	0.375	-0.0597
I14_OG006428	not significant	0.06371	1.0	0.7272727272727273	0.7272727272727273	0.0	0.34375	0.375	0.3841
I14_OG006429	not significant	0.83256	1	0.5909090909090909	0.6363636363636364	0.5	0.5	0.5	0.0913
I14_OG006430	not significant	0.74236	0	0.18181818181818182	0.18181818181818177	0.0	0.25	0.25	-0.0806
I14_OG006431	not significant	0.05691	0	0.3181818181818182	0.36363636363636365	0.0	0.0625	0.0625	0.3489
I14_OG006432	not significant	0.77368	0.5	0.5	0.5454545454545454	0.0	0.4375	0.4375	0.0628
I14_OG006433	not significant	0.57627	1.0	0.6818181818181818	0.7272727272727273	0.5	0.5	0.5	0.1842
I14_OG006436	not significant	0.13703	0	0.045454545454545456	0.09090909090909094	0.0	0.25	0.25	-0.2791
I14_OG006437	not significant	0.37105	0.0	0.4090909090909091	0.4545454545454546	0.0	0.25	0.25	0.172
I14_OG006438	not significant	0.13046	0	0.2727272727272727	0.2727272727272727	0.0	0.0625	0.0625	0.2908
I14_OG006439	not significant	0.34328	0	0.18181818181818182	0.18181818181818177	0.0	0.0625	0.0625	0.1866
I14_OG006440	not significant	0.23993	0	0.22727272727272727	0.2727272727272727	0.0	0.4375	0.4375	-0.2208
I14_OG006441	not significant	0.13696	1.0	0.8181818181818182	0.8181818181818181	0.0	0.40625	0.4375	0.4173
I14_OG006444	not significant	0.32032	0	0.36363636363636365	0.36363636363636365	0.0	0.1875	0.1875	0.1975
I14_OG006446	not significant	0.39425	0	0.0	0.0	0.0	0.0625	0.0625	-0.1626
I14_OG006447	not significant	0.37922	0	0.36363636363636365	0.36363636363636365	0.0	0.1875	0.1875	0.1975
I14_OG006452	not significant	0.68412	0	0.18181818181818182	0.18181818181818177	0.0	0.125	0.125	0.0786
I14_OG006454	not significant	0.84036	0	0.3181818181818182	0.36363636363636365	0.0	0.25	0.25	0.0766
I14_OG006457	not significant	0.89619	0	0.3181818181818182	0.36363636363636365	0.0	0.34375	0.375	-0.0278
I14_OG006460	not significant	0.46971	0	0.2727272727272727	0.2727272727272727	0.0	0.40625	0.4375	-0.1403
I14_OG006461	not significant	0.71215	0	0.36363636363636365	0.36363636363636365	0.0	0.4375	0.4375	-0.0739
I14_OG006462	not significant	0.7543	0	0.3181818181818182	0.36363636363636365	0.0	0.375	0.375	-0.0597
I14_OG006463	not significant	0.75844	0	0.3181818181818182	0.36363636363636365	0.0	0.375	0.375	-0.0597
I14_OG006465	not significant	0.27934	0.0	0.45454545454545453	0.4545454545454546	0.0	0.25	0.25	0.2132
I14_OG006467	not significant	0.02192	0.5	0.5	0.5454545454545454	0.0	0.125	0.125	0.4212
I14_OG006468	present_enriched	0.00142	1.0	0.5454545454545454	0.5454545454545454	0.0	0.0625	0.0625	0.5415
I14_OG006475	not significant	0.83034	0	0.2727272727272727	0.2727272727272727	0.0	0.3125	0.3125	-0.0428
I14_OG006478	not significant	0.15094	0	0.36363636363636365	0.36363636363636365	0.0	0.125	0.125	0.282
I14_OG006482	not significant	0.19079	1	0.6363636363636364	0.6363636363636364	0.0	0.25	0.25	0.3864
I14_OG006484	not significant	0.20446	0	0.4090909090909091	0.4545454545454546	0.0	0.1875	0.1875	0.2489
I14_OG006485	not significant	0.27966	1.0	0.7272727272727273	0.7272727272727273	0.0	0.375	0.375	0.3464
I14_OG006489	not significant	0.83279	0	0.3181818181818182	0.36363636363636365	0.0	0.28125	0.3125	0.0416
I14_OG006491	present_enriched	0.0023	0.5	0.5	0.5454545454545454	0.0	0.0625	0.0625	0.516
I14_OG006498	not significant	0.48403	0	0.22727272727272727	0.2727272727272727	0.0	0.125	0.125	0.1396
I14_OG006503	not significant	0.78197	0	0.09090909090909091	0.09090909090909094	0.0	0.125	0.125	-0.0533
I14_OG006504	not significant	0.03212	0	0.045454545454545456	0.09090909090909094	0.0	0.375	0.375	-0.3887
I14_OG006522	not significant	0.78972	0.0	0.4090909090909091	0.4545454545454546	0.0	0.3125	0.3125	0.1015
I14_OG006528	not significant	0.03607	0	0.36363636363636365	0.36363636363636365	0.0	0.0625	0.0625	0.3809
I14_OG006533	not significant	0.5651	0	0.2727272727272727	0.2727272727272727	0.0	0.125	0.125	0.1869
I14_OG006536	not significant	0.72575	1	0.5909090909090909	0.6363636363636364	0.0	0.4375	0.4375	0.1536
I14_OG006538	not significant	0.1992	1.0	0.6818181818181818	0.7272727272727273	0.0	0.375	0.375	0.3073
I14_OG006540	not significant	0.37681	0.0	0.4090909090909091	0.4545454545454546	0.0	0.25	0.25	0.172
I14_OG006541	not significant	0.64835	1	0.5454545454545454	0.5454545454545454	0.0	0.4375	0.4375	0.1062
I14_OG006544	not significant	0.68061	0.5	0.5454545454545454	0.6363636363636364	0.0	0.40625	0.4375	0.1455
I14_OG006545	not significant	0.46887	0.5	0.45454545454545453	0.5454545454545454	0.0	0.3125	0.3125	0.1506
I14_OG006553	not significant	0.84338	0.0	0.4090909090909091	0.4545454545454546	0.0	0.375	0.375	0.035
I14_OG006555	not significant	0.84441	0.0	0.4090909090909091	0.4545454545454546	0.0	0.375	0.375	0.035
I14_OG006558	not significant	0.33707	0	0.2727272727272727	0.2727272727272727	0.0	0.125	0.125	0.1869
I14_OG006569	not significant	0.90967	0	0.09090909090909091	0.09090909090909094	0.0	0.0625	0.0625	0.0533
I14_OG006571	not significant	0.79199	0.5	0.5	0.5454545454545454	0.0	0.375	0.375	0.1266
I14_OG006572	not significant	0.32272	0.0	0.45454545454545453	0.4545454545454546	0.0	0.1875	0.1875	0.2874
I14_OG006578	not significant	0.81881	0	0.36363636363636365	0.36363636363636365	0.0	0.3125	0.3125	0.0533
I14_OG006592	not significant	0.07187	0	0.3181818181818182	0.36363636363636365	0.0	0.0625	0.0625	0.3489
I14_OG006599	not significant	0.5166	0	0.36363636363636365	0.36363636363636365	0.0	0.25	0.25	0.1223
I14_OG006609	not significant	0.66794	0	0.3181818181818182	0.36363636363636365	0.0	0.1875	0.1875	0.1541
I14_OG006627	not significant	0.7948	0	0.09090909090909091	0.09090909090909094	0.0	0.125	0.125	-0.0533
I14_OG006628	not significant	0.94419	0.0	0.45454545454545453	0.4545454545454546	0.5	0.5	0.5	-0.0447
I14_OG006637	not significant	0.60658	1	0.7727272727272727	0.8181818181818181	1.0	0.59375	0.625	0.1948
I14_OG006640	not significant	0.19692	1	0.7272727272727273	0.7272727272727273	0.0	0.375	0.375	0.3464
I14_OG006642	not significant	0.69453	0	0.3181818181818182	0.36363636363636365	0.0	0.25	0.25	0.0766
I14_OG006650	not significant	0.50776	0.5	0.5	0.5454545454545454	0.0	0.375	0.375	0.1266
I14_OG006654	not significant	0.48813	0.0	0.4090909090909091	0.4545454545454546	0.0	0.28125	0.3125	0.1392
I14_OG006656	not significant	0.84369	0.0	0.4090909090909091	0.4545454545454546	0.0	0.375	0.375	0.035
I14_OG006661	not significant	0.75652	0	0.3181818181818182	0.36363636363636365	0.0	0.375	0.375	-0.0597
I14_OG006662	not significant	0.67645	1	0.9090909090909091	0.9090909090909091	1.0	0.75	0.75	0.2012
I14_OG006663	not significant	0.91129	0	0.2727272727272727	0.2727272727272727	0.0	0.25	0.3125	0.0268
I14_OG006668	not significant	0.98749	0	0.3181818181818182	0.36363636363636365	0.0	0.3125	0.3125	0.0061
I14_OG006669	not significant	0.58145	0	0.2727272727272727	0.2727272727272727	0.0	0.375	0.375	-0.1066
I14_OG006681	not significant	0.25396	1.0	0.8636363636363636	0.9090909090909091	1.0	0.5625	0.5625	0.3257
I14_OG006696	not significant	0.86833	0	0.09090909090909091	0.09090909090909094	0.0	0.125	0.125	-0.0533
I14_OG006697	not significant	0.23959	1	0.7727272727272727	0.8181818181818181	0.0	0.4375	0.4375	0.3396
I14_OG006700	not significant	0.57337	0.5	0.5454545454545454	0.6363636363636364	0.0	0.4375	0.4375	0.1103
I14_OG006723	not significant	0.32766	1	0.8636363636363636	0.9090909090909091	1.0	0.5625	0.5625	0.3257
I14_OG006726	not significant	0.15328	1	0.5454545454545454	0.5454545454545454	0.0	0.28125	0.3125	0.2716
I14_OG006728	not significant	0.75743	0.0	0.4090909090909091	0.4545454545454546	0.0	0.3125	0.3125	0.1015
I14_OG006744	not significant	0.95095	0	0.13636363636363635	0.18181818181818177	0.0	0.125	0.125	0.0174
I14_OG006754	not significant	0.94388	1	0.5454545454545454	0.5454545454545454	0.5	0.5	0.5	0.0447
I14_OG006756	not significant	0.57811	0	0.3181818181818182	0.36363636363636365	0.0	0.21875	0.25	0.1173
I14_OG006757	not significant	0.60136	1.0	0.6363636363636364	0.6363636363636364	0.0	0.4375	0.4375	0.1956
I14_OG006758	not significant	0.66555	1.0	0.5454545454545454	0.5454545454545454	0.0	0.375	0.375	0.1685
I14_OG006760	not significant	0.39276	0	0.22727272727272727	0.2727272727272727	0.0	0.375	0.375	-0.1598
I14_OG006764	not significant	0.33922	0	0.2727272727272727	0.2727272727272727	0.0	0.125	0.125	0.1869
I14_OG006765	not significant	0.68738	0	0.18181818181818182	0.18181818181818177	0.0	0.125	0.125	0.0786
I14_OG006767	not significant	0.50148	1	0.9090909090909091	0.9090909090909091	1.0	0.78125	0.8125	0.1745
I14_OG006768	not significant	0.84594	0	0.18181818181818182	0.18181818181818177	0.0	0.125	0.125	0.0786
I14_OG006770	not significant	0.69692	0	0.18181818181818182	0.18181818181818177	0.0	0.25	0.25	-0.0806
I14_OG006771	not significant	0.39155	1	0.5454545454545454	0.5454545454545454	0.0	0.3125	0.3125	0.233
I14_OG006776	not significant	0.51085	1	0.7727272727272727	0.8181818181818181	1.0	0.5625	0.5625	0.2208
I14_OG006786	not significant	0.33461	0	0.2727272727272727	0.2727272727272727	0.0	0.125	0.125	0.1869
I14_OG006787	not significant	0.76933	0.0	0.36363636363636365	0.4545454545454546	0.0	0.3125	0.3125	0.0557
I14_OG006794	not significant	0.05689	1	0.5454545454545454	0.5454545454545454	0.0	0.1875	0.1875	0.3731
I14_OG006797	not significant	0.95377	1.0	0.5909090909090909	0.6363636363636364	1.0	0.5625	0.5625	0.0288
I14_OG006800	not significant	0.7615	0.0	0.45454545454545453	0.4545454545454546	0.0	0.3125	0.3125	0.1445
I14_OG006805	not significant	0.38227	0.0	0.4090909090909091	0.4545454545454546	0.0	0.25	0.25	0.172
I14_OG006806	not significant	0.76906	0.0	0.36363636363636365	0.4545454545454546	0.0	0.3125	0.3125	0.0557
I14_OG006809	not significant	0.86973	0.0	0.4090909090909091	0.4545454545454546	0.0	0.4375	0.4375	-0.0288
I14_OG006812	not significant	0.4766	0.0	0.36363636363636365	0.4545454545454546	0.5	0.5	0.5	-0.1402
I14_OG006816	not significant	0.81994	1.0	0.7272727272727273	0.7272727272727273	1.0	0.625	0.625	0.1066
I14_OG006820	not significant	0.12639	0	0.2727272727272727	0.2727272727272727	0.0	0.0625	0.0625	0.2908
I14_OG006823	not significant	0.11309	1	0.5454545454545454	0.5454545454545454	0.0	0.25	0.25	0.3006
I14_OG006824	not significant	0.37254	1.0	0.5454545454545454	0.5454545454545454	0.0	0.25	0.25	0.3006
I14_OG006826	present_enriched	0.00062	1.0	0.5454545454545454	0.5454545454545454	0.0	0.125	0.125	0.4524
I14_OG006827	not significant	0.52504	0	0.13636363636363635	0.18181818181818177	0.0	0.0625	0.0625	0.1327
I14_OG006828	not significant	0.15519	0.5	0.5	0.5454545454545454	0.0	0.25	0.25	0.2626
I14_OG006829	present_enriched	0.00182	0.5	0.5	0.5454545454545454	0.0	0.0625	0.0625	0.516
I14_OG006831	not significant	0.3852	1	1.0	1.0	1.0	0.8125	0.8125	0.2932
I14_OG006832	not significant	0.98921	0	0.18181818181818182	0.18181818181818177	0.0	0.1875	0.1875	-0.0072
I14_OG006840	not significant	0.52411	0	0.13636363636363635	0.18181818181818177	0.0	0.0625	0.0625	0.1327
I14_OG006863	not significant	0.3167	0	0.4090909090909091	0.4545454545454546	0.0	0.1875	0.1875	0.2489
I14_OG006869	not significant	0.91146	0	0.22727272727272727	0.2727272727272727	0.0	0.25	0.25	-0.0268
I14_OG006874	not significant	0.76013	1	0.6363636363636364	0.7272727272727273	1.0	0.5625	0.5625	0.0769
I14_OG006876	not significant	0.28056	0.5	0.5	0.5454545454545454	0.0	0.1875	0.1875	0.3379
I14_OG006879	not significant	0.8491	1	0.5454545454545454	0.5454545454545454	0.5	0.5	0.5	0.0447
I14_OG006884	not significant	0.97972	0	0.18181818181818182	0.2727272727272727	0.0	0.1875	0.1875	-0.0077
I14_OG006885	not significant	0.60117	0	0.2727272727272727	0.2727272727272727	0.0	0.1875	0.1875	0.1007
I14_OG006886	not significant	0.68554	0	0.18181818181818182	0.18181818181818177	0.0	0.125	0.125	0.0786
I14_OG006888	not significant	0.9539	0.0	0.4090909090909091	0.4545454545454546	0.0	0.4375	0.4375	-0.0288
I14_OG006889	not significant	0.23668	0	0.0	0.0	0.0	0.125	0.125	-0.2345
I14_OG006893	not significant	0.79731	0	0.09090909090909091	0.09090909090909094	0.0	0.125	0.125	-0.0533
I14_OG006894	not significant	0.40916	0	0.3181818181818182	0.36363636363636365	0.0	0.1875	0.1875	0.1541
I14_OG006896	not significant	0.56067	1	0.7727272727272727	0.8181818181818181	1.0	0.5625	0.5625	0.2208
I14_OG006899	not significant	0.20774	0	0.3181818181818182	0.36363636363636365	0.0	0.125	0.125	0.2427
I14_OG006911	not significant	0.36521	0	0.2727272727272727	0.36363636363636365	0.0	0.4375	0.4375	-0.1747
I14_OG006912	not significant	0.18504	1.0	0.8181818181818182	0.8181818181818181	0.25	0.46875	0.5	0.3593
I14_OG006913	not significant	0.39622	0	0.18181818181818182	0.2727272727272727	0.0	0.3125	0.375	-0.1631
I14_OG006914	not significant	0.53176	0	0.3181818181818182	0.36363636363636365	0.0	0.4375	0.4375	-0.1227
I14_OG006917	not significant	0.83341	0	0.3181818181818182	0.36363636363636365	0.0	0.28125	0.3125	0.0416
I14_OG006918	not significant	0.75229	0	0.3181818181818182	0.36363636363636365	0.0	0.375	0.375	-0.0597
I14_OG006919	not significant	0.93484	0	0.36363636363636365	0.36363636363636365	0.0	0.375	0.375	-0.0116
I14_OG006921	not significant	0.89773	0.0	0.4090909090909091	0.4545454545454546	0.0	0.375	0.375	0.035
I14_OG006927	not significant	0.59253	0.5	0.45454545454545453	0.5454545454545454	0.0	0.3125	0.3125	0.1506
I14_OG006939	not significant	0.04563	0	0.45454545454545453	0.4545454545454546	0.0	0.125	0.125	0.3695
I14_OG006943	not significant	0.82633	0	0.2727272727272727	0.36363636363636365	0.0	0.375	0.375	-0.1113
I14_OG006945	not significant	0.21432	1	0.5909090909090909	0.6363636363636364	0.0	0.3125	0.3125	0.282
I14_OG006963	not significant	0.65756	0.0	0.4090909090909091	0.4545454545454546	0.0	0.3125	0.3125	0.1015
I14_OG006966	not significant	0.64141	0	0.22727272727272727	0.2727272727272727	0.0	0.3125	0.3125	-0.0957
I14_OG006983	not significant	0.53482	0	0.36363636363636365	0.4545454545454546	0.0	0.25	0.25	0.1281
I14_OG006997	not significant	0.19688	0	0.4090909090909091	0.4545454545454546	0.0	0.1875	0.1875	0.2489
I14_OG007008	not significant	0.80021	0	0.09090909090909091	0.09090909090909094	0.0	0.125	0.125	-0.0533
I14_OG007013	not significant	0.357	0	0.18181818181818182	0.18181818181818177	0.0	0.0625	0.0625	0.1866
I14_OG007015	not significant	0.16594	1	1.0	1.0	1.0	0.75	0.75	0.3458
I14_OG007019	not significant	0.78554	0.5	0.5	0.5454545454545454	0.0	0.375	0.375	0.1266
I14_OG007021	not significant	0.35149	1	0.6818181818181818	0.7272727272727273	0.0	0.4375	0.4375	0.2454
I14_OG007024	not significant	0.97914	0	0.18181818181818182	0.18181818181818177	0.0	0.1875	0.1875	-0.0072
I14_OG007030	not significant	0.68081	0	0.3181818181818182	0.36363636363636365	0.0	0.1875	0.1875	0.1541
I14_OG007031	not significant	0.26684	0.0	0.4090909090909091	0.4545454545454546	0.0	0.21875	0.25	0.2146
I14_OG007035	not significant	0.90672	0.5	0.5	0.5454545454545454	1.0	0.5625	0.5625	-0.0628
I14_OG007038	not significant	0.53693	0	0.18181818181818182	0.2727272727272727	0.0	0.28125	0.3125	-0.1241
I14_OG007043	not significant	0.79926	0	0.09090909090909091	0.09090909090909094	0.0	0.125	0.125	-0.0533
I14_OG007044	not significant	0.95601	0	0.18181818181818182	0.2727272727272727	0.0	0.1875	0.25	-0.0083
I14_OG007046	not significant	0.84454	0.0	0.4090909090909091	0.4545454545454546	0.0	0.375	0.375	0.035
I14_OG007052	not significant	0.4749	1.0	0.6818181818181818	0.7272727272727273	0.0	0.4375	0.4375	0.2454
I14_OG007054	not significant	0.22754	0	0.2727272727272727	0.2727272727272727	0.0	0.0625	0.0625	0.2908
I14_OG007060	not significant	0.17728	1	0.9090909090909091	0.9090909090909091	1.0	0.75	0.75	0.2012
I14_OG007061	not significant	0.16941	0	0.2727272727272727	0.2727272727272727	0.0	0.0625	0.0625	0.2908
I14_OG007075	not significant	0.79836	0	0.22727272727272727	0.2727272727272727	0.0	0.1875	0.1875	0.05
I14_OG007081	not significant	0.7327	0.0	0.36363636363636365	0.4545454545454546	0.0	0.25	0.25	0.1281
I14_OG007095	not significant	0.89479	0.0	0.45454545454545453	0.4545454545454546	0.0	0.375	0.375	0.0795
I14_OG007098	not significant	0.98005	0	0.3181818181818182	0.36363636363636365	0.0	0.3125	0.375	0.0064
I14_OG007118	not significant	0.6171	1.0	0.6363636363636364	0.6363636363636364	0.0	0.4375	0.4375	0.1956
I14_OG007119	not significant	0.82299	0	0.09090909090909091	0.09090909090909094	0.0	0.125	0.125	-0.0533
I14_OG007121	not significant	0.19096	0	0.4090909090909091	0.4545454545454546	0.0	0.1875	0.1875	0.2489
I14_OG007126	not significant	0.44619	1.0	0.5454545454545454	0.5454545454545454	0.0	0.375	0.375	0.1685
I14_OG007128	not significant	0.85956	0.0	0.45454545454545453	0.4545454545454546	0.5	0.5	0.5	-0.0447
I14_OG007130	not significant	0.27923	1	1.0	1.0	1.0	0.75	0.75	0.3458
I14_OG007134	not significant	0.08091	1	0.5454545454545454	0.5454545454545454	0.0	0.1875	0.1875	0.3731
I14_OG007136	not significant	0.85019	1.0	0.9090909090909091	0.9090909090909091	1.0	0.84375	0.875	0.0998
I14_OG007137	not significant	0.41574	0	0.3181818181818182	0.36363636363636365	0.0	0.1875	0.1875	0.1541
I14_OG007138	not significant	0.35945	0	0.18181818181818182	0.18181818181818177	0.0	0.0625	0.0625	0.1866
I14_OG007139	not significant	0.43777	1.0	0.6363636363636364	0.6363636363636364	0.0	0.375	0.375	0.257
I14_OG007146	not significant	0.11962	0	0.22727272727272727	0.2727272727272727	0.0	0.0	0.0	0.4084
I14_OG007152	not significant	0.21428	1.0	0.7272727272727273	0.7272727272727273	0.0	0.375	0.375	0.3464
I14_OG007154	not significant	0.8668	0.0	0.4090909090909091	0.4545454545454546	0.5	0.5	0.5	-0.0913
I14_OG007162	not significant	0.63426	0	0.22727272727272727	0.2727272727272727	0.0	0.3125	0.3125	-0.0957
I14_OG007163	not significant	0.58883	0.0	0.4090909090909091	0.4545454545454546	0.0	0.3125	0.3125	0.1015
I14_OG007165	not significant	0.7613	0.5	0.5	0.5454545454545454	0.0	0.4375	0.4375	0.0628
I14_OG007188	not significant	0.41554	0	0.3181818181818182	0.36363636363636365	0.0	0.1875	0.1875	0.1541
I14_OG007191	not significant	0.27059	1	0.9545454545454546	1.0	1.0	0.6875	0.6875	0.3355
I14_OG007194	not significant	0.04463	0.0	0.4090909090909091	0.4545454545454546	0.0	0.0625	0.0625	0.4354
I14_OG007197	not significant	0.44573	1	0.7727272727272727	0.8181818181818181	0.5	0.5	0.5	0.2804
I14_OG007201	not significant	0.82037	0	0.36363636363636365	0.36363636363636365	0.0	0.3125	0.3125	0.0533
I14_OG007202	not significant	0.86236	0	0.2727272727272727	0.2727272727272727	0.0	0.375	0.375	-0.1066
I14_OG007203	not significant	0.57327	0	0.36363636363636365	0.36363636363636365	0.0	0.25	0.25	0.1223
I14_OG007204	not significant	0.98479	0	0.18181818181818182	0.18181818181818177	0.0	0.1875	0.1875	-0.0072
I14_OG007247	not significant	0.9366	1.0	0.5909090909090909	0.6363636363636364	1.0	0.5625	0.5625	0.0288
I14_OG007257	not significant	0.12056	1	0.5909090909090909	0.6363636363636364	0.0	0.25	0.25	0.3505
I14_OG007260	not significant	0.49699	0	0.22727272727272727	0.2727272727272727	0.0	0.125	0.125	0.1396
I14_OG007262	not significant	0.72532	0.0	0.45454545454545453	0.4545454545454546	0.0	0.375	0.375	0.0795
I14_OG007264	not significant	0.74629	0.5	0.5	0.5454545454545454	0.0	0.375	0.375	0.1266
I14_OG007270	not significant	0.36219	0	0.18181818181818182	0.18181818181818177	0.0	0.0625	0.0625	0.1866
I14_OG007271	not significant	0.46399	0	0.22727272727272727	0.2727272727272727	0.0	0.0625	0.0625	0.2516
I14_OG007272	not significant	0.69242	1	0.7272727272727273	0.7272727272727273	1.0	0.5625	0.5625	0.1677
I14_OG007273	not significant	0.12223	1.0	0.6818181818181818	0.7272727272727273	0.0	0.375	0.375	0.3073
I14_OG007276	not significant	0.32471	1.0	0.8181818181818182	0.8181818181818181	0.5	0.5	0.5	0.3237
I14_OG007279	not significant	0.77674	0	0.36363636363636365	0.36363636363636365	0.0	0.25	0.25	0.1223
I14_OG007281	not significant	0.50904	0	0.09090909090909091	0.09090909090909094	0.0	0.1875	0.1875	-0.1336
I14_OG007287	not significant	0.0372	1.0	0.7272727272727273	0.7272727272727273	0.0	0.3125	0.3125	0.4079
I14_OG007292	not significant	0.68737	0.5	0.45454545454545453	0.5454545454545454	0.75	0.53125	0.5625	-0.08
I14_OG007297	not significant	0.84842	0.0	0.4090909090909091	0.4545454545454546	0.0	0.375	0.375	0.035
I14_OG007301	not significant	0.53911	0	0.13636363636363635	0.18181818181818177	0.0	0.0625	0.0625	0.1327
I14_OG007305	not significant	0.80872	0	0.09090909090909091	0.09090909090909094	0.0	0.0625	0.0625	0.0533
I14_OG007314	not significant	0.13117	0	0.36363636363636365	0.36363636363636365	0.0	0.125	0.125	0.282
I14_OG007316	not significant	0.86975	0	0.09090909090909091	0.09090909090909094	0.0	0.0625	0.0625	0.0533
I14_OG007318	not significant	0.84084	1.0	0.7727272727272727	0.8181818181818181	1.0	0.6875	0.6875	0.0957
I14_OG007320	not significant	0.22464	0	0.09090909090909091	0.09090909090909094	0.0	0.0	0.0	0.2365
I14_OG007324	not significant	0.21043	0	0.3181818181818182	0.36363636363636365	0.0	0.125	0.125	0.2427
I14_OG007333	not significant	0.13185	1	0.7272727272727273	0.7272727272727273	0.0	0.3125	0.3125	0.4079
I14_OG007339	not significant	0.63231	0	0.22727272727272727	0.2727272727272727	0.0	0.3125	0.3125	-0.0957
I14_OG007341	not significant	0.95556	0.0	0.36363636363636365	0.4545454545454546	0.0	0.375	0.375	-0.0121
I14_OG007358	not significant	0.07937	0	0.2727272727272727	0.2727272727272727	0.0	0.0	0.0	0.4264
I14_OG007363	not significant	0.2919	1.0	0.5454545454545454	0.5454545454545454	0.0	0.25	0.25	0.3006
I14_OG007370	not significant	0.05995	0	0.18181818181818182	0.18181818181818177	0.0	0.0	0.0	0.3411
I14_OG007384	not significant	0.15073	0	0.2727272727272727	0.2727272727272727	0.0	0.0625	0.0625	0.2908
I14_OG007386	not significant	0.03981	0.0	0.45454545454545453	0.4545454545454546	0.0	0.125	0.125	0.3695
I14_OG007390	not significant	0.30083	0	0.3181818181818182	0.36363636363636365	0.0	0.15625	0.1875	0.2025
I14_OG007391	not significant	0.57516	0	0.22727272727272727	0.2727272727272727	0.0	0.375	0.375	-0.1598
I14_OG007392	not significant	0.34825	1	0.7272727272727273	0.7272727272727273	0.0	0.4375	0.4375	0.2865
I14_OG007393	not significant	0.07841	1	0.6818181818181818	0.7272727272727273	0.0	0.3125	0.3125	0.3709
I14_OG007394	not significant	0.44507	0.0	0.45454545454545453	0.4545454545454546	0.0	0.25	0.25	0.2132
I14_OG007396	not significant	0.66365	0	0.2727272727272727	0.2727272727272727	0.0	0.1875	0.1875	0.1007
I14_OG007406	present_enriched	0.00356	0.5	0.5	0.5454545454545454	0.0	0.09375	0.125	0.4792
I14_OG007414	not significant	0.49745	0	0.13636363636363635	0.18181818181818177	0.0	0.0625	0.0625	0.1327
I14_OG007422	not significant	0.54703	0	0.22727272727272727	0.2727272727272727	0.0	0.34375	0.375	-0.1313
I14_OG007423	not significant	0.90779	0	0.22727272727272727	0.2727272727272727	0.0	0.25	0.25	-0.0268
I14_OG007427	not significant	0.60511	0	0.2727272727272727	0.2727272727272727	0.0	0.1875	0.1875	0.1007
I14_OG007441	not significant	0.44194	0	0.36363636363636365	0.36363636363636365	0.0	0.125	0.125	0.282
I14_OG007448	not significant	0.05853	0	0.18181818181818182	0.18181818181818177	0.0	0.0	0.0	0.3411
I14_OG007455	not significant	0.07969	1	0.7272727272727273	0.7272727272727273	0.0	0.25	0.25	0.4719
I14_OG007467	not significant	0.12724	0.0	0.45454545454545453	0.4545454545454546	0.0	0.1875	0.1875	0.2874
I14_OG007473	not significant	0.751	1.0	0.6363636363636364	0.6363636363636364	0.5	0.5	0.5	0.1348
I14_OG007474	not significant	0.10662	0	0.3181818181818182	0.36363636363636365	0.0	0.09375	0.125	0.3031
I14_OG007496	not significant	0.98851	0	0.18181818181818182	0.18181818181818177	0.0	0.1875	0.1875	-0.0072
I14_OG007523	not significant	0.11994	0	0.3181818181818182	0.36363636363636365	0.0	0.0625	0.0625	0.3489
I14_OG007529	not significant	0.20842	1	0.5909090909090909	0.6363636363636364	0.0	0.25	0.25	0.3505
I14_OG007530	not significant	0.28953	1	0.5454545454545454	0.5454545454545454	0.0	0.3125	0.3125	0.233
I14_OG007535	not significant	0.88887	0.0	0.4090909090909091	0.4545454545454546	0.0	0.4375	0.4375	-0.0288
I14_OG007539	not significant	0.81476	0	0.09090909090909091	0.09090909090909094	0.0	0.0625	0.0625	0.0533
I14_OG007540	not significant	0.34608	0	0.18181818181818182	0.18181818181818177	0.0	0.0625	0.0625	0.1866
I14_OG007541	not significant	0.18721	1.0	0.9090909090909091	0.9090909090909091	1.0	0.5625	0.5625	0.373
I14_OG007543	not significant	0.81351	0	0.09090909090909091	0.09090909090909094	0.0	0.125	0.125	-0.0533
I14_OG007544	not significant	0.50115	0	0.22727272727272727	0.2727272727272727	0.0	0.125	0.125	0.1396
I14_OG007552	not significant	0.91602	0	0.22727272727272727	0.2727272727272727	0.0	0.25	0.25	-0.0268
I14_OG007553	not significant	0.84427	0	0.18181818181818182	0.18181818181818177	0.0	0.25	0.25	-0.0806
I14_OG007556	not significant	0.91666	1.0	0.5454545454545454	0.5454545454545454	0.5	0.5	0.5	0.0447
I14_OG007559	not significant	0.23414	1	0.5454545454545454	0.5454545454545454	0.0	0.25	0.25	0.3006
I14_OG007566	not significant	0.64624	0	0.22727272727272727	0.2727272727272727	0.0	0.3125	0.3125	-0.0957
I14_OG007578	not significant	0.99525	0	0.18181818181818182	0.18181818181818177	0.0	0.1875	0.1875	-0.0072
I14_OG007581	not significant	0.12534	0	0.2727272727272727	0.2727272727272727	0.0	0.0625	0.0625	0.2908
I14_OG007582	not significant	0.01178	0	0.2727272727272727	0.2727272727272727	0.0	0.0	0.0	0.4264
I14_OG007588	not significant	0.29892	0	0.3181818181818182	0.36363636363636365	0.0	0.09375	0.125	0.3031
I14_OG007595	not significant	0.08887	1	0.6363636363636364	0.7272727272727273	0.0	0.21875	0.25	0.4479
I14_OG007601	not significant	0.34467	0.5	0.5	0.5454545454545454	0.0	0.3125	0.3125	0.1928
I14_OG007614	not significant	0.97924	0.0	0.45454545454545453	0.4545454545454546	0.0	0.4375	0.4375	0.0169
I14_OG007616	not significant	0.03306	1	0.5454545454545454	0.5454545454545454	0.0	0.15625	0.1875	0.4209
I14_OG007619	not significant	0.0593	0	0.18181818181818182	0.18181818181818177	0.0	0.0	0.0	0.3411
I14_OG007620	not significant	0.05635	0	0.18181818181818182	0.18181818181818177	0.0	0.0	0.0	0.3411
I14_OG007676	not significant	0.39799	0	0.18181818181818182	0.18181818181818177	0.0	0.0625	0.0625	0.1866
I14_OG007687	not significant	0.90801	0	0.22727272727272727	0.2727272727272727	0.0	0.25	0.25	-0.0268
I14_OG007690	not significant	0.55729	0	0.3181818181818182	0.36363636363636365	0.0	0.21875	0.25	0.1173
I14_OG007695	not significant	0.98519	0	0.3181818181818182	0.36363636363636365	0.0	0.3125	0.3125	0.0061
I14_OG007696	not significant	0.85345	0	0.2727272727272727	0.2727272727272727	0.0	0.3125	0.3125	-0.0428
I14_OG007699	not significant	0.90858	0	0.2727272727272727	0.2727272727272727	0.0	0.25	0.25	0.0255
I14_OG007703	not significant	0.84327	0	0.09090909090909091	0.09090909090909094	0.0	0.125	0.125	-0.0533
I14_OG007706	not significant	0.04579	1	0.5909090909090909	0.6363636363636364	0.0	0.1875	0.1875	0.4238
I14_OG007708	not significant	0.59715	0.0	0.4090909090909091	0.4545454545454546	0.0	0.3125	0.3125	0.1015
I14_OG007715	not significant	0.19991	0	0.22727272727272727	0.2727272727272727	0.0	0.0625	0.0625	0.2516
I14_OG007717	not significant	0.75144	0.0	0.4090909090909091	0.4545454545454546	0.0	0.25	0.25	0.172
I14_OG007724	not significant	0.04177	0.0	0.45454545454545453	0.4545454545454546	0.0	0.125	0.125	0.3695
I14_OG007728	not significant	0.42236	0	0.3181818181818182	0.36363636363636365	0.0	0.125	0.125	0.2427
I14_OG007729	not significant	0.08011	1	0.7727272727272727	0.8181818181818181	0.0	0.375	0.375	0.3994
I14_OG007731	not significant	0.76642	0	0.3181818181818182	0.36363636363636365	0.0	0.25	0.25	0.0766
I14_OG007734	not significant	0.49974	0	0.22727272727272727	0.2727272727272727	0.0	0.125	0.125	0.1396
I14_OG007741	not significant	0.90544	0.0	0.4090909090909091	0.4545454545454546	0.0	0.4375	0.4375	-0.0288
I14_OG007745	not significant	0.27275	0	0.22727272727272727	0.2727272727272727	0.0	0.4375	0.4375	-0.2208
I14_OG007749	not significant	0.27655	0.0	0.45454545454545453	0.4545454545454546	0.0	0.25	0.25	0.2132
I14_OG007751	not significant	0.13006	0	0.13636363636363635	0.18181818181818177	0.0	0.375	0.4375	-0.282
I14_OG007754	not significant	0.88287	0.0	0.4090909090909091	0.4545454545454546	0.0	0.4375	0.4375	-0.0288
I14_OG007755	not significant	0.87345	0.0	0.4090909090909091	0.4545454545454546	0.0	0.375	0.375	0.035
I14_OG007763	not significant	0.12742	0.0	0.45454545454545453	0.4545454545454546	0.0	0.1875	0.1875	0.2874
I14_OG007766	not significant	0.39927	0	0.36363636363636365	0.36363636363636365	0.0	0.1875	0.1875	0.1975
I14_OG007776	not significant	0.80368	0	0.09090909090909091	0.09090909090909094	0.0	0.125	0.125	-0.0533
I14_OG007781	not significant	0.12083	0.0	0.4090909090909091	0.4545454545454546	0.0	0.0625	0.0625	0.4354
I14_OG007787	not significant	0.76644	1.0	0.6363636363636364	0.6363636363636364	0.5	0.5	0.5	0.1348
I14_OG007788	not significant	0.58995	1.0	0.6363636363636364	0.6363636363636364	0.0	0.4375	0.4375	0.1956
I14_OG007792	present_enriched	0.00945	1.0	0.5454545454545454	0.5454545454545454	0.0	0.0625	0.0625	0.5415
I14_OG007794	not significant	0.25351	1	0.5909090909090909	0.6363636363636364	0.0	0.34375	0.375	0.2541
I14_OG007796	not significant	0.26154	0	0.45454545454545453	0.4545454545454546	0.0	0.25	0.25	0.2132
I14_OG007797	not significant	0.35666	0	0.2727272727272727	0.2727272727272727	0.0	0.125	0.125	0.1869
I14_OG007802	not significant	0.5061	1.0	0.6818181818181818	0.7272727272727273	0.0	0.4375	0.4375	0.2454
I14_OG007805	not significant	0.50558	0	0.22727272727272727	0.2727272727272727	0.0	0.125	0.125	0.1396
I14_OG007817	not significant	0.58637	0	0.2727272727272727	0.2727272727272727	0.0	0.375	0.375	-0.1066
I14_OG007824	not significant	0.82654	0	0.22727272727272727	0.2727272727272727	0.0	0.1875	0.1875	0.05
I14_OG007827	not significant	0.74444	0	0.2727272727272727	0.2727272727272727	0.0	0.21875	0.25	0.0637
I14_OG007852	not significant	0.41033	1	0.8636363636363636	0.9090909090909091	1.0	0.625	0.625	0.268
I14_OG007860	not significant	0.50724	0.5	0.5	0.5454545454545454	0.0	0.375	0.375	0.1266
I14_OG007870	not significant	0.6772	0	0.18181818181818182	0.18181818181818177	0.0	0.25	0.25	-0.0806
I14_OG007873	not significant	0.98359	1	0.6363636363636364	0.7272727272727273	1.0	0.625	0.625	0.0121
I14_OG007881	not significant	0.19807	0	0.3181818181818182	0.36363636363636365	1.0	0.5625	0.5625	-0.2454
I14_OG007887	not significant	0.1769	1.0	0.6363636363636364	0.6363636363636364	0.0	0.3125	0.3125	0.3202
I14_OG007911	not significant	0.9665	0	0.3181818181818182	0.36363636363636365	0.0	0.3125	0.3125	0.0061
I14_OG007912	not significant	0.83504	0	0.2727272727272727	0.2727272727272727	0.0	0.3125	0.3125	-0.0428
I14_OG007915	not significant	1.0	0.5	0.5	0.5454545454545454	0.5	0.5	0.5	-0.0
I14_OG007917	not significant	0.96565	0	0.3181818181818182	0.36363636363636365	0.0	0.3125	0.3125	0.0061
I14_OG007922	not significant	0.23581	0	0.09090909090909091	0.09090909090909094	0.0	0.0	0.0	0.2365
I14_OG007923	not significant	0.60582	0	0.3181818181818182	0.36363636363636365	0.0	0.1875	0.1875	0.1541
I14_OG007932	not significant	0.91175	0	0.2727272727272727	0.2727272727272727	0.0	0.25	0.25	0.0255
I14_OG007938	not significant	0.05543	0.0	0.4090909090909091	0.4545454545454546	0.0	0.0625	0.0625	0.4354
I14_OG007942	not significant	0.79548	0	0.22727272727272727	0.2727272727272727	0.0	0.1875	0.1875	0.05
I14_OG007946	present_enriched	0.00441	0.5	0.5	0.5454545454545454	0.0	0.0625	0.0625	0.516
I14_OG007954	not significant	0.26451	0.0	0.45454545454545453	0.4545454545454546	0.0	0.25	0.25	0.2132
I14_OG007955	not significant	0.33271	0	0.36363636363636365	0.36363636363636365	0.0	0.1875	0.1875	0.1975
I14_OG007958	not significant	0.65503	0.0	0.36363636363636365	0.4545454545454546	0.0	0.28125	0.3125	0.0934
I14_OG007967	not significant	0.29007	0.0	0.45454545454545453	0.4545454545454546	0.0	0.1875	0.1875	0.2874
I14_OG007969	not significant	0.93824	0	0.13636363636363635	0.18181818181818177	0.0	0.125	0.125	0.0174
I14_OG008001	not significant	0.55907	1.0	0.7272727272727273	0.7272727272727273	0.5	0.5	0.5	0.2273
I14_OG008002	not significant	0.97065	1	0.6818181818181818	0.7272727272727273	1.0	0.65625	0.6875	0.0278
I14_OG008019	not significant	0.43058	0	0.0	0.0	0.0	0.0625	0.0625	-0.1626
I14_OG008023	not significant	0.7653	1.0	0.6818181818181818	0.7272727272727273	1.0	0.5625	0.5625	0.1227
I14_OG008025	not significant	0.56692	1	0.6818181818181818	0.7272727272727273	0.5	0.5	0.5	0.1842
I14_OG008031	not significant	0.28891	1	0.6363636363636364	0.6363636363636364	0.0	0.375	0.375	0.257
I14_OG008037	not significant	0.56568	0	0.2727272727272727	0.36363636363636365	0.0	0.375	0.375	-0.1113
I14_OG008044	not significant	0.57492	0	0.2727272727272727	0.36363636363636365	0.0	0.375	0.375	-0.1113
I14_OG008047	not significant	0.47327	0	0.13636363636363635	0.18181818181818177	0.0	0.25	0.25	-0.1428
I14_OG008050	not significant	0.37344	0.0	0.4090909090909091	0.4545454545454546	0.0	0.25	0.25	0.172
I14_OG008053	not significant	0.86171	0.0	0.45454545454545453	0.4545454545454546	1.0	0.5625	0.5625	-0.1062
I14_OG008056	not significant	0.87564	0.5	0.5	0.5454545454545454	0.0	0.4375	0.4375	0.0628
I14_OG008058	not significant	0.84939	0.0	0.4090909090909091	0.4545454545454546	0.0	0.375	0.375	0.035
I14_OG008061	not significant	0.74015	0	0.22727272727272727	0.2727272727272727	0.0	0.28125	0.3125	-0.0637
I14_OG008063	not significant	0.73881	0	0.13636363636363635	0.18181818181818177	0.0	0.1875	0.1875	-0.0698
I14_OG008075	not significant	0.65963	1.0	0.7272727272727273	0.7272727272727273	1.0	0.5625	0.5625	0.1677
I14_OG008082	not significant	0.84078	0	0.3181818181818182	0.36363636363636365	0.0	0.28125	0.3125	0.0416
I14_OG008113	not significant	0.74627	0	0.2727272727272727	0.36363636363636365	0.0	0.1875	0.1875	0.1066
I14_OG008123	not significant	0.68849	0	0.2727272727272727	0.2727272727272727	0.0	0.34375	0.375	-0.0768
I14_OG008128	not significant	0.29041	0	0.09090909090909091	0.09090909090909094	0.0	0.25	0.25	-0.2012
I14_OG008156	not significant	0.82049	0	0.18181818181818182	0.18181818181818177	0.0	0.21875	0.25	-0.0464
I14_OG008167	not significant	0.33846	1	0.5454545454545454	0.5454545454545454	0.0	0.3125	0.3125	0.233
I14_OG008168	not significant	0.56726	0	0.13636363636363635	0.18181818181818177	0.0	0.0625	0.0625	0.1327
I14_OG008169	not significant	0.40349	0	0.0	0.0	0.0	0.0625	0.0625	-0.1626
I14_OG008173	not significant	0.37982	0	0.18181818181818182	0.18181818181818177	0.0	0.0625	0.0625	0.1866
I14_OG008174	not significant	0.98408	0	0.18181818181818182	0.18181818181818177	0.0	0.1875	0.1875	-0.0072
I14_OG008176	not significant	0.5695	0	0.13636363636363635	0.18181818181818177	0.0	0.0625	0.0625	0.1327
I14_OG008183	not significant	0.5867	1	0.5909090909090909	0.6363636363636364	0.0	0.4375	0.4375	0.1536
I14_OG008187	not significant	0.98871	0	0.18181818181818182	0.18181818181818177	0.0	0.1875	0.1875	-0.0072
I14_OG008204	not significant	0.69218	0	0.3181818181818182	0.36363636363636365	0.0	0.25	0.25	0.0766
I14_OG008206	not significant	0.63599	0	0.22727272727272727	0.2727272727272727	0.0	0.3125	0.3125	-0.0957
I14_OG008209	present_enriched	0.00213	1	0.5909090909090909	0.6363636363636364	0.0	0.0625	0.0625	0.5935
I14_OG008215	not significant	0.61703	1	0.7272727272727273	0.8181818181818181	1.0	0.5625	0.5625	0.1747
I14_OG008217	not significant	0.76297	0.0	0.36363636363636365	0.4545454545454546	0.0	0.3125	0.3125	0.0557
I14_OG008220	not significant	0.15874	0	0.09090909090909091	0.09090909090909094	0.0	0.3125	0.375	-0.2772
I14_OG008231	not significant	0.34589	0	0.18181818181818182	0.18181818181818177	0.0	0.0625	0.0625	0.1866
I14_OG008248	not significant	0.17041	0	0.2727272727272727	0.36363636363636365	0.0	0.0625	0.0625	0.3148
I14_OG008260	not significant	0.96579	0	0.18181818181818182	0.18181818181818177	0.0	0.1875	0.1875	-0.0072
I14_OG008264	not significant	0.24808	1.0	0.6818181818181818	0.7272727272727273	0.0	0.375	0.375	0.3073
I14_OG008270	not significant	0.74442	0.5	0.45454545454545453	0.5454545454545454	0.0	0.3125	0.3125	0.1506
I14_OG008277	not significant	0.36808	0	0.18181818181818182	0.18181818181818177	0.0	0.0625	0.0625	0.1866
I14_OG008278	not significant	0.33648	0	0.18181818181818182	0.18181818181818177	0.0	0.0625	0.0625	0.1866
I14_OG008287	not significant	0.3354	0	0.2727272727272727	0.2727272727272727	0.0	0.125	0.125	0.1869
I14_OG008297	not significant	0.26928	1	0.5454545454545454	0.5454545454545454	0.0	0.25	0.25	0.3006
I14_OG008302	not significant	0.9897	0	0.3181818181818182	0.36363636363636365	0.0	0.3125	0.3125	0.0061
I14_OG008305	not significant	0.78967	0	0.09090909090909091	0.09090909090909094	0.0	0.125	0.125	-0.0533
I14_OG008315	not significant	0.95123	0	0.2727272727272727	0.2727272727272727	0.0	0.25	0.25	0.0255
I14_OG008338	not significant	0.4889	1	0.8181818181818182	0.8181818181818181	1.0	0.5625	0.5625	0.2665
I14_OG008340	not significant	0.55729	1	0.9545454545454546	1.0	1.0	0.8125	0.8125	0.2169
I14_OG008347	not significant	0.8156	0	0.09090909090909091	0.09090909090909094	0.0	0.125	0.125	-0.0533
I14_OG008349	not significant	0.55351	0	0.09090909090909091	0.09090909090909094	0.0	0.1875	0.1875	-0.1336
I14_OG008351	not significant	0.93715	1	0.5454545454545454	0.5454545454545454	0.5	0.5	0.5	0.0447
I14_OG008360	not significant	0.44147	0	0.18181818181818182	0.18181818181818177	0.0	0.3125	0.375	-0.1541
I14_OG008362	not significant	0.59282	1	0.5909090909090909	0.6363636363636364	0.0	0.375	0.375	0.2168
I14_OG008363	not significant	0.8325	0	0.09090909090909091	0.09090909090909094	0.0	0.0625	0.0625	0.0533
I14_OG008365	not significant	0.33691	1.0	0.5454545454545454	0.5454545454545454	0.0	0.25	0.25	0.3006
I14_OG008366	not significant	0.60116	0	0.2727272727272727	0.2727272727272727	0.0	0.1875	0.1875	0.1007
I14_OG008370	not significant	0.70058	1	0.6363636363636364	0.6363636363636364	0.5	0.5	0.5	0.1348
I14_OG008392	not significant	0.88173	1.0	0.5454545454545454	0.5454545454545454	1.0	0.625	0.625	-0.0795
I14_OG008398	not significant	0.3669	0	0.3181818181818182	0.36363636363636365	0.5	0.5	0.5	-0.1842
I14_OG008401	not significant	0.93762	0	0.36363636363636365	0.36363636363636365	0.0	0.375	0.375	-0.0116
I14_OG008403	not significant	0.96864	0	0.3181818181818182	0.36363636363636365	0.0	0.3125	0.3125	0.0061
I14_OG008408	not significant	0.99888	0	0.3181818181818182	0.36363636363636365	0.0	0.3125	0.3125	0.0061
I14_OG008417	present_enriched	0.00119	0.5	0.5	0.5454545454545454	0.0	0.0625	0.0625	0.516
I14_OG008433	not significant	0.68899	0	0.3181818181818182	0.36363636363636365	0.0	0.25	0.25	0.0766
I14_OG008437	not significant	0.78243	0	0.09090909090909091	0.09090909090909094	0.0	0.125	0.125	-0.0533
I14_OG008455	not significant	0.18379	1	0.8636363636363636	0.9090909090909091	0.5	0.5	0.5	0.382
I14_OG008461	not significant	0.8515	0.5	0.5454545454545454	0.6363636363636364	0.0	0.4375	0.4375	0.1103
I14_OG008464	not significant	0.34188	0	0.2727272727272727	0.2727272727272727	0.0	0.125	0.125	0.1869
I14_OG008475	not significant	0.6916	0	0.3181818181818182	0.36363636363636365	0.0	0.25	0.25	0.0766
I14_OG008476	not significant	0.3159	0.5	0.5	0.5454545454545454	0.0	0.3125	0.3125	0.1928
I14_OG008481	not significant	0.31525	0	0.36363636363636365	0.36363636363636365	0.0	0.1875	0.1875	0.1975
I14_OG008483	not significant	0.83112	0	0.09090909090909091	0.09090909090909094	0.0	0.125	0.125	-0.0533
I14_OG008490	not significant	0.95805	0	0.18181818181818182	0.18181818181818177	0.0	0.1875	0.1875	-0.0072
I14_OG008543	not significant	0.73022	1	1.0	1.0	1.0	0.9375	0.9375	0.1626
I14_OG008545	not significant	0.27742	0	0.2727272727272727	0.2727272727272727	0.0	0.0625	0.0625	0.2908
I14_OG008547	not significant	0.04115	0	0.45454545454545453	0.4545454545454546	0.0	0.125	0.125	0.3695
I14_OG008554	not significant	0.73363	1.0	0.7727272727272727	0.8181818181818181	1.0	0.625	0.625	0.1598
I14_OG008555	not significant	0.60204	0	0.2727272727272727	0.2727272727272727	0.0	0.1875	0.1875	0.1007
I14_OG008558	not significant	0.16504	0.5	0.5	0.5454545454545454	0.0	0.25	0.25	0.2626
I14_OG008572	not significant	0.72286	0	0.13636363636363635	0.18181818181818177	0.0	0.09375	0.125	0.0739
I14_OG008576	not significant	0.13211	1	0.7272727272727273	0.8181818181818181	0.0	0.375	0.375	0.36
I14_OG008577	not significant	0.39811	0.0	0.36363636363636365	0.4545454545454546	0.0	0.21875	0.25	0.1712
I14_OG008578	not significant	0.30557	0	0.09090909090909091	0.09090909090909094	0.0	0.25	0.25	-0.2012
I14_OG008585	not significant	0.09627	1.0	0.6363636363636364	0.6363636363636364	0.0	0.3125	0.3125	0.3202
I14_OG008586	not significant	0.80179	0	0.22727272727272727	0.2727272727272727	0.0	0.1875	0.1875	0.05
I14_OG008600	not significant	0.55508	0	0.3181818181818182	0.36363636363636365	0.0	0.21875	0.25	0.1173
I14_OG008601	not significant	0.87176	0	0.2727272727272727	0.36363636363636365	0.0	0.3125	0.3125	-0.0448
I14_OG008611	not significant	0.03739	0	0.36363636363636365	0.36363636363636365	0.0	0.0625	0.0625	0.3809
I14_OG008623	not significant	0.46558	0.5	0.5	0.5454545454545454	1.0	0.6875	0.6875	-0.1928
I14_OG008626	not significant	0.74747	0	0.2727272727272727	0.2727272727272727	0.0	0.21875	0.25	0.0637
I14_OG008629	not significant	0.20603	0	0.3181818181818182	0.36363636363636365	0.0	0.125	0.125	0.2427
I14_OG008649	not significant	0.69028	0	0.2727272727272727	0.2727272727272727	0.0	0.15625	0.1875	0.1463
I14_OG008653	not significant	0.03452	0.0	0.4090909090909091	0.4545454545454546	0.0	0.0625	0.0625	0.4354
I14_OG008660	not significant	0.05183	0	0.18181818181818182	0.18181818181818177	0.0	0.0	0.0	0.3411
I14_OG008665	not significant	0.51959	1	0.7272727272727273	0.8181818181818181	0.5	0.5	0.5	0.2365
I14_OG008677	not significant	0.56879	0	0.2727272727272727	0.2727272727272727	0.0	0.375	0.4375	-0.1113
I14_OG008684	not significant	0.23211	0	0.3181818181818182	0.36363636363636365	0.0	0.125	0.125	0.2427
I14_OG008686	not significant	0.91887	0.0	0.4090909090909091	0.4545454545454546	0.0	0.375	0.375	0.035
I14_OG008693	not significant	0.81712	0	0.18181818181818182	0.18181818181818177	0.0	0.21875	0.25	-0.0464
I14_OG008707	not significant	0.40591	0	0.09090909090909091	0.09090909090909094	0.0	0.21875	0.25	-0.1745
I14_OG008711	not significant	0.66447	0	0.22727272727272727	0.2727272727272727	0.0	0.3125	0.3125	-0.0957
I14_OG008764	not significant	0.12159	1.0	0.8636363636363636	0.9090909090909091	0.0	0.4375	0.4375	0.4381
I14_OG008767	not significant	0.86314	1	0.6363636363636364	0.6363636363636364	0.75	0.53125	0.5625	0.1065
I14_OG008771	not significant	0.68793	0	0.18181818181818182	0.18181818181818177	0.0	0.125	0.125	0.0786
I14_OG008772	not significant	0.7657	0	0.45454545454545453	0.4545454545454546	0.0	0.3125	0.3125	0.1445
I14_OG008773	not significant	0.98039	0.0	0.36363636363636365	0.4545454545454546	0.0	0.375	0.375	-0.0121
I14_OG008776	not significant	0.34279	0	0.18181818181818182	0.18181818181818177	0.0	0.0625	0.0625	0.1866
I14_OG008781	not significant	0.45303	0	0.0	0.0	0.0	0.0625	0.0625	-0.1626
I14_OG008800	not significant	0.81677	0	0.22727272727272727	0.2727272727272727	0.0	0.3125	0.3125	-0.0957
I14_OG008806	not significant	0.03482	0.0	0.4090909090909091	0.4545454545454546	0.0	0.0625	0.0625	0.4354
I14_OG008821	not significant	0.71563	1.0	0.5454545454545454	0.5454545454545454	0.0	0.375	0.375	0.1685
I14_OG008823	not significant	0.90736	0	0.22727272727272727	0.2727272727272727	0.0	0.25	0.25	-0.0268
I14_OG008824	not significant	0.31024	0	0.36363636363636365	0.36363636363636365	0.0	0.1875	0.1875	0.1975
I14_OG008825	not significant	0.19958	0.0	0.4090909090909091	0.4545454545454546	0.0	0.1875	0.1875	0.2489
I14_OG008827	not significant	0.58283	0	0.22727272727272727	0.2727272727272727	0.0	0.34375	0.375	-0.1313
I14_OG008829	not significant	0.66516	0	0.22727272727272727	0.2727272727272727	0.0	0.15625	0.1875	0.0959
I14_OG008834	not significant	0.15629	0	0.09090909090909091	0.09090909090909094	0.0	0.3125	0.375	-0.2772
I14_OG008835	not significant	0.24757	1.0	0.8181818181818182	0.8181818181818181	0.5	0.5	0.5	0.3237
I14_OG008839	not significant	0.37445	0.0	0.4090909090909091	0.4545454545454546	0.0	0.25	0.25	0.172
I14_OG008844	not significant	0.03156	0.5	0.5	0.5454545454545454	0.0	0.125	0.125	0.4212
I14_OG008877	present_enriched	0.00834	1	0.5454545454545454	0.5454545454545454	0.0	0.125	0.125	0.4524
I14_OG008883	not significant	0.52605	0	0.22727272727272727	0.2727272727272727	0.0	0.125	0.125	0.1396
I14_OG008884	not significant	0.37792	0	0.18181818181818182	0.18181818181818177	0.0	0.0625	0.0625	0.1866
I14_OG008885	not significant	0.02154	0	0.2727272727272727	0.2727272727272727	0.0	0.0	0.0	0.4264
I14_OG008887	not significant	0.04878	1	0.8181818181818182	0.8181818181818181	0.0	0.34375	0.375	0.4765
I14_OG008888	not significant	0.572	1	0.6818181818181818	0.7272727272727273	0.5	0.5	0.5	0.1842
I14_OG008893	not significant	0.68797	0	0.3181818181818182	0.36363636363636365	0.0	0.25	0.25	0.0766
I14_OG008908	not significant	0.49125	0	0.22727272727272727	0.2727272727272727	0.0	0.125	0.125	0.1396
I14_OG008918	not significant	0.20907	0	0.3181818181818182	0.36363636363636365	0.0	0.125	0.125	0.2427
I14_OG008925	not significant	0.87794	0	0.18181818181818182	0.18181818181818177	0.0	0.15625	0.1875	0.0349
I14_OG008932	not significant	0.62589	0	0.2727272727272727	0.2727272727272727	0.0	0.1875	0.1875	0.1007
I14_OG008968	not significant	0.08592	1.0	0.5909090909090909	0.6363636363636364	0.0	0.1875	0.1875	0.4238
I14_OG008970	not significant	0.65522	1	0.5909090909090909	0.6363636363636364	0.0	0.375	0.375	0.2168
I14_OG008971	not significant	0.19686	0	0.22727272727272727	0.2727272727272727	0.0	0.0625	0.0625	0.2516
I14_OG008974	not significant	0.55792	1	0.5909090909090909	0.6363636363636364	0.0	0.375	0.375	0.2168
I14_OG008978	not significant	0.93012	0	0.2727272727272727	0.2727272727272727	0.0	0.25	0.25	0.0255
I14_OG008979	not significant	0.49249	0	0.09090909090909091	0.09090909090909094	0.0	0.1875	0.1875	-0.1336
I14_OG008983	not significant	0.93319	0	0.13636363636363635	0.18181818181818177	0.0	0.125	0.125	0.0174
I14_OG008988	not significant	0.99134	0	0.3181818181818182	0.36363636363636365	0.0	0.3125	0.3125	0.0061
I14_OG008989	not significant	0.7878	0	0.09090909090909091	0.09090909090909094	0.0	0.125	0.125	-0.0533
I14_OG008999	not significant	0.7856	0	0.09090909090909091	0.09090909090909094	0.0	0.0625	0.0625	0.0533
I14_OG009010	not significant	0.13678	1.0	0.5909090909090909	0.6363636363636364	0.0	0.1875	0.1875	0.4238
I14_OG009014	not significant	0.37924	0	0.2727272727272727	0.2727272727272727	0.0	0.125	0.125	0.1869
I14_OG009017	not significant	0.67856	0	0.18181818181818182	0.18181818181818177	0.0	0.25	0.25	-0.0806
I14_OG009024	not significant	0.65969	0	0.3181818181818182	0.36363636363636365	0.0	0.4375	0.4375	-0.1227
I14_OG009025	not significant	0.85465	0.0	0.4090909090909091	0.4545454545454546	0.0	0.375	0.375	0.035
I14_OG009035	not significant	0.93539	0	0.36363636363636365	0.36363636363636365	0.0	0.375	0.375	-0.0116
I14_OG009036	not significant	0.70234	0	0.13636363636363635	0.18181818181818177	0.0	0.1875	0.25	-0.0754
I14_OG009039	not significant	0.24894	0	0.13636363636363635	0.18181818181818177	0.0	0.3125	0.375	-0.2198
I14_OG009040	not significant	0.34331	0	0.18181818181818182	0.18181818181818177	0.0	0.0625	0.0625	0.1866
I14_OG009041	not significant	0.04384	0	0.18181818181818182	0.18181818181818177	0.0	0.0	0.0	0.3411
I14_OG009045	not significant	0.70598	1	0.5454545454545454	0.5454545454545454	0.0	0.4375	0.4375	0.1062
I14_OG009046	not significant	0.32943	0.0	0.45454545454545453	0.4545454545454546	0.0	0.25	0.25	0.2132
I14_OG009069	not significant	0.23609	0	0.09090909090909091	0.09090909090909094	0.0	0.0	0.0	0.2365
I14_OG009076	not significant	0.31917	0	0.09090909090909091	0.09090909090909094	0.0	0.25	0.25	-0.2012
I14_OG009079	present_enriched	0.00171	0.5	0.5	0.5454545454545454	0.0	0.0625	0.0625	0.516
I14_OG009090	not significant	0.39178	0	0.18181818181818182	0.18181818181818177	0.0	0.0625	0.0625	0.1866
I14_OG009092	not significant	0.11842	0	0.2727272727272727	0.2727272727272727	0.0	0.0625	0.0625	0.2908
I14_OG009093	not significant	0.22379	0.0	0.4090909090909091	0.4545454545454546	0.0	0.1875	0.1875	0.2489
I14_OG009094	not significant	0.57761	0	0.3181818181818182	0.36363636363636365	0.0	0.4375	0.4375	-0.1227
I14_OG009125	not significant	0.1877	0	0.4090909090909091	0.4545454545454546	0.0	0.1875	0.1875	0.2489
I14_OG009130	not significant	0.75184	0	0.3181818181818182	0.36363636363636365	0.0	0.25	0.25	0.0766
I14_OG009131	not significant	0.40517	0.0	0.4090909090909091	0.4545454545454546	0.0	0.25	0.25	0.172
I14_OG009132	not significant	0.06929	0	0.18181818181818182	0.18181818181818177	0.0	0.0	0.0	0.3411
I14_OG009201	not significant	0.87355	0	0.045454545454545456	0.09090909090909094	0.0	0.0625	0.0625	-0.0403
I14_OG009203	not significant	0.26988	0	0.0	0.0	0.0	0.125	0.125	-0.2345
I14_OG009205	not significant	0.26871	0	0.0	0.0	0.0	0.125	0.125	-0.2345
I14_OG009209	not significant	0.75562	0	0.13636363636363635	0.18181818181818177	0.0	0.0625	0.0625	0.1327
I14_OG009212	not significant	0.26589	0	0.0	0.0	0.0	0.125	0.125	-0.2345
I14_OG009213	not significant	0.8367	0.5	0.5	0.5454545454545454	1.0	0.59375	0.625	-0.0964
I14_OG009220	not significant	0.54202	0	0.22727272727272727	0.2727272727272727	0.0	0.125	0.125	0.1396
I14_OG009253	not significant	0.39759	0	0.13636363636363635	0.18181818181818177	0.0	0.28125	0.3125	-0.1812
I14_OG009266	not significant	0.75442	0	0.22727272727272727	0.2727272727272727	0.0	0.28125	0.3125	-0.0637
I14_OG009271	not significant	0.83144	0	0.3181818181818182	0.36363636363636365	0.0	0.28125	0.3125	0.0416
I14_OG009274	not significant	0.75336	0	0.3181818181818182	0.36363636363636365	0.0	0.375	0.375	-0.0597
I14_OG009278	not significant	0.94421	0	0.22727272727272727	0.2727272727272727	0.0	0.21875	0.25	0.0107
I14_OG009292	not significant	0.80305	1	0.7272727272727273	0.7272727272727273	1.0	0.625	0.625	0.1066
I14_OG009293	not significant	0.03953	1	0.7272727272727273	0.8181818181818181	0.0	0.3125	0.3125	0.4239
I14_OG009298	not significant	0.29693	0.0	0.4090909090909091	0.4545454545454546	0.0	0.21875	0.25	0.2146
I14_OG009316	not significant	0.02983	0	0.3181818181818182	0.36363636363636365	0.0	0.0625	0.0625	0.3489
I14_OG009320	not significant	0.98536	0	0.18181818181818182	0.18181818181818177	0.0	0.1875	0.1875	-0.0072
I14_OG009335	not significant	0.97528	0	0.18181818181818182	0.18181818181818177	0.0	0.1875	0.1875	-0.0072
I14_OG009346	not significant	0.21168	1	0.5909090909090909	0.6363636363636364	0.0	0.34375	0.375	0.2541
I14_OG009361	not significant	0.33325	0.0	0.4090909090909091	0.4545454545454546	0.0	0.1875	0.1875	0.2489
I14_OG009365	not significant	0.62342	0.0	0.45454545454545453	0.4545454545454546	0.0	0.34375	0.375	0.1139
I14_OG009366	not significant	0.10418	1	0.5909090909090909	0.6363636363636364	0.0	0.25	0.25	0.3505
I14_OG009384	not significant	0.68315	0	0.18181818181818182	0.18181818181818177	0.0	0.25	0.25	-0.0806
I14_OG009391	not significant	0.94798	0	0.18181818181818182	0.18181818181818177	0.0	0.1875	0.1875	-0.0072
I14_OG009396	not significant	0.27584	1.0	0.5909090909090909	0.6363636363636364	0.0	0.375	0.375	0.2168
I14_OG009398	not significant	0.68327	0	0.18181818181818182	0.18181818181818177	0.0	0.125	0.125	0.0786
I14_OG009406	not significant	0.232	0	0.3181818181818182	0.36363636363636365	0.0	0.125	0.1875	0.2589
I14_OG009453	present_enriched	0.00861	1.0	0.6363636363636364	0.6363636363636364	0.0	0.125	0.125	0.533
I14_OG009457	not significant	0.46123	0.5	0.45454545454545453	0.5454545454545454	0.0	0.3125	0.3125	0.1506
I14_OG009464	not significant	0.04092	0	0.18181818181818182	0.18181818181818177	0.0	0.0	0.0	0.3411
I14_OG009473	not significant	0.28465	0	0.3181818181818182	0.36363636363636365	0.0	0.125	0.125	0.2427
I14_OG009479	not significant	0.82379	0	0.09090909090909091	0.09090909090909094	0.0	0.0625	0.0625	0.0533
I14_OG009482	not significant	0.27229	0	0.0	0.0	0.0	0.125	0.125	-0.2345
I14_OG009492	not significant	0.80525	0	0.09090909090909091	0.09090909090909094	0.0	0.125	0.125	-0.0533
I14_OG009498	not significant	0.61	0	0.36363636363636365	0.36363636363636365	0.5	0.5	0.5	-0.1348
I14_OG009499	not significant	0.91539	0	0.2727272727272727	0.2727272727272727	0.0	0.25	0.25	0.0255
I14_OG009500	not significant	0.10258	1.0	0.6363636363636364	0.6363636363636364	0.0	0.3125	0.3125	0.3202
I14_OG009522	not significant	0.33956	0	0.09090909090909091	0.09090909090909094	0.0	0.25	0.3125	-0.2149
I14_OG009535	not significant	0.83773	0	0.2727272727272727	0.36363636363636365	0.0	0.3125	0.3125	-0.0448
I14_OG009539	not significant	0.18375	1	0.5909090909090909	0.6363636363636364	0.0	0.3125	0.3125	0.282
I14_OG009543	not significant	0.6071	0	0.2727272727272727	0.36363636363636365	0.0	0.375	0.375	-0.1113
I14_OG009552	not significant	0.0258	1	0.7272727272727273	0.8181818181818181	0.0	0.25	0.25	0.4907
I14_OG009554	not significant	0.80108	0	0.09090909090909091	0.09090909090909094	0.0	0.125	0.125	-0.0533
I14_OG009555	not significant	0.34147	0	0.36363636363636365	0.36363636363636365	0.0	0.1875	0.1875	0.1975
I14_OG009558	not significant	0.69389	0	0.18181818181818182	0.18181818181818177	0.0	0.125	0.125	0.0786
I14_OG009561	not significant	0.84397	0	0.09090909090909091	0.09090909090909094	0.0	0.125	0.125	-0.0533
I14_OG009575	not significant	0.14875	1.0	0.6363636363636364	0.6363636363636364	0.0	0.3125	0.3125	0.3202
I14_OG009584	not significant	0.6742	0	0.18181818181818182	0.18181818181818177	0.0	0.25	0.25	-0.0806
I14_OG009588	not significant	0.15558	1	0.5454545454545454	0.5454545454545454	0.0	0.1875	0.1875	0.3731
I14_OG009589	not significant	0.70486	0.0	0.45454545454545453	0.4545454545454546	0.0	0.3125	0.3125	0.1445
I14_OG009593	not significant	0.4862	0	0.045454545454545456	0.09090909090909094	0.0	0.125	0.125	-0.1429
I14_OG009596	not significant	0.77444	0	0.2727272727272727	0.2727272727272727	0.0	0.1875	0.1875	0.1007
I14_OG009604	present_enriched	0.0	1	0.9090909090909091	0.9090909090909091	0.0	0.4375	0.4375	0.4798
I14_OG009605	not significant	0.45361	0	0.2727272727272727	0.2727272727272727	0.0	0.15625	0.1875	0.1463
I14_OG009609	not significant	0.1728	1	0.5454545454545454	0.5454545454545454	0.0	0.25	0.25	0.3006
I14_OG009623	not significant	0.79199	0	0.09090909090909091	0.09090909090909094	0.0	0.0625	0.0625	0.0533
I14_OG009624	not significant	0.80847	0.0	0.45454545454545453	0.4545454545454546	0.0	0.375	0.375	0.0795
I14_OG009626	not significant	0.01954	0.0	0.45454545454545453	0.4545454545454546	0.0	0.0625	0.0625	0.4633
I14_OG009628	not significant	0.35249	0	0.2727272727272727	0.2727272727272727	0.0	0.125	0.1875	0.1995
I14_OG009631	not significant	0.80303	0	0.09090909090909091	0.09090909090909094	0.0	0.125	0.125	-0.0533
I14_OG009641	not significant	0.81975	0	0.09090909090909091	0.09090909090909094	0.0	0.0625	0.0625	0.0533
I14_OG009650	not significant	0.90006	0	0.3181818181818182	0.36363636363636365	0.0	0.34375	0.375	-0.0278
I14_OG009651	not significant	0.63863	0	0.2727272727272727	0.2727272727272727	0.0	0.1875	0.1875	0.1007
I14_OG009659	not significant	0.61098	1	0.6363636363636364	0.6363636363636364	0.0	0.4375	0.4375	0.1956
I14_OG009664	present_enriched	0.00617	0.5	0.5	0.5454545454545454	0.0	0.0625	0.0625	0.516
I14_OG009667	not significant	0.93987	0	0.18181818181818182	0.2727272727272727	0.0	0.1875	0.1875	-0.0077
I14_OG009670	not significant	0.90825	0	0.22727272727272727	0.2727272727272727	0.0	0.25	0.25	-0.0268
I14_OG009717	not significant	0.81035	1.0	0.6818181818181818	0.7272727272727273	1.0	0.5625	0.5625	0.1227
I14_OG009733	not significant	0.31152	1.0	0.5454545454545454	0.5454545454545454	0.0	0.28125	0.3125	0.2716
I14_OG009736	not significant	0.82492	0	0.09090909090909091	0.09090909090909094	0.0	0.125	0.125	-0.0533
I14_OG009737	not significant	0.62519	0.0	0.4090909090909091	0.4545454545454546	0.0	0.25	0.25	0.172
I14_OG009744	not significant	0.91253	0	0.22727272727272727	0.2727272727272727	0.0	0.25	0.25	-0.0268
I14_OG009748	not significant	0.06823	0	0.3181818181818182	0.36363636363636365	0.0	0.0625	0.0625	0.3489
I14_OG009751	not significant	0.73627	1	0.6363636363636364	0.6363636363636364	1.0	0.75	0.75	-0.1223
I14_OG009752	not significant	0.2726	0	0.0	0.0	0.0	0.125	0.125	-0.2345
I14_OG009755	not significant	0.2716	0	0.0	0.0	0.0	0.125	0.125	-0.2345
I14_OG009759	not significant	0.73463	0	0.13636363636363635	0.18181818181818177	0.0	0.1875	0.1875	-0.0698
I14_OG009760	not significant	0.84631	0	0.09090909090909091	0.09090909090909094	0.0	0.0625	0.0625	0.0533
I14_OG009762	not significant	0.67469	0	0.18181818181818182	0.18181818181818177	0.0	0.25	0.25	-0.0806
I14_OG009763	not significant	0.33786	0	0.18181818181818182	0.18181818181818177	0.0	0.0625	0.0625	0.1866
I14_OG009764	not significant	0.06444	0	0.18181818181818182	0.18181818181818177	0.0	0.0	0.0	0.3411
I14_OG009782	not significant	0.08977	1	0.6363636363636364	0.7272727272727273	0.0	0.25	0.25	0.4021
I14_OG009786	not significant	0.36521	1	0.7727272727272727	0.8181818181818181	0.5	0.5	0.5	0.2804
I14_OG009790	not significant	0.4605	0.0	0.45454545454545453	0.4545454545454546	0.0	0.28125	0.3125	0.182
I14_OG009791	not significant	0.06661	0	0.3181818181818182	0.36363636363636365	0.0	0.0625	0.0625	0.3489
I14_OG009802	not significant	0.34433	0	0.09090909090909091	0.09090909090909094	0.0	0.25	0.3125	-0.2149
I14_OG009806	not significant	0.95327	0	0.18181818181818182	0.18181818181818177	0.0	0.1875	0.1875	-0.0072
I14_OG009808	not significant	0.76162	0.5	0.45454545454545453	0.5454545454545454	0.0	0.375	0.375	0.0828
I14_OG009811	not significant	0.55257	0.0	0.36363636363636365	0.4545454545454546	0.0	0.25	0.25	0.1281
I14_OG009824	not significant	0.43941	0	0.18181818181818182	0.18181818181818177	0.0	0.3125	0.3125	-0.1465
I14_OG009833	not significant	0.22329	0.0	0.4090909090909091	0.4545454545454546	0.0	0.125	0.125	0.3351
I14_OG009835	not significant	0.39631	1.0	0.6363636363636364	0.6363636363636364	0.0	0.375	0.375	0.257
I14_OG009845	not significant	0.59945	0	0.13636363636363635	0.18181818181818177	0.0	0.0625	0.0625	0.1327
I14_OG009846	not significant	0.23235	0	0.09090909090909091	0.09090909090909094	0.0	0.0	0.0	0.2365
I14_OG009850	not significant	0.21833	1	0.5454545454545454	0.5454545454545454	0.0	0.25	0.25	0.3006
I14_OG009855	not significant	0.14015	0	0.36363636363636365	0.36363636363636365	0.0	0.125	0.125	0.282
I14_OG009860	not significant	0.84533	0	0.22727272727272727	0.2727272727272727	0.0	0.1875	0.1875	0.05
I14_OG009865	not significant	0.21339	1.0	0.5454545454545454	0.5454545454545454	0.0	0.25	0.25	0.3006
I14_OG009877	not significant	0.02653	0	0.22727272727272727	0.2727272727272727	0.0	0.0	0.0	0.4084
I14_OG009887	not significant	0.3889	0	0.36363636363636365	0.36363636363636365	0.0	0.21875	0.25	0.1627
I14_OG009888	not significant	0.21394	1	0.5454545454545454	0.5454545454545454	0.0	0.28125	0.3125	0.2716
I14_OG009903	not significant	0.94061	0	0.18181818181818182	0.18181818181818177	0.0	0.1875	0.1875	-0.0072
I14_OG009918	not significant	0.41679	0	0.09090909090909091	0.09090909090909094	0.0	0.21875	0.25	-0.1745
I14_OG009927	not significant	0.73101	0	0.13636363636363635	0.18181818181818177	0.0	0.1875	0.1875	-0.0698
I14_OG009928	not significant	0.69004	0	0.3181818181818182	0.36363636363636365	0.0	0.25	0.25	0.0766
I14_OG009929	not significant	0.40756	1	0.7727272727272727	0.8181818181818181	0.5	0.5	0.5	0.2804
I14_OG009931	not significant	0.43901	0	0.18181818181818182	0.18181818181818177	0.0	0.3125	0.3125	-0.1465
I14_OG009990	not significant	0.76817	0.0	0.45454545454545453	0.4545454545454546	0.0	0.375	0.375	0.0795
I14_OG010010	not significant	0.27374	0	0.0	0.0	0.0	0.125	0.125	-0.2345
I14_OG010023	not significant	0.59988	0	0.22727272727272727	0.2727272727272727	0.0	0.125	0.125	0.1396
I14_OG010025	not significant	0.49015	0	0.18181818181818182	0.18181818181818177	0.0	0.09375	0.125	0.1345
I14_OG010027	not significant	0.84209	0	0.09090909090909091	0.09090909090909094	0.0	0.125	0.125	-0.0533
I14_OG010033	not significant	0.23995	0.5	0.5454545454545454	0.6363636363636364	0.0	0.25	0.25	0.3133
I14_OG010035	not significant	0.68607	0	0.18181818181818182	0.18181818181818177	0.0	0.125	0.125	0.0786
I14_OG010047	not significant	0.22328	0	0.3181818181818182	0.36363636363636365	0.0	0.125	0.125	0.2427
I14_OG010070	not significant	0.55739	0	0.22727272727272727	0.2727272727272727	0.0	0.125	0.125	0.1396
I14_OG010082	not significant	0.12115	0.0	0.4090909090909091	0.4545454545454546	0.0	0.15625	0.1875	0.2982
I14_OG010084	not significant	0.59647	0	0.2727272727272727	0.2727272727272727	0.0	0.375	0.375	-0.1066
I14_OG010092	not significant	0.22189	0	0.3181818181818182	0.36363636363636365	0.0	0.125	0.125	0.2427
I14_OG010093	not significant	0.02815	0	0.36363636363636365	0.36363636363636365	0.0	0.0625	0.0625	0.3809
I14_OG010112	not significant	0.4805	0	0.22727272727272727	0.2727272727272727	0.0	0.125	0.125	0.1396
I14_OG010113	not significant	0.93638	0	0.4090909090909091	0.4545454545454546	0.0	0.375	0.375	0.035
I14_OG010115	not significant	0.05534	0	0.18181818181818182	0.18181818181818177	0.0	0.0	0.0	0.3411
I14_OG010120	not significant	0.39125	1	0.6363636363636364	0.6363636363636364	0.0	0.375	0.375	0.257
I14_OG010121	not significant	0.2692	1	0.6363636363636364	0.6363636363636364	0.0	0.375	0.375	0.257
I14_OG010148	not significant	0.07847	1	0.5454545454545454	0.5454545454545454	0.0	0.1875	0.1875	0.3731
I14_OG010154	not significant	0.02951	0	0.36363636363636365	0.36363636363636365	0.0	0.0625	0.0625	0.3809
I14_OG010179	not significant	0.38422	1.0	0.6363636363636364	0.6363636363636364	0.0	0.375	0.375	0.257
I14_OG010204	not significant	0.90428	0	0.22727272727272727	0.2727272727272727	0.0	0.25	0.25	-0.0268
I14_OG010208	not significant	0.54567	0	0.22727272727272727	0.2727272727272727	0.0	0.125	0.125	0.1396
I14_OG010212	not significant	0.48454	0	0.3181818181818182	0.36363636363636365	0.0	0.1875	0.1875	0.1541
I14_OG010219	not significant	0.49533	0	0.18181818181818182	0.18181818181818177	0.0	0.3125	0.3125	-0.1465
I14_OG010248	not significant	0.34015	0	0.18181818181818182	0.18181818181818177	0.0	0.0625	0.0625	0.1866
I14_OG010279	not significant	0.42604	1	0.5454545454545454	0.5454545454545454	0.0	0.34375	0.375	0.2043
I14_OG010288	not significant	0.49261	0	0.0	0.0	0.0	0.0625	0.0625	-0.1626
I14_OG010290	not significant	0.27554	0	0.0	0.0	0.0	0.125	0.125	-0.2345
I14_OG010293	not significant	0.46106	0	0.3181818181818182	0.36363636363636365	0.0	0.1875	0.1875	0.1541
I14_OG010301	not significant	0.78644	0	0.36363636363636365	0.36363636363636365	0.0	0.3125	0.3125	0.0533
I14_OG010307	not significant	0.39465	0	0.18181818181818182	0.18181818181818177	0.0	0.0625	0.0625	0.1866
I14_OG010310	not significant	0.90511	0	0.13636363636363635	0.18181818181818177	0.0	0.15625	0.1875	-0.0298
I14_OG010311	not significant	0.41407	0	0.3181818181818182	0.36363636363636365	0.0	0.1875	0.1875	0.1541
I14_OG010337	not significant	0.04577	0.0	0.4090909090909091	0.4545454545454546	0.0	0.0625	0.0625	0.4354
I14_OG010354	not significant	0.69164	0	0.18181818181818182	0.18181818181818177	0.0	0.125	0.125	0.0786
I14_OG010358	present_enriched	0.00181	1	0.6818181818181818	0.7272727272727273	0.0	0.125	0.125	0.5849
I14_OG010360	not significant	0.94259	0	0.3181818181818182	0.36363636363636365	0.0	0.28125	0.3125	0.0416
I14_OG010377	not significant	0.12704	0	0.2727272727272727	0.2727272727272727	0.0	0.0625	0.0625	0.2908
I14_OG010385	not significant	0.0531	0.0	0.45454545454545453	0.4545454545454546	0.0	0.125	0.125	0.3695
I14_OG010388	not significant	0.26123	0.0	0.45454545454545453	0.4545454545454546	0.0	0.25	0.25	0.2132
I14_OG010399	not significant	0.90515	0.0	0.4090909090909091	0.4545454545454546	0.0	0.375	0.375	0.035
I14_OG010403	not significant	0.22943	0	0.09090909090909091	0.09090909090909094	0.0	0.0	0.0	0.2365
I14_OG010404	not significant	0.2093	0	0.3181818181818182	0.36363636363636365	0.0	0.125	0.125	0.2427
I14_OG010408	not significant	0.69323	0	0.18181818181818182	0.18181818181818177	0.0	0.125	0.125	0.0786
I14_OG010412	not significant	0.60813	0	0.2727272727272727	0.2727272727272727	0.0	0.1875	0.1875	0.1007
I14_OG010417	not significant	0.23769	0	0.09090909090909091	0.09090909090909094	0.0	0.0	0.0	0.2365
I14_OG010422	not significant	0.27786	1.0	0.8181818181818182	0.8181818181818181	0.5	0.5	0.5	0.3237
I14_OG010425	not significant	0.42888	0.5	0.5	0.5454545454545454	0.0	0.3125	0.3125	0.1928
I14_OG010426	not significant	0.17012	1	0.7272727272727273	0.8181818181818181	0.0	0.4375	0.4375	0.2979
I14_OG010438	not significant	0.43755	0	0.3181818181818182	0.36363636363636365	0.0	0.1875	0.1875	0.1541
I14_OG010440	not significant	0.035	0	0.18181818181818182	0.18181818181818177	0.0	0.0	0.0	0.3411
I14_OG010447	not significant	0.45401	0	0.2727272727272727	0.2727272727272727	0.0	0.15625	0.1875	0.1463
I14_OG010452	not significant	0.91362	0	0.2727272727272727	0.2727272727272727	0.0	0.25	0.25	0.0255
I14_OG010461	not significant	0.934	0	0.18181818181818182	0.18181818181818177	0.0	0.1875	0.1875	-0.0072
I14_OG010480	not significant	0.06018	0	0.18181818181818182	0.18181818181818177	0.0	0.0	0.0	0.3411
I14_OG010481	not significant	0.56478	0.0	0.45454545454545453	0.4545454545454546	0.0	0.3125	0.3125	0.1445
I14_OG010483	present_enriched	0.00051	0.5	0.5	0.5454545454545454	0.0	0.0625	0.0625	0.516
I14_OG010487	not significant	0.31721	1.0	0.6363636363636364	0.6363636363636364	0.0	0.375	0.375	0.257
I14_OG010566	not significant	0.84724	0	0.09090909090909091	0.09090909090909094	0.0	0.125	0.125	-0.0533
I14_OG010569	not significant	0.68121	0.5	0.5	0.5454545454545454	0.0	0.34375	0.375	0.1626
I14_OG010592	not significant	0.69346	0	0.18181818181818182	0.18181818181818177	0.0	0.125	0.125	0.0786
I14_OG010599	not significant	0.61427	0	0.2727272727272727	0.2727272727272727	0.0	0.1875	0.1875	0.1007
I14_OG010604	not significant	0.47508	0	0.0	0.0	0.0	0.0625	0.0625	-0.1626
I14_OG010607	not significant	0.4847	0	0.0	0.0	0.0	0.0625	0.0625	-0.1626
I14_OG010609	not significant	0.27199	0.0	0.4090909090909091	0.4545454545454546	0.0	0.1875	0.1875	0.2489
I14_OG010611	not significant	0.85627	0	0.3181818181818182	0.36363636363636365	0.0	0.25	0.25	0.0766
I14_OG010617	not significant	0.47416	0.0	0.4090909090909091	0.4545454545454546	0.0	0.25	0.25	0.172
I14_OG010665	not significant	0.90977	0	0.2727272727272727	0.2727272727272727	0.0	0.25	0.25	0.0255
I14_OG010671	not significant	0.35272	0	0.09090909090909091	0.09090909090909094	0.0	0.25	0.3125	-0.2149
I14_OG010677	not significant	0.0144	0	0.36363636363636365	0.36363636363636365	0.0	0.0625	0.0625	0.3809
I14_OG010678	not significant	0.14836	1.0	0.6363636363636364	0.6363636363636364	0.0	0.25	0.25	0.3864
I14_OG010694	not significant	0.31602	0.0	0.45454545454545453	0.4545454545454546	0.0	0.25	0.25	0.2132
I14_OG010696	not significant	0.34312	0	0.2727272727272727	0.2727272727272727	0.0	0.125	0.125	0.1869
I14_OG010697	not significant	0.59786	0	0.2727272727272727	0.2727272727272727	0.0	0.1875	0.1875	0.1007
I14_OG010706	not significant	0.02212	1	0.5454545454545454	0.5454545454545454	0.0	0.125	0.125	0.4524
I14_OG010718	not significant	0.09973	1	0.7727272727272727	0.8181818181818181	0.0	0.375	0.375	0.3994
I14_OG010721	not significant	1.0	0.5	0.5	0.5454545454545454	0.5	0.5	0.5	-0.0
I14_OG010754	not significant	0.32747	0	0.13636363636363635	0.18181818181818177	0.0	0.3125	0.3125	-0.2078
I14_OG010766	not significant	0.49163	0	0.22727272727272727	0.2727272727272727	0.0	0.125	0.125	0.1396
I14_OG010783	present_enriched	0.00231	0.5	0.5	0.5454545454545454	0.0	0.0625	0.0625	0.516
I14_OG010790	not significant	0.92981	0	0.18181818181818182	0.2727272727272727	0.0	0.1875	0.1875	-0.0077
I14_OG010796	not significant	0.96482	1	0.5454545454545454	0.5454545454545454	1.0	0.5625	0.5625	-0.0169
I14_OG010891	not significant	0.84866	0	0.09090909090909091	0.09090909090909094	0.0	0.125	0.125	-0.0533
I14_OG010892	not significant	0.98464	1	0.6363636363636364	0.6363636363636364	1.0	0.625	0.625	0.0116
I14_OG010898	not significant	0.79478	0	0.09090909090909091	0.09090909090909094	0.0	0.0625	0.0625	0.0533
I14_OG010901	not significant	0.82344	0	0.18181818181818182	0.18181818181818177	0.0	0.21875	0.25	-0.0464
I14_OG010908	not significant	0.9171	0	0.2727272727272727	0.2727272727272727	0.0	0.25	0.25	0.0255
I14_OG010934	not significant	0.22853	0.5	0.45454545454545453	0.5454545454545454	0.0	0.25	0.3125	0.2335
I14_OG010943	not significant	0.05223	0	0.18181818181818182	0.18181818181818177	0.0	0.0	0.0	0.3411
I14_OG010944	not significant	0.47779	0	0.22727272727272727	0.2727272727272727	0.0	0.125	0.125	0.1396
I14_OG010971	not significant	0.75457	0	0.3181818181818182	0.36363636363636365	0.0	0.375	0.375	-0.0597
I14_OG010998	not significant	0.2076	0.0	0.4090909090909091	0.4545454545454546	0.0	0.15625	0.1875	0.2982
I14_OG011001	not significant	0.16245	0.0	0.45454545454545453	0.4545454545454546	0.0	0.1875	0.1875	0.2874
I14_OG011042	not significant	0.13513	0	0.36363636363636365	0.36363636363636365	0.0	0.125	0.125	0.282
I14_OG011066	not significant	0.79576	0	0.09090909090909091	0.09090909090909094	0.0	0.0625	0.0625	0.0533
I14_OG011071	not significant	0.11542	0	0.2727272727272727	0.2727272727272727	0.0	0.0625	0.0625	0.2908
I14_OG011072	not significant	0.38077	0	0.2727272727272727	0.2727272727272727	0.0	0.125	0.125	0.1869
I14_OG011084	not significant	0.08203	0.0	0.4090909090909091	0.4545454545454546	0.0	0.125	0.125	0.3351
I14_OG011086	not significant	0.73697	1.0	0.8181818181818182	0.8181818181818181	1.0	0.6875	0.6875	0.1465
I14_OG011090	not significant	0.30842	0.0	0.4090909090909091	0.4545454545454546	0.0	0.1875	0.1875	0.2489
I14_OG011103	not significant	0.01788	0	0.3181818181818182	0.36363636363636365	0.0	0.0625	0.0625	0.3489
I14_OG011133	not significant	0.68658	0	0.18181818181818182	0.18181818181818177	0.0	0.125	0.125	0.0786
I14_OG011137	not significant	0.57572	0	0.22727272727272727	0.2727272727272727	0.0	0.125	0.125	0.1396
I14_OG011152	not significant	0.37543	0	0.18181818181818182	0.18181818181818177	0.0	0.0625	0.0625	0.1866
I14_OG011200	not significant	0.50385	0.0	0.45454545454545453	0.4545454545454546	0.0	0.3125	0.3125	0.1445
I14_OG011267	not significant	0.09814	1	0.5909090909090909	0.6363636363636364	0.0	0.28125	0.3125	0.3223
I14_OG011285	not significant	0.93165	0	0.13636363636363635	0.18181818181818177	0.0	0.125	0.125	0.0174
I14_OG011292	not significant	0.75597	1	0.7272727272727273	0.7272727272727273	1.0	0.625	0.625	0.1066
I14_OG011296	not significant	0.84338	0	0.09090909090909091	0.09090909090909094	0.0	0.125	0.125	-0.0533
I14_OG011297	not significant	0.27025	1	0.5909090909090909	0.6363636363636364	0.0	0.3125	0.3125	0.282
I14_OG011298	not significant	0.54936	1	0.6818181818181818	0.7272727272727273	0.5	0.5	0.5	0.1842
I14_OG011302	not significant	0.2838	0	0.0	0.0	0.0	0.125	0.125	-0.2345
I14_OG011305	not significant	0.79657	0	0.09090909090909091	0.09090909090909094	0.0	0.0625	0.0625	0.0533
I14_OG011340	not significant	0.91093	0	0.22727272727272727	0.2727272727272727	0.0	0.25	0.25	-0.0268
I14_OG011353	not significant	0.94374	0.0	0.4090909090909091	0.4545454545454546	0.0	0.375	0.375	0.035
I14_OG011356	not significant	0.6726	0	0.18181818181818182	0.18181818181818177	0.0	0.25	0.25	-0.0806
I14_OG011370	not significant	0.96868	0	0.3181818181818182	0.36363636363636365	0.0	0.3125	0.3125	0.0061
I14_OG011382	not significant	0.27385	1	0.7727272727272727	0.8181818181818181	0.25	0.46875	0.5	0.3164
I14_OG011402	not significant	0.77268	0.5	0.5	0.5454545454545454	0.0	0.4375	0.4375	0.0628
I14_OG011419	not significant	0.91638	0	0.2727272727272727	0.2727272727272727	0.0	0.25	0.25	0.0255
I14_OG011431	not significant	0.02839	1	0.9545454545454546	1.0	0.0	0.4375	0.4375	0.5431
I14_OG011435	not significant	0.0484	0.0	0.45454545454545453	0.4545454545454546	0.0	0.125	0.125	0.3695
I14_OG011444	not significant	0.62774	0	0.2727272727272727	0.2727272727272727	0.0	0.1875	0.1875	0.1007
I14_OG011452	not significant	0.01041	0	0.3181818181818182	0.36363636363636365	0.0	0.0	0.0	0.4858
I14_OG011455	not significant	0.8179	0	0.09090909090909091	0.09090909090909094	0.0	0.0625	0.0625	0.0533
I14_OG011457	not significant	0.63252	0	0.3181818181818182	0.36363636363636365	0.0	0.1875	0.1875	0.1541
I14_OG011467	not significant	0.61305	0.5	0.5	0.5454545454545454	0.0	0.375	0.375	0.1266
I14_OG011469	not significant	0.4026	0	0.18181818181818182	0.18181818181818177	0.0	0.0625	0.0625	0.1866
I14_OG011487	not significant	0.16011	0.5	0.5	0.5454545454545454	0.0	0.25	0.25	0.2626
I14_OG011497	not significant	0.03251	0	0.22727272727272727	0.2727272727272727	0.0	0.03125	0.0625	0.34
I14_OG011512	not significant	0.10112	0.0	0.45454545454545453	0.4545454545454546	0.0	0.125	0.125	0.3695
I14_OG011523	not significant	0.93917	0	0.36363636363636365	0.36363636363636365	0.0	0.375	0.375	-0.0116
I14_OG011559	not significant	0.35629	0	0.2727272727272727	0.2727272727272727	0.0	0.125	0.125	0.1869
I14_OG011657	not significant	0.87568	0	0.4090909090909091	0.4545454545454546	0.0	0.4375	0.4375	-0.0288
I14_OG011679	not significant	0.51378	0	0.0	0.0	0.0	0.0625	0.0625	-0.1626
I14_OG011696	not significant	0.4066	0.5	0.5	0.5454545454545454	0.0	0.3125	0.3125	0.1928
I14_OG011698	not significant	0.2795	0	0.0	0.0	0.0	0.125	0.125	-0.2345
I14_OG011707	not significant	0.50331	0	0.09090909090909091	0.09090909090909094	0.0	0.1875	0.1875	-0.1336
I14_OG011711	not significant	0.18779	0.0	0.4090909090909091	0.4545454545454546	0.0	0.1875	0.1875	0.2489
I14_OG011724	not significant	0.63913	0	0.45454545454545453	0.4545454545454546	0.0	0.25	0.25	0.2132
I14_OG011745	not significant	0.33082	1	0.6818181818181818	0.7272727272727273	0.0	0.4375	0.4375	0.2454
I14_OG011761	not significant	0.93419	0.0	0.36363636363636365	0.4545454545454546	0.0	0.375	0.375	-0.0121
I14_OG011783	not significant	0.01278	0	0.0	0.0	0.0	0.28125	0.3125	-0.3838
I14_OG011792	not significant	0.20372	0	0.36363636363636365	0.36363636363636365	0.0	0.15625	0.1875	0.2446
I14_OG011798	not significant	0.60171	0	0.2727272727272727	0.2727272727272727	0.0	0.1875	0.1875	0.1007
I14_OG011804	not significant	0.4879	0.5	0.5	0.5454545454545454	0.0	0.3125	0.3125	0.1928
I14_OG011805	not significant	0.22314	0	0.3181818181818182	0.36363636363636365	0.0	0.125	0.125	0.2427
I14_OG011806	not significant	0.22052	0.0	0.45454545454545453	0.4545454545454546	0.0	0.1875	0.1875	0.2874
I14_OG011811	not significant	0.08753	0.0	0.4090909090909091	0.4545454545454546	0.0	0.125	0.125	0.3351
I14_OG011812	not significant	0.12671	0	0.2727272727272727	0.2727272727272727	0.0	0.0625	0.0625	0.2908
I14_OG011817	not significant	0.40998	0	0.3181818181818182	0.36363636363636365	0.0	0.1875	0.1875	0.1541
I14_OG011830	not significant	0.84479	0.0	0.4090909090909091	0.4545454545454546	0.0	0.375	0.375	0.035
I14_OG011851	not significant	0.09432	0.0	0.4090909090909091	0.4545454545454546	0.0	0.125	0.125	0.3351
I14_OG011865	not significant	0.23369	0	0.09090909090909091	0.09090909090909094	0.0	0.0	0.0	0.2365
I14_OG011868	not significant	0.08912	0.5	0.5	0.5454545454545454	0.0	0.1875	0.1875	0.3379
I14_OG011869	not significant	0.26811	0.0	0.45454545454545453	0.4545454545454546	0.0	0.25	0.25	0.2132
I14_OG011871	not significant	0.05055	1	0.6818181818181818	0.7272727272727273	0.0	0.1875	0.1875	0.5082
I14_OG011875	present_enriched	0.00293	1	0.5454545454545454	0.5454545454545454	0.0	0.0625	0.0625	0.5415
I14_OG011941	not significant	0.68429	0	0.18181818181818182	0.18181818181818177	0.0	0.125	0.125	0.0786
I14_OG011946	not significant	0.38193	1.0	0.7727272727272727	0.8181818181818181	0.5	0.5	0.5	0.2804
I14_OG011951	not significant	0.46644	0.0	0.4090909090909091	0.4545454545454546	0.0	0.25	0.25	0.172
I14_OG011956	not significant	0.10684	0	0.2727272727272727	0.2727272727272727	0.0	0.0625	0.0625	0.2908
I14_OG012074	not significant	0.30295	0	0.045454545454545456	0.09090909090909094	0.0	0.1875	0.1875	-0.2169
I14_OG012077	not significant	0.50069	0	0.13636363636363635	0.18181818181818177	0.0	0.0625	0.0625	0.1327
I14_OG012089	not significant	0.84733	0	0.09090909090909091	0.09090909090909094	0.0	0.0625	0.0625	0.0533
I14_OG012099	not significant	0.82465	0	0.36363636363636365	0.36363636363636365	0.0	0.3125	0.3125	0.0533
I14_OG012101	not significant	0.32759	0.0	0.45454545454545453	0.4545454545454546	0.0	0.25	0.25	0.2132
I14_OG012158	not significant	0.90286	0	0.22727272727272727	0.2727272727272727	0.0	0.25	0.25	-0.0268
I14_OG012177	not significant	0.22798	0	0.3181818181818182	0.36363636363636365	1.0	0.5625	0.5625	-0.2454
I14_OG012180	not significant	0.04178	0	0.045454545454545456	0.09090909090909094	0.0	0.3125	0.3125	-0.3355
I14_OG012183	not significant	0.75506	0	0.3181818181818182	0.36363636363636365	0.0	0.375	0.375	-0.0597
I14_OG012201	not significant	0.50296	0	0.22727272727272727	0.2727272727272727	0.0	0.125	0.125	0.1396
I14_OG012230	not significant	0.79377	0	0.22727272727272727	0.2727272727272727	0.0	0.1875	0.1875	0.05
I14_OG012236	not significant	0.05074	0.5	0.5	0.5454545454545454	0.0	0.125	0.125	0.4212
I14_OG012245	not significant	0.0549	0	0.3181818181818182	0.36363636363636365	0.0	0.0625	0.0625	0.3489
I14_OG012259	not significant	0.01998	0	0.22727272727272727	0.2727272727272727	0.0	0.0	0.0	0.4084
I14_OG012260	not significant	0.34464	0	0.18181818181818182	0.18181818181818177	0.0	0.0625	0.0625	0.1866
I14_OG012264	not significant	0.06104	0.0	0.45454545454545453	0.4545454545454546	0.0	0.125	0.125	0.3695
I14_OG012266	not significant	0.83269	0	0.2727272727272727	0.2727272727272727	0.0	0.3125	0.3125	-0.0428
I14_OG012289	not significant	0.24657	1	0.5454545454545454	0.5454545454545454	0.0	0.3125	0.3125	0.233
I14_OG012291	not significant	0.01247	0.0	0.4090909090909091	0.4545454545454546	0.0	0.0625	0.0625	0.4354
I14_OG012301	not significant	0.09194	1.0	0.6363636363636364	0.6363636363636364	0.0	0.3125	0.3125	0.3202
I14_OG012315	not significant	0.67921	0.0	0.4090909090909091	0.4545454545454546	0.0	0.3125	0.3125	0.1015
I14_OG012316	not significant	0.03429	0	0.18181818181818182	0.18181818181818177	0.0	0.0	0.0	0.3411
I14_OG012326	not significant	0.36519	0.0	0.45454545454545453	0.4545454545454546	0.0	0.28125	0.3125	0.182
I14_OG012333	not significant	0.42436	0.5	0.5	0.5454545454545454	0.0	0.3125	0.3125	0.1928
I14_OG012348	not significant	0.90913	0	0.2727272727272727	0.36363636363636365	0.0	0.25	0.25	0.0268
I14_OG012361	not significant	0.69314	0	0.3181818181818182	0.36363636363636365	0.0	0.25	0.25	0.0766
I14_OG012363	not significant	0.61084	0.5	0.5	0.5454545454545454	0.0	0.375	0.375	0.1266
I14_OG012404	not significant	0.13995	0	0.2727272727272727	0.2727272727272727	0.0	0.0625	0.0625	0.2908
I14_OG012415	not significant	0.95104	0	0.18181818181818182	0.18181818181818177	0.0	0.1875	0.1875	-0.0072
I14_OG012433	not significant	0.69223	0	0.18181818181818182	0.18181818181818177	0.0	0.125	0.125	0.0786
I14_OG012470	not significant	0.80499	0	0.22727272727272727	0.2727272727272727	0.0	0.1875	0.1875	0.05
I14_OG012527	not significant	0.32473	0.0	0.45454545454545453	0.4545454545454546	0.0	0.1875	0.1875	0.2874
I14_OG012541	not significant	0.39526	1.0	0.7272727272727273	0.7272727272727273	0.25	0.46875	0.5	0.2619
I14_OG012586	not significant	0.83099	0	0.09090909090909091	0.09090909090909094	0.0	0.0625	0.0625	0.0533
I14_OG012606	not significant	0.69	0	0.18181818181818182	0.18181818181818177	0.0	0.125	0.125	0.0786
I14_OG012648	not significant	0.10119	0.5	0.5	0.5454545454545454	0.0	0.1875	0.1875	0.3379
I14_OG012655	not significant	0.76362	0.5	0.5	0.5454545454545454	0.0	0.4375	0.4375	0.0628
I14_OG012658	not significant	0.23475	0	0.13636363636363635	0.18181818181818177	0.0	0.375	0.375	-0.268
I14_OG012662	not significant	0.64976	0	0.22727272727272727	0.2727272727272727	0.0	0.3125	0.3125	-0.0957
I14_OG012665	not significant	0.98933	0	0.3181818181818182	0.36363636363636365	0.0	0.3125	0.3125	0.0061
I14_OG012668	not significant	0.08511	1.0	0.6818181818181818	0.7272727272727273	0.0	0.375	0.375	0.3073
I14_OG012680	not significant	0.93795	0	0.13636363636363635	0.18181818181818177	0.0	0.125	0.125	0.0174
I14_OG012684	not significant	0.83111	0	0.2727272727272727	0.2727272727272727	0.0	0.3125	0.3125	-0.0428
I14_OG012691	not significant	0.37762	0	0.2727272727272727	0.2727272727272727	0.0	0.4375	0.4375	-0.1677
I14_OG012732	not significant	0.55007	0	0.22727272727272727	0.2727272727272727	0.0	0.125	0.125	0.1396
I14_OG012766	not significant	0.01369	0	0.4090909090909091	0.4545454545454546	0.0	0.0625	0.0625	0.4354
I14_OG012767	not significant	0.33235	0	0.2727272727272727	0.2727272727272727	0.0	0.125	0.125	0.1869
I14_OG012805	not significant	0.05318	0	0.18181818181818182	0.18181818181818177	0.0	0.0	0.0	0.3411
I14_OG012806	not significant	0.3399	0	0.36363636363636365	0.36363636363636365	0.0	0.1875	0.1875	0.1975
I14_OG012812	not significant	0.81713	0	0.09090909090909091	0.09090909090909094	0.0	0.125	0.125	-0.0533
I14_OG012842	not significant	0.36663	0	0.18181818181818182	0.18181818181818177	0.0	0.0625	0.0625	0.1866
I14_OG012866	not significant	0.67556	0.0	0.45454545454545453	0.4545454545454546	0.0	0.375	0.375	0.0795
I14_OG012868	not significant	0.69852	0	0.18181818181818182	0.18181818181818177	0.0	0.125	0.125	0.0786
I14_OG012900	not significant	0.89357	0	0.18181818181818182	0.18181818181818177	0.0	0.25	0.25	-0.0806
I14_OG012914	not significant	0.16587	0	0.13636363636363635	0.18181818181818177	0.0	0.375	0.375	-0.268
I14_OG012966	not significant	0.84957	0	0.18181818181818182	0.18181818181818177	0.0	0.21875	0.25	-0.0464
I14_OG013162	not significant	0.02834	1	0.8636363636363636	0.9090909090909091	0.0	0.34375	0.375	0.5345
I14_OG013166	not significant	0.01903	1	0.5909090909090909	0.6363636363636364	0.0	0.1875	0.1875	0.4238
I14_OG013210	not significant	0.31226	0	0.13636363636363635	0.18181818181818177	0.0	0.3125	0.3125	-0.2078
I14_OG013217	not significant	0.58662	0	0.2727272727272727	0.2727272727272727	0.0	0.375	0.375	-0.1066
I14_OG013227	not significant	0.15755	0	0.18181818181818182	0.18181818181818177	0.0	0.03125	0.0625	0.2706
I14_OG013228	not significant	0.13577	0	0.36363636363636365	0.36363636363636365	0.0	0.125	0.125	0.282
I14_OG013246	not significant	0.81208	0	0.09090909090909091	0.09090909090909094	0.0	0.0625	0.0625	0.0533
I14_OG013248	not significant	0.40968	0	0.3181818181818182	0.36363636363636365	0.0	0.1875	0.1875	0.1541
I14_OG013250	not significant	0.86189	0.0	0.4090909090909091	0.4545454545454546	0.0	0.3125	0.3125	0.1015
I14_OG013263	not significant	0.06847	0	0.18181818181818182	0.18181818181818177	0.0	0.0	0.0	0.3411
I14_OG013275	not significant	0.42179	0	0.18181818181818182	0.18181818181818177	0.0	0.0625	0.0625	0.1866
I14_OG013283	not significant	0.0376	0	0.18181818181818182	0.18181818181818177	0.0	0.0	0.0	0.3411
I14_OG013286	not significant	0.02688	0	0.36363636363636365	0.36363636363636365	0.0	0.0625	0.0625	0.3809
I14_OG013289	not significant	0.69218	0	0.18181818181818182	0.18181818181818177	0.0	0.125	0.125	0.0786
I14_OG013296	not significant	0.81622	0	0.09090909090909091	0.09090909090909094	0.0	0.125	0.125	-0.0533
I14_OG013357	not significant	0.84627	0	0.09090909090909091	0.09090909090909094	0.0	0.0625	0.0625	0.0533
I14_OG013362	not significant	0.24667	1	0.5454545454545454	0.5454545454545454	0.0	0.3125	0.3125	0.233
I14_OG013367	not significant	0.37258	0.0	0.4090909090909091	0.4545454545454546	0.0	0.25	0.25	0.172
I14_OG013368	not significant	0.04274	0.0	0.45454545454545453	0.4545454545454546	0.0	0.125	0.125	0.3695
I14_OG013371	not significant	0.68745	0	0.18181818181818182	0.18181818181818177	0.0	0.125	0.125	0.0786
I14_OG013374	not significant	0.37351	0	0.18181818181818182	0.18181818181818177	0.0	0.0625	0.0625	0.1866
I14_OG013459	not significant	0.68795	0.0	0.36363636363636365	0.4545454545454546	0.0	0.4375	0.4375	-0.0769
I14_OG013661	not significant	0.49323	0	0.0	0.0	0.0	0.0625	0.0625	-0.1626
I14_OG013774	not significant	0.39528	0	0.18181818181818182	0.18181818181818177	0.0	0.0625	0.0625	0.1866
I14_OG013785	not significant	0.0533	0	0.36363636363636365	0.36363636363636365	0.0	0.0625	0.0625	0.3809
I14_OG013790	not significant	0.02261	0	0.22727272727272727	0.2727272727272727	0.0	0.0	0.0	0.4084
I14_OG013792	not significant	0.40885	0	0.3181818181818182	0.36363636363636365	0.0	0.1875	0.1875	0.1541
I14_OG013793	not significant	0.68746	0	0.18181818181818182	0.18181818181818177	0.0	0.125	0.125	0.0786
I14_OG013820	not significant	0.0584	0	0.36363636363636365	0.36363636363636365	0.0	0.0625	0.0625	0.3809
I14_OG013856	not significant	0.0136	0	0.2727272727272727	0.2727272727272727	0.0	0.0	0.0	0.4264
I14_OG013858	not significant	0.20193	0	0.22727272727272727	0.2727272727272727	0.0	0.0625	0.0625	0.2516
I14_OG013861	not significant	0.03926	0	0.2727272727272727	0.2727272727272727	0.0	0.03125	0.0625	0.3687
I14_OG013877	not significant	0.06712	1.0	0.6818181818181818	0.7272727272727273	0.0	0.3125	0.3125	0.3709
I14_OG013882	not significant	0.12881	0	0.2727272727272727	0.2727272727272727	0.0	0.0625	0.0625	0.2908
I14_OG013924	not significant	0.09122	0	0.13636363636363635	0.18181818181818177	0.0	0.0	0.0	0.3223
I14_OG013942	not significant	0.36307	0	0.18181818181818182	0.18181818181818177	0.0	0.0625	0.0625	0.1866
I14_OG013954	not significant	0.06672	1.0	0.6363636363636364	0.6363636363636364	0.0	0.25	0.25	0.3864
I14_OG013962	not significant	0.21142	0	0.3181818181818182	0.36363636363636365	0.0	0.125	0.125	0.2427
I14_OG013980	not significant	0.26536	0.0	0.4090909090909091	0.4545454545454546	0.0	0.21875	0.25	0.2146
I14_OG013986	not significant	0.38607	0	0.18181818181818182	0.18181818181818177	0.0	0.0625	0.0625	0.1866
