rank	motif_DB	motif_ID	motif_alt_ID	consensus	p-value	adj_p-value	E-value	tests	FASTA_max	pos	neg	PWM_min	TP	%TP	FP	%FP
1	/Users/ranjithpapareddy/Desktop/Desktop-Ranjith-iMac/forGIT/UFMylation_Ribosome_stalling_RNA_Splicing/Part4_Splicing_Analysis/data/motifs/CisBP_Human_All.meme	M00765_2.00	PCBP3	HGCCCC	5.55e-35	1.17e-31	6.39e-29	2115	249	249	5000	1.36	161	64.66	1310	26.20
2	/Users/ranjithpapareddy/Desktop/Desktop-Ranjith-iMac/forGIT/UFMylation_Ribosome_stalling_RNA_Splicing/Part4_Splicing_Analysis/data/motifs/CisBP_Human_All.meme	M00542_2.00	RBMY1D	CCMB	6.61e-34	2.04e-30	1.11e-27	3088	249	249	5000	1.57	149	59.84	1142	22.84
3	/Users/ranjithpapareddy/Desktop/Desktop-Ranjith-iMac/forGIT/UFMylation_Ribosome_stalling_RNA_Splicing/Part4_Splicing_Analysis/data/motifs/CisBP_Human_All.meme	M00742_2.00	HNRNPF	WGGGW	2.98e-33	9.23e-30	5.02e-27	3096	249	249	5000	2.1	121	48.59	755	15.10
4	/Users/ranjithpapareddy/Desktop/Desktop-Ranjith-iMac/forGIT/UFMylation_Ribosome_stalling_RNA_Splicing/Part4_Splicing_Analysis/data/motifs/CisBP_Human_All.meme	M00723_2.00	EWSR1	GGGDGGGG	1.09e-32	2.72e-29	1.48e-26	2498	249	249	5000	3.08	109	43.78	615	12.30
5	/Users/ranjithpapareddy/Desktop/Desktop-Ranjith-iMac/forGIT/UFMylation_Ribosome_stalling_RNA_Splicing/Part4_Splicing_Analysis/data/motifs/CisBP_Human_All.meme	M00789_2.00	RBM25	GGGGNG	2.90e-32	5.53e-29	3.01e-26	1909	249	249	5000	1.85	123	49.40	801	16.02
6	/Users/ranjithpapareddy/Desktop/Desktop-Ranjith-iMac/forGIT/UFMylation_Ribosome_stalling_RNA_Splicing/Part4_Splicing_Analysis/data/motifs/CisBP_Human_All.meme	M00743_2.00	HNRNPH1	GKGGGG	1.04e-31	2.12e-28	1.15e-25	2036	249	249	5000	1.6	142	57.03	1086	21.72
7	/Users/ranjithpapareddy/Desktop/Desktop-Ranjith-iMac/forGIT/UFMylation_Ribosome_stalling_RNA_Splicing/Part4_Splicing_Analysis/data/motifs/CisBP_Human_All.meme	M00749_2.00	ILF2	GGGDGGGG	5.50e-31	1.35e-27	7.33e-25	2450	249	249	5000	2.79	112	44.98	683	13.66
8	/Users/ranjithpapareddy/Desktop/Desktop-Ranjith-iMac/forGIT/UFMylation_Ribosome_stalling_RNA_Splicing/Part4_Splicing_Analysis/data/motifs/CisBP_Human_All.meme	M00741_2.00	HNRNPF	GGGDGGGG	1.19e-30	2.87e-27	1.56e-24	2405	249	249	5000	2.7	114	45.78	715	14.30
9	/Users/ranjithpapareddy/Desktop/Desktop-Ranjith-iMac/forGIT/UFMylation_Ribosome_stalling_RNA_Splicing/Part4_Splicing_Analysis/data/motifs/CisBP_Human_All.meme	M00722_2.00	ESRP1	GGGKGG	3.11e-29	7.37e-26	4.01e-23	2368	249	249	5000	3.04	90	36.14	455	9.10
10	/Users/ranjithpapareddy/Desktop/Desktop-Ranjith-iMac/forGIT/UFMylation_Ribosome_stalling_RNA_Splicing/Part4_Splicing_Analysis/data/motifs/CisBP_Human_All.meme	M00766_2.00	PCBP2	CCCCNCCCC	1.18e-27	3.03e-24	1.65e-21	2566	249	249	5000	1.84	142	57.03	1189	23.78
11	/Users/ranjithpapareddy/Desktop/Desktop-Ranjith-iMac/forGIT/UFMylation_Ribosome_stalling_RNA_Splicing/Part4_Splicing_Analysis/data/motifs/CisBP_Human_All.meme	M00821_2.00	ENSG00000276833	GGDGGGG	3.13e-27	6.80e-24	3.70e-21	2176	249	249	5000	2.52	111	44.58	746	14.92
12	/Users/ranjithpapareddy/Desktop/Desktop-Ranjith-iMac/forGIT/UFMylation_Ribosome_stalling_RNA_Splicing/Part4_Splicing_Analysis/data/motifs/CisBP_Human_All.meme	M00730_2.00	ENSG00000276833	GGKGG	4.47e-27	9.04e-24	4.92e-21	2021	249	249	5000	2.42	106	42.57	684	13.68
13	/Users/ranjithpapareddy/Desktop/Desktop-Ranjith-iMac/forGIT/UFMylation_Ribosome_stalling_RNA_Splicing/Part4_Splicing_Analysis/data/motifs/CisBP_Human_All.meme	M00514_2.00	ENSG00000276833	GGUG	6.46e-27	1.34e-23	7.31e-21	2081	249	249	5000	2.17	83	33.33	416	8.32
14	/Users/ranjithpapareddy/Desktop/Desktop-Ranjith-iMac/forGIT/UFMylation_Ribosome_stalling_RNA_Splicing/Part4_Splicing_Analysis/data/motifs/CisBP_Human_All.meme	M00518_2.00	MBNL1	YGCU	4.26e-25	4.38e-22	2.38e-19	1029	249	249	5000	1.35	74	29.72	350	7.00
15	/Users/ranjithpapareddy/Desktop/Desktop-Ranjith-iMac/forGIT/UFMylation_Ribosome_stalling_RNA_Splicing/Part4_Splicing_Analysis/data/motifs/CisBP_Human_All.meme	M00409_2.00	ESRP1	GGAUGGGGR	7.23e-25	1.85e-21	1.01e-18	2556	249	249	5000	2.27	121	48.59	941	18.82
16	/Users/ranjithpapareddy/Desktop/Desktop-Ranjith-iMac/forGIT/UFMylation_Ribosome_stalling_RNA_Splicing/Part4_Splicing_Analysis/data/motifs/CisBP_Human_All.meme	M00817_2.00	SRSF5	GCSCC	5.52e-24	6.25e-21	3.40e-18	1134	249	249	5000	1.78	94	37.75	596	11.92
17	/Users/ranjithpapareddy/Desktop/Desktop-Ranjith-iMac/forGIT/UFMylation_Ribosome_stalling_RNA_Splicing/Part4_Splicing_Analysis/data/motifs/CisBP_Human_All.meme	M00733_2.00	HNRNPA2B1	RGGGG	6.36e-23	1.05e-19	5.72e-17	1654	249	249	5000	2.5	95	38.15	631	12.62
18	/Users/ranjithpapareddy/Desktop/Desktop-Ranjith-iMac/forGIT/UFMylation_Ribosome_stalling_RNA_Splicing/Part4_Splicing_Analysis/data/motifs/CisBP_Human_All.meme	M00769_2.00	PCBP3	WUCCCCM	1.57e-21	4.19e-18	2.28e-15	2665	249	249	5000	1.88	109	43.78	854	17.08
19	/Users/ranjithpapareddy/Desktop/Desktop-Ranjith-iMac/forGIT/UFMylation_Ribosome_stalling_RNA_Splicing/Part4_Splicing_Analysis/data/motifs/CisBP_Human_All.meme	M00785_2.00	RBM39	CCYCC	2.24e-19	6.09e-16	3.31e-13	2718	249	249	5000	2.28	116	46.59	1019	20.38
20	/Users/ranjithpapareddy/Desktop/Desktop-Ranjith-iMac/forGIT/UFMylation_Ribosome_stalling_RNA_Splicing/Part4_Splicing_Analysis/data/motifs/CisBP_Human_All.meme	M00505_2.00	NONO	AGGGA	4.81e-19	1.41e-15	7.66e-13	2930	249	249	5000	3.82	74	29.72	455	9.10
21	/Users/ranjithpapareddy/Desktop/Desktop-Ranjith-iMac/forGIT/UFMylation_Ribosome_stalling_RNA_Splicing/Part4_Splicing_Analysis/data/motifs/CisBP_Human_All.meme	M00163_2.00	ESRP2	UGGGGAU	1.09e-18	3.13e-15	1.70e-12	2877	249	249	5000	2.56	93	37.35	705	14.10
22	/Users/ranjithpapareddy/Desktop/Desktop-Ranjith-iMac/forGIT/UFMylation_Ribosome_stalling_RNA_Splicing/Part4_Splicing_Analysis/data/motifs/CisBP_Human_All.meme	M00066_2.00	PPRC1	SSGCGCS	1.51e-17	5.85e-15	3.18e-12	388	249	249	5000	1.06	59	23.69	315	6.30
23	/Users/ranjithpapareddy/Desktop/Desktop-Ranjith-iMac/forGIT/UFMylation_Ribosome_stalling_RNA_Splicing/Part4_Splicing_Analysis/data/motifs/CisBP_Human_All.meme	M00065_2.00	PCBP2	CCUYCCC	2.04e-18	6.99e-15	3.80e-12	3423	249	249	5000	2.13	136	54.62	1376	27.52
24	/Users/ranjithpapareddy/Desktop/Desktop-Ranjith-iMac/forGIT/UFMylation_Ribosome_stalling_RNA_Splicing/Part4_Splicing_Analysis/data/motifs/CisBP_Human_All.meme	M00173_2.00	HNRNPH1	GGGAGGG	2.96e-18	8.16e-15	4.44e-12	2752	249	249	5000	3.37	96	38.55	758	15.16
25	/Users/ranjithpapareddy/Desktop/Desktop-Ranjith-iMac/forGIT/UFMylation_Ribosome_stalling_RNA_Splicing/Part4_Splicing_Analysis/data/motifs/CisBP_Human_All.meme	M00767_2.00	PCBP2	UWCCC	4.73e-18	1.12e-14	6.10e-12	2372	249	249	5000	2.68	58	23.29	296	5.92
26	/Users/ranjithpapareddy/Desktop/Desktop-Ranjith-iMac/forGIT/UFMylation_Ribosome_stalling_RNA_Splicing/Part4_Splicing_Analysis/data/motifs/CisBP_Human_All.meme	M00800_2.00	RBM6	CGUCCM	7.34e-18	1.37e-14	7.44e-12	1862	249	249	5000	1.49	97	38.96	783	15.66
27	/Users/ranjithpapareddy/Desktop/Desktop-Ranjith-iMac/forGIT/UFMylation_Ribosome_stalling_RNA_Splicing/Part4_Splicing_Analysis/data/motifs/CisBP_Human_All.meme	M00175_2.00	LIN28B	CGGAGGR	1.11e-17	1.99e-14	1.08e-11	1796	249	249	5000	2.07	75	30.12	496	9.92
28	/Users/ranjithpapareddy/Desktop/Desktop-Ranjith-iMac/forGIT/UFMylation_Ribosome_stalling_RNA_Splicing/Part4_Splicing_Analysis/data/motifs/CisBP_Human_All.meme	M00788_2.00	RBM24	GGGGG	1.55e-17	2.02e-14	1.10e-11	1305	249	249	5000	2.39	80	32.13	562	11.24
29	/Users/ranjithpapareddy/Desktop/Desktop-Ranjith-iMac/forGIT/UFMylation_Ribosome_stalling_RNA_Splicing/Part4_Splicing_Analysis/data/motifs/CisBP_Human_All.meme	M00124_2.00	SRSF1	GGAGGAM	2.64e-17	7.63e-14	4.15e-11	2894	249	249	5000	5.47	48	19.28	209	4.18
30	/Users/ranjithpapareddy/Desktop/Desktop-Ranjith-iMac/forGIT/UFMylation_Ribosome_stalling_RNA_Splicing/Part4_Splicing_Analysis/data/motifs/CisBP_Human_All.meme	M00005_2.00	ARGLU1	CGGRGGS	5.66e-16	8.04e-13	4.38e-10	1421	249	249	5000	2.15	72	28.92	498	9.96
31	/Users/ranjithpapareddy/Desktop/Desktop-Ranjith-iMac/forGIT/UFMylation_Ribosome_stalling_RNA_Splicing/Part4_Splicing_Analysis/data/motifs/CisBP_Human_All.meme	M00812_2.00	SRSF11	AGGGG	3.06e-16	1.12e-12	6.10e-10	3667	249	249	5000	2.14	117	46.99	1138	22.76
32	/Users/ranjithpapareddy/Desktop/Desktop-Ranjith-iMac/forGIT/UFMylation_Ribosome_stalling_RNA_Splicing/Part4_Splicing_Analysis/data/motifs/CisBP_Human_All.meme	M00148_2.00	SRSF6	GGAGGGV	6.60e-16	1.49e-12	8.12e-10	2263	249	249	5000	5.77	57	22.89	323	6.46
33	/Users/ranjithpapareddy/Desktop/Desktop-Ranjith-iMac/forGIT/UFMylation_Ribosome_stalling_RNA_Splicing/Part4_Splicing_Analysis/data/motifs/CisBP_Human_All.meme	M00126_2.00	SRSF1	GGAGGRV	1.41e-15	3.52e-12	1.92e-9	2489	249	249	5000	7.47	46	18.47	215	4.30
34	/Users/ranjithpapareddy/Desktop/Desktop-Ranjith-iMac/forGIT/UFMylation_Ribosome_stalling_RNA_Splicing/Part4_Splicing_Analysis/data/motifs/CisBP_Human_All.meme	M00755_2.00	MBNL1	CGCUU	1.33e-14	5.37e-12	2.92e-9	403	249	249	5000	1.02	55	22.09	326	6.52
35	/Users/ranjithpapareddy/Desktop/Desktop-Ranjith-iMac/forGIT/UFMylation_Ribosome_stalling_RNA_Splicing/Part4_Splicing_Analysis/data/motifs/CisBP_Human_All.meme	M13030_2.00	GRSF1	DGGGAKGG	3.87e-15	1.15e-11	6.25e-9	2968	249	249	5000	6.94	60	24.10	372	7.44
36	/Users/ranjithpapareddy/Desktop/Desktop-Ranjith-iMac/forGIT/UFMylation_Ribosome_stalling_RNA_Splicing/Part4_Splicing_Analysis/data/motifs/CisBP_Human_All.meme	M12989_2.00	HNRNPH3	DGGGAKGG	4.43e-15	1.31e-11	7.15e-9	2965	249	249	5000	4.14	84	33.73	680	13.60
37	/Users/ranjithpapareddy/Desktop/Desktop-Ranjith-iMac/forGIT/UFMylation_Ribosome_stalling_RNA_Splicing/Part4_Splicing_Analysis/data/motifs/CisBP_Human_All.meme	M00820_2.00	SRSF9	GGGAA	5.96e-15	1.70e-11	9.24e-9	2847	249	249	5000	3.59	67	26.91	460	9.20
38	/Users/ranjithpapareddy/Desktop/Desktop-Ranjith-iMac/forGIT/UFMylation_Ribosome_stalling_RNA_Splicing/Part4_Splicing_Analysis/data/motifs/CisBP_Human_All.meme	M13073_2.00	HNRNPH1	DGGGAKGG	6.37e-15	1.90e-11	1.03e-8	2985	249	249	5000	6.6	64	25.70	424	8.48
39	/Users/ranjithpapareddy/Desktop/Desktop-Ranjith-iMac/forGIT/UFMylation_Ribosome_stalling_RNA_Splicing/Part4_Splicing_Analysis/data/motifs/CisBP_Human_All.meme	M00127_2.00	SRSF1	GGAGGRV	7.85e-15	1.92e-11	1.04e-8	2443	249	249	5000	6.15	51	20.48	278	5.56
40	/Users/ranjithpapareddy/Desktop/Desktop-Ranjith-iMac/forGIT/UFMylation_Ribosome_stalling_RNA_Splicing/Part4_Splicing_Analysis/data/motifs/CisBP_Human_All.meme	M00087_2.00	SRSF9	GGRWGGA	1.69e-14	5.60e-11	3.05e-8	3309	249	249	5000	5.1	38	15.26	156	3.12
41	/Users/ranjithpapareddy/Desktop/Desktop-Ranjith-iMac/forGIT/UFMylation_Ribosome_stalling_RNA_Splicing/Part4_Splicing_Analysis/data/motifs/CisBP_Human_All.meme	M00824_2.00	AL109811.4	GAGUG	3.18e-14	7.33e-11	3.99e-8	2308	249	249	5000	3.01	56	22.49	345	6.90
43	/Users/ranjithpapareddy/Desktop/Desktop-Ranjith-iMac/forGIT/UFMylation_Ribosome_stalling_RNA_Splicing/Part4_Splicing_Analysis/data/motifs/CisBP_Human_All.meme	M00076_2.00	RBM8A	GCGCGCG	9.33e-14	1.96e-11	1.07e-8	210	249	249	5000	1.15	36	14.46	148	2.96
44	/Users/ranjithpapareddy/Desktop/Desktop-Ranjith-iMac/forGIT/UFMylation_Ribosome_stalling_RNA_Splicing/Part4_Splicing_Analysis/data/motifs/CisBP_Human_All.meme	M00756_2.00	MBNL1	GCGCAGC	1.61e-13	1.61e-10	8.76e-8	999	249	249	5000	1.97	48	19.28	270	5.40
45	/Users/ranjithpapareddy/Desktop/Desktop-Ranjith-iMac/forGIT/UFMylation_Ribosome_stalling_RNA_Splicing/Part4_Splicing_Analysis/data/motifs/CisBP_Human_All.meme	M00083_2.00	SAMD4B	GCUGGMC	9.03e-14	1.85e-10	1.00e-7	2044	249	249	5000	3.2	52	20.88	309	6.18
46	/Users/ranjithpapareddy/Desktop/Desktop-Ranjith-iMac/forGIT/UFMylation_Ribosome_stalling_RNA_Splicing/Part4_Splicing_Analysis/data/motifs/CisBP_Human_All.meme	M00125_2.00	SRSF1	GGAGGAN	8.70e-14	2.43e-10	1.32e-7	2791	249	249	5000	5.83	46	18.47	244	4.88
47	/Users/ranjithpapareddy/Desktop/Desktop-Ranjith-iMac/forGIT/UFMylation_Ribosome_stalling_RNA_Splicing/Part4_Splicing_Analysis/data/motifs/CisBP_Human_All.meme	M00818_2.00	SRSF8	NGCAGC	1.14e-13	2.61e-10	1.42e-7	2301	249	249	5000	2.59	52	20.88	311	6.22
48	/Users/ranjithpapareddy/Desktop/Desktop-Ranjith-iMac/forGIT/UFMylation_Ribosome_stalling_RNA_Splicing/Part4_Splicing_Analysis/data/motifs/CisBP_Human_All.meme	M00798_2.00	RBM4B	GCGCGG	1.73e-12	4.47e-10	2.43e-7	259	249	249	5000	1.02	41	16.47	215	4.30
49	/Users/ranjithpapareddy/Desktop/Desktop-Ranjith-iMac/forGIT/UFMylation_Ribosome_stalling_RNA_Splicing/Part4_Splicing_Analysis/data/motifs/CisBP_Human_All.meme	M00552_2.00	ENSG00000275272	KMRUVC	7.32e-13	5.14e-10	2.80e-7	702	249	249	5000	1.08	57	22.89	387	7.74
50	/Users/ranjithpapareddy/Desktop/Desktop-Ranjith-iMac/forGIT/UFMylation_Ribosome_stalling_RNA_Splicing/Part4_Splicing_Analysis/data/motifs/CisBP_Human_All.meme	M00799_2.00	RBM4B	WCGGGA	2.44e-12	6.85e-10	3.72e-7	281	249	249	5000	1.03	42	16.87	228	4.56
51	/Users/ranjithpapareddy/Desktop/Desktop-Ranjith-iMac/forGIT/UFMylation_Ribosome_stalling_RNA_Splicing/Part4_Splicing_Analysis/data/motifs/CisBP_Human_All.meme	M00744_2.00	HNRNPK	GCCCA	3.33e-13	8.44e-10	4.59e-7	2538	249	249	5000	3.34	66	26.51	491	9.82
52	/Users/ranjithpapareddy/Desktop/Desktop-Ranjith-iMac/forGIT/UFMylation_Ribosome_stalling_RNA_Splicing/Part4_Splicing_Analysis/data/motifs/CisBP_Human_All.meme	M00724_2.00	EWSR1	AGGUG	6.37e-13	1.76e-9	9.58e-7	2766	249	249	5000	3.81	45	18.07	249	4.98
53	/Users/ranjithpapareddy/Desktop/Desktop-Ranjith-iMac/forGIT/UFMylation_Ribosome_stalling_RNA_Splicing/Part4_Splicing_Analysis/data/motifs/CisBP_Human_All.meme	M00490_2.00	EIF4B	GGAA	8.81e-13	3.05e-9	1.66e-6	3466	249	249	5000	2.4	44	17.67	241	4.82
54	/Users/ranjithpapareddy/Desktop/Desktop-Ranjith-iMac/forGIT/UFMylation_Ribosome_stalling_RNA_Splicing/Part4_Splicing_Analysis/data/motifs/CisBP_Human_All.meme	M00811_2.00	SRSF10	NAGCAG	1.08e-12	3.13e-9	1.70e-6	2893	249	249	5000	2.97	47	18.88	275	5.50
55	/Users/ranjithpapareddy/Desktop/Desktop-Ranjith-iMac/forGIT/UFMylation_Ribosome_stalling_RNA_Splicing/Part4_Splicing_Analysis/data/motifs/CisBP_Human_All.meme	M00086_2.00	M00086_2.00	DGGAGGA	1.08e-12	3.60e-9	1.96e-6	3332	249	249	5000	6.72	47	18.88	275	5.50
56	/Users/ranjithpapareddy/Desktop/Desktop-Ranjith-iMac/forGIT/UFMylation_Ribosome_stalling_RNA_Splicing/Part4_Splicing_Analysis/data/motifs/CisBP_Human_All.meme	M00650_2.00	RBMY1D	NGCNUMGYGCN	1.13e-11	4.33e-9	2.36e-6	382	249	249	5000	1	50	20.08	331	6.62
57	/Users/ranjithpapareddy/Desktop/Desktop-Ranjith-iMac/forGIT/UFMylation_Ribosome_stalling_RNA_Splicing/Part4_Splicing_Analysis/data/motifs/CisBP_Human_All.meme	M00823_2.00	AL109811.4	GUAUG	2.25e-12	4.40e-9	2.39e-6	1957	249	249	5000	2.28	41	16.47	217	4.34
58	/Users/ranjithpapareddy/Desktop/Desktop-Ranjith-iMac/forGIT/UFMylation_Ribosome_stalling_RNA_Splicing/Part4_Splicing_Analysis/data/motifs/CisBP_Human_All.meme	M00489_2.00	EIF4B	GCKGRAM	9.05e-12	8.65e-9	4.71e-6	956	249	249	5000	1.42	57	22.89	414	8.28
59	/Users/ranjithpapareddy/Desktop/Desktop-Ranjith-iMac/forGIT/UFMylation_Ribosome_stalling_RNA_Splicing/Part4_Splicing_Analysis/data/motifs/CisBP_Human_All.meme	M00016_2.00	CNBP	GGAGGWG	3.78e-12	1.07e-8	5.80e-6	2821	249	249	5000	4.6	56	22.49	392	7.84
60	/Users/ranjithpapareddy/Desktop/Desktop-Ranjith-iMac/forGIT/UFMylation_Ribosome_stalling_RNA_Splicing/Part4_Splicing_Analysis/data/motifs/CisBP_Human_All.meme	M00229_2.00	PCBP3	CCUUUCCC	6.70e-12	2.12e-8	1.15e-5	3161	249	249	5000	2.25	85	34.14	797	15.94
61	/Users/ranjithpapareddy/Desktop/Desktop-Ranjith-iMac/forGIT/UFMylation_Ribosome_stalling_RNA_Splicing/Part4_Splicing_Analysis/data/motifs/CisBP_Human_All.meme	M00454_2.00	ACO1	CAGUGH	7.72e-12	3.24e-8	1.76e-5	4198	249	249	5000	1.86	45	18.07	270	5.40
62	/Users/ranjithpapareddy/Desktop/Desktop-Ranjith-iMac/forGIT/UFMylation_Ribosome_stalling_RNA_Splicing/Part4_Splicing_Analysis/data/motifs/CisBP_Human_All.meme	M00810_2.00	SNRPA	WGCACR	2.33e-11	4.36e-8	2.37e-5	1871	249	249	5000	2.09	45	18.07	280	5.60
63	/Users/ranjithpapareddy/Desktop/Desktop-Ranjith-iMac/forGIT/UFMylation_Ribosome_stalling_RNA_Splicing/Part4_Splicing_Analysis/data/motifs/CisBP_Human_All.meme	M00131_2.00	RBM4	GCGCGSG	2.44e-10	8.29e-8	4.51e-5	339	249	249	5000	1.13	42	16.87	268	5.36
64	/Users/ranjithpapareddy/Desktop/Desktop-Ranjith-iMac/forGIT/UFMylation_Ribosome_stalling_RNA_Splicing/Part4_Splicing_Analysis/data/motifs/CisBP_Human_All.meme	M00018_2.00	RBM10	GGAAGGG	3.69e-11	1.12e-7	6.12e-5	3050	249	249	5000	3.39	70	28.11	605	12.10
65	/Users/ranjithpapareddy/Desktop/Desktop-Ranjith-iMac/forGIT/UFMylation_Ribosome_stalling_RNA_Splicing/Part4_Splicing_Analysis/data/motifs/CisBP_Human_All.meme	M00814_2.00	SRSF2	UCCAG	3.76e-11	1.18e-7	6.43e-5	3143	249	249	5000	3.36	53	21.29	380	7.60
66	/Users/ranjithpapareddy/Desktop/Desktop-Ranjith-iMac/forGIT/UFMylation_Ribosome_stalling_RNA_Splicing/Part4_Splicing_Analysis/data/motifs/CisBP_Human_All.meme	M00816_2.00	SRSF5	GCAGC	1.23e-10	2.16e-7	1.17e-4	1758	249	249	5000	4.96	32	12.85	156	3.12
67	/Users/ranjithpapareddy/Desktop/Desktop-Ranjith-iMac/forGIT/UFMylation_Ribosome_stalling_RNA_Splicing/Part4_Splicing_Analysis/data/motifs/CisBP_Human_All.meme	M00176_2.00	SRSF1	GGAGGAG	8.58e-11	2.65e-7	1.44e-4	3082	249	249	5000	2.91	82	32.93	793	15.86
68	/Users/ranjithpapareddy/Desktop/Desktop-Ranjith-iMac/forGIT/UFMylation_Ribosome_stalling_RNA_Splicing/Part4_Splicing_Analysis/data/motifs/CisBP_Human_All.meme	M00200_2.00	AC009690.3	UGUGDKG	8.73e-11	2.73e-7	1.48e-4	3122	249	249	5000	3.83	37	14.86	204	4.08
69	/Users/ranjithpapareddy/Desktop/Desktop-Ranjith-iMac/forGIT/UFMylation_Ribosome_stalling_RNA_Splicing/Part4_Splicing_Analysis/data/motifs/CisBP_Human_All.meme	M00815_2.00	SRSF6	AGCAG	9.08e-11	2.75e-7	1.49e-4	3024	249	249	5000	4.83	43	17.27	270	5.40
70	/Users/ranjithpapareddy/Desktop/Desktop-Ranjith-iMac/forGIT/UFMylation_Ribosome_stalling_RNA_Splicing/Part4_Splicing_Analysis/data/motifs/CisBP_Human_All.meme	M00793_2.00	RBM45	CUDAC	2.71e-10	3.68e-7	2.00e-4	1359	249	249	5000	2.04	42	16.87	269	5.38
71	/Users/ranjithpapareddy/Desktop/Desktop-Ranjith-iMac/forGIT/UFMylation_Ribosome_stalling_RNA_Splicing/Part4_Splicing_Analysis/data/motifs/CisBP_Human_All.meme	M00784_2.00	RBM22	ACCGG	2.09e-9	3.80e-7	2.07e-4	182	249	249	5000	1.21	26	10.44	118	2.36
72	/Users/ranjithpapareddy/Desktop/Desktop-Ranjith-iMac/forGIT/UFMylation_Ribosome_stalling_RNA_Splicing/Part4_Splicing_Analysis/data/motifs/CisBP_Human_All.meme	M00147_2.00	M00147_2.00	DWGCACA	2.50e-10	5.60e-7	3.04e-4	2237	249	249	5000	4.05	28	11.24	123	2.46
73	/Users/ranjithpapareddy/Desktop/Desktop-Ranjith-iMac/forGIT/UFMylation_Ribosome_stalling_RNA_Splicing/Part4_Splicing_Analysis/data/motifs/CisBP_Human_All.meme	M00199_2.00	PCBP3	CCUWWCC	3.45e-10	7.62e-7	4.15e-4	2210	249	249	5000	1.84	83	33.33	832	16.64
74	/Users/ranjithpapareddy/Desktop/Desktop-Ranjith-iMac/forGIT/UFMylation_Ribosome_stalling_RNA_Splicing/Part4_Splicing_Analysis/data/motifs/CisBP_Human_All.meme	M00813_2.00	SRSF2	WGCAGC	3.59e-10	1.12e-6	6.11e-4	3133	249	249	5000	4.3	36	14.46	205	4.10
75	/Users/ranjithpapareddy/Desktop/Desktop-Ranjith-iMac/forGIT/UFMylation_Ribosome_stalling_RNA_Splicing/Part4_Splicing_Analysis/data/motifs/CisBP_Human_All.meme	M00233_2.00	PCBP3	VUWUCCC	5.27e-10	1.43e-6	7.78e-4	2716	249	249	5000	1.8	60	24.10	504	10.08
76	/Users/ranjithpapareddy/Desktop/Desktop-Ranjith-iMac/forGIT/UFMylation_Ribosome_stalling_RNA_Splicing/Part4_Splicing_Analysis/data/motifs/CisBP_Human_All.meme	M00531_2.00	SRSF9	AGGAS	4.71e-10	1.58e-6	8.62e-4	3360	249	249	5000	1.71	84	33.73	853	17.06
77	/Users/ranjithpapareddy/Desktop/Desktop-Ranjith-iMac/forGIT/UFMylation_Ribosome_stalling_RNA_Splicing/Part4_Splicing_Analysis/data/motifs/CisBP_Human_All.meme	M00786_2.00	RBM24	GUGUG	1.79e-9	4.08e-6	2.22e-3	2285	249	249	5000	3.32	32	12.85	176	3.52
78	/Users/ranjithpapareddy/Desktop/Desktop-Ranjith-iMac/forGIT/UFMylation_Ribosome_stalling_RNA_Splicing/Part4_Splicing_Analysis/data/motifs/CisBP_Human_All.meme	M00616_2.00	PCBP3	BCCUUDDCCUU	2.06e-9	7.16e-6	3.90e-3	3470	249	249	5000	2.97	69	27.71	652	13.04
79	/Users/ranjithpapareddy/Desktop/Desktop-Ranjith-iMac/forGIT/UFMylation_Ribosome_stalling_RNA_Splicing/Part4_Splicing_Analysis/data/motifs/CisBP_Human_All.meme	M00019_2.00	RBM10	GRAAGGG	2.37e-9	7.97e-6	4.33e-3	3358	249	249	5000	3.12	70	28.11	669	13.38
80	/Users/ranjithpapareddy/Desktop/Desktop-Ranjith-iMac/forGIT/UFMylation_Ribosome_stalling_RNA_Splicing/Part4_Splicing_Analysis/data/motifs/CisBP_Human_All.meme	M00048_2.00	HNRNPK	CCAAMCC	3.96e-9	8.40e-6	4.57e-3	2123	249	249	5000	3.63	31	12.45	172	3.44
81	/Users/ranjithpapareddy/Desktop/Desktop-Ranjith-iMac/forGIT/UFMylation_Ribosome_stalling_RNA_Splicing/Part4_Splicing_Analysis/data/motifs/CisBP_Human_All.meme	M00231_2.00	M00231_2.00	GACGACM	2.63e-8	1.12e-5	6.08e-3	425	249	249	5000	1.02	45	18.07	357	7.14
82	/Users/ranjithpapareddy/Desktop/Desktop-Ranjith-iMac/forGIT/UFMylation_Ribosome_stalling_RNA_Splicing/Part4_Splicing_Analysis/data/motifs/CisBP_Human_All.meme	M00105_2.00	ZC3H10	SCAGCGC	3.79e-8	1.28e-5	6.97e-3	338	249	249	5000	1	40	16.06	298	5.96
83	/Users/ranjithpapareddy/Desktop/Desktop-Ranjith-iMac/forGIT/UFMylation_Ribosome_stalling_RNA_Splicing/Part4_Splicing_Analysis/data/motifs/CisBP_Human_All.meme	M00781_2.00	ENSG00000277564	GCAUG	7.83e-9	1.33e-5	7.23e-3	1697	249	249	5000	2.45	36	14.46	233	4.66
84	/Users/ranjithpapareddy/Desktop/Desktop-Ranjith-iMac/forGIT/UFMylation_Ribosome_stalling_RNA_Splicing/Part4_Splicing_Analysis/data/motifs/CisBP_Human_All.meme	M00663_2.00	RC3H2	DNCYUVURUBARGNN	1.17e-8	2.83e-5	1.54e-2	2412	249	249	5000	2.35	33	13.25	203	4.06
85	/Users/ranjithpapareddy/Desktop/Desktop-Ranjith-iMac/forGIT/UFMylation_Ribosome_stalling_RNA_Splicing/Part4_Splicing_Analysis/data/motifs/CisBP_Human_All.meme	M00072_2.00	RBM4	GCGCGGG	1.22e-7	2.89e-5	1.57e-2	237	249	249	5000	1.04	31	12.45	203	4.06
86	/Users/ranjithpapareddy/Desktop/Desktop-Ranjith-iMac/forGIT/UFMylation_Ribosome_stalling_RNA_Splicing/Part4_Splicing_Analysis/data/motifs/CisBP_Human_All.meme	M00734_2.00	HNRNPA2B1	GGGUA	4.39e-8	3.17e-5	1.73e-2	723	249	249	5000	1.92	35	14.06	239	4.78
87	/Users/ranjithpapareddy/Desktop/Desktop-Ranjith-iMac/forGIT/UFMylation_Ribosome_stalling_RNA_Splicing/Part4_Splicing_Analysis/data/motifs/CisBP_Human_All.meme	M00822_2.00	ENSG00000276833	GGGUA	4.39e-8	3.17e-5	1.73e-2	723	249	249	5000	1.92	35	14.06	239	4.78
88	/Users/ranjithpapareddy/Desktop/Desktop-Ranjith-iMac/forGIT/UFMylation_Ribosome_stalling_RNA_Splicing/Part4_Splicing_Analysis/data/motifs/CisBP_Human_All.meme	M00285_2.00	M00285_2.00	MKUGCGW	3.80e-7	3.80e-5	2.07e-2	100	249	249	5000	1.13	17	6.83	69	1.38
89	/Users/ranjithpapareddy/Desktop/Desktop-Ranjith-iMac/forGIT/UFMylation_Ribosome_stalling_RNA_Splicing/Part4_Splicing_Analysis/data/motifs/CisBP_Human_All.meme	M00661_2.00	RBPMS	DKCACA	1.12e-8	3.96e-5	2.15e-2	3523	249	249	5000	2.49	40	16.06	284	5.68
90	/Users/ranjithpapareddy/Desktop/Desktop-Ranjith-iMac/forGIT/UFMylation_Ribosome_stalling_RNA_Splicing/Part4_Splicing_Analysis/data/motifs/CisBP_Human_All.meme	M00167_2.00	RBM5	GAAGGAG	1.41e-8	3.99e-5	2.17e-2	2836	249	249	5000	4.57	30	12.05	172	3.44
91	/Users/ranjithpapareddy/Desktop/Desktop-Ranjith-iMac/forGIT/UFMylation_Ribosome_stalling_RNA_Splicing/Part4_Splicing_Analysis/data/motifs/CisBP_Human_All.meme	M00819_2.00	SRSF9	AGGAR	1.10e-8	4.64e-5	2.52e-2	4218	249	249	5000	3.03	63	25.30	592	11.84
92	/Users/ranjithpapareddy/Desktop/Desktop-Ranjith-iMac/forGIT/UFMylation_Ribosome_stalling_RNA_Splicing/Part4_Splicing_Analysis/data/motifs/CisBP_Human_All.meme	M00780_2.00	ENSG00000277564	GCAUG	5.18e-8	8.91e-5	4.85e-2	1719	249	249	5000	2.48	34	13.65	229	4.58
93	/Users/ranjithpapareddy/Desktop/Desktop-Ranjith-iMac/forGIT/UFMylation_Ribosome_stalling_RNA_Splicing/Part4_Splicing_Analysis/data/motifs/CisBP_Human_All.meme	M00655_2.00	RBMY1D	NNGCGUCGUGGSVN	3.45e-7	1.44e-4	7.81e-2	416	249	249	5000	1.27	34	13.65	250	5.00
94	/Users/ranjithpapareddy/Desktop/Desktop-Ranjith-iMac/forGIT/UFMylation_Ribosome_stalling_RNA_Splicing/Part4_Splicing_Analysis/data/motifs/CisBP_Human_All.meme	M00801_2.00	RBM6	CCACC	5.74e-8	1.67e-4	9.11e-2	2920	249	249	5000	4.27	53	21.29	476	9.52
95	/Users/ranjithpapareddy/Desktop/Desktop-Ranjith-iMac/forGIT/UFMylation_Ribosome_stalling_RNA_Splicing/Part4_Splicing_Analysis/data/motifs/CisBP_Human_All.meme	M00300_2.00	MBNL2	DGCUUGC	1.48e-7	2.26e-4	1.23e-1	1524	249	249	5000	1.77	37	14.86	277	5.54
96	/Users/ranjithpapareddy/Desktop/Desktop-Ranjith-iMac/forGIT/UFMylation_Ribosome_stalling_RNA_Splicing/Part4_Splicing_Analysis/data/motifs/CisBP_Human_All.meme	M00717_2.00	EIF4G2	GGUYGC	7.15e-7	2.98e-4	1.62e-1	417	249	249	5000	1.98	16	6.43	64	1.28
97	/Users/ranjithpapareddy/Desktop/Desktop-Ranjith-iMac/forGIT/UFMylation_Ribosome_stalling_RNA_Splicing/Part4_Splicing_Analysis/data/motifs/CisBP_Human_All.meme	M00776_2.00	ENSG00000274081	UCUCU	1.53e-7	5.55e-4	3.02e-1	3630	249	249	5000	5.59	36	14.46	265	5.30
98	/Users/ranjithpapareddy/Desktop/Desktop-Ranjith-iMac/forGIT/UFMylation_Ribosome_stalling_RNA_Splicing/Part4_Splicing_Analysis/data/motifs/CisBP_Human_All.meme	M00673_2.00	SNRPA	DUGCACR	4.30e-7	5.85e-4	3.18e-1	1361	249	249	5000	2.35	26	10.44	159	3.18
99	/Users/ranjithpapareddy/Desktop/Desktop-Ranjith-iMac/forGIT/UFMylation_Ribosome_stalling_RNA_Splicing/Part4_Splicing_Analysis/data/motifs/CisBP_Human_All.meme	M00795_2.00	RBM4	GCGCGU	9.00e-6	1.21e-3	6.61e-1	135	249	249	5000	1.2	17	6.83	90	1.80
100	/Users/ranjithpapareddy/Desktop/Desktop-Ranjith-iMac/forGIT/UFMylation_Ribosome_stalling_RNA_Splicing/Part4_Splicing_Analysis/data/motifs/CisBP_Human_All.meme	M00768_2.00	PCBP2	AACCC	7.51e-7	1.50e-3	8.14e-1	1995	249	249	5000	6.49	17	6.83	73	1.46
101	/Users/ranjithpapareddy/Desktop/Desktop-Ranjith-iMac/forGIT/UFMylation_Ribosome_stalling_RNA_Splicing/Part4_Splicing_Analysis/data/motifs/CisBP_Human_All.meme	M00495_2.00	ENSG00000277564	GCAUG	8.60e-7	1.56e-3	8.51e-1	1822	249	249	5000	2.72	30	12.05	212	4.24
102	/Users/ranjithpapareddy/Desktop/Desktop-Ranjith-iMac/forGIT/UFMylation_Ribosome_stalling_RNA_Splicing/Part4_Splicing_Analysis/data/motifs/CisBP_Human_All.meme	M13110_2.00	AC009690.3	GUGUUKKK	9.35e-7	2.87e-3	1.56e0	3079	249	249	5000	3.45	22	8.84	123	2.46
103	/Users/ranjithpapareddy/Desktop/Desktop-Ranjith-iMac/forGIT/UFMylation_Ribosome_stalling_RNA_Splicing/Part4_Splicing_Analysis/data/motifs/CisBP_Human_All.meme	M00496_2.00	ENSG00000277564	UGCAUG	1.94e-6	3.31e-3	1.80e0	1710	249	249	5000	7.89	17	6.83	79	1.58
104	/Users/ranjithpapareddy/Desktop/Desktop-Ranjith-iMac/forGIT/UFMylation_Ribosome_stalling_RNA_Splicing/Part4_Splicing_Analysis/data/motifs/CisBP_Human_All.meme	M00253_2.00	EIF2S1	WGCAUGM	1.81e-6	3.63e-3	1.97e0	2006	249	249	5000	4.29	18	7.23	88	1.76
105	/Users/ranjithpapareddy/Desktop/Desktop-Ranjith-iMac/forGIT/UFMylation_Ribosome_stalling_RNA_Splicing/Part4_Splicing_Analysis/data/motifs/CisBP_Human_All.meme	M13086_2.00	PCBP3	CCUUUCCY	1.69e-6	4.57e-3	2.49e0	2706	249	249	5000	1.86	81	32.53	977	19.54
106	/Users/ranjithpapareddy/Desktop/Desktop-Ranjith-iMac/forGIT/UFMylation_Ribosome_stalling_RNA_Splicing/Part4_Splicing_Analysis/data/motifs/CisBP_Human_All.meme	M00794_2.00	RBM45	ACACC	2.64e-6	4.67e-3	2.54e0	1771	249	249	5000	3.84	26	10.44	177	3.54
107	/Users/ranjithpapareddy/Desktop/Desktop-Ranjith-iMac/forGIT/UFMylation_Ribosome_stalling_RNA_Splicing/Part4_Splicing_Analysis/data/motifs/CisBP_Human_All.meme	M00071_2.00	M00071_2.00	GUGUGUG	1.98e-6	5.34e-3	2.90e0	2703	249	249	5000	4.6	37	14.86	311	6.22
108	/Users/ranjithpapareddy/Desktop/Desktop-Ranjith-iMac/forGIT/UFMylation_Ribosome_stalling_RNA_Splicing/Part4_Splicing_Analysis/data/motifs/CisBP_Human_All.meme	M00139_2.00	M00139_2.00	GUGGUGU	3.30e-6	7.45e-3	4.05e0	2266	249	249	5000	4.14	22	8.84	134	2.68
109	/Users/ranjithpapareddy/Desktop/Desktop-Ranjith-iMac/forGIT/UFMylation_Ribosome_stalling_RNA_Splicing/Part4_Splicing_Analysis/data/motifs/CisBP_Human_All.meme	M13004_2.00	PPARGC1A	GCGCGCGG	5.83e-5	8.99e-3	4.89e0	155	249	249	5000	1.3	17	6.83	106	2.12
110	/Users/ranjithpapareddy/Desktop/Desktop-Ranjith-iMac/forGIT/UFMylation_Ribosome_stalling_RNA_Splicing/Part4_Splicing_Analysis/data/motifs/CisBP_Human_All.meme	M00210_2.00	PCBP3	HUUUCCCU	3.30e-6	1.16e-2	6.29e0	3525	249	249	5000	5.82	22	8.84	134	2.68
111	/Users/ranjithpapareddy/Desktop/Desktop-Ranjith-iMac/forGIT/UFMylation_Ribosome_stalling_RNA_Splicing/Part4_Splicing_Analysis/data/motifs/CisBP_Human_All.meme	M00128_2.00	SRSF1	MAGGACAV	3.72e-6	1.18e-2	6.41e0	3184	249	249	5000	5.01	25	10.04	169	3.38
112	/Users/ranjithpapareddy/Desktop/Desktop-Ranjith-iMac/forGIT/UFMylation_Ribosome_stalling_RNA_Splicing/Part4_Splicing_Analysis/data/motifs/CisBP_Human_All.meme	M00042_2.00	FXR2	GGACRRG	1.13e-5	1.42e-2	7.73e0	1266	249	249	5000	2.45	29	11.65	231	4.62
113	/Users/ranjithpapareddy/Desktop/Desktop-Ranjith-iMac/forGIT/UFMylation_Ribosome_stalling_RNA_Splicing/Part4_Splicing_Analysis/data/motifs/CisBP_Human_All.meme	M00704_2.00	ZRANB2	DDGGUAGGUADK	6.16e-6	1.48e-2	8.06e0	2426	249	249	5000	4.96	20	8.03	118	2.36
114	/Users/ranjithpapareddy/Desktop/Desktop-Ranjith-iMac/forGIT/UFMylation_Ribosome_stalling_RNA_Splicing/Part4_Splicing_Analysis/data/motifs/CisBP_Human_All.meme	M13019_2.00	PSPC1	DGURGKKU	6.19e-6	1.63e-2	8.85e0	2648	249	249	5000	2.02	37	14.86	328	6.56
115	/Users/ranjithpapareddy/Desktop/Desktop-Ranjith-iMac/forGIT/UFMylation_Ribosome_stalling_RNA_Splicing/Part4_Splicing_Analysis/data/motifs/CisBP_Human_All.meme	M00693_2.00	ZC3H6	GCUUGY	1.37e-5	2.01e-2	1.10e1	1484	249	249	5000	1.8	22	8.84	148	2.96
116	/Users/ranjithpapareddy/Desktop/Desktop-Ranjith-iMac/forGIT/UFMylation_Ribosome_stalling_RNA_Splicing/Part4_Splicing_Analysis/data/motifs/CisBP_Human_All.meme	M00413_2.00	ENSG00000277564	WGCAUGM	2.58e-5	4.89e-2	2.66e1	1941	249	249	5000	6.97	12	4.82	50	1.00
117	/Users/ranjithpapareddy/Desktop/Desktop-Ranjith-iMac/forGIT/UFMylation_Ribosome_stalling_RNA_Splicing/Part4_Splicing_Analysis/data/motifs/CisBP_Human_All.meme	M00745_2.00	HNRNPK	CACGC	1.05e-4	5.47e-2	2.98e1	538	249	249	5000	2.23	19	7.63	135	2.70
118	/Users/ranjithpapareddy/Desktop/Desktop-Ranjith-iMac/forGIT/UFMylation_Ribosome_stalling_RNA_Splicing/Part4_Splicing_Analysis/data/motifs/CisBP_Human_All.meme	M00075_2.00	RBM5	GAAGGAA	1.70e-5	5.55e-2	3.02e1	3354	249	249	5000	9.59	15	6.02	75	1.50
119	/Users/ranjithpapareddy/Desktop/Desktop-Ranjith-iMac/forGIT/UFMylation_Ribosome_stalling_RNA_Splicing/Part4_Splicing_Analysis/data/motifs/CisBP_Human_All.meme	M00603_2.00	LARP7	GRUCGUGAUGY	1.58e-4	6.17e-2	3.36e1	403	249	249	5000	3.56	12	4.82	62	1.24
120	/Users/ranjithpapareddy/Desktop/Desktop-Ranjith-iMac/forGIT/UFMylation_Ribosome_stalling_RNA_Splicing/Part4_Splicing_Analysis/data/motifs/CisBP_Human_All.meme	M00015_2.00	SERBP1	RCGCGCG	6.86e-4	7.65e-2	4.16e1	116	249	249	5000	1.03	14	5.62	97	1.94
121	/Users/ranjithpapareddy/Desktop/Desktop-Ranjith-iMac/forGIT/UFMylation_Ribosome_stalling_RNA_Splicing/Part4_Splicing_Analysis/data/motifs/CisBP_Human_All.meme	M00626_2.00	RBM14	KGKUGSGUCG	6.38e-4	9.12e-2	4.96e1	150	249	249	5000	1.18	15	6.02	108	2.16
122	/Users/ranjithpapareddy/Desktop/Desktop-Ranjith-iMac/forGIT/UFMylation_Ribosome_stalling_RNA_Splicing/Part4_Splicing_Analysis/data/motifs/CisBP_Human_All.meme	M00190_2.00	PSPC1	GURGUKU	2.83e-5	9.41e-2	5.12e1	3489	249	249	5000	1.75	35	14.06	325	6.50
123	/Users/ranjithpapareddy/Desktop/Desktop-Ranjith-iMac/forGIT/UFMylation_Ribosome_stalling_RNA_Splicing/Part4_Splicing_Analysis/data/motifs/CisBP_Human_All.meme	M00657_2.00	RBPMS2	YAGGCACR	4.78e-5	9.43e-2	5.13e1	2074	249	249	5000	2.88	27	10.84	225	4.50
124	/Users/ranjithpapareddy/Desktop/Desktop-Ranjith-iMac/forGIT/UFMylation_Ribosome_stalling_RNA_Splicing/Part4_Splicing_Analysis/data/motifs/CisBP_Human_All.meme	M00471_2.00	SRSF1	ACGCGCR	1.54e-3	1.15e-1	6.24e1	79	249	249	5000	1.12	10	4.02	60	1.20
125	/Users/ranjithpapareddy/Desktop/Desktop-Ranjith-iMac/forGIT/UFMylation_Ribosome_stalling_RNA_Splicing/Part4_Splicing_Analysis/data/motifs/CisBP_Human_All.meme	M00040_2.00	FUS	UGCGCGC	1.23e-3	1.38e-1	7.51e1	121	249	249	5000	2.06	10	4.02	58	1.16
126	/Users/ranjithpapareddy/Desktop/Desktop-Ranjith-iMac/forGIT/UFMylation_Ribosome_stalling_RNA_Splicing/Part4_Splicing_Analysis/data/motifs/CisBP_Human_All.meme	M00791_2.00	RBM45	ACGCA	6.40e-4	1.39e-1	7.57e1	234	249	249	5000	1.1	20	8.03	171	3.42
127	/Users/ranjithpapareddy/Desktop/Desktop-Ranjith-iMac/forGIT/UFMylation_Ribosome_stalling_RNA_Splicing/Part4_Splicing_Analysis/data/motifs/CisBP_Human_All.meme	M00442_2.00	RBM38	GAGUGUG	5.45e-5	1.44e-1	7.81e1	2846	249	249	5000	5.79	15	6.02	84	1.68
128	/Users/ranjithpapareddy/Desktop/Desktop-Ranjith-iMac/forGIT/UFMylation_Ribosome_stalling_RNA_Splicing/Part4_Splicing_Analysis/data/motifs/CisBP_Human_All.meme	M00805_2.00	RC3H1	CUAUG	1.56e-4	1.46e-1	7.96e1	1014	249	249	5000	3.33	13	5.22	72	1.44
129	/Users/ranjithpapareddy/Desktop/Desktop-Ranjith-iMac/forGIT/UFMylation_Ribosome_stalling_RNA_Splicing/Part4_Splicing_Analysis/data/motifs/CisBP_Human_All.meme	M00092_2.00	SRSF2	AGGAGWDR	4.41e-5	1.48e-1	8.02e1	3616	249	249	5000	6.71	22	8.84	161	3.22
130	/Users/ranjithpapareddy/Desktop/Desktop-Ranjith-iMac/forGIT/UFMylation_Ribosome_stalling_RNA_Splicing/Part4_Splicing_Analysis/data/motifs/CisBP_Human_All.meme	M00197_2.00	RBM24	WGUGUGA	6.47e-5	1.77e-1	9.66e1	3018	249	249	5000	5.27	23	9.24	178	3.56
131	/Users/ranjithpapareddy/Desktop/Desktop-Ranjith-iMac/forGIT/UFMylation_Ribosome_stalling_RNA_Splicing/Part4_Splicing_Analysis/data/motifs/CisBP_Human_All.meme	M00792_2.00	RBM45	ACKAC	9.07e-4	2.04e-1	1.11e2	251	249	249	5000	1.58	12	4.82	77	1.54
132	/Users/ranjithpapareddy/Desktop/Desktop-Ranjith-iMac/forGIT/UFMylation_Ribosome_stalling_RNA_Splicing/Part4_Splicing_Analysis/data/motifs/CisBP_Human_All.meme	M00632_2.00	RBM42	CGGGGURUGY	1.11e-3	2.11e-1	1.15e2	214	249	249	5000	1.19	19	7.63	166	3.32
133	/Users/ranjithpapareddy/Desktop/Desktop-Ranjith-iMac/forGIT/UFMylation_Ribosome_stalling_RNA_Splicing/Part4_Splicing_Analysis/data/motifs/CisBP_Human_All.meme	M00623_2.00	ENSG00000277564	GCAUGKWGCAUG	2.44e-4	2.62e-1	1.43e2	1249	249	249	5000	2.44	32	12.85	321	6.42
134	/Users/ranjithpapareddy/Desktop/Desktop-Ranjith-iMac/forGIT/UFMylation_Ribosome_stalling_RNA_Splicing/Part4_Splicing_Analysis/data/motifs/CisBP_Human_All.meme	M00630_2.00	RBM28	GUGGGUCUCGG	8.65e-4	2.67e-1	1.45e2	359	249	249	5000	2.05	21	8.43	189	3.78
135	/Users/ranjithpapareddy/Desktop/Desktop-Ranjith-iMac/forGIT/UFMylation_Ribosome_stalling_RNA_Splicing/Part4_Splicing_Analysis/data/motifs/CisBP_Human_All.meme	M00685_2.00	ZC3H10	NGCGCAGCGUD	7.16e-3	3.12e-1	1.70e2	52	249	249	5000	14.8	3	1.20	6	0.12
136	/Users/ranjithpapareddy/Desktop/Desktop-Ranjith-iMac/forGIT/UFMylation_Ribosome_stalling_RNA_Splicing/Part4_Splicing_Analysis/data/motifs/CisBP_Human_All.meme	M00627_2.00	RBM14	KGCGUCG	6.90e-3	3.17e-1	1.72e2	55	249	249	5000	1.09	7	2.81	41	0.82
137	/Users/ranjithpapareddy/Desktop/Desktop-Ranjith-iMac/forGIT/UFMylation_Ribosome_stalling_RNA_Splicing/Part4_Splicing_Analysis/data/motifs/CisBP_Human_All.meme	M00093_2.00	SRSF7	GACGACGR	9.25e-3	3.23e-1	1.76e2	42	249	249	5000	1.53	5	2.01	23	0.46
138	/Users/ranjithpapareddy/Desktop/Desktop-Ranjith-iMac/forGIT/UFMylation_Ribosome_stalling_RNA_Splicing/Part4_Splicing_Analysis/data/motifs/CisBP_Human_All.meme	M00142_2.00	CPEB3	KUUUGKG	1.22e-4	3.55e-1	1.93e2	3610	249	249	5000	6.46	13	5.22	70	1.40
139	/Users/ranjithpapareddy/Desktop/Desktop-Ranjith-iMac/forGIT/UFMylation_Ribosome_stalling_RNA_Splicing/Part4_Splicing_Analysis/data/motifs/CisBP_Human_All.meme	M00652_2.00	RBMY1D	NBGCCCUCAAGGYVN	5.16e-4	3.65e-1	1.98e2	880	249	249	5000	62.7	4	1.61	5	0.10
140	/Users/ranjithpapareddy/Desktop/Desktop-Ranjith-iMac/forGIT/UFMylation_Ribosome_stalling_RNA_Splicing/Part4_Splicing_Analysis/data/motifs/CisBP_Human_All.meme	M00469_2.00	HNRNPA1	UAGGGW	2.92e-4	3.72e-1	2.03e2	1597	249	249	5000	3.83	18	7.23	135	2.70
141	/Users/ranjithpapareddy/Desktop/Desktop-Ranjith-iMac/forGIT/UFMylation_Ribosome_stalling_RNA_Splicing/Part4_Splicing_Analysis/data/motifs/CisBP_Human_All.meme	M00705_2.00	ZRANB2	DDAGGUAAGGUAD	5.90e-4	4.23e-1	2.30e2	931	249	249	5000	4.54	18	7.23	144	2.88
142	/Users/ranjithpapareddy/Desktop/Desktop-Ranjith-iMac/forGIT/UFMylation_Ribosome_stalling_RNA_Splicing/Part4_Splicing_Analysis/data/motifs/CisBP_Human_All.meme	M00680_2.00	YBX1	DUAACAUCGGG	1.38e-3	4.33e-1	2.35e2	410	249	249	5000	1.88	17	6.83	143	2.86
143	/Users/ranjithpapareddy/Desktop/Desktop-Ranjith-iMac/forGIT/UFMylation_Ribosome_stalling_RNA_Splicing/Part4_Splicing_Analysis/data/motifs/CisBP_Human_All.meme	M00140_2.00	ENSG00000277564	NUGCAUGV	3.49e-4	4.59e-1	2.49e2	1757	249	249	5000	5.45	17	6.83	125	2.50
144	/Users/ranjithpapareddy/Desktop/Desktop-Ranjith-iMac/forGIT/UFMylation_Ribosome_stalling_RNA_Splicing/Part4_Splicing_Analysis/data/motifs/CisBP_Human_All.meme	M00046_2.00	HNRNPA2B1	DUAGGGA	3.38e-4	4.67e-1	2.54e2	1865	249	249	5000	1.91	51	20.48	622	12.44
145	/Users/ranjithpapareddy/Desktop/Desktop-Ranjith-iMac/forGIT/UFMylation_Ribosome_stalling_RNA_Splicing/Part4_Splicing_Analysis/data/motifs/CisBP_Human_All.meme	M00059_2.00	MBNL1	NGCUUGC	6.43e-4	4.93e-1	2.68e2	1058	249	249	5000	3.66	11	4.42	63	1.26
146	/Users/ranjithpapareddy/Desktop/Desktop-Ranjith-iMac/forGIT/UFMylation_Ribosome_stalling_RNA_Splicing/Part4_Splicing_Analysis/data/motifs/CisBP_Human_All.meme	M00227_2.00	SF3B4	GAUGGAGU	2.37e-4	5.03e-1	2.73e2	2947	249	249	5000	13.6	6	2.41	14	0.28
147	/Users/ranjithpapareddy/Desktop/Desktop-Ranjith-iMac/forGIT/UFMylation_Ribosome_stalling_RNA_Splicing/Part4_Splicing_Analysis/data/motifs/CisBP_Human_All.meme	M00039_2.00	ENSG00000277564	UGCAUGM	3.87e-4	5.04e-1	2.74e2	1814	249	249	5000	7.64	10	4.02	49	0.98
148	/Users/ranjithpapareddy/Desktop/Desktop-Ranjith-iMac/forGIT/UFMylation_Ribosome_stalling_RNA_Splicing/Part4_Splicing_Analysis/data/motifs/CisBP_Human_All.meme	M13119_2.00	MATR3	MAUCUUGB	2.81e-4	5.06e-1	2.75e2	2510	249	249	5000	5.8	13	5.22	77	1.54
149	/Users/ranjithpapareddy/Desktop/Desktop-Ranjith-iMac/forGIT/UFMylation_Ribosome_stalling_RNA_Splicing/Part4_Splicing_Analysis/data/motifs/CisBP_Human_All.meme	M00438_2.00	M00438_2.00	GWGUGUGD	2.59e-4	5.26e-1	2.86e2	2881	249	249	5000	5.61	22	8.84	184	3.68
150	/Users/ranjithpapareddy/Desktop/Desktop-Ranjith-iMac/forGIT/UFMylation_Ribosome_stalling_RNA_Splicing/Part4_Splicing_Analysis/data/motifs/CisBP_Human_All.meme	M00544_2.00	SNRPA	GGGUAUGCUG	1.07e-3	5.55e-1	3.02e2	755	249	249	5000	19	8	3.21	37	0.74
151	/Users/ranjithpapareddy/Desktop/Desktop-Ranjith-iMac/forGIT/UFMylation_Ribosome_stalling_RNA_Splicing/Part4_Splicing_Analysis/data/motifs/CisBP_Human_All.meme	M00711_2.00	CNOT4	ACACAG	2.16e-4	5.63e-1	3.07e2	3829	249	249	5000	4.32	20	8.03	156	3.12
152	/Users/ranjithpapareddy/Desktop/Desktop-Ranjith-iMac/forGIT/UFMylation_Ribosome_stalling_RNA_Splicing/Part4_Splicing_Analysis/data/motifs/CisBP_Human_All.meme	M00634_2.00	RBM4B	NBBBDKGUUGCGCGGGGBSBS	3.14e-2	5.78e-1	3.14e2	27	249	249	5000	2.51	3	1.20	12	0.24
153	/Users/ranjithpapareddy/Desktop/Desktop-Ranjith-iMac/forGIT/UFMylation_Ribosome_stalling_RNA_Splicing/Part4_Splicing_Analysis/data/motifs/CisBP_Human_All.meme	M00439_2.00	M00439_2.00	AAACCCAA	3.16e-4	5.83e-1	3.17e2	2770	249	249	5000	11.9	7	2.81	22	0.44
154	/Users/ranjithpapareddy/Desktop/Desktop-Ranjith-iMac/forGIT/UFMylation_Ribosome_stalling_RNA_Splicing/Part4_Splicing_Analysis/data/motifs/CisBP_Human_All.meme	M00654_2.00	RBMY1D	NNBGYCCUCAAGGYVNN	8.28e-4	6.29e-1	3.42e2	1197	249	249	5000	54.1	4	1.61	6	0.12
155	/Users/ranjithpapareddy/Desktop/Desktop-Ranjith-iMac/forGIT/UFMylation_Ribosome_stalling_RNA_Splicing/Part4_Splicing_Analysis/data/motifs/CisBP_Human_All.meme	M00181_2.00	ENSG00000277564	WGCAUGM	5.71e-4	6.41e-1	3.49e2	1794	249	249	5000	6.93	11	4.42	62	1.24
156	/Users/ranjithpapareddy/Desktop/Desktop-Ranjith-iMac/forGIT/UFMylation_Ribosome_stalling_RNA_Splicing/Part4_Splicing_Analysis/data/motifs/CisBP_Human_All.meme	M00459_2.00	SF3B4	GUGUGA	6.03e-4	7.05e-1	3.84e2	2026	249	249	5000	9.46	7	2.81	25	0.50
157	/Users/ranjithpapareddy/Desktop/Desktop-Ranjith-iMac/forGIT/UFMylation_Ribosome_stalling_RNA_Splicing/Part4_Splicing_Analysis/data/motifs/CisBP_Human_All.meme	M00770_2.00	PCBP3	GUCGG	6.89e-3	7.11e-1	3.87e2	180	249	249	5000	1.41	12	4.82	101	2.02
158	/Users/ranjithpapareddy/Desktop/Desktop-Ranjith-iMac/forGIT/UFMylation_Ribosome_stalling_RNA_Splicing/Part4_Splicing_Analysis/data/motifs/CisBP_Human_All.meme	M00262_2.00	M00262_2.00	GWGUGUGD	4.82e-4	7.22e-1	3.93e2	2652	249	249	5000	9.46	13	5.22	82	1.64
159	/Users/ranjithpapareddy/Desktop/Desktop-Ranjith-iMac/forGIT/UFMylation_Ribosome_stalling_RNA_Splicing/Part4_Splicing_Analysis/data/motifs/CisBP_Human_All.meme	M00144_2.00	MEX3A	AGAGUAUR	4.07e-4	7.93e-1	4.31e2	3869	249	249	5000	9.78	3	1.20	1	0.02
160	/Users/ranjithpapareddy/Desktop/Desktop-Ranjith-iMac/forGIT/UFMylation_Ribosome_stalling_RNA_Splicing/Part4_Splicing_Analysis/data/motifs/CisBP_Human_All.meme	M00700_2.00	ZFR	GUGACGGAUG	9.87e-3	8.42e-1	4.58e2	187	249	249	5000	10.8	3	1.20	7	0.14
161	/Users/ranjithpapareddy/Desktop/Desktop-Ranjith-iMac/forGIT/UFMylation_Ribosome_stalling_RNA_Splicing/Part4_Splicing_Analysis/data/motifs/CisBP_Human_All.meme	M00177_2.00	ZNF638	UGUUSGU	1.62e-3	8.75e-1	4.76e2	1287	249	249	5000	2.28	14	5.62	107	2.14
162	/Users/ranjithpapareddy/Desktop/Desktop-Ranjith-iMac/forGIT/UFMylation_Ribosome_stalling_RNA_Splicing/Part4_Splicing_Analysis/data/motifs/CisBP_Human_All.meme	M00038_2.00	FMR1	GGACARG	1.19e-3	8.89e-1	4.83e2	1842	249	249	5000	2.48	34	13.65	385	7.70
163	/Users/ranjithpapareddy/Desktop/Desktop-Ranjith-iMac/forGIT/UFMylation_Ribosome_stalling_RNA_Splicing/Part4_Splicing_Analysis/data/motifs/CisBP_Human_All.meme	M13117_2.00	ENSG00000277564	HWGCAUGM	1.25e-3	9.01e-1	4.90e2	1842	249	249	5000	6.23	11	4.42	69	1.38
164	/Users/ranjithpapareddy/Desktop/Desktop-Ranjith-iMac/forGIT/UFMylation_Ribosome_stalling_RNA_Splicing/Part4_Splicing_Analysis/data/motifs/CisBP_Human_All.meme	M00774_2.00	PTBP3	CUUUCU	5.53e-4	9.09e-1	4.95e2	4339	249	249	5000	3.36	28	11.24	279	5.58
165	/Users/ranjithpapareddy/Desktop/Desktop-Ranjith-iMac/forGIT/UFMylation_Ribosome_stalling_RNA_Splicing/Part4_Splicing_Analysis/data/motifs/CisBP_Human_All.meme	M00162_2.00	ENOX2	MAGACAG	8.18e-4	9.11e-1	4.96e2	2961	249	249	5000	4.82	12	4.82	76	1.52
166	/Users/ranjithpapareddy/Desktop/Desktop-Ranjith-iMac/forGIT/UFMylation_Ribosome_stalling_RNA_Splicing/Part4_Splicing_Analysis/data/motifs/CisBP_Human_All.meme	M00169_2.00	CNOT4	GACAGAN	9.77e-4	9.52e-1	5.18e2	3109	249	249	5000	6.33	18	7.23	151	3.02
167	/Users/ranjithpapareddy/Desktop/Desktop-Ranjith-iMac/forGIT/UFMylation_Ribosome_stalling_RNA_Splicing/Part4_Splicing_Analysis/data/motifs/CisBP_Human_All.meme	M00057_2.00	LIN28B	HGGAGAA	9.84e-4	9.55e-1	5.20e2	3161	249	249	5000	7.78	9	3.61	46	0.92
168	/Users/ranjithpapareddy/Desktop/Desktop-Ranjith-iMac/forGIT/UFMylation_Ribosome_stalling_RNA_Splicing/Part4_Splicing_Analysis/data/motifs/CisBP_Human_All.meme	M00586_2.00	HEXIM2	GGCGACGGKB	5.19e-2	9.61e-1	5.23e2	61	249	249	5000	18	2	0.80	6	0.12
169	/Users/ranjithpapareddy/Desktop/Desktop-Ranjith-iMac/forGIT/UFMylation_Ribosome_stalling_RNA_Splicing/Part4_Splicing_Analysis/data/motifs/CisBP_Human_All.meme	M00638_2.00	RBM4	RHGVKGAGUGCGGUAGBBGC	9.26e-2	9.73e-1	5.29e2	37	249	249	5000	20.7	1	0.40	1	0.02
170	/Users/ranjithpapareddy/Desktop/Desktop-Ranjith-iMac/forGIT/UFMylation_Ribosome_stalling_RNA_Splicing/Part4_Splicing_Analysis/data/motifs/CisBP_Human_All.meme	M00569_2.00	CSTF2T	CGUAGCGUYD	1.92e-1	9.73e-1	5.29e2	17	249	249	5000	1.06	2	0.80	15	0.30
171	/Users/ranjithpapareddy/Desktop/Desktop-Ranjith-iMac/forGIT/UFMylation_Ribosome_stalling_RNA_Splicing/Part4_Splicing_Analysis/data/motifs/CisBP_Human_All.meme	M00735_2.00	ENSG00000282559	UUUUU	9.82e-4	9.78e-1	5.32e2	3891	249	249	5000	45.7	3	1.20	2	0.04
172	/Users/ranjithpapareddy/Desktop/Desktop-Ranjith-iMac/forGIT/UFMylation_Ribosome_stalling_RNA_Splicing/Part4_Splicing_Analysis/data/motifs/CisBP_Human_All.meme	M00712_2.00	ENSG00000282755	UUUUU	9.82e-4	9.78e-1	5.32e2	3893	249	249	5000	43	3	1.20	2	0.04
173	/Users/ranjithpapareddy/Desktop/Desktop-Ranjith-iMac/forGIT/UFMylation_Ribosome_stalling_RNA_Splicing/Part4_Splicing_Analysis/data/motifs/CisBP_Human_All.meme	M00825_2.00	TIA1	UUUUW	9.82e-4	9.79e-1	5.32e2	3919	249	249	5000	33.7	3	1.20	2	0.04
174	/Users/ranjithpapareddy/Desktop/Desktop-Ranjith-iMac/forGIT/UFMylation_Ribosome_stalling_RNA_Splicing/Part4_Splicing_Analysis/data/motifs/CisBP_Human_All.meme	M00268_2.00	PTBP2	CUYUUCU	9.20e-4	9.85e-1	5.36e2	4535	249	249	5000	4.6	21	8.43	190	3.80
175	/Users/ranjithpapareddy/Desktop/Desktop-Ranjith-iMac/forGIT/UFMylation_Ribosome_stalling_RNA_Splicing/Part4_Splicing_Analysis/data/motifs/CisBP_Human_All.meme	M00568_2.00	CSTF2	RAGGCGUAGCGUYD	2.16e-1	9.87e-1	5.37e2	18	249	249	5000	6.42	1	0.40	4	0.08
176	/Users/ranjithpapareddy/Desktop/Desktop-Ranjith-iMac/forGIT/UFMylation_Ribosome_stalling_RNA_Splicing/Part4_Splicing_Analysis/data/motifs/CisBP_Human_All.meme	M00573_2.00	DAZ2	NGGUGYGUGCGUUUCCGCBN	1.57e-1	9.88e-1	5.38e2	26	249	249	5000	2.44	2	0.80	13	0.26
177	/Users/ranjithpapareddy/Desktop/Desktop-Ranjith-iMac/forGIT/UFMylation_Ribosome_stalling_RNA_Splicing/Part4_Splicing_Analysis/data/motifs/CisBP_Human_All.meme	M00472_2.00	SRSF2	GUUCGAGUW	8.93e-3	9.89e-1	5.38e2	500	249	249	5000	16.2	4	1.61	14	0.28
178	/Users/ranjithpapareddy/Desktop/Desktop-Ranjith-iMac/forGIT/UFMylation_Ribosome_stalling_RNA_Splicing/Part4_Splicing_Analysis/data/motifs/CisBP_Human_All.meme	M00096_2.00	AL109811.4	DGAAUGAD	1.65e-3	9.89e-1	5.38e2	2738	249	249	5000	5.48	20	8.03	186	3.72
179	/Users/ranjithpapareddy/Desktop/Desktop-Ranjith-iMac/forGIT/UFMylation_Ribosome_stalling_RNA_Splicing/Part4_Splicing_Analysis/data/motifs/CisBP_Human_All.meme	M00625_2.00	ENSG00000277564	DBBBBGGKUGCAUGUGBNBBBK	6.51e-3	9.90e-1	5.39e2	714	249	249	5000	349	2	0.80	1	0.02
180	/Users/ranjithpapareddy/Desktop/Desktop-Ranjith-iMac/forGIT/UFMylation_Ribosome_stalling_RNA_Splicing/Part4_Splicing_Analysis/data/motifs/CisBP_Human_All.meme	M00192_2.00	M00192_2.00	UGUGUGA	1.79e-3	9.92e-1	5.40e2	2705	249	249	5000	4.07	32	12.85	364	7.28
181	/Users/ranjithpapareddy/Desktop/Desktop-Ranjith-iMac/forGIT/UFMylation_Ribosome_stalling_RNA_Splicing/Part4_Splicing_Analysis/data/motifs/CisBP_Human_All.meme	M00058_2.00	MATR3	MAUCUUG	1.81e-3	9.93e-1	5.40e2	2726	249	249	5000	12.6	4	1.61	8	0.16
182	/Users/ranjithpapareddy/Desktop/Desktop-Ranjith-iMac/forGIT/UFMylation_Ribosome_stalling_RNA_Splicing/Part4_Splicing_Analysis/data/motifs/CisBP_Human_All.meme	M00807_2.00	SF1	UAAUC	2.32e-3	9.95e-1	5.41e2	2282	249	249	5000	4.24	12	4.82	87	1.74
183	/Users/ranjithpapareddy/Desktop/Desktop-Ranjith-iMac/forGIT/UFMylation_Ribosome_stalling_RNA_Splicing/Part4_Splicing_Analysis/data/motifs/CisBP_Human_All.meme	M00826_2.00	TRA2A	MNGAAGA	1.46e-3	9.97e-1	5.42e2	3925	249	249	5000	3.47	18	7.23	157	3.14
184	/Users/ranjithpapareddy/Desktop/Desktop-Ranjith-iMac/forGIT/UFMylation_Ribosome_stalling_RNA_Splicing/Part4_Splicing_Analysis/data/motifs/CisBP_Human_All.meme	M00612_2.00	MSI2	GUAGUDKDGUAGK	2.63e-3	9.98e-1	5.43e2	2282	249	249	5000	8.15	9	3.61	54	1.08
185	/Users/ranjithpapareddy/Desktop/Desktop-Ranjith-iMac/forGIT/UFMylation_Ribosome_stalling_RNA_Splicing/Part4_Splicing_Analysis/data/motifs/CisBP_Human_All.meme	M00635_2.00	RBM4B	BBSSUGAGUGCGGUAGBSNN	1.08e-1	9.98e-1	5.43e2	56	249	249	5000	10.4	2	0.80	10	0.20
186	/Users/ranjithpapareddy/Desktop/Desktop-Ranjith-iMac/forGIT/UFMylation_Ribosome_stalling_RNA_Splicing/Part4_Splicing_Analysis/data/motifs/CisBP_Human_All.meme	M00308_2.00	SRSF3	AWCAACR	4.95e-3	9.99e-1	5.43e2	1328	249	249	5000	13	3	1.20	5	0.10
187	/Users/ranjithpapareddy/Desktop/Desktop-Ranjith-iMac/forGIT/UFMylation_Ribosome_stalling_RNA_Splicing/Part4_Splicing_Analysis/data/motifs/CisBP_Human_All.meme	M13120_2.00	ENSG00000282095	VWUUUUUS	1.90e-3	9.99e-1	5.43e2	3649	249	249	5000	58	3	1.20	3	0.06
188	/Users/ranjithpapareddy/Desktop/Desktop-Ranjith-iMac/forGIT/UFMylation_Ribosome_stalling_RNA_Splicing/Part4_Splicing_Analysis/data/motifs/CisBP_Human_All.meme	M13121_2.00	ENSG00000282175	VWUUUUUS	1.90e-3	9.99e-1	5.43e2	3649	249	249	5000	58	3	1.20	3	0.06
189	/Users/ranjithpapareddy/Desktop/Desktop-Ranjith-iMac/forGIT/UFMylation_Ribosome_stalling_RNA_Splicing/Part4_Splicing_Analysis/data/motifs/CisBP_Human_All.meme	M13114_2.00	HNRNPCL2	VWUUUUUS	1.90e-3	9.99e-1	5.43e2	3649	249	249	5000	58	3	1.20	3	0.06
190	/Users/ranjithpapareddy/Desktop/Desktop-Ranjith-iMac/forGIT/UFMylation_Ribosome_stalling_RNA_Splicing/Part4_Splicing_Analysis/data/motifs/CisBP_Human_All.meme	M13115_2.00	HNRNPCL3	VWUUUUUS	1.90e-3	9.99e-1	5.43e2	3649	249	249	5000	58	3	1.20	3	0.06
191	/Users/ranjithpapareddy/Desktop/Desktop-Ranjith-iMac/forGIT/UFMylation_Ribosome_stalling_RNA_Splicing/Part4_Splicing_Analysis/data/motifs/CisBP_Human_All.meme	M13113_2.00	ENSG00000274109	VWUUUUUS	1.90e-3	9.99e-1	5.43e2	3649	249	249	5000	58	3	1.20	3	0.06
192	/Users/ranjithpapareddy/Desktop/Desktop-Ranjith-iMac/forGIT/UFMylation_Ribosome_stalling_RNA_Splicing/Part4_Splicing_Analysis/data/motifs/CisBP_Human_All.meme	M13123_2.00	ENSG00000282559	VWUUUUUS	1.90e-3	9.99e-1	5.43e2	3649	249	249	5000	58	3	1.20	3	0.06
193	/Users/ranjithpapareddy/Desktop/Desktop-Ranjith-iMac/forGIT/UFMylation_Ribosome_stalling_RNA_Splicing/Part4_Splicing_Analysis/data/motifs/CisBP_Human_All.meme	M13122_2.00	ENSG00000282530	VWUUUUUS	1.90e-3	9.99e-1	5.43e2	3649	249	249	5000	58	3	1.20	3	0.06
194	/Users/ranjithpapareddy/Desktop/Desktop-Ranjith-iMac/forGIT/UFMylation_Ribosome_stalling_RNA_Splicing/Part4_Splicing_Analysis/data/motifs/CisBP_Human_All.meme	M13111_2.00	ENSG00000273865	VWUUUUUS	1.90e-3	9.99e-1	5.43e2	3649	249	249	5000	58	3	1.20	3	0.06
195	/Users/ranjithpapareddy/Desktop/Desktop-Ranjith-iMac/forGIT/UFMylation_Ribosome_stalling_RNA_Splicing/Part4_Splicing_Analysis/data/motifs/CisBP_Human_All.meme	M13081_2.00	HNRNPCL4	VWUUUUUS	1.90e-3	9.99e-1	5.43e2	3649	249	249	5000	58	3	1.20	3	0.06
196	/Users/ranjithpapareddy/Desktop/Desktop-Ranjith-iMac/forGIT/UFMylation_Ribosome_stalling_RNA_Splicing/Part4_Splicing_Analysis/data/motifs/CisBP_Human_All.meme	M00580_2.00	ELAVL1	UUUWUGDKUU	1.90e-3	9.99e-1	5.44e2	3691	249	249	5000	124	3	1.20	3	0.06
197	/Users/ranjithpapareddy/Desktop/Desktop-Ranjith-iMac/forGIT/UFMylation_Ribosome_stalling_RNA_Splicing/Part4_Splicing_Analysis/data/motifs/CisBP_Human_All.meme	M00260_2.00	M00260_2.00	GUGUGUG	2.77e-3	9.99e-1	5.44e2	2692	249	249	5000	9.43	15	6.02	127	2.54
198	/Users/ranjithpapareddy/Desktop/Desktop-Ranjith-iMac/forGIT/UFMylation_Ribosome_stalling_RNA_Splicing/Part4_Splicing_Analysis/data/motifs/CisBP_Human_All.meme	M00649_2.00	RBMY1D	NWGCUUMGUGCNN	1.04e-2	1.00e0	5.44e2	737	249	249	5000	1.25	36	14.46	479	9.58
199	/Users/ranjithpapareddy/Desktop/Desktop-Ranjith-iMac/forGIT/UFMylation_Ribosome_stalling_RNA_Splicing/Part4_Splicing_Analysis/data/motifs/CisBP_Human_All.meme	M00617_2.00	PUM1	RUGUAAAUAG	6.51e-3	1.00e0	5.44e2	1223	249	249	5000	206	2	0.80	1	0.02
200	/Users/ranjithpapareddy/Desktop/Desktop-Ranjith-iMac/forGIT/UFMylation_Ribosome_stalling_RNA_Splicing/Part4_Splicing_Analysis/data/motifs/CisBP_Human_All.meme	M13003_2.00	CPEB3	YUUUUUUG	2.24e-3	1.00e0	5.44e2	3700	249	249	5000	87	2	0.80	0	0.00
201	/Users/ranjithpapareddy/Desktop/Desktop-Ranjith-iMac/forGIT/UFMylation_Ribosome_stalling_RNA_Splicing/Part4_Splicing_Analysis/data/motifs/CisBP_Human_All.meme	M00732_2.00	HNRNPA0	VUUAGN	3.54e-3	1.00e0	5.44e2	2360	249	249	5000	2.36	16	6.43	144	2.88
202	/Users/ranjithpapareddy/Desktop/Desktop-Ranjith-iMac/forGIT/UFMylation_Ribosome_stalling_RNA_Splicing/Part4_Splicing_Analysis/data/motifs/CisBP_Human_All.meme	M00355_2.00	AL109811.4	UGAAUGW	3.19e-3	1.00e0	5.44e2	2621	249	249	5000	8.78	10	4.02	67	1.34
203	/Users/ranjithpapareddy/Desktop/Desktop-Ranjith-iMac/forGIT/UFMylation_Ribosome_stalling_RNA_Splicing/Part4_Splicing_Analysis/data/motifs/CisBP_Human_All.meme	M00130_2.00	ELAVL1	UUUGUUU	2.24e-3	1.00e0	5.44e2	3770	249	249	5000	45.2	2	0.80	0	0.00
204	/Users/ranjithpapareddy/Desktop/Desktop-Ranjith-iMac/forGIT/UFMylation_Ribosome_stalling_RNA_Splicing/Part4_Splicing_Analysis/data/motifs/CisBP_Human_All.meme	M00183_2.00	RBM6	MAUCCAR	3.58e-3	1.00e0	5.44e2	2383	249	249	5000	7.18	8	3.21	46	0.92
205	/Users/ranjithpapareddy/Desktop/Desktop-Ranjith-iMac/forGIT/UFMylation_Ribosome_stalling_RNA_Splicing/Part4_Splicing_Analysis/data/motifs/CisBP_Human_All.meme	M00134_2.00	ELAVL1	UUUGUUU	2.24e-3	1.00e0	5.44e2	3845	249	249	5000	41.6	2	0.80	0	0.00
206	/Users/ranjithpapareddy/Desktop/Desktop-Ranjith-iMac/forGIT/UFMylation_Ribosome_stalling_RNA_Splicing/Part4_Splicing_Analysis/data/motifs/CisBP_Human_All.meme	M00787_2.00	RBM24	UUUUNUUUU	2.24e-3	1.00e0	5.44e2	4071	249	249	5000	79.8	2	0.80	0	0.00
207	/Users/ranjithpapareddy/Desktop/Desktop-Ranjith-iMac/forGIT/UFMylation_Ribosome_stalling_RNA_Splicing/Part4_Splicing_Analysis/data/motifs/CisBP_Human_All.meme	M00249_2.00	PTBP1	CUUUUCU	2.29e-3	1.00e0	5.44e2	4241	249	249	5000	11	13	5.22	99	1.98
208	/Users/ranjithpapareddy/Desktop/Desktop-Ranjith-iMac/forGIT/UFMylation_Ribosome_stalling_RNA_Splicing/Part4_Splicing_Analysis/data/motifs/CisBP_Human_All.meme	M00408_2.00	RBM45	GACAGAC	4.13e-3	1.00e0	5.44e2	2589	249	249	5000	4.73	15	6.02	133	2.66
209	/Users/ranjithpapareddy/Desktop/Desktop-Ranjith-iMac/forGIT/UFMylation_Ribosome_stalling_RNA_Splicing/Part4_Splicing_Analysis/data/motifs/CisBP_Human_All.meme	M00585_2.00	HEXIM1	GKDKCGACGGG	1.77e-1	1.00e0	5.44e2	57	249	249	5000	70.6	1	0.40	3	0.06
210	/Users/ranjithpapareddy/Desktop/Desktop-Ranjith-iMac/forGIT/UFMylation_Ribosome_stalling_RNA_Splicing/Part4_Splicing_Analysis/data/motifs/CisBP_Human_All.meme	M00366_2.00	M00366_2.00	AGAUUAA	3.22e-3	1.00e0	5.44e2	3519	249	249	5000	10.7	7	2.81	35	0.70
211	/Users/ranjithpapareddy/Desktop/Desktop-Ranjith-iMac/forGIT/UFMylation_Ribosome_stalling_RNA_Splicing/Part4_Splicing_Analysis/data/motifs/CisBP_Human_All.meme	M00470_2.00	SRSF1	RGAAGRAC	5.01e-3	1.00e0	5.44e2	2342	249	249	5000	4.01	27	10.84	312	6.24
212	/Users/ranjithpapareddy/Desktop/Desktop-Ranjith-iMac/forGIT/UFMylation_Ribosome_stalling_RNA_Splicing/Part4_Splicing_Analysis/data/motifs/CisBP_Human_All.meme	M00180_2.00	ENSG00000282559	AUUUUUU	3.20e-3	1.00e0	5.44e2	3688	249	249	5000	78.1	3	1.20	4	0.08
213	/Users/ranjithpapareddy/Desktop/Desktop-Ranjith-iMac/forGIT/UFMylation_Ribosome_stalling_RNA_Splicing/Part4_Splicing_Analysis/data/motifs/CisBP_Human_All.meme	M00664_2.00	RC3H2	GNCUYRUAUYRAGNB	2.12e-2	1.00e0	5.44e2	566	249	249	5000	8.05	3	1.20	10	0.20
214	/Users/ranjithpapareddy/Desktop/Desktop-Ranjith-iMac/forGIT/UFMylation_Ribosome_stalling_RNA_Splicing/Part4_Splicing_Analysis/data/motifs/CisBP_Human_All.meme	M00069_2.00	RBM28	GWGUAGW	6.89e-3	1.00e0	5.44e2	1746	249	249	5000	4.91	8	3.21	52	1.04
215	/Users/ranjithpapareddy/Desktop/Desktop-Ranjith-iMac/forGIT/UFMylation_Ribosome_stalling_RNA_Splicing/Part4_Splicing_Analysis/data/motifs/CisBP_Human_All.meme	M00488_2.00	EIF4B	GUHGGAA	6.40e-3	1.00e0	5.44e2	1880	249	249	5000	2.97	16	6.43	154	3.08
216	/Users/ranjithpapareddy/Desktop/Desktop-Ranjith-iMac/forGIT/UFMylation_Ribosome_stalling_RNA_Splicing/Part4_Splicing_Analysis/data/motifs/CisBP_Human_All.meme	M00736_2.00	ENSG00000282559	UUUUU	3.20e-3	1.00e0	5.44e2	3929	249	249	5000	33.9	3	1.20	4	0.08
217	/Users/ranjithpapareddy/Desktop/Desktop-Ranjith-iMac/forGIT/UFMylation_Ribosome_stalling_RNA_Splicing/Part4_Splicing_Analysis/data/motifs/CisBP_Human_All.meme	M00581_2.00	ELAVL3	DUUUUKD	3.39e-3	1.00e0	5.44e2	3860	249	249	5000	7.4	4	1.61	10	0.20
218	/Users/ranjithpapareddy/Desktop/Desktop-Ranjith-iMac/forGIT/UFMylation_Ribosome_stalling_RNA_Splicing/Part4_Splicing_Analysis/data/motifs/CisBP_Human_All.meme	M00440_2.00	SRSF3	AACAACR	1.08e-2	1.00e0	5.44e2	1221	249	249	5000	9.89	5	2.01	24	0.48
219	/Users/ranjithpapareddy/Desktop/Desktop-Ranjith-iMac/forGIT/UFMylation_Ribosome_stalling_RNA_Splicing/Part4_Splicing_Analysis/data/motifs/CisBP_Human_All.meme	M00576_2.00	DAZ2	NKGUGUGUGCGUUUCCGSNN	2.81e-1	1.00e0	5.44e2	41	249	249	5000	2.59	2	0.80	20	0.40
220	/Users/ranjithpapareddy/Desktop/Desktop-Ranjith-iMac/forGIT/UFMylation_Ribosome_stalling_RNA_Splicing/Part4_Splicing_Analysis/data/motifs/CisBP_Human_All.meme	M00604_2.00	MCM3AP	CGCCAGUGCG	5.63e-1	1.00e0	5.44e2	17	249	249	5000	1.01	1	0.40	16	0.32
221	/Users/ranjithpapareddy/Desktop/Desktop-Ranjith-iMac/forGIT/UFMylation_Ribosome_stalling_RNA_Splicing/Part4_Splicing_Analysis/data/motifs/CisBP_Human_All.meme	M00684_2.00	ZC3H10	GCGCAUGCGWD	2.16e-1	1.00e0	5.44e2	61	249	249	5000	27.6	1	0.40	4	0.08
222	/Users/ranjithpapareddy/Desktop/Desktop-Ranjith-iMac/forGIT/UFMylation_Ribosome_stalling_RNA_Splicing/Part4_Splicing_Analysis/data/motifs/CisBP_Human_All.meme	M00682_2.00	YBX2	GCCAURWCAUCGC	1.28e-1	1.00e0	5.44e2	125	249	249	5000	2.77	4	1.61	37	0.74
223	/Users/ranjithpapareddy/Desktop/Desktop-Ranjith-iMac/forGIT/UFMylation_Ribosome_stalling_RNA_Splicing/Part4_Splicing_Analysis/data/motifs/CisBP_Human_All.meme	M00575_2.00	DAZ2	NNNNNVUGKUGUUGUAGBBNNNN	9.26e-2	1.00e0	5.44e2	186	249	249	5000	227	1	0.40	1	0.02
224	/Users/ranjithpapareddy/Desktop/Desktop-Ranjith-iMac/forGIT/UFMylation_Ribosome_stalling_RNA_Splicing/Part4_Splicing_Analysis/data/motifs/CisBP_Human_All.meme	M00666_2.00	RNPC3	GGGUSUACGGGGU	1.71e-1	1.00e0	5.44e2	102	249	249	5000	1.83	6	2.41	73	1.46
225	/Users/ranjithpapareddy/Desktop/Desktop-Ranjith-iMac/forGIT/UFMylation_Ribosome_stalling_RNA_Splicing/Part4_Splicing_Analysis/data/motifs/CisBP_Human_All.meme	M00386_2.00	M00386_2.00	RADCACR	1.00e-2	1.00e0	5.44e2	1745	249	249	5000	1.94	22	8.84	252	5.04
226	/Users/ranjithpapareddy/Desktop/Desktop-Ranjith-iMac/forGIT/UFMylation_Ribosome_stalling_RNA_Splicing/Part4_Splicing_Analysis/data/motifs/CisBP_Human_All.meme	M00551_2.00	SRSF7	ACGAGAGAH	3.81e-2	1.00e0	5.44e2	465	249	249	5000	4.83	6	2.41	47	0.94
227	/Users/ranjithpapareddy/Desktop/Desktop-Ranjith-iMac/forGIT/UFMylation_Ribosome_stalling_RNA_Splicing/Part4_Splicing_Analysis/data/motifs/CisBP_Human_All.meme	M13088_2.00	RALYL	VWUUUUUB	4.95e-3	1.00e0	5.44e2	3666	249	249	5000	57.1	3	1.20	5	0.10
228	/Users/ranjithpapareddy/Desktop/Desktop-Ranjith-iMac/forGIT/UFMylation_Ribosome_stalling_RNA_Splicing/Part4_Splicing_Analysis/data/motifs/CisBP_Human_All.meme	M00526_2.00	ELAVL2	HUYMUUUWUWUUYK	4.95e-3	1.00e0	5.44e2	3722	249	249	5000	271	3	1.20	5	0.10
229	/Users/ranjithpapareddy/Desktop/Desktop-Ranjith-iMac/forGIT/UFMylation_Ribosome_stalling_RNA_Splicing/Part4_Splicing_Analysis/data/motifs/CisBP_Human_All.meme	M00250_2.00	PTBP1	ACUUUCU	4.46e-3	1.00e0	5.44e2	4134	249	249	5000	14.5	4	1.61	11	0.22
230	/Users/ranjithpapareddy/Desktop/Desktop-Ranjith-iMac/forGIT/UFMylation_Ribosome_stalling_RNA_Splicing/Part4_Splicing_Analysis/data/motifs/CisBP_Human_All.meme	M00484_2.00	M00484_2.00	UGUA	6.42e-3	1.00e0	5.44e2	2941	249	249	5000	2.78	12	4.82	100	2.00
231	/Users/ranjithpapareddy/Desktop/Desktop-Ranjith-iMac/forGIT/UFMylation_Ribosome_stalling_RNA_Splicing/Part4_Splicing_Analysis/data/motifs/CisBP_Human_All.meme	M00043_2.00	G3BP2	AGGAURA	7.21e-3	1.00e0	5.44e2	2625	249	249	5000	12.3	4	1.61	13	0.26
232	/Users/ranjithpapareddy/Desktop/Desktop-Ranjith-iMac/forGIT/UFMylation_Ribosome_stalling_RNA_Splicing/Part4_Splicing_Analysis/data/motifs/CisBP_Human_All.meme	M00808_2.00	PSPC1	WGUAAK	6.51e-3	1.00e0	5.44e2	2958	249	249	5000	9.46	2	0.80	1	0.02
233	/Users/ranjithpapareddy/Desktop/Desktop-Ranjith-iMac/forGIT/UFMylation_Ribosome_stalling_RNA_Splicing/Part4_Splicing_Analysis/data/motifs/CisBP_Human_All.meme	M00570_2.00	DAZ1	NNNNNUGKWGUUGUAGKKNKK	4.74e-2	1.00e0	5.44e2	424	249	249	5000	1.82e+03	1	0.40	0	0.00
234	/Users/ranjithpapareddy/Desktop/Desktop-Ranjith-iMac/forGIT/UFMylation_Ribosome_stalling_RNA_Splicing/Part4_Splicing_Analysis/data/motifs/CisBP_Human_All.meme	M00624_2.00	ENSG00000277564	NNNNDGKUGCAUGUGNNNNN	1.31e-2	1.00e0	5.44e2	1536	249	249	5000	35.1	3	1.20	8	0.16
235	/Users/ranjithpapareddy/Desktop/Desktop-Ranjith-iMac/forGIT/UFMylation_Ribosome_stalling_RNA_Splicing/Part4_Splicing_Analysis/data/motifs/CisBP_Human_All.meme	M00629_2.00	RBM28	GRGGCYGAGCGGUGG	1.92e-1	1.00e0	5.44e2	99	249	249	5000	19.2	2	0.80	15	0.30
236	/Users/ranjithpapareddy/Desktop/Desktop-Ranjith-iMac/forGIT/UFMylation_Ribosome_stalling_RNA_Splicing/Part4_Splicing_Analysis/data/motifs/CisBP_Human_All.meme	M00172_2.00	ENSG00000282559	UUUUUUG	6.51e-3	1.00e0	5.44e2	3580	249	249	5000	94.3	2	0.80	1	0.02
237	/Users/ranjithpapareddy/Desktop/Desktop-Ranjith-iMac/forGIT/UFMylation_Ribosome_stalling_RNA_Splicing/Part4_Splicing_Analysis/data/motifs/CisBP_Human_All.meme	M00317_2.00	ENSG00000282755	UUUUUUA	6.51e-3	1.00e0	5.44e2	3676	249	249	5000	106	2	0.80	1	0.02
238	/Users/ranjithpapareddy/Desktop/Desktop-Ranjith-iMac/forGIT/UFMylation_Ribosome_stalling_RNA_Splicing/Part4_Splicing_Analysis/data/motifs/CisBP_Human_All.meme	M00171_2.00	CPEB4	CUUUUUU	6.51e-3	1.00e0	5.44e2	3680	249	249	5000	127	2	0.80	1	0.02
239	/Users/ranjithpapareddy/Desktop/Desktop-Ranjith-iMac/forGIT/UFMylation_Ribosome_stalling_RNA_Splicing/Part4_Splicing_Analysis/data/motifs/CisBP_Human_All.meme	M00047_2.00	ENSG00000282559	AUUUUUK	6.51e-3	1.00e0	5.44e2	3703	249	249	5000	80.6	2	0.80	1	0.02
240	/Users/ranjithpapareddy/Desktop/Desktop-Ranjith-iMac/forGIT/UFMylation_Ribosome_stalling_RNA_Splicing/Part4_Splicing_Analysis/data/motifs/CisBP_Human_All.meme	M00434_2.00	M00434_2.00	VUUUUUUY	6.51e-3	1.00e0	5.44e2	3709	249	249	5000	99.9	2	0.80	1	0.02
241	/Users/ranjithpapareddy/Desktop/Desktop-Ranjith-iMac/forGIT/UFMylation_Ribosome_stalling_RNA_Splicing/Part4_Splicing_Analysis/data/motifs/CisBP_Human_All.meme	M00097_2.00	TIA1	UUUUUUG	6.51e-3	1.00e0	5.44e2	3733	249	249	5000	69	2	0.80	1	0.02
242	/Users/ranjithpapareddy/Desktop/Desktop-Ranjith-iMac/forGIT/UFMylation_Ribosome_stalling_RNA_Splicing/Part4_Splicing_Analysis/data/motifs/CisBP_Human_All.meme	M00545_2.00	SNRPA	GVGCAGUAGKS	4.74e-2	1.00e0	5.44e2	513	249	249	5000	543	1	0.40	0	0.00
243	/Users/ranjithpapareddy/Desktop/Desktop-Ranjith-iMac/forGIT/UFMylation_Ribosome_stalling_RNA_Splicing/Part4_Splicing_Analysis/data/motifs/CisBP_Human_All.meme	M13067_2.00	RBM15	YWUUUUUS	6.51e-3	1.00e0	5.44e2	3740	249	249	5000	66.4	2	0.80	1	0.02
244	/Users/ranjithpapareddy/Desktop/Desktop-Ranjith-iMac/forGIT/UFMylation_Ribosome_stalling_RNA_Splicing/Part4_Splicing_Analysis/data/motifs/CisBP_Human_All.meme	M00178_2.00	TIA1	UUUUUUY	6.51e-3	1.00e0	5.44e2	3787	249	249	5000	92.6	2	0.80	1	0.02
245	/Users/ranjithpapareddy/Desktop/Desktop-Ranjith-iMac/forGIT/UFMylation_Ribosome_stalling_RNA_Splicing/Part4_Splicing_Analysis/data/motifs/CisBP_Human_All.meme	M00521_2.00	NOVA2	GGRGAGUCAUHSC	1.74e-1	1.00e0	5.44e2	142	249	249	5000	29.1	2	0.80	14	0.28
246	/Users/ranjithpapareddy/Desktop/Desktop-Ranjith-iMac/forGIT/UFMylation_Ribosome_stalling_RNA_Splicing/Part4_Splicing_Analysis/data/motifs/CisBP_Human_All.meme	M00223_2.00	SF3B4	WUUUUUU	6.51e-3	1.00e0	5.44e2	3807	249	249	5000	78.1	2	0.80	1	0.02
247	/Users/ranjithpapareddy/Desktop/Desktop-Ranjith-iMac/forGIT/UFMylation_Ribosome_stalling_RNA_Splicing/Part4_Splicing_Analysis/data/motifs/CisBP_Human_All.meme	M00388_2.00	ENSG00000274081	UUUUUUU	6.51e-3	1.00e0	5.44e2	3907	249	249	5000	181	2	0.80	1	0.02
248	/Users/ranjithpapareddy/Desktop/Desktop-Ranjith-iMac/forGIT/UFMylation_Ribosome_stalling_RNA_Splicing/Part4_Splicing_Analysis/data/motifs/CisBP_Human_All.meme	M00415_2.00	ENSG00000274081	UUUUUUU	6.51e-3	1.00e0	5.44e2	3915	249	249	5000	148	2	0.80	1	0.02
249	/Users/ranjithpapareddy/Desktop/Desktop-Ranjith-iMac/forGIT/UFMylation_Ribosome_stalling_RNA_Splicing/Part4_Splicing_Analysis/data/motifs/CisBP_Human_All.meme	M00779_2.00	ENSG00000282559	UUYUU	6.51e-3	1.00e0	5.44e2	4052	249	249	5000	26.3	2	0.80	1	0.02
250	/Users/ranjithpapareddy/Desktop/Desktop-Ranjith-iMac/forGIT/UFMylation_Ribosome_stalling_RNA_Splicing/Part4_Splicing_Analysis/data/motifs/CisBP_Human_All.meme	M00715_2.00	DAZ2	ACGUUU	1.25e-1	1.00e0	5.44e2	215	249	249	5000	1.96	6	2.41	66	1.32
251	/Users/ranjithpapareddy/Desktop/Desktop-Ranjith-iMac/forGIT/UFMylation_Ribosome_stalling_RNA_Splicing/Part4_Splicing_Analysis/data/motifs/CisBP_Human_All.meme	M00775_2.00	ENSG00000274081	UUUYU	6.51e-3	1.00e0	5.44e2	4196	249	249	5000	28	2	0.80	1	0.02
252	/Users/ranjithpapareddy/Desktop/Desktop-Ranjith-iMac/forGIT/UFMylation_Ribosome_stalling_RNA_Splicing/Part4_Splicing_Analysis/data/motifs/CisBP_Human_All.meme	M13006_2.00	SRSF3	AACAACG	2.60e-2	1.00e0	5.44e2	1075	249	249	5000	10.6	3	1.20	11	0.22
253	/Users/ranjithpapareddy/Desktop/Desktop-Ranjith-iMac/forGIT/UFMylation_Ribosome_stalling_RNA_Splicing/Part4_Splicing_Analysis/data/motifs/CisBP_Human_All.meme	M00104_2.00	YBX2	AACAWCD	1.34e-2	1.00e0	5.44e2	2203	249	249	5000	7.97	6	2.41	36	0.72
254	/Users/ranjithpapareddy/Desktop/Desktop-Ranjith-iMac/forGIT/UFMylation_Ribosome_stalling_RNA_Splicing/Part4_Splicing_Analysis/data/motifs/CisBP_Human_All.meme	M00640_2.00	RBM6	NNNSGYRYGCUCGUGCYACBNNN	4.38e-1	1.00e0	5.44e2	56	249	249	5000	1.19	3	1.20	48	0.96
255	/Users/ranjithpapareddy/Desktop/Desktop-Ranjith-iMac/forGIT/UFMylation_Ribosome_stalling_RNA_Splicing/Part4_Splicing_Analysis/data/motifs/CisBP_Human_All.meme	M13101_2.00	MEX3A	AGAGWWW	1.01e-2	1.00e0	5.44e2	3342	249	249	5000	8.27	8	3.21	56	1.12
256	/Users/ranjithpapareddy/Desktop/Desktop-Ranjith-iMac/forGIT/UFMylation_Ribosome_stalling_RNA_Splicing/Part4_Splicing_Analysis/data/motifs/CisBP_Human_All.meme	M00633_2.00	RBM46	CGGAACUAAG	4.74e-2	1.00e0	5.44e2	712	249	249	5000	99.8	1	0.40	0	0.00
257	/Users/ranjithpapareddy/Desktop/Desktop-Ranjith-iMac/forGIT/UFMylation_Ribosome_stalling_RNA_Splicing/Part4_Splicing_Analysis/data/motifs/CisBP_Human_All.meme	M00437_2.00	M00437_2.00	WUUUUUG	9.25e-3	1.00e0	5.44e2	3828	249	249	5000	17.8	5	2.01	23	0.46
258	/Users/ranjithpapareddy/Desktop/Desktop-Ranjith-iMac/forGIT/UFMylation_Ribosome_stalling_RNA_Splicing/Part4_Splicing_Analysis/data/motifs/CisBP_Human_All.meme	M00681_2.00	YBX1	NBGCCAYRHCAUCGYSN	2.09e-1	1.00e0	5.44e2	166	249	249	5000	7.41	2	0.80	16	0.32
259	/Users/ranjithpapareddy/Desktop/Desktop-Ranjith-iMac/forGIT/UFMylation_Ribosome_stalling_RNA_Splicing/Part4_Splicing_Analysis/data/motifs/CisBP_Human_All.meme	M00106_2.00	ZC3H14	UUUGUUU	8.93e-3	1.00e0	5.44e2	3877	249	249	5000	38.8	4	1.61	14	0.28
260	/Users/ranjithpapareddy/Desktop/Desktop-Ranjith-iMac/forGIT/UFMylation_Ribosome_stalling_RNA_Splicing/Part4_Splicing_Analysis/data/motifs/CisBP_Human_All.meme	M00716_2.00	DAZAP1	NAUAUAR	2.81e-1	1.00e0	5.44e2	2982	249	249	5000	10.2	2	0.80	20	0.40
261	/Users/ranjithpapareddy/Desktop/Desktop-Ranjith-iMac/forGIT/UFMylation_Ribosome_stalling_RNA_Splicing/Part4_Splicing_Analysis/data/motifs/CisBP_Human_All.meme	M00571_2.00	DAZ1	SGKCGWAAUGUUAGUAGGBCS	1.00e0	1.00e0	5.44e2	55	249	249	5000	1.39	0	0.00	44	0.88
262	/Users/ranjithpapareddy/Desktop/Desktop-Ranjith-iMac/forGIT/UFMylation_Ribosome_stalling_RNA_Splicing/Part4_Splicing_Analysis/data/motifs/CisBP_Human_All.meme	M00024_2.00	ANKHD1-EIF4EBP3	AGACGUW	4.03e-1	1.00e0	5.44e2	203	249	249	5000	4.04	2	0.80	27	0.54
263	/Users/ranjithpapareddy/Desktop/Desktop-Ranjith-iMac/forGIT/UFMylation_Ribosome_stalling_RNA_Splicing/Part4_Splicing_Analysis/data/motifs/CisBP_Human_All.meme	M00165_2.00	RBMS1	UAUAUAS	8.52e-1	1.00e0	5.44e2	2058	249	249	5000	5.57	2	0.80	68	1.36
264	/Users/ranjithpapareddy/Desktop/Desktop-Ranjith-iMac/forGIT/UFMylation_Ribosome_stalling_RNA_Splicing/Part4_Splicing_Analysis/data/motifs/CisBP_Human_All.meme	M00164_2.00	RBM42	AACUAMG	1.96e-1	1.00e0	5.44e2	1500	249	249	5000	4.68	8	3.21	110	2.20
265	/Users/ranjithpapareddy/Desktop/Desktop-Ranjith-iMac/forGIT/UFMylation_Ribosome_stalling_RNA_Splicing/Part4_Splicing_Analysis/data/motifs/CisBP_Human_All.meme	M00431_2.00	M00431_2.00	UAGAUAG	4.26e-1	1.00e0	5.44e2	2746	249	249	5000	5.56	3	1.20	47	0.94
266	/Users/ranjithpapareddy/Desktop/Desktop-Ranjith-iMac/forGIT/UFMylation_Ribosome_stalling_RNA_Splicing/Part4_Splicing_Analysis/data/motifs/CisBP_Human_All.meme	M00430_2.00	AL109811.4	UGAAUGA	2.91e-2	1.00e0	5.44e2	2544	249	249	5000	12.6	5	2.01	32	0.64
267	/Users/ranjithpapareddy/Desktop/Desktop-Ranjith-iMac/forGIT/UFMylation_Ribosome_stalling_RNA_Splicing/Part4_Splicing_Analysis/data/motifs/CisBP_Human_All.meme	M00656_2.00	RBMY1D	BUGAAUYCGUCRN	5.59e-1	1.00e0	5.44e2	216	249	249	5000	4.31	2	0.80	37	0.74
268	/Users/ranjithpapareddy/Desktop/Desktop-Ranjith-iMac/forGIT/UFMylation_Ribosome_stalling_RNA_Splicing/Part4_Splicing_Analysis/data/motifs/CisBP_Human_All.meme	M00298_2.00	SF3B6	UUUUUCC	1.83e-2	1.00e0	5.44e2	3855	249	249	5000	13	8	3.21	63	1.26
269	/Users/ranjithpapareddy/Desktop/Desktop-Ranjith-iMac/forGIT/UFMylation_Ribosome_stalling_RNA_Splicing/Part4_Splicing_Analysis/data/motifs/CisBP_Human_All.meme	M00833_2.00	ZFP36L1	UAAUA	7.24e-1	1.00e0	5.44e2	2843	249	249	5000	9.16	3	1.20	75	1.50
270	/Users/ranjithpapareddy/Desktop/Desktop-Ranjith-iMac/forGIT/UFMylation_Ribosome_stalling_RNA_Splicing/Part4_Splicing_Analysis/data/motifs/CisBP_Human_All.meme	M00832_2.00	ZFP36L1	UAUUU	1.64e-1	1.00e0	5.44e2	3539	249	249	5000	8.96	6	2.41	72	1.44
271	/Users/ranjithpapareddy/Desktop/Desktop-Ranjith-iMac/forGIT/UFMylation_Ribosome_stalling_RNA_Splicing/Part4_Splicing_Analysis/data/motifs/CisBP_Human_All.meme	M00620_2.00	QKI	WUACUAACAWW	3.85e-1	1.00e0	5.44e2	1743	249	249	5000	54.8	1	0.40	9	0.18
272	/Users/ranjithpapareddy/Desktop/Desktop-Ranjith-iMac/forGIT/UFMylation_Ribosome_stalling_RNA_Splicing/Part4_Splicing_Analysis/data/motifs/CisBP_Human_All.meme	M00621_2.00	QKI	ACUAACAWUACUAACA	8.35e-1	1.00e0	5.44e2	2653	249	249	5000	326	1	0.40	36	0.72
273	/Users/ranjithpapareddy/Desktop/Desktop-Ranjith-iMac/forGIT/UFMylation_Ribosome_stalling_RNA_Splicing/Part4_Splicing_Analysis/data/motifs/CisBP_Human_All.meme	M00728_2.00	FUBP3	UUUWU	6.76e-2	1.00e0	5.44e2	3850	249	249	5000	11.2	6	2.41	55	1.10
274	/Users/ranjithpapareddy/Desktop/Desktop-Ranjith-iMac/forGIT/UFMylation_Ribosome_stalling_RNA_Splicing/Part4_Splicing_Analysis/data/motifs/CisBP_Human_All.meme	M00729_2.00	FUBP3	UUAAU	4.16e-1	1.00e0	5.44e2	3001	249	249	5000	8.88	4	1.61	65	1.30
275	/Users/ranjithpapareddy/Desktop/Desktop-Ranjith-iMac/forGIT/UFMylation_Ribosome_stalling_RNA_Splicing/Part4_Splicing_Analysis/data/motifs/CisBP_Human_All.meme	M00669_2.00	SART3	DGUUAGCRK	2.48e-1	1.00e0	5.44e2	717	249	249	5000	3.78	8	3.21	118	2.36
276	/Users/ranjithpapareddy/Desktop/Desktop-Ranjith-iMac/forGIT/UFMylation_Ribosome_stalling_RNA_Splicing/Part4_Splicing_Analysis/data/motifs/CisBP_Human_All.meme	M00595_2.00	ENSG00000282559	GRBRBGGGUCUDAUUUUUAAGYVVV	1.00e0	1.00e0	5.44e2	27	249	249	5000	1.23	0	0.00	24	0.48
277	/Users/ranjithpapareddy/Desktop/Desktop-Ranjith-iMac/forGIT/UFMylation_Ribosome_stalling_RNA_Splicing/Part4_Splicing_Analysis/data/motifs/CisBP_Human_All.meme	M13109_2.00	AC008982.1	ACACACA	9.04e-1	1.00e0	5.44e2	2457	249	249	5000	22.9	3	1.20	108	2.16
278	/Users/ranjithpapareddy/Desktop/Desktop-Ranjith-iMac/forGIT/UFMylation_Ribosome_stalling_RNA_Splicing/Part4_Splicing_Analysis/data/motifs/CisBP_Human_All.meme	M00594_2.00	ENSG00000282559	RUUUUUKKGG	1.19e-1	1.00e0	5.44e2	3560	249	249	5000	15.2	4	1.61	36	0.72
279	/Users/ranjithpapareddy/Desktop/Desktop-Ranjith-iMac/forGIT/UFMylation_Ribosome_stalling_RNA_Splicing/Part4_Splicing_Analysis/data/motifs/CisBP_Human_All.meme	M00761_2.00	NOVA1	AUCAC	5.49e-2	1.00e0	5.44e2	2294	249	249	5000	4.07	10	4.02	109	2.18
280	/Users/ranjithpapareddy/Desktop/Desktop-Ranjith-iMac/forGIT/UFMylation_Ribosome_stalling_RNA_Splicing/Part4_Splicing_Analysis/data/motifs/CisBP_Human_All.meme	M00760_2.00	NOVA1	NUCAUAH	1.68e-1	1.00e0	5.44e2	3251	249	249	5000	3.6	3	1.20	27	0.54
281	/Users/ranjithpapareddy/Desktop/Desktop-Ranjith-iMac/forGIT/UFMylation_Ribosome_stalling_RNA_Splicing/Part4_Splicing_Analysis/data/motifs/CisBP_Human_All.meme	M00053_2.00	ELAVL1	UUWUUUU	3.14e-2	1.00e0	5.44e2	3737	249	249	5000	63.5	3	1.20	12	0.24
282	/Users/ranjithpapareddy/Desktop/Desktop-Ranjith-iMac/forGIT/UFMylation_Ribosome_stalling_RNA_Splicing/Part4_Splicing_Analysis/data/motifs/CisBP_Human_All.meme	M00754_2.00	KHSRP	UUWUU	1.08e-2	1.00e0	5.44e2	3872	249	249	5000	22.8	5	2.01	24	0.48
283	/Users/ranjithpapareddy/Desktop/Desktop-Ranjith-iMac/forGIT/UFMylation_Ribosome_stalling_RNA_Splicing/Part4_Splicing_Analysis/data/motifs/CisBP_Human_All.meme	M13034_2.00	SYNCRIP	CAAAAWAG	7.61e-1	1.00e0	5.44e2	3746	249	249	5000	22.5	2	0.80	55	1.10
284	/Users/ranjithpapareddy/Desktop/Desktop-Ranjith-iMac/forGIT/UFMylation_Ribosome_stalling_RNA_Splicing/Part4_Splicing_Analysis/data/motifs/CisBP_Human_All.meme	M00067_2.00	M00067_2.00	UGUACAK	9.26e-2	1.00e0	5.44e2	2432	249	249	5000	43.9	1	0.40	1	0.02
285	/Users/ranjithpapareddy/Desktop/Desktop-Ranjith-iMac/forGIT/UFMylation_Ribosome_stalling_RNA_Splicing/Part4_Splicing_Analysis/data/motifs/CisBP_Human_All.meme	M00686_2.00	ZC3H12A	YUUGCCAWAGUGU	2.91e-2	1.00e0	5.44e2	1747	249	249	5000	11.4	5	2.01	32	0.64
286	/Users/ranjithpapareddy/Desktop/Desktop-Ranjith-iMac/forGIT/UFMylation_Ribosome_stalling_RNA_Splicing/Part4_Splicing_Analysis/data/motifs/CisBP_Human_All.meme	M00614_2.00	PABPC5	UUAKAAAGUURCU	9.87e-1	1.00e0	5.44e2	2330	249	249	5000	29.1	1	0.40	87	1.74
287	/Users/ranjithpapareddy/Desktop/Desktop-Ranjith-iMac/forGIT/UFMylation_Ribosome_stalling_RNA_Splicing/Part4_Splicing_Analysis/data/motifs/CisBP_Human_All.meme	M00615_2.00	PABPC5	UUAKAAAUUACUACAY	1.00e0	1.00e0	5.44e2	431	249	249	5000	1.03	0	0.00	430	8.60
288	/Users/ranjithpapareddy/Desktop/Desktop-Ranjith-iMac/forGIT/UFMylation_Ribosome_stalling_RNA_Splicing/Part4_Splicing_Analysis/data/motifs/CisBP_Human_All.meme	M00473_2.00	PABPC4L	AAAAA	1.00e0	1.00e0	5.44e2	3643	249	249	5000	25.8	3	1.20	364	7.28
289	/Users/ranjithpapareddy/Desktop/Desktop-Ranjith-iMac/forGIT/UFMylation_Ribosome_stalling_RNA_Splicing/Part4_Splicing_Analysis/data/motifs/CisBP_Human_All.meme	M00806_2.00	SF1	UUAAYM	5.20e-1	1.00e0	5.44e2	2938	249	249	5000	3.64	8	3.21	156	3.12
290	/Users/ranjithpapareddy/Desktop/Desktop-Ranjith-iMac/forGIT/UFMylation_Ribosome_stalling_RNA_Splicing/Part4_Splicing_Analysis/data/motifs/CisBP_Human_All.meme	M13103_2.00	AP002990.1	CGAUACUDN	8.94e-1	1.00e0	5.44e2	1749	249	249	5000	2.61	4	1.61	132	2.64
291	/Users/ranjithpapareddy/Desktop/Desktop-Ranjith-iMac/forGIT/UFMylation_Ribosome_stalling_RNA_Splicing/Part4_Splicing_Analysis/data/motifs/CisBP_Human_All.meme	M13102_2.00	ANKHD1-EIF4EBP3	AGACGUW	4.03e-1	1.00e0	5.44e2	207	249	249	5000	3.89	2	0.80	27	0.54
292	/Users/ranjithpapareddy/Desktop/Desktop-Ranjith-iMac/forGIT/UFMylation_Ribosome_stalling_RNA_Splicing/Part4_Splicing_Analysis/data/motifs/CisBP_Human_All.meme	M00662_2.00	RC3H1	NNYRCGUUUUAGKRNN	5.89e-1	1.00e0	5.44e2	570	249	249	5000	3.9	4	1.61	82	1.64
293	/Users/ranjithpapareddy/Desktop/Desktop-Ranjith-iMac/forGIT/UFMylation_Ribosome_stalling_RNA_Splicing/Part4_Splicing_Analysis/data/motifs/CisBP_Human_All.meme	M13043_2.00	SF3B4	NCAAAAGN	1.74e-1	1.00e0	5.44e2	2287	249	249	5000	28.3	2	0.80	14	0.28
294	/Users/ranjithpapareddy/Desktop/Desktop-Ranjith-iMac/forGIT/UFMylation_Ribosome_stalling_RNA_Splicing/Part4_Splicing_Analysis/data/motifs/CisBP_Human_All.meme	M00082_2.00	M00082_2.00	UAAAAGG	1.36e-1	1.00e0	5.44e2	3450	249	249	5000	12.3	4	1.61	38	0.76
295	/Users/ranjithpapareddy/Desktop/Desktop-Ranjith-iMac/forGIT/UFMylation_Ribosome_stalling_RNA_Splicing/Part4_Splicing_Analysis/data/motifs/CisBP_Human_All.meme	M00119_2.00	M00119_2.00	UGUACAK	4.74e-2	1.00e0	5.44e2	2452	249	249	5000	48.4	1	0.40	0	0.00
296	/Users/ranjithpapareddy/Desktop/Desktop-Ranjith-iMac/forGIT/UFMylation_Ribosome_stalling_RNA_Splicing/Part4_Splicing_Analysis/data/motifs/CisBP_Human_All.meme	M00748_2.00	IGF2BP2	CAACACA	1.57e-1	1.00e0	5.44e2	3405	249	249	5000	3.84	13	5.22	188	3.76
297	/Users/ranjithpapareddy/Desktop/Desktop-Ranjith-iMac/forGIT/UFMylation_Ribosome_stalling_RNA_Splicing/Part4_Splicing_Analysis/data/motifs/CisBP_Human_All.meme	M00641_2.00	RBMS1	GUAUUUAUDGGG	4.42e-1	1.00e0	5.44e2	1993	249	249	5000	30.8	1	0.40	11	0.22
298	/Users/ranjithpapareddy/Desktop/Desktop-Ranjith-iMac/forGIT/UFMylation_Ribosome_stalling_RNA_Splicing/Part4_Splicing_Analysis/data/motifs/CisBP_Human_All.meme	M00567_2.00	YBX3	UAACAUCR	2.74e-1	1.00e0	5.44e2	1487	249	249	5000	8.46	4	1.61	52	1.04
299	/Users/ranjithpapareddy/Desktop/Desktop-Ranjith-iMac/forGIT/UFMylation_Ribosome_stalling_RNA_Splicing/Part4_Splicing_Analysis/data/motifs/CisBP_Human_All.meme	M00566_2.00	CELF4	UGUGUWGUGU	3.22e-1	1.00e0	5.44e2	3518	249	249	5000	22.8	1	0.40	7	0.14
300	/Users/ranjithpapareddy/Desktop/Desktop-Ranjith-iMac/forGIT/UFMylation_Ribosome_stalling_RNA_Splicing/Part4_Splicing_Analysis/data/motifs/CisBP_Human_All.meme	M00255_2.00	M00255_2.00	AGAYASAK	3.96e-2	1.00e0	5.44e2	2912	249	249	5000	9.16	9	3.61	88	1.76
301	/Users/ranjithpapareddy/Desktop/Desktop-Ranjith-iMac/forGIT/UFMylation_Ribosome_stalling_RNA_Splicing/Part4_Splicing_Analysis/data/motifs/CisBP_Human_All.meme	M00254_2.00	ELAVL1	UUUUUUU	9.87e-3	1.00e0	5.44e2	3798	249	249	5000	129	3	1.20	7	0.14
302	/Users/ranjithpapareddy/Desktop/Desktop-Ranjith-iMac/forGIT/UFMylation_Ribosome_stalling_RNA_Splicing/Part4_Splicing_Analysis/data/motifs/CisBP_Human_All.meme	M00609_2.00	MKRN1	NNNNSYGUAAAKUGUAGBBNNN	1.00e0	1.00e0	5.44e2	70	249	249	5000	1.92	0	0.00	44	0.88
303	/Users/ranjithpapareddy/Desktop/Desktop-Ranjith-iMac/forGIT/UFMylation_Ribosome_stalling_RNA_Splicing/Part4_Splicing_Analysis/data/motifs/CisBP_Human_All.meme	M00608_2.00	MEX3A	UDURUUUAUU	5.63e-1	1.00e0	5.44e2	3501	249	249	5000	95.5	1	0.40	16	0.32
304	/Users/ranjithpapareddy/Desktop/Desktop-Ranjith-iMac/forGIT/UFMylation_Ribosome_stalling_RNA_Splicing/Part4_Splicing_Analysis/data/motifs/CisBP_Human_All.meme	M00777_2.00	PUM1	UGUAW	3.39e-1	1.00e0	5.44e2	3087	249	249	5000	4.4	4	1.61	58	1.16
305	/Users/ranjithpapareddy/Desktop/Desktop-Ranjith-iMac/forGIT/UFMylation_Ribosome_stalling_RNA_Splicing/Part4_Splicing_Analysis/data/motifs/CisBP_Human_All.meme	M00044_2.00	HNRNPA1	DUAGGGA	3.67e-2	1.00e0	5.44e2	1362	249	249	5000	8.61	4	1.61	23	0.46
306	/Users/ranjithpapareddy/Desktop/Desktop-Ranjith-iMac/forGIT/UFMylation_Ribosome_stalling_RNA_Splicing/Part4_Splicing_Analysis/data/motifs/CisBP_Human_All.meme	M00045_2.00	HNRNPA1L2	KUAGGGW	5.26e-2	1.00e0	5.44e2	1328	249	249	5000	2.33	21	8.43	284	5.68
307	/Users/ranjithpapareddy/Desktop/Desktop-Ranjith-iMac/forGIT/UFMylation_Ribosome_stalling_RNA_Splicing/Part4_Splicing_Analysis/data/motifs/CisBP_Human_All.meme	M00582_2.00	ELAVL4	KUUURKUUKD	1.39e-1	1.00e0	5.44e2	3756	249	249	5000	17.4	8	3.21	100	2.00
308	/Users/ranjithpapareddy/Desktop/Desktop-Ranjith-iMac/forGIT/UFMylation_Ribosome_stalling_RNA_Splicing/Part4_Splicing_Analysis/data/motifs/CisBP_Human_All.meme	M00558_2.00	PUM2	UGUAAAUA	3.86e-1	1.00e0	5.44e2	2042	249	249	5000	63.6	2	0.80	26	0.52
309	/Users/ranjithpapareddy/Desktop/Desktop-Ranjith-iMac/forGIT/UFMylation_Ribosome_stalling_RNA_Splicing/Part4_Splicing_Analysis/data/motifs/CisBP_Human_All.meme	M00636_2.00	RBM4	KUGAUUD	4.74e-2	1.00e0	5.44e2	3010	249	249	5000	9.35	1	0.40	0	0.00
310	/Users/ranjithpapareddy/Desktop/Desktop-Ranjith-iMac/forGIT/UFMylation_Ribosome_stalling_RNA_Splicing/Part4_Splicing_Analysis/data/motifs/CisBP_Human_All.meme	M12992_2.00	PABPC1L	GAAAAAAR	1.00e0	1.00e0	5.44e2	3756	249	249	5000	43.9	1	0.40	241	4.82
311	/Users/ranjithpapareddy/Desktop/Desktop-Ranjith-iMac/forGIT/UFMylation_Ribosome_stalling_RNA_Splicing/Part4_Splicing_Analysis/data/motifs/CisBP_Human_All.meme	M00356_2.00	M00356_2.00	AUUAGGA	1.87e-1	1.00e0	5.44e2	1811	249	249	5000	3.09	13	5.22	195	3.90
312	/Users/ranjithpapareddy/Desktop/Desktop-Ranjith-iMac/forGIT/UFMylation_Ribosome_stalling_RNA_Splicing/Part4_Splicing_Analysis/data/motifs/CisBP_Human_All.meme	M00602_2.00	LARP6	GUGUCUGYUKKBBYGAAGUCH	8.43e-1	1.00e0	5.44e2	406	249	249	5000	17.2	1	0.40	37	0.74
313	/Users/ranjithpapareddy/Desktop/Desktop-Ranjith-iMac/forGIT/UFMylation_Ribosome_stalling_RNA_Splicing/Part4_Splicing_Analysis/data/motifs/CisBP_Human_All.meme	M00179_2.00	AC009690.3	UGUGUGU	2.51e-1	1.00e0	5.44e2	3460	249	249	5000	11.6	7	2.81	101	2.02
314	/Users/ranjithpapareddy/Desktop/Desktop-Ranjith-iMac/forGIT/UFMylation_Ribosome_stalling_RNA_Splicing/Part4_Splicing_Analysis/data/motifs/CisBP_Human_All.meme	M00070_2.00	RBM3	GAUACGA	5.30e-1	1.00e0	5.44e2	2219	249	249	5000	2.67	2	0.80	35	0.70
315	/Users/ranjithpapareddy/Desktop/Desktop-Ranjith-iMac/forGIT/UFMylation_Ribosome_stalling_RNA_Splicing/Part4_Splicing_Analysis/data/motifs/CisBP_Human_All.meme	M00217_2.00	SF3B4	NCAAAAG	1.40e-1	1.00e0	5.44e2	2428	249	249	5000	30.7	2	0.80	12	0.24
316	/Users/ranjithpapareddy/Desktop/Desktop-Ranjith-iMac/forGIT/UFMylation_Ribosome_stalling_RNA_Splicing/Part4_Splicing_Analysis/data/motifs/CisBP_Human_All.meme	M13023_2.00	HNRNPR	CAAAAWRS	9.80e-1	1.00e0	5.44e2	3814	249	249	5000	12.8	3	1.20	151	3.02
317	/Users/ranjithpapareddy/Desktop/Desktop-Ranjith-iMac/forGIT/UFMylation_Ribosome_stalling_RNA_Splicing/Part4_Splicing_Analysis/data/motifs/CisBP_Human_All.meme	M00095_2.00	AP002990.1	CGAUACU	5.18e-1	1.00e0	5.44e2	1854	249	249	5000	4.58	1	0.40	14	0.28
318	/Users/ranjithpapareddy/Desktop/Desktop-Ranjith-iMac/forGIT/UFMylation_Ribosome_stalling_RNA_Splicing/Part4_Splicing_Analysis/data/motifs/CisBP_Human_All.meme	M00094_2.00	SRSF9	AGGAGCA	1.28e-2	1.00e0	5.44e2	4074	249	249	5000	5.93	9	3.61	71	1.42
319	/Users/ranjithpapareddy/Desktop/Desktop-Ranjith-iMac/forGIT/UFMylation_Ribosome_stalling_RNA_Splicing/Part4_Splicing_Analysis/data/motifs/CisBP_Human_All.meme	M00588_2.00	HNRNPA0	KUAGGUKUAGGU	4.53e-1	1.00e0	5.44e2	829	249	249	5000	26.1	2	0.80	30	0.60
320	/Users/ranjithpapareddy/Desktop/Desktop-Ranjith-iMac/forGIT/UFMylation_Ribosome_stalling_RNA_Splicing/Part4_Splicing_Analysis/data/motifs/CisBP_Human_All.meme	M00589_2.00	HNRNPA1L2	KUAGGUUAGGGW	3.08e-1	1.00e0	5.44e2	650	249	249	5000	14.6	3	1.20	38	0.76
321	/Users/ranjithpapareddy/Desktop/Desktop-Ranjith-iMac/forGIT/UFMylation_Ribosome_stalling_RNA_Splicing/Part4_Splicing_Analysis/data/motifs/CisBP_Human_All.meme	M00146_2.00	M00146_2.00	UUUGGUU	1.26e-2	1.00e0	5.44e2	3628	249	249	5000	30.6	2	0.80	2	0.04
322	/Users/ranjithpapareddy/Desktop/Desktop-Ranjith-iMac/forGIT/UFMylation_Ribosome_stalling_RNA_Splicing/Part4_Splicing_Analysis/data/motifs/CisBP_Human_All.meme	M00674_2.00	SNRPB2	GGGUGUGCAC	4.94e-1	1.00e0	5.44e2	328	249	249	5000	46.2	1	0.40	13	0.26
323	/Users/ranjithpapareddy/Desktop/Desktop-Ranjith-iMac/forGIT/UFMylation_Ribosome_stalling_RNA_Splicing/Part4_Splicing_Analysis/data/motifs/CisBP_Human_All.meme	M00675_2.00	SNRPB2	KSCAUUGCACN	2.89e-1	1.00e0	5.44e2	1263	249	249	5000	175	1	0.40	6	0.12
324	/Users/ranjithpapareddy/Desktop/Desktop-Ranjith-iMac/forGIT/UFMylation_Ribosome_stalling_RNA_Splicing/Part4_Splicing_Analysis/data/motifs/CisBP_Human_All.meme	M00174_2.00	FXR1	AAYGACRA	1.36e-1	1.00e0	5.44e2	1549	249	249	5000	25.9	1	0.40	2	0.04
325	/Users/ranjithpapareddy/Desktop/Desktop-Ranjith-iMac/forGIT/UFMylation_Ribosome_stalling_RNA_Splicing/Part4_Splicing_Analysis/data/motifs/CisBP_Human_All.meme	M00312_2.00	M00312_2.00	UUGCACR	4.02e-2	1.00e0	5.44e2	1513	249	249	5000	13.5	2	0.80	5	0.10
326	/Users/ranjithpapareddy/Desktop/Desktop-Ranjith-iMac/forGIT/UFMylation_Ribosome_stalling_RNA_Splicing/Part4_Splicing_Analysis/data/motifs/CisBP_Human_All.meme	M00646_2.00	RBMS2	NNNNSUGCAUAAKGBBBNN	5.72e-1	1.00e0	5.44e2	605	249	249	5000	4.38	6	2.41	122	2.44
327	/Users/ranjithpapareddy/Desktop/Desktop-Ranjith-iMac/forGIT/UFMylation_Ribosome_stalling_RNA_Splicing/Part4_Splicing_Analysis/data/motifs/CisBP_Human_All.meme	M00529_2.00	SRSF7	AGACKACGAU	5.84e-1	1.00e0	5.44e2	143	249	249	5000	4.72	1	0.40	17	0.34
328	/Users/ranjithpapareddy/Desktop/Desktop-Ranjith-iMac/forGIT/UFMylation_Ribosome_stalling_RNA_Splicing/Part4_Splicing_Analysis/data/motifs/CisBP_Human_All.meme	M00528_2.00	ELAVL2	WUUYAUUUU	4.35e-1	1.00e0	5.44e2	3060	249	249	5000	90.2	5	2.01	86	1.72
329	/Users/ranjithpapareddy/Desktop/Desktop-Ranjith-iMac/forGIT/UFMylation_Ribosome_stalling_RNA_Splicing/Part4_Splicing_Analysis/data/motifs/CisBP_Human_All.meme	M00706_2.00	A1CF	UAAUUA	3.90e-1	1.00e0	5.44e2	3529	249	249	5000	5.76	7	2.81	119	2.38
330	/Users/ranjithpapareddy/Desktop/Desktop-Ranjith-iMac/forGIT/UFMylation_Ribosome_stalling_RNA_Splicing/Part4_Splicing_Analysis/data/motifs/CisBP_Human_All.meme	M00561_2.00	BOLL	KUGUUGUGUUKK	7.47e-2	1.00e0	5.44e2	3501	249	249	5000	68.9	3	1.20	18	0.36
331	/Users/ranjithpapareddy/Desktop/Desktop-Ranjith-iMac/forGIT/UFMylation_Ribosome_stalling_RNA_Splicing/Part4_Splicing_Analysis/data/motifs/CisBP_Human_All.meme	M00707_2.00	BOLL	UUUDUUU	1.26e-2	1.00e0	5.44e2	4025	249	249	5000	23.8	2	0.80	2	0.04
332	/Users/ranjithpapareddy/Desktop/Desktop-Ranjith-iMac/forGIT/UFMylation_Ribosome_stalling_RNA_Splicing/Part4_Splicing_Analysis/data/motifs/CisBP_Human_All.meme	M00034_2.00	CPEB2	CWUUUUU	4.02e-2	1.00e0	5.44e2	3838	249	249	5000	57.2	2	0.80	5	0.10
333	/Users/ranjithpapareddy/Desktop/Desktop-Ranjith-iMac/forGIT/UFMylation_Ribosome_stalling_RNA_Splicing/Part4_Splicing_Analysis/data/motifs/CisBP_Human_All.meme	M00035_2.00	DAZAP1	UAGGUAR	1.84e-1	1.00e0	5.44e2	2603	249	249	5000	3.47	8	3.21	108	2.16
334	/Users/ranjithpapareddy/Desktop/Desktop-Ranjith-iMac/forGIT/UFMylation_Ribosome_stalling_RNA_Splicing/Part4_Splicing_Analysis/data/motifs/CisBP_Human_All.meme	M00678_2.00	THUMPD1	UUCGUGGCUUG	9.71e-1	1.00e0	5.44e2	149	249	249	5000	2.04	1	0.40	71	1.42
335	/Users/ranjithpapareddy/Desktop/Desktop-Ranjith-iMac/forGIT/UFMylation_Ribosome_stalling_RNA_Splicing/Part4_Splicing_Analysis/data/motifs/CisBP_Human_All.meme	M13118_2.00	AL109811.4	UGAAUGAR	3.56e-2	1.00e0	5.44e2	2733	249	249	5000	14.9	5	2.01	34	0.68
336	/Users/ranjithpapareddy/Desktop/Desktop-Ranjith-iMac/forGIT/UFMylation_Ribosome_stalling_RNA_Splicing/Part4_Splicing_Analysis/data/motifs/CisBP_Human_All.meme	M00517_2.00	SNRPA	AUUGCAC	1.82e-1	1.00e0	5.44e2	1123	249	249	5000	17.5	4	1.61	43	0.86
337	/Users/ranjithpapareddy/Desktop/Desktop-Ranjith-iMac/forGIT/UFMylation_Ribosome_stalling_RNA_Splicing/Part4_Splicing_Analysis/data/motifs/CisBP_Human_All.meme	M00771_2.00	ENSG00000238104	HAUAAR	6.94e-1	1.00e0	5.44e2	3321	249	249	5000	5.44	2	0.80	48	0.96
338	/Users/ranjithpapareddy/Desktop/Desktop-Ranjith-iMac/forGIT/UFMylation_Ribosome_stalling_RNA_Splicing/Part4_Splicing_Analysis/data/motifs/CisBP_Human_All.meme	M00516_2.00	SNRPA	AUUGCAC	2.32e-1	1.00e0	5.44e2	1431	249	249	5000	11.8	4	1.61	48	0.96
339	/Users/ranjithpapareddy/Desktop/Desktop-Ranjith-iMac/forGIT/UFMylation_Ribosome_stalling_RNA_Splicing/Part4_Splicing_Analysis/data/motifs/CisBP_Human_All.meme	M00103_2.00	YBX1	AACAUCA	1.08e-1	1.00e0	5.44e2	1937	249	249	5000	22.7	2	0.80	10	0.20
340	/Users/ranjithpapareddy/Desktop/Desktop-Ranjith-iMac/forGIT/UFMylation_Ribosome_stalling_RNA_Splicing/Part4_Splicing_Analysis/data/motifs/CisBP_Human_All.meme	M00099_2.00	U2AF2	UUUUUUC	1.31e-2	1.00e0	5.44e2	3793	249	249	5000	73.1	3	1.20	8	0.16
341	/Users/ranjithpapareddy/Desktop/Desktop-Ranjith-iMac/forGIT/UFMylation_Ribosome_stalling_RNA_Splicing/Part4_Splicing_Analysis/data/motifs/CisBP_Human_All.meme	M00631_2.00	RBM38	UGGUGUGUGUGKKD	7.04e-1	1.00e0	5.44e2	2004	249	249	5000	519	1	0.40	24	0.48
342	/Users/ranjithpapareddy/Desktop/Desktop-Ranjith-iMac/forGIT/UFMylation_Ribosome_stalling_RNA_Splicing/Part4_Splicing_Analysis/data/motifs/CisBP_Human_All.meme	M13058_2.00	SRSF12	AGAGAAA	2.63e-1	1.00e0	5.44e2	3447	249	249	5000	27.6	2	0.80	19	0.38
343	/Users/ranjithpapareddy/Desktop/Desktop-Ranjith-iMac/forGIT/UFMylation_Ribosome_stalling_RNA_Splicing/Part4_Splicing_Analysis/data/motifs/CisBP_Human_All.meme	M00191_2.00	HNRNPLL	ACACACA	8.17e-1	1.00e0	5.44e2	2663	249	249	5000	12.1	6	2.41	162	3.24
344	/Users/ranjithpapareddy/Desktop/Desktop-Ranjith-iMac/forGIT/UFMylation_Ribosome_stalling_RNA_Splicing/Part4_Splicing_Analysis/data/motifs/CisBP_Human_All.meme	M00738_2.00	HNRNPDL	UAAUU	1.08e-1	1.00e0	5.44e2	3586	249	249	5000	13.7	2	0.80	10	0.20
345	/Users/ranjithpapareddy/Desktop/Desktop-Ranjith-iMac/forGIT/UFMylation_Ribosome_stalling_RNA_Splicing/Part4_Splicing_Analysis/data/motifs/CisBP_Human_All.meme	M00739_2.00	HNRNPDL	UAUAU	6.22e-1	1.00e0	5.44e2	2658	249	249	5000	15.9	1	0.40	19	0.38
346	/Users/ranjithpapareddy/Desktop/Desktop-Ranjith-iMac/forGIT/UFMylation_Ribosome_stalling_RNA_Splicing/Part4_Splicing_Analysis/data/motifs/CisBP_Human_All.meme	M00696_2.00	ZCRB1	GUMUUAAKG	1.23e-1	1.00e0	5.44e2	1759	249	249	5000	12.9	3	1.20	23	0.46
347	/Users/ranjithpapareddy/Desktop/Desktop-Ranjith-iMac/forGIT/UFMylation_Ribosome_stalling_RNA_Splicing/Part4_Splicing_Analysis/data/motifs/CisBP_Human_All.meme	M00697_2.00	ZCRB1	GUGGACUUAA	7.90e-1	1.00e0	5.44e2	377	249	249	5000	18.5	1	0.40	31	0.62
348	/Users/ranjithpapareddy/Desktop/Desktop-Ranjith-iMac/forGIT/UFMylation_Ribosome_stalling_RNA_Splicing/Part4_Splicing_Analysis/data/motifs/CisBP_Human_All.meme	M00258_2.00	SYNCRIP	CAAAAAG	9.99e-1	1.00e0	5.44e2	3842	249	249	5000	14.3	1	0.40	143	2.86
349	/Users/ranjithpapareddy/Desktop/Desktop-Ranjith-iMac/forGIT/UFMylation_Ribosome_stalling_RNA_Splicing/Part4_Splicing_Analysis/data/motifs/CisBP_Human_All.meme	M00259_2.00	M00259_2.00	SAACUACD	6.62e-2	1.00e0	5.44e2	1187	249	249	5000	7.26	3	1.20	17	0.34
350	/Users/ranjithpapareddy/Desktop/Desktop-Ranjith-iMac/forGIT/UFMylation_Ribosome_stalling_RNA_Splicing/Part4_Splicing_Analysis/data/motifs/CisBP_Human_All.meme	M00605_2.00	MEX3A	UAKAGUUUAU	4.14e-1	1.00e0	5.44e2	3045	249	249	5000	40.9	1	0.40	10	0.20
351	/Users/ranjithpapareddy/Desktop/Desktop-Ranjith-iMac/forGIT/UFMylation_Ribosome_stalling_RNA_Splicing/Part4_Splicing_Analysis/data/motifs/CisBP_Human_All.meme	M00523_2.00	NOVA2	DSVUNMVCUUCACMCC	2.53e-1	1.00e0	5.44e2	208	249	249	5000	315	1	0.40	5	0.10
352	/Users/ranjithpapareddy/Desktop/Desktop-Ranjith-iMac/forGIT/UFMylation_Ribosome_stalling_RNA_Splicing/Part4_Splicing_Analysis/data/motifs/CisBP_Human_All.meme	M00077_2.00	RBMS3	AUAUAUM	1.00e0	1.00e0	5.44e2	2650	249	249	5000	5.35	4	1.61	484	9.68
353	/Users/ranjithpapareddy/Desktop/Desktop-Ranjith-iMac/forGIT/UFMylation_Ribosome_stalling_RNA_Splicing/Part4_Splicing_Analysis/data/motifs/CisBP_Human_All.meme	M00829_2.00	UNK	HUUAGBW	2.25e-2	1.00e0	5.44e2	2644	249	249	5000	2.98	6	2.41	41	0.82
354	/Users/ranjithpapareddy/Desktop/Desktop-Ranjith-iMac/forGIT/UFMylation_Ribosome_stalling_RNA_Splicing/Part4_Splicing_Analysis/data/motifs/CisBP_Human_All.meme	M00828_2.00	TRNAU1AP	AUUUA	6.22e-1	1.00e0	5.44e2	3502	249	249	5000	11.4	1	0.40	19	0.38
355	/Users/ranjithpapareddy/Desktop/Desktop-Ranjith-iMac/forGIT/UFMylation_Ribosome_stalling_RNA_Splicing/Part4_Splicing_Analysis/data/motifs/CisBP_Human_All.meme	M00266_2.00	M00266_2.00	KUAAUUS	9.26e-2	1.00e0	5.44e2	2741	249	249	5000	44.5	1	0.40	1	0.02
356	/Users/ranjithpapareddy/Desktop/Desktop-Ranjith-iMac/forGIT/UFMylation_Ribosome_stalling_RNA_Splicing/Part4_Splicing_Analysis/data/motifs/CisBP_Human_All.meme	M00108_2.00	SRSF10	AGAGARR	2.82e-2	1.00e0	5.44e2	4210	249	249	5000	5.9	26	10.44	346	6.92
357	/Users/ranjithpapareddy/Desktop/Desktop-Ranjith-iMac/forGIT/UFMylation_Ribosome_stalling_RNA_Splicing/Part4_Splicing_Analysis/data/motifs/CisBP_Human_All.meme	M00109_2.00	SRSF10	AGAGARR	1.81e-1	1.00e0	5.44e2	4070	249	249	5000	9.98	15	6.02	229	4.58
358	/Users/ranjithpapareddy/Desktop/Desktop-Ranjith-iMac/forGIT/UFMylation_Ribosome_stalling_RNA_Splicing/Part4_Splicing_Analysis/data/motifs/CisBP_Human_All.meme	M00049_2.00	HNRNPL	ACACACA	8.56e-1	1.00e0	5.44e2	3691	249	249	5000	11.7	4	1.61	122	2.44
359	/Users/ranjithpapareddy/Desktop/Desktop-Ranjith-iMac/forGIT/UFMylation_Ribosome_stalling_RNA_Splicing/Part4_Splicing_Analysis/data/motifs/CisBP_Human_All.meme	M13112_2.00	ENSG00000274081	UUUUUUU	9.87e-3	1.00e0	5.44e2	3853	249	249	5000	144	3	1.20	7	0.14
360	/Users/ranjithpapareddy/Desktop/Desktop-Ranjith-iMac/forGIT/UFMylation_Ribosome_stalling_RNA_Splicing/Part4_Splicing_Analysis/data/motifs/CisBP_Human_All.meme	M00672_2.00	SNRPA	CAUUGCACN	3.61e-1	1.00e0	5.44e2	1369	249	249	5000	7.9	3	1.20	42	0.84
361	/Users/ranjithpapareddy/Desktop/Desktop-Ranjith-iMac/forGIT/UFMylation_Ribosome_stalling_RNA_Splicing/Part4_Splicing_Analysis/data/motifs/CisBP_Human_All.meme	M00414_2.00	RBM34	WUUGACR	4.36e-2	1.00e0	5.44e2	2143	249	249	5000	2.76	11	4.42	119	2.38
362	/Users/ranjithpapareddy/Desktop/Desktop-Ranjith-iMac/forGIT/UFMylation_Ribosome_stalling_RNA_Splicing/Part4_Splicing_Analysis/data/motifs/CisBP_Human_All.meme	M00577_2.00	DAZAP1	UUAGGUUAGK	9.26e-2	1.00e0	5.44e2	2337	249	249	5000	48.9	1	0.40	1	0.02
363	/Users/ranjithpapareddy/Desktop/Desktop-Ranjith-iMac/forGIT/UFMylation_Ribosome_stalling_RNA_Splicing/Part4_Splicing_Analysis/data/motifs/CisBP_Human_All.meme	M00710_2.00	CELF1	AAUGU	1.70e-2	1.00e0	5.44e2	2971	249	249	5000	3.69	29	11.65	379	7.58
364	/Users/ranjithpapareddy/Desktop/Desktop-Ranjith-iMac/forGIT/UFMylation_Ribosome_stalling_RNA_Splicing/Part4_Splicing_Analysis/data/motifs/CisBP_Human_All.meme	M00023_2.00	A1CF	WUAAUUR	5.79e-1	1.00e0	5.44e2	2821	249	249	5000	9.49	4	1.61	81	1.62
365	/Users/ranjithpapareddy/Desktop/Desktop-Ranjith-iMac/forGIT/UFMylation_Ribosome_stalling_RNA_Splicing/Part4_Splicing_Analysis/data/motifs/CisBP_Human_All.meme	M13070_2.00	ENOX2	MRGACAGA	2.26e-2	1.00e0	5.44e2	3411	249	249	5000	3.09	34	13.65	473	9.46
366	/Users/ranjithpapareddy/Desktop/Desktop-Ranjith-iMac/forGIT/UFMylation_Ribosome_stalling_RNA_Splicing/Part4_Splicing_Analysis/data/motifs/CisBP_Human_All.meme	M00619_2.00	PUM2	DUGUAAAUAGKK	1.63e-1	1.00e0	5.44e2	2074	249	249	5000	40.4	4	1.61	41	0.82
367	/Users/ranjithpapareddy/Desktop/Desktop-Ranjith-iMac/forGIT/UFMylation_Ribosome_stalling_RNA_Splicing/Part4_Splicing_Analysis/data/motifs/CisBP_Human_All.meme	M00618_2.00	PUM2	DDURUAYAGD	7.76e-1	1.00e0	5.44e2	2838	249	249	5000	12.1	3	1.20	82	1.64
368	/Users/ranjithpapareddy/Desktop/Desktop-Ranjith-iMac/forGIT/UFMylation_Ribosome_stalling_RNA_Splicing/Part4_Splicing_Analysis/data/motifs/CisBP_Human_All.meme	M00783_2.00	RBM15B	UUUAA	8.65e-2	1.00e0	5.44e2	3523	249	249	5000	13.9	5	2.01	45	0.90
369	/Users/ranjithpapareddy/Desktop/Desktop-Ranjith-iMac/forGIT/UFMylation_Ribosome_stalling_RNA_Splicing/Part4_Splicing_Analysis/data/motifs/CisBP_Human_All.meme	M00782_2.00	RBM15B	UUUUWUUU	1.26e-2	1.00e0	5.44e2	3982	249	249	5000	46	2	0.80	2	0.04
370	/Users/ranjithpapareddy/Desktop/Desktop-Ranjith-iMac/forGIT/UFMylation_Ribosome_stalling_RNA_Splicing/Part4_Splicing_Analysis/data/motifs/CisBP_Human_All.meme	M00834_2.00	ZNF326	MUAUDW	5.59e-1	1.00e0	5.44e2	2984	249	249	5000	5.9	2	0.80	37	0.74
371	/Users/ranjithpapareddy/Desktop/Desktop-Ranjith-iMac/forGIT/UFMylation_Ribosome_stalling_RNA_Splicing/Part4_Splicing_Analysis/data/motifs/CisBP_Human_All.meme	M00758_2.00	MSI1	WWUAGWW	4.74e-2	1.00e0	5.44e2	2941	249	249	5000	7.55	1	0.40	0	0.00
372	/Users/ranjithpapareddy/Desktop/Desktop-Ranjith-iMac/forGIT/UFMylation_Ribosome_stalling_RNA_Splicing/Part4_Splicing_Analysis/data/motifs/CisBP_Human_All.meme	M00759_2.00	MSI1	UAGMA	4.74e-2	1.00e0	5.44e2	3021	249	249	5000	14.3	1	0.40	0	0.00
373	/Users/ranjithpapareddy/Desktop/Desktop-Ranjith-iMac/forGIT/UFMylation_Ribosome_stalling_RNA_Splicing/Part4_Splicing_Analysis/data/motifs/CisBP_Human_All.meme	M00436_2.00	M00436_2.00	AUAAWAG	3.22e-1	1.00e0	5.44e2	3406	249	249	5000	26	1	0.40	7	0.14
374	/Users/ranjithpapareddy/Desktop/Desktop-Ranjith-iMac/forGIT/UFMylation_Ribosome_stalling_RNA_Splicing/Part4_Splicing_Analysis/data/motifs/CisBP_Human_All.meme	M00651_2.00	RBMY1D	NNGCGCAAGAGCV	4.02e-2	1.00e0	5.44e2	1143	249	249	5000	14.2	2	0.80	5	0.10
375	/Users/ranjithpapareddy/Desktop/Desktop-Ranjith-iMac/forGIT/UFMylation_Ribosome_stalling_RNA_Splicing/Part4_Splicing_Analysis/data/motifs/CisBP_Human_All.meme	M00549_2.00	SRSF1	AGGACRGAGC	2.16e-1	1.00e0	5.44e2	1465	249	249	5000	117	1	0.40	4	0.08
376	/Users/ranjithpapareddy/Desktop/Desktop-Ranjith-iMac/forGIT/UFMylation_Ribosome_stalling_RNA_Splicing/Part4_Splicing_Analysis/data/motifs/CisBP_Human_All.meme	M00548_2.00	ZFP36L1	UUAUUUAWU	2.85e-1	1.00e0	5.44e2	2792	249	249	5000	79.9	4	1.61	53	1.06
377	/Users/ranjithpapareddy/Desktop/Desktop-Ranjith-iMac/forGIT/UFMylation_Ribosome_stalling_RNA_Splicing/Part4_Splicing_Analysis/data/motifs/CisBP_Human_All.meme	M00186_2.00	RBMS3	UAUAUAB	1.00e0	1.00e0	5.44e2	2910	249	249	5000	6.05	5	2.01	333	6.66
378	/Users/ranjithpapareddy/Desktop/Desktop-Ranjith-iMac/forGIT/UFMylation_Ribosome_stalling_RNA_Splicing/Part4_Splicing_Analysis/data/motifs/CisBP_Human_All.meme	M00232_2.00	M00232_2.00	UAGAUAG	4.69e-1	1.00e0	5.44e2	2679	249	249	5000	5.69	2	0.80	31	0.62
379	/Users/ranjithpapareddy/Desktop/Desktop-Ranjith-iMac/forGIT/UFMylation_Ribosome_stalling_RNA_Splicing/Part4_Splicing_Analysis/data/motifs/CisBP_Human_All.meme	M00054_2.00	IGF2BP2	AMAWACA	2.89e-1	1.00e0	5.44e2	3958	249	249	5000	24	1	0.40	6	0.12
380	/Users/ranjithpapareddy/Desktop/Desktop-Ranjith-iMac/forGIT/UFMylation_Ribosome_stalling_RNA_Splicing/Part4_Splicing_Analysis/data/motifs/CisBP_Human_All.meme	M00055_2.00	KHDRBS3	GAUAAACV	1.77e-1	1.00e0	5.44e2	3029	249	249	5000	34.2	1	0.40	3	0.06
381	/Users/ranjithpapareddy/Desktop/Desktop-Ranjith-iMac/forGIT/UFMylation_Ribosome_stalling_RNA_Splicing/Part4_Splicing_Analysis/data/motifs/CisBP_Human_All.meme	M00592_2.00	ENSG00000282559	UUUUUGGUGG	4.37e-1	1.00e0	5.44e2	1121	249	249	5000	30	4	1.61	67	1.34
383	/Users/ranjithpapareddy/Desktop/Desktop-Ranjith-iMac/forGIT/UFMylation_Ribosome_stalling_RNA_Splicing/Part4_Splicing_Analysis/data/motifs/CisBP_Human_All.meme	M00168_2.00	PABPC4L	ARAAAAA	1.00e0	1.00e0	5.44e2	3800	249	249	5000	37.4	2	0.80	445	8.90
384	/Users/ranjithpapareddy/Desktop/Desktop-Ranjith-iMac/forGIT/UFMylation_Ribosome_stalling_RNA_Splicing/Part4_Splicing_Analysis/data/motifs/CisBP_Human_All.meme	M00752_2.00	KHDRBS3	WWUAAA	3.72e-1	1.00e0	5.44e2	3654	249	249	5000	8.95	4	1.61	61	1.22
385	/Users/ranjithpapareddy/Desktop/Desktop-Ranjith-iMac/forGIT/UFMylation_Ribosome_stalling_RNA_Splicing/Part4_Splicing_Analysis/data/motifs/CisBP_Human_All.meme	M00753_2.00	KHSRP	UGUWU	2.17e-1	1.00e0	5.44e2	3514	249	249	5000	7.14	3	1.20	31	0.62
386	/Users/ranjithpapareddy/Desktop/Desktop-Ranjith-iMac/forGIT/UFMylation_Ribosome_stalling_RNA_Splicing/Part4_Splicing_Analysis/data/motifs/CisBP_Human_All.meme	M00121_2.00	M00121_2.00	UGUAMAK	1.13e-1	1.00e0	5.44e2	2705	249	249	5000	9.7	3	1.20	22	0.44
387	/Users/ranjithpapareddy/Desktop/Desktop-Ranjith-iMac/forGIT/UFMylation_Ribosome_stalling_RNA_Splicing/Part4_Splicing_Analysis/data/motifs/CisBP_Human_All.meme	M00347_2.00	ENSG00000238104	AUAAGCS	3.28e-1	1.00e0	5.44e2	1653	249	249	5000	5.68	4	1.61	57	1.14
388	/Users/ranjithpapareddy/Desktop/Desktop-Ranjith-iMac/forGIT/UFMylation_Ribosome_stalling_RNA_Splicing/Part4_Splicing_Analysis/data/motifs/CisBP_Human_All.meme	M00120_2.00	M00120_2.00	UGUAYAK	4.74e-2	1.00e0	5.44e2	2311	249	249	5000	43.4	1	0.40	0	0.00
389	/Users/ranjithpapareddy/Desktop/Desktop-Ranjith-iMac/forGIT/UFMylation_Ribosome_stalling_RNA_Splicing/Part4_Splicing_Analysis/data/motifs/CisBP_Human_All.meme	M00613_2.00	NOVA2	UCAUUCAU	1.24e-1	1.00e0	5.44e2	2475	249	249	5000	29.6	2	0.80	11	0.22
390	/Users/ranjithpapareddy/Desktop/Desktop-Ranjith-iMac/forGIT/UFMylation_Ribosome_stalling_RNA_Splicing/Part4_Splicing_Analysis/data/motifs/CisBP_Human_All.meme	M00156_2.00	M00156_2.00	GAUCAAGA	8.43e-1	1.00e0	5.44e2	2438	249	249	5000	5.94	1	0.40	37	0.74
391	/Users/ranjithpapareddy/Desktop/Desktop-Ranjith-iMac/forGIT/UFMylation_Ribosome_stalling_RNA_Splicing/Part4_Splicing_Analysis/data/motifs/CisBP_Human_All.meme	M13104_2.00	BCL2L2-PABPN1	RAAAAGAH	1.77e-1	1.00e0	5.44e2	3711	249	249	5000	57.7	1	0.40	3	0.06
392	/Users/ranjithpapareddy/Desktop/Desktop-Ranjith-iMac/forGIT/UFMylation_Ribosome_stalling_RNA_Splicing/Part4_Splicing_Analysis/data/motifs/CisBP_Human_All.meme	M00599_2.00	KHDRBS1	UAAUAGU	9.13e-1	1.00e0	5.44e2	2894	249	249	5000	12.4	1	0.40	49	0.98
393	/Users/ranjithpapareddy/Desktop/Desktop-Ranjith-iMac/forGIT/UFMylation_Ribosome_stalling_RNA_Splicing/Part4_Splicing_Analysis/data/motifs/CisBP_Human_All.meme	M00665_2.00	RC3H2	NKYURCGUUUUAGKAGBN	9.84e-1	1.00e0	5.44e2	260	249	249	5000	2.87	1	0.40	83	1.66
394	/Users/ranjithpapareddy/Desktop/Desktop-Ranjith-iMac/forGIT/UFMylation_Ribosome_stalling_RNA_Splicing/Part4_Splicing_Analysis/data/motifs/CisBP_Human_All.meme	M00084_2.00	SART3	ARAAAAA	1.00e0	1.00e0	5.44e2	3804	249	249	5000	37.3	2	0.80	445	8.90
395	/Users/ranjithpapareddy/Desktop/Desktop-Ranjith-iMac/forGIT/UFMylation_Ribosome_stalling_RNA_Splicing/Part4_Splicing_Analysis/data/motifs/CisBP_Human_All.meme	M00725_2.00	FUBP1	UDUUU	3.51e-2	1.00e0	5.44e2	3971	249	249	5000	12.6	6	2.41	46	0.92
396	/Users/ranjithpapareddy/Desktop/Desktop-Ranjith-iMac/forGIT/UFMylation_Ribosome_stalling_RNA_Splicing/Part4_Splicing_Analysis/data/motifs/CisBP_Human_All.meme	M00543_2.00	SNRPA	GWUWCCWGCUA	9.92e-1	1.00e0	5.44e2	426	249	249	5000	7.29	1	0.40	97	1.94
397	/Users/ranjithpapareddy/Desktop/Desktop-Ranjith-iMac/forGIT/UFMylation_Ribosome_stalling_RNA_Splicing/Part4_Splicing_Analysis/data/motifs/CisBP_Human_All.meme	M00017_2.00	ENSG00000233801	AGAGWWW	4.02e-2	1.00e0	5.44e2	3668	249	249	5000	17.7	2	0.80	5	0.10
398	/Users/ranjithpapareddy/Desktop/Desktop-Ranjith-iMac/forGIT/UFMylation_Ribosome_stalling_RNA_Splicing/Part4_Splicing_Analysis/data/motifs/CisBP_Human_All.meme	M00600_2.00	KHDRBS2	UAAACARUAA	9.04e-1	1.00e0	5.44e2	3792	249	249	5000	22.3	1	0.40	47	0.94
399	/Users/ranjithpapareddy/Desktop/Desktop-Ranjith-iMac/forGIT/UFMylation_Ribosome_stalling_RNA_Splicing/Part4_Splicing_Analysis/data/motifs/CisBP_Human_All.meme	M00601_2.00	KHDRBS3	UAAWNDDDDDDUAAD	1.00e0	1.00e0	5.44e2	3971	249	249	5000	54.7	1	0.40	405	8.10
400	/Users/ranjithpapareddy/Desktop/Desktop-Ranjith-iMac/forGIT/UFMylation_Ribosome_stalling_RNA_Splicing/Part4_Splicing_Analysis/data/motifs/CisBP_Human_All.meme	M00467_2.00	ZFP36L1	AAHAARBAAAG	3.08e-1	1.00e0	5.44e2	1706	249	249	5000	628	3	1.20	38	0.76
401	/Users/ranjithpapareddy/Desktop/Desktop-Ranjith-iMac/forGIT/UFMylation_Ribosome_stalling_RNA_Splicing/Part4_Splicing_Analysis/data/motifs/CisBP_Human_All.meme	M00133_2.00	YBX1	AACAUCA	5.19e-2	1.00e0	5.44e2	1838	249	249	5000	26	2	0.80	6	0.12
402	/Users/ranjithpapareddy/Desktop/Desktop-Ranjith-iMac/forGIT/UFMylation_Ribosome_stalling_RNA_Splicing/Part4_Splicing_Analysis/data/motifs/CisBP_Human_All.meme	M00708_2.00	BOLL	GUGUUA	3.87e-1	1.00e0	5.44e2	2443	249	249	5000	4	5	2.01	81	1.62
403	/Users/ranjithpapareddy/Desktop/Desktop-Ranjith-iMac/forGIT/UFMylation_Ribosome_stalling_RNA_Splicing/Part4_Splicing_Analysis/data/motifs/CisBP_Human_All.meme	M00709_2.00	CELF1	UDUGUYY	2.43e-1	1.00e0	5.44e2	3629	249	249	5000	4.93	3	1.20	33	0.66
404	/Users/ranjithpapareddy/Desktop/Desktop-Ranjith-iMac/forGIT/UFMylation_Ribosome_stalling_RNA_Splicing/Part4_Splicing_Analysis/data/motifs/CisBP_Human_All.meme	M00073_2.00	RBM41	WUACWUU	1.08e-1	1.00e0	5.44e2	2862	249	249	5000	16.2	2	0.80	10	0.20
405	/Users/ranjithpapareddy/Desktop/Desktop-Ranjith-iMac/forGIT/UFMylation_Ribosome_stalling_RNA_Splicing/Part4_Splicing_Analysis/data/motifs/CisBP_Human_All.meme	M00527_2.00	ELAVL2	UUUUAUUUW	2.11e-1	1.00e0	5.44e2	3343	249	249	5000	134	4	1.61	46	0.92
406	/Users/ranjithpapareddy/Desktop/Desktop-Ranjith-iMac/forGIT/UFMylation_Ribosome_stalling_RNA_Splicing/Part4_Splicing_Analysis/data/motifs/CisBP_Human_All.meme	M00740_2.00	HNRNPDL	UAAAA	1.92e-1	1.00e0	5.44e2	3652	249	249	5000	22.1	2	0.80	15	0.30
407	/Users/ranjithpapareddy/Desktop/Desktop-Ranjith-iMac/forGIT/UFMylation_Ribosome_stalling_RNA_Splicing/Part4_Splicing_Analysis/data/motifs/CisBP_Human_All.meme	M00458_2.00	M00458_2.00	GCCABAMCAYCGC	8.09e-1	1.00e0	5.44e2	62	249	249	5000	1.92	1	0.40	33	0.66
408	/Users/ranjithpapareddy/Desktop/Desktop-Ranjith-iMac/forGIT/UFMylation_Ribosome_stalling_RNA_Splicing/Part4_Splicing_Analysis/data/motifs/CisBP_Human_All.meme	M00550_2.00	SRSF2	AGSAGAGUW	4.15e-2	1.00e0	5.44e2	2842	249	249	5000	9.32	11	4.42	118	2.36
409	/Users/ranjithpapareddy/Desktop/Desktop-Ranjith-iMac/forGIT/UFMylation_Ribosome_stalling_RNA_Splicing/Part4_Splicing_Analysis/data/motifs/CisBP_Human_All.meme	M00737_2.00	HNRNPD	UAUUAN	4.37e-1	1.00e0	5.44e2	3627	249	249	5000	9.25	2	0.80	29	0.58
410	/Users/ranjithpapareddy/Desktop/Desktop-Ranjith-iMac/forGIT/UFMylation_Ribosome_stalling_RNA_Splicing/Part4_Splicing_Analysis/data/motifs/CisBP_Human_All.meme	M00677_2.00	TARDBP	GUGUGAGUGUG	9.29e-1	1.00e0	5.44e2	2265	249	249	5000	45.7	5	2.01	172	3.44
411	/Users/ranjithpapareddy/Desktop/Desktop-Ranjith-iMac/forGIT/UFMylation_Ribosome_stalling_RNA_Splicing/Part4_Splicing_Analysis/data/motifs/CisBP_Human_All.meme	M00411_2.00	ELAVL2	UUAUUUU	1.89e-2	1.00e0	5.44e2	3760	249	249	5000	30.8	7	2.81	51	1.02
412	/Users/ranjithpapareddy/Desktop/Desktop-Ranjith-iMac/forGIT/UFMylation_Ribosome_stalling_RNA_Splicing/Part4_Splicing_Analysis/data/motifs/CisBP_Human_All.meme	M00410_2.00	TRNAU1AP	AAUUUUR	4.74e-2	1.00e0	5.44e2	3746	249	249	5000	40.6	1	0.40	0	0.00
413	/Users/ranjithpapareddy/Desktop/Desktop-Ranjith-iMac/forGIT/UFMylation_Ribosome_stalling_RNA_Splicing/Part4_Splicing_Analysis/data/motifs/CisBP_Human_All.meme	M00676_2.00	TARDBP	GUGUGARUGK	1.23e-1	1.00e0	5.44e2	1636	249	249	5000	73.8	3	1.20	23	0.46
414	/Users/ranjithpapareddy/Desktop/Desktop-Ranjith-iMac/forGIT/UFMylation_Ribosome_stalling_RNA_Splicing/Part4_Splicing_Analysis/data/motifs/CisBP_Human_All.meme	M13116_2.00	ENSG00000277445	NUUUUUUA	3.67e-2	1.00e0	5.44e2	3671	249	249	5000	55.3	4	1.61	23	0.46
415	/Users/ranjithpapareddy/Desktop/Desktop-Ranjith-iMac/forGIT/UFMylation_Ribosome_stalling_RNA_Splicing/Part4_Splicing_Analysis/data/motifs/CisBP_Human_All.meme	M00827_2.00	TRNAU1AP	UUUUWUU	3.14e-2	1.00e0	5.44e2	3886	249	249	5000	26.9	3	1.20	12	0.24
416	/Users/ranjithpapareddy/Desktop/Desktop-Ranjith-iMac/forGIT/UFMylation_Ribosome_stalling_RNA_Splicing/Part4_Splicing_Analysis/data/motifs/CisBP_Human_All.meme	M00643_2.00	RBMS1	NNNSGUGCAUAAKGCBNNN	8.65e-1	1.00e0	5.44e2	390	249	249	5000	11.3	1	0.40	40	0.80
417	/Users/ranjithpapareddy/Desktop/Desktop-Ranjith-iMac/forGIT/UFMylation_Ribosome_stalling_RNA_Splicing/Part4_Splicing_Analysis/data/motifs/CisBP_Human_All.meme	M00642_2.00	RBMS1	UUAUAAUCAAC	4.94e-1	1.00e0	5.44e2	609	249	249	5000	73.3	1	0.40	13	0.26
418	/Users/ranjithpapareddy/Desktop/Desktop-Ranjith-iMac/forGIT/UFMylation_Ribosome_stalling_RNA_Splicing/Part4_Splicing_Analysis/data/motifs/CisBP_Human_All.meme	M00170_2.00	BCL2L2-PABPN1	AGAAGAN	6.76e-2	1.00e0	5.44e2	3816	249	249	5000	16.8	6	2.41	55	1.10
419	/Users/ranjithpapareddy/Desktop/Desktop-Ranjith-iMac/forGIT/UFMylation_Ribosome_stalling_RNA_Splicing/Part4_Splicing_Analysis/data/motifs/CisBP_Human_All.meme	M00698_2.00	ZFP36L1	KUAUUUAUGGUGG	8.89e-1	1.00e0	5.44e2	317	249	249	5000	14.2	1	0.40	44	0.88
420	/Users/ranjithpapareddy/Desktop/Desktop-Ranjith-iMac/forGIT/UFMylation_Ribosome_stalling_RNA_Splicing/Part4_Splicing_Analysis/data/motifs/CisBP_Human_All.meme	M00699_2.00	ZFP36L1	UUAUUUAUU	2.11e-1	1.00e0	5.44e2	1970	249	249	5000	158	4	1.61	46	0.92
421	/Users/ranjithpapareddy/Desktop/Desktop-Ranjith-iMac/forGIT/UFMylation_Ribosome_stalling_RNA_Splicing/Part4_Splicing_Analysis/data/motifs/CisBP_Human_All.meme	M00256_2.00	M00256_2.00	GAUGAWN	9.26e-2	1.00e0	5.44e2	2437	249	249	5000	20.9	1	0.40	1	0.02
422	/Users/ranjithpapareddy/Desktop/Desktop-Ranjith-iMac/forGIT/UFMylation_Ribosome_stalling_RNA_Splicing/Part4_Splicing_Analysis/data/motifs/CisBP_Human_All.meme	M00030_2.00	M00030_2.00	ACACAWA	8.22e-1	1.00e0	5.44e2	3639	249	249	5000	13.5	2	0.80	63	1.26
423	/Users/ranjithpapareddy/Desktop/Desktop-Ranjith-iMac/forGIT/UFMylation_Ribosome_stalling_RNA_Splicing/Part4_Splicing_Analysis/data/motifs/CisBP_Human_All.meme	M00257_2.00	M00257_2.00	GAUGAWH	1.92e-1	1.00e0	5.44e2	2548	249	249	5000	6.4	3	1.20	29	0.58
424	/Users/ranjithpapareddy/Desktop/Desktop-Ranjith-iMac/forGIT/UFMylation_Ribosome_stalling_RNA_Splicing/Part4_Splicing_Analysis/data/motifs/CisBP_Human_All.meme	M00564_2.00	CELF1	UGUGUKUGUGU	9.99e-1	1.00e0	5.44e2	3636	249	249	5000	40.7	1	0.40	133	2.66
425	/Users/ranjithpapareddy/Desktop/Desktop-Ranjith-iMac/forGIT/UFMylation_Ribosome_stalling_RNA_Splicing/Part4_Splicing_Analysis/data/motifs/CisBP_Human_All.meme	M00565_2.00	CELF3	KGUGUKDGUGK	4.78e-1	1.00e0	5.44e2	2843	249	249	5000	31.3	9	3.61	170	3.40
426	/Users/ranjithpapareddy/Desktop/Desktop-Ranjith-iMac/forGIT/UFMylation_Ribosome_stalling_RNA_Splicing/Part4_Splicing_Analysis/data/motifs/CisBP_Human_All.meme	M00790_2.00	RBM41	UACWU	8.38e-2	1.00e0	5.44e2	2550	249	249	5000	4.11	7	2.81	73	1.46
427	/Users/ranjithpapareddy/Desktop/Desktop-Ranjith-iMac/forGIT/UFMylation_Ribosome_stalling_RNA_Splicing/Part4_Splicing_Analysis/data/motifs/CisBP_Human_All.meme	M00329_2.00	M00329_2.00	AWGACAA	3.62e-1	1.00e0	5.44e2	3731	249	249	5000	3.73	10	4.02	172	3.44
428	/Users/ranjithpapareddy/Desktop/Desktop-Ranjith-iMac/forGIT/UFMylation_Ribosome_stalling_RNA_Splicing/Part4_Splicing_Analysis/data/motifs/CisBP_Human_All.meme	M13087_2.00	PABPC1L2B	GAAAAARR	1.00e0	1.00e0	5.44e2	3692	249	249	5000	46.6	1	0.40	254	5.08
429	/Users/ranjithpapareddy/Desktop/Desktop-Ranjith-iMac/forGIT/UFMylation_Ribosome_stalling_RNA_Splicing/Part4_Splicing_Analysis/data/motifs/CisBP_Human_All.meme	M00452_2.00	M00452_2.00	AACAUC	3.14e-2	1.00e0	5.44e2	2210	249	249	5000	11	3	1.20	12	0.24
430	/Users/ranjithpapareddy/Desktop/Desktop-Ranjith-iMac/forGIT/UFMylation_Ribosome_stalling_RNA_Splicing/Part4_Splicing_Analysis/data/motifs/CisBP_Human_All.meme	M00107_2.00	ZCRB1	GAMUUAAK	2.15e-2	1.00e0	5.44e2	2967	249	249	5000	12.2	4	1.61	19	0.38
431	/Users/ranjithpapareddy/Desktop/Desktop-Ranjith-iMac/forGIT/UFMylation_Ribosome_stalling_RNA_Splicing/Part4_Splicing_Analysis/data/motifs/CisBP_Human_All.meme	M00064_2.00	PABPC4L	AAAAAAA	1.00e0	1.00e0	5.44e2	3703	249	249	5000	50.9	0	0.00	695	13.90
432	/Users/ranjithpapareddy/Desktop/Desktop-Ranjith-iMac/forGIT/UFMylation_Ribosome_stalling_RNA_Splicing/Part4_Splicing_Analysis/data/motifs/CisBP_Human_All.meme	M00530_2.00	SRSF2	UGUUCSAGAU	2.89e-1	1.00e0	5.44e2	603	249	249	5000	63.8	1	0.40	6	0.12
433	/Users/ranjithpapareddy/Desktop/Desktop-Ranjith-iMac/forGIT/UFMylation_Ribosome_stalling_RNA_Splicing/Part4_Splicing_Analysis/data/motifs/CisBP_Human_All.meme	M00757_2.00	MBNL1	UGCUA	4.15e-2	1.00e0	5.44e2	1450	249	249	5000	3.23	11	4.42	118	2.36
434	/Users/ranjithpapareddy/Desktop/Desktop-Ranjith-iMac/forGIT/UFMylation_Ribosome_stalling_RNA_Splicing/Part4_Splicing_Analysis/data/motifs/CisBP_Human_All.meme	M00578_2.00	DAZ2	KUUKKDGUUD	3.25e-2	1.00e0	5.44e2	3958	249	249	5000	12.9	4	1.61	22	0.44
435	/Users/ranjithpapareddy/Desktop/Desktop-Ranjith-iMac/forGIT/UFMylation_Ribosome_stalling_RNA_Splicing/Part4_Splicing_Analysis/data/motifs/CisBP_Human_All.meme	M00342_2.00	PABPC1L2A	RAAAAAA	1.00e0	1.00e0	5.44e2	3611	249	249	5000	56.7	1	0.40	326	6.52
436	/Users/ranjithpapareddy/Desktop/Desktop-Ranjith-iMac/forGIT/UFMylation_Ribosome_stalling_RNA_Splicing/Part4_Splicing_Analysis/data/motifs/CisBP_Human_All.meme	M00494_2.00	IGF2BP1	AAGCACCCGUU	1.00e0	1.00e0	5.44e2	63	249	249	5000	2.01	0	0.00	44	0.88
437	/Users/ranjithpapareddy/Desktop/Desktop-Ranjith-iMac/forGIT/UFMylation_Ribosome_stalling_RNA_Splicing/Part4_Splicing_Analysis/data/motifs/CisBP_Human_All.meme	M00804_2.00	RC3H1	YAUAUUW	1.45e-1	1.00e0	5.44e2	3571	249	249	5000	9.13	3	1.20	25	0.50
438	/Users/ranjithpapareddy/Desktop/Desktop-Ranjith-iMac/forGIT/UFMylation_Ribosome_stalling_RNA_Splicing/Part4_Splicing_Analysis/data/motifs/CisBP_Human_All.meme	M00660_2.00	RBPMS	KCACRKKCACA	9.81e-1	1.00e0	5.44e2	1271	249	249	5000	12.7	2	0.80	119	2.38
439	/Users/ranjithpapareddy/Desktop/Desktop-Ranjith-iMac/forGIT/UFMylation_Ribosome_stalling_RNA_Splicing/Part4_Splicing_Analysis/data/motifs/CisBP_Human_All.meme	M00152_2.00	M00152_2.00	GAAAAHV	1.03e-1	1.00e0	5.44e2	3678	249	249	5000	16	3	1.20	21	0.42
440	/Users/ranjithpapareddy/Desktop/Desktop-Ranjith-iMac/forGIT/UFMylation_Ribosome_stalling_RNA_Splicing/Part4_Splicing_Analysis/data/motifs/CisBP_Human_All.meme	M13100_2.00	PABPC4L	GAAAAAAR	1.00e0	1.00e0	5.44e2	3759	249	249	5000	43.9	1	0.40	241	4.82
441	/Users/ranjithpapareddy/Desktop/Desktop-Ranjith-iMac/forGIT/UFMylation_Ribosome_stalling_RNA_Splicing/Part4_Splicing_Analysis/data/motifs/CisBP_Human_All.meme	M00547_2.00	PABPC4L	ACDAAYM	3.14e-2	1.00e0	5.44e2	2835	249	249	5000	11	3	1.20	12	0.24
442	/Users/ranjithpapareddy/Desktop/Desktop-Ranjith-iMac/forGIT/UFMylation_Ribosome_stalling_RNA_Splicing/Part4_Splicing_Analysis/data/motifs/CisBP_Human_All.meme	M00721_2.00	ELAVL4	UAAUU	6.62e-2	1.00e0	5.44e2	3257	249	249	5000	15.4	3	1.20	17	0.34
443	/Users/ranjithpapareddy/Desktop/Desktop-Ranjith-iMac/forGIT/UFMylation_Ribosome_stalling_RNA_Splicing/Part4_Splicing_Analysis/data/motifs/CisBP_Human_All.meme	M00720_2.00	ELAVL4	UUWUU	3.67e-2	1.00e0	5.44e2	3858	249	249	5000	11.9	4	1.61	23	0.46
444	/Users/ranjithpapareddy/Desktop/Desktop-Ranjith-iMac/forGIT/UFMylation_Ribosome_stalling_RNA_Splicing/Part4_Splicing_Analysis/data/motifs/CisBP_Human_All.meme	M00546_2.00	SNRPA	AGGAGAU	4.91e-2	1.00e0	5.44e2	2503	249	249	5000	3.41	20	8.03	265	5.30
445	/Users/ranjithpapareddy/Desktop/Desktop-Ranjith-iMac/forGIT/UFMylation_Ribosome_stalling_RNA_Splicing/Part4_Splicing_Analysis/data/motifs/CisBP_Human_All.meme	M00189_2.00	MSI1	UAGUWRG	3.53e-2	1.00e0	5.44e2	2319	249	249	5000	2.92	9	3.61	86	1.72
446	/Users/ranjithpapareddy/Desktop/Desktop-Ranjith-iMac/forGIT/UFMylation_Ribosome_stalling_RNA_Splicing/Part4_Splicing_Analysis/data/motifs/CisBP_Human_All.meme	M00628_2.00	RBM24	GUGUGDGUGUG	9.44e-1	1.00e0	5.44e2	2696	249	249	5000	31.9	9	3.61	284	5.68
447	/Users/ranjithpapareddy/Desktop/Desktop-Ranjith-iMac/forGIT/UFMylation_Ribosome_stalling_RNA_Splicing/Part4_Splicing_Analysis/data/motifs/CisBP_Human_All.meme	M00348_2.00	M00348_2.00	UUACGUA	7.89e-1	1.00e0	5.44e2	570	249	249	5000	2.46	3	1.20	84	1.68
448	/Users/ranjithpapareddy/Desktop/Desktop-Ranjith-iMac/forGIT/UFMylation_Ribosome_stalling_RNA_Splicing/Part4_Splicing_Analysis/data/motifs/CisBP_Human_All.meme	M00026_2.00	CELF4	UGUGUGU	3.15e-1	1.00e0	5.44e2	3802	249	249	5000	4.44	20	8.03	353	7.06
449	/Users/ranjithpapareddy/Desktop/Desktop-Ranjith-iMac/forGIT/UFMylation_Ribosome_stalling_RNA_Splicing/Part4_Splicing_Analysis/data/motifs/CisBP_Human_All.meme	M00714_2.00	DAZ2	UUKUUU	1.34e-2	1.00e0	5.44e2	3938	249	249	5000	16.6	6	2.41	36	0.72
450	/Users/ranjithpapareddy/Desktop/Desktop-Ranjith-iMac/forGIT/UFMylation_Ribosome_stalling_RNA_Splicing/Part4_Splicing_Analysis/data/motifs/CisBP_Human_All.meme	M00572_2.00	DAZ1	GSGUGYGUGCGUUUCCGCSY	1.00e0	1.00e0	5.44e2	2	249	249	5000	14.1	0	0.00	1	0.02
451	/Users/ranjithpapareddy/Desktop/Desktop-Ranjith-iMac/forGIT/UFMylation_Ribosome_stalling_RNA_Splicing/Part4_Splicing_Analysis/data/motifs/CisBP_Human_All.meme	M00433_2.00	M00433_2.00	UUUUUYY	9.87e-3	1.00e0	5.44e2	3796	249	249	5000	73.1	3	1.20	7	0.14
452	/Users/ranjithpapareddy/Desktop/Desktop-Ranjith-iMac/forGIT/UFMylation_Ribosome_stalling_RNA_Splicing/Part4_Splicing_Analysis/data/motifs/CisBP_Human_All.meme	M00166_2.00	PABPC3	GAAAACM	4.51e-1	1.00e0	5.44e2	3575	249	249	5000	15.2	3	1.20	49	0.98
453	/Users/ranjithpapareddy/Desktop/Desktop-Ranjith-iMac/forGIT/UFMylation_Ribosome_stalling_RNA_Splicing/Part4_Splicing_Analysis/data/motifs/CisBP_Human_All.meme	M00830_2.00	UNK	YAUAGA	4.14e-1	1.00e0	5.44e2	2321	249	249	5000	11.3	1	0.40	10	0.20
454	/Users/ranjithpapareddy/Desktop/Desktop-Ranjith-iMac/forGIT/UFMylation_Ribosome_stalling_RNA_Splicing/Part4_Splicing_Analysis/data/motifs/CisBP_Human_All.meme	M00831_2.00	ZCRB1	HUUAAW	4.69e-1	1.00e0	5.44e2	3490	249	249	5000	10.4	2	0.80	31	0.62
455	/Users/ranjithpapareddy/Desktop/Desktop-Ranjith-iMac/forGIT/UFMylation_Ribosome_stalling_RNA_Splicing/Part4_Splicing_Analysis/data/motifs/CisBP_Human_All.meme	M00445_2.00	RBMY1D	CUCAA	1.34e-2	1.00e0	5.44e2	3252	249	249	5000	3.17	17	6.83	183	3.66
457	/Users/ranjithpapareddy/Desktop/Desktop-Ranjith-iMac/forGIT/UFMylation_Ribosome_stalling_RNA_Splicing/Part4_Splicing_Analysis/data/motifs/CisBP_Human_All.meme	M00444_2.00	RBMY1D	CUCAA	3.22e-2	1.00e0	5.44e2	3136	249	249	5000	5.81	5	2.01	33	0.66
458	/Users/ranjithpapareddy/Desktop/Desktop-Ranjith-iMac/forGIT/UFMylation_Ribosome_stalling_RNA_Splicing/Part4_Splicing_Analysis/data/motifs/CisBP_Human_All.meme	M00111_2.00	HNRNPL	ACACRAV	4.25e-1	1.00e0	5.44e2	2674	249	249	5000	5.12	5	2.01	85	1.70
459	/Users/ranjithpapareddy/Desktop/Desktop-Ranjith-iMac/forGIT/UFMylation_Ribosome_stalling_RNA_Splicing/Part4_Splicing_Analysis/data/motifs/CisBP_Human_All.meme	M00110_2.00	SRSF10	AGAGAMA	3.96e-1	1.00e0	5.44e2	3623	249	249	5000	11.5	9	3.61	158	3.16
460	/Users/ranjithpapareddy/Desktop/Desktop-Ranjith-iMac/forGIT/UFMylation_Ribosome_stalling_RNA_Splicing/Part4_Splicing_Analysis/data/motifs/CisBP_Human_All.meme	M00182_2.00	KHDRBS1	AUAAAAR	5.15e-1	1.00e0	5.44e2	3576	249	249	5000	22.6	2	0.80	34	0.68
461	/Users/ranjithpapareddy/Desktop/Desktop-Ranjith-iMac/forGIT/UFMylation_Ribosome_stalling_RNA_Splicing/Part4_Splicing_Analysis/data/motifs/CisBP_Human_All.meme	M00158_2.00	M00158_2.00	WUUGCACD	2.15e-2	1.00e0	5.44e2	1716	249	249	5000	10.2	4	1.61	19	0.38
462	/Users/ranjithpapareddy/Desktop/Desktop-Ranjith-iMac/forGIT/UFMylation_Ribosome_stalling_RNA_Splicing/Part4_Splicing_Analysis/data/motifs/CisBP_Human_All.meme	M00596_2.00	HNRNPL	ACAUUACAYW	3.93e-1	1.00e0	5.44e2	3413	249	249	5000	4.73	11	4.42	196	3.92
463	/Users/ranjithpapareddy/Desktop/Desktop-Ranjith-iMac/forGIT/UFMylation_Ribosome_stalling_RNA_Splicing/Part4_Splicing_Analysis/data/motifs/CisBP_Human_All.meme	M00597_2.00	HNRNPLL	GCAURCAYCM	6.62e-2	1.00e0	5.44e2	1808	249	249	5000	33.8	3	1.20	17	0.34
464	/Users/ranjithpapareddy/Desktop/Desktop-Ranjith-iMac/forGIT/UFMylation_Ribosome_stalling_RNA_Splicing/Part4_Splicing_Analysis/data/motifs/CisBP_Human_All.meme	M13091_2.00	PABPC1L2A	GAAAAARR	1.00e0	1.00e0	5.44e2	3692	249	249	5000	46.6	1	0.40	254	5.08
465	/Users/ranjithpapareddy/Desktop/Desktop-Ranjith-iMac/forGIT/UFMylation_Ribosome_stalling_RNA_Splicing/Part4_Splicing_Analysis/data/motifs/CisBP_Human_All.meme	M00762_2.00	NUPL2	AAAADAA	1.00e0	1.00e0	5.44e2	4063	249	249	5000	14.7	2	0.80	274	5.48
466	/Users/ranjithpapareddy/Desktop/Desktop-Ranjith-iMac/forGIT/UFMylation_Ribosome_stalling_RNA_Splicing/Part4_Splicing_Analysis/data/motifs/CisBP_Human_All.meme	M00763_2.00	NUPL2	CAAAGG	2.48e-2	1.00e0	5.44e2	3946	249	249	5000	8.62	4	1.61	20	0.40
467	/Users/ranjithpapareddy/Desktop/Desktop-Ranjith-iMac/forGIT/UFMylation_Ribosome_stalling_RNA_Splicing/Part4_Splicing_Analysis/data/motifs/CisBP_Human_All.meme	M00659_2.00	RBPMS2	CACAKDGCACA	5.14e-2	1.00e0	5.44e2	1343	249	249	5000	37.5	4	1.61	26	0.52
468	/Users/ranjithpapareddy/Desktop/Desktop-Ranjith-iMac/forGIT/UFMylation_Ribosome_stalling_RNA_Splicing/Part4_Splicing_Analysis/data/motifs/CisBP_Human_All.meme	M00658_2.00	RBPMS2	KCACGUGCACR	9.25e-1	1.00e0	5.44e2	823	249	249	5000	13.2	1	0.40	52	1.04
469	/Users/ranjithpapareddy/Desktop/Desktop-Ranjith-iMac/forGIT/UFMylation_Ribosome_stalling_RNA_Splicing/Part4_Splicing_Analysis/data/motifs/CisBP_Human_All.meme	M00297_2.00	M00297_2.00	AGAUGAW	2.45e-1	1.00e0	5.44e2	3445	249	249	5000	9.73	2	0.80	18	0.36
470	/Users/ranjithpapareddy/Desktop/Desktop-Ranjith-iMac/forGIT/UFMylation_Ribosome_stalling_RNA_Splicing/Part4_Splicing_Analysis/data/motifs/CisBP_Human_All.meme	M13031_2.00	ANKRD17	AGACGUW	4.03e-1	1.00e0	5.44e2	207	249	249	5000	3.89	2	0.80	27	0.54
471	/Users/ranjithpapareddy/Desktop/Desktop-Ranjith-iMac/forGIT/UFMylation_Ribosome_stalling_RNA_Splicing/Part4_Splicing_Analysis/data/motifs/CisBP_Human_All.meme	M00062_2.00	MSI1	UAGUWRG	1.56e-2	1.00e0	5.44e2	2499	249	249	5000	5.52	4	1.61	17	0.34
472	/Users/ranjithpapareddy/Desktop/Desktop-Ranjith-iMac/forGIT/UFMylation_Ribosome_stalling_RNA_Splicing/Part4_Splicing_Analysis/data/motifs/CisBP_Human_All.meme	M00751_2.00	KHDRBS2	AAUAAA	4.00e-1	1.00e0	5.44e2	3640	249	249	5000	8.86	3	1.20	45	0.90
473	/Users/ranjithpapareddy/Desktop/Desktop-Ranjith-iMac/forGIT/UFMylation_Ribosome_stalling_RNA_Splicing/Part4_Splicing_Analysis/data/motifs/CisBP_Human_All.meme	M00610_2.00	MSI1	KUAGUDGUAGK	3.86e-1	1.00e0	5.44e2	1524	249	249	5000	20.6	2	0.80	26	0.52
474	/Users/ranjithpapareddy/Desktop/Desktop-Ranjith-iMac/forGIT/UFMylation_Ribosome_stalling_RNA_Splicing/Part4_Splicing_Analysis/data/motifs/CisBP_Human_All.meme	M00611_2.00	MSI2	GUAGUGWGUAGK	7.53e-1	1.00e0	5.44e2	494	249	249	5000	1.58	13	5.22	305	6.10
475	/Users/ranjithpapareddy/Desktop/Desktop-Ranjith-iMac/forGIT/UFMylation_Ribosome_stalling_RNA_Splicing/Part4_Splicing_Analysis/data/motifs/CisBP_Human_All.meme	M00122_2.00	M00122_2.00	UGUAMAK	1.03e-1	1.00e0	5.44e2	2706	249	249	5000	10.4	3	1.20	21	0.42
476	/Users/ranjithpapareddy/Desktop/Desktop-Ranjith-iMac/forGIT/UFMylation_Ribosome_stalling_RNA_Splicing/Part4_Splicing_Analysis/data/motifs/CisBP_Human_All.meme	M00123_2.00	M00123_2.00	UGUAAUU	2.12e-2	1.00e0	5.44e2	3389	249	249	5000	14.7	3	1.20	10	0.20
477	/Users/ranjithpapareddy/Desktop/Desktop-Ranjith-iMac/forGIT/UFMylation_Ribosome_stalling_RNA_Splicing/Part4_Splicing_Analysis/data/motifs/CisBP_Human_All.meme	M00683_2.00	YBX2	DUAACAUCWD	5.59e-1	1.00e0	5.44e2	1422	249	249	5000	13.8	2	0.80	37	0.74
478	/Users/ranjithpapareddy/Desktop/Desktop-Ranjith-iMac/forGIT/UFMylation_Ribosome_stalling_RNA_Splicing/Part4_Splicing_Analysis/data/motifs/CisBP_Human_All.meme	M13106_2.00	AC245033.1	NUUUUUUA	3.67e-2	1.00e0	5.44e2	3692	249	249	5000	53.2	4	1.61	23	0.46
479	/Users/ranjithpapareddy/Desktop/Desktop-Ranjith-iMac/forGIT/UFMylation_Ribosome_stalling_RNA_Splicing/Part4_Splicing_Analysis/data/motifs/CisBP_Human_All.meme	M00803_2.00	RBMS3	NUAUAH	9.17e-1	1.00e0	5.44e2	2831	249	249	5000	7.25	1	0.40	50	1.00
480	/Users/ranjithpapareddy/Desktop/Desktop-Ranjith-iMac/forGIT/UFMylation_Ribosome_stalling_RNA_Splicing/Part4_Splicing_Analysis/data/motifs/CisBP_Human_All.meme	M00802_2.00	RBMS2	AUAUAV	4.42e-1	1.00e0	5.44e2	2872	249	249	5000	10.8	1	0.40	11	0.22
481	/Users/ranjithpapareddy/Desktop/Desktop-Ranjith-iMac/forGIT/UFMylation_Ribosome_stalling_RNA_Splicing/Part4_Splicing_Analysis/data/motifs/CisBP_Human_All.meme	M00448_2.00	M00448_2.00	AACAUC	3.74e-2	1.00e0	5.44e2	2441	249	249	5000	10.1	3	1.20	13	0.26
482	/Users/ranjithpapareddy/Desktop/Desktop-Ranjith-iMac/forGIT/UFMylation_Ribosome_stalling_RNA_Splicing/Part4_Splicing_Analysis/data/motifs/CisBP_Human_All.meme	M00726_2.00	FUBP1	UAUGUAU	1.92e-1	1.00e0	5.44e2	3205	249	249	5000	8.55	3	1.20	29	0.58
483	/Users/ranjithpapareddy/Desktop/Desktop-Ranjith-iMac/forGIT/UFMylation_Ribosome_stalling_RNA_Splicing/Part4_Splicing_Analysis/data/motifs/CisBP_Human_All.meme	M00727_2.00	FUBP3	UAUAU	5.18e-1	1.00e0	5.44e2	3077	249	249	5000	9.9	1	0.40	14	0.28
484	/Users/ranjithpapareddy/Desktop/Desktop-Ranjith-iMac/forGIT/UFMylation_Ribosome_stalling_RNA_Splicing/Part4_Splicing_Analysis/data/motifs/CisBP_Human_All.meme	M00021_2.00	NUDT21	WWUGUAA	4.74e-2	1.00e0	5.44e2	2625	249	249	5000	59.1	1	0.40	0	0.00
485	/Users/ranjithpapareddy/Desktop/Desktop-Ranjith-iMac/forGIT/UFMylation_Ribosome_stalling_RNA_Splicing/Part4_Splicing_Analysis/data/motifs/CisBP_Human_All.meme	M00574_2.00	DAZ2	GYUCUAGUUAGYAUC	8.65e-1	1.00e0	5.44e2	119	249	249	5000	5.06	1	0.40	40	0.80
486	/Users/ranjithpapareddy/Desktop/Desktop-Ranjith-iMac/forGIT/UFMylation_Ribosome_stalling_RNA_Splicing/Part4_Splicing_Analysis/data/motifs/CisBP_Human_All.meme	M00713_2.00	DAZ2	WGUUWW	6.57e-2	1.00e0	5.44e2	3374	249	249	5000	3.87	8	3.21	83	1.66
487	/Users/ranjithpapareddy/Desktop/Desktop-Ranjith-iMac/forGIT/UFMylation_Ribosome_stalling_RNA_Splicing/Part4_Splicing_Analysis/data/motifs/CisBP_Human_All.meme	M00068_2.00	QKI	ACUAACM	5.30e-1	1.00e0	5.44e2	1172	249	249	5000	9.1	2	0.80	35	0.70
488	/Users/ranjithpapareddy/Desktop/Desktop-Ranjith-iMac/forGIT/UFMylation_Ribosome_stalling_RNA_Splicing/Part4_Splicing_Analysis/data/motifs/CisBP_Human_All.meme	M00435_2.00	M00435_2.00	UUUUUUD	1.31e-2	1.00e0	5.44e2	3773	249	249	5000	74.8	3	1.20	8	0.16
489	/Users/ranjithpapareddy/Desktop/Desktop-Ranjith-iMac/forGIT/UFMylation_Ribosome_stalling_RNA_Splicing/Part4_Splicing_Analysis/data/motifs/CisBP_Human_All.meme	M00653_2.00	RBMY1D	NNGCGCAAGAGCRN	4.74e-2	1.00e0	5.44e2	769	249	249	5000	546	1	0.40	0	0.00
490	/Users/ranjithpapareddy/Desktop/Desktop-Ranjith-iMac/forGIT/UFMylation_Ribosome_stalling_RNA_Splicing/Part4_Splicing_Analysis/data/motifs/CisBP_Human_All.meme	M00307_2.00	M00307_2.00	UUUUUCY	9.25e-3	1.00e0	5.44e2	3888	249	249	5000	44.5	5	2.01	23	0.46
491	/Users/ranjithpapareddy/Desktop/Desktop-Ranjith-iMac/forGIT/UFMylation_Ribosome_stalling_RNA_Splicing/Part4_Splicing_Analysis/data/motifs/CisBP_Human_All.meme	M00160_2.00	M00160_2.00	AACUAAG	2.42e-1	1.00e0	5.44e2	1580	249	249	5000	8.56	4	1.61	49	0.98
492	/Users/ranjithpapareddy/Desktop/Desktop-Ranjith-iMac/forGIT/UFMylation_Ribosome_stalling_RNA_Splicing/Part4_Splicing_Analysis/data/motifs/CisBP_Human_All.meme	M00184_2.00	PABPC5	AGAAAAU	9.26e-2	1.00e0	5.44e2	3905	249	249	5000	45.9	1	0.40	1	0.02
493	/Users/ranjithpapareddy/Desktop/Desktop-Ranjith-iMac/forGIT/UFMylation_Ribosome_stalling_RNA_Splicing/Part4_Splicing_Analysis/data/motifs/CisBP_Human_All.meme	M00185_2.00	IGF2BP3	AMAHWCA	4.69e-1	1.00e0	5.44e2	4037	249	249	5000	19.5	1	0.40	12	0.24
494	/Users/ranjithpapareddy/Desktop/Desktop-Ranjith-iMac/forGIT/UFMylation_Ribosome_stalling_RNA_Splicing/Part4_Splicing_Analysis/data/motifs/CisBP_Human_All.meme	M00443_2.00	NCL	CCGAAAKCCCGAAGUAGG	1.00e0	1.00e0	5.44e2	4	249	249	5000	6.34	0	0.00	1	0.02
495	/Users/ranjithpapareddy/Desktop/Desktop-Ranjith-iMac/forGIT/UFMylation_Ribosome_stalling_RNA_Splicing/Part4_Splicing_Analysis/data/motifs/CisBP_Human_All.meme	M00809_2.00	PSPC1	UAGUG	4.09e-2	1.00e0	5.44e2	1303	249	249	5000	3.14	10	4.02	103	2.06
496	/Users/ranjithpapareddy/Desktop/Desktop-Ranjith-iMac/forGIT/UFMylation_Ribosome_stalling_RNA_Splicing/Part4_Splicing_Analysis/data/motifs/CisBP_Human_All.meme	M00764_2.00	PABPN1L	AAAAA	1.00e0	1.00e0	5.44e2	3886	249	249	5000	18.9	3	1.20	325	6.50
497	/Users/ranjithpapareddy/Desktop/Desktop-Ranjith-iMac/forGIT/UFMylation_Ribosome_stalling_RNA_Splicing/Part4_Splicing_Analysis/data/motifs/CisBP_Human_All.meme	M00591_2.00	HNRNPA3	UWGGUUAGGG	1.08e-1	1.00e0	5.44e2	767	249	249	5000	36.8	2	0.80	10	0.20
498	/Users/ranjithpapareddy/Desktop/Desktop-Ranjith-iMac/forGIT/UFMylation_Ribosome_stalling_RNA_Splicing/Part4_Splicing_Analysis/data/motifs/CisBP_Human_All.meme	M00590_2.00	HNRNPA1	NBUGCAGUWYUAGGGYDBN	3.22e-1	1.00e0	5.44e2	422	249	249	5000	156	1	0.40	7	0.14
499	/Users/ranjithpapareddy/Desktop/Desktop-Ranjith-iMac/forGIT/UFMylation_Ribosome_stalling_RNA_Splicing/Part4_Splicing_Analysis/data/motifs/CisBP_Human_All.meme	M00695_2.00	ZCRB1	GUGGAMUUAADDK	3.85e-1	1.00e0	5.44e2	665	249	249	5000	81.4	1	0.40	9	0.18
500	/Users/ranjithpapareddy/Desktop/Desktop-Ranjith-iMac/forGIT/UFMylation_Ribosome_stalling_RNA_Splicing/Part4_Splicing_Analysis/data/motifs/CisBP_Human_All.meme	M00694_2.00	ZCRB1	GUAUUAAKKK	2.55e-1	1.00e0	5.44e2	2456	249	249	5000	11.4	3	1.20	34	0.68
501	/Users/ranjithpapareddy/Desktop/Desktop-Ranjith-iMac/forGIT/UFMylation_Ribosome_stalling_RNA_Splicing/Part4_Splicing_Analysis/data/motifs/CisBP_Human_All.meme	M00607_2.00	MEX3A	DKAGAGUWUAKDK	9.73e-1	1.00e0	5.44e2	2828	249	249	5000	15.2	3	1.20	143	2.86
502	/Users/ranjithpapareddy/Desktop/Desktop-Ranjith-iMac/forGIT/UFMylation_Ribosome_stalling_RNA_Splicing/Part4_Splicing_Analysis/data/motifs/CisBP_Human_All.meme	M00460_2.00	QKI	UACUAAC	4.42e-1	1.00e0	5.44e2	713	249	249	5000	22.2	1	0.40	11	0.22
503	/Users/ranjithpapareddy/Desktop/Desktop-Ranjith-iMac/forGIT/UFMylation_Ribosome_stalling_RNA_Splicing/Part4_Splicing_Analysis/data/motifs/CisBP_Human_All.meme	M00606_2.00	MEX3A	UAUUUAU	4.53e-1	1.00e0	5.44e2	3578	249	249	5000	16.1	2	0.80	30	0.60
504	/Users/ranjithpapareddy/Desktop/Desktop-Ranjith-iMac/forGIT/UFMylation_Ribosome_stalling_RNA_Splicing/Part4_Splicing_Analysis/data/motifs/CisBP_Human_All.meme	M00135_2.00	M00135_2.00	ACUAACM	4.53e-1	1.00e0	5.44e2	900	249	249	5000	12.5	2	0.80	30	0.60
505	/Users/ranjithpapareddy/Desktop/Desktop-Ranjith-iMac/forGIT/UFMylation_Ribosome_stalling_RNA_Splicing/Part4_Splicing_Analysis/data/motifs/CisBP_Human_All.meme	M00352_2.00	M00352_2.00	WUAGGAA	7.01e-2	1.00e0	5.44e2	2978	249	249	5000	6.88	5	2.01	42	0.84
506	/Users/ranjithpapareddy/Desktop/Desktop-Ranjith-iMac/forGIT/UFMylation_Ribosome_stalling_RNA_Splicing/Part4_Splicing_Analysis/data/motifs/CisBP_Human_All.meme	M00074_2.00	RBM46	AAUSAAD	3.85e-1	1.00e0	5.44e2	3223	249	249	5000	13.1	1	0.40	9	0.18
507	/Users/ranjithpapareddy/Desktop/Desktop-Ranjith-iMac/forGIT/UFMylation_Ribosome_stalling_RNA_Splicing/Part4_Splicing_Analysis/data/motifs/CisBP_Human_All.meme	M00746_2.00	HNRNPL	YACAYA	1.26e-1	1.00e0	5.44e2	3257	249	249	5000	3.62	13	5.22	180	3.60
508	/Users/ranjithpapareddy/Desktop/Desktop-Ranjith-iMac/forGIT/UFMylation_Ribosome_stalling_RNA_Splicing/Part4_Splicing_Analysis/data/motifs/CisBP_Human_All.meme	M00747_2.00	IGF2BP1	AUACA	1.24e-1	1.00e0	5.44e2	2813	249	249	5000	13.7	2	0.80	11	0.22
509	/Users/ranjithpapareddy/Desktop/Desktop-Ranjith-iMac/forGIT/UFMylation_Ribosome_stalling_RNA_Splicing/Part4_Splicing_Analysis/data/motifs/CisBP_Human_All.meme	M00265_2.00	SYNCRIP	MAAAAAG	1.00e0	1.00e0	5.44e2	3754	249	249	5000	17.7	1	0.40	250	5.00
510	/Users/ranjithpapareddy/Desktop/Desktop-Ranjith-iMac/forGIT/UFMylation_Ribosome_stalling_RNA_Splicing/Part4_Splicing_Analysis/data/motifs/CisBP_Human_All.meme	M00264_2.00	SYNCRIP	CCAAAUU	9.26e-2	1.00e0	5.44e2	3805	249	249	5000	34.2	1	0.40	1	0.02
511	/Users/ranjithpapareddy/Desktop/Desktop-Ranjith-iMac/forGIT/UFMylation_Ribosome_stalling_RNA_Splicing/Part4_Splicing_Analysis/data/motifs/CisBP_Human_All.meme	M00002_2.00	TRIM71	KYWAAGC	4.14e-1	1.00e0	5.44e2	3270	249	249	5000	8.08	1	0.40	10	0.20
512	/Users/ranjithpapareddy/Desktop/Desktop-Ranjith-iMac/forGIT/UFMylation_Ribosome_stalling_RNA_Splicing/Part4_Splicing_Analysis/data/motifs/CisBP_Human_All.meme	M00198_2.00	KHDRBS2	RAUAAAM	2.55e-1	1.00e0	5.44e2	3559	249	249	5000	15	3	1.20	34	0.68
513	/Users/ranjithpapareddy/Desktop/Desktop-Ranjith-iMac/forGIT/UFMylation_Ribosome_stalling_RNA_Splicing/Part4_Splicing_Analysis/data/motifs/CisBP_Human_All.meme	M00731_2.00	HNRNPA0	UAUAG	9.83e-2	1.00e0	5.44e2	2487	249	249	5000	2.81	9	3.61	107	2.14
514	/Users/ranjithpapareddy/Desktop/Desktop-Ranjith-iMac/forGIT/UFMylation_Ribosome_stalling_RNA_Splicing/Part4_Splicing_Analysis/data/motifs/CisBP_Human_All.meme	M00091_2.00	SNRPA	UUGCACA	2.60e-2	1.00e0	5.44e2	1581	249	249	5000	13.5	3	1.20	11	0.22
515	/Users/ranjithpapareddy/Desktop/Desktop-Ranjith-iMac/forGIT/UFMylation_Ribosome_stalling_RNA_Splicing/Part4_Splicing_Analysis/data/motifs/CisBP_Human_All.meme	M00090_2.00	SNRNP70	RWUCAAG	1.54e-1	1.00e0	5.44e2	2709	249	249	5000	6.72	4	1.61	40	0.80
516	/Users/ranjithpapareddy/Desktop/Desktop-Ranjith-iMac/forGIT/UFMylation_Ribosome_stalling_RNA_Splicing/Part4_Splicing_Analysis/data/motifs/CisBP_Human_All.meme	M00639_2.00	RBM6	NNBSGUGCGCUCCUHGCCHBBNN	8.27e-1	1.00e0	5.44e2	59	249	249	5000	1.83	1	0.40	35	0.70
517	/Users/ranjithpapareddy/Desktop/Desktop-Ranjith-iMac/forGIT/UFMylation_Ribosome_stalling_RNA_Splicing/Part4_Splicing_Analysis/data/motifs/CisBP_Human_All.meme	M00778_2.00	PUM1	UAAAU	4.74e-2	1.00e0	5.44e2	3266	249	249	5000	36.4	1	0.40	0	0.00
518	/Users/ranjithpapareddy/Desktop/Desktop-Ranjith-iMac/forGIT/UFMylation_Ribosome_stalling_RNA_Splicing/Part4_Splicing_Analysis/data/motifs/CisBP_Human_All.meme	M12972_2.00	CELF2	UGUKUGUK	4.48e-1	1.00e0	5.44e2	3302	249	249	5000	12.7	4	1.61	68	1.36
519	/Users/ranjithpapareddy/Desktop/Desktop-Ranjith-iMac/forGIT/UFMylation_Ribosome_stalling_RNA_Splicing/Part4_Splicing_Analysis/data/motifs/CisBP_Human_All.meme	M00485_2.00	M00485_2.00	UGUAVAUARNKVVBSBBSCCS	2.30e-1	1.00e0	5.44e2	174	249	249	5000	2.32	6	2.41	81	1.62
520	/Users/ranjithpapareddy/Desktop/Desktop-Ranjith-iMac/forGIT/UFMylation_Ribosome_stalling_RNA_Splicing/Part4_Splicing_Analysis/data/motifs/CisBP_Human_All.meme	M00670_2.00	SNRNP70	GUUCAMGNGG	6.13e-1	1.00e0	5.44e2	1793	249	249	5000	8.48	3	1.20	63	1.26
521	/Users/ranjithpapareddy/Desktop/Desktop-Ranjith-iMac/forGIT/UFMylation_Ribosome_stalling_RNA_Splicing/Part4_Splicing_Analysis/data/motifs/CisBP_Human_All.meme	M00671_2.00	SNRNP70	GUUCAAGGUG	9.30e-1	1.00e0	5.44e2	643	249	249	5000	4.94	3	1.20	117	2.34
522	/Users/ranjithpapareddy/Desktop/Desktop-Ranjith-iMac/forGIT/UFMylation_Ribosome_stalling_RNA_Splicing/Part4_Splicing_Analysis/data/motifs/CisBP_Human_All.meme	M00417_2.00	FUBP1	WAUGUAWD	2.25e-2	1.00e0	5.44e2	2768	249	249	5000	10.8	6	2.41	41	0.82
523	/Users/ranjithpapareddy/Desktop/Desktop-Ranjith-iMac/forGIT/UFMylation_Ribosome_stalling_RNA_Splicing/Part4_Splicing_Analysis/data/motifs/CisBP_Human_All.meme	M00644_2.00	RBMS2	CAGUGAUUGG	2.05e-1	1.00e0	5.44e2	1110	249	249	5000	14.9	3	1.20	30	0.60
524	/Users/ranjithpapareddy/Desktop/Desktop-Ranjith-iMac/forGIT/UFMylation_Ribosome_stalling_RNA_Splicing/Part4_Splicing_Analysis/data/motifs/CisBP_Human_All.meme	M00645_2.00	RBMS2	CGCUAUAUAG	9.13e-1	1.00e0	5.44e2	683	249	249	5000	3.82	1	0.40	49	0.98
525	/Users/ranjithpapareddy/Desktop/Desktop-Ranjith-iMac/forGIT/UFMylation_Ribosome_stalling_RNA_Splicing/Part4_Splicing_Analysis/data/motifs/CisBP_Human_All.meme	M13124_2.00	ENSG00000282755	NUUUUUUA	3.67e-2	1.00e0	5.44e2	3692	249	249	5000	53.2	4	1.61	23	0.46
526	/Users/ranjithpapareddy/Desktop/Desktop-Ranjith-iMac/forGIT/UFMylation_Ribosome_stalling_RNA_Splicing/Part4_Splicing_Analysis/data/motifs/CisBP_Human_All.meme	M00382_2.00	DDX53	AGAAUAA	3.89e-1	1.00e0	5.44e2	3979	249	249	5000	7.21	6	2.41	100	2.00
527	/Users/ranjithpapareddy/Desktop/Desktop-Ranjith-iMac/forGIT/UFMylation_Ribosome_stalling_RNA_Splicing/Part4_Splicing_Analysis/data/motifs/CisBP_Human_All.meme	M00797_2.00	RBM47	UGAUU	3.23e-2	1.00e0	5.44e2	2778	249	249	5000	7.07	6	2.41	45	0.90
528	/Users/ranjithpapareddy/Desktop/Desktop-Ranjith-iMac/forGIT/UFMylation_Ribosome_stalling_RNA_Splicing/Part4_Splicing_Analysis/data/motifs/CisBP_Human_All.meme	M00796_2.00	RBM47	WAAUYA	2.73e-1	1.00e0	5.44e2	3609	249	249	5000	5.75	7	2.81	104	2.08
529	/Users/ranjithpapareddy/Desktop/Desktop-Ranjith-iMac/forGIT/UFMylation_Ribosome_stalling_RNA_Splicing/Part4_Splicing_Analysis/data/motifs/CisBP_Human_All.meme	M00563_2.00	CSDC2	UUGCCUUGUCCCGRU	4.53e-1	1.00e0	5.44e2	62	249	249	5000	2.71	2	0.80	30	0.60
530	/Users/ranjithpapareddy/Desktop/Desktop-Ranjith-iMac/forGIT/UFMylation_Ribosome_stalling_RNA_Splicing/Part4_Splicing_Analysis/data/motifs/CisBP_Human_All.meme	M00562_2.00	CSDC2	GCCAUGAUCAUGAU	1.00e0	1.00e0	5.44e2	158	249	249	5000	10.2	0	0.00	44	0.88
531	/Users/ranjithpapareddy/Desktop/Desktop-Ranjith-iMac/forGIT/UFMylation_Ribosome_stalling_RNA_Splicing/Part4_Splicing_Analysis/data/motifs/CisBP_Human_All.meme	M00587_2.00	HNRNPA0	KUAGKUUAGGU	7.93e-1	1.00e0	5.44e2	924	249	249	5000	8.27	2	0.80	59	1.18
532	/Users/ranjithpapareddy/Desktop/Desktop-Ranjith-iMac/forGIT/UFMylation_Ribosome_stalling_RNA_Splicing/Part4_Splicing_Analysis/data/motifs/CisBP_Human_All.meme	M00149_2.00	ELAVL1	UUGGUUU	4.74e-2	1.00e0	5.44e2	3728	249	249	5000	51.4	1	0.40	0	0.00
533	/Users/ranjithpapareddy/Desktop/Desktop-Ranjith-iMac/forGIT/UFMylation_Ribosome_stalling_RNA_Splicing/Part4_Splicing_Analysis/data/motifs/CisBP_Human_All.meme	M13012_2.00	SF3B6	HWUUUUUMC	4.74e-2	1.00e0	5.44e2	3849	249	249	5000	116	1	0.40	0	0.00
534	/Users/ranjithpapareddy/Desktop/Desktop-Ranjith-iMac/forGIT/UFMylation_Ribosome_stalling_RNA_Splicing/Part4_Splicing_Analysis/data/motifs/CisBP_Human_All.meme	M00041_2.00	SRSF10	AGAGAAA	4.69e-1	1.00e0	5.44e2	3975	249	249	5000	26.4	1	0.40	12	0.24
535	/Users/ranjithpapareddy/Desktop/Desktop-Ranjith-iMac/forGIT/UFMylation_Ribosome_stalling_RNA_Splicing/Part4_Splicing_Analysis/data/motifs/CisBP_Human_All.meme	M00772_2.00	ENSG00000238104	AUUAM	7.18e-1	1.00e0	5.44e2	3108	249	249	5000	7.93	1	0.40	25	0.50
536	/Users/ranjithpapareddy/Desktop/Desktop-Ranjith-iMac/forGIT/UFMylation_Ribosome_stalling_RNA_Splicing/Part4_Splicing_Analysis/data/motifs/CisBP_Human_All.meme	M00773_2.00	ENSG00000238104	AUGAA	1.72e-1	1.00e0	5.44e2	3147	249	249	5000	6.86	8	3.21	106	2.12
537	/Users/ranjithpapareddy/Desktop/Desktop-Ranjith-iMac/forGIT/UFMylation_Ribosome_stalling_RNA_Splicing/Part4_Splicing_Analysis/data/motifs/CisBP_Human_All.meme	M00515_2.00	SNRPA	AUUGCACH	1.92e-1	1.00e0	5.44e2	1399	249	249	5000	19.9	3	1.20	29	0.58
538	/Users/ranjithpapareddy/Desktop/Desktop-Ranjith-iMac/forGIT/UFMylation_Ribosome_stalling_RNA_Splicing/Part4_Splicing_Analysis/data/motifs/CisBP_Human_All.meme	M00101_2.00	AC009690.3	UGUUGUG	4.12e-2	1.00e0	5.44e2	3054	249	249	5000	5.85	6	2.41	48	0.96
539	/Users/ranjithpapareddy/Desktop/Desktop-Ranjith-iMac/forGIT/UFMylation_Ribosome_stalling_RNA_Splicing/Part4_Splicing_Analysis/data/motifs/CisBP_Human_All.meme	M00100_2.00	M00100_2.00	UUUUUUY	1.26e-2	1.00e0	5.44e2	3919	249	249	5000	95	2	0.80	2	0.04
540	/Users/ranjithpapareddy/Desktop/Desktop-Ranjith-iMac/forGIT/UFMylation_Ribosome_stalling_RNA_Splicing/Part4_Splicing_Analysis/data/motifs/CisBP_Human_All.meme	M00009_2.00	TRIM56	WURUAGG	2.04e-2	1.00e0	5.44e2	2381	249	249	5000	3.52	6	2.41	40	0.80
541	/Users/ranjithpapareddy/Desktop/Desktop-Ranjith-iMac/forGIT/UFMylation_Ribosome_stalling_RNA_Splicing/Part4_Splicing_Analysis/data/motifs/CisBP_Human_All.meme	M00532_2.00	SRSF6	GAUCAACCHGGCGACAG	1.00e0	1.00e0	5.44e2	1	249	249	5000	0.621	0	0.00	1	0.02
542	/Users/ranjithpapareddy/Desktop/Desktop-Ranjith-iMac/forGIT/UFMylation_Ribosome_stalling_RNA_Splicing/Part4_Splicing_Analysis/data/motifs/CisBP_Human_All.meme	M00691_2.00	ZC3H12C	DUGCGKCAGUCGGUAGC	1.00e0	1.00e0	5.44e2	1	249	249	5000	2.85	0	0.00	1	0.02
543	/Users/ranjithpapareddy/Desktop/Desktop-Ranjith-iMac/forGIT/UFMylation_Ribosome_stalling_RNA_Splicing/Part4_Splicing_Analysis/data/motifs/CisBP_Human_All.meme	M00579_2.00	DAZ2	BDGGUGUGCGCGUUUCCGCCMN	1.00e0	1.00e0	5.44e2	1	249	249	5000	1.49	0	0.00	1	0.02
544	/Users/ranjithpapareddy/Desktop/Desktop-Ranjith-iMac/forGIT/UFMylation_Ribosome_stalling_RNA_Splicing/Part4_Splicing_Analysis/data/motifs/CisBP_Human_All.meme	M00688_2.00	ZC3H12B	UGCGWCAGUCGGUAGCU	1.00e0	1.00e0	5.44e2	1	249	249	5000	6.28	0	0.00	1	0.02

# AME (Analysis of Motif Enrichment): Version 5.5.9 compiled on Nov 24 2025 at 04:02:45
# The format of this file is described at https://meme-suite.org/meme/doc/ame-output-format.html.
# ame --evalue-report-threshold 1000 --control hs_RI_direct/human/nucleus/step10_motif_analysis/RI_DeepDive_dPSI_positive/constitutive_introns.intron.fa --oc hs_RI_direct/human/nucleus/step10_motif_analysis/RI_DeepDive_dPSI_positive/ame_UFM1_independent_vs_constitutive hs_RI_direct/human/nucleus/step10_motif_analysis/RI_DeepDive_dPSI_positive/preserved.intron.fa /Users/ranjithpapareddy/Desktop/Desktop-Ranjith-iMac/forGIT/UFMylation_Ribosome_stalling_RNA_Splicing/Part4_Splicing_Analysis/data/motifs/CisBP_Human_All.meme
