rank	motif_DB	motif_ID	motif_alt_ID	consensus	p-value	adj_p-value	E-value	tests	FASTA_max	pos	neg	PWM_min	TP	%TP	FP	%FP
1	/Users/ranjithpapareddy/Desktop/Desktop-Ranjith-iMac/forGIT/UFMylation_Ribosome_stalling_RNA_Splicing/Part4_Splicing_Analysis/data/motifs/CisBP_Human_All.meme	M00542_2.00	RBMY1D	CCMB	2.32e-40	8.97e-37	4.88e-34	3857	610	610	5000	1.85	302	49.51	1153	23.06
2	/Users/ranjithpapareddy/Desktop/Desktop-Ranjith-iMac/forGIT/UFMylation_Ribosome_stalling_RNA_Splicing/Part4_Splicing_Analysis/data/motifs/CisBP_Human_All.meme	M00765_2.00	PCBP3	HGCCCC	3.38e-39	9.65e-36	5.25e-33	2855	610	610	5000	1.71	331	54.26	1369	27.38
3	/Users/ranjithpapareddy/Desktop/Desktop-Ranjith-iMac/forGIT/UFMylation_Ribosome_stalling_RNA_Splicing/Part4_Splicing_Analysis/data/motifs/CisBP_Human_All.meme	M00518_2.00	MBNL1	YGCU	4.54e-34	6.44e-31	3.50e-28	1416	610	610	5000	1.11	238	39.02	839	16.78
4	/Users/ranjithpapareddy/Desktop/Desktop-Ranjith-iMac/forGIT/UFMylation_Ribosome_stalling_RNA_Splicing/Part4_Splicing_Analysis/data/motifs/CisBP_Human_All.meme	M00769_2.00	PCBP3	WUCCCCM	3.41e-34	1.11e-30	6.03e-28	3252	610	610	5000	2.03	252	41.31	923	18.46
5	/Users/ranjithpapareddy/Desktop/Desktop-Ranjith-iMac/forGIT/UFMylation_Ribosome_stalling_RNA_Splicing/Part4_Splicing_Analysis/data/motifs/CisBP_Human_All.meme	M00065_2.00	PCBP2	CCUYCCC	6.06e-33	2.41e-29	1.31e-26	3980	610	610	5000	5.99	171	28.03	478	9.56
6	/Users/ranjithpapareddy/Desktop/Desktop-Ranjith-iMac/forGIT/UFMylation_Ribosome_stalling_RNA_Splicing/Part4_Splicing_Analysis/data/motifs/CisBP_Human_All.meme	M00789_2.00	RBM25	GGGGNG	5.50e-30	1.50e-26	8.18e-24	2737	610	610	5000	2.03	276	45.25	1145	22.90
7	/Users/ranjithpapareddy/Desktop/Desktop-Ranjith-iMac/forGIT/UFMylation_Ribosome_stalling_RNA_Splicing/Part4_Splicing_Analysis/data/motifs/CisBP_Human_All.meme	M00767_2.00	PCBP2	UWCCC	3.06e-29	8.68e-26	4.72e-23	2837	610	610	5000	1.88	203	33.28	699	13.98
8	/Users/ranjithpapareddy/Desktop/Desktop-Ranjith-iMac/forGIT/UFMylation_Ribosome_stalling_RNA_Splicing/Part4_Splicing_Analysis/data/motifs/CisBP_Human_All.meme	M00552_2.00	ENSG00000275272	KMRUVC	1.34e-28	1.57e-25	8.54e-23	1172	610	610	5000	1.23	130	21.31	321	6.42
9	/Users/ranjithpapareddy/Desktop/Desktop-Ranjith-iMac/forGIT/UFMylation_Ribosome_stalling_RNA_Splicing/Part4_Splicing_Analysis/data/motifs/CisBP_Human_All.meme	M00766_2.00	PCBP2	CCCCNCCCC	1.22e-28	4.08e-25	2.22e-22	3336	610	610	5000	2.79	265	43.44	1095	21.90
10	/Users/ranjithpapareddy/Desktop/Desktop-Ranjith-iMac/forGIT/UFMylation_Ribosome_stalling_RNA_Splicing/Part4_Splicing_Analysis/data/motifs/CisBP_Human_All.meme	M00800_2.00	RBM6	CGUCCM	3.63e-28	8.88e-25	4.83e-22	2444	610	610	5000	1.53	246	40.33	979	19.58
11	/Users/ranjithpapareddy/Desktop/Desktop-Ranjith-iMac/forGIT/UFMylation_Ribosome_stalling_RNA_Splicing/Part4_Splicing_Analysis/data/motifs/CisBP_Human_All.meme	M00743_2.00	HNRNPH1	GKGGGG	2.76e-27	7.85e-24	4.27e-21	2848	610	610	5000	1.9	298	48.85	1346	26.92
12	/Users/ranjithpapareddy/Desktop/Desktop-Ranjith-iMac/forGIT/UFMylation_Ribosome_stalling_RNA_Splicing/Part4_Splicing_Analysis/data/motifs/CisBP_Human_All.meme	M00650_2.00	RBMY1D	NGCNUMGYGCN	6.36e-26	6.35e-23	3.45e-20	998	610	610	5000	1.15	174	28.52	579	11.58
13	/Users/ranjithpapareddy/Desktop/Desktop-Ranjith-iMac/forGIT/UFMylation_Ribosome_stalling_RNA_Splicing/Part4_Splicing_Analysis/data/motifs/CisBP_Human_All.meme	M00785_2.00	RBM39	CCYCC	1.60e-25	5.28e-22	2.87e-19	3308	610	610	5000	3.47	223	36.56	877	17.54
14	/Users/ranjithpapareddy/Desktop/Desktop-Ranjith-iMac/forGIT/UFMylation_Ribosome_stalling_RNA_Splicing/Part4_Splicing_Analysis/data/motifs/CisBP_Human_All.meme	M00821_2.00	ENSG00000276833	GGDGGGG	7.93e-25	2.40e-21	1.30e-18	3022	610	610	5000	2.26	284	46.56	1296	25.92
15	/Users/ranjithpapareddy/Desktop/Desktop-Ranjith-iMac/forGIT/UFMylation_Ribosome_stalling_RNA_Splicing/Part4_Splicing_Analysis/data/motifs/CisBP_Human_All.meme	M00817_2.00	SRSF5	GCSCC	3.26e-24	5.69e-21	3.10e-18	1747	610	610	5000	2.49	183	30.00	655	13.10
16	/Users/ranjithpapareddy/Desktop/Desktop-Ranjith-iMac/forGIT/UFMylation_Ribosome_stalling_RNA_Splicing/Part4_Splicing_Analysis/data/motifs/CisBP_Human_All.meme	M00741_2.00	HNRNPF	GGGDGGGG	2.65e-24	8.81e-21	4.80e-18	3332	610	610	5000	2.67	264	43.28	1168	23.36
17	/Users/ranjithpapareddy/Desktop/Desktop-Ranjith-iMac/forGIT/UFMylation_Ribosome_stalling_RNA_Splicing/Part4_Splicing_Analysis/data/motifs/CisBP_Human_All.meme	M00742_2.00	HNRNPF	WGGGW	3.66e-24	1.43e-20	7.76e-18	3901	610	610	5000	2.24	225	36.89	913	18.26
18	/Users/ranjithpapareddy/Desktop/Desktop-Ranjith-iMac/forGIT/UFMylation_Ribosome_stalling_RNA_Splicing/Part4_Splicing_Analysis/data/motifs/CisBP_Human_All.meme	M00749_2.00	ILF2	GGGDGGGG	1.50e-22	5.10e-19	2.78e-16	3393	610	610	5000	2.41	280	45.90	1315	26.30
19	/Users/ranjithpapareddy/Desktop/Desktop-Ranjith-iMac/forGIT/UFMylation_Ribosome_stalling_RNA_Splicing/Part4_Splicing_Analysis/data/motifs/CisBP_Human_All.meme	M00723_2.00	EWSR1	GGGDGGGG	4.58e-22	1.57e-18	8.56e-16	3433	610	610	5000	2.33	295	48.36	1433	28.66
20	/Users/ranjithpapareddy/Desktop/Desktop-Ranjith-iMac/forGIT/UFMylation_Ribosome_stalling_RNA_Splicing/Part4_Splicing_Analysis/data/motifs/CisBP_Human_All.meme	M00733_2.00	HNRNPA2B1	RGGGG	1.09e-21	2.53e-18	1.38e-15	2328	610	610	5000	3.03	201	32.95	805	16.10
21	/Users/ranjithpapareddy/Desktop/Desktop-Ranjith-iMac/forGIT/UFMylation_Ribosome_stalling_RNA_Splicing/Part4_Splicing_Analysis/data/motifs/CisBP_Human_All.meme	M00801_2.00	RBM6	CCACC	1.32e-20	4.31e-17	2.34e-14	3268	610	610	5000	8.64	92	15.08	222	4.44
22	/Users/ranjithpapareddy/Desktop/Desktop-Ranjith-iMac/forGIT/UFMylation_Ribosome_stalling_RNA_Splicing/Part4_Splicing_Analysis/data/motifs/CisBP_Human_All.meme	M00788_2.00	RBM24	GGGGG	6.15e-20	1.16e-16	6.29e-14	1882	610	610	5000	5.4	129	21.15	413	8.26
23	/Users/ranjithpapareddy/Desktop/Desktop-Ranjith-iMac/forGIT/UFMylation_Ribosome_stalling_RNA_Splicing/Part4_Splicing_Analysis/data/motifs/CisBP_Human_All.meme	M00199_2.00	PCBP3	CCUWWCC	1.04e-19	2.81e-16	1.53e-13	2704	610	610	5000	2.73	162	26.56	602	12.04
24	/Users/ranjithpapareddy/Desktop/Desktop-Ranjith-iMac/forGIT/UFMylation_Ribosome_stalling_RNA_Splicing/Part4_Splicing_Analysis/data/motifs/CisBP_Human_All.meme	M00812_2.00	SRSF11	AGGGG	7.40e-20	2.99e-16	1.63e-13	4044	610	610	5000	3.39	170	27.87	647	12.94
25	/Users/ranjithpapareddy/Desktop/Desktop-Ranjith-iMac/forGIT/UFMylation_Ribosome_stalling_RNA_Splicing/Part4_Splicing_Analysis/data/motifs/CisBP_Human_All.meme	M00616_2.00	PCBP3	BCCUUDDCCUU	8.86e-20	3.33e-16	1.81e-13	3759	610	610	5000	3.53	161	26.39	595	11.90
26	/Users/ranjithpapareddy/Desktop/Desktop-Ranjith-iMac/forGIT/UFMylation_Ribosome_stalling_RNA_Splicing/Part4_Splicing_Analysis/data/motifs/CisBP_Human_All.meme	M00229_2.00	PCBP3	CCUUUCCC	1.06e-19	3.44e-16	1.87e-13	3256	610	610	5000	3	152	24.92	544	10.88
27	/Users/ranjithpapareddy/Desktop/Desktop-Ranjith-iMac/forGIT/UFMylation_Ribosome_stalling_RNA_Splicing/Part4_Splicing_Analysis/data/motifs/CisBP_Human_All.meme	M00722_2.00	ESRP1	GGGKGG	6.35e-19	2.09e-15	1.14e-12	3288	610	610	5000	2.66	216	35.41	954	19.08
28	/Users/ranjithpapareddy/Desktop/Desktop-Ranjith-iMac/forGIT/UFMylation_Ribosome_stalling_RNA_Splicing/Part4_Splicing_Analysis/data/motifs/CisBP_Human_All.meme	M00730_2.00	ENSG00000276833	GGKGG	1.82e-18	5.39e-15	2.93e-12	2954	610	610	5000	3.46	178	29.18	720	14.40
29	/Users/ranjithpapareddy/Desktop/Desktop-Ranjith-iMac/forGIT/UFMylation_Ribosome_stalling_RNA_Splicing/Part4_Splicing_Analysis/data/motifs/CisBP_Human_All.meme	M00793_2.00	RBM45	CUDAC	7.99e-18	1.11e-14	6.06e-12	1395	610	610	5000	1.62	126	20.66	426	8.52
30	/Users/ranjithpapareddy/Desktop/Desktop-Ranjith-iMac/forGIT/UFMylation_Ribosome_stalling_RNA_Splicing/Part4_Splicing_Analysis/data/motifs/CisBP_Human_All.meme	M00233_2.00	PCBP3	VUWUCCC	9.02e-18	2.35e-14	1.28e-11	2600	610	610	5000	2.57	87	14.26	227	4.54
31	/Users/ranjithpapareddy/Desktop/Desktop-Ranjith-iMac/forGIT/UFMylation_Ribosome_stalling_RNA_Splicing/Part4_Splicing_Analysis/data/motifs/CisBP_Human_All.meme	M00514_2.00	ENSG00000276833	GGUG	1.44e-17	4.25e-14	2.31e-11	2945	610	610	5000	2.21	169	27.70	681	13.62
32	/Users/ranjithpapareddy/Desktop/Desktop-Ranjith-iMac/forGIT/UFMylation_Ribosome_stalling_RNA_Splicing/Part4_Splicing_Analysis/data/motifs/CisBP_Human_All.meme	M00824_2.00	AL109811.4	GAGUG	4.06e-17	1.09e-13	5.91e-11	2672	610	610	5000	3.66	101	16.56	303	6.06
33	/Users/ranjithpapareddy/Desktop/Desktop-Ranjith-iMac/forGIT/UFMylation_Ribosome_stalling_RNA_Splicing/Part4_Splicing_Analysis/data/motifs/CisBP_Human_All.meme	M00175_2.00	LIN28B	CGGAGGR	9.94e-17	2.54e-13	1.38e-10	2561	610	610	5000	1.96	207	33.93	941	18.82
34	/Users/ranjithpapareddy/Desktop/Desktop-Ranjith-iMac/forGIT/UFMylation_Ribosome_stalling_RNA_Splicing/Part4_Splicing_Analysis/data/motifs/CisBP_Human_All.meme	M00818_2.00	SRSF8	NGCAGC	2.17e-16	6.42e-13	3.49e-10	2953	610	610	5000	2.85	116	19.02	392	7.84
35	/Users/ranjithpapareddy/Desktop/Desktop-Ranjith-iMac/forGIT/UFMylation_Ribosome_stalling_RNA_Splicing/Part4_Splicing_Analysis/data/motifs/CisBP_Human_All.meme	M00083_2.00	SAMD4B	GCUGGMC	4.10e-16	1.18e-12	6.41e-10	2873	610	610	5000	4.65	102	16.72	321	6.42
36	/Users/ranjithpapareddy/Desktop/Desktop-Ranjith-iMac/forGIT/UFMylation_Ribosome_stalling_RNA_Splicing/Part4_Splicing_Analysis/data/motifs/CisBP_Human_All.meme	M00066_2.00	PPRC1	SSGCGCS	1.55e-15	1.23e-12	6.71e-10	798	610	610	5000	1.29	130	21.31	484	9.68
37	/Users/ranjithpapareddy/Desktop/Desktop-Ranjith-iMac/forGIT/UFMylation_Ribosome_stalling_RNA_Splicing/Part4_Splicing_Analysis/data/motifs/CisBP_Human_All.meme	M00125_2.00	SRSF1	GGAGGAN	4.08e-16	1.31e-12	7.12e-10	3206	610	610	5000	4.27	146	23.93	568	11.36
38	/Users/ranjithpapareddy/Desktop/Desktop-Ranjith-iMac/forGIT/UFMylation_Ribosome_stalling_RNA_Splicing/Part4_Splicing_Analysis/data/motifs/CisBP_Human_All.meme	M00744_2.00	HNRNPK	GCCCA	6.98e-16	2.12e-12	1.15e-9	3035	610	610	5000	4.94	113	18.52	383	7.66
39	/Users/ranjithpapareddy/Desktop/Desktop-Ranjith-iMac/forGIT/UFMylation_Ribosome_stalling_RNA_Splicing/Part4_Splicing_Analysis/data/motifs/CisBP_Human_All.meme	M00005_2.00	ARGLU1	CGGRGGS	9.80e-16	2.23e-12	1.21e-9	2278	610	610	5000	2.36	180	29.51	786	15.72
40	/Users/ranjithpapareddy/Desktop/Desktop-Ranjith-iMac/forGIT/UFMylation_Ribosome_stalling_RNA_Splicing/Part4_Splicing_Analysis/data/motifs/CisBP_Human_All.meme	M00661_2.00	RBPMS	DKCACA	1.31e-15	4.53e-12	2.46e-9	3466	610	610	5000	2.44	92	15.08	276	5.52
41	/Users/ranjithpapareddy/Desktop/Desktop-Ranjith-iMac/forGIT/UFMylation_Ribosome_stalling_RNA_Splicing/Part4_Splicing_Analysis/data/motifs/CisBP_Human_All.meme	M00811_2.00	SRSF10	NAGCAG	1.61e-15	5.48e-12	2.98e-9	3401	610	610	5000	3.4	89	14.59	262	5.24
42	/Users/ranjithpapareddy/Desktop/Desktop-Ranjith-iMac/forGIT/UFMylation_Ribosome_stalling_RNA_Splicing/Part4_Splicing_Analysis/data/motifs/CisBP_Human_All.meme	M00176_2.00	SRSF1	GGAGGAG	1.66e-15	6.06e-12	3.30e-9	3643	610	610	5000	4.56	142	23.28	555	11.10
43	/Users/ranjithpapareddy/Desktop/Desktop-Ranjith-iMac/forGIT/UFMylation_Ribosome_stalling_RNA_Splicing/Part4_Splicing_Analysis/data/motifs/CisBP_Human_All.meme	M00163_2.00	ESRP2	UGGGGAU	1.92e-15	6.86e-12	3.73e-9	3570	610	610	5000	2.57	211	34.59	997	19.94
44	/Users/ranjithpapareddy/Desktop/Desktop-Ranjith-iMac/forGIT/UFMylation_Ribosome_stalling_RNA_Splicing/Part4_Splicing_Analysis/data/motifs/CisBP_Human_All.meme	M00409_2.00	ESRP1	GGAUGGGGR	2.23e-15	7.48e-12	4.07e-9	3348	610	610	5000	4.1	171	28.03	736	14.72
45	/Users/ranjithpapareddy/Desktop/Desktop-Ranjith-iMac/forGIT/UFMylation_Ribosome_stalling_RNA_Splicing/Part4_Splicing_Analysis/data/motifs/CisBP_Human_All.meme	M00819_2.00	SRSF9	AGGAR	2.34e-15	1.06e-11	5.76e-9	4516	610	610	5000	2.95	180	29.51	794	15.88
46	/Users/ranjithpapareddy/Desktop/Desktop-Ranjith-iMac/forGIT/UFMylation_Ribosome_stalling_RNA_Splicing/Part4_Splicing_Analysis/data/motifs/CisBP_Human_All.meme	M00124_2.00	SRSF1	GGAGGAM	4.46e-15	1.45e-11	7.91e-9	3258	610	610	5000	3.91	136	22.30	527	10.54
47	/Users/ranjithpapareddy/Desktop/Desktop-Ranjith-iMac/forGIT/UFMylation_Ribosome_stalling_RNA_Splicing/Part4_Splicing_Analysis/data/motifs/CisBP_Human_All.meme	M00086_2.00	M00086_2.00	DGGAGGA	1.12e-14	4.13e-11	2.25e-8	3700	610	610	5000	5.22	151	24.75	625	12.50
48	/Users/ranjithpapareddy/Desktop/Desktop-Ranjith-iMac/forGIT/UFMylation_Ribosome_stalling_RNA_Splicing/Part4_Splicing_Analysis/data/motifs/CisBP_Human_All.meme	M00126_2.00	SRSF1	GGAGGRV	1.77e-14	5.26e-11	2.86e-8	2968	610	610	5000	5.42	132	21.64	514	10.28
49	/Users/ranjithpapareddy/Desktop/Desktop-Ranjith-iMac/forGIT/UFMylation_Ribosome_stalling_RNA_Splicing/Part4_Splicing_Analysis/data/motifs/CisBP_Human_All.meme	M00755_2.00	MBNL1	CGCUU	1.21e-13	6.95e-11	3.78e-8	574	610	610	5000	1.18	81	13.28	245	4.90
50	/Users/ranjithpapareddy/Desktop/Desktop-Ranjith-iMac/forGIT/UFMylation_Ribosome_stalling_RNA_Splicing/Part4_Splicing_Analysis/data/motifs/CisBP_Human_All.meme	M00048_2.00	HNRNPK	CCAAMCC	3.56e-14	9.07e-11	4.93e-8	2550	610	610	5000	2	159	26.07	685	13.70
51	/Users/ranjithpapareddy/Desktop/Desktop-Ranjith-iMac/forGIT/UFMylation_Ribosome_stalling_RNA_Splicing/Part4_Splicing_Analysis/data/motifs/CisBP_Human_All.meme	M00505_2.00	NONO	AGGGA	3.71e-14	1.22e-10	6.65e-8	3300	610	610	5000	5.16	101	16.56	343	6.86
52	/Users/ranjithpapareddy/Desktop/Desktop-Ranjith-iMac/forGIT/UFMylation_Ribosome_stalling_RNA_Splicing/Part4_Splicing_Analysis/data/motifs/CisBP_Human_All.meme	M00173_2.00	HNRNPH1	GGGAGGG	3.69e-14	1.32e-10	7.16e-8	3566	610	610	5000	3.06	256	41.97	1346	26.92
53	/Users/ranjithpapareddy/Desktop/Desktop-Ranjith-iMac/forGIT/UFMylation_Ribosome_stalling_RNA_Splicing/Part4_Splicing_Analysis/data/motifs/CisBP_Human_All.meme	M00127_2.00	SRSF1	GGAGGRV	5.30e-14	1.55e-10	8.45e-8	2928	610	610	5000	4.73	142	23.28	583	11.66
54	/Users/ranjithpapareddy/Desktop/Desktop-Ranjith-iMac/forGIT/UFMylation_Ribosome_stalling_RNA_Splicing/Part4_Splicing_Analysis/data/motifs/CisBP_Human_All.meme	M00816_2.00	SRSF5	GCAGC	6.61e-14	1.55e-10	8.45e-8	2350	610	610	5000	4.54	94	15.41	309	6.18
55	/Users/ranjithpapareddy/Desktop/Desktop-Ranjith-iMac/forGIT/UFMylation_Ribosome_stalling_RNA_Splicing/Part4_Splicing_Analysis/data/motifs/CisBP_Human_All.meme	M00814_2.00	SRSF2	UCCAG	4.79e-14	1.60e-10	8.70e-8	3338	610	610	5000	3.51	114	18.69	417	8.34
56	/Users/ranjithpapareddy/Desktop/Desktop-Ranjith-iMac/forGIT/UFMylation_Ribosome_stalling_RNA_Splicing/Part4_Splicing_Analysis/data/motifs/CisBP_Human_All.meme	M00798_2.00	RBM4B	GCGCGG	3.71e-13	1.96e-10	1.07e-7	530	610	610	5000	1.03	110	18.03	409	8.18
57	/Users/ranjithpapareddy/Desktop/Desktop-Ranjith-iMac/forGIT/UFMylation_Ribosome_stalling_RNA_Splicing/Part4_Splicing_Analysis/data/motifs/CisBP_Human_All.meme	M00756_2.00	MBNL1	GCGCAGC	1.28e-13	2.08e-10	1.13e-7	1625	610	610	5000	1.78	145	23.77	609	12.18
58	/Users/ranjithpapareddy/Desktop/Desktop-Ranjith-iMac/forGIT/UFMylation_Ribosome_stalling_RNA_Splicing/Part4_Splicing_Analysis/data/motifs/CisBP_Human_All.meme	M00799_2.00	RBM4B	WCGGGA	5.65e-13	2.73e-10	1.48e-7	483	610	610	5000	1	104	17.05	378	7.56
59	/Users/ranjithpapareddy/Desktop/Desktop-Ranjith-iMac/forGIT/UFMylation_Ribosome_stalling_RNA_Splicing/Part4_Splicing_Analysis/data/motifs/CisBP_Human_All.meme	M00454_2.00	ACO1	CAGUGH	1.14e-13	4.97e-10	2.70e-7	4362	610	610	5000	1.7	157	25.74	683	13.66
60	/Users/ranjithpapareddy/Desktop/Desktop-Ranjith-iMac/forGIT/UFMylation_Ribosome_stalling_RNA_Splicing/Part4_Splicing_Analysis/data/motifs/CisBP_Human_All.meme	M00673_2.00	SNRPA	DUGCACR	3.89e-13	6.23e-10	3.39e-7	1602	610	610	5000	1.62	124	20.33	491	9.82
61	/Users/ranjithpapareddy/Desktop/Desktop-Ranjith-iMac/forGIT/UFMylation_Ribosome_stalling_RNA_Splicing/Part4_Splicing_Analysis/data/motifs/CisBP_Human_All.meme	M00531_2.00	SRSF9	AGGAS	2.12e-13	7.88e-10	4.28e-7	3719	610	610	5000	2.14	126	20.66	498	9.96
62	/Users/ranjithpapareddy/Desktop/Desktop-Ranjith-iMac/forGIT/UFMylation_Ribosome_stalling_RNA_Splicing/Part4_Splicing_Analysis/data/motifs/CisBP_Human_All.meme	M00820_2.00	SRSF9	GGGAA	3.02e-13	9.45e-10	5.14e-7	3129	610	610	5000	5.51	80	13.11	245	4.90
63	/Users/ranjithpapareddy/Desktop/Desktop-Ranjith-iMac/forGIT/UFMylation_Ribosome_stalling_RNA_Splicing/Part4_Splicing_Analysis/data/motifs/CisBP_Human_All.meme	M13086_2.00	PCBP3	CCUUUCCY	1.23e-12	3.46e-9	1.88e-6	2804	610	610	5000	3.38	106	17.38	395	7.90
64	/Users/ranjithpapareddy/Desktop/Desktop-Ranjith-iMac/forGIT/UFMylation_Ribosome_stalling_RNA_Splicing/Part4_Splicing_Analysis/data/motifs/CisBP_Human_All.meme	M00776_2.00	ENSG00000274081	UCUCU	1.11e-12	4.00e-9	2.18e-6	3598	610	610	5000	3.66	117	19.18	458	9.16
65	/Users/ranjithpapareddy/Desktop/Desktop-Ranjith-iMac/forGIT/UFMylation_Ribosome_stalling_RNA_Splicing/Part4_Splicing_Analysis/data/motifs/CisBP_Human_All.meme	M00076_2.00	RBM8A	GCGCGCG	1.06e-11	4.98e-9	2.71e-6	470	610	610	5000	1.04	96	15.74	354	7.08
66	/Users/ranjithpapareddy/Desktop/Desktop-Ranjith-iMac/forGIT/UFMylation_Ribosome_stalling_RNA_Splicing/Part4_Splicing_Analysis/data/motifs/CisBP_Human_All.meme	M00663_2.00	RC3H2	DNCYUVURUBARGNN	4.16e-12	8.88e-9	4.83e-6	2133	610	610	5000	1.97	113	18.52	445	8.90
67	/Users/ranjithpapareddy/Desktop/Desktop-Ranjith-iMac/forGIT/UFMylation_Ribosome_stalling_RNA_Splicing/Part4_Splicing_Analysis/data/motifs/CisBP_Human_All.meme	M00148_2.00	SRSF6	GGAGGGV	4.14e-12	1.15e-8	6.28e-6	2788	610	610	5000	9.5	90	14.75	314	6.28
68	/Users/ranjithpapareddy/Desktop/Desktop-Ranjith-iMac/forGIT/UFMylation_Ribosome_stalling_RNA_Splicing/Part4_Splicing_Analysis/data/motifs/CisBP_Human_All.meme	M00087_2.00	SRSF9	GGRWGGA	3.47e-12	1.34e-8	7.29e-6	3861	610	610	5000	4.19	105	17.21	397	7.94
69	/Users/ranjithpapareddy/Desktop/Desktop-Ranjith-iMac/forGIT/UFMylation_Ribosome_stalling_RNA_Splicing/Part4_Splicing_Analysis/data/motifs/CisBP_Human_All.meme	M00815_2.00	SRSF6	AGCAG	5.90e-12	1.87e-8	1.02e-5	3176	610	610	5000	4.8	87	14.26	300	6.00
70	/Users/ranjithpapareddy/Desktop/Desktop-Ranjith-iMac/forGIT/UFMylation_Ribosome_stalling_RNA_Splicing/Part4_Splicing_Analysis/data/motifs/CisBP_Human_All.meme	M00734_2.00	HNRNPA2B1	GGGUA	4.42e-11	4.34e-8	2.36e-5	984	610	610	5000	3.26	56	9.18	153	3.06
71	/Users/ranjithpapareddy/Desktop/Desktop-Ranjith-iMac/forGIT/UFMylation_Ribosome_stalling_RNA_Splicing/Part4_Splicing_Analysis/data/motifs/CisBP_Human_All.meme	M00822_2.00	ENSG00000276833	GGGUA	4.42e-11	4.34e-8	2.36e-5	984	610	610	5000	3.26	56	9.18	153	3.06
72	/Users/ranjithpapareddy/Desktop/Desktop-Ranjith-iMac/forGIT/UFMylation_Ribosome_stalling_RNA_Splicing/Part4_Splicing_Analysis/data/motifs/CisBP_Human_All.meme	M00823_2.00	AL109811.4	GUAUG	2.19e-11	4.76e-8	2.59e-5	2179	610	610	5000	2.02	94	15.41	348	6.96
73	/Users/ranjithpapareddy/Desktop/Desktop-Ranjith-iMac/forGIT/UFMylation_Ribosome_stalling_RNA_Splicing/Part4_Splicing_Analysis/data/motifs/CisBP_Human_All.meme	M00489_2.00	EIF4B	GCKGRAM	3.86e-11	4.80e-8	2.61e-5	1245	610	610	5000	1.76	89	14.59	324	6.48
74	/Users/ranjithpapareddy/Desktop/Desktop-Ranjith-iMac/forGIT/UFMylation_Ribosome_stalling_RNA_Splicing/Part4_Splicing_Analysis/data/motifs/CisBP_Human_All.meme	M00105_2.00	ZC3H10	SCAGCGC	4.35e-10	2.62e-7	1.42e-4	602	610	610	5000	1.29	90	14.75	348	6.96
75	/Users/ranjithpapareddy/Desktop/Desktop-Ranjith-iMac/forGIT/UFMylation_Ribosome_stalling_RNA_Splicing/Part4_Splicing_Analysis/data/motifs/CisBP_Human_All.meme	M00810_2.00	SNRPA	WGCACR	1.32e-10	2.79e-7	1.52e-4	2108	610	610	5000	1.75	118	19.34	505	10.10
76	/Users/ranjithpapareddy/Desktop/Desktop-Ranjith-iMac/forGIT/UFMylation_Ribosome_stalling_RNA_Splicing/Part4_Splicing_Analysis/data/motifs/CisBP_Human_All.meme	M00231_2.00	M00231_2.00	GACGACM	9.80e-10	5.02e-7	2.73e-4	512	610	610	5000	1.14	78	12.79	286	5.72
77	/Users/ranjithpapareddy/Desktop/Desktop-Ranjith-iMac/forGIT/UFMylation_Ribosome_stalling_RNA_Splicing/Part4_Splicing_Analysis/data/motifs/CisBP_Human_All.meme	M00826_2.00	TRA2A	MNGAAGA	2.01e-10	7.25e-7	3.94e-4	3600	610	610	5000	4.6	20	3.28	18	0.36
78	/Users/ranjithpapareddy/Desktop/Desktop-Ranjith-iMac/forGIT/UFMylation_Ribosome_stalling_RNA_Splicing/Part4_Splicing_Analysis/data/motifs/CisBP_Human_All.meme	M00268_2.00	PTBP2	CUYUUCU	1.68e-10	7.80e-7	4.24e-4	4652	610	610	5000	3.04	97	15.90	381	7.62
79	/Users/ranjithpapareddy/Desktop/Desktop-Ranjith-iMac/forGIT/UFMylation_Ribosome_stalling_RNA_Splicing/Part4_Splicing_Analysis/data/motifs/CisBP_Human_All.meme	M00200_2.00	AC009690.3	UGUGDKG	4.46e-10	1.51e-6	8.24e-4	3392	610	610	5000	3.09	108	17.70	455	9.10
80	/Users/ranjithpapareddy/Desktop/Desktop-Ranjith-iMac/forGIT/UFMylation_Ribosome_stalling_RNA_Splicing/Part4_Splicing_Analysis/data/motifs/CisBP_Human_All.meme	M00813_2.00	SRSF2	WGCAGC	4.50e-10	1.59e-6	8.64e-4	3527	610	610	5000	3.61	99	16.23	401	8.02
81	/Users/ranjithpapareddy/Desktop/Desktop-Ranjith-iMac/forGIT/UFMylation_Ribosome_stalling_RNA_Splicing/Part4_Splicing_Analysis/data/motifs/CisBP_Human_All.meme	M00210_2.00	PCBP3	HUUUCCCU	5.29e-10	1.81e-6	9.84e-4	3419	610	610	5000	3.97	77	12.62	276	5.52
82	/Users/ranjithpapareddy/Desktop/Desktop-Ranjith-iMac/forGIT/UFMylation_Ribosome_stalling_RNA_Splicing/Part4_Splicing_Analysis/data/motifs/CisBP_Human_All.meme	M00649_2.00	RBMY1D	NWGCUUMGUGCNN	1.98e-9	2.19e-6	1.19e-3	1104	610	610	5000	1.85	95	15.57	390	7.80
83	/Users/ranjithpapareddy/Desktop/Desktop-Ranjith-iMac/forGIT/UFMylation_Ribosome_stalling_RNA_Splicing/Part4_Splicing_Analysis/data/motifs/CisBP_Human_All.meme	M00016_2.00	CNBP	GGAGGWG	7.10e-10	2.37e-6	1.29e-3	3332	610	610	5000	5.76	105	17.21	441	8.82
84	/Users/ranjithpapareddy/Desktop/Desktop-Ranjith-iMac/forGIT/UFMylation_Ribosome_stalling_RNA_Splicing/Part4_Splicing_Analysis/data/motifs/CisBP_Human_All.meme	M00300_2.00	MBNL2	DGCUUGC	1.70e-9	3.18e-6	1.73e-3	1870	610	610	5000	1.61	111	18.20	486	9.72
85	/Users/ranjithpapareddy/Desktop/Desktop-Ranjith-iMac/forGIT/UFMylation_Ribosome_stalling_RNA_Splicing/Part4_Splicing_Analysis/data/motifs/CisBP_Human_All.meme	M00724_2.00	EWSR1	AGGUG	2.02e-9	6.42e-6	3.49e-3	3173	610	610	5000	4.53	74	12.13	269	5.38
86	/Users/ranjithpapareddy/Desktop/Desktop-Ranjith-iMac/forGIT/UFMylation_Ribosome_stalling_RNA_Splicing/Part4_Splicing_Analysis/data/motifs/CisBP_Human_All.meme	M00147_2.00	M00147_2.00	DWGCACA	3.62e-9	8.30e-6	4.52e-3	2291	610	610	5000	4.08	47	7.70	132	2.64
87	/Users/ranjithpapareddy/Desktop/Desktop-Ranjith-iMac/forGIT/UFMylation_Ribosome_stalling_RNA_Splicing/Part4_Splicing_Analysis/data/motifs/CisBP_Human_All.meme	M00092_2.00	SRSF2	AGGAGWDR	2.25e-9	8.64e-6	4.70e-3	3832	610	610	5000	8.82	43	7.05	111	2.22
88	/Users/ranjithpapareddy/Desktop/Desktop-Ranjith-iMac/forGIT/UFMylation_Ribosome_stalling_RNA_Splicing/Part4_Splicing_Analysis/data/motifs/CisBP_Human_All.meme	M00693_2.00	ZC3H6	GCUUGY	4.75e-9	8.89e-6	4.84e-3	1872	610	610	5000	1.79	68	11.15	242	4.84
89	/Users/ranjithpapareddy/Desktop/Desktop-Ranjith-iMac/forGIT/UFMylation_Ribosome_stalling_RNA_Splicing/Part4_Splicing_Analysis/data/motifs/CisBP_Human_All.meme	M00805_2.00	RC3H1	CUAUG	1.13e-8	1.05e-5	5.73e-3	935	610	610	5000	2	58	9.51	194	3.88
90	/Users/ranjithpapareddy/Desktop/Desktop-Ranjith-iMac/forGIT/UFMylation_Ribosome_stalling_RNA_Splicing/Part4_Splicing_Analysis/data/motifs/CisBP_Human_All.meme	M00490_2.00	EIF4B	GGAA	3.10e-9	1.13e-5	6.14e-3	3640	610	610	5000	1.97	115	18.85	517	10.34
91	/Users/ranjithpapareddy/Desktop/Desktop-Ranjith-iMac/forGIT/UFMylation_Ribosome_stalling_RNA_Splicing/Part4_Splicing_Analysis/data/motifs/CisBP_Human_All.meme	M00019_2.00	RBM10	GRAAGGG	4.77e-9	1.71e-5	9.31e-3	3588	610	610	5000	5.67	82	13.44	321	6.42
92	/Users/ranjithpapareddy/Desktop/Desktop-Ranjith-iMac/forGIT/UFMylation_Ribosome_stalling_RNA_Splicing/Part4_Splicing_Analysis/data/motifs/CisBP_Human_All.meme	M13030_2.00	GRSF1	DGGGAKGG	6.73e-9	2.42e-5	1.31e-2	3589	610	610	5000	5.33	156	25.57	795	15.90
93	/Users/ranjithpapareddy/Desktop/Desktop-Ranjith-iMac/forGIT/UFMylation_Ribosome_stalling_RNA_Splicing/Part4_Splicing_Analysis/data/motifs/CisBP_Human_All.meme	M12989_2.00	HNRNPH3	DGGGAKGG	7.45e-9	2.68e-5	1.46e-2	3591	610	610	5000	6.52	134	21.97	649	12.98
94	/Users/ranjithpapareddy/Desktop/Desktop-Ranjith-iMac/forGIT/UFMylation_Ribosome_stalling_RNA_Splicing/Part4_Splicing_Analysis/data/motifs/CisBP_Human_All.meme	M13073_2.00	HNRNPH1	DGGGAKGG	7.87e-9	2.83e-5	1.54e-2	3598	610	610	5000	6.3	144	23.61	716	14.32
95	/Users/ranjithpapareddy/Desktop/Desktop-Ranjith-iMac/forGIT/UFMylation_Ribosome_stalling_RNA_Splicing/Part4_Splicing_Analysis/data/motifs/CisBP_Human_All.meme	M00794_2.00	RBM45	ACACC	2.48e-8	4.78e-5	2.60e-2	1926	610	610	5000	3.11	75	12.30	294	5.88
96	/Users/ranjithpapareddy/Desktop/Desktop-Ranjith-iMac/forGIT/UFMylation_Ribosome_stalling_RNA_Splicing/Part4_Splicing_Analysis/data/motifs/CisBP_Human_All.meme	M00495_2.00	ENSG00000277564	GCAUG	3.35e-8	7.30e-5	3.97e-2	2182	610	610	5000	3.03	64	10.49	234	4.68
97	/Users/ranjithpapareddy/Desktop/Desktop-Ranjith-iMac/forGIT/UFMylation_Ribosome_stalling_RNA_Splicing/Part4_Splicing_Analysis/data/motifs/CisBP_Human_All.meme	M00042_2.00	FXR2	GGACRRG	4.68e-8	7.71e-5	4.19e-2	1648	610	610	5000	2.03	91	14.92	395	7.90
98	/Users/ranjithpapareddy/Desktop/Desktop-Ranjith-iMac/forGIT/UFMylation_Ribosome_stalling_RNA_Splicing/Part4_Splicing_Analysis/data/motifs/CisBP_Human_All.meme	M00094_2.00	SRSF9	AGGAGCA	2.31e-8	9.32e-5	5.07e-2	4031	610	610	5000	3.1	77	12.62	305	6.10
99	/Users/ranjithpapareddy/Desktop/Desktop-Ranjith-iMac/forGIT/UFMylation_Ribosome_stalling_RNA_Splicing/Part4_Splicing_Analysis/data/motifs/CisBP_Human_All.meme	M00059_2.00	MBNL1	NGCUUGC	7.89e-8	1.14e-4	6.23e-2	1450	610	610	5000	1.8	90	14.75	394	7.88
100	/Users/ranjithpapareddy/Desktop/Desktop-Ranjith-iMac/forGIT/UFMylation_Ribosome_stalling_RNA_Splicing/Part4_Splicing_Analysis/data/motifs/CisBP_Human_All.meme	M00018_2.00	RBM10	GGAAGGG	3.71e-8	1.28e-4	6.97e-2	3456	610	610	5000	5.34	93	15.25	405	8.10
101	/Users/ranjithpapareddy/Desktop/Desktop-Ranjith-iMac/forGIT/UFMylation_Ribosome_stalling_RNA_Splicing/Part4_Splicing_Analysis/data/motifs/CisBP_Human_All.meme	M00780_2.00	ENSG00000277564	GCAUG	8.47e-8	1.78e-4	9.71e-2	2107	610	610	5000	2.89	64	10.49	241	4.82
102	/Users/ranjithpapareddy/Desktop/Desktop-Ranjith-iMac/forGIT/UFMylation_Ribosome_stalling_RNA_Splicing/Part4_Splicing_Analysis/data/motifs/CisBP_Human_All.meme	M00781_2.00	ENSG00000277564	GCAUG	1.01e-7	2.10e-4	1.14e-1	2086	610	610	5000	2.84	65	10.66	248	4.96
103	/Users/ranjithpapareddy/Desktop/Desktop-Ranjith-iMac/forGIT/UFMylation_Ribosome_stalling_RNA_Splicing/Part4_Splicing_Analysis/data/motifs/CisBP_Human_All.meme	M13004_2.00	PPARGC1A	GCGCGCGG	6.69e-7	2.20e-4	1.20e-1	329	610	610	5000	2.25	40	6.56	126	2.52
104	/Users/ranjithpapareddy/Desktop/Desktop-Ranjith-iMac/forGIT/UFMylation_Ribosome_stalling_RNA_Splicing/Part4_Splicing_Analysis/data/motifs/CisBP_Human_All.meme	M00717_2.00	EIF4G2	GGUYGC	3.56e-7	2.41e-4	1.31e-1	677	610	610	5000	3.22	20	3.28	34	0.68
105	/Users/ranjithpapareddy/Desktop/Desktop-Ranjith-iMac/forGIT/UFMylation_Ribosome_stalling_RNA_Splicing/Part4_Splicing_Analysis/data/motifs/CisBP_Human_All.meme	M00774_2.00	PTBP3	CUUUCU	6.72e-8	2.86e-4	1.56e-1	4260	610	610	5000	2.48	98	16.07	442	8.84
106	/Users/ranjithpapareddy/Desktop/Desktop-Ranjith-iMac/forGIT/UFMylation_Ribosome_stalling_RNA_Splicing/Part4_Splicing_Analysis/data/motifs/CisBP_Human_All.meme	M00122_2.00	M00122_2.00	UGUAMAK	1.25e-7	2.92e-4	1.59e-1	2341	610	610	5000	5.35	23	3.77	42	0.84
107	/Users/ranjithpapareddy/Desktop/Desktop-Ranjith-iMac/forGIT/UFMylation_Ribosome_stalling_RNA_Splicing/Part4_Splicing_Analysis/data/motifs/CisBP_Human_All.meme	M00197_2.00	RBM24	WGUGUGA	2.00e-7	6.25e-4	3.40e-1	3121	610	610	5000	3.88	76	12.46	318	6.36
108	/Users/ranjithpapareddy/Desktop/Desktop-Ranjith-iMac/forGIT/UFMylation_Ribosome_stalling_RNA_Splicing/Part4_Splicing_Analysis/data/motifs/CisBP_Human_All.meme	M00131_2.00	RBM4	GCGCGSG	1.02e-6	6.49e-4	3.53e-1	637	610	610	5000	1.47	87	14.26	402	8.04
109	/Users/ranjithpapareddy/Desktop/Desktop-Ranjith-iMac/forGIT/UFMylation_Ribosome_stalling_RNA_Splicing/Part4_Splicing_Analysis/data/motifs/CisBP_Human_All.meme	M00657_2.00	RBPMS2	YAGGCACR	3.27e-7	7.25e-4	3.94e-1	2221	610	610	5000	4.01	43	7.05	137	2.74
110	/Users/ranjithpapareddy/Desktop/Desktop-Ranjith-iMac/forGIT/UFMylation_Ribosome_stalling_RNA_Splicing/Part4_Splicing_Analysis/data/motifs/CisBP_Human_All.meme	M00459_2.00	SF3B4	GUGUGA	5.07e-7	1.05e-3	5.72e-1	2077	610	610	5000	3.93	48	7.87	166	3.32
111	/Users/ranjithpapareddy/Desktop/Desktop-Ranjith-iMac/forGIT/UFMylation_Ribosome_stalling_RNA_Splicing/Part4_Splicing_Analysis/data/motifs/CisBP_Human_All.meme	M00072_2.00	RBM4	GCGCGGG	2.51e-6	1.15e-3	6.26e-1	458	610	610	5000	1.3	70	11.48	306	6.12
112	/Users/ranjithpapareddy/Desktop/Desktop-Ranjith-iMac/forGIT/UFMylation_Ribosome_stalling_RNA_Splicing/Part4_Splicing_Analysis/data/motifs/CisBP_Human_All.meme	M00142_2.00	CPEB3	KUUUGKG	3.51e-7	1.23e-3	6.69e-1	3500	610	610	5000	3.74	54	8.85	196	3.92
113	/Users/ranjithpapareddy/Desktop/Desktop-Ranjith-iMac/forGIT/UFMylation_Ribosome_stalling_RNA_Splicing/Part4_Splicing_Analysis/data/motifs/CisBP_Human_All.meme	M00120_2.00	M00120_2.00	UGUAYAK	8.02e-7	1.56e-3	8.51e-1	1951	610	610	5000	3.93	39	6.39	122	2.44
114	/Users/ranjithpapareddy/Desktop/Desktop-Ranjith-iMac/forGIT/UFMylation_Ribosome_stalling_RNA_Splicing/Part4_Splicing_Analysis/data/motifs/CisBP_Human_All.meme	M00167_2.00	RBM5	GAAGGAG	4.84e-7	1.62e-3	8.82e-1	3350	610	610	5000	3.33	99	16.23	470	9.40
115	/Users/ranjithpapareddy/Desktop/Desktop-Ranjith-iMac/forGIT/UFMylation_Ribosome_stalling_RNA_Splicing/Part4_Splicing_Analysis/data/motifs/CisBP_Human_All.meme	M00603_2.00	LARP7	GRUCGUGAUGY	2.54e-6	1.76e-3	9.59e-1	696	610	610	5000	2.33	47	7.70	172	3.44
116	/Users/ranjithpapareddy/Desktop/Desktop-Ranjith-iMac/forGIT/UFMylation_Ribosome_stalling_RNA_Splicing/Part4_Splicing_Analysis/data/motifs/CisBP_Human_All.meme	M00119_2.00	M00119_2.00	UGUACAK	1.07e-6	2.21e-3	1.20e0	2062	610	610	5000	4.73	33	5.41	94	1.88
117	/Users/ranjithpapareddy/Desktop/Desktop-Ranjith-iMac/forGIT/UFMylation_Ribosome_stalling_RNA_Splicing/Part4_Splicing_Analysis/data/motifs/CisBP_Human_All.meme	M00038_2.00	FMR1	GGACARG	1.12e-6	2.38e-3	1.29e0	2124	610	610	5000	4.29	49	8.03	177	3.54
118	/Users/ranjithpapareddy/Desktop/Desktop-Ranjith-iMac/forGIT/UFMylation_Ribosome_stalling_RNA_Splicing/Part4_Splicing_Analysis/data/motifs/CisBP_Human_All.meme	M00190_2.00	PSPC1	GURGUKU	7.76e-7	2.61e-3	1.42e0	3366	610	610	5000	1.77	77	12.62	337	6.74
119	/Users/ranjithpapareddy/Desktop/Desktop-Ranjith-iMac/forGIT/UFMylation_Ribosome_stalling_RNA_Splicing/Part4_Splicing_Analysis/data/motifs/CisBP_Human_All.meme	M00386_2.00	M00386_2.00	RADCACR	2.20e-6	3.01e-3	1.64e0	1370	610	610	5000	2.8	28	4.59	74	1.48
120	/Users/ranjithpapareddy/Desktop/Desktop-Ranjith-iMac/forGIT/UFMylation_Ribosome_stalling_RNA_Splicing/Part4_Splicing_Analysis/data/motifs/CisBP_Human_All.meme	M00523_2.00	NOVA2	DSVUNMVCUUCACMCC	1.55e-5	3.06e-3	1.66e0	197	610	610	5000	124	7	1.15	3	0.06
121	/Users/ranjithpapareddy/Desktop/Desktop-Ranjith-iMac/forGIT/UFMylation_Ribosome_stalling_RNA_Splicing/Part4_Splicing_Analysis/data/motifs/CisBP_Human_All.meme	M00791_2.00	RBM45	ACGCA	1.09e-5	3.07e-3	1.67e0	283	610	610	5000	1.01	54	8.85	224	4.48
122	/Users/ranjithpapareddy/Desktop/Desktop-Ranjith-iMac/forGIT/UFMylation_Ribosome_stalling_RNA_Splicing/Part4_Splicing_Analysis/data/motifs/CisBP_Human_All.meme	M13070_2.00	ENOX2	MRGACAGA	9.18e-7	3.09e-3	1.68e0	3371	610	610	5000	5.18	34	5.57	98	1.96
123	/Users/ranjithpapareddy/Desktop/Desktop-Ranjith-iMac/forGIT/UFMylation_Ribosome_stalling_RNA_Splicing/Part4_Splicing_Analysis/data/motifs/CisBP_Human_All.meme	M00067_2.00	M00067_2.00	UGUACAK	2.30e-6	4.74e-3	2.58e0	2062	610	610	5000	4.5	34	5.57	103	2.06
124	/Users/ranjithpapareddy/Desktop/Desktop-Ranjith-iMac/forGIT/UFMylation_Ribosome_stalling_RNA_Splicing/Part4_Splicing_Analysis/data/motifs/CisBP_Human_All.meme	M00711_2.00	CNOT4	ACACAG	1.29e-6	4.82e-3	2.62e0	3757	610	610	5000	3.77	49	8.03	178	3.56
125	/Users/ranjithpapareddy/Desktop/Desktop-Ranjith-iMac/forGIT/UFMylation_Ribosome_stalling_RNA_Splicing/Part4_Splicing_Analysis/data/motifs/CisBP_Human_All.meme	M00139_2.00	M00139_2.00	GUGGUGU	1.88e-6	4.94e-3	2.69e0	2638	610	610	5000	3.19	67	10.98	285	5.70
126	/Users/ranjithpapareddy/Desktop/Desktop-Ranjith-iMac/forGIT/UFMylation_Ribosome_stalling_RNA_Splicing/Part4_Splicing_Analysis/data/motifs/CisBP_Human_All.meme	M00786_2.00	RBM24	GUGUG	1.83e-6	4.98e-3	2.71e0	2727	610	610	5000	2.37	93	15.25	447	8.94
127	/Users/ranjithpapareddy/Desktop/Desktop-Ranjith-iMac/forGIT/UFMylation_Ribosome_stalling_RNA_Splicing/Part4_Splicing_Analysis/data/motifs/CisBP_Human_All.meme	M00550_2.00	SRSF2	AGSAGAGUW	1.93e-6	5.42e-3	2.95e0	2820	610	610	5000	10.9	29	4.75	78	1.56
128	/Users/ranjithpapareddy/Desktop/Desktop-Ranjith-iMac/forGIT/UFMylation_Ribosome_stalling_RNA_Splicing/Part4_Splicing_Analysis/data/motifs/CisBP_Human_All.meme	M00413_2.00	ENSG00000277564	WGCAUGM	3.10e-6	6.29e-3	3.42e0	2032	610	610	5000	10.7	18	2.95	33	0.66
129	/Users/ranjithpapareddy/Desktop/Desktop-Ranjith-iMac/forGIT/UFMylation_Ribosome_stalling_RNA_Splicing/Part4_Splicing_Analysis/data/motifs/CisBP_Human_All.meme	M00075_2.00	RBM5	GAAGGAA	1.93e-6	6.70e-3	3.65e0	3493	610	610	5000	6.08	49	8.03	181	3.62
130	/Users/ranjithpapareddy/Desktop/Desktop-Ranjith-iMac/forGIT/UFMylation_Ribosome_stalling_RNA_Splicing/Part4_Splicing_Analysis/data/motifs/CisBP_Human_All.meme	M00772_2.00	ENSG00000238104	AUUAM	2.92e-6	7.37e-3	4.01e0	2533	610	610	5000	5.7	11	1.80	10	0.20
131	/Users/ranjithpapareddy/Desktop/Desktop-Ranjith-iMac/forGIT/UFMylation_Ribosome_stalling_RNA_Splicing/Part4_Splicing_Analysis/data/motifs/CisBP_Human_All.meme	M13117_2.00	ENSG00000277564	HWGCAUGM	3.97e-6	7.56e-3	4.11e0	1912	610	610	5000	12.7	17	2.79	30	0.60
132	/Users/ranjithpapareddy/Desktop/Desktop-Ranjith-iMac/forGIT/UFMylation_Ribosome_stalling_RNA_Splicing/Part4_Splicing_Analysis/data/motifs/CisBP_Human_All.meme	M00488_2.00	EIF4B	GUHGGAA	4.85e-6	8.68e-3	4.72e0	1796	610	610	5000	2.89	38	6.23	128	2.56
133	/Users/ranjithpapareddy/Desktop/Desktop-Ranjith-iMac/forGIT/UFMylation_Ribosome_stalling_RNA_Splicing/Part4_Splicing_Analysis/data/motifs/CisBP_Human_All.meme	M00452_2.00	M00452_2.00	AACAUC	5.01e-6	8.88e-3	4.83e0	1780	610	610	5000	4.63	28	4.59	78	1.56
134	/Users/ranjithpapareddy/Desktop/Desktop-Ranjith-iMac/forGIT/UFMylation_Ribosome_stalling_RNA_Splicing/Part4_Splicing_Analysis/data/motifs/CisBP_Human_All.meme	M00768_2.00	PCBP2	AACCC	4.32e-6	9.30e-3	5.06e0	2164	610	610	5000	3.49	65	10.66	281	5.62
135	/Users/ranjithpapareddy/Desktop/Desktop-Ranjith-iMac/forGIT/UFMylation_Ribosome_stalling_RNA_Splicing/Part4_Splicing_Analysis/data/motifs/CisBP_Human_All.meme	M00121_2.00	M00121_2.00	UGUAMAK	4.80e-6	1.10e-2	5.98e0	2305	610	610	5000	4.62	23	3.77	55	1.10
136	/Users/ranjithpapareddy/Desktop/Desktop-Ranjith-iMac/forGIT/UFMylation_Ribosome_stalling_RNA_Splicing/Part4_Splicing_Analysis/data/motifs/CisBP_Human_All.meme	M00757_2.00	MBNL1	UGCUA	8.82e-6	1.13e-2	6.14e0	1286	610	610	5000	2.83	38	6.23	132	2.64
137	/Users/ranjithpapareddy/Desktop/Desktop-Ranjith-iMac/forGIT/UFMylation_Ribosome_stalling_RNA_Splicing/Part4_Splicing_Analysis/data/motifs/CisBP_Human_All.meme	M00761_2.00	NOVA1	AUCAC	5.65e-6	1.13e-2	6.14e0	2009	610	610	5000	3.36	38	6.23	129	2.58
138	/Users/ranjithpapareddy/Desktop/Desktop-Ranjith-iMac/forGIT/UFMylation_Ribosome_stalling_RNA_Splicing/Part4_Splicing_Analysis/data/motifs/CisBP_Human_All.meme	M00043_2.00	G3BP2	AGGAURA	5.01e-6	1.25e-2	6.78e0	2501	610	610	5000	5.61	28	4.59	78	1.56
139	/Users/ranjithpapareddy/Desktop/Desktop-Ranjith-iMac/forGIT/UFMylation_Ribosome_stalling_RNA_Splicing/Part4_Splicing_Analysis/data/motifs/CisBP_Human_All.meme	M00162_2.00	ENOX2	MAGACAG	4.64e-6	1.32e-2	7.19e0	2870	610	610	5000	4.02	33	5.41	102	2.04
140	/Users/ranjithpapareddy/Desktop/Desktop-Ranjith-iMac/forGIT/UFMylation_Ribosome_stalling_RNA_Splicing/Part4_Splicing_Analysis/data/motifs/CisBP_Human_All.meme	M00039_2.00	ENSG00000277564	UGCAUGM	7.64e-6	1.45e-2	7.89e0	1913	610	610	5000	11.7	17	2.79	32	0.64
141	/Users/ranjithpapareddy/Desktop/Desktop-Ranjith-iMac/forGIT/UFMylation_Ribosome_stalling_RNA_Splicing/Part4_Splicing_Analysis/data/motifs/CisBP_Human_All.meme	M00448_2.00	M00448_2.00	AACAUC	7.42e-6	1.45e-2	7.91e0	1974	610	610	5000	4.27	28	4.59	80	1.60
142	/Users/ranjithpapareddy/Desktop/Desktop-Ranjith-iMac/forGIT/UFMylation_Ribosome_stalling_RNA_Splicing/Part4_Splicing_Analysis/data/motifs/CisBP_Human_All.meme	M13119_2.00	MATR3	MAUCUUGB	7.16e-6	1.46e-2	7.92e0	2048	610	610	5000	5.98	21	3.44	48	0.96
143	/Users/ranjithpapareddy/Desktop/Desktop-Ranjith-iMac/forGIT/UFMylation_Ribosome_stalling_RNA_Splicing/Part4_Splicing_Analysis/data/motifs/CisBP_Human_All.meme	M00795_2.00	RBM4	GCGCGU	5.75e-5	1.51e-2	8.20e0	264	610	610	5000	1.05	48	7.87	204	4.08
144	/Users/ranjithpapareddy/Desktop/Desktop-Ranjith-iMac/forGIT/UFMylation_Ribosome_stalling_RNA_Splicing/Part4_Splicing_Analysis/data/motifs/CisBP_Human_All.meme	M00255_2.00	M00255_2.00	AGAYASAK	5.54e-6	1.53e-2	8.33e0	2787	610	610	5000	12.3	17	2.79	31	0.62
145	/Users/ranjithpapareddy/Desktop/Desktop-Ranjith-iMac/forGIT/UFMylation_Ribosome_stalling_RNA_Splicing/Part4_Splicing_Analysis/data/motifs/CisBP_Human_All.meme	M00745_2.00	HNRNPK	CACGC	2.34e-5	1.81e-2	9.82e0	780	610	610	5000	3.42	33	5.41	112	2.24
146	/Users/ranjithpapareddy/Desktop/Desktop-Ranjith-iMac/forGIT/UFMylation_Ribosome_stalling_RNA_Splicing/Part4_Splicing_Analysis/data/motifs/CisBP_Human_All.meme	M00770_2.00	PCBP3	GUCGG	7.32e-5	1.99e-2	1.08e1	274	610	610	5000	1.85	35	5.74	131	2.62
147	/Users/ranjithpapareddy/Desktop/Desktop-Ranjith-iMac/forGIT/UFMylation_Ribosome_stalling_RNA_Splicing/Part4_Splicing_Analysis/data/motifs/CisBP_Human_All.meme	M00250_2.00	PTBP1	ACUUUCU	5.37e-6	2.18e-2	1.19e1	4109	610	610	5000	4.57	49	8.03	189	3.78
148	/Users/ranjithpapareddy/Desktop/Desktop-Ranjith-iMac/forGIT/UFMylation_Ribosome_stalling_RNA_Splicing/Part4_Splicing_Analysis/data/motifs/CisBP_Human_All.meme	M00285_2.00	M00285_2.00	MKUGCGW	1.46e-4	2.19e-2	1.19e1	152	610	610	5000	1.29	25	4.10	82	1.64
149	/Users/ranjithpapareddy/Desktop/Desktop-Ranjith-iMac/forGIT/UFMylation_Ribosome_stalling_RNA_Splicing/Part4_Splicing_Analysis/data/motifs/CisBP_Human_All.meme	M00169_2.00	CNOT4	GACAGAN	7.16e-6	2.24e-2	1.22e1	3164	610	610	5000	9.89	21	3.44	48	0.96
150	/Users/ranjithpapareddy/Desktop/Desktop-Ranjith-iMac/forGIT/UFMylation_Ribosome_stalling_RNA_Splicing/Part4_Splicing_Analysis/data/motifs/CisBP_Human_All.meme	M00469_2.00	HNRNPA1	UAGGGW	1.57e-5	2.55e-2	1.39e1	1641	610	610	5000	4.6	29	4.75	89	1.78
151	/Users/ranjithpapareddy/Desktop/Desktop-Ranjith-iMac/forGIT/UFMylation_Ribosome_stalling_RNA_Splicing/Part4_Splicing_Analysis/data/motifs/CisBP_Human_All.meme	M00108_2.00	SRSF10	AGAGARR	6.86e-6	2.84e-2	1.54e1	4199	610	610	5000	5.7	68	11.15	304	6.08
152	/Users/ranjithpapareddy/Desktop/Desktop-Ranjith-iMac/forGIT/UFMylation_Ribosome_stalling_RNA_Splicing/Part4_Splicing_Analysis/data/motifs/CisBP_Human_All.meme	M00057_2.00	LIN28B	HGGAGAA	9.30e-6	2.96e-2	1.61e1	3228	610	610	5000	5.54	30	4.92	91	1.82
153	/Users/ranjithpapareddy/Desktop/Desktop-Ranjith-iMac/forGIT/UFMylation_Ribosome_stalling_RNA_Splicing/Part4_Splicing_Analysis/data/motifs/CisBP_Human_All.meme	M00192_2.00	M00192_2.00	UGUGUGA	1.18e-5	3.28e-2	1.79e1	2825	610	610	5000	5.59	52	8.52	213	4.26
154	/Users/ranjithpapareddy/Desktop/Desktop-Ranjith-iMac/forGIT/UFMylation_Ribosome_stalling_RNA_Splicing/Part4_Splicing_Analysis/data/motifs/CisBP_Human_All.meme	M00442_2.00	RBM38	GAGUGUG	1.22e-5	3.45e-2	1.88e1	2878	610	610	5000	4.06	55	9.02	231	4.62
155	/Users/ranjithpapareddy/Desktop/Desktop-Ranjith-iMac/forGIT/UFMylation_Ribosome_stalling_RNA_Splicing/Part4_Splicing_Analysis/data/motifs/CisBP_Human_All.meme	M00181_2.00	ENSG00000277564	WGCAUGM	1.88e-5	3.48e-2	1.90e1	1882	610	610	5000	10.3	17	2.79	35	0.70
156	/Users/ranjithpapareddy/Desktop/Desktop-Ranjith-iMac/forGIT/UFMylation_Ribosome_stalling_RNA_Splicing/Part4_Splicing_Analysis/data/motifs/CisBP_Human_All.meme	M00792_2.00	RBM45	ACKAC	1.53e-4	3.54e-2	1.93e1	235	610	610	5000	3.41	10	1.64	15	0.30
157	/Users/ranjithpapareddy/Desktop/Desktop-Ranjith-iMac/forGIT/UFMylation_Ribosome_stalling_RNA_Splicing/Part4_Splicing_Analysis/data/motifs/CisBP_Human_All.meme	M00170_2.00	BCL2L2-PABPN1	AGAAGAN	9.85e-6	3.61e-2	1.96e1	3730	610	610	5000	11.9	20	3.28	45	0.90
158	/Users/ranjithpapareddy/Desktop/Desktop-Ranjith-iMac/forGIT/UFMylation_Ribosome_stalling_RNA_Splicing/Part4_Splicing_Analysis/data/motifs/CisBP_Human_All.meme	M00110_2.00	SRSF10	AGAGAMA	1.10e-5	3.81e-2	2.07e1	3526	610	610	5000	10.9	29	4.75	87	1.74
159	/Users/ranjithpapareddy/Desktop/Desktop-Ranjith-iMac/forGIT/UFMylation_Ribosome_stalling_RNA_Splicing/Part4_Splicing_Analysis/data/motifs/CisBP_Human_All.meme	M00249_2.00	PTBP1	CUUUUCU	9.19e-6	3.84e-2	2.09e1	4256	610	610	5000	8.89	29	4.75	86	1.72
160	/Users/ranjithpapareddy/Desktop/Desktop-Ranjith-iMac/forGIT/UFMylation_Ribosome_stalling_RNA_Splicing/Part4_Splicing_Analysis/data/motifs/CisBP_Human_All.meme	M00685_2.00	ZC3H10	NGCGCAGCGUD	4.11e-4	3.87e-2	2.11e1	96	610	610	5000	1.06	22	3.61	73	1.46
161	/Users/ranjithpapareddy/Desktop/Desktop-Ranjith-iMac/forGIT/UFMylation_Ribosome_stalling_RNA_Splicing/Part4_Splicing_Analysis/data/motifs/CisBP_Human_All.meme	M00783_2.00	RBM15B	UUUAA	1.27e-5	4.08e-2	2.22e1	3272	610	610	5000	9.04	20	3.28	46	0.92
162	/Users/ranjithpapareddy/Desktop/Desktop-Ranjith-iMac/forGIT/UFMylation_Ribosome_stalling_RNA_Splicing/Part4_Splicing_Analysis/data/motifs/CisBP_Human_All.meme	M00623_2.00	ENSG00000277564	GCAUGKWGCAUG	2.62e-5	4.33e-2	2.35e1	1691	610	610	5000	2.41	91	14.92	468	9.36
163	/Users/ranjithpapareddy/Desktop/Desktop-Ranjith-iMac/forGIT/UFMylation_Ribosome_stalling_RNA_Splicing/Part4_Splicing_Analysis/data/motifs/CisBP_Human_All.meme	M00579_2.00	DAZ2	BDGGUGUGCGCGUUUCCGCCMN	1.18e-2	4.64e-2	2.52e1	4	610	610	5000	2.27	2	0.33	0	0.00
164	/Users/ranjithpapareddy/Desktop/Desktop-Ranjith-iMac/forGIT/UFMylation_Ribosome_stalling_RNA_Splicing/Part4_Splicing_Analysis/data/motifs/CisBP_Human_All.meme	M00784_2.00	RBM22	ACCGG	2.15e-4	5.02e-2	2.73e1	240	610	610	5000	1.37	34	5.57	134	2.68
165	/Users/ranjithpapareddy/Desktop/Desktop-Ranjith-iMac/forGIT/UFMylation_Ribosome_stalling_RNA_Splicing/Part4_Splicing_Analysis/data/motifs/CisBP_Human_All.meme	M00430_2.00	AL109811.4	UGAAUGA	2.44e-5	5.75e-2	3.13e1	2428	610	610	5000	8.31	15	2.46	28	0.56
166	/Users/ranjithpapareddy/Desktop/Desktop-Ranjith-iMac/forGIT/UFMylation_Ribosome_stalling_RNA_Splicing/Part4_Splicing_Analysis/data/motifs/CisBP_Human_All.meme	M00046_2.00	HNRNPA2B1	DUAGGGA	2.76e-5	5.77e-2	3.14e1	2150	610	610	5000	3.72	44	7.21	174	3.48
167	/Users/ranjithpapareddy/Desktop/Desktop-Ranjith-iMac/forGIT/UFMylation_Ribosome_stalling_RNA_Splicing/Part4_Splicing_Analysis/data/motifs/CisBP_Human_All.meme	M00058_2.00	MATR3	MAUCUUG	3.15e-5	6.82e-2	3.71e1	2244	610	610	5000	6.66	14	2.30	25	0.50
168	/Users/ranjithpapareddy/Desktop/Desktop-Ranjith-iMac/forGIT/UFMylation_Ribosome_stalling_RNA_Splicing/Part4_Splicing_Analysis/data/motifs/CisBP_Human_All.meme	M00040_2.00	FUS	UGCGCGC	3.26e-4	7.23e-2	3.93e1	230	610	610	5000	1.08	40	6.56	173	3.46
169	/Users/ranjithpapareddy/Desktop/Desktop-Ranjith-iMac/forGIT/UFMylation_Ribosome_stalling_RNA_Splicing/Part4_Splicing_Analysis/data/motifs/CisBP_Human_All.meme	M13110_2.00	AC009690.3	GUGUUKKK	2.42e-5	7.62e-2	4.15e1	3278	610	610	5000	3.12	48	7.87	196	3.92
170	/Users/ranjithpapareddy/Desktop/Desktop-Ranjith-iMac/forGIT/UFMylation_Ribosome_stalling_RNA_Splicing/Part4_Splicing_Analysis/data/motifs/CisBP_Human_All.meme	M00253_2.00	EIF2S1	WGCAUGM	3.82e-5	8.10e-2	4.41e1	2209	610	610	5000	4.92	32	5.25	110	2.20
171	/Users/ranjithpapareddy/Desktop/Desktop-Ranjith-iMac/forGIT/UFMylation_Ribosome_stalling_RNA_Splicing/Part4_Splicing_Analysis/data/motifs/CisBP_Human_All.meme	M13019_2.00	PSPC1	DGURGKKU	3.57e-5	9.08e-2	4.94e1	2667	610	610	5000	2.64	41	6.72	159	3.18
172	/Users/ranjithpapareddy/Desktop/Desktop-Ranjith-iMac/forGIT/UFMylation_Ribosome_stalling_RNA_Splicing/Part4_Splicing_Analysis/data/motifs/CisBP_Human_All.meme	M00626_2.00	RBM14	KGKUGSGUCG	4.30e-4	1.00e-1	5.47e1	246	610	610	5000	1.58	30	4.92	117	2.34
173	/Users/ranjithpapareddy/Desktop/Desktop-Ranjith-iMac/forGIT/UFMylation_Ribosome_stalling_RNA_Splicing/Part4_Splicing_Analysis/data/motifs/CisBP_Human_All.meme	M00680_2.00	YBX1	DUAACAUCGGG	2.57e-4	1.16e-1	6.30e1	480	610	610	5000	5.9	13	2.13	28	0.56
174	/Users/ranjithpapareddy/Desktop/Desktop-Ranjith-iMac/forGIT/UFMylation_Ribosome_stalling_RNA_Splicing/Part4_Splicing_Analysis/data/motifs/CisBP_Human_All.meme	M00546_2.00	SNRPA	AGGAGAU	5.11e-5	1.21e-1	6.61e1	2534	610	610	5000	6.73	23	3.77	66	1.32
175	/Users/ranjithpapareddy/Desktop/Desktop-Ranjith-iMac/forGIT/UFMylation_Ribosome_stalling_RNA_Splicing/Part4_Splicing_Analysis/data/motifs/CisBP_Human_All.meme	M00355_2.00	AL109811.4	UGAAUGW	5.84e-5	1.35e-1	7.36e1	2487	610	610	5000	9.69	11	1.80	16	0.32
176	/Users/ranjithpapareddy/Desktop/Desktop-Ranjith-iMac/forGIT/UFMylation_Ribosome_stalling_RNA_Splicing/Part4_Splicing_Analysis/data/motifs/CisBP_Human_All.meme	M00041_2.00	SRSF10	AGAGAAA	3.71e-5	1.36e-1	7.38e1	3932	610	610	5000	9.71	25	4.10	74	1.48
177	/Users/ranjithpapareddy/Desktop/Desktop-Ranjith-iMac/forGIT/UFMylation_Ribosome_stalling_RNA_Splicing/Part4_Splicing_Analysis/data/motifs/CisBP_Human_All.meme	M00627_2.00	RBM14	KGCGUCG	1.29e-3	1.41e-1	7.70e1	118	610	610	5000	1.03	24	3.93	92	1.84
178	/Users/ranjithpapareddy/Desktop/Desktop-Ranjith-iMac/forGIT/UFMylation_Ribosome_stalling_RNA_Splicing/Part4_Splicing_Analysis/data/motifs/CisBP_Human_All.meme	M00329_2.00	M00329_2.00	AWGACAA	4.47e-5	1.42e-1	7.74e1	3434	610	610	5000	3.65	26	4.26	80	1.60
179	/Users/ranjithpapareddy/Desktop/Desktop-Ranjith-iMac/forGIT/UFMylation_Ribosome_stalling_RNA_Splicing/Part4_Splicing_Analysis/data/motifs/CisBP_Human_All.meme	M00759_2.00	MSI1	UAGMA	5.96e-5	1.46e-1	7.94e1	2650	610	610	5000	4.33	22	3.61	62	1.24
180	/Users/ranjithpapareddy/Desktop/Desktop-Ranjith-iMac/forGIT/UFMylation_Ribosome_stalling_RNA_Splicing/Part4_Splicing_Analysis/data/motifs/CisBP_Human_All.meme	M00632_2.00	RBM42	CGGGGURUGY	4.46e-4	1.55e-1	8.45e1	379	610	610	5000	13.2	15	2.46	39	0.78
181	/Users/ranjithpapareddy/Desktop/Desktop-Ranjith-iMac/forGIT/UFMylation_Ribosome_stalling_RNA_Splicing/Part4_Splicing_Analysis/data/motifs/CisBP_Human_All.meme	M00140_2.00	ENSG00000277564	NUGCAUGV	9.76e-5	1.65e-1	8.95e1	1842	610	610	5000	9.88	20	3.28	55	1.10
182	/Users/ranjithpapareddy/Desktop/Desktop-Ranjith-iMac/forGIT/UFMylation_Ribosome_stalling_RNA_Splicing/Part4_Splicing_Analysis/data/motifs/CisBP_Human_All.meme	M13058_2.00	SRSF12	AGAGAAA	7.10e-5	2.11e-1	1.15e2	3330	610	610	5000	18.7	12	1.97	20	0.40
183	/Users/ranjithpapareddy/Desktop/Desktop-Ranjith-iMac/forGIT/UFMylation_Ribosome_stalling_RNA_Splicing/Part4_Splicing_Analysis/data/motifs/CisBP_Human_All.meme	M00262_2.00	M00262_2.00	GWGUGUGD	8.68e-5	2.12e-1	1.15e2	2747	610	610	5000	6.32	48	7.87	208	4.16
184	/Users/ranjithpapareddy/Desktop/Desktop-Ranjith-iMac/forGIT/UFMylation_Ribosome_stalling_RNA_Splicing/Part4_Splicing_Analysis/data/motifs/CisBP_Human_All.meme	M00809_2.00	PSPC1	UAGUG	1.94e-4	2.12e-1	1.15e2	1230	610	610	5000	2.67	40	6.56	168	3.36
185	/Users/ranjithpapareddy/Desktop/Desktop-Ranjith-iMac/forGIT/UFMylation_Ribosome_stalling_RNA_Splicing/Part4_Splicing_Analysis/data/motifs/CisBP_Human_All.meme	M00760_2.00	NOVA1	HUCAUAH	1.10e-4	2.49e-1	1.36e2	2601	610	610	5000	1.76	53	8.69	241	4.82
186	/Users/ranjithpapareddy/Desktop/Desktop-Ranjith-iMac/forGIT/UFMylation_Ribosome_stalling_RNA_Splicing/Part4_Splicing_Analysis/data/motifs/CisBP_Human_All.meme	M00015_2.00	SERBP1	RCGCGCG	1.34e-3	2.51e-1	1.36e2	216	610	610	5000	1.2	34	5.57	151	3.02
187	/Users/ranjithpapareddy/Desktop/Desktop-Ranjith-iMac/forGIT/UFMylation_Ribosome_stalling_RNA_Splicing/Part4_Splicing_Analysis/data/motifs/CisBP_Human_All.meme	M00773_2.00	ENSG00000238104	AUGAA	1.11e-4	2.74e-1	1.49e2	2872	610	610	5000	12.1	9	1.48	11	0.22
188	/Users/ranjithpapareddy/Desktop/Desktop-Ranjith-iMac/forGIT/UFMylation_Ribosome_stalling_RNA_Splicing/Part4_Splicing_Analysis/data/motifs/CisBP_Human_All.meme	M00347_2.00	ENSG00000238104	AUAAGCS	3.39e-4	3.55e-1	1.93e2	1293	610	610	5000	4.6	17	2.79	47	0.94
189	/Users/ranjithpapareddy/Desktop/Desktop-Ranjith-iMac/forGIT/UFMylation_Ribosome_stalling_RNA_Splicing/Part4_Splicing_Analysis/data/motifs/CisBP_Human_All.meme	M00636_2.00	RBM4	KUGAUUD	1.93e-4	3.78e-1	2.06e2	2462	610	610	5000	3.98	12	1.97	23	0.46
190	/Users/ranjithpapareddy/Desktop/Desktop-Ranjith-iMac/forGIT/UFMylation_Ribosome_stalling_RNA_Splicing/Part4_Splicing_Analysis/data/motifs/CisBP_Human_All.meme	M00096_2.00	AL109811.4	DGAAUGAD	1.86e-4	3.83e-1	2.08e2	2603	610	610	5000	13	8	1.31	9	0.18
191	/Users/ranjithpapareddy/Desktop/Desktop-Ranjith-iMac/forGIT/UFMylation_Ribosome_stalling_RNA_Splicing/Part4_Splicing_Analysis/data/motifs/CisBP_Human_All.meme	M00634_2.00	RBM4B	NBBBDKGUUGCGCGGGGBSBS	6.86e-3	3.95e-1	2.15e2	73	610	610	5000	7.69	7	1.15	15	0.30
192	/Users/ranjithpapareddy/Desktop/Desktop-Ranjith-iMac/forGIT/UFMylation_Ribosome_stalling_RNA_Splicing/Part4_Splicing_Analysis/data/motifs/CisBP_Human_All.meme	M00470_2.00	SRSF1	RGAAGRAC	2.51e-4	4.43e-1	2.41e2	2329	610	610	5000	4.65	52	8.52	244	4.88
193	/Users/ranjithpapareddy/Desktop/Desktop-Ranjith-iMac/forGIT/UFMylation_Ribosome_stalling_RNA_Splicing/Part4_Splicing_Analysis/data/motifs/CisBP_Human_All.meme	M00484_2.00	M00484_2.00	UGUA	2.32e-4	4.47e-1	2.43e2	2550	610	610	5000	1.91	55	9.02	262	5.24
194	/Users/ranjithpapareddy/Desktop/Desktop-Ranjith-iMac/forGIT/UFMylation_Ribosome_stalling_RNA_Splicing/Part4_Splicing_Analysis/data/motifs/CisBP_Human_All.meme	M00669_2.00	SART3	DGUUAGCRK	8.38e-4	4.62e-1	2.51e2	739	610	610	5000	18.3	6	0.98	6	0.12
195	/Users/ranjithpapareddy/Desktop/Desktop-Ranjith-iMac/forGIT/UFMylation_Ribosome_stalling_RNA_Splicing/Part4_Splicing_Analysis/data/motifs/CisBP_Human_All.meme	M00104_2.00	YBX2	AACAWCD	3.47e-4	4.80e-1	2.61e2	1881	610	610	5000	7.36	11	1.80	21	0.42
196	/Users/ranjithpapareddy/Desktop/Desktop-Ranjith-iMac/forGIT/UFMylation_Ribosome_stalling_RNA_Splicing/Part4_Splicing_Analysis/data/motifs/CisBP_Human_All.meme	M00569_2.00	CSTF2T	CGUAGCGUYD	3.36e-2	4.95e-1	2.69e2	20	610	610	5000	2.28	4	0.66	8	0.16
197	/Users/ranjithpapareddy/Desktop/Desktop-Ranjith-iMac/forGIT/UFMylation_Ribosome_stalling_RNA_Splicing/Part4_Splicing_Analysis/data/motifs/CisBP_Human_All.meme	M00444_2.00	RBMY1D	CUCAA	2.40e-4	5.01e-1	2.73e2	2904	610	610	5000	3.06	40	6.56	170	3.40
198	/Users/ranjithpapareddy/Desktop/Desktop-Ranjith-iMac/forGIT/UFMylation_Ribosome_stalling_RNA_Splicing/Part4_Splicing_Analysis/data/motifs/CisBP_Human_All.meme	M00093_2.00	SRSF7	GACGACGR	1.25e-2	5.40e-1	2.94e2	62	610	610	5000	1.86	8	1.31	22	0.44
199	/Users/ranjithpapareddy/Desktop/Desktop-Ranjith-iMac/forGIT/UFMylation_Ribosome_stalling_RNA_Splicing/Part4_Splicing_Analysis/data/motifs/CisBP_Human_All.meme	M00103_2.00	YBX1	AACAUCA	4.61e-4	5.42e-1	2.95e2	1696	610	610	5000	8.85	12	1.97	26	0.52
200	/Users/ranjithpapareddy/Desktop/Desktop-Ranjith-iMac/forGIT/UFMylation_Ribosome_stalling_RNA_Splicing/Part4_Splicing_Analysis/data/motifs/CisBP_Human_All.meme	M00440_2.00	SRSF3	AACAACR	8.38e-4	5.55e-1	3.02e2	966	610	610	5000	12.8	6	0.98	6	0.12
201	/Users/ranjithpapareddy/Desktop/Desktop-Ranjith-iMac/forGIT/UFMylation_Ribosome_stalling_RNA_Splicing/Part4_Splicing_Analysis/data/motifs/CisBP_Human_All.meme	M00808_2.00	PSPC1	WGUAAK	3.54e-4	5.69e-1	3.10e2	2380	610	610	5000	2.5	36	5.90	150	3.00
202	/Users/ranjithpapareddy/Desktop/Desktop-Ranjith-iMac/forGIT/UFMylation_Ribosome_stalling_RNA_Splicing/Part4_Splicing_Analysis/data/motifs/CisBP_Human_All.meme	M00496_2.00	ENSG00000277564	UGCAUG	5.97e-4	6.47e-1	3.52e2	1744	610	610	5000	5.88	35	5.74	149	2.98
203	/Users/ranjithpapareddy/Desktop/Desktop-Ranjith-iMac/forGIT/UFMylation_Ribosome_stalling_RNA_Splicing/Part4_Splicing_Analysis/data/motifs/CisBP_Human_All.meme	M00797_2.00	RBM47	UGAUU	4.71e-4	6.80e-1	3.70e2	2421	610	610	5000	8.12	11	1.80	22	0.44
204	/Users/ranjithpapareddy/Desktop/Desktop-Ranjith-iMac/forGIT/UFMylation_Ribosome_stalling_RNA_Splicing/Part4_Splicing_Analysis/data/motifs/CisBP_Human_All.meme	M00438_2.00	M00438_2.00	GWGUGUGD	5.47e-4	7.98e-1	4.34e2	2927	610	610	5000	8.12	30	4.92	119	2.38
205	/Users/ranjithpapareddy/Desktop/Desktop-Ranjith-iMac/forGIT/UFMylation_Ribosome_stalling_RNA_Splicing/Part4_Splicing_Analysis/data/motifs/CisBP_Human_All.meme	M00382_2.00	DDX53	AGAAUAA	5.02e-4	8.50e-1	4.62e2	3776	610	610	5000	5.94	14	2.30	35	0.70
206	/Users/ranjithpapareddy/Desktop/Desktop-Ranjith-iMac/forGIT/UFMylation_Ribosome_stalling_RNA_Splicing/Part4_Splicing_Analysis/data/motifs/CisBP_Human_All.meme	M00830_2.00	UNK	YAUAGA	1.14e-3	8.62e-1	4.69e2	1742	610	610	5000	2.67	27	4.43	108	2.16
207	/Users/ranjithpapareddy/Desktop/Desktop-Ranjith-iMac/forGIT/UFMylation_Ribosome_stalling_RNA_Splicing/Part4_Splicing_Analysis/data/motifs/CisBP_Human_All.meme	M00356_2.00	M00356_2.00	AUUAGGA	1.39e-3	8.69e-1	4.73e2	1457	610	610	5000	3.3	26	4.26	104	2.08
208	/Users/ranjithpapareddy/Desktop/Desktop-Ranjith-iMac/forGIT/UFMylation_Ribosome_stalling_RNA_Splicing/Part4_Splicing_Analysis/data/motifs/CisBP_Human_All.meme	M00618_2.00	PUM2	DDURUAYAGD	8.38e-4	8.71e-1	4.74e2	2447	610	610	5000	16.8	6	0.98	6	0.12
209	/Users/ranjithpapareddy/Desktop/Desktop-Ranjith-iMac/forGIT/UFMylation_Ribosome_stalling_RNA_Splicing/Part4_Splicing_Analysis/data/motifs/CisBP_Human_All.meme	M00044_2.00	HNRNPA1	DUAGGGA	1.41e-3	8.74e-1	4.75e2	1465	610	610	5000	3.41	37	6.07	170	3.40
210	/Users/ranjithpapareddy/Desktop/Desktop-Ranjith-iMac/forGIT/UFMylation_Ribosome_stalling_RNA_Splicing/Part4_Splicing_Analysis/data/motifs/CisBP_Human_All.meme	M00091_2.00	SNRPA	UUGCACA	1.49e-3	8.97e-1	4.88e2	1525	610	610	5000	5.41	20	3.28	71	1.42
211	/Users/ranjithpapareddy/Desktop/Desktop-Ranjith-iMac/forGIT/UFMylation_Ribosome_stalling_RNA_Splicing/Part4_Splicing_Analysis/data/motifs/CisBP_Human_All.meme	M00726_2.00	FUBP1	UAUGUAU	8.23e-4	9.01e-1	4.90e2	2803	610	610	5000	9.25	7	1.15	9	0.18
212	/Users/ranjithpapareddy/Desktop/Desktop-Ranjith-iMac/forGIT/UFMylation_Ribosome_stalling_RNA_Splicing/Part4_Splicing_Analysis/data/motifs/CisBP_Human_All.meme	M00308_2.00	SRSF3	AWCAACR	2.71e-3	9.18e-1	4.99e2	923	610	610	5000	7.5	7	1.15	12	0.24
213	/Users/ranjithpapareddy/Desktop/Desktop-Ranjith-iMac/forGIT/UFMylation_Ribosome_stalling_RNA_Splicing/Part4_Splicing_Analysis/data/motifs/CisBP_Human_All.meme	M13103_2.00	AP002990.1	CGAUACUDN	3.59e-3	9.19e-1	5.00e2	701	610	610	5000	2.89	13	2.13	40	0.80
214	/Users/ranjithpapareddy/Desktop/Desktop-Ranjith-iMac/forGIT/UFMylation_Ribosome_stalling_RNA_Splicing/Part4_Splicing_Analysis/data/motifs/CisBP_Human_All.meme	M00807_2.00	SF1	UAAUC	1.47e-3	9.20e-1	5.00e2	1712	610	610	5000	4.53	15	2.46	45	0.90
215	/Users/ranjithpapareddy/Desktop/Desktop-Ranjith-iMac/forGIT/UFMylation_Ribosome_stalling_RNA_Splicing/Part4_Splicing_Analysis/data/motifs/CisBP_Human_All.meme	M00133_2.00	YBX1	AACAUCA	1.57e-3	9.23e-1	5.02e2	1635	610	610	5000	8.02	12	1.97	31	0.62
216	/Users/ranjithpapareddy/Desktop/Desktop-Ranjith-iMac/forGIT/UFMylation_Ribosome_stalling_RNA_Splicing/Part4_Splicing_Analysis/data/motifs/CisBP_Human_All.meme	M00763_2.00	NUPL2	CAAAGG	7.25e-4	9.31e-1	5.07e2	3695	610	610	5000	3.7	38	6.23	169	3.38
217	/Users/ranjithpapareddy/Desktop/Desktop-Ranjith-iMac/forGIT/UFMylation_Ribosome_stalling_RNA_Splicing/Part4_Splicing_Analysis/data/motifs/CisBP_Human_All.meme	M00700_2.00	ZFR	GUGACGGAUG	1.18e-2	9.36e-1	5.09e2	233	610	610	5000	174	2	0.33	0	0.00
218	/Users/ranjithpapareddy/Desktop/Desktop-Ranjith-iMac/forGIT/UFMylation_Ribosome_stalling_RNA_Splicing/Part4_Splicing_Analysis/data/motifs/CisBP_Human_All.meme	M00545_2.00	SNRPA	GVGCAGUAGKS	4.46e-3	9.37e-1	5.10e2	618	610	610	5000	42.5	9	1.48	22	0.44
219	/Users/ranjithpapareddy/Desktop/Desktop-Ranjith-iMac/forGIT/UFMylation_Ribosome_stalling_RNA_Splicing/Part4_Splicing_Analysis/data/motifs/CisBP_Human_All.meme	M00563_2.00	CSDC2	UUGCCUUGUCCCGRU	3.29e-2	9.38e-1	5.10e2	83	610	610	5000	271	2	0.33	1	0.02
220	/Users/ranjithpapareddy/Desktop/Desktop-Ranjith-iMac/forGIT/UFMylation_Ribosome_stalling_RNA_Splicing/Part4_Splicing_Analysis/data/motifs/CisBP_Human_All.meme	M00095_2.00	AP002990.1	CGAUACU	3.76e-3	9.42e-1	5.12e2	755	610	610	5000	1.86	20	3.28	78	1.56
221	/Users/ranjithpapareddy/Desktop/Desktop-Ranjith-iMac/forGIT/UFMylation_Ribosome_stalling_RNA_Splicing/Part4_Splicing_Analysis/data/motifs/CisBP_Human_All.meme	M00068_2.00	QKI	ACUAACM	3.78e-3	9.47e-1	5.15e2	775	610	610	5000	8.65	7	1.15	13	0.26
222	/Users/ranjithpapareddy/Desktop/Desktop-Ranjith-iMac/forGIT/UFMylation_Ribosome_stalling_RNA_Splicing/Part4_Splicing_Analysis/data/motifs/CisBP_Human_All.meme	M00547_2.00	PABPC4L	ACDAAYM	1.54e-3	9.62e-1	5.24e2	2127	610	610	5000	5.08	9	1.48	18	0.36
223	/Users/ranjithpapareddy/Desktop/Desktop-Ranjith-iMac/forGIT/UFMylation_Ribosome_stalling_RNA_Splicing/Part4_Splicing_Analysis/data/motifs/CisBP_Human_All.meme	M00544_2.00	SNRPA	GGGUAUGCUG	3.70e-3	9.64e-1	5.24e2	896	610	610	5000	247	4	0.66	3	0.06
224	/Users/ranjithpapareddy/Desktop/Desktop-Ranjith-iMac/forGIT/UFMylation_Ribosome_stalling_RNA_Splicing/Part4_Splicing_Analysis/data/motifs/CisBP_Human_All.meme	M00256_2.00	M00256_2.00	GAUGAWN	1.64e-3	9.66e-1	5.25e2	2049	610	610	5000	5.09	18	2.95	61	1.22
225	/Users/ranjithpapareddy/Desktop/Desktop-Ranjith-iMac/forGIT/UFMylation_Ribosome_stalling_RNA_Splicing/Part4_Splicing_Analysis/data/motifs/CisBP_Human_All.meme	M00568_2.00	CSTF2	RAGGCGUAGCGUYD	1.72e-1	9.66e-1	5.26e2	18	610	610	5000	2	2	0.33	5	0.10
226	/Users/ranjithpapareddy/Desktop/Desktop-Ranjith-iMac/forGIT/UFMylation_Ribosome_stalling_RNA_Splicing/Part4_Splicing_Analysis/data/motifs/CisBP_Human_All.meme	M00664_2.00	RC3H2	GNCUYRUAUYRAGNB	9.14e-3	9.71e-1	5.28e2	387	610	610	5000	8.85	5	0.82	8	0.16
227	/Users/ranjithpapareddy/Desktop/Desktop-Ranjith-iMac/forGIT/UFMylation_Ribosome_stalling_RNA_Splicing/Part4_Splicing_Analysis/data/motifs/CisBP_Human_All.meme	M00644_2.00	RBMS2	CAGUGAUUGG	3.75e-3	9.71e-1	5.28e2	948	610	610	5000	22	8	1.31	17	0.34
228	/Users/ranjithpapareddy/Desktop/Desktop-Ranjith-iMac/forGIT/UFMylation_Ribosome_stalling_RNA_Splicing/Part4_Splicing_Analysis/data/motifs/CisBP_Human_All.meme	M13006_2.00	SRSF3	AACAACG	4.96e-3	9.73e-1	5.30e2	732	610	610	5000	8.35	6	0.98	10	0.20
229	/Users/ranjithpapareddy/Desktop/Desktop-Ranjith-iMac/forGIT/UFMylation_Ribosome_stalling_RNA_Splicing/Part4_Splicing_Analysis/data/motifs/CisBP_Human_All.meme	M00704_2.00	ZRANB2	DDGGUAGGUADK	1.51e-3	9.76e-1	5.31e2	2475	610	610	5000	2.69	80	13.11	457	9.14
230	/Users/ranjithpapareddy/Desktop/Desktop-Ranjith-iMac/forGIT/UFMylation_Ribosome_stalling_RNA_Splicing/Part4_Splicing_Analysis/data/motifs/CisBP_Human_All.meme	M00264_2.00	SYNCRIP	CCAAAUU	1.05e-3	9.77e-1	5.32e2	3625	610	610	5000	9.49	8	1.31	13	0.26
231	/Users/ranjithpapareddy/Desktop/Desktop-Ranjith-iMac/forGIT/UFMylation_Ribosome_stalling_RNA_Splicing/Part4_Splicing_Analysis/data/motifs/CisBP_Human_All.meme	M00715_2.00	DAZ2	ACGUUU	1.88e-2	9.79e-1	5.33e2	206	610	610	5000	1.47	19	3.11	87	1.74
232	/Users/ranjithpapareddy/Desktop/Desktop-Ranjith-iMac/forGIT/UFMylation_Ribosome_stalling_RNA_Splicing/Part4_Splicing_Analysis/data/motifs/CisBP_Human_All.meme	M00529_2.00	SRSF7	AGACKACGAU	2.70e-2	9.81e-1	5.34e2	147	610	610	5000	1.94	10	1.64	37	0.74
233	/Users/ranjithpapareddy/Desktop/Desktop-Ranjith-iMac/forGIT/UFMylation_Ribosome_stalling_RNA_Splicing/Part4_Splicing_Analysis/data/motifs/CisBP_Human_All.meme	M00748_2.00	IGF2BP2	CAACACA	1.39e-3	9.82e-1	5.34e2	2882	610	610	5000	6.32	11	1.80	26	0.52
234	/Users/ranjithpapareddy/Desktop/Desktop-Ranjith-iMac/forGIT/UFMylation_Ribosome_stalling_RNA_Splicing/Part4_Splicing_Analysis/data/motifs/CisBP_Human_All.meme	M00686_2.00	ZC3H12A	YUUGCCAWAGUGU	2.06e-3	9.84e-1	5.35e2	1995	610	610	5000	17.4	9	1.48	19	0.38
235	/Users/ranjithpapareddy/Desktop/Desktop-Ranjith-iMac/forGIT/UFMylation_Ribosome_stalling_RNA_Splicing/Part4_Splicing_Analysis/data/motifs/CisBP_Human_All.meme	M00045_2.00	HNRNPA1L2	KUAGGGW	2.93e-3	9.84e-1	5.35e2	1403	610	610	5000	5.45	15	2.46	49	0.98
236	/Users/ranjithpapareddy/Desktop/Desktop-Ranjith-iMac/forGIT/UFMylation_Ribosome_stalling_RNA_Splicing/Part4_Splicing_Analysis/data/motifs/CisBP_Human_All.meme	M00090_2.00	SNRNP70	RWUCAAG	1.74e-3	9.85e-1	5.36e2	2410	610	610	5000	19.9	4	0.66	2	0.04
237	/Users/ranjithpapareddy/Desktop/Desktop-Ranjith-iMac/forGIT/UFMylation_Ribosome_stalling_RNA_Splicing/Part4_Splicing_Analysis/data/motifs/CisBP_Human_All.meme	M13101_2.00	MEX3A	AGAGWWW	1.37e-3	9.87e-1	5.37e2	3139	610	610	5000	4.08	42	6.89	201	4.02
238	/Users/ranjithpapareddy/Desktop/Desktop-Ranjith-iMac/forGIT/UFMylation_Ribosome_stalling_RNA_Splicing/Part4_Splicing_Analysis/data/motifs/CisBP_Human_All.meme	M00637_2.00	RBM4	BKBNGUGUUGCGCGRGKBSNN	1.00e-1	9.88e-1	5.37e2	42	610	610	5000	2.26	6	0.98	24	0.48
239	/Users/ranjithpapareddy/Desktop/Desktop-Ranjith-iMac/forGIT/UFMylation_Ribosome_stalling_RNA_Splicing/Part4_Splicing_Analysis/data/motifs/CisBP_Human_All.meme	M00352_2.00	M00352_2.00	WUAGGAA	1.76e-3	9.89e-1	5.38e2	2567	610	610	5000	6.38	11	1.80	27	0.54
240	/Users/ranjithpapareddy/Desktop/Desktop-Ranjith-iMac/forGIT/UFMylation_Ribosome_stalling_RNA_Splicing/Part4_Splicing_Analysis/data/motifs/CisBP_Human_All.meme	M13118_2.00	AL109811.4	UGAAUGAR	1.74e-3	9.89e-1	5.38e2	2614	610	610	5000	21.6	4	0.66	2	0.04
241	/Users/ranjithpapareddy/Desktop/Desktop-Ranjith-iMac/forGIT/UFMylation_Ribosome_stalling_RNA_Splicing/Part4_Splicing_Analysis/data/motifs/CisBP_Human_All.meme	M00746_2.00	HNRNPL	YACAYA	1.70e-3	9.92e-1	5.40e2	2823	610	610	5000	2.66	56	9.18	295	5.90
242	/Users/ranjithpapareddy/Desktop/Desktop-Ranjith-iMac/forGIT/UFMylation_Ribosome_stalling_RNA_Splicing/Part4_Splicing_Analysis/data/motifs/CisBP_Human_All.meme	M00740_2.00	HNRNPDL	UAAAA	1.39e-3	9.93e-1	5.40e2	3572	610	610	5000	13	11	1.80	26	0.52
243	/Users/ranjithpapareddy/Desktop/Desktop-Ranjith-iMac/forGIT/UFMylation_Ribosome_stalling_RNA_Splicing/Part4_Splicing_Analysis/data/motifs/CisBP_Human_All.meme	M00135_2.00	M00135_2.00	ACUAACM	6.86e-3	9.94e-1	5.41e2	744	610	610	5000	10.1	7	1.15	15	0.30
244	/Users/ranjithpapareddy/Desktop/Desktop-Ranjith-iMac/forGIT/UFMylation_Ribosome_stalling_RNA_Splicing/Part4_Splicing_Analysis/data/motifs/CisBP_Human_All.meme	M00111_2.00	HNRNPL	ACACRAV	2.33e-3	9.94e-1	5.41e2	2214	610	610	5000	4.61	17	2.79	58	1.16
245	/Users/ranjithpapareddy/Desktop/Desktop-Ranjith-iMac/forGIT/UFMylation_Ribosome_stalling_RNA_Splicing/Part4_Splicing_Analysis/data/motifs/CisBP_Human_All.meme	M00062_2.00	MSI1	UAGUWRG	2.81e-3	9.95e-1	5.41e2	1884	610	610	5000	4.72	8	1.31	16	0.32
246	/Users/ranjithpapareddy/Desktop/Desktop-Ranjith-iMac/forGIT/UFMylation_Ribosome_stalling_RNA_Splicing/Part4_Splicing_Analysis/data/motifs/CisBP_Human_All.meme	M00604_2.00	MCM3AP	CGCCAGUGCG	1.45e-1	9.95e-1	5.41e2	34	610	610	5000	1.98	5	0.82	21	0.42
247	/Users/ranjithpapareddy/Desktop/Desktop-Ranjith-iMac/forGIT/UFMylation_Ribosome_stalling_RNA_Splicing/Part4_Splicing_Analysis/data/motifs/CisBP_Human_All.meme	M13102_2.00	ANKHD1-EIF4EBP3	AGACGUW	2.45e-2	9.95e-1	5.42e2	220	610	610	5000	9.12	4	0.66	7	0.14
248	/Users/ranjithpapareddy/Desktop/Desktop-Ranjith-iMac/forGIT/UFMylation_Ribosome_stalling_RNA_Splicing/Part4_Splicing_Analysis/data/motifs/CisBP_Human_All.meme	M13031_2.00	ANKRD17	AGACGUW	2.45e-2	9.95e-1	5.42e2	220	610	610	5000	9.12	4	0.66	7	0.14
249	/Users/ranjithpapareddy/Desktop/Desktop-Ranjith-iMac/forGIT/UFMylation_Ribosome_stalling_RNA_Splicing/Part4_Splicing_Analysis/data/motifs/CisBP_Human_All.meme	M00024_2.00	ANKHD1-EIF4EBP3	AGACGUW	2.45e-2	9.96e-1	5.42e2	221	610	610	5000	8.94	4	0.66	7	0.14
250	/Users/ranjithpapareddy/Desktop/Desktop-Ranjith-iMac/forGIT/UFMylation_Ribosome_stalling_RNA_Splicing/Part4_Splicing_Analysis/data/motifs/CisBP_Human_All.meme	M00595_2.00	ENSG00000282559	GRBRBGGGUCUDAUUUUUAAGYVVV	2.06e-1	9.96e-1	5.42e2	24	610	610	5000	103	1	0.16	1	0.02
251	/Users/ranjithpapareddy/Desktop/Desktop-Ranjith-iMac/forGIT/UFMylation_Ribosome_stalling_RNA_Splicing/Part4_Splicing_Analysis/data/motifs/CisBP_Human_All.meme	M00684_2.00	ZC3H10	GCGCAUGCGWD	6.10e-2	9.97e-1	5.42e2	92	610	610	5000	155	2	0.33	2	0.04
252	/Users/ranjithpapareddy/Desktop/Desktop-Ranjith-iMac/forGIT/UFMylation_Ribosome_stalling_RNA_Splicing/Part4_Splicing_Analysis/data/motifs/CisBP_Human_All.meme	M00189_2.00	MSI1	UAGUWRG	3.42e-3	9.97e-1	5.42e2	1694	610	610	5000	3.42	11	1.80	30	0.60
253	/Users/ranjithpapareddy/Desktop/Desktop-Ranjith-iMac/forGIT/UFMylation_Ribosome_stalling_RNA_Splicing/Part4_Splicing_Analysis/data/motifs/CisBP_Human_All.meme	M00721_2.00	ELAVL4	UAAUU	2.06e-3	9.97e-1	5.43e2	2901	610	610	5000	9.32	9	1.48	19	0.38
254	/Users/ranjithpapareddy/Desktop/Desktop-Ranjith-iMac/forGIT/UFMylation_Ribosome_stalling_RNA_Splicing/Part4_Splicing_Analysis/data/motifs/CisBP_Human_All.meme	M00833_2.00	ZFP36L1	UAAUA	2.71e-3	9.98e-1	5.43e2	2366	610	610	5000	10.7	7	1.15	12	0.24
255	/Users/ranjithpapareddy/Desktop/Desktop-Ranjith-iMac/forGIT/UFMylation_Ribosome_stalling_RNA_Splicing/Part4_Splicing_Analysis/data/motifs/CisBP_Human_All.meme	M00021_2.00	NUDT21	WWUGUAA	2.95e-3	9.99e-1	5.43e2	2232	610	610	5000	6.03	18	2.95	65	1.30
256	/Users/ranjithpapareddy/Desktop/Desktop-Ranjith-iMac/forGIT/UFMylation_Ribosome_stalling_RNA_Splicing/Part4_Splicing_Analysis/data/motifs/CisBP_Human_All.meme	M00731_2.00	HNRNPA0	UAUAG	3.70e-3	9.99e-1	5.43e2	1793	610	610	5000	4.87	4	0.66	3	0.06
257	/Users/ranjithpapareddy/Desktop/Desktop-Ranjith-iMac/forGIT/UFMylation_Ribosome_stalling_RNA_Splicing/Part4_Splicing_Analysis/data/motifs/CisBP_Human_All.meme	M00017_2.00	ENSG00000233801	AGAGWWW	1.94e-3	9.99e-1	5.43e2	3434	610	610	5000	8.15	10	1.64	23	0.46
258	/Users/ranjithpapareddy/Desktop/Desktop-Ranjith-iMac/forGIT/UFMylation_Ribosome_stalling_RNA_Splicing/Part4_Splicing_Analysis/data/motifs/CisBP_Human_All.meme	M00144_2.00	MEX3A	AGAGUAUR	1.95e-3	9.99e-1	5.43e2	3567	610	610	5000	3.73	12	1.97	32	0.64
259	/Users/ranjithpapareddy/Desktop/Desktop-Ranjith-iMac/forGIT/UFMylation_Ribosome_stalling_RNA_Splicing/Part4_Splicing_Analysis/data/motifs/CisBP_Human_All.meme	M00654_2.00	RBMY1D	NNBGYCCUCAAGGYVNN	4.96e-3	9.99e-1	5.44e2	1447	610	610	5000	54.4	6	0.98	10	0.20
260	/Users/ranjithpapareddy/Desktop/Desktop-Ranjith-iMac/forGIT/UFMylation_Ribosome_stalling_RNA_Splicing/Part4_Splicing_Analysis/data/motifs/CisBP_Human_All.meme	M00414_2.00	RBM34	WUUGACR	7.01e-3	1.00e0	5.44e2	1160	610	610	5000	3.7	9	1.48	24	0.48
261	/Users/ranjithpapareddy/Desktop/Desktop-Ranjith-iMac/forGIT/UFMylation_Ribosome_stalling_RNA_Splicing/Part4_Splicing_Analysis/data/motifs/CisBP_Human_All.meme	M00183_2.00	RBM6	MAUCCAR	3.75e-3	1.00e0	5.44e2	2181	610	610	5000	9.65	8	1.31	17	0.34
262	/Users/ranjithpapareddy/Desktop/Desktop-Ranjith-iMac/forGIT/UFMylation_Ribosome_stalling_RNA_Splicing/Part4_Splicing_Analysis/data/motifs/CisBP_Human_All.meme	M00629_2.00	RBM28	GRGGCYGAGCGGUGG	5.07e-2	1.00e0	5.44e2	164	610	610	5000	2.84	15	2.46	73	1.46
263	/Users/ranjithpapareddy/Desktop/Desktop-Ranjith-iMac/forGIT/UFMylation_Ribosome_stalling_RNA_Splicing/Part4_Splicing_Analysis/data/motifs/CisBP_Human_All.meme	M00630_2.00	RBM28	GUGGGUCUCGG	1.70e-2	1.00e0	5.44e2	507	610	610	5000	156	4	0.66	6	0.12
264	/Users/ranjithpapareddy/Desktop/Desktop-Ranjith-iMac/forGIT/UFMylation_Ribosome_stalling_RNA_Splicing/Part4_Splicing_Analysis/data/motifs/CisBP_Human_All.meme	M00471_2.00	SRSF1	ACGCGCR	7.53e-2	1.00e0	5.44e2	119	610	610	5000	1.05	18	2.95	98	1.96
265	/Users/ranjithpapareddy/Desktop/Desktop-Ranjith-iMac/forGIT/UFMylation_Ribosome_stalling_RNA_Splicing/Part4_Splicing_Analysis/data/motifs/CisBP_Human_All.meme	M00574_2.00	DAZ2	GYUCUAGUUAGYAUC	1.09e-1	1.00e0	5.44e2	81	610	610	5000	665	1	0.16	0	0.00
266	/Users/ranjithpapareddy/Desktop/Desktop-Ranjith-iMac/forGIT/UFMylation_Ribosome_stalling_RNA_Splicing/Part4_Splicing_Analysis/data/motifs/CisBP_Human_All.meme	M00123_2.00	M00123_2.00	UGUAAUU	3.32e-3	1.00e0	5.44e2	3001	610	610	5000	4.33	20	3.28	77	1.54
267	/Users/ranjithpapareddy/Desktop/Desktop-Ranjith-iMac/forGIT/UFMylation_Ribosome_stalling_RNA_Splicing/Part4_Splicing_Analysis/data/motifs/CisBP_Human_All.meme	M00551_2.00	SRSF7	ACGAGAGAH	2.70e-2	1.00e0	5.44e2	372	610	610	5000	3.98	10	1.64	37	0.74
268	/Users/ranjithpapareddy/Desktop/Desktop-Ranjith-iMac/forGIT/UFMylation_Ribosome_stalling_RNA_Splicing/Part4_Splicing_Analysis/data/motifs/CisBP_Human_All.meme	M00107_2.00	ZCRB1	GAMUUAAK	4.46e-3	1.00e0	5.44e2	2311	610	610	5000	7.33	9	1.48	22	0.44
269	/Users/ranjithpapareddy/Desktop/Desktop-Ranjith-iMac/forGIT/UFMylation_Ribosome_stalling_RNA_Splicing/Part4_Splicing_Analysis/data/motifs/CisBP_Human_All.meme	M00410_2.00	TRNAU1AP	AAUUUUR	3.01e-3	1.00e0	5.44e2	3538	610	610	5000	6.61	29	4.75	129	2.58
270	/Users/ranjithpapareddy/Desktop/Desktop-Ranjith-iMac/forGIT/UFMylation_Ribosome_stalling_RNA_Splicing/Part4_Splicing_Analysis/data/motifs/CisBP_Human_All.meme	M00655_2.00	RBMY1D	NNGCGUCGUGGSVN	1.21e-2	1.00e0	5.44e2	969	610	610	5000	2.91	40	6.56	218	4.36
271	/Users/ranjithpapareddy/Desktop/Desktop-Ranjith-iMac/forGIT/UFMylation_Ribosome_stalling_RNA_Splicing/Part4_Splicing_Analysis/data/motifs/CisBP_Human_All.meme	M00586_2.00	HEXIM2	GGCGACGGKB	1.27e-1	1.00e0	5.44e2	89	610	610	5000	4.32	6	0.98	26	0.52
272	/Users/ranjithpapareddy/Desktop/Desktop-Ranjith-iMac/forGIT/UFMylation_Ribosome_stalling_RNA_Splicing/Part4_Splicing_Analysis/data/motifs/CisBP_Human_All.meme	M00439_2.00	M00439_2.00	AAACCCAA	4.47e-3	1.00e0	5.44e2	2718	610	610	5000	5.68	22	3.61	91	1.82
273	/Users/ranjithpapareddy/Desktop/Desktop-Ranjith-iMac/forGIT/UFMylation_Ribosome_stalling_RNA_Splicing/Part4_Splicing_Analysis/data/motifs/CisBP_Human_All.meme	M00312_2.00	M00312_2.00	UUGCACR	8.83e-3	1.00e0	5.44e2	1393	610	610	5000	6.57	10	1.64	30	0.60
274	/Users/ranjithpapareddy/Desktop/Desktop-Ranjith-iMac/forGIT/UFMylation_Ribosome_stalling_RNA_Splicing/Part4_Splicing_Analysis/data/motifs/CisBP_Human_All.meme	M00670_2.00	SNRNP70	GUUCAMGNGG	7.01e-3	1.00e0	5.44e2	1770	610	610	5000	13.4	9	1.48	24	0.48
275	/Users/ranjithpapareddy/Desktop/Desktop-Ranjith-iMac/forGIT/UFMylation_Ribosome_stalling_RNA_Splicing/Part4_Splicing_Analysis/data/motifs/CisBP_Human_All.meme	M00128_2.00	SRSF1	MAGGACAV	3.89e-3	1.00e0	5.44e2	3228	610	610	5000	7.37	21	3.44	84	1.68
276	/Users/ranjithpapareddy/Desktop/Desktop-Ranjith-iMac/forGIT/UFMylation_Ribosome_stalling_RNA_Splicing/Part4_Splicing_Analysis/data/motifs/CisBP_Human_All.meme	M00297_2.00	M00297_2.00	AGAUGAW	4.96e-3	1.00e0	5.44e2	3038	610	610	5000	8.11	6	0.98	10	0.20
277	/Users/ranjithpapareddy/Desktop/Desktop-Ranjith-iMac/forGIT/UFMylation_Ribosome_stalling_RNA_Splicing/Part4_Splicing_Analysis/data/motifs/CisBP_Human_All.meme	M00651_2.00	RBMY1D	NNGCGCAAGAGCV	9.92e-3	1.00e0	5.44e2	1542	610	610	5000	6.89	12	1.97	41	0.82
278	/Users/ranjithpapareddy/Desktop/Desktop-Ranjith-iMac/forGIT/UFMylation_Ribosome_stalling_RNA_Splicing/Part4_Splicing_Analysis/data/motifs/CisBP_Human_All.meme	M00573_2.00	DAZ2	NGGUGYGUGCGUUUCCGCBN	3.31e-1	1.00e0	5.44e2	39	610	610	5000	1.29	5	0.82	30	0.60
279	/Users/ranjithpapareddy/Desktop/Desktop-Ranjith-iMac/forGIT/UFMylation_Ribosome_stalling_RNA_Splicing/Part4_Splicing_Analysis/data/motifs/CisBP_Human_All.meme	M00549_2.00	SRSF1	AGGACRGAGC	1.11e-2	1.00e0	5.44e2	1527	610	610	5000	93	4	0.66	5	0.10
280	/Users/ranjithpapareddy/Desktop/Desktop-Ranjith-iMac/forGIT/UFMylation_Ribosome_stalling_RNA_Splicing/Part4_Splicing_Analysis/data/motifs/CisBP_Human_All.meme	M00002_2.00	TRIM71	KYWAAGC	6.62e-3	1.00e0	5.44e2	2587	610	610	5000	3.18	19	3.11	77	1.54
281	/Users/ranjithpapareddy/Desktop/Desktop-Ranjith-iMac/forGIT/UFMylation_Ribosome_stalling_RNA_Splicing/Part4_Splicing_Analysis/data/motifs/CisBP_Human_All.meme	M00101_2.00	AC009690.3	UGUUGUG	6.10e-3	1.00e0	5.44e2	2828	610	610	5000	3.58	30	4.92	143	2.86
282	/Users/ranjithpapareddy/Desktop/Desktop-Ranjith-iMac/forGIT/UFMylation_Ribosome_stalling_RNA_Splicing/Part4_Splicing_Analysis/data/motifs/CisBP_Human_All.meme	M00472_2.00	SRSF2	GUUCGAGUW	3.36e-2	1.00e0	5.44e2	545	610	610	5000	8.97	9	1.48	33	0.66
283	/Users/ranjithpapareddy/Desktop/Desktop-Ranjith-iMac/forGIT/UFMylation_Ribosome_stalling_RNA_Splicing/Part4_Splicing_Analysis/data/motifs/CisBP_Human_All.meme	M00633_2.00	RBM46	CGGAACUAAG	3.26e-2	1.00e0	5.44e2	563	610	610	5000	7.1	14	2.30	62	1.24
284	/Users/ranjithpapareddy/Desktop/Desktop-Ranjith-iMac/forGIT/UFMylation_Ribosome_stalling_RNA_Splicing/Part4_Splicing_Analysis/data/motifs/CisBP_Human_All.meme	M00408_2.00	RBM45	GACAGAC	7.17e-3	1.00e0	5.44e2	2675	610	610	5000	7.49	15	2.46	55	1.10
285	/Users/ranjithpapareddy/Desktop/Desktop-Ranjith-iMac/forGIT/UFMylation_Ribosome_stalling_RNA_Splicing/Part4_Splicing_Analysis/data/motifs/CisBP_Human_All.meme	M00635_2.00	RBM4B	BBSSUGAGUGCGGUAGBSNN	1.88e-1	1.00e0	5.44e2	93	610	610	5000	7.93	4	0.66	17	0.34
286	/Users/ranjithpapareddy/Desktop/Desktop-Ranjith-iMac/forGIT/UFMylation_Ribosome_stalling_RNA_Splicing/Part4_Splicing_Analysis/data/motifs/CisBP_Human_All.meme	M00597_2.00	HNRNPLL	GCAURCAYCM	1.08e-2	1.00e0	5.44e2	1821	610	610	5000	79	3	0.49	2	0.04
287	/Users/ranjithpapareddy/Desktop/Desktop-Ranjith-iMac/forGIT/UFMylation_Ribosome_stalling_RNA_Splicing/Part4_Splicing_Analysis/data/motifs/CisBP_Human_All.meme	M00585_2.00	HEXIM1	GKDKCGACGGG	2.06e-1	1.00e0	5.44e2	86	610	610	5000	113	1	0.16	1	0.02
288	/Users/ranjithpapareddy/Desktop/Desktop-Ranjith-iMac/forGIT/UFMylation_Ribosome_stalling_RNA_Splicing/Part4_Splicing_Analysis/data/motifs/CisBP_Human_All.meme	M00666_2.00	RNPC3	GGGUSUACGGGGU	1.44e-1	1.00e0	5.44e2	138	610	610	5000	31.7	4	0.66	15	0.30
289	/Users/ranjithpapareddy/Desktop/Desktop-Ranjith-iMac/forGIT/UFMylation_Ribosome_stalling_RNA_Splicing/Part4_Splicing_Analysis/data/motifs/CisBP_Human_All.meme	M00646_2.00	RBMS2	NNNNSUGCAUAAKGBBBNN	4.78e-2	1.00e0	5.44e2	424	610	610	5000	19.5	5	0.82	14	0.28
290	/Users/ranjithpapareddy/Desktop/Desktop-Ranjith-iMac/forGIT/UFMylation_Ribosome_stalling_RNA_Splicing/Part4_Splicing_Analysis/data/motifs/CisBP_Human_All.meme	M00593_2.00	ENSG00000282559	SCGNGGGGUCUWAUUUUUAACNCRS	6.02e-1	1.00e0	5.44e2	22	610	610	5000	2.61	1	0.16	7	0.14
291	/Users/ranjithpapareddy/Desktop/Desktop-Ranjith-iMac/forGIT/UFMylation_Ribosome_stalling_RNA_Splicing/Part4_Splicing_Analysis/data/motifs/CisBP_Human_All.meme	M00624_2.00	ENSG00000277564	NNNNDGKUGCAUGUGNNNNN	1.37e-2	1.00e0	5.44e2	1525	610	610	5000	5.63	33	5.41	173	3.46
292	/Users/ranjithpapareddy/Desktop/Desktop-Ranjith-iMac/forGIT/UFMylation_Ribosome_stalling_RNA_Splicing/Part4_Splicing_Analysis/data/motifs/CisBP_Human_All.meme	M00164_2.00	RBM42	AACUAMG	2.12e-2	1.00e0	5.44e2	986	610	610	5000	3.68	17	2.79	76	1.52
293	/Users/ranjithpapareddy/Desktop/Desktop-Ranjith-iMac/forGIT/UFMylation_Ribosome_stalling_RNA_Splicing/Part4_Splicing_Analysis/data/motifs/CisBP_Human_All.meme	M00158_2.00	M00158_2.00	WUUGCACD	1.56e-2	1.00e0	5.44e2	1463	610	610	5000	4.96	18	2.95	79	1.58
294	/Users/ranjithpapareddy/Desktop/Desktop-Ranjith-iMac/forGIT/UFMylation_Ribosome_stalling_RNA_Splicing/Part4_Splicing_Analysis/data/motifs/CisBP_Human_All.meme	M00611_2.00	MSI2	GUAGUGWGUAGK	5.59e-2	1.00e0	5.44e2	414	610	610	5000	15.3	6	0.98	20	0.40
295	/Users/ranjithpapareddy/Desktop/Desktop-Ranjith-iMac/forGIT/UFMylation_Ribosome_stalling_RNA_Splicing/Part4_Splicing_Analysis/data/motifs/CisBP_Human_All.meme	M00639_2.00	RBM6	NNBSGUGCGCUCCUHGCCHBBNN	2.13e-1	1.00e0	5.44e2	99	610	610	5000	43.1	2	0.33	6	0.12
296	/Users/ranjithpapareddy/Desktop/Desktop-Ranjith-iMac/forGIT/UFMylation_Ribosome_stalling_RNA_Splicing/Part4_Splicing_Analysis/data/motifs/CisBP_Human_All.meme	M00591_2.00	HNRNPA3	UWGGUUAGGG	3.20e-2	1.00e0	5.44e2	747	610	610	5000	51.9	3	0.49	4	0.08
297	/Users/ranjithpapareddy/Desktop/Desktop-Ranjith-iMac/forGIT/UFMylation_Ribosome_stalling_RNA_Splicing/Part4_Splicing_Analysis/data/motifs/CisBP_Human_All.meme	M00652_2.00	RBMY1D	NBGCCCUCAAGGYVN	2.36e-2	1.00e0	5.44e2	1056	610	610	5000	38.4	5	0.82	11	0.22
298	/Users/ranjithpapareddy/Desktop/Desktop-Ranjith-iMac/forGIT/UFMylation_Ribosome_stalling_RNA_Splicing/Part4_Splicing_Analysis/data/motifs/CisBP_Human_All.meme	M00610_2.00	MSI1	KUAGUDGUAGK	1.99e-2	1.00e0	5.44e2	1263	610	610	5000	52.2	3	0.49	3	0.06
299	/Users/ranjithpapareddy/Desktop/Desktop-Ranjith-iMac/forGIT/UFMylation_Ribosome_stalling_RNA_Splicing/Part4_Splicing_Analysis/data/motifs/CisBP_Human_All.meme	M00445_2.00	RBMY1D	CUCAA	8.30e-3	1.00e0	5.44e2	3104	610	610	5000	3.82	19	3.11	79	1.58
300	/Users/ranjithpapareddy/Desktop/Desktop-Ranjith-iMac/forGIT/UFMylation_Ribosome_stalling_RNA_Splicing/Part4_Splicing_Analysis/data/motifs/CisBP_Human_All.meme	M00165_2.00	RBMS1	UAUAUAS	1.70e-2	1.00e0	5.44e2	1528	610	610	5000	12.3	4	0.66	6	0.12
301	/Users/ranjithpapareddy/Desktop/Desktop-Ranjith-iMac/forGIT/UFMylation_Ribosome_stalling_RNA_Splicing/Part4_Splicing_Analysis/data/motifs/CisBP_Human_All.meme	M00160_2.00	M00160_2.00	AACUAAG	2.21e-2	1.00e0	5.44e2	1183	610	610	5000	11.7	7	1.15	20	0.40
302	/Users/ranjithpapareddy/Desktop/Desktop-Ranjith-iMac/forGIT/UFMylation_Ribosome_stalling_RNA_Splicing/Part4_Splicing_Analysis/data/motifs/CisBP_Human_All.meme	M00831_2.00	ZCRB1	HUUAAW	9.32e-3	1.00e0	5.44e2	3092	610	610	5000	4.55	21	3.44	92	1.84
303	/Users/ranjithpapareddy/Desktop/Desktop-Ranjith-iMac/forGIT/UFMylation_Ribosome_stalling_RNA_Splicing/Part4_Splicing_Analysis/data/motifs/CisBP_Human_All.meme	M00777_2.00	PUM1	UGUAW	1.18e-2	1.00e0	5.44e2	2552	610	610	5000	2.72	24	3.93	113	2.26
304	/Users/ranjithpapareddy/Desktop/Desktop-Ranjith-iMac/forGIT/UFMylation_Ribosome_stalling_RNA_Splicing/Part4_Splicing_Analysis/data/motifs/CisBP_Human_All.meme	M00710_2.00	CELF1	AAUGU	1.17e-2	1.00e0	5.44e2	2677	610	610	5000	3.59	38	6.23	204	4.08
305	/Users/ranjithpapareddy/Desktop/Desktop-Ranjith-iMac/forGIT/UFMylation_Ribosome_stalling_RNA_Splicing/Part4_Splicing_Analysis/data/motifs/CisBP_Human_All.meme	M00729_2.00	FUBP3	UUAAU	1.34e-2	1.00e0	5.44e2	2601	610	610	5000	4.4	30	4.92	153	3.06
306	/Users/ranjithpapareddy/Desktop/Desktop-Ranjith-iMac/forGIT/UFMylation_Ribosome_stalling_RNA_Splicing/Part4_Splicing_Analysis/data/motifs/CisBP_Human_All.meme	M00146_2.00	M00146_2.00	UUUGGUU	1.03e-2	1.00e0	5.44e2	3416	610	610	5000	6.98	21	3.44	93	1.86
307	/Users/ranjithpapareddy/Desktop/Desktop-Ranjith-iMac/forGIT/UFMylation_Ribosome_stalling_RNA_Splicing/Part4_Splicing_Analysis/data/motifs/CisBP_Human_All.meme	M00259_2.00	M00259_2.00	SAACUACD	4.72e-2	1.00e0	5.44e2	739	610	610	5000	9.61	3	0.49	5	0.10
308	/Users/ranjithpapareddy/Desktop/Desktop-Ranjith-iMac/forGIT/UFMylation_Ribosome_stalling_RNA_Splicing/Part4_Splicing_Analysis/data/motifs/CisBP_Human_All.meme	M00570_2.00	DAZ1	NNNNNUGKWGUUGUAGKKNKK	6.00e-1	1.00e0	5.44e2	463	610	610	5000	6.26	11	1.80	94	1.88
309	/Users/ranjithpapareddy/Desktop/Desktop-Ranjith-iMac/forGIT/UFMylation_Ribosome_stalling_RNA_Splicing/Part4_Splicing_Analysis/data/motifs/CisBP_Human_All.meme	M00716_2.00	DAZAP1	NAUAUAR	3.85e-2	1.00e0	5.44e2	2475	610	610	5000	4.58	9	1.48	34	0.68
310	/Users/ranjithpapareddy/Desktop/Desktop-Ranjith-iMac/forGIT/UFMylation_Ribosome_stalling_RNA_Splicing/Part4_Splicing_Analysis/data/motifs/CisBP_Human_All.meme	M00571_2.00	DAZ1	SGKCGWAAUGUUAGUAGGBCS	6.83e-1	1.00e0	5.44e2	31	610	610	5000	1.77	2	0.33	19	0.38
311	/Users/ranjithpapareddy/Desktop/Desktop-Ranjith-iMac/forGIT/UFMylation_Ribosome_stalling_RNA_Splicing/Part4_Splicing_Analysis/data/motifs/CisBP_Human_All.meme	M00431_2.00	M00431_2.00	UAGAUAG	3.81e-1	1.00e0	5.44e2	1989	610	610	5000	6.27	2	0.33	10	0.20
312	/Users/ranjithpapareddy/Desktop/Desktop-Ranjith-iMac/forGIT/UFMylation_Ribosome_stalling_RNA_Splicing/Part4_Splicing_Analysis/data/motifs/CisBP_Human_All.meme	M00656_2.00	RBMY1D	BUGAAUYCGUCRN	1.88e-1	1.00e0	5.44e2	201	610	610	5000	4.66	4	0.66	17	0.34
313	/Users/ranjithpapareddy/Desktop/Desktop-Ranjith-iMac/forGIT/UFMylation_Ribosome_stalling_RNA_Splicing/Part4_Splicing_Analysis/data/motifs/CisBP_Human_All.meme	M00298_2.00	SF3B6	UUUUUCC	2.94e-2	1.00e0	5.44e2	3670	610	610	5000	10.6	14	2.30	61	1.22
314	/Users/ranjithpapareddy/Desktop/Desktop-Ranjith-iMac/forGIT/UFMylation_Ribosome_stalling_RNA_Splicing/Part4_Splicing_Analysis/data/motifs/CisBP_Human_All.meme	M00832_2.00	ZFP36L1	UAUUU	2.62e-2	1.00e0	5.44e2	3211	610	610	5000	7.88	8	1.31	26	0.52
315	/Users/ranjithpapareddy/Desktop/Desktop-Ranjith-iMac/forGIT/UFMylation_Ribosome_stalling_RNA_Splicing/Part4_Splicing_Analysis/data/motifs/CisBP_Human_All.meme	M00620_2.00	QKI	WUACUAACAWW	4.97e-1	1.00e0	5.44e2	1135	610	610	5000	46.7	2	0.33	13	0.26
316	/Users/ranjithpapareddy/Desktop/Desktop-Ranjith-iMac/forGIT/UFMylation_Ribosome_stalling_RNA_Splicing/Part4_Splicing_Analysis/data/motifs/CisBP_Human_All.meme	M00621_2.00	QKI	ACUAACAWUACUAACA	8.66e-1	1.00e0	5.44e2	2164	610	610	5000	33	8	1.31	92	1.84
317	/Users/ranjithpapareddy/Desktop/Desktop-Ranjith-iMac/forGIT/UFMylation_Ribosome_stalling_RNA_Splicing/Part4_Splicing_Analysis/data/motifs/CisBP_Human_All.meme	M00728_2.00	FUBP3	UUUWU	2.49e-1	1.00e0	5.44e2	3681	610	610	5000	13.7	3	0.49	13	0.26
318	/Users/ranjithpapareddy/Desktop/Desktop-Ranjith-iMac/forGIT/UFMylation_Ribosome_stalling_RNA_Splicing/Part4_Splicing_Analysis/data/motifs/CisBP_Human_All.meme	M00180_2.00	ENSG00000282559	AUUUUUU	2.21e-2	1.00e0	5.44e2	3588	610	610	5000	39	7	1.15	20	0.40
319	/Users/ranjithpapareddy/Desktop/Desktop-Ranjith-iMac/forGIT/UFMylation_Ribosome_stalling_RNA_Splicing/Part4_Splicing_Analysis/data/motifs/CisBP_Human_All.meme	M13109_2.00	AC008982.1	ACACACA	1.09e-1	1.00e0	5.44e2	2232	610	610	5000	534	1	0.16	0	0.00
320	/Users/ranjithpapareddy/Desktop/Desktop-Ranjith-iMac/forGIT/UFMylation_Ribosome_stalling_RNA_Splicing/Part4_Splicing_Analysis/data/motifs/CisBP_Human_All.meme	M00594_2.00	ENSG00000282559	RUUUUUKKGG	9.45e-2	1.00e0	5.44e2	3323	610	610	5000	33.9	2	0.33	3	0.06
321	/Users/ranjithpapareddy/Desktop/Desktop-Ranjith-iMac/forGIT/UFMylation_Ribosome_stalling_RNA_Splicing/Part4_Splicing_Analysis/data/motifs/CisBP_Human_All.meme	M00053_2.00	ELAVL1	UUWUUUU	1.44e-1	1.00e0	5.44e2	3712	610	610	5000	38.4	4	0.66	15	0.30
322	/Users/ranjithpapareddy/Desktop/Desktop-Ranjith-iMac/forGIT/UFMylation_Ribosome_stalling_RNA_Splicing/Part4_Splicing_Analysis/data/motifs/CisBP_Human_All.meme	M00754_2.00	KHSRP	UUWUU	7.61e-2	1.00e0	5.44e2	3742	610	610	5000	17	6	0.98	22	0.44
323	/Users/ranjithpapareddy/Desktop/Desktop-Ranjith-iMac/forGIT/UFMylation_Ribosome_stalling_RNA_Splicing/Part4_Splicing_Analysis/data/motifs/CisBP_Human_All.meme	M13034_2.00	SYNCRIP	CAAAAWAG	5.32e-2	1.00e0	5.44e2	3626	610	610	5000	11.1	16	2.62	80	1.60
324	/Users/ranjithpapareddy/Desktop/Desktop-Ranjith-iMac/forGIT/UFMylation_Ribosome_stalling_RNA_Splicing/Part4_Splicing_Analysis/data/motifs/CisBP_Human_All.meme	M00614_2.00	PABPC5	UUAKAAAGUURCU	8.13e-1	1.00e0	5.44e2	1727	610	610	5000	31	3	0.49	36	0.72
325	/Users/ranjithpapareddy/Desktop/Desktop-Ranjith-iMac/forGIT/UFMylation_Ribosome_stalling_RNA_Splicing/Part4_Splicing_Analysis/data/motifs/CisBP_Human_All.meme	M00615_2.00	PABPC5	UUAKAAAUUACUACAY	1.00e0	1.00e0	5.44e2	276	610	610	5000	5.12	2	0.33	110	2.20
326	/Users/ranjithpapareddy/Desktop/Desktop-Ranjith-iMac/forGIT/UFMylation_Ribosome_stalling_RNA_Splicing/Part4_Splicing_Analysis/data/motifs/CisBP_Human_All.meme	M00473_2.00	PABPC4L	AAAAA	1.09e-1	1.00e0	5.44e2	3640	610	610	5000	121	1	0.16	0	0.00
327	/Users/ranjithpapareddy/Desktop/Desktop-Ranjith-iMac/forGIT/UFMylation_Ribosome_stalling_RNA_Splicing/Part4_Splicing_Analysis/data/motifs/CisBP_Human_All.meme	M00806_2.00	SF1	UUAAYM	6.29e-2	1.00e0	5.44e2	2227	610	610	5000	3.98	10	1.64	44	0.88
328	/Users/ranjithpapareddy/Desktop/Desktop-Ranjith-iMac/forGIT/UFMylation_Ribosome_stalling_RNA_Splicing/Part4_Splicing_Analysis/data/motifs/CisBP_Human_All.meme	M00662_2.00	RC3H1	NNYRCGUUUUAGKRNN	3.31e-1	1.00e0	5.44e2	360	610	610	5000	4.97	5	0.82	30	0.60
329	/Users/ranjithpapareddy/Desktop/Desktop-Ranjith-iMac/forGIT/UFMylation_Ribosome_stalling_RNA_Splicing/Part4_Splicing_Analysis/data/motifs/CisBP_Human_All.meme	M13043_2.00	SF3B4	NCAAAAGN	1.72e-1	1.00e0	5.44e2	2104	610	610	5000	29.6	2	0.33	5	0.10
330	/Users/ranjithpapareddy/Desktop/Desktop-Ranjith-iMac/forGIT/UFMylation_Ribosome_stalling_RNA_Splicing/Part4_Splicing_Analysis/data/motifs/CisBP_Human_All.meme	M00082_2.00	M00082_2.00	UAAAAGG	3.40e-1	1.00e0	5.44e2	3084	610	610	5000	6.85	10	1.64	68	1.36
331	/Users/ranjithpapareddy/Desktop/Desktop-Ranjith-iMac/forGIT/UFMylation_Ribosome_stalling_RNA_Splicing/Part4_Splicing_Analysis/data/motifs/CisBP_Human_All.meme	M00825_2.00	TIA1	UUUUW	6.56e-2	1.00e0	5.44e2	3796	610	610	5000	17.5	6	0.98	21	0.42
332	/Users/ranjithpapareddy/Desktop/Desktop-Ranjith-iMac/forGIT/UFMylation_Ribosome_stalling_RNA_Splicing/Part4_Splicing_Analysis/data/motifs/CisBP_Human_All.meme	M00172_2.00	ENSG00000282559	UUUUUUG	2.86e-1	1.00e0	5.44e2	3487	610	610	5000	35.5	5	0.82	28	0.56
333	/Users/ranjithpapareddy/Desktop/Desktop-Ranjith-iMac/forGIT/UFMylation_Ribosome_stalling_RNA_Splicing/Part4_Splicing_Analysis/data/motifs/CisBP_Human_All.meme	M13120_2.00	ENSG00000282095	VWUUUUUS	2.62e-2	1.00e0	5.44e2	3555	610	610	5000	24.5	8	1.31	26	0.52
334	/Users/ranjithpapareddy/Desktop/Desktop-Ranjith-iMac/forGIT/UFMylation_Ribosome_stalling_RNA_Splicing/Part4_Splicing_Analysis/data/motifs/CisBP_Human_All.meme	M13121_2.00	ENSG00000282175	VWUUUUUS	2.62e-2	1.00e0	5.44e2	3555	610	610	5000	24.5	8	1.31	26	0.52
335	/Users/ranjithpapareddy/Desktop/Desktop-Ranjith-iMac/forGIT/UFMylation_Ribosome_stalling_RNA_Splicing/Part4_Splicing_Analysis/data/motifs/CisBP_Human_All.meme	M00640_2.00	RBM6	NNNSGYRYGCUCGUGCYACBNNN	5.49e-1	1.00e0	5.44e2	60	610	610	5000	3.68	3	0.49	23	0.46
336	/Users/ranjithpapareddy/Desktop/Desktop-Ranjith-iMac/forGIT/UFMylation_Ribosome_stalling_RNA_Splicing/Part4_Splicing_Analysis/data/motifs/CisBP_Human_All.meme	M00641_2.00	RBMS1	GUAUUUAUDGGG	3.20e-2	1.00e0	5.44e2	1423	610	610	5000	43.1	3	0.49	4	0.08
337	/Users/ranjithpapareddy/Desktop/Desktop-Ranjith-iMac/forGIT/UFMylation_Ribosome_stalling_RNA_Splicing/Part4_Splicing_Analysis/data/motifs/CisBP_Human_All.meme	M00567_2.00	YBX3	UAACAUCR	6.10e-2	1.00e0	5.44e2	1142	610	610	5000	19.8	2	0.33	2	0.04
338	/Users/ranjithpapareddy/Desktop/Desktop-Ranjith-iMac/forGIT/UFMylation_Ribosome_stalling_RNA_Splicing/Part4_Splicing_Analysis/data/motifs/CisBP_Human_All.meme	M00566_2.00	CELF4	UGUGUWGUGU	1.05e-1	1.00e0	5.44e2	3277	610	610	5000	16.9	4	0.66	13	0.26
339	/Users/ranjithpapareddy/Desktop/Desktop-Ranjith-iMac/forGIT/UFMylation_Ribosome_stalling_RNA_Splicing/Part4_Splicing_Analysis/data/motifs/CisBP_Human_All.meme	M00254_2.00	ELAVL1	UUUUUUU	2.98e-1	1.00e0	5.44e2	3708	610	610	5000	100	2	0.33	8	0.16
340	/Users/ranjithpapareddy/Desktop/Desktop-Ranjith-iMac/forGIT/UFMylation_Ribosome_stalling_RNA_Splicing/Part4_Splicing_Analysis/data/motifs/CisBP_Human_All.meme	M00609_2.00	MKRN1	NNNNSYGUAAAKUGUAGBBNNN	9.97e-1	1.00e0	5.44e2	66	610	610	5000	1.47	1	0.16	49	0.98
341	/Users/ranjithpapareddy/Desktop/Desktop-Ranjith-iMac/forGIT/UFMylation_Ribosome_stalling_RNA_Splicing/Part4_Splicing_Analysis/data/motifs/CisBP_Human_All.meme	M00608_2.00	MEX3A	UDURUUUAUU	6.83e-1	1.00e0	5.44e2	3323	610	610	5000	42.3	2	0.33	19	0.38
342	/Users/ranjithpapareddy/Desktop/Desktop-Ranjith-iMac/forGIT/UFMylation_Ribosome_stalling_RNA_Splicing/Part4_Splicing_Analysis/data/motifs/CisBP_Human_All.meme	M00223_2.00	SF3B4	WUUUUUU	1.77e-2	1.00e0	5.44e2	3709	610	610	5000	37.4	5	0.82	10	0.20
343	/Users/ranjithpapareddy/Desktop/Desktop-Ranjith-iMac/forGIT/UFMylation_Ribosome_stalling_RNA_Splicing/Part4_Splicing_Analysis/data/motifs/CisBP_Human_All.meme	M00582_2.00	ELAVL4	KUUURKUUKD	2.39e-1	1.00e0	5.44e2	3618	610	610	5000	9.25	18	2.95	120	2.40
344	/Users/ranjithpapareddy/Desktop/Desktop-Ranjith-iMac/forGIT/UFMylation_Ribosome_stalling_RNA_Splicing/Part4_Splicing_Analysis/data/motifs/CisBP_Human_All.meme	M00558_2.00	PUM2	UGUAAAUA	4.15e-1	1.00e0	5.44e2	1868	610	610	5000	35.3	4	0.66	26	0.52
345	/Users/ranjithpapareddy/Desktop/Desktop-Ranjith-iMac/forGIT/UFMylation_Ribosome_stalling_RNA_Splicing/Part4_Splicing_Analysis/data/motifs/CisBP_Human_All.meme	M00130_2.00	ELAVL1	UUUGUUU	3.99e-2	1.00e0	5.44e2	3651	610	610	5000	14.7	10	1.64	40	0.80
346	/Users/ranjithpapareddy/Desktop/Desktop-Ranjith-iMac/forGIT/UFMylation_Ribosome_stalling_RNA_Splicing/Part4_Splicing_Analysis/data/motifs/CisBP_Human_All.meme	M12992_2.00	PABPC1L	GAAAAAAR	1.09e-1	1.00e0	5.44e2	3665	610	610	5000	161	1	0.16	0	0.00
347	/Users/ranjithpapareddy/Desktop/Desktop-Ranjith-iMac/forGIT/UFMylation_Ribosome_stalling_RNA_Splicing/Part4_Splicing_Analysis/data/motifs/CisBP_Human_All.meme	M00602_2.00	LARP6	GUGUCUGYUKKBBYGAAGUCH	4.14e-1	1.00e0	5.44e2	382	610	610	5000	6.54	9	1.48	65	1.30
348	/Users/ranjithpapareddy/Desktop/Desktop-Ranjith-iMac/forGIT/UFMylation_Ribosome_stalling_RNA_Splicing/Part4_Splicing_Analysis/data/motifs/CisBP_Human_All.meme	M00691_2.00	ZC3H12C	DUGCGKCAGUCGGUAGC	1.00e0	1.00e0	5.44e2	2	610	610	5000	3.53	0	0.00	1	0.02
349	/Users/ranjithpapareddy/Desktop/Desktop-Ranjith-iMac/forGIT/UFMylation_Ribosome_stalling_RNA_Splicing/Part4_Splicing_Analysis/data/motifs/CisBP_Human_All.meme	M00178_2.00	TIA1	UUUUUUY	2.21e-2	1.00e0	5.44e2	3671	610	610	5000	31.3	8	1.31	25	0.50
350	/Users/ranjithpapareddy/Desktop/Desktop-Ranjith-iMac/forGIT/UFMylation_Ribosome_stalling_RNA_Splicing/Part4_Splicing_Analysis/data/motifs/CisBP_Human_All.meme	M00179_2.00	AC009690.3	UGUGUGU	2.02e-1	1.00e0	5.44e2	3419	610	610	5000	26.1	5	0.82	24	0.48
351	/Users/ranjithpapareddy/Desktop/Desktop-Ranjith-iMac/forGIT/UFMylation_Ribosome_stalling_RNA_Splicing/Part4_Splicing_Analysis/data/motifs/CisBP_Human_All.meme	M00070_2.00	RBM3	GAUACGA	1.09e-1	1.00e0	5.44e2	992	610	610	5000	3.67	3	0.49	8	0.16
352	/Users/ranjithpapareddy/Desktop/Desktop-Ranjith-iMac/forGIT/UFMylation_Ribosome_stalling_RNA_Splicing/Part4_Splicing_Analysis/data/motifs/CisBP_Human_All.meme	M00217_2.00	SF3B4	NCAAAAG	1.32e-1	1.00e0	5.44e2	2175	610	610	5000	28.8	2	0.33	4	0.08
353	/Users/ranjithpapareddy/Desktop/Desktop-Ranjith-iMac/forGIT/UFMylation_Ribosome_stalling_RNA_Splicing/Part4_Splicing_Analysis/data/motifs/CisBP_Human_All.meme	M00071_2.00	M00071_2.00	GUGUGUG	2.98e-2	1.00e0	5.44e2	3140	610	610	5000	3.15	114	18.69	780	15.60
354	/Users/ranjithpapareddy/Desktop/Desktop-Ranjith-iMac/forGIT/UFMylation_Ribosome_stalling_RNA_Splicing/Part4_Splicing_Analysis/data/motifs/CisBP_Human_All.meme	M13023_2.00	HNRNPR	CAAAAWRS	3.20e-2	1.00e0	5.44e2	3686	610	610	5000	19.5	3	0.49	4	0.08
355	/Users/ranjithpapareddy/Desktop/Desktop-Ranjith-iMac/forGIT/UFMylation_Ribosome_stalling_RNA_Splicing/Part4_Splicing_Analysis/data/motifs/CisBP_Human_All.meme	M00735_2.00	ENSG00000282559	UUUUU	4.72e-2	1.00e0	5.44e2	3792	610	610	5000	24.6	6	0.98	19	0.38
356	/Users/ranjithpapareddy/Desktop/Desktop-Ranjith-iMac/forGIT/UFMylation_Ribosome_stalling_RNA_Splicing/Part4_Splicing_Analysis/data/motifs/CisBP_Human_All.meme	M00260_2.00	M00260_2.00	GUGUGUG	5.11e-2	1.00e0	5.44e2	2807	610	610	5000	8.38	33	5.41	195	3.90
357	/Users/ranjithpapareddy/Desktop/Desktop-Ranjith-iMac/forGIT/UFMylation_Ribosome_stalling_RNA_Splicing/Part4_Splicing_Analysis/data/motifs/CisBP_Human_All.meme	M00588_2.00	HNRNPA0	KUAGGUKUAGGU	6.25e-1	1.00e0	5.44e2	720	610	610	5000	20.9	3	0.49	26	0.52
358	/Users/ranjithpapareddy/Desktop/Desktop-Ranjith-iMac/forGIT/UFMylation_Ribosome_stalling_RNA_Splicing/Part4_Splicing_Analysis/data/motifs/CisBP_Human_All.meme	M13114_2.00	HNRNPCL2	VWUUUUUS	2.62e-2	1.00e0	5.44e2	3555	610	610	5000	24.5	8	1.31	26	0.52
359	/Users/ranjithpapareddy/Desktop/Desktop-Ranjith-iMac/forGIT/UFMylation_Ribosome_stalling_RNA_Splicing/Part4_Splicing_Analysis/data/motifs/CisBP_Human_All.meme	M00589_2.00	HNRNPA1L2	KUAGGUUAGGGW	8.27e-2	1.00e0	5.44e2	689	610	610	5000	30.3	5	0.82	17	0.34
360	/Users/ranjithpapareddy/Desktop/Desktop-Ranjith-iMac/forGIT/UFMylation_Ribosome_stalling_RNA_Splicing/Part4_Splicing_Analysis/data/motifs/CisBP_Human_All.meme	M13115_2.00	HNRNPCL3	VWUUUUUS	2.62e-2	1.00e0	5.44e2	3555	610	610	5000	24.5	8	1.31	26	0.52
361	/Users/ranjithpapareddy/Desktop/Desktop-Ranjith-iMac/forGIT/UFMylation_Ribosome_stalling_RNA_Splicing/Part4_Splicing_Analysis/data/motifs/CisBP_Human_All.meme	M00674_2.00	SNRPB2	GGGUGUGCAC	5.98e-1	1.00e0	5.44e2	360	610	610	5000	60.1	2	0.33	16	0.32
362	/Users/ranjithpapareddy/Desktop/Desktop-Ranjith-iMac/forGIT/UFMylation_Ribosome_stalling_RNA_Splicing/Part4_Splicing_Analysis/data/motifs/CisBP_Human_All.meme	M00675_2.00	SNRPB2	KSCAUUGCACN	9.43e-1	1.00e0	5.44e2	1388	610	610	5000	61.8	3	0.49	51	1.02
363	/Users/ranjithpapareddy/Desktop/Desktop-Ranjith-iMac/forGIT/UFMylation_Ribosome_stalling_RNA_Splicing/Part4_Splicing_Analysis/data/motifs/CisBP_Human_All.meme	M00174_2.00	FXR1	AAYGACRA	5.24e-2	1.00e0	5.44e2	1061	610	610	5000	3.45	14	2.30	67	1.34
364	/Users/ranjithpapareddy/Desktop/Desktop-Ranjith-iMac/forGIT/UFMylation_Ribosome_stalling_RNA_Splicing/Part4_Splicing_Analysis/data/motifs/CisBP_Human_All.meme	M00528_2.00	ELAVL2	WUUYAUUUU	4.29e-1	1.00e0	5.44e2	3009	610	610	5000	57	8	1.31	58	1.16
365	/Users/ranjithpapareddy/Desktop/Desktop-Ranjith-iMac/forGIT/UFMylation_Ribosome_stalling_RNA_Splicing/Part4_Splicing_Analysis/data/motifs/CisBP_Human_All.meme	M00706_2.00	A1CF	UAAUUA	2.45e-2	1.00e0	5.44e2	3043	610	610	5000	6.43	4	0.66	7	0.14
366	/Users/ranjithpapareddy/Desktop/Desktop-Ranjith-iMac/forGIT/UFMylation_Ribosome_stalling_RNA_Splicing/Part4_Splicing_Analysis/data/motifs/CisBP_Human_All.meme	M00561_2.00	BOLL	KUGUUGUGUUKK	2.86e-1	1.00e0	5.44e2	3465	610	610	5000	47.5	4	0.66	21	0.42
367	/Users/ranjithpapareddy/Desktop/Desktop-Ranjith-iMac/forGIT/UFMylation_Ribosome_stalling_RNA_Splicing/Part4_Splicing_Analysis/data/motifs/CisBP_Human_All.meme	M00707_2.00	BOLL	UUUDUUU	1.24e-1	1.00e0	5.44e2	3891	610	610	5000	9.48	7	1.15	32	0.64
368	/Users/ranjithpapareddy/Desktop/Desktop-Ranjith-iMac/forGIT/UFMylation_Ribosome_stalling_RNA_Splicing/Part4_Splicing_Analysis/data/motifs/CisBP_Human_All.meme	M13067_2.00	RBM15	YWUUUUUS	1.12e-1	1.00e0	5.44e2	3628	610	610	5000	14.2	13	2.13	70	1.40
369	/Users/ranjithpapareddy/Desktop/Desktop-Ranjith-iMac/forGIT/UFMylation_Ribosome_stalling_RNA_Splicing/Part4_Splicing_Analysis/data/motifs/CisBP_Human_All.meme	M00034_2.00	CPEB2	CWUUUUU	1.18e-1	1.00e0	5.44e2	3727	610	610	5000	14	12	1.97	64	1.28
370	/Users/ranjithpapareddy/Desktop/Desktop-Ranjith-iMac/forGIT/UFMylation_Ribosome_stalling_RNA_Splicing/Part4_Splicing_Analysis/data/motifs/CisBP_Human_All.meme	M00035_2.00	DAZAP1	UAGGUAR	2.03e-2	1.00e0	5.44e2	1963	610	610	5000	2.62	27	4.43	139	2.78
371	/Users/ranjithpapareddy/Desktop/Desktop-Ranjith-iMac/forGIT/UFMylation_Ribosome_stalling_RNA_Splicing/Part4_Splicing_Analysis/data/motifs/CisBP_Human_All.meme	M00678_2.00	THUMPD1	UUCGUGGCUUG	6.51e-1	1.00e0	5.44e2	171	610	610	5000	1.48	11	1.80	98	1.96
372	/Users/ranjithpapareddy/Desktop/Desktop-Ranjith-iMac/forGIT/UFMylation_Ribosome_stalling_RNA_Splicing/Part4_Splicing_Analysis/data/motifs/CisBP_Human_All.meme	M00517_2.00	SNRPA	AUUGCAC	4.93e-1	1.00e0	5.44e2	1056	610	610	5000	24.1	3	0.49	21	0.42
373	/Users/ranjithpapareddy/Desktop/Desktop-Ranjith-iMac/forGIT/UFMylation_Ribosome_stalling_RNA_Splicing/Part4_Splicing_Analysis/data/motifs/CisBP_Human_All.meme	M00771_2.00	ENSG00000238104	HAUAAR	3.05e-2	1.00e0	5.44e2	2736	610	610	5000	4.34	5	0.82	12	0.24
374	/Users/ranjithpapareddy/Desktop/Desktop-Ranjith-iMac/forGIT/UFMylation_Ribosome_stalling_RNA_Splicing/Part4_Splicing_Analysis/data/motifs/CisBP_Human_All.meme	M00516_2.00	SNRPA	AUUGCAC	4.93e-1	1.00e0	5.44e2	1331	610	610	5000	16.4	3	0.49	21	0.42
375	/Users/ranjithpapareddy/Desktop/Desktop-Ranjith-iMac/forGIT/UFMylation_Ribosome_stalling_RNA_Splicing/Part4_Splicing_Analysis/data/motifs/CisBP_Human_All.meme	M00099_2.00	U2AF2	UUUUUUC	1.24e-1	1.00e0	5.44e2	3752	610	610	5000	29.1	7	1.15	32	0.64
376	/Users/ranjithpapareddy/Desktop/Desktop-Ranjith-iMac/forGIT/UFMylation_Ribosome_stalling_RNA_Splicing/Part4_Splicing_Analysis/data/motifs/CisBP_Human_All.meme	M00631_2.00	RBM38	UGGUGUGUGUGKKD	9.60e-1	1.00e0	5.44e2	1798	610	610	5000	687	1	0.16	27	0.54
377	/Users/ranjithpapareddy/Desktop/Desktop-Ranjith-iMac/forGIT/UFMylation_Ribosome_stalling_RNA_Splicing/Part4_Splicing_Analysis/data/motifs/CisBP_Human_All.meme	M00191_2.00	HNRNPLL	ACACACA	1.02e-1	1.00e0	5.44e2	2637	610	610	5000	18	16	2.62	89	1.78
378	/Users/ranjithpapareddy/Desktop/Desktop-Ranjith-iMac/forGIT/UFMylation_Ribosome_stalling_RNA_Splicing/Part4_Splicing_Analysis/data/motifs/CisBP_Human_All.meme	M00738_2.00	HNRNPDL	UAAUU	1.09e-1	1.00e0	5.44e2	3208	610	610	5000	12.5	1	0.16	0	0.00
379	/Users/ranjithpapareddy/Desktop/Desktop-Ranjith-iMac/forGIT/UFMylation_Ribosome_stalling_RNA_Splicing/Part4_Splicing_Analysis/data/motifs/CisBP_Human_All.meme	M00739_2.00	HNRNPDL	UAUAU	4.27e-1	1.00e0	5.44e2	2294	610	610	5000	8.41	7	1.15	50	1.00
380	/Users/ranjithpapareddy/Desktop/Desktop-Ranjith-iMac/forGIT/UFMylation_Ribosome_stalling_RNA_Splicing/Part4_Splicing_Analysis/data/motifs/CisBP_Human_All.meme	M00696_2.00	ZCRB1	GUMUUAAKG	3.73e-1	1.00e0	5.44e2	1272	610	610	5000	12.5	3	0.49	17	0.34
381	/Users/ranjithpapareddy/Desktop/Desktop-Ranjith-iMac/forGIT/UFMylation_Ribosome_stalling_RNA_Splicing/Part4_Splicing_Analysis/data/motifs/CisBP_Human_All.meme	M00697_2.00	ZCRB1	GUGGACUUAA	6.83e-1	1.00e0	5.44e2	320	610	610	5000	31.4	2	0.33	19	0.38
382	/Users/ranjithpapareddy/Desktop/Desktop-Ranjith-iMac/forGIT/UFMylation_Ribosome_stalling_RNA_Splicing/Part4_Splicing_Analysis/data/motifs/CisBP_Human_All.meme	M00258_2.00	SYNCRIP	CAAAAAG	3.29e-2	1.00e0	5.44e2	3718	610	610	5000	25.6	2	0.33	1	0.02
383	/Users/ranjithpapareddy/Desktop/Desktop-Ranjith-iMac/forGIT/UFMylation_Ribosome_stalling_RNA_Splicing/Part4_Splicing_Analysis/data/motifs/CisBP_Human_All.meme	M00605_2.00	MEX3A	UAKAGUUUAU	9.07e-1	1.00e0	5.44e2	2534	610	610	5000	15	2	0.33	33	0.66
384	/Users/ranjithpapareddy/Desktop/Desktop-Ranjith-iMac/forGIT/UFMylation_Ribosome_stalling_RNA_Splicing/Part4_Splicing_Analysis/data/motifs/CisBP_Human_All.meme	M00077_2.00	RBMS3	AUAUAUM	4.68e-1	1.00e0	5.44e2	2223	610	610	5000	6.52	16	2.62	125	2.50
385	/Users/ranjithpapareddy/Desktop/Desktop-Ranjith-iMac/forGIT/UFMylation_Ribosome_stalling_RNA_Splicing/Part4_Splicing_Analysis/data/motifs/CisBP_Human_All.meme	M00829_2.00	UNK	HUUAGBW	1.28e-1	1.00e0	5.44e2	1705	610	610	5000	2.6	5	0.82	20	0.40
386	/Users/ranjithpapareddy/Desktop/Desktop-Ranjith-iMac/forGIT/UFMylation_Ribosome_stalling_RNA_Splicing/Part4_Splicing_Analysis/data/motifs/CisBP_Human_All.meme	M00828_2.00	TRNAU1AP	AUUUA	3.29e-2	1.00e0	5.44e2	3100	610	610	5000	11.3	2	0.33	1	0.02
387	/Users/ranjithpapareddy/Desktop/Desktop-Ranjith-iMac/forGIT/UFMylation_Ribosome_stalling_RNA_Splicing/Part4_Splicing_Analysis/data/motifs/CisBP_Human_All.meme	M00732_2.00	HNRNPA0	VUUAGN	3.05e-2	1.00e0	5.44e2	1601	610	610	5000	3.58	5	0.82	12	0.24
388	/Users/ranjithpapareddy/Desktop/Desktop-Ranjith-iMac/forGIT/UFMylation_Ribosome_stalling_RNA_Splicing/Part4_Splicing_Analysis/data/motifs/CisBP_Human_All.meme	M00266_2.00	M00266_2.00	KUAAUUS	1.92e-2	1.00e0	5.44e2	2171	610	610	5000	5.8	15	2.46	63	1.26
389	/Users/ranjithpapareddy/Desktop/Desktop-Ranjith-iMac/forGIT/UFMylation_Ribosome_stalling_RNA_Splicing/Part4_Splicing_Analysis/data/motifs/CisBP_Human_All.meme	M00109_2.00	SRSF10	AGAGARR	1.45e-2	1.00e0	5.44e2	4032	610	610	5000	9.36	30	4.92	154	3.08
390	/Users/ranjithpapareddy/Desktop/Desktop-Ranjith-iMac/forGIT/UFMylation_Ribosome_stalling_RNA_Splicing/Part4_Splicing_Analysis/data/motifs/CisBP_Human_All.meme	M00049_2.00	HNRNPL	ACACACA	7.02e-2	1.00e0	5.44e2	3475	610	610	5000	16	13	2.13	64	1.28
391	/Users/ranjithpapareddy/Desktop/Desktop-Ranjith-iMac/forGIT/UFMylation_Ribosome_stalling_RNA_Splicing/Part4_Splicing_Analysis/data/motifs/CisBP_Human_All.meme	M13113_2.00	ENSG00000274109	VWUUUUUS	2.62e-2	1.00e0	5.44e2	3555	610	610	5000	24.5	8	1.31	26	0.52
392	/Users/ranjithpapareddy/Desktop/Desktop-Ranjith-iMac/forGIT/UFMylation_Ribosome_stalling_RNA_Splicing/Part4_Splicing_Analysis/data/motifs/CisBP_Human_All.meme	M13112_2.00	ENSG00000274081	UUUUUUU	2.55e-1	1.00e0	5.44e2	3728	610	610	5000	115	2	0.33	7	0.14
393	/Users/ranjithpapareddy/Desktop/Desktop-Ranjith-iMac/forGIT/UFMylation_Ribosome_stalling_RNA_Splicing/Part4_Splicing_Analysis/data/motifs/CisBP_Human_All.meme	M00415_2.00	ENSG00000274081	UUUUUUU	1.74e-1	1.00e0	5.44e2	3805	610	610	5000	47.1	6	0.98	29	0.58
394	/Users/ranjithpapareddy/Desktop/Desktop-Ranjith-iMac/forGIT/UFMylation_Ribosome_stalling_RNA_Splicing/Part4_Splicing_Analysis/data/motifs/CisBP_Human_All.meme	M00672_2.00	SNRPA	CAUUGCACN	1.24e-1	1.00e0	5.44e2	1412	610	610	5000	13.7	4	0.66	14	0.28
395	/Users/ranjithpapareddy/Desktop/Desktop-Ranjith-iMac/forGIT/UFMylation_Ribosome_stalling_RNA_Splicing/Part4_Splicing_Analysis/data/motifs/CisBP_Human_All.meme	M13088_2.00	RALYL	VWUUUUUB	1.84e-2	1.00e0	5.44e2	3566	610	610	5000	25.4	8	1.31	24	0.48
396	/Users/ranjithpapareddy/Desktop/Desktop-Ranjith-iMac/forGIT/UFMylation_Ribosome_stalling_RNA_Splicing/Part4_Splicing_Analysis/data/motifs/CisBP_Human_All.meme	M00577_2.00	DAZAP1	UUAGGUUAGK	6.28e-1	1.00e0	5.44e2	1596	610	610	5000	11.1	2	0.33	17	0.34
397	/Users/ranjithpapareddy/Desktop/Desktop-Ranjith-iMac/forGIT/UFMylation_Ribosome_stalling_RNA_Splicing/Part4_Splicing_Analysis/data/motifs/CisBP_Human_All.meme	M00576_2.00	DAZ2	NKGUGUGUGCGUUUCCGSNN	6.84e-1	1.00e0	5.44e2	49	610	610	5000	22.1	1	0.16	9	0.18
398	/Users/ranjithpapareddy/Desktop/Desktop-Ranjith-iMac/forGIT/UFMylation_Ribosome_stalling_RNA_Splicing/Part4_Splicing_Analysis/data/motifs/CisBP_Human_All.meme	M00023_2.00	A1CF	WUAAUUR	5.50e-2	1.00e0	5.44e2	2374	610	610	5000	9.42	8	1.31	31	0.62
399	/Users/ranjithpapareddy/Desktop/Desktop-Ranjith-iMac/forGIT/UFMylation_Ribosome_stalling_RNA_Splicing/Part4_Splicing_Analysis/data/motifs/CisBP_Human_All.meme	M00619_2.00	PUM2	DUGUAAAUAGKK	6.52e-2	1.00e0	5.44e2	1549	610	610	5000	57.4	3	0.49	6	0.12
400	/Users/ranjithpapareddy/Desktop/Desktop-Ranjith-iMac/forGIT/UFMylation_Ribosome_stalling_RNA_Splicing/Part4_Splicing_Analysis/data/motifs/CisBP_Human_All.meme	M00782_2.00	RBM15B	UUUUWUUU	2.98e-1	1.00e0	5.44e2	3807	610	610	5000	27.3	2	0.33	8	0.16
401	/Users/ranjithpapareddy/Desktop/Desktop-Ranjith-iMac/forGIT/UFMylation_Ribosome_stalling_RNA_Splicing/Part4_Splicing_Analysis/data/motifs/CisBP_Human_All.meme	M00834_2.00	ZNF326	MUAUDW	3.36e-2	1.00e0	5.44e2	2402	610	610	5000	3.86	9	1.48	33	0.66
402	/Users/ranjithpapareddy/Desktop/Desktop-Ranjith-iMac/forGIT/UFMylation_Ribosome_stalling_RNA_Splicing/Part4_Splicing_Analysis/data/motifs/CisBP_Human_All.meme	M00758_2.00	MSI1	WWUAGWW	1.00e-1	1.00e0	5.44e2	2143	610	610	5000	2.78	6	0.98	24	0.48
403	/Users/ranjithpapareddy/Desktop/Desktop-Ranjith-iMac/forGIT/UFMylation_Ribosome_stalling_RNA_Splicing/Part4_Splicing_Analysis/data/motifs/CisBP_Human_All.meme	M00436_2.00	M00436_2.00	AUAAWAG	2.96e-1	1.00e0	5.44e2	3059	610	610	5000	7.66	12	1.97	80	1.60
404	/Users/ranjithpapareddy/Desktop/Desktop-Ranjith-iMac/forGIT/UFMylation_Ribosome_stalling_RNA_Splicing/Part4_Splicing_Analysis/data/motifs/CisBP_Human_All.meme	M00437_2.00	M00437_2.00	WUUUUUG	3.24e-2	1.00e0	5.44e2	3675	610	610	5000	14.1	6	0.98	17	0.34
405	/Users/ranjithpapareddy/Desktop/Desktop-Ranjith-iMac/forGIT/UFMylation_Ribosome_stalling_RNA_Splicing/Part4_Splicing_Analysis/data/motifs/CisBP_Human_All.meme	M00548_2.00	ZFP36L1	UUAUUUAWU	7.18e-1	1.00e0	5.44e2	2493	610	610	5000	78.8	1	0.16	10	0.20
406	/Users/ranjithpapareddy/Desktop/Desktop-Ranjith-iMac/forGIT/UFMylation_Ribosome_stalling_RNA_Splicing/Part4_Splicing_Analysis/data/motifs/CisBP_Human_All.meme	M00186_2.00	RBMS3	UAUAUAB	2.87e-1	1.00e0	5.44e2	2469	610	610	5000	7.55	9	1.48	57	1.14
407	/Users/ranjithpapareddy/Desktop/Desktop-Ranjith-iMac/forGIT/UFMylation_Ribosome_stalling_RNA_Splicing/Part4_Splicing_Analysis/data/motifs/CisBP_Human_All.meme	M00232_2.00	M00232_2.00	UAGAUAG	7.07e-2	1.00e0	5.44e2	1988	610	610	5000	3.54	9	1.48	39	0.78
408	/Users/ranjithpapareddy/Desktop/Desktop-Ranjith-iMac/forGIT/UFMylation_Ribosome_stalling_RNA_Splicing/Part4_Splicing_Analysis/data/motifs/CisBP_Human_All.meme	M00054_2.00	IGF2BP2	AMAWACA	2.03e-2	1.00e0	5.44e2	3822	610	610	5000	9.31	10	1.64	35	0.70
409	/Users/ranjithpapareddy/Desktop/Desktop-Ranjith-iMac/forGIT/UFMylation_Ribosome_stalling_RNA_Splicing/Part4_Splicing_Analysis/data/motifs/CisBP_Human_All.meme	M00055_2.00	KHDRBS3	GAUAAACV	8.72e-2	1.00e0	5.44e2	2531	610	610	5000	7.34	9	1.48	41	0.82
410	/Users/ranjithpapareddy/Desktop/Desktop-Ranjith-iMac/forGIT/UFMylation_Ribosome_stalling_RNA_Splicing/Part4_Splicing_Analysis/data/motifs/CisBP_Human_All.meme	M00592_2.00	ENSG00000282559	UUUUUGGUGG	6.10e-2	1.00e0	5.44e2	1097	610	610	5000	234	2	0.33	2	0.04
411	/Users/ranjithpapareddy/Desktop/Desktop-Ranjith-iMac/forGIT/UFMylation_Ribosome_stalling_RNA_Splicing/Part4_Splicing_Analysis/data/motifs/CisBP_Human_All.meme	M00168_2.00	PABPC4L	ARAAAAA	1.00e-1	1.00e0	5.44e2	3732	610	610	5000	64.3	6	0.98	24	0.48
412	/Users/ranjithpapareddy/Desktop/Desktop-Ranjith-iMac/forGIT/UFMylation_Ribosome_stalling_RNA_Splicing/Part4_Splicing_Analysis/data/motifs/CisBP_Human_All.meme	M00752_2.00	KHDRBS3	WWUAAA	3.93e-2	1.00e0	5.44e2	3322	610	610	5000	7.13	6	0.98	18	0.36
413	/Users/ranjithpapareddy/Desktop/Desktop-Ranjith-iMac/forGIT/UFMylation_Ribosome_stalling_RNA_Splicing/Part4_Splicing_Analysis/data/motifs/CisBP_Human_All.meme	M00753_2.00	KHSRP	UGUWU	2.62e-2	1.00e0	5.44e2	3155	610	610	5000	3.63	26	4.26	136	2.72
414	/Users/ranjithpapareddy/Desktop/Desktop-Ranjith-iMac/forGIT/UFMylation_Ribosome_stalling_RNA_Splicing/Part4_Splicing_Analysis/data/motifs/CisBP_Human_All.meme	M00613_2.00	NOVA2	UCAUUCAU	4.60e-2	1.00e0	5.44e2	2037	610	610	5000	5.02	24	3.93	131	2.62
415	/Users/ranjithpapareddy/Desktop/Desktop-Ranjith-iMac/forGIT/UFMylation_Ribosome_stalling_RNA_Splicing/Part4_Splicing_Analysis/data/motifs/CisBP_Human_All.meme	M00612_2.00	MSI2	GUAGUDKDGUAGK	1.72e-1	1.00e0	5.44e2	2040	610	610	5000	37.3	2	0.33	5	0.10
416	/Users/ranjithpapareddy/Desktop/Desktop-Ranjith-iMac/forGIT/UFMylation_Ribosome_stalling_RNA_Splicing/Part4_Splicing_Analysis/data/motifs/CisBP_Human_All.meme	M00681_2.00	YBX1	NBGCCAYRHCAUCGYSN	7.76e-1	1.00e0	5.44e2	159	610	610	5000	2.46	6	0.98	63	1.26
417	/Users/ranjithpapareddy/Desktop/Desktop-Ranjith-iMac/forGIT/UFMylation_Ribosome_stalling_RNA_Splicing/Part4_Splicing_Analysis/data/motifs/CisBP_Human_All.meme	M00156_2.00	M00156_2.00	GAUCAAGA	8.32e-2	1.00e0	5.44e2	1906	610	610	5000	3.43	16	2.62	86	1.72
418	/Users/ranjithpapareddy/Desktop/Desktop-Ranjith-iMac/forGIT/UFMylation_Ribosome_stalling_RNA_Splicing/Part4_Splicing_Analysis/data/motifs/CisBP_Human_All.meme	M13104_2.00	BCL2L2-PABPN1	RAAAAGAH	1.12e-1	1.00e0	5.44e2	3566	610	610	5000	18.7	7	1.15	31	0.62
419	/Users/ranjithpapareddy/Desktop/Desktop-Ranjith-iMac/forGIT/UFMylation_Ribosome_stalling_RNA_Splicing/Part4_Splicing_Analysis/data/motifs/CisBP_Human_All.meme	M00599_2.00	KHDRBS1	UAAUAGU	6.10e-2	1.00e0	5.44e2	2413	610	610	5000	24.5	2	0.33	2	0.04
420	/Users/ranjithpapareddy/Desktop/Desktop-Ranjith-iMac/forGIT/UFMylation_Ribosome_stalling_RNA_Splicing/Part4_Splicing_Analysis/data/motifs/CisBP_Human_All.meme	M00665_2.00	RC3H2	NKYURCGUUUUAGKAGBN	6.45e-1	1.00e0	5.44e2	185	610	610	5000	23.3	1	0.16	8	0.16
421	/Users/ranjithpapareddy/Desktop/Desktop-Ranjith-iMac/forGIT/UFMylation_Ribosome_stalling_RNA_Splicing/Part4_Splicing_Analysis/data/motifs/CisBP_Human_All.meme	M00084_2.00	SART3	ARAAAAA	1.00e-1	1.00e0	5.44e2	3737	610	610	5000	64.3	6	0.98	24	0.48
422	/Users/ranjithpapareddy/Desktop/Desktop-Ranjith-iMac/forGIT/UFMylation_Ribosome_stalling_RNA_Splicing/Part4_Splicing_Analysis/data/motifs/CisBP_Human_All.meme	M00725_2.00	FUBP1	UDUUU	6.99e-2	1.00e0	5.44e2	3819	610	610	5000	12.7	5	0.82	16	0.32
423	/Users/ranjithpapareddy/Desktop/Desktop-Ranjith-iMac/forGIT/UFMylation_Ribosome_stalling_RNA_Splicing/Part4_Splicing_Analysis/data/motifs/CisBP_Human_All.meme	M00543_2.00	SNRPA	GWUWCCWGCUA	4.97e-1	1.00e0	5.44e2	385	610	610	5000	45.7	2	0.33	13	0.26
424	/Users/ranjithpapareddy/Desktop/Desktop-Ranjith-iMac/forGIT/UFMylation_Ribosome_stalling_RNA_Splicing/Part4_Splicing_Analysis/data/motifs/CisBP_Human_All.meme	M00600_2.00	KHDRBS2	UAAACARUAA	2.06e-1	1.00e0	5.44e2	3587	610	610	5000	23.3	1	0.16	1	0.02
425	/Users/ranjithpapareddy/Desktop/Desktop-Ranjith-iMac/forGIT/UFMylation_Ribosome_stalling_RNA_Splicing/Part4_Splicing_Analysis/data/motifs/CisBP_Human_All.meme	M00601_2.00	KHDRBS3	UAAWNDDDDDDUAAD	1.18e-2	1.00e0	5.44e2	3802	610	610	5000	142	2	0.33	0	0.00
426	/Users/ranjithpapareddy/Desktop/Desktop-Ranjith-iMac/forGIT/UFMylation_Ribosome_stalling_RNA_Splicing/Part4_Splicing_Analysis/data/motifs/CisBP_Human_All.meme	M00467_2.00	ZFP36L1	AAHAARBAAAG	9.90e-1	1.00e0	5.44e2	1128	610	610	5000	354	1	0.16	39	0.78
427	/Users/ranjithpapareddy/Desktop/Desktop-Ranjith-iMac/forGIT/UFMylation_Ribosome_stalling_RNA_Splicing/Part4_Splicing_Analysis/data/motifs/CisBP_Human_All.meme	M00708_2.00	BOLL	GUGUUA	7.78e-2	1.00e0	5.44e2	2004	610	610	5000	2.98	21	3.44	119	2.38
428	/Users/ranjithpapareddy/Desktop/Desktop-Ranjith-iMac/forGIT/UFMylation_Ribosome_stalling_RNA_Splicing/Part4_Splicing_Analysis/data/motifs/CisBP_Human_All.meme	M00709_2.00	CELF1	UDUGUYY	4.71e-2	1.00e0	5.44e2	3366	610	610	5000	2.31	46	7.54	286	5.72
429	/Users/ranjithpapareddy/Desktop/Desktop-Ranjith-iMac/forGIT/UFMylation_Ribosome_stalling_RNA_Splicing/Part4_Splicing_Analysis/data/motifs/CisBP_Human_All.meme	M00073_2.00	RBM41	WUACWUU	4.72e-2	1.00e0	5.44e2	2445	610	610	5000	9	6	0.98	19	0.38
430	/Users/ranjithpapareddy/Desktop/Desktop-Ranjith-iMac/forGIT/UFMylation_Ribosome_stalling_RNA_Splicing/Part4_Splicing_Analysis/data/motifs/CisBP_Human_All.meme	M00527_2.00	ELAVL2	UUUUAUUUW	7.98e-1	1.00e0	5.44e2	3196	610	610	5000	50.2	8	1.31	84	1.68
431	/Users/ranjithpapareddy/Desktop/Desktop-Ranjith-iMac/forGIT/UFMylation_Ribosome_stalling_RNA_Splicing/Part4_Splicing_Analysis/data/motifs/CisBP_Human_All.meme	M00526_2.00	ELAVL2	HUYMUUUWUWUUYK	5.09e-1	1.00e0	5.44e2	3638	610	610	5000	55.2	5	0.82	38	0.76
432	/Users/ranjithpapareddy/Desktop/Desktop-Ranjith-iMac/forGIT/UFMylation_Ribosome_stalling_RNA_Splicing/Part4_Splicing_Analysis/data/motifs/CisBP_Human_All.meme	M00097_2.00	TIA1	UUUUUUG	3.40e-1	1.00e0	5.44e2	3608	610	610	5000	42.4	2	0.33	9	0.18
433	/Users/ranjithpapareddy/Desktop/Desktop-Ranjith-iMac/forGIT/UFMylation_Ribosome_stalling_RNA_Splicing/Part4_Splicing_Analysis/data/motifs/CisBP_Human_All.meme	M00458_2.00	M00458_2.00	GCCABAMCAYCGC	8.40e-1	1.00e0	5.44e2	73	610	610	5000	5.22	2	0.33	27	0.54
434	/Users/ranjithpapareddy/Desktop/Desktop-Ranjith-iMac/forGIT/UFMylation_Ribosome_stalling_RNA_Splicing/Part4_Splicing_Analysis/data/motifs/CisBP_Human_All.meme	M00736_2.00	ENSG00000282559	UUUUU	5.59e-2	1.00e0	5.44e2	3809	610	610	5000	18.7	6	0.98	20	0.40
435	/Users/ranjithpapareddy/Desktop/Desktop-Ranjith-iMac/forGIT/UFMylation_Ribosome_stalling_RNA_Splicing/Part4_Splicing_Analysis/data/motifs/CisBP_Human_All.meme	M00737_2.00	HNRNPD	UAUUAN	1.09e-1	1.00e0	5.44e2	3206	610	610	5000	10	1	0.16	0	0.00
436	/Users/ranjithpapareddy/Desktop/Desktop-Ranjith-iMac/forGIT/UFMylation_Ribosome_stalling_RNA_Splicing/Part4_Splicing_Analysis/data/motifs/CisBP_Human_All.meme	M00677_2.00	TARDBP	GUGUGAGUGUG	8.63e-1	1.00e0	5.44e2	2224	610	610	5000	173	4	0.66	51	1.02
437	/Users/ranjithpapareddy/Desktop/Desktop-Ranjith-iMac/forGIT/UFMylation_Ribosome_stalling_RNA_Splicing/Part4_Splicing_Analysis/data/motifs/CisBP_Human_All.meme	M00411_2.00	ELAVL2	UUAUUUU	2.06e-1	1.00e0	5.44e2	3660	610	610	5000	53	1	0.16	1	0.02
438	/Users/ranjithpapareddy/Desktop/Desktop-Ranjith-iMac/forGIT/UFMylation_Ribosome_stalling_RNA_Splicing/Part4_Splicing_Analysis/data/motifs/CisBP_Human_All.meme	M00676_2.00	TARDBP	GUGUGARUGK	7.49e-1	1.00e0	5.44e2	1714	610	610	5000	176	1	0.16	11	0.22
439	/Users/ranjithpapareddy/Desktop/Desktop-Ranjith-iMac/forGIT/UFMylation_Ribosome_stalling_RNA_Splicing/Part4_Splicing_Analysis/data/motifs/CisBP_Human_All.meme	M13116_2.00	ENSG00000277445	NUUUUUUA	8.27e-2	1.00e0	5.44e2	3576	610	610	5000	39.4	5	0.82	17	0.34
440	/Users/ranjithpapareddy/Desktop/Desktop-Ranjith-iMac/forGIT/UFMylation_Ribosome_stalling_RNA_Splicing/Part4_Splicing_Analysis/data/motifs/CisBP_Human_All.meme	M00827_2.00	TRNAU1AP	UUUUWUU	2.09e-1	1.00e0	5.44e2	3743	610	610	5000	12.7	6	0.98	31	0.62
441	/Users/ranjithpapareddy/Desktop/Desktop-Ranjith-iMac/forGIT/UFMylation_Ribosome_stalling_RNA_Splicing/Part4_Splicing_Analysis/data/motifs/CisBP_Human_All.meme	M00643_2.00	RBMS1	NNNSGUGCAUAAKGCBNNN	1.96e-1	1.00e0	5.44e2	278	610	610	5000	7.5	7	1.15	37	0.74
442	/Users/ranjithpapareddy/Desktop/Desktop-Ranjith-iMac/forGIT/UFMylation_Ribosome_stalling_RNA_Splicing/Part4_Splicing_Analysis/data/motifs/CisBP_Human_All.meme	M00642_2.00	RBMS1	UUAUAAUCAAC	7.31e-1	1.00e0	5.44e2	479	610	610	5000	16.8	3	0.49	31	0.62
443	/Users/ranjithpapareddy/Desktop/Desktop-Ranjith-iMac/forGIT/UFMylation_Ribosome_stalling_RNA_Splicing/Part4_Splicing_Analysis/data/motifs/CisBP_Human_All.meme	M00171_2.00	CPEB4	CUUUUUU	1.81e-1	1.00e0	5.44e2	3579	610	610	5000	33.5	7	1.15	36	0.72
444	/Users/ranjithpapareddy/Desktop/Desktop-Ranjith-iMac/forGIT/UFMylation_Ribosome_stalling_RNA_Splicing/Part4_Splicing_Analysis/data/motifs/CisBP_Human_All.meme	M00317_2.00	ENSG00000282755	UUUUUUA	5.82e-2	1.00e0	5.44e2	3591	610	610	5000	48.3	5	0.82	15	0.30
445	/Users/ranjithpapareddy/Desktop/Desktop-Ranjith-iMac/forGIT/UFMylation_Ribosome_stalling_RNA_Splicing/Part4_Splicing_Analysis/data/motifs/CisBP_Human_All.meme	M13123_2.00	ENSG00000282559	VWUUUUUS	2.62e-2	1.00e0	5.44e2	3555	610	610	5000	24.5	8	1.31	26	0.52
446	/Users/ranjithpapareddy/Desktop/Desktop-Ranjith-iMac/forGIT/UFMylation_Ribosome_stalling_RNA_Splicing/Part4_Splicing_Analysis/data/motifs/CisBP_Human_All.meme	M13122_2.00	ENSG00000282530	VWUUUUUS	2.62e-2	1.00e0	5.44e2	3555	610	610	5000	24.5	8	1.31	26	0.52
447	/Users/ranjithpapareddy/Desktop/Desktop-Ranjith-iMac/forGIT/UFMylation_Ribosome_stalling_RNA_Splicing/Part4_Splicing_Analysis/data/motifs/CisBP_Human_All.meme	M00698_2.00	ZFP36L1	KUAUUUAUGGUGG	9.84e-1	1.00e0	5.44e2	276	610	610	5000	10.2	2	0.33	51	1.02
448	/Users/ranjithpapareddy/Desktop/Desktop-Ranjith-iMac/forGIT/UFMylation_Ribosome_stalling_RNA_Splicing/Part4_Splicing_Analysis/data/motifs/CisBP_Human_All.meme	M00699_2.00	ZFP36L1	UUAUUUAUU	7.49e-1	1.00e0	5.44e2	1788	610	610	5000	154	1	0.16	11	0.22
449	/Users/ranjithpapareddy/Desktop/Desktop-Ranjith-iMac/forGIT/UFMylation_Ribosome_stalling_RNA_Splicing/Part4_Splicing_Analysis/data/motifs/CisBP_Human_All.meme	M00030_2.00	M00030_2.00	ACACAWA	4.90e-2	1.00e0	5.44e2	3354	610	610	5000	7.41	24	3.93	132	2.64
450	/Users/ranjithpapareddy/Desktop/Desktop-Ranjith-iMac/forGIT/UFMylation_Ribosome_stalling_RNA_Splicing/Part4_Splicing_Analysis/data/motifs/CisBP_Human_All.meme	M00257_2.00	M00257_2.00	GAUGAWH	3.61e-2	1.00e0	5.44e2	2035	610	610	5000	4.48	11	1.80	45	0.90
451	/Users/ranjithpapareddy/Desktop/Desktop-Ranjith-iMac/forGIT/UFMylation_Ribosome_stalling_RNA_Splicing/Part4_Splicing_Analysis/data/motifs/CisBP_Human_All.meme	M00564_2.00	CELF1	UGUGUKUGUGU	7.31e-1	1.00e0	5.44e2	3538	610	610	5000	162	2	0.33	21	0.42
452	/Users/ranjithpapareddy/Desktop/Desktop-Ranjith-iMac/forGIT/UFMylation_Ribosome_stalling_RNA_Splicing/Part4_Splicing_Analysis/data/motifs/CisBP_Human_All.meme	M00565_2.00	CELF3	KGUGUKDGUGK	8.74e-1	1.00e0	5.44e2	3027	610	610	5000	208	1	0.16	17	0.34
453	/Users/ranjithpapareddy/Desktop/Desktop-Ranjith-iMac/forGIT/UFMylation_Ribosome_stalling_RNA_Splicing/Part4_Splicing_Analysis/data/motifs/CisBP_Human_All.meme	M00790_2.00	RBM41	UACWU	4.72e-2	1.00e0	5.44e2	1928	610	610	5000	4.63	6	0.98	19	0.38
454	/Users/ranjithpapareddy/Desktop/Desktop-Ranjith-iMac/forGIT/UFMylation_Ribosome_stalling_RNA_Splicing/Part4_Splicing_Analysis/data/motifs/CisBP_Human_All.meme	M00047_2.00	ENSG00000282559	AUUUUUK	1.25e-2	1.00e0	5.44e2	3611	610	610	5000	34.1	8	1.31	22	0.44
455	/Users/ranjithpapareddy/Desktop/Desktop-Ranjith-iMac/forGIT/UFMylation_Ribosome_stalling_RNA_Splicing/Part4_Splicing_Analysis/data/motifs/CisBP_Human_All.meme	M00775_2.00	ENSG00000274081	UUUYU	1.63e-1	1.00e0	5.44e2	4135	610	610	5000	12.2	5	0.82	22	0.44
456	/Users/ranjithpapareddy/Desktop/Desktop-Ranjith-iMac/forGIT/UFMylation_Ribosome_stalling_RNA_Splicing/Part4_Splicing_Analysis/data/motifs/CisBP_Human_All.meme	M00581_2.00	ELAVL3	DUUUUKD	9.45e-2	1.00e0	5.44e2	3672	610	610	5000	8.23	2	0.33	3	0.06
457	/Users/ranjithpapareddy/Desktop/Desktop-Ranjith-iMac/forGIT/UFMylation_Ribosome_stalling_RNA_Splicing/Part4_Splicing_Analysis/data/motifs/CisBP_Human_All.meme	M00580_2.00	ELAVL1	UUUWUGDKUU	6.84e-1	1.00e0	5.44e2	3616	610	610	5000	80.2	1	0.16	9	0.18
458	/Users/ranjithpapareddy/Desktop/Desktop-Ranjith-iMac/forGIT/UFMylation_Ribosome_stalling_RNA_Splicing/Part4_Splicing_Analysis/data/motifs/CisBP_Human_All.meme	M13087_2.00	PABPC1L2B	GAAAAARR	1.09e-1	1.00e0	5.44e2	3603	610	610	5000	176	1	0.16	0	0.00
459	/Users/ranjithpapareddy/Desktop/Desktop-Ranjith-iMac/forGIT/UFMylation_Ribosome_stalling_RNA_Splicing/Part4_Splicing_Analysis/data/motifs/CisBP_Human_All.meme	M00106_2.00	ZC3H14	UUUGUUU	3.85e-2	1.00e0	5.44e2	3788	610	610	5000	29	5	0.82	13	0.26
460	/Users/ranjithpapareddy/Desktop/Desktop-Ranjith-iMac/forGIT/UFMylation_Ribosome_stalling_RNA_Splicing/Part4_Splicing_Analysis/data/motifs/CisBP_Human_All.meme	M00064_2.00	PABPC4L	AAAAAAA	1.09e-1	1.00e0	5.44e2	3588	610	610	5000	484	1	0.16	0	0.00
461	/Users/ranjithpapareddy/Desktop/Desktop-Ranjith-iMac/forGIT/UFMylation_Ribosome_stalling_RNA_Splicing/Part4_Splicing_Analysis/data/motifs/CisBP_Human_All.meme	M00530_2.00	SRSF2	UGUUCSAGAU	1.99e-1	1.00e0	5.44e2	592	610	610	5000	13.3	8	1.31	44	0.88
462	/Users/ranjithpapareddy/Desktop/Desktop-Ranjith-iMac/forGIT/UFMylation_Ribosome_stalling_RNA_Splicing/Part4_Splicing_Analysis/data/motifs/CisBP_Human_All.meme	M00578_2.00	DAZ2	KUUKKDGUUD	2.42e-1	1.00e0	5.44e2	3944	610	610	5000	7.56	9	1.48	54	1.08
463	/Users/ranjithpapareddy/Desktop/Desktop-Ranjith-iMac/forGIT/UFMylation_Ribosome_stalling_RNA_Splicing/Part4_Splicing_Analysis/data/motifs/CisBP_Human_All.meme	M00617_2.00	PUM1	RUGUAAAUAG	4.21e-1	1.00e0	5.44e2	997	610	610	5000	33.3	5	0.82	34	0.68
464	/Users/ranjithpapareddy/Desktop/Desktop-Ranjith-iMac/forGIT/UFMylation_Ribosome_stalling_RNA_Splicing/Part4_Splicing_Analysis/data/motifs/CisBP_Human_All.meme	M00342_2.00	PABPC1L2A	RAAAAAA	1.00e-1	1.00e0	5.44e2	3534	610	610	5000	81.3	6	0.98	24	0.48
465	/Users/ranjithpapareddy/Desktop/Desktop-Ranjith-iMac/forGIT/UFMylation_Ribosome_stalling_RNA_Splicing/Part4_Splicing_Analysis/data/motifs/CisBP_Human_All.meme	M00494_2.00	IGF2BP1	AAGCACCCGUU	4.78e-1	1.00e0	5.44e2	86	610	610	5000	1.16	9	1.48	69	1.38
466	/Users/ranjithpapareddy/Desktop/Desktop-Ranjith-iMac/forGIT/UFMylation_Ribosome_stalling_RNA_Splicing/Part4_Splicing_Analysis/data/motifs/CisBP_Human_All.meme	M00804_2.00	RC3H1	YAUAUUW	2.06e-1	1.00e0	5.44e2	3121	610	610	5000	11.4	1	0.16	1	0.02
467	/Users/ranjithpapareddy/Desktop/Desktop-Ranjith-iMac/forGIT/UFMylation_Ribosome_stalling_RNA_Splicing/Part4_Splicing_Analysis/data/motifs/CisBP_Human_All.meme	M00660_2.00	RBPMS	KCACRKKCACA	4.78e-2	1.00e0	5.44e2	1235	610	610	5000	66.2	5	0.82	14	0.28
468	/Users/ranjithpapareddy/Desktop/Desktop-Ranjith-iMac/forGIT/UFMylation_Ribosome_stalling_RNA_Splicing/Part4_Splicing_Analysis/data/motifs/CisBP_Human_All.meme	M00152_2.00	M00152_2.00	GAAAAHV	2.98e-1	1.00e0	5.44e2	3540	610	610	5000	19.4	2	0.33	8	0.16
469	/Users/ranjithpapareddy/Desktop/Desktop-Ranjith-iMac/forGIT/UFMylation_Ribosome_stalling_RNA_Splicing/Part4_Splicing_Analysis/data/motifs/CisBP_Human_All.meme	M13100_2.00	PABPC4L	GAAAAAAR	1.09e-1	1.00e0	5.44e2	3665	610	610	5000	160	1	0.16	0	0.00
470	/Users/ranjithpapareddy/Desktop/Desktop-Ranjith-iMac/forGIT/UFMylation_Ribosome_stalling_RNA_Splicing/Part4_Splicing_Analysis/data/motifs/CisBP_Human_All.meme	M00720_2.00	ELAVL4	UUWUU	3.29e-2	1.00e0	5.44e2	3669	610	610	5000	16	2	0.33	1	0.02
471	/Users/ranjithpapareddy/Desktop/Desktop-Ranjith-iMac/forGIT/UFMylation_Ribosome_stalling_RNA_Splicing/Part4_Splicing_Analysis/data/motifs/CisBP_Human_All.meme	M00628_2.00	RBM24	GUGUGDGUGUG	9.27e-1	1.00e0	5.44e2	2706	610	610	5000	270	3	0.49	48	0.96
472	/Users/ranjithpapareddy/Desktop/Desktop-Ranjith-iMac/forGIT/UFMylation_Ribosome_stalling_RNA_Splicing/Part4_Splicing_Analysis/data/motifs/CisBP_Human_All.meme	M00348_2.00	M00348_2.00	UUACGUA	1.89e-1	1.00e0	5.44e2	341	610	610	5000	4.31	3	0.49	11	0.22
473	/Users/ranjithpapareddy/Desktop/Desktop-Ranjith-iMac/forGIT/UFMylation_Ribosome_stalling_RNA_Splicing/Part4_Splicing_Analysis/data/motifs/CisBP_Human_All.meme	M00787_2.00	RBM24	UUUUNUUUU	4.21e-1	1.00e0	5.44e2	3986	610	610	5000	24.8	2	0.33	11	0.22
474	/Users/ranjithpapareddy/Desktop/Desktop-Ranjith-iMac/forGIT/UFMylation_Ribosome_stalling_RNA_Splicing/Part4_Splicing_Analysis/data/motifs/CisBP_Human_All.meme	M00026_2.00	CELF4	UGUGUGU	1.91e-1	1.00e0	5.44e2	3793	610	610	5000	15.9	6	0.98	30	0.60
475	/Users/ranjithpapareddy/Desktop/Desktop-Ranjith-iMac/forGIT/UFMylation_Ribosome_stalling_RNA_Splicing/Part4_Splicing_Analysis/data/motifs/CisBP_Human_All.meme	M00714_2.00	DAZ2	UUKUUU	7.14e-2	1.00e0	5.44e2	3862	610	610	5000	19.8	4	0.66	11	0.22
476	/Users/ranjithpapareddy/Desktop/Desktop-Ranjith-iMac/forGIT/UFMylation_Ribosome_stalling_RNA_Splicing/Part4_Splicing_Analysis/data/motifs/CisBP_Human_All.meme	M00572_2.00	DAZ1	GSGUGYGUGCGUUUCCGCSY	1.00e0	1.00e0	5.44e2	8	610	610	5000	2.15	0	0.00	8	0.16
477	/Users/ranjithpapareddy/Desktop/Desktop-Ranjith-iMac/forGIT/UFMylation_Ribosome_stalling_RNA_Splicing/Part4_Splicing_Analysis/data/motifs/CisBP_Human_All.meme	M00433_2.00	M00433_2.00	UUUUUYY	7.94e-2	1.00e0	5.44e2	3733	610	610	5000	27	8	1.31	34	0.68
478	/Users/ranjithpapareddy/Desktop/Desktop-Ranjith-iMac/forGIT/UFMylation_Ribosome_stalling_RNA_Splicing/Part4_Splicing_Analysis/data/motifs/CisBP_Human_All.meme	M00166_2.00	PABPC3	GAAAACM	1.36e-1	1.00e0	5.44e2	3398	610	610	5000	9.4	12	1.97	66	1.32
479	/Users/ranjithpapareddy/Desktop/Desktop-Ranjith-iMac/forGIT/UFMylation_Ribosome_stalling_RNA_Splicing/Part4_Splicing_Analysis/data/motifs/CisBP_Human_All.meme	M00622_2.00	ENSG00000282559	KDVRKGGGUCUUWKUYUUAASYBNN	8.23e-1	1.00e0	5.44e2	28	610	610	5000	4.77	1	0.16	14	0.28
480	/Users/ranjithpapareddy/Desktop/Desktop-Ranjith-iMac/forGIT/UFMylation_Ribosome_stalling_RNA_Splicing/Part4_Splicing_Analysis/data/motifs/CisBP_Human_All.meme	M00182_2.00	KHDRBS1	AUAAAAR	4.97e-1	1.00e0	5.44e2	3327	610	610	5000	19.2	2	0.33	13	0.26
481	/Users/ranjithpapareddy/Desktop/Desktop-Ranjith-iMac/forGIT/UFMylation_Ribosome_stalling_RNA_Splicing/Part4_Splicing_Analysis/data/motifs/CisBP_Human_All.meme	M00596_2.00	HNRNPL	ACAUUACAYW	4.15e-1	1.00e0	5.44e2	2805	610	610	5000	6.66	4	0.66	26	0.52
482	/Users/ranjithpapareddy/Desktop/Desktop-Ranjith-iMac/forGIT/UFMylation_Ribosome_stalling_RNA_Splicing/Part4_Splicing_Analysis/data/motifs/CisBP_Human_All.meme	M13091_2.00	PABPC1L2A	GAAAAARR	1.09e-1	1.00e0	5.44e2	3603	610	610	5000	176	1	0.16	0	0.00
483	/Users/ranjithpapareddy/Desktop/Desktop-Ranjith-iMac/forGIT/UFMylation_Ribosome_stalling_RNA_Splicing/Part4_Splicing_Analysis/data/motifs/CisBP_Human_All.meme	M13003_2.00	CPEB3	YUUUUUUG	1.71e-1	1.00e0	5.44e2	3584	610	610	5000	22.1	8	1.31	42	0.84
484	/Users/ranjithpapareddy/Desktop/Desktop-Ranjith-iMac/forGIT/UFMylation_Ribosome_stalling_RNA_Splicing/Part4_Splicing_Analysis/data/motifs/CisBP_Human_All.meme	M00762_2.00	NUPL2	AAAADAA	1.09e-1	1.00e0	5.44e2	3931	610	610	5000	47.9	1	0.16	0	0.00
485	/Users/ranjithpapareddy/Desktop/Desktop-Ranjith-iMac/forGIT/UFMylation_Ribosome_stalling_RNA_Splicing/Part4_Splicing_Analysis/data/motifs/CisBP_Human_All.meme	M00659_2.00	RBPMS2	CACAKDGCACA	2.15e-1	1.00e0	5.44e2	1258	610	610	5000	10.2	17	2.79	110	2.20
486	/Users/ranjithpapareddy/Desktop/Desktop-Ranjith-iMac/forGIT/UFMylation_Ribosome_stalling_RNA_Splicing/Part4_Splicing_Analysis/data/motifs/CisBP_Human_All.meme	M00658_2.00	RBPMS2	KCACGUGCACR	1.49e-1	1.00e0	5.44e2	821	610	610	5000	20.4	9	1.48	47	0.94
487	/Users/ranjithpapareddy/Desktop/Desktop-Ranjith-iMac/forGIT/UFMylation_Ribosome_stalling_RNA_Splicing/Part4_Splicing_Analysis/data/motifs/CisBP_Human_All.meme	M00751_2.00	KHDRBS2	AAUAAA	1.27e-2	1.00e0	5.44e2	3281	610	610	5000	7.25	6	0.98	13	0.26
488	/Users/ranjithpapareddy/Desktop/Desktop-Ranjith-iMac/forGIT/UFMylation_Ribosome_stalling_RNA_Splicing/Part4_Splicing_Analysis/data/motifs/CisBP_Human_All.meme	M00682_2.00	YBX2	GCCAURWCAUCGC	7.20e-1	1.00e0	5.44e2	156	610	610	5000	1.23	11	1.80	104	2.08
489	/Users/ranjithpapareddy/Desktop/Desktop-Ranjith-iMac/forGIT/UFMylation_Ribosome_stalling_RNA_Splicing/Part4_Splicing_Analysis/data/motifs/CisBP_Human_All.meme	M00683_2.00	YBX2	DUAACAUCWD	4.72e-2	1.00e0	5.44e2	1024	610	610	5000	24.8	3	0.49	5	0.10
490	/Users/ranjithpapareddy/Desktop/Desktop-Ranjith-iMac/forGIT/UFMylation_Ribosome_stalling_RNA_Splicing/Part4_Splicing_Analysis/data/motifs/CisBP_Human_All.meme	M13106_2.00	AC245033.1	NUUUUUUA	7.61e-2	1.00e0	5.44e2	3586	610	610	5000	33.8	6	0.98	22	0.44
491	/Users/ranjithpapareddy/Desktop/Desktop-Ranjith-iMac/forGIT/UFMylation_Ribosome_stalling_RNA_Splicing/Part4_Splicing_Analysis/data/motifs/CisBP_Human_All.meme	M00803_2.00	RBMS3	NUAUAH	1.86e-1	1.00e0	5.44e2	2290	610	610	5000	3.99	12	1.97	71	1.42
492	/Users/ranjithpapareddy/Desktop/Desktop-Ranjith-iMac/forGIT/UFMylation_Ribosome_stalling_RNA_Splicing/Part4_Splicing_Analysis/data/motifs/CisBP_Human_All.meme	M00802_2.00	RBMS2	AUAUAV	1.75e-1	1.00e0	5.44e2	2346	610	610	5000	3.85	10	1.64	56	1.12
493	/Users/ranjithpapareddy/Desktop/Desktop-Ranjith-iMac/forGIT/UFMylation_Ribosome_stalling_RNA_Splicing/Part4_Splicing_Analysis/data/motifs/CisBP_Human_All.meme	M00727_2.00	FUBP3	UAUAU	4.12e-1	1.00e0	5.44e2	2588	610	610	5000	4.8	8	1.31	57	1.14
495	/Users/ranjithpapareddy/Desktop/Desktop-Ranjith-iMac/forGIT/UFMylation_Ribosome_stalling_RNA_Splicing/Part4_Splicing_Analysis/data/motifs/CisBP_Human_All.meme	M00712_2.00	ENSG00000282755	UUUUU	6.56e-2	1.00e0	5.44e2	3806	610	610	5000	22.4	6	0.98	21	0.42
496	/Users/ranjithpapareddy/Desktop/Desktop-Ranjith-iMac/forGIT/UFMylation_Ribosome_stalling_RNA_Splicing/Part4_Splicing_Analysis/data/motifs/CisBP_Human_All.meme	M00575_2.00	DAZ2	NNNNNVUGKUGUUGUAGBBNNNN	9.83e-1	1.00e0	5.44e2	173	610	610	5000	4.84	3	0.49	65	1.30
497	/Users/ranjithpapareddy/Desktop/Desktop-Ranjith-iMac/forGIT/UFMylation_Ribosome_stalling_RNA_Splicing/Part4_Splicing_Analysis/data/motifs/CisBP_Human_All.meme	M00713_2.00	DAZ2	WGUUWW	6.59e-2	1.00e0	5.44e2	2924	610	610	5000	2.78	23	3.77	130	2.60
498	/Users/ranjithpapareddy/Desktop/Desktop-Ranjith-iMac/forGIT/UFMylation_Ribosome_stalling_RNA_Splicing/Part4_Splicing_Analysis/data/motifs/CisBP_Human_All.meme	M00069_2.00	RBM28	GWGUAGW	2.27e-2	1.00e0	5.44e2	1610	610	610	5000	2.96	26	4.26	134	2.68
499	/Users/ranjithpapareddy/Desktop/Desktop-Ranjith-iMac/forGIT/UFMylation_Ribosome_stalling_RNA_Splicing/Part4_Splicing_Analysis/data/motifs/CisBP_Human_All.meme	M00435_2.00	M00435_2.00	UUUUUUD	1.58e-1	1.00e0	5.44e2	3668	610	610	5000	34.8	6	0.98	28	0.56
500	/Users/ranjithpapareddy/Desktop/Desktop-Ranjith-iMac/forGIT/UFMylation_Ribosome_stalling_RNA_Splicing/Part4_Splicing_Analysis/data/motifs/CisBP_Human_All.meme	M00653_2.00	RBMY1D	NNGCGCAAGAGCRN	1.82e-1	1.00e0	5.44e2	993	610	610	5000	14.9	5	0.82	23	0.46
501	/Users/ranjithpapareddy/Desktop/Desktop-Ranjith-iMac/forGIT/UFMylation_Ribosome_stalling_RNA_Splicing/Part4_Splicing_Analysis/data/motifs/CisBP_Human_All.meme	M00434_2.00	M00434_2.00	VUUUUUUY	6.32e-2	1.00e0	5.44e2	3612	610	610	5000	26.7	9	1.48	38	0.76
502	/Users/ranjithpapareddy/Desktop/Desktop-Ranjith-iMac/forGIT/UFMylation_Ribosome_stalling_RNA_Splicing/Part4_Splicing_Analysis/data/motifs/CisBP_Human_All.meme	M00307_2.00	M00307_2.00	UUUUUCY	1.45e-1	1.00e0	5.44e2	3846	610	610	5000	32.1	5	0.82	21	0.42
503	/Users/ranjithpapareddy/Desktop/Desktop-Ranjith-iMac/forGIT/UFMylation_Ribosome_stalling_RNA_Splicing/Part4_Splicing_Analysis/data/motifs/CisBP_Human_All.meme	M00184_2.00	PABPC5	AGAAAAU	1.30e-2	1.00e0	5.44e2	3847	610	610	5000	16.6	5	0.82	9	0.18
504	/Users/ranjithpapareddy/Desktop/Desktop-Ranjith-iMac/forGIT/UFMylation_Ribosome_stalling_RNA_Splicing/Part4_Splicing_Analysis/data/motifs/CisBP_Human_All.meme	M00185_2.00	IGF2BP3	AMAHWCA	3.09e-2	1.00e0	5.44e2	3921	610	610	5000	8.98	10	1.64	38	0.76
505	/Users/ranjithpapareddy/Desktop/Desktop-Ranjith-iMac/forGIT/UFMylation_Ribosome_stalling_RNA_Splicing/Part4_Splicing_Analysis/data/motifs/CisBP_Human_All.meme	M00443_2.00	NCL	CCGAAAKCCCGAAGUAGG	1.00e0	1.00e0	5.44e2	2	610	610	5000	1.97	0	0.00	1	0.02
506	/Users/ranjithpapareddy/Desktop/Desktop-Ranjith-iMac/forGIT/UFMylation_Ribosome_stalling_RNA_Splicing/Part4_Splicing_Analysis/data/motifs/CisBP_Human_All.meme	M00625_2.00	ENSG00000277564	DBBBBGGKUGCAUGUGBNBBBK	2.55e-1	1.00e0	5.44e2	812	610	610	5000	351	2	0.33	7	0.14
507	/Users/ranjithpapareddy/Desktop/Desktop-Ranjith-iMac/forGIT/UFMylation_Ribosome_stalling_RNA_Splicing/Part4_Splicing_Analysis/data/motifs/CisBP_Human_All.meme	M00764_2.00	PABPN1L	AAAAA	1.09e-1	1.00e0	5.44e2	3824	610	610	5000	76.6	1	0.16	0	0.00
508	/Users/ranjithpapareddy/Desktop/Desktop-Ranjith-iMac/forGIT/UFMylation_Ribosome_stalling_RNA_Splicing/Part4_Splicing_Analysis/data/motifs/CisBP_Human_All.meme	M00590_2.00	HNRNPA1	NBUGCAGUWYUAGGGYDBN	3.69e-1	1.00e0	5.44e2	439	610	610	5000	490	1	0.16	3	0.06
509	/Users/ranjithpapareddy/Desktop/Desktop-Ranjith-iMac/forGIT/UFMylation_Ribosome_stalling_RNA_Splicing/Part4_Splicing_Analysis/data/motifs/CisBP_Human_All.meme	M00695_2.00	ZCRB1	GUGGAMUUAADDK	9.45e-2	1.00e0	5.44e2	507	610	610	5000	223	2	0.33	3	0.06
510	/Users/ranjithpapareddy/Desktop/Desktop-Ranjith-iMac/forGIT/UFMylation_Ribosome_stalling_RNA_Splicing/Part4_Splicing_Analysis/data/motifs/CisBP_Human_All.meme	M00694_2.00	ZCRB1	GUAUUAAKKK	1.32e-1	1.00e0	5.44e2	1775	610	610	5000	21.1	2	0.33	4	0.08
511	/Users/ranjithpapareddy/Desktop/Desktop-Ranjith-iMac/forGIT/UFMylation_Ribosome_stalling_RNA_Splicing/Part4_Splicing_Analysis/data/motifs/CisBP_Human_All.meme	M00607_2.00	MEX3A	DKAGAGUWUAKDK	4.65e-1	1.00e0	5.44e2	2255	610	610	5000	24.1	4	0.66	28	0.56
512	/Users/ranjithpapareddy/Desktop/Desktop-Ranjith-iMac/forGIT/UFMylation_Ribosome_stalling_RNA_Splicing/Part4_Splicing_Analysis/data/motifs/CisBP_Human_All.meme	M00460_2.00	QKI	UACUAAC	1.32e-1	1.00e0	5.44e2	518	610	610	5000	25.4	2	0.33	4	0.08
513	/Users/ranjithpapareddy/Desktop/Desktop-Ranjith-iMac/forGIT/UFMylation_Ribosome_stalling_RNA_Splicing/Part4_Splicing_Analysis/data/motifs/CisBP_Human_All.meme	M00606_2.00	MEX3A	UAUUUAU	7.31e-1	1.00e0	5.44e2	3237	610	610	5000	10.7	2	0.33	21	0.42
514	/Users/ranjithpapareddy/Desktop/Desktop-Ranjith-iMac/forGIT/UFMylation_Ribosome_stalling_RNA_Splicing/Part4_Splicing_Analysis/data/motifs/CisBP_Human_All.meme	M00134_2.00	ELAVL1	UUUGUUU	1.74e-2	1.00e0	5.44e2	3726	610	610	5000	13.1	10	1.64	34	0.68
515	/Users/ranjithpapareddy/Desktop/Desktop-Ranjith-iMac/forGIT/UFMylation_Ribosome_stalling_RNA_Splicing/Part4_Splicing_Analysis/data/motifs/CisBP_Human_All.meme	M00074_2.00	RBM46	AAUSAAD	3.88e-2	1.00e0	5.44e2	2773	610	610	5000	3.91	18	2.95	89	1.78
516	/Users/ranjithpapareddy/Desktop/Desktop-Ranjith-iMac/forGIT/UFMylation_Ribosome_stalling_RNA_Splicing/Part4_Splicing_Analysis/data/motifs/CisBP_Human_All.meme	M00388_2.00	ENSG00000274081	UUUUUUU	2.98e-1	1.00e0	5.44e2	3813	610	610	5000	108	2	0.33	8	0.16
517	/Users/ranjithpapareddy/Desktop/Desktop-Ranjith-iMac/forGIT/UFMylation_Ribosome_stalling_RNA_Splicing/Part4_Splicing_Analysis/data/motifs/CisBP_Human_All.meme	M00747_2.00	IGF2BP1	AUACA	6.10e-2	1.00e0	5.44e2	2486	610	610	5000	13.9	2	0.33	2	0.04
518	/Users/ranjithpapareddy/Desktop/Desktop-Ranjith-iMac/forGIT/UFMylation_Ribosome_stalling_RNA_Splicing/Part4_Splicing_Analysis/data/motifs/CisBP_Human_All.meme	M00521_2.00	NOVA2	GGRGAGUCAUHSC	2.92e-1	1.00e0	5.44e2	139	610	610	5000	544	1	0.16	2	0.04
519	/Users/ranjithpapareddy/Desktop/Desktop-Ranjith-iMac/forGIT/UFMylation_Ribosome_stalling_RNA_Splicing/Part4_Splicing_Analysis/data/motifs/CisBP_Human_All.meme	M00265_2.00	SYNCRIP	MAAAAAG	1.09e-1	1.00e0	5.44e2	3628	610	610	5000	61.6	1	0.16	0	0.00
520	/Users/ranjithpapareddy/Desktop/Desktop-Ranjith-iMac/forGIT/UFMylation_Ribosome_stalling_RNA_Splicing/Part4_Splicing_Analysis/data/motifs/CisBP_Human_All.meme	M00198_2.00	KHDRBS2	RAUAAAM	1.09e-1	1.00e0	5.44e2	3256	610	610	5000	24.6	1	0.16	0	0.00
521	/Users/ranjithpapareddy/Desktop/Desktop-Ranjith-iMac/forGIT/UFMylation_Ribosome_stalling_RNA_Splicing/Part4_Splicing_Analysis/data/motifs/CisBP_Human_All.meme	M00638_2.00	RBM4	RHGVKGAGUGCGGUAGBBGC	7.52e-1	1.00e0	5.44e2	47	610	610	5000	1.05	4	0.66	42	0.84
522	/Users/ranjithpapareddy/Desktop/Desktop-Ranjith-iMac/forGIT/UFMylation_Ribosome_stalling_RNA_Splicing/Part4_Splicing_Analysis/data/motifs/CisBP_Human_All.meme	M00778_2.00	PUM1	UAAAU	1.15e-1	1.00e0	5.44e2	2919	610	610	5000	7.62	11	1.80	57	1.14
523	/Users/ranjithpapareddy/Desktop/Desktop-Ranjith-iMac/forGIT/UFMylation_Ribosome_stalling_RNA_Splicing/Part4_Splicing_Analysis/data/motifs/CisBP_Human_All.meme	M00779_2.00	ENSG00000282559	UUYUU	6.56e-2	1.00e0	5.44e2	3893	610	610	5000	11.2	6	0.98	21	0.42
524	/Users/ranjithpapareddy/Desktop/Desktop-Ranjith-iMac/forGIT/UFMylation_Ribosome_stalling_RNA_Splicing/Part4_Splicing_Analysis/data/motifs/CisBP_Human_All.meme	M12972_2.00	CELF2	UGUKUGUK	1.66e-1	1.00e0	5.44e2	3261	610	610	5000	28.8	4	0.66	16	0.32
525	/Users/ranjithpapareddy/Desktop/Desktop-Ranjith-iMac/forGIT/UFMylation_Ribosome_stalling_RNA_Splicing/Part4_Splicing_Analysis/data/motifs/CisBP_Human_All.meme	M00485_2.00	M00485_2.00	UGUAVAUARNKVVBSBBSCCS	7.18e-1	1.00e0	5.44e2	161	610	610	5000	21.1	1	0.16	10	0.20
526	/Users/ranjithpapareddy/Desktop/Desktop-Ranjith-iMac/forGIT/UFMylation_Ribosome_stalling_RNA_Splicing/Part4_Splicing_Analysis/data/motifs/CisBP_Human_All.meme	M00671_2.00	SNRNP70	GUUCAAGGUG	6.65e-1	1.00e0	5.44e2	630	610	610	5000	11.4	6	0.98	55	1.10
527	/Users/ranjithpapareddy/Desktop/Desktop-Ranjith-iMac/forGIT/UFMylation_Ribosome_stalling_RNA_Splicing/Part4_Splicing_Analysis/data/motifs/CisBP_Human_All.meme	M00417_2.00	FUBP1	WAUGUAWD	3.82e-2	1.00e0	5.44e2	2350	610	610	5000	9.39	7	1.15	23	0.46
528	/Users/ranjithpapareddy/Desktop/Desktop-Ranjith-iMac/forGIT/UFMylation_Ribosome_stalling_RNA_Splicing/Part4_Splicing_Analysis/data/motifs/CisBP_Human_All.meme	M13111_2.00	ENSG00000273865	VWUUUUUS	2.62e-2	1.00e0	5.44e2	3555	610	610	5000	24.5	8	1.31	26	0.52
529	/Users/ranjithpapareddy/Desktop/Desktop-Ranjith-iMac/forGIT/UFMylation_Ribosome_stalling_RNA_Splicing/Part4_Splicing_Analysis/data/motifs/CisBP_Human_All.meme	M00645_2.00	RBMS2	CGCUAUAUAG	2.80e-1	1.00e0	5.44e2	381	610	610	5000	1.21	32	5.25	232	4.64
530	/Users/ranjithpapareddy/Desktop/Desktop-Ranjith-iMac/forGIT/UFMylation_Ribosome_stalling_RNA_Splicing/Part4_Splicing_Analysis/data/motifs/CisBP_Human_All.meme	M00177_2.00	ZNF638	UGUUSGU	7.02e-2	1.00e0	5.44e2	1156	610	610	5000	2.7	13	2.13	64	1.28
531	/Users/ranjithpapareddy/Desktop/Desktop-Ranjith-iMac/forGIT/UFMylation_Ribosome_stalling_RNA_Splicing/Part4_Splicing_Analysis/data/motifs/CisBP_Human_All.meme	M13124_2.00	ENSG00000282755	NUUUUUUA	7.61e-2	1.00e0	5.44e2	3586	610	610	5000	33.8	6	0.98	22	0.44
532	/Users/ranjithpapareddy/Desktop/Desktop-Ranjith-iMac/forGIT/UFMylation_Ribosome_stalling_RNA_Splicing/Part4_Splicing_Analysis/data/motifs/CisBP_Human_All.meme	M00796_2.00	RBM47	WAAUYA	1.49e-1	1.00e0	5.44e2	3146	610	610	5000	4.4	9	1.48	47	0.94
533	/Users/ranjithpapareddy/Desktop/Desktop-Ranjith-iMac/forGIT/UFMylation_Ribosome_stalling_RNA_Splicing/Part4_Splicing_Analysis/data/motifs/CisBP_Human_All.meme	M00705_2.00	ZRANB2	DDAGGUAAGGUAD	9.13e-2	1.00e0	5.44e2	1119	610	610	5000	1.79	76	12.46	529	10.58
534	/Users/ranjithpapareddy/Desktop/Desktop-Ranjith-iMac/forGIT/UFMylation_Ribosome_stalling_RNA_Splicing/Part4_Splicing_Analysis/data/motifs/CisBP_Human_All.meme	M00562_2.00	CSDC2	GCCAUGAUCAUGAU	5.53e-1	1.00e0	5.44e2	177	610	610	5000	238	1	0.16	6	0.12
535	/Users/ranjithpapareddy/Desktop/Desktop-Ranjith-iMac/forGIT/UFMylation_Ribosome_stalling_RNA_Splicing/Part4_Splicing_Analysis/data/motifs/CisBP_Human_All.meme	M00587_2.00	HNRNPA0	KUAGKUUAGGU	9.82e-1	1.00e0	5.44e2	760	610	610	5000	3.82	10	1.64	147	2.94
536	/Users/ranjithpapareddy/Desktop/Desktop-Ranjith-iMac/forGIT/UFMylation_Ribosome_stalling_RNA_Splicing/Part4_Splicing_Analysis/data/motifs/CisBP_Human_All.meme	M00149_2.00	ELAVL1	UUGGUUU	5.05e-2	1.00e0	5.44e2	3592	610	610	5000	10	11	1.80	48	0.96
537	/Users/ranjithpapareddy/Desktop/Desktop-Ranjith-iMac/forGIT/UFMylation_Ribosome_stalling_RNA_Splicing/Part4_Splicing_Analysis/data/motifs/CisBP_Human_All.meme	M13081_2.00	HNRNPCL4	VWUUUUUS	2.62e-2	1.00e0	5.44e2	3555	610	610	5000	24.5	8	1.31	26	0.52
538	/Users/ranjithpapareddy/Desktop/Desktop-Ranjith-iMac/forGIT/UFMylation_Ribosome_stalling_RNA_Splicing/Part4_Splicing_Analysis/data/motifs/CisBP_Human_All.meme	M13012_2.00	SF3B6	HWUUUUUMC	4.72e-2	1.00e0	5.44e2	3664	610	610	5000	37.2	3	0.49	5	0.10
539	/Users/ranjithpapareddy/Desktop/Desktop-Ranjith-iMac/forGIT/UFMylation_Ribosome_stalling_RNA_Splicing/Part4_Splicing_Analysis/data/motifs/CisBP_Human_All.meme	M00227_2.00	SF3B4	GAUGGAGU	4.59e-1	1.00e0	5.44e2	3034	610	610	5000	7.54	13	2.13	100	2.00
540	/Users/ranjithpapareddy/Desktop/Desktop-Ranjith-iMac/forGIT/UFMylation_Ribosome_stalling_RNA_Splicing/Part4_Splicing_Analysis/data/motifs/CisBP_Human_All.meme	M00515_2.00	SNRPA	AUUGCACH	7.18e-1	1.00e0	5.44e2	1282	610	610	5000	30.3	1	0.16	10	0.20
541	/Users/ranjithpapareddy/Desktop/Desktop-Ranjith-iMac/forGIT/UFMylation_Ribosome_stalling_RNA_Splicing/Part4_Splicing_Analysis/data/motifs/CisBP_Human_All.meme	M00366_2.00	M00366_2.00	AGAUUAA	6.32e-2	1.00e0	5.44e2	3141	610	610	5000	6.26	9	1.48	38	0.76
542	/Users/ranjithpapareddy/Desktop/Desktop-Ranjith-iMac/forGIT/UFMylation_Ribosome_stalling_RNA_Splicing/Part4_Splicing_Analysis/data/motifs/CisBP_Human_All.meme	M00100_2.00	M00100_2.00	UUUUUUY	6.56e-2	1.00e0	5.44e2	3864	610	610	5000	33.5	6	0.98	21	0.42
543	/Users/ranjithpapareddy/Desktop/Desktop-Ranjith-iMac/forGIT/UFMylation_Ribosome_stalling_RNA_Splicing/Part4_Splicing_Analysis/data/motifs/CisBP_Human_All.meme	M00009_2.00	TRIM56	WURUAGG	4.72e-2	1.00e0	5.44e2	1889	610	610	5000	5.72	3	0.49	5	0.10
544	/Users/ranjithpapareddy/Desktop/Desktop-Ranjith-iMac/forGIT/UFMylation_Ribosome_stalling_RNA_Splicing/Part4_Splicing_Analysis/data/motifs/CisBP_Human_All.meme	M00532_2.00	SRSF6	GAUCAACCHGGCGACAG	1.00e0	1.00e0	5.44e2	1	610	610	5000	0.315	0	0.00	1	0.02

# AME (Analysis of Motif Enrichment): Version 5.5.9 compiled on Nov 24 2025 at 04:02:45
# The format of this file is described at https://meme-suite.org/meme/doc/ame-output-format.html.
# ame --evalue-report-threshold 1000 --control hs_RI_direct/human/nucleus/step10_motif_analysis/RI_DeepDive_combined/constitutive_introns.intron.fa --oc hs_RI_direct/human/nucleus/step10_motif_analysis/RI_DeepDive_combined/ame_UFM1_dependent_vs_constitutive hs_RI_direct/human/nucleus/step10_motif_analysis/RI_DeepDive_combined/lost.intron.fa /Users/ranjithpapareddy/Desktop/Desktop-Ranjith-iMac/forGIT/UFMylation_Ribosome_stalling_RNA_Splicing/Part4_Splicing_Analysis/data/motifs/CisBP_Human_All.meme
