SYMBOL	cluster	uniprot	ENSEMBL	GENENAME	GO_terms	GO_names	pbc	p_value	present_median	present_average	present_consistency	xabsent_median	xabsent_average	xabsent_consistency
AAAS	I14_OG004517	Q9NRG9	ENSG00000094914	aladin WD repeat nucleoporin	GO:0000922; GO:0001578; GO:0005515; GO:0005634; GO:0005635; GO:0005643; GO:0005654; GO:0005813; GO:0005829; GO:0006749; GO:0006913; GO:0006979; GO:0007612; GO:0009566; GO:0015031; GO:0016020; GO:0031965; GO:0035264; GO:0046822; GO:0051028; GO:0072686; GO:0090307	spindle pole; microtubule bundle formation; protein binding; nucleus; nuclear envelope; nuclear pore; nucleoplasm; centrosome; cytosol; glutathione metabolic process; nucleocytoplasmic transport; response to oxidative stress; learning; fertilization; protein transport; membrane; nuclear membrane; multicellular organism growth; regulation of nucleocytoplasmic transport; mRNA transport; mitotic spindle; mitotic spindle assembly	0.4973	0.02774	1.0	0.8181818181818182	0.8181818181818181	0.0	0.3125	0.3125
AAAS	I14_OG004517	Q9NRG9	ENSG00000291836	aladin WD repeat nucleoporin	GO:0000922; GO:0001578; GO:0005515; GO:0005634; GO:0005635; GO:0005643; GO:0005654; GO:0005813; GO:0005829; GO:0006749; GO:0006913; GO:0006979; GO:0007612; GO:0009566; GO:0015031; GO:0016020; GO:0031965; GO:0035264; GO:0046822; GO:0051028; GO:0072686; GO:0090307	spindle pole; microtubule bundle formation; protein binding; nucleus; nuclear envelope; nuclear pore; nucleoplasm; centrosome; cytosol; glutathione metabolic process; nucleocytoplasmic transport; response to oxidative stress; learning; fertilization; protein transport; membrane; nuclear membrane; multicellular organism growth; regulation of nucleocytoplasmic transport; mRNA transport; mitotic spindle; mitotic spindle assembly	0.4973	0.02774	1.0	0.8181818181818182	0.8181818181818181	0.0	0.3125	0.3125
ABCB10	I60_OG000105	Q9NRK6	ENSG00000135776	ATP binding cassette subfamily B member 10	GO:0005515; GO:0005524; GO:0005739; GO:0005743; GO:0006783; GO:0006839; GO:0016887; GO:0031966; GO:0034514; GO:0042803; GO:0045648; GO:0046985; GO:0048821; GO:0055085; GO:0070455; GO:0140359	protein binding; ATP binding; mitochondrion; mitochondrial inner membrane; heme biosynthetic process; mitochondrial transport; ATP hydrolysis activity; mitochondrial membrane; mitochondrial unfolded protein response; protein homodimerization activity; positive regulation of erythrocyte differentiation; positive regulation of hemoglobin biosynthetic process; erythrocyte development; transmembrane transport; positive regulation of heme biosynthetic process; ABC-type transporter activity	0.2932	0.04578	1	1.0	1.0	1.0	0.8125	0.8125
ABCB8	I60_OG000105	Q9NUT2	ENSG00000197150	ATP binding cassette subfamily B member 8	GO:0005515; GO:0005524; GO:0005654; GO:0005730; GO:0005739; GO:0005743; GO:0006884; GO:0015833; GO:0016020; GO:0016887; GO:0031966; GO:0042626; GO:0043190; GO:0055085; GO:0062157; GO:0071805; GO:0140141	protein binding; ATP binding; nucleoplasm; nucleolus; mitochondrion; mitochondrial inner membrane; cell volume homeostasis; peptide transport; membrane; ATP hydrolysis activity; mitochondrial membrane; ATPase-coupled transmembrane transporter activity; ATP-binding cassette (ABC) transporter complex; transmembrane transport; mitochondrial ATP-gated potassium channel complex; potassium ion transmembrane transport; mitochondrial potassium ion transmembrane transport	0.2932	0.04578	1	1.0	1.0	1.0	0.8125	0.8125
ABCB9	I60_OG000105	Q9NP78	ENSG00000150967	ATP binding cassette subfamily B member 9	GO:0005515; GO:0005524; GO:0005764; GO:0005765; GO:0005789; GO:0006518; GO:0015031; GO:0015421; GO:0015440; GO:0015833; GO:0016020; GO:0016887; GO:0022857; GO:0035672; GO:0042803; GO:0043231; GO:0055085	protein binding; ATP binding; lysosome; lysosomal membrane; endoplasmic reticulum membrane; peptide metabolic process; protein transport; ABC-type oligopeptide transporter activity; ABC-type peptide transporter activity; peptide transport; membrane; ATP hydrolysis activity; transmembrane transporter activity; oligopeptide transmembrane transport; protein homodimerization activity; intracellular membrane-bounded organelle; transmembrane transport	0.2932	0.04578	1	1.0	1.0	1.0	0.8125	0.8125
ABCD1	I14_OG000396	P33897	ENSG00000101986	ATP binding cassette subfamily D member 1	GO:0000038; GO:0002082; GO:0005324; GO:0005515; GO:0005524; GO:0005737; GO:0005765; GO:0005777; GO:0005778; GO:0005789; GO:0005829; GO:0006635; GO:0007031; GO:0015607; GO:0015910; GO:0015916; GO:0015919; GO:0016020; GO:0016887; GO:0019899; GO:0030497; GO:0031966; GO:0031998; GO:0032000; GO:0036109; GO:0036113; GO:0042626; GO:0042758; GO:0042760; GO:0042802; GO:0042803; GO:0043217; GO:0043531; GO:0043651; GO:0046982; GO:0047617; GO:0048471; GO:0051900; GO:0052817; GO:0055089; GO:0055092; GO:1900016; GO:1900407; GO:1903427; GO:1990535; GO:2001280	very long-chain fatty acid metabolic process; regulation of oxidative phosphorylation; long-chain fatty acid transmembrane transporter activity; protein binding; ATP binding; cytoplasm; lysosomal membrane; peroxisome; peroxisomal membrane; endoplasmic reticulum membrane; cytosol; fatty acid beta-oxidation; peroxisome organization; ABC-type fatty-acyl-CoA transporter activity; long-chain fatty acid import into peroxisome; fatty-acyl-CoA transport; peroxisomal membrane transport; membrane; ATP hydrolysis activity; enzyme binding; fatty acid elongation; mitochondrial membrane; regulation of fatty acid beta-oxidation; positive regulation of fatty acid beta-oxidation; alpha-linolenic acid metabolic process; very long-chain fatty-acyl-CoA catabolic process; ATPase-coupled transmembrane transporter activity; long-chain fatty acid catabolic process; very long-chain fatty acid catabolic process; identical protein binding; protein homodimerization activity; myelin maintenance; ADP binding; linoleic acid metabolic process; protein heterodimerization activity; fatty acyl-CoA hydrolase activity; perinuclear region of cytoplasm; regulation of mitochondrial depolarization; very long-chain fatty acyl-CoA hydrolase activity; fatty acid homeostasis; sterol homeostasis; negative regulation of cytokine production involved in inflammatory response; regulation of cellular response to oxidative stress; negative regulation of reactive oxygen species biosynthetic process; neuron projection maintenance; positive regulation of unsaturated fatty acid biosynthetic process	0.3953	0.01257	1	1.0	1.0	1.0	0.6875	0.6875
ABCD2	I14_OG000396	Q9UBJ2	ENSG00000173208	ATP binding cassette subfamily D member 2	GO:0000038; GO:0005324; GO:0005515; GO:0005524; GO:0005777; GO:0005778; GO:0005829; GO:0006635; GO:0007031; GO:0009617; GO:0015910; GO:0016887; GO:0032000; GO:0042626; GO:0042760; GO:0042803; GO:0043217; GO:0046982; GO:0047617; GO:0140359; GO:1900016; GO:1903427; GO:1990535; GO:2001280	very long-chain fatty acid metabolic process; long-chain fatty acid transmembrane transporter activity; protein binding; ATP binding; peroxisome; peroxisomal membrane; cytosol; fatty acid beta-oxidation; peroxisome organization; response to bacterium; long-chain fatty acid import into peroxisome; ATP hydrolysis activity; positive regulation of fatty acid beta-oxidation; ATPase-coupled transmembrane transporter activity; very long-chain fatty acid catabolic process; protein homodimerization activity; myelin maintenance; protein heterodimerization activity; fatty acyl-CoA hydrolase activity; ABC-type transporter activity; negative regulation of cytokine production involved in inflammatory response; negative regulation of reactive oxygen species biosynthetic process; neuron projection maintenance; positive regulation of unsaturated fatty acid biosynthetic process	0.3953	0.01257	1	1.0	1.0	1.0	0.6875	0.6875
ABCD3	I14_OG000396	P28288	ENSG00000117528	ATP binding cassette subfamily D member 3	GO:0000038; GO:0005324; GO:0005515; GO:0005524; GO:0005739; GO:0005777; GO:0005778; GO:0005782; GO:0005829; GO:0006633; GO:0006635; GO:0006699; GO:0007031; GO:0009410; GO:0015721; GO:0015910; GO:0016020; GO:0016887; GO:0042626; GO:0042760; GO:0042803; GO:0043231; GO:0047617; GO:0140359; GO:1903512	very long-chain fatty acid metabolic process; long-chain fatty acid transmembrane transporter activity; protein binding; ATP binding; mitochondrion; peroxisome; peroxisomal membrane; peroxisomal matrix; cytosol; fatty acid biosynthetic process; fatty acid beta-oxidation; bile acid biosynthetic process; peroxisome organization; response to xenobiotic stimulus; bile acid and bile salt transport; long-chain fatty acid import into peroxisome; membrane; ATP hydrolysis activity; ATPase-coupled transmembrane transporter activity; very long-chain fatty acid catabolic process; protein homodimerization activity; intracellular membrane-bounded organelle; fatty acyl-CoA hydrolase activity; ABC-type transporter activity; phytanic acid metabolic process	0.3953	0.01257	1	1.0	1.0	1.0	0.6875	0.6875
ABCD4	I14_OG000396	O14678	ENSG00000119688	ATP binding cassette subfamily D member 4	GO:0005324; GO:0005515; GO:0005524; GO:0005765; GO:0005777; GO:0005778; GO:0005789; GO:0006635; GO:0007031; GO:0009235; GO:0015420; GO:0015889; GO:0015910; GO:0016020; GO:0016887; GO:0042626; GO:0042760; GO:0042802; GO:0043190; GO:0055085; GO:1990830	long-chain fatty acid transmembrane transporter activity; protein binding; ATP binding; lysosomal membrane; peroxisome; peroxisomal membrane; endoplasmic reticulum membrane; fatty acid beta-oxidation; peroxisome organization; cobalamin metabolic process; ABC-type vitamin B12 transporter activity; cobalamin transport; long-chain fatty acid import into peroxisome; membrane; ATP hydrolysis activity; ATPase-coupled transmembrane transporter activity; very long-chain fatty acid catabolic process; identical protein binding; ATP-binding cassette (ABC) transporter complex; transmembrane transport; cellular response to leukemia inhibitory factor	0.3953	0.01257	1	1.0	1.0	1.0	0.6875	0.6875
ACAD9	I60_OG000195	Q9H845	ENSG00000177646	acyl-CoA dehydrogenase family member 9	GO:0001676; GO:0003995; GO:0004466; GO:0005515; GO:0005634; GO:0005739; GO:0005743; GO:0030425; GO:0031966; GO:0032981; GO:0050660; GO:0051791; GO:0070991	long-chain fatty acid metabolic process; acyl-CoA dehydrogenase activity; long-chain fatty acyl-CoA dehydrogenase activity; protein binding; nucleus; mitochondrion; mitochondrial inner membrane; dendrite; mitochondrial membrane; mitochondrial respiratory chain complex I assembly; flavin adenine dinucleotide binding; medium-chain fatty acid metabolic process; medium-chain fatty acyl-CoA dehydrogenase activity	0.3887	0.00703	1	0.9545454545454546	1.0	1.0	0.625	0.625
ACADL	I60_OG000195	P28330	ENSG00000115361	acyl-CoA dehydrogenase long chain	GO:0000062; GO:0001659; GO:0004466; GO:0005515; GO:0005737; GO:0005739; GO:0005759; GO:0016042; GO:0016401; GO:0019254; GO:0031966; GO:0033539; GO:0042413; GO:0042758; GO:0042802; GO:0045717; GO:0046322; GO:0050660; GO:0090181; GO:0120162	fatty-acyl-CoA binding; temperature homeostasis; long-chain fatty acyl-CoA dehydrogenase activity; protein binding; cytoplasm; mitochondrion; mitochondrial matrix; lipid catabolic process; palmitoyl-CoA oxidase activity; carnitine metabolic process, CoA-linked; mitochondrial membrane; fatty acid beta-oxidation using acyl-CoA dehydrogenase; carnitine catabolic process; long-chain fatty acid catabolic process; identical protein binding; negative regulation of fatty acid biosynthetic process; negative regulation of fatty acid oxidation; flavin adenine dinucleotide binding; regulation of cholesterol metabolic process; positive regulation of cold-induced thermogenesis	0.3887	0.00703	1	0.9545454545454546	1.0	1.0	0.625	0.625
ACADM	I60_OG000195	P11310	ENSG00000117054	acyl-CoA dehydrogenase medium chain	GO:0001889; GO:0003995; GO:0005634; GO:0005737; GO:0005739; GO:0005759; GO:0005978; GO:0006111; GO:0006635; GO:0009409; GO:0009791; GO:0019254; GO:0030424; GO:0031966; GO:0033539; GO:0042594; GO:0042802; GO:0045329; GO:0050660; GO:0051791; GO:0051793; GO:0055007; GO:0070991	liver development; acyl-CoA dehydrogenase activity; nucleus; cytoplasm; mitochondrion; mitochondrial matrix; glycogen biosynthetic process; regulation of gluconeogenesis; fatty acid beta-oxidation; response to cold; post-embryonic development; carnitine metabolic process, CoA-linked; axon; mitochondrial membrane; fatty acid beta-oxidation using acyl-CoA dehydrogenase; response to starvation; identical protein binding; carnitine biosynthetic process; flavin adenine dinucleotide binding; medium-chain fatty acid metabolic process; medium-chain fatty acid catabolic process; cardiac muscle cell differentiation; medium-chain fatty acyl-CoA dehydrogenase activity	0.3887	0.00703	1	0.9545454545454546	1.0	1.0	0.625	0.625
ACADS	I60_OG000195	P16219	ENSG00000122971	acyl-CoA dehydrogenase short chain	GO:0003995; GO:0005515; GO:0005634; GO:0005654; GO:0005739; GO:0005759; GO:0005813; GO:0006635; GO:0016937; GO:0033539; GO:0046359; GO:0050660	acyl-CoA dehydrogenase activity; protein binding; nucleus; nucleoplasm; mitochondrion; mitochondrial matrix; centrosome; fatty acid beta-oxidation; short-chain fatty acyl-CoA dehydrogenase activity; fatty acid beta-oxidation using acyl-CoA dehydrogenase; butyrate catabolic process; flavin adenine dinucleotide binding	0.3887	0.00703	1	0.9545454545454546	1.0	1.0	0.625	0.625
ACADSB	I60_OG000195	P45954	ENSG00000196177	acyl-CoA dehydrogenase short/branched chain	GO:0003853; GO:0003995; GO:0005739; GO:0005759; GO:0006550; GO:0006631; GO:0016937; GO:0042802; GO:0050660	short-chain 2-methyl fatty acyl-CoA dehydrogenase activity; acyl-CoA dehydrogenase activity; mitochondrion; mitochondrial matrix; isoleucine catabolic process; fatty acid metabolic process; short-chain fatty acyl-CoA dehydrogenase activity; identical protein binding; flavin adenine dinucleotide binding	0.3887	0.00703	1	0.9545454545454546	1.0	1.0	0.625	0.625
ACADVL	I60_OG000195	P49748	ENSG00000072778	acyl-CoA dehydrogenase very long chain	GO:0000062; GO:0001659; GO:0003995; GO:0004466; GO:0005515; GO:0005654; GO:0005730; GO:0005739; GO:0005743; GO:0005759; GO:0009409; GO:0015980; GO:0017099; GO:0030855; GO:0031966; GO:0033539; GO:0042645; GO:0042802; GO:0045717; GO:0046322; GO:0050660; GO:0090181	fatty-acyl-CoA binding; temperature homeostasis; acyl-CoA dehydrogenase activity; long-chain fatty acyl-CoA dehydrogenase activity; protein binding; nucleoplasm; nucleolus; mitochondrion; mitochondrial inner membrane; mitochondrial matrix; response to cold; energy derivation by oxidation of organic compounds; very-long-chain fatty acyl-CoA dehydrogenase activity; epithelial cell differentiation; mitochondrial membrane; fatty acid beta-oxidation using acyl-CoA dehydrogenase; mitochondrial nucleoid; identical protein binding; negative regulation of fatty acid biosynthetic process; negative regulation of fatty acid oxidation; flavin adenine dinucleotide binding; regulation of cholesterol metabolic process	0.3887	0.00703	1	0.9545454545454546	1.0	1.0	0.625	0.625
ACER1	I14_OG002010	Q8TDN7	ENSG00000167769	alkaline ceramidase 1	GO:0005515; GO:0005783; GO:0005789; GO:0006665; GO:0008544; GO:0010446; GO:0017040; GO:0019216; GO:0030148; GO:0030149; GO:0030154; GO:0030216; GO:0046512; GO:0046514; GO:0046872; GO:0048733; GO:0071277	protein binding; endoplasmic reticulum; endoplasmic reticulum membrane; sphingolipid metabolic process; epidermis development; response to alkaline pH; N-acylsphingosine amidohydrolase activity; regulation of lipid metabolic process; sphingolipid biosynthetic process; sphingolipid catabolic process; cell differentiation; keratinocyte differentiation; sphingosine biosynthetic process; ceramide catabolic process; metal ion binding; sebaceous gland development; cellular response to calcium ion	0.5152	0.04573	1	0.7272727272727273	0.7272727272727273	0.0	0.21875	0.25
ACER2	I14_OG002010	Q5QJU3	ENSG00000177076	alkaline ceramidase 2	GO:0000139; GO:0001953; GO:0005515; GO:0005794; GO:0006974; GO:0008284; GO:0010506; GO:0017040; GO:0030149; GO:0030330; GO:0032526; GO:0033629; GO:0042981; GO:0046512; GO:0046514; GO:0046872; GO:0060049; GO:0071466	Golgi membrane; negative regulation of cell-matrix adhesion; protein binding; Golgi apparatus; DNA damage response; positive regulation of cell population proliferation; regulation of autophagy; N-acylsphingosine amidohydrolase activity; sphingolipid catabolic process; DNA damage response, signal transduction by p53 class mediator; response to retinoic acid; negative regulation of cell adhesion mediated by integrin; regulation of apoptotic process; sphingosine biosynthetic process; ceramide catabolic process; metal ion binding; regulation of protein glycosylation; cellular response to xenobiotic stimulus	0.5152	0.04573	1	0.7272727272727273	0.7272727272727273	0.0	0.21875	0.25
ACER3	I14_OG002010	Q9NUN7	ENSG00000078124	alkaline ceramidase 3	GO:0000139; GO:0005509; GO:0005789; GO:0006954; GO:0008270; GO:0008284; GO:0016020; GO:0017040; GO:0042552; GO:0043067; GO:0046512; GO:0046514; GO:0071602	Golgi membrane; calcium ion binding; endoplasmic reticulum membrane; inflammatory response; zinc ion binding; positive regulation of cell population proliferation; membrane; N-acylsphingosine amidohydrolase activity; myelination; regulation of programmed cell death; sphingosine biosynthetic process; ceramide catabolic process; phytosphingosine biosynthetic process	0.5152	0.04573	1	0.7272727272727273	0.7272727272727273	0.0	0.21875	0.25
ACOT11	I14_OG005733	Q8WXI4	ENSG00000162390	acyl-CoA thioesterase 11	GO:0005515; GO:0005737; GO:0005759; GO:0005829; GO:0006631; GO:0006637; GO:0008289; GO:0009266; GO:0009409; GO:0035556; GO:0047617; GO:0052689; GO:0052816; GO:0070062; GO:0120163	protein binding; cytoplasm; mitochondrial matrix; cytosol; fatty acid metabolic process; acyl-CoA metabolic process; lipid binding; response to temperature stimulus; response to cold; intracellular signal transduction; fatty acyl-CoA hydrolase activity; carboxylic ester hydrolase activity; long-chain fatty acyl-CoA hydrolase activity; extracellular exosome; negative regulation of cold-induced thermogenesis	0.6697	0.00331	1.0	0.6818181818181818	0.7272727272727273	0.0	0.0625	0.0625
ACOT12	I14_OG005733	Q8WYK0	ENSG00000172497	acyl-CoA thioesterase 12	GO:0003986; GO:0005515; GO:0005524; GO:0005654; GO:0005737; GO:0005829; GO:0006084; GO:0006631; GO:0006637; GO:0008289; GO:0042802; GO:0045171; GO:0052689	acetyl-CoA hydrolase activity; protein binding; ATP binding; nucleoplasm; cytoplasm; cytosol; acetyl-CoA metabolic process; fatty acid metabolic process; acyl-CoA metabolic process; lipid binding; identical protein binding; intercellular bridge; carboxylic ester hydrolase activity	0.6697	0.00331	1.0	0.6818181818181818	0.7272727272727273	0.0	0.0625	0.0625
ACOT7	I14_OG005733	O00154	ENSG00000097021	acyl-CoA thioesterase 7	GO:0000062; GO:0005515; GO:0005654; GO:0005737; GO:0005739; GO:0005829; GO:0006637; GO:0009062; GO:0015937; GO:0036042; GO:0036114; GO:0036116; GO:0042803; GO:0051792; GO:0052689; GO:0052816; GO:0070062; GO:1900535	fatty-acyl-CoA binding; protein binding; nucleoplasm; cytoplasm; mitochondrion; cytosol; acyl-CoA metabolic process; fatty acid catabolic process; coenzyme A biosynthetic process; long-chain fatty acyl-CoA binding; medium-chain fatty-acyl-CoA catabolic process; long-chain fatty-acyl-CoA catabolic process; protein homodimerization activity; medium-chain fatty acid biosynthetic process; carboxylic ester hydrolase activity; long-chain fatty acyl-CoA hydrolase activity; extracellular exosome; palmitic acid biosynthetic process	0.6697	0.00331	1.0	0.6818181818181818	0.7272727272727273	0.0	0.0625	0.0625
ACSF3	I20_OG001191	Q4G176	ENSG00000176715	acyl-CoA synthetase family member 3	GO:0005515; GO:0005524; GO:0005654; GO:0005739; GO:0005759; GO:0006631; GO:0006633; GO:0016878; GO:0031957; GO:0035338; GO:0090409; GO:0090410	protein binding; ATP binding; nucleoplasm; mitochondrion; mitochondrial matrix; fatty acid metabolic process; fatty acid biosynthetic process; acid-thiol ligase activity; very long-chain fatty acid-CoA ligase activity; long-chain fatty-acyl-CoA biosynthetic process; malonyl-CoA synthetase activity; malonate catabolic process	0.4905	0.02713	1	1.0	1.0	1.0	0.5625	0.5625
ACTR5	I14_OG004231	Q9H9F9	ENSG00000101442	actin related protein 5	GO:0000723; GO:0005515; GO:0005634; GO:0005654; GO:0005737; GO:0006275; GO:0006282; GO:0006302; GO:0006310; GO:0006338; GO:0006355; GO:0031011; GO:0033044; GO:0045739; GO:0045893; GO:0045995; GO:0051726; GO:0060382; GO:0070914; GO:1904507	telomere maintenance; protein binding; nucleus; nucleoplasm; cytoplasm; regulation of DNA replication; regulation of DNA repair; double-strand break repair; DNA recombination; chromatin remodeling; regulation of DNA-templated transcription; Ino80 complex; regulation of chromosome organization; positive regulation of DNA repair; positive regulation of DNA-templated transcription; regulation of embryonic development; regulation of cell cycle; regulation of DNA strand elongation; UV-damage excision repair; positive regulation of telomere maintenance in response to DNA damage	0.4524	0.0407	1.0	0.5454545454545454	0.5454545454545454	0.0	0.125	0.125
ACTR8	I14_OG004448	Q9H981	ENSG00000113812	actin related protein 8	GO:0000723; GO:0005515; GO:0005524; GO:0005634; GO:0005654; GO:0005813; GO:0006275; GO:0006282; GO:0006302; GO:0006310; GO:0006338; GO:0006355; GO:0031011; GO:0033044; GO:0045739; GO:0045893; GO:0045995; GO:0051301; GO:0051726; GO:0060382; GO:1904507	telomere maintenance; protein binding; ATP binding; nucleus; nucleoplasm; centrosome; regulation of DNA replication; regulation of DNA repair; double-strand break repair; DNA recombination; chromatin remodeling; regulation of DNA-templated transcription; Ino80 complex; regulation of chromosome organization; positive regulation of DNA repair; positive regulation of DNA-templated transcription; regulation of embryonic development; cell division; regulation of cell cycle; regulation of DNA strand elongation; positive regulation of telomere maintenance in response to DNA damage	0.533	0.01269	1	0.6363636363636364	0.6363636363636364	0.0	0.125	0.125
ADA2	I14_OG005721	Q9NZK5	ENSG00000093072	adenosine deaminase 2	GO:0004000; GO:0005576; GO:0005615; GO:0006154; GO:0007165; GO:0008083; GO:0008201; GO:0008270; GO:0031685; GO:0035578; GO:0042803; GO:0043394; GO:0046103; GO:0046936	adenosine deaminase activity; extracellular region; extracellular space; adenosine catabolic process; signal transduction; growth factor activity; heparin binding; zinc ion binding; adenosine receptor binding; azurophil granule lumen; protein homodimerization activity; proteoglycan binding; inosine biosynthetic process; 2'-deoxyadenosine deaminase activity	0.4084	0.03421	0	0.22727272727272727	0.2727272727272727	0.0	0.0	0.0
ADGRV1	I14_OG002083	Q8WXG9	ENSG00000164199	adhesion G protein-coupled receptor V1	GO:0001917; GO:0001965; GO:0002141; GO:0002142; GO:0004930; GO:0005509; GO:0005515; GO:0005737; GO:0005886; GO:0007166; GO:0007186; GO:0007194; GO:0007399; GO:0007601; GO:0007605; GO:0009986; GO:0010739; GO:0010855; GO:0016020; GO:0016787; GO:0030501; GO:0031647; GO:0032420; GO:0043235; GO:0045184; GO:0045494; GO:0048496; GO:0048839; GO:0050877; GO:0050910; GO:0050953; GO:0060113; GO:0060122; GO:0060171; GO:0070062; GO:0071277; GO:0097264; GO:0098609; GO:1990075; GO:1990696	photoreceptor inner segment; G-protein alpha-subunit binding; stereocilia ankle link; stereocilia ankle link complex; G protein-coupled receptor activity; calcium ion binding; protein binding; cytoplasm; plasma membrane; cell surface receptor signaling pathway; G protein-coupled receptor signaling pathway; negative regulation of adenylate cyclase activity; nervous system development; visual perception; sensory perception of sound; cell surface; positive regulation of protein kinase A signaling; adenylate cyclase inhibitor activity; membrane; hydrolase activity; positive regulation of bone mineralization; regulation of protein stability; stereocilium; receptor complex; establishment of protein localization; photoreceptor cell maintenance; maintenance of animal organ identity; inner ear development; nervous system process; detection of mechanical stimulus involved in sensory perception of sound; sensory perception of light stimulus; inner ear receptor cell differentiation; inner ear receptor cell stereocilium organization; stereocilium membrane; extracellular exosome; cellular response to calcium ion; self proteolysis; cell-cell adhesion; periciliary membrane compartment; USH2 complex	0.5038	0.02499	1	0.5909090909090909	0.6363636363636364	0.0	0.125	0.125
ADIPOR1	I14_OG000423	Q96A54	ENSG00000159346	adiponectin receptor 1	GO:0005515; GO:0005886; GO:0009755; GO:0010633; GO:0010719; GO:0010906; GO:0016020; GO:0019216; GO:0019395; GO:0019901; GO:0030308; GO:0033210; GO:0033211; GO:0038023; GO:0042593; GO:0042802; GO:0046426; GO:0046427; GO:0046628; GO:0046872; GO:0055100; GO:0097003; GO:0120162; GO:1901223	protein binding; plasma membrane; hormone-mediated signaling pathway; negative regulation of epithelial cell migration; negative regulation of epithelial to mesenchymal transition; regulation of glucose metabolic process; membrane; regulation of lipid metabolic process; fatty acid oxidation; protein kinase binding; negative regulation of cell growth; leptin-mediated signaling pathway; adiponectin-activated signaling pathway; signaling receptor activity; glucose homeostasis; identical protein binding; negative regulation of receptor signaling pathway via JAK-STAT; positive regulation of receptor signaling pathway via JAK-STAT; positive regulation of insulin receptor signaling pathway; metal ion binding; adiponectin binding; adipokinetic hormone receptor activity; positive regulation of cold-induced thermogenesis; negative regulation of non-canonical NF-kappaB signal transduction	0.4404	0.00046	1	0.9545454545454546	1.0	1.0	0.5625	0.5625
ADIPOR2	I14_OG000423	Q86V24	ENSG00000006831	adiponectin receptor 2	GO:0005515; GO:0005886; GO:0009755; GO:0019395; GO:0033211; GO:0038023; GO:0042593; GO:0042802; GO:0046872; GO:0055100; GO:0061042; GO:0097003; GO:0120162	protein binding; plasma membrane; hormone-mediated signaling pathway; fatty acid oxidation; adiponectin-activated signaling pathway; signaling receptor activity; glucose homeostasis; identical protein binding; metal ion binding; adiponectin binding; vascular wound healing; adipokinetic hormone receptor activity; positive regulation of cold-induced thermogenesis	0.4404	0.00046	1	0.9545454545454546	1.0	1.0	0.5625	0.5625
ADIPOR2	I14_OG000423	Q86V24	ENSG00000285070	adiponectin receptor 2	GO:0005515; GO:0005886; GO:0009755; GO:0019395; GO:0033211; GO:0038023; GO:0042593; GO:0042802; GO:0046872; GO:0055100; GO:0061042; GO:0097003; GO:0120162	protein binding; plasma membrane; hormone-mediated signaling pathway; fatty acid oxidation; adiponectin-activated signaling pathway; signaling receptor activity; glucose homeostasis; identical protein binding; metal ion binding; adiponectin binding; vascular wound healing; adipokinetic hormone receptor activity; positive regulation of cold-induced thermogenesis	0.4404	0.00046	1	0.9545454545454546	1.0	1.0	0.5625	0.5625
AGA	I14_OG001109	P20933	ENSG00000038002	aspartylglucosaminidase	GO:0003948; GO:0005515; GO:0005576; GO:0005615; GO:0005737; GO:0005764; GO:0005783; GO:0006508; GO:0006517; GO:0008233; GO:0035578	N4-(beta-N-acetylglucosaminyl)-L-asparaginase activity; protein binding; extracellular region; extracellular space; cytoplasm; lysosome; endoplasmic reticulum; proteolysis; protein deglycosylation; peptidase activity; azurophil granule lumen	0.6145	5e-04	1.0	0.8636363636363636	0.9090909090909091	0.0	0.25	0.25
AGER	I14_OG003095	Q15109	ENSG00000204305	advanced glycosylation end-product specific receptor	GO:0001540; GO:0001650; GO:0001666; GO:0001774; GO:0001914; GO:0001934; GO:0004888; GO:0005044; GO:0005055; GO:0005515; GO:0005576; GO:0005886; GO:0006954; GO:0007155; GO:0007166; GO:0007611; GO:0009611; GO:0009986; GO:0010255; GO:0016324; GO:0030054; GO:0031175; GO:0032693; GO:0032722; GO:0032731; GO:0032735; GO:0032755; GO:0032760; GO:0034116; GO:0038023; GO:0042104; GO:0042802; GO:0044548; GO:0044877; GO:0045056; GO:0046330; GO:0048143; GO:0048167; GO:0050727; GO:0050785; GO:0050930; GO:0051092; GO:0060090; GO:0070374; GO:0071639; GO:0072657; GO:0098794; GO:0150003; GO:0150104; GO:1900271; GO:1900272; GO:1900453; GO:1900744; GO:1900745; GO:1901222; GO:1901224; GO:1902961; GO:1903523; GO:1904472; GO:1904597; GO:1904645; GO:1904646; GO:2000439; GO:2000514; GO:2001200	amyloid-beta binding; fibrillar center; response to hypoxia; microglial cell activation; regulation of T cell mediated cytotoxicity; positive regulation of protein phosphorylation; transmembrane signaling receptor activity; scavenger receptor activity; laminin receptor activity; protein binding; extracellular region; plasma membrane; inflammatory response; cell adhesion; cell surface receptor signaling pathway; learning or memory; response to wounding; cell surface; glucose mediated signaling pathway; apical plasma membrane; cell junction; neuron projection development; negative regulation of interleukin-10 production; positive regulation of chemokine production; positive regulation of interleukin-1 beta production; positive regulation of interleukin-12 production; positive regulation of interleukin-6 production; positive regulation of tumor necrosis factor production; positive regulation of heterotypic cell-cell adhesion; signaling receptor activity; positive regulation of activated T cell proliferation; identical protein binding; S100 protein binding; protein-containing complex binding; transcytosis; positive regulation of JNK cascade; astrocyte activation; regulation of synaptic plasticity; regulation of inflammatory response; advanced glycation end-product receptor activity; induction of positive chemotaxis; positive regulation of NF-kappaB transcription factor activity; molecular adaptor activity; positive regulation of ERK1 and ERK2 cascade; positive regulation of monocyte chemotactic protein-1 production; protein localization to membrane; postsynapse; regulation of spontaneous synaptic transmission; transport across blood-brain barrier; regulation of long-term synaptic potentiation; negative regulation of long-term synaptic potentiation; negative regulation of long-term synaptic depression; regulation of p38MAPK cascade; positive regulation of p38MAPK cascade; regulation of non-canonical NF-kappaB signal transduction; positive regulation of non-canonical NF-kappaB signal transduction; positive regulation of aspartic-type endopeptidase activity involved in amyloid precursor protein catabolic process; negative regulation of blood circulation; positive regulation of endothelin production; negative regulation of connective tissue replacement involved in inflammatory response wound healing; response to amyloid-beta; cellular response to amyloid-beta; positive regulation of monocyte extravasation; regulation of CD4-positive, alpha-beta T cell activation; positive regulation of dendritic cell differentiation	0.4084	0.02876	0	0.22727272727272727	0.2727272727272727	0.0	0.0	0.0
AGER	I14_OG003095	Q15109	ENSG00000231268	advanced glycosylation end-product specific receptor	GO:0001540; GO:0001650; GO:0001666; GO:0001774; GO:0001914; GO:0001934; GO:0004888; GO:0005044; GO:0005055; GO:0005515; GO:0005576; GO:0005886; GO:0006954; GO:0007155; GO:0007166; GO:0007611; GO:0009611; GO:0009986; GO:0010255; GO:0016324; GO:0030054; GO:0031175; GO:0032693; GO:0032722; GO:0032731; GO:0032735; GO:0032755; GO:0032760; GO:0034116; GO:0038023; GO:0042104; GO:0042802; GO:0044548; GO:0044877; GO:0045056; GO:0046330; GO:0048143; GO:0048167; GO:0050727; GO:0050785; GO:0050930; GO:0051092; GO:0060090; GO:0070374; GO:0071639; GO:0072657; GO:0098794; GO:0150003; GO:0150104; GO:1900271; GO:1900272; GO:1900453; GO:1900744; GO:1900745; GO:1901222; GO:1901224; GO:1902961; GO:1903523; GO:1904472; GO:1904597; GO:1904645; GO:1904646; GO:2000439; GO:2000514; GO:2001200	amyloid-beta binding; fibrillar center; response to hypoxia; microglial cell activation; regulation of T cell mediated cytotoxicity; positive regulation of protein phosphorylation; transmembrane signaling receptor activity; scavenger receptor activity; laminin receptor activity; protein binding; extracellular region; plasma membrane; inflammatory response; cell adhesion; cell surface receptor signaling pathway; learning or memory; response to wounding; cell surface; glucose mediated signaling pathway; apical plasma membrane; cell junction; neuron projection development; negative regulation of interleukin-10 production; positive regulation of chemokine production; positive regulation of interleukin-1 beta production; positive regulation of interleukin-12 production; positive regulation of interleukin-6 production; positive regulation of tumor necrosis factor production; positive regulation of heterotypic cell-cell adhesion; signaling receptor activity; positive regulation of activated T cell proliferation; identical protein binding; S100 protein binding; protein-containing complex binding; transcytosis; positive regulation of JNK cascade; astrocyte activation; regulation of synaptic plasticity; regulation of inflammatory response; advanced glycation end-product receptor activity; induction of positive chemotaxis; positive regulation of NF-kappaB transcription factor activity; molecular adaptor activity; positive regulation of ERK1 and ERK2 cascade; positive regulation of monocyte chemotactic protein-1 production; protein localization to membrane; postsynapse; regulation of spontaneous synaptic transmission; transport across blood-brain barrier; regulation of long-term synaptic potentiation; negative regulation of long-term synaptic potentiation; negative regulation of long-term synaptic depression; regulation of p38MAPK cascade; positive regulation of p38MAPK cascade; regulation of non-canonical NF-kappaB signal transduction; positive regulation of non-canonical NF-kappaB signal transduction; positive regulation of aspartic-type endopeptidase activity involved in amyloid precursor protein catabolic process; negative regulation of blood circulation; positive regulation of endothelin production; negative regulation of connective tissue replacement involved in inflammatory response wound healing; response to amyloid-beta; cellular response to amyloid-beta; positive regulation of monocyte extravasation; regulation of CD4-positive, alpha-beta T cell activation; positive regulation of dendritic cell differentiation	0.4084	0.02876	0	0.22727272727272727	0.2727272727272727	0.0	0.0	0.0
AGER	I14_OG003095	Q15109	ENSG00000234729	advanced glycosylation end-product specific receptor	GO:0001540; GO:0001650; GO:0001666; GO:0001774; GO:0001914; GO:0001934; GO:0004888; GO:0005044; GO:0005055; GO:0005515; GO:0005576; GO:0005886; GO:0006954; GO:0007155; GO:0007166; GO:0007611; GO:0009611; GO:0009986; GO:0010255; GO:0016324; GO:0030054; GO:0031175; GO:0032693; GO:0032722; GO:0032731; GO:0032735; GO:0032755; GO:0032760; GO:0034116; GO:0038023; GO:0042104; GO:0042802; GO:0044548; GO:0044877; GO:0045056; GO:0046330; GO:0048143; GO:0048167; GO:0050727; GO:0050785; GO:0050930; GO:0051092; GO:0060090; GO:0070374; GO:0071639; GO:0072657; GO:0098794; GO:0150003; GO:0150104; GO:1900271; GO:1900272; GO:1900453; GO:1900744; GO:1900745; GO:1901222; GO:1901224; GO:1902961; GO:1903523; GO:1904472; GO:1904597; GO:1904645; GO:1904646; GO:2000439; GO:2000514; GO:2001200	amyloid-beta binding; fibrillar center; response to hypoxia; microglial cell activation; regulation of T cell mediated cytotoxicity; positive regulation of protein phosphorylation; transmembrane signaling receptor activity; scavenger receptor activity; laminin receptor activity; protein binding; extracellular region; plasma membrane; inflammatory response; cell adhesion; cell surface receptor signaling pathway; learning or memory; response to wounding; cell surface; glucose mediated signaling pathway; apical plasma membrane; cell junction; neuron projection development; negative regulation of interleukin-10 production; positive regulation of chemokine production; positive regulation of interleukin-1 beta production; positive regulation of interleukin-12 production; positive regulation of interleukin-6 production; positive regulation of tumor necrosis factor production; positive regulation of heterotypic cell-cell adhesion; signaling receptor activity; positive regulation of activated T cell proliferation; identical protein binding; S100 protein binding; protein-containing complex binding; transcytosis; positive regulation of JNK cascade; astrocyte activation; regulation of synaptic plasticity; regulation of inflammatory response; advanced glycation end-product receptor activity; induction of positive chemotaxis; positive regulation of NF-kappaB transcription factor activity; molecular adaptor activity; positive regulation of ERK1 and ERK2 cascade; positive regulation of monocyte chemotactic protein-1 production; protein localization to membrane; postsynapse; regulation of spontaneous synaptic transmission; transport across blood-brain barrier; regulation of long-term synaptic potentiation; negative regulation of long-term synaptic potentiation; negative regulation of long-term synaptic depression; regulation of p38MAPK cascade; positive regulation of p38MAPK cascade; regulation of non-canonical NF-kappaB signal transduction; positive regulation of non-canonical NF-kappaB signal transduction; positive regulation of aspartic-type endopeptidase activity involved in amyloid precursor protein catabolic process; negative regulation of blood circulation; positive regulation of endothelin production; negative regulation of connective tissue replacement involved in inflammatory response wound healing; response to amyloid-beta; cellular response to amyloid-beta; positive regulation of monocyte extravasation; regulation of CD4-positive, alpha-beta T cell activation; positive regulation of dendritic cell differentiation	0.4084	0.02876	0	0.22727272727272727	0.2727272727272727	0.0	0.0	0.0
AGER	I14_OG003095	Q15109	ENSG00000237405	advanced glycosylation end-product specific receptor	GO:0001540; GO:0001650; GO:0001666; GO:0001774; GO:0001914; GO:0001934; GO:0004888; GO:0005044; GO:0005055; GO:0005515; GO:0005576; GO:0005886; GO:0006954; GO:0007155; GO:0007166; GO:0007611; GO:0009611; GO:0009986; GO:0010255; GO:0016324; GO:0030054; GO:0031175; GO:0032693; GO:0032722; GO:0032731; GO:0032735; GO:0032755; GO:0032760; GO:0034116; GO:0038023; GO:0042104; GO:0042802; GO:0044548; GO:0044877; GO:0045056; GO:0046330; GO:0048143; GO:0048167; GO:0050727; GO:0050785; GO:0050930; GO:0051092; GO:0060090; GO:0070374; GO:0071639; GO:0072657; GO:0098794; GO:0150003; GO:0150104; GO:1900271; GO:1900272; GO:1900453; GO:1900744; GO:1900745; GO:1901222; GO:1901224; GO:1902961; GO:1903523; GO:1904472; GO:1904597; GO:1904645; GO:1904646; GO:2000439; GO:2000514; GO:2001200	amyloid-beta binding; fibrillar center; response to hypoxia; microglial cell activation; regulation of T cell mediated cytotoxicity; positive regulation of protein phosphorylation; transmembrane signaling receptor activity; scavenger receptor activity; laminin receptor activity; protein binding; extracellular region; plasma membrane; inflammatory response; cell adhesion; cell surface receptor signaling pathway; learning or memory; response to wounding; cell surface; glucose mediated signaling pathway; apical plasma membrane; cell junction; neuron projection development; negative regulation of interleukin-10 production; positive regulation of chemokine production; positive regulation of interleukin-1 beta production; positive regulation of interleukin-12 production; positive regulation of interleukin-6 production; positive regulation of tumor necrosis factor production; positive regulation of heterotypic cell-cell adhesion; signaling receptor activity; positive regulation of activated T cell proliferation; identical protein binding; S100 protein binding; protein-containing complex binding; transcytosis; positive regulation of JNK cascade; astrocyte activation; regulation of synaptic plasticity; regulation of inflammatory response; advanced glycation end-product receptor activity; induction of positive chemotaxis; positive regulation of NF-kappaB transcription factor activity; molecular adaptor activity; positive regulation of ERK1 and ERK2 cascade; positive regulation of monocyte chemotactic protein-1 production; protein localization to membrane; postsynapse; regulation of spontaneous synaptic transmission; transport across blood-brain barrier; regulation of long-term synaptic potentiation; negative regulation of long-term synaptic potentiation; negative regulation of long-term synaptic depression; regulation of p38MAPK cascade; positive regulation of p38MAPK cascade; regulation of non-canonical NF-kappaB signal transduction; positive regulation of non-canonical NF-kappaB signal transduction; positive regulation of aspartic-type endopeptidase activity involved in amyloid precursor protein catabolic process; negative regulation of blood circulation; positive regulation of endothelin production; negative regulation of connective tissue replacement involved in inflammatory response wound healing; response to amyloid-beta; cellular response to amyloid-beta; positive regulation of monocyte extravasation; regulation of CD4-positive, alpha-beta T cell activation; positive regulation of dendritic cell differentiation	0.4084	0.02876	0	0.22727272727272727	0.2727272727272727	0.0	0.0	0.0
AGER	I14_OG003095	Q15109	ENSG00000229058	advanced glycosylation end-product specific receptor	GO:0001540; GO:0001650; GO:0001666; GO:0001774; GO:0001914; GO:0001934; GO:0004888; GO:0005044; GO:0005055; GO:0005515; GO:0005576; GO:0005886; GO:0006954; GO:0007155; GO:0007166; GO:0007611; GO:0009611; GO:0009986; GO:0010255; GO:0016324; GO:0030054; GO:0031175; GO:0032693; GO:0032722; GO:0032731; GO:0032735; GO:0032755; GO:0032760; GO:0034116; GO:0038023; GO:0042104; GO:0042802; GO:0044548; GO:0044877; GO:0045056; GO:0046330; GO:0048143; GO:0048167; GO:0050727; GO:0050785; GO:0050930; GO:0051092; GO:0060090; GO:0070374; GO:0071639; GO:0072657; GO:0098794; GO:0150003; GO:0150104; GO:1900271; GO:1900272; GO:1900453; GO:1900744; GO:1900745; GO:1901222; GO:1901224; GO:1902961; GO:1903523; GO:1904472; GO:1904597; GO:1904645; GO:1904646; GO:2000439; GO:2000514; GO:2001200	amyloid-beta binding; fibrillar center; response to hypoxia; microglial cell activation; regulation of T cell mediated cytotoxicity; positive regulation of protein phosphorylation; transmembrane signaling receptor activity; scavenger receptor activity; laminin receptor activity; protein binding; extracellular region; plasma membrane; inflammatory response; cell adhesion; cell surface receptor signaling pathway; learning or memory; response to wounding; cell surface; glucose mediated signaling pathway; apical plasma membrane; cell junction; neuron projection development; negative regulation of interleukin-10 production; positive regulation of chemokine production; positive regulation of interleukin-1 beta production; positive regulation of interleukin-12 production; positive regulation of interleukin-6 production; positive regulation of tumor necrosis factor production; positive regulation of heterotypic cell-cell adhesion; signaling receptor activity; positive regulation of activated T cell proliferation; identical protein binding; S100 protein binding; protein-containing complex binding; transcytosis; positive regulation of JNK cascade; astrocyte activation; regulation of synaptic plasticity; regulation of inflammatory response; advanced glycation end-product receptor activity; induction of positive chemotaxis; positive regulation of NF-kappaB transcription factor activity; molecular adaptor activity; positive regulation of ERK1 and ERK2 cascade; positive regulation of monocyte chemotactic protein-1 production; protein localization to membrane; postsynapse; regulation of spontaneous synaptic transmission; transport across blood-brain barrier; regulation of long-term synaptic potentiation; negative regulation of long-term synaptic potentiation; negative regulation of long-term synaptic depression; regulation of p38MAPK cascade; positive regulation of p38MAPK cascade; regulation of non-canonical NF-kappaB signal transduction; positive regulation of non-canonical NF-kappaB signal transduction; positive regulation of aspartic-type endopeptidase activity involved in amyloid precursor protein catabolic process; negative regulation of blood circulation; positive regulation of endothelin production; negative regulation of connective tissue replacement involved in inflammatory response wound healing; response to amyloid-beta; cellular response to amyloid-beta; positive regulation of monocyte extravasation; regulation of CD4-positive, alpha-beta T cell activation; positive regulation of dendritic cell differentiation	0.4084	0.02876	0	0.22727272727272727	0.2727272727272727	0.0	0.0	0.0
AGER	I14_OG003095	Q15109	ENSG00000206320	advanced glycosylation end-product specific receptor	GO:0001540; GO:0001650; GO:0001666; GO:0001774; GO:0001914; GO:0001934; GO:0004888; GO:0005044; GO:0005055; GO:0005515; GO:0005576; GO:0005886; GO:0006954; GO:0007155; GO:0007166; GO:0007611; GO:0009611; GO:0009986; GO:0010255; GO:0016324; GO:0030054; GO:0031175; GO:0032693; GO:0032722; GO:0032731; GO:0032735; GO:0032755; GO:0032760; GO:0034116; GO:0038023; GO:0042104; GO:0042802; GO:0044548; GO:0044877; GO:0045056; GO:0046330; GO:0048143; GO:0048167; GO:0050727; GO:0050785; GO:0050930; GO:0051092; GO:0060090; GO:0070374; GO:0071639; GO:0072657; GO:0098794; GO:0150003; GO:0150104; GO:1900271; GO:1900272; GO:1900453; GO:1900744; GO:1900745; GO:1901222; GO:1901224; GO:1902961; GO:1903523; GO:1904472; GO:1904597; GO:1904645; GO:1904646; GO:2000439; GO:2000514; GO:2001200	amyloid-beta binding; fibrillar center; response to hypoxia; microglial cell activation; regulation of T cell mediated cytotoxicity; positive regulation of protein phosphorylation; transmembrane signaling receptor activity; scavenger receptor activity; laminin receptor activity; protein binding; extracellular region; plasma membrane; inflammatory response; cell adhesion; cell surface receptor signaling pathway; learning or memory; response to wounding; cell surface; glucose mediated signaling pathway; apical plasma membrane; cell junction; neuron projection development; negative regulation of interleukin-10 production; positive regulation of chemokine production; positive regulation of interleukin-1 beta production; positive regulation of interleukin-12 production; positive regulation of interleukin-6 production; positive regulation of tumor necrosis factor production; positive regulation of heterotypic cell-cell adhesion; signaling receptor activity; positive regulation of activated T cell proliferation; identical protein binding; S100 protein binding; protein-containing complex binding; transcytosis; positive regulation of JNK cascade; astrocyte activation; regulation of synaptic plasticity; regulation of inflammatory response; advanced glycation end-product receptor activity; induction of positive chemotaxis; positive regulation of NF-kappaB transcription factor activity; molecular adaptor activity; positive regulation of ERK1 and ERK2 cascade; positive regulation of monocyte chemotactic protein-1 production; protein localization to membrane; postsynapse; regulation of spontaneous synaptic transmission; transport across blood-brain barrier; regulation of long-term synaptic potentiation; negative regulation of long-term synaptic potentiation; negative regulation of long-term synaptic depression; regulation of p38MAPK cascade; positive regulation of p38MAPK cascade; regulation of non-canonical NF-kappaB signal transduction; positive regulation of non-canonical NF-kappaB signal transduction; positive regulation of aspartic-type endopeptidase activity involved in amyloid precursor protein catabolic process; negative regulation of blood circulation; positive regulation of endothelin production; negative regulation of connective tissue replacement involved in inflammatory response wound healing; response to amyloid-beta; cellular response to amyloid-beta; positive regulation of monocyte extravasation; regulation of CD4-positive, alpha-beta T cell activation; positive regulation of dendritic cell differentiation	0.4084	0.02876	0	0.22727272727272727	0.2727272727272727	0.0	0.0	0.0
AGER	I14_OG003095	Q15109	ENSG00000230514	advanced glycosylation end-product specific receptor	GO:0001540; GO:0001650; GO:0001666; GO:0001774; GO:0001914; GO:0001934; GO:0004888; GO:0005044; GO:0005055; GO:0005515; GO:0005576; GO:0005886; GO:0006954; GO:0007155; GO:0007166; GO:0007611; GO:0009611; GO:0009986; GO:0010255; GO:0016324; GO:0030054; GO:0031175; GO:0032693; GO:0032722; GO:0032731; GO:0032735; GO:0032755; GO:0032760; GO:0034116; GO:0038023; GO:0042104; GO:0042802; GO:0044548; GO:0044877; GO:0045056; GO:0046330; GO:0048143; GO:0048167; GO:0050727; GO:0050785; GO:0050930; GO:0051092; GO:0060090; GO:0070374; GO:0071639; GO:0072657; GO:0098794; GO:0150003; GO:0150104; GO:1900271; GO:1900272; GO:1900453; GO:1900744; GO:1900745; GO:1901222; GO:1901224; GO:1902961; GO:1903523; GO:1904472; GO:1904597; GO:1904645; GO:1904646; GO:2000439; GO:2000514; GO:2001200	amyloid-beta binding; fibrillar center; response to hypoxia; microglial cell activation; regulation of T cell mediated cytotoxicity; positive regulation of protein phosphorylation; transmembrane signaling receptor activity; scavenger receptor activity; laminin receptor activity; protein binding; extracellular region; plasma membrane; inflammatory response; cell adhesion; cell surface receptor signaling pathway; learning or memory; response to wounding; cell surface; glucose mediated signaling pathway; apical plasma membrane; cell junction; neuron projection development; negative regulation of interleukin-10 production; positive regulation of chemokine production; positive regulation of interleukin-1 beta production; positive regulation of interleukin-12 production; positive regulation of interleukin-6 production; positive regulation of tumor necrosis factor production; positive regulation of heterotypic cell-cell adhesion; signaling receptor activity; positive regulation of activated T cell proliferation; identical protein binding; S100 protein binding; protein-containing complex binding; transcytosis; positive regulation of JNK cascade; astrocyte activation; regulation of synaptic plasticity; regulation of inflammatory response; advanced glycation end-product receptor activity; induction of positive chemotaxis; positive regulation of NF-kappaB transcription factor activity; molecular adaptor activity; positive regulation of ERK1 and ERK2 cascade; positive regulation of monocyte chemotactic protein-1 production; protein localization to membrane; postsynapse; regulation of spontaneous synaptic transmission; transport across blood-brain barrier; regulation of long-term synaptic potentiation; negative regulation of long-term synaptic potentiation; negative regulation of long-term synaptic depression; regulation of p38MAPK cascade; positive regulation of p38MAPK cascade; regulation of non-canonical NF-kappaB signal transduction; positive regulation of non-canonical NF-kappaB signal transduction; positive regulation of aspartic-type endopeptidase activity involved in amyloid precursor protein catabolic process; negative regulation of blood circulation; positive regulation of endothelin production; negative regulation of connective tissue replacement involved in inflammatory response wound healing; response to amyloid-beta; cellular response to amyloid-beta; positive regulation of monocyte extravasation; regulation of CD4-positive, alpha-beta T cell activation; positive regulation of dendritic cell differentiation	0.4084	0.02876	0	0.22727272727272727	0.2727272727272727	0.0	0.0	0.0
AGPS	I14_OG004311	O00116	ENSG00000018510	alkylglycerone phosphate synthase	GO:0005515; GO:0005739; GO:0005777; GO:0005778; GO:0005782; GO:0005829; GO:0008609; GO:0008610; GO:0008611; GO:0016020; GO:0071949	protein binding; mitochondrion; peroxisome; peroxisomal membrane; peroxisomal matrix; cytosol; alkylglycerone-phosphate synthase activity; lipid biosynthetic process; ether lipid biosynthetic process; membrane; FAD binding	0.4374	0.04941	1	0.6818181818181818	0.7272727272727273	0.0	0.25	0.25
AKIRIN1	I14_OG010093	Q9H9L7	ENSG00000174574	akirin 1	GO:0000785; GO:0003712; GO:0005515; GO:0005634; GO:0005654; GO:0010592; GO:0010759; GO:0014839; GO:0031965; GO:0045663; GO:0045944; GO:1902723; GO:1902725	chromatin; transcription coregulator activity; protein binding; nucleus; nucleoplasm; positive regulation of lamellipodium assembly; positive regulation of macrophage chemotaxis; myoblast migration involved in skeletal muscle regeneration; nuclear membrane; positive regulation of myoblast differentiation; positive regulation of transcription by RNA polymerase II; negative regulation of skeletal muscle satellite cell proliferation; negative regulation of satellite cell differentiation	0.3809	0.02815	0	0.36363636363636365	0.36363636363636365	0.0	0.0625	0.0625
AKIRIN2	I14_OG010093	Q53H80	ENSG00000135334	akirin 2	GO:0000122; GO:0000785; GO:0002250; GO:0002821; GO:0003712; GO:0005515; GO:0005634; GO:0005654; GO:0005737; GO:0006606; GO:0008284; GO:0009792; GO:0010629; GO:0016020; GO:0017053; GO:0019899; GO:0021987; GO:0030674; GO:0031144; GO:0032496; GO:0032755; GO:0042742; GO:0042802; GO:0045087; GO:0045089; GO:0045944; GO:0050871; GO:0051147; GO:0071630	negative regulation of transcription by RNA polymerase II; chromatin; adaptive immune response; positive regulation of adaptive immune response; transcription coregulator activity; protein binding; nucleus; nucleoplasm; cytoplasm; protein import into nucleus; positive regulation of cell population proliferation; embryo development ending in birth or egg hatching; negative regulation of gene expression; membrane; transcription repressor complex; enzyme binding; cerebral cortex development; protein-macromolecule adaptor activity; proteasome localization; response to lipopolysaccharide; positive regulation of interleukin-6 production; defense response to bacterium; identical protein binding; innate immune response; positive regulation of innate immune response; positive regulation of transcription by RNA polymerase II; positive regulation of B cell activation; regulation of muscle cell differentiation; nuclear protein quality control by the ubiquitin-proteasome system	0.3809	0.02815	0	0.36363636363636365	0.36363636363636365	0.0	0.0625	0.0625
AKT1	I60_OG000175	P31749	ENSG00000142208	AKT serine/threonine kinase 1	GO:0001649; GO:0001893; GO:0001934; GO:0001938; GO:0002042; GO:0003376; GO:0004672; GO:0004674; GO:0004676; GO:0004677; GO:0004679; GO:0004694; GO:0004711; GO:0004712; GO:0005515; GO:0005516; GO:0005524; GO:0005547; GO:0005634; GO:0005654; GO:0005737; GO:0005758; GO:0005819; GO:0005829; GO:0005886; GO:0005911; GO:0005938; GO:0005978; GO:0005979; GO:0006006; GO:0006338; GO:0006417; GO:0006468; GO:0006469; GO:0006606; GO:0006809; GO:0006924; GO:0006954; GO:0006979; GO:0007165; GO:0007173; GO:0007186; GO:0008283; GO:0008286; GO:0008637; GO:0009408; GO:0010467; GO:0010507; GO:0010595; GO:0010628; GO:0010748; GO:0010761; GO:0010763; GO:0010765; GO:0010907; GO:0010951; GO:0010975; GO:0015630; GO:0016020; GO:0016242; GO:0016301; GO:0016310; GO:0016567; GO:0018105; GO:0018107; GO:0019221; GO:0019899; GO:0019901; GO:0022605; GO:0030027; GO:0030154; GO:0030235; GO:0030291; GO:0030307; GO:0030334; GO:0030335; GO:0031295; GO:0031397; GO:0031641; GO:0031663; GO:0031929; GO:0031982; GO:0031999; GO:0032079; GO:0032091; GO:0032094; GO:0032287; GO:0032436; GO:0032869; GO:0032991; GO:0033138; GO:0034405; GO:0035175; GO:0035402; GO:0035403; GO:0035556; GO:0035655; GO:0035924; GO:0035979; GO:0036064; GO:0036294; GO:0042593; GO:0042802; GO:0042803; GO:0042981; GO:0043066; GO:0043161; GO:0043276; GO:0043325; GO:0043488; GO:0043491; GO:0043536; GO:0044022; GO:0044023; GO:0044024; GO:0044025; GO:0045429; GO:0045600; GO:0045725; GO:0045737; GO:0045746; GO:0045861; GO:0045944; GO:0046326; GO:0046622; GO:0046777; GO:0046889; GO:0048009; GO:0048266; GO:0048661; GO:0051000; GO:0051091; GO:0051146; GO:0051247; GO:0060079; GO:0060416; GO:0060644; GO:0060716; GO:0070141; GO:0070848; GO:0071356; GO:0071364; GO:0071380; GO:0071889; GO:0071901; GO:0072354; GO:0072371; GO:0072518; GO:0072655; GO:0072656; GO:0072752; GO:0090201; GO:0097011; GO:0097194; GO:0098794; GO:0098978; GO:0099104; GO:0099175; GO:0106310; GO:0110002; GO:0140052; GO:0140823; GO:0140855; GO:0140857; GO:0150033; GO:0160049; GO:1900087; GO:1900182; GO:1901653; GO:1901796; GO:1902018; GO:1902176; GO:1903038; GO:1903078; GO:1903318; GO:1903898; GO:1904263; GO:1905552; GO:1990090; GO:1990244; GO:1990418; GO:2000010; GO:2000074; GO:2000402; GO:2001240	osteoblast differentiation; maternal placenta development; positive regulation of protein phosphorylation; positive regulation of endothelial cell proliferation; cell migration involved in sprouting angiogenesis; sphingosine-1-phosphate receptor signaling pathway; protein kinase activity; protein serine/threonine kinase activity; 3-phosphoinositide-dependent protein kinase activity; DNA-dependent protein kinase activity; AMP-activated protein kinase activity; eukaryotic translation initiation factor 2alpha kinase activity; ribosomal protein S6 kinase activity; protein serine/threonine/tyrosine kinase activity; protein binding; calmodulin binding; ATP binding; phosphatidylinositol-3,4,5-trisphosphate binding; nucleus; nucleoplasm; cytoplasm; mitochondrial intermembrane space; spindle; cytosol; plasma membrane; cell-cell junction; cell cortex; glycogen biosynthetic process; regulation of glycogen biosynthetic process; glucose metabolic process; chromatin remodeling; regulation of translation; protein phosphorylation; negative regulation of protein kinase activity; protein import into nucleus; nitric oxide biosynthetic process; activation-induced cell death of T cells; inflammatory response; response to oxidative stress; signal transduction; epidermal growth factor receptor signaling pathway; G protein-coupled receptor signaling pathway; cell population proliferation; insulin receptor signaling pathway; apoptotic mitochondrial changes; response to heat; gene expression; negative regulation of autophagy; positive regulation of endothelial cell migration; positive regulation of gene expression; negative regulation of long-chain fatty acid import across plasma membrane; fibroblast migration; positive regulation of fibroblast migration; positive regulation of sodium ion transport; positive regulation of glucose metabolic process; negative regulation of endopeptidase activity; regulation of neuron projection development; microtubule cytoskeleton; membrane; negative regulation of macroautophagy; kinase activity; phosphorylation; protein ubiquitination; peptidyl-serine phosphorylation; peptidyl-threonine phosphorylation; cytokine-mediated signaling pathway; enzyme binding; protein kinase binding; mammalian oogenesis stage; lamellipodium; cell differentiation; nitric-oxide synthase regulator activity; protein serine/threonine kinase inhibitor activity; positive regulation of cell growth; regulation of cell migration; positive regulation of cell migration; T cell costimulation; negative regulation of protein ubiquitination; regulation of myelination; lipopolysaccharide-mediated signaling pathway; TOR signaling; vesicle; negative regulation of fatty acid beta-oxidation; positive regulation of endodeoxyribonuclease activity; negative regulation of protein binding; response to food; peripheral nervous system myelin maintenance; positive regulation of proteasomal ubiquitin-dependent protein catabolic process; cellular response to insulin stimulus; protein-containing complex; positive regulation of peptidyl-serine phosphorylation; response to fluid shear stress; histone H3S10 kinase activity; histone H3T11 kinase activity; histone H3T6 kinase activity; intracellular signal transduction; interleukin-18-mediated signaling pathway; cellular response to vascular endothelial growth factor stimulus; histone H2AXS139 kinase activity; ciliary basal body; cellular response to decreased oxygen levels; glucose homeostasis; identical protein binding; protein homodimerization activity; regulation of apoptotic process; negative regulation of apoptotic process; proteasome-mediated ubiquitin-dependent protein catabolic process; anoikis; phosphatidylinositol-3,4-bisphosphate binding; regulation of mRNA stability; phosphatidylinositol 3-kinase/protein kinase B signal transduction; positive regulation of blood vessel endothelial cell migration; histone H3S28 kinase activity; histone H4S1 kinase activity; histone H2AS1 kinase activity; histone H2BS14 kinase activity; positive regulation of nitric oxide biosynthetic process; positive regulation of fat cell differentiation; positive regulation of glycogen biosynthetic process; positive regulation of cyclin-dependent protein serine/threonine kinase activity; negative regulation of Notch signaling pathway; negative regulation of proteolysis; positive regulation of transcription by RNA polymerase II; positive regulation of D-glucose import; positive regulation of organ growth; protein autophosphorylation; positive regulation of lipid biosynthetic process; insulin-like growth factor receptor signaling pathway; behavioral response to pain; positive regulation of smooth muscle cell proliferation; positive regulation of nitric-oxide synthase activity; positive regulation of DNA-binding transcription factor activity; striated muscle cell differentiation; positive regulation of protein metabolic process; excitatory postsynaptic potential; response to growth hormone; mammary gland epithelial cell differentiation; labyrinthine layer blood vessel development; response to UV-A; response to growth factor; cellular response to tumor necrosis factor; cellular response to epidermal growth factor stimulus; cellular response to prostaglandin E stimulus; 14-3-3 protein binding; negative regulation of protein serine/threonine kinase activity; histone H3T3 kinase activity; histone H2AS121 kinase activity; Rho-dependent protein serine/threonine kinase activity; establishment of protein localization to mitochondrion; maintenance of protein location in mitochondrion; cellular response to rapamycin; negative regulation of release of cytochrome c from mitochondria; cellular response to granulocyte macrophage colony-stimulating factor stimulus; execution phase of apoptosis; postsynapse; glutamatergic synapse; potassium channel activator activity; regulation of postsynapse organization; protein serine kinase activity; regulation of tRNA methylation; cellular response to oxidised low-density lipoprotein particle stimulus; histone H2BS36 kinase activity; histone H3S57 kinase activity; histone H3T45 kinase activity; negative regulation of protein localization to lysosome; negative regulation of cGAS/STING signaling pathway; positive regulation of G1/S transition of mitotic cell cycle; positive regulation of protein localization to nucleus; cellular response to peptide; regulation of signal transduction by p53 class mediator; negative regulation of cilium assembly; negative regulation of oxidative stress-induced intrinsic apoptotic signaling pathway; negative regulation of leukocyte cell-cell adhesion; positive regulation of protein localization to plasma membrane; negative regulation of protein maturation; negative regulation of PERK-mediated unfolded protein response; positive regulation of TORC1 signaling; positive regulation of protein localization to endoplasmic reticulum; cellular response to nerve growth factor stimulus; histone H2AT120 kinase activity; response to insulin-like growth factor stimulus; positive regulation of protein localization to cell surface; regulation of type B pancreatic cell development; negative regulation of lymphocyte migration; negative regulation of extrinsic apoptotic signaling pathway in absence of ligand	0.3184	0.02529	1	0.9545454545454546	1.0	1.0	0.71875	0.75
AKT2	I60_OG000175	P31751	ENSG00000105221	AKT serine/threonine kinase 2	GO:0004674; GO:0004676; GO:0004677; GO:0004679; GO:0004694; GO:0004711; GO:0005515; GO:0005524; GO:0005634; GO:0005654; GO:0005737; GO:0005769; GO:0005829; GO:0005886; GO:0005938; GO:0005978; GO:0006006; GO:0006338; GO:0007165; GO:0008286; GO:0010748; GO:0010907; GO:0030334; GO:0030335; GO:0032000; GO:0032287; GO:0032587; GO:0032869; GO:0035175; GO:0035402; GO:0035403; GO:0035556; GO:0035979; GO:0036211; GO:0043231; GO:0044022; GO:0044023; GO:0044024; GO:0044025; GO:0045444; GO:0045725; GO:0046326; GO:0046872; GO:0050821; GO:0051726; GO:0060644; GO:0071486; GO:0072354; GO:0072371; GO:0072518; GO:0072659; GO:0090314; GO:0097473; GO:0106310; GO:0140677; GO:0140823; GO:0140855; GO:0140857; GO:1903676; GO:1903898; GO:1990244; GO:2000147	protein serine/threonine kinase activity; 3-phosphoinositide-dependent protein kinase activity; DNA-dependent protein kinase activity; AMP-activated protein kinase activity; eukaryotic translation initiation factor 2alpha kinase activity; ribosomal protein S6 kinase activity; protein binding; ATP binding; nucleus; nucleoplasm; cytoplasm; early endosome; cytosol; plasma membrane; cell cortex; glycogen biosynthetic process; glucose metabolic process; chromatin remodeling; signal transduction; insulin receptor signaling pathway; negative regulation of long-chain fatty acid import across plasma membrane; positive regulation of glucose metabolic process; regulation of cell migration; positive regulation of cell migration; positive regulation of fatty acid beta-oxidation; peripheral nervous system myelin maintenance; ruffle membrane; cellular response to insulin stimulus; histone H3S10 kinase activity; histone H3T11 kinase activity; histone H3T6 kinase activity; intracellular signal transduction; histone H2AXS139 kinase activity; protein modification process; intracellular membrane-bounded organelle; histone H3S28 kinase activity; histone H4S1 kinase activity; histone H2AS1 kinase activity; histone H2BS14 kinase activity; fat cell differentiation; positive regulation of glycogen biosynthetic process; positive regulation of D-glucose import; metal ion binding; protein stabilization; regulation of cell cycle; mammary gland epithelial cell differentiation; cellular response to high light intensity; histone H3T3 kinase activity; histone H2AS121 kinase activity; Rho-dependent protein serine/threonine kinase activity; protein localization to plasma membrane; positive regulation of protein targeting to membrane; retinal rod cell apoptotic process; protein serine kinase activity; molecular function activator activity; histone H2BS36 kinase activity; histone H3S57 kinase activity; histone H3T45 kinase activity; positive regulation of cap-dependent translational initiation; negative regulation of PERK-mediated unfolded protein response; histone H2AT120 kinase activity; positive regulation of cell motility	0.3184	0.02529	1	0.9545454545454546	1.0	1.0	0.71875	0.75
AKT3	I60_OG000175	Q9Y243	ENSG00000117020	AKT serine/threonine kinase 3	GO:0000002; GO:0001938; GO:0004672; GO:0004674; GO:0004676; GO:0004677; GO:0004679; GO:0004694; GO:0004711; GO:0005515; GO:0005524; GO:0005654; GO:0005737; GO:0006338; GO:0006468; GO:0007165; GO:0016020; GO:0032008; GO:0035175; GO:0035402; GO:0035403; GO:0035556; GO:0035979; GO:0043536; GO:0044022; GO:0044023; GO:0044024; GO:0044025; GO:0045766; GO:0045793; GO:0048854; GO:0048873; GO:0072354; GO:0072371; GO:0072518; GO:0090050; GO:0106310; GO:0140823; GO:0140855; GO:0140857; GO:1903898; GO:1905564; GO:1905653; GO:1990244; GO:2000773	mitochondrial genome maintenance; positive regulation of endothelial cell proliferation; protein kinase activity; protein serine/threonine kinase activity; 3-phosphoinositide-dependent protein kinase activity; DNA-dependent protein kinase activity; AMP-activated protein kinase activity; eukaryotic translation initiation factor 2alpha kinase activity; ribosomal protein S6 kinase activity; protein binding; ATP binding; nucleoplasm; cytoplasm; chromatin remodeling; protein phosphorylation; signal transduction; membrane; positive regulation of TOR signaling; histone H3S10 kinase activity; histone H3T11 kinase activity; histone H3T6 kinase activity; intracellular signal transduction; histone H2AXS139 kinase activity; positive regulation of blood vessel endothelial cell migration; histone H3S28 kinase activity; histone H4S1 kinase activity; histone H2AS1 kinase activity; histone H2BS14 kinase activity; positive regulation of angiogenesis; positive regulation of cell size; brain morphogenesis; homeostasis of number of cells within a tissue; histone H3T3 kinase activity; histone H2AS121 kinase activity; Rho-dependent protein serine/threonine kinase activity; positive regulation of cell migration involved in sprouting angiogenesis; protein serine kinase activity; histone H2BS36 kinase activity; histone H3S57 kinase activity; histone H3T45 kinase activity; negative regulation of PERK-mediated unfolded protein response; positive regulation of vascular endothelial cell proliferation; positive regulation of artery morphogenesis; histone H2AT120 kinase activity; negative regulation of cellular senescence	0.3184	0.02529	1	0.9545454545454546	1.0	1.0	0.71875	0.75
AKT3	I60_OG000175	Q9Y243	ENSG00000275199	AKT serine/threonine kinase 3	GO:0000002; GO:0001938; GO:0004672; GO:0004674; GO:0004676; GO:0004677; GO:0004679; GO:0004694; GO:0004711; GO:0005515; GO:0005524; GO:0005654; GO:0005737; GO:0006338; GO:0006468; GO:0007165; GO:0016020; GO:0032008; GO:0035175; GO:0035402; GO:0035403; GO:0035556; GO:0035979; GO:0043536; GO:0044022; GO:0044023; GO:0044024; GO:0044025; GO:0045766; GO:0045793; GO:0048854; GO:0048873; GO:0072354; GO:0072371; GO:0072518; GO:0090050; GO:0106310; GO:0140823; GO:0140855; GO:0140857; GO:1903898; GO:1905564; GO:1905653; GO:1990244; GO:2000773	mitochondrial genome maintenance; positive regulation of endothelial cell proliferation; protein kinase activity; protein serine/threonine kinase activity; 3-phosphoinositide-dependent protein kinase activity; DNA-dependent protein kinase activity; AMP-activated protein kinase activity; eukaryotic translation initiation factor 2alpha kinase activity; ribosomal protein S6 kinase activity; protein binding; ATP binding; nucleoplasm; cytoplasm; chromatin remodeling; protein phosphorylation; signal transduction; membrane; positive regulation of TOR signaling; histone H3S10 kinase activity; histone H3T11 kinase activity; histone H3T6 kinase activity; intracellular signal transduction; histone H2AXS139 kinase activity; positive regulation of blood vessel endothelial cell migration; histone H3S28 kinase activity; histone H4S1 kinase activity; histone H2AS1 kinase activity; histone H2BS14 kinase activity; positive regulation of angiogenesis; positive regulation of cell size; brain morphogenesis; homeostasis of number of cells within a tissue; histone H3T3 kinase activity; histone H2AS121 kinase activity; Rho-dependent protein serine/threonine kinase activity; positive regulation of cell migration involved in sprouting angiogenesis; protein serine kinase activity; histone H2BS36 kinase activity; histone H3S57 kinase activity; histone H3T45 kinase activity; negative regulation of PERK-mediated unfolded protein response; positive regulation of vascular endothelial cell proliferation; positive regulation of artery morphogenesis; histone H2AT120 kinase activity; negative regulation of cellular senescence	0.3184	0.02529	1	0.9545454545454546	1.0	1.0	0.71875	0.75
ALCAM	I14_OG003095	Q13740	ENSG00000170017	activated leukocyte cell adhesion molecule	GO:0001772; GO:0002250; GO:0005102; GO:0005515; GO:0005886; GO:0005925; GO:0007155; GO:0007157; GO:0007165; GO:0008045; GO:0009897; GO:0030424; GO:0030425; GO:0031290; GO:0042101; GO:0042802; GO:0043025; GO:0048846; GO:0070062; GO:1990138	immunological synapse; adaptive immune response; signaling receptor binding; protein binding; plasma membrane; focal adhesion; cell adhesion; heterophilic cell-cell adhesion via plasma membrane cell adhesion molecules; signal transduction; motor neuron axon guidance; external side of plasma membrane; axon; dendrite; retinal ganglion cell axon guidance; T cell receptor complex; identical protein binding; neuronal cell body; axon extension involved in axon guidance; extracellular exosome; neuron projection extension	0.4084	0.02876	0	0.22727272727272727	0.2727272727272727	0.0	0.0	0.0
ALDH16A1	I60_OG000056	Q8IZ83	ENSG00000161618	aldehyde dehydrogenase 16 family member A1	GO:0004029; GO:0005515; GO:0016020; GO:0016620	aldehyde dehydrogenase (NAD+) activity; protein binding; membrane; oxidoreductase activity, acting on the aldehyde or oxo group of donors, NAD or NADP as acceptor	0.3953	0.00023	1	1.0	1.0	1.0	0.6875	0.6875
ALDH1A1	I60_OG000056	P00352	ENSG00000165092	aldehyde dehydrogenase 1 family member A1	GO:0001523; GO:0001758; GO:0004029; GO:0005096; GO:0005497; GO:0005515; GO:0005737; GO:0005829; GO:0006081; GO:0009449; GO:0018479; GO:0019145; GO:0030392; GO:0030424; GO:0036438; GO:0042572; GO:0045202; GO:0051287; GO:0070062; GO:0106373; GO:0110095; GO:0120163	retinoid metabolic process; retinal dehydrogenase activity; aldehyde dehydrogenase (NAD+) activity; GTPase activator activity; androgen binding; protein binding; cytoplasm; cytosol; aldehyde metabolic process; gamma-aminobutyric acid biosynthetic process; benzaldehyde dehydrogenase (NAD+) activity; aminobutyraldehyde dehydrogenase (NAD+) activity; fructosamine catabolic process; axon; maintenance of lens transparency; retinol metabolic process; synapse; NAD binding; extracellular exosome; 3-deoxyglucosone dehydrogenase activity; cellular detoxification of aldehyde; negative regulation of cold-induced thermogenesis	0.3953	0.00023	1	1.0	1.0	1.0	0.6875	0.6875
ALDH1A2	I60_OG000056	O94788	ENSG00000128918	aldehyde dehydrogenase 1 family member A2	GO:0001568; GO:0001758; GO:0001822; GO:0001889; GO:0002138; GO:0003007; GO:0004028; GO:0004029; GO:0005737; GO:0005829; GO:0006776; GO:0007494; GO:0008283; GO:0008284; GO:0008285; GO:0009855; GO:0009952; GO:0009954; GO:0010628; GO:0014032; GO:0016331; GO:0016918; GO:0021915; GO:0021983; GO:0030182; GO:0030324; GO:0030902; GO:0031016; GO:0031076; GO:0032355; GO:0032526; GO:0033189; GO:0034097; GO:0035115; GO:0035799; GO:0042572; GO:0042573; GO:0042574; GO:0042904; GO:0043065; GO:0048384; GO:0048471; GO:0048566; GO:0048738; GO:0051289; GO:0060324; GO:0071300; GO:1905562	blood vessel development; retinal dehydrogenase activity; kidney development; liver development; retinoic acid biosynthetic process; heart morphogenesis; 3-chloroallyl aldehyde dehydrogenase activity; aldehyde dehydrogenase (NAD+) activity; cytoplasm; cytosol; vitamin A metabolic process; midgut development; cell population proliferation; positive regulation of cell population proliferation; negative regulation of cell population proliferation; determination of bilateral symmetry; anterior/posterior pattern specification; proximal/distal pattern formation; positive regulation of gene expression; neural crest cell development; morphogenesis of embryonic epithelium; retinal binding; neural tube development; pituitary gland development; neuron differentiation; lung development; hindbrain development; pancreas development; embryonic camera-type eye development; response to estradiol; response to retinoic acid; response to vitamin A; response to cytokine; embryonic forelimb morphogenesis; ureter maturation; retinol metabolic process; retinoic acid metabolic process; retinal metabolic process; 9-cis-retinoic acid biosynthetic process; positive regulation of apoptotic process; retinoic acid receptor signaling pathway; perinuclear region of cytoplasm; embryonic digestive tract development; cardiac muscle tissue development; protein homotetramerization; face development; cellular response to retinoic acid; regulation of vascular endothelial cell proliferation	0.3953	0.00023	1	1.0	1.0	1.0	0.6875	0.6875
ALDH1A3	I60_OG000056	P47895	ENSG00000184254	aldehyde dehydrogenase 1 family member A3	GO:0001758; GO:0002072; GO:0002138; GO:0004029; GO:0004030; GO:0005737; GO:0005829; GO:0006915; GO:0007626; GO:0021768; GO:0031076; GO:0042472; GO:0042572; GO:0042573; GO:0042574; GO:0042803; GO:0043065; GO:0048048; GO:0050885; GO:0051289; GO:0060013; GO:0060166; GO:0060324; GO:0070062; GO:0070324; GO:0070384; GO:0070403	retinal dehydrogenase activity; optic cup morphogenesis involved in camera-type eye development; retinoic acid biosynthetic process; aldehyde dehydrogenase (NAD+) activity; aldehyde dehydrogenase [NAD(P)+] activity; cytoplasm; cytosol; apoptotic process; locomotory behavior; nucleus accumbens development; embryonic camera-type eye development; inner ear morphogenesis; retinol metabolic process; retinoic acid metabolic process; retinal metabolic process; protein homodimerization activity; positive regulation of apoptotic process; embryonic eye morphogenesis; neuromuscular process controlling balance; protein homotetramerization; righting reflex; olfactory pit development; face development; extracellular exosome; thyroid hormone binding; Harderian gland development; NAD+ binding	0.3953	0.00023	1	1.0	1.0	1.0	0.6875	0.6875
ALDH1B1	I60_OG000056	P30837	ENSG00000137124	aldehyde dehydrogenase 1 family member B1	GO:0004029; GO:0005654; GO:0005739; GO:0005759; GO:0005829; GO:0005975; GO:0006068; GO:0051287	aldehyde dehydrogenase (NAD+) activity; nucleoplasm; mitochondrion; mitochondrial matrix; cytosol; carbohydrate metabolic process; ethanol catabolic process; NAD binding	0.3953	0.00023	1	1.0	1.0	1.0	0.6875	0.6875
ALDH1L1	I60_OG000056	O75891	ENSG00000144908	aldehyde dehydrogenase 1 family member L1	GO:0004029; GO:0005515; GO:0005739; GO:0005829; GO:0006730; GO:0006740; GO:0009058; GO:0009258; GO:0016155; GO:0070062	aldehyde dehydrogenase (NAD+) activity; protein binding; mitochondrion; cytosol; one-carbon metabolic process; NADPH regeneration; biosynthetic process; 10-formyltetrahydrofolate catabolic process; formyltetrahydrofolate dehydrogenase activity; extracellular exosome	0.3953	0.00023	1	1.0	1.0	1.0	0.6875	0.6875
ALDH1L2	I60_OG000056	Q3SY69	ENSG00000136010	aldehyde dehydrogenase 1 family member L2	GO:0004029; GO:0005515; GO:0005654; GO:0005739; GO:0005759; GO:0006635; GO:0006730; GO:0006740; GO:0009058; GO:0009258; GO:0016155; GO:0046655; GO:0070062	aldehyde dehydrogenase (NAD+) activity; protein binding; nucleoplasm; mitochondrion; mitochondrial matrix; fatty acid beta-oxidation; one-carbon metabolic process; NADPH regeneration; biosynthetic process; 10-formyltetrahydrofolate catabolic process; formyltetrahydrofolate dehydrogenase activity; folic acid metabolic process; extracellular exosome	0.3953	0.00023	1	1.0	1.0	1.0	0.6875	0.6875
ALDH2	I60_OG000056	P05091	ENSG00000111275	aldehyde dehydrogenase 2 family member	GO:0004029; GO:0004030; GO:0005739; GO:0005759; GO:0005975; GO:0006066; GO:0006068; GO:0008957; GO:0009055; GO:0018937; GO:0046185; GO:0051287; GO:0070062; GO:0106435; GO:1903179; GO:1905627	aldehyde dehydrogenase (NAD+) activity; aldehyde dehydrogenase [NAD(P)+] activity; mitochondrion; mitochondrial matrix; carbohydrate metabolic process; alcohol metabolic process; ethanol catabolic process; phenylacetaldehyde dehydrogenase (NAD+) activity; electron transfer activity; nitroglycerin metabolic process; aldehyde catabolic process; NAD binding; extracellular exosome; carboxylesterase activity; regulation of dopamine biosynthetic process; regulation of serotonin biosynthetic process	0.3953	0.00023	1	1.0	1.0	1.0	0.6875	0.6875
ALDH8A1	I60_OG000056	Q9H2A2	ENSG00000118514	aldehyde dehydrogenase 8 family member A1	GO:0001758; GO:0005829; GO:0042573; GO:0042574; GO:0042904; GO:0047102; GO:0070062; GO:0097053	retinal dehydrogenase activity; cytosol; retinoic acid metabolic process; retinal metabolic process; 9-cis-retinoic acid biosynthetic process; aminomuconate-semialdehyde dehydrogenase activity; extracellular exosome; L-kynurenine catabolic process	0.3953	0.00023	1	1.0	1.0	1.0	0.6875	0.6875
ALOX12	I14_OG000557	P18054	ENSG00000108839	arachidonate 12-lipoxygenase, 12S type	GO:0004052; GO:0005506; GO:0005515; GO:0005737; GO:0005829; GO:0006629; GO:0010656; GO:0016020; GO:0016165; GO:0019369; GO:0019372; GO:0019395; GO:0033559; GO:0034440; GO:0042383; GO:0042554; GO:0043651; GO:0047977; GO:0050473; GO:0051122; GO:0061436; GO:0070062; GO:0090331; GO:1901751; GO:2001303; GO:2001306	arachidonate 12(S)-lipoxygenase activity; iron ion binding; protein binding; cytoplasm; cytosol; lipid metabolic process; negative regulation of muscle cell apoptotic process; membrane; linoleate 13S-lipoxygenase activity; arachidonate metabolic process; lipoxygenase pathway; fatty acid oxidation; unsaturated fatty acid metabolic process; lipid oxidation; sarcolemma; superoxide anion generation; linoleic acid metabolic process; hepoxilin-epoxide hydrolase activity; arachidonate 15-lipoxygenase activity; hepoxilin biosynthetic process; establishment of skin barrier; extracellular exosome; negative regulation of platelet aggregation; leukotriene A4 metabolic process; lipoxin A4 biosynthetic process; lipoxin B4 biosynthetic process	0.5849	0	1.0	0.6818181818181818	0.7272727272727273	0.0	0.125	0.125
ALOX12B	I14_OG000557	O75342	ENSG00000179477	arachidonate 12-lipoxygenase, 12R type	GO:0004052; GO:0005506; GO:0005829; GO:0006497; GO:0006665; GO:0010628; GO:0016020; GO:0016702; GO:0016829; GO:0016853; GO:0019369; GO:0019372; GO:0034440; GO:0043231; GO:0043410; GO:0043651; GO:0046513; GO:0047677; GO:0048471; GO:0051122; GO:0061436; GO:0070257; GO:0106237; GO:1990136	arachidonate 12(S)-lipoxygenase activity; iron ion binding; cytosol; protein lipidation; sphingolipid metabolic process; positive regulation of gene expression; membrane; oxidoreductase activity, acting on single donors with incorporation of molecular oxygen, incorporation of two atoms of oxygen; lyase activity; isomerase activity; arachidonate metabolic process; lipoxygenase pathway; lipid oxidation; intracellular membrane-bounded organelle; positive regulation of MAPK cascade; linoleic acid metabolic process; ceramide biosynthetic process; arachidonate 8(R)-lipoxygenase activity; perinuclear region of cytoplasm; hepoxilin biosynthetic process; establishment of skin barrier; positive regulation of mucus secretion; arachidonate 12(R)-lipoxygenase activity; linoleate 9S-lipoxygenase activity	0.5849	0	1.0	0.6818181818181818	0.7272727272727273	0.0	0.125	0.125
ALOX15	I14_OG000557	P16050	ENSG00000161905	arachidonate 15-lipoxygenase	GO:0001503; GO:0002820; GO:0004052; GO:0005506; GO:0005515; GO:0005546; GO:0005811; GO:0005829; GO:0005886; GO:0006629; GO:0006646; GO:0006954; GO:0009898; GO:0010811; GO:0016020; GO:0016165; GO:0019369; GO:0019372; GO:0019395; GO:0030282; GO:0030838; GO:0034440; GO:0034976; GO:0035358; GO:0035963; GO:0042060; GO:0042759; GO:0043277; GO:0043651; GO:0050473; GO:0050727; GO:0051122; GO:0070374; GO:0071277; GO:1901074; GO:2001303	ossification; negative regulation of adaptive immune response; arachidonate 12(S)-lipoxygenase activity; iron ion binding; protein binding; phosphatidylinositol-4,5-bisphosphate binding; lipid droplet; cytosol; plasma membrane; lipid metabolic process; phosphatidylethanolamine biosynthetic process; inflammatory response; cytoplasmic side of plasma membrane; positive regulation of cell-substrate adhesion; membrane; linoleate 13S-lipoxygenase activity; arachidonate metabolic process; lipoxygenase pathway; fatty acid oxidation; bone mineralization; positive regulation of actin filament polymerization; lipid oxidation; response to endoplasmic reticulum stress; regulation of peroxisome proliferator activated receptor signaling pathway; cellular response to interleukin-13; wound healing; long-chain fatty acid biosynthetic process; apoptotic cell clearance; linoleic acid metabolic process; arachidonate 15-lipoxygenase activity; regulation of inflammatory response; hepoxilin biosynthetic process; positive regulation of ERK1 and ERK2 cascade; cellular response to calcium ion; regulation of engulfment of apoptotic cell; lipoxin A4 biosynthetic process	0.5849	0	1.0	0.6818181818181818	0.7272727272727273	0.0	0.125	0.125
ALOX15B	I14_OG000557	O15296	ENSG00000179593	arachidonate 15-lipoxygenase type B	GO:0005506; GO:0005509; GO:0005515; GO:0005634; GO:0005829; GO:0005856; GO:0005886; GO:0005912; GO:0005925; GO:0006629; GO:0006644; GO:0006915; GO:0008285; GO:0008289; GO:0010744; GO:0016020; GO:0016165; GO:0019369; GO:0019372; GO:0030336; GO:0030850; GO:0030856; GO:0032722; GO:0034440; GO:0035360; GO:0036403; GO:0043651; GO:0045618; GO:0045786; GO:0045926; GO:0050473; GO:0051122; GO:0070062; GO:0071926; GO:1901696; GO:1990136; GO:2001303	iron ion binding; calcium ion binding; protein binding; nucleus; cytosol; cytoskeleton; plasma membrane; adherens junction; focal adhesion; lipid metabolic process; phospholipid metabolic process; apoptotic process; negative regulation of cell population proliferation; lipid binding; positive regulation of macrophage derived foam cell differentiation; membrane; linoleate 13S-lipoxygenase activity; arachidonate metabolic process; lipoxygenase pathway; negative regulation of cell migration; prostate gland development; regulation of epithelial cell differentiation; positive regulation of chemokine production; lipid oxidation; positive regulation of peroxisome proliferator activated receptor signaling pathway; arachidonate 8(S)-lipoxygenase activity; linoleic acid metabolic process; positive regulation of keratinocyte differentiation; negative regulation of cell cycle; negative regulation of growth; arachidonate 15-lipoxygenase activity; hepoxilin biosynthetic process; extracellular exosome; endocannabinoid signaling pathway; cannabinoid biosynthetic process; linoleate 9S-lipoxygenase activity; lipoxin A4 biosynthetic process	0.5849	0	1.0	0.6818181818181818	0.7272727272727273	0.0	0.125	0.125
ALOX5	I14_OG000557	P09917	ENSG00000012779	arachidonate 5-lipoxygenase	GO:0001937; GO:0002232; GO:0002523; GO:0002540; GO:0004051; GO:0004052; GO:0005506; GO:0005515; GO:0005576; GO:0005615; GO:0005635; GO:0005641; GO:0005654; GO:0005829; GO:0006691; GO:0006959; GO:0016363; GO:0016525; GO:0016787; GO:0019369; GO:0019370; GO:0019372; GO:0030501; GO:0031965; GO:0034440; GO:0034774; GO:0036336; GO:0036403; GO:0042593; GO:0042759; GO:0045598; GO:0048471; GO:0050727; GO:0050728; GO:0050796; GO:0061044; GO:0061045; GO:0106014; GO:1900015; GO:1900407; GO:1901753; GO:1903426; GO:1903573; GO:1903671; GO:1904813; GO:1904999; GO:2001301	negative regulation of endothelial cell proliferation; leukocyte chemotaxis involved in inflammatory response; leukocyte migration involved in inflammatory response; leukotriene production involved in inflammatory response; arachidonate 5-lipoxygenase activity; arachidonate 12(S)-lipoxygenase activity; iron ion binding; protein binding; extracellular region; extracellular space; nuclear envelope; nuclear envelope lumen; nucleoplasm; cytosol; leukotriene metabolic process; humoral immune response; nuclear matrix; negative regulation of angiogenesis; hydrolase activity; arachidonate metabolic process; leukotriene biosynthetic process; lipoxygenase pathway; positive regulation of bone mineralization; nuclear membrane; lipid oxidation; secretory granule lumen; dendritic cell migration; arachidonate 8(S)-lipoxygenase activity; glucose homeostasis; long-chain fatty acid biosynthetic process; regulation of fat cell differentiation; perinuclear region of cytoplasm; regulation of inflammatory response; negative regulation of inflammatory response; regulation of insulin secretion; negative regulation of vascular wound healing; negative regulation of wound healing; regulation of inflammatory response to wounding; regulation of cytokine production involved in inflammatory response; regulation of cellular response to oxidative stress; leukotriene A4 biosynthetic process; regulation of reactive oxygen species biosynthetic process; negative regulation of response to endoplasmic reticulum stress; negative regulation of sprouting angiogenesis; ficolin-1-rich granule lumen; positive regulation of leukocyte adhesion to arterial endothelial cell; lipoxin biosynthetic process	0.5849	0	1.0	0.6818181818181818	0.7272727272727273	0.0	0.125	0.125
ALOX5	I14_OG000557	P09917	ENSG00000275565	arachidonate 5-lipoxygenase	GO:0001937; GO:0002232; GO:0002523; GO:0002540; GO:0004051; GO:0004052; GO:0005506; GO:0005515; GO:0005576; GO:0005615; GO:0005635; GO:0005641; GO:0005654; GO:0005829; GO:0006691; GO:0006959; GO:0016363; GO:0016525; GO:0016787; GO:0019369; GO:0019370; GO:0019372; GO:0030501; GO:0031965; GO:0034440; GO:0034774; GO:0036336; GO:0036403; GO:0042593; GO:0042759; GO:0045598; GO:0048471; GO:0050727; GO:0050728; GO:0050796; GO:0061044; GO:0061045; GO:0106014; GO:1900015; GO:1900407; GO:1901753; GO:1903426; GO:1903573; GO:1903671; GO:1904813; GO:1904999; GO:2001301	negative regulation of endothelial cell proliferation; leukocyte chemotaxis involved in inflammatory response; leukocyte migration involved in inflammatory response; leukotriene production involved in inflammatory response; arachidonate 5-lipoxygenase activity; arachidonate 12(S)-lipoxygenase activity; iron ion binding; protein binding; extracellular region; extracellular space; nuclear envelope; nuclear envelope lumen; nucleoplasm; cytosol; leukotriene metabolic process; humoral immune response; nuclear matrix; negative regulation of angiogenesis; hydrolase activity; arachidonate metabolic process; leukotriene biosynthetic process; lipoxygenase pathway; positive regulation of bone mineralization; nuclear membrane; lipid oxidation; secretory granule lumen; dendritic cell migration; arachidonate 8(S)-lipoxygenase activity; glucose homeostasis; long-chain fatty acid biosynthetic process; regulation of fat cell differentiation; perinuclear region of cytoplasm; regulation of inflammatory response; negative regulation of inflammatory response; regulation of insulin secretion; negative regulation of vascular wound healing; negative regulation of wound healing; regulation of inflammatory response to wounding; regulation of cytokine production involved in inflammatory response; regulation of cellular response to oxidative stress; leukotriene A4 biosynthetic process; regulation of reactive oxygen species biosynthetic process; negative regulation of response to endoplasmic reticulum stress; negative regulation of sprouting angiogenesis; ficolin-1-rich granule lumen; positive regulation of leukocyte adhesion to arterial endothelial cell; lipoxin biosynthetic process	0.5849	0	1.0	0.6818181818181818	0.7272727272727273	0.0	0.125	0.125
ALOXE3	I14_OG000557	Q9BYJ1	ENSG00000179148	arachidonate epidermal lipoxygenase 3	GO:0005506; GO:0005515; GO:0005829; GO:0006665; GO:0016020; GO:0016702; GO:0019233; GO:0019369; GO:0019372; GO:0034440; GO:0035357; GO:0043651; GO:0045444; GO:0046513; GO:0050486; GO:0051120; GO:0051122; GO:0061436; GO:0106255; GO:0106256	iron ion binding; protein binding; cytosol; sphingolipid metabolic process; membrane; oxidoreductase activity, acting on single donors with incorporation of molecular oxygen, incorporation of two atoms of oxygen; sensory perception of pain; arachidonate metabolic process; lipoxygenase pathway; lipid oxidation; peroxisome proliferator activated receptor signaling pathway; linoleic acid metabolic process; fat cell differentiation; ceramide biosynthetic process; intramolecular hydroxytransferase activity; hepoxilin A3 synthase activity; hepoxilin biosynthetic process; establishment of skin barrier; hydroperoxy icosatetraenoate isomerase activity; hydroperoxy icosatetraenoate dehydratase activity	0.5849	0	1.0	0.6818181818181818	0.7272727272727273	0.0	0.125	0.125
AMN1	I14_OG009604	Q8IY45	ENSG00000151743	antagonist of mitotic exit network 1 homolog	GO:0019005; GO:0031146; GO:0031528	SCF ubiquitin ligase complex; SCF-dependent proteasomal ubiquitin-dependent protein catabolic process; microvillus membrane	0.4798	0	1	0.9090909090909091	0.9090909090909091	0.0	0.4375	0.4375
ANKAR	I14_OG008209	Q7Z5J8	ENSG00000151687	ankyrin and armadillo repeat containing	GO:0016020	membrane	0.5935	0.00213	1	0.5909090909090909	0.6363636363636364	0.0	0.0625	0.0625
ANO1	I20_OG000536	Q5XXA6	ENSG00000131620	anoctamin 1	GO:0005102; GO:0005227; GO:0005229; GO:0005247; GO:0005254; GO:0005515; GO:0005654; GO:0005886; GO:0006821; GO:0007200; GO:0015111; GO:0015705; GO:0016324; GO:0034220; GO:0034605; GO:0034707; GO:0035774; GO:0042802; GO:0042803; GO:0042995; GO:0046872; GO:0050965; GO:0070062; GO:0070254; GO:0072657; GO:0098655; GO:0098793; GO:0106091; GO:1901653; GO:1902476	signaling receptor binding; calcium-activated cation channel activity; intracellularly calcium-gated chloride channel activity; voltage-gated chloride channel activity; chloride channel activity; protein binding; nucleoplasm; plasma membrane; chloride transport; phospholipase C-activating G protein-coupled receptor signaling pathway; iodide transmembrane transporter activity; iodide transport; apical plasma membrane; monoatomic ion transmembrane transport; cellular response to heat; chloride channel complex; positive regulation of insulin secretion involved in cellular response to glucose stimulus; identical protein binding; protein homodimerization activity; cell projection; metal ion binding; detection of temperature stimulus involved in sensory perception of pain; extracellular exosome; mucus secretion; protein localization to membrane; monoatomic cation transmembrane transport; presynapse; glial cell projection elongation; cellular response to peptide; chloride transmembrane transport	0.3887	0.00074	1	0.9545454545454546	1.0	1.0	0.625	0.625
ANO10	I20_OG000536	Q9NW15	ENSG00000160746	anoctamin 10	GO:0005227; GO:0005229; GO:0005254; GO:0005886; GO:0016020; GO:0034220; GO:0043231; GO:0098655; GO:1902476	calcium-activated cation channel activity; intracellularly calcium-gated chloride channel activity; chloride channel activity; plasma membrane; membrane; monoatomic ion transmembrane transport; intracellular membrane-bounded organelle; monoatomic cation transmembrane transport; chloride transmembrane transport	0.3887	0.00074	1	0.9545454545454546	1.0	1.0	0.625	0.625
ANO2	I20_OG000536	Q9NQ90	ENSG00000047617	anoctamin 2	GO:0005229; GO:0005254; GO:0005515; GO:0005654; GO:0005886; GO:0034220; GO:0034707; GO:0046983; GO:1902476	intracellularly calcium-gated chloride channel activity; chloride channel activity; protein binding; nucleoplasm; plasma membrane; monoatomic ion transmembrane transport; chloride channel complex; protein dimerization activity; chloride transmembrane transport	0.3887	0.00074	1	0.9545454545454546	1.0	1.0	0.625	0.625
ANO3	I20_OG000536	Q9BYT9	ENSG00000134343	anoctamin 3	GO:0005254; GO:0005886; GO:0016048; GO:0017128; GO:0034220; GO:0046983; GO:0050982; GO:0051649; GO:0061590; GO:0061591; GO:1902476	chloride channel activity; plasma membrane; detection of temperature stimulus; phospholipid scramblase activity; monoatomic ion transmembrane transport; protein dimerization activity; detection of mechanical stimulus; establishment of localization in cell; calcium activated phosphatidylcholine scrambling; calcium activated galactosylceramide scrambling; chloride transmembrane transport	0.3887	0.00074	1	0.9545454545454546	1.0	1.0	0.625	0.625
ANO4	I20_OG000536	Q32M45	ENSG00000151572	anoctamin 4	GO:0005229; GO:0005254; GO:0005886; GO:0017128; GO:0034220; GO:0046983; GO:0051649; GO:0061589; GO:0061590; GO:0061591; GO:1902476	intracellularly calcium-gated chloride channel activity; chloride channel activity; plasma membrane; phospholipid scramblase activity; monoatomic ion transmembrane transport; protein dimerization activity; establishment of localization in cell; calcium activated phosphatidylserine scrambling; calcium activated phosphatidylcholine scrambling; calcium activated galactosylceramide scrambling; chloride transmembrane transport	0.3887	0.00074	1	0.9545454545454546	1.0	1.0	0.625	0.625
ANO4	I20_OG000536	Q32M45	ENSG00000262139	anoctamin 4	GO:0005229; GO:0005254; GO:0005886; GO:0017128; GO:0034220; GO:0046983; GO:0051649; GO:0061589; GO:0061590; GO:0061591; GO:1902476	intracellularly calcium-gated chloride channel activity; chloride channel activity; plasma membrane; phospholipid scramblase activity; monoatomic ion transmembrane transport; protein dimerization activity; establishment of localization in cell; calcium activated phosphatidylserine scrambling; calcium activated phosphatidylcholine scrambling; calcium activated galactosylceramide scrambling; chloride transmembrane transport	0.3887	0.00074	1	0.9545454545454546	1.0	1.0	0.625	0.625
ANO5	I20_OG000536	Q75V66	ENSG00000171714	anoctamin 5	GO:0001778; GO:0005229; GO:0005254; GO:0005789; GO:0005886; GO:0031982; GO:0034220; GO:0046983; GO:1902476	plasma membrane repair; intracellularly calcium-gated chloride channel activity; chloride channel activity; endoplasmic reticulum membrane; plasma membrane; vesicle; monoatomic ion transmembrane transport; protein dimerization activity; chloride transmembrane transport	0.3887	0.00074	1	0.9545454545454546	1.0	1.0	0.625	0.625
ANO6	I20_OG000536	Q4KMQ2	ENSG00000177119	anoctamin 6	GO:0002543; GO:0005227; GO:0005229; GO:0005244; GO:0005247; GO:0005254; GO:0005515; GO:0005829; GO:0005886; GO:0006821; GO:0007596; GO:0009986; GO:0016020; GO:0017121; GO:0017128; GO:0030501; GO:0032060; GO:0034220; GO:0034707; GO:0034767; GO:0035579; GO:0035590; GO:0035725; GO:0043065; GO:0045794; GO:0046872; GO:0046931; GO:0046983; GO:0060100; GO:0061589; GO:0061590; GO:0070062; GO:0070588; GO:0070821; GO:0090026; GO:0097045; GO:1902476; GO:1903766; GO:2000353	activation of blood coagulation via clotting cascade; calcium-activated cation channel activity; intracellularly calcium-gated chloride channel activity; voltage-gated monoatomic ion channel activity; voltage-gated chloride channel activity; chloride channel activity; protein binding; cytosol; plasma membrane; chloride transport; blood coagulation; cell surface; membrane; plasma membrane phospholipid scrambling; phospholipid scramblase activity; positive regulation of bone mineralization; bleb assembly; monoatomic ion transmembrane transport; chloride channel complex; positive regulation of monoatomic ion transmembrane transport; specific granule membrane; purinergic nucleotide receptor signaling pathway; sodium ion transmembrane transport; positive regulation of apoptotic process; negative regulation of cell volume; metal ion binding; pore complex assembly; protein dimerization activity; positive regulation of phagocytosis, engulfment; calcium activated phosphatidylserine scrambling; calcium activated phosphatidylcholine scrambling; extracellular exosome; calcium ion transmembrane transport; tertiary granule membrane; positive regulation of monocyte chemotaxis; phosphatidylserine exposure on blood platelet; chloride transmembrane transport; positive regulation of potassium ion export across plasma membrane; positive regulation of endothelial cell apoptotic process	0.3887	0.00074	1	0.9545454545454546	1.0	1.0	0.625	0.625
ANO7	I20_OG000536	Q6IWH7	ENSG00000146205	anoctamin 7	GO:0005229; GO:0005254; GO:0005783; GO:0005829; GO:0005886; GO:0034220; GO:0046983; GO:0061588; GO:0070161; GO:1902476	intracellularly calcium-gated chloride channel activity; chloride channel activity; endoplasmic reticulum; cytosol; plasma membrane; monoatomic ion transmembrane transport; protein dimerization activity; calcium activated phospholipid scrambling; anchoring junction; chloride transmembrane transport	0.3887	0.00074	1	0.9545454545454546	1.0	1.0	0.625	0.625
ANO8	I20_OG000536	Q9HCE9	ENSG00000074855	anoctamin 8	GO:0005229; GO:0005254; GO:0005788; GO:0005886; GO:0034220; GO:1902476	intracellularly calcium-gated chloride channel activity; chloride channel activity; endoplasmic reticulum lumen; plasma membrane; monoatomic ion transmembrane transport; chloride transmembrane transport	0.3887	0.00074	1	0.9545454545454546	1.0	1.0	0.625	0.625
ANO9	I20_OG000536	A1A5B4	ENSG00000185101	anoctamin 9	GO:0005229; GO:0005254; GO:0005262; GO:0005515; GO:0005783; GO:0005886; GO:0006629; GO:0007608; GO:0015267; GO:0017128; GO:0019869; GO:0034220; GO:0046983; GO:0051649; GO:0061589; GO:0061590; GO:0061591; GO:0070588; GO:1902476	intracellularly calcium-gated chloride channel activity; chloride channel activity; calcium channel activity; protein binding; endoplasmic reticulum; plasma membrane; lipid metabolic process; sensory perception of smell; channel activity; phospholipid scramblase activity; chloride channel inhibitor activity; monoatomic ion transmembrane transport; protein dimerization activity; establishment of localization in cell; calcium activated phosphatidylserine scrambling; calcium activated phosphatidylcholine scrambling; calcium activated galactosylceramide scrambling; calcium ion transmembrane transport; chloride transmembrane transport	0.3887	0.00074	1	0.9545454545454546	1.0	1.0	0.625	0.625
AOAH	I14_OG001730	P28039	ENSG00000136250	acyloxyacyl hydrolase	GO:0005509; GO:0005515; GO:0005576; GO:0006631; GO:0009104; GO:0031410; GO:0050528; GO:0050728	calcium ion binding; protein binding; extracellular region; fatty acid metabolic process; lipopolysaccharide catabolic process; cytoplasmic vesicle; acyloxyacyl hydrolase activity; negative regulation of inflammatory response	0.3073	0.00963	1.0	0.6818181818181818	0.7272727272727273	0.0	0.375	0.375
AOX1	I14_OG000686	Q06278	ENSG00000138356	aldehyde oxidase 1	GO:0004031; GO:0005506; GO:0005829; GO:0006629; GO:0006805; GO:0042802; GO:0042803; GO:0043546; GO:0050660; GO:0051287; GO:0051537; GO:0070062; GO:0071949	aldehyde oxidase activity; iron ion binding; cytosol; lipid metabolic process; xenobiotic metabolic process; identical protein binding; protein homodimerization activity; molybdopterin cofactor binding; flavin adenine dinucleotide binding; NAD binding; 2 iron, 2 sulfur cluster binding; extracellular exosome; FAD binding	0.4382	0.02746	1.0	0.8181818181818182	0.8181818181818181	0.0	0.375	0.375
APAF1	I14_OG002866	O14727	ENSG00000120868	apoptotic peptidase activating factor 1	GO:0000166; GO:0001666; GO:0001822; GO:0001843; GO:0005515; GO:0005524; GO:0005576; GO:0005634; GO:0005829; GO:0006915; GO:0007399; GO:0007584; GO:0008656; GO:0010659; GO:0030154; GO:0030900; GO:0031072; GO:0032991; GO:0034774; GO:0042802; GO:0042981; GO:0043065; GO:0043293; GO:0043531; GO:0051402; GO:0070059; GO:0070062; GO:0071560; GO:0072432; GO:0097193; GO:1902510; GO:1904813; GO:2001235	nucleotide binding; response to hypoxia; kidney development; neural tube closure; protein binding; ATP binding; extracellular region; nucleus; cytosol; apoptotic process; nervous system development; response to nutrient; cysteine-type endopeptidase activator activity involved in apoptotic process; cardiac muscle cell apoptotic process; cell differentiation; forebrain development; heat shock protein binding; protein-containing complex; secretory granule lumen; identical protein binding; regulation of apoptotic process; positive regulation of apoptotic process; apoptosome; ADP binding; neuron apoptotic process; intrinsic apoptotic signaling pathway in response to endoplasmic reticulum stress; extracellular exosome; cellular response to transforming growth factor beta stimulus; response to G1 DNA damage checkpoint signaling; intrinsic apoptotic signaling pathway; regulation of apoptotic DNA fragmentation; ficolin-1-rich granule lumen; positive regulation of apoptotic signaling pathway	0.4858	0.03577	0	0.3181818181818182	0.36363636363636365	0.0	0.0	0.0
API5	I14_OG006282	Q9BZZ5	ENSG00000166181	apoptosis inhibitor 5	GO:0003723; GO:0005515; GO:0005634; GO:0005681; GO:0005737; GO:0016020; GO:0016607; GO:0017134; GO:0043066; GO:0044346; GO:2000270	RNA binding; protein binding; nucleus; spliceosomal complex; cytoplasm; membrane; nuclear speck; fibroblast growth factor binding; negative regulation of apoptotic process; fibroblast apoptotic process; negative regulation of fibroblast apoptotic process	0.4633	0.01556	0.0	0.45454545454545453	0.4545454545454546	0.0	0.0625	0.0625
APPBP2	I14_OG005087	Q92624	ENSG00000062725	amyloid beta precursor protein binding protein 2	GO:0003777; GO:0005515; GO:0005634; GO:0005654; GO:0005737; GO:0005874; GO:0005875; GO:0006886; GO:0016567; GO:0030659; GO:0031462; GO:0043161; GO:0046907; GO:1990756	microtubule motor activity; protein binding; nucleus; nucleoplasm; cytoplasm; microtubule; microtubule associated complex; intracellular protein transport; protein ubiquitination; cytoplasmic vesicle membrane; Cul2-RING ubiquitin ligase complex; proteasome-mediated ubiquitin-dependent protein catabolic process; intracellular transport; ubiquitin-like ligase-substrate adaptor activity	0.382	0.00822	1.0	0.8636363636363636	0.9090909090909091	0.5	0.5	0.5
AQP8	I60_OG000674	O94778	ENSG00000103375	aquaporin 8	GO:0005515; GO:0005739; GO:0005743; GO:0005790; GO:0005886; GO:0006833; GO:0008519; GO:0015250; GO:0015264; GO:0015265; GO:0015840; GO:0015843; GO:0016323; GO:0016324; GO:0030183; GO:0030868; GO:0031526; GO:0031966; GO:0035377; GO:0045177; GO:0045540; GO:0046691; GO:0071320; GO:0071918; GO:0072488; GO:0072489; GO:0080170; GO:0097708; GO:0140157; GO:1990748	protein binding; mitochondrion; mitochondrial inner membrane; smooth endoplasmic reticulum; plasma membrane; water transport; ammonium channel activity; water channel activity; methylammonium channel activity; urea channel activity; urea transport; methylammonium transport; basolateral plasma membrane; apical plasma membrane; B cell differentiation; smooth endoplasmic reticulum membrane; brush border membrane; mitochondrial membrane; transepithelial water transport; apical part of cell; regulation of cholesterol biosynthetic process; intracellular canaliculus; cellular response to cAMP; urea transmembrane transport; ammonium transmembrane transport; methylammonium transmembrane transport; hydrogen peroxide transmembrane transport; intracellular vesicle; ammonium import across plasma membrane; cellular detoxification	0.516	0.00616	0.5	0.5	0.5454545454545454	0.0	0.0625	0.0625
ARHGEF33	I20_OG000625	A8MVX0	ENSG00000214694	Rho guanine nucleotide exchange factor 33	GO:0005085	guanyl-nucleotide exchange factor activity	0.3202	0.00089	1.0	0.6363636363636364	0.6363636363636364	0.0	0.3125	0.3125
ARHGEF39	I20_OG000625	Q8N4T4	ENSG00000137135	Rho guanine nucleotide exchange factor 39	GO:0005085; GO:0005515; GO:0005886; GO:0030335	guanyl-nucleotide exchange factor activity; protein binding; plasma membrane; positive regulation of cell migration	0.3202	0.00089	1.0	0.6363636363636364	0.6363636363636364	0.0	0.3125	0.3125
ARL13A	I14_OG006435	Q5H913	ENSG00000174225	ARF like GTPase 13A	GO:0003924; GO:0005525; GO:0031514; GO:0060170; GO:0097500; GO:0097730; GO:1905515	GTPase activity; GTP binding; motile cilium; ciliary membrane; receptor localization to non-motile cilium; non-motile cilium; non-motile cilium assembly	0.3864	0.04725	1.0	0.6363636363636364	0.6363636363636364	0.0	0.25	0.25
ARL13B	I14_OG006435	Q3SXY8	ENSG00000169379	ARF like GTPase 13B	GO:0001947; GO:0003924; GO:0005515; GO:0005525; GO:0005829; GO:0005929; GO:0005930; GO:0007224; GO:0009953; GO:0021532; GO:0021830; GO:0021943; GO:0031514; GO:0060170; GO:0060271; GO:0070986; GO:0097500; GO:0097730; GO:1905515	heart looping; GTPase activity; protein binding; GTP binding; cytosol; cilium; axoneme; smoothened signaling pathway; dorsal/ventral pattern formation; neural tube patterning; interneuron migration from the subpallium to the cortex; formation of radial glial scaffolds; motile cilium; ciliary membrane; cilium assembly; left/right axis specification; receptor localization to non-motile cilium; non-motile cilium; non-motile cilium assembly	0.3864	0.04725	1.0	0.6363636363636364	0.6363636363636364	0.0	0.25	0.25
ARMC1	I20_OG001068	Q9NVT9	ENSG00000104442	armadillo repeat containing 1	GO:0005515; GO:0005739; GO:0005741; GO:0005829; GO:0046872; GO:0048312	protein binding; mitochondrion; mitochondrial outer membrane; cytosol; metal ion binding; intracellular distribution of mitochondria	0.533	0.00011	1.0	0.6363636363636364	0.6363636363636364	0.0	0.125	0.125
ASRGL1	I14_OG001109	Q7L266	ENSG00000162174	asparaginase and isoaspartyl peptidase 1	GO:0001917; GO:0004067; GO:0005634; GO:0005737; GO:0005829; GO:0006508; GO:0008798; GO:0033345	photoreceptor inner segment; asparaginase activity; nucleus; cytoplasm; cytosol; proteolysis; beta-aspartyl-peptidase activity; asparagine catabolic process via L-aspartate	0.6145	5e-04	1.0	0.8636363636363636	0.9090909090909091	0.0	0.25	0.25
AXIN1	I14_OG000856	O15169	ENSG00000103126	axin 1	GO:0000209; GO:0001701; GO:0001934; GO:0002039; GO:0005515; GO:0005634; GO:0005730; GO:0005737; GO:0005829; GO:0005886; GO:0005938; GO:0006913; GO:0006915; GO:0007605; GO:0008013; GO:0009950; GO:0010629; GO:0015630; GO:0016328; GO:0019899; GO:0019901; GO:0030511; GO:0030877; GO:0031122; GO:0031398; GO:0031410; GO:0031625; GO:0032147; GO:0032436; GO:0034244; GO:0035591; GO:0036342; GO:0042802; GO:0042803; GO:0043161; GO:0044725; GO:0045599; GO:0045732; GO:0046330; GO:0046332; GO:0048320; GO:0048468; GO:0048471; GO:0051248; GO:0060070; GO:0060090; GO:0060322; GO:0065003; GO:0070016; GO:0070411; GO:0070412; GO:0071944; GO:0090090; GO:0120283; GO:1904885; GO:1990756; GO:1990909; GO:2000060	protein polyubiquitination; in utero embryonic development; positive regulation of protein phosphorylation; p53 binding; protein binding; nucleus; nucleolus; cytoplasm; cytosol; plasma membrane; cell cortex; nucleocytoplasmic transport; apoptotic process; sensory perception of sound; beta-catenin binding; dorsal/ventral axis specification; negative regulation of gene expression; microtubule cytoskeleton; lateral plasma membrane; enzyme binding; protein kinase binding; positive regulation of transforming growth factor beta receptor signaling pathway; beta-catenin destruction complex; cytoplasmic microtubule organization; positive regulation of protein ubiquitination; cytoplasmic vesicle; ubiquitin protein ligase binding; activation of protein kinase activity; positive regulation of proteasomal ubiquitin-dependent protein catabolic process; negative regulation of transcription elongation by RNA polymerase II; signaling adaptor activity; post-anal tail morphogenesis; identical protein binding; protein homodimerization activity; proteasome-mediated ubiquitin-dependent protein catabolic process; epigenetic programming in the zygotic pronuclei; negative regulation of fat cell differentiation; positive regulation of protein catabolic process; positive regulation of JNK cascade; SMAD binding; axial mesoderm formation; cell development; perinuclear region of cytoplasm; negative regulation of protein metabolic process; canonical Wnt signaling pathway; molecular adaptor activity; head development; protein-containing complex assembly; armadillo repeat domain binding; I-SMAD binding; R-SMAD binding; cell periphery; negative regulation of canonical Wnt signaling pathway; protein serine/threonine kinase binding; beta-catenin destruction complex assembly; ubiquitin-like ligase-substrate adaptor activity; Wnt signalosome; positive regulation of ubiquitin-dependent protein catabolic process	0.3351	0.02802	0.0	0.45454545454545453	0.4545454545454546	0.0	0.15625	0.1875
AXIN2	I14_OG000856	Q9Y2T1	ENSG00000168646	axin 2	GO:0001649; GO:0001756; GO:0001934; GO:0001957; GO:0003139; GO:0003180; GO:0003183; GO:0003413; GO:0005515; GO:0005634; GO:0005737; GO:0005813; GO:0005829; GO:0005886; GO:0008013; GO:0008104; GO:0009950; GO:0010718; GO:0019899; GO:0019901; GO:0030282; GO:0030877; GO:0031625; GO:0032423; GO:0032436; GO:0033687; GO:0033689; GO:0042476; GO:0043161; GO:0043570; GO:0045600; GO:0045668; GO:0048255; GO:0048468; GO:0060070; GO:0060090; GO:0061181; GO:0070411; GO:0070602; GO:0071549; GO:0072089; GO:0090090; GO:1903053	osteoblast differentiation; somitogenesis; positive regulation of protein phosphorylation; intramembranous ossification; secondary heart field specification; aortic valve morphogenesis; mitral valve morphogenesis; chondrocyte differentiation involved in endochondral bone morphogenesis; protein binding; nucleus; cytoplasm; centrosome; cytosol; plasma membrane; beta-catenin binding; protein localization; dorsal/ventral axis specification; positive regulation of epithelial to mesenchymal transition; enzyme binding; protein kinase binding; bone mineralization; beta-catenin destruction complex; ubiquitin protein ligase binding; regulation of mismatch repair; positive regulation of proteasomal ubiquitin-dependent protein catabolic process; osteoblast proliferation; negative regulation of osteoblast proliferation; odontogenesis; proteasome-mediated ubiquitin-dependent protein catabolic process; maintenance of DNA repeat elements; positive regulation of fat cell differentiation; negative regulation of osteoblast differentiation; mRNA stabilization; cell development; canonical Wnt signaling pathway; molecular adaptor activity; regulation of chondrocyte development; I-SMAD binding; regulation of centromeric sister chromatid cohesion; cellular response to dexamethasone stimulus; stem cell proliferation; negative regulation of canonical Wnt signaling pathway; regulation of extracellular matrix organization	0.3351	0.02802	0.0	0.45454545454545453	0.4545454545454546	0.0	0.15625	0.1875
BBS7	I14_OG005953	Q8IWZ6	ENSG00000138686	Bardet-Biedl syndrome 7	GO:0001654; GO:0001750; GO:0001947; GO:0005515; GO:0005634; GO:0005813; GO:0005829; GO:0005930; GO:0006357; GO:0007224; GO:0007368; GO:0007420; GO:0007601; GO:0008104; GO:0015031; GO:0016020; GO:0032402; GO:0032436; GO:0034451; GO:0034464; GO:0036064; GO:0043005; GO:0045444; GO:0046907; GO:0048546; GO:0051877; GO:0060170; GO:0060173; GO:0060271; GO:0061629; GO:1903929; GO:1905515	eye development; photoreceptor outer segment; heart looping; protein binding; nucleus; centrosome; cytosol; axoneme; regulation of transcription by RNA polymerase II; smoothened signaling pathway; determination of left/right symmetry; brain development; visual perception; protein localization; protein transport; membrane; melanosome transport; positive regulation of proteasomal ubiquitin-dependent protein catabolic process; centriolar satellite; BBSome; ciliary basal body; neuron projection; fat cell differentiation; intracellular transport; digestive tract morphogenesis; pigment granule aggregation in cell center; ciliary membrane; limb development; cilium assembly; RNA polymerase II-specific DNA-binding transcription factor binding; primary palate development; non-motile cilium assembly	0.4079	0.03575	1.0	0.7272727272727273	0.7272727272727273	0.0	0.3125	0.3125
BCAM	I14_OG003095	P50895	ENSG00000187244	basal cell adhesion molecule (Lutheran blood group)	GO:0001525; GO:0004888; GO:0005055; GO:0005515; GO:0005576; GO:0005886; GO:0007155; GO:0007160; GO:0007165; GO:0009897; GO:0043236; GO:0062023; GO:0070062	angiogenesis; transmembrane signaling receptor activity; laminin receptor activity; protein binding; extracellular region; plasma membrane; cell adhesion; cell-matrix adhesion; signal transduction; external side of plasma membrane; laminin binding; collagen-containing extracellular matrix; extracellular exosome	0.4084	0.02876	0	0.22727272727272727	0.2727272727272727	0.0	0.0	0.0
BCL11A	I14_OG006192	Q9H165	ENSG00000119866	BCL11 transcription factor A	GO:0000122; GO:0000978; GO:0001067; GO:0001227; GO:0003700; GO:0003712; GO:0005515; GO:0005634; GO:0005654; GO:0005737; GO:0005829; GO:0006357; GO:0010628; GO:0010976; GO:0010977; GO:0016363; GO:0016514; GO:0016925; GO:0019901; GO:0030517; GO:0032463; GO:0042382; GO:0042803; GO:0045944; GO:0046872; GO:0046982; GO:0048671; GO:0048672; GO:0050773; GO:0098794; GO:0140297; GO:1903860; GO:1904800; GO:1905232; GO:2000171; GO:2000173	negative regulation of transcription by RNA polymerase II; RNA polymerase II cis-regulatory region sequence-specific DNA binding; transcription regulatory region nucleic acid binding; DNA-binding transcription repressor activity, RNA polymerase II-specific; DNA-binding transcription factor activity; transcription coregulator activity; protein binding; nucleus; nucleoplasm; cytoplasm; cytosol; regulation of transcription by RNA polymerase II; positive regulation of gene expression; positive regulation of neuron projection development; negative regulation of neuron projection development; nuclear matrix; SWI/SNF complex; protein sumoylation; protein kinase binding; negative regulation of axon extension; negative regulation of protein homooligomerization; paraspeckles; protein homodimerization activity; positive regulation of transcription by RNA polymerase II; metal ion binding; protein heterodimerization activity; negative regulation of collateral sprouting; positive regulation of collateral sprouting; regulation of dendrite development; postsynapse; DNA-binding transcription factor binding; negative regulation of dendrite extension; negative regulation of neuron remodeling; cellular response to L-glutamate; negative regulation of dendrite development; negative regulation of branching morphogenesis of a nerve	0.4264	0.03667	0	0.2727272727272727	0.2727272727272727	0.0	0.0	0.0
BCL11B	I14_OG006192	Q9C0K0	ENSG00000127152	BCL11 transcription factor B	GO:0000978; GO:0001228; GO:0003334; GO:0003382; GO:0003700; GO:0005515; GO:0005634; GO:0006366; GO:0008285; GO:0010837; GO:0016514; GO:0019216; GO:0021773; GO:0021902; GO:0031077; GO:0033077; GO:0033153; GO:0035701; GO:0042475; GO:0043005; GO:0043368; GO:0045664; GO:0045944; GO:0046632; GO:0046872; GO:0048538; GO:0070242; GO:0070244; GO:0071678; GO:0097535; GO:1990837	RNA polymerase II cis-regulatory region sequence-specific DNA binding; DNA-binding transcription activator activity, RNA polymerase II-specific; keratinocyte development; epithelial cell morphogenesis; DNA-binding transcription factor activity; protein binding; nucleus; transcription by RNA polymerase II; negative regulation of cell population proliferation; regulation of keratinocyte proliferation; SWI/SNF complex; regulation of lipid metabolic process; striatal medium spiny neuron differentiation; commitment of neuronal cell to specific neuron type in forebrain; post-embryonic camera-type eye development; T cell differentiation in thymus; T cell receptor V(D)J recombination; hematopoietic stem cell migration; odontogenesis of dentin-containing tooth; neuron projection; positive T cell selection; regulation of neuron differentiation; positive regulation of transcription by RNA polymerase II; alpha-beta T cell differentiation; metal ion binding; thymus development; thymocyte apoptotic process; negative regulation of thymocyte apoptotic process; olfactory bulb axon guidance; lymphoid lineage cell migration into thymus; sequence-specific double-stranded DNA binding	0.4264	0.03667	0	0.2727272727272727	0.2727272727272727	0.0	0.0	0.0
BCO1	I14_OG002152	Q9HAY6	ENSG00000135697	beta-carotene oxygenase 1	GO:0001523; GO:0003834; GO:0005829; GO:0010436; GO:0016121; GO:0035238; GO:0042572; GO:0042574; GO:0046872; GO:1901810	retinoid metabolic process; beta-carotene 15,15'-dioxygenase activity; cytosol; carotenoid dioxygenase activity; carotene catabolic process; vitamin A biosynthetic process; retinol metabolic process; retinal metabolic process; metal ion binding; beta-carotene metabolic process	0.5604	0.01432	1	0.5909090909090909	0.6363636363636364	0.0	0.09375	0.125
BCO2	I14_OG002152	Q9BYV7	ENSG00000197580	beta-carotene oxygenase 2	GO:0003834; GO:0005739; GO:0005759; GO:0010436; GO:0010437; GO:0016116; GO:0016119; GO:0016121; GO:0016124; GO:0016702; GO:0042573; GO:0042574; GO:0046872; GO:0051881; GO:0062172; GO:0102076; GO:1901176; GO:1901826; GO:2000377	beta-carotene 15,15'-dioxygenase activity; mitochondrion; mitochondrial matrix; carotenoid dioxygenase activity; 9,10 (9', 10')-carotenoid-cleaving dioxygenase activity; carotenoid metabolic process; carotene metabolic process; carotene catabolic process; xanthophyll catabolic process; oxidoreductase activity, acting on single donors with incorporation of molecular oxygen, incorporation of two atoms of oxygen; retinoic acid metabolic process; retinal metabolic process; metal ion binding; regulation of mitochondrial membrane potential; lutein catabolic process; beta,beta-carotene-9',10'-cleaving oxygenase activity; lycopene catabolic process; zeaxanthin catabolic process; regulation of reactive oxygen species metabolic process	0.5604	0.01432	1	0.5909090909090909	0.6363636363636364	0.0	0.09375	0.125
BCS1L	I14_OG000381	Q9Y276	ENSG00000074582	BCS1 homolog, ubiquinol-cytochrome c reductase complex chaperone	GO:0005515; GO:0005524; GO:0005739; GO:0005743; GO:0007005; GO:0016887; GO:0032979; GO:0032981; GO:0033617; GO:0034551; GO:0045275	protein binding; ATP binding; mitochondrion; mitochondrial inner membrane; mitochondrion organization; ATP hydrolysis activity; protein insertion into mitochondrial inner membrane from matrix; mitochondrial respiratory chain complex I assembly; mitochondrial cytochrome c oxidase assembly; mitochondrial respiratory chain complex III assembly; respiratory chain complex III	0.4264	0.00411	1	0.9090909090909091	0.9090909090909091	0.5	0.5	0.5
BICC1	I14_OG002503	Q9H694	ENSG00000122870	BicC family RNA binding protein 1	GO:0001822; GO:0003723; GO:0005737; GO:0007368; GO:0007507; GO:0090090	kidney development; RNA binding; cytoplasm; determination of left/right symmetry; heart development; negative regulation of canonical Wnt signaling pathway	0.3355	0.00931	1.0	0.9545454545454546	1.0	1.0	0.6875	0.6875
BIVM	I14_OG009464	Q86UB2	ENSG00000134897	basic, immunoglobulin-like variable motif containing	GO:0003697; GO:0004520; GO:0005515; GO:0005615; GO:0005634; GO:0005737	single-stranded DNA binding; DNA endonuclease activity; protein binding; extracellular space; nucleus; cytoplasm	0.3411	0.04092	0	0.18181818181818182	0.18181818181818177	0.0	0.0	0.0
BLOC1S2	I14_OG007946	Q6QNY1	ENSG00000196072	biogenesis of lysosomal organelles complex 1 subunit 2	GO:0000930; GO:0005515; GO:0005634; GO:0005739; GO:0005813; GO:0005829; GO:0007020; GO:0008089; GO:0008284; GO:0008625; GO:0016197; GO:0031083; GO:0031175; GO:0032418; GO:0032438; GO:0043015; GO:0045893; GO:0048490; GO:0051036; GO:0060155; GO:0062196; GO:0072384; GO:0097345; GO:0098574; GO:0099078; GO:1904115	gamma-tubulin complex; protein binding; nucleus; mitochondrion; centrosome; cytosol; microtubule nucleation; anterograde axonal transport; positive regulation of cell population proliferation; extrinsic apoptotic signaling pathway via death domain receptors; endosomal transport; BLOC-1 complex; neuron projection development; lysosome localization; melanosome organization; gamma-tubulin binding; positive regulation of DNA-templated transcription; anterograde synaptic vesicle transport; regulation of endosome size; platelet dense granule organization; regulation of lysosome size; organelle transport along microtubule; mitochondrial outer membrane permeabilization; cytoplasmic side of lysosomal membrane; BORC complex; axon cytoplasm	0.516	0.00441	0.5	0.5	0.5454545454545454	0.0	0.0625	0.0625
BMI1	I14_OG002706	P35226	ENSG00000168283	BMI1 proto-oncogene, polycomb ring finger	GO:0000122; GO:0000151; GO:0000792; GO:0001701; GO:0005515; GO:0005634; GO:0005654; GO:0005829; GO:0006338; GO:0006346; GO:0006959; GO:0007379; GO:0007420; GO:0008270; GO:0010468; GO:0016604; GO:0021903; GO:0030097; GO:0030890; GO:0031519; GO:0033092; GO:0035102; GO:0045814; GO:0048103; GO:0048146; GO:0048704; GO:0051443; GO:0071347; GO:0071535; GO:0071549; GO:0090183; GO:0097027; GO:0097190; GO:1990841; GO:2000011; GO:2001234	negative regulation of transcription by RNA polymerase II; ubiquitin ligase complex; heterochromatin; in utero embryonic development; protein binding; nucleus; nucleoplasm; cytosol; chromatin remodeling; DNA methylation-dependent constitutive heterochromatin formation; humoral immune response; segment specification; brain development; zinc ion binding; regulation of gene expression; nuclear body; rostrocaudal neural tube patterning; hemopoiesis; positive regulation of B cell proliferation; PcG protein complex; positive regulation of immature T cell proliferation in thymus; PRC1 complex; negative regulation of gene expression, epigenetic; somatic stem cell division; positive regulation of fibroblast proliferation; embryonic skeletal system morphogenesis; positive regulation of ubiquitin-protein transferase activity; cellular response to interleukin-1; RING-like zinc finger domain binding; cellular response to dexamethasone stimulus; regulation of kidney development; ubiquitin-protein transferase activator activity; apoptotic signaling pathway; promoter-specific chromatin binding; regulation of adaxial/abaxial pattern formation; negative regulation of apoptotic signaling pathway	0.5398	0.01375	1	0.7272727272727273	0.7272727272727273	0.0	0.1875	0.1875
BMPER	I14_OG000738	Q8N8U9	ENSG00000164619	BMP binding endothelial regulator	GO:0001568; GO:0001657; GO:0002043; GO:0005615; GO:0010594; GO:0030509; GO:0030514; GO:0031012; GO:0032880; GO:0042118; GO:0045765; GO:0048839; GO:0060391; GO:0060395; GO:0070374; GO:1903672	blood vessel development; ureteric bud development; blood vessel endothelial cell proliferation involved in sprouting angiogenesis; extracellular space; regulation of endothelial cell migration; BMP signaling pathway; negative regulation of BMP signaling pathway; extracellular matrix; regulation of protein localization; endothelial cell activation; regulation of angiogenesis; inner ear development; positive regulation of SMAD protein signal transduction; SMAD protein signal transduction; positive regulation of ERK1 and ERK2 cascade; positive regulation of sprouting angiogenesis	0.4524	0.01249	1.0	0.5454545454545454	0.5454545454545454	0.0	0.125	0.125
BRK1	I14_OG006468	Q8WUW1	ENSG00000254999	BRICK1 subunit of SCAR/WAVE actin nucleating complex	GO:0001701; GO:0005515; GO:0005829; GO:0005856; GO:0007015; GO:0008064; GO:0010592; GO:0016601; GO:0030027; GO:0031209; GO:0031267; GO:0031334; GO:0042802; GO:0044877; GO:0048144; GO:0048146; GO:0048870; GO:0070062; GO:2000601	in utero embryonic development; protein binding; cytosol; cytoskeleton; actin filament organization; regulation of actin polymerization or depolymerization; positive regulation of lamellipodium assembly; Rac protein signal transduction; lamellipodium; SCAR complex; small GTPase binding; positive regulation of protein-containing complex assembly; identical protein binding; protein-containing complex binding; fibroblast proliferation; positive regulation of fibroblast proliferation; cell motility; extracellular exosome; positive regulation of Arp2/3 complex-mediated actin nucleation	0.5415	0.00142	1.0	0.5454545454545454	0.5454545454545454	0.0	0.0625	0.0625
BTRC	I14_OG006015	Q9Y297	ENSG00000166167	beta-transducin repeat containing E3 ubiquitin protein ligase	GO:0000209; GO:0005515; GO:0005654; GO:0005737; GO:0005829; GO:0006470; GO:0006511; GO:0007165; GO:0008013; GO:0016055; GO:0016567; GO:0016874; GO:0019005; GO:0031146; GO:0031648; GO:0033598; GO:0038061; GO:0042752; GO:0042753; GO:0043122; GO:0043161; GO:0043433; GO:0045309; GO:0045862; GO:0045879; GO:0045892; GO:0045893; GO:0046983; GO:0048511; GO:0050860; GO:0051726; GO:0060444; GO:0060828; GO:0061136; GO:0061630; GO:0070936; GO:1904668; GO:1990756; GO:1990757	protein polyubiquitination; protein binding; nucleoplasm; cytoplasm; cytosol; protein dephosphorylation; ubiquitin-dependent protein catabolic process; signal transduction; beta-catenin binding; Wnt signaling pathway; protein ubiquitination; ligase activity; SCF ubiquitin ligase complex; SCF-dependent proteasomal ubiquitin-dependent protein catabolic process; protein destabilization; mammary gland epithelial cell proliferation; non-canonical NF-kappaB signal transduction; regulation of circadian rhythm; positive regulation of circadian rhythm; regulation of canonical NF-kappaB signal transduction; proteasome-mediated ubiquitin-dependent protein catabolic process; negative regulation of DNA-binding transcription factor activity; protein phosphorylated amino acid binding; positive regulation of proteolysis; negative regulation of smoothened signaling pathway; negative regulation of DNA-templated transcription; positive regulation of DNA-templated transcription; protein dimerization activity; rhythmic process; negative regulation of T cell receptor signaling pathway; regulation of cell cycle; branching involved in mammary gland duct morphogenesis; regulation of canonical Wnt signaling pathway; regulation of proteasomal protein catabolic process; ubiquitin protein ligase activity; protein K48-linked ubiquitination; positive regulation of ubiquitin protein ligase activity; ubiquitin-like ligase-substrate adaptor activity; ubiquitin ligase activator activity	0.334	0.00123	1	1.0	1.0	1.0	0.78125	0.8125
C20orf96	I60_OG000026	Q9NUD7	ENSG00000196476	chromosome 20 open reading frame 96	GO:0005515	protein binding	0.4381	0	1	0.8636363636363636	0.9090909090909091	0.0	0.4375	0.4375
C2CD2	I14_OG000978	Q9Y426	ENSG00000157617	C2 calcium dependent domain containing 2	GO:0005634; GO:0005829; GO:0016020	nucleus; cytosol; membrane	0.3619	0.00174	1.0	0.8636363636363636	0.9090909090909091	0.75	0.53125	0.5625
C2CD2L	I14_OG000978	O14523	ENSG00000172375	C2CD2 like	GO:0005515; GO:0005789; GO:0005886; GO:0008526; GO:0015914; GO:0032541; GO:0035091; GO:0035774; GO:0043559; GO:0098592; GO:0120009; GO:0140268	protein binding; endoplasmic reticulum membrane; plasma membrane; phosphatidylinositol transfer activity; phospholipid transport; cortical endoplasmic reticulum; phosphatidylinositol binding; positive regulation of insulin secretion involved in cellular response to glucose stimulus; insulin binding; cytoplasmic side of apical plasma membrane; intermembrane lipid transfer; endoplasmic reticulum-plasma membrane contact site	0.3619	0.00174	1.0	0.8636363636363636	0.9090909090909091	0.75	0.53125	0.5625
C6orf58	I14_OG002882	Q6P5S2	ENSG00000184530	chromosome 6 open reading frame 58	GO:0005515; GO:0005615; GO:0070062	protein binding; extracellular space; extracellular exosome	0.4973	0.03815	1	0.8181818181818182	0.8181818181818181	0.0	0.3125	0.3125
C8orf44-SGK3	I60_OG000175	Q96BR1	ENSG00000288602	C8orf44-SGK3 readthrough	GO:0001558; GO:0004672; GO:0004674; GO:0004676; GO:0004677; GO:0004679; GO:0004694; GO:0004711; GO:0005246; GO:0005515; GO:0005524; GO:0005769; GO:0005829; GO:0006338; GO:0006468; GO:0015459; GO:0017080; GO:0017081; GO:0030334; GO:0035091; GO:0035175; GO:0035402; GO:0035403; GO:0035556; GO:0035979; GO:0042127; GO:0044022; GO:0044023; GO:0044024; GO:0044025; GO:0051090; GO:0055037; GO:0072354; GO:0072371; GO:0072518; GO:0106310; GO:0140823; GO:0140855; GO:0140857; GO:1990244; GO:2001240	regulation of cell growth; protein kinase activity; protein serine/threonine kinase activity; 3-phosphoinositide-dependent protein kinase activity; DNA-dependent protein kinase activity; AMP-activated protein kinase activity; eukaryotic translation initiation factor 2alpha kinase activity; ribosomal protein S6 kinase activity; calcium channel regulator activity; protein binding; ATP binding; early endosome; cytosol; chromatin remodeling; protein phosphorylation; potassium channel regulator activity; sodium channel regulator activity; chloride channel regulator activity; regulation of cell migration; phosphatidylinositol binding; histone H3S10 kinase activity; histone H3T11 kinase activity; histone H3T6 kinase activity; intracellular signal transduction; histone H2AXS139 kinase activity; regulation of cell population proliferation; histone H3S28 kinase activity; histone H4S1 kinase activity; histone H2AS1 kinase activity; histone H2BS14 kinase activity; regulation of DNA-binding transcription factor activity; recycling endosome; histone H3T3 kinase activity; histone H2AS121 kinase activity; Rho-dependent protein serine/threonine kinase activity; protein serine kinase activity; histone H2BS36 kinase activity; histone H3S57 kinase activity; histone H3T45 kinase activity; histone H2AT120 kinase activity; negative regulation of extrinsic apoptotic signaling pathway in absence of ligand	0.3184	0.02529	1	0.9545454545454546	1.0	1.0	0.71875	0.75
CACUL1	I14_OG000856	Q86Y37	ENSG00000151893	CDK2 associated cullin domain 1	GO:0000082; GO:0005515; GO:0006511; GO:0008284; GO:0019901; GO:0031625; GO:0045860	G1/S transition of mitotic cell cycle; protein binding; ubiquitin-dependent protein catabolic process; positive regulation of cell population proliferation; protein kinase binding; ubiquitin protein ligase binding; positive regulation of protein kinase activity	0.3351	0.02802	0.0	0.45454545454545453	0.4545454545454546	0.0	0.15625	0.1875
CAPN1	I20_OG000573	P07384	ENSG00000014216	calpain 1	GO:0001533; GO:0004198; GO:0005509; GO:0005515; GO:0005576; GO:0005737; GO:0005739; GO:0005764; GO:0005829; GO:0005886; GO:0005925; GO:0006508; GO:0008233; GO:0008284; GO:0016020; GO:0016241; GO:0032801; GO:0050790; GO:0060056; GO:0070062; GO:0097264; GO:0098989; GO:0110158; GO:1904813	cornified envelope; calcium-dependent cysteine-type endopeptidase activity; calcium ion binding; protein binding; extracellular region; cytoplasm; mitochondrion; lysosome; cytosol; plasma membrane; focal adhesion; proteolysis; peptidase activity; positive regulation of cell population proliferation; membrane; regulation of macroautophagy; receptor catabolic process; regulation of catalytic activity; mammary gland involution; extracellular exosome; self proteolysis; NMDA selective glutamate receptor signaling pathway; calpain complex; ficolin-1-rich granule lumen	0.4973	3e-05	1	0.8181818181818182	0.8181818181818181	0.0	0.3125	0.3125
CAPN10	I20_OG000573	Q9HC96	ENSG00000142330	calpain 10	GO:0000149; GO:0004198; GO:0005515; GO:0005737; GO:0005739; GO:0005829; GO:0005886; GO:0006508; GO:0006921; GO:0008092; GO:0032024; GO:0032388; GO:0032869; GO:0032956; GO:0046326; GO:0097050; GO:2000676	SNARE binding; calcium-dependent cysteine-type endopeptidase activity; protein binding; cytoplasm; mitochondrion; cytosol; plasma membrane; proteolysis; cellular component disassembly involved in execution phase of apoptosis; cytoskeletal protein binding; positive regulation of insulin secretion; positive regulation of intracellular transport; cellular response to insulin stimulus; regulation of actin cytoskeleton organization; positive regulation of D-glucose import; type B pancreatic cell apoptotic process; positive regulation of type B pancreatic cell apoptotic process	0.4973	3e-05	1	0.8181818181818182	0.8181818181818181	0.0	0.3125	0.3125
CAPN11	I20_OG000573	Q9UMQ6	ENSG00000137225	calpain 11	GO:0001669; GO:0004198; GO:0005509; GO:0005737; GO:0006508; GO:0008233	acrosomal vesicle; calcium-dependent cysteine-type endopeptidase activity; calcium ion binding; cytoplasm; proteolysis; peptidase activity	0.4973	3e-05	1	0.8181818181818182	0.8181818181818181	0.0	0.3125	0.3125
CAPN12	I20_OG000573	Q6ZSI9	ENSG00000182472	calpain 12	GO:0004198; GO:0005509; GO:0005737; GO:0006508	calcium-dependent cysteine-type endopeptidase activity; calcium ion binding; cytoplasm; proteolysis	0.4973	3e-05	1	0.8181818181818182	0.8181818181818181	0.0	0.3125	0.3125
CAPN12	I20_OG000573	Q6ZSI9	ENSG00000292260	calpain 12	GO:0004198; GO:0005509; GO:0005737; GO:0006508	calcium-dependent cysteine-type endopeptidase activity; calcium ion binding; cytoplasm; proteolysis	0.4973	3e-05	1	0.8181818181818182	0.8181818181818181	0.0	0.3125	0.3125
CAPN13	I20_OG000573	Q6MZZ7	ENSG00000162949	calpain 13	GO:0004198; GO:0005737; GO:0006508	calcium-dependent cysteine-type endopeptidase activity; cytoplasm; proteolysis	0.4973	3e-05	1	0.8181818181818182	0.8181818181818181	0.0	0.3125	0.3125
CAPN14	I20_OG000573	A8MX76	ENSG00000214711	calpain 14	GO:0004198; GO:0005509; GO:0005737; GO:0006508	calcium-dependent cysteine-type endopeptidase activity; calcium ion binding; cytoplasm; proteolysis	0.4973	3e-05	1	0.8181818181818182	0.8181818181818181	0.0	0.3125	0.3125
CAPN2	I20_OG000573	P17655	ENSG00000162909	calpain 2	GO:0000785; GO:0001666; GO:0001824; GO:0004198; GO:0005509; GO:0005515; GO:0005634; GO:0005737; GO:0005764; GO:0005783; GO:0005794; GO:0005829; GO:0005886; GO:0005925; GO:0006508; GO:0007520; GO:0007565; GO:0008092; GO:0008234; GO:0009612; GO:0009897; GO:0010666; GO:0016540; GO:0019899; GO:0030425; GO:0030864; GO:0031143; GO:0032675; GO:0035458; GO:0042542; GO:0043025; GO:0044877; GO:0045121; GO:0048266; GO:0048488; GO:0051493; GO:0051603; GO:0070062; GO:0071222; GO:0071230; GO:0097038; GO:0098793; GO:0098794; GO:0110158; GO:0140249; GO:1901741; GO:2001247	chromatin; response to hypoxia; blastocyst development; calcium-dependent cysteine-type endopeptidase activity; calcium ion binding; protein binding; nucleus; cytoplasm; lysosome; endoplasmic reticulum; Golgi apparatus; cytosol; plasma membrane; focal adhesion; proteolysis; myoblast fusion; female pregnancy; cytoskeletal protein binding; cysteine-type peptidase activity; response to mechanical stimulus; external side of plasma membrane; positive regulation of cardiac muscle cell apoptotic process; protein autoprocessing; enzyme binding; dendrite; cortical actin cytoskeleton; pseudopodium; regulation of interleukin-6 production; cellular response to interferon-beta; response to hydrogen peroxide; neuronal cell body; protein-containing complex binding; membrane raft; behavioral response to pain; synaptic vesicle endocytosis; regulation of cytoskeleton organization; proteolysis involved in protein catabolic process; extracellular exosome; cellular response to lipopolysaccharide; cellular response to amino acid stimulus; perinuclear endoplasmic reticulum; presynapse; postsynapse; calpain complex; protein catabolic process at postsynapse; positive regulation of myoblast fusion; positive regulation of phosphatidylcholine biosynthetic process	0.4973	3e-05	1	0.8181818181818182	0.8181818181818181	0.0	0.3125	0.3125
CAPN3	I20_OG000573	P20807	ENSG00000092529	calpain 3	GO:0003824; GO:0004198; GO:0005509; GO:0005515; GO:0005634; GO:0005730; GO:0005737; GO:0005829; GO:0005886; GO:0006508; GO:0006915; GO:0007517; GO:0008233; GO:0008234; GO:0008307; GO:0014718; GO:0014850; GO:0030016; GO:0030018; GO:0030163; GO:0030239; GO:0030315; GO:0031402; GO:0031432; GO:0031648; GO:0032991; GO:0033234; GO:0042802; GO:0043066; GO:0043122; GO:0045214; GO:0045661; GO:0045862; GO:0045892; GO:0045893; GO:0046716; GO:0050790; GO:0051092; GO:0051281; GO:0051592; GO:0055103; GO:0060090; GO:0061061; GO:0065003; GO:0070315; GO:0071277; GO:0071472; GO:0072657; GO:0097264; GO:1990092	catalytic activity; calcium-dependent cysteine-type endopeptidase activity; calcium ion binding; protein binding; nucleus; nucleolus; cytoplasm; cytosol; plasma membrane; proteolysis; apoptotic process; muscle organ development; peptidase activity; cysteine-type peptidase activity; structural constituent of muscle; positive regulation of satellite cell activation involved in skeletal muscle regeneration; response to muscle activity; myofibril; Z disc; protein catabolic process; myofibril assembly; T-tubule; sodium ion binding; titin binding; protein destabilization; protein-containing complex; negative regulation of protein sumoylation; identical protein binding; negative regulation of apoptotic process; regulation of canonical NF-kappaB signal transduction; sarcomere organization; regulation of myoblast differentiation; positive regulation of proteolysis; negative regulation of DNA-templated transcription; positive regulation of DNA-templated transcription; muscle cell cellular homeostasis; regulation of catalytic activity; positive regulation of NF-kappaB transcription factor activity; positive regulation of release of sequestered calcium ion into cytosol; response to calcium ion; ligase regulator activity; molecular adaptor activity; muscle structure development; protein-containing complex assembly; G1 to G0 transition involved in cell differentiation; cellular response to calcium ion; cellular response to salt stress; protein localization to membrane; self proteolysis; calcium-dependent self proteolysis	0.4973	3e-05	1	0.8181818181818182	0.8181818181818181	0.0	0.3125	0.3125
CAPN5	I20_OG000573	O15484	ENSG00000149260	calpain 5	GO:0004198; GO:0005515; GO:0005737; GO:0005925; GO:0006508; GO:0007165; GO:0009986; GO:0045202; GO:0070062	calcium-dependent cysteine-type endopeptidase activity; protein binding; cytoplasm; focal adhesion; proteolysis; signal transduction; cell surface; synapse; extracellular exosome	0.4973	3e-05	1	0.8181818181818182	0.8181818181818181	0.0	0.3125	0.3125
CAPN6	I20_OG000573	Q9Y6Q1	ENSG00000077274	calpain 6	GO:0001578; GO:0005515; GO:0005737; GO:0005876; GO:0008017; GO:0048471; GO:0051493	microtubule bundle formation; protein binding; cytoplasm; spindle microtubule; microtubule binding; perinuclear region of cytoplasm; regulation of cytoskeleton organization	0.4973	3e-05	1	0.8181818181818182	0.8181818181818181	0.0	0.3125	0.3125
CAPN8	I20_OG000573	A6NHC0	ENSG00000203697	calpain 8	GO:0004198; GO:0005509; GO:0005737; GO:0005794; GO:0006508	calcium-dependent cysteine-type endopeptidase activity; calcium ion binding; cytoplasm; Golgi apparatus; proteolysis	0.4973	3e-05	1	0.8181818181818182	0.8181818181818181	0.0	0.3125	0.3125
CAPN9	I20_OG000573	O14815	ENSG00000135773	calpain 9	GO:0004198; GO:0005509; GO:0005737; GO:0006508; GO:0007586	calcium-dependent cysteine-type endopeptidase activity; calcium ion binding; cytoplasm; proteolysis; digestion	0.4973	3e-05	1	0.8181818181818182	0.8181818181818181	0.0	0.3125	0.3125
CAPNS1	I20_OG000573	P04632	ENSG00000126247	calpain small subunit 1	GO:0004198; GO:0005509; GO:0005515; GO:0005829; GO:0005886; GO:0006508; GO:0008284; GO:0016020; GO:0016241; GO:0070062; GO:0110158	calcium-dependent cysteine-type endopeptidase activity; calcium ion binding; protein binding; cytosol; plasma membrane; proteolysis; positive regulation of cell population proliferation; membrane; regulation of macroautophagy; extracellular exosome; calpain complex	0.4973	3e-05	1	0.8181818181818182	0.8181818181818181	0.0	0.3125	0.3125
CAPNS2	I20_OG000573	Q96L46	ENSG00000256812	calpain small subunit 2	GO:0004198; GO:0005509; GO:0005515; GO:0005829; GO:0005886; GO:0110158	calcium-dependent cysteine-type endopeptidase activity; calcium ion binding; protein binding; cytosol; plasma membrane; calpain complex	0.4973	3e-05	1	0.8181818181818182	0.8181818181818181	0.0	0.3125	0.3125
CARD8	I14_OG000435	Q9Y2G2	ENSG00000105483	caspase recruitment domain family member 8	GO:0002218; GO:0004175; GO:0005515; GO:0005634; GO:0005654; GO:0005737; GO:0005829; GO:0006954; GO:0008233; GO:0010804; GO:0031665; GO:0032088; GO:0032089; GO:0032691; GO:0032731; GO:0032991; GO:0038187; GO:0042803; GO:0042981; GO:0043124; GO:0050700; GO:0051260; GO:0051607; GO:0061702; GO:0070269; GO:0072559; GO:0097193; GO:0097264; GO:0140374; GO:0140608; GO:0140633; GO:0140634; GO:0140693; GO:1900226	activation of innate immune response; endopeptidase activity; protein binding; nucleus; nucleoplasm; cytoplasm; cytosol; inflammatory response; peptidase activity; negative regulation of tumor necrosis factor-mediated signaling pathway; negative regulation of lipopolysaccharide-mediated signaling pathway; negative regulation of NF-kappaB transcription factor activity; NACHT domain binding; negative regulation of interleukin-1 beta production; positive regulation of interleukin-1 beta production; protein-containing complex; pattern recognition receptor activity; protein homodimerization activity; regulation of apoptotic process; negative regulation of canonical NF-kappaB signal transduction; CARD domain binding; protein homooligomerization; defense response to virus; canonical inflammasome complex; pyroptotic inflammatory response; NLRP3 inflammasome complex; intrinsic apoptotic signaling pathway; self proteolysis; antiviral innate immune response; cysteine-type endopeptidase activator activity; CARD8 inflammasome complex assembly; CARD8 inflammasome complex; molecular condensate scaffold activity; negative regulation of NLRP3 inflammasome complex assembly	0.3807	0.00222	1	0.8181818181818182	0.8181818181818181	0.0	0.4375	0.4375
CBR1	I14_OG000649	P16152	ENSG00000159228	carbonyl reductase 1	GO:0004090; GO:0005515; GO:0005829; GO:0006805; GO:0008211; GO:0016616; GO:0016655; GO:0019371; GO:0030855; GO:0042373; GO:0047020; GO:0047021; GO:0050221; GO:0070062; GO:0160163; GO:1903561; GO:2000379	carbonyl reductase (NADPH) activity; protein binding; cytosol; xenobiotic metabolic process; glucocorticoid metabolic process; oxidoreductase activity, acting on the CH-OH group of donors, NAD or NADP as acceptor; oxidoreductase activity, acting on NAD(P)H, quinone or similar compound as acceptor; cyclooxygenase pathway; epithelial cell differentiation; vitamin K metabolic process; 15-hydroxyprostaglandin-D dehydrogenase (NADP+) activity; 15-hydroxyprostaglandin dehydrogenase (NADP+) activity; prostaglandin E2 9-reductase activity; extracellular exosome; S-nitrosoglutathione reductase (NADPH) activity; extracellular vesicle; positive regulation of reactive oxygen species metabolic process	0.4798	0.00191	1	0.9090909090909091	0.9090909090909091	0.0	0.4375	0.4375
CBR3	I14_OG000649	O75828	ENSG00000159231	carbonyl reductase 3	GO:0000253; GO:0004090; GO:0005515; GO:0005615; GO:0005654; GO:0005829; GO:0006805; GO:0008753; GO:0042376; GO:0050890; GO:0070402	3-beta-hydroxysteroid 3-dehydrogenase (NADP+) activity; carbonyl reductase (NADPH) activity; protein binding; extracellular space; nucleoplasm; cytosol; xenobiotic metabolic process; NADPH dehydrogenase (quinone) activity; phylloquinone catabolic process; cognition; NADPH binding	0.4798	0.00191	1	0.9090909090909091	0.9090909090909091	0.0	0.4375	0.4375
CBR4	I60_OG000215	Q8N4T8	ENSG00000145439	carbonyl reductase 4	GO:0003955; GO:0004316; GO:0005515; GO:0005739; GO:0005759; GO:0006633; GO:0008753; GO:0016616; GO:0044597; GO:0044598; GO:0046949; GO:0048038; GO:0051289; GO:0051290; GO:0070402; GO:1990204	NAD(P)H dehydrogenase (quinone) activity; 3-oxoacyl-[acyl-carrier-protein] reductase (NADPH) activity; protein binding; mitochondrion; mitochondrial matrix; fatty acid biosynthetic process; NADPH dehydrogenase (quinone) activity; oxidoreductase activity, acting on the CH-OH group of donors, NAD or NADP as acceptor; daunorubicin metabolic process; doxorubicin metabolic process; fatty-acyl-CoA biosynthetic process; quinone binding; protein homotetramerization; protein heterotetramerization; NADPH binding; oxidoreductase complex	0.4432	0.00016	1	1.0	1.0	1.0	0.625	0.625
CCAR1	I14_OG000913	Q8IX12	ENSG00000060339	cell division cycle and apoptosis regulator 1	GO:0000978; GO:0003713; GO:0003714; GO:0003723; GO:0005515; GO:0005634; GO:0005641; GO:0005654; GO:0006511; GO:0006915; GO:0008284; GO:0016567; GO:0030335; GO:0043065; GO:0045892; GO:0045893; GO:0048471; GO:0061630	RNA polymerase II cis-regulatory region sequence-specific DNA binding; transcription coactivator activity; transcription corepressor activity; RNA binding; protein binding; nucleus; nuclear envelope lumen; nucleoplasm; ubiquitin-dependent protein catabolic process; apoptotic process; positive regulation of cell population proliferation; protein ubiquitination; positive regulation of cell migration; positive regulation of apoptotic process; negative regulation of DNA-templated transcription; positive regulation of DNA-templated transcription; perinuclear region of cytoplasm; ubiquitin protein ligase activity	0.3838	0.03913	1	1.0	1.0	1.0	0.71875	0.75
CCAR2	I14_OG000913	Q8N163	ENSG00000158941	cell cycle and apoptosis regulator 2	GO:0000774; GO:0000785; GO:0000993; GO:0003723; GO:0004857; GO:0005515; GO:0005634; GO:0005654; GO:0005737; GO:0005759; GO:0005819; GO:0006397; GO:0006974; GO:0008380; GO:0009411; GO:0016055; GO:0019899; GO:0030308; GO:0031647; GO:0032435; GO:0032784; GO:0042752; GO:0043065; GO:0043086; GO:0043653; GO:0044609; GO:0045892; GO:0048511; GO:0051082; GO:0090263; GO:0090311; GO:1902230; GO:2000003	adenyl-nucleotide exchange factor activity; chromatin; RNA polymerase II complex binding; RNA binding; enzyme inhibitor activity; protein binding; nucleus; nucleoplasm; cytoplasm; mitochondrial matrix; spindle; mRNA processing; DNA damage response; RNA splicing; response to UV; Wnt signaling pathway; enzyme binding; negative regulation of cell growth; regulation of protein stability; negative regulation of proteasomal ubiquitin-dependent protein catabolic process; regulation of DNA-templated transcription elongation; regulation of circadian rhythm; positive regulation of apoptotic process; negative regulation of catalytic activity; mitochondrial fragmentation involved in apoptotic process; DBIRD complex; negative regulation of DNA-templated transcription; rhythmic process; unfolded protein binding; positive regulation of canonical Wnt signaling pathway; regulation of protein deacetylation; negative regulation of intrinsic apoptotic signaling pathway in response to DNA damage; positive regulation of DNA damage checkpoint	0.3838	0.03913	1	1.0	1.0	1.0	0.71875	0.75
CCDC69	I14_OG004784	A6NI79	ENSG00000198624	coiled-coil domain containing 69	GO:0005634; GO:0005737; GO:0008017; GO:0030496; GO:0051233; GO:0051255	nucleus; cytoplasm; microtubule binding; midbody; spindle midzone; spindle midzone assembly	0.4479	0.03814	1	0.6363636363636364	0.7272727272727273	0.0	0.21875	0.25
CCDC81	I14_OG003365	Q6ZN84	ENSG00000149201	coiled-coil domain containing 81	GO:0005515; GO:0005737; GO:0005813; GO:0005815	protein binding; cytoplasm; centrosome; microtubule organizing center	0.4524	0.02934	1.0	0.5454545454545454	0.5454545454545454	0.0	0.125	0.125
CCZ1	I14_OG008887	P86790	ENSG00000122674	CCZ1 homolog, vacuolar protein trafficking and biogenesis associated	GO:0005085; GO:0005515; GO:0005765; GO:0005829; GO:0016192; GO:0035658; GO:0043231	guanyl-nucleotide exchange factor activity; protein binding; lysosomal membrane; cytosol; vesicle-mediated transport; Mon1-Ccz1 complex; intracellular membrane-bounded organelle	0.4765	0.04878	1	0.8181818181818182	0.8181818181818181	0.0	0.34375	0.375
CCZ1B	I14_OG008887	P86790	ENSG00000146574	CCZ1 homolog B, vacuolar protein trafficking and biogenesis associated	GO:0005085; GO:0005515; GO:0005765; GO:0005829; GO:0016192; GO:0035658; GO:0043231	guanyl-nucleotide exchange factor activity; protein binding; lysosomal membrane; cytosol; vesicle-mediated transport; Mon1-Ccz1 complex; intracellular membrane-bounded organelle	0.4765	0.04878	1	0.8181818181818182	0.8181818181818181	0.0	0.34375	0.375
CD96	I14_OG003095	P40200	ENSG00000153283	CD96 molecule	GO:0002728; GO:0005737; GO:0005886; GO:0006954; GO:0006955; GO:0007155; GO:0007160; GO:0032496; GO:0032689	negative regulation of natural killer cell cytokine production; cytoplasm; plasma membrane; inflammatory response; immune response; cell adhesion; cell-matrix adhesion; response to lipopolysaccharide; negative regulation of type II interferon production	0.4084	0.02876	0	0.22727272727272727	0.2727272727272727	0.0	0.0	0.0
CDH23	I14_OG000491	Q9H251	ENSG00000107736	cadherin related 23	GO:0001917; GO:0005509; GO:0005515; GO:0005813; GO:0006816; GO:0007156; GO:0007601; GO:0007605; GO:0007626; GO:0008013; GO:0016020; GO:0016339; GO:0016342; GO:0016477; GO:0031175; GO:0032420; GO:0032426; GO:0045296; GO:0045494; GO:0050953; GO:0050957; GO:0051480; GO:0060088; GO:0060091; GO:0090102; GO:0098683; GO:0098684; GO:0098742	photoreceptor inner segment; calcium ion binding; protein binding; centrosome; calcium ion transport; homophilic cell adhesion via plasma membrane adhesion molecules; visual perception; sensory perception of sound; locomotory behavior; beta-catenin binding; membrane; calcium-dependent cell-cell adhesion via plasma membrane cell adhesion molecules; catenin complex; cell migration; neuron projection development; stereocilium; stereocilium tip; cadherin binding; photoreceptor cell maintenance; sensory perception of light stimulus; equilibrioception; regulation of cytosolic calcium ion concentration; auditory receptor cell stereocilium organization; kinocilium; cochlea development; cochlear hair cell ribbon synapse; photoreceptor ribbon synapse; cell-cell adhesion via plasma-membrane adhesion molecules	0.3489	0.01519	0	0.3181818181818182	0.36363636363636365	0.0	0.0625	0.0625
CDHR1	I14_OG000491	Q96JP9	ENSG00000148600	cadherin related family member 1	GO:0005509; GO:0005886; GO:0007155; GO:0007156; GO:0008594; GO:0035845; GO:0042622; GO:0045494	calcium ion binding; plasma membrane; cell adhesion; homophilic cell adhesion via plasma membrane adhesion molecules; photoreceptor cell morphogenesis; photoreceptor cell outer segment organization; photoreceptor outer segment membrane; photoreceptor cell maintenance	0.3489	0.01519	0	0.3181818181818182	0.36363636363636365	0.0	0.0625	0.0625
CDHR2	I14_OG000491	Q9BYE9	ENSG00000074276	cadherin related family member 2	GO:0005509; GO:0005515; GO:0005886; GO:0005902; GO:0005903; GO:0007156; GO:0016324; GO:0030855; GO:0031526; GO:0031528; GO:0032532; GO:0044331; GO:0050839; GO:0060243; GO:0070062; GO:0070161; GO:0090675; GO:1904970	calcium ion binding; protein binding; plasma membrane; microvillus; brush border; homophilic cell adhesion via plasma membrane adhesion molecules; apical plasma membrane; epithelial cell differentiation; brush border membrane; microvillus membrane; regulation of microvillus length; cell-cell adhesion mediated by cadherin; cell adhesion molecule binding; negative regulation of cell growth involved in contact inhibition; extracellular exosome; anchoring junction; intermicrovillar adhesion; brush border assembly	0.3489	0.01519	0	0.3181818181818182	0.36363636363636365	0.0	0.0625	0.0625
CDHR3	I14_OG000491	Q6ZTQ4	ENSG00000128536	cadherin related family member 3	GO:0000902; GO:0001618; GO:0005509; GO:0005515; GO:0005886; GO:0005912; GO:0007043; GO:0007156; GO:0008013; GO:0016339; GO:0016342; GO:0016477; GO:0034332; GO:0044331; GO:0045296; GO:0046718	cell morphogenesis; virus receptor activity; calcium ion binding; protein binding; plasma membrane; adherens junction; cell-cell junction assembly; homophilic cell adhesion via plasma membrane adhesion molecules; beta-catenin binding; calcium-dependent cell-cell adhesion via plasma membrane cell adhesion molecules; catenin complex; cell migration; adherens junction organization; cell-cell adhesion mediated by cadherin; cadherin binding; symbiont entry into host cell	0.3489	0.01519	0	0.3181818181818182	0.36363636363636365	0.0	0.0625	0.0625
CDHR4	I14_OG000491	A6H8M9	ENSG00000187492	cadherin related family member 4	GO:0005509; GO:0005886; GO:0007155; GO:0007156	calcium ion binding; plasma membrane; cell adhesion; homophilic cell adhesion via plasma membrane adhesion molecules	0.3489	0.01519	0	0.3181818181818182	0.36363636363636365	0.0	0.0625	0.0625
CDHR5	I14_OG000491	Q9HBB8	ENSG00000099834	cadherin related family member 5	GO:0005509; GO:0005515; GO:0005886; GO:0005902; GO:0005905; GO:0007155; GO:0007156; GO:0008013; GO:0016324; GO:0030154; GO:0031526; GO:0031528; GO:0032532; GO:0050839; GO:0070062; GO:0090675; GO:1904970	calcium ion binding; protein binding; plasma membrane; microvillus; clathrin-coated pit; cell adhesion; homophilic cell adhesion via plasma membrane adhesion molecules; beta-catenin binding; apical plasma membrane; cell differentiation; brush border membrane; microvillus membrane; regulation of microvillus length; cell adhesion molecule binding; extracellular exosome; intermicrovillar adhesion; brush border assembly	0.3489	0.01519	0	0.3181818181818182	0.36363636363636365	0.0	0.0625	0.0625
CDHR5	I14_OG000491	Q9HBB8	ENSG00000273572	cadherin related family member 5	GO:0005509; GO:0005515; GO:0005886; GO:0005902; GO:0005905; GO:0007155; GO:0007156; GO:0008013; GO:0016324; GO:0030154; GO:0031526; GO:0031528; GO:0032532; GO:0050839; GO:0070062; GO:0090675; GO:1904970	calcium ion binding; protein binding; plasma membrane; microvillus; clathrin-coated pit; cell adhesion; homophilic cell adhesion via plasma membrane adhesion molecules; beta-catenin binding; apical plasma membrane; cell differentiation; brush border membrane; microvillus membrane; regulation of microvillus length; cell adhesion molecule binding; extracellular exosome; intermicrovillar adhesion; brush border assembly	0.3489	0.01519	0	0.3181818181818182	0.36363636363636365	0.0	0.0625	0.0625
CDK5RAP3	I14_OG004891	Q96JB5	ENSG00000108465	CDK5 regulatory subunit associated protein 3	GO:0000079; GO:0001889; GO:0001933; GO:0005515; GO:0005634; GO:0005730; GO:0005737; GO:0005789; GO:0005813; GO:0005829; GO:0005874; GO:0007095; GO:0007346; GO:0007420; GO:0008283; GO:0010921; GO:0012505; GO:0016020; GO:0019901; GO:0030262; GO:0030332; GO:0030968; GO:0031398; GO:0032088; GO:0032790; GO:0032991; GO:0034976; GO:0042177; GO:0043231; GO:0043407; GO:0044387; GO:0044389; GO:0044818; GO:0045664; GO:0045944; GO:0051019; GO:0051059; GO:0060318; GO:0071569; GO:0071901; GO:0072344; GO:0097371; GO:0140501; GO:1900182; GO:1901798; GO:1990756	regulation of cyclin-dependent protein serine/threonine kinase activity; liver development; negative regulation of protein phosphorylation; protein binding; nucleus; nucleolus; cytoplasm; endoplasmic reticulum membrane; centrosome; cytosol; microtubule; mitotic G2 DNA damage checkpoint signaling; regulation of mitotic cell cycle; brain development; cell population proliferation; regulation of phosphatase activity; endomembrane system; membrane; protein kinase binding; apoptotic nuclear changes; cyclin binding; endoplasmic reticulum unfolded protein response; positive regulation of protein ubiquitination; negative regulation of NF-kappaB transcription factor activity; ribosome disassembly; protein-containing complex; response to endoplasmic reticulum stress; negative regulation of protein catabolic process; intracellular membrane-bounded organelle; negative regulation of MAP kinase activity; negative regulation of protein kinase activity by regulation of protein phosphorylation; ubiquitin-like protein ligase binding; mitotic G2/M transition checkpoint; regulation of neuron differentiation; positive regulation of transcription by RNA polymerase II; mitogen-activated protein kinase binding; NF-kappaB binding; definitive erythrocyte differentiation; protein ufmylation; negative regulation of protein serine/threonine kinase activity; rescue of stalled ribosome; MDM2/MDM4 family protein binding; positive regulation of reticulophagy; positive regulation of protein localization to nucleus; positive regulation of signal transduction by p53 class mediator; ubiquitin-like ligase-substrate adaptor activity	0.927	0	1	1.0	1.0	0.0	0.0625	0.0625
CDPF1	I14_OG000504	Q6NVV7	ENSG00000205643	cysteine rich DPF motif domain containing 1	GO:0005515	protein binding	0.3464	0.00043	1.0	0.7272727272727273	0.7272727272727273	0.0	0.375	0.375
CDT1	I14_OG013368	Q9H211	ENSG00000167513	chromatin licensing and DNA replication factor 1	GO:0000076; GO:0000278; GO:0000776; GO:0003677; GO:0003682; GO:0005515; GO:0005634; GO:0005654; GO:0016604; GO:0030174; GO:0033262; GO:0035563; GO:0045740; GO:0045786; GO:0051301; GO:0051315; GO:0070182; GO:0071163; GO:0072708; GO:2000104; GO:2000105	DNA replication checkpoint signaling; mitotic cell cycle; kinetochore; DNA binding; chromatin binding; protein binding; nucleus; nucleoplasm; nuclear body; regulation of DNA-templated DNA replication initiation; regulation of nuclear cell cycle DNA replication; positive regulation of chromatin binding; positive regulation of DNA replication; negative regulation of cell cycle; cell division; attachment of mitotic spindle microtubules to kinetochore; DNA polymerase binding; DNA replication preinitiation complex assembly; response to sorbitol; negative regulation of DNA-templated DNA replication; positive regulation of DNA-templated DNA replication	0.3695	0.04274	0.0	0.45454545454545453	0.4545454545454546	0.0	0.125	0.125
CELSR1	I14_OG000491	Q9NYQ6	ENSG00000075275	cadherin EGF LAG seven-pass G-type receptor 1	GO:0001736; GO:0001764; GO:0001843; GO:0004930; GO:0005509; GO:0005654; GO:0005886; GO:0007156; GO:0007186; GO:0007266; GO:0007417; GO:0016020; GO:0032956; GO:0042249; GO:0045176; GO:0048105; GO:0060071; GO:0060488; GO:0060489; GO:0060490; GO:0090251; GO:0098609	establishment of planar polarity; neuron migration; neural tube closure; G protein-coupled receptor activity; calcium ion binding; nucleoplasm; plasma membrane; homophilic cell adhesion via plasma membrane adhesion molecules; G protein-coupled receptor signaling pathway; Rho protein signal transduction; central nervous system development; membrane; regulation of actin cytoskeleton organization; establishment of planar polarity of embryonic epithelium; apical protein localization; establishment of body hair planar orientation; Wnt signaling pathway, planar cell polarity pathway; orthogonal dichotomous subdivision of terminal units involved in lung branching morphogenesis; planar dichotomous subdivision of terminal units involved in lung branching morphogenesis; lateral sprouting involved in lung morphogenesis; protein localization involved in establishment of planar polarity; cell-cell adhesion	0.3489	0.01519	0	0.3181818181818182	0.36363636363636365	0.0	0.0625	0.0625
CELSR2	I14_OG000491	Q9HCU4	ENSG00000143126	cadherin EGF LAG seven-pass G-type receptor 2	GO:0003341; GO:0004930; GO:0005509; GO:0005737; GO:0005886; GO:0006355; GO:0007156; GO:0007186; GO:0016020; GO:0016055; GO:0021591; GO:0021999; GO:0022407; GO:0032880; GO:0033326; GO:0048813; GO:0060071; GO:0060271; GO:0097475; GO:0098609	cilium movement; G protein-coupled receptor activity; calcium ion binding; cytoplasm; plasma membrane; regulation of DNA-templated transcription; homophilic cell adhesion via plasma membrane adhesion molecules; G protein-coupled receptor signaling pathway; membrane; Wnt signaling pathway; ventricular system development; neural plate anterior/posterior regionalization; regulation of cell-cell adhesion; regulation of protein localization; cerebrospinal fluid secretion; dendrite morphogenesis; Wnt signaling pathway, planar cell polarity pathway; cilium assembly; motor neuron migration; cell-cell adhesion	0.3489	0.01519	0	0.3181818181818182	0.36363636363636365	0.0	0.0625	0.0625
CELSR3	I14_OG000491	Q9NYQ7	ENSG00000008300	cadherin EGF LAG seven-pass G-type receptor 3	GO:0004930; GO:0005509; GO:0005515; GO:0005886; GO:0007156; GO:0007186; GO:0016020; GO:0036514; GO:0036515; GO:0060071; GO:0098609	G protein-coupled receptor activity; calcium ion binding; protein binding; plasma membrane; homophilic cell adhesion via plasma membrane adhesion molecules; G protein-coupled receptor signaling pathway; membrane; dopaminergic neuron axon guidance; serotonergic neuron axon guidance; Wnt signaling pathway, planar cell polarity pathway; cell-cell adhesion	0.3489	0.01519	0	0.3181818181818182	0.36363636363636365	0.0	0.0625	0.0625
CENPN	I14_OG013283	Q96H22	ENSG00000166451	centromere protein N	GO:0000939; GO:0005515; GO:0005634; GO:0005654; GO:0005829; GO:0007059; GO:0034080	inner kinetochore; protein binding; nucleus; nucleoplasm; cytosol; chromosome segregation; CENP-A containing chromatin assembly	0.3411	0.0376	0	0.18181818181818182	0.18181818181818177	0.0	0.0	0.0
CENPN	I14_OG013283	Q96H22	ENSG00000291964	centromere protein N	GO:0000939; GO:0005515; GO:0005634; GO:0005654; GO:0005829; GO:0007059; GO:0034080	inner kinetochore; protein binding; nucleus; nucleoplasm; cytosol; chromosome segregation; CENP-A containing chromatin assembly	0.3411	0.0376	0	0.18181818181818182	0.18181818181818177	0.0	0.0	0.0
CEP131	I14_OG000555	Q9UPN4	ENSG00000141577	centrosomal protein 131	GO:0001669; GO:0002177; GO:0005515; GO:0005654; GO:0005813; GO:0005814; GO:0005829; GO:0007288; GO:0008284; GO:0010824; GO:0031965; GO:0034451; GO:0035735; GO:0035869; GO:0036064; GO:0042803; GO:0044877; GO:0060271; GO:0071539; GO:0090316; GO:0120212; GO:1905198; GO:1905515; GO:1990953	acrosomal vesicle; manchette; protein binding; nucleoplasm; centrosome; centriole; cytosol; sperm axoneme assembly; positive regulation of cell population proliferation; regulation of centrosome duplication; nuclear membrane; centriolar satellite; intraciliary transport involved in cilium assembly; ciliary transition zone; ciliary basal body; protein homodimerization activity; protein-containing complex binding; cilium assembly; protein localization to centrosome; positive regulation of intracellular protein transport; sperm head-tail coupling apparatus; manchette assembly; non-motile cilium assembly; intramanchette transport	0.3807	0.00188	1	0.8181818181818182	0.8181818181818181	0.0	0.4375	0.4375
CEP20	I14_OG004066	Q96NB1	ENSG00000133393	centrosomal protein 20	GO:0005515; GO:0005654; GO:0005737; GO:0005813; GO:0005814; GO:0031514; GO:0034451; GO:0034453; GO:0036064; GO:0042802; GO:0060271	protein binding; nucleoplasm; cytoplasm; centrosome; centriole; motile cilium; centriolar satellite; microtubule anchoring; ciliary basal body; identical protein binding; cilium assembly	0.4798	0.04164	1	0.9090909090909091	0.9090909090909091	0.0	0.4375	0.4375
CEP20	I14_OG004066	Q96NB1	ENSG00000276914	centrosomal protein 20	GO:0005515; GO:0005654; GO:0005737; GO:0005813; GO:0005814; GO:0031514; GO:0034451; GO:0034453; GO:0036064; GO:0042802; GO:0060271	protein binding; nucleoplasm; cytoplasm; centrosome; centriole; motile cilium; centriolar satellite; microtubule anchoring; ciliary basal body; identical protein binding; cilium assembly	0.4798	0.04164	1	0.9090909090909091	0.9090909090909091	0.0	0.4375	0.4375
CEP350	I14_OG004784	Q5VT06	ENSG00000135837	centrosomal protein 350	GO:0005515; GO:0005634; GO:0005737; GO:0005813; GO:0005814; GO:0005819; GO:0008017; GO:0016020; GO:0034453; GO:0042995; GO:0071539; GO:1905515	protein binding; nucleus; cytoplasm; centrosome; centriole; spindle; microtubule binding; membrane; microtubule anchoring; cell projection; protein localization to centrosome; non-motile cilium assembly	0.4479	0.03814	1	0.6363636363636364	0.7272727272727273	0.0	0.21875	0.25
CEP43	I14_OG004066	O95684	ENSG00000213066	centrosomal protein 43	GO:0005515; GO:0005634; GO:0005813; GO:0005814; GO:0005829; GO:0006469; GO:0008284; GO:0019901; GO:0030030; GO:0030292; GO:0030307; GO:0030335; GO:0034453; GO:0042803; GO:0042995; GO:0048471	protein binding; nucleus; centrosome; centriole; cytosol; negative regulation of protein kinase activity; positive regulation of cell population proliferation; protein kinase binding; cell projection organization; protein tyrosine kinase inhibitor activity; positive regulation of cell growth; positive regulation of cell migration; microtubule anchoring; protein homodimerization activity; cell projection; perinuclear region of cytoplasm	0.4798	0.04164	1	0.9090909090909091	0.9090909090909091	0.0	0.4375	0.4375
CFAP92	I14_OG013166	Q9ULG3	ENSG00000114656	cilia and flagella associated protein 92 (putative)	NA	NA	0.4238	0.01903	1	0.5909090909090909	0.6363636363636364	0.0	0.1875	0.1875
CH25H	I14_OG000571	O95992	ENSG00000138135	cholesterol 25-hydroxylase	GO:0000254; GO:0001567; GO:0005506; GO:0005515; GO:0005789; GO:0005829; GO:0006629; GO:0008203; GO:0008395; GO:0016126; GO:0034340; GO:0035754; GO:0090206; GO:1903914	C-4 methylsterol oxidase activity; cholesterol 25-hydroxylase activity; iron ion binding; protein binding; endoplasmic reticulum membrane; cytosol; lipid metabolic process; cholesterol metabolic process; steroid hydroxylase activity; sterol biosynthetic process; response to type I interferon; B cell chemotaxis; negative regulation of cholesterol metabolic process; negative regulation of fusion of virus membrane with host plasma membrane	0.3355	0.02812	1	0.9545454545454546	1.0	1.0	0.6875	0.6875
CIITA	I14_OG000435	P33076	ENSG00000179583	class II major histocompatibility complex transactivator	GO:0000122; GO:0000976; GO:0003713; GO:0004676; GO:0004677; GO:0004679; GO:0004694; GO:0004711; GO:0005515; GO:0005524; GO:0005525; GO:0005654; GO:0005829; GO:0006338; GO:0006955; GO:0016605; GO:0016746; GO:0032966; GO:0034341; GO:0035175; GO:0035402; GO:0035403; GO:0035979; GO:0044022; GO:0044023; GO:0044024; GO:0044025; GO:0044877; GO:0045345; GO:0045348; GO:0045892; GO:0045893; GO:0045944; GO:0046597; GO:0046677; GO:0072354; GO:0072371; GO:0072518; GO:0106310; GO:0140297; GO:0140823; GO:0140855; GO:0140857; GO:1990244	negative regulation of transcription by RNA polymerase II; transcription cis-regulatory region binding; transcription coactivator activity; 3-phosphoinositide-dependent protein kinase activity; DNA-dependent protein kinase activity; AMP-activated protein kinase activity; eukaryotic translation initiation factor 2alpha kinase activity; ribosomal protein S6 kinase activity; protein binding; ATP binding; GTP binding; nucleoplasm; cytosol; chromatin remodeling; immune response; PML body; acyltransferase activity; negative regulation of collagen biosynthetic process; response to type II interferon; histone H3S10 kinase activity; histone H3T11 kinase activity; histone H3T6 kinase activity; histone H2AXS139 kinase activity; histone H3S28 kinase activity; histone H4S1 kinase activity; histone H2AS1 kinase activity; histone H2BS14 kinase activity; protein-containing complex binding; positive regulation of MHC class I biosynthetic process; positive regulation of MHC class II biosynthetic process; negative regulation of DNA-templated transcription; positive regulation of DNA-templated transcription; positive regulation of transcription by RNA polymerase II; host-mediated suppression of symbiont invasion; response to antibiotic; histone H3T3 kinase activity; histone H2AS121 kinase activity; Rho-dependent protein serine/threonine kinase activity; protein serine kinase activity; DNA-binding transcription factor binding; histone H2BS36 kinase activity; histone H3S57 kinase activity; histone H3T45 kinase activity; histone H2AT120 kinase activity	0.3807	0.00222	1	0.8181818181818182	0.8181818181818181	0.0	0.4375	0.4375
CILK1	I14_OG000544	Q9UPZ9	ENSG00000112144	ciliogenesis associated kinase 1	GO:0000287; GO:0001650; GO:0004672; GO:0004674; GO:0004676; GO:0004677; GO:0004679; GO:0004694; GO:0004711; GO:0005515; GO:0005524; GO:0005634; GO:0005737; GO:0005829; GO:0005929; GO:0006338; GO:0006468; GO:0007165; GO:0035175; GO:0035402; GO:0035403; GO:0035556; GO:0035720; GO:0035721; GO:0035979; GO:0036064; GO:0042073; GO:0044022; GO:0044023; GO:0044024; GO:0044025; GO:0060271; GO:0072354; GO:0072371; GO:0072518; GO:0097542; GO:0097546; GO:0106310; GO:0140823; GO:0140855; GO:0140857; GO:1990244	magnesium ion binding; fibrillar center; protein kinase activity; protein serine/threonine kinase activity; 3-phosphoinositide-dependent protein kinase activity; DNA-dependent protein kinase activity; AMP-activated protein kinase activity; eukaryotic translation initiation factor 2alpha kinase activity; ribosomal protein S6 kinase activity; protein binding; ATP binding; nucleus; cytoplasm; cytosol; cilium; chromatin remodeling; protein phosphorylation; signal transduction; histone H3S10 kinase activity; histone H3T11 kinase activity; histone H3T6 kinase activity; intracellular signal transduction; intraciliary anterograde transport; intraciliary retrograde transport; histone H2AXS139 kinase activity; ciliary basal body; intraciliary transport; histone H3S28 kinase activity; histone H4S1 kinase activity; histone H2AS1 kinase activity; histone H2BS14 kinase activity; cilium assembly; histone H3T3 kinase activity; histone H2AS121 kinase activity; Rho-dependent protein serine/threonine kinase activity; ciliary tip; ciliary base; protein serine kinase activity; histone H2BS36 kinase activity; histone H3S57 kinase activity; histone H3T45 kinase activity; histone H2AT120 kinase activity	0.4432	0.01356	1	1.0	1.0	1.0	0.625	0.625
CLCN6	I20_OG000428	P51797	ENSG00000011021	chloride voltage-gated channel 6	GO:0005247; GO:0005524; GO:0005765; GO:0006821; GO:0006884; GO:0007165; GO:0009612; GO:0010008; GO:0015108; GO:0015297; GO:0016020; GO:0031902; GO:0034220; GO:0043231; GO:1902476	voltage-gated chloride channel activity; ATP binding; lysosomal membrane; chloride transport; cell volume homeostasis; signal transduction; response to mechanical stimulus; endosome membrane; chloride transmembrane transporter activity; antiporter activity; membrane; late endosome membrane; monoatomic ion transmembrane transport; intracellular membrane-bounded organelle; chloride transmembrane transport	0.4264	0.01731	1	0.9090909090909091	0.9090909090909091	0.5	0.5	0.5
CLCN7	I20_OG000428	P51798	ENSG00000103249	chloride voltage-gated channel 7	GO:0005247; GO:0005254; GO:0005515; GO:0005524; GO:0005765; GO:0015108; GO:0015297; GO:0016020; GO:0030321; GO:0034707; GO:0043231; GO:1902476	voltage-gated chloride channel activity; chloride channel activity; protein binding; ATP binding; lysosomal membrane; chloride transmembrane transporter activity; antiporter activity; membrane; transepithelial chloride transport; chloride channel complex; intracellular membrane-bounded organelle; chloride transmembrane transport	0.4264	0.01731	1	0.9090909090909091	0.9090909090909091	0.5	0.5	0.5
CLIP1	I14_OG004784	P30622	ENSG00000130779	CAP-Gly domain containing linker protein 1	GO:0000278; GO:0000776; GO:0001578; GO:0001726; GO:0005515; GO:0005634; GO:0005813; GO:0005829; GO:0005874; GO:0005882; GO:0005886; GO:0005938; GO:0008017; GO:0008270; GO:0015630; GO:0015631; GO:0030659; GO:0031116; GO:0031122; GO:0035371; GO:0042802; GO:0044354; GO:0051010	mitotic cell cycle; kinetochore; microtubule bundle formation; ruffle; protein binding; nucleus; centrosome; cytosol; microtubule; intermediate filament; plasma membrane; cell cortex; microtubule binding; zinc ion binding; microtubule cytoskeleton; tubulin binding; cytoplasmic vesicle membrane; positive regulation of microtubule polymerization; cytoplasmic microtubule organization; microtubule plus-end; identical protein binding; macropinosome; microtubule plus-end binding	0.4479	0.03814	1	0.6363636363636364	0.7272727272727273	0.0	0.21875	0.25
CLIP2	I14_OG004784	Q9UDT6	ENSG00000106665	CAP-Gly domain containing linker protein 2	GO:0005634; GO:0005875; GO:0005938; GO:0008017; GO:0031122; GO:0035371; GO:0051010	nucleus; microtubule associated complex; cell cortex; microtubule binding; cytoplasmic microtubule organization; microtubule plus-end; microtubule plus-end binding	0.4479	0.03814	1	0.6363636363636364	0.7272727272727273	0.0	0.21875	0.25
CLIP3	I14_OG004784	Q96DZ5	ENSG00000105270	CAP-Gly domain containing linker protein 3	GO:0001934; GO:0005515; GO:0005634; GO:0005795; GO:0005802; GO:0005829; GO:0005886; GO:0005938; GO:0008017; GO:0010828; GO:0018230; GO:0031115; GO:0031122; GO:0031901; GO:0032588; GO:0035371; GO:0035594; GO:0043065; GO:0044091; GO:0045121; GO:0045444; GO:0045807; GO:0051010; GO:0055038; GO:0098840; GO:1903078	positive regulation of protein phosphorylation; protein binding; nucleus; Golgi stack; trans-Golgi network; cytosol; plasma membrane; cell cortex; microtubule binding; positive regulation of D-glucose transmembrane transport; peptidyl-L-cysteine S-palmitoylation; negative regulation of microtubule polymerization; cytoplasmic microtubule organization; early endosome membrane; trans-Golgi network membrane; microtubule plus-end; ganglioside binding; positive regulation of apoptotic process; membrane biogenesis; membrane raft; fat cell differentiation; positive regulation of endocytosis; microtubule plus-end binding; recycling endosome membrane; protein transport along microtubule; positive regulation of protein localization to plasma membrane	0.4479	0.03814	1	0.6363636363636364	0.7272727272727273	0.0	0.21875	0.25
CLIP4	I14_OG004784	Q8N3C7	ENSG00000115295	CAP-Gly domain containing linker protein family member 4	GO:0005515; GO:0005634; GO:0005938; GO:0031122; GO:0035371; GO:0043231; GO:0051010	protein binding; nucleus; cell cortex; cytoplasmic microtubule organization; microtubule plus-end; intracellular membrane-bounded organelle; microtubule plus-end binding	0.4479	0.03814	1	0.6363636363636364	0.7272727272727273	0.0	0.21875	0.25
CLSTN1	I14_OG000491	O94985	ENSG00000171603	calsyntenin 1	GO:0000139; GO:0001540; GO:0001558; GO:0005509; GO:0005515; GO:0005576; GO:0005634; GO:0005789; GO:0007155; GO:0007156; GO:0009986; GO:0014069; GO:0019894; GO:0042988; GO:0043005; GO:0045211; GO:0050806; GO:0051965; GO:0090128; GO:0098845; GO:0098969; GO:0098978; GO:0099003	Golgi membrane; amyloid-beta binding; regulation of cell growth; calcium ion binding; protein binding; extracellular region; nucleus; endoplasmic reticulum membrane; cell adhesion; homophilic cell adhesion via plasma membrane adhesion molecules; cell surface; postsynaptic density; kinesin binding; X11-like protein binding; neuron projection; postsynaptic membrane; positive regulation of synaptic transmission; positive regulation of synapse assembly; regulation of synapse maturation; postsynaptic endosome; neurotransmitter receptor transport to postsynaptic membrane; glutamatergic synapse; vesicle-mediated transport in synapse	0.3489	0.01519	0	0.3181818181818182	0.36363636363636365	0.0	0.0625	0.0625
CLSTN2	I14_OG000491	Q9H4D0	ENSG00000158258	calsyntenin 2	GO:0000139; GO:0005509; GO:0005789; GO:0007156; GO:0008306; GO:0009986; GO:0030425; GO:0045211; GO:0050806; GO:0051965; GO:0098839; GO:0098978; GO:1904862	Golgi membrane; calcium ion binding; endoplasmic reticulum membrane; homophilic cell adhesion via plasma membrane adhesion molecules; associative learning; cell surface; dendrite; postsynaptic membrane; positive regulation of synaptic transmission; positive regulation of synapse assembly; postsynaptic density membrane; glutamatergic synapse; inhibitory synapse assembly	0.3489	0.01519	0	0.3181818181818182	0.36363636363636365	0.0	0.0625	0.0625
CLSTN3	I14_OG000491	Q9BQT9	ENSG00000139182	calsyntenin 3	GO:0000139; GO:0001558; GO:0004857; GO:0005509; GO:0005515; GO:0005789; GO:0005811; GO:0007156; GO:0007416; GO:0009306; GO:0009986; GO:0010888; GO:0019852; GO:0030425; GO:0032991; GO:0035249; GO:0042043; GO:0044232; GO:0045211; GO:0050806; GO:0050996; GO:0051932; GO:0051963; GO:0051965; GO:0097490; GO:0098609; GO:0098632; GO:0098839; GO:0098978; GO:0098982; GO:0106106; GO:0160078; GO:1902474; GO:1904861; GO:1904862; GO:1904889; GO:1904890; GO:1905606; GO:1905704; GO:1990845	Golgi membrane; regulation of cell growth; enzyme inhibitor activity; calcium ion binding; protein binding; endoplasmic reticulum membrane; lipid droplet; homophilic cell adhesion via plasma membrane adhesion molecules; synapse assembly; protein secretion; cell surface; negative regulation of lipid storage; L-ascorbic acid metabolic process; dendrite; protein-containing complex; synaptic transmission, glutamatergic; neurexin family protein binding; organelle membrane contact site; postsynaptic membrane; positive regulation of synaptic transmission; positive regulation of lipid catabolic process; synaptic transmission, GABAergic; regulation of synapse assembly; positive regulation of synapse assembly; sympathetic neuron projection extension; cell-cell adhesion; cell-cell adhesion mediator activity; postsynaptic density membrane; glutamatergic synapse; GABA-ergic synapse; cold-induced thermogenesis; negative regulation of lipid droplet fusion; positive regulation of protein localization to synapse; excitatory synapse assembly; inhibitory synapse assembly; regulation of excitatory synapse assembly; negative regulation of excitatory synapse assembly; regulation of presynapse assembly; positive regulation of inhibitory synapse assembly; adaptive thermogenesis	0.3489	0.01519	0	0.3181818181818182	0.36363636363636365	0.0	0.0625	0.0625
CLSTN3	I14_OG000491	Q9BQT9	ENSG00000288427	calsyntenin 3	GO:0000139; GO:0001558; GO:0004857; GO:0005509; GO:0005515; GO:0005789; GO:0005811; GO:0007156; GO:0007416; GO:0009306; GO:0009986; GO:0010888; GO:0019852; GO:0030425; GO:0032991; GO:0035249; GO:0042043; GO:0044232; GO:0045211; GO:0050806; GO:0050996; GO:0051932; GO:0051963; GO:0051965; GO:0097490; GO:0098609; GO:0098632; GO:0098839; GO:0098978; GO:0098982; GO:0106106; GO:0160078; GO:1902474; GO:1904861; GO:1904862; GO:1904889; GO:1904890; GO:1905606; GO:1905704; GO:1990845	Golgi membrane; regulation of cell growth; enzyme inhibitor activity; calcium ion binding; protein binding; endoplasmic reticulum membrane; lipid droplet; homophilic cell adhesion via plasma membrane adhesion molecules; synapse assembly; protein secretion; cell surface; negative regulation of lipid storage; L-ascorbic acid metabolic process; dendrite; protein-containing complex; synaptic transmission, glutamatergic; neurexin family protein binding; organelle membrane contact site; postsynaptic membrane; positive regulation of synaptic transmission; positive regulation of lipid catabolic process; synaptic transmission, GABAergic; regulation of synapse assembly; positive regulation of synapse assembly; sympathetic neuron projection extension; cell-cell adhesion; cell-cell adhesion mediator activity; postsynaptic density membrane; glutamatergic synapse; GABA-ergic synapse; cold-induced thermogenesis; negative regulation of lipid droplet fusion; positive regulation of protein localization to synapse; excitatory synapse assembly; inhibitory synapse assembly; regulation of excitatory synapse assembly; negative regulation of excitatory synapse assembly; regulation of presynapse assembly; positive regulation of inhibitory synapse assembly; adaptive thermogenesis	0.3489	0.01519	0	0.3181818181818182	0.36363636363636365	0.0	0.0625	0.0625
CMAS	I14_OG006826	Q8NFW8	ENSG00000111726	cytidine monophosphate N-acetylneuraminic acid synthetase	GO:0005634; GO:0005654; GO:0006054; GO:0006055; GO:0008781; GO:0016020; GO:0070085	nucleus; nucleoplasm; N-acetylneuraminate metabolic process; CMP-N-acetylneuraminate biosynthetic process; N-acylneuraminate cytidylyltransferase activity; membrane; glycosylation	0.4524	0.00062	1.0	0.5454545454545454	0.5454545454545454	0.0	0.125	0.125
CNBP	I14_OG013162	P62633	ENSG00000169714	CCHC-type zinc finger nucleic acid binding protein	GO:0000122; GO:0003723; GO:0003727; GO:0003729; GO:0005515; GO:0005737; GO:0005783; GO:0005829; GO:0006355; GO:0008270; GO:0008284; GO:0042632; GO:0045182; GO:0045893; GO:0045944; GO:0051880; GO:0071919; GO:2000767	negative regulation of transcription by RNA polymerase II; RNA binding; single-stranded RNA binding; mRNA binding; protein binding; cytoplasm; endoplasmic reticulum; cytosol; regulation of DNA-templated transcription; zinc ion binding; positive regulation of cell population proliferation; cholesterol homeostasis; translation regulator activity; positive regulation of DNA-templated transcription; positive regulation of transcription by RNA polymerase II; G-quadruplex DNA binding; G-quadruplex DNA formation; positive regulation of cytoplasmic translation	0.5345	0.02834	1	0.8636363636363636	0.9090909090909091	0.0	0.34375	0.375
CNFN	I14_OG000682	Q9BYD5	ENSG00000105427	cornifelin	GO:0001533; GO:0005515; GO:0005737; GO:0031424	cornified envelope; protein binding; cytoplasm; keratinization	0.4238	0.00308	1	0.5909090909090909	0.6363636363636364	0.0	0.1875	0.1875
COMMD2	I14_OG006829	Q86X83	ENSG00000114744	COMM domain containing 2	GO:0005515; GO:0005737	protein binding; cytoplasm	0.516	0.00182	0.5	0.5	0.5454545454545454	0.0	0.0625	0.0625
COMMD3	I14_OG007406	Q9UBI1	ENSG00000148444	COMM domain containing 3	GO:0005515; GO:0005576; GO:0005634; GO:0006814; GO:1904813	protein binding; extracellular region; nucleus; sodium ion transport; ficolin-1-rich granule lumen	0.4792	0.00356	0.5	0.5	0.5454545454545454	0.0	0.09375	0.125
COMMD5	I14_OG008417	Q9GZQ3	ENSG00000170619	COMM domain containing 5	GO:0005515; GO:0005634; GO:0005654; GO:0005829	protein binding; nucleus; nucleoplasm; cytosol	0.516	0.00119	0.5	0.5	0.5454545454545454	0.0	0.0625	0.0625
COMMD6	I14_OG008806	Q7Z4G1	ENSG00000188243	COMM domain containing 6	GO:0005515; GO:0005634; GO:0005737; GO:0007165; GO:0032088; GO:0051059	protein binding; nucleus; cytoplasm; signal transduction; negative regulation of NF-kappaB transcription factor activity; NF-kappaB binding	0.4354	0.03482	0.0	0.4090909090909091	0.4545454545454546	0.0	0.0625	0.0625
COMMD7	I14_OG008806	Q86VX2	ENSG00000149600	COMM domain containing 7	GO:0005515; GO:0031410; GO:0032088; GO:0033209; GO:0045892; GO:0051059	protein binding; cytoplasmic vesicle; negative regulation of NF-kappaB transcription factor activity; tumor necrosis factor-mediated signaling pathway; negative regulation of DNA-templated transcription; NF-kappaB binding	0.4354	0.03482	0.0	0.4090909090909091	0.4545454545454546	0.0	0.0625	0.0625
COMMD8	I14_OG009316	Q9NX08	ENSG00000169019	COMM domain containing 8	GO:0005515; GO:0005654; GO:0005829; GO:0007165; GO:0051059	protein binding; nucleoplasm; cytosol; signal transduction; NF-kappaB binding	0.3489	0.02983	0	0.3181818181818182	0.36363636363636365	0.0	0.0625	0.0625
CPNE1	I60_OG000111	Q99829	ENSG00000214078	copine 1	GO:0001786; GO:0004175; GO:0005509; GO:0005515; GO:0005544; GO:0005634; GO:0005654; GO:0005737; GO:0005829; GO:0005886; GO:0006508; GO:0006629; GO:0010629; GO:0016020; GO:0016192; GO:0031965; GO:0035577; GO:0042802; GO:0043122; GO:0043392; GO:0045666; GO:0051059; GO:0051897; GO:0070062; GO:0071277; GO:1901223; GO:1903265; GO:1990138	phosphatidylserine binding; endopeptidase activity; calcium ion binding; protein binding; calcium-dependent phospholipid binding; nucleus; nucleoplasm; cytoplasm; cytosol; plasma membrane; proteolysis; lipid metabolic process; negative regulation of gene expression; membrane; vesicle-mediated transport; nuclear membrane; azurophil granule membrane; identical protein binding; regulation of canonical NF-kappaB signal transduction; negative regulation of DNA binding; positive regulation of neuron differentiation; NF-kappaB binding; positive regulation of phosphatidylinositol 3-kinase/protein kinase B signal transduction; extracellular exosome; cellular response to calcium ion; negative regulation of non-canonical NF-kappaB signal transduction; positive regulation of tumor necrosis factor-mediated signaling pathway; neuron projection extension	0.495	4e-05	1.0	0.8636363636363636	0.9090909090909091	0.0	0.375	0.375
CPNE2	I60_OG000111	Q96FN4	ENSG00000140848	copine 2	GO:0005515; GO:0005544; GO:0005634; GO:0005737; GO:0005886; GO:0046872; GO:0070062; GO:0071277	protein binding; calcium-dependent phospholipid binding; nucleus; cytoplasm; plasma membrane; metal ion binding; extracellular exosome; cellular response to calcium ion	0.495	4e-05	1.0	0.8636363636363636	0.9090909090909091	0.0	0.375	0.375
CPNE3	I60_OG000111	O75131	ENSG00000085719	copine 3	GO:0003723; GO:0004674; GO:0005515; GO:0005544; GO:0005634; GO:0005654; GO:0005730; GO:0005737; GO:0005739; GO:0005829; GO:0005886; GO:0005925; GO:0030054; GO:0030335; GO:0030971; GO:0035577; GO:0038128; GO:0046872; GO:0048306; GO:0070062; GO:0071277; GO:0071363	RNA binding; protein serine/threonine kinase activity; protein binding; calcium-dependent phospholipid binding; nucleus; nucleoplasm; nucleolus; cytoplasm; mitochondrion; cytosol; plasma membrane; focal adhesion; cell junction; positive regulation of cell migration; receptor tyrosine kinase binding; azurophil granule membrane; ERBB2 signaling pathway; metal ion binding; calcium-dependent protein binding; extracellular exosome; cellular response to calcium ion; cellular response to growth factor stimulus	0.495	4e-05	1.0	0.8636363636363636	0.9090909090909091	0.0	0.375	0.375
CPNE4	I60_OG000111	Q96A23	ENSG00000196353	copine 4	GO:0005515; GO:0005544; GO:0005886; GO:0046872; GO:0070062; GO:0071277; GO:0098978	protein binding; calcium-dependent phospholipid binding; plasma membrane; metal ion binding; extracellular exosome; cellular response to calcium ion; glutamatergic synapse	0.495	4e-05	1.0	0.8636363636363636	0.9090909090909091	0.0	0.375	0.375
CPNE5	I60_OG000111	Q9HCH3	ENSG00000124772	copine 5	GO:0005544; GO:0005886; GO:0030154; GO:0043005; GO:0043204; GO:0046872; GO:0070062; GO:0071277; GO:1903861	calcium-dependent phospholipid binding; plasma membrane; cell differentiation; neuron projection; perikaryon; metal ion binding; extracellular exosome; cellular response to calcium ion; positive regulation of dendrite extension	0.495	4e-05	1.0	0.8636363636363636	0.9090909090909091	0.0	0.375	0.375
CPNE6	I60_OG000111	O95741	ENSG00000100884	copine 6	GO:0001786; GO:0005509; GO:0005515; GO:0005544; GO:0005768; GO:0005886; GO:0016020; GO:0030154; GO:0030424; GO:0030425; GO:0043204; GO:0045334; GO:0070062; GO:0071277; GO:0098974; GO:1903861	phosphatidylserine binding; calcium ion binding; protein binding; calcium-dependent phospholipid binding; endosome; plasma membrane; membrane; cell differentiation; axon; dendrite; perikaryon; clathrin-coated endocytic vesicle; extracellular exosome; cellular response to calcium ion; postsynaptic actin cytoskeleton organization; positive regulation of dendrite extension	0.495	4e-05	1.0	0.8636363636363636	0.9090909090909091	0.0	0.375	0.375
CPNE6	I60_OG000111	O95741	ENSG00000285221	copine 6	GO:0001786; GO:0005509; GO:0005515; GO:0005544; GO:0005768; GO:0005886; GO:0016020; GO:0030154; GO:0030424; GO:0030425; GO:0043204; GO:0045334; GO:0070062; GO:0071277; GO:0098974; GO:1903861	phosphatidylserine binding; calcium ion binding; protein binding; calcium-dependent phospholipid binding; endosome; plasma membrane; membrane; cell differentiation; axon; dendrite; perikaryon; clathrin-coated endocytic vesicle; extracellular exosome; cellular response to calcium ion; postsynaptic actin cytoskeleton organization; positive regulation of dendrite extension	0.495	4e-05	1.0	0.8636363636363636	0.9090909090909091	0.0	0.375	0.375
CPNE7	I60_OG000111	Q9UBL6	ENSG00000178773	copine 7	GO:0005515; GO:0005544; GO:0005634; GO:0005737; GO:0005886; GO:0006629; GO:0045202; GO:0046872; GO:0070062; GO:0071277	protein binding; calcium-dependent phospholipid binding; nucleus; cytoplasm; plasma membrane; lipid metabolic process; synapse; metal ion binding; extracellular exosome; cellular response to calcium ion	0.495	4e-05	1.0	0.8636363636363636	0.9090909090909091	0.0	0.375	0.375
CPNE8	I60_OG000111	Q86YQ8	ENSG00000139117	copine 8	GO:0005515; GO:0005544; GO:0005886; GO:0046872; GO:0070062; GO:0071277	protein binding; calcium-dependent phospholipid binding; plasma membrane; metal ion binding; extracellular exosome; cellular response to calcium ion	0.495	4e-05	1.0	0.8636363636363636	0.9090909090909091	0.0	0.375	0.375
CPNE9	I60_OG000111	Q8IYJ1	ENSG00000144550	copine family member 9	GO:0005544; GO:0005615; GO:0005886; GO:0030154; GO:0046872; GO:0070062; GO:0071277; GO:1903861	calcium-dependent phospholipid binding; extracellular space; plasma membrane; cell differentiation; metal ion binding; extracellular exosome; cellular response to calcium ion; positive regulation of dendrite extension	0.495	4e-05	1.0	0.8636363636363636	0.9090909090909091	0.0	0.375	0.375
CPVL	I60_OG000109	Q9H3G5	ENSG00000106066	carboxypeptidase vitellogenic like	GO:0004185; GO:0006508; GO:0070062	serine-type carboxypeptidase activity; proteolysis; extracellular exosome	0.3185	0.04646	1	0.9090909090909091	0.9090909090909091	1.0	0.625	0.625
CRMP1	I14_OG001085	Q14194	ENSG00000072832	collapsin response mediator protein 1	GO:0005515; GO:0005813; GO:0005819; GO:0005829; GO:0006139; GO:0007399; GO:0010977; GO:0016812; GO:0030426; GO:0030496; GO:0031005; GO:0042802; GO:0043204	protein binding; centrosome; spindle; cytosol; nucleobase-containing compound metabolic process; nervous system development; negative regulation of neuron projection development; hydrolase activity, acting on carbon-nitrogen (but not peptide) bonds, in cyclic amides; growth cone; midbody; filamin binding; identical protein binding; perikaryon	0.4973	0.00675	1.0	0.8181818181818182	0.8181818181818181	0.0	0.3125	0.3125
CRYL1	I14_OG000543	Q9Y2S2	ENSG00000165475	crystallin lambda 1	GO:0005829; GO:0006631; GO:0019640; GO:0042803; GO:0050104; GO:0070062; GO:0070403	cytosol; fatty acid metabolic process; D-glucuronate catabolic process to D-xylulose 5-phosphate; protein homodimerization activity; L-gulonate 3-dehydrogenase activity; extracellular exosome; NAD+ binding	0.3953	0.0408	1	1.0	1.0	1.0	0.6875	0.6875
CRYZ	I20_OG000252	Q08257	ENSG00000116791	crystallin zeta	GO:0003730; GO:0003960; GO:0005739; GO:0005829; GO:0007601; GO:0008270; GO:0042178; GO:0042802; GO:0051289; GO:0070062; GO:0070402	mRNA 3'-UTR binding; NADPH:quinone reductase activity; mitochondrion; cytosol; visual perception; zinc ion binding; xenobiotic catabolic process; identical protein binding; protein homotetramerization; extracellular exosome; NADPH binding	0.4432	0.00026	1	1.0	1.0	1.0	0.625	0.625
CRYZL1	I20_OG000252	O95825	ENSG00000205758	crystallin zeta like 1	GO:0003960; GO:0005515; GO:0005769; GO:0005829; GO:0042802; GO:0050661; GO:1901661	NADPH:quinone reductase activity; protein binding; early endosome; cytosol; identical protein binding; NADP binding; quinone metabolic process	0.4432	0.00026	1	1.0	1.0	1.0	0.625	0.625
CSTF2	I14_OG002396	P33240	ENSG00000101811	cleavage stimulation factor subunit 2	GO:0003723; GO:0003729; GO:0005515; GO:0005634; GO:0005654; GO:0005847; GO:0016604; GO:0031124; GO:0071920; GO:1990090	RNA binding; mRNA binding; protein binding; nucleus; nucleoplasm; mRNA cleavage and polyadenylation specificity factor complex; nuclear body; mRNA 3'-end processing; cleavage body; cellular response to nerve growth factor stimulus	0.507	0.0471	1	1.0	1.0	0.75	0.59375	0.6875
CSTF2T	I14_OG002396	Q9H0L4	ENSG00000177613	cleavage stimulation factor subunit 2 tau variant	GO:0003723; GO:0003729; GO:0005515; GO:0005654; GO:0005847; GO:0031124; GO:0043231	RNA binding; mRNA binding; protein binding; nucleoplasm; mRNA cleavage and polyadenylation specificity factor complex; mRNA 3'-end processing; intracellular membrane-bounded organelle	0.507	0.0471	1	1.0	1.0	0.75	0.59375	0.6875
CSTPP1	I14_OG009626	Q9H6J7	ENSG00000149179	centriolar satellite-associated tubulin polyglutamylase complex regulator 1	GO:0005515; GO:0005737; GO:0005874; GO:0030674; GO:0034451; GO:0061635	protein binding; cytoplasm; microtubule; protein-macromolecule adaptor activity; centriolar satellite; regulation of protein complex stability	0.4633	0.01954	0.0	0.45454545454545453	0.4545454545454546	0.0	0.0625	0.0625
CYB5A	I14_OG000605	P00167	ENSG00000166347	cytochrome b5 type A	GO:0004129; GO:0005515; GO:0005741; GO:0005789; GO:0005829; GO:0016020; GO:0019899; GO:0020037; GO:0043231; GO:0046872; GO:1902600	cytochrome-c oxidase activity; protein binding; mitochondrial outer membrane; endoplasmic reticulum membrane; cytosol; membrane; enzyme binding; heme binding; intracellular membrane-bounded organelle; metal ion binding; proton transmembrane transport	0.3458	0.03594	1	1.0	1.0	1.0	0.75	0.75
CYB5B	I14_OG000605	O43169	ENSG00000103018	cytochrome b5 type B	GO:0005515; GO:0005741; GO:0005789; GO:0006805; GO:0006809; GO:0006979; GO:0008047; GO:0016020; GO:0020037; GO:0043231; GO:0046872; GO:0050421; GO:1903958	protein binding; mitochondrial outer membrane; endoplasmic reticulum membrane; xenobiotic metabolic process; nitric oxide biosynthetic process; response to oxidative stress; enzyme activator activity; membrane; heme binding; intracellular membrane-bounded organelle; metal ion binding; nitrite reductase (NO-forming) activity; nitric-oxide synthase complex	0.3458	0.03594	1	1.0	1.0	1.0	0.75	0.75
CYFIP1	I14_OG004027	Q7L576	ENSG00000273749	cytoplasmic FMR1 interacting protein 1	GO:0000340; GO:0000902; GO:0001726; GO:0005515; GO:0005576; GO:0005829; GO:0005925; GO:0006417; GO:0007411; GO:0008360; GO:0010592; GO:0016601; GO:0017148; GO:0030027; GO:0030032; GO:0030371; GO:0030833; GO:0031209; GO:0031267; GO:0031529; GO:0031641; GO:0032433; GO:0032869; GO:0034774; GO:0035580; GO:0043005; GO:0043025; GO:0043195; GO:0043197; GO:0044294; GO:0044295; GO:0045202; GO:0045773; GO:0048471; GO:0048675; GO:0050890; GO:0051015; GO:0051388; GO:0051602; GO:0060076; GO:0070062; GO:0090724; GO:0090725; GO:0097484; GO:0099563; GO:0099578; GO:1900006; GO:1900029; GO:1903422; GO:1904724; GO:1905274; GO:2000601	RNA 7-methylguanosine cap binding; cell morphogenesis; ruffle; protein binding; extracellular region; cytosol; focal adhesion; regulation of translation; axon guidance; regulation of cell shape; positive regulation of lamellipodium assembly; Rac protein signal transduction; negative regulation of translation; lamellipodium; lamellipodium assembly; translation repressor activity; regulation of actin filament polymerization; SCAR complex; small GTPase binding; ruffle organization; regulation of myelination; filopodium tip; cellular response to insulin stimulus; secretory granule lumen; specific granule lumen; neuron projection; neuronal cell body; terminal bouton; dendritic spine; dendritic growth cone; axonal growth cone; synapse; positive regulation of axon extension; perinuclear region of cytoplasm; axon extension; cognition; actin filament binding; positive regulation of neurotrophin TRK receptor signaling pathway; response to electrical stimulus; excitatory synapse; extracellular exosome; central region of growth cone; peripheral region of growth cone; dendrite extension; modification of synaptic structure; regulation of translation at postsynapse, modulating synaptic transmission; positive regulation of dendrite development; positive regulation of ruffle assembly; negative regulation of synaptic vesicle recycling; tertiary granule lumen; regulation of modification of postsynaptic actin cytoskeleton; positive regulation of Arp2/3 complex-mediated actin nucleation	0.6929	0.00156	1	0.7272727272727273	0.7272727272727273	0.0	0.0625	0.0625
CYFIP1	I14_OG004027	Q7L576	ENSG00000288461	cytoplasmic FMR1 interacting protein 1	GO:0000340; GO:0000902; GO:0001726; GO:0005515; GO:0005576; GO:0005829; GO:0005925; GO:0006417; GO:0007411; GO:0008360; GO:0010592; GO:0016601; GO:0017148; GO:0030027; GO:0030032; GO:0030371; GO:0030833; GO:0031209; GO:0031267; GO:0031529; GO:0031641; GO:0032433; GO:0032869; GO:0034774; GO:0035580; GO:0043005; GO:0043025; GO:0043195; GO:0043197; GO:0044294; GO:0044295; GO:0045202; GO:0045773; GO:0048471; GO:0048675; GO:0050890; GO:0051015; GO:0051388; GO:0051602; GO:0060076; GO:0070062; GO:0090724; GO:0090725; GO:0097484; GO:0099563; GO:0099578; GO:1900006; GO:1900029; GO:1903422; GO:1904724; GO:1905274; GO:2000601	RNA 7-methylguanosine cap binding; cell morphogenesis; ruffle; protein binding; extracellular region; cytosol; focal adhesion; regulation of translation; axon guidance; regulation of cell shape; positive regulation of lamellipodium assembly; Rac protein signal transduction; negative regulation of translation; lamellipodium; lamellipodium assembly; translation repressor activity; regulation of actin filament polymerization; SCAR complex; small GTPase binding; ruffle organization; regulation of myelination; filopodium tip; cellular response to insulin stimulus; secretory granule lumen; specific granule lumen; neuron projection; neuronal cell body; terminal bouton; dendritic spine; dendritic growth cone; axonal growth cone; synapse; positive regulation of axon extension; perinuclear region of cytoplasm; axon extension; cognition; actin filament binding; positive regulation of neurotrophin TRK receptor signaling pathway; response to electrical stimulus; excitatory synapse; extracellular exosome; central region of growth cone; peripheral region of growth cone; dendrite extension; modification of synaptic structure; regulation of translation at postsynapse, modulating synaptic transmission; positive regulation of dendrite development; positive regulation of ruffle assembly; negative regulation of synaptic vesicle recycling; tertiary granule lumen; regulation of modification of postsynaptic actin cytoskeleton; positive regulation of Arp2/3 complex-mediated actin nucleation	0.6929	0.00156	1	0.7272727272727273	0.7272727272727273	0.0	0.0625	0.0625
CYFIP1	I14_OG004027	Q7L576	ENSG00000280618	cytoplasmic FMR1 interacting protein 1	GO:0000340; GO:0000902; GO:0001726; GO:0005515; GO:0005576; GO:0005829; GO:0005925; GO:0006417; GO:0007411; GO:0008360; GO:0010592; GO:0016601; GO:0017148; GO:0030027; GO:0030032; GO:0030371; GO:0030833; GO:0031209; GO:0031267; GO:0031529; GO:0031641; GO:0032433; GO:0032869; GO:0034774; GO:0035580; GO:0043005; GO:0043025; GO:0043195; GO:0043197; GO:0044294; GO:0044295; GO:0045202; GO:0045773; GO:0048471; GO:0048675; GO:0050890; GO:0051015; GO:0051388; GO:0051602; GO:0060076; GO:0070062; GO:0090724; GO:0090725; GO:0097484; GO:0099563; GO:0099578; GO:1900006; GO:1900029; GO:1903422; GO:1904724; GO:1905274; GO:2000601	RNA 7-methylguanosine cap binding; cell morphogenesis; ruffle; protein binding; extracellular region; cytosol; focal adhesion; regulation of translation; axon guidance; regulation of cell shape; positive regulation of lamellipodium assembly; Rac protein signal transduction; negative regulation of translation; lamellipodium; lamellipodium assembly; translation repressor activity; regulation of actin filament polymerization; SCAR complex; small GTPase binding; ruffle organization; regulation of myelination; filopodium tip; cellular response to insulin stimulus; secretory granule lumen; specific granule lumen; neuron projection; neuronal cell body; terminal bouton; dendritic spine; dendritic growth cone; axonal growth cone; synapse; positive regulation of axon extension; perinuclear region of cytoplasm; axon extension; cognition; actin filament binding; positive regulation of neurotrophin TRK receptor signaling pathway; response to electrical stimulus; excitatory synapse; extracellular exosome; central region of growth cone; peripheral region of growth cone; dendrite extension; modification of synaptic structure; regulation of translation at postsynapse, modulating synaptic transmission; positive regulation of dendrite development; positive regulation of ruffle assembly; negative regulation of synaptic vesicle recycling; tertiary granule lumen; regulation of modification of postsynaptic actin cytoskeleton; positive regulation of Arp2/3 complex-mediated actin nucleation	0.6929	0.00156	1	0.7272727272727273	0.7272727272727273	0.0	0.0625	0.0625
CYFIP2	I14_OG004027	Q96F07	ENSG00000055163	cytoplasmic FMR1 interacting protein 2	GO:0000902; GO:0005515; GO:0005634; GO:0005737; GO:0005829; GO:0006915; GO:0007411; GO:0016020; GO:0030031; GO:0030833; GO:0031209; GO:0031267; GO:0043005; GO:0045202; GO:0045862; GO:0048471; GO:0051388; GO:0070062; GO:0097484; GO:0098609; GO:0150052	cell morphogenesis; protein binding; nucleus; cytoplasm; cytosol; apoptotic process; axon guidance; membrane; cell projection assembly; regulation of actin filament polymerization; SCAR complex; small GTPase binding; neuron projection; synapse; positive regulation of proteolysis; perinuclear region of cytoplasm; positive regulation of neurotrophin TRK receptor signaling pathway; extracellular exosome; dendrite extension; cell-cell adhesion; regulation of postsynapse assembly	0.6929	0.00156	1	0.7272727272727273	0.7272727272727273	0.0	0.0625	0.0625
DCHS1	I14_OG000491	Q96JQ0	ENSG00000166341	dachsous cadherin-related 1	GO:0001658; GO:0003192; GO:0003273; GO:0005509; GO:0007156; GO:0007157; GO:0007389; GO:0008013; GO:0016020; GO:0016339; GO:0016342; GO:0016477; GO:0021915; GO:0022008; GO:0035329; GO:0036342; GO:0043931; GO:0045177; GO:0045296; GO:0048565; GO:0072137; GO:0072659; GO:0090102; GO:0098742	branching involved in ureteric bud morphogenesis; mitral valve formation; cell migration involved in endocardial cushion formation; calcium ion binding; homophilic cell adhesion via plasma membrane adhesion molecules; heterophilic cell-cell adhesion via plasma membrane cell adhesion molecules; pattern specification process; beta-catenin binding; membrane; calcium-dependent cell-cell adhesion via plasma membrane cell adhesion molecules; catenin complex; cell migration; neural tube development; neurogenesis; hippo signaling; post-anal tail morphogenesis; ossification involved in bone maturation; apical part of cell; cadherin binding; digestive tract development; condensed mesenchymal cell proliferation; protein localization to plasma membrane; cochlea development; cell-cell adhesion via plasma-membrane adhesion molecules	0.3489	0.01519	0	0.3181818181818182	0.36363636363636365	0.0	0.0625	0.0625
DCHS2	I14_OG000491	Q6V1P9	ENSG00000197410	dachsous cadherin-related 2	GO:0005509; GO:0005886; GO:0007156; GO:0072006; GO:0072137	calcium ion binding; plasma membrane; homophilic cell adhesion via plasma membrane adhesion molecules; nephron development; condensed mesenchymal cell proliferation	0.3489	0.01519	0	0.3181818181818182	0.36363636363636365	0.0	0.0625	0.0625
DCHS2	I14_OG000491	Q6V1P9	ENSG00000284227	dachsous cadherin-related 2	GO:0005509; GO:0005886; GO:0007156; GO:0072006; GO:0072137	calcium ion binding; plasma membrane; homophilic cell adhesion via plasma membrane adhesion molecules; nephron development; condensed mesenchymal cell proliferation	0.3489	0.01519	0	0.3181818181818182	0.36363636363636365	0.0	0.0625	0.0625
DDRGK1	I14_OG004443	Q96HY6	ENSG00000198171	DDRGK domain containing 1	GO:0005515; GO:0005730; GO:0005737; GO:0005783; GO:0005789; GO:0008284; GO:0010628; GO:0010629; GO:0030335; GO:0031647; GO:0032435; GO:0032436; GO:0032790; GO:0033146; GO:0034976; GO:0043066; GO:0044389; GO:0045944; GO:0051092; GO:0051216; GO:0061629; GO:0061709; GO:0070972; GO:0071569; GO:0072344; GO:0140501; GO:0141185; GO:1900100; GO:1901800; GO:1902808; GO:1903052; GO:1903721; GO:1903895; GO:1903898; GO:1905050; GO:1905552; GO:1905636; GO:1990592	protein binding; nucleolus; cytoplasm; endoplasmic reticulum; endoplasmic reticulum membrane; positive regulation of cell population proliferation; positive regulation of gene expression; negative regulation of gene expression; positive regulation of cell migration; regulation of protein stability; negative regulation of proteasomal ubiquitin-dependent protein catabolic process; positive regulation of proteasomal ubiquitin-dependent protein catabolic process; ribosome disassembly; regulation of intracellular estrogen receptor signaling pathway; response to endoplasmic reticulum stress; negative regulation of apoptotic process; ubiquitin-like protein ligase binding; positive regulation of transcription by RNA polymerase II; positive regulation of NF-kappaB transcription factor activity; cartilage development; RNA polymerase II-specific DNA-binding transcription factor binding; reticulophagy; protein localization to endoplasmic reticulum; protein ufmylation; rescue of stalled ribosome; positive regulation of reticulophagy; UFM1-modified protein reader activity; positive regulation of plasma cell differentiation; positive regulation of proteasomal protein catabolic process; positive regulation of cell cycle G1/S phase transition; positive regulation of proteolysis involved in protein catabolic process; positive regulation of I-kappaB phosphorylation; negative regulation of IRE1-mediated unfolded protein response; negative regulation of PERK-mediated unfolded protein response; positive regulation of metallopeptidase activity; positive regulation of protein localization to endoplasmic reticulum; positive regulation of RNA polymerase II regulatory region sequence-specific DNA binding; protein K69-linked ufmylation	0.752	3e-04	1	0.9545454545454546	1.0	0.0	0.21875	0.25
DDX21	I14_OG000913	Q9NR30	ENSG00000165732	DExD-box helicase 21	GO:0001649; GO:0002735; GO:0003689; GO:0003723; GO:0003724; GO:0003725; GO:0003729; GO:0005515; GO:0005524; GO:0005654; GO:0005694; GO:0005730; GO:0005739; GO:0005829; GO:0006338; GO:0006364; GO:0006366; GO:0016020; GO:0016479; GO:0016887; GO:0019843; GO:0030515; GO:0035198; GO:0042802; GO:0043123; GO:0043330; GO:0045087; GO:0045943; GO:0045944; GO:0045945; GO:0051607; GO:0061775; GO:0062176; GO:0097322; GO:0110016; GO:0140584; GO:0140588; GO:0140665; GO:0140849; GO:0140870	osteoblast differentiation; positive regulation of myeloid dendritic cell cytokine production; DNA clamp loader activity; RNA binding; RNA helicase activity; double-stranded RNA binding; mRNA binding; protein binding; ATP binding; nucleoplasm; chromosome; nucleolus; mitochondrion; cytosol; chromatin remodeling; rRNA processing; transcription by RNA polymerase II; membrane; negative regulation of transcription by RNA polymerase I; ATP hydrolysis activity; rRNA binding; snoRNA binding; miRNA binding; identical protein binding; positive regulation of canonical NF-kappaB signal transduction; response to exogenous dsRNA; innate immune response; positive regulation of transcription by RNA polymerase I; positive regulation of transcription by RNA polymerase II; positive regulation of transcription by RNA polymerase III; defense response to virus; cohesin loader activity; R-loop processing; 7SK snRNA binding; B-WICH complex; chromatin extrusion motor activity; chromatin looping; ATP-dependent H3-H4 histone complex chaperone activity; ATP-dependent H2AZ histone chaperone activity; RNA polymerase inhibitor activity	0.3838	0.03913	1	1.0	1.0	1.0	0.71875	0.75
DDX50	I14_OG000913	Q9BQ39	ENSG00000107625	DExD-box helicase 50	GO:0003689; GO:0003723; GO:0003724; GO:0003729; GO:0005524; GO:0005730; GO:0005886; GO:0006338; GO:0016020; GO:0016887; GO:0061775; GO:0140584; GO:0140588; GO:0140665; GO:0140849	DNA clamp loader activity; RNA binding; RNA helicase activity; mRNA binding; ATP binding; nucleolus; plasma membrane; chromatin remodeling; membrane; ATP hydrolysis activity; cohesin loader activity; chromatin extrusion motor activity; chromatin looping; ATP-dependent H3-H4 histone complex chaperone activity; ATP-dependent H2AZ histone chaperone activity	0.3838	0.03913	1	1.0	1.0	1.0	0.71875	0.75
DHRS13	I60_OG000021	Q6UX07	ENSG00000167536	dehydrogenase/reductase 13	GO:0005515; GO:0005576; GO:0016020; GO:0016491	protein binding; extracellular region; membrane; oxidoreductase activity	0.2932	0.00026	1	1.0	1.0	1.0	0.8125	0.8125
DHRSX	I60_OG000021	Q8N5I4	ENSG00000169084	dehydrogenase/reductase X-linked	GO:0005515; GO:0005576; GO:0005811; GO:0010508; GO:0019408; GO:0160196; GO:0160197	protein binding; extracellular region; lipid droplet; positive regulation of autophagy; dolichol biosynthetic process; polyprenol dehydrogenase activity; dolichal reductase [NAD(P)+] activity	0.2932	0.00026	1	1.0	1.0	1.0	0.8125	0.8125
DHRSX	I60_OG000021	Q8N5I4	ENSG00000292338	dehydrogenase/reductase X-linked	GO:0005515; GO:0005576; GO:0005811; GO:0010508; GO:0019408; GO:0160196; GO:0160197	protein binding; extracellular region; lipid droplet; positive regulation of autophagy; dolichol biosynthetic process; polyprenol dehydrogenase activity; dolichal reductase [NAD(P)+] activity	0.2932	0.00026	1	1.0	1.0	1.0	0.8125	0.8125
DIRAS1	I60_OG000026	O95057	ENSG00000176490	DIRAS family GTPase 1	GO:0003924; GO:0005515; GO:0005525; GO:0005886; GO:0007165; GO:0019003	GTPase activity; protein binding; GTP binding; plasma membrane; signal transduction; GDP binding	0.4381	0	1	0.8636363636363636	0.9090909090909091	0.0	0.4375	0.4375
DIRAS2	I60_OG000026	Q96HU8	ENSG00000165023	DIRAS family GTPase 2	GO:0003924; GO:0005515; GO:0005525; GO:0005886; GO:0007165; GO:0019003	GTPase activity; protein binding; GTP binding; plasma membrane; signal transduction; GDP binding	0.4381	0	1	0.8636363636363636	0.9090909090909091	0.0	0.4375	0.4375
DIRAS3	I60_OG000026	O95661	ENSG00000162595	DIRAS family GTPase 3	GO:0000079; GO:0003924; GO:0005515; GO:0005525; GO:0005886; GO:0007264; GO:0019003; GO:0071514	regulation of cyclin-dependent protein serine/threonine kinase activity; GTPase activity; protein binding; GTP binding; plasma membrane; small GTPase-mediated signal transduction; GDP binding; genomic imprinting	0.4381	0	1	0.8636363636363636	0.9090909090909091	0.0	0.4375	0.4375
DNAH1	I60_OG000043	Q9P2D7	ENSG00000114841	dynein axonemal heavy chain 1	GO:0003351; GO:0003777; GO:0005524; GO:0005576; GO:0005858; GO:0005874; GO:0005930; GO:0007288; GO:0008569; GO:0030286; GO:0030317; GO:0036126; GO:0036156; GO:0036159; GO:0045505; GO:0051959; GO:0060285	epithelial cilium movement involved in extracellular fluid movement; microtubule motor activity; ATP binding; extracellular region; axonemal dynein complex; microtubule; axoneme; sperm axoneme assembly; minus-end-directed microtubule motor activity; dynein complex; flagellated sperm motility; sperm flagellum; inner dynein arm; inner dynein arm assembly; dynein intermediate chain binding; dynein light intermediate chain binding; cilium-dependent cell motility	0.2865	0.04016	1.0	0.7272727272727273	0.7272727272727273	0.0	0.4375	0.4375
DNAH12	I60_OG000043	Q6ZR08	ENSG00000174844	dynein axonemal heavy chain 12	GO:0005524; GO:0005858; GO:0005874; GO:0007018; GO:0008569; GO:0016887; GO:0045505; GO:0051959	ATP binding; axonemal dynein complex; microtubule; microtubule-based movement; minus-end-directed microtubule motor activity; ATP hydrolysis activity; dynein intermediate chain binding; dynein light intermediate chain binding	0.2865	0.04016	1.0	0.7272727272727273	0.7272727272727273	0.0	0.4375	0.4375
DNAH14	I60_OG000043	Q0VDD8	ENSG00000185842	dynein axonemal heavy chain 14	GO:0005524; GO:0005737; GO:0005874; GO:0008569; GO:0030286; GO:0045505; GO:0051959; GO:0060294; GO:0097729	ATP binding; cytoplasm; microtubule; minus-end-directed microtubule motor activity; dynein complex; dynein intermediate chain binding; dynein light intermediate chain binding; cilium movement involved in cell motility; 9+2 motile cilium	0.2865	0.04016	1.0	0.7272727272727273	0.7272727272727273	0.0	0.4375	0.4375
DNAH3	I60_OG000043	Q8TD57	ENSG00000158486	dynein axonemal heavy chain 3	GO:0003777; GO:0005524; GO:0005858; GO:0005874; GO:0008569; GO:0016887; GO:0036156; GO:0045505; GO:0051959; GO:0060285; GO:0060294; GO:0097729	microtubule motor activity; ATP binding; axonemal dynein complex; microtubule; minus-end-directed microtubule motor activity; ATP hydrolysis activity; inner dynein arm; dynein intermediate chain binding; dynein light intermediate chain binding; cilium-dependent cell motility; cilium movement involved in cell motility; 9+2 motile cilium	0.2865	0.04016	1.0	0.7272727272727273	0.7272727272727273	0.0	0.4375	0.4375
DNAH7	I60_OG000043	Q8WXX0	ENSG00000118997	dynein axonemal heavy chain 7	GO:0003341; GO:0003777; GO:0005509; GO:0005524; GO:0005829; GO:0005858; GO:0005874; GO:0005929; GO:0008569; GO:0016887; GO:0036156; GO:0036159; GO:0045505; GO:0051959; GO:0060285; GO:0060294; GO:0097729	cilium movement; microtubule motor activity; calcium ion binding; ATP binding; cytosol; axonemal dynein complex; microtubule; cilium; minus-end-directed microtubule motor activity; ATP hydrolysis activity; inner dynein arm; inner dynein arm assembly; dynein intermediate chain binding; dynein light intermediate chain binding; cilium-dependent cell motility; cilium movement involved in cell motility; 9+2 motile cilium	0.2865	0.04016	1.0	0.7272727272727273	0.7272727272727273	0.0	0.4375	0.4375
DPYS	I14_OG001085	Q14117	ENSG00000147647	dihydropyrimidinase	GO:0004157; GO:0005515; GO:0005829; GO:0006208; GO:0006210; GO:0006212; GO:0006248; GO:0006249; GO:0008270; GO:0042802; GO:0046050; GO:0046079; GO:0051219; GO:0070062	dihydropyrimidinase activity; protein binding; cytosol; pyrimidine nucleobase catabolic process; thymine catabolic process; uracil catabolic process; CMP catabolic process; dCMP catabolic process; zinc ion binding; identical protein binding; UMP catabolic process; dUMP catabolic process; phosphoprotein binding; extracellular exosome	0.4973	0.00675	1.0	0.8181818181818182	0.8181818181818181	0.0	0.3125	0.3125
DPYSL2	I14_OG001085	Q16555	ENSG00000092964	dihydropyrimidinase like 2	GO:0005515; GO:0005829; GO:0005874; GO:0005886; GO:0006139; GO:0006897; GO:0007010; GO:0007165; GO:0007399; GO:0016020; GO:0016812; GO:0030154; GO:0042802; GO:0070062	protein binding; cytosol; microtubule; plasma membrane; nucleobase-containing compound metabolic process; endocytosis; cytoskeleton organization; signal transduction; nervous system development; membrane; hydrolase activity, acting on carbon-nitrogen (but not peptide) bonds, in cyclic amides; cell differentiation; identical protein binding; extracellular exosome	0.4973	0.00675	1.0	0.8181818181818182	0.8181818181818181	0.0	0.3125	0.3125
DPYSL3	I14_OG001085	Q14195	ENSG00000113657	dihydropyrimidinase like 3	GO:0005515; GO:0005615; GO:0005829; GO:0010976; GO:0010977; GO:0016812; GO:0017124; GO:0030027; GO:0030336; GO:0030426; GO:0031005; GO:0031941; GO:0035374; GO:0042802; GO:0044297; GO:0045202; GO:0048666; GO:0048678; GO:0051017; GO:0051491; GO:0051764; GO:0070382; GO:0071345	protein binding; extracellular space; cytosol; positive regulation of neuron projection development; negative regulation of neuron projection development; hydrolase activity, acting on carbon-nitrogen (but not peptide) bonds, in cyclic amides; SH3 domain binding; lamellipodium; negative regulation of cell migration; growth cone; filamin binding; filamentous actin; chondroitin sulfate binding; identical protein binding; cell body; synapse; neuron development; response to axon injury; actin filament bundle assembly; positive regulation of filopodium assembly; actin crosslink formation; exocytic vesicle; cellular response to cytokine stimulus	0.4973	0.00675	1.0	0.8181818181818182	0.8181818181818181	0.0	0.3125	0.3125
DPYSL4	I14_OG001085	O14531	ENSG00000151640	dihydropyrimidinase like 4	GO:0005515; GO:0005829; GO:0007399; GO:0016812; GO:0031005	protein binding; cytosol; nervous system development; hydrolase activity, acting on carbon-nitrogen (but not peptide) bonds, in cyclic amides; filamin binding	0.4973	0.00675	1.0	0.8181818181818182	0.8181818181818181	0.0	0.3125	0.3125
DPYSL5	I14_OG001085	Q9BPU6	ENSG00000157851	dihydropyrimidinase like 5	GO:0005515; GO:0005829; GO:0007165; GO:0007399; GO:0007411; GO:0016812; GO:0030425; GO:0032991; GO:0043025; GO:0050774; GO:0098978	protein binding; cytosol; signal transduction; nervous system development; axon guidance; hydrolase activity, acting on carbon-nitrogen (but not peptide) bonds, in cyclic amides; dendrite; protein-containing complex; neuronal cell body; negative regulation of dendrite morphogenesis; glutamatergic synapse	0.4973	0.00675	1.0	0.8181818181818182	0.8181818181818181	0.0	0.3125	0.3125
DUSP13B	I14_OG002882	Q9UII6	ENSG00000079393	dual specificity phosphatase 13B	GO:0004726; GO:0005515; GO:0005737; GO:0006338; GO:0006357; GO:0006470; GO:0007283; GO:0008138; GO:0016311; GO:0016791; GO:0017018; GO:0030946; GO:0033192; GO:0033549; GO:0043409; GO:0051321; GO:0140791; GO:0140793; GO:0180004; GO:0180005; GO:0180006; GO:0180007; GO:0180008; GO:1990439	non-membrane spanning protein tyrosine phosphatase activity; protein binding; cytoplasm; chromatin remodeling; regulation of transcription by RNA polymerase II; protein dephosphorylation; spermatogenesis; protein tyrosine/serine/threonine phosphatase activity; dephosphorylation; phosphatase activity; myosin phosphatase activity; protein tyrosine phosphatase activity, metal-dependent; calmodulin-dependent protein phosphatase activity; MAP kinase phosphatase activity; negative regulation of MAPK cascade; meiotic cell cycle; histone H2AXS140 phosphatase activity; histone H2AXY142 phosphatase activity; RNA polymerase II CTD heptapeptide repeat Y1 phosphatase activity; RNA polymerase II CTD heptapeptide repeat T4 phosphatase activity; RNA polymerase II CTD heptapeptide repeat S2 phosphatase activity; RNA polymerase II CTD heptapeptide repeat S5 phosphatase activity; RNA polymerase II CTD heptapeptide repeat S7 phosphatase activity; MAP kinase serine/threonine phosphatase activity	0.4973	0.03815	1	0.8181818181818182	0.8181818181818181	0.0	0.3125	0.3125
DUSP13B	I14_OG002882	Q9UII6	ENSG00000293542	dual specificity phosphatase 13B	GO:0004726; GO:0005515; GO:0005737; GO:0006338; GO:0006357; GO:0006470; GO:0007283; GO:0008138; GO:0016311; GO:0016791; GO:0017018; GO:0030946; GO:0033192; GO:0033549; GO:0043409; GO:0051321; GO:0140791; GO:0140793; GO:0180004; GO:0180005; GO:0180006; GO:0180007; GO:0180008; GO:1990439	non-membrane spanning protein tyrosine phosphatase activity; protein binding; cytoplasm; chromatin remodeling; regulation of transcription by RNA polymerase II; protein dephosphorylation; spermatogenesis; protein tyrosine/serine/threonine phosphatase activity; dephosphorylation; phosphatase activity; myosin phosphatase activity; protein tyrosine phosphatase activity, metal-dependent; calmodulin-dependent protein phosphatase activity; MAP kinase phosphatase activity; negative regulation of MAPK cascade; meiotic cell cycle; histone H2AXS140 phosphatase activity; histone H2AXY142 phosphatase activity; RNA polymerase II CTD heptapeptide repeat Y1 phosphatase activity; RNA polymerase II CTD heptapeptide repeat T4 phosphatase activity; RNA polymerase II CTD heptapeptide repeat S2 phosphatase activity; RNA polymerase II CTD heptapeptide repeat S5 phosphatase activity; RNA polymerase II CTD heptapeptide repeat S7 phosphatase activity; MAP kinase serine/threonine phosphatase activity	0.4973	0.03815	1	0.8181818181818182	0.8181818181818181	0.0	0.3125	0.3125
DUSP26	I14_OG002882	Q9BV47	ENSG00000133878	dual specificity phosphatase 26	GO:0000122; GO:0002039; GO:0004721; GO:0004726; GO:0005515; GO:0005634; GO:0005654; GO:0005737; GO:0005794; GO:0006338; GO:0006470; GO:0008138; GO:0017018; GO:0030946; GO:0033192; GO:0033549; GO:0043409; GO:0045785; GO:0061629; GO:0070062; GO:0070373; GO:0140791; GO:0140793; GO:0180004; GO:0180005; GO:0180006; GO:0180007; GO:0180008; GO:1990439	negative regulation of transcription by RNA polymerase II; p53 binding; phosphoprotein phosphatase activity; non-membrane spanning protein tyrosine phosphatase activity; protein binding; nucleus; nucleoplasm; cytoplasm; Golgi apparatus; chromatin remodeling; protein dephosphorylation; protein tyrosine/serine/threonine phosphatase activity; myosin phosphatase activity; protein tyrosine phosphatase activity, metal-dependent; calmodulin-dependent protein phosphatase activity; MAP kinase phosphatase activity; negative regulation of MAPK cascade; positive regulation of cell adhesion; RNA polymerase II-specific DNA-binding transcription factor binding; extracellular exosome; negative regulation of ERK1 and ERK2 cascade; histone H2AXS140 phosphatase activity; histone H2AXY142 phosphatase activity; RNA polymerase II CTD heptapeptide repeat Y1 phosphatase activity; RNA polymerase II CTD heptapeptide repeat T4 phosphatase activity; RNA polymerase II CTD heptapeptide repeat S2 phosphatase activity; RNA polymerase II CTD heptapeptide repeat S5 phosphatase activity; RNA polymerase II CTD heptapeptide repeat S7 phosphatase activity; MAP kinase serine/threonine phosphatase activity	0.4973	0.03815	1	0.8181818181818182	0.8181818181818181	0.0	0.3125	0.3125
DUSP29	I14_OG002882	Q68J44	ENSG00000188716	dual specificity phosphatase 29	GO:0004726; GO:0005515; GO:0005634; GO:0005737; GO:0006338; GO:0006357; GO:0006470; GO:0008138; GO:0017018; GO:0030946; GO:0032991; GO:0033192; GO:0033549; GO:0042593; GO:0042692; GO:0042803; GO:0043409; GO:0070373; GO:0140791; GO:0140793; GO:0180004; GO:0180005; GO:0180006; GO:0180007; GO:0180008; GO:1990439	non-membrane spanning protein tyrosine phosphatase activity; protein binding; nucleus; cytoplasm; chromatin remodeling; regulation of transcription by RNA polymerase II; protein dephosphorylation; protein tyrosine/serine/threonine phosphatase activity; myosin phosphatase activity; protein tyrosine phosphatase activity, metal-dependent; protein-containing complex; calmodulin-dependent protein phosphatase activity; MAP kinase phosphatase activity; glucose homeostasis; muscle cell differentiation; protein homodimerization activity; negative regulation of MAPK cascade; negative regulation of ERK1 and ERK2 cascade; histone H2AXS140 phosphatase activity; histone H2AXY142 phosphatase activity; RNA polymerase II CTD heptapeptide repeat Y1 phosphatase activity; RNA polymerase II CTD heptapeptide repeat T4 phosphatase activity; RNA polymerase II CTD heptapeptide repeat S2 phosphatase activity; RNA polymerase II CTD heptapeptide repeat S5 phosphatase activity; RNA polymerase II CTD heptapeptide repeat S7 phosphatase activity; MAP kinase serine/threonine phosphatase activity	0.4973	0.03815	1	0.8181818181818182	0.8181818181818181	0.0	0.3125	0.3125
DUSP29	I14_OG002882	Q68J44	ENSG00000281660	dual specificity phosphatase 29	GO:0004726; GO:0005515; GO:0005634; GO:0005737; GO:0006338; GO:0006357; GO:0006470; GO:0008138; GO:0017018; GO:0030946; GO:0032991; GO:0033192; GO:0033549; GO:0042593; GO:0042692; GO:0042803; GO:0043409; GO:0070373; GO:0140791; GO:0140793; GO:0180004; GO:0180005; GO:0180006; GO:0180007; GO:0180008; GO:1990439	non-membrane spanning protein tyrosine phosphatase activity; protein binding; nucleus; cytoplasm; chromatin remodeling; regulation of transcription by RNA polymerase II; protein dephosphorylation; protein tyrosine/serine/threonine phosphatase activity; myosin phosphatase activity; protein tyrosine phosphatase activity, metal-dependent; protein-containing complex; calmodulin-dependent protein phosphatase activity; MAP kinase phosphatase activity; glucose homeostasis; muscle cell differentiation; protein homodimerization activity; negative regulation of MAPK cascade; negative regulation of ERK1 and ERK2 cascade; histone H2AXS140 phosphatase activity; histone H2AXY142 phosphatase activity; RNA polymerase II CTD heptapeptide repeat Y1 phosphatase activity; RNA polymerase II CTD heptapeptide repeat T4 phosphatase activity; RNA polymerase II CTD heptapeptide repeat S2 phosphatase activity; RNA polymerase II CTD heptapeptide repeat S5 phosphatase activity; RNA polymerase II CTD heptapeptide repeat S7 phosphatase activity; MAP kinase serine/threonine phosphatase activity	0.4973	0.03815	1	0.8181818181818182	0.8181818181818181	0.0	0.3125	0.3125
DUSP3	I14_OG002882	P51452	ENSG00000108861	dual specificity phosphatase 3	GO:0001772; GO:0004725; GO:0004726; GO:0005515; GO:0005634; GO:0005654; GO:0005737; GO:0005829; GO:0005856; GO:0006338; GO:0006357; GO:0008092; GO:0008138; GO:0016311; GO:0016791; GO:0017018; GO:0019901; GO:0030336; GO:0030946; GO:0030971; GO:0031514; GO:0033192; GO:0033549; GO:0035335; GO:0042059; GO:0043409; GO:0045931; GO:0046329; GO:0050860; GO:0050868; GO:0050922; GO:0051893; GO:0070373; GO:0071364; GO:0120183; GO:0140791; GO:0140793; GO:0180004; GO:0180005; GO:0180006; GO:0180007; GO:0180008; GO:1990264; GO:1990439; GO:1990782	immunological synapse; protein tyrosine phosphatase activity; non-membrane spanning protein tyrosine phosphatase activity; protein binding; nucleus; nucleoplasm; cytoplasm; cytosol; cytoskeleton; chromatin remodeling; regulation of transcription by RNA polymerase II; cytoskeletal protein binding; protein tyrosine/serine/threonine phosphatase activity; dephosphorylation; phosphatase activity; myosin phosphatase activity; protein kinase binding; negative regulation of cell migration; protein tyrosine phosphatase activity, metal-dependent; receptor tyrosine kinase binding; motile cilium; calmodulin-dependent protein phosphatase activity; MAP kinase phosphatase activity; peptidyl-tyrosine dephosphorylation; negative regulation of epidermal growth factor receptor signaling pathway; negative regulation of MAPK cascade; positive regulation of mitotic cell cycle; negative regulation of JNK cascade; negative regulation of T cell receptor signaling pathway; negative regulation of T cell activation; negative regulation of chemotaxis; regulation of focal adhesion assembly; negative regulation of ERK1 and ERK2 cascade; cellular response to epidermal growth factor stimulus; positive regulation of focal adhesion disassembly; histone H2AXS140 phosphatase activity; histone H2AXY142 phosphatase activity; RNA polymerase II CTD heptapeptide repeat Y1 phosphatase activity; RNA polymerase II CTD heptapeptide repeat T4 phosphatase activity; RNA polymerase II CTD heptapeptide repeat S2 phosphatase activity; RNA polymerase II CTD heptapeptide repeat S5 phosphatase activity; RNA polymerase II CTD heptapeptide repeat S7 phosphatase activity; peptidyl-tyrosine dephosphorylation involved in inactivation of protein kinase activity; MAP kinase serine/threonine phosphatase activity; protein tyrosine kinase binding	0.4973	0.03815	1	0.8181818181818182	0.8181818181818181	0.0	0.3125	0.3125
DYDC1	I14_OG005013	Q8WWB3	ENSG00000170788	DPY30 domain containing 1	GO:0001534; GO:0005515; GO:0031514	radial spoke; protein binding; motile cilium	0.3841	0.04972	1	0.7272727272727273	0.7272727272727273	0.0	0.34375	0.375
DYDC2	I14_OG005013	Q96IM9	ENSG00000133665	DPY30 domain containing 2	GO:0005515	protein binding	0.3841	0.04972	1	0.7272727272727273	0.7272727272727273	0.0	0.34375	0.375
DYM	I14_OG003969	Q7RTS9	ENSG00000141627	dymeclin	GO:0005515; GO:0005737; GO:0005794; GO:0007030; GO:0016020; GO:0019899; GO:0060348	protein binding; cytoplasm; Golgi apparatus; Golgi organization; membrane; enzyme binding; bone development	0.5345	0.0329	1	0.8636363636363636	0.9090909090909091	0.0	0.34375	0.375
EAF1	I14_OG009877	Q96JC9	ENSG00000144597	ELL associated factor 1	GO:0003711; GO:0005515; GO:0005654; GO:0006368; GO:0008023; GO:0015030; GO:0016604; GO:0016607; GO:0032783; GO:0034243; GO:0043231; GO:0045171	transcription elongation factor activity; protein binding; nucleoplasm; transcription elongation by RNA polymerase II; transcription elongation factor complex; Cajal body; nuclear body; nuclear speck; super elongation complex; regulation of transcription elongation by RNA polymerase II; intracellular membrane-bounded organelle; intercellular bridge	0.4084	0.02653	0	0.22727272727272727	0.2727272727272727	0.0	0.0	0.0
EAF2	I14_OG009877	Q96CJ1	ENSG00000145088	ELL associated factor 2	GO:0003711; GO:0005515; GO:0005654; GO:0006368; GO:0006915; GO:0008023; GO:0016607; GO:0030308; GO:0032783; GO:0034243; GO:0045944; GO:0060767; GO:0060770	transcription elongation factor activity; protein binding; nucleoplasm; transcription elongation by RNA polymerase II; apoptotic process; transcription elongation factor complex; nuclear speck; negative regulation of cell growth; super elongation complex; regulation of transcription elongation by RNA polymerase II; positive regulation of transcription by RNA polymerase II; epithelial cell proliferation involved in prostate gland development; negative regulation of epithelial cell proliferation involved in prostate gland development	0.4084	0.02653	0	0.22727272727272727	0.2727272727272727	0.0	0.0	0.0
ECT2	I20_OG000625	Q9H8V3	ENSG00000114346	epithelial cell transforming 2	GO:0000281; GO:0000902; GO:0005085; GO:0005096; GO:0005515; GO:0005634; GO:0005654; GO:0005737; GO:0005813; GO:0005829; GO:0005911; GO:0005923; GO:0005938; GO:0007399; GO:0015031; GO:0016604; GO:0030154; GO:0030496; GO:0031267; GO:0032147; GO:0032154; GO:0032467; GO:0035556; GO:0042307; GO:0042803; GO:0043065; GO:0043123; GO:0043547; GO:0045666; GO:0045859; GO:0051056; GO:0051260; GO:0051988; GO:0070301; GO:0070830; GO:0071277; GO:0071479; GO:0072686; GO:0090630; GO:0097149; GO:1903438; GO:2000431	mitotic cytokinesis; cell morphogenesis; guanyl-nucleotide exchange factor activity; GTPase activator activity; protein binding; nucleus; nucleoplasm; cytoplasm; centrosome; cytosol; cell-cell junction; bicellular tight junction; cell cortex; nervous system development; protein transport; nuclear body; cell differentiation; midbody; small GTPase binding; activation of protein kinase activity; cleavage furrow; positive regulation of cytokinesis; intracellular signal transduction; positive regulation of protein import into nucleus; protein homodimerization activity; positive regulation of apoptotic process; positive regulation of canonical NF-kappaB signal transduction; positive regulation of GTPase activity; positive regulation of neuron differentiation; regulation of protein kinase activity; regulation of small GTPase mediated signal transduction; protein homooligomerization; regulation of attachment of spindle microtubules to kinetochore; cellular response to hydrogen peroxide; bicellular tight junction assembly; cellular response to calcium ion; cellular response to ionizing radiation; mitotic spindle; activation of GTPase activity; centralspindlin complex; positive regulation of mitotic cytokinetic process; regulation of cytokinesis, actomyosin contractile ring assembly	0.3202	0.00089	1.0	0.6363636363636364	0.6363636363636364	0.0	0.3125	0.3125
ECT2L	I20_OG000625	Q008S8	ENSG00000203734	epithelial cell transforming 2 like	GO:0005085	guanyl-nucleotide exchange factor activity	0.3202	0.00089	1.0	0.6363636363636364	0.6363636363636364	0.0	0.3125	0.3125
EEF1AKMT3	I20_OG000328	Q96AZ1	ENSG00000123427	EEF1A lysine methyltransferase 3	GO:0005515; GO:0005654; GO:0005694; GO:0005737; GO:0005813; GO:0005829; GO:0006338; GO:0008168; GO:0016279; GO:0018022; GO:0031072; GO:0032991; GO:0042054	protein binding; nucleoplasm; chromosome; cytoplasm; centrosome; cytosol; chromatin remodeling; methyltransferase activity; protein-lysine N-methyltransferase activity; peptidyl-lysine methylation; heat shock protein binding; protein-containing complex; histone methyltransferase activity	0.2791	0.00468	1	0.9545454545454546	1.0	1.0	0.75	0.75
EFR3A	I14_OG008653	Q14156	ENSG00000132294	EFR3 homolog A	GO:0005829; GO:0005886; GO:0046854; GO:0072659	cytosol; plasma membrane; phosphatidylinositol phosphate biosynthetic process; protein localization to plasma membrane	0.4354	0.03452	0.0	0.4090909090909091	0.4545454545454546	0.0	0.0625	0.0625
EFR3B	I14_OG008653	Q9Y2G0	ENSG00000084710	EFR3 homolog B	GO:0005515; GO:0005829; GO:0005886; GO:0015629; GO:0046854; GO:0072659	protein binding; cytosol; plasma membrane; actin cytoskeleton; phosphatidylinositol phosphate biosynthetic process; protein localization to plasma membrane	0.4354	0.03452	0.0	0.4090909090909091	0.4545454545454546	0.0	0.0625	0.0625
EHHADH	I14_OG000543	Q08426	ENSG00000113790	enoyl-CoA hydratase and 3-hydroxyacyl CoA dehydrogenase	GO:0003857; GO:0004165; GO:0004300; GO:0005515; GO:0005777; GO:0005782; GO:0005829; GO:0006635; GO:0016509; GO:0016863; GO:0018812; GO:0019899; GO:0033540; GO:0070403	3-hydroxyacyl-CoA dehydrogenase activity; delta(3)-delta(2)-enoyl-CoA isomerase activity; enoyl-CoA hydratase activity; protein binding; peroxisome; peroxisomal matrix; cytosol; fatty acid beta-oxidation; long-chain-3-hydroxyacyl-CoA dehydrogenase activity; intramolecular oxidoreductase activity, transposing C=C bonds; 3-hydroxyacyl-CoA dehydratase activity; enzyme binding; fatty acid beta-oxidation using acyl-CoA oxidase; NAD+ binding	0.3953	0.0408	1	1.0	1.0	1.0	0.6875	0.6875
ELMOD1	I14_OG001293	Q8N336	ENSG00000110675	ELMO domain containing 1	GO:0005096; GO:0005794; GO:0005929; GO:0015031; GO:0060271; GO:0098978	GTPase activator activity; Golgi apparatus; cilium; protein transport; cilium assembly; glutamatergic synapse	0.4432	0.01545	1	1.0	1.0	1.0	0.625	0.625
ELMOD2	I14_OG001293	Q8IZ81	ENSG00000179387	ELMO domain containing 2	GO:0005096; GO:0016020; GO:0050688; GO:0051607	GTPase activator activity; membrane; regulation of defense response to virus; defense response to virus	0.4432	0.01545	1	1.0	1.0	1.0	0.625	0.625
ERAS	I60_OG000026	Q7Z444	ENSG00000187682	ES cell expressed Ras	GO:0003924; GO:0003925; GO:0005515; GO:0005525; GO:0005886; GO:0007265; GO:0019003	GTPase activity; G protein activity; protein binding; GTP binding; plasma membrane; Ras protein signal transduction; GDP binding	0.4381	0	1	0.8636363636363636	0.9090909090909091	0.0	0.4375	0.4375
ERGIC1	I14_OG000526	Q969X5	ENSG00000113719	endoplasmic reticulum-golgi intermediate compartment 1	GO:0000139; GO:0005515; GO:0005654; GO:0005783; GO:0005789; GO:0005793; GO:0006888; GO:0006890; GO:0016020; GO:0030134; GO:0033116; GO:0043231	Golgi membrane; protein binding; nucleoplasm; endoplasmic reticulum; endoplasmic reticulum membrane; endoplasmic reticulum-Golgi intermediate compartment; endoplasmic reticulum to Golgi vesicle-mediated transport; retrograde vesicle-mediated transport, Golgi to endoplasmic reticulum; membrane; COPII-coated ER to Golgi transport vesicle; endoplasmic reticulum-Golgi intermediate compartment membrane; intracellular membrane-bounded organelle	0.4432	0.00717	1	1.0	1.0	1.0	0.625	0.625
ERGIC2	I14_OG000526	Q96RQ1	ENSG00000087502	ERGIC and golgi 2	GO:0005515; GO:0005634; GO:0005730; GO:0005737; GO:0005783; GO:0005789; GO:0005794; GO:0006888; GO:0006890; GO:0016020; GO:0030134; GO:0033116; GO:0043231; GO:0061852; GO:1990351	protein binding; nucleus; nucleolus; cytoplasm; endoplasmic reticulum; endoplasmic reticulum membrane; Golgi apparatus; endoplasmic reticulum to Golgi vesicle-mediated transport; retrograde vesicle-mediated transport, Golgi to endoplasmic reticulum; membrane; COPII-coated ER to Golgi transport vesicle; endoplasmic reticulum-Golgi intermediate compartment membrane; intracellular membrane-bounded organelle; retrograde transporter complex, Golgi to ER; transporter complex	0.4432	0.00717	1	1.0	1.0	1.0	0.625	0.625
ERGIC3	I14_OG000526	Q9Y282	ENSG00000125991	ERGIC and golgi 3	GO:0000139; GO:0005515; GO:0005783; GO:0005789; GO:0006888; GO:0006890; GO:0016020; GO:0030134; GO:0033116; GO:0061852; GO:0090316; GO:1990351	Golgi membrane; protein binding; endoplasmic reticulum; endoplasmic reticulum membrane; endoplasmic reticulum to Golgi vesicle-mediated transport; retrograde vesicle-mediated transport, Golgi to endoplasmic reticulum; membrane; COPII-coated ER to Golgi transport vesicle; endoplasmic reticulum-Golgi intermediate compartment membrane; retrograde transporter complex, Golgi to ER; positive regulation of intracellular protein transport; transporter complex	0.4432	0.00717	1	1.0	1.0	1.0	0.625	0.625
ERI1	I14_OG001744	Q8IV48	ENSG00000104626	exoribonuclease 1	GO:0000175; GO:0000460; GO:0000467; GO:0005515; GO:0005634; GO:0005730; GO:0005737; GO:0008408; GO:0019843; GO:0031047; GO:0031125; GO:0043022; GO:0046872; GO:0071204; GO:0071207	3'-5'-RNA exonuclease activity; maturation of 5.8S rRNA; exonucleolytic trimming to generate mature 3'-end of 5.8S rRNA from tricistronic rRNA transcript (SSU-rRNA, 5.8S rRNA, LSU-rRNA); protein binding; nucleus; nucleolus; cytoplasm; 3'-5' exonuclease activity; rRNA binding; regulatory ncRNA-mediated gene silencing; rRNA 3'-end processing; ribosome binding; metal ion binding; histone pre-mRNA 3'end processing complex; histone pre-mRNA stem-loop binding	0.5398	0.01548	1	0.7272727272727273	0.7272727272727273	0.0	0.1875	0.1875
ERI1	I14_OG001744	Q8IV48	ENSG00000292301	exoribonuclease 1	GO:0000175; GO:0000460; GO:0000467; GO:0005515; GO:0005634; GO:0005730; GO:0005737; GO:0008408; GO:0019843; GO:0031047; GO:0031125; GO:0043022; GO:0046872; GO:0071204; GO:0071207	3'-5'-RNA exonuclease activity; maturation of 5.8S rRNA; exonucleolytic trimming to generate mature 3'-end of 5.8S rRNA from tricistronic rRNA transcript (SSU-rRNA, 5.8S rRNA, LSU-rRNA); protein binding; nucleus; nucleolus; cytoplasm; 3'-5' exonuclease activity; rRNA binding; regulatory ncRNA-mediated gene silencing; rRNA 3'-end processing; ribosome binding; metal ion binding; histone pre-mRNA 3'end processing complex; histone pre-mRNA stem-loop binding	0.5398	0.01548	1	0.7272727272727273	0.7272727272727273	0.0	0.1875	0.1875
ERI2	I14_OG001744	A8K979	ENSG00000196678	ERI1 exoribonuclease family member 2	GO:0000175; GO:0003676; GO:0008270	3'-5'-RNA exonuclease activity; nucleic acid binding; zinc ion binding	0.5398	0.01548	1	0.7272727272727273	0.7272727272727273	0.0	0.1875	0.1875
ERI3	I14_OG001744	O43414	ENSG00000117419	ERI1 exoribonuclease family member 3	GO:0003723; GO:0046872	RNA binding; metal ion binding	0.5398	0.01548	1	0.7272727272727273	0.7272727272727273	0.0	0.1875	0.1875
ESYT1	I14_OG000978	Q9BSJ8	ENSG00000139641	extended synaptotagmin 1	GO:0005509; GO:0005515; GO:0005544; GO:0005783; GO:0005789; GO:0005886; GO:0008429; GO:0015914; GO:0016020; GO:0031210; GO:0035091; GO:0042802; GO:0061817; GO:0120009; GO:0120014	calcium ion binding; protein binding; calcium-dependent phospholipid binding; endoplasmic reticulum; endoplasmic reticulum membrane; plasma membrane; phosphatidylethanolamine binding; phospholipid transport; membrane; phosphatidylcholine binding; phosphatidylinositol binding; identical protein binding; endoplasmic reticulum-plasma membrane tethering; intermembrane lipid transfer; phospholipid transfer activity	0.3619	0.00174	1.0	0.8636363636363636	0.9090909090909091	0.75	0.53125	0.5625
ESYT2	I14_OG000978	A0FGR8	ENSG00000117868	extended synaptotagmin 2	GO:0005509; GO:0005515; GO:0005544; GO:0005789; GO:0005829; GO:0005886; GO:0006869; GO:0006897; GO:0008429; GO:0009898; GO:0016020; GO:0031210; GO:0035091; GO:0042802; GO:0044232; GO:0045296; GO:0061817; GO:0140268	calcium ion binding; protein binding; calcium-dependent phospholipid binding; endoplasmic reticulum membrane; cytosol; plasma membrane; lipid transport; endocytosis; phosphatidylethanolamine binding; cytoplasmic side of plasma membrane; membrane; phosphatidylcholine binding; phosphatidylinositol binding; identical protein binding; organelle membrane contact site; cadherin binding; endoplasmic reticulum-plasma membrane tethering; endoplasmic reticulum-plasma membrane contact site	0.3619	0.00174	1.0	0.8636363636363636	0.9090909090909091	0.75	0.53125	0.5625
ESYT3	I14_OG000978	A0FGR9	ENSG00000158220	extended synaptotagmin 3	GO:0005509; GO:0005515; GO:0005544; GO:0005789; GO:0005886; GO:0006869; GO:0008429; GO:0009898; GO:0031210; GO:0035091; GO:0044232; GO:0061817; GO:0140268	calcium ion binding; protein binding; calcium-dependent phospholipid binding; endoplasmic reticulum membrane; plasma membrane; lipid transport; phosphatidylethanolamine binding; cytoplasmic side of plasma membrane; phosphatidylcholine binding; phosphatidylinositol binding; organelle membrane contact site; endoplasmic reticulum-plasma membrane tethering; endoplasmic reticulum-plasma membrane contact site	0.3619	0.00174	1.0	0.8636363636363636	0.9090909090909091	0.75	0.53125	0.5625
F8A1	I14_OG010677	P23610	ENSG00000288722	coagulation factor VIII associated 1	GO:0005515; GO:0005634; GO:0005769; GO:0016604; GO:0099518; GO:1901799	protein binding; nucleus; early endosome; nuclear body; vesicle cytoskeletal trafficking; negative regulation of proteasomal protein catabolic process	0.3809	0.0144	0	0.36363636363636365	0.36363636363636365	0.0	0.0625	0.0625
F8A2	I14_OG010677	P23610	ENSG00000288709	coagulation factor VIII associated 2	GO:0005515; GO:0005634; GO:0005769; GO:0016604; GO:0099518; GO:1901799	protein binding; nucleus; early endosome; nuclear body; vesicle cytoskeletal trafficking; negative regulation of proteasomal protein catabolic process	0.3809	0.0144	0	0.36363636363636365	0.36363636363636365	0.0	0.0625	0.0625
F8A3	I14_OG010677	P23610	ENSG00000277150	coagulation factor VIII associated 3	GO:0005515; GO:0005634; GO:0005769; GO:0016604; GO:0099518; GO:1901799	protein binding; nucleus; early endosome; nuclear body; vesicle cytoskeletal trafficking; negative regulation of proteasomal protein catabolic process	0.3809	0.0144	0	0.36363636363636365	0.36363636363636365	0.0	0.0625	0.0625
FADD	I60_OG000966	Q13158	ENSG00000168040	Fas associated via death domain	GO:0001822; GO:0001916; GO:0002020; GO:0002821; GO:0005123; GO:0005164; GO:0005515; GO:0005737; GO:0005829; GO:0005886; GO:0006915; GO:0008625; GO:0009898; GO:0030674; GO:0031264; GO:0031265; GO:0032729; GO:0032757; GO:0032760; GO:0032813; GO:0033077; GO:0033612; GO:0035591; GO:0035877; GO:0036462; GO:0042104; GO:0042802; GO:0043029; GO:0043065; GO:0043123; GO:0044297; GO:0044877; GO:0045087; GO:0045089; GO:0045651; GO:0045862; GO:0045944; GO:0048148; GO:0048535; GO:0048536; GO:0048538; GO:0051607; GO:0060340; GO:0060546; GO:0070236; GO:0071260; GO:0071550; GO:0089720; GO:0097049; GO:0097190; GO:0097191; GO:0097192; GO:0097342; GO:0097527; GO:1900119; GO:2000454; GO:2001238	kidney development; positive regulation of T cell mediated cytotoxicity; protease binding; positive regulation of adaptive immune response; death receptor binding; tumor necrosis factor receptor binding; protein binding; cytoplasm; cytosol; plasma membrane; apoptotic process; extrinsic apoptotic signaling pathway via death domain receptors; cytoplasmic side of plasma membrane; protein-macromolecule adaptor activity; death-inducing signaling complex; CD95 death-inducing signaling complex; positive regulation of type II interferon production; positive regulation of interleukin-8 production; positive regulation of tumor necrosis factor production; tumor necrosis factor receptor superfamily binding; T cell differentiation in thymus; receptor serine/threonine kinase binding; signaling adaptor activity; death effector domain binding; TRAIL-activated apoptotic signaling pathway; positive regulation of activated T cell proliferation; identical protein binding; T cell homeostasis; positive regulation of apoptotic process; positive regulation of canonical NF-kappaB signal transduction; cell body; protein-containing complex binding; innate immune response; positive regulation of innate immune response; positive regulation of macrophage differentiation; positive regulation of proteolysis; positive regulation of transcription by RNA polymerase II; behavioral response to cocaine; lymph node development; spleen development; thymus development; defense response to virus; positive regulation of type I interferon-mediated signaling pathway; negative regulation of necroptotic process; negative regulation of activation-induced cell death of T cells; cellular response to mechanical stimulus; death-inducing signaling complex assembly; caspase binding; motor neuron apoptotic process; apoptotic signaling pathway; extrinsic apoptotic signaling pathway; extrinsic apoptotic signaling pathway in absence of ligand; ripoptosome; necroptotic signaling pathway; positive regulation of execution phase of apoptosis; positive regulation of CD8-positive, alpha-beta cytotoxic T cell extravasation; positive regulation of extrinsic apoptotic signaling pathway	0.3458	1e-04	1	1.0	1.0	1.0	0.75	0.75
FAM221A	I14_OG004644	A4D161	ENSG00000188732	family with sequence similarity 221 member A	GO:0005515	protein binding	0.5415	0.01514	1.0	0.5454545454545454	0.5454545454545454	0.0	0.0625	0.0625
FAM221B	I14_OG004644	A6H8Z2	ENSG00000204930	family with sequence similarity 221 member B	GO:0005515	protein binding	0.5415	0.01514	1.0	0.5454545454545454	0.5454545454545454	0.0	0.0625	0.0625
FAM91A1	I14_OG004875	Q658Y4	ENSG00000176853	family with sequence similarity 91 member A1	GO:0005515; GO:0005802; GO:0006886; GO:0031410; GO:0099041	protein binding; trans-Golgi network; intracellular protein transport; cytoplasmic vesicle; vesicle tethering to Golgi	0.5604	0.00408	1	0.5909090909090909	0.6363636363636364	0.0	0.09375	0.125
FANCD2	I14_OG004208	Q9BXW9	ENSG00000144554	FA complementation group D2	GO:0000785; GO:0000793; GO:0005515; GO:0005634; GO:0005654; GO:0005730; GO:0005829; GO:0007129; GO:0007276; GO:0010332; GO:0016604; GO:0031573; GO:0034599; GO:0036297; GO:0045589; GO:0048854; GO:0050727; GO:0070182; GO:0097150; GO:1990391; GO:1990918; GO:2000348	chromatin; condensed chromosome; protein binding; nucleus; nucleoplasm; nucleolus; cytosol; homologous chromosome pairing at meiosis; gamete generation; response to gamma radiation; nuclear body; mitotic intra-S DNA damage checkpoint signaling; cellular response to oxidative stress; interstrand cross-link repair; regulation of regulatory T cell differentiation; brain morphogenesis; regulation of inflammatory response; DNA polymerase binding; neuronal stem cell population maintenance; DNA repair complex; double-strand break repair involved in meiotic recombination; regulation of CD40 signaling pathway	0.6236	0.00758	1.0	0.8181818181818182	0.8181818181818181	0.0	0.1875	0.1875
FANCI	I14_OG005163	Q9NVI1	ENSG00000140525	FA complementation group I	GO:0000785; GO:0003677; GO:0005515; GO:0005654; GO:0005737; GO:0005829; GO:0016020; GO:0031398; GO:0036297; GO:0070182; GO:1990391	chromatin; DNA binding; protein binding; nucleoplasm; cytoplasm; cytosol; membrane; positive regulation of protein ubiquitination; interstrand cross-link repair; DNA polymerase binding; DNA repair complex	0.5152	0.04713	1	0.7272727272727273	0.7272727272727273	0.0	0.21875	0.25
FANCL	I14_OG004280	Q9NW38	ENSG00000115392	FA complementation group L	GO:0000785; GO:0004842; GO:0005515; GO:0005634; GO:0005635; GO:0005654; GO:0005829; GO:0006281; GO:0006513; GO:0006974; GO:0007276; GO:0016604; GO:0031625; GO:0036297; GO:0042127; GO:0043231; GO:0043240; GO:0046872; GO:0061630	chromatin; ubiquitin-protein transferase activity; protein binding; nucleus; nuclear envelope; nucleoplasm; cytosol; DNA repair; protein monoubiquitination; DNA damage response; gamete generation; nuclear body; ubiquitin protein ligase binding; interstrand cross-link repair; regulation of cell population proliferation; intracellular membrane-bounded organelle; Fanconi anaemia nuclear complex; metal ion binding; ubiquitin protein ligase activity	0.5587	0.00987	1.0	0.8181818181818182	0.8181818181818181	0.0	0.25	0.25
FAR1	I14_OG000676	Q8WVX9	ENSG00000197601	fatty acyl-CoA reductase 1	GO:0005515; GO:0005777; GO:0005778; GO:0008611; GO:0010025; GO:0016491; GO:0035336; GO:0046474; GO:0080019; GO:0102965	protein binding; peroxisome; peroxisomal membrane; ether lipid biosynthetic process; wax biosynthetic process; oxidoreductase activity; long-chain fatty-acyl-CoA metabolic process; glycerophospholipid biosynthetic process; alcohol-forming very long-chain fatty acyl-CoA reductase activity; alcohol-forming long-chain fatty acyl-CoA reductase activity	0.4609	0.0172	1	0.7727272727272727	0.8181818181818181	0.0	0.3125	0.3125
FAR2	I14_OG000676	Q96K12	ENSG00000064763	fatty acyl-CoA reductase 2	GO:0005777; GO:0005778; GO:0010025; GO:0016491; GO:0035336; GO:0080019; GO:0102965	peroxisome; peroxisomal membrane; wax biosynthetic process; oxidoreductase activity; long-chain fatty-acyl-CoA metabolic process; alcohol-forming very long-chain fatty acyl-CoA reductase activity; alcohol-forming long-chain fatty acyl-CoA reductase activity	0.4609	0.0172	1	0.7727272727272727	0.8181818181818181	0.0	0.3125	0.3125
FASN	I20_OG001221	P49327	ENSG00000169710	fatty acid synthase	GO:0001649; GO:0002068; GO:0003723; GO:0004312; GO:0004313; GO:0004314; GO:0004315; GO:0004316; GO:0005515; GO:0005737; GO:0005794; GO:0005829; GO:0005886; GO:0006631; GO:0006633; GO:0006954; GO:0008611; GO:0016020; GO:0016297; GO:0019171; GO:0030223; GO:0030224; GO:0030879; GO:0031177; GO:0042470; GO:0042587; GO:0044788; GO:0045296; GO:0046949; GO:0070062; GO:0071353; GO:0090557; GO:0141148	osteoblast differentiation; glandular epithelial cell development; RNA binding; fatty acid synthase activity; [acyl-carrier-protein] S-acetyltransferase activity; [acyl-carrier-protein] S-malonyltransferase activity; 3-oxoacyl-[acyl-carrier-protein] synthase activity; 3-oxoacyl-[acyl-carrier-protein] reductase (NADPH) activity; protein binding; cytoplasm; Golgi apparatus; cytosol; plasma membrane; fatty acid metabolic process; fatty acid biosynthetic process; inflammatory response; ether lipid biosynthetic process; membrane; fatty acyl-[ACP] hydrolase activity; (3R)-hydroxyacyl-[acyl-carrier-protein] dehydratase activity; neutrophil differentiation; monocyte differentiation; mammary gland development; phosphopantetheine binding; melanosome; glycogen granule; modulation by host of viral process; cadherin binding; fatty-acyl-CoA biosynthetic process; extracellular exosome; cellular response to interleukin-4; establishment of endothelial intestinal barrier; enoyl-[acyl-carrier-protein] reductase (NADPH) activity	0.4354	0.02908	0.0	0.4090909090909091	0.4545454545454546	0.0	0.0625	0.0625
FAT1	I14_OG000491	Q14517	ENSG00000083857	FAT atypical cadherin 1	GO:0002088; GO:0003382; GO:0003412; GO:0005509; GO:0005515; GO:0005634; GO:0005829; GO:0005886; GO:0005911; GO:0005925; GO:0007015; GO:0007155; GO:0007156; GO:0007163; GO:0007267; GO:0009653; GO:0016324; GO:0016477; GO:0030027; GO:0030175; GO:0048471; GO:0070062; GO:0098609; GO:1904385; GO:1904754	lens development in camera-type eye; epithelial cell morphogenesis; establishment of epithelial cell apical/basal polarity involved in camera-type eye morphogenesis; calcium ion binding; protein binding; nucleus; cytosol; plasma membrane; cell-cell junction; focal adhesion; actin filament organization; cell adhesion; homophilic cell adhesion via plasma membrane adhesion molecules; establishment or maintenance of cell polarity; cell-cell signaling; anatomical structure morphogenesis; apical plasma membrane; cell migration; lamellipodium; filopodium; perinuclear region of cytoplasm; extracellular exosome; cell-cell adhesion; cellular response to angiotensin; positive regulation of vascular associated smooth muscle cell migration	0.3489	0.01519	0	0.3181818181818182	0.36363636363636365	0.0	0.0625	0.0625
FAT2	I14_OG000491	Q9NYQ8	ENSG00000086570	FAT atypical cadherin 2	GO:0005509; GO:0005794; GO:0005886; GO:0005912; GO:0007156; GO:0010631; GO:0031589; GO:0070062; GO:0098609	calcium ion binding; Golgi apparatus; plasma membrane; adherens junction; homophilic cell adhesion via plasma membrane adhesion molecules; epithelial cell migration; cell-substrate adhesion; extracellular exosome; cell-cell adhesion	0.3489	0.01519	0	0.3181818181818182	0.36363636363636365	0.0	0.0625	0.0625
FAT3	I14_OG000491	Q8TDW7	ENSG00000165323	FAT atypical cadherin 3	GO:0005509; GO:0005886; GO:0007156; GO:0010842; GO:0016358; GO:0030425; GO:0048667; GO:0098609; GO:1904936; GO:2000171	calcium ion binding; plasma membrane; homophilic cell adhesion via plasma membrane adhesion molecules; retina layer formation; dendrite development; dendrite; cell morphogenesis involved in neuron differentiation; cell-cell adhesion; interneuron migration; negative regulation of dendrite development	0.3489	0.01519	0	0.3181818181818182	0.36363636363636365	0.0	0.0625	0.0625
FAT4	I14_OG000491	Q6V0I7	ENSG00000196159	FAT atypical cadherin 4	GO:0005509; GO:0005515; GO:0005886; GO:0007156; GO:0007157; GO:0021987; GO:0022008; GO:0035329; GO:0070062; GO:0098609	calcium ion binding; protein binding; plasma membrane; homophilic cell adhesion via plasma membrane adhesion molecules; heterophilic cell-cell adhesion via plasma membrane cell adhesion molecules; cerebral cortex development; neurogenesis; hippo signaling; extracellular exosome; cell-cell adhesion	0.3489	0.01519	0	0.3181818181818182	0.36363636363636365	0.0	0.0625	0.0625
FAXDC2	I14_OG000571	Q96IV6	ENSG00000170271	fatty acid hydroxylase domain containing 2	GO:0000254; GO:0001934; GO:0005506; GO:0005515; GO:0005737; GO:0005789; GO:0016126; GO:0045654	C-4 methylsterol oxidase activity; positive regulation of protein phosphorylation; iron ion binding; protein binding; cytoplasm; endoplasmic reticulum membrane; sterol biosynthetic process; positive regulation of megakaryocyte differentiation	0.3355	0.02812	1	0.9545454545454546	1.0	1.0	0.6875	0.6875
FBP1	I14_OG000489	P09467	ENSG00000165140	fructose-bisphosphatase 1	GO:0000122; GO:0005515; GO:0005634; GO:0005737; GO:0005829; GO:0006000; GO:0006002; GO:0006094; GO:0006111; GO:0016208; GO:0016311; GO:0030308; GO:0030388; GO:0031667; GO:0032869; GO:0042132; GO:0042802; GO:0045820; GO:0046580; GO:0046872; GO:0048029; GO:0061629; GO:0070062; GO:0071286; GO:0071320; GO:0071466; GO:0071475; GO:0071477; GO:0097403; GO:1904628	negative regulation of transcription by RNA polymerase II; protein binding; nucleus; cytoplasm; cytosol; fructose metabolic process; fructose 6-phosphate metabolic process; gluconeogenesis; regulation of gluconeogenesis; AMP binding; dephosphorylation; negative regulation of cell growth; fructose 1,6-bisphosphate metabolic process; response to nutrient levels; cellular response to insulin stimulus; fructose 1,6-bisphosphate 1-phosphatase activity; identical protein binding; negative regulation of glycolytic process; negative regulation of Ras protein signal transduction; metal ion binding; monosaccharide binding; RNA polymerase II-specific DNA-binding transcription factor binding; extracellular exosome; cellular response to magnesium ion; cellular response to cAMP; cellular response to xenobiotic stimulus; cellular hyperosmotic salinity response; cellular hypotonic salinity response; cellular response to raffinose; cellular response to phorbol 13-acetate 12-myristate	0.3953	0.04237	1	1.0	1.0	1.0	0.6875	0.6875
FBP2	I14_OG000489	O00757	ENSG00000130957	fructose-bisphosphatase 2	GO:0005515; GO:0005634; GO:0005737; GO:0005829; GO:0005886; GO:0006000; GO:0006002; GO:0006094; GO:0030018; GO:0030388; GO:0042132; GO:0042802; GO:0046872; GO:0070062; GO:0070161	protein binding; nucleus; cytoplasm; cytosol; plasma membrane; fructose metabolic process; fructose 6-phosphate metabolic process; gluconeogenesis; Z disc; fructose 1,6-bisphosphate metabolic process; fructose 1,6-bisphosphate 1-phosphatase activity; identical protein binding; metal ion binding; extracellular exosome; anchoring junction	0.3953	0.04237	1	1.0	1.0	1.0	0.6875	0.6875
FBXL12	I14_OG009604	Q9NXK8	ENSG00000127452	F-box and leucine rich repeat protein 12	GO:0005515; GO:0005829; GO:0016567	protein binding; cytosol; protein ubiquitination	0.4798	0	1	0.9090909090909091	0.9090909090909091	0.0	0.4375	0.4375
FBXL13	I14_OG009604	Q8NEE6	ENSG00000161040	F-box and leucine rich repeat protein 13	GO:0005813; GO:0005829; GO:0019005; GO:0031146; GO:0031514	centrosome; cytosol; SCF ubiquitin ligase complex; SCF-dependent proteasomal ubiquitin-dependent protein catabolic process; motile cilium	0.4798	0	1	0.9090909090909091	0.9090909090909091	0.0	0.4375	0.4375
FBXL14	I14_OG009604	Q8N1E6	ENSG00000171823	F-box and leucine rich repeat protein 14	GO:0004842; GO:0005515; GO:0005737; GO:0005829; GO:0006511; GO:0019005; GO:0031146	ubiquitin-protein transferase activity; protein binding; cytoplasm; cytosol; ubiquitin-dependent protein catabolic process; SCF ubiquitin ligase complex; SCF-dependent proteasomal ubiquitin-dependent protein catabolic process	0.4798	0	1	0.9090909090909091	0.9090909090909091	0.0	0.4375	0.4375
FBXL15	I14_OG005979	Q9H469	ENSG00000107872	F-box and leucine rich repeat protein 15	GO:0000086; GO:0005515; GO:0005737; GO:0005829; GO:0009953; GO:0016567; GO:0019005; GO:0030282; GO:0030513; GO:0031146	G2/M transition of mitotic cell cycle; protein binding; cytoplasm; cytosol; dorsal/ventral pattern formation; protein ubiquitination; SCF ubiquitin ligase complex; bone mineralization; positive regulation of BMP signaling pathway; SCF-dependent proteasomal ubiquitin-dependent protein catabolic process	0.4264	0.00407	1.0	0.9090909090909091	0.9090909090909091	0.5	0.5	0.5
FBXL16	I14_OG009604	Q8N461	ENSG00000127585	F-box and leucine rich repeat protein 16	GO:0005515; GO:0005829; GO:0019005; GO:0031146	protein binding; cytosol; SCF ubiquitin ligase complex; SCF-dependent proteasomal ubiquitin-dependent protein catabolic process	0.4798	0	1	0.9090909090909091	0.9090909090909091	0.0	0.4375	0.4375
FBXL17	I14_OG009604	Q9UF56	ENSG00000145743	F-box and leucine rich repeat protein 17	GO:0000209; GO:0005515; GO:0005634; GO:0005654; GO:0005737; GO:0006515; GO:0007399; GO:0008589; GO:0014033; GO:0016567; GO:0019005; GO:0031146; GO:0043161	protein polyubiquitination; protein binding; nucleus; nucleoplasm; cytoplasm; protein quality control for misfolded or incompletely synthesized proteins; nervous system development; regulation of smoothened signaling pathway; neural crest cell differentiation; protein ubiquitination; SCF ubiquitin ligase complex; SCF-dependent proteasomal ubiquitin-dependent protein catabolic process; proteasome-mediated ubiquitin-dependent protein catabolic process	0.4798	0	1	0.9090909090909091	0.9090909090909091	0.0	0.4375	0.4375
FBXL18	I14_OG009604	Q96ME1	ENSG00000155034	F-box and leucine rich repeat protein 18	GO:0005829	cytosol	0.4798	0	1	0.9090909090909091	0.9090909090909091	0.0	0.4375	0.4375
FBXL2	I14_OG009604	Q9UKC9	ENSG00000153558	F-box and leucine rich repeat protein 2	GO:0005515; GO:0005516; GO:0005737; GO:0006508; GO:0006513; GO:0010506; GO:0016020; GO:0016567; GO:0019005; GO:0019903; GO:0031146; GO:0036211; GO:0036312; GO:0044830; GO:0050727; GO:0051896; GO:1900226; GO:1990756	protein binding; calmodulin binding; cytoplasm; proteolysis; protein monoubiquitination; regulation of autophagy; membrane; protein ubiquitination; SCF ubiquitin ligase complex; protein phosphatase binding; SCF-dependent proteasomal ubiquitin-dependent protein catabolic process; protein modification process; phosphatidylinositol 3-kinase regulatory subunit binding; modulation by host of viral RNA genome replication; regulation of inflammatory response; regulation of phosphatidylinositol 3-kinase/protein kinase B signal transduction; negative regulation of NLRP3 inflammasome complex assembly; ubiquitin-like ligase-substrate adaptor activity	0.4798	0	1	0.9090909090909091	0.9090909090909091	0.0	0.4375	0.4375
FBXL20	I14_OG009604	Q96IG2	ENSG00000108306	F-box and leucine rich repeat protein 20	GO:0001662; GO:0005515; GO:0005829; GO:0019005; GO:0031146; GO:0098685; GO:0098793; GO:0098978; GO:0099575; GO:2000300	behavioral fear response; protein binding; cytosol; SCF ubiquitin ligase complex; SCF-dependent proteasomal ubiquitin-dependent protein catabolic process; Schaffer collateral - CA1 synapse; presynapse; glutamatergic synapse; regulation of protein catabolic process at presynapse, modulating synaptic transmission; regulation of synaptic vesicle exocytosis	0.4798	0	1	0.9090909090909091	0.9090909090909091	0.0	0.4375	0.4375
FBXL3	I14_OG009604	Q9UKT7	ENSG00000005812	F-box and leucine rich repeat protein 3	GO:0000151; GO:0004842; GO:0005515; GO:0005634; GO:0005829; GO:0016567; GO:0016604; GO:0019005; GO:0031146; GO:0031648; GO:0042752; GO:0043153; GO:0048511	ubiquitin ligase complex; ubiquitin-protein transferase activity; protein binding; nucleus; cytosol; protein ubiquitination; nuclear body; SCF ubiquitin ligase complex; SCF-dependent proteasomal ubiquitin-dependent protein catabolic process; protein destabilization; regulation of circadian rhythm; entrainment of circadian clock by photoperiod; rhythmic process	0.4798	0	1	0.9090909090909091	0.9090909090909091	0.0	0.4375	0.4375
FBXL4	I14_OG009604	Q9UKA2	ENSG00000112234	F-box and leucine rich repeat protein 4	GO:0000151; GO:0000422; GO:0005515; GO:0005739; GO:0005741; GO:0005758; GO:0005829; GO:0006511; GO:0016607; GO:0019005; GO:0031146	ubiquitin ligase complex; autophagy of mitochondrion; protein binding; mitochondrion; mitochondrial outer membrane; mitochondrial intermembrane space; cytosol; ubiquitin-dependent protein catabolic process; nuclear speck; SCF ubiquitin ligase complex; SCF-dependent proteasomal ubiquitin-dependent protein catabolic process	0.4798	0	1	0.9090909090909091	0.9090909090909091	0.0	0.4375	0.4375
FBXL5	I14_OG009604	Q9UKA1	ENSG00000118564	F-box and leucine rich repeat protein 5	GO:0000151; GO:0004842; GO:0005506; GO:0005515; GO:0005634; GO:0005829; GO:0006879; GO:0016567; GO:0019005; GO:0031146; GO:0045732; GO:0048471; GO:0051537; GO:0060586	ubiquitin ligase complex; ubiquitin-protein transferase activity; iron ion binding; protein binding; nucleus; cytosol; intracellular iron ion homeostasis; protein ubiquitination; SCF ubiquitin ligase complex; SCF-dependent proteasomal ubiquitin-dependent protein catabolic process; positive regulation of protein catabolic process; perinuclear region of cytoplasm; 2 iron, 2 sulfur cluster binding; multicellular organismal-level iron ion homeostasis	0.4798	0	1	0.9090909090909091	0.9090909090909091	0.0	0.4375	0.4375
FBXL6	I14_OG009604	Q8N531	ENSG00000182325	F-box and leucine rich repeat protein 6	GO:0004842; GO:0005515; GO:0006508; GO:0019005; GO:0031146	ubiquitin-protein transferase activity; protein binding; proteolysis; SCF ubiquitin ligase complex; SCF-dependent proteasomal ubiquitin-dependent protein catabolic process	0.4798	0	1	0.9090909090909091	0.9090909090909091	0.0	0.4375	0.4375
FBXL6	I14_OG009604	Q8N531	ENSG00000285442	F-box and leucine rich repeat protein 6	GO:0004842; GO:0005515; GO:0006508; GO:0019005; GO:0031146	ubiquitin-protein transferase activity; protein binding; proteolysis; SCF ubiquitin ligase complex; SCF-dependent proteasomal ubiquitin-dependent protein catabolic process	0.4798	0	1	0.9090909090909091	0.9090909090909091	0.0	0.4375	0.4375
FBXL7	I14_OG009604	Q9UJT9	ENSG00000183580	F-box and leucine rich repeat protein 7	GO:0000086; GO:0000151; GO:0000209; GO:0000278; GO:0005515; GO:0005813; GO:0005829; GO:0006511; GO:0016567; GO:0019005; GO:0031146; GO:0051301	G2/M transition of mitotic cell cycle; ubiquitin ligase complex; protein polyubiquitination; mitotic cell cycle; protein binding; centrosome; cytosol; ubiquitin-dependent protein catabolic process; protein ubiquitination; SCF ubiquitin ligase complex; SCF-dependent proteasomal ubiquitin-dependent protein catabolic process; cell division	0.4798	0	1	0.9090909090909091	0.9090909090909091	0.0	0.4375	0.4375
FBXO16	I20_OG000625	Q8IX29	ENSG00000214050	F-box protein 16	GO:0005515	protein binding	0.3202	0.00089	1.0	0.6363636363636364	0.6363636363636364	0.0	0.3125	0.3125
FBXO48	I14_OG006015	Q5FWF7	ENSG00000204923	F-box protein 48	GO:0005515; GO:0005737; GO:0019005; GO:0031146	protein binding; cytoplasm; SCF ubiquitin ligase complex; SCF-dependent proteasomal ubiquitin-dependent protein catabolic process	0.334	0.00123	1	1.0	1.0	1.0	0.78125	0.8125
FBXW10	I14_OG006015	Q5XX13	ENSG00000171931	F-box and WD repeat domain containing 10	GO:0005829	cytosol	0.334	0.00123	1	1.0	1.0	1.0	0.78125	0.8125
FBXW10B	I14_OG006015	O95170	ENSG00000241322	F-box and WD repeat domain containing 10B	GO:0003674; GO:0005575; GO:0008150	molecular_function; cellular_component; biological_process	0.334	0.00123	1	1.0	1.0	1.0	0.78125	0.8125
FBXW11	I14_OG006015	Q9UKB1	ENSG00000072803	F-box and WD repeat domain containing 11	GO:0000132; GO:0000151; GO:0000209; GO:0000776; GO:0005515; GO:0005634; GO:0005635; GO:0005813; GO:0005829; GO:0005875; GO:0005881; GO:0006470; GO:0007097; GO:0007281; GO:0008090; GO:0016055; GO:0016567; GO:0019005; GO:0031023; GO:0031146; GO:0031648; GO:0042753; GO:0043005; GO:0043025; GO:0043123; GO:0043161; GO:0045862; GO:0045892; GO:0045893; GO:0046983; GO:0047496; GO:0048511; GO:0048854; GO:0051010; GO:0070840; GO:1904115; GO:1990756	establishment of mitotic spindle orientation; ubiquitin ligase complex; protein polyubiquitination; kinetochore; protein binding; nucleus; nuclear envelope; centrosome; cytosol; microtubule associated complex; cytoplasmic microtubule; protein dephosphorylation; nuclear migration; germ cell development; retrograde axonal transport; Wnt signaling pathway; protein ubiquitination; SCF ubiquitin ligase complex; microtubule organizing center organization; SCF-dependent proteasomal ubiquitin-dependent protein catabolic process; protein destabilization; positive regulation of circadian rhythm; neuron projection; neuronal cell body; positive regulation of canonical NF-kappaB signal transduction; proteasome-mediated ubiquitin-dependent protein catabolic process; positive regulation of proteolysis; negative regulation of DNA-templated transcription; positive regulation of DNA-templated transcription; protein dimerization activity; vesicle transport along microtubule; rhythmic process; brain morphogenesis; microtubule plus-end binding; dynein complex binding; axon cytoplasm; ubiquitin-like ligase-substrate adaptor activity	0.334	0.00123	1	1.0	1.0	1.0	0.78125	0.8125
FBXW2	I14_OG006015	Q9UKT8	ENSG00000119402	F-box and WD repeat domain containing 2	GO:0004842; GO:0005515; GO:0005829; GO:0006508; GO:0036211	ubiquitin-protein transferase activity; protein binding; cytosol; proteolysis; protein modification process	0.334	0.00123	1	1.0	1.0	1.0	0.78125	0.8125
FBXW4	I14_OG006015	P57775	ENSG00000107829	F-box and WD repeat domain containing 4	GO:0000151; GO:0005515; GO:0005829; GO:0006511; GO:0016055; GO:0019005; GO:0030326; GO:0031146	ubiquitin ligase complex; protein binding; cytosol; ubiquitin-dependent protein catabolic process; Wnt signaling pathway; SCF ubiquitin ligase complex; embryonic limb morphogenesis; SCF-dependent proteasomal ubiquitin-dependent protein catabolic process	0.334	0.00123	1	1.0	1.0	1.0	0.78125	0.8125
FBXW7	I14_OG006015	Q969H0	ENSG00000109670	F-box and WD repeat domain containing 7	GO:0001570; GO:0001944; GO:0005515; GO:0005634; GO:0005654; GO:0005694; GO:0005730; GO:0005737; GO:0005739; GO:0005783; GO:0005794; GO:0005829; GO:0006281; GO:0006974; GO:0007062; GO:0007219; GO:0010629; GO:0010868; GO:0010883; GO:0010992; GO:0016567; GO:0019005; GO:0030324; GO:0030332; GO:0030674; GO:0031146; GO:0031398; GO:0031625; GO:0031648; GO:0032880; GO:0032991; GO:0034644; GO:0042752; GO:0042802; GO:0043130; GO:0043161; GO:0045741; GO:0045746; GO:0048471; GO:0048511; GO:0050816; GO:0050821; GO:0051443; GO:0055088; GO:0070374; GO:0090049; GO:0097027; GO:1901524; GO:1901800; GO:1902806; GO:1903378; GO:1903955; GO:1990452; GO:1990756; GO:2000060; GO:2000346; GO:2000639; GO:2001205	vasculogenesis; vasculature development; protein binding; nucleus; nucleoplasm; chromosome; nucleolus; cytoplasm; mitochondrion; endoplasmic reticulum; Golgi apparatus; cytosol; DNA repair; DNA damage response; sister chromatid cohesion; Notch signaling pathway; negative regulation of gene expression; negative regulation of triglyceride biosynthetic process; regulation of lipid storage; ubiquitin recycling; protein ubiquitination; SCF ubiquitin ligase complex; lung development; cyclin binding; protein-macromolecule adaptor activity; SCF-dependent proteasomal ubiquitin-dependent protein catabolic process; positive regulation of protein ubiquitination; ubiquitin protein ligase binding; protein destabilization; regulation of protein localization; protein-containing complex; cellular response to UV; regulation of circadian rhythm; identical protein binding; ubiquitin binding; proteasome-mediated ubiquitin-dependent protein catabolic process; positive regulation of epidermal growth factor-activated receptor activity; negative regulation of Notch signaling pathway; perinuclear region of cytoplasm; rhythmic process; phosphothreonine residue binding; protein stabilization; positive regulation of ubiquitin-protein transferase activity; lipid homeostasis; positive regulation of ERK1 and ERK2 cascade; regulation of cell migration involved in sprouting angiogenesis; ubiquitin-protein transferase activator activity; regulation of mitophagy; positive regulation of proteasomal protein catabolic process; regulation of cell cycle G1/S phase transition; positive regulation of oxidative stress-induced neuron intrinsic apoptotic signaling pathway; positive regulation of protein targeting to mitochondrion; Parkin-FBXW7-Cul1 ubiquitin ligase complex; ubiquitin-like ligase-substrate adaptor activity; positive regulation of ubiquitin-dependent protein catabolic process; negative regulation of hepatocyte proliferation; negative regulation of SREBP signaling pathway; negative regulation of osteoclast development	0.334	0.00123	1	1.0	1.0	1.0	0.78125	0.8125
FBXW8	I14_OG006015	Q8N3Y1	ENSG00000174989	F-box and WD repeat domain containing 8	GO:0004842; GO:0005515; GO:0005794; GO:0005814; GO:0005829; GO:0006511; GO:0007030; GO:0008283; GO:0016567; GO:0019005; GO:0031467; GO:0032436; GO:0036064; GO:0048471; GO:0050775; GO:0060271; GO:0060716; GO:1990393; GO:1990756	ubiquitin-protein transferase activity; protein binding; Golgi apparatus; centriole; cytosol; ubiquitin-dependent protein catabolic process; Golgi organization; cell population proliferation; protein ubiquitination; SCF ubiquitin ligase complex; Cul7-RING ubiquitin ligase complex; positive regulation of proteasomal ubiquitin-dependent protein catabolic process; ciliary basal body; perinuclear region of cytoplasm; positive regulation of dendrite morphogenesis; cilium assembly; labyrinthine layer blood vessel development; 3M complex; ubiquitin-like ligase-substrate adaptor activity	0.334	0.00123	1	1.0	1.0	1.0	0.78125	0.8125
FBXW9	I14_OG006015	Q5XUX1	ENSG00000132004	F-box and WD repeat domain containing 9	GO:0005515; GO:0005829	protein binding; cytosol	0.334	0.00123	1	1.0	1.0	1.0	0.78125	0.8125
FCGBP	I14_OG000738	Q9Y6R7	ENSG00000275395	Fc gamma binding protein	GO:0005515; GO:0005615; GO:0031012; GO:0070062	protein binding; extracellular space; extracellular matrix; extracellular exosome	0.4524	0.01249	1.0	0.5454545454545454	0.5454545454545454	0.0	0.125	0.125
FCGBP	I14_OG000738	Q9Y6R7	ENSG00000281123	Fc gamma binding protein	GO:0005515; GO:0005615; GO:0031012; GO:0070062	protein binding; extracellular space; extracellular matrix; extracellular exosome	0.4524	0.01249	1.0	0.5454545454545454	0.5454545454545454	0.0	0.125	0.125
FEZF1	I14_OG006192	A0PJY2	ENSG00000128610	FEZ family zinc finger 1	GO:0000122; GO:0000978; GO:0001227; GO:0003700; GO:0005515; GO:0005654; GO:0005829; GO:0006357; GO:0007411; GO:0008285; GO:0021772; GO:0021797; GO:0043697; GO:0045666; GO:0045893; GO:0046872; GO:0050767; GO:1904936	negative regulation of transcription by RNA polymerase II; RNA polymerase II cis-regulatory region sequence-specific DNA binding; DNA-binding transcription repressor activity, RNA polymerase II-specific; DNA-binding transcription factor activity; protein binding; nucleoplasm; cytosol; regulation of transcription by RNA polymerase II; axon guidance; negative regulation of cell population proliferation; olfactory bulb development; forebrain anterior/posterior pattern specification; cell dedifferentiation; positive regulation of neuron differentiation; positive regulation of DNA-templated transcription; metal ion binding; regulation of neurogenesis; interneuron migration	0.4264	0.03667	0	0.2727272727272727	0.2727272727272727	0.0	0.0	0.0
FEZF2	I14_OG006192	Q8TBJ5	ENSG00000153266	FEZ family zinc finger 2	GO:0000122; GO:0000978; GO:0001227; GO:0001228; GO:0003682; GO:0005634; GO:0007413; GO:0007626; GO:0008285; GO:0010468; GO:0016358; GO:0021542; GO:0021797; GO:0021853; GO:0021902; GO:0043697; GO:0045665; GO:0045666; GO:0045944; GO:0046872; GO:0048664; GO:0050767; GO:1902667	negative regulation of transcription by RNA polymerase II; RNA polymerase II cis-regulatory region sequence-specific DNA binding; DNA-binding transcription repressor activity, RNA polymerase II-specific; DNA-binding transcription activator activity, RNA polymerase II-specific; chromatin binding; nucleus; axonal fasciculation; locomotory behavior; negative regulation of cell population proliferation; regulation of gene expression; dendrite development; dentate gyrus development; forebrain anterior/posterior pattern specification; cerebral cortex GABAergic interneuron migration; commitment of neuronal cell to specific neuron type in forebrain; cell dedifferentiation; negative regulation of neuron differentiation; positive regulation of neuron differentiation; positive regulation of transcription by RNA polymerase II; metal ion binding; neuron fate determination; regulation of neurogenesis; regulation of axon guidance	0.4264	0.03667	0	0.2727272727272727	0.2727272727272727	0.0	0.0	0.0
FGD1	I20_OG000625	P98174	ENSG00000102302	FYVE, RhoGEF and PH domain containing 1	GO:0001726; GO:0005085; GO:0005737; GO:0005794; GO:0005829; GO:0005856; GO:0007010; GO:0007165; GO:0008360; GO:0009887; GO:0030027; GO:0030036; GO:0031267; GO:0043087; GO:0046847; GO:0046872; GO:0051056	ruffle; guanyl-nucleotide exchange factor activity; cytoplasm; Golgi apparatus; cytosol; cytoskeleton; cytoskeleton organization; signal transduction; regulation of cell shape; animal organ morphogenesis; lamellipodium; actin cytoskeleton organization; small GTPase binding; regulation of GTPase activity; filopodium assembly; metal ion binding; regulation of small GTPase mediated signal transduction	0.3202	0.00089	1.0	0.6363636363636364	0.6363636363636364	0.0	0.3125	0.3125
FGD2	I20_OG000625	Q7Z6J4	ENSG00000146192	FYVE, RhoGEF and PH domain containing 2	GO:0001726; GO:0005085; GO:0005515; GO:0005634; GO:0005737; GO:0005794; GO:0005829; GO:0005856; GO:0007010; GO:0008360; GO:0030027; GO:0030036; GO:0031267; GO:0031901; GO:0032587; GO:0043087; GO:0046847; GO:0046872; GO:0051056; GO:1901981	ruffle; guanyl-nucleotide exchange factor activity; protein binding; nucleus; cytoplasm; Golgi apparatus; cytosol; cytoskeleton; cytoskeleton organization; regulation of cell shape; lamellipodium; actin cytoskeleton organization; small GTPase binding; early endosome membrane; ruffle membrane; regulation of GTPase activity; filopodium assembly; metal ion binding; regulation of small GTPase mediated signal transduction; phosphatidylinositol phosphate binding	0.3202	0.00089	1.0	0.6363636363636364	0.6363636363636364	0.0	0.3125	0.3125
FGD3	I20_OG000625	Q5JSP0	ENSG00000127084	FYVE, RhoGEF and PH domain containing 3	GO:0001726; GO:0005085; GO:0005737; GO:0005794; GO:0005829; GO:0005856; GO:0007010; GO:0008360; GO:0030027; GO:0030036; GO:0031267; GO:0043087; GO:0046847; GO:0046872; GO:0051056	ruffle; guanyl-nucleotide exchange factor activity; cytoplasm; Golgi apparatus; cytosol; cytoskeleton; cytoskeleton organization; regulation of cell shape; lamellipodium; actin cytoskeleton organization; small GTPase binding; regulation of GTPase activity; filopodium assembly; metal ion binding; regulation of small GTPase mediated signal transduction	0.3202	0.00089	1.0	0.6363636363636364	0.6363636363636364	0.0	0.3125	0.3125
FGD4	I20_OG000625	Q96M96	ENSG00000139132	FYVE, RhoGEF and PH domain containing 4	GO:0001726; GO:0003779; GO:0005085; GO:0005737; GO:0005794; GO:0005829; GO:0005856; GO:0007010; GO:0008360; GO:0030027; GO:0030036; GO:0030175; GO:0031267; GO:0043087; GO:0046847; GO:0046872; GO:0051056	ruffle; actin binding; guanyl-nucleotide exchange factor activity; cytoplasm; Golgi apparatus; cytosol; cytoskeleton; cytoskeleton organization; regulation of cell shape; lamellipodium; actin cytoskeleton organization; filopodium; small GTPase binding; regulation of GTPase activity; filopodium assembly; metal ion binding; regulation of small GTPase mediated signal transduction	0.3202	0.00089	1.0	0.6363636363636364	0.6363636363636364	0.0	0.3125	0.3125
FGD5	I20_OG000625	Q6ZNL6	ENSG00000154783	FYVE, RhoGEF and PH domain containing 5	GO:0001726; GO:0005085; GO:0005515; GO:0005737; GO:0005769; GO:0005783; GO:0005794; GO:0005829; GO:0005856; GO:0005886; GO:0007010; GO:0008360; GO:0030027; GO:0030036; GO:0031267; GO:0032587; GO:0043087; GO:0046847; GO:0046872; GO:0051056	ruffle; guanyl-nucleotide exchange factor activity; protein binding; cytoplasm; early endosome; endoplasmic reticulum; Golgi apparatus; cytosol; cytoskeleton; plasma membrane; cytoskeleton organization; regulation of cell shape; lamellipodium; actin cytoskeleton organization; small GTPase binding; ruffle membrane; regulation of GTPase activity; filopodium assembly; metal ion binding; regulation of small GTPase mediated signal transduction	0.3202	0.00089	1.0	0.6363636363636364	0.6363636363636364	0.0	0.3125	0.3125
FGD6	I20_OG000625	Q6ZV73	ENSG00000180263	FYVE, RhoGEF and PH domain containing 6	GO:0001726; GO:0005085; GO:0005515; GO:0005737; GO:0005794; GO:0005856; GO:0007010; GO:0008360; GO:0030027; GO:0030036; GO:0031267; GO:0043087; GO:0046847; GO:0046872	ruffle; guanyl-nucleotide exchange factor activity; protein binding; cytoplasm; Golgi apparatus; cytoskeleton; cytoskeleton organization; regulation of cell shape; lamellipodium; actin cytoskeleton organization; small GTPase binding; regulation of GTPase activity; filopodium assembly; metal ion binding	0.3202	0.00089	1.0	0.6363636363636364	0.6363636363636364	0.0	0.3125	0.3125
FIBP	I14_OG006467	O43427	ENSG00000172500	FGF1 intracellular binding protein	GO:0005634; GO:0005739; GO:0008543; GO:0012505; GO:0016020; GO:0016607; GO:0017134; GO:0070527	nucleus; mitochondrion; fibroblast growth factor receptor signaling pathway; endomembrane system; membrane; nuclear speck; fibroblast growth factor binding; platelet aggregation	0.4212	0.02192	0.5	0.5	0.5454545454545454	0.0	0.125	0.125
FLT3LG	I60_OG000056	P49771	ENSG00000090554	fms related receptor tyrosine kinase 3 ligand	GO:0005102; GO:0005125; GO:0005515; GO:0005576; GO:0005615; GO:0005829; GO:0005886; GO:0007165; GO:0008284; GO:0009986; GO:0016020; GO:0030183; GO:0030971; GO:0035162; GO:0097028	signaling receptor binding; cytokine activity; protein binding; extracellular region; extracellular space; cytosol; plasma membrane; signal transduction; positive regulation of cell population proliferation; cell surface; membrane; B cell differentiation; receptor tyrosine kinase binding; embryonic hemopoiesis; dendritic cell differentiation	0.3953	0.00023	1	1.0	1.0	1.0	0.6875	0.6875
FLVCR1	I14_OG001124	Q9Y5Y0	ENSG00000162769	FLVCR choline and heme transporter 1	GO:0001568; GO:0001701; GO:0005515; GO:0005739; GO:0005743; GO:0005886; GO:0006783; GO:0006839; GO:0006879; GO:0008654; GO:0015220; GO:0015232; GO:0015871; GO:0015886; GO:0016020; GO:0020037; GO:0030218; GO:0034228; GO:0034229; GO:0035264; GO:0042733; GO:0043249; GO:0046620; GO:0048536; GO:0048704; GO:0055085; GO:0060323; GO:0097037	blood vessel development; in utero embryonic development; protein binding; mitochondrion; mitochondrial inner membrane; plasma membrane; heme biosynthetic process; mitochondrial transport; intracellular iron ion homeostasis; phospholipid biosynthetic process; choline transmembrane transporter activity; heme transmembrane transporter activity; choline transport; heme transport; membrane; heme binding; erythrocyte differentiation; ethanolamine transmembrane transporter activity; ethanolamine transport; multicellular organism growth; embryonic digit morphogenesis; erythrocyte maturation; regulation of organ growth; spleen development; embryonic skeletal system morphogenesis; transmembrane transport; head morphogenesis; heme export	0.4765	0.00982	1	0.8181818181818182	0.8181818181818181	0.0	0.34375	0.375
FLVCR2	I14_OG001124	Q9UPI3	ENSG00000119686	FLVCR choline and putative heme transporter 2	GO:0005789; GO:0005886; GO:0015220; GO:0015232; GO:0015871; GO:0016020; GO:0020037; GO:0031966; GO:0034228; GO:0034229; GO:0055085; GO:0097037; GO:0150104	endoplasmic reticulum membrane; plasma membrane; choline transmembrane transporter activity; heme transmembrane transporter activity; choline transport; membrane; heme binding; mitochondrial membrane; ethanolamine transmembrane transporter activity; ethanolamine transport; transmembrane transport; heme export; transport across blood-brain barrier	0.4765	0.00982	1	0.8181818181818182	0.8181818181818181	0.0	0.34375	0.375
FUBP1	I14_OG002503	Q96AE4	ENSG00000162613	far upstream element binding protein 1	GO:0003697; GO:0003723; GO:0003729; GO:0005515; GO:0005634; GO:0005654; GO:0005737; GO:0006357; GO:0010628	single-stranded DNA binding; RNA binding; mRNA binding; protein binding; nucleus; nucleoplasm; cytoplasm; regulation of transcription by RNA polymerase II; positive regulation of gene expression	0.3355	0.00931	1.0	0.9545454545454546	1.0	1.0	0.6875	0.6875
FUBP3	I14_OG002503	Q96I24	ENSG00000107164	far upstream element binding protein 3	GO:0003697; GO:0003723; GO:0003729; GO:0005515; GO:0005634; GO:0005654; GO:0005737; GO:0005840; GO:0006351; GO:0006357; GO:0008298; GO:0010628; GO:0016020; GO:0043025; GO:0043198; GO:0045893; GO:0045944	single-stranded DNA binding; RNA binding; mRNA binding; protein binding; nucleus; nucleoplasm; cytoplasm; ribosome; DNA-templated transcription; regulation of transcription by RNA polymerase II; intracellular mRNA localization; positive regulation of gene expression; membrane; neuronal cell body; dendritic shaft; positive regulation of DNA-templated transcription; positive regulation of transcription by RNA polymerase II	0.3355	0.00931	1.0	0.9545454545454546	1.0	1.0	0.6875	0.6875
GEM	I60_OG000026	P55040	ENSG00000164949	GTP binding protein overexpressed in skeletal muscle	GO:0000278; GO:0000287; GO:0003924; GO:0005246; GO:0005515; GO:0005516; GO:0005525; GO:0005634; GO:0005886; GO:0006955; GO:0007165; GO:0007166; GO:0009898; GO:0019003; GO:0030496; GO:0051233; GO:0051276; GO:0051310; GO:0072686	mitotic cell cycle; magnesium ion binding; GTPase activity; calcium channel regulator activity; protein binding; calmodulin binding; GTP binding; nucleus; plasma membrane; immune response; signal transduction; cell surface receptor signaling pathway; cytoplasmic side of plasma membrane; GDP binding; midbody; spindle midzone; chromosome organization; metaphase chromosome alignment; mitotic spindle	0.4381	0	1	0.8636363636363636	0.9090909090909091	0.0	0.4375	0.4375
GHITM	I14_OG002847	Q9H3K2	ENSG00000165678	growth hormone inducible transmembrane protein	GO:0005262; GO:0005515; GO:0005739; GO:0005743; GO:0005789; GO:0006816; GO:0006851; GO:0006915; GO:0007007; GO:0015369; GO:0031966; GO:0070062; GO:0090201; GO:0099093; GO:0140141; GO:1902600; GO:1905448	calcium channel activity; protein binding; mitochondrion; mitochondrial inner membrane; endoplasmic reticulum membrane; calcium ion transport; mitochondrial calcium ion transmembrane transport; apoptotic process; inner mitochondrial membrane organization; calcium:proton antiporter activity; mitochondrial membrane; extracellular exosome; negative regulation of release of cytochrome c from mitochondria; calcium export from the mitochondrion; mitochondrial potassium ion transmembrane transport; proton transmembrane transport; positive regulation of mitochondrial ATP synthesis coupled electron transport	0.5265	0.03395	1	1.0	1.0	0.75	0.53125	0.5625
GLA	I14_OG000770	P06280	ENSG00000102393	galactosidase alpha	GO:0003824; GO:0004557; GO:0005102; GO:0005515; GO:0005576; GO:0005737; GO:0005764; GO:0005794; GO:0009311; GO:0016020; GO:0016139; GO:0016787; GO:0016936; GO:0019915; GO:0030431; GO:0031133; GO:0035578; GO:0042803; GO:0043202; GO:0045019; GO:0046477; GO:0046479; GO:0051001; GO:0070062; GO:0070527; GO:0090325	catalytic activity; alpha-galactosidase activity; signaling receptor binding; protein binding; extracellular region; cytoplasm; lysosome; Golgi apparatus; oligosaccharide metabolic process; membrane; glycoside catabolic process; hydrolase activity; galactoside binding; lipid storage; sleep; regulation of axon diameter; azurophil granule lumen; protein homodimerization activity; lysosomal lumen; negative regulation of nitric oxide biosynthetic process; glycosylceramide catabolic process; glycosphingolipid catabolic process; negative regulation of nitric-oxide synthase activity; extracellular exosome; platelet aggregation; regulation of locomotion involved in locomotory behavior	0.5023	0.00343	1	0.7727272727272727	0.8181818181818181	0.0	0.28125	0.3125
GLB1	I14_OG000554	P16278	ENSG00000170266	galactosidase beta 1	GO:0004565; GO:0005515; GO:0005576; GO:0005737; GO:0005764; GO:0005773; GO:0005794; GO:0005975; GO:0006516; GO:0006689; GO:0016020; GO:0016936; GO:0019388; GO:0030200; GO:0035578; GO:0042340; GO:0042803; GO:0043202; GO:0043231; GO:0046479; GO:0048471; GO:0051413; GO:0070062; GO:1904016; GO:1904813	beta-galactosidase activity; protein binding; extracellular region; cytoplasm; lysosome; vacuole; Golgi apparatus; carbohydrate metabolic process; glycoprotein catabolic process; ganglioside catabolic process; membrane; galactoside binding; galactose catabolic process; heparan sulfate proteoglycan catabolic process; azurophil granule lumen; keratan sulfate proteoglycan catabolic process; protein homodimerization activity; lysosomal lumen; intracellular membrane-bounded organelle; glycosphingolipid catabolic process; perinuclear region of cytoplasm; response to cortisone; extracellular exosome; response to Thyroglobulin triiodothyronine; ficolin-1-rich granule lumen	0.3998	0.02451	1	0.7272727272727273	0.8181818181818181	0.0	0.34375	0.375
GLB1L	I14_OG000554	Q6UWU2	ENSG00000163521	galactosidase beta 1 like	GO:0004565; GO:0005576; GO:0005773; GO:0019388	beta-galactosidase activity; extracellular region; vacuole; galactose catabolic process	0.3998	0.02451	1	0.7272727272727273	0.8181818181818181	0.0	0.34375	0.375
GLB1L2	I14_OG000554	Q8IW92	ENSG00000149328	galactosidase beta 1 like 2	GO:0004565; GO:0005515; GO:0005576; GO:0005773; GO:0019388	beta-galactosidase activity; protein binding; extracellular region; vacuole; galactose catabolic process	0.3998	0.02451	1	0.7272727272727273	0.8181818181818181	0.0	0.34375	0.375
GLB1L3	I14_OG000554	Q8NCI6	ENSG00000166105	galactosidase beta 1 like 3	GO:0004565; GO:0005773; GO:0019388	beta-galactosidase activity; vacuole; galactose catabolic process	0.3998	0.02451	1	0.7272727272727273	0.8181818181818181	0.0	0.34375	0.375
GLOD5	I14_OG011083	A6NK44	ENSG00000171433	glyoxalase domain containing 5	NA	NA	0.5697	0.01558	0.5	0.5454545454545454	0.6363636363636364	0.0	0.0625	0.0625
GNPAT	I14_OG000676	O15228	ENSG00000116906	glyceronephosphate O-acyltransferase	GO:0005777; GO:0005778; GO:0005782; GO:0005829; GO:0006654; GO:0007416; GO:0007584; GO:0008611; GO:0009410; GO:0016020; GO:0016287; GO:0021587; GO:0030913; GO:0042594; GO:0061024; GO:0070542	peroxisome; peroxisomal membrane; peroxisomal matrix; cytosol; phosphatidic acid biosynthetic process; synapse assembly; response to nutrient; ether lipid biosynthetic process; response to xenobiotic stimulus; membrane; glycerone-phosphate O-acyltransferase activity; cerebellum morphogenesis; paranodal junction assembly; response to starvation; membrane organization; response to fatty acid	0.4609	0.0172	1	0.7727272727272727	0.8181818181818181	0.0	0.3125	0.3125
GPAM	I14_OG000676	Q9HCL2	ENSG00000119927	glycerol-3-phosphate acyltransferase, mitochondrial	GO:0001817; GO:0004366; GO:0005515; GO:0005739; GO:0005741; GO:0005886; GO:0006631; GO:0006637; GO:0006650; GO:0006651; GO:0006654; GO:0006655; GO:0006924; GO:0009749; GO:0016024; GO:0019432; GO:0040018; GO:0042104; GO:0050798; GO:0051607; GO:0055089; GO:0055091; GO:0070236	regulation of cytokine production; glycerol-3-phosphate O-acyltransferase activity; protein binding; mitochondrion; mitochondrial outer membrane; plasma membrane; fatty acid metabolic process; acyl-CoA metabolic process; glycerophospholipid metabolic process; diacylglycerol biosynthetic process; phosphatidic acid biosynthetic process; phosphatidylglycerol biosynthetic process; activation-induced cell death of T cells; response to glucose; CDP-diacylglycerol biosynthetic process; triglyceride biosynthetic process; positive regulation of multicellular organism growth; positive regulation of activated T cell proliferation; activated T cell proliferation; defense response to virus; fatty acid homeostasis; phospholipid homeostasis; negative regulation of activation-induced cell death of T cells	0.4609	0.0172	1	0.7727272727272727	0.8181818181818181	0.0	0.3125	0.3125
GPAT2	I14_OG000676	Q6NUI2	ENSG00000186281	glycerol-3-phosphate acyltransferase 2, mitochondrial	GO:0003841; GO:0004366; GO:0005739; GO:0005741; GO:0006072; GO:0006650; GO:0006654; GO:0016024; GO:0019432; GO:0034587	1-acylglycerol-3-phosphate O-acyltransferase activity; glycerol-3-phosphate O-acyltransferase activity; mitochondrion; mitochondrial outer membrane; glycerol-3-phosphate metabolic process; glycerophospholipid metabolic process; phosphatidic acid biosynthetic process; CDP-diacylglycerol biosynthetic process; triglyceride biosynthetic process; piRNA processing	0.4609	0.0172	1	0.7727272727272727	0.8181818181818181	0.0	0.3125	0.3125
GPATCH8	I14_OG005099	Q9UKJ3	ENSG00000186566	G-patch domain containing 8	GO:0003723; GO:0005515; GO:0005634; GO:0046872	RNA binding; protein binding; nucleus; metal ion binding	0.4524	0.03957	1	0.5454545454545454	0.5454545454545454	0.0	0.125	0.125
GRIA1	I14_OG000451	P42261	ENSG00000155511	glutamate ionotropic receptor AMPA type subunit 1	GO:0001540; GO:0001919; GO:0001965; GO:0004971; GO:0005515; GO:0005789; GO:0005829; GO:0005886; GO:0005911; GO:0007165; GO:0007268; GO:0007416; GO:0007616; GO:0008179; GO:0009410; GO:0009744; GO:0009897; GO:0009986; GO:0010226; GO:0010628; GO:0012507; GO:0014069; GO:0019228; GO:0019722; GO:0019865; GO:0019901; GO:0021510; GO:0021987; GO:0022849; GO:0030165; GO:0030425; GO:0030666; GO:0030672; GO:0031267; GO:0031489; GO:0031594; GO:0031623; GO:0031667; GO:0031681; GO:0031698; GO:0031901; GO:0032281; GO:0032355; GO:0032591; GO:0032809; GO:0033116; GO:0034220; GO:0034765; GO:0035235; GO:0035249; GO:0035254; GO:0042220; GO:0042802; GO:0043025; GO:0043197; GO:0043198; GO:0043278; GO:0044308; GO:0044309; GO:0045211; GO:0045471; GO:0045838; GO:0046685; GO:0048266; GO:0048787; GO:0050804; GO:0051018; GO:0051428; GO:0051602; GO:0055037; GO:0055038; GO:0060076; GO:0060078; GO:0060291; GO:0060292; GO:0060992; GO:0071242; GO:0071359; GO:0071375; GO:0071418; GO:0090326; GO:0097060; GO:0097110; GO:0098793; GO:0098839; GO:0098978; GO:0099092; GO:0099505; GO:0099507; GO:0099544; GO:0099566; GO:0099583; GO:1904315; GO:1905232; GO:1990416; GO:1990635; GO:1990708; GO:1990911; GO:2000463	amyloid-beta binding; regulation of receptor recycling; G-protein alpha-subunit binding; AMPA glutamate receptor activity; protein binding; endoplasmic reticulum membrane; cytosol; plasma membrane; cell-cell junction; signal transduction; chemical synaptic transmission; synapse assembly; long-term memory; adenylate cyclase binding; response to xenobiotic stimulus; response to sucrose; external side of plasma membrane; cell surface; response to lithium ion; positive regulation of gene expression; ER to Golgi transport vesicle membrane; postsynaptic density; neuronal action potential; calcium-mediated signaling; immunoglobulin binding; protein kinase binding; spinal cord development; cerebral cortex development; glutamate-gated calcium ion channel activity; PDZ domain binding; dendrite; endocytic vesicle membrane; synaptic vesicle membrane; small GTPase binding; myosin V binding; neuromuscular junction; receptor internalization; response to nutrient levels; G-protein beta-subunit binding; beta-2 adrenergic receptor binding; early endosome membrane; AMPA glutamate receptor complex; response to estradiol; dendritic spine membrane; neuronal cell body membrane; endoplasmic reticulum-Golgi intermediate compartment membrane; monoatomic ion transmembrane transport; regulation of monoatomic ion transmembrane transport; ionotropic glutamate receptor signaling pathway; synaptic transmission, glutamatergic; glutamate receptor binding; response to cocaine; identical protein binding; neuronal cell body; dendritic spine; dendritic shaft; response to morphine; axonal spine; neuron spine; postsynaptic membrane; response to ethanol; positive regulation of membrane potential; response to arsenic-containing substance; behavioral response to pain; presynaptic active zone membrane; modulation of chemical synaptic transmission; protein kinase A binding; peptide hormone receptor binding; response to electrical stimulus; recycling endosome; recycling endosome membrane; excitatory synapse; regulation of postsynaptic membrane potential; long-term synaptic potentiation; long-term synaptic depression; response to fungicide; cellular response to ammonium ion; cellular response to dsRNA; cellular response to peptide hormone stimulus; cellular response to amine stimulus; positive regulation of locomotion involved in locomotory behavior; synaptic membrane; scaffold protein binding; presynapse; postsynaptic density membrane; glutamatergic synapse; postsynaptic density, intracellular component; regulation of presynaptic membrane potential; ligand-gated monoatomic ion channel activity involved in regulation of presynaptic membrane potential; perisynaptic space; regulation of postsynaptic cytosolic calcium ion concentration; neurotransmitter receptor activity involved in regulation of postsynaptic cytosolic calcium ion concentration; transmitter-gated monoatomic ion channel activity involved in regulation of postsynaptic membrane potential; cellular response to L-glutamate; cellular response to brain-derived neurotrophic factor stimulus; proximal dendrite; conditioned place preference; response to psychosocial stress; positive regulation of excitatory postsynaptic potential	0.4732	3e-05	1.0	0.5909090909090909	0.6363636363636364	0.0	0.15625	0.1875
GRIA2	I14_OG000451	P42262	ENSG00000120251	glutamate ionotropic receptor AMPA type subunit 2	GO:0001540; GO:0004970; GO:0004971; GO:0005515; GO:0005886; GO:0007165; GO:0007268; GO:0009897; GO:0014069; GO:0030425; GO:0030666; GO:0032279; GO:0032281; GO:0035235; GO:0035249; GO:0043025; GO:0043197; GO:0050804; GO:0060076; GO:0060078; GO:0098655; GO:0098794; GO:0098839; GO:0098843; GO:0099094; GO:1904315	amyloid-beta binding; glutamate-gated receptor activity; AMPA glutamate receptor activity; protein binding; plasma membrane; signal transduction; chemical synaptic transmission; external side of plasma membrane; postsynaptic density; dendrite; endocytic vesicle membrane; asymmetric synapse; AMPA glutamate receptor complex; ionotropic glutamate receptor signaling pathway; synaptic transmission, glutamatergic; neuronal cell body; dendritic spine; modulation of chemical synaptic transmission; excitatory synapse; regulation of postsynaptic membrane potential; monoatomic cation transmembrane transport; postsynapse; postsynaptic density membrane; postsynaptic endocytic zone; ligand-gated monoatomic cation channel activity; transmitter-gated monoatomic ion channel activity involved in regulation of postsynaptic membrane potential	0.4732	3e-05	1.0	0.5909090909090909	0.6363636363636364	0.0	0.15625	0.1875
GRIA3	I14_OG000451	P42263	ENSG00000125675	glutamate ionotropic receptor AMPA type subunit 3	GO:0001540; GO:0004970; GO:0004971; GO:0005886; GO:0007215; GO:0019722; GO:0022849; GO:0030666; GO:0032281; GO:0034220; GO:0035235; GO:0035249; GO:0043197; GO:0045211; GO:0050804; GO:0051289; GO:0051290; GO:0060078; GO:0060291; GO:0098688; GO:0098839; GO:0099505; GO:0099507; GO:1904315	amyloid-beta binding; glutamate-gated receptor activity; AMPA glutamate receptor activity; plasma membrane; glutamate receptor signaling pathway; calcium-mediated signaling; glutamate-gated calcium ion channel activity; endocytic vesicle membrane; AMPA glutamate receptor complex; monoatomic ion transmembrane transport; ionotropic glutamate receptor signaling pathway; synaptic transmission, glutamatergic; dendritic spine; postsynaptic membrane; modulation of chemical synaptic transmission; protein homotetramerization; protein heterotetramerization; regulation of postsynaptic membrane potential; long-term synaptic potentiation; parallel fiber to Purkinje cell synapse; postsynaptic density membrane; regulation of presynaptic membrane potential; ligand-gated monoatomic ion channel activity involved in regulation of presynaptic membrane potential; transmitter-gated monoatomic ion channel activity involved in regulation of postsynaptic membrane potential	0.4732	3e-05	1.0	0.5909090909090909	0.6363636363636364	0.0	0.15625	0.1875
GRIA4	I14_OG000451	P48058	ENSG00000152578	glutamate ionotropic receptor AMPA type subunit 4	GO:0001540; GO:0004970; GO:0004971; GO:0005515; GO:0005886; GO:0007215; GO:0030425; GO:0030666; GO:0032281; GO:0034220; GO:0034392; GO:0035235; GO:0035249; GO:0043025; GO:0043197; GO:0050804; GO:0060078; GO:0098839; GO:0099505; GO:0099507; GO:1903561; GO:1904315	amyloid-beta binding; glutamate-gated receptor activity; AMPA glutamate receptor activity; protein binding; plasma membrane; glutamate receptor signaling pathway; dendrite; endocytic vesicle membrane; AMPA glutamate receptor complex; monoatomic ion transmembrane transport; negative regulation of smooth muscle cell apoptotic process; ionotropic glutamate receptor signaling pathway; synaptic transmission, glutamatergic; neuronal cell body; dendritic spine; modulation of chemical synaptic transmission; regulation of postsynaptic membrane potential; postsynaptic density membrane; regulation of presynaptic membrane potential; ligand-gated monoatomic ion channel activity involved in regulation of presynaptic membrane potential; extracellular vesicle; transmitter-gated monoatomic ion channel activity involved in regulation of postsynaptic membrane potential	0.4732	3e-05	1.0	0.5909090909090909	0.6363636363636364	0.0	0.15625	0.1875
GRID1	I14_OG000451	Q9ULK0	ENSG00000182771	glutamate ionotropic receptor delta type subunit 1	GO:0004971; GO:0005515; GO:0005886; GO:0007200; GO:0007215; GO:0016917; GO:0031914; GO:0032281; GO:0034220; GO:0035176; GO:0035249; GO:0042802; GO:0043197; GO:0045211; GO:0050804; GO:0060078; GO:0070062; GO:0098820; GO:0098839; GO:0098978; GO:0098982; GO:0099072; GO:0099175; GO:0099530; GO:0099538; GO:1904315	AMPA glutamate receptor activity; protein binding; plasma membrane; phospholipase C-activating G protein-coupled receptor signaling pathway; glutamate receptor signaling pathway; GABA receptor activity; negative regulation of synaptic plasticity; AMPA glutamate receptor complex; monoatomic ion transmembrane transport; social behavior; synaptic transmission, glutamatergic; identical protein binding; dendritic spine; postsynaptic membrane; modulation of chemical synaptic transmission; regulation of postsynaptic membrane potential; extracellular exosome; trans-synaptic protein complex; postsynaptic density membrane; glutamatergic synapse; GABA-ergic synapse; regulation of postsynaptic membrane neurotransmitter receptor levels; regulation of postsynapse organization; G protein-coupled receptor activity involved in regulation of postsynaptic membrane potential; synaptic signaling via neuropeptide; transmitter-gated monoatomic ion channel activity involved in regulation of postsynaptic membrane potential	0.4732	3e-05	1.0	0.5909090909090909	0.6363636363636364	0.0	0.15625	0.1875
GRID2	I14_OG000451	O43424	ENSG00000152208	glutamate ionotropic receptor delta type subunit 2	GO:0004971; GO:0005515; GO:0005886; GO:0007157; GO:0007215; GO:0008104; GO:0008328; GO:0010975; GO:0021707; GO:0030165; GO:0032281; GO:0034220; GO:0035249; GO:0042802; GO:0043197; GO:0043523; GO:0045202; GO:0046872; GO:0050804; GO:0051965; GO:0060079; GO:0060134; GO:0097110; GO:0098688; GO:0098839; GO:0098978; GO:0099072; GO:0099151; GO:0099538; GO:1900454; GO:1904315; GO:1904861; GO:1905606	AMPA glutamate receptor activity; protein binding; plasma membrane; heterophilic cell-cell adhesion via plasma membrane cell adhesion molecules; glutamate receptor signaling pathway; protein localization; ionotropic glutamate receptor complex; regulation of neuron projection development; cerebellar granule cell differentiation; PDZ domain binding; AMPA glutamate receptor complex; monoatomic ion transmembrane transport; synaptic transmission, glutamatergic; identical protein binding; dendritic spine; regulation of neuron apoptotic process; synapse; metal ion binding; modulation of chemical synaptic transmission; positive regulation of synapse assembly; excitatory postsynaptic potential; prepulse inhibition; scaffold protein binding; parallel fiber to Purkinje cell synapse; postsynaptic density membrane; glutamatergic synapse; regulation of postsynaptic membrane neurotransmitter receptor levels; regulation of postsynaptic density assembly; synaptic signaling via neuropeptide; positive regulation of long-term synaptic depression; transmitter-gated monoatomic ion channel activity involved in regulation of postsynaptic membrane potential; excitatory synapse assembly; regulation of presynapse assembly	0.4732	3e-05	1.0	0.5909090909090909	0.6363636363636364	0.0	0.15625	0.1875
GRIK1	I14_OG000451	P39086	ENSG00000171189	glutamate ionotropic receptor kainate type subunit 1	GO:0004970; GO:0005886; GO:0007215; GO:0007268; GO:0007399; GO:0007417; GO:0015277; GO:0019722; GO:0022849; GO:0032983; GO:0034220; GO:0035235; GO:0035249; GO:0042734; GO:0043231; GO:0050804; GO:0051966; GO:0060078; GO:0098839; GO:1904315	glutamate-gated receptor activity; plasma membrane; glutamate receptor signaling pathway; chemical synaptic transmission; nervous system development; central nervous system development; kainate selective glutamate receptor activity; calcium-mediated signaling; glutamate-gated calcium ion channel activity; kainate selective glutamate receptor complex; monoatomic ion transmembrane transport; ionotropic glutamate receptor signaling pathway; synaptic transmission, glutamatergic; presynaptic membrane; intracellular membrane-bounded organelle; modulation of chemical synaptic transmission; regulation of synaptic transmission, glutamatergic; regulation of postsynaptic membrane potential; postsynaptic density membrane; transmitter-gated monoatomic ion channel activity involved in regulation of postsynaptic membrane potential	0.4732	3e-05	1.0	0.5909090909090909	0.6363636363636364	0.0	0.15625	0.1875
GRIK2	I14_OG000451	Q13002	ENSG00000164418	glutamate ionotropic receptor kainate type subunit 2	GO:0001662; GO:0004970; GO:0005234; GO:0005886; GO:0006874; GO:0007215; GO:0007268; GO:0015277; GO:0019228; GO:0019722; GO:0022849; GO:0032983; GO:0034220; GO:0035235; GO:0035249; GO:0042734; GO:0043025; GO:0043524; GO:0048169; GO:0048172; GO:0050804; GO:0050806; GO:0051402; GO:0051967; GO:0060079; GO:0060080; GO:0097471; GO:0098686; GO:0098839; GO:0098978; GO:0099171; GO:0099505; GO:0099507; GO:0120169; GO:1904315	behavioral fear response; glutamate-gated receptor activity; extracellularly glutamate-gated ion channel activity; plasma membrane; intracellular calcium ion homeostasis; glutamate receptor signaling pathway; chemical synaptic transmission; kainate selective glutamate receptor activity; neuronal action potential; calcium-mediated signaling; glutamate-gated calcium ion channel activity; kainate selective glutamate receptor complex; monoatomic ion transmembrane transport; ionotropic glutamate receptor signaling pathway; synaptic transmission, glutamatergic; presynaptic membrane; neuronal cell body; negative regulation of neuron apoptotic process; regulation of long-term neuronal synaptic plasticity; regulation of short-term neuronal synaptic plasticity; modulation of chemical synaptic transmission; positive regulation of synaptic transmission; neuron apoptotic process; negative regulation of synaptic transmission, glutamatergic; excitatory postsynaptic potential; inhibitory postsynaptic potential; mossy fiber rosette; hippocampal mossy fiber to CA3 synapse; postsynaptic density membrane; glutamatergic synapse; presynaptic modulation of chemical synaptic transmission; regulation of presynaptic membrane potential; ligand-gated monoatomic ion channel activity involved in regulation of presynaptic membrane potential; detection of cold stimulus involved in thermoception; transmitter-gated monoatomic ion channel activity involved in regulation of postsynaptic membrane potential	0.4732	3e-05	1.0	0.5909090909090909	0.6363636363636364	0.0	0.15625	0.1875
GRIK3	I14_OG000451	Q13003	ENSG00000163873	glutamate ionotropic receptor kainate type subunit 3	GO:0001640; GO:0004970; GO:0005886; GO:0007196; GO:0007215; GO:0007216; GO:0008066; GO:0015277; GO:0019722; GO:0022849; GO:0030424; GO:0030425; GO:0032839; GO:0032983; GO:0034220; GO:0035235; GO:0035249; GO:0042391; GO:0042734; GO:0043195; GO:0043204; GO:0050804; GO:0051967; GO:0060078; GO:0098839; GO:0098978; GO:0099505; GO:0099507; GO:1904315	adenylate cyclase inhibiting G protein-coupled glutamate receptor activity; glutamate-gated receptor activity; plasma membrane; adenylate cyclase-inhibiting G protein-coupled glutamate receptor signaling pathway; glutamate receptor signaling pathway; G protein-coupled glutamate receptor signaling pathway; glutamate receptor activity; kainate selective glutamate receptor activity; calcium-mediated signaling; glutamate-gated calcium ion channel activity; axon; dendrite; dendrite cytoplasm; kainate selective glutamate receptor complex; monoatomic ion transmembrane transport; ionotropic glutamate receptor signaling pathway; synaptic transmission, glutamatergic; regulation of membrane potential; presynaptic membrane; terminal bouton; perikaryon; modulation of chemical synaptic transmission; negative regulation of synaptic transmission, glutamatergic; regulation of postsynaptic membrane potential; postsynaptic density membrane; glutamatergic synapse; regulation of presynaptic membrane potential; ligand-gated monoatomic ion channel activity involved in regulation of presynaptic membrane potential; transmitter-gated monoatomic ion channel activity involved in regulation of postsynaptic membrane potential	0.4732	3e-05	1.0	0.5909090909090909	0.6363636363636364	0.0	0.15625	0.1875
GRIK4	I14_OG000451	Q16099	ENSG00000149403	glutamate ionotropic receptor kainate type subunit 4	GO:0005886; GO:0007215; GO:0007268; GO:0015277; GO:0032983; GO:0034220; GO:0035235; GO:0035249; GO:0042734; GO:0042995; GO:0050804; GO:0060078; GO:0098686; GO:0098839; GO:0099505; GO:0099507; GO:1904315	plasma membrane; glutamate receptor signaling pathway; chemical synaptic transmission; kainate selective glutamate receptor activity; kainate selective glutamate receptor complex; monoatomic ion transmembrane transport; ionotropic glutamate receptor signaling pathway; synaptic transmission, glutamatergic; presynaptic membrane; cell projection; modulation of chemical synaptic transmission; regulation of postsynaptic membrane potential; hippocampal mossy fiber to CA3 synapse; postsynaptic density membrane; regulation of presynaptic membrane potential; ligand-gated monoatomic ion channel activity involved in regulation of presynaptic membrane potential; transmitter-gated monoatomic ion channel activity involved in regulation of postsynaptic membrane potential	0.4732	3e-05	1.0	0.5909090909090909	0.6363636363636364	0.0	0.15625	0.1875
GRIK5	I14_OG000451	Q16478	ENSG00000105737	glutamate ionotropic receptor kainate type subunit 5	GO:0004970; GO:0005654; GO:0005783; GO:0005886; GO:0015277; GO:0031630; GO:0032983; GO:0034220; GO:0035235; GO:0035249; GO:0042734; GO:0042995; GO:0050804; GO:0060079; GO:0098686; GO:0098839; GO:0099505; GO:0099507; GO:1904315	glutamate-gated receptor activity; nucleoplasm; endoplasmic reticulum; plasma membrane; kainate selective glutamate receptor activity; regulation of synaptic vesicle fusion to presynaptic active zone membrane; kainate selective glutamate receptor complex; monoatomic ion transmembrane transport; ionotropic glutamate receptor signaling pathway; synaptic transmission, glutamatergic; presynaptic membrane; cell projection; modulation of chemical synaptic transmission; excitatory postsynaptic potential; hippocampal mossy fiber to CA3 synapse; postsynaptic density membrane; regulation of presynaptic membrane potential; ligand-gated monoatomic ion channel activity involved in regulation of presynaptic membrane potential; transmitter-gated monoatomic ion channel activity involved in regulation of postsynaptic membrane potential	0.4732	3e-05	1.0	0.5909090909090909	0.6363636363636364	0.0	0.15625	0.1875
GRIN1	I14_OG000451	Q05586	ENSG00000176884	glutamate ionotropic receptor NMDA type subunit 1	GO:0001540; GO:0004972; GO:0005262; GO:0005509; GO:0005515; GO:0005516; GO:0005737; GO:0005789; GO:0005886; GO:0006812; GO:0007268; GO:0007420; GO:0008021; GO:0008542; GO:0009986; GO:0010524; GO:0014069; GO:0015276; GO:0015280; GO:0016594; GO:0016595; GO:0017146; GO:0018964; GO:0019722; GO:0022824; GO:0022849; GO:0030425; GO:0034702; GO:0035235; GO:0035725; GO:0038023; GO:0042391; GO:0043005; GO:0043083; GO:0043195; GO:0043197; GO:0044877; GO:0045202; GO:0045211; GO:0045471; GO:0045944; GO:0048167; GO:0048168; GO:0051290; GO:0051968; GO:0055074; GO:0060076; GO:0060079; GO:0070588; GO:0097060; GO:0097553; GO:0098655; GO:0098839; GO:0098878; GO:0098976; GO:1903428; GO:1904062; GO:1905429; GO:2000463	amyloid-beta binding; NMDA glutamate receptor activity; calcium channel activity; calcium ion binding; protein binding; calmodulin binding; cytoplasm; endoplasmic reticulum membrane; plasma membrane; monoatomic cation transport; chemical synaptic transmission; brain development; synaptic vesicle; visual learning; cell surface; positive regulation of calcium ion transport into cytosol; postsynaptic density; ligand-gated monoatomic ion channel activity; ligand-gated sodium channel activity; glycine binding; glutamate binding; NMDA selective glutamate receptor complex; propylene metabolic process; calcium-mediated signaling; transmitter-gated monoatomic ion channel activity; glutamate-gated calcium ion channel activity; dendrite; monoatomic ion channel complex; ionotropic glutamate receptor signaling pathway; sodium ion transmembrane transport; signaling receptor activity; regulation of membrane potential; neuron projection; synaptic cleft; terminal bouton; dendritic spine; protein-containing complex binding; synapse; postsynaptic membrane; response to ethanol; positive regulation of transcription by RNA polymerase II; regulation of synaptic plasticity; regulation of neuronal synaptic plasticity; protein heterotetramerization; positive regulation of synaptic transmission, glutamatergic; calcium ion homeostasis; excitatory synapse; excitatory postsynaptic potential; calcium ion transmembrane transport; synaptic membrane; calcium ion transmembrane import into cytosol; monoatomic cation transmembrane transport; postsynaptic density membrane; neurotransmitter receptor complex; excitatory chemical synaptic transmission; positive regulation of reactive oxygen species biosynthetic process; regulation of monoatomic cation transmembrane transport; response to glycine; positive regulation of excitatory postsynaptic potential	0.4732	3e-05	1.0	0.5909090909090909	0.6363636363636364	0.0	0.15625	0.1875
GRIN2A	I14_OG000451	Q12879	ENSG00000183454	glutamate ionotropic receptor NMDA type subunit 2A	GO:0001540; GO:0001964; GO:0001975; GO:0004972; GO:0005515; GO:0005789; GO:0005886; GO:0007215; GO:0007268; GO:0007420; GO:0007611; GO:0007613; GO:0008021; GO:0008270; GO:0008542; GO:0009410; GO:0009611; GO:0009986; GO:0014069; GO:0017146; GO:0019233; GO:0019722; GO:0022008; GO:0022849; GO:0030163; GO:0030431; GO:0030659; GO:0033058; GO:0035235; GO:0035249; GO:0035725; GO:0042177; GO:0042417; GO:0042428; GO:0042734; GO:0043065; GO:0043197; GO:0045211; GO:0045471; GO:0048167; GO:0048168; GO:0051968; GO:0060079; GO:0060291; GO:0070588; GO:0097060; GO:0097553; GO:0098655; GO:0098839; GO:0098976; GO:0098978; GO:1903539; GO:1904062; GO:1904315; GO:2000463	amyloid-beta binding; startle response; response to amphetamine; NMDA glutamate receptor activity; protein binding; endoplasmic reticulum membrane; plasma membrane; glutamate receptor signaling pathway; chemical synaptic transmission; brain development; learning or memory; memory; synaptic vesicle; zinc ion binding; visual learning; response to xenobiotic stimulus; response to wounding; cell surface; postsynaptic density; NMDA selective glutamate receptor complex; sensory perception of pain; calcium-mediated signaling; neurogenesis; glutamate-gated calcium ion channel activity; protein catabolic process; sleep; cytoplasmic vesicle membrane; directional locomotion; ionotropic glutamate receptor signaling pathway; synaptic transmission, glutamatergic; sodium ion transmembrane transport; negative regulation of protein catabolic process; dopamine metabolic process; serotonin metabolic process; presynaptic membrane; positive regulation of apoptotic process; dendritic spine; postsynaptic membrane; response to ethanol; regulation of synaptic plasticity; regulation of neuronal synaptic plasticity; positive regulation of synaptic transmission, glutamatergic; excitatory postsynaptic potential; long-term synaptic potentiation; calcium ion transmembrane transport; synaptic membrane; calcium ion transmembrane import into cytosol; monoatomic cation transmembrane transport; postsynaptic density membrane; excitatory chemical synaptic transmission; glutamatergic synapse; protein localization to postsynaptic membrane; regulation of monoatomic cation transmembrane transport; transmitter-gated monoatomic ion channel activity involved in regulation of postsynaptic membrane potential; positive regulation of excitatory postsynaptic potential	0.4732	3e-05	1.0	0.5909090909090909	0.6363636363636364	0.0	0.15625	0.1875
GRIN2B	I14_OG000451	Q13224	ENSG00000273079	glutamate ionotropic receptor NMDA type subunit 2B	GO:0001540; GO:0004972; GO:0005515; GO:0005737; GO:0005764; GO:0005770; GO:0005789; GO:0005856; GO:0005886; GO:0007215; GO:0007268; GO:0007420; GO:0007611; GO:0008270; GO:0009986; GO:0014069; GO:0016594; GO:0016595; GO:0017146; GO:0019722; GO:0022849; GO:0030425; GO:0035235; GO:0035249; GO:0043005; GO:0045211; GO:0045471; GO:0048167; GO:0048168; GO:0051290; GO:0051968; GO:0060079; GO:0060291; GO:0097060; GO:0097553; GO:0098655; GO:0098839; GO:0098976; GO:0099505; GO:0099507; GO:1902951; GO:1904062; GO:1904315; GO:2000463	amyloid-beta binding; NMDA glutamate receptor activity; protein binding; cytoplasm; lysosome; late endosome; endoplasmic reticulum membrane; cytoskeleton; plasma membrane; glutamate receptor signaling pathway; chemical synaptic transmission; brain development; learning or memory; zinc ion binding; cell surface; postsynaptic density; glycine binding; glutamate binding; NMDA selective glutamate receptor complex; calcium-mediated signaling; glutamate-gated calcium ion channel activity; dendrite; ionotropic glutamate receptor signaling pathway; synaptic transmission, glutamatergic; neuron projection; postsynaptic membrane; response to ethanol; regulation of synaptic plasticity; regulation of neuronal synaptic plasticity; protein heterotetramerization; positive regulation of synaptic transmission, glutamatergic; excitatory postsynaptic potential; long-term synaptic potentiation; synaptic membrane; calcium ion transmembrane import into cytosol; monoatomic cation transmembrane transport; postsynaptic density membrane; excitatory chemical synaptic transmission; regulation of presynaptic membrane potential; ligand-gated monoatomic ion channel activity involved in regulation of presynaptic membrane potential; negative regulation of dendritic spine maintenance; regulation of monoatomic cation transmembrane transport; transmitter-gated monoatomic ion channel activity involved in regulation of postsynaptic membrane potential; positive regulation of excitatory postsynaptic potential	0.4732	3e-05	1.0	0.5909090909090909	0.6363636363636364	0.0	0.15625	0.1875
GRIN2C	I14_OG000451	Q14957	ENSG00000161509	glutamate ionotropic receptor NMDA type subunit 2C	GO:0004972; GO:0005261; GO:0005515; GO:0005789; GO:0005886; GO:0007215; GO:0007420; GO:0009611; GO:0017146; GO:0033058; GO:0035235; GO:0035249; GO:0042177; GO:0045211; GO:0048167; GO:0048168; GO:0050885; GO:0051968; GO:0060079; GO:0060291; GO:0097553; GO:0098655; GO:0098839; GO:0098976; GO:0098978; GO:1903539; GO:1904062; GO:1904315; GO:2000463	NMDA glutamate receptor activity; monoatomic cation channel activity; protein binding; endoplasmic reticulum membrane; plasma membrane; glutamate receptor signaling pathway; brain development; response to wounding; NMDA selective glutamate receptor complex; directional locomotion; ionotropic glutamate receptor signaling pathway; synaptic transmission, glutamatergic; negative regulation of protein catabolic process; postsynaptic membrane; regulation of synaptic plasticity; regulation of neuronal synaptic plasticity; neuromuscular process controlling balance; positive regulation of synaptic transmission, glutamatergic; excitatory postsynaptic potential; long-term synaptic potentiation; calcium ion transmembrane import into cytosol; monoatomic cation transmembrane transport; postsynaptic density membrane; excitatory chemical synaptic transmission; glutamatergic synapse; protein localization to postsynaptic membrane; regulation of monoatomic cation transmembrane transport; transmitter-gated monoatomic ion channel activity involved in regulation of postsynaptic membrane potential; positive regulation of excitatory postsynaptic potential	0.4732	3e-05	1.0	0.5909090909090909	0.6363636363636364	0.0	0.15625	0.1875
GRIN2D	I14_OG000451	O15399	ENSG00000105464	glutamate ionotropic receptor NMDA type subunit 2D	GO:0001964; GO:0004970; GO:0004972; GO:0005515; GO:0005789; GO:0005886; GO:0007420; GO:0008344; GO:0016595; GO:0017146; GO:0019722; GO:0022843; GO:0022849; GO:0035235; GO:0035249; GO:0045211; GO:0048167; GO:0048168; GO:0048787; GO:0051930; GO:0051968; GO:0060079; GO:0060291; GO:0097553; GO:0098655; GO:0098686; GO:0098839; GO:0098976; GO:0098978; GO:0099505; GO:0099507; GO:1904062; GO:1904315; GO:1905232; GO:2000463	startle response; glutamate-gated receptor activity; NMDA glutamate receptor activity; protein binding; endoplasmic reticulum membrane; plasma membrane; brain development; adult locomotory behavior; glutamate binding; NMDA selective glutamate receptor complex; calcium-mediated signaling; voltage-gated monoatomic cation channel activity; glutamate-gated calcium ion channel activity; ionotropic glutamate receptor signaling pathway; synaptic transmission, glutamatergic; postsynaptic membrane; regulation of synaptic plasticity; regulation of neuronal synaptic plasticity; presynaptic active zone membrane; regulation of sensory perception of pain; positive regulation of synaptic transmission, glutamatergic; excitatory postsynaptic potential; long-term synaptic potentiation; calcium ion transmembrane import into cytosol; monoatomic cation transmembrane transport; hippocampal mossy fiber to CA3 synapse; postsynaptic density membrane; excitatory chemical synaptic transmission; glutamatergic synapse; regulation of presynaptic membrane potential; ligand-gated monoatomic ion channel activity involved in regulation of presynaptic membrane potential; regulation of monoatomic cation transmembrane transport; transmitter-gated monoatomic ion channel activity involved in regulation of postsynaptic membrane potential; cellular response to L-glutamate; positive regulation of excitatory postsynaptic potential	0.4732	3e-05	1.0	0.5909090909090909	0.6363636363636364	0.0	0.15625	0.1875
GRIN3A	I14_OG000451	Q8TCU5	ENSG00000198785	glutamate ionotropic receptor NMDA type subunit 3A	GO:0004972; GO:0005262; GO:0005515; GO:0005789; GO:0005886; GO:0006816; GO:0008066; GO:0016020; GO:0016358; GO:0016594; GO:0017146; GO:0022824; GO:0034702; GO:0035235; GO:0035249; GO:0042802; GO:0043005; GO:0043025; GO:0045202; GO:0045211; GO:0045471; GO:0048167; GO:0048511; GO:0050804; GO:0051721; GO:0060078; GO:0060134; GO:0061000; GO:0070588; GO:0070905; GO:0098655; GO:0098793; GO:0098839; GO:0098878; GO:0098978; GO:0099171; GO:1904315	NMDA glutamate receptor activity; calcium channel activity; protein binding; endoplasmic reticulum membrane; plasma membrane; calcium ion transport; glutamate receptor activity; membrane; dendrite development; glycine binding; NMDA selective glutamate receptor complex; transmitter-gated monoatomic ion channel activity; monoatomic ion channel complex; ionotropic glutamate receptor signaling pathway; synaptic transmission, glutamatergic; identical protein binding; neuron projection; neuronal cell body; synapse; postsynaptic membrane; response to ethanol; regulation of synaptic plasticity; rhythmic process; modulation of chemical synaptic transmission; protein phosphatase 2A binding; regulation of postsynaptic membrane potential; prepulse inhibition; negative regulation of dendritic spine development; calcium ion transmembrane transport; serine binding; monoatomic cation transmembrane transport; presynapse; postsynaptic density membrane; neurotransmitter receptor complex; glutamatergic synapse; presynaptic modulation of chemical synaptic transmission; transmitter-gated monoatomic ion channel activity involved in regulation of postsynaptic membrane potential	0.4732	3e-05	1.0	0.5909090909090909	0.6363636363636364	0.0	0.15625	0.1875
GRIN3B	I14_OG000451	O60391	ENSG00000116032	glutamate ionotropic receptor NMDA type subunit 3B	GO:0004972; GO:0005261; GO:0005262; GO:0005886; GO:0008066; GO:0016594; GO:0017146; GO:0030594; GO:0035235; GO:0035249; GO:0043025; GO:0050804; GO:0051205; GO:0051924; GO:0060078; GO:0070588; GO:0098839; GO:0099505; GO:0099507; GO:1904315	NMDA glutamate receptor activity; monoatomic cation channel activity; calcium channel activity; plasma membrane; glutamate receptor activity; glycine binding; NMDA selective glutamate receptor complex; neurotransmitter receptor activity; ionotropic glutamate receptor signaling pathway; synaptic transmission, glutamatergic; neuronal cell body; modulation of chemical synaptic transmission; protein insertion into membrane; regulation of calcium ion transport; regulation of postsynaptic membrane potential; calcium ion transmembrane transport; postsynaptic density membrane; regulation of presynaptic membrane potential; ligand-gated monoatomic ion channel activity involved in regulation of presynaptic membrane potential; transmitter-gated monoatomic ion channel activity involved in regulation of postsynaptic membrane potential	0.4732	3e-05	1.0	0.5909090909090909	0.6363636363636364	0.0	0.15625	0.1875
GSTT1	I14_OG001052	P30711	ENSG00000277656	glutathione S-transferase theta 1	GO:0004364; GO:0004602; GO:0005515; GO:0005737; GO:0005829; GO:0006749; GO:0070062; GO:0098869	glutathione transferase activity; glutathione peroxidase activity; protein binding; cytoplasm; cytosol; glutathione metabolic process; extracellular exosome; cellular oxidant detoxification	0.5929	0.00025	1	0.7727272727272727	0.8181818181818181	0.0	0.1875	0.1875
GSTT2	I14_OG001052	P0CG29	ENSG00000099984	glutathione S-transferase theta 2 (gene/pseudogene)	GO:0004364; GO:0005634; GO:0005737; GO:0005829; GO:0006749; GO:0070062	glutathione transferase activity; nucleus; cytoplasm; cytosol; glutathione metabolic process; extracellular exosome	0.5929	0.00025	1	0.7727272727272727	0.8181818181818181	0.0	0.1875	0.1875
GSTT2	I14_OG001052	P0CG29	ENSG00000277897	glutathione S-transferase theta 2 (gene/pseudogene)	GO:0004364; GO:0005634; GO:0005737; GO:0005829; GO:0006749; GO:0070062	glutathione transferase activity; nucleus; cytoplasm; cytosol; glutathione metabolic process; extracellular exosome	0.5929	0.00025	1	0.7727272727272727	0.8181818181818181	0.0	0.1875	0.1875
GSTT4	I14_OG001052	A0A1W2PR19	ENSG00000276950	glutathione S-transferase theta 4	GO:0004364; GO:0005737; GO:0006749	glutathione transferase activity; cytoplasm; glutathione metabolic process	0.5929	0.00025	1	0.7727272727272727	0.8181818181818181	0.0	0.1875	0.1875
GSTT4	I14_OG001052	A0A1W2PR19	ENSG00000281748	glutathione S-transferase theta 4	GO:0004364; GO:0005737; GO:0006749	glutathione transferase activity; cytoplasm; glutathione metabolic process	0.5929	0.00025	1	0.7727272727272727	0.8181818181818181	0.0	0.1875	0.1875
GTF3C1	I60_OG000054	Q12789	ENSG00000077235	general transcription factor IIIC subunit 1	GO:0000127; GO:0000995; GO:0003677; GO:0005515; GO:0005654; GO:0005730; GO:0006383; GO:0006384; GO:0009303; GO:0009304; GO:0016020; GO:0042791; GO:0042797; GO:1990904	transcription factor TFIIIC complex; RNA polymerase III general transcription initiation factor activity; DNA binding; protein binding; nucleoplasm; nucleolus; transcription by RNA polymerase III; transcription initiation at RNA polymerase III promoter; rRNA transcription; tRNA transcription; membrane; 5S class rRNA transcription by RNA polymerase III; tRNA transcription by RNA polymerase III; ribonucleoprotein complex	0.4256	1e-05	1	0.9545454545454546	1.0	1.0	0.59375	0.625
GZF1	I14_OG006826	Q9H116	ENSG00000125812	GDNF inducible zinc finger protein 1	GO:0000122; GO:0000978; GO:0000981; GO:0001227; GO:0001658; GO:0005654; GO:0005730; GO:0005737; GO:0006355; GO:0043565; GO:0045892; GO:0046872	negative regulation of transcription by RNA polymerase II; RNA polymerase II cis-regulatory region sequence-specific DNA binding; DNA-binding transcription factor activity, RNA polymerase II-specific; DNA-binding transcription repressor activity, RNA polymerase II-specific; branching involved in ureteric bud morphogenesis; nucleoplasm; nucleolus; cytoplasm; regulation of DNA-templated transcription; sequence-specific DNA binding; negative regulation of DNA-templated transcription; metal ion binding	0.4524	0.00062	1.0	0.5454545454545454	0.5454545454545454	0.0	0.125	0.125
HADH	I14_OG000543	Q16836	ENSG00000138796	hydroxyacyl-CoA dehydrogenase	GO:0003857; GO:0005654; GO:0005737; GO:0005739; GO:0005759; GO:0006635; GO:0007283; GO:0009410; GO:0014823; GO:0016740; GO:0030154; GO:0032868; GO:0042802; GO:0046676; GO:0050796; GO:0070403; GO:0120162	3-hydroxyacyl-CoA dehydrogenase activity; nucleoplasm; cytoplasm; mitochondrion; mitochondrial matrix; fatty acid beta-oxidation; spermatogenesis; response to xenobiotic stimulus; response to activity; transferase activity; cell differentiation; response to insulin; identical protein binding; negative regulation of insulin secretion; regulation of insulin secretion; NAD+ binding; positive regulation of cold-induced thermogenesis	0.3953	0.0408	1	1.0	1.0	1.0	0.6875	0.6875
HADHA	I14_OG000543	P40939	ENSG00000084754	hydroxyacyl-CoA dehydrogenase trifunctional multienzyme complex subunit alpha	GO:0000062; GO:0003857; GO:0003985; GO:0004300; GO:0005515; GO:0005739; GO:0005743; GO:0006635; GO:0009410; GO:0016507; GO:0016509; GO:0018812; GO:0032868; GO:0035965; GO:0042645; GO:0044877; GO:0070403	fatty-acyl-CoA binding; 3-hydroxyacyl-CoA dehydrogenase activity; acetyl-CoA C-acetyltransferase activity; enoyl-CoA hydratase activity; protein binding; mitochondrion; mitochondrial inner membrane; fatty acid beta-oxidation; response to xenobiotic stimulus; mitochondrial fatty acid beta-oxidation multienzyme complex; long-chain-3-hydroxyacyl-CoA dehydrogenase activity; 3-hydroxyacyl-CoA dehydratase activity; response to insulin; cardiolipin acyl-chain remodeling; mitochondrial nucleoid; protein-containing complex binding; NAD+ binding	0.3953	0.0408	1	1.0	1.0	1.0	0.6875	0.6875
HDLBP	I14_OG002503	Q00341	ENSG00000115677	high density lipoprotein binding protein	GO:0003723; GO:0003729; GO:0005515; GO:0005634; GO:0005737; GO:0005886; GO:0006869; GO:0008203; GO:0008289; GO:0034364; GO:0045296	RNA binding; mRNA binding; protein binding; nucleus; cytoplasm; plasma membrane; lipid transport; cholesterol metabolic process; lipid binding; high-density lipoprotein particle; cadherin binding	0.3355	0.00931	1.0	0.9545454545454546	1.0	1.0	0.6875	0.6875
HERPUD1	I14_OG010706	Q15011	ENSG00000051108	homocysteine inducible ER protein with ubiquitin like domain 1	GO:0005515; GO:0005783; GO:0005789; GO:0006511; GO:0006986; GO:0016020; GO:0030968; GO:0030970; GO:0031396; GO:0032469; GO:0034976; GO:0036503; GO:0044322; GO:0044325; GO:0045047; GO:1902236; GO:1904292; GO:1904294; GO:1990037; GO:1990756; GO:2000060; GO:2001243	protein binding; endoplasmic reticulum; endoplasmic reticulum membrane; ubiquitin-dependent protein catabolic process; response to unfolded protein; membrane; endoplasmic reticulum unfolded protein response; retrograde protein transport, ER to cytosol; regulation of protein ubiquitination; endoplasmic reticulum calcium ion homeostasis; response to endoplasmic reticulum stress; ERAD pathway; endoplasmic reticulum quality control compartment; transmembrane transporter binding; protein targeting to ER; negative regulation of endoplasmic reticulum stress-induced intrinsic apoptotic signaling pathway; regulation of ERAD pathway; positive regulation of ERAD pathway; Lewy body core; ubiquitin-like ligase-substrate adaptor activity; positive regulation of ubiquitin-dependent protein catabolic process; negative regulation of intrinsic apoptotic signaling pathway	0.4524	0.02212	1	0.5454545454545454	0.5454545454545454	0.0	0.125	0.125
HERPUD2	I14_OG010706	Q9BSE4	ENSG00000122557	HERPUD family member 2	GO:0005515; GO:0007283; GO:0016020; GO:0030968	protein binding; spermatogenesis; membrane; endoplasmic reticulum unfolded protein response	0.4524	0.02212	1	0.5454545454545454	0.5454545454545454	0.0	0.125	0.125
HLTF	I60_OG000143	Q14527	ENSG00000071794	helicase like transcription factor	GO:0003677; GO:0003723; GO:0004386; GO:0005515; GO:0005524; GO:0005634; GO:0005654; GO:0005730; GO:0005737; GO:0005886; GO:0006281; GO:0006325; GO:0008094; GO:0008270; GO:0016020; GO:0016363; GO:0016567; GO:0016818; GO:0031625; GO:0042789; GO:0045944; GO:0050767; GO:0061630; GO:0090575	DNA binding; RNA binding; helicase activity; protein binding; ATP binding; nucleus; nucleoplasm; nucleolus; cytoplasm; plasma membrane; DNA repair; chromatin organization; ATP-dependent activity, acting on DNA; zinc ion binding; membrane; nuclear matrix; protein ubiquitination; hydrolase activity, acting on acid anhydrides, in phosphorus-containing anhydrides; ubiquitin protein ligase binding; mRNA transcription by RNA polymerase II; positive regulation of transcription by RNA polymerase II; regulation of neurogenesis; ubiquitin protein ligase activity; RNA polymerase II transcription regulator complex	0.3458	0.0292	1	1.0	1.0	1.0	0.75	0.75
HMGCS1	I14_OG001511	Q01581	ENSG00000112972	3-hydroxy-3-methylglutaryl-CoA synthase 1	GO:0004421; GO:0005515; GO:0005737; GO:0005829; GO:0006084; GO:0006629; GO:0006695; GO:0010142; GO:0042803	hydroxymethylglutaryl-CoA synthase activity; protein binding; cytoplasm; cytosol; acetyl-CoA metabolic process; lipid metabolic process; cholesterol biosynthetic process; farnesyl diphosphate biosynthetic process, mevalonate pathway; protein homodimerization activity	0.4915	0.04629	1	0.9545454545454546	1.0	0.5	0.5	0.5
HMGCS2	I14_OG001511	P54868	ENSG00000134240	3-hydroxy-3-methylglutaryl-CoA synthase 2	GO:0001822; GO:0001889; GO:0004421; GO:0005739; GO:0005759; GO:0006084; GO:0006695; GO:0007494; GO:0007584; GO:0009266; GO:0009410; GO:0010038; GO:0010142; GO:0030324; GO:0032869; GO:0033555; GO:0033574; GO:0033762; GO:0034014; GO:0034284; GO:0034696; GO:0042594; GO:0042802; GO:0045471; GO:0046951; GO:0051591; GO:0060416; GO:0060612; GO:0070543; GO:0071222; GO:0071230; GO:0071385; GO:0071398	kidney development; liver development; hydroxymethylglutaryl-CoA synthase activity; mitochondrion; mitochondrial matrix; acetyl-CoA metabolic process; cholesterol biosynthetic process; midgut development; response to nutrient; response to temperature stimulus; response to xenobiotic stimulus; response to metal ion; farnesyl diphosphate biosynthetic process, mevalonate pathway; lung development; cellular response to insulin stimulus; multicellular organismal response to stress; response to testosterone; response to glucagon; response to triglyceride; response to monosaccharide; response to prostaglandin F; response to starvation; identical protein binding; response to ethanol; ketone body biosynthetic process; response to cAMP; response to growth hormone; adipose tissue development; response to linoleic acid; cellular response to lipopolysaccharide; cellular response to amino acid stimulus; cellular response to glucocorticoid stimulus; cellular response to fatty acid	0.4915	0.04629	1	0.9545454545454546	1.0	0.5	0.5	0.5
HRAS	I60_OG000026	P01112	ENSG00000174775	HRas proto-oncogene, GTPase	GO:0000139; GO:0000165; GO:0001934; GO:0003924; GO:0003925; GO:0005515; GO:0005525; GO:0005654; GO:0005737; GO:0005789; GO:0005794; GO:0005829; GO:0005886; GO:0006357; GO:0006897; GO:0006935; GO:0007165; GO:0007166; GO:0007265; GO:0008284; GO:0008285; GO:0008286; GO:0009887; GO:0010629; GO:0014044; GO:0019003; GO:0030335; GO:0032729; GO:0032956; GO:0034260; GO:0042088; GO:0042127; GO:0042552; GO:0042832; GO:0043406; GO:0043410; GO:0043495; GO:0043524; GO:0043547; GO:0045944; GO:0046330; GO:0048144; GO:0048146; GO:0048169; GO:0048471; GO:0050679; GO:0050852; GO:0051402; GO:0051726; GO:0060612; GO:0070374; GO:0071480; GO:0090303; GO:0090314; GO:0090398; GO:0090402; GO:0097193; GO:0098696; GO:0098978; GO:0160185; GO:1900029; GO:1905360; GO:2000630	Golgi membrane; MAPK cascade; positive regulation of protein phosphorylation; GTPase activity; G protein activity; protein binding; GTP binding; nucleoplasm; cytoplasm; endoplasmic reticulum membrane; Golgi apparatus; cytosol; plasma membrane; regulation of transcription by RNA polymerase II; endocytosis; chemotaxis; signal transduction; cell surface receptor signaling pathway; Ras protein signal transduction; positive regulation of cell population proliferation; negative regulation of cell population proliferation; insulin receptor signaling pathway; animal organ morphogenesis; negative regulation of gene expression; Schwann cell development; GDP binding; positive regulation of cell migration; positive regulation of type II interferon production; regulation of actin cytoskeleton organization; negative regulation of GTPase activity; T-helper 1 type immune response; regulation of cell population proliferation; myelination; defense response to protozoan; positive regulation of MAP kinase activity; positive regulation of MAPK cascade; protein-membrane adaptor activity; negative regulation of neuron apoptotic process; positive regulation of GTPase activity; positive regulation of transcription by RNA polymerase II; positive regulation of JNK cascade; fibroblast proliferation; positive regulation of fibroblast proliferation; regulation of long-term neuronal synaptic plasticity; perinuclear region of cytoplasm; positive regulation of epithelial cell proliferation; T cell receptor signaling pathway; neuron apoptotic process; regulation of cell cycle; adipose tissue development; positive regulation of ERK1 and ERK2 cascade; cellular response to gamma radiation; positive regulation of wound healing; positive regulation of protein targeting to membrane; cellular senescence; oncogene-induced cell senescence; intrinsic apoptotic signaling pathway; regulation of neurotransmitter receptor localization to postsynaptic specialization membrane; glutamatergic synapse; phospholipase C activator activity; positive regulation of ruffle assembly; GTPase complex; positive regulation of miRNA metabolic process	0.4381	0	1	0.8636363636363636	0.9090909090909091	0.0	0.4375	0.4375
HRAS	I60_OG000026	P01112	ENSG00000276536	HRas proto-oncogene, GTPase	GO:0000139; GO:0000165; GO:0001934; GO:0003924; GO:0003925; GO:0005515; GO:0005525; GO:0005654; GO:0005737; GO:0005789; GO:0005794; GO:0005829; GO:0005886; GO:0006357; GO:0006897; GO:0006935; GO:0007165; GO:0007166; GO:0007265; GO:0008284; GO:0008285; GO:0008286; GO:0009887; GO:0010629; GO:0014044; GO:0019003; GO:0030335; GO:0032729; GO:0032956; GO:0034260; GO:0042088; GO:0042127; GO:0042552; GO:0042832; GO:0043406; GO:0043410; GO:0043495; GO:0043524; GO:0043547; GO:0045944; GO:0046330; GO:0048144; GO:0048146; GO:0048169; GO:0048471; GO:0050679; GO:0050852; GO:0051402; GO:0051726; GO:0060612; GO:0070374; GO:0071480; GO:0090303; GO:0090314; GO:0090398; GO:0090402; GO:0097193; GO:0098696; GO:0098978; GO:0160185; GO:1900029; GO:1905360; GO:2000630	Golgi membrane; MAPK cascade; positive regulation of protein phosphorylation; GTPase activity; G protein activity; protein binding; GTP binding; nucleoplasm; cytoplasm; endoplasmic reticulum membrane; Golgi apparatus; cytosol; plasma membrane; regulation of transcription by RNA polymerase II; endocytosis; chemotaxis; signal transduction; cell surface receptor signaling pathway; Ras protein signal transduction; positive regulation of cell population proliferation; negative regulation of cell population proliferation; insulin receptor signaling pathway; animal organ morphogenesis; negative regulation of gene expression; Schwann cell development; GDP binding; positive regulation of cell migration; positive regulation of type II interferon production; regulation of actin cytoskeleton organization; negative regulation of GTPase activity; T-helper 1 type immune response; regulation of cell population proliferation; myelination; defense response to protozoan; positive regulation of MAP kinase activity; positive regulation of MAPK cascade; protein-membrane adaptor activity; negative regulation of neuron apoptotic process; positive regulation of GTPase activity; positive regulation of transcription by RNA polymerase II; positive regulation of JNK cascade; fibroblast proliferation; positive regulation of fibroblast proliferation; regulation of long-term neuronal synaptic plasticity; perinuclear region of cytoplasm; positive regulation of epithelial cell proliferation; T cell receptor signaling pathway; neuron apoptotic process; regulation of cell cycle; adipose tissue development; positive regulation of ERK1 and ERK2 cascade; cellular response to gamma radiation; positive regulation of wound healing; positive regulation of protein targeting to membrane; cellular senescence; oncogene-induced cell senescence; intrinsic apoptotic signaling pathway; regulation of neurotransmitter receptor localization to postsynaptic specialization membrane; glutamatergic synapse; phospholipase C activator activity; positive regulation of ruffle assembly; GTPase complex; positive regulation of miRNA metabolic process	0.4381	0	1	0.8636363636363636	0.9090909090909091	0.0	0.4375	0.4375
HSD17B7	I60_OG000021	P56937	ENSG00000132196	hydroxysteroid 17-beta dehydrogenase 7	GO:0000253; GO:0004303; GO:0005739; GO:0005789; GO:0006695; GO:0006703; GO:0008209; GO:0047024	3-beta-hydroxysteroid 3-dehydrogenase (NADP+) activity; estradiol 17-beta-dehydrogenase [NAD(P)+] activity; mitochondrion; endoplasmic reticulum membrane; cholesterol biosynthetic process; estrogen biosynthetic process; androgen metabolic process; 5-alpha-androstane-3-beta,17-beta-diol dehydrogenase (NADP+) activity	0.2932	0.00026	1	1.0	1.0	1.0	0.8125	0.8125
HSD17B8	I60_OG000215	Q92506	ENSG00000204228	hydroxysteroid 17-beta dehydrogenase 8	GO:0004303; GO:0005515; GO:0005739; GO:0005740; GO:0005759; GO:0005886; GO:0006633; GO:0006703; GO:0008209; GO:0047035; GO:0048038; GO:0051290; GO:0070404; GO:0106386; GO:1990204	estradiol 17-beta-dehydrogenase [NAD(P)+] activity; protein binding; mitochondrion; mitochondrial envelope; mitochondrial matrix; plasma membrane; fatty acid biosynthetic process; estrogen biosynthetic process; androgen metabolic process; testosterone dehydrogenase (NAD+) activity; quinone binding; protein heterotetramerization; NADH binding; (3R)-hydroxyacyl-CoA dehydrogenase (NAD+) activity; oxidoreductase complex	0.4432	0.00016	1	1.0	1.0	1.0	0.625	0.625
HSD17B8	I60_OG000215	Q92506	ENSG00000225312	hydroxysteroid 17-beta dehydrogenase 8	GO:0004303; GO:0005515; GO:0005739; GO:0005740; GO:0005759; GO:0005886; GO:0006633; GO:0006703; GO:0008209; GO:0047035; GO:0048038; GO:0051290; GO:0070404; GO:0106386; GO:1990204	estradiol 17-beta-dehydrogenase [NAD(P)+] activity; protein binding; mitochondrion; mitochondrial envelope; mitochondrial matrix; plasma membrane; fatty acid biosynthetic process; estrogen biosynthetic process; androgen metabolic process; testosterone dehydrogenase (NAD+) activity; quinone binding; protein heterotetramerization; NADH binding; (3R)-hydroxyacyl-CoA dehydrogenase (NAD+) activity; oxidoreductase complex	0.4432	0.00016	1	1.0	1.0	1.0	0.625	0.625
HSD17B8	I60_OG000215	Q92506	ENSG00000228712	hydroxysteroid 17-beta dehydrogenase 8	GO:0004303; GO:0005515; GO:0005739; GO:0005740; GO:0005759; GO:0005886; GO:0006633; GO:0006703; GO:0008209; GO:0047035; GO:0048038; GO:0051290; GO:0070404; GO:0106386; GO:1990204	estradiol 17-beta-dehydrogenase [NAD(P)+] activity; protein binding; mitochondrion; mitochondrial envelope; mitochondrial matrix; plasma membrane; fatty acid biosynthetic process; estrogen biosynthetic process; androgen metabolic process; testosterone dehydrogenase (NAD+) activity; quinone binding; protein heterotetramerization; NADH binding; (3R)-hydroxyacyl-CoA dehydrogenase (NAD+) activity; oxidoreductase complex	0.4432	0.00016	1	1.0	1.0	1.0	0.625	0.625
HSD17B8	I60_OG000215	Q92506	ENSG00000228357	hydroxysteroid 17-beta dehydrogenase 8	GO:0004303; GO:0005515; GO:0005739; GO:0005740; GO:0005759; GO:0005886; GO:0006633; GO:0006703; GO:0008209; GO:0047035; GO:0048038; GO:0051290; GO:0070404; GO:0106386; GO:1990204	estradiol 17-beta-dehydrogenase [NAD(P)+] activity; protein binding; mitochondrion; mitochondrial envelope; mitochondrial matrix; plasma membrane; fatty acid biosynthetic process; estrogen biosynthetic process; androgen metabolic process; testosterone dehydrogenase (NAD+) activity; quinone binding; protein heterotetramerization; NADH binding; (3R)-hydroxyacyl-CoA dehydrogenase (NAD+) activity; oxidoreductase complex	0.4432	0.00016	1	1.0	1.0	1.0	0.625	0.625
HSD17B8	I60_OG000215	Q92506	ENSG00000232357	hydroxysteroid 17-beta dehydrogenase 8	GO:0004303; GO:0005515; GO:0005739; GO:0005740; GO:0005759; GO:0005886; GO:0006633; GO:0006703; GO:0008209; GO:0047035; GO:0048038; GO:0051290; GO:0070404; GO:0106386; GO:1990204	estradiol 17-beta-dehydrogenase [NAD(P)+] activity; protein binding; mitochondrion; mitochondrial envelope; mitochondrial matrix; plasma membrane; fatty acid biosynthetic process; estrogen biosynthetic process; androgen metabolic process; testosterone dehydrogenase (NAD+) activity; quinone binding; protein heterotetramerization; NADH binding; (3R)-hydroxyacyl-CoA dehydrogenase (NAD+) activity; oxidoreductase complex	0.4432	0.00016	1	1.0	1.0	1.0	0.625	0.625
HSD17B8	I60_OG000215	Q92506	ENSG00000112474	hydroxysteroid 17-beta dehydrogenase 8	GO:0004303; GO:0005515; GO:0005739; GO:0005740; GO:0005759; GO:0005886; GO:0006633; GO:0006703; GO:0008209; GO:0047035; GO:0048038; GO:0051290; GO:0070404; GO:0106386; GO:1990204	estradiol 17-beta-dehydrogenase [NAD(P)+] activity; protein binding; mitochondrion; mitochondrial envelope; mitochondrial matrix; plasma membrane; fatty acid biosynthetic process; estrogen biosynthetic process; androgen metabolic process; testosterone dehydrogenase (NAD+) activity; quinone binding; protein heterotetramerization; NADH binding; (3R)-hydroxyacyl-CoA dehydrogenase (NAD+) activity; oxidoreductase complex	0.4432	0.00016	1	1.0	1.0	1.0	0.625	0.625
HYPK	I14_OG005233	Q9NX55	ENSG00000242028	huntingtin interacting protein K	GO:0005515; GO:0005634; GO:0005654; GO:0005737; GO:0006457; GO:0015630; GO:0032991; GO:0043066; GO:0044183; GO:0050821	protein binding; nucleus; nucleoplasm; cytoplasm; protein folding; microtubule cytoskeleton; protein-containing complex; negative regulation of apoptotic process; protein folding chaperone; protein stabilization	0.4567	0.03618	1.0	0.6363636363636364	0.6363636363636364	0.0	0.1875	0.1875
ICAM1	I14_OG003095	P05362	ENSG00000090339	intercellular adhesion molecule 1	GO:0001618; GO:0001772; GO:0001910; GO:0002291; GO:0002457; GO:0002693; GO:0004888; GO:0005178; GO:0005515; GO:0005615; GO:0005886; GO:0005925; GO:0007155; GO:0007157; GO:0007159; GO:0009897; GO:0009986; GO:0016020; GO:0022614; GO:0033627; GO:0038023; GO:0044406; GO:0045121; GO:0046718; GO:0046813; GO:0050900; GO:0061028; GO:0062023; GO:0070062; GO:0070374; GO:0071333; GO:0072683; GO:1900027; GO:1902042; GO:1904646; GO:1990830; GO:2000352	virus receptor activity; immunological synapse; regulation of leukocyte mediated cytotoxicity; T cell activation via T cell receptor contact with antigen bound to MHC molecule on antigen presenting cell; T cell antigen processing and presentation; positive regulation of cellular extravasation; transmembrane signaling receptor activity; integrin binding; protein binding; extracellular space; plasma membrane; focal adhesion; cell adhesion; heterophilic cell-cell adhesion via plasma membrane cell adhesion molecules; leukocyte cell-cell adhesion; external side of plasma membrane; cell surface; membrane; membrane to membrane docking; cell adhesion mediated by integrin; signaling receptor activity; adhesion of symbiont to host; membrane raft; symbiont entry into host cell; receptor-mediated virion attachment to host cell; leukocyte migration; establishment of endothelial barrier; collagen-containing extracellular matrix; extracellular exosome; positive regulation of ERK1 and ERK2 cascade; cellular response to glucose stimulus; T cell extravasation; regulation of ruffle assembly; negative regulation of extrinsic apoptotic signaling pathway via death domain receptors; cellular response to amyloid-beta; cellular response to leukemia inhibitory factor; negative regulation of endothelial cell apoptotic process	0.4084	0.02876	0	0.22727272727272727	0.2727272727272727	0.0	0.0	0.0
ICAM2	I14_OG003095	P13598	ENSG00000108622	intercellular adhesion molecule 2	GO:0001931; GO:0005178; GO:0005886; GO:0005902; GO:0007155; GO:0016020; GO:0032154; GO:0098609	uropod; integrin binding; plasma membrane; microvillus; cell adhesion; membrane; cleavage furrow; cell-cell adhesion	0.4084	0.02876	0	0.22727272727272727	0.2727272727272727	0.0	0.0	0.0
ICAM3	I14_OG003095	P32942	ENSG00000076662	intercellular adhesion molecule 3	GO:0005102; GO:0005178; GO:0005515; GO:0005886; GO:0006909; GO:0007155; GO:0070062; GO:0098609	signaling receptor binding; integrin binding; protein binding; plasma membrane; phagocytosis; cell adhesion; extracellular exosome; cell-cell adhesion	0.4084	0.02876	0	0.22727272727272727	0.2727272727272727	0.0	0.0	0.0
ICAM4	I14_OG003095	Q14773	ENSG00000105371	intercellular adhesion molecule 4 (Landsteiner-Wiener blood group)	GO:0005178; GO:0005515; GO:0005576; GO:0005886; GO:0007155; GO:0016020; GO:0098609	integrin binding; protein binding; extracellular region; plasma membrane; cell adhesion; membrane; cell-cell adhesion	0.4084	0.02876	0	0.22727272727272727	0.2727272727272727	0.0	0.0	0.0
ICAM5	I14_OG003095	Q9UMF0	ENSG00000105376	intercellular adhesion molecule 5	GO:0005178; GO:0005515; GO:0005886; GO:0006909; GO:0007155; GO:0051963; GO:0098609; GO:0098794; GO:0098978	integrin binding; protein binding; plasma membrane; phagocytosis; cell adhesion; regulation of synapse assembly; cell-cell adhesion; postsynapse; glutamatergic synapse	0.4084	0.02876	0	0.22727272727272727	0.2727272727272727	0.0	0.0	0.0
IDNK	I14_OG004582	Q5T6J7	ENSG00000148057	IDNK gluconokinase	GO:0005524; GO:0046316	ATP binding; gluconokinase activity	0.525	0.01933	1	0.7727272727272727	0.8181818181818181	0.0	0.25	0.25
IGF2BP1	I14_OG002503	Q9NZI8	ENSG00000159217	insulin like growth factor 2 mRNA binding protein 1	GO:0000932; GO:0001817; GO:0003723; GO:0003729; GO:0003730; GO:0005515; GO:0005634; GO:0005654; GO:0005737; GO:0005829; GO:0007399; GO:0010494; GO:0010610; GO:0017148; GO:0022013; GO:0030027; GO:0030175; GO:0030426; GO:0043025; GO:0043197; GO:0045182; GO:0048027; GO:0048471; GO:0051028; GO:0070934; GO:0070937; GO:0097150; GO:0140059; GO:1900152; GO:1990247; GO:1990904; GO:2000767	P-body; regulation of cytokine production; RNA binding; mRNA binding; mRNA 3'-UTR binding; protein binding; nucleus; nucleoplasm; cytoplasm; cytosol; nervous system development; cytoplasmic stress granule; regulation of mRNA stability involved in response to stress; negative regulation of translation; pallium cell proliferation in forebrain; lamellipodium; filopodium; growth cone; neuronal cell body; dendritic spine; translation regulator activity; mRNA 5'-UTR binding; perinuclear region of cytoplasm; mRNA transport; CRD-mediated mRNA stabilization; CRD-mediated mRNA stability complex; neuronal stem cell population maintenance; dendrite arborization; negative regulation of nuclear-transcribed mRNA catabolic process, deadenylation-dependent decay; N6-methyladenosine-containing RNA reader activity; ribonucleoprotein complex; positive regulation of cytoplasmic translation	0.3355	0.00931	1.0	0.9545454545454546	1.0	1.0	0.6875	0.6875
IGF2BP2	I14_OG002503	Q9Y6M1	ENSG00000073792	insulin like growth factor 2 mRNA binding protein 2	GO:0000932; GO:0001817; GO:0003723; GO:0003730; GO:0005515; GO:0005634; GO:0005737; GO:0005829; GO:0005856; GO:0007399; GO:0009653; GO:0010494; GO:0017148; GO:0043489; GO:0045182; GO:0048027; GO:0051028; GO:0070934; GO:1990247	P-body; regulation of cytokine production; RNA binding; mRNA 3'-UTR binding; protein binding; nucleus; cytoplasm; cytosol; cytoskeleton; nervous system development; anatomical structure morphogenesis; cytoplasmic stress granule; negative regulation of translation; RNA stabilization; translation regulator activity; mRNA 5'-UTR binding; mRNA transport; CRD-mediated mRNA stabilization; N6-methyladenosine-containing RNA reader activity	0.3355	0.00931	1.0	0.9545454545454546	1.0	1.0	0.6875	0.6875
IGF2BP3	I14_OG002503	O00425	ENSG00000136231	insulin like growth factor 2 mRNA binding protein 3	GO:0000932; GO:0001817; GO:0003723; GO:0003730; GO:0005515; GO:0005634; GO:0005737; GO:0005829; GO:0006412; GO:0007399; GO:0009653; GO:0010494; GO:0017148; GO:0045182; GO:0048027; GO:0051028; GO:0070934; GO:1990247	P-body; regulation of cytokine production; RNA binding; mRNA 3'-UTR binding; protein binding; nucleus; cytoplasm; cytosol; translation; nervous system development; anatomical structure morphogenesis; cytoplasmic stress granule; negative regulation of translation; translation regulator activity; mRNA 5'-UTR binding; mRNA transport; CRD-mediated mRNA stabilization; N6-methyladenosine-containing RNA reader activity	0.3355	0.00931	1.0	0.9545454545454546	1.0	1.0	0.6875	0.6875
IGSF21	I14_OG003095	Q96ID5	ENSG00000117154	immunoglobin superfamily member 21	GO:0005912; GO:0007156; GO:0007157; GO:0009897; GO:0042734; GO:0060074; GO:0060077; GO:0098839; GO:0099550	adherens junction; homophilic cell adhesion via plasma membrane adhesion molecules; heterophilic cell-cell adhesion via plasma membrane cell adhesion molecules; external side of plasma membrane; presynaptic membrane; synapse maturation; inhibitory synapse; postsynaptic density membrane; trans-synaptic signaling, modulating synaptic transmission	0.4084	0.02876	0	0.22727272727272727	0.2727272727272727	0.0	0.0	0.0
INTS3	I14_OG005220	Q68E01	ENSG00000143624	integrator complex subunit 3	GO:0000724; GO:0005515; GO:0005634; GO:0005654; GO:0005737; GO:0006281; GO:0006974; GO:0010212; GO:0016180; GO:0032039; GO:0034243; GO:0035861; GO:0044818; GO:0070876	double-strand break repair via homologous recombination; protein binding; nucleus; nucleoplasm; cytoplasm; DNA repair; DNA damage response; response to ionizing radiation; snRNA processing; integrator complex; regulation of transcription elongation by RNA polymerase II; site of double-strand break; mitotic G2/M transition checkpoint; SOSS complex	0.5415	0.00488	1	0.5454545454545454	0.5454545454545454	0.0	0.0625	0.0625
INTS3	I14_OG005220	Q68E01	ENSG00000262826	integrator complex subunit 3	GO:0000724; GO:0005515; GO:0005634; GO:0005654; GO:0005737; GO:0006281; GO:0006974; GO:0010212; GO:0016180; GO:0032039; GO:0034243; GO:0035861; GO:0044818; GO:0070876	double-strand break repair via homologous recombination; protein binding; nucleus; nucleoplasm; cytoplasm; DNA repair; DNA damage response; response to ionizing radiation; snRNA processing; integrator complex; regulation of transcription elongation by RNA polymerase II; site of double-strand break; mitotic G2/M transition checkpoint; SOSS complex	0.5415	0.00488	1	0.5454545454545454	0.5454545454545454	0.0	0.0625	0.0625
INTS4	I14_OG007194	Q96HW7	ENSG00000149262	integrator complex subunit 4	GO:0005515; GO:0005634; GO:0005654; GO:0005730; GO:0016180; GO:0032039; GO:0034243	protein binding; nucleus; nucleoplasm; nucleolus; snRNA processing; integrator complex; regulation of transcription elongation by RNA polymerase II	0.4354	0.04463	0.0	0.4090909090909091	0.4545454545454546	0.0	0.0625	0.0625
INTS7	I14_OG007616	Q9NVH2	ENSG00000143493	integrator complex subunit 7	GO:0000077; GO:0005515; GO:0005634; GO:0005654; GO:0005694; GO:0005737; GO:0016180; GO:0016604; GO:0032039; GO:0034243; GO:0034472; GO:0071479	DNA damage checkpoint signaling; protein binding; nucleus; nucleoplasm; chromosome; cytoplasm; snRNA processing; nuclear body; integrator complex; regulation of transcription elongation by RNA polymerase II; snRNA 3'-end processing; cellular response to ionizing radiation	0.4209	0.03306	1	0.5454545454545454	0.5454545454545454	0.0	0.15625	0.1875
IQCB1	I20_OG000625	Q15051	ENSG00000173226	IQ motif containing B1	GO:0001750; GO:0005515; GO:0005516; GO:0005654; GO:0005813; GO:0005814; GO:0005829; GO:0005929; GO:0015630; GO:0019899; GO:0030674; GO:0032391; GO:0045171; GO:0045494; GO:0048496; GO:0060271; GO:0061824; GO:0062063; GO:0070062; GO:0072686	photoreceptor outer segment; protein binding; calmodulin binding; nucleoplasm; centrosome; centriole; cytosol; cilium; microtubule cytoskeleton; enzyme binding; protein-macromolecule adaptor activity; photoreceptor connecting cilium; intercellular bridge; photoreceptor cell maintenance; maintenance of animal organ identity; cilium assembly; cytosolic ciliogenesis; BBSome binding; extracellular exosome; mitotic spindle	0.3202	0.00089	1.0	0.6363636363636364	0.6363636363636364	0.0	0.3125	0.3125
IQCH	I14_OG004820	Q86VS3	ENSG00000103599	IQ motif containing H	GO:0003674; GO:0005575; GO:0008150	molecular_function; cellular_component; biological_process	0.5082	0.02238	1.0	0.6818181818181818	0.7272727272727273	0.0	0.1875	0.1875
ITFG2	I14_OG010154	Q969R8	ENSG00000111203	integrin alpha FG-GAP repeat containing 2	GO:0002314; GO:0005654; GO:0005765; GO:0005794; GO:0005829; GO:0032006; GO:0034198; GO:0042149; GO:0043231; GO:0140007; GO:1904262	germinal center B cell differentiation; nucleoplasm; lysosomal membrane; Golgi apparatus; cytosol; regulation of TOR signaling; cellular response to amino acid starvation; cellular response to glucose starvation; intracellular membrane-bounded organelle; KICSTOR complex; negative regulation of TORC1 signaling	0.3809	0.02951	0	0.36363636363636365	0.36363636363636365	0.0	0.0625	0.0625
ITLN1	I60_OG000105	Q8WWA0	ENSG00000179914	intelectin 1	GO:0001934; GO:0005509; GO:0005515; GO:0005576; GO:0005615; GO:0009624; GO:0031526; GO:0042802; GO:0043235; GO:0045121; GO:0046326; GO:0070062; GO:0070207; GO:0070492; GO:0098552	positive regulation of protein phosphorylation; calcium ion binding; protein binding; extracellular region; extracellular space; response to nematode; brush border membrane; identical protein binding; receptor complex; membrane raft; positive regulation of D-glucose import; extracellular exosome; protein homotrimerization; oligosaccharide binding; side of membrane	0.2932	0.04578	1	1.0	1.0	1.0	0.8125	0.8125
ITLN2	I60_OG000105	Q8WWU7	ENSG00000158764	intelectin 2	GO:0005515; GO:0005615; GO:0046872; GO:0070492	protein binding; extracellular space; metal ion binding; oligosaccharide binding	0.2932	0.04578	1	1.0	1.0	1.0	0.8125	0.8125
ITPR1	I14_OG003855	Q14643	ENSG00000150995	inositol 1,4,5-trisphosphate receptor type 1	GO:0000902; GO:0001666; GO:0005220; GO:0005509; GO:0005515; GO:0005524; GO:0005637; GO:0005730; GO:0005783; GO:0005789; GO:0005886; GO:0005955; GO:0006816; GO:0007165; GO:0007207; GO:0007338; GO:0009791; GO:0010506; GO:0014069; GO:0015085; GO:0015278; GO:0016020; GO:0016529; GO:0019722; GO:0019855; GO:0019904; GO:0030658; GO:0030667; GO:0031088; GO:0031094; GO:0031095; GO:0032024; GO:0032469; GO:0035091; GO:0036444; GO:0042045; GO:0042803; GO:0043065; GO:0048471; GO:0050849; GO:0050882; GO:0051209; GO:0051289; GO:0051480; GO:0070059; GO:0070679; GO:0098685; GO:0098695; GO:0099105; GO:0099566; GO:1903514; GO:1990806	cell morphogenesis; response to hypoxia; inositol 1,4,5-trisphosphate-gated calcium channel activity; calcium ion binding; protein binding; ATP binding; nuclear inner membrane; nucleolus; endoplasmic reticulum; endoplasmic reticulum membrane; plasma membrane; calcineurin complex; calcium ion transport; signal transduction; phospholipase C-activating G protein-coupled acetylcholine receptor signaling pathway; single fertilization; post-embryonic development; regulation of autophagy; postsynaptic density; calcium ion transmembrane transporter activity; intracellularly gated calcium channel activity; membrane; sarcoplasmic reticulum; calcium-mediated signaling; calcium channel inhibitor activity; protein domain specific binding; transport vesicle membrane; secretory granule membrane; platelet dense granule membrane; platelet dense tubular network; platelet dense tubular network membrane; positive regulation of insulin secretion; endoplasmic reticulum calcium ion homeostasis; phosphatidylinositol binding; calcium import into the mitochondrion; epithelial fluid transport; protein homodimerization activity; positive regulation of apoptotic process; perinuclear region of cytoplasm; negative regulation of calcium-mediated signaling; voluntary musculoskeletal movement; release of sequestered calcium ion into cytosol; protein homotetramerization; regulation of cytosolic calcium ion concentration; intrinsic apoptotic signaling pathway in response to endoplasmic reticulum stress; inositol 1,4,5 trisphosphate binding; Schaffer collateral - CA1 synapse; inositol 1,4,5-trisphosphate receptor activity involved in regulation of postsynaptic cytosolic calcium levels; ion channel modulating, G protein-coupled receptor signaling pathway; regulation of postsynaptic cytosolic calcium ion concentration; release of sequestered calcium ion into cytosol by endoplasmic reticulum; ligand-gated ion channel signaling pathway	0.5617	0.00415	1	0.7272727272727273	0.8181818181818181	0.0	0.1875	0.1875
ITPR2	I14_OG003855	Q14571	ENSG00000123104	inositol 1,4,5-trisphosphate receptor type 2	GO:0001666; GO:0005220; GO:0005509; GO:0005524; GO:0005654; GO:0005783; GO:0005789; GO:0005886; GO:0005938; GO:0007165; GO:0015085; GO:0016020; GO:0016529; GO:0019722; GO:0030658; GO:0030667; GO:0031095; GO:0033017; GO:0035091; GO:0043235; GO:0044325; GO:0051209; GO:0070679; GO:0071320; GO:0071361; GO:0097110	response to hypoxia; inositol 1,4,5-trisphosphate-gated calcium channel activity; calcium ion binding; ATP binding; nucleoplasm; endoplasmic reticulum; endoplasmic reticulum membrane; plasma membrane; cell cortex; signal transduction; calcium ion transmembrane transporter activity; membrane; sarcoplasmic reticulum; calcium-mediated signaling; transport vesicle membrane; secretory granule membrane; platelet dense tubular network membrane; sarcoplasmic reticulum membrane; phosphatidylinositol binding; receptor complex; transmembrane transporter binding; release of sequestered calcium ion into cytosol; inositol 1,4,5 trisphosphate binding; cellular response to cAMP; cellular response to ethanol; scaffold protein binding	0.5617	0.00415	1	0.7272727272727273	0.8181818181818181	0.0	0.1875	0.1875
ITPR3	I14_OG003855	Q14573	ENSG00000096433	inositol 1,4,5-trisphosphate receptor type 3	GO:0000822; GO:0005220; GO:0005509; GO:0005515; GO:0005640; GO:0005654; GO:0005730; GO:0005737; GO:0005783; GO:0005789; GO:0005886; GO:0005903; GO:0007186; GO:0007204; GO:0007613; GO:0015278; GO:0016020; GO:0016529; GO:0019722; GO:0030168; GO:0030658; GO:0030667; GO:0031095; GO:0035091; GO:0043025; GO:0043235; GO:0043533; GO:0045177; GO:0050909; GO:0050913; GO:0050916; GO:0050917; GO:0051209; GO:0051289; GO:0051592; GO:0055074; GO:0060291; GO:0070679; GO:0098554	inositol hexakisphosphate binding; inositol 1,4,5-trisphosphate-gated calcium channel activity; calcium ion binding; protein binding; nuclear outer membrane; nucleoplasm; nucleolus; cytoplasm; endoplasmic reticulum; endoplasmic reticulum membrane; plasma membrane; brush border; G protein-coupled receptor signaling pathway; positive regulation of cytosolic calcium ion concentration; memory; intracellularly gated calcium channel activity; membrane; sarcoplasmic reticulum; calcium-mediated signaling; platelet activation; transport vesicle membrane; secretory granule membrane; platelet dense tubular network membrane; phosphatidylinositol binding; neuronal cell body; receptor complex; inositol 1,3,4,5 tetrakisphosphate binding; apical part of cell; sensory perception of taste; sensory perception of bitter taste; sensory perception of sweet taste; sensory perception of umami taste; release of sequestered calcium ion into cytosol; protein homotetramerization; response to calcium ion; calcium ion homeostasis; long-term synaptic potentiation; inositol 1,4,5 trisphosphate binding; cytoplasmic side of endoplasmic reticulum membrane	0.5617	0.00415	1	0.7272727272727273	0.8181818181818181	0.0	0.1875	0.1875
IVD	I60_OG000195	P26440	ENSG00000128928	isovaleryl-CoA dehydrogenase	GO:0005515; GO:0005654; GO:0005739; GO:0005759; GO:0006552; GO:0008470; GO:0009083; GO:0033539; GO:0042802; GO:0050660	protein binding; nucleoplasm; mitochondrion; mitochondrial matrix; L-leucine catabolic process; 3-methylbutanoyl-CoA dehydrogenase activity; branched-chain amino acid catabolic process; fatty acid beta-oxidation using acyl-CoA dehydrogenase; identical protein binding; flavin adenine dinucleotide binding	0.3887	0.00703	1	0.9545454545454546	1.0	1.0	0.625	0.625
JMJD4	I14_OG000454	Q9H9V9	ENSG00000081692	jumonji domain containing 4	GO:0005515; GO:0005634; GO:0005737; GO:0005829; GO:0016706; GO:0018126; GO:0043565; GO:0045905; GO:0046872; GO:0106156	protein binding; nucleus; cytoplasm; cytosol; 2-oxoglutarate-dependent dioxygenase activity; protein hydroxylation; sequence-specific DNA binding; positive regulation of translational termination; metal ion binding; peptidyl-lysine 4-dioxygenase activity	0.3953	0.00117	1	1.0	1.0	1.0	0.6875	0.6875
JMJD6	I14_OG000454	Q6NYC1	ENSG00000070495	jumonji domain containing 6, arginine demethylase and lysine hydroxylase	GO:0001822; GO:0002040; GO:0003723; GO:0003727; GO:0005506; GO:0005515; GO:0005634; GO:0005654; GO:0005730; GO:0005737; GO:0005829; GO:0005886; GO:0006338; GO:0006397; GO:0006909; GO:0007166; GO:0007507; GO:0008380; GO:0018395; GO:0030324; GO:0032452; GO:0032463; GO:0033077; GO:0033746; GO:0033749; GO:0035513; GO:0035515; GO:0038023; GO:0042116; GO:0042802; GO:0043654; GO:0045893; GO:0045944; GO:0048024; GO:0048821; GO:0051260; GO:0060041; GO:0070815; GO:0106140; GO:0140457; GO:0140537; GO:0140694; GO:1990904	kidney development; sprouting angiogenesis; RNA binding; single-stranded RNA binding; iron ion binding; protein binding; nucleus; nucleoplasm; nucleolus; cytoplasm; cytosol; plasma membrane; chromatin remodeling; mRNA processing; phagocytosis; cell surface receptor signaling pathway; heart development; RNA splicing; peptidyl-lysine hydroxylation to 5-hydroxy-L-lysine; lung development; histone demethylase activity; negative regulation of protein homooligomerization; T cell differentiation in thymus; histone H3R2 demethylase activity; histone H4R3 demethylase activity; oxidative RNA demethylation; oxidative RNA demethylase activity; signaling receptor activity; macrophage activation; identical protein binding; recognition of apoptotic cell; positive regulation of DNA-templated transcription; positive regulation of transcription by RNA polymerase II; regulation of mRNA splicing, via spliceosome; erythrocyte development; protein homooligomerization; retina development in camera-type eye; peptidyl-lysine 5-dioxygenase activity; P-TEFb complex binding; protein demethylase activity; transcription regulator activator activity; membraneless organelle assembly; ribonucleoprotein complex	0.3953	0.00117	1	1.0	1.0	1.0	0.6875	0.6875
JMJD7	I14_OG001355	P0C870	ENSG00000243789	jumonji domain containing 7	GO:0004175; GO:0004177; GO:0004497; GO:0005515; GO:0005634; GO:0005737; GO:0005829; GO:0006508; GO:0016706; GO:0018126; GO:0035064; GO:0046872; GO:0106155	endopeptidase activity; aminopeptidase activity; monooxygenase activity; protein binding; nucleus; cytoplasm; cytosol; proteolysis; 2-oxoglutarate-dependent dioxygenase activity; protein hydroxylation; methylated histone binding; metal ion binding; peptidyl-lysine 3-dioxygenase activity	0.4905	0.04543	1	1.0	1.0	1.0	0.5625	0.5625
KANSL1	I60_OG000195	Q7Z3B3	ENSG00000120071	KAT8 regulatory NSL complex subunit 1	GO:0000123; GO:0000776; GO:0005515; GO:0005634; GO:0005654; GO:0005739; GO:0006325; GO:0035035; GO:0044545; GO:0045893; GO:0071339; GO:1903108	histone acetyltransferase complex; kinetochore; protein binding; nucleus; nucleoplasm; mitochondrion; chromatin organization; histone acetyltransferase binding; NSL complex; positive regulation of DNA-templated transcription; MLL1 complex; regulation of mitochondrial transcription	0.3887	0.00703	1	0.9545454545454546	1.0	1.0	0.625	0.625
KANSL1	I60_OG000195	Q7Z3B3	ENSG00000275867	KAT8 regulatory NSL complex subunit 1	GO:0000123; GO:0000776; GO:0005515; GO:0005634; GO:0005654; GO:0005739; GO:0006325; GO:0035035; GO:0044545; GO:0045893; GO:0071339; GO:1903108	histone acetyltransferase complex; kinetochore; protein binding; nucleus; nucleoplasm; mitochondrion; chromatin organization; histone acetyltransferase binding; NSL complex; positive regulation of DNA-templated transcription; MLL1 complex; regulation of mitochondrial transcription	0.3887	0.00703	1	0.9545454545454546	1.0	1.0	0.625	0.625
KANSL1	I60_OG000195	Q7Z3B3	ENSG00000278458	KAT8 regulatory NSL complex subunit 1	GO:0000123; GO:0000776; GO:0005515; GO:0005634; GO:0005654; GO:0005739; GO:0006325; GO:0035035; GO:0044545; GO:0045893; GO:0071339; GO:1903108	histone acetyltransferase complex; kinetochore; protein binding; nucleus; nucleoplasm; mitochondrion; chromatin organization; histone acetyltransferase binding; NSL complex; positive regulation of DNA-templated transcription; MLL1 complex; regulation of mitochondrial transcription	0.3887	0.00703	1	0.9545454545454546	1.0	1.0	0.625	0.625
KANSL1L	I60_OG000195	A0AUZ9	ENSG00000144445	KAT8 regulatory NSL complex subunit 1 like	GO:0035035; GO:0043231; GO:0044545	histone acetyltransferase binding; intracellular membrane-bounded organelle; NSL complex	0.3887	0.00703	1	0.9545454545454546	1.0	1.0	0.625	0.625
KCP	I14_OG000738	Q6ZWJ8	ENSG00000135253	kielin cysteine rich BMP regulator	GO:0005576; GO:0030513	extracellular region; positive regulation of BMP signaling pathway	0.4524	0.01249	1.0	0.5454545454545454	0.5454545454545454	0.0	0.125	0.125
KHSRP	I14_OG002503	Q92945	ENSG00000088247	KH-type splicing regulatory protein	GO:0000178; GO:0000375; GO:0003677; GO:0003723; GO:0003729; GO:0005515; GO:0005634; GO:0005654; GO:0005737; GO:0005829; GO:0006357; GO:0006397; GO:0006457; GO:0008380; GO:0010586; GO:0010989; GO:0016020; GO:0035925; GO:0043488; GO:0044183; GO:0045019; GO:0051028; GO:0061014; GO:0061158; GO:0071345	exosome (RNase complex); RNA splicing, via transesterification reactions; DNA binding; RNA binding; mRNA binding; protein binding; nucleus; nucleoplasm; cytoplasm; cytosol; regulation of transcription by RNA polymerase II; mRNA processing; protein folding; RNA splicing; miRNA metabolic process; negative regulation of low-density lipoprotein particle clearance; membrane; mRNA 3'-UTR AU-rich region binding; regulation of mRNA stability; protein folding chaperone; negative regulation of nitric oxide biosynthetic process; mRNA transport; positive regulation of mRNA catabolic process; 3'-UTR-mediated mRNA destabilization; cellular response to cytokine stimulus	0.3355	0.00931	1.0	0.9545454545454546	1.0	1.0	0.6875	0.6875
KIF12	I60_OG004597	Q96FN5	ENSG00000136883	kinesin family member 12	GO:0003777; GO:0005524; GO:0005737; GO:0005871; GO:0005874; GO:0007018; GO:0008017; GO:0016887; GO:0070062	microtubule motor activity; ATP binding; cytoplasm; kinesin complex; microtubule; microtubule-based movement; microtubule binding; ATP hydrolysis activity; extracellular exosome	0.4798	0.04922	1.0	0.9090909090909091	0.9090909090909091	0.0	0.4375	0.4375
KIF20A	I20_OG003525	O95235	ENSG00000112984	kinesin family member 20A	GO:0000281; GO:0001578; GO:0003777; GO:0005515; GO:0005524; GO:0005634; GO:0005654; GO:0005737; GO:0005794; GO:0005819; GO:0005871; GO:0005874; GO:0007018; GO:0008017; GO:0015031; GO:0016887; GO:0019901; GO:0030496; GO:0032465; GO:0045171; GO:0061952	mitotic cytokinesis; microtubule bundle formation; microtubule motor activity; protein binding; ATP binding; nucleus; nucleoplasm; cytoplasm; Golgi apparatus; spindle; kinesin complex; microtubule; microtubule-based movement; microtubule binding; protein transport; ATP hydrolysis activity; protein kinase binding; midbody; regulation of cytokinesis; intercellular bridge; midbody abscission	0.5587	0.0237	1.0	0.8181818181818182	0.8181818181818181	0.0	0.25	0.25
KIF20B	I20_OG003525	Q96Q89	ENSG00000138182	kinesin family member 20B	GO:0001843; GO:0003777; GO:0005515; GO:0005524; GO:0005634; GO:0005654; GO:0005730; GO:0005737; GO:0005813; GO:0005829; GO:0005871; GO:0005874; GO:0007018; GO:0007088; GO:0008017; GO:0008284; GO:0008574; GO:0016887; GO:0030426; GO:0030496; GO:0032467; GO:0035372; GO:0042803; GO:0045171; GO:0048471; GO:0048812; GO:0050699; GO:0051233; GO:0051301; GO:0051726; GO:0070938; GO:0090316; GO:0097431; GO:1903438; GO:1990023; GO:2000114; GO:2001224	neural tube closure; microtubule motor activity; protein binding; ATP binding; nucleus; nucleoplasm; nucleolus; cytoplasm; centrosome; cytosol; kinesin complex; microtubule; microtubule-based movement; regulation of mitotic nuclear division; microtubule binding; positive regulation of cell population proliferation; plus-end-directed microtubule motor activity; ATP hydrolysis activity; growth cone; midbody; positive regulation of cytokinesis; protein localization to microtubule; protein homodimerization activity; intercellular bridge; perinuclear region of cytoplasm; neuron projection morphogenesis; WW domain binding; spindle midzone; cell division; regulation of cell cycle; contractile ring; positive regulation of intracellular protein transport; mitotic spindle pole; positive regulation of mitotic cytokinetic process; mitotic spindle midzone; regulation of establishment of cell polarity; positive regulation of neuron migration	0.5587	0.0237	1.0	0.8181818181818182	0.8181818181818181	0.0	0.25	0.25
KIF23	I20_OG003525	Q02241	ENSG00000137807	kinesin family member 23	GO:0000022; GO:0000281; GO:0003777; GO:0005515; GO:0005524; GO:0005634; GO:0005654; GO:0005737; GO:0005739; GO:0005813; GO:0005819; GO:0005829; GO:0005871; GO:0005874; GO:0005925; GO:0007018; GO:0008017; GO:0016887; GO:0030496; GO:0032467; GO:0051256; GO:0072686; GO:0090543; GO:0097149	mitotic spindle elongation; mitotic cytokinesis; microtubule motor activity; protein binding; ATP binding; nucleus; nucleoplasm; cytoplasm; mitochondrion; centrosome; spindle; cytosol; kinesin complex; microtubule; focal adhesion; microtubule-based movement; microtubule binding; ATP hydrolysis activity; midbody; positive regulation of cytokinesis; mitotic spindle midzone assembly; mitotic spindle; Flemming body; centralspindlin complex	0.5587	0.0237	1.0	0.8181818181818182	0.8181818181818181	0.0	0.25	0.25
KIRREL1	I14_OG003095	Q96J84	ENSG00000183853	kirre like nephrin family adhesion molecule 1	GO:0003094; GO:0005515; GO:0005886; GO:0005911; GO:0017022; GO:0030838; GO:0031253; GO:0043198; GO:0045121; GO:0045217; GO:0048471; GO:0050839; GO:0097017; GO:0098609	glomerular filtration; protein binding; plasma membrane; cell-cell junction; myosin binding; positive regulation of actin filament polymerization; cell projection membrane; dendritic shaft; membrane raft; cell-cell junction maintenance; perinuclear region of cytoplasm; cell adhesion molecule binding; renal protein absorption; cell-cell adhesion	0.4084	0.02876	0	0.22727272727272727	0.2727272727272727	0.0	0.0	0.0
KIRREL2	I14_OG003095	Q6UWL6	ENSG00000126259	kirre like nephrin family adhesion molecule 2	GO:0005515; GO:0005886; GO:0005911; GO:0007155; GO:0016020; GO:0036057; GO:0042802; GO:0050839; GO:0098609	protein binding; plasma membrane; cell-cell junction; cell adhesion; membrane; slit diaphragm; identical protein binding; cell adhesion molecule binding; cell-cell adhesion	0.4084	0.02876	0	0.22727272727272727	0.2727272727272727	0.0	0.0	0.0
KIRREL3	I14_OG003095	Q8IZU9	ENSG00000149571	kirre like nephrin family adhesion molecule 3	GO:0001764; GO:0002121; GO:0005515; GO:0005576; GO:0005886; GO:0005911; GO:0007156; GO:0007416; GO:0008021; GO:0016020; GO:0021740; GO:0021766; GO:0030097; GO:0030424; GO:0030425; GO:0043198; GO:0048812; GO:0050839; GO:0072102; GO:0098609	neuron migration; inter-male aggressive behavior; protein binding; extracellular region; plasma membrane; cell-cell junction; homophilic cell adhesion via plasma membrane adhesion molecules; synapse assembly; synaptic vesicle; membrane; principal sensory nucleus of trigeminal nerve development; hippocampus development; hemopoiesis; axon; dendrite; dendritic shaft; neuron projection morphogenesis; cell adhesion molecule binding; glomerulus morphogenesis; cell-cell adhesion	0.4084	0.02876	0	0.22727272727272727	0.2727272727272727	0.0	0.0	0.0
KPTN	I14_OG008877	Q9Y664	ENSG00000118162	kaptin, actin binding protein	GO:0005765; GO:0007015; GO:0030027; GO:0031941; GO:0032420; GO:0034198; GO:0042149; GO:0051015; GO:0061462; GO:0098871; GO:0140007; GO:1904262	lysosomal membrane; actin filament organization; lamellipodium; filamentous actin; stereocilium; cellular response to amino acid starvation; cellular response to glucose starvation; actin filament binding; protein localization to lysosome; postsynaptic actin cytoskeleton; KICSTOR complex; negative regulation of TORC1 signaling	0.4524	0.00834	1	0.5454545454545454	0.5454545454545454	0.0	0.125	0.125
KRAS	I60_OG000026	P01116	ENSG00000133703	KRAS proto-oncogene, GTPase	GO:0000139; GO:0000165; GO:0001934; GO:0003924; GO:0003925; GO:0005515; GO:0005525; GO:0005737; GO:0005741; GO:0005789; GO:0005829; GO:0005886; GO:0005925; GO:0007265; GO:0008542; GO:0009898; GO:0010467; GO:0010628; GO:0014009; GO:0016020; GO:0016601; GO:0019003; GO:0021897; GO:0030036; GO:0030857; GO:0032228; GO:0035022; GO:0035914; GO:0042802; GO:0043495; GO:0043524; GO:0044877; GO:0048169; GO:0048873; GO:0051146; GO:0051402; GO:0060252; GO:0060441; GO:0060509	Golgi membrane; MAPK cascade; positive regulation of protein phosphorylation; GTPase activity; G protein activity; protein binding; GTP binding; cytoplasm; mitochondrial outer membrane; endoplasmic reticulum membrane; cytosol; plasma membrane; focal adhesion; Ras protein signal transduction; visual learning; cytoplasmic side of plasma membrane; gene expression; positive regulation of gene expression; glial cell proliferation; membrane; Rac protein signal transduction; GDP binding; forebrain astrocyte development; actin cytoskeleton organization; negative regulation of epithelial cell differentiation; regulation of synaptic transmission, GABAergic; positive regulation of Rac protein signal transduction; skeletal muscle cell differentiation; identical protein binding; protein-membrane adaptor activity; negative regulation of neuron apoptotic process; protein-containing complex binding; regulation of long-term neuronal synaptic plasticity; homeostasis of number of cells within a tissue; striated muscle cell differentiation; neuron apoptotic process; positive regulation of glial cell proliferation; epithelial tube branching involved in lung morphogenesis; type I pneumocyte differentiation	0.4381	0	1	0.8636363636363636	0.9090909090909091	0.0	0.4375	0.4375
L3HYPDH	I14_OG003095	Q96EM0	ENSG00000126790	trans-L-3-hydroxyproline dehydratase	GO:0016836; GO:0050346	hydro-lyase activity; trans-L-3-hydroxyproline dehydratase activity	0.4084	0.02876	0	0.22727272727272727	0.2727272727272727	0.0	0.0	0.0
LEPROT	I14_OG003258	O15243	ENSG00000213625	leptin receptor overlapping transcript	GO:0000139; GO:0005102; GO:0005515; GO:0005768; GO:0005794; GO:0010008; GO:0032511; GO:0046426; GO:0060400; GO:1903955; GO:2000009	Golgi membrane; signaling receptor binding; protein binding; endosome; Golgi apparatus; endosome membrane; late endosome to vacuole transport via multivesicular body sorting pathway; negative regulation of receptor signaling pathway via JAK-STAT; negative regulation of growth hormone receptor signaling pathway; positive regulation of protein targeting to mitochondrion; negative regulation of protein localization to cell surface	0.6697	0.00339	1	0.6818181818181818	0.7272727272727273	0.0	0.0625	0.0625
LEPROTL1	I14_OG003258	O95214	ENSG00000104660	leptin receptor overlapping transcript like 1	GO:0005515; GO:0005768; GO:0016020; GO:0032511; GO:0042802; GO:0060400	protein binding; endosome; membrane; late endosome to vacuole transport via multivesicular body sorting pathway; identical protein binding; negative regulation of growth hormone receptor signaling pathway	0.6697	0.00339	1	0.6818181818181818	0.7272727272727273	0.0	0.0625	0.0625
LMOD1	I14_OG004468	P29536	ENSG00000163431	leiomodin 1	GO:0003779; GO:0005523; GO:0005829; GO:0005856; GO:0005865; GO:0005884; GO:0006936; GO:0007015; GO:0016020; GO:0030016; GO:0030017; GO:0030239; GO:0030838; GO:0045010; GO:0051694	actin binding; tropomyosin binding; cytosol; cytoskeleton; striated muscle thin filament; actin filament; muscle contraction; actin filament organization; membrane; myofibril; sarcomere; myofibril assembly; positive regulation of actin filament polymerization; actin nucleation; pointed-end actin filament capping	0.5103	0.03801	0.0	0.4090909090909091	0.4545454545454546	0.0	0.03125	0.0625
LMOD2	I14_OG004468	Q6P5Q4	ENSG00000170807	leiomodin 2	GO:0003779; GO:0003785; GO:0005523; GO:0005856; GO:0005865; GO:0005884; GO:0006936; GO:0007015; GO:0030016; GO:0030017; GO:0030041; GO:0030239; GO:0030838; GO:0031430; GO:0045010; GO:0045214; GO:0051694	actin binding; actin monomer binding; tropomyosin binding; cytoskeleton; striated muscle thin filament; actin filament; muscle contraction; actin filament organization; myofibril; sarcomere; actin filament polymerization; myofibril assembly; positive regulation of actin filament polymerization; M band; actin nucleation; sarcomere organization; pointed-end actin filament capping	0.5103	0.03801	0.0	0.4090909090909091	0.4545454545454546	0.0	0.03125	0.0625
LMOD3	I14_OG004468	Q0VAK6	ENSG00000163380	leiomodin 3	GO:0003785; GO:0005515; GO:0005523; GO:0005737; GO:0005856; GO:0005865; GO:0006936; GO:0006941; GO:0007015; GO:0030016; GO:0030239; GO:0030240; GO:0031430; GO:0045010; GO:0048741; GO:0048743; GO:0051694	actin monomer binding; protein binding; tropomyosin binding; cytoplasm; cytoskeleton; striated muscle thin filament; muscle contraction; striated muscle contraction; actin filament organization; myofibril; myofibril assembly; skeletal muscle thin filament assembly; M band; actin nucleation; skeletal muscle fiber development; positive regulation of skeletal muscle fiber development; pointed-end actin filament capping	0.5103	0.03801	0.0	0.4090909090909091	0.4545454545454546	0.0	0.03125	0.0625
LOC128966744	I14_OG000676	Q6NUI2	ENSG00000237510	glycerol-3-phosphate acyltransferase 2, mitochondrial	GO:0003841; GO:0004366; GO:0005739; GO:0005741; GO:0006072; GO:0006650; GO:0006654; GO:0016024; GO:0019432; GO:0034587	1-acylglycerol-3-phosphate O-acyltransferase activity; glycerol-3-phosphate O-acyltransferase activity; mitochondrion; mitochondrial outer membrane; glycerol-3-phosphate metabolic process; glycerophospholipid metabolic process; phosphatidic acid biosynthetic process; CDP-diacylglycerol biosynthetic process; triglyceride biosynthetic process; piRNA processing	0.4609	0.0172	1	0.7727272727272727	0.8181818181818181	0.0	0.3125	0.3125
LOC128966744	I14_OG000676	Q6NUI2	ENSG00000186281	glycerol-3-phosphate acyltransferase 2, mitochondrial	GO:0003841; GO:0004366; GO:0005739; GO:0005741; GO:0006072; GO:0006650; GO:0006654; GO:0016024; GO:0019432; GO:0034587	1-acylglycerol-3-phosphate O-acyltransferase activity; glycerol-3-phosphate O-acyltransferase activity; mitochondrion; mitochondrial outer membrane; glycerol-3-phosphate metabolic process; glycerophospholipid metabolic process; phosphatidic acid biosynthetic process; CDP-diacylglycerol biosynthetic process; triglyceride biosynthetic process; piRNA processing	0.4609	0.0172	1	0.7727272727272727	0.8181818181818181	0.0	0.3125	0.3125
LRP2BP	I14_OG002336	Q9P2M1	ENSG00000109771	LRP2 binding protein	GO:0005515; GO:0005737	protein binding; cytoplasm	0.4319	0	1	1.0	1.0	1.0	0.65625	0.6875
LRPPRC	I14_OG003395	P42704	ENSG00000138095	leucine rich pentatricopeptide repeat containing	GO:0000794; GO:0000957; GO:0000961; GO:0003697; GO:0003723; GO:0003730; GO:0005515; GO:0005634; GO:0005637; GO:0005640; GO:0005654; GO:0005739; GO:0005759; GO:0005856; GO:0005874; GO:0006914; GO:0008017; GO:0016020; GO:0031625; GO:0042645; GO:0047497; GO:0048471; GO:0048487; GO:0051028; GO:0070129; GO:1990904	condensed nuclear chromosome; mitochondrial RNA catabolic process; negative regulation of mitochondrial RNA catabolic process; single-stranded DNA binding; RNA binding; mRNA 3'-UTR binding; protein binding; nucleus; nuclear inner membrane; nuclear outer membrane; nucleoplasm; mitochondrion; mitochondrial matrix; cytoskeleton; microtubule; autophagy; microtubule binding; membrane; ubiquitin protein ligase binding; mitochondrial nucleoid; mitochondrion transport along microtubule; perinuclear region of cytoplasm; beta-tubulin binding; mRNA transport; regulation of mitochondrial translation; ribonucleoprotein complex	0.4905	0	1	1.0	1.0	1.0	0.5625	0.5625
LRRC31	I14_OG000435	Q6UY01	ENSG00000114248	leucine rich repeat containing 31	NA	NA	0.3807	0.00222	1	0.8181818181818182	0.8181818181818181	0.0	0.4375	0.4375
MAK	I14_OG000544	P20794	ENSG00000111837	male germ cell associated kinase	GO:0001750; GO:0001917; GO:0003713; GO:0004672; GO:0004674; GO:0004676; GO:0004677; GO:0004679; GO:0004694; GO:0004711; GO:0005515; GO:0005524; GO:0005634; GO:0005737; GO:0005813; GO:0005929; GO:0005930; GO:0006338; GO:0006468; GO:0007283; GO:0030154; GO:0030496; GO:0031514; GO:0032391; GO:0035175; GO:0035402; GO:0035403; GO:0035556; GO:0035979; GO:0042073; GO:0044022; GO:0044023; GO:0044024; GO:0044025; GO:0045494; GO:0045893; GO:0046777; GO:0046872; GO:0060271; GO:0072354; GO:0072371; GO:0072518; GO:0072686; GO:0106310; GO:0140823; GO:0140855; GO:0140857; GO:1902856; GO:1905515; GO:1990244	photoreceptor outer segment; photoreceptor inner segment; transcription coactivator activity; protein kinase activity; protein serine/threonine kinase activity; 3-phosphoinositide-dependent protein kinase activity; DNA-dependent protein kinase activity; AMP-activated protein kinase activity; eukaryotic translation initiation factor 2alpha kinase activity; ribosomal protein S6 kinase activity; protein binding; ATP binding; nucleus; cytoplasm; centrosome; cilium; axoneme; chromatin remodeling; protein phosphorylation; spermatogenesis; cell differentiation; midbody; motile cilium; photoreceptor connecting cilium; histone H3S10 kinase activity; histone H3T11 kinase activity; histone H3T6 kinase activity; intracellular signal transduction; histone H2AXS139 kinase activity; intraciliary transport; histone H3S28 kinase activity; histone H4S1 kinase activity; histone H2AS1 kinase activity; histone H2BS14 kinase activity; photoreceptor cell maintenance; positive regulation of DNA-templated transcription; protein autophosphorylation; metal ion binding; cilium assembly; histone H3T3 kinase activity; histone H2AS121 kinase activity; Rho-dependent protein serine/threonine kinase activity; mitotic spindle; protein serine kinase activity; histone H2BS36 kinase activity; histone H3S57 kinase activity; histone H3T45 kinase activity; negative regulation of non-motile cilium assembly; non-motile cilium assembly; histone H2AT120 kinase activity	0.4432	0.01356	1	1.0	1.0	1.0	0.625	0.625
MAP3K1	I60_OG000966	Q13233	ENSG00000095015	mitogen-activated protein kinase kinase kinase 1	GO:0000165; GO:0004672; GO:0004674; GO:0004706; GO:0004709; GO:0005515; GO:0005524; GO:0005737; GO:0005829; GO:0006468; GO:0008270; GO:0019901; GO:0038095; GO:0070160; GO:0071260; GO:0106310	MAPK cascade; protein kinase activity; protein serine/threonine kinase activity; JUN kinase kinase kinase activity; MAP kinase kinase kinase activity; protein binding; ATP binding; cytoplasm; cytosol; protein phosphorylation; zinc ion binding; protein kinase binding; Fc-epsilon receptor signaling pathway; tight junction; cellular response to mechanical stimulus; protein serine kinase activity	0.3458	1e-04	1	1.0	1.0	1.0	0.75	0.75
MAP3K14	I60_OG000966	Q99558	ENSG00000006062	mitogen-activated protein kinase kinase kinase 14	GO:0000165; GO:0001650; GO:0004672; GO:0004674; GO:0004706; GO:0005515; GO:0005524; GO:0005654; GO:0005829; GO:0006955; GO:0007249; GO:0038061; GO:0043231; GO:0051607; GO:0071260; GO:0106310	MAPK cascade; fibrillar center; protein kinase activity; protein serine/threonine kinase activity; JUN kinase kinase kinase activity; protein binding; ATP binding; nucleoplasm; cytosol; immune response; canonical NF-kappaB signal transduction; non-canonical NF-kappaB signal transduction; intracellular membrane-bounded organelle; defense response to virus; cellular response to mechanical stimulus; protein serine kinase activity	0.3458	1e-04	1	1.0	1.0	1.0	0.75	0.75
MAP3K14	I60_OG000966	Q99558	ENSG00000282637	mitogen-activated protein kinase kinase kinase 14	GO:0000165; GO:0001650; GO:0004672; GO:0004674; GO:0004706; GO:0005515; GO:0005524; GO:0005654; GO:0005829; GO:0006955; GO:0007249; GO:0038061; GO:0043231; GO:0051607; GO:0071260; GO:0106310	MAPK cascade; fibrillar center; protein kinase activity; protein serine/threonine kinase activity; JUN kinase kinase kinase activity; protein binding; ATP binding; nucleoplasm; cytosol; immune response; canonical NF-kappaB signal transduction; non-canonical NF-kappaB signal transduction; intracellular membrane-bounded organelle; defense response to virus; cellular response to mechanical stimulus; protein serine kinase activity	0.3458	1e-04	1	1.0	1.0	1.0	0.75	0.75
MAP3K19	I60_OG000966	Q56UN5	ENSG00000176601	mitogen-activated protein kinase kinase kinase 19	GO:0000165; GO:0004676; GO:0004677; GO:0004679; GO:0004694; GO:0004711; GO:0005524; GO:0006338; GO:0035175; GO:0035402; GO:0035403; GO:0035979; GO:0044022; GO:0044023; GO:0044024; GO:0044025; GO:0072354; GO:0072371; GO:0072518; GO:0106310; GO:0140823; GO:0140855; GO:0140857; GO:1990244	MAPK cascade; 3-phosphoinositide-dependent protein kinase activity; DNA-dependent protein kinase activity; AMP-activated protein kinase activity; eukaryotic translation initiation factor 2alpha kinase activity; ribosomal protein S6 kinase activity; ATP binding; chromatin remodeling; histone H3S10 kinase activity; histone H3T11 kinase activity; histone H3T6 kinase activity; histone H2AXS139 kinase activity; histone H3S28 kinase activity; histone H4S1 kinase activity; histone H2AS1 kinase activity; histone H2BS14 kinase activity; histone H3T3 kinase activity; histone H2AS121 kinase activity; Rho-dependent protein serine/threonine kinase activity; protein serine kinase activity; histone H2BS36 kinase activity; histone H3S57 kinase activity; histone H3T45 kinase activity; histone H2AT120 kinase activity	0.3458	1e-04	1	1.0	1.0	1.0	0.75	0.75
MAP3K2	I60_OG000966	Q9Y2U5	ENSG00000169967	mitogen-activated protein kinase kinase kinase 2	GO:0000165; GO:0004672; GO:0004674; GO:0004706; GO:0005515; GO:0005524; GO:0005654; GO:0005737; GO:0005829; GO:0019901; GO:0035556; GO:0046872; GO:0071260; GO:0106310	MAPK cascade; protein kinase activity; protein serine/threonine kinase activity; JUN kinase kinase kinase activity; protein binding; ATP binding; nucleoplasm; cytoplasm; cytosol; protein kinase binding; intracellular signal transduction; metal ion binding; cellular response to mechanical stimulus; protein serine kinase activity	0.3458	1e-04	1	1.0	1.0	1.0	0.75	0.75
MAP3K3	I60_OG000966	Q99759	ENSG00000198909	mitogen-activated protein kinase kinase kinase 3	GO:0000165; GO:0001568; GO:0004672; GO:0004674; GO:0004706; GO:0004709; GO:0005515; GO:0005524; GO:0005737; GO:0005829; GO:0035556; GO:0043123; GO:0046777; GO:0046872; GO:0106310; GO:1900745	MAPK cascade; blood vessel development; protein kinase activity; protein serine/threonine kinase activity; JUN kinase kinase kinase activity; MAP kinase kinase kinase activity; protein binding; ATP binding; cytoplasm; cytosol; intracellular signal transduction; positive regulation of canonical NF-kappaB signal transduction; protein autophosphorylation; metal ion binding; protein serine kinase activity; positive regulation of p38MAPK cascade	0.3458	1e-04	1	1.0	1.0	1.0	0.75	0.75
MAP3K4	I60_OG000966	Q9Y6R4	ENSG00000085511	mitogen-activated protein kinase kinase kinase 4	GO:0000165; GO:0001890; GO:0004706; GO:0004709; GO:0005515; GO:0005524; GO:0005737; GO:0010225; GO:0010468; GO:0019100; GO:0032206; GO:0035556; GO:0038066; GO:0043507; GO:0046872; GO:0048471; GO:0060718; GO:0106310; GO:1900745	MAPK cascade; placenta development; JUN kinase kinase kinase activity; MAP kinase kinase kinase activity; protein binding; ATP binding; cytoplasm; response to UV-C; regulation of gene expression; male germ-line sex determination; positive regulation of telomere maintenance; intracellular signal transduction; p38MAPK cascade; positive regulation of JUN kinase activity; metal ion binding; perinuclear region of cytoplasm; chorionic trophoblast cell differentiation; protein serine kinase activity; positive regulation of p38MAPK cascade	0.3458	1e-04	1	1.0	1.0	1.0	0.75	0.75
MAP3K8	I60_OG000966	P41279	ENSG00000107968	mitogen-activated protein kinase kinase kinase 8	GO:0000165; GO:0000287; GO:0004674; GO:0004706; GO:0004709; GO:0005515; GO:0005524; GO:0005737; GO:0005829; GO:0006468; GO:0031295; GO:0050729; GO:0106310	MAPK cascade; magnesium ion binding; protein serine/threonine kinase activity; JUN kinase kinase kinase activity; MAP kinase kinase kinase activity; protein binding; ATP binding; cytoplasm; cytosol; protein phosphorylation; T cell costimulation; positive regulation of inflammatory response; protein serine kinase activity	0.3458	1e-04	1	1.0	1.0	1.0	0.75	0.75
MAPKBP1	I14_OG001355	O60336	ENSG00000137802	mitogen-activated protein kinase binding protein 1	GO:0005515; GO:0005654; GO:0005730; GO:0005737; GO:0032717; GO:0043124; GO:0046330; GO:0097431; GO:1900425	protein binding; nucleoplasm; nucleolus; cytoplasm; negative regulation of interleukin-8 production; negative regulation of canonical NF-kappaB signal transduction; positive regulation of JNK cascade; mitotic spindle pole; negative regulation of defense response to bacterium	0.4905	0.04543	1	1.0	1.0	1.0	0.5625	0.5625
MBTPS1	I14_OG004293	Q14703	ENSG00000140943	membrane bound transcription factor peptidase, site 1	GO:0000139; GO:0004252; GO:0005515; GO:0005788; GO:0005789; GO:0005794; GO:0005795; GO:0006508; GO:0006606; GO:0007040; GO:0007095; GO:0008203; GO:0016485; GO:0030968; GO:0031293; GO:0034976; GO:0036500; GO:0045540; GO:0051604; GO:0060627	Golgi membrane; serine-type endopeptidase activity; protein binding; endoplasmic reticulum lumen; endoplasmic reticulum membrane; Golgi apparatus; Golgi stack; proteolysis; protein import into nucleus; lysosome organization; mitotic G2 DNA damage checkpoint signaling; cholesterol metabolic process; protein processing; endoplasmic reticulum unfolded protein response; membrane protein intracellular domain proteolysis; response to endoplasmic reticulum stress; ATF6-mediated unfolded protein response; regulation of cholesterol biosynthetic process; protein maturation; regulation of vesicle-mediated transport	0.5587	0.01041	1.0	0.8181818181818182	0.8181818181818181	0.0	0.25	0.25
MBTPS2	I14_OG005159	O43462	ENSG00000012174	membrane bound transcription factor peptidase, site 2	GO:0000139; GO:0004222; GO:0005737; GO:0007095; GO:0008203; GO:0016020; GO:0030968; GO:0031293; GO:0034976; GO:0036500; GO:0045540; GO:0045542; GO:0045944; GO:0046872; GO:0051604; GO:0070977; GO:0140537; GO:1905897	Golgi membrane; metalloendopeptidase activity; cytoplasm; mitotic G2 DNA damage checkpoint signaling; cholesterol metabolic process; membrane; endoplasmic reticulum unfolded protein response; membrane protein intracellular domain proteolysis; response to endoplasmic reticulum stress; ATF6-mediated unfolded protein response; regulation of cholesterol biosynthetic process; positive regulation of cholesterol biosynthetic process; positive regulation of transcription by RNA polymerase II; metal ion binding; protein maturation; bone maturation; transcription regulator activator activity; regulation of response to endoplasmic reticulum stress	0.4238	0.03499	1	0.5909090909090909	0.6363636363636364	0.0	0.1875	0.1875
MCAM	I14_OG003095	P43121	ENSG00000076706	melanoma cell adhesion molecule	GO:0001525; GO:0003094; GO:0005055; GO:0005515; GO:0005576; GO:0005615; GO:0005886; GO:0005925; GO:0007155; GO:0009653; GO:0009897; GO:0030335; GO:0061042	angiogenesis; glomerular filtration; laminin receptor activity; protein binding; extracellular region; extracellular space; plasma membrane; focal adhesion; cell adhesion; anatomical structure morphogenesis; external side of plasma membrane; positive regulation of cell migration; vascular wound healing	0.4084	0.02876	0	0.22727272727272727	0.2727272727272727	0.0	0.0	0.0
MECOM	I14_OG006826	Q03112	ENSG00000085276	MDS1 and EVI1 complex locus	GO:0000118; GO:0000978; GO:0001228; GO:0003677; GO:0003700; GO:0005515; GO:0005634; GO:0005654; GO:0005829; GO:0006338; GO:0006357; GO:0006915; GO:0016607; GO:0032259; GO:0042803; GO:0043069; GO:0045892; GO:0045893; GO:0045944; GO:0046329; GO:0046872; GO:0046974; GO:0051726; GO:0070828; GO:0071425; GO:0140938; GO:0140947; GO:0140948	histone deacetylase complex; RNA polymerase II cis-regulatory region sequence-specific DNA binding; DNA-binding transcription activator activity, RNA polymerase II-specific; DNA binding; DNA-binding transcription factor activity; protein binding; nucleus; nucleoplasm; cytosol; chromatin remodeling; regulation of transcription by RNA polymerase II; apoptotic process; nuclear speck; methylation; protein homodimerization activity; negative regulation of programmed cell death; negative regulation of DNA-templated transcription; positive regulation of DNA-templated transcription; positive regulation of transcription by RNA polymerase II; negative regulation of JNK cascade; metal ion binding; histone H3K9 methyltransferase activity; regulation of cell cycle; heterochromatin organization; hematopoietic stem cell proliferation; histone H3 methyltransferase activity; histone H3K9me2 methyltransferase activity; histone H3K9 monomethyltransferase activity	0.4524	0.00062	1.0	0.5454545454545454	0.5454545454545454	0.0	0.125	0.125
MED13	I14_OG008885	Q9UHV7	ENSG00000108510	mediator complex subunit 13	GO:0003712; GO:0003713; GO:0005515; GO:0005634; GO:0005654; GO:0016020; GO:0016592; GO:0042632; GO:0042809; GO:0045893; GO:0045944; GO:0046966; GO:0060261; GO:0070328; GO:1990508	transcription coregulator activity; transcription coactivator activity; protein binding; nucleus; nucleoplasm; membrane; mediator complex; cholesterol homeostasis; nuclear vitamin D receptor binding; positive regulation of DNA-templated transcription; positive regulation of transcription by RNA polymerase II; nuclear thyroid hormone receptor binding; positive regulation of transcription initiation by RNA polymerase II; triglyceride homeostasis; CKM complex	0.4264	0.02154	0	0.2727272727272727	0.2727272727272727	0.0	0.0	0.0
MED13L	I14_OG008885	Q71F56	ENSG00000123066	mediator complex subunit 13L	GO:0003712; GO:0005654; GO:0006357; GO:0016592	transcription coregulator activity; nucleoplasm; regulation of transcription by RNA polymerase II; mediator complex	0.4264	0.02154	0	0.2727272727272727	0.2727272727272727	0.0	0.0	0.0
MED23	I14_OG012259	Q9ULK4	ENSG00000112282	mediator complex subunit 23	GO:0003713; GO:0005515; GO:0005634; GO:0005654; GO:0005667; GO:0006355; GO:0006357; GO:0006367; GO:0010628; GO:0016592; GO:0032968; GO:0051123; GO:0060261; GO:0070847; GO:2000409	transcription coactivator activity; protein binding; nucleus; nucleoplasm; transcription regulator complex; regulation of DNA-templated transcription; regulation of transcription by RNA polymerase II; transcription initiation at RNA polymerase II promoter; positive regulation of gene expression; mediator complex; positive regulation of transcription elongation by RNA polymerase II; RNA polymerase II preinitiation complex assembly; positive regulation of transcription initiation by RNA polymerase II; core mediator complex; positive regulation of T cell extravasation	0.4084	0.01998	0	0.22727272727272727	0.2727272727272727	0.0	0.0	0.0
METTL21A	I20_OG000328	Q8WXB1	ENSG00000144401	methyltransferase 21A, HSPA lysine	GO:0005515; GO:0005654; GO:0005829; GO:0006338; GO:0006479; GO:0008276; GO:0016279; GO:0018022; GO:0030544; GO:0031072; GO:0032991; GO:0042054; GO:0051117	protein binding; nucleoplasm; cytosol; chromatin remodeling; protein methylation; protein methyltransferase activity; protein-lysine N-methyltransferase activity; peptidyl-lysine methylation; Hsp70 protein binding; heat shock protein binding; protein-containing complex; histone methyltransferase activity; ATPase binding	0.2791	0.00468	1	0.9545454545454546	1.0	1.0	0.75	0.75
METTL21C	I20_OG000328	Q5VZV1	ENSG00000139780	methyltransferase 21C, AARS1 lysine	GO:0005515; GO:0005634; GO:0005737; GO:0006479; GO:0007519; GO:0008276; GO:0008628; GO:0010880; GO:0016279; GO:0018022; GO:0031072; GO:0032991; GO:0071549	protein binding; nucleus; cytoplasm; protein methylation; skeletal muscle tissue development; protein methyltransferase activity; hormone-mediated apoptotic signaling pathway; regulation of release of sequestered calcium ion into cytosol by sarcoplasmic reticulum; protein-lysine N-methyltransferase activity; peptidyl-lysine methylation; heat shock protein binding; protein-containing complex; cellular response to dexamethasone stimulus	0.2791	0.00468	1	0.9545454545454546	1.0	1.0	0.75	0.75
METTL23	I20_OG005293	Q86XA0	ENSG00000181038	methyltransferase 23, arginine	GO:0001939; GO:0001940; GO:0005515; GO:0005634; GO:0005737; GO:0031072; GO:0032259; GO:0032991; GO:0035242; GO:0035642; GO:0040029; GO:0044725; GO:0044727; GO:0045944; GO:0050890; GO:0140297	female pronucleus; male pronucleus; protein binding; nucleus; cytoplasm; heat shock protein binding; methylation; protein-containing complex; protein-arginine omega-N asymmetric methyltransferase activity; histone H3R17 methyltransferase activity; epigenetic regulation of gene expression; epigenetic programming in the zygotic pronuclei; epigenetic programing of male pronucleus; positive regulation of transcription by RNA polymerase II; cognition; DNA-binding transcription factor binding	0.4212	0.02877	0.5	0.5	0.5454545454545454	0.0	0.125	0.125
MEX3A	I14_OG002503	A1L020	ENSG00000254726	mex-3 RNA binding family member A	GO:0000932; GO:0003723; GO:0005634; GO:0005829; GO:0046872	P-body; RNA binding; nucleus; cytosol; metal ion binding	0.3355	0.00931	1.0	0.9545454545454546	1.0	1.0	0.6875	0.6875
MEX3B	I14_OG002503	Q6ZN04	ENSG00000183496	mex-3 RNA binding family member B	GO:0000932; GO:0003723; GO:0005509; GO:0005515; GO:0005654; GO:0005829; GO:0006468; GO:0046777	P-body; RNA binding; calcium ion binding; protein binding; nucleoplasm; cytosol; protein phosphorylation; protein autophosphorylation	0.3355	0.00931	1.0	0.9545454545454546	1.0	1.0	0.6875	0.6875
MEX3C	I14_OG002503	Q5U5Q3	ENSG00000176624	mex-3 RNA binding family member C	GO:0003415; GO:0003723; GO:0005515; GO:0005634; GO:0005737; GO:0045598; GO:0046872; GO:0061630; GO:0097009	chondrocyte hypertrophy; RNA binding; protein binding; nucleus; cytoplasm; regulation of fat cell differentiation; metal ion binding; ubiquitin protein ligase activity; energy homeostasis	0.3355	0.00931	1.0	0.9545454545454546	1.0	1.0	0.6875	0.6875
MEX3D	I14_OG002503	Q86XN8	ENSG00000181588	mex-3 RNA binding family member D	GO:0003723; GO:0005634; GO:0010609; GO:0035925; GO:0046872; GO:0048471; GO:0061157	RNA binding; nucleus; mRNA localization resulting in post-transcriptional regulation of gene expression; mRNA 3'-UTR AU-rich region binding; metal ion binding; perinuclear region of cytoplasm; mRNA destabilization	0.3355	0.00931	1.0	0.9545454545454546	1.0	1.0	0.6875	0.6875
MGAT2	I14_OG007582	Q10469	ENSG00000168282	alpha-1,6-mannosyl-glycoprotein 2-beta-N-acetylglucosaminyltransferase	GO:0000139; GO:0005794; GO:0005795; GO:0006487; GO:0008455; GO:0009312; GO:0016020; GO:0018279; GO:0019082; GO:0030145; GO:0042803	Golgi membrane; Golgi apparatus; Golgi stack; protein N-linked glycosylation; alpha-1,6-mannosylglycoprotein 2-beta-N-acetylglucosaminyltransferase activity; oligosaccharide biosynthetic process; membrane; protein N-linked glycosylation via asparagine; viral protein processing; manganese ion binding; protein homodimerization activity	0.4264	0.01178	0	0.2727272727272727	0.2727272727272727	0.0	0.0	0.0
MICAL1	I14_OG004234	Q8TDZ2	ENSG00000135596	microtubule associated monooxygenase, calponin and LIM domain containing 1	GO:0003779; GO:0004497; GO:0005515; GO:0005737; GO:0005829; GO:0005882; GO:0005884; GO:0005886; GO:0007010; GO:0007165; GO:0010008; GO:0015629; GO:0016174; GO:0016709; GO:0017124; GO:0019417; GO:0019901; GO:0030042; GO:0030496; GO:0031267; GO:0043066; GO:0045171; GO:0046872; GO:0051015; GO:0051017; GO:0071949; GO:0106294; GO:0120501; GO:1903305; GO:1990026	actin binding; monooxygenase activity; protein binding; cytoplasm; cytosol; intermediate filament; actin filament; plasma membrane; cytoskeleton organization; signal transduction; endosome membrane; actin cytoskeleton; NAD(P)H oxidase H2O2-forming activity; oxidoreductase activity, acting on paired donors, with incorporation or reduction of molecular oxygen, NAD(P)H as one donor, and incorporation of one atom of oxygen; SH3 domain binding; sulfur oxidation; protein kinase binding; actin filament depolymerization; midbody; small GTPase binding; negative regulation of apoptotic process; intercellular bridge; metal ion binding; actin filament binding; actin filament bundle assembly; FAD binding; NADPH oxidase H202-forming activity; F-actin monooxygenase activity; regulation of regulated secretory pathway; hippocampal mossy fiber expansion	0.5583	0.01467	0.0	0.4090909090909091	0.4545454545454546	0.0	0.0	0.0
MICAL2	I14_OG004234	Q6ZW33	ENSG00000133816	microtubule associated monooxygenase, calponin and LIM domain containing 2	GO:0001947; GO:0003779; GO:0004497; GO:0005515; GO:0005634; GO:0005737; GO:0005884; GO:0007010; GO:0007507; GO:0016174; GO:0016491; GO:0016709; GO:0019417; GO:0030042; GO:0045944; GO:0046872; GO:0051019; GO:0071949; GO:0120501	heart looping; actin binding; monooxygenase activity; protein binding; nucleus; cytoplasm; actin filament; cytoskeleton organization; heart development; NAD(P)H oxidase H2O2-forming activity; oxidoreductase activity; oxidoreductase activity, acting on paired donors, with incorporation or reduction of molecular oxygen, NAD(P)H as one donor, and incorporation of one atom of oxygen; sulfur oxidation; actin filament depolymerization; positive regulation of transcription by RNA polymerase II; metal ion binding; mitogen-activated protein kinase binding; FAD binding; F-actin monooxygenase activity	0.5583	0.01467	0.0	0.4090909090909091	0.4545454545454546	0.0	0.0	0.0
MICAL2	I14_OG004234	O94851	ENSG00000133816	microtubule associated monooxygenase, calponin and LIM domain containing 2	GO:0001947; GO:0003779; GO:0004497; GO:0005515; GO:0005634; GO:0005737; GO:0005884; GO:0007010; GO:0007507; GO:0016174; GO:0016491; GO:0016709; GO:0019417; GO:0030042; GO:0045944; GO:0046872; GO:0051019; GO:0071949; GO:0120501	heart looping; actin binding; monooxygenase activity; protein binding; nucleus; cytoplasm; actin filament; cytoskeleton organization; heart development; NAD(P)H oxidase H2O2-forming activity; oxidoreductase activity; oxidoreductase activity, acting on paired donors, with incorporation or reduction of molecular oxygen, NAD(P)H as one donor, and incorporation of one atom of oxygen; sulfur oxidation; actin filament depolymerization; positive regulation of transcription by RNA polymerase II; metal ion binding; mitogen-activated protein kinase binding; FAD binding; F-actin monooxygenase activity	0.5583	0.01467	0.0	0.4090909090909091	0.4545454545454546	0.0	0.0	0.0
MICAL3	I14_OG004234	Q7RTP6	ENSG00000243156	microtubule associated monooxygenase, calponin and LIM domain containing 3	GO:0003779; GO:0005515; GO:0005634; GO:0005654; GO:0005819; GO:0005829; GO:0005886; GO:0005938; GO:0006887; GO:0007010; GO:0016709; GO:0030042; GO:0042995; GO:0045171; GO:0046872; GO:0051301; GO:0060090; GO:0071949; GO:0090543; GO:0120501	actin binding; protein binding; nucleus; nucleoplasm; spindle; cytosol; plasma membrane; cell cortex; exocytosis; cytoskeleton organization; oxidoreductase activity, acting on paired donors, with incorporation or reduction of molecular oxygen, NAD(P)H as one donor, and incorporation of one atom of oxygen; actin filament depolymerization; cell projection; intercellular bridge; metal ion binding; cell division; molecular adaptor activity; FAD binding; Flemming body; F-actin monooxygenase activity	0.5583	0.01467	0.0	0.4090909090909091	0.4545454545454546	0.0	0.0	0.0
MIS18A	I14_OG007724	Q9NYP9	ENSG00000159055	MIS18 kinetochore protein A	GO:0000775; GO:0000785; GO:0005515; GO:0005634; GO:0005654; GO:0005829; GO:0007059; GO:0030674; GO:0034080; GO:0042802; GO:0046872; GO:0051301; GO:0071459; GO:0098654; GO:0140462	chromosome, centromeric region; chromatin; protein binding; nucleus; nucleoplasm; cytosol; chromosome segregation; protein-macromolecule adaptor activity; CENP-A containing chromatin assembly; identical protein binding; metal ion binding; cell division; protein localization to chromosome, centromeric region; CENP-A recruiting complex; pericentric heterochromatin organization	0.3695	0.04177	0.0	0.45454545454545453	0.4545454545454546	0.0	0.125	0.125
MLYCD	I14_OG003798	O95822	ENSG00000103150	malonyl-CoA decarboxylase	GO:0002931; GO:0005515; GO:0005737; GO:0005739; GO:0005759; GO:0005777; GO:0005782; GO:0005829; GO:0006085; GO:0006633; GO:0006637; GO:0007584; GO:0010906; GO:0019395; GO:0031998; GO:0042802; GO:0046321; GO:0050080; GO:2001294	response to ischemia; protein binding; cytoplasm; mitochondrion; mitochondrial matrix; peroxisome; peroxisomal matrix; cytosol; acetyl-CoA biosynthetic process; fatty acid biosynthetic process; acyl-CoA metabolic process; response to nutrient; regulation of glucose metabolic process; fatty acid oxidation; regulation of fatty acid beta-oxidation; identical protein binding; positive regulation of fatty acid oxidation; malonyl-CoA decarboxylase activity; malonyl-CoA catabolic process	0.5082	0.03546	1	0.6818181818181818	0.7272727272727273	0.0	0.1875	0.1875
MMUT	I14_OG004755	P22033	ENSG00000146085	methylmalonyl-CoA mutase	GO:0003924; GO:0004494; GO:0005515; GO:0005737; GO:0005739; GO:0005759; GO:0009791; GO:0019678; GO:0031419; GO:0042802; GO:0042803; GO:0043547; GO:0046872; GO:0050667; GO:0072341; GO:1901290	GTPase activity; methylmalonyl-CoA mutase activity; protein binding; cytoplasm; mitochondrion; mitochondrial matrix; post-embryonic development; propionate metabolic process, methylmalonyl pathway; cobalamin binding; identical protein binding; protein homodimerization activity; positive regulation of GTPase activity; metal ion binding; homocysteine metabolic process; modified amino acid binding; succinyl-CoA biosynthetic process	0.4907	0.01458	1	0.7272727272727273	0.8181818181818181	0.0	0.25	0.25
MOK	I14_OG000544	Q9UQ07	ENSG00000080823	MOK protein kinase	GO:0004672; GO:0004674; GO:0004693; GO:0005524; GO:0005634; GO:0005737; GO:0005929; GO:0006468; GO:0007165; GO:0035556; GO:0046872; GO:0051726; GO:0097546; GO:0106310	protein kinase activity; protein serine/threonine kinase activity; cyclin-dependent protein serine/threonine kinase activity; ATP binding; nucleus; cytoplasm; cilium; protein phosphorylation; signal transduction; intracellular signal transduction; metal ion binding; regulation of cell cycle; ciliary base; protein serine kinase activity	0.4432	0.01356	1	1.0	1.0	1.0	0.625	0.625
MOS	I14_OG002250	P00540	ENSG00000172680	MOS proto-oncogene, serine/threonine kinase	GO:0000165; GO:0000212; GO:0001556; GO:0004672; GO:0004674; GO:0004676; GO:0004677; GO:0004679; GO:0004694; GO:0004709; GO:0004711; GO:0005515; GO:0005524; GO:0005737; GO:0005829; GO:0006325; GO:0006338; GO:0007165; GO:0035175; GO:0035402; GO:0035403; GO:0035979; GO:0040020; GO:0043410; GO:0044022; GO:0044023; GO:0044024; GO:0044025; GO:0046777; GO:0051296; GO:0070374; GO:0072354; GO:0072371; GO:0072518; GO:0106310; GO:0140823; GO:0140855; GO:0140857; GO:1902103; GO:1990244	MAPK cascade; meiotic spindle organization; oocyte maturation; protein kinase activity; protein serine/threonine kinase activity; 3-phosphoinositide-dependent protein kinase activity; DNA-dependent protein kinase activity; AMP-activated protein kinase activity; eukaryotic translation initiation factor 2alpha kinase activity; MAP kinase kinase kinase activity; ribosomal protein S6 kinase activity; protein binding; ATP binding; cytoplasm; cytosol; chromatin organization; chromatin remodeling; signal transduction; histone H3S10 kinase activity; histone H3T11 kinase activity; histone H3T6 kinase activity; histone H2AXS139 kinase activity; regulation of meiotic nuclear division; positive regulation of MAPK cascade; histone H3S28 kinase activity; histone H4S1 kinase activity; histone H2AS1 kinase activity; histone H2BS14 kinase activity; protein autophosphorylation; establishment of meiotic spindle orientation; positive regulation of ERK1 and ERK2 cascade; histone H3T3 kinase activity; histone H2AS121 kinase activity; Rho-dependent protein serine/threonine kinase activity; protein serine kinase activity; histone H2BS36 kinase activity; histone H3S57 kinase activity; histone H3T45 kinase activity; negative regulation of metaphase/anaphase transition of meiotic cell cycle; histone H2AT120 kinase activity	0.6822	0.00032	0.5	0.5454545454545454	0.6363636363636364	0.0	0.0	0.0
MOSPD2	I14_OG000415	Q8NHP6	ENSG00000130150	motile sperm domain containing 2	GO:0005515; GO:0005783; GO:0005789; GO:0005886; GO:0006935; GO:0012505; GO:0016020; GO:0033149; GO:0035579; GO:0044232; GO:0051260; GO:0090023; GO:0090026; GO:0140042; GO:0140284	protein binding; endoplasmic reticulum; endoplasmic reticulum membrane; plasma membrane; chemotaxis; endomembrane system; membrane; FFAT motif binding; specific granule membrane; organelle membrane contact site; protein homooligomerization; positive regulation of neutrophil chemotaxis; positive regulation of monocyte chemotaxis; lipid droplet formation; endoplasmic reticulum-endosome membrane contact site	0.3355	0.00851	1	0.9545454545454546	1.0	1.0	0.6875	0.6875
MPHOSPH6	I14_OG009041	Q99547	ENSG00000135698	M-phase phosphoprotein 6	GO:0000176; GO:0000178; GO:0000460; GO:0003723; GO:0005515; GO:0005634; GO:0005654; GO:0005730; GO:0005829	nuclear exosome (RNase complex); exosome (RNase complex); maturation of 5.8S rRNA; RNA binding; protein binding; nucleus; nucleoplasm; nucleolus; cytosol	0.3411	0.04384	0	0.18181818181818182	0.18181818181818177	0.0	0.0	0.0
MRAS	I60_OG000026	O14807	ENSG00000158186	muscle RAS oncogene homolog	GO:0000164; GO:0003924; GO:0003925; GO:0005515; GO:0005525; GO:0005886; GO:0007265; GO:0019003; GO:0030036; GO:0030742; GO:1990830	protein phosphatase type 1 complex; GTPase activity; G protein activity; protein binding; GTP binding; plasma membrane; Ras protein signal transduction; GDP binding; actin cytoskeleton organization; GTP-dependent protein binding; cellular response to leukemia inhibitory factor	0.4381	0	1	0.8636363636363636	0.9090909090909091	0.0	0.4375	0.4375
MSMO1	I14_OG000571	Q15800	ENSG00000052802	methylsterol monooxygenase 1	GO:0000254; GO:0005506; GO:0005515; GO:0005783; GO:0005789; GO:0005886; GO:0006631; GO:0006695; GO:0008202; GO:0016020; GO:0016126	C-4 methylsterol oxidase activity; iron ion binding; protein binding; endoplasmic reticulum; endoplasmic reticulum membrane; plasma membrane; fatty acid metabolic process; cholesterol biosynthetic process; steroid metabolic process; membrane; sterol biosynthetic process	0.3355	0.02812	1	0.9545454545454546	1.0	1.0	0.6875	0.6875
MTUS1	I14_OG004784	Q9ULD2	ENSG00000129422	microtubule associated scaffold protein 1	GO:0005515; GO:0005615; GO:0005634; GO:0005730; GO:0005737; GO:0005739; GO:0005794; GO:0005813; GO:0005819; GO:0005874; GO:0005886; GO:0008017; GO:0010758; GO:0015630	protein binding; extracellular space; nucleus; nucleolus; cytoplasm; mitochondrion; Golgi apparatus; centrosome; spindle; microtubule; plasma membrane; microtubule binding; regulation of macrophage chemotaxis; microtubule cytoskeleton	0.4479	0.03814	1	0.6363636363636364	0.7272727272727273	0.0	0.21875	0.25
MTUS2	I14_OG004784	Q5JR59	ENSG00000132938	microtubule associated scaffold protein 2	GO:0005515; GO:0005634; GO:0005737; GO:0005813; GO:0005881; GO:0008017; GO:0015630; GO:0042803; GO:0045171	protein binding; nucleus; cytoplasm; centrosome; cytoplasmic microtubule; microtubule binding; microtubule cytoskeleton; protein homodimerization activity; intercellular bridge	0.4479	0.03814	1	0.6363636363636364	0.7272727272727273	0.0	0.21875	0.25
MUC19	I14_OG000738	Q7Z5P9	ENSG00000205592	mucin 19, oligomeric (gene/pseudogene)	GO:0005576; GO:0005796; GO:0005886	extracellular region; Golgi lumen; plasma membrane	0.4524	0.01249	1.0	0.5454545454545454	0.5454545454545454	0.0	0.125	0.125
MUC2	I14_OG000738	Q02817	ENSG00000198788	mucin 2, oligomeric mucus/gel-forming	GO:0005515; GO:0005796; GO:0005886; GO:0010273; GO:0030277; GO:0048874; GO:0062023; GO:0070254; GO:0070702; GO:0070703; GO:1903135; GO:1903136	protein binding; Golgi lumen; plasma membrane; detoxification of copper ion; maintenance of gastrointestinal epithelium; host-mediated regulation of intestinal microbiota composition; collagen-containing extracellular matrix; mucus secretion; inner mucus layer; outer mucus layer; cupric ion binding; cuprous ion binding	0.4524	0.01249	1.0	0.5454545454545454	0.5454545454545454	0.0	0.125	0.125
MUC2	I14_OG000738	Q02817	ENSG00000293532	mucin 2, oligomeric mucus/gel-forming	GO:0005515; GO:0005796; GO:0005886; GO:0010273; GO:0030277; GO:0048874; GO:0062023; GO:0070254; GO:0070702; GO:0070703; GO:1903135; GO:1903136	protein binding; Golgi lumen; plasma membrane; detoxification of copper ion; maintenance of gastrointestinal epithelium; host-mediated regulation of intestinal microbiota composition; collagen-containing extracellular matrix; mucus secretion; inner mucus layer; outer mucus layer; cupric ion binding; cuprous ion binding	0.4524	0.01249	1.0	0.5454545454545454	0.5454545454545454	0.0	0.125	0.125
MUC2	I14_OG000738	Q02817	ENSG00000278466	mucin 2, oligomeric mucus/gel-forming	GO:0005515; GO:0005796; GO:0005886; GO:0010273; GO:0030277; GO:0048874; GO:0062023; GO:0070254; GO:0070702; GO:0070703; GO:1903135; GO:1903136	protein binding; Golgi lumen; plasma membrane; detoxification of copper ion; maintenance of gastrointestinal epithelium; host-mediated regulation of intestinal microbiota composition; collagen-containing extracellular matrix; mucus secretion; inner mucus layer; outer mucus layer; cupric ion binding; cuprous ion binding	0.4524	0.01249	1.0	0.5454545454545454	0.5454545454545454	0.0	0.125	0.125
MUC5AC	I14_OG000738	P98088	ENSG00000215182	mucin 5AC, oligomeric mucus/gel-forming	GO:0005201; GO:0005615; GO:0005796; GO:0005886; GO:0031012; GO:0046872; GO:0070062; GO:0070701	extracellular matrix structural constituent; extracellular space; Golgi lumen; plasma membrane; extracellular matrix; metal ion binding; extracellular exosome; mucus layer	0.4524	0.01249	1.0	0.5454545454545454	0.5454545454545454	0.0	0.125	0.125
MUC5AC	I14_OG000738	P98088	ENSG00000291363	mucin 5AC, oligomeric mucus/gel-forming	GO:0005201; GO:0005615; GO:0005796; GO:0005886; GO:0031012; GO:0046872; GO:0070062; GO:0070701	extracellular matrix structural constituent; extracellular space; Golgi lumen; plasma membrane; extracellular matrix; metal ion binding; extracellular exosome; mucus layer	0.4524	0.01249	1.0	0.5454545454545454	0.5454545454545454	0.0	0.125	0.125
MUC5B	I14_OG000738	Q9HC84	ENSG00000117983	mucin 5B, oligomeric mucus/gel-forming	GO:0005515; GO:0005615; GO:0005796; GO:0005886; GO:0031012; GO:0043231; GO:0046872; GO:0070062	protein binding; extracellular space; Golgi lumen; plasma membrane; extracellular matrix; intracellular membrane-bounded organelle; metal ion binding; extracellular exosome	0.4524	0.01249	1.0	0.5454545454545454	0.5454545454545454	0.0	0.125	0.125
MUC6	I14_OG000738	Q6W4X9	ENSG00000184956	mucin 6, oligomeric mucus/gel-forming (gene/pseudogene)	GO:0005201; GO:0005615; GO:0005796; GO:0005886; GO:0030277; GO:0031012	extracellular matrix structural constituent; extracellular space; Golgi lumen; plasma membrane; maintenance of gastrointestinal epithelium; extracellular matrix	0.4524	0.01249	1.0	0.5454545454545454	0.5454545454545454	0.0	0.125	0.125
MUC6	I14_OG000738	Q6W4X9	ENSG00000277518	mucin 6, oligomeric mucus/gel-forming (gene/pseudogene)	GO:0005201; GO:0005615; GO:0005796; GO:0005886; GO:0030277; GO:0031012	extracellular matrix structural constituent; extracellular space; Golgi lumen; plasma membrane; maintenance of gastrointestinal epithelium; extracellular matrix	0.4524	0.01249	1.0	0.5454545454545454	0.5454545454545454	0.0	0.125	0.125
MUC6	I14_OG000738	Q6W4X9	ENSG00000277281	mucin 6, oligomeric mucus/gel-forming (gene/pseudogene)	GO:0005201; GO:0005615; GO:0005796; GO:0005886; GO:0030277; GO:0031012	extracellular matrix structural constituent; extracellular space; Golgi lumen; plasma membrane; maintenance of gastrointestinal epithelium; extracellular matrix	0.4524	0.01249	1.0	0.5454545454545454	0.5454545454545454	0.0	0.125	0.125
MVP	I14_OG003693	Q14764	ENSG00000013364	major vault protein	GO:0005515; GO:0005576; GO:0005634; GO:0005643; GO:0005737; GO:0005829; GO:0005856; GO:0008283; GO:0015031; GO:0016020; GO:0019901; GO:0019903; GO:0031953; GO:0034774; GO:0038127; GO:0042059; GO:0042802; GO:0048471; GO:0051028; GO:0061099; GO:0070062; GO:0072376; GO:1904813; GO:1990904	protein binding; extracellular region; nucleus; nuclear pore; cytoplasm; cytosol; cytoskeleton; cell population proliferation; protein transport; membrane; protein kinase binding; protein phosphatase binding; negative regulation of protein autophosphorylation; secretory granule lumen; ERBB signaling pathway; negative regulation of epidermal growth factor receptor signaling pathway; identical protein binding; perinuclear region of cytoplasm; mRNA transport; negative regulation of protein tyrosine kinase activity; extracellular exosome; protein activation cascade; ficolin-1-rich granule lumen; ribonucleoprotein complex	0.575	0.01293	0	0.45454545454545453	0.4545454545454546	0.0	0.0	0.0
MYO10	I60_OG000037	Q9HD67	ENSG00000145555	myosin X	GO:0000146; GO:0001726; GO:0005515; GO:0005516; GO:0005524; GO:0005547; GO:0005730; GO:0005829; GO:0005886; GO:0005938; GO:0007165; GO:0008360; GO:0016459; GO:0022409; GO:0030027; GO:0030175; GO:0030507; GO:0030705; GO:0031527; GO:0032433; GO:0043005; GO:0043025; GO:0051015; GO:0051489; GO:0060002	microfilament motor activity; ruffle; protein binding; calmodulin binding; ATP binding; phosphatidylinositol-3,4,5-trisphosphate binding; nucleolus; cytosol; plasma membrane; cell cortex; signal transduction; regulation of cell shape; myosin complex; positive regulation of cell-cell adhesion; lamellipodium; filopodium; spectrin binding; cytoskeleton-dependent intracellular transport; filopodium membrane; filopodium tip; neuron projection; neuronal cell body; actin filament binding; regulation of filopodium assembly; plus-end directed microfilament motor activity	0.334	6e-05	1	1.0	1.0	1.0	0.78125	0.8125
MYO19	I60_OG000037	Q96H55	ENSG00000278259	myosin XIX	GO:0000146; GO:0003779; GO:0005524; GO:0005737; GO:0005739; GO:0005741; GO:0005829; GO:0006897; GO:0007015; GO:0015629; GO:0016020; GO:0016459; GO:0016887; GO:0032027; GO:0032465; GO:0034642; GO:0051015; GO:0060002; GO:0090140; GO:0160040	microfilament motor activity; actin binding; ATP binding; cytoplasm; mitochondrion; mitochondrial outer membrane; cytosol; endocytosis; actin filament organization; actin cytoskeleton; membrane; myosin complex; ATP hydrolysis activity; myosin light chain binding; regulation of cytokinesis; mitochondrion migration along actin filament; actin filament binding; plus-end directed microfilament motor activity; regulation of mitochondrial fission; mitocytosis	0.334	6e-05	1	1.0	1.0	1.0	0.78125	0.8125
MYO19	I60_OG000037	Q96H55	ENSG00000278372	myosin XIX	GO:0000146; GO:0003779; GO:0005524; GO:0005737; GO:0005739; GO:0005741; GO:0005829; GO:0006897; GO:0007015; GO:0015629; GO:0016020; GO:0016459; GO:0016887; GO:0032027; GO:0032465; GO:0034642; GO:0051015; GO:0060002; GO:0090140; GO:0160040	microfilament motor activity; actin binding; ATP binding; cytoplasm; mitochondrion; mitochondrial outer membrane; cytosol; endocytosis; actin filament organization; actin cytoskeleton; membrane; myosin complex; ATP hydrolysis activity; myosin light chain binding; regulation of cytokinesis; mitochondrion migration along actin filament; actin filament binding; plus-end directed microfilament motor activity; regulation of mitochondrial fission; mitocytosis	0.334	6e-05	1	1.0	1.0	1.0	0.78125	0.8125
MYO5A	I60_OG000037	Q9Y4I1	ENSG00000197535	myosin VA	GO:0000146; GO:0001726; GO:0003723; GO:0005515; GO:0005516; GO:0005524; GO:0005737; GO:0005764; GO:0005769; GO:0005770; GO:0005777; GO:0005783; GO:0005829; GO:0005884; GO:0006892; GO:0006897; GO:0007015; GO:0015031; GO:0015629; GO:0016020; GO:0016192; GO:0016459; GO:0030048; GO:0030050; GO:0030426; GO:0031267; GO:0031982; GO:0032402; GO:0032433; GO:0032593; GO:0032869; GO:0042470; GO:0043005; GO:0051015; GO:0055037; GO:0070062; GO:0072659	microfilament motor activity; ruffle; RNA binding; protein binding; calmodulin binding; ATP binding; cytoplasm; lysosome; early endosome; late endosome; peroxisome; endoplasmic reticulum; cytosol; actin filament; post-Golgi vesicle-mediated transport; endocytosis; actin filament organization; protein transport; actin cytoskeleton; membrane; vesicle-mediated transport; myosin complex; actin filament-based movement; vesicle transport along actin filament; growth cone; small GTPase binding; vesicle; melanosome transport; filopodium tip; insulin-responsive compartment; cellular response to insulin stimulus; melanosome; neuron projection; actin filament binding; recycling endosome; extracellular exosome; protein localization to plasma membrane	0.334	6e-05	1	1.0	1.0	1.0	0.78125	0.8125
MYO5B	I60_OG000037	Q9ULV0	ENSG00000167306	myosin VB	GO:0000146; GO:0003091; GO:0005515; GO:0005516; GO:0005524; GO:0005737; GO:0006897; GO:0007015; GO:0015031; GO:0015629; GO:0016020; GO:0016192; GO:0016197; GO:0016459; GO:0030659; GO:0031267; GO:0032991; GO:0045179; GO:0051015; GO:0055037; GO:0070062	microfilament motor activity; renal water homeostasis; protein binding; calmodulin binding; ATP binding; cytoplasm; endocytosis; actin filament organization; protein transport; actin cytoskeleton; membrane; vesicle-mediated transport; endosomal transport; myosin complex; cytoplasmic vesicle membrane; small GTPase binding; protein-containing complex; apical cortex; actin filament binding; recycling endosome; extracellular exosome	0.334	6e-05	1	1.0	1.0	1.0	0.78125	0.8125
MYO5C	I60_OG000037	Q9NQX4	ENSG00000128833	myosin VC	GO:0000146; GO:0005516; GO:0005524; GO:0005737; GO:0006897; GO:0007015; GO:0015629; GO:0016020; GO:0016459; GO:0051015; GO:0070062	microfilament motor activity; calmodulin binding; ATP binding; cytoplasm; endocytosis; actin filament organization; actin cytoskeleton; membrane; myosin complex; actin filament binding; extracellular exosome	0.334	6e-05	1	1.0	1.0	1.0	0.78125	0.8125
MYO6	I60_OG000037	Q9UM54	ENSG00000196586	myosin VI	GO:0000146; GO:0001726; GO:0003774; GO:0003779; GO:0005515; GO:0005516; GO:0005524; GO:0005634; GO:0005654; GO:0005737; GO:0005765; GO:0005768; GO:0005776; GO:0005794; GO:0005829; GO:0005884; GO:0005886; GO:0005902; GO:0005905; GO:0005938; GO:0006886; GO:0006897; GO:0007015; GO:0007605; GO:0008104; GO:0009410; GO:0015629; GO:0016020; GO:0016461; GO:0030048; GO:0030139; GO:0030175; GO:0030330; GO:0030665; GO:0031410; GO:0031941; GO:0031965; GO:0032587; GO:0042472; GO:0042491; GO:0042802; GO:0043531; GO:0045177; GO:0045334; GO:0048471; GO:0051015; GO:0051046; GO:0060001; GO:0070062	microfilament motor activity; ruffle; cytoskeletal motor activity; actin binding; protein binding; calmodulin binding; ATP binding; nucleus; nucleoplasm; cytoplasm; lysosomal membrane; endosome; autophagosome; Golgi apparatus; cytosol; actin filament; plasma membrane; microvillus; clathrin-coated pit; cell cortex; intracellular protein transport; endocytosis; actin filament organization; sensory perception of sound; protein localization; response to xenobiotic stimulus; actin cytoskeleton; membrane; unconventional myosin complex; actin filament-based movement; endocytic vesicle; filopodium; DNA damage response, signal transduction by p53 class mediator; clathrin-coated vesicle membrane; cytoplasmic vesicle; filamentous actin; nuclear membrane; ruffle membrane; inner ear morphogenesis; inner ear auditory receptor cell differentiation; identical protein binding; ADP binding; apical part of cell; clathrin-coated endocytic vesicle; perinuclear region of cytoplasm; actin filament binding; regulation of secretion; minus-end directed microfilament motor activity; extracellular exosome	0.334	6e-05	1	1.0	1.0	1.0	0.78125	0.8125
NABP1	I14_OG005644	Q96AH0	ENSG00000173559	nucleic acid binding protein 1	GO:0000724; GO:0000781; GO:0003677; GO:0003697; GO:0003723; GO:0005515; GO:0005634; GO:0005654; GO:0005829; GO:0006281; GO:0006974; GO:0010212; GO:0035861; GO:0044818; GO:0070876	double-strand break repair via homologous recombination; chromosome, telomeric region; DNA binding; single-stranded DNA binding; RNA binding; protein binding; nucleus; nucleoplasm; cytosol; DNA repair; DNA damage response; response to ionizing radiation; site of double-strand break; mitotic G2/M transition checkpoint; SOSS complex	0.4354	0.02885	0.0	0.4090909090909091	0.4545454545454546	0.0	0.0625	0.0625
NABP2	I14_OG005644	Q9BQ15	ENSG00000139579	nucleic acid binding protein 2	GO:0000724; GO:0000781; GO:0003677; GO:0003697; GO:0005515; GO:0005634; GO:0005654; GO:0005829; GO:0006281; GO:0006974; GO:0010212; GO:0035861; GO:0044818; GO:0070182; GO:0070200; GO:0070876; GO:0098505; GO:1904355	double-strand break repair via homologous recombination; chromosome, telomeric region; DNA binding; single-stranded DNA binding; protein binding; nucleus; nucleoplasm; cytosol; DNA repair; DNA damage response; response to ionizing radiation; site of double-strand break; mitotic G2/M transition checkpoint; DNA polymerase binding; establishment of protein localization to telomere; SOSS complex; G-rich strand telomeric DNA binding; positive regulation of telomere capping	0.4354	0.02885	0.0	0.4090909090909091	0.4545454545454546	0.0	0.0625	0.0625
NAF1	I14_OG005717	Q96HR8	ENSG00000145414	nuclear assembly factor 1 ribonucleoprotein	GO:0000454; GO:0000493; GO:0003723; GO:0005515; GO:0005634; GO:0005654; GO:0005732; GO:0005737; GO:0032212; GO:0042254; GO:0042802; GO:0043489; GO:0070034; GO:0090669; GO:0090671; GO:1904358; GO:1905323	snoRNA guided rRNA pseudouridine synthesis; box H/ACA snoRNP assembly; RNA binding; protein binding; nucleus; nucleoplasm; sno(s)RNA-containing ribonucleoprotein complex; cytoplasm; positive regulation of telomere maintenance via telomerase; ribosome biogenesis; identical protein binding; RNA stabilization; telomerase RNA binding; telomerase RNA stabilization; telomerase RNA localization to Cajal body; positive regulation of telomere maintenance via telomere lengthening; telomerase holoenzyme complex assembly	0.5152	0.04997	1	0.9545454545454546	1.0	0.5	0.5	0.5625
NAGA	I14_OG000770	P17050	ENSG00000198951	alpha-N-acetylgalactosaminidase	GO:0004557; GO:0005737; GO:0005764; GO:0008456; GO:0009311; GO:0016020; GO:0016052; GO:0016139; GO:0019377; GO:0042803; GO:0070062	alpha-galactosidase activity; cytoplasm; lysosome; alpha-N-acetylgalactosaminidase activity; oligosaccharide metabolic process; membrane; carbohydrate catabolic process; glycoside catabolic process; glycolipid catabolic process; protein homodimerization activity; extracellular exosome	0.5023	0.00343	1	0.7727272727272727	0.8181818181818181	0.0	0.28125	0.3125
NAGK	I14_OG008844	Q9UJ70	ENSG00000124357	N-acetylglucosamine kinase	GO:0005515; GO:0005524; GO:0005829; GO:0006044; GO:0006046; GO:0006048; GO:0006051; GO:0019262; GO:0032495; GO:0042742; GO:0045087; GO:0045127; GO:0046835; GO:0070062; GO:0070434; GO:0160047	protein binding; ATP binding; cytosol; N-acetylglucosamine metabolic process; N-acetylglucosamine catabolic process; UDP-N-acetylglucosamine biosynthetic process; N-acetylmannosamine metabolic process; N-acetylneuraminate catabolic process; response to muramyl dipeptide; defense response to bacterium; innate immune response; N-acetylglucosamine kinase activity; carbohydrate phosphorylation; extracellular exosome; positive regulation of nucleotide-binding oligomerization domain containing 2 signaling pathway; muramyl dipeptide kinase activity	0.4212	0.03156	0.5	0.5	0.5454545454545454	0.0	0.125	0.125
NAMPT	I14_OG005360	P43490	ENSG00000105835	nicotinamide phosphoribosyltransferase	GO:0005125; GO:0005515; GO:0005829; GO:0007165; GO:0007267; GO:0008284; GO:0009435; GO:0016607; GO:0030054; GO:0032922; GO:0034356; GO:0042802; GO:0045944; GO:0047280; GO:0070062	cytokine activity; protein binding; cytosol; signal transduction; cell-cell signaling; positive regulation of cell population proliferation; NAD biosynthetic process; nuclear speck; cell junction; circadian regulation of gene expression; NAD biosynthesis via nicotinamide riboside salvage pathway; identical protein binding; positive regulation of transcription by RNA polymerase II; nicotinamide phosphoribosyltransferase activity; extracellular exosome	0.4264	0.02458	0	0.2727272727272727	0.2727272727272727	0.0	0.0	0.0
NAT1	I14_OG005340	P18440	ENSG00000171428	N-acetyltransferase 1	GO:0004060; GO:0005515; GO:0005829; GO:0006805	arylamine N-acetyltransferase activity; protein binding; cytosol; xenobiotic metabolic process	0.5103	0.02815	0.0	0.4090909090909091	0.4545454545454546	0.0	0.03125	0.0625
NAT2	I14_OG005340	P11245	ENSG00000156006	N-acetyltransferase 2	GO:0004060; GO:0005515; GO:0005829; GO:0006805; GO:0046990	arylamine N-acetyltransferase activity; protein binding; cytosol; xenobiotic metabolic process; N-hydroxyarylamine O-acetyltransferase activity	0.5103	0.02815	0.0	0.4090909090909091	0.4545454545454546	0.0	0.03125	0.0625
NCF2	I14_OG005766	P19878	ENSG00000116701	neutrophil cytosolic factor 2	GO:0001669; GO:0005515; GO:0005829; GO:0005886; GO:0006801; GO:0006909; GO:0006968; GO:0009055; GO:0016020; GO:0016175; GO:0016176; GO:0031267; GO:0032010; GO:0042554; GO:0043020; GO:0045087; GO:0045730	acrosomal vesicle; protein binding; cytosol; plasma membrane; superoxide metabolic process; phagocytosis; cellular defense response; electron transfer activity; membrane; superoxide-generating NAD(P)H oxidase activity; superoxide-generating NADPH oxidase activator activity; small GTPase binding; phagolysosome; superoxide anion generation; NADPH oxidase complex; innate immune response; respiratory burst	0.3809	0.04669	0	0.36363636363636365	0.36363636363636365	0.0	0.0625	0.0625
NCKAP1	I14_OG007792	Q9Y2A7	ENSG00000061676	NCK associated protein 1	GO:0000902; GO:0001726; GO:0005515; GO:0005829; GO:0005925; GO:0006915; GO:0007417; GO:0010592; GO:0016477; GO:0016601; GO:0030027; GO:0030031; GO:0030838; GO:0030866; GO:0031209; GO:0031258; GO:0031267; GO:0031941; GO:0048812; GO:0070062; GO:2000601	cell morphogenesis; ruffle; protein binding; cytosol; focal adhesion; apoptotic process; central nervous system development; positive regulation of lamellipodium assembly; cell migration; Rac protein signal transduction; lamellipodium; cell projection assembly; positive regulation of actin filament polymerization; cortical actin cytoskeleton organization; SCAR complex; lamellipodium membrane; small GTPase binding; filamentous actin; neuron projection morphogenesis; extracellular exosome; positive regulation of Arp2/3 complex-mediated actin nucleation	0.5415	0.00945	1.0	0.5454545454545454	0.5454545454545454	0.0	0.0625	0.0625
NCKAP1L	I14_OG007792	P55160	ENSG00000123338	NCK associated protein 1 like	GO:0000902; GO:0001782; GO:0002262; GO:0002687; GO:0005096; GO:0005515; GO:0005829; GO:0005886; GO:0006935; GO:0009410; GO:0016020; GO:0016477; GO:0030011; GO:0030031; GO:0030295; GO:0030667; GO:0030838; GO:0030866; GO:0030890; GO:0031209; GO:0032700; GO:0032715; GO:0033630; GO:0034101; GO:0035556; GO:0042102; GO:0043029; GO:0043066; GO:0043318; GO:0043372; GO:0043378; GO:0044877; GO:0045579; GO:0045588; GO:0045621; GO:0045648; GO:0048812; GO:0048821; GO:0050853; GO:0060100; GO:0065003; GO:0070062; GO:0070358; GO:0090023; GO:0101003; GO:1902624; GO:1904515; GO:1904841	cell morphogenesis; B cell homeostasis; myeloid cell homeostasis; positive regulation of leukocyte migration; GTPase activator activity; protein binding; cytosol; plasma membrane; chemotaxis; response to xenobiotic stimulus; membrane; cell migration; maintenance of cell polarity; cell projection assembly; protein kinase activator activity; secretory granule membrane; positive regulation of actin filament polymerization; cortical actin cytoskeleton organization; positive regulation of B cell proliferation; SCAR complex; negative regulation of interleukin-17 production; negative regulation of interleukin-6 production; positive regulation of cell adhesion mediated by integrin; erythrocyte homeostasis; intracellular signal transduction; positive regulation of T cell proliferation; T cell homeostasis; negative regulation of apoptotic process; negative regulation of cytotoxic T cell degranulation; positive regulation of CD4-positive, alpha-beta T cell differentiation; positive regulation of CD8-positive, alpha-beta T cell differentiation; protein-containing complex binding; positive regulation of B cell differentiation; positive regulation of gamma-delta T cell differentiation; positive regulation of lymphocyte differentiation; positive regulation of erythrocyte differentiation; neuron projection morphogenesis; erythrocyte development; B cell receptor signaling pathway; positive regulation of phagocytosis, engulfment; protein-containing complex assembly; extracellular exosome; actin polymerization-dependent cell motility; positive regulation of neutrophil chemotaxis; ficolin-1-rich granule membrane; positive regulation of neutrophil migration; positive regulation of TORC2 signaling; TORC2 complex binding	0.5415	0.00945	1.0	0.5454545454545454	0.5454545454545454	0.0	0.0625	0.0625
NCLN	I14_OG005790	Q969V3	ENSG00000125912	nicalin	GO:0003140; GO:0005515; GO:0005789; GO:0009966; GO:0016020; GO:0032991; GO:0043022; GO:0043254; GO:0050821; GO:0061635; GO:0160063; GO:0160064; GO:1900108	determination of left/right asymmetry in lateral mesoderm; protein binding; endoplasmic reticulum membrane; regulation of signal transduction; membrane; protein-containing complex; ribosome binding; regulation of protein-containing complex assembly; protein stabilization; regulation of protein complex stability; multi-pass transmembrane protein insertion into ER membrane; multi-pass translocon complex; negative regulation of nodal signaling pathway	0.6128	0.00128	1	0.7272727272727273	0.7272727272727273	0.0	0.125	0.125
NDUFAF2	I14_OG007706	Q8N183	ENSG00000164182	NADH:ubiquinone oxidoreductase complex assembly factor 2	GO:0005515; GO:0005739; GO:0005743; GO:0032981; GO:0044877; GO:0061179	protein binding; mitochondrion; mitochondrial inner membrane; mitochondrial respiratory chain complex I assembly; protein-containing complex binding; negative regulation of insulin secretion involved in cellular response to glucose stimulus	0.4238	0.04579	1	0.5909090909090909	0.6363636363636364	0.0	0.1875	0.1875
NEK1	I60_OG000089	Q96PY6	ENSG00000137601	NIMA related kinase 1	GO:0000242; GO:0004672; GO:0004676; GO:0004677; GO:0004679; GO:0004694; GO:0004711; GO:0004713; GO:0005515; GO:0005524; GO:0005634; GO:0005654; GO:0005737; GO:0005813; GO:0005829; GO:0006338; GO:0006468; GO:0016301; GO:0034451; GO:0035175; GO:0035402; GO:0035403; GO:0035979; GO:0044022; GO:0044023; GO:0044024; GO:0044025; GO:0046872; GO:0051301; GO:0060271; GO:0071889; GO:0072354; GO:0072371; GO:0072518; GO:0106310; GO:0140823; GO:0140855; GO:0140857; GO:1990244	pericentriolar material; protein kinase activity; 3-phosphoinositide-dependent protein kinase activity; DNA-dependent protein kinase activity; AMP-activated protein kinase activity; eukaryotic translation initiation factor 2alpha kinase activity; ribosomal protein S6 kinase activity; protein tyrosine kinase activity; protein binding; ATP binding; nucleus; nucleoplasm; cytoplasm; centrosome; cytosol; chromatin remodeling; protein phosphorylation; kinase activity; centriolar satellite; histone H3S10 kinase activity; histone H3T11 kinase activity; histone H3T6 kinase activity; histone H2AXS139 kinase activity; histone H3S28 kinase activity; histone H4S1 kinase activity; histone H2AS1 kinase activity; histone H2BS14 kinase activity; metal ion binding; cell division; cilium assembly; 14-3-3 protein binding; histone H3T3 kinase activity; histone H2AS121 kinase activity; Rho-dependent protein serine/threonine kinase activity; protein serine kinase activity; histone H2BS36 kinase activity; histone H3S57 kinase activity; histone H3T45 kinase activity; histone H2AT120 kinase activity	0.334	0	1	1.0	1.0	1.0	0.78125	0.8125
NEK10	I60_OG000089	Q6ZWH5	ENSG00000163491	NIMA related kinase 10	GO:0004672; GO:0004674; GO:0004676; GO:0004677; GO:0004679; GO:0004694; GO:0004711; GO:0005524; GO:0005576; GO:0006338; GO:0006468; GO:0031954; GO:0035175; GO:0035402; GO:0035403; GO:0035979; GO:0043406; GO:0044022; GO:0044023; GO:0044024; GO:0044025; GO:0046872; GO:0070372; GO:0072354; GO:0072371; GO:0072518; GO:0106310; GO:0120197; GO:0140823; GO:0140855; GO:0140857; GO:1902749; GO:1902911; GO:1990244	protein kinase activity; protein serine/threonine kinase activity; 3-phosphoinositide-dependent protein kinase activity; DNA-dependent protein kinase activity; AMP-activated protein kinase activity; eukaryotic translation initiation factor 2alpha kinase activity; ribosomal protein S6 kinase activity; ATP binding; extracellular region; chromatin remodeling; protein phosphorylation; positive regulation of protein autophosphorylation; histone H3S10 kinase activity; histone H3T11 kinase activity; histone H3T6 kinase activity; histone H2AXS139 kinase activity; positive regulation of MAP kinase activity; histone H3S28 kinase activity; histone H4S1 kinase activity; histone H2AS1 kinase activity; histone H2BS14 kinase activity; metal ion binding; regulation of ERK1 and ERK2 cascade; histone H3T3 kinase activity; histone H2AS121 kinase activity; Rho-dependent protein serine/threonine kinase activity; protein serine kinase activity; mucociliary clearance; histone H2BS36 kinase activity; histone H3S57 kinase activity; histone H3T45 kinase activity; regulation of cell cycle G2/M phase transition; protein kinase complex; histone H2AT120 kinase activity	0.334	0	1	1.0	1.0	1.0	0.78125	0.8125
NEK11	I60_OG000089	Q8NG66	ENSG00000114670	NIMA related kinase 11	GO:0004674; GO:0004676; GO:0004677; GO:0004679; GO:0004694; GO:0004711; GO:0005515; GO:0005524; GO:0005634; GO:0005654; GO:0005730; GO:0006338; GO:0006468; GO:0031573; GO:0035175; GO:0035402; GO:0035403; GO:0035556; GO:0035979; GO:0044022; GO:0044023; GO:0044024; GO:0044025; GO:0046872; GO:0072354; GO:0072371; GO:0072518; GO:0106310; GO:0140823; GO:0140855; GO:0140857; GO:1901990; GO:1990244	protein serine/threonine kinase activity; 3-phosphoinositide-dependent protein kinase activity; DNA-dependent protein kinase activity; AMP-activated protein kinase activity; eukaryotic translation initiation factor 2alpha kinase activity; ribosomal protein S6 kinase activity; protein binding; ATP binding; nucleus; nucleoplasm; nucleolus; chromatin remodeling; protein phosphorylation; mitotic intra-S DNA damage checkpoint signaling; histone H3S10 kinase activity; histone H3T11 kinase activity; histone H3T6 kinase activity; intracellular signal transduction; histone H2AXS139 kinase activity; histone H3S28 kinase activity; histone H4S1 kinase activity; histone H2AS1 kinase activity; histone H2BS14 kinase activity; metal ion binding; histone H3T3 kinase activity; histone H2AS121 kinase activity; Rho-dependent protein serine/threonine kinase activity; protein serine kinase activity; histone H2BS36 kinase activity; histone H3S57 kinase activity; histone H3T45 kinase activity; regulation of mitotic cell cycle phase transition; histone H2AT120 kinase activity	0.334	0	1	1.0	1.0	1.0	0.78125	0.8125
NEK3	I60_OG000089	P51956	ENSG00000136098	NIMA related kinase 3	GO:0000278; GO:0004674; GO:0004676; GO:0004677; GO:0004679; GO:0004694; GO:0004711; GO:0005515; GO:0005524; GO:0005634; GO:0005737; GO:0006338; GO:0006468; GO:0030010; GO:0030424; GO:0035175; GO:0035402; GO:0035403; GO:0035979; GO:0044022; GO:0044023; GO:0044024; GO:0044025; GO:0046872; GO:0048812; GO:0051301; GO:0072354; GO:0072371; GO:0072518; GO:0090043; GO:0106310; GO:0140823; GO:0140855; GO:0140857; GO:1990244	mitotic cell cycle; protein serine/threonine kinase activity; 3-phosphoinositide-dependent protein kinase activity; DNA-dependent protein kinase activity; AMP-activated protein kinase activity; eukaryotic translation initiation factor 2alpha kinase activity; ribosomal protein S6 kinase activity; protein binding; ATP binding; nucleus; cytoplasm; chromatin remodeling; protein phosphorylation; establishment of cell polarity; axon; histone H3S10 kinase activity; histone H3T11 kinase activity; histone H3T6 kinase activity; histone H2AXS139 kinase activity; histone H3S28 kinase activity; histone H4S1 kinase activity; histone H2AS1 kinase activity; histone H2BS14 kinase activity; metal ion binding; neuron projection morphogenesis; cell division; histone H3T3 kinase activity; histone H2AS121 kinase activity; Rho-dependent protein serine/threonine kinase activity; regulation of tubulin deacetylation; protein serine kinase activity; histone H2BS36 kinase activity; histone H3S57 kinase activity; histone H3T45 kinase activity; histone H2AT120 kinase activity	0.334	0	1	1.0	1.0	1.0	0.78125	0.8125
NEK4	I60_OG000089	P51957	ENSG00000114904	NIMA related kinase 4	GO:0000278; GO:0004674; GO:0004676; GO:0004677; GO:0004679; GO:0004694; GO:0004711; GO:0005524; GO:0005737; GO:0005829; GO:0006338; GO:0006468; GO:0006974; GO:0030145; GO:0035175; GO:0035253; GO:0035402; GO:0035403; GO:0035869; GO:0035979; GO:0036064; GO:0044022; GO:0044023; GO:0044024; GO:0044025; GO:0045893; GO:0051301; GO:0072354; GO:0072371; GO:0072518; GO:0097014; GO:0106310; GO:0140823; GO:0140855; GO:0140857; GO:1990244; GO:2000772	mitotic cell cycle; protein serine/threonine kinase activity; 3-phosphoinositide-dependent protein kinase activity; DNA-dependent protein kinase activity; AMP-activated protein kinase activity; eukaryotic translation initiation factor 2alpha kinase activity; ribosomal protein S6 kinase activity; ATP binding; cytoplasm; cytosol; chromatin remodeling; protein phosphorylation; DNA damage response; manganese ion binding; histone H3S10 kinase activity; ciliary rootlet; histone H3T11 kinase activity; histone H3T6 kinase activity; ciliary transition zone; histone H2AXS139 kinase activity; ciliary basal body; histone H3S28 kinase activity; histone H4S1 kinase activity; histone H2AS1 kinase activity; histone H2BS14 kinase activity; positive regulation of DNA-templated transcription; cell division; histone H3T3 kinase activity; histone H2AS121 kinase activity; Rho-dependent protein serine/threonine kinase activity; ciliary plasm; protein serine kinase activity; histone H2BS36 kinase activity; histone H3S57 kinase activity; histone H3T45 kinase activity; histone H2AT120 kinase activity; regulation of cellular senescence	0.334	0	1	1.0	1.0	1.0	0.78125	0.8125
NEK5	I60_OG000089	Q6P3R8	ENSG00000197168	NIMA related kinase 5	GO:0004672; GO:0004676; GO:0004677; GO:0004679; GO:0004694; GO:0004711; GO:0005524; GO:0006338; GO:0035175; GO:0035402; GO:0035403; GO:0035979; GO:0044022; GO:0044023; GO:0044024; GO:0044025; GO:0046872; GO:0072354; GO:0072371; GO:0072518; GO:0106310; GO:0140823; GO:0140855; GO:0140857; GO:1990244	protein kinase activity; 3-phosphoinositide-dependent protein kinase activity; DNA-dependent protein kinase activity; AMP-activated protein kinase activity; eukaryotic translation initiation factor 2alpha kinase activity; ribosomal protein S6 kinase activity; ATP binding; chromatin remodeling; histone H3S10 kinase activity; histone H3T11 kinase activity; histone H3T6 kinase activity; histone H2AXS139 kinase activity; histone H3S28 kinase activity; histone H4S1 kinase activity; histone H2AS1 kinase activity; histone H2BS14 kinase activity; metal ion binding; histone H3T3 kinase activity; histone H2AS121 kinase activity; Rho-dependent protein serine/threonine kinase activity; protein serine kinase activity; histone H2BS36 kinase activity; histone H3S57 kinase activity; histone H3T45 kinase activity; histone H2AT120 kinase activity	0.334	0	1	1.0	1.0	1.0	0.78125	0.8125
NEK8	I60_OG000089	Q86SG6	ENSG00000160602	NIMA related kinase 8	GO:0004676; GO:0004677; GO:0004679; GO:0004694; GO:0004711; GO:0005515; GO:0005524; GO:0005737; GO:0005813; GO:0005929; GO:0006338; GO:0007368; GO:0007507; GO:0009887; GO:0035175; GO:0035330; GO:0035402; GO:0035403; GO:0035979; GO:0044022; GO:0044023; GO:0044024; GO:0044025; GO:0046872; GO:0072354; GO:0072371; GO:0072518; GO:0097543; GO:0097546; GO:0106310; GO:0140823; GO:0140855; GO:0140857; GO:1990244	3-phosphoinositide-dependent protein kinase activity; DNA-dependent protein kinase activity; AMP-activated protein kinase activity; eukaryotic translation initiation factor 2alpha kinase activity; ribosomal protein S6 kinase activity; protein binding; ATP binding; cytoplasm; centrosome; cilium; chromatin remodeling; determination of left/right symmetry; heart development; animal organ morphogenesis; histone H3S10 kinase activity; regulation of hippo signaling; histone H3T11 kinase activity; histone H3T6 kinase activity; histone H2AXS139 kinase activity; histone H3S28 kinase activity; histone H4S1 kinase activity; histone H2AS1 kinase activity; histone H2BS14 kinase activity; metal ion binding; histone H3T3 kinase activity; histone H2AS121 kinase activity; Rho-dependent protein serine/threonine kinase activity; ciliary inversin compartment; ciliary base; protein serine kinase activity; histone H2BS36 kinase activity; histone H3S57 kinase activity; histone H3T45 kinase activity; histone H2AT120 kinase activity	0.334	0	1	1.0	1.0	1.0	0.78125	0.8125
NEK9	I60_OG000089	Q8TD19	ENSG00000119638	NIMA related kinase 9	GO:0000278; GO:0004674; GO:0004676; GO:0004677; GO:0004679; GO:0004694; GO:0004711; GO:0005515; GO:0005524; GO:0005634; GO:0005813; GO:0005829; GO:0006338; GO:0007346; GO:0019901; GO:0030295; GO:0035175; GO:0035402; GO:0035403; GO:0035979; GO:0044022; GO:0044023; GO:0044024; GO:0044025; GO:0046872; GO:0051301; GO:0072354; GO:0072371; GO:0072518; GO:0106310; GO:0140823; GO:0140855; GO:0140857; GO:1990244	mitotic cell cycle; protein serine/threonine kinase activity; 3-phosphoinositide-dependent protein kinase activity; DNA-dependent protein kinase activity; AMP-activated protein kinase activity; eukaryotic translation initiation factor 2alpha kinase activity; ribosomal protein S6 kinase activity; protein binding; ATP binding; nucleus; centrosome; cytosol; chromatin remodeling; regulation of mitotic cell cycle; protein kinase binding; protein kinase activator activity; histone H3S10 kinase activity; histone H3T11 kinase activity; histone H3T6 kinase activity; histone H2AXS139 kinase activity; histone H3S28 kinase activity; histone H4S1 kinase activity; histone H2AS1 kinase activity; histone H2BS14 kinase activity; metal ion binding; cell division; histone H3T3 kinase activity; histone H2AS121 kinase activity; Rho-dependent protein serine/threonine kinase activity; protein serine kinase activity; histone H2BS36 kinase activity; histone H3S57 kinase activity; histone H3T45 kinase activity; histone H2AT120 kinase activity	0.334	0	1	1.0	1.0	1.0	0.78125	0.8125
NHEJ1	I14_OG012316	Q9H9Q4	ENSG00000187736	non-homologous end joining factor 1	GO:0001650; GO:0005515; GO:0005634; GO:0005654; GO:0005958; GO:0006303; GO:0007417; GO:0010212; GO:0030183; GO:0030217; GO:0032807; GO:0033152; GO:0035861; GO:0045027; GO:0051351; GO:0070182; GO:0070419	fibrillar center; protein binding; nucleus; nucleoplasm; DNA-dependent protein kinase-DNA ligase 4 complex; double-strand break repair via nonhomologous end joining; central nervous system development; response to ionizing radiation; B cell differentiation; T cell differentiation; DNA ligase IV complex; immunoglobulin V(D)J recombination; site of double-strand break; DNA end binding; positive regulation of ligase activity; DNA polymerase binding; nonhomologous end joining complex	0.3411	0.03429	0	0.18181818181818182	0.18181818181818177	0.0	0.0	0.0
NKIRAS1	I60_OG000026	Q9NYS0	ENSG00000197885	NFKB inhibitor interacting Ras like 1	GO:0003924; GO:0005525; GO:0005783; GO:0005829; GO:0010803; GO:0032484; GO:0032794; GO:0043124; GO:0043129; GO:0048286	GTPase activity; GTP binding; endoplasmic reticulum; cytosol; regulation of tumor necrosis factor-mediated signaling pathway; Ral protein signal transduction; GTPase activating protein binding; negative regulation of canonical NF-kappaB signal transduction; surfactant homeostasis; lung alveolus development	0.4381	0	1	0.8636363636363636	0.9090909090909091	0.0	0.4375	0.4375
NKIRAS2	I60_OG000026	Q9NYR9	ENSG00000168256	NFKB inhibitor interacting Ras like 2	GO:0003924; GO:0005525; GO:0005737; GO:0006954; GO:0010803; GO:0032484; GO:0032794; GO:0043124; GO:0043129; GO:0048286	GTPase activity; GTP binding; cytoplasm; inflammatory response; regulation of tumor necrosis factor-mediated signaling pathway; Ral protein signal transduction; GTPase activating protein binding; negative regulation of canonical NF-kappaB signal transduction; surfactant homeostasis; lung alveolus development	0.4381	0	1	0.8636363636363636	0.9090909090909091	0.0	0.4375	0.4375
NLRC3	I14_OG000435	Q7RTR2	ENSG00000167984	NLR family CARD domain containing 3	GO:0005515; GO:0005524; GO:0005737; GO:0005829; GO:0007249; GO:0032088; GO:0032687; GO:0032688; GO:0032715; GO:0032720; GO:0034451; GO:0036312; GO:0042110; GO:0043124; GO:0043231; GO:0045824; GO:0048147; GO:0048471; GO:0050680; GO:0050728; GO:0051898; GO:1900016; GO:1900226; GO:1901223	protein binding; ATP binding; cytoplasm; cytosol; canonical NF-kappaB signal transduction; negative regulation of NF-kappaB transcription factor activity; negative regulation of interferon-alpha production; negative regulation of interferon-beta production; negative regulation of interleukin-6 production; negative regulation of tumor necrosis factor production; centriolar satellite; phosphatidylinositol 3-kinase regulatory subunit binding; T cell activation; negative regulation of canonical NF-kappaB signal transduction; intracellular membrane-bounded organelle; negative regulation of innate immune response; negative regulation of fibroblast proliferation; perinuclear region of cytoplasm; negative regulation of epithelial cell proliferation; negative regulation of inflammatory response; negative regulation of phosphatidylinositol 3-kinase/protein kinase B signal transduction; negative regulation of cytokine production involved in inflammatory response; negative regulation of NLRP3 inflammasome complex assembly; negative regulation of non-canonical NF-kappaB signal transduction	0.3807	0.00222	1	0.8181818181818182	0.8181818181818181	0.0	0.4375	0.4375
NLRC5	I14_OG000435	Q86WI3	ENSG00000140853	NLR family CARD domain containing 5	GO:0000978; GO:0005515; GO:0005524; GO:0005634; GO:0005737; GO:0005813; GO:0005829; GO:0009617; GO:0032088; GO:0043549; GO:0045087; GO:0045345; GO:0045944; GO:0051607; GO:0060335; GO:0060339; GO:0060340	RNA polymerase II cis-regulatory region sequence-specific DNA binding; protein binding; ATP binding; nucleus; cytoplasm; centrosome; cytosol; response to bacterium; negative regulation of NF-kappaB transcription factor activity; regulation of kinase activity; innate immune response; positive regulation of MHC class I biosynthetic process; positive regulation of transcription by RNA polymerase II; defense response to virus; positive regulation of type II interferon-mediated signaling pathway; negative regulation of type I interferon-mediated signaling pathway; positive regulation of type I interferon-mediated signaling pathway	0.3807	0.00222	1	0.8181818181818182	0.8181818181818181	0.0	0.4375	0.4375
NLRP1	I14_OG000435	Q9C000	ENSG00000091592	NLR family pyrin domain containing 1	GO:0002218; GO:0002221; GO:0003690; GO:0003725; GO:0004175; GO:0005515; GO:0005524; GO:0005634; GO:0005654; GO:0005730; GO:0005737; GO:0005829; GO:0006915; GO:0006954; GO:0007165; GO:0008233; GO:0008656; GO:0016887; GO:0019899; GO:0019904; GO:0032495; GO:0032731; GO:0035591; GO:0038187; GO:0042742; GO:0042981; GO:0050727; GO:0050729; GO:0051260; GO:0051402; GO:0051607; GO:0061702; GO:0070269; GO:0071493; GO:0072558; GO:0072559; GO:0097193; GO:0097264; GO:0140374; GO:0140608; GO:0140693; GO:1904784	activation of innate immune response; pattern recognition receptor signaling pathway; double-stranded DNA binding; double-stranded RNA binding; endopeptidase activity; protein binding; ATP binding; nucleus; nucleoplasm; nucleolus; cytoplasm; cytosol; apoptotic process; inflammatory response; signal transduction; peptidase activity; cysteine-type endopeptidase activator activity involved in apoptotic process; ATP hydrolysis activity; enzyme binding; protein domain specific binding; response to muramyl dipeptide; positive regulation of interleukin-1 beta production; signaling adaptor activity; pattern recognition receptor activity; defense response to bacterium; regulation of apoptotic process; regulation of inflammatory response; positive regulation of inflammatory response; protein homooligomerization; neuron apoptotic process; defense response to virus; canonical inflammasome complex; pyroptotic inflammatory response; cellular response to UV-B; NLRP1 inflammasome complex; NLRP3 inflammasome complex; intrinsic apoptotic signaling pathway; self proteolysis; antiviral innate immune response; cysteine-type endopeptidase activator activity; molecular condensate scaffold activity; NLRP1 inflammasome complex assembly	0.3807	0.00222	1	0.8181818181818182	0.8181818181818181	0.0	0.4375	0.4375
NLRP10	I14_OG000435	Q86W26	ENSG00000182261	NLR family pyrin domain containing 10	GO:0002218; GO:0002250; GO:0002827; GO:0003924; GO:0005524; GO:0005654; GO:0005737; GO:0005829; GO:0006954; GO:0009898; GO:0016887; GO:0031965; GO:0032730; GO:0032755; GO:0032757; GO:0045087; GO:0050727; GO:0050729; GO:0050832; GO:1900426; GO:2000318	activation of innate immune response; adaptive immune response; positive regulation of T-helper 1 type immune response; GTPase activity; ATP binding; nucleoplasm; cytoplasm; cytosol; inflammatory response; cytoplasmic side of plasma membrane; ATP hydrolysis activity; nuclear membrane; positive regulation of interleukin-1 alpha production; positive regulation of interleukin-6 production; positive regulation of interleukin-8 production; innate immune response; regulation of inflammatory response; positive regulation of inflammatory response; defense response to fungus; positive regulation of defense response to bacterium; positive regulation of T-helper 17 type immune response	0.3807	0.00222	1	0.8181818181818182	0.8181818181818181	0.0	0.4375	0.4375
NLRP10	I14_OG000435	Q86W26	ENSG00000281166	NLR family pyrin domain containing 10	GO:0002218; GO:0002250; GO:0002827; GO:0003924; GO:0005524; GO:0005654; GO:0005737; GO:0005829; GO:0006954; GO:0009898; GO:0016887; GO:0031965; GO:0032730; GO:0032755; GO:0032757; GO:0045087; GO:0050727; GO:0050729; GO:0050832; GO:1900426; GO:2000318	activation of innate immune response; adaptive immune response; positive regulation of T-helper 1 type immune response; GTPase activity; ATP binding; nucleoplasm; cytoplasm; cytosol; inflammatory response; cytoplasmic side of plasma membrane; ATP hydrolysis activity; nuclear membrane; positive regulation of interleukin-1 alpha production; positive regulation of interleukin-6 production; positive regulation of interleukin-8 production; innate immune response; regulation of inflammatory response; positive regulation of inflammatory response; defense response to fungus; positive regulation of defense response to bacterium; positive regulation of T-helper 17 type immune response	0.3807	0.00222	1	0.8181818181818182	0.8181818181818181	0.0	0.4375	0.4375
NLRP10	I14_OG000435	Q86W26	ENSG00000276780	NLR family pyrin domain containing 10	GO:0002218; GO:0002250; GO:0002827; GO:0003924; GO:0005524; GO:0005654; GO:0005737; GO:0005829; GO:0006954; GO:0009898; GO:0016887; GO:0031965; GO:0032730; GO:0032755; GO:0032757; GO:0045087; GO:0050727; GO:0050729; GO:0050832; GO:1900426; GO:2000318	activation of innate immune response; adaptive immune response; positive regulation of T-helper 1 type immune response; GTPase activity; ATP binding; nucleoplasm; cytoplasm; cytosol; inflammatory response; cytoplasmic side of plasma membrane; ATP hydrolysis activity; nuclear membrane; positive regulation of interleukin-1 alpha production; positive regulation of interleukin-6 production; positive regulation of interleukin-8 production; innate immune response; regulation of inflammatory response; positive regulation of inflammatory response; defense response to fungus; positive regulation of defense response to bacterium; positive regulation of T-helper 17 type immune response	0.3807	0.00222	1	0.8181818181818182	0.8181818181818181	0.0	0.4375	0.4375
NLRP11	I14_OG000435	P59045	ENSG00000179873	NLR family pyrin domain containing 11	GO:0003723; GO:0005524; GO:0005737; GO:0016715; GO:0050727	RNA binding; ATP binding; cytoplasm; oxidoreductase activity, acting on paired donors, with incorporation or reduction of molecular oxygen, reduced ascorbate as one donor, and incorporation of one atom of oxygen; regulation of inflammatory response	0.3807	0.00222	1	0.8181818181818182	0.8181818181818181	0.0	0.4375	0.4375
NLRP12	I14_OG000435	P59046	ENSG00000142405	NLR family pyrin domain containing 12	GO:0001818; GO:0005515; GO:0005524; GO:0005737; GO:0005829; GO:0006915; GO:0007165; GO:0008656; GO:0009968; GO:0030674; GO:0031953; GO:0032088; GO:0032661; GO:0032692; GO:0032715; GO:0032731; GO:0036336; GO:0043122; GO:0043124; GO:0045345; GO:0045751; GO:0050727; GO:0050728; GO:0050729; GO:0070371; GO:0070373; GO:0071345; GO:1901223; GO:1901224	negative regulation of cytokine production; protein binding; ATP binding; cytoplasm; cytosol; apoptotic process; signal transduction; cysteine-type endopeptidase activator activity involved in apoptotic process; negative regulation of signal transduction; protein-macromolecule adaptor activity; negative regulation of protein autophosphorylation; negative regulation of NF-kappaB transcription factor activity; regulation of interleukin-18 production; negative regulation of interleukin-1 production; negative regulation of interleukin-6 production; positive regulation of interleukin-1 beta production; dendritic cell migration; regulation of canonical NF-kappaB signal transduction; negative regulation of canonical NF-kappaB signal transduction; positive regulation of MHC class I biosynthetic process; negative regulation of Toll signaling pathway; regulation of inflammatory response; negative regulation of inflammatory response; positive regulation of inflammatory response; ERK1 and ERK2 cascade; negative regulation of ERK1 and ERK2 cascade; cellular response to cytokine stimulus; negative regulation of non-canonical NF-kappaB signal transduction; positive regulation of non-canonical NF-kappaB signal transduction	0.3807	0.00222	1	0.8181818181818182	0.8181818181818181	0.0	0.4375	0.4375
NLRP13	I14_OG000435	Q86W25	ENSG00000173572	NLR family pyrin domain containing 13	GO:0005524; GO:0005737; GO:0050727	ATP binding; cytoplasm; regulation of inflammatory response	0.3807	0.00222	1	0.8181818181818182	0.8181818181818181	0.0	0.4375	0.4375
NLRP14	I14_OG000435	Q86W24	ENSG00000158077	NLR family pyrin domain containing 14	GO:0005524; GO:0005737; GO:0007283; GO:0030154; GO:0050727	ATP binding; cytoplasm; spermatogenesis; cell differentiation; regulation of inflammatory response	0.3807	0.00222	1	0.8181818181818182	0.8181818181818181	0.0	0.4375	0.4375
NLRP2	I14_OG000435	Q9NX02	ENSG00000022556	NLR family pyrin domain containing 2	GO:0000781; GO:0005515; GO:0005524; GO:0005737; GO:0005794; GO:0005829; GO:0006915; GO:0006954; GO:0032090; GO:0032731; GO:0043231; GO:0045087; GO:0050727; GO:1901223	chromosome, telomeric region; protein binding; ATP binding; cytoplasm; Golgi apparatus; cytosol; apoptotic process; inflammatory response; Pyrin domain binding; positive regulation of interleukin-1 beta production; intracellular membrane-bounded organelle; innate immune response; regulation of inflammatory response; negative regulation of non-canonical NF-kappaB signal transduction	0.3807	0.00222	1	0.8181818181818182	0.8181818181818181	0.0	0.4375	0.4375
NLRP2	I14_OG000435	Q9NX02	ENSG00000275399	NLR family pyrin domain containing 2	GO:0000781; GO:0005515; GO:0005524; GO:0005737; GO:0005794; GO:0005829; GO:0006915; GO:0006954; GO:0032090; GO:0032731; GO:0043231; GO:0045087; GO:0050727; GO:1901223	chromosome, telomeric region; protein binding; ATP binding; cytoplasm; Golgi apparatus; cytosol; apoptotic process; inflammatory response; Pyrin domain binding; positive regulation of interleukin-1 beta production; intracellular membrane-bounded organelle; innate immune response; regulation of inflammatory response; negative regulation of non-canonical NF-kappaB signal transduction	0.3807	0.00222	1	0.8181818181818182	0.8181818181818181	0.0	0.4375	0.4375
NLRP2	I14_OG000435	Q9NX02	ENSG00000275843	NLR family pyrin domain containing 2	GO:0000781; GO:0005515; GO:0005524; GO:0005737; GO:0005794; GO:0005829; GO:0006915; GO:0006954; GO:0032090; GO:0032731; GO:0043231; GO:0045087; GO:0050727; GO:1901223	chromosome, telomeric region; protein binding; ATP binding; cytoplasm; Golgi apparatus; cytosol; apoptotic process; inflammatory response; Pyrin domain binding; positive regulation of interleukin-1 beta production; intracellular membrane-bounded organelle; innate immune response; regulation of inflammatory response; negative regulation of non-canonical NF-kappaB signal transduction	0.3807	0.00222	1	0.8181818181818182	0.8181818181818181	0.0	0.4375	0.4375
NLRP2	I14_OG000435	Q9NX02	ENSG00000274638	NLR family pyrin domain containing 2	GO:0000781; GO:0005515; GO:0005524; GO:0005737; GO:0005794; GO:0005829; GO:0006915; GO:0006954; GO:0032090; GO:0032731; GO:0043231; GO:0045087; GO:0050727; GO:1901223	chromosome, telomeric region; protein binding; ATP binding; cytoplasm; Golgi apparatus; cytosol; apoptotic process; inflammatory response; Pyrin domain binding; positive regulation of interleukin-1 beta production; intracellular membrane-bounded organelle; innate immune response; regulation of inflammatory response; negative regulation of non-canonical NF-kappaB signal transduction	0.3807	0.00222	1	0.8181818181818182	0.8181818181818181	0.0	0.4375	0.4375
NLRP2	I14_OG000435	Q9NX02	ENSG00000278789	NLR family pyrin domain containing 2	GO:0000781; GO:0005515; GO:0005524; GO:0005737; GO:0005794; GO:0005829; GO:0006915; GO:0006954; GO:0032090; GO:0032731; GO:0043231; GO:0045087; GO:0050727; GO:1901223	chromosome, telomeric region; protein binding; ATP binding; cytoplasm; Golgi apparatus; cytosol; apoptotic process; inflammatory response; Pyrin domain binding; positive regulation of interleukin-1 beta production; intracellular membrane-bounded organelle; innate immune response; regulation of inflammatory response; negative regulation of non-canonical NF-kappaB signal transduction	0.3807	0.00222	1	0.8181818181818182	0.8181818181818181	0.0	0.4375	0.4375
NLRP2	I14_OG000435	Q9NX02	ENSG00000275796	NLR family pyrin domain containing 2	GO:0000781; GO:0005515; GO:0005524; GO:0005737; GO:0005794; GO:0005829; GO:0006915; GO:0006954; GO:0032090; GO:0032731; GO:0043231; GO:0045087; GO:0050727; GO:1901223	chromosome, telomeric region; protein binding; ATP binding; cytoplasm; Golgi apparatus; cytosol; apoptotic process; inflammatory response; Pyrin domain binding; positive regulation of interleukin-1 beta production; intracellular membrane-bounded organelle; innate immune response; regulation of inflammatory response; negative regulation of non-canonical NF-kappaB signal transduction	0.3807	0.00222	1	0.8181818181818182	0.8181818181818181	0.0	0.4375	0.4375
NLRP2	I14_OG000435	Q9NX02	ENSG00000273992	NLR family pyrin domain containing 2	GO:0000781; GO:0005515; GO:0005524; GO:0005737; GO:0005794; GO:0005829; GO:0006915; GO:0006954; GO:0032090; GO:0032731; GO:0043231; GO:0045087; GO:0050727; GO:1901223	chromosome, telomeric region; protein binding; ATP binding; cytoplasm; Golgi apparatus; cytosol; apoptotic process; inflammatory response; Pyrin domain binding; positive regulation of interleukin-1 beta production; intracellular membrane-bounded organelle; innate immune response; regulation of inflammatory response; negative regulation of non-canonical NF-kappaB signal transduction	0.3807	0.00222	1	0.8181818181818182	0.8181818181818181	0.0	0.4375	0.4375
NLRP2	I14_OG000435	Q9NX02	ENSG00000275082	NLR family pyrin domain containing 2	GO:0000781; GO:0005515; GO:0005524; GO:0005737; GO:0005794; GO:0005829; GO:0006915; GO:0006954; GO:0032090; GO:0032731; GO:0043231; GO:0045087; GO:0050727; GO:1901223	chromosome, telomeric region; protein binding; ATP binding; cytoplasm; Golgi apparatus; cytosol; apoptotic process; inflammatory response; Pyrin domain binding; positive regulation of interleukin-1 beta production; intracellular membrane-bounded organelle; innate immune response; regulation of inflammatory response; negative regulation of non-canonical NF-kappaB signal transduction	0.3807	0.00222	1	0.8181818181818182	0.8181818181818181	0.0	0.4375	0.4375
NLRP2	I14_OG000435	Q9NX02	ENSG00000277060	NLR family pyrin domain containing 2	GO:0000781; GO:0005515; GO:0005524; GO:0005737; GO:0005794; GO:0005829; GO:0006915; GO:0006954; GO:0032090; GO:0032731; GO:0043231; GO:0045087; GO:0050727; GO:1901223	chromosome, telomeric region; protein binding; ATP binding; cytoplasm; Golgi apparatus; cytosol; apoptotic process; inflammatory response; Pyrin domain binding; positive regulation of interleukin-1 beta production; intracellular membrane-bounded organelle; innate immune response; regulation of inflammatory response; negative regulation of non-canonical NF-kappaB signal transduction	0.3807	0.00222	1	0.8181818181818182	0.8181818181818181	0.0	0.4375	0.4375
NLRP2	I14_OG000435	Q9NX02	ENSG00000278682	NLR family pyrin domain containing 2	GO:0000781; GO:0005515; GO:0005524; GO:0005737; GO:0005794; GO:0005829; GO:0006915; GO:0006954; GO:0032090; GO:0032731; GO:0043231; GO:0045087; GO:0050727; GO:1901223	chromosome, telomeric region; protein binding; ATP binding; cytoplasm; Golgi apparatus; cytosol; apoptotic process; inflammatory response; Pyrin domain binding; positive regulation of interleukin-1 beta production; intracellular membrane-bounded organelle; innate immune response; regulation of inflammatory response; negative regulation of non-canonical NF-kappaB signal transduction	0.3807	0.00222	1	0.8181818181818182	0.8181818181818181	0.0	0.4375	0.4375
NLRP2B	I14_OG000435	P0DMW2	ENSG00000215174	NLR family pyrin domain containing 2B	GO:0005634; GO:0005737; GO:0010804; GO:0032088; GO:0033137; GO:0034122; GO:0043065; GO:0045087; GO:0045786	nucleus; cytoplasm; negative regulation of tumor necrosis factor-mediated signaling pathway; negative regulation of NF-kappaB transcription factor activity; negative regulation of peptidyl-serine phosphorylation; negative regulation of toll-like receptor signaling pathway; positive regulation of apoptotic process; innate immune response; negative regulation of cell cycle	0.3807	0.00222	1	0.8181818181818182	0.8181818181818181	0.0	0.4375	0.4375
NLRP3	I14_OG000435	Q96P20	ENSG00000162711	NLR family pyrin domain containing 3	GO:0000139; GO:0002221; GO:0002674; GO:0002830; GO:0005515; GO:0005524; GO:0005576; GO:0005634; GO:0005737; GO:0005739; GO:0005783; GO:0005815; GO:0005829; GO:0006915; GO:0006952; GO:0006954; GO:0007165; GO:0007231; GO:0009595; GO:0016020; GO:0016887; GO:0030674; GO:0031021; GO:0032691; GO:0032731; GO:0032753; GO:0035591; GO:0042802; GO:0042834; GO:0043531; GO:0043565; GO:0044546; GO:0045087; GO:0045630; GO:0045944; GO:0050727; GO:0050728; GO:0050729; GO:0051092; GO:0051260; GO:0051604; GO:0060090; GO:0070269; GO:0070273; GO:0071222; GO:0072559; GO:0098586; GO:0140297; GO:0140299; GO:0140608; GO:0140693; GO:1901223; GO:1901224; GO:1901981; GO:2000553	Golgi membrane; pattern recognition receptor signaling pathway; negative regulation of acute inflammatory response; positive regulation of type 2 immune response; protein binding; ATP binding; extracellular region; nucleus; cytoplasm; mitochondrion; endoplasmic reticulum; microtubule organizing center; cytosol; apoptotic process; defense response; inflammatory response; signal transduction; osmosensory signaling pathway; detection of biotic stimulus; membrane; ATP hydrolysis activity; protein-macromolecule adaptor activity; interphase microtubule organizing center; negative regulation of interleukin-1 beta production; positive regulation of interleukin-1 beta production; positive regulation of interleukin-4 production; signaling adaptor activity; identical protein binding; peptidoglycan binding; ADP binding; sequence-specific DNA binding; NLRP3 inflammasome complex assembly; innate immune response; positive regulation of T-helper 2 cell differentiation; positive regulation of transcription by RNA polymerase II; regulation of inflammatory response; negative regulation of inflammatory response; positive regulation of inflammatory response; positive regulation of NF-kappaB transcription factor activity; protein homooligomerization; protein maturation; molecular adaptor activity; pyroptotic inflammatory response; phosphatidylinositol-4-phosphate binding; cellular response to lipopolysaccharide; NLRP3 inflammasome complex; cellular response to virus; DNA-binding transcription factor binding; molecular sensor activity; cysteine-type endopeptidase activator activity; molecular condensate scaffold activity; negative regulation of non-canonical NF-kappaB signal transduction; positive regulation of non-canonical NF-kappaB signal transduction; phosphatidylinositol phosphate binding; positive regulation of T-helper 2 cell cytokine production	0.3807	0.00222	1	0.8181818181818182	0.8181818181818181	0.0	0.4375	0.4375
NLRP4	I14_OG000435	Q96MN2	ENSG00000160505	NLR family pyrin domain containing 4	GO:0005524; GO:0005737; GO:0005829; GO:0006954; GO:0045824; GO:0050727; GO:0060090	ATP binding; cytoplasm; cytosol; inflammatory response; negative regulation of innate immune response; regulation of inflammatory response; molecular adaptor activity	0.3807	0.00222	1	0.8181818181818182	0.8181818181818181	0.0	0.4375	0.4375
NLRP5	I14_OG000435	P59047	ENSG00000171487	NLR family pyrin domain containing 5	GO:0005515; GO:0005524; GO:0005634; GO:0005730; GO:0005737; GO:0005739; GO:0005794; GO:0005829; GO:0005938; GO:0006887; GO:0007015; GO:0015631; GO:0032880; GO:0040019; GO:0043231; GO:0050727; GO:0051293; GO:0051302; GO:0051656; GO:0060471; GO:0060473; GO:0106333	protein binding; ATP binding; nucleus; nucleolus; cytoplasm; mitochondrion; Golgi apparatus; cytosol; cell cortex; exocytosis; actin filament organization; tubulin binding; regulation of protein localization; positive regulation of embryonic development; intracellular membrane-bounded organelle; regulation of inflammatory response; establishment of spindle localization; regulation of cell division; establishment of organelle localization; cortical granule exocytosis; cortical granule; subcortical maternal complex	0.3807	0.00222	1	0.8181818181818182	0.8181818181818181	0.0	0.4375	0.4375
NLRP6	I14_OG000435	P59044	ENSG00000174885	NLR family pyrin domain containing 6	GO:0001530; GO:0002438; GO:0002526; GO:0002862; GO:0003725; GO:0005000; GO:0005524; GO:0005737; GO:0005829; GO:0005886; GO:0007186; GO:0010506; GO:0031965; GO:0032689; GO:0034122; GO:0035591; GO:0038187; GO:0042060; GO:0042277; GO:0043124; GO:0043228; GO:0048874; GO:0050727; GO:0050729; GO:0050830; GO:0051260; GO:0051607; GO:0061702; GO:0070255; GO:0070266; GO:0070269; GO:0070373; GO:0070891; GO:0070946; GO:0140374; GO:0140693; GO:0140738; GO:0140739; GO:2000494	lipopolysaccharide binding; acute inflammatory response to antigenic stimulus; acute inflammatory response; negative regulation of inflammatory response to antigenic stimulus; double-stranded RNA binding; vasopressin receptor activity; ATP binding; cytoplasm; cytosol; plasma membrane; G protein-coupled receptor signaling pathway; regulation of autophagy; nuclear membrane; negative regulation of type II interferon production; negative regulation of toll-like receptor signaling pathway; signaling adaptor activity; pattern recognition receptor activity; wound healing; peptide binding; negative regulation of canonical NF-kappaB signal transduction; membraneless organelle; host-mediated regulation of intestinal microbiota composition; regulation of inflammatory response; positive regulation of inflammatory response; defense response to Gram-positive bacterium; protein homooligomerization; defense response to virus; canonical inflammasome complex; regulation of mucus secretion; necroptotic process; pyroptotic inflammatory response; negative regulation of ERK1 and ERK2 cascade; lipoteichoic acid binding; neutrophil-mediated killing of gram-positive bacterium; antiviral innate immune response; molecular condensate scaffold activity; NLRP6 inflammasome complex; NLRP6 inflammasome complex assembly; positive regulation of interleukin-18-mediated signaling pathway	0.3807	0.00222	1	0.8181818181818182	0.8181818181818181	0.0	0.4375	0.4375
NLRP7	I14_OG000435	Q8WX94	ENSG00000167634	NLR family pyrin domain containing 7	GO:0005524; GO:0005737; GO:0010955; GO:0019828; GO:0019966; GO:0032691; GO:0042802; GO:0050727; GO:0071222; GO:0071347; GO:0089720; GO:1900016	ATP binding; cytoplasm; negative regulation of protein processing; aspartic-type endopeptidase inhibitor activity; interleukin-1 binding; negative regulation of interleukin-1 beta production; identical protein binding; regulation of inflammatory response; cellular response to lipopolysaccharide; cellular response to interleukin-1; caspase binding; negative regulation of cytokine production involved in inflammatory response	0.3807	0.00222	1	0.8181818181818182	0.8181818181818181	0.0	0.4375	0.4375
NLRP7	I14_OG000435	Q8WX94	ENSG00000277776	NLR family pyrin domain containing 7	GO:0005524; GO:0005737; GO:0010955; GO:0019828; GO:0019966; GO:0032691; GO:0042802; GO:0050727; GO:0071222; GO:0071347; GO:0089720; GO:1900016	ATP binding; cytoplasm; negative regulation of protein processing; aspartic-type endopeptidase inhibitor activity; interleukin-1 binding; negative regulation of interleukin-1 beta production; identical protein binding; regulation of inflammatory response; cellular response to lipopolysaccharide; cellular response to interleukin-1; caspase binding; negative regulation of cytokine production involved in inflammatory response	0.3807	0.00222	1	0.8181818181818182	0.8181818181818181	0.0	0.4375	0.4375
NLRP7	I14_OG000435	Q8WX94	ENSG00000276804	NLR family pyrin domain containing 7	GO:0005524; GO:0005737; GO:0010955; GO:0019828; GO:0019966; GO:0032691; GO:0042802; GO:0050727; GO:0071222; GO:0071347; GO:0089720; GO:1900016	ATP binding; cytoplasm; negative regulation of protein processing; aspartic-type endopeptidase inhibitor activity; interleukin-1 binding; negative regulation of interleukin-1 beta production; identical protein binding; regulation of inflammatory response; cellular response to lipopolysaccharide; cellular response to interleukin-1; caspase binding; negative regulation of cytokine production involved in inflammatory response	0.3807	0.00222	1	0.8181818181818182	0.8181818181818181	0.0	0.4375	0.4375
NLRP7	I14_OG000435	Q8WX94	ENSG00000277179	NLR family pyrin domain containing 7	GO:0005524; GO:0005737; GO:0010955; GO:0019828; GO:0019966; GO:0032691; GO:0042802; GO:0050727; GO:0071222; GO:0071347; GO:0089720; GO:1900016	ATP binding; cytoplasm; negative regulation of protein processing; aspartic-type endopeptidase inhibitor activity; interleukin-1 binding; negative regulation of interleukin-1 beta production; identical protein binding; regulation of inflammatory response; cellular response to lipopolysaccharide; cellular response to interleukin-1; caspase binding; negative regulation of cytokine production involved in inflammatory response	0.3807	0.00222	1	0.8181818181818182	0.8181818181818181	0.0	0.4375	0.4375
NLRP7	I14_OG000435	Q8WX94	ENSG00000277071	NLR family pyrin domain containing 7	GO:0005524; GO:0005737; GO:0010955; GO:0019828; GO:0019966; GO:0032691; GO:0042802; GO:0050727; GO:0071222; GO:0071347; GO:0089720; GO:1900016	ATP binding; cytoplasm; negative regulation of protein processing; aspartic-type endopeptidase inhibitor activity; interleukin-1 binding; negative regulation of interleukin-1 beta production; identical protein binding; regulation of inflammatory response; cellular response to lipopolysaccharide; cellular response to interleukin-1; caspase binding; negative regulation of cytokine production involved in inflammatory response	0.3807	0.00222	1	0.8181818181818182	0.8181818181818181	0.0	0.4375	0.4375
NLRP7	I14_OG000435	Q8WX94	ENSG00000274174	NLR family pyrin domain containing 7	GO:0005524; GO:0005737; GO:0010955; GO:0019828; GO:0019966; GO:0032691; GO:0042802; GO:0050727; GO:0071222; GO:0071347; GO:0089720; GO:1900016	ATP binding; cytoplasm; negative regulation of protein processing; aspartic-type endopeptidase inhibitor activity; interleukin-1 binding; negative regulation of interleukin-1 beta production; identical protein binding; regulation of inflammatory response; cellular response to lipopolysaccharide; cellular response to interleukin-1; caspase binding; negative regulation of cytokine production involved in inflammatory response	0.3807	0.00222	1	0.8181818181818182	0.8181818181818181	0.0	0.4375	0.4375
NLRP7	I14_OG000435	Q8WX94	ENSG00000274571	NLR family pyrin domain containing 7	GO:0005524; GO:0005737; GO:0010955; GO:0019828; GO:0019966; GO:0032691; GO:0042802; GO:0050727; GO:0071222; GO:0071347; GO:0089720; GO:1900016	ATP binding; cytoplasm; negative regulation of protein processing; aspartic-type endopeptidase inhibitor activity; interleukin-1 binding; negative regulation of interleukin-1 beta production; identical protein binding; regulation of inflammatory response; cellular response to lipopolysaccharide; cellular response to interleukin-1; caspase binding; negative regulation of cytokine production involved in inflammatory response	0.3807	0.00222	1	0.8181818181818182	0.8181818181818181	0.0	0.4375	0.4375
NLRP7	I14_OG000435	Q8WX94	ENSG00000277786	NLR family pyrin domain containing 7	GO:0005524; GO:0005737; GO:0010955; GO:0019828; GO:0019966; GO:0032691; GO:0042802; GO:0050727; GO:0071222; GO:0071347; GO:0089720; GO:1900016	ATP binding; cytoplasm; negative regulation of protein processing; aspartic-type endopeptidase inhibitor activity; interleukin-1 binding; negative regulation of interleukin-1 beta production; identical protein binding; regulation of inflammatory response; cellular response to lipopolysaccharide; cellular response to interleukin-1; caspase binding; negative regulation of cytokine production involved in inflammatory response	0.3807	0.00222	1	0.8181818181818182	0.8181818181818181	0.0	0.4375	0.4375
NLRP7	I14_OG000435	Q8WX94	ENSG00000278173	NLR family pyrin domain containing 7	GO:0005524; GO:0005737; GO:0010955; GO:0019828; GO:0019966; GO:0032691; GO:0042802; GO:0050727; GO:0071222; GO:0071347; GO:0089720; GO:1900016	ATP binding; cytoplasm; negative regulation of protein processing; aspartic-type endopeptidase inhibitor activity; interleukin-1 binding; negative regulation of interleukin-1 beta production; identical protein binding; regulation of inflammatory response; cellular response to lipopolysaccharide; cellular response to interleukin-1; caspase binding; negative regulation of cytokine production involved in inflammatory response	0.3807	0.00222	1	0.8181818181818182	0.8181818181818181	0.0	0.4375	0.4375
NLRP7	I14_OG000435	Q8WX94	ENSG00000275483	NLR family pyrin domain containing 7	GO:0005524; GO:0005737; GO:0010955; GO:0019828; GO:0019966; GO:0032691; GO:0042802; GO:0050727; GO:0071222; GO:0071347; GO:0089720; GO:1900016	ATP binding; cytoplasm; negative regulation of protein processing; aspartic-type endopeptidase inhibitor activity; interleukin-1 binding; negative regulation of interleukin-1 beta production; identical protein binding; regulation of inflammatory response; cellular response to lipopolysaccharide; cellular response to interleukin-1; caspase binding; negative regulation of cytokine production involved in inflammatory response	0.3807	0.00222	1	0.8181818181818182	0.8181818181818181	0.0	0.4375	0.4375
NLRP8	I14_OG000435	Q86W28	ENSG00000179709	NLR family pyrin domain containing 8	GO:0005524; GO:0005737; GO:0050727	ATP binding; cytoplasm; regulation of inflammatory response	0.3807	0.00222	1	0.8181818181818182	0.8181818181818181	0.0	0.4375	0.4375
NLRP9	I14_OG000435	Q7RTR0	ENSG00000185792	NLR family pyrin domain containing 9	GO:0005515; GO:0005524; GO:0005737; GO:0032741; GO:0045087; GO:0050727; GO:0051607; GO:0061702; GO:0070269	protein binding; ATP binding; cytoplasm; positive regulation of interleukin-18 production; innate immune response; regulation of inflammatory response; defense response to virus; canonical inflammasome complex; pyroptotic inflammatory response	0.3807	0.00222	1	0.8181818181818182	0.8181818181818181	0.0	0.4375	0.4375
NLRX1	I14_OG000435	Q86UT6	ENSG00000160703	NLR family member X1	GO:0005515; GO:0005524; GO:0005739; GO:0005741; GO:0005829; GO:0005886; GO:0010936; GO:0032688; GO:0032715; GO:0039536; GO:0043124; GO:0045087; GO:0045824; GO:0050728	protein binding; ATP binding; mitochondrion; mitochondrial outer membrane; cytosol; plasma membrane; negative regulation of macrophage cytokine production; negative regulation of interferon-beta production; negative regulation of interleukin-6 production; negative regulation of RIG-I signaling pathway; negative regulation of canonical NF-kappaB signal transduction; innate immune response; negative regulation of innate immune response; negative regulation of inflammatory response	0.3807	0.00222	1	0.8181818181818182	0.8181818181818181	0.0	0.4375	0.4375
NOD1	I14_OG000435	Q9Y239	ENSG00000106100	nucleotide binding oligomerization domain containing 1	GO:0002221; GO:0002606; GO:0005515; GO:0005524; GO:0005737; GO:0005829; GO:0005886; GO:0006915; GO:0006952; GO:0006954; GO:0007165; GO:0007254; GO:0008656; GO:0009595; GO:0016045; GO:0016323; GO:0016324; GO:0032731; GO:0032755; GO:0032757; GO:0032760; GO:0032874; GO:0034976; GO:0035556; GO:0038187; GO:0042742; GO:0042802; GO:0042803; GO:0042834; GO:0043065; GO:0043123; GO:0043130; GO:0044877; GO:0045087; GO:0045335; GO:0046330; GO:0050700; GO:0050829; GO:0050830; GO:0051092; GO:0051403; GO:0060907; GO:0070371; GO:0070374; GO:0070427; GO:0071225; GO:0098792; GO:1901224; GO:1904417	pattern recognition receptor signaling pathway; positive regulation of dendritic cell antigen processing and presentation; protein binding; ATP binding; cytoplasm; cytosol; plasma membrane; apoptotic process; defense response; inflammatory response; signal transduction; JNK cascade; cysteine-type endopeptidase activator activity involved in apoptotic process; detection of biotic stimulus; detection of bacterium; basolateral plasma membrane; apical plasma membrane; positive regulation of interleukin-1 beta production; positive regulation of interleukin-6 production; positive regulation of interleukin-8 production; positive regulation of tumor necrosis factor production; positive regulation of stress-activated MAPK cascade; response to endoplasmic reticulum stress; intracellular signal transduction; pattern recognition receptor activity; defense response to bacterium; identical protein binding; protein homodimerization activity; peptidoglycan binding; positive regulation of apoptotic process; positive regulation of canonical NF-kappaB signal transduction; ubiquitin binding; protein-containing complex binding; innate immune response; phagocytic vesicle; positive regulation of JNK cascade; CARD domain binding; defense response to Gram-negative bacterium; defense response to Gram-positive bacterium; positive regulation of NF-kappaB transcription factor activity; stress-activated MAPK cascade; positive regulation of macrophage cytokine production; ERK1 and ERK2 cascade; positive regulation of ERK1 and ERK2 cascade; nucleotide-binding oligomerization domain containing 1 signaling pathway; cellular response to muramyl dipeptide; xenophagy; positive regulation of non-canonical NF-kappaB signal transduction; positive regulation of xenophagy	0.3807	0.00222	1	0.8181818181818182	0.8181818181818181	0.0	0.4375	0.4375
NOD2	I14_OG000435	Q9HC29	ENSG00000167207	nucleotide binding oligomerization domain containing 2	GO:0001659; GO:0002221; GO:0002227; GO:0002250; GO:0002606; GO:0002710; GO:0002720; GO:0002732; GO:0002815; GO:0002830; GO:0002862; GO:0002925; GO:0003779; GO:0005515; GO:0005524; GO:0005737; GO:0005739; GO:0005794; GO:0005829; GO:0005856; GO:0005886; GO:0006909; GO:0006952; GO:0006965; GO:0007254; GO:0007584; GO:0009595; GO:0009986; GO:0010936; GO:0016045; GO:0016323; GO:0019897; GO:0019899; GO:0019901; GO:0030277; GO:0030544; GO:0031982; GO:0032098; GO:0032495; GO:0032498; GO:0032500; GO:0032689; GO:0032695; GO:0032701; GO:0032703; GO:0032720; GO:0032731; GO:0032733; GO:0032735; GO:0032740; GO:0032755; GO:0032757; GO:0032760; GO:0032874; GO:0032991; GO:0034134; GO:0034136; GO:0034976; GO:0035556; GO:0036335; GO:0038187; GO:0042742; GO:0042834; GO:0043123; GO:0043130; GO:0043330; GO:0043410; GO:0043531; GO:0044877; GO:0045087; GO:0045335; GO:0045747; GO:0045944; GO:0046330; GO:0046645; GO:0048874; GO:0050679; GO:0050700; GO:0050727; GO:0050731; GO:0050766; GO:0050871; GO:0051092; GO:0051403; GO:0051649; GO:0051879; GO:0060907; GO:0070371; GO:0070374; GO:0070431; GO:0071222; GO:0071224; GO:0071225; GO:0071639; GO:0090022; GO:0098792; GO:0140367; GO:1900017; GO:1901224; GO:1901526; GO:1902523; GO:1904417; GO:2000110	temperature homeostasis; pattern recognition receptor signaling pathway; innate immune response in mucosa; adaptive immune response; positive regulation of dendritic cell antigen processing and presentation; negative regulation of T cell mediated immunity; positive regulation of cytokine production involved in immune response; positive regulation of dendritic cell cytokine production; biosynthetic process of antibacterial peptides active against Gram-positive bacteria; positive regulation of type 2 immune response; negative regulation of inflammatory response to antigenic stimulus; positive regulation of humoral immune response mediated by circulating immunoglobulin; actin binding; protein binding; ATP binding; cytoplasm; mitochondrion; Golgi apparatus; cytosol; cytoskeleton; plasma membrane; phagocytosis; defense response; positive regulation of biosynthetic process of antibacterial peptides active against Gram-positive bacteria; JNK cascade; response to nutrient; detection of biotic stimulus; cell surface; negative regulation of macrophage cytokine production; detection of bacterium; basolateral plasma membrane; extrinsic component of plasma membrane; enzyme binding; protein kinase binding; maintenance of gastrointestinal epithelium; Hsp70 protein binding; vesicle; regulation of appetite; response to muramyl dipeptide; detection of muramyl dipeptide; muramyl dipeptide binding; negative regulation of type II interferon production; negative regulation of interleukin-12 production; negative regulation of interleukin-18 production; negative regulation of interleukin-2 production; negative regulation of tumor necrosis factor production; positive regulation of interleukin-1 beta production; positive regulation of interleukin-10 production; positive regulation of interleukin-12 production; positive regulation of interleukin-17 production; positive regulation of interleukin-6 production; positive regulation of interleukin-8 production; positive regulation of tumor necrosis factor production; positive regulation of stress-activated MAPK cascade; protein-containing complex; toll-like receptor 2 signaling pathway; negative regulation of toll-like receptor 2 signaling pathway; response to endoplasmic reticulum stress; intracellular signal transduction; intestinal stem cell homeostasis; pattern recognition receptor activity; defense response to bacterium; peptidoglycan binding; positive regulation of canonical NF-kappaB signal transduction; ubiquitin binding; response to exogenous dsRNA; positive regulation of MAPK cascade; ADP binding; protein-containing complex binding; innate immune response; phagocytic vesicle; positive regulation of Notch signaling pathway; positive regulation of transcription by RNA polymerase II; positive regulation of JNK cascade; positive regulation of gamma-delta T cell activation; host-mediated regulation of intestinal microbiota composition; positive regulation of epithelial cell proliferation; CARD domain binding; regulation of inflammatory response; positive regulation of peptidyl-tyrosine phosphorylation; positive regulation of phagocytosis; positive regulation of B cell activation; positive regulation of NF-kappaB transcription factor activity; stress-activated MAPK cascade; establishment of localization in cell; Hsp90 protein binding; positive regulation of macrophage cytokine production; ERK1 and ERK2 cascade; positive regulation of ERK1 and ERK2 cascade; nucleotide-binding oligomerization domain containing 2 signaling pathway; cellular response to lipopolysaccharide; cellular response to peptidoglycan; cellular response to muramyl dipeptide; positive regulation of monocyte chemotactic protein-1 production; regulation of neutrophil chemotaxis; xenophagy; antibacterial innate immune response; positive regulation of cytokine production involved in inflammatory response; positive regulation of non-canonical NF-kappaB signal transduction; positive regulation of mitophagy; positive regulation of protein K63-linked ubiquitination; positive regulation of xenophagy; negative regulation of macrophage apoptotic process	0.3807	0.00222	1	0.8181818181818182	0.8181818181818181	0.0	0.4375	0.4375
NOMO2	I14_OG000738	Q5JPE7	ENSG00000185164	NODAL modulator 2	GO:0005515; GO:0005789; GO:0030246; GO:0032991; GO:0043022; GO:0160063; GO:0160064	protein binding; endoplasmic reticulum membrane; carbohydrate binding; protein-containing complex; ribosome binding; multi-pass transmembrane protein insertion into ER membrane; multi-pass translocon complex	0.4524	0.01249	1.0	0.5454545454545454	0.5454545454545454	0.0	0.125	0.125
NOP14	I14_OG003315	P78316	ENSG00000087269	NOP14 nucleolar protein	GO:0000447; GO:0000462; GO:0000472; GO:0000480; GO:0003723; GO:0005654; GO:0005730; GO:0006364; GO:0016020; GO:0019899; GO:0030490; GO:0030515; GO:0030686; GO:0030692; GO:0032040; GO:0042274	endonucleolytic cleavage in ITS1 to separate SSU-rRNA from 5.8S rRNA and LSU-rRNA from tricistronic rRNA transcript (SSU-rRNA, 5.8S rRNA, LSU-rRNA); maturation of SSU-rRNA from tricistronic rRNA transcript (SSU-rRNA, 5.8S rRNA, LSU-rRNA); endonucleolytic cleavage to generate mature 5'-end of SSU-rRNA from (SSU-rRNA, 5.8S rRNA, LSU-rRNA); endonucleolytic cleavage in 5'-ETS of tricistronic rRNA transcript (SSU-rRNA, 5.8S rRNA, LSU-rRNA); RNA binding; nucleoplasm; nucleolus; rRNA processing; membrane; enzyme binding; maturation of SSU-rRNA; snoRNA binding; 90S preribosome; Noc4p-Nop14p complex; small-subunit processome; ribosomal small subunit biogenesis	0.538	0.02928	1	1.0	1.0	0.5	0.5	0.5
NOXA1	I14_OG005766	Q86UR1	ENSG00000188747	NADPH oxidase activator 1	GO:0005515; GO:0005829; GO:0006801; GO:0010310; GO:0016176; GO:0017124; GO:0019899; GO:0031267; GO:0042554; GO:0042802; GO:0043020; GO:0060263	protein binding; cytosol; superoxide metabolic process; regulation of hydrogen peroxide metabolic process; superoxide-generating NADPH oxidase activator activity; SH3 domain binding; enzyme binding; small GTPase binding; superoxide anion generation; identical protein binding; NADPH oxidase complex; regulation of respiratory burst	0.3809	0.04669	0	0.36363636363636365	0.36363636363636365	0.0	0.0625	0.0625
NPHP3	I14_OG005087	Q7Z494	ENSG00000113971	nephrocystin 3	GO:0001822; GO:0001947; GO:0003283; GO:0005515; GO:0005576; GO:0005829; GO:0005929; GO:0006629; GO:0007163; GO:0007368; GO:0016055; GO:0030198; GO:0030324; GO:0035469; GO:0045494; GO:0048496; GO:0060026; GO:0060027; GO:0060271; GO:0060287; GO:0060993; GO:0071908; GO:0071909; GO:0071910; GO:0072189; GO:0090090; GO:0097543; GO:0097546; GO:1905515; GO:2000095	kidney development; heart looping; atrial septum development; protein binding; extracellular region; cytosol; cilium; lipid metabolic process; establishment or maintenance of cell polarity; determination of left/right symmetry; Wnt signaling pathway; extracellular matrix organization; lung development; determination of pancreatic left/right asymmetry; photoreceptor cell maintenance; maintenance of animal organ identity; convergent extension; convergent extension involved in gastrulation; cilium assembly; epithelial cilium movement involved in determination of left/right asymmetry; kidney morphogenesis; determination of intestine left/right asymmetry; determination of stomach left/right asymmetry; determination of liver left/right asymmetry; ureter development; negative regulation of canonical Wnt signaling pathway; ciliary inversin compartment; ciliary base; non-motile cilium assembly; regulation of Wnt signaling pathway, planar cell polarity pathway	0.382	0.00822	1.0	0.8636363636363636	0.9090909090909091	0.5	0.5	0.5
NPHS1	I14_OG003095	O60500	ENSG00000161270	NPHS1 adhesion molecule, nephrin	GO:0005515; GO:0005886; GO:0005911; GO:0005925; GO:0007254; GO:0007519; GO:0007520; GO:0010467; GO:0017022; GO:0030838; GO:0032836; GO:0035418; GO:0036057; GO:0036060; GO:0042995; GO:0050839; GO:0070062; GO:0072015; GO:0098609	protein binding; plasma membrane; cell-cell junction; focal adhesion; JNK cascade; skeletal muscle tissue development; myoblast fusion; gene expression; myosin binding; positive regulation of actin filament polymerization; glomerular basement membrane development; protein localization to synapse; slit diaphragm; slit diaphragm assembly; cell projection; cell adhesion molecule binding; extracellular exosome; podocyte development; cell-cell adhesion	0.4084	0.02876	0	0.22727272727272727	0.2727272727272727	0.0	0.0	0.0
NRAS	I60_OG000026	P01111	ENSG00000213281	NRAS proto-oncogene, GTPase	GO:0000139; GO:0000165; GO:0001938; GO:0003924; GO:0003925; GO:0005515; GO:0005525; GO:0005789; GO:0005794; GO:0005829; GO:0005886; GO:0007265; GO:0016020; GO:0019003; GO:0044877; GO:0045445; GO:0070062; GO:0070821	Golgi membrane; MAPK cascade; positive regulation of endothelial cell proliferation; GTPase activity; G protein activity; protein binding; GTP binding; endoplasmic reticulum membrane; Golgi apparatus; cytosol; plasma membrane; Ras protein signal transduction; membrane; GDP binding; protein-containing complex binding; myoblast differentiation; extracellular exosome; tertiary granule membrane	0.4381	0	1	0.8636363636363636	0.9090909090909091	0.0	0.4375	0.4375
NUP153	I14_OG013286	P49790	ENSG00000124789	nucleoporin 153	GO:0003677; GO:0005515; GO:0005635; GO:0005643; GO:0005654; GO:0005730; GO:0005829; GO:0006405; GO:0006606; GO:0006913; GO:0008139; GO:0016020; GO:0017056; GO:0031965; GO:0034399; GO:0042405; GO:0042802; GO:0043495; GO:0043657; GO:0044615; GO:0046718; GO:0046832; GO:0046872; GO:0051028; GO:0051292; GO:0075732; GO:0140693; GO:1990000	DNA binding; protein binding; nuclear envelope; nuclear pore; nucleoplasm; nucleolus; cytosol; RNA export from nucleus; protein import into nucleus; nucleocytoplasmic transport; nuclear localization sequence binding; membrane; structural constituent of nuclear pore; nuclear membrane; nuclear periphery; nuclear inclusion body; identical protein binding; protein-membrane adaptor activity; host cell; nuclear pore nuclear basket; symbiont entry into host cell; negative regulation of RNA export from nucleus; metal ion binding; mRNA transport; nuclear pore complex assembly; viral penetration into host nucleus; molecular condensate scaffold activity; amyloid fibril formation	0.3809	0.02688	0	0.36363636363636365	0.36363636363636365	0.0	0.0625	0.0625
NWD1	I14_OG003555	Q149M9	ENSG00000188039	NACHT and WD repeat domain containing 1	GO:0005524; GO:0005730; GO:0005829; GO:0010628; GO:0032088	ATP binding; nucleolus; cytosol; positive regulation of gene expression; negative regulation of NF-kappaB transcription factor activity	0.5583	0.02267	0	0.4090909090909091	0.4545454545454546	0.0	0.0	0.0
NWD2	I14_OG003555	Q9ULI1	ENSG00000174145	NACHT and WD repeat domain containing 2	GO:0045202	synapse	0.5583	0.02267	0	0.4090909090909091	0.4545454545454546	0.0	0.0	0.0
OCIAD1	I60_OG000021	Q9NX40	ENSG00000109180	OCIA domain containing 1	GO:0005515; GO:0005739; GO:0005764; GO:0005768; GO:0005794; GO:0006897; GO:0016020; GO:0046427; GO:0061484; GO:2000736	protein binding; mitochondrion; lysosome; endosome; Golgi apparatus; endocytosis; membrane; positive regulation of receptor signaling pathway via JAK-STAT; hematopoietic stem cell homeostasis; regulation of stem cell differentiation	0.2932	0.00026	1	1.0	1.0	1.0	0.8125	0.8125
OCIAD2	I60_OG000021	Q56VL3	ENSG00000145247	OCIA domain containing 2	GO:0005739; GO:0005764; GO:0005768; GO:0005794; GO:0006897; GO:0009617; GO:0046427; GO:0061484	mitochondrion; lysosome; endosome; Golgi apparatus; endocytosis; response to bacterium; positive regulation of receptor signaling pathway via JAK-STAT; hematopoietic stem cell homeostasis	0.2932	0.00026	1	1.0	1.0	1.0	0.8125	0.8125
ODR4	I14_OG011875	Q5SWX8	ENSG00000157181	odr-4 GPCR localization factor homolog	GO:0008104; GO:0016020	protein localization; membrane	0.5415	0.00293	1	0.5454545454545454	0.5454545454545454	0.0	0.0625	0.0625
OIP5	I14_OG007724	O43482	ENSG00000104147	Opa interacting protein 5	GO:0000775; GO:0000785; GO:0005515; GO:0005634; GO:0005654; GO:0007059; GO:0007154; GO:0010369; GO:0015030; GO:0016607; GO:0034080; GO:0042802; GO:0043231; GO:0046872; GO:0051301	chromosome, centromeric region; chromatin; protein binding; nucleus; nucleoplasm; chromosome segregation; cell communication; chromocenter; Cajal body; nuclear speck; CENP-A containing chromatin assembly; identical protein binding; intracellular membrane-bounded organelle; metal ion binding; cell division	0.3695	0.04177	0.0	0.45454545454545453	0.4545454545454546	0.0	0.125	0.125
OSTC	I14_OG005840	Q9NRP0	ENSG00000198856	oligosaccharyltransferase complex non-catalytic subunit	GO:0004579; GO:0005515; GO:0005789; GO:0006487; GO:0008250	dolichyl-diphosphooligosaccharide-protein glycotransferase activity; protein binding; endoplasmic reticulum membrane; protein N-linked glycosylation; oligosaccharyltransferase complex	0.4212	0.02376	0.5	0.5	0.5454545454545454	0.0	0.125	0.125
OTOG	I14_OG000738	Q6ZRI0	ENSG00000188162	otogelin	GO:0005615; GO:0016324; GO:0031012; GO:0046373; GO:0046556	extracellular space; apical plasma membrane; extracellular matrix; L-arabinose metabolic process; alpha-L-arabinofuranosidase activity	0.4524	0.01249	1.0	0.5454545454545454	0.5454545454545454	0.0	0.125	0.125
OTOGL	I14_OG000738	Q3ZCN5	ENSG00000165899	otogelin like	GO:0005515; GO:0005615; GO:0008104; GO:0031012; GO:0046373; GO:0046556; GO:0055127; GO:0060122	protein binding; extracellular space; protein localization; extracellular matrix; L-arabinose metabolic process; alpha-L-arabinofuranosidase activity; vibrational conductance of sound to the inner ear; inner ear receptor cell stereocilium organization	0.4524	0.01249	1.0	0.5454545454545454	0.5454545454545454	0.0	0.125	0.125
OTUD1	I14_OG004980	Q5VV17	ENSG00000165312	OTU deubiquitinase 1	GO:0004843; GO:0005515; GO:0006508; GO:0070536	cysteine-type deubiquitinase activity; protein binding; proteolysis; protein K63-linked deubiquitination	0.5535	0.02812	1	0.8636363636363636	0.9090909090909091	0.0	0.3125	0.3125
OTUD5	I14_OG004980	Q96G74	ENSG00000068308	OTU deubiquitinase 5	GO:0004843; GO:0005634; GO:0005829; GO:0006508; GO:0014033; GO:0016579; GO:0032480; GO:0032496; GO:0050776; GO:0061578; GO:0070536; GO:0071108; GO:0090090; GO:0101005; GO:1904263; GO:1904515; GO:1990380	cysteine-type deubiquitinase activity; nucleus; cytosol; proteolysis; neural crest cell differentiation; protein deubiquitination; negative regulation of type I interferon production; response to lipopolysaccharide; regulation of immune response; K63-linked deubiquitinase activity; protein K63-linked deubiquitination; protein K48-linked deubiquitination; negative regulation of canonical Wnt signaling pathway; deubiquitinase activity; positive regulation of TORC1 signaling; positive regulation of TORC2 signaling; K48-linked deubiquitinase activity	0.5535	0.02812	1	0.8636363636363636	0.9090909090909091	0.0	0.3125	0.3125
OTUD5	I14_OG004980	Q96G74	ENSG00000292211	OTU deubiquitinase 5	GO:0004843; GO:0005634; GO:0005829; GO:0006508; GO:0014033; GO:0016579; GO:0032480; GO:0032496; GO:0050776; GO:0061578; GO:0070536; GO:0071108; GO:0090090; GO:0101005; GO:1904263; GO:1904515; GO:1990380	cysteine-type deubiquitinase activity; nucleus; cytosol; proteolysis; neural crest cell differentiation; protein deubiquitination; negative regulation of type I interferon production; response to lipopolysaccharide; regulation of immune response; K63-linked deubiquitinase activity; protein K63-linked deubiquitination; protein K48-linked deubiquitination; negative regulation of canonical Wnt signaling pathway; deubiquitinase activity; positive regulation of TORC1 signaling; positive regulation of TORC2 signaling; K48-linked deubiquitinase activity	0.5535	0.02812	1	0.8636363636363636	0.9090909090909091	0.0	0.3125	0.3125
OVOL1	I14_OG006826	O14753	ENSG00000172818	ovo like transcriptional repressor 1	GO:0000122; GO:0000978; GO:0000981; GO:0001227; GO:0001822; GO:0005515; GO:0005634; GO:0006357; GO:0007283; GO:0007498; GO:0009913; GO:0010839; GO:0043588; GO:0043616; GO:0044771; GO:0046872; GO:0051729; GO:0072089; GO:1901994; GO:1990837; GO:2000647	negative regulation of transcription by RNA polymerase II; RNA polymerase II cis-regulatory region sequence-specific DNA binding; DNA-binding transcription factor activity, RNA polymerase II-specific; DNA-binding transcription repressor activity, RNA polymerase II-specific; kidney development; protein binding; nucleus; regulation of transcription by RNA polymerase II; spermatogenesis; mesoderm development; epidermal cell differentiation; negative regulation of keratinocyte proliferation; skin development; keratinocyte proliferation; meiotic cell cycle phase transition; metal ion binding; germline cell cycle switching, mitotic to meiotic cell cycle; stem cell proliferation; negative regulation of meiotic cell cycle phase transition; sequence-specific double-stranded DNA binding; negative regulation of stem cell proliferation	0.4524	0.00062	1.0	0.5454545454545454	0.5454545454545454	0.0	0.125	0.125
OVOL2	I14_OG006826	Q9BRP0	ENSG00000125850	ovo like zinc finger 2	GO:0000122; GO:0000976; GO:0000978; GO:0000981; GO:0001227; GO:0001228; GO:0001525; GO:0001755; GO:0001842; GO:0001947; GO:0003682; GO:0005515; GO:0005634; GO:0006357; GO:0008283; GO:0009913; GO:0009953; GO:0010628; GO:0010629; GO:0010719; GO:0010837; GO:0010944; GO:0030512; GO:0045617; GO:0045618; GO:0045746; GO:0045944; GO:0046872; GO:0048557; GO:0051726; GO:0060214; GO:0060347; GO:0060392; GO:0060716; GO:1990837; GO:2000647	negative regulation of transcription by RNA polymerase II; transcription cis-regulatory region binding; RNA polymerase II cis-regulatory region sequence-specific DNA binding; DNA-binding transcription factor activity, RNA polymerase II-specific; DNA-binding transcription repressor activity, RNA polymerase II-specific; DNA-binding transcription activator activity, RNA polymerase II-specific; angiogenesis; neural crest cell migration; neural fold formation; heart looping; chromatin binding; protein binding; nucleus; regulation of transcription by RNA polymerase II; cell population proliferation; epidermal cell differentiation; dorsal/ventral pattern formation; positive regulation of gene expression; negative regulation of gene expression; negative regulation of epithelial to mesenchymal transition; regulation of keratinocyte proliferation; negative regulation of transcription by competitive promoter binding; negative regulation of transforming growth factor beta receptor signaling pathway; negative regulation of keratinocyte differentiation; positive regulation of keratinocyte differentiation; negative regulation of Notch signaling pathway; positive regulation of transcription by RNA polymerase II; metal ion binding; embryonic digestive tract morphogenesis; regulation of cell cycle; endocardium formation; heart trabecula formation; negative regulation of SMAD protein signal transduction; labyrinthine layer blood vessel development; sequence-specific double-stranded DNA binding; negative regulation of stem cell proliferation	0.4524	0.00062	1.0	0.5454545454545454	0.5454545454545454	0.0	0.125	0.125
OVOL3	I14_OG006826	O00110	ENSG00000105261	ovo like zinc finger 3	GO:0000785; GO:0000978; GO:0000981; GO:0005634; GO:0006357; GO:0009913; GO:0046872	chromatin; RNA polymerase II cis-regulatory region sequence-specific DNA binding; DNA-binding transcription factor activity, RNA polymerase II-specific; nucleus; regulation of transcription by RNA polymerase II; epidermal cell differentiation; metal ion binding	0.4524	0.00062	1.0	0.5454545454545454	0.5454545454545454	0.0	0.125	0.125
PALD1	I14_OG004310	Q9ULE6	ENSG00000107719	phosphatase domain containing paladin 1	GO:0004725; GO:0005515; GO:0005634; GO:0005737; GO:0005829	protein tyrosine phosphatase activity; protein binding; nucleus; cytoplasm; cytosol	0.516	0.01698	0.5	0.5	0.5454545454545454	0.0	0.0625	0.0625
PAQR3	I14_OG000423	Q6TCH7	ENSG00000163291	progestin and adipoQ receptor family member 3	GO:0000139; GO:0001933; GO:0005515; GO:0005794; GO:0010977; GO:0032436; GO:0033137; GO:0034067; GO:0035359; GO:0043407; GO:0043495; GO:0045542; GO:1990756; GO:2000640	Golgi membrane; negative regulation of protein phosphorylation; protein binding; Golgi apparatus; negative regulation of neuron projection development; positive regulation of proteasomal ubiquitin-dependent protein catabolic process; negative regulation of peptidyl-serine phosphorylation; protein localization to Golgi apparatus; negative regulation of peroxisome proliferator activated receptor signaling pathway; negative regulation of MAP kinase activity; protein-membrane adaptor activity; positive regulation of cholesterol biosynthetic process; ubiquitin-like ligase-substrate adaptor activity; positive regulation of SREBP signaling pathway	0.4404	0.00046	1	0.9545454545454546	1.0	1.0	0.5625	0.5625
PAQR4	I14_OG000423	Q8N4S7	ENSG00000162073	progestin and adipoQ receptor family member 4	GO:0000139; GO:0050821; GO:0060090; GO:2000303	Golgi membrane; protein stabilization; molecular adaptor activity; regulation of ceramide biosynthetic process	0.4404	0.00046	1	0.9545454545454546	1.0	1.0	0.5625	0.5625
PAQR5	I14_OG000423	Q9NXK6	ENSG00000137819	progestin and adipoQ receptor family member 5	GO:0005496; GO:0005515; GO:0005886; GO:0038023; GO:0048477	steroid binding; protein binding; plasma membrane; signaling receptor activity; oogenesis	0.4404	0.00046	1	0.9545454545454546	1.0	1.0	0.5625	0.5625
PAQR6	I14_OG000423	Q6TCH4	ENSG00000160781	progestin and adipoQ receptor family member 6	GO:0005496; GO:0005515; GO:0005886; GO:0038023	steroid binding; protein binding; plasma membrane; signaling receptor activity	0.4404	0.00046	1	0.9545454545454546	1.0	1.0	0.5625	0.5625
PAQR7	I14_OG000423	Q86WK9	ENSG00000182749	progestin and adipoQ receptor family member 7	GO:0003707; GO:0005496; GO:0005515; GO:0005886; GO:0043401; GO:0048477; GO:0048545	nuclear steroid receptor activity; steroid binding; protein binding; plasma membrane; steroid hormone receptor signaling pathway; oogenesis; response to steroid hormone	0.4404	0.00046	1	0.9545454545454546	1.0	1.0	0.5625	0.5625
PAQR8	I14_OG000423	Q8TEZ7	ENSG00000170915	progestin and adipoQ receptor family member 8	GO:0003707; GO:0005496; GO:0005515; GO:0005794; GO:0005886; GO:0043401; GO:0048477; GO:0048545	nuclear steroid receptor activity; steroid binding; protein binding; Golgi apparatus; plasma membrane; steroid hormone receptor signaling pathway; oogenesis; response to steroid hormone	0.4404	0.00046	1	0.9545454545454546	1.0	1.0	0.5625	0.5625
PAQR9	I14_OG000423	Q6ZVX9	ENSG00000188582	progestin and adipoQ receptor family member 9	GO:0005496; GO:0005886; GO:0038023	steroid binding; plasma membrane; signaling receptor activity	0.4404	0.00046	1	0.9545454545454546	1.0	1.0	0.5625	0.5625
PARG	I14_OG001734	Q86W56	ENSG00000227345	poly(ADP-ribose) glycohydrolase	GO:0004649; GO:0005515; GO:0005634; GO:0005654; GO:0005737; GO:0005759; GO:0005829; GO:0005975; GO:0006282; GO:0006287; GO:0009225; GO:0016604; GO:1990966	poly(ADP-ribose) glycohydrolase activity; protein binding; nucleus; nucleoplasm; cytoplasm; mitochondrial matrix; cytosol; carbohydrate metabolic process; regulation of DNA repair; base-excision repair, gap-filling; nucleotide-sugar metabolic process; nuclear body; ATP generation from poly-ADP-D-ribose	0.4973	0.04762	1	0.8181818181818182	0.8181818181818181	0.0	0.3125	0.3125
PARP1	I14_OG000678	P09874	ENSG00000143799	poly(ADP-ribose) polymerase 1	GO:0000122; GO:0000723; GO:0000781; GO:0000785; GO:0003677; GO:0003682; GO:0003684; GO:0003723; GO:0003950; GO:0005515; GO:0005634; GO:0005635; GO:0005654; GO:0005667; GO:0005730; GO:0005739; GO:0005829; GO:0006281; GO:0006302; GO:0006366; GO:0006915; GO:0006974; GO:0007005; GO:0007179; GO:0008270; GO:0010332; GO:0010613; GO:0016020; GO:0016051; GO:0016540; GO:0016604; GO:0016779; GO:0019899; GO:0019901; GO:0023019; GO:0030225; GO:0030331; GO:0030592; GO:0031491; GO:0031625; GO:0032042; GO:0032786; GO:0032869; GO:0032880; GO:0032991; GO:0032993; GO:0033148; GO:0034244; GO:0034599; GO:0034644; GO:0035861; GO:0036211; GO:0042802; GO:0042803; GO:0042826; GO:0043123; GO:0043504; GO:0043596; GO:0045087; GO:0045188; GO:0045824; GO:0045892; GO:0045944; GO:0046697; GO:0050790; GO:0051287; GO:0051901; GO:0060391; GO:0060545; GO:0061629; GO:0070212; GO:0070213; GO:0070412; GO:0071168; GO:0071294; GO:0071932; GO:0090734; GO:0140294; GO:0140537; GO:0140805; GO:0140806; GO:0140807; GO:0140808; GO:0140815; GO:0140816; GO:0140817; GO:0140822; GO:0140844; GO:0140867; GO:0160049; GO:1900182; GO:1903376; GO:1903518; GO:1904044; GO:1904178; GO:1904357; GO:1904646; GO:1904762; GO:1905051; GO:1905168; GO:1990090; GO:1990404; GO:1990966; GO:2001170	negative regulation of transcription by RNA polymerase II; telomere maintenance; chromosome, telomeric region; chromatin; DNA binding; chromatin binding; damaged DNA binding; RNA binding; NAD+ poly-ADP-ribosyltransferase activity; protein binding; nucleus; nuclear envelope; nucleoplasm; transcription regulator complex; nucleolus; mitochondrion; cytosol; DNA repair; double-strand break repair; transcription by RNA polymerase II; apoptotic process; DNA damage response; mitochondrion organization; transforming growth factor beta receptor signaling pathway; zinc ion binding; response to gamma radiation; positive regulation of cardiac muscle hypertrophy; membrane; carbohydrate biosynthetic process; protein autoprocessing; nuclear body; nucleotidyltransferase activity; enzyme binding; protein kinase binding; signal transduction involved in regulation of gene expression; macrophage differentiation; nuclear estrogen receptor binding; DNA ADP-ribosylation; nucleosome binding; ubiquitin protein ligase binding; mitochondrial DNA metabolic process; positive regulation of DNA-templated transcription, elongation; cellular response to insulin stimulus; regulation of protein localization; protein-containing complex; protein-DNA complex; positive regulation of intracellular estrogen receptor signaling pathway; negative regulation of transcription elongation by RNA polymerase II; cellular response to oxidative stress; cellular response to UV; site of double-strand break; protein modification process; identical protein binding; protein homodimerization activity; histone deacetylase binding; positive regulation of canonical NF-kappaB signal transduction; mitochondrial DNA repair; nuclear replication fork; innate immune response; regulation of circadian sleep/wake cycle, non-REM sleep; negative regulation of innate immune response; negative regulation of DNA-templated transcription; positive regulation of transcription by RNA polymerase II; decidualization; regulation of catalytic activity; NAD binding; positive regulation of mitochondrial depolarization; positive regulation of SMAD protein signal transduction; positive regulation of necroptotic process; RNA polymerase II-specific DNA-binding transcription factor binding; protein poly-ADP-ribosylation; protein auto-ADP-ribosylation; R-SMAD binding; protein localization to chromatin; cellular response to zinc ion; replication fork reversal; site of DNA damage; NAD DNA ADP-ribosyltransferase activity; transcription regulator activator activity; NAD+-protein-serine ADP-ribosyltransferase activity; NAD+-protein-aspartate ADP-ribosyltransferase activity; NAD+-protein-glutamate ADP-ribosyltransferase activity; NAD+-protein-tyrosine ADP-ribosyltransferase activity; NAD+-protein-histidine ADP-ribosyltransferase activity; NAD+-histone H2BS6 serine ADP-ribosyltransferase activity; NAD+-histone H3S10 serine ADP-ribosyltransferase activity; NAD+-histone H2BE35 glutamate ADP-ribosyltransferase activity; NAD+-histone H2BE2 glutamate ADP-ribosyltransferase activity; NAD+-histone H2BE18 glutamate ADP-ribosyltransferase activity; negative regulation of cGAS/STING signaling pathway; positive regulation of protein localization to nucleus; regulation of oxidative stress-induced neuron intrinsic apoptotic signaling pathway; positive regulation of single strand break repair; response to aldosterone; negative regulation of adipose tissue development; negative regulation of telomere maintenance via telomere lengthening; cellular response to amyloid-beta; positive regulation of myofibroblast differentiation; regulation of base-excision repair; positive regulation of double-strand break repair via homologous recombination; cellular response to nerve growth factor stimulus; NAD+-protein mono-ADP-ribosyltransferase activity; ATP generation from poly-ADP-D-ribose; negative regulation of ATP biosynthetic process	0.5289	0.00072	1	0.9545454545454546	1.0	0.25	0.46875	0.5
PARP10	I14_OG001062	Q53GL7	ENSG00000178685	poly(ADP-ribose) polymerase family member 10	GO:0003714; GO:0003950; GO:0005515; GO:0005634; GO:0005730; GO:0005737; GO:0005794; GO:0005829; GO:0006325; GO:0010629; GO:0016779; GO:0019082; GO:0019985; GO:0032088; GO:0034356; GO:0045892; GO:0048147; GO:0070212; GO:0070213; GO:0070530; GO:0140297; GO:0140804; GO:0140806; GO:0140822; GO:0140844; GO:0140867; GO:1900045; GO:1990404	transcription corepressor activity; NAD+ poly-ADP-ribosyltransferase activity; protein binding; nucleus; nucleolus; cytoplasm; Golgi apparatus; cytosol; chromatin organization; negative regulation of gene expression; nucleotidyltransferase activity; viral protein processing; translesion synthesis; negative regulation of NF-kappaB transcription factor activity; NAD biosynthesis via nicotinamide riboside salvage pathway; negative regulation of DNA-templated transcription; negative regulation of fibroblast proliferation; protein poly-ADP-ribosylation; protein auto-ADP-ribosylation; K63-linked polyubiquitin modification-dependent protein binding; DNA-binding transcription factor binding; NAD+-protein-lysine ADP-ribosyltransferase activity; NAD+-protein-aspartate ADP-ribosyltransferase activity; NAD+-histone H2BE35 glutamate ADP-ribosyltransferase activity; NAD+-histone H2BE2 glutamate ADP-ribosyltransferase activity; NAD+-histone H2BE18 glutamate ADP-ribosyltransferase activity; negative regulation of protein K63-linked ubiquitination; NAD+-protein mono-ADP-ribosyltransferase activity	0.5697	1e-05	0.5	0.5454545454545454	0.6363636363636364	0.0	0.0625	0.0625
PARP11	I14_OG001062	Q9NR21	ENSG00000111224	poly(ADP-ribose) polymerase family member 11	GO:0003950; GO:0005515; GO:0005634; GO:0005635; GO:0005643; GO:0005654; GO:0005829; GO:0006998; GO:0007283; GO:0015031; GO:0016604; GO:0016779; GO:0030154; GO:0051028; GO:0070213; GO:0140803; GO:0140804; GO:0140806; GO:0140822; GO:0140844; GO:0140867; GO:1990404	NAD+ poly-ADP-ribosyltransferase activity; protein binding; nucleus; nuclear envelope; nuclear pore; nucleoplasm; cytosol; nuclear envelope organization; spermatogenesis; protein transport; nuclear body; nucleotidyltransferase activity; cell differentiation; mRNA transport; protein auto-ADP-ribosylation; NAD+-protein-cysteine ADP-ribosyltransferase activity; NAD+-protein-lysine ADP-ribosyltransferase activity; NAD+-protein-aspartate ADP-ribosyltransferase activity; NAD+-histone H2BE35 glutamate ADP-ribosyltransferase activity; NAD+-histone H2BE2 glutamate ADP-ribosyltransferase activity; NAD+-histone H2BE18 glutamate ADP-ribosyltransferase activity; NAD+-protein mono-ADP-ribosyltransferase activity	0.5697	1e-05	0.5	0.5454545454545454	0.6363636363636364	0.0	0.0625	0.0625
PARP12	I14_OG001062	Q9H0J9	ENSG00000059378	poly(ADP-ribose) polymerase family member 12	GO:0003723; GO:0003950; GO:0005634; GO:0016779; GO:0046872; GO:0070213; GO:0140803; GO:0140806; GO:1990404	RNA binding; NAD+ poly-ADP-ribosyltransferase activity; nucleus; nucleotidyltransferase activity; metal ion binding; protein auto-ADP-ribosylation; NAD+-protein-cysteine ADP-ribosyltransferase activity; NAD+-protein-aspartate ADP-ribosyltransferase activity; NAD+-protein mono-ADP-ribosyltransferase activity	0.5697	1e-05	0.5	0.5454545454545454	0.6363636363636364	0.0	0.0625	0.0625
PARP14	I14_OG001062	Q460N5	ENSG00000173193	poly(ADP-ribose) polymerase family member 14	GO:0003714; GO:0003950; GO:0005515; GO:0005634; GO:0005737; GO:0005829; GO:0005886; GO:0010629; GO:0016020; GO:0016779; GO:0019899; GO:0042531; GO:0042532; GO:0045087; GO:0045892; GO:0060336; GO:0070212; GO:0070403; GO:0140822; GO:0140844; GO:0140867; GO:1902216; GO:1990404	transcription corepressor activity; NAD+ poly-ADP-ribosyltransferase activity; protein binding; nucleus; cytoplasm; cytosol; plasma membrane; negative regulation of gene expression; membrane; nucleotidyltransferase activity; enzyme binding; positive regulation of tyrosine phosphorylation of STAT protein; negative regulation of tyrosine phosphorylation of STAT protein; innate immune response; negative regulation of DNA-templated transcription; negative regulation of type II interferon-mediated signaling pathway; protein poly-ADP-ribosylation; NAD+ binding; NAD+-histone H2BE35 glutamate ADP-ribosyltransferase activity; NAD+-histone H2BE2 glutamate ADP-ribosyltransferase activity; NAD+-histone H2BE18 glutamate ADP-ribosyltransferase activity; positive regulation of interleukin-4-mediated signaling pathway; NAD+-protein mono-ADP-ribosyltransferase activity	0.5697	1e-05	0.5	0.5454545454545454	0.6363636363636364	0.0	0.0625	0.0625
PARP15	I14_OG001062	Q460N3	ENSG00000173200	poly(ADP-ribose) polymerase family member 15	GO:0000122; GO:0003714; GO:0003950; GO:0005515; GO:0005634; GO:0005737; GO:0010629; GO:0016779; GO:0070212; GO:0070403; GO:0140806; GO:0140822; GO:0140844; GO:0140867; GO:1990404	negative regulation of transcription by RNA polymerase II; transcription corepressor activity; NAD+ poly-ADP-ribosyltransferase activity; protein binding; nucleus; cytoplasm; negative regulation of gene expression; nucleotidyltransferase activity; protein poly-ADP-ribosylation; NAD+ binding; NAD+-protein-aspartate ADP-ribosyltransferase activity; NAD+-histone H2BE35 glutamate ADP-ribosyltransferase activity; NAD+-histone H2BE2 glutamate ADP-ribosyltransferase activity; NAD+-histone H2BE18 glutamate ADP-ribosyltransferase activity; NAD+-protein mono-ADP-ribosyltransferase activity	0.5697	1e-05	0.5	0.5454545454545454	0.6363636363636364	0.0	0.0625	0.0625
PARP2	I14_OG000678	Q9UGN5	ENSG00000129484	poly(ADP-ribose) polymerase 2	GO:0003682; GO:0003684; GO:0003950; GO:0005515; GO:0005634; GO:0005654; GO:0005730; GO:0006281; GO:0006284; GO:0006302; GO:0006974; GO:0016779; GO:0030592; GO:0031491; GO:0046697; GO:0061051; GO:0070212; GO:0070213; GO:0072572; GO:0090649; GO:0090734; GO:0097191; GO:0110088; GO:0140294; GO:0140805; GO:0140806; GO:0140807; GO:0140816; GO:0140817; GO:0140822; GO:0140844; GO:0140861; GO:0140867; GO:0160004; GO:1990404	chromatin binding; damaged DNA binding; NAD+ poly-ADP-ribosyltransferase activity; protein binding; nucleus; nucleoplasm; nucleolus; DNA repair; base-excision repair; double-strand break repair; DNA damage response; nucleotidyltransferase activity; DNA ADP-ribosylation; nucleosome binding; decidualization; positive regulation of cell growth involved in cardiac muscle cell development; protein poly-ADP-ribosylation; protein auto-ADP-ribosylation; poly-ADP-D-ribose binding; response to oxygen-glucose deprivation; site of DNA damage; extrinsic apoptotic signaling pathway; hippocampal neuron apoptotic process; NAD DNA ADP-ribosyltransferase activity; NAD+-protein-serine ADP-ribosyltransferase activity; NAD+-protein-aspartate ADP-ribosyltransferase activity; NAD+-protein-glutamate ADP-ribosyltransferase activity; NAD+-histone H2BS6 serine ADP-ribosyltransferase activity; NAD+-histone H3S10 serine ADP-ribosyltransferase activity; NAD+-histone H2BE35 glutamate ADP-ribosyltransferase activity; NAD+-histone H2BE2 glutamate ADP-ribosyltransferase activity; DNA repair-dependent chromatin remodeling; NAD+-histone H2BE18 glutamate ADP-ribosyltransferase activity; poly-ADP-D-ribose modification-dependent protein binding; NAD+-protein mono-ADP-ribosyltransferase activity	0.5289	0.00072	1	0.9545454545454546	1.0	0.25	0.46875	0.5
PARP2	I14_OG000678	Q9UGN5	ENSG00000291803	poly(ADP-ribose) polymerase 2	GO:0003682; GO:0003684; GO:0003950; GO:0005515; GO:0005634; GO:0005654; GO:0005730; GO:0006281; GO:0006284; GO:0006302; GO:0006974; GO:0016779; GO:0030592; GO:0031491; GO:0046697; GO:0061051; GO:0070212; GO:0070213; GO:0072572; GO:0090649; GO:0090734; GO:0097191; GO:0110088; GO:0140294; GO:0140805; GO:0140806; GO:0140807; GO:0140816; GO:0140817; GO:0140822; GO:0140844; GO:0140861; GO:0140867; GO:0160004; GO:1990404	chromatin binding; damaged DNA binding; NAD+ poly-ADP-ribosyltransferase activity; protein binding; nucleus; nucleoplasm; nucleolus; DNA repair; base-excision repair; double-strand break repair; DNA damage response; nucleotidyltransferase activity; DNA ADP-ribosylation; nucleosome binding; decidualization; positive regulation of cell growth involved in cardiac muscle cell development; protein poly-ADP-ribosylation; protein auto-ADP-ribosylation; poly-ADP-D-ribose binding; response to oxygen-glucose deprivation; site of DNA damage; extrinsic apoptotic signaling pathway; hippocampal neuron apoptotic process; NAD DNA ADP-ribosyltransferase activity; NAD+-protein-serine ADP-ribosyltransferase activity; NAD+-protein-aspartate ADP-ribosyltransferase activity; NAD+-protein-glutamate ADP-ribosyltransferase activity; NAD+-histone H2BS6 serine ADP-ribosyltransferase activity; NAD+-histone H3S10 serine ADP-ribosyltransferase activity; NAD+-histone H2BE35 glutamate ADP-ribosyltransferase activity; NAD+-histone H2BE2 glutamate ADP-ribosyltransferase activity; DNA repair-dependent chromatin remodeling; NAD+-histone H2BE18 glutamate ADP-ribosyltransferase activity; poly-ADP-D-ribose modification-dependent protein binding; NAD+-protein mono-ADP-ribosyltransferase activity	0.5289	0.00072	1	0.9545454545454546	1.0	0.25	0.46875	0.5
PARP3	I14_OG000678	Q9Y6F1	ENSG00000041880	poly(ADP-ribose) polymerase family member 3	GO:0000723; GO:0003824; GO:0003950; GO:0005515; GO:0005654; GO:0005730; GO:0005737; GO:0005813; GO:0005814; GO:0006302; GO:0016604; GO:0016779; GO:0030592; GO:0032211; GO:0035861; GO:0045171; GO:0045829; GO:0060236; GO:0070213; GO:0140294; GO:0140804; GO:0140806; GO:0140807; GO:0140822; GO:0140844; GO:0140867; GO:1990166; GO:1990404; GO:2001034	telomere maintenance; catalytic activity; NAD+ poly-ADP-ribosyltransferase activity; protein binding; nucleoplasm; nucleolus; cytoplasm; centrosome; centriole; double-strand break repair; nuclear body; nucleotidyltransferase activity; DNA ADP-ribosylation; negative regulation of telomere maintenance via telomerase; site of double-strand break; intercellular bridge; negative regulation of isotype switching; regulation of mitotic spindle organization; protein auto-ADP-ribosylation; NAD DNA ADP-ribosyltransferase activity; NAD+-protein-lysine ADP-ribosyltransferase activity; NAD+-protein-aspartate ADP-ribosyltransferase activity; NAD+-protein-glutamate ADP-ribosyltransferase activity; NAD+-histone H2BE35 glutamate ADP-ribosyltransferase activity; NAD+-histone H2BE2 glutamate ADP-ribosyltransferase activity; NAD+-histone H2BE18 glutamate ADP-ribosyltransferase activity; protein localization to site of double-strand break; NAD+-protein mono-ADP-ribosyltransferase activity; positive regulation of double-strand break repair via nonhomologous end joining	0.5289	0.00072	1	0.9545454545454546	1.0	0.25	0.46875	0.5
PARP9	I14_OG001062	Q8IXQ6	ENSG00000138496	poly(ADP-ribose) polymerase family member 9	GO:0000077; GO:0000122; GO:0002230; GO:0003714; GO:0003950; GO:0004857; GO:0005515; GO:0005634; GO:0005654; GO:0005737; GO:0005739; GO:0005829; GO:0006302; GO:0010608; GO:0010629; GO:0016020; GO:0016477; GO:0016779; GO:0019082; GO:0019899; GO:0032991; GO:0034356; GO:0035563; GO:0042393; GO:0042531; GO:0043086; GO:0044389; GO:0045087; GO:0045893; GO:0051607; GO:0060330; GO:0060335; GO:0072570; GO:0090734; GO:0097677; GO:0140802; GO:1900182; GO:1990404	DNA damage checkpoint signaling; negative regulation of transcription by RNA polymerase II; positive regulation of defense response to virus by host; transcription corepressor activity; NAD+ poly-ADP-ribosyltransferase activity; enzyme inhibitor activity; protein binding; nucleus; nucleoplasm; cytoplasm; mitochondrion; cytosol; double-strand break repair; post-transcriptional regulation of gene expression; negative regulation of gene expression; membrane; cell migration; nucleotidyltransferase activity; viral protein processing; enzyme binding; protein-containing complex; NAD biosynthesis via nicotinamide riboside salvage pathway; positive regulation of chromatin binding; histone binding; positive regulation of tyrosine phosphorylation of STAT protein; negative regulation of catalytic activity; ubiquitin-like protein ligase binding; innate immune response; positive regulation of DNA-templated transcription; defense response to virus; regulation of response to type II interferon; positive regulation of type II interferon-mediated signaling pathway; ADP-D-ribose binding; site of DNA damage; STAT family protein binding; NAD+-protein-C-terminal glycine ADP-ribosyltransferase activity; positive regulation of protein localization to nucleus; NAD+-protein mono-ADP-ribosyltransferase activity	0.5697	1e-05	0.5	0.5454545454545454	0.6363636363636364	0.0	0.0625	0.0625
PBK	I14_OG002250	Q96KB5	ENSG00000168078	PDZ binding kinase	GO:0000278; GO:0004674; GO:0005515; GO:0005524; GO:0005634; GO:0006338; GO:0007254; GO:0008545; GO:0032435; GO:0032873; GO:0034644; GO:0035401; GO:0043161; GO:0050728; GO:0051403; GO:0106310; GO:0140801	mitotic cell cycle; protein serine/threonine kinase activity; protein binding; ATP binding; nucleus; chromatin remodeling; JNK cascade; JUN kinase kinase activity; negative regulation of proteasomal ubiquitin-dependent protein catabolic process; negative regulation of stress-activated MAPK cascade; cellular response to UV; histone H3Y41 kinase activity; proteasome-mediated ubiquitin-dependent protein catabolic process; negative regulation of inflammatory response; stress-activated MAPK cascade; protein serine kinase activity; histone H2AXY142 kinase activity	0.6822	0.00032	0.5	0.5454545454545454	0.6363636363636364	0.0	0.0	0.0
PCDH11X	I14_OG000491	Q9BZA7	ENSG00000102290	protocadherin 11 X-linked	GO:0005509; GO:0005886; GO:0007155; GO:0007156	calcium ion binding; plasma membrane; cell adhesion; homophilic cell adhesion via plasma membrane adhesion molecules	0.3489	0.01519	0	0.3181818181818182	0.36363636363636365	0.0	0.0625	0.0625
PCDH11X	I14_OG000491	Q9BZA7	ENSG00000099715	protocadherin 11 X-linked	GO:0005509; GO:0005886; GO:0007155; GO:0007156	calcium ion binding; plasma membrane; cell adhesion; homophilic cell adhesion via plasma membrane adhesion molecules	0.3489	0.01519	0	0.3181818181818182	0.36363636363636365	0.0	0.0625	0.0625
PCDH15	I14_OG000491	Q96QU1	ENSG00000150275	protocadherin related 15	GO:0001750; GO:0005509; GO:0005576; GO:0005615; GO:0005886; GO:0007155; GO:0007156; GO:0007605; GO:0032420; GO:0045202; GO:0045494; GO:0048839; GO:0050953; GO:0050957	photoreceptor outer segment; calcium ion binding; extracellular region; extracellular space; plasma membrane; cell adhesion; homophilic cell adhesion via plasma membrane adhesion molecules; sensory perception of sound; stereocilium; synapse; photoreceptor cell maintenance; inner ear development; sensory perception of light stimulus; equilibrioception	0.3489	0.01519	0	0.3181818181818182	0.36363636363636365	0.0	0.0625	0.0625
PCGF1	I14_OG002706	Q9BSM1	ENSG00000115289	polycomb group ring finger 1	GO:0000122; GO:0005515; GO:0005634; GO:0005654; GO:0006338; GO:0006355; GO:0031519; GO:0035102; GO:0046872; GO:1990841	negative regulation of transcription by RNA polymerase II; protein binding; nucleus; nucleoplasm; chromatin remodeling; regulation of DNA-templated transcription; PcG protein complex; PRC1 complex; metal ion binding; promoter-specific chromatin binding	0.5398	0.01375	1	0.7272727272727273	0.7272727272727273	0.0	0.1875	0.1875
PCGF2	I14_OG002706	P35227	ENSG00000277258	polycomb group ring finger 2	GO:0000122; GO:0000785; GO:0001701; GO:0001739; GO:0003677; GO:0005515; GO:0005634; GO:0005654; GO:0006338; GO:0009952; GO:0016604; GO:0031519; GO:0035102; GO:0046872; GO:0048704; GO:0070301; GO:0097190; GO:1990841; GO:2001234	negative regulation of transcription by RNA polymerase II; chromatin; in utero embryonic development; sex chromatin; DNA binding; protein binding; nucleus; nucleoplasm; chromatin remodeling; anterior/posterior pattern specification; nuclear body; PcG protein complex; PRC1 complex; metal ion binding; embryonic skeletal system morphogenesis; cellular response to hydrogen peroxide; apoptotic signaling pathway; promoter-specific chromatin binding; negative regulation of apoptotic signaling pathway	0.5398	0.01375	1	0.7272727272727273	0.7272727272727273	0.0	0.1875	0.1875
PCGF2	I14_OG002706	P35227	ENSG00000278644	polycomb group ring finger 2	GO:0000122; GO:0000785; GO:0001701; GO:0001739; GO:0003677; GO:0005515; GO:0005634; GO:0005654; GO:0006338; GO:0009952; GO:0016604; GO:0031519; GO:0035102; GO:0046872; GO:0048704; GO:0070301; GO:0097190; GO:1990841; GO:2001234	negative regulation of transcription by RNA polymerase II; chromatin; in utero embryonic development; sex chromatin; DNA binding; protein binding; nucleus; nucleoplasm; chromatin remodeling; anterior/posterior pattern specification; nuclear body; PcG protein complex; PRC1 complex; metal ion binding; embryonic skeletal system morphogenesis; cellular response to hydrogen peroxide; apoptotic signaling pathway; promoter-specific chromatin binding; negative regulation of apoptotic signaling pathway	0.5398	0.01375	1	0.7272727272727273	0.7272727272727273	0.0	0.1875	0.1875
PCGF3	I14_OG002706	Q3KNV8	ENSG00000185619	polycomb group ring finger 3	GO:0000805; GO:0005515; GO:0005634; GO:0005654; GO:0006357; GO:0031519; GO:0035102; GO:0046872; GO:0060816; GO:0140862	X chromosome; protein binding; nucleus; nucleoplasm; regulation of transcription by RNA polymerase II; PcG protein complex; PRC1 complex; metal ion binding; random inactivation of X chromosome; histone H2AK119 ubiquitin ligase activity	0.5398	0.01375	1	0.7272727272727273	0.7272727272727273	0.0	0.1875	0.1875
PCGF5	I14_OG002706	Q86SE9	ENSG00000180628	polycomb group ring finger 5	GO:0000805; GO:0005515; GO:0005634; GO:0005654; GO:0005794; GO:0005813; GO:0006357; GO:0031519; GO:0035102; GO:0045944; GO:0046872; GO:0060816; GO:0140862	X chromosome; protein binding; nucleus; nucleoplasm; Golgi apparatus; centrosome; regulation of transcription by RNA polymerase II; PcG protein complex; PRC1 complex; positive regulation of transcription by RNA polymerase II; metal ion binding; random inactivation of X chromosome; histone H2AK119 ubiquitin ligase activity	0.5398	0.01375	1	0.7272727272727273	0.7272727272727273	0.0	0.1875	0.1875
PCGF6	I14_OG002706	Q9BYE7	ENSG00000156374	polycomb group ring finger 6	GO:0000122; GO:0005515; GO:0005634; GO:0005654; GO:0006338; GO:0006357; GO:0031519; GO:0035102; GO:0045892; GO:0046872	negative regulation of transcription by RNA polymerase II; protein binding; nucleus; nucleoplasm; chromatin remodeling; regulation of transcription by RNA polymerase II; PcG protein complex; PRC1 complex; negative regulation of DNA-templated transcription; metal ion binding	0.5398	0.01375	1	0.7272727272727273	0.7272727272727273	0.0	0.1875	0.1875
PDE10A	I14_OG001079	Q9Y233	ENSG00000112541	phosphodiesterase 10A	GO:0004114; GO:0004115; GO:0004118; GO:0004119; GO:0005829; GO:0006198; GO:0010754; GO:0019933; GO:0030552; GO:0030553; GO:0043204; GO:0043951; GO:0046069; GO:0046872; GO:0047555; GO:0098978; GO:0099147	3',5'-cyclic-nucleotide phosphodiesterase activity; 3',5'-cyclic-AMP phosphodiesterase activity; 3',5'-cGMP-stimulated cyclic-nucleotide phosphodiesterase activity; 3',5'-cGMP-inhibited cyclic-nucleotide phosphodiesterase activity; cytosol; cAMP catabolic process; negative regulation of cGMP-mediated signaling; cAMP-mediated signaling; cAMP binding; cGMP binding; perikaryon; negative regulation of cAMP-mediated signaling; cGMP catabolic process; metal ion binding; 3',5'-cyclic-GMP phosphodiesterase activity; glutamatergic synapse; extrinsic component of postsynaptic density membrane	0.4719	0.0038	1.0	0.7272727272727273	0.7272727272727273	0.0	0.25	0.25
PDE11A	I14_OG001079	Q9HCR9	ENSG00000128655	phosphodiesterase 11A	GO:0004112; GO:0004114; GO:0004115; GO:0004117; GO:0004118; GO:0005829; GO:0007165; GO:0010754; GO:0019933; GO:0030553; GO:0043951; GO:0046872; GO:0047555; GO:0048101	cyclic-nucleotide phosphodiesterase activity; 3',5'-cyclic-nucleotide phosphodiesterase activity; 3',5'-cyclic-AMP phosphodiesterase activity; calmodulin-activated dual specificity 3',5'-cyclic-GMP, 3',5'-cyclic-AMP phosphodiesterase activity; 3',5'-cGMP-stimulated cyclic-nucleotide phosphodiesterase activity; cytosol; signal transduction; negative regulation of cGMP-mediated signaling; cAMP-mediated signaling; cGMP binding; negative regulation of cAMP-mediated signaling; metal ion binding; 3',5'-cyclic-GMP phosphodiesterase activity; calmodulin-activated 3',5'-cyclic-GMP phosphodiesterase activity	0.4719	0.0038	1.0	0.7272727272727273	0.7272727272727273	0.0	0.25	0.25
PDE2A	I14_OG001079	O00408	ENSG00000186642	phosphodiesterase 2A	GO:0000122; GO:0000287; GO:0003170; GO:0003281; GO:0004115; GO:0004118; GO:0004119; GO:0005515; GO:0005634; GO:0005737; GO:0005741; GO:0005743; GO:0005759; GO:0005783; GO:0005794; GO:0005829; GO:0005886; GO:0007193; GO:0008270; GO:0010628; GO:0010752; GO:0010754; GO:0010821; GO:0019933; GO:0019934; GO:0030224; GO:0030552; GO:0030553; GO:0030911; GO:0035904; GO:0036006; GO:0042301; GO:0042734; GO:0042802; GO:0042803; GO:0043116; GO:0043117; GO:0043951; GO:0046069; GO:0047555; GO:0048471; GO:0050729; GO:0061028; GO:0071260; GO:0071320; GO:0071321; GO:0071466; GO:0071560; GO:0097011; GO:0097060; GO:0106072; GO:1904613	negative regulation of transcription by RNA polymerase II; magnesium ion binding; heart valve development; ventricular septum development; 3',5'-cyclic-AMP phosphodiesterase activity; 3',5'-cGMP-stimulated cyclic-nucleotide phosphodiesterase activity; 3',5'-cGMP-inhibited cyclic-nucleotide phosphodiesterase activity; protein binding; nucleus; cytoplasm; mitochondrial outer membrane; mitochondrial inner membrane; mitochondrial matrix; endoplasmic reticulum; Golgi apparatus; cytosol; plasma membrane; adenylate cyclase-inhibiting G protein-coupled receptor signaling pathway; zinc ion binding; positive regulation of gene expression; regulation of cGMP-mediated signaling; negative regulation of cGMP-mediated signaling; regulation of mitochondrion organization; cAMP-mediated signaling; cGMP-mediated signaling; monocyte differentiation; cAMP binding; cGMP binding; TPR domain binding; aorta development; cellular response to macrophage colony-stimulating factor stimulus; phosphate ion binding; presynaptic membrane; identical protein binding; protein homodimerization activity; negative regulation of vascular permeability; positive regulation of vascular permeability; negative regulation of cAMP-mediated signaling; cGMP catabolic process; 3',5'-cyclic-GMP phosphodiesterase activity; perinuclear region of cytoplasm; positive regulation of inflammatory response; establishment of endothelial barrier; cellular response to mechanical stimulus; cellular response to cAMP; cellular response to cGMP; cellular response to xenobiotic stimulus; cellular response to transforming growth factor beta stimulus; cellular response to granulocyte macrophage colony-stimulating factor stimulus; synaptic membrane; negative regulation of adenylate cyclase-activating G protein-coupled receptor signaling pathway; cellular response to 2,3,7,8-tetrachlorodibenzodioxine	0.4719	0.0038	1.0	0.7272727272727273	0.7272727272727273	0.0	0.25	0.25
PDE5A	I14_OG001079	O76074	ENSG00000138735	phosphodiesterase 5A	GO:0004114; GO:0004115; GO:0004117; GO:0005515; GO:0005829; GO:0010613; GO:0010749; GO:0019933; GO:0030553; GO:0042098; GO:0042130; GO:0046069; GO:0046872; GO:0047555; GO:0048101; GO:0048599; GO:0055118; GO:0055119; GO:0060282	3',5'-cyclic-nucleotide phosphodiesterase activity; 3',5'-cyclic-AMP phosphodiesterase activity; calmodulin-activated dual specificity 3',5'-cyclic-GMP, 3',5'-cyclic-AMP phosphodiesterase activity; protein binding; cytosol; positive regulation of cardiac muscle hypertrophy; regulation of nitric oxide mediated signal transduction; cAMP-mediated signaling; cGMP binding; T cell proliferation; negative regulation of T cell proliferation; cGMP catabolic process; metal ion binding; 3',5'-cyclic-GMP phosphodiesterase activity; calmodulin-activated 3',5'-cyclic-GMP phosphodiesterase activity; oocyte development; negative regulation of cardiac muscle contraction; relaxation of cardiac muscle; positive regulation of oocyte development	0.4719	0.0038	1.0	0.7272727272727273	0.7272727272727273	0.0	0.25	0.25
PDE6A	I14_OG001079	P16499	ENSG00000132915	phosphodiesterase 6A	GO:0004115; GO:0004117; GO:0005886; GO:0007601; GO:0019933; GO:0042622; GO:0046872; GO:0047555; GO:0048101; GO:0060041; GO:0097381	3',5'-cyclic-AMP phosphodiesterase activity; calmodulin-activated dual specificity 3',5'-cyclic-GMP, 3',5'-cyclic-AMP phosphodiesterase activity; plasma membrane; visual perception; cAMP-mediated signaling; photoreceptor outer segment membrane; metal ion binding; 3',5'-cyclic-GMP phosphodiesterase activity; calmodulin-activated 3',5'-cyclic-GMP phosphodiesterase activity; retina development in camera-type eye; photoreceptor disc membrane	0.4719	0.0038	1.0	0.7272727272727273	0.7272727272727273	0.0	0.25	0.25
PDE6B	I14_OG001079	P35913	ENSG00000133256	phosphodiesterase 6B	GO:0004115; GO:0004117; GO:0005886; GO:0007601; GO:0007603; GO:0019933; GO:0042622; GO:0043153; GO:0046872; GO:0047555; GO:0048101; GO:0060041; GO:0097381; GO:1990009	3',5'-cyclic-AMP phosphodiesterase activity; calmodulin-activated dual specificity 3',5'-cyclic-GMP, 3',5'-cyclic-AMP phosphodiesterase activity; plasma membrane; visual perception; phototransduction, visible light; cAMP-mediated signaling; photoreceptor outer segment membrane; entrainment of circadian clock by photoperiod; metal ion binding; 3',5'-cyclic-GMP phosphodiesterase activity; calmodulin-activated 3',5'-cyclic-GMP phosphodiesterase activity; retina development in camera-type eye; photoreceptor disc membrane; retinal cell apoptotic process	0.4719	0.0038	1.0	0.7272727272727273	0.7272727272727273	0.0	0.25	0.25
PDE6C	I14_OG001079	P51160	ENSG00000095464	phosphodiesterase 6C	GO:0004115; GO:0004117; GO:0005886; GO:0007601; GO:0007603; GO:0019933; GO:0030553; GO:0046549; GO:0046872; GO:0047555; GO:0048101	3',5'-cyclic-AMP phosphodiesterase activity; calmodulin-activated dual specificity 3',5'-cyclic-GMP, 3',5'-cyclic-AMP phosphodiesterase activity; plasma membrane; visual perception; phototransduction, visible light; cAMP-mediated signaling; cGMP binding; retinal cone cell development; metal ion binding; 3',5'-cyclic-GMP phosphodiesterase activity; calmodulin-activated 3',5'-cyclic-GMP phosphodiesterase activity	0.4719	0.0038	1.0	0.7272727272727273	0.7272727272727273	0.0	0.25	0.25
PKD1	I14_OG000504	P98161	ENSG00000008710	polycystin 1, transient receptor potential channel interacting	GO:0000139; GO:0001502; GO:0001701; GO:0001822; GO:0001889; GO:0001892; GO:0002133; GO:0005261; GO:0005262; GO:0005515; GO:0005634; GO:0005737; GO:0005783; GO:0005794; GO:0005886; GO:0005929; GO:0006611; GO:0006816; GO:0007156; GO:0007160; GO:0007161; GO:0007166; GO:0007204; GO:0007259; GO:0007507; GO:0009653; GO:0009986; GO:0016020; GO:0016055; GO:0016323; GO:0016328; GO:0018105; GO:0019901; GO:0019904; GO:0021510; GO:0021915; GO:0030155; GO:0030246; GO:0030660; GO:0031514; GO:0034405; GO:0034703; GO:0034704; GO:0036303; GO:0042813; GO:0043588; GO:0044325; GO:0045944; GO:0048565; GO:0048754; GO:0048806; GO:0050982; GO:0051216; GO:0051290; GO:0051726; GO:0060170; GO:0060236; GO:0060428; GO:0060674; GO:0061136; GO:0070062; GO:0070588; GO:0071941; GO:0072164; GO:0072177; GO:0072205; GO:0072218; GO:0072237; GO:0072287; GO:0090162; GO:0140416; GO:0140494; GO:0160040; GO:2000045	Golgi membrane; cartilage condensation; in utero embryonic development; kidney development; liver development; embryonic placenta development; polycystin complex; monoatomic cation channel activity; calcium channel activity; protein binding; nucleus; cytoplasm; endoplasmic reticulum; Golgi apparatus; plasma membrane; cilium; protein export from nucleus; calcium ion transport; homophilic cell adhesion via plasma membrane adhesion molecules; cell-matrix adhesion; calcium-independent cell-matrix adhesion; cell surface receptor signaling pathway; positive regulation of cytosolic calcium ion concentration; cell surface receptor signaling pathway via JAK-STAT; heart development; anatomical structure morphogenesis; cell surface; membrane; Wnt signaling pathway; basolateral plasma membrane; lateral plasma membrane; peptidyl-serine phosphorylation; protein kinase binding; protein domain specific binding; spinal cord development; neural tube development; regulation of cell adhesion; carbohydrate binding; Golgi-associated vesicle membrane; motile cilium; response to fluid shear stress; cation channel complex; calcium channel complex; lymph vessel morphogenesis; Wnt receptor activity; skin development; transmembrane transporter binding; positive regulation of transcription by RNA polymerase II; digestive tract development; branching morphogenesis of an epithelial tube; genitalia development; detection of mechanical stimulus; cartilage development; protein heterotetramerization; regulation of cell cycle; ciliary membrane; regulation of mitotic spindle organization; lung epithelium development; placenta blood vessel development; regulation of proteasomal protein catabolic process; extracellular exosome; calcium ion transmembrane transport; nitrogen cycle metabolic process; mesonephric tubule development; mesonephric duct development; metanephric collecting duct development; metanephric ascending thin limb development; metanephric proximal tubule development; metanephric distal tubule morphogenesis; establishment of epithelial cell polarity; transcription regulator inhibitor activity; migrasome; mitocytosis; regulation of G1/S transition of mitotic cell cycle	0.3464	0.00043	1.0	0.7272727272727273	0.7272727272727273	0.0	0.375	0.375
PKD1L1	I14_OG000504	Q8TDX9	ENSG00000158683	polycystin 1 like 1, transient receptor potential channel interacting	GO:0003127; GO:0005262; GO:0005515; GO:0005929; GO:0016020; GO:0034704; GO:0050982; GO:0060170; GO:0070588; GO:0070986; GO:0097730; GO:0098609	detection of nodal flow; calcium channel activity; protein binding; cilium; membrane; calcium channel complex; detection of mechanical stimulus; ciliary membrane; calcium ion transmembrane transport; left/right axis specification; non-motile cilium; cell-cell adhesion	0.3464	0.00043	1.0	0.7272727272727273	0.7272727272727273	0.0	0.375	0.375
PKD1L2	I14_OG000504	Q7Z442	ENSG00000166473	polycystin 1 like 2 (gene/pseudogene)	GO:0005262; GO:0005509; GO:0016020; GO:0030246; GO:0050982; GO:0070588	calcium channel activity; calcium ion binding; membrane; carbohydrate binding; detection of mechanical stimulus; calcium ion transmembrane transport	0.3464	0.00043	1.0	0.7272727272727273	0.7272727272727273	0.0	0.375	0.375
PKD1L2	I14_OG000504	Q7Z442	ENSG00000292248	polycystin 1 like 2 (gene/pseudogene)	GO:0005262; GO:0005509; GO:0016020; GO:0030246; GO:0050982; GO:0070588	calcium channel activity; calcium ion binding; membrane; carbohydrate binding; detection of mechanical stimulus; calcium ion transmembrane transport	0.3464	0.00043	1.0	0.7272727272727273	0.7272727272727273	0.0	0.375	0.375
PKD1L3	I14_OG000504	Q7Z443	ENSG00000277481	polycystin 1 like 3, transient receptor potential channel interacting	GO:0001581; GO:0005227; GO:0005261; GO:0005262; GO:0005515; GO:0005886; GO:0006812; GO:0008324; GO:0009986; GO:0016020; GO:0030246; GO:0033040; GO:0034703; GO:0043235; GO:0050915; GO:0050982; GO:0070062; GO:0070588; GO:0071468; GO:0098655; GO:0160128	detection of chemical stimulus involved in sensory perception of sour taste; calcium-activated cation channel activity; monoatomic cation channel activity; calcium channel activity; protein binding; plasma membrane; monoatomic cation transport; monoatomic cation transmembrane transporter activity; cell surface; membrane; carbohydrate binding; sour taste receptor activity; cation channel complex; receptor complex; sensory perception of sour taste; detection of mechanical stimulus; extracellular exosome; calcium ion transmembrane transport; cellular response to acidic pH; monoatomic cation transmembrane transport; pH-gated monoatomic ion channel activity	0.3464	0.00043	1.0	0.7272727272727273	0.7272727272727273	0.0	0.375	0.375
PKD2	I14_OG000504	Q13563	ENSG00000118762	polycystin 2, transient receptor potential cation channel	GO:0001658; GO:0001889; GO:0001892; GO:0001947; GO:0002133; GO:0003127; GO:0005102; GO:0005244; GO:0005245; GO:0005248; GO:0005249; GO:0005261; GO:0005262; GO:0005267; GO:0005509; GO:0005515; GO:0005737; GO:0005783; GO:0005789; GO:0005794; GO:0005829; GO:0005886; GO:0005911; GO:0005929; GO:0006816; GO:0006874; GO:0007166; GO:0007204; GO:0007259; GO:0007368; GO:0007507; GO:0008092; GO:0008285; GO:0009925; GO:0010628; GO:0015271; GO:0016020; GO:0016055; GO:0016323; GO:0019722; GO:0021510; GO:0021915; GO:0022843; GO:0030027; GO:0030659; GO:0031514; GO:0031587; GO:0034614; GO:0034703; GO:0035502; GO:0035725; GO:0035904; GO:0036064; GO:0042127; GO:0042802; GO:0042803; GO:0042805; GO:0043398; GO:0044325; GO:0044782; GO:0045180; GO:0045429; GO:0045944; GO:0048763; GO:0050982; GO:0051117; GO:0051209; GO:0051219; GO:0051262; GO:0051289; GO:0051290; GO:0051298; GO:0051371; GO:0051649; GO:0051726; GO:0060170; GO:0060674; GO:0061333; GO:0061441; GO:0070062; GO:0070588; GO:0071277; GO:0071320; GO:0071464; GO:0071470; GO:0071498; GO:0071805; GO:0071910; GO:0072075; GO:0072164; GO:0072177; GO:0072208; GO:0072214; GO:0072218; GO:0072219; GO:0072235; GO:0072284; GO:0072686; GO:0090279; GO:0097730; GO:0098553; GO:0098554; GO:0098662; GO:0140416; GO:0140494; GO:2000134	branching involved in ureteric bud morphogenesis; liver development; embryonic placenta development; heart looping; polycystin complex; detection of nodal flow; signaling receptor binding; voltage-gated monoatomic ion channel activity; voltage-gated calcium channel activity; voltage-gated sodium channel activity; voltage-gated potassium channel activity; monoatomic cation channel activity; calcium channel activity; potassium channel activity; calcium ion binding; protein binding; cytoplasm; endoplasmic reticulum; endoplasmic reticulum membrane; Golgi apparatus; cytosol; plasma membrane; cell-cell junction; cilium; calcium ion transport; intracellular calcium ion homeostasis; cell surface receptor signaling pathway; positive regulation of cytosolic calcium ion concentration; cell surface receptor signaling pathway via JAK-STAT; determination of left/right symmetry; heart development; cytoskeletal protein binding; negative regulation of cell population proliferation; basal plasma membrane; positive regulation of gene expression; outward rectifier potassium channel activity; membrane; Wnt signaling pathway; basolateral plasma membrane; calcium-mediated signaling; spinal cord development; neural tube development; voltage-gated monoatomic cation channel activity; lamellipodium; cytoplasmic vesicle membrane; motile cilium; positive regulation of inositol 1,4,5-trisphosphate-sensitive calcium-release channel activity; cellular response to reactive oxygen species; cation channel complex; metanephric part of ureteric bud development; sodium ion transmembrane transport; aorta development; ciliary basal body; regulation of cell population proliferation; identical protein binding; protein homodimerization activity; actinin binding; HLH domain binding; transmembrane transporter binding; cilium organization; basal cortex; positive regulation of nitric oxide biosynthetic process; positive regulation of transcription by RNA polymerase II; calcium-induced calcium release activity; detection of mechanical stimulus; ATPase binding; release of sequestered calcium ion into cytosol; phosphoprotein binding; protein tetramerization; protein homotetramerization; protein heterotetramerization; centrosome duplication; muscle alpha-actinin binding; establishment of localization in cell; regulation of cell cycle; ciliary membrane; placenta blood vessel development; renal tubule morphogenesis; renal artery morphogenesis; extracellular exosome; calcium ion transmembrane transport; cellular response to calcium ion; cellular response to cAMP; cellular response to hydrostatic pressure; cellular response to osmotic stress; cellular response to fluid shear stress; potassium ion transmembrane transport; determination of liver left/right asymmetry; metanephric mesenchyme development; mesonephric tubule development; mesonephric duct development; metanephric smooth muscle tissue development; metanephric cortex development; metanephric ascending thin limb development; metanephric cortical collecting duct development; metanephric distal tubule development; metanephric S-shaped body morphogenesis; mitotic spindle; regulation of calcium ion import; non-motile cilium; lumenal side of endoplasmic reticulum membrane; cytoplasmic side of endoplasmic reticulum membrane; inorganic cation transmembrane transport; transcription regulator inhibitor activity; migrasome; negative regulation of G1/S transition of mitotic cell cycle	0.3464	0.00043	1.0	0.7272727272727273	0.7272727272727273	0.0	0.375	0.375
PKD2L1	I14_OG000504	Q9P0L9	ENSG00000107593	polycystin 2 like 1, transient receptor potential cation channel	GO:0001581; GO:0005227; GO:0005261; GO:0005262; GO:0005272; GO:0005509; GO:0005515; GO:0005783; GO:0005829; GO:0005886; GO:0006812; GO:0007224; GO:0008092; GO:0008324; GO:0009415; GO:0009986; GO:0015269; GO:0015629; GO:0016020; GO:0031410; GO:0033040; GO:0034704; GO:0035725; GO:0042802; GO:0043231; GO:0043235; GO:0044325; GO:0050912; GO:0050915; GO:0050982; GO:0051289; GO:0051371; GO:0051393; GO:0060170; GO:0070588; GO:0071468; GO:0071805; GO:0097730; GO:0098655; GO:0098662; GO:0160128	detection of chemical stimulus involved in sensory perception of sour taste; calcium-activated cation channel activity; monoatomic cation channel activity; calcium channel activity; sodium channel activity; calcium ion binding; protein binding; endoplasmic reticulum; cytosol; plasma membrane; monoatomic cation transport; smoothened signaling pathway; cytoskeletal protein binding; monoatomic cation transmembrane transporter activity; response to water; cell surface; calcium-activated potassium channel activity; actin cytoskeleton; membrane; cytoplasmic vesicle; sour taste receptor activity; calcium channel complex; sodium ion transmembrane transport; identical protein binding; intracellular membrane-bounded organelle; receptor complex; transmembrane transporter binding; detection of chemical stimulus involved in sensory perception of taste; sensory perception of sour taste; detection of mechanical stimulus; protein homotetramerization; muscle alpha-actinin binding; alpha-actinin binding; ciliary membrane; calcium ion transmembrane transport; cellular response to acidic pH; potassium ion transmembrane transport; non-motile cilium; monoatomic cation transmembrane transport; inorganic cation transmembrane transport; pH-gated monoatomic ion channel activity	0.3464	0.00043	1.0	0.7272727272727273	0.7272727272727273	0.0	0.375	0.375
PKD2L2	I14_OG000504	Q9NZM6	ENSG00000078795	polycystin 2 like 2, transient receptor potential cation channel	GO:0005262; GO:0005509; GO:0016020; GO:0050982; GO:0070588	calcium channel activity; calcium ion binding; membrane; detection of mechanical stimulus; calcium ion transmembrane transport	0.3464	0.00043	1.0	0.7272727272727273	0.7272727272727273	0.0	0.375	0.375
PKDREJ	I14_OG000504	Q9NTG1	ENSG00000130943	polycystin family receptor for egg jelly	GO:0002080; GO:0005262; GO:0005509; GO:0007340; GO:0016020; GO:0050982; GO:0070588; GO:0097524	acrosomal membrane; calcium channel activity; calcium ion binding; acrosome reaction; membrane; detection of mechanical stimulus; calcium ion transmembrane transport; sperm plasma membrane	0.3464	0.00043	1.0	0.7272727272727273	0.7272727272727273	0.0	0.375	0.375
PLAC8	I14_OG000682	Q9NZF1	ENSG00000145287	placenta associated 8	GO:0003682; GO:0005576; GO:0006366; GO:0008284; GO:0009409; GO:0035578; GO:0040015; GO:0042742; GO:0043066; GO:0045944; GO:0050873; GO:0120162	chromatin binding; extracellular region; transcription by RNA polymerase II; positive regulation of cell population proliferation; response to cold; azurophil granule lumen; negative regulation of multicellular organism growth; defense response to bacterium; negative regulation of apoptotic process; positive regulation of transcription by RNA polymerase II; brown fat cell differentiation; positive regulation of cold-induced thermogenesis	0.4238	0.00308	1	0.5909090909090909	0.6363636363636364	0.0	0.1875	0.1875
PLAC8L1	I14_OG000682	A1L4L8	ENSG00000173261	PLAC8 like 1	NA	NA	0.4238	0.00308	1	0.5909090909090909	0.6363636363636364	0.0	0.1875	0.1875
PLB1	I14_OG004783	Q6P1J6	ENSG00000163803	phospholipase B1	GO:0001523; GO:0004622; GO:0004623; GO:0004806; GO:0005515; GO:0005886; GO:0006644; GO:0016324; GO:0019433; GO:0031526; GO:0034478; GO:0034638; GO:0036151; GO:0042572; GO:0046338; GO:0046340; GO:0047498; GO:0047499; GO:0050253; GO:2000344	retinoid metabolic process; lysophospholipase activity; phospholipase A2 activity; triacylglycerol lipase activity; protein binding; plasma membrane; phospholipid metabolic process; apical plasma membrane; triglyceride catabolic process; brush border membrane; phosphatidylglycerol catabolic process; phosphatidylcholine catabolic process; phosphatidylcholine acyl-chain remodeling; retinol metabolic process; phosphatidylethanolamine catabolic process; diacylglycerol catabolic process; calcium-dependent phospholipase A2 activity; calcium-independent phospholipase A2 activity; retinyl-palmitate esterase activity; positive regulation of acrosome reaction	0.4858	0.01635	0	0.3181818181818182	0.36363636363636365	0.0	0.0	0.0
PLD3	I14_OG004907	Q8IV08	ENSG00000105223	phospholipase D family member 3	GO:0000139; GO:0002376; GO:0004630; GO:0005515; GO:0005765; GO:0005789; GO:0006259; GO:0006954; GO:0014902; GO:0031901; GO:0031902; GO:0043202; GO:0045145; GO:0070062; GO:1900015	Golgi membrane; immune system process; phospholipase D activity; protein binding; lysosomal membrane; endoplasmic reticulum membrane; DNA metabolic process; inflammatory response; myotube differentiation; early endosome membrane; late endosome membrane; lysosomal lumen; single-stranded DNA 5'-3' DNA exonuclease activity; extracellular exosome; regulation of cytokine production involved in inflammatory response	0.4858	0.01444	0	0.3181818181818182	0.36363636363636365	0.0	0.0	0.0
PLD4	I14_OG004907	Q96BZ4	ENSG00000166428	phospholipase D family member 4	GO:0002244; GO:0005634; GO:0005769; GO:0005783; GO:0005789; GO:0006259; GO:0006909; GO:0006954; GO:0032588; GO:0045087; GO:0045145; GO:0045335; GO:0051649; GO:1900015	hematopoietic progenitor cell differentiation; nucleus; early endosome; endoplasmic reticulum; endoplasmic reticulum membrane; DNA metabolic process; phagocytosis; inflammatory response; trans-Golgi network membrane; innate immune response; single-stranded DNA 5'-3' DNA exonuclease activity; phagocytic vesicle; establishment of localization in cell; regulation of cytokine production involved in inflammatory response	0.4858	0.01444	0	0.3181818181818182	0.36363636363636365	0.0	0.0	0.0
PLD5	I14_OG004907	Q8N7P1	ENSG00000180287	phospholipase D family member 5	GO:0003824; GO:0016020	catalytic activity; membrane	0.4858	0.01444	0	0.3181818181818182	0.36363636363636365	0.0	0.0	0.0
PLEKHF1	I20_OG000625	Q96S99	ENSG00000166289	pleckstrin homology and FYVE domain containing 1	GO:0005515; GO:0005634; GO:0005764; GO:0005765; GO:0005768; GO:0005769; GO:0006915; GO:0007032; GO:0008333; GO:0010008; GO:0010314; GO:0010508; GO:0016050; GO:0032266; GO:0035091; GO:0046872; GO:0048471; GO:0070273; GO:0072659; GO:2001244	protein binding; nucleus; lysosome; lysosomal membrane; endosome; early endosome; apoptotic process; endosome organization; endosome to lysosome transport; endosome membrane; phosphatidylinositol-5-phosphate binding; positive regulation of autophagy; vesicle organization; phosphatidylinositol-3-phosphate binding; phosphatidylinositol binding; metal ion binding; perinuclear region of cytoplasm; phosphatidylinositol-4-phosphate binding; protein localization to plasma membrane; positive regulation of intrinsic apoptotic signaling pathway	0.3202	0.00089	1.0	0.6363636363636364	0.6363636363636364	0.0	0.3125	0.3125
PLEKHF2	I20_OG000625	Q9H8W4	ENSG00000175895	pleckstrin homology and FYVE domain containing 2	GO:0005515; GO:0005769; GO:0005783; GO:0007032; GO:0008333; GO:0015031; GO:0030133; GO:0031901; GO:0035091; GO:0046872	protein binding; early endosome; endoplasmic reticulum; endosome organization; endosome to lysosome transport; protein transport; transport vesicle; early endosome membrane; phosphatidylinositol binding; metal ion binding	0.3202	0.00089	1.0	0.6363636363636364	0.6363636363636364	0.0	0.3125	0.3125
PLEKHH3	I60_OG000037	Q7Z736	ENSG00000068137	pleckstrin homology, MyTH4 and FERM domain containing H3	GO:0005615; GO:0005856	extracellular space; cytoskeleton	0.334	6e-05	1	1.0	1.0	1.0	0.78125	0.8125
PNN	I14_OG013790	Q9H307	ENSG00000100941	pinin, desmosome associated protein	GO:0000398; GO:0003677; GO:0003723; GO:0005198; GO:0005515; GO:0005654; GO:0005882; GO:0005886; GO:0005911; GO:0007155; GO:0016020; GO:0016607; GO:0030057; GO:0035145; GO:0071013	mRNA splicing, via spliceosome; DNA binding; RNA binding; structural molecule activity; protein binding; nucleoplasm; intermediate filament; plasma membrane; cell-cell junction; cell adhesion; membrane; nuclear speck; desmosome; exon-exon junction complex; catalytic step 2 spliceosome	0.4084	0.02261	0	0.22727272727272727	0.2727272727272727	0.0	0.0	0.0
POC5	I14_OG013861	Q8NA72	ENSG00000152359	POC5 centriolar protein	GO:0005515; GO:0005654; GO:0005813; GO:0005814; GO:0005829; GO:0032391; GO:0042462	protein binding; nucleoplasm; centrosome; centriole; cytosol; photoreceptor connecting cilium; eye photoreceptor cell development	0.3687	0.03926	0	0.2727272727272727	0.2727272727272727	0.0	0.03125	0.0625
PPP4R4	I14_OG006334	Q6NUP7	ENSG00000119698	protein phosphatase 4 regulatory subunit 4	GO:0001835; GO:0004864; GO:0004865; GO:0005515; GO:0005737; GO:0005829; GO:0008287; GO:0019888	blastocyst hatching; protein phosphatase inhibitor activity; protein serine/threonine phosphatase inhibitor activity; protein binding; cytoplasm; cytosol; protein serine/threonine phosphatase complex; protein phosphatase regulator activity	0.6697	0.00308	1.0	0.6818181818181818	0.7272727272727273	0.0	0.0625	0.0625
PPP4R4	I14_OG006334	Q6NUP7	ENSG00000278326	protein phosphatase 4 regulatory subunit 4	GO:0001835; GO:0004864; GO:0004865; GO:0005515; GO:0005737; GO:0005829; GO:0008287; GO:0019888	blastocyst hatching; protein phosphatase inhibitor activity; protein serine/threonine phosphatase inhibitor activity; protein binding; cytoplasm; cytosol; protein serine/threonine phosphatase complex; protein phosphatase regulator activity	0.6697	0.00308	1.0	0.6818181818181818	0.7272727272727273	0.0	0.0625	0.0625
PRDM1	I14_OG006826	O75626	ENSG00000057657	PR/SET domain 1	GO:0000122; GO:0000978; GO:0001227; GO:0001763; GO:0001822; GO:0001893; GO:0002250; GO:0003170; GO:0003281; GO:0003700; GO:0005515; GO:0005634; GO:0005654; GO:0005730; GO:0005737; GO:0006357; GO:0007281; GO:0008168; GO:0009791; GO:0010467; GO:0010628; GO:0010629; GO:0032259; GO:0032823; GO:0033082; GO:0035904; GO:0042127; GO:0042462; GO:0045087; GO:0045165; GO:0046872; GO:0048844; GO:0051136; GO:0060040; GO:0060576; GO:0060707; GO:0060976; GO:1990226; GO:1990654; GO:1990837; GO:1990841	negative regulation of transcription by RNA polymerase II; RNA polymerase II cis-regulatory region sequence-specific DNA binding; DNA-binding transcription repressor activity, RNA polymerase II-specific; morphogenesis of a branching structure; kidney development; maternal placenta development; adaptive immune response; heart valve development; ventricular septum development; DNA-binding transcription factor activity; protein binding; nucleus; nucleoplasm; nucleolus; cytoplasm; regulation of transcription by RNA polymerase II; germ cell development; methyltransferase activity; post-embryonic development; gene expression; positive regulation of gene expression; negative regulation of gene expression; methylation; regulation of natural killer cell differentiation; regulation of extrathymic T cell differentiation; aorta development; regulation of cell population proliferation; eye photoreceptor cell development; innate immune response; cell fate commitment; metal ion binding; artery morphogenesis; regulation of NK T cell differentiation; retinal bipolar neuron differentiation; intestinal epithelial cell development; trophoblast giant cell differentiation; coronary vasculature development; histone methyltransferase binding; sebum secreting cell proliferation; sequence-specific double-stranded DNA binding; promoter-specific chromatin binding	0.4524	0.00062	1.0	0.5454545454545454	0.5454545454545454	0.0	0.125	0.125
PRDM10	I14_OG006826	Q9NQV6	ENSG00000170325	PR/SET domain 10	GO:0000785; GO:0003677; GO:0003700; GO:0005515; GO:0005634; GO:0008168; GO:0017053; GO:0032259; GO:0045893; GO:0045944; GO:0046872	chromatin; DNA binding; DNA-binding transcription factor activity; protein binding; nucleus; methyltransferase activity; transcription repressor complex; methylation; positive regulation of DNA-templated transcription; positive regulation of transcription by RNA polymerase II; metal ion binding	0.4524	0.00062	1.0	0.5454545454545454	0.5454545454545454	0.0	0.125	0.125
PRDM11	I14_OG006826	Q9NQV5	ENSG00000019485	PR/SET domain 11	GO:0000978; GO:0003682; GO:0003700; GO:0005515; GO:0005634; GO:0005737; GO:0005829; GO:0006357; GO:0008168; GO:0030308; GO:0032259; GO:0043408; GO:0045165; GO:0045892; GO:0045893; GO:0051726; GO:2000271	RNA polymerase II cis-regulatory region sequence-specific DNA binding; chromatin binding; DNA-binding transcription factor activity; protein binding; nucleus; cytoplasm; cytosol; regulation of transcription by RNA polymerase II; methyltransferase activity; negative regulation of cell growth; methylation; regulation of MAPK cascade; cell fate commitment; negative regulation of DNA-templated transcription; positive regulation of DNA-templated transcription; regulation of cell cycle; positive regulation of fibroblast apoptotic process	0.4524	0.00062	1.0	0.5454545454545454	0.5454545454545454	0.0	0.125	0.125
PRDM12	I14_OG006826	Q9H4Q4	ENSG00000130711	PR/SET domain 12	GO:0000122; GO:0003677; GO:0005634; GO:0005654; GO:0006479; GO:0008168; GO:0010468; GO:0019233; GO:0022008; GO:0031175; GO:0046872; GO:0050965; GO:0140713; GO:1990226	negative regulation of transcription by RNA polymerase II; DNA binding; nucleus; nucleoplasm; protein methylation; methyltransferase activity; regulation of gene expression; sensory perception of pain; neurogenesis; neuron projection development; metal ion binding; detection of temperature stimulus involved in sensory perception of pain; histone chaperone activity; histone methyltransferase binding	0.4524	0.00062	1.0	0.5454545454545454	0.5454545454545454	0.0	0.125	0.125
PRDM13	I14_OG006192	Q9H4Q3	ENSG00000112238	PR/SET domain 13	GO:0000122; GO:0003677; GO:0003682; GO:0003700; GO:0005634; GO:0006338; GO:0010468; GO:0021979; GO:0032259; GO:0042054; GO:0046872; GO:0061629; GO:0097154	negative regulation of transcription by RNA polymerase II; DNA binding; chromatin binding; DNA-binding transcription factor activity; nucleus; chromatin remodeling; regulation of gene expression; hypothalamus cell differentiation; methylation; histone methyltransferase activity; metal ion binding; RNA polymerase II-specific DNA-binding transcription factor binding; GABAergic neuron differentiation	0.4264	0.03667	0	0.2727272727272727	0.2727272727272727	0.0	0.0	0.0
PRDM14	I14_OG006826	Q9GZV8	ENSG00000147596	PR/SET domain 14	GO:0000122; GO:0000902; GO:0000977; GO:0001708; GO:0001827; GO:0003723; GO:0005515; GO:0005634; GO:0005654; GO:0006357; GO:0007281; GO:0007566; GO:0008168; GO:0008543; GO:0009566; GO:0030718; GO:0031490; GO:0032259; GO:0040037; GO:0043231; GO:0045814; GO:0046872; GO:0048873; GO:0141107; GO:1902093; GO:1902459; GO:1990226	negative regulation of transcription by RNA polymerase II; cell morphogenesis; RNA polymerase II transcription regulatory region sequence-specific DNA binding; cell fate specification; inner cell mass cell fate commitment; RNA binding; protein binding; nucleus; nucleoplasm; regulation of transcription by RNA polymerase II; germ cell development; embryo implantation; methyltransferase activity; fibroblast growth factor receptor signaling pathway; fertilization; germ-line stem cell population maintenance; chromatin DNA binding; methylation; negative regulation of fibroblast growth factor receptor signaling pathway; intracellular membrane-bounded organelle; negative regulation of gene expression, epigenetic; metal ion binding; homeostasis of number of cells within a tissue; methyltransferase regulator activity; positive regulation of flagellated sperm motility; positive regulation of stem cell population maintenance; histone methyltransferase binding	0.4524	0.00062	1.0	0.5454545454545454	0.5454545454545454	0.0	0.125	0.125
PRDM15	I14_OG006826	P57071	ENSG00000141956	PR/SET domain 15	GO:0000978; GO:0001228; GO:0005634; GO:0005654; GO:0006357; GO:0008168; GO:0016604; GO:0032259; GO:0043409; GO:0045944; GO:0046872; GO:0090263; GO:1990841; GO:2000035	RNA polymerase II cis-regulatory region sequence-specific DNA binding; DNA-binding transcription activator activity, RNA polymerase II-specific; nucleus; nucleoplasm; regulation of transcription by RNA polymerase II; methyltransferase activity; nuclear body; methylation; negative regulation of MAPK cascade; positive regulation of transcription by RNA polymerase II; metal ion binding; positive regulation of canonical Wnt signaling pathway; promoter-specific chromatin binding; regulation of stem cell division	0.4524	0.00062	1.0	0.5454545454545454	0.5454545454545454	0.0	0.125	0.125
PRDM16	I14_OG006826	Q9HAZ2	ENSG00000142611	PR/SET domain 16	GO:0000122; GO:0000976; GO:0000978; GO:0001227; GO:0001228; GO:0003712; GO:0003713; GO:0005515; GO:0005634; GO:0005654; GO:0005829; GO:0006338; GO:0006357; GO:0016235; GO:0017053; GO:0030512; GO:0030853; GO:0032259; GO:0043457; GO:0043565; GO:0045892; GO:0045893; GO:0045944; GO:0046872; GO:0046974; GO:0050873; GO:0070828; GO:0120162; GO:0140297; GO:0140938; GO:0140947; GO:0140948	negative regulation of transcription by RNA polymerase II; transcription cis-regulatory region binding; RNA polymerase II cis-regulatory region sequence-specific DNA binding; DNA-binding transcription repressor activity, RNA polymerase II-specific; DNA-binding transcription activator activity, RNA polymerase II-specific; transcription coregulator activity; transcription coactivator activity; protein binding; nucleus; nucleoplasm; cytosol; chromatin remodeling; regulation of transcription by RNA polymerase II; aggresome; transcription repressor complex; negative regulation of transforming growth factor beta receptor signaling pathway; negative regulation of granulocyte differentiation; methylation; regulation of cellular respiration; sequence-specific DNA binding; negative regulation of DNA-templated transcription; positive regulation of DNA-templated transcription; positive regulation of transcription by RNA polymerase II; metal ion binding; histone H3K9 methyltransferase activity; brown fat cell differentiation; heterochromatin organization; positive regulation of cold-induced thermogenesis; DNA-binding transcription factor binding; histone H3 methyltransferase activity; histone H3K9me2 methyltransferase activity; histone H3K9 monomethyltransferase activity	0.4524	0.00062	1.0	0.5454545454545454	0.5454545454545454	0.0	0.125	0.125
PRDM2	I14_OG006826	Q13029	ENSG00000116731	PR/SET domain 2	GO:0000122; GO:0000977; GO:0000981; GO:0001227; GO:0001228; GO:0003700; GO:0005634; GO:0005654; GO:0005794; GO:0006338; GO:0006355; GO:0006357; GO:0008270; GO:0008340; GO:0032259; GO:0043565; GO:0045944; GO:0140949	negative regulation of transcription by RNA polymerase II; RNA polymerase II transcription regulatory region sequence-specific DNA binding; DNA-binding transcription factor activity, RNA polymerase II-specific; DNA-binding transcription repressor activity, RNA polymerase II-specific; DNA-binding transcription activator activity, RNA polymerase II-specific; DNA-binding transcription factor activity; nucleus; nucleoplasm; Golgi apparatus; chromatin remodeling; regulation of DNA-templated transcription; regulation of transcription by RNA polymerase II; zinc ion binding; determination of adult lifespan; methylation; sequence-specific DNA binding; positive regulation of transcription by RNA polymerase II; histone H3K9 trimethyltransferase activity	0.4524	0.00062	1.0	0.5454545454545454	0.5454545454545454	0.0	0.125	0.125
PRDM4	I14_OG006826	Q9UKN5	ENSG00000110851	PR/SET domain 4	GO:0000978; GO:0000981; GO:0001228; GO:0005515; GO:0005634; GO:0006366; GO:0008168; GO:0010468; GO:0032259; GO:0035097; GO:0045944; GO:0046872; GO:1990226; GO:1990837	RNA polymerase II cis-regulatory region sequence-specific DNA binding; DNA-binding transcription factor activity, RNA polymerase II-specific; DNA-binding transcription activator activity, RNA polymerase II-specific; protein binding; nucleus; transcription by RNA polymerase II; methyltransferase activity; regulation of gene expression; methylation; histone methyltransferase complex; positive regulation of transcription by RNA polymerase II; metal ion binding; histone methyltransferase binding; sequence-specific double-stranded DNA binding	0.4524	0.00062	1.0	0.5454545454545454	0.5454545454545454	0.0	0.125	0.125
PRDM5	I14_OG006826	Q9NQX1	ENSG00000138738	PR/SET domain 5	GO:0000122; GO:0000278; GO:0000976; GO:0000977; GO:0000978; GO:0001227; GO:0003700; GO:0005515; GO:0005634; GO:0005654; GO:0005730; GO:0006325; GO:0008168; GO:0016604; GO:0032259; GO:0043565; GO:0045892; GO:0045944; GO:0046872; GO:0140297; GO:1903053; GO:1990830	negative regulation of transcription by RNA polymerase II; mitotic cell cycle; transcription cis-regulatory region binding; RNA polymerase II transcription regulatory region sequence-specific DNA binding; RNA polymerase II cis-regulatory region sequence-specific DNA binding; DNA-binding transcription repressor activity, RNA polymerase II-specific; DNA-binding transcription factor activity; protein binding; nucleus; nucleoplasm; nucleolus; chromatin organization; methyltransferase activity; nuclear body; methylation; sequence-specific DNA binding; negative regulation of DNA-templated transcription; positive regulation of transcription by RNA polymerase II; metal ion binding; DNA-binding transcription factor binding; regulation of extracellular matrix organization; cellular response to leukemia inhibitory factor	0.4524	0.00062	1.0	0.5454545454545454	0.5454545454545454	0.0	0.125	0.125
PRDM6	I14_OG006826	Q9NQX0	ENSG00000061455	PR/SET domain 6	GO:0000122; GO:0005515; GO:0005634; GO:0006338; GO:0010468; GO:0022008; GO:0032259; GO:0042802; GO:0046872; GO:0051151; GO:0140944	negative regulation of transcription by RNA polymerase II; protein binding; nucleus; chromatin remodeling; regulation of gene expression; neurogenesis; methylation; identical protein binding; metal ion binding; negative regulation of smooth muscle cell differentiation; histone H4K20 monomethyltransferase activity	0.4524	0.00062	1.0	0.5454545454545454	0.5454545454545454	0.0	0.125	0.125
PRDM7	I14_OG006826	Q9NQW5	ENSG00000126856	PR/SET domain 7	GO:0005515; GO:0005694; GO:0006338; GO:0006355; GO:0032259; GO:0042800	protein binding; chromosome; chromatin remodeling; regulation of DNA-templated transcription; methylation; histone H3K4 methyltransferase activity	0.4524	0.00062	1.0	0.5454545454545454	0.5454545454545454	0.0	0.125	0.125
PRDM8	I14_OG006826	Q9NQV8	ENSG00000152784	PR/SET domain 8	GO:0003677; GO:0003682; GO:0003714; GO:0005515; GO:0005634; GO:0005654; GO:0006338; GO:0006355; GO:0014003; GO:0016604; GO:0021540; GO:0021957; GO:0032259; GO:0045892; GO:0046872; GO:0046974	DNA binding; chromatin binding; transcription corepressor activity; protein binding; nucleus; nucleoplasm; chromatin remodeling; regulation of DNA-templated transcription; oligodendrocyte development; nuclear body; corpus callosum morphogenesis; corticospinal tract morphogenesis; methylation; negative regulation of DNA-templated transcription; metal ion binding; histone H3K9 methyltransferase activity	0.4524	0.00062	1.0	0.5454545454545454	0.5454545454545454	0.0	0.125	0.125
PRDM9	I14_OG006826	Q9NQV7	ENSG00000164256	PR/SET domain 9	GO:0000976; GO:0005634; GO:0005654; GO:0005694; GO:0006311; GO:0006338; GO:0006355; GO:0007129; GO:0007292; GO:0008270; GO:0010468; GO:0010844; GO:0010845; GO:0032259; GO:0042800; GO:0042803; GO:0043066; GO:0046975; GO:0048232; GO:0140941; GO:0140944; GO:0140949; GO:0140955; GO:0140999; GO:1905516; GO:1990918	transcription cis-regulatory region binding; nucleus; nucleoplasm; chromosome; meiotic gene conversion; chromatin remodeling; regulation of DNA-templated transcription; homologous chromosome pairing at meiosis; female gamete generation; zinc ion binding; regulation of gene expression; recombination hotspot binding; positive regulation of reciprocal meiotic recombination; methylation; histone H3K4 methyltransferase activity; protein homodimerization activity; negative regulation of apoptotic process; histone H3K36 methyltransferase activity; male gamete generation; histone H4K20me methyltransferase activity; histone H4K20 monomethyltransferase activity; histone H3K9 trimethyltransferase activity; histone H3K36 trimethyltransferase activity; histone H3K4 trimethyltransferase activity; positive regulation of fertilization; double-strand break repair involved in meiotic recombination	0.4524	0.00062	1.0	0.5454545454545454	0.5454545454545454	0.0	0.125	0.125
PRDM9	I14_OG006826	Q9NQV7	ENSG00000292167	PR/SET domain 9	GO:0000976; GO:0005634; GO:0005654; GO:0005694; GO:0006311; GO:0006338; GO:0006355; GO:0007129; GO:0007292; GO:0008270; GO:0010468; GO:0010844; GO:0010845; GO:0032259; GO:0042800; GO:0042803; GO:0043066; GO:0046975; GO:0048232; GO:0140941; GO:0140944; GO:0140949; GO:0140955; GO:0140999; GO:1905516; GO:1990918	transcription cis-regulatory region binding; nucleus; nucleoplasm; chromosome; meiotic gene conversion; chromatin remodeling; regulation of DNA-templated transcription; homologous chromosome pairing at meiosis; female gamete generation; zinc ion binding; regulation of gene expression; recombination hotspot binding; positive regulation of reciprocal meiotic recombination; methylation; histone H3K4 methyltransferase activity; protein homodimerization activity; negative regulation of apoptotic process; histone H3K36 methyltransferase activity; male gamete generation; histone H4K20me methyltransferase activity; histone H4K20 monomethyltransferase activity; histone H3K9 trimethyltransferase activity; histone H3K36 trimethyltransferase activity; histone H3K4 trimethyltransferase activity; positive regulation of fertilization; double-strand break repair involved in meiotic recombination	0.4524	0.00062	1.0	0.5454545454545454	0.5454545454545454	0.0	0.125	0.125
PREP	I14_OG000604	P48147	ENSG00000085377	prolyl endopeptidase	GO:0004252; GO:0005515; GO:0005634; GO:0005737; GO:0005829; GO:0006508; GO:0008236; GO:0016020; GO:0070012	serine-type endopeptidase activity; protein binding; nucleus; cytoplasm; cytosol; proteolysis; serine-type peptidase activity; membrane; oligopeptidase activity	0.3953	0.03755	1	1.0	1.0	1.0	0.6875	0.6875
PREPL	I14_OG000604	Q4J6C6	ENSG00000138078	prolyl endopeptidase like	GO:0004252; GO:0005634; GO:0005739; GO:0005794; GO:0005802; GO:0005829; GO:0005856; GO:0006508; GO:0008233; GO:0042147; GO:0043001; GO:2000300	serine-type endopeptidase activity; nucleus; mitochondrion; Golgi apparatus; trans-Golgi network; cytosol; cytoskeleton; proteolysis; peptidase activity; retrograde transport, endosome to Golgi; Golgi to plasma membrane protein transport; regulation of synaptic vesicle exocytosis	0.3953	0.03755	1	1.0	1.0	1.0	0.6875	0.6875
PSMG3	I14_OG005225	Q9BT73	ENSG00000157778	proteasome assembly chaperone 3	GO:0005515; GO:0032991; GO:0043248; GO:0044877; GO:0051131; GO:0060090	protein binding; protein-containing complex; proteasome assembly; protein-containing complex binding; chaperone-mediated protein complex assembly; molecular adaptor activity	0.3994	0.04942	1.0	0.7727272727272727	0.8181818181818181	0.0	0.375	0.375
PTCD1	I14_OG003395	O75127	ENSG00000106246	pentatricopeptide repeat domain 1	GO:0000049; GO:0003723; GO:0005515; GO:0005739; GO:0005759; GO:0032543; GO:0042780	tRNA binding; RNA binding; protein binding; mitochondrion; mitochondrial matrix; mitochondrial translation; tRNA 3'-end processing	0.4905	0	1	1.0	1.0	1.0	0.5625	0.5625
PTGR1	I14_OG000439	Q14914	ENSG00000106853	prostaglandin reductase 1	GO:0005515; GO:0005737; GO:0006691; GO:0006693; GO:0035798; GO:0036102; GO:0036185; GO:0047522; GO:0070062; GO:0097257; GO:2001302	protein binding; cytoplasm; leukotriene metabolic process; prostaglandin metabolic process; 2-alkenal reductase (NADPH) activity; leukotriene B4 metabolic process; 13-lipoxin reductase activity; 15-oxoprostaglandin 13-oxidase [NAD(P)+] activity; extracellular exosome; leukotriene B4 12-hydroxy dehydrogenase activity; lipoxin A4 metabolic process	0.4264	0.01031	1	0.9090909090909091	0.9090909090909091	0.5	0.5	0.5
PTGR2	I14_OG000439	Q8N8N7	ENSG00000140043	prostaglandin reductase 2	GO:0005515; GO:0005737; GO:0006693; GO:0047522	protein binding; cytoplasm; prostaglandin metabolic process; 15-oxoprostaglandin 13-oxidase [NAD(P)+] activity	0.4264	0.01031	1	0.9090909090909091	0.9090909090909091	0.5	0.5	0.5
PTGR3	I14_OG000439	Q8N4Q0	ENSG00000180011	prostaglandin reductase 3	GO:0005739; GO:0005777; GO:0006629; GO:0008270; GO:0045599; GO:0047522	mitochondrion; peroxisome; lipid metabolic process; zinc ion binding; negative regulation of fat cell differentiation; 15-oxoprostaglandin 13-oxidase [NAD(P)+] activity	0.4264	0.01031	1	0.9090909090909091	0.9090909090909091	0.5	0.5	0.5
PXK	I14_OG008611	Q7Z7A4	ENSG00000168297	PX domain containing serine/threonine kinase like	GO:0003779; GO:0005515; GO:0005634; GO:0005737; GO:0005829; GO:0005886; GO:0006954; GO:0032780; GO:0032991; GO:0034451; GO:0035091; GO:0043271; GO:0050804	actin binding; protein binding; nucleus; cytoplasm; cytosol; plasma membrane; inflammatory response; negative regulation of ATP-dependent activity; protein-containing complex; centriolar satellite; phosphatidylinositol binding; negative regulation of monoatomic ion transport; modulation of chemical synaptic transmission	0.3809	0.03739	0	0.36363636363636365	0.36363636363636365	0.0	0.0625	0.0625
PYDC2	I14_OG000435	Q56P42	ENSG00000253548	pyrin domain containing 2	GO:0005515; GO:0005634; GO:0005654; GO:0005730; GO:0005737; GO:0005829; GO:0006954; GO:0010804; GO:0032088; GO:0032691; GO:0045087; GO:0050728; GO:1900226; GO:1901223	protein binding; nucleus; nucleoplasm; nucleolus; cytoplasm; cytosol; inflammatory response; negative regulation of tumor necrosis factor-mediated signaling pathway; negative regulation of NF-kappaB transcription factor activity; negative regulation of interleukin-1 beta production; innate immune response; negative regulation of inflammatory response; negative regulation of NLRP3 inflammasome complex assembly; negative regulation of non-canonical NF-kappaB signal transduction	0.3807	0.00222	1	0.8181818181818182	0.8181818181818181	0.0	0.4375	0.4375
QDPR	I14_OG004314	P09417	ENSG00000151552	quinoid dihydropteridine reductase	GO:0004155; GO:0005737; GO:0005739; GO:0005829; GO:0006520; GO:0006559; GO:0006729; GO:0009055; GO:0051066; GO:0070062; GO:0070402; GO:0070404	6,7-dihydropteridine reductase activity; cytoplasm; mitochondrion; cytosol; amino acid metabolic process; L-phenylalanine catabolic process; tetrahydrobiopterin biosynthetic process; electron transfer activity; dihydrobiopterin metabolic process; extracellular exosome; NADPH binding; NADH binding	0.4609	0.03895	1.0	0.7727272727272727	0.8181818181818181	0.0	0.3125	0.3125
RALA	I60_OG000026	P11233	ENSG00000006451	RAS like proto-oncogene A	GO:0001843; GO:0003924; GO:0003925; GO:0005515; GO:0005525; GO:0005739; GO:0005886; GO:0005925; GO:0006887; GO:0006935; GO:0007165; GO:0007265; GO:0009986; GO:0017022; GO:0017157; GO:0019003; GO:0030139; GO:0030659; GO:0031623; GO:0031625; GO:0031755; GO:0032154; GO:0032956; GO:0045742; GO:0051117; GO:0051301; GO:0051491; GO:0051665; GO:0070062; GO:0072655; GO:0090141; GO:0090543; GO:0097060; GO:0098685; GO:0099149	neural tube closure; GTPase activity; G protein activity; protein binding; GTP binding; mitochondrion; plasma membrane; focal adhesion; exocytosis; chemotaxis; signal transduction; Ras protein signal transduction; cell surface; myosin binding; regulation of exocytosis; GDP binding; endocytic vesicle; cytoplasmic vesicle membrane; receptor internalization; ubiquitin protein ligase binding; Edg-2 lysophosphatidic acid receptor binding; cleavage furrow; regulation of actin cytoskeleton organization; positive regulation of epidermal growth factor receptor signaling pathway; ATPase binding; cell division; positive regulation of filopodium assembly; membrane raft localization; extracellular exosome; establishment of protein localization to mitochondrion; positive regulation of mitochondrial fission; Flemming body; synaptic membrane; Schaffer collateral - CA1 synapse; regulation of postsynaptic neurotransmitter receptor internalization	0.4381	0	1	0.8636363636363636	0.9090909090909091	0.0	0.4375	0.4375
RALB	I60_OG000026	P11234	ENSG00000144118	RAS like proto-oncogene B	GO:0001928; GO:0001934; GO:0003924; GO:0003925; GO:0005515; GO:0005525; GO:0005886; GO:0006915; GO:0007165; GO:0007265; GO:0009267; GO:0019003; GO:0030496; GO:0031623; GO:0031625; GO:0032091; GO:0032092; GO:0045742; GO:0051117; GO:0051301; GO:0060178; GO:0070062; GO:0071360; GO:0071902; GO:2000786	regulation of exocyst assembly; positive regulation of protein phosphorylation; GTPase activity; G protein activity; protein binding; GTP binding; plasma membrane; apoptotic process; signal transduction; Ras protein signal transduction; cellular response to starvation; GDP binding; midbody; receptor internalization; ubiquitin protein ligase binding; negative regulation of protein binding; positive regulation of protein binding; positive regulation of epidermal growth factor receptor signaling pathway; ATPase binding; cell division; regulation of exocyst localization; extracellular exosome; cellular response to exogenous dsRNA; positive regulation of protein serine/threonine kinase activity; positive regulation of autophagosome assembly	0.4381	0	1	0.8636363636363636	0.9090909090909091	0.0	0.4375	0.4375
RAP1A	I60_OG000026	P62834	ENSG00000116473	RAP1A, member of RAS oncogene family	GO:0003924; GO:0003925; GO:0005085; GO:0005515; GO:0005525; GO:0005737; GO:0005769; GO:0005770; GO:0005829; GO:0005886; GO:0007399; GO:0010008; GO:0010976; GO:0016079; GO:0019003; GO:0030054; GO:0031267; GO:0032045; GO:0032486; GO:0035579; GO:0038180; GO:0043005; GO:0043547; GO:0044877; GO:0045860; GO:0048471; GO:0061028; GO:0070062; GO:0070161; GO:0070374; GO:0071320; GO:0072659; GO:0097225; GO:0098696; GO:0098793; GO:0098978; GO:1901888; GO:1990090; GO:2000301; GO:2001214	GTPase activity; G protein activity; guanyl-nucleotide exchange factor activity; protein binding; GTP binding; cytoplasm; early endosome; late endosome; cytosol; plasma membrane; nervous system development; endosome membrane; positive regulation of neuron projection development; synaptic vesicle exocytosis; GDP binding; cell junction; small GTPase binding; guanyl-nucleotide exchange factor complex; Rap protein signal transduction; specific granule membrane; nerve growth factor signaling pathway; neuron projection; positive regulation of GTPase activity; protein-containing complex binding; positive regulation of protein kinase activity; perinuclear region of cytoplasm; establishment of endothelial barrier; extracellular exosome; anchoring junction; positive regulation of ERK1 and ERK2 cascade; cellular response to cAMP; protein localization to plasma membrane; sperm midpiece; regulation of neurotransmitter receptor localization to postsynaptic specialization membrane; presynapse; glutamatergic synapse; regulation of cell junction assembly; cellular response to nerve growth factor stimulus; negative regulation of synaptic vesicle exocytosis; positive regulation of vasculogenesis	0.4381	0	1	0.8636363636363636	0.9090909090909091	0.0	0.4375	0.4375
RAP1B	I60_OG000026	P61224	ENSG00000127314	RAP1B, member of RAS oncogene family	GO:0003924; GO:0003925; GO:0005515; GO:0005525; GO:0005811; GO:0005829; GO:0005886; GO:0005911; GO:0008283; GO:0016020; GO:0017156; GO:0019003; GO:0032486; GO:0033625; GO:0035577; GO:0044877; GO:0045955; GO:0051649; GO:0061028; GO:0070062; GO:0070374; GO:0071320; GO:0098978; GO:0099010; GO:1901888; GO:2000114; GO:2000301	GTPase activity; G protein activity; protein binding; GTP binding; lipid droplet; cytosol; plasma membrane; cell-cell junction; cell population proliferation; membrane; calcium-ion regulated exocytosis; GDP binding; Rap protein signal transduction; positive regulation of integrin activation; azurophil granule membrane; protein-containing complex binding; negative regulation of calcium ion-dependent exocytosis; establishment of localization in cell; establishment of endothelial barrier; extracellular exosome; positive regulation of ERK1 and ERK2 cascade; cellular response to cAMP; glutamatergic synapse; modification of postsynaptic structure; regulation of cell junction assembly; regulation of establishment of cell polarity; negative regulation of synaptic vesicle exocytosis	0.4381	0	1	0.8636363636363636	0.9090909090909091	0.0	0.4375	0.4375
RAP1B	I60_OG000026	A6NIZ1	ENSG00000127314	RAP1B, member of RAS oncogene family	GO:0003924; GO:0003925; GO:0005515; GO:0005525; GO:0005811; GO:0005829; GO:0005886; GO:0005911; GO:0008283; GO:0016020; GO:0017156; GO:0019003; GO:0032486; GO:0033625; GO:0035577; GO:0044877; GO:0045955; GO:0051649; GO:0061028; GO:0070062; GO:0070374; GO:0071320; GO:0098978; GO:0099010; GO:1901888; GO:2000114; GO:2000301	GTPase activity; G protein activity; protein binding; GTP binding; lipid droplet; cytosol; plasma membrane; cell-cell junction; cell population proliferation; membrane; calcium-ion regulated exocytosis; GDP binding; Rap protein signal transduction; positive regulation of integrin activation; azurophil granule membrane; protein-containing complex binding; negative regulation of calcium ion-dependent exocytosis; establishment of localization in cell; establishment of endothelial barrier; extracellular exosome; positive regulation of ERK1 and ERK2 cascade; cellular response to cAMP; glutamatergic synapse; modification of postsynaptic structure; regulation of cell junction assembly; regulation of establishment of cell polarity; negative regulation of synaptic vesicle exocytosis	0.4381	0	1	0.8636363636363636	0.9090909090909091	0.0	0.4375	0.4375
RAP2A	I60_OG000026	P10114	ENSG00000125249	RAP2A, member of RAS oncogene family	GO:0000287; GO:0001934; GO:0003924; GO:0003925; GO:0005515; GO:0005525; GO:0005829; GO:0005886; GO:0008104; GO:0019003; GO:0030033; GO:0030036; GO:0030336; GO:0030496; GO:0031954; GO:0032486; GO:0045184; GO:0046328; GO:0048814; GO:0051963; GO:0055037; GO:0055038; GO:0071466; GO:0072659; GO:0097060; GO:0098685; GO:0099072	magnesium ion binding; positive regulation of protein phosphorylation; GTPase activity; G protein activity; protein binding; GTP binding; cytosol; plasma membrane; protein localization; GDP binding; microvillus assembly; actin cytoskeleton organization; negative regulation of cell migration; midbody; positive regulation of protein autophosphorylation; Rap protein signal transduction; establishment of protein localization; regulation of JNK cascade; regulation of dendrite morphogenesis; regulation of synapse assembly; recycling endosome; recycling endosome membrane; cellular response to xenobiotic stimulus; protein localization to plasma membrane; synaptic membrane; Schaffer collateral - CA1 synapse; regulation of postsynaptic membrane neurotransmitter receptor levels	0.4381	0	1	0.8636363636363636	0.9090909090909091	0.0	0.4375	0.4375
RAP2B	I60_OG000026	P61225	ENSG00000181467	RAP2B, member of RAS oncogene family	GO:0003924; GO:0003925; GO:0005515; GO:0005525; GO:0005829; GO:0005886; GO:0005923; GO:0007165; GO:0016020; GO:0019003; GO:0019904; GO:0030168; GO:0030336; GO:0032486; GO:0035579; GO:0044291; GO:0045121; GO:0055038; GO:0061097; GO:0070062; GO:0070527; GO:0070821	GTPase activity; G protein activity; protein binding; GTP binding; cytosol; plasma membrane; bicellular tight junction; signal transduction; membrane; GDP binding; protein domain specific binding; platelet activation; negative regulation of cell migration; Rap protein signal transduction; specific granule membrane; cell-cell contact zone; membrane raft; recycling endosome membrane; regulation of protein tyrosine kinase activity; extracellular exosome; platelet aggregation; tertiary granule membrane	0.4381	0	1	0.8636363636363636	0.9090909090909091	0.0	0.4375	0.4375
RAP2C	I60_OG000026	Q9Y3L5	ENSG00000123728	RAP2C, member of RAS oncogene family	GO:0003713; GO:0003924; GO:0003925; GO:0005515; GO:0005525; GO:0005737; GO:0005829; GO:0005886; GO:0005923; GO:0019003; GO:0030336; GO:0032486; GO:0044291; GO:0045893; GO:0055038; GO:0061097; GO:0070062; GO:0070821; GO:0090557	transcription coactivator activity; GTPase activity; G protein activity; protein binding; GTP binding; cytoplasm; cytosol; plasma membrane; bicellular tight junction; GDP binding; negative regulation of cell migration; Rap protein signal transduction; cell-cell contact zone; positive regulation of DNA-templated transcription; recycling endosome membrane; regulation of protein tyrosine kinase activity; extracellular exosome; tertiary granule membrane; establishment of endothelial intestinal barrier	0.4381	0	1	0.8636363636363636	0.9090909090909091	0.0	0.4375	0.4375
RASD1	I60_OG000026	Q9Y272	ENSG00000108551	ras related dexamethasone induced 1	GO:0003924; GO:0005515; GO:0005525; GO:0005634; GO:0005737; GO:0005886; GO:0007165; GO:0007186; GO:0007263; GO:0016529; GO:0031681; GO:0045892; GO:0048471	GTPase activity; protein binding; GTP binding; nucleus; cytoplasm; plasma membrane; signal transduction; G protein-coupled receptor signaling pathway; nitric oxide mediated signal transduction; sarcoplasmic reticulum; G-protein beta-subunit binding; negative regulation of DNA-templated transcription; perinuclear region of cytoplasm	0.4381	0	1	0.8636363636363636	0.9090909090909091	0.0	0.4375	0.4375
RASD2	I60_OG000026	Q96D21	ENSG00000100302	RASD family member 2	GO:0001963; GO:0003924; GO:0005525; GO:0005886; GO:0007165; GO:0007626; GO:0031681; GO:0033235; GO:0045202; GO:0051897	synaptic transmission, dopaminergic; GTPase activity; GTP binding; plasma membrane; signal transduction; locomotory behavior; G-protein beta-subunit binding; positive regulation of protein sumoylation; synapse; positive regulation of phosphatidylinositol 3-kinase/protein kinase B signal transduction	0.4381	0	1	0.8636363636363636	0.9090909090909091	0.0	0.4375	0.4375
RASL10A	I60_OG000026	Q92737	ENSG00000100276	RAS like family 10 member A	GO:0003924; GO:0003925; GO:0005525; GO:0005730; GO:0005886; GO:0007264	GTPase activity; G protein activity; GTP binding; nucleolus; plasma membrane; small GTPase-mediated signal transduction	0.4381	0	1	0.8636363636363636	0.9090909090909091	0.0	0.4375	0.4375
RASL10B	I60_OG000026	Q96S79	ENSG00000270885	RAS like family 10 member B	GO:0003050; GO:0003925; GO:0005515; GO:0005525; GO:0005886; GO:0090277	regulation of systemic arterial blood pressure by atrial natriuretic peptide; G protein activity; protein binding; GTP binding; plasma membrane; positive regulation of peptide hormone secretion	0.4381	0	1	0.8636363636363636	0.9090909090909091	0.0	0.4375	0.4375
RASL11A	I60_OG000026	Q6T310	ENSG00000122035	RAS like family 11 member A	GO:0003925; GO:0005515; GO:0005525; GO:0005730; GO:0045943	G protein activity; protein binding; GTP binding; nucleolus; positive regulation of transcription by RNA polymerase I	0.4381	0	1	0.8636363636363636	0.9090909090909091	0.0	0.4375	0.4375
RASL11B	I60_OG000026	Q9BPW5	ENSG00000128045	RAS like family 11 member B	GO:0003925; GO:0005160; GO:0005515; GO:0005525; GO:0030512	G protein activity; transforming growth factor beta receptor binding; protein binding; GTP binding; negative regulation of transforming growth factor beta receptor signaling pathway	0.4381	0	1	0.8636363636363636	0.9090909090909091	0.0	0.4375	0.4375
RASL12	I60_OG000026	Q9NYN1	ENSG00000103710	RAS like family 12	GO:0003924; GO:0003925; GO:0005515; GO:0005525; GO:0005886; GO:0019003	GTPase activity; G protein activity; protein binding; GTP binding; plasma membrane; GDP binding	0.4381	0	1	0.8636363636363636	0.9090909090909091	0.0	0.4375	0.4375
RBM41	I14_OG006064	Q96IZ5	ENSG00000089682	RNA binding motif protein 41	GO:0000398; GO:0005515; GO:0005689; GO:0030626; GO:0097157	mRNA splicing, via spliceosome; protein binding; U12-type spliceosomal complex; U12 snRNA binding; pre-mRNA intronic binding	0.4633	0.02169	0.0	0.45454545454545453	0.4545454545454546	0.0	0.0625	0.0625
RBPMS	I14_OG004552	Q93062	ENSG00000157110	RNA binding protein, mRNA processing factor	GO:0000381; GO:0000932; GO:0003713; GO:0003723; GO:0003729; GO:0003730; GO:0005515; GO:0005634; GO:0005654; GO:0005737; GO:0005829; GO:0006396; GO:0006979; GO:0010494; GO:0042803; GO:0045893; GO:0060090; GO:0060395; GO:0065003; GO:0097157; GO:1990715	regulation of alternative mRNA splicing, via spliceosome; P-body; transcription coactivator activity; RNA binding; mRNA binding; mRNA 3'-UTR binding; protein binding; nucleus; nucleoplasm; cytoplasm; cytosol; RNA processing; response to oxidative stress; cytoplasmic stress granule; protein homodimerization activity; positive regulation of DNA-templated transcription; molecular adaptor activity; SMAD protein signal transduction; protein-containing complex assembly; pre-mRNA intronic binding; mRNA CDS binding	0.516	0.04329	0.5	0.5	0.5454545454545454	0.0	0.0625	0.0625
RBPMS2	I14_OG004552	Q6ZRY4	ENSG00000166831	RNA binding protein, mRNA processing factor 2	GO:0000381; GO:0003729; GO:0005515; GO:0005634; GO:0005737; GO:0005829; GO:0010494; GO:0030514; GO:0042802; GO:0042803; GO:0048557; GO:0048661; GO:0051151	regulation of alternative mRNA splicing, via spliceosome; mRNA binding; protein binding; nucleus; cytoplasm; cytosol; cytoplasmic stress granule; negative regulation of BMP signaling pathway; identical protein binding; protein homodimerization activity; embryonic digestive tract morphogenesis; positive regulation of smooth muscle cell proliferation; negative regulation of smooth muscle cell differentiation	0.516	0.04329	0.5	0.5	0.5454545454545454	0.0	0.0625	0.0625
RDH11	I60_OG000021	Q8TC12	ENSG00000072042	retinol dehydrogenase 11	GO:0001523; GO:0001917; GO:0004745; GO:0005515; GO:0005789; GO:0007601; GO:0016616; GO:0033721; GO:0042572; GO:0042574; GO:0052650; GO:0102354; GO:0110095	retinoid metabolic process; photoreceptor inner segment; all-trans-retinol dehydrogenase (NAD+) activity; protein binding; endoplasmic reticulum membrane; visual perception; oxidoreductase activity, acting on the CH-OH group of donors, NAD or NADP as acceptor; aldehyde dehydrogenase (NADP+) activity; retinol metabolic process; retinal metabolic process; all-trans-retinol dehydrogenase (NADP+) activity; 11-cis-retinol dehydrogenase activity; cellular detoxification of aldehyde	0.2932	0.00026	1	1.0	1.0	1.0	0.8125	0.8125
RDH12	I60_OG000021	Q96NR8	ENSG00000139988	retinol dehydrogenase 12	GO:0001523; GO:0001917; GO:0004745; GO:0005515; GO:0005789; GO:0007601; GO:0042572; GO:0045494; GO:0052650; GO:0060342; GO:0102354; GO:0110095	retinoid metabolic process; photoreceptor inner segment; all-trans-retinol dehydrogenase (NAD+) activity; protein binding; endoplasmic reticulum membrane; visual perception; retinol metabolic process; photoreceptor cell maintenance; all-trans-retinol dehydrogenase (NADP+) activity; photoreceptor inner segment membrane; 11-cis-retinol dehydrogenase activity; cellular detoxification of aldehyde	0.2932	0.00026	1	1.0	1.0	1.0	0.8125	0.8125
RDH13	I60_OG000021	Q8NBN7	ENSG00000160439	retinol dehydrogenase 13	GO:0005739; GO:0005743; GO:0009644; GO:0010842; GO:0042462; GO:0042572; GO:0042574; GO:0052650	mitochondrion; mitochondrial inner membrane; response to high light intensity; retina layer formation; eye photoreceptor cell development; retinol metabolic process; retinal metabolic process; all-trans-retinol dehydrogenase (NADP+) activity	0.2932	0.00026	1	1.0	1.0	1.0	0.8125	0.8125
RDH13	I60_OG000021	Q8NBN7	ENSG00000275474	retinol dehydrogenase 13	GO:0005739; GO:0005743; GO:0009644; GO:0010842; GO:0042462; GO:0042572; GO:0042574; GO:0052650	mitochondrion; mitochondrial inner membrane; response to high light intensity; retina layer formation; eye photoreceptor cell development; retinol metabolic process; retinal metabolic process; all-trans-retinol dehydrogenase (NADP+) activity	0.2932	0.00026	1	1.0	1.0	1.0	0.8125	0.8125
RDH13	I60_OG000021	Q8NBN7	ENSG00000273944	retinol dehydrogenase 13	GO:0005739; GO:0005743; GO:0009644; GO:0010842; GO:0042462; GO:0042572; GO:0042574; GO:0052650	mitochondrion; mitochondrial inner membrane; response to high light intensity; retina layer formation; eye photoreceptor cell development; retinol metabolic process; retinal metabolic process; all-trans-retinol dehydrogenase (NADP+) activity	0.2932	0.00026	1	1.0	1.0	1.0	0.8125	0.8125
RDH13	I60_OG000021	Q8NBN7	ENSG00000276341	retinol dehydrogenase 13	GO:0005739; GO:0005743; GO:0009644; GO:0010842; GO:0042462; GO:0042572; GO:0042574; GO:0052650	mitochondrion; mitochondrial inner membrane; response to high light intensity; retina layer formation; eye photoreceptor cell development; retinol metabolic process; retinal metabolic process; all-trans-retinol dehydrogenase (NADP+) activity	0.2932	0.00026	1	1.0	1.0	1.0	0.8125	0.8125
RDH13	I60_OG000021	Q8NBN7	ENSG00000274504	retinol dehydrogenase 13	GO:0005739; GO:0005743; GO:0009644; GO:0010842; GO:0042462; GO:0042572; GO:0042574; GO:0052650	mitochondrion; mitochondrial inner membrane; response to high light intensity; retina layer formation; eye photoreceptor cell development; retinol metabolic process; retinal metabolic process; all-trans-retinol dehydrogenase (NADP+) activity	0.2932	0.00026	1	1.0	1.0	1.0	0.8125	0.8125
RDH13	I60_OG000021	Q8NBN7	ENSG00000276826	retinol dehydrogenase 13	GO:0005739; GO:0005743; GO:0009644; GO:0010842; GO:0042462; GO:0042572; GO:0042574; GO:0052650	mitochondrion; mitochondrial inner membrane; response to high light intensity; retina layer formation; eye photoreceptor cell development; retinol metabolic process; retinal metabolic process; all-trans-retinol dehydrogenase (NADP+) activity	0.2932	0.00026	1	1.0	1.0	1.0	0.8125	0.8125
RDH13	I60_OG000021	Q8NBN7	ENSG00000276684	retinol dehydrogenase 13	GO:0005739; GO:0005743; GO:0009644; GO:0010842; GO:0042462; GO:0042572; GO:0042574; GO:0052650	mitochondrion; mitochondrial inner membrane; response to high light intensity; retina layer formation; eye photoreceptor cell development; retinol metabolic process; retinal metabolic process; all-trans-retinol dehydrogenase (NADP+) activity	0.2932	0.00026	1	1.0	1.0	1.0	0.8125	0.8125
RDH13	I60_OG000021	Q8NBN7	ENSG00000278149	retinol dehydrogenase 13	GO:0005739; GO:0005743; GO:0009644; GO:0010842; GO:0042462; GO:0042572; GO:0042574; GO:0052650	mitochondrion; mitochondrial inner membrane; response to high light intensity; retina layer formation; eye photoreceptor cell development; retinol metabolic process; retinal metabolic process; all-trans-retinol dehydrogenase (NADP+) activity	0.2932	0.00026	1	1.0	1.0	1.0	0.8125	0.8125
RDH13	I60_OG000021	Q8NBN7	ENSG00000274418	retinol dehydrogenase 13	GO:0005739; GO:0005743; GO:0009644; GO:0010842; GO:0042462; GO:0042572; GO:0042574; GO:0052650	mitochondrion; mitochondrial inner membrane; response to high light intensity; retina layer formation; eye photoreceptor cell development; retinol metabolic process; retinal metabolic process; all-trans-retinol dehydrogenase (NADP+) activity	0.2932	0.00026	1	1.0	1.0	1.0	0.8125	0.8125
RDH13	I60_OG000021	Q8NBN7	ENSG00000278284	retinol dehydrogenase 13	GO:0005739; GO:0005743; GO:0009644; GO:0010842; GO:0042462; GO:0042572; GO:0042574; GO:0052650	mitochondrion; mitochondrial inner membrane; response to high light intensity; retina layer formation; eye photoreceptor cell development; retinol metabolic process; retinal metabolic process; all-trans-retinol dehydrogenase (NADP+) activity	0.2932	0.00026	1	1.0	1.0	1.0	0.8125	0.8125
RDH14	I60_OG000021	Q9HBH5	ENSG00000240857	retinol dehydrogenase 14	GO:0001649; GO:0005515; GO:0005634; GO:0005654; GO:0005765; GO:0005783; GO:0005789; GO:0005829; GO:0016020; GO:0042572; GO:0052650; GO:0102354	osteoblast differentiation; protein binding; nucleus; nucleoplasm; lysosomal membrane; endoplasmic reticulum; endoplasmic reticulum membrane; cytosol; membrane; retinol metabolic process; all-trans-retinol dehydrogenase (NADP+) activity; 11-cis-retinol dehydrogenase activity	0.2932	0.00026	1	1.0	1.0	1.0	0.8125	0.8125
RECK	I14_OG000649	O95980	ENSG00000122707	reversion inducing cysteine rich protein with kazal motifs	GO:0001955; GO:0002040; GO:0004866; GO:0004867; GO:0005515; GO:0005576; GO:0005886; GO:0007566; GO:0008191; GO:0015026; GO:0016020; GO:0017147; GO:0030198; GO:0030336; GO:0035115; GO:0045765; GO:0060070; GO:0060828; GO:0090210; GO:0090263; GO:0098552; GO:1903053; GO:1904684; GO:1990909	blood vessel maturation; sprouting angiogenesis; endopeptidase inhibitor activity; serine-type endopeptidase inhibitor activity; protein binding; extracellular region; plasma membrane; embryo implantation; metalloendopeptidase inhibitor activity; coreceptor activity; membrane; Wnt-protein binding; extracellular matrix organization; negative regulation of cell migration; embryonic forelimb morphogenesis; regulation of angiogenesis; canonical Wnt signaling pathway; regulation of canonical Wnt signaling pathway; regulation of establishment of blood-brain barrier; positive regulation of canonical Wnt signaling pathway; side of membrane; regulation of extracellular matrix organization; negative regulation of metalloendopeptidase activity; Wnt signalosome	0.4798	0.00191	1	0.9090909090909091	0.9090909090909091	0.0	0.4375	0.4375
REM1	I60_OG000026	O75628	ENSG00000088320	RRAD and GEM like GTPase 1	GO:0003924; GO:0005246; GO:0005516; GO:0005525; GO:0005886; GO:0014722; GO:0030315; GO:0031674; GO:0044325; GO:1904878	GTPase activity; calcium channel regulator activity; calmodulin binding; GTP binding; plasma membrane; regulation of skeletal muscle contraction by calcium ion signaling; T-tubule; I band; transmembrane transporter binding; negative regulation of calcium ion transmembrane transport via high voltage-gated calcium channel	0.4381	0	1	0.8636363636363636	0.9090909090909091	0.0	0.4375	0.4375
REM2	I60_OG000026	Q8IYK8	ENSG00000139890	RRAD and GEM like GTPase 2	GO:0003924; GO:0005246; GO:0005515; GO:0005525; GO:0005886	GTPase activity; calcium channel regulator activity; protein binding; GTP binding; plasma membrane	0.4381	0	1	0.8636363636363636	0.9090909090909091	0.0	0.4375	0.4375
RERG	I60_OG000026	Q96A58	ENSG00000134533	RAS like estrogen regulated growth inhibitor	GO:0001650; GO:0003924; GO:0003925; GO:0005515; GO:0005525; GO:0005634; GO:0005654; GO:0005829; GO:0005886; GO:0007264; GO:0008285; GO:0009725; GO:0019003; GO:0030308; GO:0030331	fibrillar center; GTPase activity; G protein activity; protein binding; GTP binding; nucleus; nucleoplasm; cytosol; plasma membrane; small GTPase-mediated signal transduction; negative regulation of cell population proliferation; response to hormone; GDP binding; negative regulation of cell growth; nuclear estrogen receptor binding	0.4381	0	1	0.8636363636363636	0.9090909090909091	0.0	0.4375	0.4375
RERGL	I60_OG000026	Q9H628	ENSG00000111404	RERG like	GO:0003925; GO:0005525	G protein activity; GTP binding	0.4381	0	1	0.8636363636363636	0.9090909090909091	0.0	0.4375	0.4375
RGP1	I14_OG005013	Q92546	ENSG00000107185	RGP1 homolog, RAB6A GEF complex partner 1	GO:0000139; GO:0005085; GO:0005515; GO:0005829; GO:0005886; GO:0016020; GO:0031267; GO:0032588; GO:0032991; GO:0034066; GO:0042147; GO:0042177; GO:0043547	Golgi membrane; guanyl-nucleotide exchange factor activity; protein binding; cytosol; plasma membrane; membrane; small GTPase binding; trans-Golgi network membrane; protein-containing complex; Ric1-Rgp1 guanyl-nucleotide exchange factor complex; retrograde transport, endosome to Golgi; negative regulation of protein catabolic process; positive regulation of GTPase activity	0.3841	0.04972	1	0.7272727272727273	0.7272727272727273	0.0	0.34375	0.375
RGS1	I14_OG000856	Q08116	ENSG00000090104	regulator of G protein signaling 1	GO:0001965; GO:0003924; GO:0005096; GO:0005516; GO:0005829; GO:0005886; GO:0006955; GO:0007165; GO:0007186; GO:0007193; GO:0009617; GO:0009898; GO:0009968; GO:0043547; GO:0061737	G-protein alpha-subunit binding; GTPase activity; GTPase activator activity; calmodulin binding; cytosol; plasma membrane; immune response; signal transduction; G protein-coupled receptor signaling pathway; adenylate cyclase-inhibiting G protein-coupled receptor signaling pathway; response to bacterium; cytoplasmic side of plasma membrane; negative regulation of signal transduction; positive regulation of GTPase activity; leukotriene signaling pathway	0.3351	0.02802	0.0	0.45454545454545453	0.4545454545454546	0.0	0.15625	0.1875
RGS10	I14_OG000856	O43665	ENSG00000148908	regulator of G protein signaling 10	GO:0001965; GO:0003924; GO:0005096; GO:0005515; GO:0005634; GO:0005654; GO:0005829; GO:0005886; GO:0007186; GO:0007213; GO:0008277; GO:0009968; GO:0016604; GO:0043547; GO:0045202	G-protein alpha-subunit binding; GTPase activity; GTPase activator activity; protein binding; nucleus; nucleoplasm; cytosol; plasma membrane; G protein-coupled receptor signaling pathway; G protein-coupled acetylcholine receptor signaling pathway; regulation of G protein-coupled receptor signaling pathway; negative regulation of signal transduction; nuclear body; positive regulation of GTPase activity; synapse	0.3351	0.02802	0.0	0.45454545454545453	0.4545454545454546	0.0	0.15625	0.1875
RGS11	I14_OG000856	O94810	ENSG00000076344	regulator of G protein signaling 11	GO:0003924; GO:0005096; GO:0005737; GO:0005886; GO:0007186; GO:0008277; GO:0009968; GO:0031681; GO:0032991; GO:0035556; GO:0043005	GTPase activity; GTPase activator activity; cytoplasm; plasma membrane; G protein-coupled receptor signaling pathway; regulation of G protein-coupled receptor signaling pathway; negative regulation of signal transduction; G-protein beta-subunit binding; protein-containing complex; intracellular signal transduction; neuron projection	0.3351	0.02802	0.0	0.45454545454545453	0.4545454545454546	0.0	0.15625	0.1875
RGS12	I14_OG000856	O14924	ENSG00000159788	regulator of G protein signaling 12	GO:0000794; GO:0003924; GO:0005096; GO:0005515; GO:0005634; GO:0005654; GO:0005730; GO:0005737; GO:0005829; GO:0005886; GO:0007186; GO:0008277; GO:0009968; GO:0016363; GO:0030425; GO:0030695; GO:0045202	condensed nuclear chromosome; GTPase activity; GTPase activator activity; protein binding; nucleus; nucleoplasm; nucleolus; cytoplasm; cytosol; plasma membrane; G protein-coupled receptor signaling pathway; regulation of G protein-coupled receptor signaling pathway; negative regulation of signal transduction; nuclear matrix; dendrite; GTPase regulator activity; synapse	0.3351	0.02802	0.0	0.45454545454545453	0.4545454545454546	0.0	0.15625	0.1875
RGS13	I14_OG000856	O14921	ENSG00000127074	regulator of G protein signaling 13	GO:0003924; GO:0005515; GO:0005634; GO:0005829; GO:0005886; GO:0007186; GO:0045744	GTPase activity; protein binding; nucleus; cytosol; plasma membrane; G protein-coupled receptor signaling pathway; negative regulation of G protein-coupled receptor signaling pathway	0.3351	0.02802	0.0	0.45454545454545453	0.4545454545454546	0.0	0.15625	0.1875
RGS14	I14_OG000856	O43566	ENSG00000169220	regulator of G protein signaling 14	GO:0000278; GO:0000922; GO:0001965; GO:0003924; GO:0005092; GO:0005096; GO:0005515; GO:0005634; GO:0005737; GO:0005813; GO:0005819; GO:0005874; GO:0005886; GO:0006913; GO:0006979; GO:0007051; GO:0007059; GO:0007186; GO:0007612; GO:0007616; GO:0008017; GO:0008277; GO:0008542; GO:0010070; GO:0014069; GO:0016604; GO:0016605; GO:0019901; GO:0030159; GO:0030425; GO:0031914; GO:0032794; GO:0043197; GO:0043407; GO:0045744; GO:0048008; GO:0050769; GO:0051301; GO:0060291; GO:0070373; GO:0098978	mitotic cell cycle; spindle pole; G-protein alpha-subunit binding; GTPase activity; GDP-dissociation inhibitor activity; GTPase activator activity; protein binding; nucleus; cytoplasm; centrosome; spindle; microtubule; plasma membrane; nucleocytoplasmic transport; response to oxidative stress; spindle organization; chromosome segregation; G protein-coupled receptor signaling pathway; learning; long-term memory; microtubule binding; regulation of G protein-coupled receptor signaling pathway; visual learning; zygote asymmetric cell division; postsynaptic density; nuclear body; PML body; protein kinase binding; signaling receptor complex adaptor activity; dendrite; negative regulation of synaptic plasticity; GTPase activating protein binding; dendritic spine; negative regulation of MAP kinase activity; negative regulation of G protein-coupled receptor signaling pathway; platelet-derived growth factor receptor signaling pathway; positive regulation of neurogenesis; cell division; long-term synaptic potentiation; negative regulation of ERK1 and ERK2 cascade; glutamatergic synapse	0.3351	0.02802	0.0	0.45454545454545453	0.4545454545454546	0.0	0.15625	0.1875
RGS16	I14_OG000856	O15492	ENSG00000143333	regulator of G protein signaling 16	GO:0003924; GO:0005096; GO:0005515; GO:0005516; GO:0005737; GO:0005886; GO:0007186; GO:0007601; GO:0008277; GO:0009968; GO:0016020; GO:0043547	GTPase activity; GTPase activator activity; protein binding; calmodulin binding; cytoplasm; plasma membrane; G protein-coupled receptor signaling pathway; visual perception; regulation of G protein-coupled receptor signaling pathway; negative regulation of signal transduction; membrane; positive regulation of GTPase activity	0.3351	0.02802	0.0	0.45454545454545453	0.4545454545454546	0.0	0.15625	0.1875
RGS17	I14_OG000856	Q9UGC6	ENSG00000091844	regulator of G protein signaling 17	GO:0001975; GO:0003924; GO:0005096; GO:0005515; GO:0005634; GO:0005737; GO:0005886; GO:0007186; GO:0009968; GO:0043005; GO:0045202	response to amphetamine; GTPase activity; GTPase activator activity; protein binding; nucleus; cytoplasm; plasma membrane; G protein-coupled receptor signaling pathway; negative regulation of signal transduction; neuron projection; synapse	0.3351	0.02802	0.0	0.45454545454545453	0.4545454545454546	0.0	0.15625	0.1875
RGS18	I14_OG000856	Q9NS28	ENSG00000150681	regulator of G protein signaling 18	GO:0003924; GO:0005096; GO:0005515; GO:0005737; GO:0005886; GO:0007186; GO:0008277; GO:0009968	GTPase activity; GTPase activator activity; protein binding; cytoplasm; plasma membrane; G protein-coupled receptor signaling pathway; regulation of G protein-coupled receptor signaling pathway; negative regulation of signal transduction	0.3351	0.02802	0.0	0.45454545454545453	0.4545454545454546	0.0	0.15625	0.1875
RGS19	I14_OG000856	P49795	ENSG00000171700	regulator of G protein signaling 19	GO:0001965; GO:0003924; GO:0005515; GO:0005794; GO:0005886; GO:0005903; GO:0006914; GO:0007186; GO:0007264; GO:0009968; GO:0016020; GO:0030136; GO:0045471	G-protein alpha-subunit binding; GTPase activity; protein binding; Golgi apparatus; plasma membrane; brush border; autophagy; G protein-coupled receptor signaling pathway; small GTPase-mediated signal transduction; negative regulation of signal transduction; membrane; clathrin-coated vesicle; response to ethanol	0.3351	0.02802	0.0	0.45454545454545453	0.4545454545454546	0.0	0.15625	0.1875
RGS2	I14_OG000856	P41220	ENSG00000116741	regulator of G protein signaling 2	GO:0001965; GO:0001975; GO:0003924; GO:0005096; GO:0005515; GO:0005516; GO:0005634; GO:0005730; GO:0005737; GO:0005739; GO:0005829; GO:0005886; GO:0007186; GO:0007283; GO:0008277; GO:0009898; GO:0010519; GO:0010614; GO:0010855; GO:0010976; GO:0017148; GO:0043407; GO:0045471; GO:0045744; GO:0048487; GO:0050873; GO:0055119; GO:0060087; GO:0060135; GO:0060452; GO:0061052; GO:0071877; GO:1900924	G-protein alpha-subunit binding; response to amphetamine; GTPase activity; GTPase activator activity; protein binding; calmodulin binding; nucleus; nucleolus; cytoplasm; mitochondrion; cytosol; plasma membrane; G protein-coupled receptor signaling pathway; spermatogenesis; regulation of G protein-coupled receptor signaling pathway; cytoplasmic side of plasma membrane; negative regulation of phospholipase activity; negative regulation of cardiac muscle hypertrophy; adenylate cyclase inhibitor activity; positive regulation of neuron projection development; negative regulation of translation; negative regulation of MAP kinase activity; response to ethanol; negative regulation of G protein-coupled receptor signaling pathway; beta-tubulin binding; brown fat cell differentiation; relaxation of cardiac muscle; relaxation of vascular associated smooth muscle; maternal process involved in female pregnancy; positive regulation of cardiac muscle contraction; negative regulation of cell growth involved in cardiac muscle cell development; regulation of adenylate cyclase-inhibiting adrenergic receptor signaling pathway; negative regulation of glycine import across plasma membrane	0.3351	0.02802	0.0	0.45454545454545453	0.4545454545454546	0.0	0.15625	0.1875
RGS20	I14_OG000856	O76081	ENSG00000147509	regulator of G protein signaling 20	GO:0001975; GO:0003924; GO:0005096; GO:0005515; GO:0005634; GO:0005737; GO:0005802; GO:0005886; GO:0007186; GO:0008277; GO:0009968	response to amphetamine; GTPase activity; GTPase activator activity; protein binding; nucleus; cytoplasm; trans-Golgi network; plasma membrane; G protein-coupled receptor signaling pathway; regulation of G protein-coupled receptor signaling pathway; negative regulation of signal transduction	0.3351	0.02802	0.0	0.45454545454545453	0.4545454545454546	0.0	0.15625	0.1875
RGS21	I14_OG000856	Q2M5E4	ENSG00000253148	regulator of G protein signaling 21	GO:0003924; GO:0005886; GO:0007186; GO:0009968; GO:0019226; GO:0050913; GO:0050916; GO:0050917	GTPase activity; plasma membrane; G protein-coupled receptor signaling pathway; negative regulation of signal transduction; transmission of nerve impulse; sensory perception of bitter taste; sensory perception of sweet taste; sensory perception of umami taste	0.3351	0.02802	0.0	0.45454545454545453	0.4545454545454546	0.0	0.15625	0.1875
RGS3	I14_OG000856	P49796	ENSG00000138835	regulator of G protein signaling 3	GO:0003924; GO:0005096; GO:0005515; GO:0005634; GO:0005829; GO:0005886; GO:0007186; GO:0008277; GO:0009968	GTPase activity; GTPase activator activity; protein binding; nucleus; cytosol; plasma membrane; G protein-coupled receptor signaling pathway; regulation of G protein-coupled receptor signaling pathway; negative regulation of signal transduction	0.3351	0.02802	0.0	0.45454545454545453	0.4545454545454546	0.0	0.15625	0.1875
RGS4	I14_OG000856	P49798	ENSG00000117152	regulator of G protein signaling 4	GO:0001965; GO:0001975; GO:0003924; GO:0005096; GO:0005516; GO:0005634; GO:0005737; GO:0005886; GO:0007186; GO:0008277; GO:0010460; GO:0019901; GO:0032991; GO:0042220; GO:0045471; GO:0051924; GO:0060160; GO:0061052; GO:0110053; GO:1900924; GO:1901380; GO:1990791; GO:2000463	G-protein alpha-subunit binding; response to amphetamine; GTPase activity; GTPase activator activity; calmodulin binding; nucleus; cytoplasm; plasma membrane; G protein-coupled receptor signaling pathway; regulation of G protein-coupled receptor signaling pathway; positive regulation of heart rate; protein kinase binding; protein-containing complex; response to cocaine; response to ethanol; regulation of calcium ion transport; negative regulation of dopamine receptor signaling pathway; negative regulation of cell growth involved in cardiac muscle cell development; regulation of actin filament organization; negative regulation of glycine import across plasma membrane; negative regulation of potassium ion transmembrane transport; dorsal root ganglion development; positive regulation of excitatory postsynaptic potential	0.3351	0.02802	0.0	0.45454545454545453	0.4545454545454546	0.0	0.15625	0.1875
RGS5	I14_OG000856	O15539	ENSG00000143248	regulator of G protein signaling 5	GO:0003924; GO:0005096; GO:0005515; GO:0005829; GO:0005886; GO:0007186; GO:0008277; GO:0009968; GO:0043231	GTPase activity; GTPase activator activity; protein binding; cytosol; plasma membrane; G protein-coupled receptor signaling pathway; regulation of G protein-coupled receptor signaling pathway; negative regulation of signal transduction; intracellular membrane-bounded organelle	0.3351	0.02802	0.0	0.45454545454545453	0.4545454545454546	0.0	0.15625	0.1875
RGS6	I14_OG000856	P49758	ENSG00000182732	regulator of G protein signaling 6	GO:0003924; GO:0005096; GO:0005515; GO:0005634; GO:0005737; GO:0005829; GO:0005886; GO:0007186; GO:0008277; GO:0009968; GO:0016020; GO:0035556; GO:0043005; GO:0043547	GTPase activity; GTPase activator activity; protein binding; nucleus; cytoplasm; cytosol; plasma membrane; G protein-coupled receptor signaling pathway; regulation of G protein-coupled receptor signaling pathway; negative regulation of signal transduction; membrane; intracellular signal transduction; neuron projection; positive regulation of GTPase activity	0.3351	0.02802	0.0	0.45454545454545453	0.4545454545454546	0.0	0.15625	0.1875
RGS7	I14_OG000856	P49802	ENSG00000182901	regulator of G protein signaling 7	GO:0001965; GO:0001975; GO:0003924; GO:0005096; GO:0005635; GO:0005737; GO:0005829; GO:0005886; GO:0007186; GO:0031681; GO:0032991; GO:0035556; GO:0043005; GO:0043547; GO:0045471; GO:0045744; GO:1901381	G-protein alpha-subunit binding; response to amphetamine; GTPase activity; GTPase activator activity; nuclear envelope; cytoplasm; cytosol; plasma membrane; G protein-coupled receptor signaling pathway; G-protein beta-subunit binding; protein-containing complex; intracellular signal transduction; neuron projection; positive regulation of GTPase activity; response to ethanol; negative regulation of G protein-coupled receptor signaling pathway; positive regulation of potassium ion transmembrane transport	0.3351	0.02802	0.0	0.45454545454545453	0.4545454545454546	0.0	0.15625	0.1875
RGS8	I14_OG000856	P57771	ENSG00000135824	regulator of G protein signaling 8	GO:0003924; GO:0005096; GO:0005515; GO:0005634; GO:0005886; GO:0007186; GO:0007213; GO:0009898; GO:0009968; GO:0030425; GO:0032809; GO:0043204; GO:0043547; GO:0045202; GO:0060159	GTPase activity; GTPase activator activity; protein binding; nucleus; plasma membrane; G protein-coupled receptor signaling pathway; G protein-coupled acetylcholine receptor signaling pathway; cytoplasmic side of plasma membrane; negative regulation of signal transduction; dendrite; neuronal cell body membrane; perikaryon; positive regulation of GTPase activity; synapse; regulation of dopamine receptor signaling pathway	0.3351	0.02802	0.0	0.45454545454545453	0.4545454545454546	0.0	0.15625	0.1875
RGS9	I14_OG000856	O75916	ENSG00000108370	regulator of G protein signaling 9	GO:0001975; GO:0003924; GO:0005096; GO:0005515; GO:0005737; GO:0005886; GO:0007186; GO:0007212; GO:0007399; GO:0007601; GO:0008277; GO:0009968; GO:0032355; GO:0035556; GO:0036367; GO:0042734; GO:0043005; GO:0098839; GO:0098978; GO:1905912; GO:1990603	response to amphetamine; GTPase activity; GTPase activator activity; protein binding; cytoplasm; plasma membrane; G protein-coupled receptor signaling pathway; G protein-coupled dopamine receptor signaling pathway; nervous system development; visual perception; regulation of G protein-coupled receptor signaling pathway; negative regulation of signal transduction; response to estradiol; intracellular signal transduction; light adaption; presynaptic membrane; neuron projection; postsynaptic density membrane; glutamatergic synapse; regulation of calcium ion export across plasma membrane; dark adaptation	0.3351	0.02802	0.0	0.45454545454545453	0.4545454545454546	0.0	0.15625	0.1875
RHOBTB1	I14_OG006178	O94844	ENSG00000072422	Rho related BTB domain containing 1	GO:0003924; GO:0005515; GO:0005525; GO:0005856; GO:0005886; GO:0007015; GO:0007163; GO:0007165; GO:0008360; GO:0010008; GO:0019901; GO:0030865; GO:0031410; GO:0032956; GO:0042995	GTPase activity; protein binding; GTP binding; cytoskeleton; plasma membrane; actin filament organization; establishment or maintenance of cell polarity; signal transduction; regulation of cell shape; endosome membrane; protein kinase binding; cortical cytoskeleton organization; cytoplasmic vesicle; regulation of actin cytoskeleton organization; cell projection	0.4264	0.028	0	0.2727272727272727	0.2727272727272727	0.0	0.0	0.0
RHOBTB2	I14_OG006178	Q9BYZ6	ENSG00000008853	Rho related BTB domain containing 2	GO:0003924; GO:0005515; GO:0005525; GO:0005856; GO:0005886; GO:0007015; GO:0007163; GO:0007165; GO:0008360; GO:0010008; GO:0019901; GO:0030865; GO:0031410; GO:0032956; GO:0042995	GTPase activity; protein binding; GTP binding; cytoskeleton; plasma membrane; actin filament organization; establishment or maintenance of cell polarity; signal transduction; regulation of cell shape; endosome membrane; protein kinase binding; cortical cytoskeleton organization; cytoplasmic vesicle; regulation of actin cytoskeleton organization; cell projection	0.4264	0.028	0	0.2727272727272727	0.2727272727272727	0.0	0.0	0.0
RHOBTB3	I14_OG006178	O94955	ENSG00000164292	Rho related BTB domain containing 3	GO:0003924; GO:0005515; GO:0005524; GO:0005737; GO:0005829; GO:0008584; GO:0016887; GO:0030162; GO:0031267; GO:0031625; GO:0032588; GO:0042147; GO:0043161; GO:0070062	GTPase activity; protein binding; ATP binding; cytoplasm; cytosol; male gonad development; ATP hydrolysis activity; regulation of proteolysis; small GTPase binding; ubiquitin protein ligase binding; trans-Golgi network membrane; retrograde transport, endosome to Golgi; proteasome-mediated ubiquitin-dependent protein catabolic process; extracellular exosome	0.4264	0.028	0	0.2727272727272727	0.2727272727272727	0.0	0.0	0.0
RIT1	I60_OG000026	Q92963	ENSG00000143622	Ras like without CAAX 1	GO:0003924; GO:0003925; GO:0005515; GO:0005516; GO:0005525; GO:0005886; GO:0007165; GO:0007265; GO:0019003	GTPase activity; G protein activity; protein binding; calmodulin binding; GTP binding; plasma membrane; signal transduction; Ras protein signal transduction; GDP binding	0.4381	0	1	0.8636363636363636	0.9090909090909091	0.0	0.4375	0.4375
RIT2	I60_OG000026	Q99578	ENSG00000152214	Ras like without CAAX 2	GO:0003682; GO:0003924; GO:0003925; GO:0005515; GO:0005516; GO:0005525; GO:0005634; GO:0005654; GO:0005737; GO:0005794; GO:0005829; GO:0005886; GO:0007189; GO:0007264; GO:0007265; GO:0007268; GO:0010976; GO:0010977; GO:0019003; GO:0030100; GO:0030215; GO:0032489; GO:0032507; GO:0035556; GO:0043005; GO:0043410; GO:0044297; GO:0045121; GO:0045202; GO:0045944; GO:0050848; GO:0097447	chromatin binding; GTPase activity; G protein activity; protein binding; calmodulin binding; GTP binding; nucleus; nucleoplasm; cytoplasm; Golgi apparatus; cytosol; plasma membrane; adenylate cyclase-activating G protein-coupled receptor signaling pathway; small GTPase-mediated signal transduction; Ras protein signal transduction; chemical synaptic transmission; positive regulation of neuron projection development; negative regulation of neuron projection development; GDP binding; regulation of endocytosis; semaphorin receptor binding; regulation of Cdc42 protein signal transduction; maintenance of protein location in cell; intracellular signal transduction; neuron projection; positive regulation of MAPK cascade; cell body; membrane raft; synapse; positive regulation of transcription by RNA polymerase II; regulation of calcium-mediated signaling; dendritic tree	0.4381	0	1	0.8636363636363636	0.9090909090909091	0.0	0.4375	0.4375
RNF121	I14_OG005158	Q9H920	ENSG00000137522	ring finger protein 121	GO:0000139; GO:0005789; GO:0016567; GO:0036503; GO:0046872; GO:0061630	Golgi membrane; endoplasmic reticulum membrane; protein ubiquitination; ERAD pathway; metal ion binding; ubiquitin protein ligase activity	0.4354	0.0246	0.0	0.4090909090909091	0.4545454545454546	0.0	0.0625	0.0625
RNF14	I14_OG000601	Q9UBS8	ENSG00000013561	ring finger protein 14	GO:0000151; GO:0003713; GO:0005515; GO:0005634; GO:0005654; GO:0005737; GO:0005829; GO:0006355; GO:0006357; GO:0006511; GO:0007165; GO:0008270; GO:0016567; GO:0019787; GO:0022626; GO:0030521; GO:0031624; GO:0045893; GO:0050681; GO:0060765; GO:0060828; GO:0061630; GO:0072344; GO:0085020; GO:0160127	ubiquitin ligase complex; transcription coactivator activity; protein binding; nucleus; nucleoplasm; cytoplasm; cytosol; regulation of DNA-templated transcription; regulation of transcription by RNA polymerase II; ubiquitin-dependent protein catabolic process; signal transduction; zinc ion binding; protein ubiquitination; ubiquitin-like protein transferase activity; cytosolic ribosome; androgen receptor signaling pathway; ubiquitin conjugating enzyme binding; positive regulation of DNA-templated transcription; nuclear androgen receptor binding; regulation of androgen receptor signaling pathway; regulation of canonical Wnt signaling pathway; ubiquitin protein ligase activity; rescue of stalled ribosome; protein K6-linked ubiquitination; protein-RNA covalent cross-linking repair	0.3396	0.04865	1	0.7727272727272727	0.8181818181818181	0.0	0.4375	0.4375
RNF175	I14_OG005158	Q8N4F7	ENSG00000145428	ring finger protein 175	GO:0000139; GO:0005515; GO:0005789; GO:0036503; GO:0046872; GO:0061630	Golgi membrane; protein binding; endoplasmic reticulum membrane; ERAD pathway; metal ion binding; ubiquitin protein ligase activity	0.4354	0.0246	0.0	0.4090909090909091	0.4545454545454546	0.0	0.0625	0.0625
RNF217	I14_OG000601	Q8TC41	ENSG00000146373	ring finger protein 217	GO:0000151; GO:0004842; GO:0005737; GO:0005829; GO:0006511; GO:0008270; GO:0016020; GO:0016567; GO:0031624; GO:0061630	ubiquitin ligase complex; ubiquitin-protein transferase activity; cytoplasm; cytosol; ubiquitin-dependent protein catabolic process; zinc ion binding; membrane; protein ubiquitination; ubiquitin conjugating enzyme binding; ubiquitin protein ligase activity	0.3396	0.04865	1	0.7727272727272727	0.8181818181818181	0.0	0.4375	0.4375
RNH1	I14_OG000435	P13489	ENSG00000023191	ribonuclease/angiogenin inhibitor 1	GO:0005515; GO:0005634; GO:0005654; GO:0005737; GO:0005829; GO:0005886; GO:0006402; GO:0008428; GO:0016477; GO:0030027; GO:0032311; GO:0034315; GO:0036416; GO:0045765; GO:0070062	protein binding; nucleus; nucleoplasm; cytoplasm; cytosol; plasma membrane; mRNA catabolic process; ribonuclease inhibitor activity; cell migration; lamellipodium; angiogenin-PRI complex; regulation of Arp2/3 complex-mediated actin nucleation; tRNA stabilization; regulation of angiogenesis; extracellular exosome	0.3807	0.00222	1	0.8181818181818182	0.8181818181818181	0.0	0.4375	0.4375
RNH1	I14_OG000435	P13489	ENSG00000276230	ribonuclease/angiogenin inhibitor 1	GO:0005515; GO:0005634; GO:0005654; GO:0005737; GO:0005829; GO:0005886; GO:0006402; GO:0008428; GO:0016477; GO:0030027; GO:0032311; GO:0034315; GO:0036416; GO:0045765; GO:0070062	protein binding; nucleus; nucleoplasm; cytoplasm; cytosol; plasma membrane; mRNA catabolic process; ribonuclease inhibitor activity; cell migration; lamellipodium; angiogenin-PRI complex; regulation of Arp2/3 complex-mediated actin nucleation; tRNA stabilization; regulation of angiogenesis; extracellular exosome	0.3807	0.00222	1	0.8181818181818182	0.8181818181818181	0.0	0.4375	0.4375
RNPC3	I14_OG006064	Q96LT9	ENSG00000185946	RNA binding region (RNP1, RRM) containing 3	GO:0000398; GO:0005634; GO:0005654; GO:0005689; GO:0008380; GO:0030626; GO:0097157	mRNA splicing, via spliceosome; nucleus; nucleoplasm; U12-type spliceosomal complex; RNA splicing; U12 snRNA binding; pre-mRNA intronic binding	0.4633	0.02169	0.0	0.45454545454545453	0.4545454545454546	0.0	0.0625	0.0625
RPAP2	I14_OG010358	Q8IXW5	ENSG00000122484	RNA polymerase II associated protein 2	GO:0004722; GO:0005515; GO:0005634; GO:0005654; GO:0005730; GO:0005737; GO:0005829; GO:0006338; GO:0006357; GO:0008420; GO:0009301; GO:0017018; GO:0033192; GO:0036499; GO:0043175; GO:0046872; GO:0097550; GO:0140791; GO:0180004; GO:0180005; GO:0180006; GO:0180007; GO:0180008; GO:1990439	protein serine/threonine phosphatase activity; protein binding; nucleus; nucleoplasm; nucleolus; cytoplasm; cytosol; chromatin remodeling; regulation of transcription by RNA polymerase II; RNA polymerase II CTD heptapeptide repeat phosphatase activity; snRNA transcription; myosin phosphatase activity; calmodulin-dependent protein phosphatase activity; PERK-mediated unfolded protein response; RNA polymerase core enzyme binding; metal ion binding; transcription preinitiation complex; histone H2AXS140 phosphatase activity; RNA polymerase II CTD heptapeptide repeat Y1 phosphatase activity; RNA polymerase II CTD heptapeptide repeat T4 phosphatase activity; RNA polymerase II CTD heptapeptide repeat S2 phosphatase activity; RNA polymerase II CTD heptapeptide repeat S5 phosphatase activity; RNA polymerase II CTD heptapeptide repeat S7 phosphatase activity; MAP kinase serine/threonine phosphatase activity	0.5849	0.00181	1	0.6818181818181818	0.7272727272727273	0.0	0.125	0.125
RPE65	I14_OG002152	Q16518	ENSG00000116745	retinoid isomerohydrolase RPE65	GO:0001523; GO:0001786; GO:0001895; GO:0003407; GO:0003834; GO:0005515; GO:0005634; GO:0005789; GO:0005886; GO:0006776; GO:0007601; GO:0007623; GO:0016020; GO:0016853; GO:0031210; GO:0042572; GO:0042574; GO:0044297; GO:0046872; GO:0050251; GO:0050908; GO:0052884; GO:0052885; GO:1901612; GO:1901827	retinoid metabolic process; phosphatidylserine binding; retina homeostasis; neural retina development; beta-carotene 15,15'-dioxygenase activity; protein binding; nucleus; endoplasmic reticulum membrane; plasma membrane; vitamin A metabolic process; visual perception; circadian rhythm; membrane; isomerase activity; phosphatidylcholine binding; retinol metabolic process; retinal metabolic process; cell body; metal ion binding; retinol isomerase activity; detection of light stimulus involved in visual perception; all-trans-retinyl-palmitate hydrolase, 11-cis retinol forming activity; all-trans-retinyl-ester hydrolase, 11-cis retinol forming activity; cardiolipin binding; zeaxanthin biosynthetic process	0.5604	0.01432	1	0.5909090909090909	0.6363636363636364	0.0	0.09375	0.125
RRAD	I60_OG000026	P55042	ENSG00000166592	RRAD, Ras related glycolysis inhibitor and calcium channel regulator	GO:0003924; GO:0005246; GO:0005515; GO:0005516; GO:0005525; GO:0005829; GO:0005886; GO:0007264	GTPase activity; calcium channel regulator activity; protein binding; calmodulin binding; GTP binding; cytosol; plasma membrane; small GTPase-mediated signal transduction	0.4381	0	1	0.8636363636363636	0.9090909090909091	0.0	0.4375	0.4375
RRAS	I60_OG000026	P10301	ENSG00000126458	RAS related	GO:0002521; GO:0003924; GO:0005515; GO:0005525; GO:0005886; GO:0005925; GO:0007265; GO:0010595; GO:0019003; GO:0036135; GO:0044877; GO:0045766; GO:0051896; GO:0060325; GO:0070062; GO:0070372; GO:1900148; GO:1904906; GO:2001214	leukocyte differentiation; GTPase activity; protein binding; GTP binding; plasma membrane; focal adhesion; Ras protein signal transduction; positive regulation of endothelial cell migration; GDP binding; Schwann cell migration; protein-containing complex binding; positive regulation of angiogenesis; regulation of phosphatidylinositol 3-kinase/protein kinase B signal transduction; face morphogenesis; extracellular exosome; regulation of ERK1 and ERK2 cascade; negative regulation of Schwann cell migration; positive regulation of endothelial cell-matrix adhesion via fibronectin; positive regulation of vasculogenesis	0.4381	0	1	0.8636363636363636	0.9090909090909091	0.0	0.4375	0.4375
RRAS2	I60_OG000026	P62070	ENSG00000133818	RAS related 2	GO:0000139; GO:0001649; GO:0003924; GO:0005515; GO:0005525; GO:0005783; GO:0005886; GO:0005925; GO:0007265; GO:0016020; GO:0019003; GO:0036135; GO:0070062; GO:1900149; GO:1990606	Golgi membrane; osteoblast differentiation; GTPase activity; protein binding; GTP binding; endoplasmic reticulum; plasma membrane; focal adhesion; Ras protein signal transduction; membrane; GDP binding; Schwann cell migration; extracellular exosome; positive regulation of Schwann cell migration; membrane scission GTPase motor activity	0.4381	0	1	0.8636363636363636	0.9090909090909091	0.0	0.4375	0.4375
RREB1	I14_OG006192	Q92766	ENSG00000124782	ras responsive element binding protein 1	GO:0000122; GO:0000977; GO:0000978; GO:0001228; GO:0001650; GO:0005634; GO:0005737; GO:0006355; GO:0006357; GO:0006366; GO:0010634; GO:0016604; GO:0016607; GO:0033601; GO:0045893; GO:0045944; GO:0046872; GO:0070062; GO:0090336; GO:1900026; GO:1903691; GO:2000394	negative regulation of transcription by RNA polymerase II; RNA polymerase II transcription regulatory region sequence-specific DNA binding; RNA polymerase II cis-regulatory region sequence-specific DNA binding; DNA-binding transcription activator activity, RNA polymerase II-specific; fibrillar center; nucleus; cytoplasm; regulation of DNA-templated transcription; regulation of transcription by RNA polymerase II; transcription by RNA polymerase II; positive regulation of epithelial cell migration; nuclear body; nuclear speck; positive regulation of mammary gland epithelial cell proliferation; positive regulation of DNA-templated transcription; positive regulation of transcription by RNA polymerase II; metal ion binding; extracellular exosome; positive regulation of brown fat cell differentiation; positive regulation of substrate adhesion-dependent cell spreading; positive regulation of wound healing, spreading of epidermal cells; positive regulation of lamellipodium morphogenesis	0.4264	0.03667	0	0.2727272727272727	0.2727272727272727	0.0	0.0	0.0
RSKR	I60_OG000175	Q96LW2	ENSG00000167524	ribosomal protein S6 kinase related	GO:0004672; GO:0004676; GO:0004677; GO:0004679; GO:0004694; GO:0004711; GO:0005515; GO:0005524; GO:0006338; GO:0035175; GO:0035402; GO:0035403; GO:0035979; GO:0044022; GO:0044023; GO:0044024; GO:0044025; GO:0072354; GO:0072371; GO:0072518; GO:0106310; GO:0140823; GO:0140855; GO:0140857; GO:1990244	protein kinase activity; 3-phosphoinositide-dependent protein kinase activity; DNA-dependent protein kinase activity; AMP-activated protein kinase activity; eukaryotic translation initiation factor 2alpha kinase activity; ribosomal protein S6 kinase activity; protein binding; ATP binding; chromatin remodeling; histone H3S10 kinase activity; histone H3T11 kinase activity; histone H3T6 kinase activity; histone H2AXS139 kinase activity; histone H3S28 kinase activity; histone H4S1 kinase activity; histone H2AS1 kinase activity; histone H2BS14 kinase activity; histone H3T3 kinase activity; histone H2AS121 kinase activity; Rho-dependent protein serine/threonine kinase activity; protein serine kinase activity; histone H2BS36 kinase activity; histone H3S57 kinase activity; histone H3T45 kinase activity; histone H2AT120 kinase activity	0.3184	0.02529	1	0.9545454545454546	1.0	1.0	0.71875	0.75
RTL1	I60_OG000161	A6NKG5	ENSG00000254656	retrotransposon Gag like 1	GO:0016020	membrane	0.2541	0.00019	1	0.5909090909090909	0.6363636363636364	0.0	0.34375	0.375
RTN1	I14_OG005244	Q16799	ENSG00000139970	reticulon 1	GO:0000139; GO:0005515; GO:0005783; GO:0005789; GO:0007420; GO:0014069; GO:0030182; GO:0030425; GO:0043005; GO:0043025; GO:0071787; GO:1902430	Golgi membrane; protein binding; endoplasmic reticulum; endoplasmic reticulum membrane; brain development; postsynaptic density; neuron differentiation; dendrite; neuron projection; neuronal cell body; endoplasmic reticulum tubular network formation; negative regulation of amyloid-beta formation	0.5696	0.02069	1	0.7727272727272727	0.8181818181818181	0.0	0.21875	0.25
RTN2	I14_OG005244	O75298	ENSG00000125744	reticulon 2	GO:0005515; GO:0005783; GO:0005789; GO:0005882; GO:0007420; GO:0009986; GO:0010467; GO:0014069; GO:0014802; GO:0030018; GO:0030182; GO:0030315; GO:0033017; GO:0043005; GO:0046324; GO:0065002; GO:0071787; GO:1902430	protein binding; endoplasmic reticulum; endoplasmic reticulum membrane; intermediate filament; brain development; cell surface; gene expression; postsynaptic density; terminal cisterna; Z disc; neuron differentiation; T-tubule; sarcoplasmic reticulum membrane; neuron projection; regulation of D-glucose import; intracellular protein transmembrane transport; endoplasmic reticulum tubular network formation; negative regulation of amyloid-beta formation	0.5696	0.02069	1	0.7727272727272727	0.8181818181818181	0.0	0.21875	0.25
RTN3	I14_OG005244	O95197	ENSG00000133318	reticulon 3	GO:0000139; GO:0005515; GO:0005615; GO:0005783; GO:0005789; GO:0005794; GO:0005886; GO:0006915; GO:0007420; GO:0014069; GO:0016192; GO:0030182; GO:0043005; GO:0071786; GO:0071787; GO:1902430	Golgi membrane; protein binding; extracellular space; endoplasmic reticulum; endoplasmic reticulum membrane; Golgi apparatus; plasma membrane; apoptotic process; brain development; postsynaptic density; vesicle-mediated transport; neuron differentiation; neuron projection; endoplasmic reticulum tubular network organization; endoplasmic reticulum tubular network formation; negative regulation of amyloid-beta formation	0.5696	0.02069	1	0.7727272727272727	0.8181818181818181	0.0	0.21875	0.25
RTN4	I14_OG005244	Q9NQC3	ENSG00000115310	reticulon 4	GO:0001825; GO:0002523; GO:0003723; GO:0005515; GO:0005635; GO:0005783; GO:0005789; GO:0005886; GO:0006915; GO:0007029; GO:0007413; GO:0007420; GO:0010634; GO:0014069; GO:0021801; GO:0022009; GO:0030054; GO:0030182; GO:0030308; GO:0030334; GO:0030517; GO:0031625; GO:0033601; GO:0034165; GO:0035022; GO:0035441; GO:0042803; GO:0042981; GO:0043005; GO:0043025; GO:0045202; GO:0045296; GO:0045766; GO:0046872; GO:0050804; GO:0050821; GO:0051292; GO:0051897; GO:0060317; GO:0060907; GO:0061462; GO:0070161; GO:0071456; GO:0071782; GO:0071786; GO:0071787; GO:0090156; GO:0098826; GO:0098978; GO:0120078; GO:0150052; GO:1902430; GO:1902624; GO:1905523; GO:1905552; GO:1905580; GO:1905653; GO:1990809; GO:2000172; GO:2000347; GO:2001213	blastocyst formation; leukocyte migration involved in inflammatory response; RNA binding; protein binding; nuclear envelope; endoplasmic reticulum; endoplasmic reticulum membrane; plasma membrane; apoptotic process; endoplasmic reticulum organization; axonal fasciculation; brain development; positive regulation of epithelial cell migration; postsynaptic density; cerebral cortex radial glia-guided migration; central nervous system vasculogenesis; cell junction; neuron differentiation; negative regulation of cell growth; regulation of cell migration; negative regulation of axon extension; ubiquitin protein ligase binding; positive regulation of mammary gland epithelial cell proliferation; positive regulation of toll-like receptor 9 signaling pathway; positive regulation of Rac protein signal transduction; cell migration involved in vasculogenesis; protein homodimerization activity; regulation of apoptotic process; neuron projection; neuronal cell body; synapse; cadherin binding; positive regulation of angiogenesis; metal ion binding; modulation of chemical synaptic transmission; protein stabilization; nuclear pore complex assembly; positive regulation of phosphatidylinositol 3-kinase/protein kinase B signal transduction; cardiac epithelial to mesenchymal transition; positive regulation of macrophage cytokine production; protein localization to lysosome; anchoring junction; cellular response to hypoxia; endoplasmic reticulum tubular network; endoplasmic reticulum tubular network organization; endoplasmic reticulum tubular network formation; intracellular sphingolipid homeostasis; endoplasmic reticulum tubular network membrane; glutamatergic synapse; cell adhesion involved in sprouting angiogenesis; regulation of postsynapse assembly; negative regulation of amyloid-beta formation; positive regulation of neutrophil migration; positive regulation of macrophage migration; positive regulation of protein localization to endoplasmic reticulum; positive regulation of ERBB3 signaling pathway; positive regulation of artery morphogenesis; endoplasmic reticulum tubular network membrane organization; regulation of branching morphogenesis of a nerve; positive regulation of hepatocyte proliferation; negative regulation of vasculogenesis	0.5696	0.02069	1	0.7727272727272727	0.8181818181818181	0.0	0.21875	0.25
SALL1	I14_OG006192	Q9NSC2	ENSG00000103449	spalt like transcription factor 1	GO:0000122; GO:0000792; GO:0000978; GO:0000981; GO:0001227; GO:0001657; GO:0001658; GO:0001822; GO:0003281; GO:0003337; GO:0005515; GO:0005634; GO:0005654; GO:0005737; GO:0006357; GO:0007507; GO:0008013; GO:0008406; GO:0010369; GO:0021553; GO:0021889; GO:0021983; GO:0030177; GO:0030325; GO:0031129; GO:0042733; GO:0045892; GO:0045893; GO:0045944; GO:0046872; GO:0048566; GO:0060173; GO:0061034; GO:0072073; GO:0072092	negative regulation of transcription by RNA polymerase II; heterochromatin; RNA polymerase II cis-regulatory region sequence-specific DNA binding; DNA-binding transcription factor activity, RNA polymerase II-specific; DNA-binding transcription repressor activity, RNA polymerase II-specific; ureteric bud development; branching involved in ureteric bud morphogenesis; kidney development; ventricular septum development; mesenchymal to epithelial transition involved in metanephros morphogenesis; protein binding; nucleus; nucleoplasm; cytoplasm; regulation of transcription by RNA polymerase II; heart development; beta-catenin binding; gonad development; chromocenter; olfactory nerve development; olfactory bulb interneuron differentiation; pituitary gland development; positive regulation of Wnt signaling pathway; adrenal gland development; inductive cell-cell signaling; embryonic digit morphogenesis; negative regulation of DNA-templated transcription; positive regulation of DNA-templated transcription; positive regulation of transcription by RNA polymerase II; metal ion binding; embryonic digestive tract development; limb development; olfactory bulb mitral cell layer development; kidney epithelium development; ureteric bud invasion	0.4264	0.03667	0	0.2727272727272727	0.2727272727272727	0.0	0.0	0.0
SALL2	I14_OG006192	Q9Y467	ENSG00000165821	spalt like transcription factor 2	GO:0000977; GO:0000978; GO:0000981; GO:0001228; GO:0001654; GO:0005515; GO:0005634; GO:0006357; GO:0045944; GO:0046872	RNA polymerase II transcription regulatory region sequence-specific DNA binding; RNA polymerase II cis-regulatory region sequence-specific DNA binding; DNA-binding transcription factor activity, RNA polymerase II-specific; DNA-binding transcription activator activity, RNA polymerase II-specific; eye development; protein binding; nucleus; regulation of transcription by RNA polymerase II; positive regulation of transcription by RNA polymerase II; metal ion binding	0.4264	0.03667	0	0.2727272727272727	0.2727272727272727	0.0	0.0	0.0
SALL3	I14_OG006192	Q9BXA9	ENSG00000256463	spalt like transcription factor 3	GO:0000978; GO:0000981; GO:0005634; GO:0006357; GO:0046872	RNA polymerase II cis-regulatory region sequence-specific DNA binding; DNA-binding transcription factor activity, RNA polymerase II-specific; nucleus; regulation of transcription by RNA polymerase II; metal ion binding	0.4264	0.03667	0	0.2727272727272727	0.2727272727272727	0.0	0.0	0.0
SALL3	I14_OG006192	Q9BXA9	ENSG00000277015	spalt like transcription factor 3	GO:0000978; GO:0000981; GO:0005634; GO:0006357; GO:0046872	RNA polymerase II cis-regulatory region sequence-specific DNA binding; DNA-binding transcription factor activity, RNA polymerase II-specific; nucleus; regulation of transcription by RNA polymerase II; metal ion binding	0.4264	0.03667	0	0.2727272727272727	0.2727272727272727	0.0	0.0	0.0
SALL3	I14_OG006192	Q9BXA9	ENSG00000263310	spalt like transcription factor 3	GO:0000978; GO:0000981; GO:0005634; GO:0006357; GO:0046872	RNA polymerase II cis-regulatory region sequence-specific DNA binding; DNA-binding transcription factor activity, RNA polymerase II-specific; nucleus; regulation of transcription by RNA polymerase II; metal ion binding	0.4264	0.03667	0	0.2727272727272727	0.2727272727272727	0.0	0.0	0.0
SALL4	I14_OG006192	Q9UJQ4	ENSG00000101115	spalt like transcription factor 4	GO:0000122; GO:0000792; GO:0000978; GO:0000981; GO:0001833; GO:0001843; GO:0003281; GO:0005515; GO:0005634; GO:0005654; GO:0005737; GO:0006357; GO:0030326; GO:0032991; GO:0035019; GO:0043231; GO:0045944; GO:0046872	negative regulation of transcription by RNA polymerase II; heterochromatin; RNA polymerase II cis-regulatory region sequence-specific DNA binding; DNA-binding transcription factor activity, RNA polymerase II-specific; inner cell mass cell proliferation; neural tube closure; ventricular septum development; protein binding; nucleus; nucleoplasm; cytoplasm; regulation of transcription by RNA polymerase II; embryonic limb morphogenesis; protein-containing complex; somatic stem cell population maintenance; intracellular membrane-bounded organelle; positive regulation of transcription by RNA polymerase II; metal ion binding	0.4264	0.03667	0	0.2727272727272727	0.2727272727272727	0.0	0.0	0.0
SARAF	I14_OG005210	Q96BY9	ENSG00000133872	store-operated calcium entry associated regulatory factor	GO:0005515; GO:0005783; GO:0005789; GO:0006816; GO:0140268; GO:2001256	protein binding; endoplasmic reticulum; endoplasmic reticulum membrane; calcium ion transport; endoplasmic reticulum-plasma membrane contact site; regulation of store-operated calcium entry	0.4212	0.03479	0.5	0.5	0.5454545454545454	0.0	0.125	0.125
SCAI	I14_OG004830	Q8N9R8	ENSG00000173611	suppressor of cancer cell invasion	GO:0003714; GO:0005515; GO:0005634; GO:0005654; GO:0005737; GO:0006351; GO:0030336; GO:0031965; GO:0035024; GO:0045892	transcription corepressor activity; protein binding; nucleus; nucleoplasm; cytoplasm; DNA-templated transcription; negative regulation of cell migration; nuclear membrane; negative regulation of Rho protein signal transduction; negative regulation of DNA-templated transcription	0.4536	0.02714	0	0.36363636363636365	0.36363636363636365	0.0	0.03125	0.0625
SELENOF	I14_OG005671	O60613	ENSG00000183291	selenoprotein F	GO:0005515; GO:0005788; GO:0008379; GO:0008430; GO:0016491; GO:0035092; GO:0051084; GO:0098869	protein binding; endoplasmic reticulum lumen; thioredoxin peroxidase activity; selenium binding; oxidoreductase activity; sperm DNA condensation; 'de novo' post-translational protein folding; cellular oxidant detoxification	0.4238	0.0233	1.0	0.5909090909090909	0.6363636363636364	0.0	0.1875	0.1875
SETD7	I14_OG011103	Q8WTS6	ENSG00000145391	SET domain containing 7, histone lysine methyltransferase	GO:0002039; GO:0003682; GO:0005515; GO:0005634; GO:0005654; GO:0005694; GO:0005730; GO:0006325; GO:0006338; GO:0006974; GO:0016279; GO:0018026; GO:0018027; GO:0042054; GO:0045471; GO:0045893; GO:0070828; GO:0140938; GO:0140945	p53 binding; chromatin binding; protein binding; nucleus; nucleoplasm; chromosome; nucleolus; chromatin organization; chromatin remodeling; DNA damage response; protein-lysine N-methyltransferase activity; peptidyl-lysine monomethylation; peptidyl-lysine dimethylation; histone methyltransferase activity; response to ethanol; positive regulation of DNA-templated transcription; heterochromatin organization; histone H3 methyltransferase activity; histone H3K4 monomethyltransferase activity	0.3489	0.01788	0	0.3181818181818182	0.36363636363636365	0.0	0.0625	0.0625
SGK1	I60_OG000175	O00141	ENSG00000118515	serum/glucocorticoid regulated kinase 1	GO:0001558; GO:0004674; GO:0004676; GO:0004677; GO:0004679; GO:0004694; GO:0004711; GO:0004712; GO:0005246; GO:0005515; GO:0005524; GO:0005634; GO:0005654; GO:0005737; GO:0005739; GO:0005789; GO:0005829; GO:0005886; GO:0006338; GO:0006468; GO:0006814; GO:0006915; GO:0006974; GO:0007616; GO:0008217; GO:0015459; GO:0016607; GO:0017080; GO:0017081; GO:0030334; GO:0032411; GO:0035175; GO:0035402; GO:0035403; GO:0035556; GO:0035979; GO:0042127; GO:0042981; GO:0044022; GO:0044023; GO:0044024; GO:0044025; GO:0048812; GO:0050790; GO:0051090; GO:0060453; GO:0070294; GO:0072354; GO:0072371; GO:0072518; GO:0106310; GO:0140823; GO:0140855; GO:0140857; GO:1901796; GO:1904045; GO:1990244	regulation of cell growth; protein serine/threonine kinase activity; 3-phosphoinositide-dependent protein kinase activity; DNA-dependent protein kinase activity; AMP-activated protein kinase activity; eukaryotic translation initiation factor 2alpha kinase activity; ribosomal protein S6 kinase activity; protein serine/threonine/tyrosine kinase activity; calcium channel regulator activity; protein binding; ATP binding; nucleus; nucleoplasm; cytoplasm; mitochondrion; endoplasmic reticulum membrane; cytosol; plasma membrane; chromatin remodeling; protein phosphorylation; sodium ion transport; apoptotic process; DNA damage response; long-term memory; regulation of blood pressure; potassium channel regulator activity; nuclear speck; sodium channel regulator activity; chloride channel regulator activity; regulation of cell migration; positive regulation of transporter activity; histone H3S10 kinase activity; histone H3T11 kinase activity; histone H3T6 kinase activity; intracellular signal transduction; histone H2AXS139 kinase activity; regulation of cell population proliferation; regulation of apoptotic process; histone H3S28 kinase activity; histone H4S1 kinase activity; histone H2AS1 kinase activity; histone H2BS14 kinase activity; neuron projection morphogenesis; regulation of catalytic activity; regulation of DNA-binding transcription factor activity; regulation of gastric acid secretion; renal sodium ion absorption; histone H3T3 kinase activity; histone H2AS121 kinase activity; Rho-dependent protein serine/threonine kinase activity; protein serine kinase activity; histone H2BS36 kinase activity; histone H3S57 kinase activity; histone H3T45 kinase activity; regulation of signal transduction by p53 class mediator; cellular response to aldosterone; histone H2AT120 kinase activity	0.3184	0.02529	1	0.9545454545454546	1.0	1.0	0.71875	0.75
SGK2	I60_OG000175	Q9HBY8	ENSG00000101049	serum/glucocorticoid regulated kinase 2	GO:0001558; GO:0004674; GO:0004676; GO:0004677; GO:0004679; GO:0004694; GO:0004711; GO:0005515; GO:0005524; GO:0005654; GO:0005829; GO:0006338; GO:0006468; GO:0006979; GO:0015459; GO:0017080; GO:0032411; GO:0035175; GO:0035402; GO:0035403; GO:0035556; GO:0035979; GO:0042127; GO:0044022; GO:0044023; GO:0044024; GO:0044025; GO:0072354; GO:0072371; GO:0072518; GO:0106310; GO:0140823; GO:0140855; GO:0140857; GO:1990244	regulation of cell growth; protein serine/threonine kinase activity; 3-phosphoinositide-dependent protein kinase activity; DNA-dependent protein kinase activity; AMP-activated protein kinase activity; eukaryotic translation initiation factor 2alpha kinase activity; ribosomal protein S6 kinase activity; protein binding; ATP binding; nucleoplasm; cytosol; chromatin remodeling; protein phosphorylation; response to oxidative stress; potassium channel regulator activity; sodium channel regulator activity; positive regulation of transporter activity; histone H3S10 kinase activity; histone H3T11 kinase activity; histone H3T6 kinase activity; intracellular signal transduction; histone H2AXS139 kinase activity; regulation of cell population proliferation; histone H3S28 kinase activity; histone H4S1 kinase activity; histone H2AS1 kinase activity; histone H2BS14 kinase activity; histone H3T3 kinase activity; histone H2AS121 kinase activity; Rho-dependent protein serine/threonine kinase activity; protein serine kinase activity; histone H2BS36 kinase activity; histone H3S57 kinase activity; histone H3T45 kinase activity; histone H2AT120 kinase activity	0.3184	0.02529	1	0.9545454545454546	1.0	1.0	0.71875	0.75
SGK3	I60_OG000175	Q96BR1	ENSG00000104205	serum/glucocorticoid regulated kinase family member 3	GO:0001558; GO:0004672; GO:0004674; GO:0004676; GO:0004677; GO:0004679; GO:0004694; GO:0004711; GO:0005246; GO:0005515; GO:0005524; GO:0005769; GO:0005829; GO:0006338; GO:0006468; GO:0015459; GO:0017080; GO:0017081; GO:0030334; GO:0035091; GO:0035175; GO:0035402; GO:0035403; GO:0035556; GO:0035979; GO:0042127; GO:0044022; GO:0044023; GO:0044024; GO:0044025; GO:0051090; GO:0055037; GO:0072354; GO:0072371; GO:0072518; GO:0106310; GO:0140823; GO:0140855; GO:0140857; GO:1990244; GO:2001240	regulation of cell growth; protein kinase activity; protein serine/threonine kinase activity; 3-phosphoinositide-dependent protein kinase activity; DNA-dependent protein kinase activity; AMP-activated protein kinase activity; eukaryotic translation initiation factor 2alpha kinase activity; ribosomal protein S6 kinase activity; calcium channel regulator activity; protein binding; ATP binding; early endosome; cytosol; chromatin remodeling; protein phosphorylation; potassium channel regulator activity; sodium channel regulator activity; chloride channel regulator activity; regulation of cell migration; phosphatidylinositol binding; histone H3S10 kinase activity; histone H3T11 kinase activity; histone H3T6 kinase activity; intracellular signal transduction; histone H2AXS139 kinase activity; regulation of cell population proliferation; histone H3S28 kinase activity; histone H4S1 kinase activity; histone H2AS1 kinase activity; histone H2BS14 kinase activity; regulation of DNA-binding transcription factor activity; recycling endosome; histone H3T3 kinase activity; histone H2AS121 kinase activity; Rho-dependent protein serine/threonine kinase activity; protein serine kinase activity; histone H2BS36 kinase activity; histone H3S57 kinase activity; histone H3T45 kinase activity; histone H2AT120 kinase activity; negative regulation of extrinsic apoptotic signaling pathway in absence of ligand	0.3184	0.02529	1	0.9545454545454546	1.0	1.0	0.71875	0.75
SIGMAR1	I14_OG005961	Q99720	ENSG00000147955	sigma non-opioid intracellular receptor 1	GO:0004985; GO:0005515; GO:0005635; GO:0005637; GO:0005640; GO:0005783; GO:0005789; GO:0005811; GO:0005829; GO:0006869; GO:0007399; GO:0014069; GO:0016020; GO:0030426; GO:0031410; GO:0038003; GO:0042802; GO:0043523; GO:0070161; GO:0070207; GO:0098839; GO:0098978; GO:0150052	G protein-coupled opioid receptor activity; protein binding; nuclear envelope; nuclear inner membrane; nuclear outer membrane; endoplasmic reticulum; endoplasmic reticulum membrane; lipid droplet; cytosol; lipid transport; nervous system development; postsynaptic density; membrane; growth cone; cytoplasmic vesicle; G protein-coupled opioid receptor signaling pathway; identical protein binding; regulation of neuron apoptotic process; anchoring junction; protein homotrimerization; postsynaptic density membrane; glutamatergic synapse; regulation of postsynapse assembly	0.4524	0.01426	1.0	0.5454545454545454	0.5454545454545454	0.0	0.125	0.125
SKP2	I14_OG009604	Q13309	ENSG00000145604	S-phase kinase associated protein 2	GO:0000082; GO:0000086; GO:0005515; GO:0005634; GO:0005654; GO:0005730; GO:0005829; GO:0019005; GO:0031146; GO:0033148; GO:0042802; GO:0042981; GO:0043161; GO:0045087; GO:0051607; GO:0051726; GO:0070534; GO:0070936; GO:1902916; GO:1905168; GO:1990756	G1/S transition of mitotic cell cycle; G2/M transition of mitotic cell cycle; protein binding; nucleus; nucleoplasm; nucleolus; cytosol; SCF ubiquitin ligase complex; SCF-dependent proteasomal ubiquitin-dependent protein catabolic process; positive regulation of intracellular estrogen receptor signaling pathway; identical protein binding; regulation of apoptotic process; proteasome-mediated ubiquitin-dependent protein catabolic process; innate immune response; defense response to virus; regulation of cell cycle; protein K63-linked ubiquitination; protein K48-linked ubiquitination; positive regulation of protein polyubiquitination; positive regulation of double-strand break repair via homologous recombination; ubiquitin-like ligase-substrate adaptor activity	0.4798	0	1	0.9090909090909091	0.9090909090909091	0.0	0.4375	0.4375
SLC25A15	I60_OG000106	Q9Y619	ENSG00000102743	solute carrier family 25 member 15	GO:0000050; GO:0000064; GO:0005739; GO:0005743; GO:0015189; GO:0015297; GO:0016020; GO:0061459; GO:1903401; GO:1903826; GO:1990575	urea cycle; L-ornithine transmembrane transporter activity; mitochondrion; mitochondrial inner membrane; L-lysine transmembrane transporter activity; antiporter activity; membrane; L-arginine transmembrane transporter activity; L-lysine transmembrane transport; L-arginine transmembrane transport; mitochondrial L-ornithine transmembrane transport	0.3458	0.00815	1	1.0	1.0	1.0	0.75	0.75
SLC25A2	I60_OG000106	Q9BXI2	ENSG00000120329	solute carrier family 25 member 2	GO:0000050; GO:0000064; GO:0005515; GO:0005739; GO:0005743; GO:0006591; GO:0015189; GO:0015297; GO:0061459; GO:1903352; GO:1903401; GO:1903826; GO:1990575	urea cycle; L-ornithine transmembrane transporter activity; protein binding; mitochondrion; mitochondrial inner membrane; ornithine metabolic process; L-lysine transmembrane transporter activity; antiporter activity; L-arginine transmembrane transporter activity; L-ornithine transmembrane transport; L-lysine transmembrane transport; L-arginine transmembrane transport; mitochondrial L-ornithine transmembrane transport	0.3458	0.00815	1	1.0	1.0	1.0	0.75	0.75
SLC25A29	I60_OG000106	Q8N8R3	ENSG00000197119	solute carrier family 25 member 29	GO:0005289; GO:0005292; GO:0005739; GO:0005743; GO:0006865; GO:0015174; GO:0015822; GO:0089709; GO:1903401; GO:1903826; GO:1990575	high-affinity L-arginine transmembrane transporter activity; high-affinity lysine transmembrane transporter activity; mitochondrion; mitochondrial inner membrane; amino acid transport; basic amino acid transmembrane transporter activity; ornithine transport; L-histidine transmembrane transport; L-lysine transmembrane transport; L-arginine transmembrane transport; mitochondrial L-ornithine transmembrane transport	0.3458	0.00815	1	1.0	1.0	1.0	0.75	0.75
SLC25A48	I60_OG000106	Q6ZT89	ENSG00000145832	solute carrier family 25 member 48	GO:0005515; GO:0005739; GO:0005743; GO:0022857; GO:0055085	protein binding; mitochondrion; mitochondrial inner membrane; transmembrane transporter activity; transmembrane transport	0.3458	0.00815	1	1.0	1.0	1.0	0.75	0.75
SLC30A1	I20_OG001033	Q9Y6M5	ENSG00000170385	solute carrier family 30 member 1	GO:0000139; GO:0001701; GO:0005385; GO:0005515; GO:0005737; GO:0005783; GO:0005789; GO:0005794; GO:0005886; GO:0006829; GO:0006874; GO:0006882; GO:0010312; GO:0016020; GO:0016323; GO:0019855; GO:0030315; GO:0030425; GO:0030659; GO:0031965; GO:0042742; GO:0046872; GO:0046929; GO:0061003; GO:0062111; GO:0070509; GO:0070574; GO:0071577; GO:0071584; GO:0071585; GO:0090281; GO:0098685; GO:0098839; GO:0099092; GO:0099573; GO:0140826; GO:0140882; GO:1902897	Golgi membrane; in utero embryonic development; zinc ion transmembrane transporter activity; protein binding; cytoplasm; endoplasmic reticulum; endoplasmic reticulum membrane; Golgi apparatus; plasma membrane; zinc ion transport; intracellular calcium ion homeostasis; intracellular zinc ion homeostasis; detoxification of zinc ion; membrane; basolateral plasma membrane; calcium channel inhibitor activity; T-tubule; dendrite; cytoplasmic vesicle membrane; nuclear membrane; defense response to bacterium; metal ion binding; negative regulation of neurotransmitter secretion; positive regulation of dendritic spine morphogenesis; zinc ion import into organelle; calcium ion import; cadmium ion transmembrane transport; zinc ion transmembrane transport; negative regulation of zinc ion transmembrane import; detoxification of cadmium ion; negative regulation of calcium ion import; Schaffer collateral - CA1 synapse; postsynaptic density membrane; postsynaptic density, intracellular component; glutamatergic postsynaptic density; zinc:proton antiporter activity; zinc export across plasma membrane; regulation of postsynaptic density protein 95 clustering	0.4905	0.00408	1	1.0	1.0	1.0	0.5625	0.5625
SLC30A10	I20_OG001033	Q6XR72	ENSG00000196660	solute carrier family 30 member 10	GO:0000139; GO:0005384; GO:0005385; GO:0005515; GO:0005769; GO:0005794; GO:0005886; GO:0006828; GO:0006882; GO:0007173; GO:0010312; GO:0016020; GO:0030026; GO:0031901; GO:0055037; GO:0055038; GO:0062111; GO:0070374; GO:0071577; GO:0140048; GO:0140983; GO:1904385	Golgi membrane; manganese ion transmembrane transporter activity; zinc ion transmembrane transporter activity; protein binding; early endosome; Golgi apparatus; plasma membrane; manganese ion transport; intracellular zinc ion homeostasis; epidermal growth factor receptor signaling pathway; detoxification of zinc ion; membrane; intracellular manganese ion homeostasis; early endosome membrane; recycling endosome; recycling endosome membrane; zinc ion import into organelle; positive regulation of ERK1 and ERK2 cascade; zinc ion transmembrane transport; manganese ion export across plasma membrane; calcium:manganese antiporter activity; cellular response to angiotensin	0.4905	0.00408	1	1.0	1.0	1.0	0.5625	0.5625
SLC30A5	I20_OG001033	Q8TAD4	ENSG00000145740	solute carrier family 30 member 5	GO:0000139; GO:0005385; GO:0005515; GO:0005654; GO:0005730; GO:0005789; GO:0005794; GO:0005886; GO:0006506; GO:0006824; GO:0006829; GO:0006882; GO:0010043; GO:0012507; GO:0015297; GO:0016020; GO:0016324; GO:0022883; GO:0030070; GO:0030141; GO:0030667; GO:0031410; GO:0032588; GO:0046872; GO:0062111; GO:0071577; GO:0071578; GO:0140826; GO:1904257; GO:1990674	Golgi membrane; zinc ion transmembrane transporter activity; protein binding; nucleoplasm; nucleolus; endoplasmic reticulum membrane; Golgi apparatus; plasma membrane; GPI anchor biosynthetic process; cobalt ion transport; zinc ion transport; intracellular zinc ion homeostasis; response to zinc ion; ER to Golgi transport vesicle membrane; antiporter activity; membrane; apical plasma membrane; zinc efflux transmembrane transporter activity; insulin processing; secretory granule; secretory granule membrane; cytoplasmic vesicle; trans-Golgi network membrane; metal ion binding; zinc ion import into organelle; zinc ion transmembrane transport; zinc ion import across plasma membrane; zinc:proton antiporter activity; zinc ion import into Golgi lumen; Golgi cis cisterna membrane	0.4905	0.00408	1	1.0	1.0	1.0	0.5625	0.5625
SLC30A6	I20_OG001033	Q6NXT4	ENSG00000152683	solute carrier family 30 member 6	GO:0005385; GO:0005515; GO:0005794; GO:0006829; GO:0032588; GO:0071579; GO:1904257	zinc ion transmembrane transporter activity; protein binding; Golgi apparatus; zinc ion transport; trans-Golgi network membrane; regulation of zinc ion transport; zinc ion import into Golgi lumen	0.4905	0.00408	1	1.0	1.0	1.0	0.5625	0.5625
SLC30A7	I20_OG001033	Q8NEW0	ENSG00000162695	solute carrier family 30 member 7	GO:0000139; GO:0005385; GO:0005737; GO:0005739; GO:0005794; GO:0006882; GO:0031410; GO:0031982; GO:0033017; GO:0042802; GO:0048471; GO:1904257; GO:1990674	Golgi membrane; zinc ion transmembrane transporter activity; cytoplasm; mitochondrion; Golgi apparatus; intracellular zinc ion homeostasis; cytoplasmic vesicle; vesicle; sarcoplasmic reticulum membrane; identical protein binding; perinuclear region of cytoplasm; zinc ion import into Golgi lumen; Golgi cis cisterna membrane	0.4905	0.00408	1	1.0	1.0	1.0	0.5625	0.5625
SLC49A3	I14_OG001124	Q6UXD7	ENSG00000169026	solute carrier family 49 member 3	GO:0005515; GO:0016020; GO:0022857; GO:0055085	protein binding; membrane; transmembrane transporter activity; transmembrane transport	0.4765	0.00982	1	0.8181818181818182	0.8181818181818181	0.0	0.34375	0.375
SLC49A4	I14_OG001124	Q96SL1	ENSG00000138463	solute carrier family 49 member 4	GO:0005765; GO:0016020; GO:0022857; GO:0031923; GO:0043231; GO:0055085	lysosomal membrane; membrane; transmembrane transporter activity; pyridoxine transport; intracellular membrane-bounded organelle; transmembrane transport	0.4765	0.00982	1	0.8181818181818182	0.8181818181818181	0.0	0.34375	0.375
SLC8A1	I14_OG002083	P32418	ENSG00000183023	solute carrier family 8 member A1	GO:0002026; GO:0002027; GO:0005432; GO:0005509; GO:0005515; GO:0005516; GO:0005654; GO:0005886; GO:0006811; GO:0006874; GO:0006883; GO:0006936; GO:0008092; GO:0010468; GO:0010649; GO:0010881; GO:0010882; GO:0014069; GO:0014704; GO:0014829; GO:0030018; GO:0030315; GO:0030424; GO:0030425; GO:0030501; GO:0030506; GO:0034614; GO:0035725; GO:0035994; GO:0036376; GO:0042383; GO:0043025; GO:0043679; GO:0044325; GO:0044557; GO:0045202; GO:0051481; GO:0055013; GO:0055074; GO:0055119; GO:0060048; GO:0060402; GO:0070509; GO:0070588; GO:0071313; GO:0071901; GO:0071944; GO:0086012; GO:0086064; GO:0097553; GO:0098703; GO:0098719; GO:0098735; GO:0098794; GO:1901660; GO:1903779	regulation of the force of heart contraction; regulation of heart rate; calcium:sodium antiporter activity; calcium ion binding; protein binding; calmodulin binding; nucleoplasm; plasma membrane; monoatomic ion transport; intracellular calcium ion homeostasis; intracellular sodium ion homeostasis; muscle contraction; cytoskeletal protein binding; regulation of gene expression; regulation of cell communication by electrical coupling; regulation of cardiac muscle contraction by regulation of the release of sequestered calcium ion; regulation of cardiac muscle contraction by calcium ion signaling; postsynaptic density; intercalated disc; vascular associated smooth muscle contraction; Z disc; T-tubule; axon; dendrite; positive regulation of bone mineralization; ankyrin binding; cellular response to reactive oxygen species; sodium ion transmembrane transport; response to muscle stretch; sodium ion export across plasma membrane; sarcolemma; neuronal cell body; axon terminus; transmembrane transporter binding; relaxation of smooth muscle; synapse; negative regulation of cytosolic calcium ion concentration; cardiac muscle cell development; calcium ion homeostasis; relaxation of cardiac muscle; cardiac muscle contraction; calcium ion transport into cytosol; calcium ion import; calcium ion transmembrane transport; cellular response to caffeine; negative regulation of protein serine/threonine kinase activity; cell periphery; membrane depolarization during cardiac muscle cell action potential; cell communication by electrical coupling involved in cardiac conduction; calcium ion transmembrane import into cytosol; calcium ion import across plasma membrane; sodium ion import across plasma membrane; positive regulation of the force of heart contraction; postsynapse; calcium ion export; regulation of cardiac conduction	0.5038	0.02499	1	0.5909090909090909	0.6363636363636364	0.0	0.125	0.125
SLC8A2	I14_OG002083	Q9UPR5	ENSG00000118160	solute carrier family 8 member A2	GO:0002931; GO:0005432; GO:0005516; GO:0005886; GO:0006811; GO:0006874; GO:0007154; GO:0007611; GO:0007612; GO:0007613; GO:0010468; GO:0014069; GO:0015081; GO:0015085; GO:0016323; GO:0030424; GO:0030425; GO:0035725; GO:0042383; GO:0043025; GO:0043197; GO:0043204; GO:0043679; GO:0045202; GO:0046872; GO:0048172; GO:0050808; GO:0050890; GO:0051480; GO:0060291; GO:0070050; GO:0070588; GO:0071902; GO:0098703; GO:0098793; GO:0098794; GO:0098815; GO:0099566; GO:0099608; GO:0106056; GO:0150104; GO:1903779; GO:1905060; GO:1990034	response to ischemia; calcium:sodium antiporter activity; calmodulin binding; plasma membrane; monoatomic ion transport; intracellular calcium ion homeostasis; cell communication; learning or memory; learning; memory; regulation of gene expression; postsynaptic density; sodium ion transmembrane transporter activity; calcium ion transmembrane transporter activity; basolateral plasma membrane; axon; dendrite; sodium ion transmembrane transport; sarcolemma; neuronal cell body; dendritic spine; perikaryon; axon terminus; synapse; metal ion binding; regulation of short-term neuronal synaptic plasticity; synapse organization; cognition; regulation of cytosolic calcium ion concentration; long-term synaptic potentiation; neuron cellular homeostasis; calcium ion transmembrane transport; positive regulation of protein serine/threonine kinase activity; calcium ion import across plasma membrane; presynapse; postsynapse; modulation of excitatory postsynaptic potential; regulation of postsynaptic cytosolic calcium ion concentration; regulation of action potential firing pattern; regulation of calcineurin-mediated signaling; transport across blood-brain barrier; regulation of cardiac conduction; calcium:monoatomic cation antiporter activity involved in regulation of postsynaptic cytosolic calcium ion concentration; calcium ion export across plasma membrane	0.5038	0.02499	1	0.5909090909090909	0.6363636363636364	0.0	0.125	0.125
SLC8A3	I14_OG002083	P57103	ENSG00000100678	solute carrier family 8 member A3	GO:0002244; GO:0005432; GO:0005515; GO:0005516; GO:0005741; GO:0005789; GO:0005886; GO:0006811; GO:0006851; GO:0006874; GO:0007154; GO:0007611; GO:0007612; GO:0007613; GO:0014069; GO:0014819; GO:0016528; GO:0030424; GO:0030425; GO:0031594; GO:0035725; GO:0042383; GO:0042552; GO:0043025; GO:0043197; GO:0043204; GO:0043679; GO:0045202; GO:0046872; GO:0048471; GO:0048709; GO:0050808; GO:0051560; GO:0060291; GO:0070161; GO:0070588; GO:0071456; GO:0071901; GO:0098703; GO:0098794; GO:0098815; GO:1903779	hematopoietic progenitor cell differentiation; calcium:sodium antiporter activity; protein binding; calmodulin binding; mitochondrial outer membrane; endoplasmic reticulum membrane; plasma membrane; monoatomic ion transport; mitochondrial calcium ion transmembrane transport; intracellular calcium ion homeostasis; cell communication; learning or memory; learning; memory; postsynaptic density; regulation of skeletal muscle contraction; sarcoplasm; axon; dendrite; neuromuscular junction; sodium ion transmembrane transport; sarcolemma; myelination; neuronal cell body; dendritic spine; perikaryon; axon terminus; synapse; metal ion binding; perinuclear region of cytoplasm; oligodendrocyte differentiation; synapse organization; mitochondrial calcium ion homeostasis; long-term synaptic potentiation; anchoring junction; calcium ion transmembrane transport; cellular response to hypoxia; negative regulation of protein serine/threonine kinase activity; calcium ion import across plasma membrane; postsynapse; modulation of excitatory postsynaptic potential; regulation of cardiac conduction	0.5038	0.02499	1	0.5909090909090909	0.6363636363636364	0.0	0.125	0.125
SMG9	I14_OG005918	Q9H0W8	ENSG00000105771	SMG9 nonsense mediated mRNA decay factor	GO:0000184; GO:0001654; GO:0001701; GO:0005515; GO:0005829; GO:0007420; GO:0007507; GO:0042802; GO:0043066	nuclear-transcribed mRNA catabolic process, nonsense-mediated decay; eye development; in utero embryonic development; protein binding; cytosol; brain development; heart development; identical protein binding; negative regulation of apoptotic process	0.5415	0.00601	1	0.5454545454545454	0.5454545454545454	0.0	0.0625	0.0625
SNAPIN	I14_OG009079	O95295	ENSG00000143553	SNAP associated protein	GO:0000139; GO:0000149; GO:0001669; GO:0002177; GO:0005515; GO:0005829; GO:0006886; GO:0007040; GO:0007042; GO:0007269; GO:0008021; GO:0008089; GO:0008090; GO:0008333; GO:0010977; GO:0016079; GO:0016188; GO:0030141; GO:0030672; GO:0031083; GO:0031175; GO:0031503; GO:0031629; GO:0032418; GO:0032438; GO:0043393; GO:0045202; GO:0048471; GO:0048489; GO:0048490; GO:0051036; GO:0051604; GO:0062196; GO:0070050; GO:0072384; GO:0072553; GO:0097352; GO:0098574; GO:0099078; GO:1902774; GO:1902824; GO:1904115; GO:1990742; GO:2000300	Golgi membrane; SNARE binding; acrosomal vesicle; manchette; protein binding; cytosol; intracellular protein transport; lysosome organization; lysosomal lumen acidification; neurotransmitter secretion; synaptic vesicle; anterograde axonal transport; retrograde axonal transport; endosome to lysosome transport; negative regulation of neuron projection development; synaptic vesicle exocytosis; synaptic vesicle maturation; secretory granule; synaptic vesicle membrane; BLOC-1 complex; neuron projection development; protein-containing complex localization; synaptic vesicle fusion to presynaptic active zone membrane; lysosome localization; melanosome organization; regulation of protein binding; synapse; perinuclear region of cytoplasm; synaptic vesicle transport; anterograde synaptic vesicle transport; regulation of endosome size; protein maturation; regulation of lysosome size; neuron cellular homeostasis; organelle transport along microtubule; terminal button organization; autophagosome maturation; cytoplasmic side of lysosomal membrane; BORC complex; late endosome to lysosome transport; positive regulation of late endosome to lysosome transport; axon cytoplasm; microvesicle; regulation of synaptic vesicle exocytosis	0.516	0.00171	0.5	0.5	0.5454545454545454	0.0	0.0625	0.0625
SNX1	I14_OG000939	Q13596	ENSG00000028528	sorting nexin 1	GO:0005154; GO:0005158; GO:0005515; GO:0005737; GO:0005764; GO:0005768; GO:0005794; GO:0005829; GO:0006886; GO:0010008; GO:0016020; GO:0030027; GO:0030904; GO:0030905; GO:0031623; GO:0031901; GO:0031982; GO:0032991; GO:0034498; GO:0035091; GO:0042147; GO:0042802; GO:0042803; GO:0043231; GO:0045296; GO:0046982; GO:0072673; GO:1990459; GO:1990460	epidermal growth factor receptor binding; insulin receptor binding; protein binding; cytoplasm; lysosome; endosome; Golgi apparatus; cytosol; intracellular protein transport; endosome membrane; membrane; lamellipodium; retromer complex; retromer, tubulation complex; receptor internalization; early endosome membrane; vesicle; protein-containing complex; early endosome to Golgi transport; phosphatidylinositol binding; retrograde transport, endosome to Golgi; identical protein binding; protein homodimerization activity; intracellular membrane-bounded organelle; cadherin binding; protein heterodimerization activity; lamellipodium morphogenesis; transferrin receptor binding; leptin receptor binding	0.4319	0.00037	1	1.0	1.0	1.0	0.65625	0.6875
SNX10	I14_OG000939	Q9Y5X0	ENSG00000086300	sorting nexin 10	GO:0001696; GO:0005515; GO:0005545; GO:0005634; GO:0005768; GO:0005783; GO:0005813; GO:0006886; GO:0006897; GO:0007032; GO:0016050; GO:0019725; GO:0030141; GO:0030316; GO:0031313; GO:0035630; GO:0044691; GO:0045453; GO:0051117; GO:0055074; GO:0060271; GO:0061512; GO:0071539; GO:0090651; GO:0097178; GO:1901981; GO:1990830	gastric acid secretion; protein binding; 1-phosphatidylinositol binding; nucleus; endosome; endoplasmic reticulum; centrosome; intracellular protein transport; endocytosis; endosome organization; vesicle organization; cellular homeostasis; secretory granule; osteoclast differentiation; extrinsic component of endosome membrane; bone mineralization involved in bone maturation; tooth eruption; bone resorption; ATPase binding; calcium ion homeostasis; cilium assembly; protein localization to cilium; protein localization to centrosome; apical cytoplasm; ruffle assembly; phosphatidylinositol phosphate binding; cellular response to leukemia inhibitory factor	0.4319	0.00037	1	1.0	1.0	1.0	0.65625	0.6875
SNX11	I14_OG000939	Q9Y5W9	ENSG00000002919	sorting nexin 11	GO:0005515; GO:0005737; GO:0005768; GO:0005886; GO:0006886; GO:0016050; GO:1901981	protein binding; cytoplasm; endosome; plasma membrane; intracellular protein transport; vesicle organization; phosphatidylinositol phosphate binding	0.4319	0.00037	1	1.0	1.0	1.0	0.65625	0.6875
SNX12	I14_OG000939	Q9UMY4	ENSG00000147164	sorting nexin 12	GO:0005515; GO:0005769; GO:0010629; GO:0010955; GO:0015031; GO:0019899; GO:0030100; GO:0030904; GO:0031901; GO:0032266; GO:0032456; GO:0034499; GO:0035091; GO:0042177; GO:0051224; GO:2000642	protein binding; early endosome; negative regulation of gene expression; negative regulation of protein processing; protein transport; enzyme binding; regulation of endocytosis; retromer complex; early endosome membrane; phosphatidylinositol-3-phosphate binding; endocytic recycling; late endosome to Golgi transport; phosphatidylinositol binding; negative regulation of protein catabolic process; negative regulation of protein transport; negative regulation of early endosome to late endosome transport	0.4319	0.00037	1	1.0	1.0	1.0	0.65625	0.6875
SNX2	I14_OG000939	O60749	ENSG00000205302	sorting nexin 2	GO:0005154; GO:0005158; GO:0005515; GO:0005737; GO:0005764; GO:0005768; GO:0005829; GO:0006886; GO:0010008; GO:0016020; GO:0030027; GO:0030904; GO:0030905; GO:0031901; GO:0032991; GO:0034498; GO:0035091; GO:0042147; GO:0042802; GO:0042803; GO:0045296; GO:0046982; GO:0072673; GO:1990459; GO:1990460	epidermal growth factor receptor binding; insulin receptor binding; protein binding; cytoplasm; lysosome; endosome; cytosol; intracellular protein transport; endosome membrane; membrane; lamellipodium; retromer complex; retromer, tubulation complex; early endosome membrane; protein-containing complex; early endosome to Golgi transport; phosphatidylinositol binding; retrograde transport, endosome to Golgi; identical protein binding; protein homodimerization activity; cadherin binding; protein heterodimerization activity; lamellipodium morphogenesis; transferrin receptor binding; leptin receptor binding	0.4319	0.00037	1	1.0	1.0	1.0	0.65625	0.6875
SNX3	I14_OG000939	O60493	ENSG00000112335	sorting nexin 3	GO:0005515; GO:0005737; GO:0005769; GO:0005829; GO:0009617; GO:0010008; GO:0010314; GO:0010324; GO:0010976; GO:0015031; GO:0019903; GO:0022615; GO:0030111; GO:0030136; GO:0030904; GO:0031901; GO:0032009; GO:0032266; GO:0032456; GO:0034499; GO:0042177; GO:0046597; GO:0050765; GO:0051224; GO:0070062; GO:0070273; GO:0070676; GO:0080025; GO:1905394; GO:2000642	protein binding; cytoplasm; early endosome; cytosol; response to bacterium; endosome membrane; phosphatidylinositol-5-phosphate binding; membrane invagination; positive regulation of neuron projection development; protein transport; protein phosphatase binding; protein to membrane docking; regulation of Wnt signaling pathway; clathrin-coated vesicle; retromer complex; early endosome membrane; early phagosome; phosphatidylinositol-3-phosphate binding; endocytic recycling; late endosome to Golgi transport; negative regulation of protein catabolic process; host-mediated suppression of symbiont invasion; negative regulation of phagocytosis; negative regulation of protein transport; extracellular exosome; phosphatidylinositol-4-phosphate binding; intralumenal vesicle formation; phosphatidylinositol-3,5-bisphosphate binding; retromer complex binding; negative regulation of early endosome to late endosome transport	0.4319	0.00037	1	1.0	1.0	1.0	0.65625	0.6875
SNX32	I14_OG000939	Q86XE0	ENSG00000172803	sorting nexin 32	GO:0005515; GO:0005768; GO:0005829; GO:0015031; GO:0016241; GO:0035091; GO:0042147	protein binding; endosome; cytosol; protein transport; regulation of macroautophagy; phosphatidylinositol binding; retrograde transport, endosome to Golgi	0.4319	0.00037	1	1.0	1.0	1.0	0.65625	0.6875
SNX5	I14_OG000939	Q9Y5X3	ENSG00000089006	sorting nexin 5	GO:0001726; GO:0001891; GO:0005515; GO:0005768; GO:0005829; GO:0005903; GO:0006886; GO:0006907; GO:0007174; GO:0009898; GO:0010314; GO:0016241; GO:0030904; GO:0030905; GO:0031748; GO:0034452; GO:0035091; GO:0042147; GO:0043231; GO:0045296; GO:0045776; GO:0045893; GO:0046628; GO:0048471; GO:0070273; GO:0070685; GO:0080025; GO:0097422; GO:0098559	ruffle; phagocytic cup; protein binding; endosome; cytosol; brush border; intracellular protein transport; pinocytosis; epidermal growth factor catabolic process; cytoplasmic side of plasma membrane; phosphatidylinositol-5-phosphate binding; regulation of macroautophagy; retromer complex; retromer, tubulation complex; D1 dopamine receptor binding; dynactin binding; phosphatidylinositol binding; retrograde transport, endosome to Golgi; intracellular membrane-bounded organelle; cadherin binding; negative regulation of blood pressure; positive regulation of DNA-templated transcription; positive regulation of insulin receptor signaling pathway; perinuclear region of cytoplasm; phosphatidylinositol-4-phosphate binding; macropinocytic cup; phosphatidylinositol-3,5-bisphosphate binding; tubular endosome; cytoplasmic side of early endosome membrane	0.4319	0.00037	1	1.0	1.0	1.0	0.65625	0.6875
SNX6	I14_OG000939	Q9UNH7	ENSG00000129515	sorting nexin 6	GO:0005515; GO:0005634; GO:0005737; GO:0005764; GO:0005768; GO:0005829; GO:0006886; GO:0007175; GO:0016241; GO:0030512; GO:0030904; GO:0030905; GO:0031901; GO:0034452; GO:0034713; GO:0035091; GO:0042147; GO:0042803; GO:0043524; GO:0045892; GO:0071364; GO:0097422; GO:0098842; GO:0098978; GO:0099072; GO:1904646	protein binding; nucleus; cytoplasm; lysosome; endosome; cytosol; intracellular protein transport; negative regulation of epidermal growth factor-activated receptor activity; regulation of macroautophagy; negative regulation of transforming growth factor beta receptor signaling pathway; retromer complex; retromer, tubulation complex; early endosome membrane; dynactin binding; type I transforming growth factor beta receptor binding; phosphatidylinositol binding; retrograde transport, endosome to Golgi; protein homodimerization activity; negative regulation of neuron apoptotic process; negative regulation of DNA-templated transcription; cellular response to epidermal growth factor stimulus; tubular endosome; postsynaptic early endosome; glutamatergic synapse; regulation of postsynaptic membrane neurotransmitter receptor levels; cellular response to amyloid-beta	0.4319	0.00037	1	1.0	1.0	1.0	0.65625	0.6875
SPG21	I14_OG004958	Q9NZD8	ENSG00000090487	SPG21 abhydrolase domain containing, maspardin	GO:0005515; GO:0005794; GO:0005829; GO:0007173; GO:0007626; GO:0010008; GO:0010467; GO:0030140; GO:0042551; GO:0042609; GO:0043231; GO:0048668; GO:0050851; GO:0050905; GO:0060173; GO:0070849	protein binding; Golgi apparatus; cytosol; epidermal growth factor receptor signaling pathway; locomotory behavior; endosome membrane; gene expression; trans-Golgi network transport vesicle; neuron maturation; CD4 receptor binding; intracellular membrane-bounded organelle; collateral sprouting; antigen receptor-mediated signaling pathway; neuromuscular process; limb development; response to epidermal growth factor	0.6128	0.00173	1.0	0.7272727272727273	0.7272727272727273	0.0	0.125	0.125
SPRING1	I14_OG006093	Q9H741	ENSG00000111412	SREBF pathway regulator in golgi 1	GO:0000139; GO:0005515; GO:2000640	Golgi membrane; protein binding; positive regulation of SREBP signaling pathway	0.4719	0.04824	1	0.7272727272727273	0.7272727272727273	0.0	0.25	0.25
SRP9	I14_OG004038	P49458	ENSG00000143742	signal recognition particle 9	GO:0003723; GO:0005047; GO:0005515; GO:0005785; GO:0005786; GO:0005829; GO:0006614; GO:0008312; GO:0045900	RNA binding; signal recognition particle binding; protein binding; signal recognition particle receptor complex; signal recognition particle, endoplasmic reticulum targeting; cytosol; SRP-dependent cotranslational protein targeting to membrane; 7S RNA binding; negative regulation of translational elongation	0.5929	0.00603	1.0	0.7727272727272727	0.8181818181818181	0.0	0.1875	0.1875
SSR1	I14_OG004975	P43307	ENSG00000124783	signal sequence receptor subunit 1	GO:0005515; GO:0005783; GO:0005789; GO:0006613; GO:0008284; GO:0016020	protein binding; endoplasmic reticulum; endoplasmic reticulum membrane; cotranslational protein targeting to membrane; positive regulation of cell population proliferation; membrane	0.6236	0.00534	1	0.8181818181818182	0.8181818181818181	0.0	0.1875	0.1875
SSR2	I14_OG009293	P43308	ENSG00000163479	signal sequence receptor subunit 2	GO:0005515; GO:0005783; GO:0005789; GO:0006613; GO:0016020	protein binding; endoplasmic reticulum; endoplasmic reticulum membrane; cotranslational protein targeting to membrane; membrane	0.4239	0.03953	1	0.7272727272727273	0.8181818181818181	0.0	0.3125	0.3125
ST3GAL1	I14_OG000555	Q11201	ENSG00000008513	ST3 beta-galactoside alpha-2,3-sialyltransferase 1	GO:0000139; GO:0002319; GO:0003836; GO:0006054; GO:0006486; GO:0006487; GO:0008373; GO:0010706; GO:0016020; GO:0016266; GO:0018146; GO:0019082; GO:0032588; GO:0036211; GO:0047288; GO:0070062; GO:0097503; GO:1905403; GO:1990675; GO:1990676; GO:1990743	Golgi membrane; memory B cell differentiation; beta-galactoside (CMP) alpha-2,3-sialyltransferase activity; N-acetylneuraminate metabolic process; protein glycosylation; protein N-linked glycosylation; sialyltransferase activity; ganglioside biosynthetic process via lactosylceramide; membrane; O-glycan processing; keratan sulfate proteoglycan biosynthetic process; viral protein processing; trans-Golgi network membrane; protein modification process; beta-D-galactosyl-(1->3)-N-acetyl-beta-D-galactosaminide alpha-2,3- sialyltransferase; extracellular exosome; sialylation; negative regulation of activated CD8-positive, alpha-beta T cell apoptotic process; Golgi medial cisterna membrane; Golgi trans cisterna membrane; protein sialylation	0.3807	0.00188	1	0.8181818181818182	0.8181818181818181	0.0	0.4375	0.4375
ST3GAL2	I14_OG000555	Q16842	ENSG00000157350	ST3 beta-galactoside alpha-2,3-sialyltransferase 2	GO:0000139; GO:0003836; GO:0005576; GO:0006486; GO:0006688; GO:0008373; GO:0009101; GO:0009247; GO:0009312; GO:0010706; GO:0010707; GO:0016020; GO:0016266; GO:0018146; GO:0019082; GO:0030259; GO:0032580; GO:0042803; GO:0047288; GO:0097503; GO:1990743	Golgi membrane; beta-galactoside (CMP) alpha-2,3-sialyltransferase activity; extracellular region; protein glycosylation; glycosphingolipid biosynthetic process; sialyltransferase activity; glycoprotein biosynthetic process; glycolipid biosynthetic process; oligosaccharide biosynthetic process; ganglioside biosynthetic process via lactosylceramide; globoside biosynthetic process via lactosylceramide; membrane; O-glycan processing; keratan sulfate proteoglycan biosynthetic process; viral protein processing; lipid glycosylation; Golgi cisterna membrane; protein homodimerization activity; beta-D-galactosyl-(1->3)-N-acetyl-beta-D-galactosaminide alpha-2,3- sialyltransferase; sialylation; protein sialylation	0.3807	0.00188	1	0.8181818181818182	0.8181818181818181	0.0	0.4375	0.4375
ST3GAL3	I14_OG000555	Q11203	ENSG00000126091	ST3 beta-galactoside alpha-2,3-sialyltransferase 3	GO:0000139; GO:0003836; GO:0005515; GO:0005576; GO:0006486; GO:0006688; GO:0008118; GO:0008373; GO:0009312; GO:0010706; GO:0016266; GO:0018146; GO:0019082; GO:0032580	Golgi membrane; beta-galactoside (CMP) alpha-2,3-sialyltransferase activity; protein binding; extracellular region; protein glycosylation; glycosphingolipid biosynthetic process; N-acetyllactosaminide alpha-2,3-sialyltransferase activity; sialyltransferase activity; oligosaccharide biosynthetic process; ganglioside biosynthetic process via lactosylceramide; O-glycan processing; keratan sulfate proteoglycan biosynthetic process; viral protein processing; Golgi cisterna membrane	0.3807	0.00188	1	0.8181818181818182	0.8181818181818181	0.0	0.4375	0.4375
ST3GAL4	I14_OG000555	Q11206	ENSG00000110080	ST3 beta-galactoside alpha-2,3-sialyltransferase 4	GO:0000139; GO:0003836; GO:0005576; GO:0006486; GO:0008118; GO:0008373; GO:0009101; GO:0009247; GO:0009312; GO:0016020; GO:0016266; GO:0018146; GO:0019082; GO:0030194; GO:0030259; GO:0032580; GO:0047288; GO:0050890; GO:0097503; GO:1903238; GO:1990743	Golgi membrane; beta-galactoside (CMP) alpha-2,3-sialyltransferase activity; extracellular region; protein glycosylation; N-acetyllactosaminide alpha-2,3-sialyltransferase activity; sialyltransferase activity; glycoprotein biosynthetic process; glycolipid biosynthetic process; oligosaccharide biosynthetic process; membrane; O-glycan processing; keratan sulfate proteoglycan biosynthetic process; viral protein processing; positive regulation of blood coagulation; lipid glycosylation; Golgi cisterna membrane; beta-D-galactosyl-(1->3)-N-acetyl-beta-D-galactosaminide alpha-2,3- sialyltransferase; cognition; sialylation; positive regulation of leukocyte tethering or rolling; protein sialylation	0.3807	0.00188	1	0.8181818181818182	0.8181818181818181	0.0	0.4375	0.4375
ST3GAL5	I14_OG000555	Q9UNP4	ENSG00000115525	ST3 beta-galactoside alpha-2,3-sialyltransferase 5	GO:0000139; GO:0001574; GO:0003836; GO:0006486; GO:0006688; GO:0008373; GO:0016020; GO:0047291	Golgi membrane; ganglioside biosynthetic process; beta-galactoside (CMP) alpha-2,3-sialyltransferase activity; protein glycosylation; glycosphingolipid biosynthetic process; sialyltransferase activity; membrane; lactosylceramide alpha-2,3-sialyltransferase activity	0.3807	0.00188	1	0.8181818181818182	0.8181818181818181	0.0	0.4375	0.4375
ST3GAL6	I14_OG000555	Q9Y274	ENSG00000064225	ST3 beta-galactoside alpha-2,3-sialyltransferase 6	GO:0000139; GO:0003836; GO:0006486; GO:0008118; GO:0008373; GO:0009247; GO:0009312; GO:0016020; GO:0018146; GO:0070062; GO:0071354	Golgi membrane; beta-galactoside (CMP) alpha-2,3-sialyltransferase activity; protein glycosylation; N-acetyllactosaminide alpha-2,3-sialyltransferase activity; sialyltransferase activity; glycolipid biosynthetic process; oligosaccharide biosynthetic process; membrane; keratan sulfate proteoglycan biosynthetic process; extracellular exosome; cellular response to interleukin-6	0.3807	0.00188	1	0.8181818181818182	0.8181818181818181	0.0	0.4375	0.4375
ST6GAL1	I14_OG000555	P15907	ENSG00000073849	ST6 beta-galactoside alpha-2,6-sialyltransferase 1	GO:0000138; GO:0000139; GO:0003835; GO:0005515; GO:0005576; GO:0005794; GO:0005797; GO:0006054; GO:0006959; GO:0008373; GO:0016266; GO:0018279; GO:0019082; GO:0032580; GO:0032946; GO:0042803; GO:0045471; GO:0050922; GO:0097503; GO:1900024; GO:2000110	Golgi trans cisterna; Golgi membrane; beta-galactoside alpha-2,6-sialyltransferase activity; protein binding; extracellular region; Golgi apparatus; Golgi medial cisterna; N-acetylneuraminate metabolic process; humoral immune response; sialyltransferase activity; O-glycan processing; protein N-linked glycosylation via asparagine; viral protein processing; Golgi cisterna membrane; positive regulation of mononuclear cell proliferation; protein homodimerization activity; response to ethanol; negative regulation of chemotaxis; sialylation; regulation of substrate adhesion-dependent cell spreading; negative regulation of macrophage apoptotic process	0.3807	0.00188	1	0.8181818181818182	0.8181818181818181	0.0	0.4375	0.4375
ST6GAL2	I14_OG000555	Q96JF0	ENSG00000144057	ST6 beta-galactoside alpha-2,6-sialyltransferase 2	GO:0000139; GO:0003835; GO:0005515; GO:0005794; GO:0006486; GO:0009311; GO:0032580; GO:0097503	Golgi membrane; beta-galactoside alpha-2,6-sialyltransferase activity; protein binding; Golgi apparatus; protein glycosylation; oligosaccharide metabolic process; Golgi cisterna membrane; sialylation	0.3807	0.00188	1	0.8181818181818182	0.8181818181818181	0.0	0.4375	0.4375
ST6GALNAC1	I14_OG000555	Q9NSC7	ENSG00000070526	ST6 N-acetylgalactosaminide alpha-2,6-sialyltransferase 1	GO:0000139; GO:0001665; GO:0005515; GO:0006486; GO:0008373; GO:0009312; GO:0048874	Golgi membrane; alpha-N-acetylgalactosaminide alpha-2,6-sialyltransferase activity; protein binding; protein glycosylation; sialyltransferase activity; oligosaccharide biosynthetic process; host-mediated regulation of intestinal microbiota composition	0.3807	0.00188	1	0.8181818181818182	0.8181818181818181	0.0	0.4375	0.4375
ST6GALNAC2	I14_OG000555	Q9UJ37	ENSG00000070731	ST6 N-acetylgalactosaminide alpha-2,6-sialyltransferase 2	GO:0000139; GO:0001665; GO:0006486; GO:0006493; GO:0008373; GO:0016266; GO:0019082; GO:1990743	Golgi membrane; alpha-N-acetylgalactosaminide alpha-2,6-sialyltransferase activity; protein glycosylation; protein O-linked glycosylation; sialyltransferase activity; O-glycan processing; viral protein processing; protein sialylation	0.3807	0.00188	1	0.8181818181818182	0.8181818181818181	0.0	0.4375	0.4375
ST8SIA1	I14_OG000555	Q92185	ENSG00000111728	ST8 alpha-N-acetyl-neuraminide alpha-2,8-sialyltransferase 1	GO:0000139; GO:0003828; GO:0005515; GO:0005975; GO:0006486; GO:0006491; GO:0006688; GO:0008373; GO:0009311; GO:0016020; GO:0034605; GO:0050673; GO:0050679	Golgi membrane; alpha-N-acetylneuraminate alpha-2,8-sialyltransferase activity; protein binding; carbohydrate metabolic process; protein glycosylation; N-glycan processing; glycosphingolipid biosynthetic process; sialyltransferase activity; oligosaccharide metabolic process; membrane; cellular response to heat; epithelial cell proliferation; positive regulation of epithelial cell proliferation	0.3807	0.00188	1	0.8181818181818182	0.8181818181818181	0.0	0.4375	0.4375
ST8SIA2	I14_OG000555	Q92186	ENSG00000140557	ST8 alpha-N-acetyl-neuraminide alpha-2,8-sialyltransferase 2	GO:0000139; GO:0000166; GO:0001574; GO:0003828; GO:0005576; GO:0005769; GO:0005794; GO:0005886; GO:0005975; GO:0006486; GO:0006491; GO:0007399; GO:0009311; GO:0033691; GO:0036211; GO:0042220; GO:0043525; GO:0048471; GO:0051965; GO:0055037; GO:0097503; GO:1990138	Golgi membrane; nucleotide binding; ganglioside biosynthetic process; alpha-N-acetylneuraminate alpha-2,8-sialyltransferase activity; extracellular region; early endosome; Golgi apparatus; plasma membrane; carbohydrate metabolic process; protein glycosylation; N-glycan processing; nervous system development; oligosaccharide metabolic process; sialic acid binding; protein modification process; response to cocaine; positive regulation of neuron apoptotic process; perinuclear region of cytoplasm; positive regulation of synapse assembly; recycling endosome; sialylation; neuron projection extension	0.3807	0.00188	1	0.8181818181818182	0.8181818181818181	0.0	0.4375	0.4375
ST8SIA3	I14_OG000555	O43173	ENSG00000177511	ST8 alpha-N-acetyl-neuraminide alpha-2,8-sialyltransferase 3	GO:0000139; GO:0001574; GO:0003828; GO:0006486; GO:0006491; GO:0006688; GO:0009100; GO:0009311; GO:0033691; GO:0042802; GO:0097503	Golgi membrane; ganglioside biosynthetic process; alpha-N-acetylneuraminate alpha-2,8-sialyltransferase activity; protein glycosylation; N-glycan processing; glycosphingolipid biosynthetic process; glycoprotein metabolic process; oligosaccharide metabolic process; sialic acid binding; identical protein binding; sialylation	0.3807	0.00188	1	0.8181818181818182	0.8181818181818181	0.0	0.4375	0.4375
ST8SIA4	I14_OG000555	Q92187	ENSG00000113532	ST8 alpha-N-acetyl-neuraminide alpha-2,8-sialyltransferase 4	GO:0000139; GO:0001574; GO:0003828; GO:0005576; GO:0005794; GO:0006486; GO:0006491; GO:0007399; GO:0008373; GO:0009311; GO:0033691; GO:0036211; GO:0097503	Golgi membrane; ganglioside biosynthetic process; alpha-N-acetylneuraminate alpha-2,8-sialyltransferase activity; extracellular region; Golgi apparatus; protein glycosylation; N-glycan processing; nervous system development; sialyltransferase activity; oligosaccharide metabolic process; sialic acid binding; protein modification process; sialylation	0.3807	0.00188	1	0.8181818181818182	0.8181818181818181	0.0	0.4375	0.4375
ST8SIA5	I14_OG000555	O15466	ENSG00000101638	ST8 alpha-N-acetyl-neuraminide alpha-2,8-sialyltransferase 5	GO:0000139; GO:0003828; GO:0005515; GO:0005975; GO:0006486; GO:0006491; GO:0006688; GO:0008373; GO:0009311	Golgi membrane; alpha-N-acetylneuraminate alpha-2,8-sialyltransferase activity; protein binding; carbohydrate metabolic process; protein glycosylation; N-glycan processing; glycosphingolipid biosynthetic process; sialyltransferase activity; oligosaccharide metabolic process	0.3807	0.00188	1	0.8181818181818182	0.8181818181818181	0.0	0.4375	0.4375
ST8SIA6	I14_OG000555	P61647	ENSG00000148488	ST8 alpha-N-acetyl-neuraminide alpha-2,8-sialyltransferase 6	GO:0000139; GO:0001574; GO:0001835; GO:0003828; GO:0006486; GO:0006491; GO:0006493; GO:0008373; GO:0009100; GO:0009247; GO:0009311; GO:0016051	Golgi membrane; ganglioside biosynthetic process; blastocyst hatching; alpha-N-acetylneuraminate alpha-2,8-sialyltransferase activity; protein glycosylation; N-glycan processing; protein O-linked glycosylation; sialyltransferase activity; glycoprotein metabolic process; glycolipid biosynthetic process; oligosaccharide metabolic process; carbohydrate biosynthetic process	0.3807	0.00188	1	0.8181818181818182	0.8181818181818181	0.0	0.4375	0.4375
STIL	I14_OG012291	Q15468	ENSG00000123473	STIL centriolar assembly protein	GO:0000578; GO:0001701; GO:0001843; GO:0001947; GO:0005515; GO:0005654; GO:0005737; GO:0005813; GO:0005814; GO:0005815; GO:0005829; GO:0005938; GO:0007052; GO:0007224; GO:0007368; GO:0021915; GO:0030900; GO:0030903; GO:0031023; GO:0033504; GO:0035264; GO:0042802; GO:0043066; GO:0046599; GO:0046601; GO:0051298; GO:0060236; GO:0071539; GO:0120099; GO:1900087; GO:1905832	embryonic axis specification; in utero embryonic development; neural tube closure; heart looping; protein binding; nucleoplasm; cytoplasm; centrosome; centriole; microtubule organizing center; cytosol; cell cortex; mitotic spindle organization; smoothened signaling pathway; determination of left/right symmetry; neural tube development; forebrain development; notochord development; microtubule organizing center organization; floor plate development; multicellular organism growth; identical protein binding; negative regulation of apoptotic process; regulation of centriole replication; positive regulation of centriole replication; centrosome duplication; regulation of mitotic spindle organization; protein localization to centrosome; procentriole replication complex; positive regulation of G1/S transition of mitotic cell cycle; positive regulation of spindle assembly	0.4354	0.01247	0.0	0.4090909090909091	0.4545454545454546	0.0	0.0625	0.0625
STKLD1	I60_OG000089	Q8NE28	ENSG00000198870	serine/threonine kinase like domain containing 1	GO:0004674; GO:0005524	protein serine/threonine kinase activity; ATP binding	0.334	0	1	1.0	1.0	1.0	0.78125	0.8125
STKLD1	I60_OG000089	Q8NE28	ENSG00000281245	serine/threonine kinase like domain containing 1	GO:0004674; GO:0005524	protein serine/threonine kinase activity; ATP binding	0.334	0	1	1.0	1.0	1.0	0.78125	0.8125
STYXL2	I14_OG002882	Q5VZP5	ENSG00000198842	serine/threonine/tyrosine interacting like 2	GO:0005737; GO:0008138; GO:0030017; GO:0033549; GO:0043409	cytoplasm; protein tyrosine/serine/threonine phosphatase activity; sarcomere; MAP kinase phosphatase activity; negative regulation of MAPK cascade	0.4973	0.03815	1	0.8181818181818182	0.8181818181818181	0.0	0.3125	0.3125
SWI5	I14_OG011497	Q1ZZU3	ENSG00000175854	SWI5 homologous recombination repair protein	GO:0000724; GO:0005515; GO:0005634; GO:0032798; GO:0071479	double-strand break repair via homologous recombination; protein binding; nucleus; Swi5-Sfr1 complex; cellular response to ionizing radiation	0.34	0.03251	0	0.22727272727272727	0.2727272727272727	0.0	0.03125	0.0625
TAF11	I14_OG003550	Q15544	ENSG00000064995	TATA-box binding protein associated factor 11	GO:0003677; GO:0003713; GO:0005515; GO:0005634; GO:0005654; GO:0005669; GO:0005794; GO:0006366; GO:0006367; GO:0016251; GO:0017025; GO:0042789; GO:0042809; GO:0043923; GO:0046966; GO:0046982; GO:0051123; GO:0060261	DNA binding; transcription coactivator activity; protein binding; nucleus; nucleoplasm; transcription factor TFIID complex; Golgi apparatus; transcription by RNA polymerase II; transcription initiation at RNA polymerase II promoter; RNA polymerase II general transcription initiation factor activity; TBP-class protein binding; mRNA transcription by RNA polymerase II; nuclear vitamin D receptor binding; positive regulation by host of viral transcription; nuclear thyroid hormone receptor binding; protein heterodimerization activity; RNA polymerase II preinitiation complex assembly; positive regulation of transcription initiation by RNA polymerase II	0.4973	0.04996	1.0	0.8181818181818182	0.8181818181818181	0.0	0.3125	0.3125
TAF11L11	I14_OG003550	A0A1W2PQ09	ENSG00000283740	TATA-box binding protein associated factor 11 like 11	GO:0005669; GO:0016251; GO:0046982; GO:0051123	transcription factor TFIID complex; RNA polymerase II general transcription initiation factor activity; protein heterodimerization activity; RNA polymerase II preinitiation complex assembly	0.4973	0.04996	1.0	0.8181818181818182	0.8181818181818181	0.0	0.3125	0.3125
TAF11L12	I14_OG003550	A0A1W2PPW3	ENSG00000249156	TATA-box binding protein associated factor 11 like 12	GO:0005669; GO:0016251; GO:0046982; GO:0051123	transcription factor TFIID complex; RNA polymerase II general transcription initiation factor activity; protein heterodimerization activity; RNA polymerase II preinitiation complex assembly	0.4973	0.04996	1.0	0.8181818181818182	0.8181818181818181	0.0	0.3125	0.3125
TAF11L12	I14_OG003550	A0A1W2PRN6	ENSG00000249156	TATA-box binding protein associated factor 11 like 12	GO:0005669; GO:0016251; GO:0046982; GO:0051123	transcription factor TFIID complex; RNA polymerase II general transcription initiation factor activity; protein heterodimerization activity; RNA polymerase II preinitiation complex assembly	0.4973	0.04996	1.0	0.8181818181818182	0.8181818181818181	0.0	0.3125	0.3125
TAF11L13	I14_OG003550	A0A1W2PPH5	ENSG00000283776	TATA-box binding protein associated factor 11 like 13	GO:0005669; GO:0016251; GO:0046982; GO:0051123	transcription factor TFIID complex; RNA polymerase II general transcription initiation factor activity; protein heterodimerization activity; RNA polymerase II preinitiation complex assembly	0.4973	0.04996	1.0	0.8181818181818182	0.8181818181818181	0.0	0.3125	0.3125
TAF11L14	I14_OG003550	A0A1W2PPL8	ENSG00000250782	TATA-box binding protein associated factor 11 like 14	GO:0005669; GO:0016251; GO:0046982; GO:0051123	transcription factor TFIID complex; RNA polymerase II general transcription initiation factor activity; protein heterodimerization activity; RNA polymerase II preinitiation complex assembly	0.4973	0.04996	1.0	0.8181818181818182	0.8181818181818181	0.0	0.3125	0.3125
TAF11L2	I14_OG003550	A0A1W2PRN6	ENSG00000284373	TATA-box binding protein associated factor 11 like 2	GO:0005669; GO:0016251; GO:0046982; GO:0051123	transcription factor TFIID complex; RNA polymerase II general transcription initiation factor activity; protein heterodimerization activity; RNA polymerase II preinitiation complex assembly	0.4973	0.04996	1.0	0.8181818181818182	0.8181818181818181	0.0	0.3125	0.3125
TAF11L2	I14_OG003550	A6NLC8	ENSG00000284373	TATA-box binding protein associated factor 11 like 2	GO:0005669; GO:0016251; GO:0046982; GO:0051123	transcription factor TFIID complex; RNA polymerase II general transcription initiation factor activity; protein heterodimerization activity; RNA polymerase II preinitiation complex assembly	0.4973	0.04996	1.0	0.8181818181818182	0.8181818181818181	0.0	0.3125	0.3125
TAF11L3	I14_OG003550	A0A1W2PRV1	ENSG00000284439	TATA-box binding protein associated factor 11 like 3	GO:0005669; GO:0016251; GO:0046982; GO:0051123	transcription factor TFIID complex; RNA polymerase II general transcription initiation factor activity; protein heterodimerization activity; RNA polymerase II preinitiation complex assembly	0.4973	0.04996	1.0	0.8181818181818182	0.8181818181818181	0.0	0.3125	0.3125
TAF11L4	I14_OG003550	A0A1W2PPE2	ENSG00000284283	TATA-box binding protein associated factor 11 like 4	GO:0005669; GO:0016251; GO:0046982; GO:0051123	transcription factor TFIID complex; RNA polymerase II general transcription initiation factor activity; protein heterodimerization activity; RNA polymerase II preinitiation complex assembly	0.4973	0.04996	1.0	0.8181818181818182	0.8181818181818181	0.0	0.3125	0.3125
TAF11L9	I14_OG003550	A0A1W2PR64	ENSG00000283988	TATA-box binding protein associated factor 11 like 9	GO:0005669; GO:0016251; GO:0046982; GO:0051123	transcription factor TFIID complex; RNA polymerase II general transcription initiation factor activity; protein heterodimerization activity; RNA polymerase II preinitiation complex assembly	0.4973	0.04996	1.0	0.8181818181818182	0.8181818181818181	0.0	0.3125	0.3125
TAP1	I60_OG000105	Q03518	ENSG00000168394	transporter 1, ATP binding cassette subfamily B member	GO:0002250; GO:0005515; GO:0005524; GO:0005783; GO:0005789; GO:0006952; GO:0015031; GO:0015433; GO:0015833; GO:0016020; GO:0016887; GO:0019885; GO:0023029; GO:0030670; GO:0033116; GO:0034451; GO:0042288; GO:0042605; GO:0042803; GO:0042824; GO:0042825; GO:0043531; GO:0046872; GO:0046967; GO:0046978; GO:0046979; GO:0055085; GO:1904680	adaptive immune response; protein binding; ATP binding; endoplasmic reticulum; endoplasmic reticulum membrane; defense response; protein transport; ABC-type peptide antigen transporter activity; peptide transport; membrane; ATP hydrolysis activity; antigen processing and presentation of endogenous peptide antigen via MHC class I; MHC class Ib protein binding; phagocytic vesicle membrane; endoplasmic reticulum-Golgi intermediate compartment membrane; centriolar satellite; MHC class I protein binding; peptide antigen binding; protein homodimerization activity; MHC class I peptide loading complex; TAP complex; ADP binding; metal ion binding; cytosol to endoplasmic reticulum transport; TAP1 binding; TAP2 binding; transmembrane transport; peptide transmembrane transporter activity	0.2932	0.04578	1	1.0	1.0	1.0	0.8125	0.8125
TAP1	I60_OG000105	Q03518	ENSG00000227816	transporter 1, ATP binding cassette subfamily B member	GO:0002250; GO:0005515; GO:0005524; GO:0005783; GO:0005789; GO:0006952; GO:0015031; GO:0015433; GO:0015833; GO:0016020; GO:0016887; GO:0019885; GO:0023029; GO:0030670; GO:0033116; GO:0034451; GO:0042288; GO:0042605; GO:0042803; GO:0042824; GO:0042825; GO:0043531; GO:0046872; GO:0046967; GO:0046978; GO:0046979; GO:0055085; GO:1904680	adaptive immune response; protein binding; ATP binding; endoplasmic reticulum; endoplasmic reticulum membrane; defense response; protein transport; ABC-type peptide antigen transporter activity; peptide transport; membrane; ATP hydrolysis activity; antigen processing and presentation of endogenous peptide antigen via MHC class I; MHC class Ib protein binding; phagocytic vesicle membrane; endoplasmic reticulum-Golgi intermediate compartment membrane; centriolar satellite; MHC class I protein binding; peptide antigen binding; protein homodimerization activity; MHC class I peptide loading complex; TAP complex; ADP binding; metal ion binding; cytosol to endoplasmic reticulum transport; TAP1 binding; TAP2 binding; transmembrane transport; peptide transmembrane transporter activity	0.2932	0.04578	1	1.0	1.0	1.0	0.8125	0.8125
TAP1	I60_OG000105	Q03518	ENSG00000232367	transporter 1, ATP binding cassette subfamily B member	GO:0002250; GO:0005515; GO:0005524; GO:0005783; GO:0005789; GO:0006952; GO:0015031; GO:0015433; GO:0015833; GO:0016020; GO:0016887; GO:0019885; GO:0023029; GO:0030670; GO:0033116; GO:0034451; GO:0042288; GO:0042605; GO:0042803; GO:0042824; GO:0042825; GO:0043531; GO:0046872; GO:0046967; GO:0046978; GO:0046979; GO:0055085; GO:1904680	adaptive immune response; protein binding; ATP binding; endoplasmic reticulum; endoplasmic reticulum membrane; defense response; protein transport; ABC-type peptide antigen transporter activity; peptide transport; membrane; ATP hydrolysis activity; antigen processing and presentation of endogenous peptide antigen via MHC class I; MHC class Ib protein binding; phagocytic vesicle membrane; endoplasmic reticulum-Golgi intermediate compartment membrane; centriolar satellite; MHC class I protein binding; peptide antigen binding; protein homodimerization activity; MHC class I peptide loading complex; TAP complex; ADP binding; metal ion binding; cytosol to endoplasmic reticulum transport; TAP1 binding; TAP2 binding; transmembrane transport; peptide transmembrane transporter activity	0.2932	0.04578	1	1.0	1.0	1.0	0.8125	0.8125
TAP1	I60_OG000105	Q03518	ENSG00000224748	transporter 1, ATP binding cassette subfamily B member	GO:0002250; GO:0005515; GO:0005524; GO:0005783; GO:0005789; GO:0006952; GO:0015031; GO:0015433; GO:0015833; GO:0016020; GO:0016887; GO:0019885; GO:0023029; GO:0030670; GO:0033116; GO:0034451; GO:0042288; GO:0042605; GO:0042803; GO:0042824; GO:0042825; GO:0043531; GO:0046872; GO:0046967; GO:0046978; GO:0046979; GO:0055085; GO:1904680	adaptive immune response; protein binding; ATP binding; endoplasmic reticulum; endoplasmic reticulum membrane; defense response; protein transport; ABC-type peptide antigen transporter activity; peptide transport; membrane; ATP hydrolysis activity; antigen processing and presentation of endogenous peptide antigen via MHC class I; MHC class Ib protein binding; phagocytic vesicle membrane; endoplasmic reticulum-Golgi intermediate compartment membrane; centriolar satellite; MHC class I protein binding; peptide antigen binding; protein homodimerization activity; MHC class I peptide loading complex; TAP complex; ADP binding; metal ion binding; cytosol to endoplasmic reticulum transport; TAP1 binding; TAP2 binding; transmembrane transport; peptide transmembrane transporter activity	0.2932	0.04578	1	1.0	1.0	1.0	0.8125	0.8125
TAP1	I60_OG000105	Q03518	ENSG00000224212	transporter 1, ATP binding cassette subfamily B member	GO:0002250; GO:0005515; GO:0005524; GO:0005783; GO:0005789; GO:0006952; GO:0015031; GO:0015433; GO:0015833; GO:0016020; GO:0016887; GO:0019885; GO:0023029; GO:0030670; GO:0033116; GO:0034451; GO:0042288; GO:0042605; GO:0042803; GO:0042824; GO:0042825; GO:0043531; GO:0046872; GO:0046967; GO:0046978; GO:0046979; GO:0055085; GO:1904680	adaptive immune response; protein binding; ATP binding; endoplasmic reticulum; endoplasmic reticulum membrane; defense response; protein transport; ABC-type peptide antigen transporter activity; peptide transport; membrane; ATP hydrolysis activity; antigen processing and presentation of endogenous peptide antigen via MHC class I; MHC class Ib protein binding; phagocytic vesicle membrane; endoplasmic reticulum-Golgi intermediate compartment membrane; centriolar satellite; MHC class I protein binding; peptide antigen binding; protein homodimerization activity; MHC class I peptide loading complex; TAP complex; ADP binding; metal ion binding; cytosol to endoplasmic reticulum transport; TAP1 binding; TAP2 binding; transmembrane transport; peptide transmembrane transporter activity	0.2932	0.04578	1	1.0	1.0	1.0	0.8125	0.8125
TAP1	I60_OG000105	Q03518	ENSG00000226173	transporter 1, ATP binding cassette subfamily B member	GO:0002250; GO:0005515; GO:0005524; GO:0005783; GO:0005789; GO:0006952; GO:0015031; GO:0015433; GO:0015833; GO:0016020; GO:0016887; GO:0019885; GO:0023029; GO:0030670; GO:0033116; GO:0034451; GO:0042288; GO:0042605; GO:0042803; GO:0042824; GO:0042825; GO:0043531; GO:0046872; GO:0046967; GO:0046978; GO:0046979; GO:0055085; GO:1904680	adaptive immune response; protein binding; ATP binding; endoplasmic reticulum; endoplasmic reticulum membrane; defense response; protein transport; ABC-type peptide antigen transporter activity; peptide transport; membrane; ATP hydrolysis activity; antigen processing and presentation of endogenous peptide antigen via MHC class I; MHC class Ib protein binding; phagocytic vesicle membrane; endoplasmic reticulum-Golgi intermediate compartment membrane; centriolar satellite; MHC class I protein binding; peptide antigen binding; protein homodimerization activity; MHC class I peptide loading complex; TAP complex; ADP binding; metal ion binding; cytosol to endoplasmic reticulum transport; TAP1 binding; TAP2 binding; transmembrane transport; peptide transmembrane transporter activity	0.2932	0.04578	1	1.0	1.0	1.0	0.8125	0.8125
TAP1	I60_OG000105	Q03518	ENSG00000230705	transporter 1, ATP binding cassette subfamily B member	GO:0002250; GO:0005515; GO:0005524; GO:0005783; GO:0005789; GO:0006952; GO:0015031; GO:0015433; GO:0015833; GO:0016020; GO:0016887; GO:0019885; GO:0023029; GO:0030670; GO:0033116; GO:0034451; GO:0042288; GO:0042605; GO:0042803; GO:0042824; GO:0042825; GO:0043531; GO:0046872; GO:0046967; GO:0046978; GO:0046979; GO:0055085; GO:1904680	adaptive immune response; protein binding; ATP binding; endoplasmic reticulum; endoplasmic reticulum membrane; defense response; protein transport; ABC-type peptide antigen transporter activity; peptide transport; membrane; ATP hydrolysis activity; antigen processing and presentation of endogenous peptide antigen via MHC class I; MHC class Ib protein binding; phagocytic vesicle membrane; endoplasmic reticulum-Golgi intermediate compartment membrane; centriolar satellite; MHC class I protein binding; peptide antigen binding; protein homodimerization activity; MHC class I peptide loading complex; TAP complex; ADP binding; metal ion binding; cytosol to endoplasmic reticulum transport; TAP1 binding; TAP2 binding; transmembrane transport; peptide transmembrane transporter activity	0.2932	0.04578	1	1.0	1.0	1.0	0.8125	0.8125
TAP1	I60_OG000105	Q03518	ENSG00000206297	transporter 1, ATP binding cassette subfamily B member	GO:0002250; GO:0005515; GO:0005524; GO:0005783; GO:0005789; GO:0006952; GO:0015031; GO:0015433; GO:0015833; GO:0016020; GO:0016887; GO:0019885; GO:0023029; GO:0030670; GO:0033116; GO:0034451; GO:0042288; GO:0042605; GO:0042803; GO:0042824; GO:0042825; GO:0043531; GO:0046872; GO:0046967; GO:0046978; GO:0046979; GO:0055085; GO:1904680	adaptive immune response; protein binding; ATP binding; endoplasmic reticulum; endoplasmic reticulum membrane; defense response; protein transport; ABC-type peptide antigen transporter activity; peptide transport; membrane; ATP hydrolysis activity; antigen processing and presentation of endogenous peptide antigen via MHC class I; MHC class Ib protein binding; phagocytic vesicle membrane; endoplasmic reticulum-Golgi intermediate compartment membrane; centriolar satellite; MHC class I protein binding; peptide antigen binding; protein homodimerization activity; MHC class I peptide loading complex; TAP complex; ADP binding; metal ion binding; cytosol to endoplasmic reticulum transport; TAP1 binding; TAP2 binding; transmembrane transport; peptide transmembrane transporter activity	0.2932	0.04578	1	1.0	1.0	1.0	0.8125	0.8125
TAP2	I60_OG000105	Q03519	ENSG00000204267	transporter 2, ATP binding cassette subfamily B member	GO:0001913; GO:0001916; GO:0002237; GO:0002481; GO:0002485; GO:0002489; GO:0005515; GO:0005524; GO:0005783; GO:0005789; GO:0015031; GO:0015433; GO:0015440; GO:0016020; GO:0016607; GO:0016887; GO:0019885; GO:0023029; GO:0030670; GO:0033116; GO:0042605; GO:0042824; GO:0042825; GO:0046872; GO:0046967; GO:0046968; GO:0046978; GO:0046980; GO:0055085; GO:1904680	T cell mediated cytotoxicity; positive regulation of T cell mediated cytotoxicity; response to molecule of bacterial origin; antigen processing and presentation of exogenous protein antigen via MHC class Ib, TAP-dependent; antigen processing and presentation of endogenous peptide antigen via MHC class I via ER pathway, TAP-dependent; antigen processing and presentation of endogenous peptide antigen via MHC class Ib via ER pathway, TAP-dependent; protein binding; ATP binding; endoplasmic reticulum; endoplasmic reticulum membrane; protein transport; ABC-type peptide antigen transporter activity; ABC-type peptide transporter activity; membrane; nuclear speck; ATP hydrolysis activity; antigen processing and presentation of endogenous peptide antigen via MHC class I; MHC class Ib protein binding; phagocytic vesicle membrane; endoplasmic reticulum-Golgi intermediate compartment membrane; peptide antigen binding; MHC class I peptide loading complex; TAP complex; metal ion binding; cytosol to endoplasmic reticulum transport; peptide antigen transport; TAP1 binding; tapasin binding; transmembrane transport; peptide transmembrane transporter activity	0.2932	0.04578	1	1.0	1.0	1.0	0.8125	0.8125
TAP2	I60_OG000105	Q03519	ENSG00000225967	transporter 2, ATP binding cassette subfamily B member	GO:0001913; GO:0001916; GO:0002237; GO:0002481; GO:0002485; GO:0002489; GO:0005515; GO:0005524; GO:0005783; GO:0005789; GO:0015031; GO:0015433; GO:0015440; GO:0016020; GO:0016607; GO:0016887; GO:0019885; GO:0023029; GO:0030670; GO:0033116; GO:0042605; GO:0042824; GO:0042825; GO:0046872; GO:0046967; GO:0046968; GO:0046978; GO:0046980; GO:0055085; GO:1904680	T cell mediated cytotoxicity; positive regulation of T cell mediated cytotoxicity; response to molecule of bacterial origin; antigen processing and presentation of exogenous protein antigen via MHC class Ib, TAP-dependent; antigen processing and presentation of endogenous peptide antigen via MHC class I via ER pathway, TAP-dependent; antigen processing and presentation of endogenous peptide antigen via MHC class Ib via ER pathway, TAP-dependent; protein binding; ATP binding; endoplasmic reticulum; endoplasmic reticulum membrane; protein transport; ABC-type peptide antigen transporter activity; ABC-type peptide transporter activity; membrane; nuclear speck; ATP hydrolysis activity; antigen processing and presentation of endogenous peptide antigen via MHC class I; MHC class Ib protein binding; phagocytic vesicle membrane; endoplasmic reticulum-Golgi intermediate compartment membrane; peptide antigen binding; MHC class I peptide loading complex; TAP complex; metal ion binding; cytosol to endoplasmic reticulum transport; peptide antigen transport; TAP1 binding; tapasin binding; transmembrane transport; peptide transmembrane transporter activity	0.2932	0.04578	1	1.0	1.0	1.0	0.8125	0.8125
TAP2	I60_OG000105	Q03519	ENSG00000232326	transporter 2, ATP binding cassette subfamily B member	GO:0001913; GO:0001916; GO:0002237; GO:0002481; GO:0002485; GO:0002489; GO:0005515; GO:0005524; GO:0005783; GO:0005789; GO:0015031; GO:0015433; GO:0015440; GO:0016020; GO:0016607; GO:0016887; GO:0019885; GO:0023029; GO:0030670; GO:0033116; GO:0042605; GO:0042824; GO:0042825; GO:0046872; GO:0046967; GO:0046968; GO:0046978; GO:0046980; GO:0055085; GO:1904680	T cell mediated cytotoxicity; positive regulation of T cell mediated cytotoxicity; response to molecule of bacterial origin; antigen processing and presentation of exogenous protein antigen via MHC class Ib, TAP-dependent; antigen processing and presentation of endogenous peptide antigen via MHC class I via ER pathway, TAP-dependent; antigen processing and presentation of endogenous peptide antigen via MHC class Ib via ER pathway, TAP-dependent; protein binding; ATP binding; endoplasmic reticulum; endoplasmic reticulum membrane; protein transport; ABC-type peptide antigen transporter activity; ABC-type peptide transporter activity; membrane; nuclear speck; ATP hydrolysis activity; antigen processing and presentation of endogenous peptide antigen via MHC class I; MHC class Ib protein binding; phagocytic vesicle membrane; endoplasmic reticulum-Golgi intermediate compartment membrane; peptide antigen binding; MHC class I peptide loading complex; TAP complex; metal ion binding; cytosol to endoplasmic reticulum transport; peptide antigen transport; TAP1 binding; tapasin binding; transmembrane transport; peptide transmembrane transporter activity	0.2932	0.04578	1	1.0	1.0	1.0	0.8125	0.8125
TAP2	I60_OG000105	Q03519	ENSG00000228582	transporter 2, ATP binding cassette subfamily B member	GO:0001913; GO:0001916; GO:0002237; GO:0002481; GO:0002485; GO:0002489; GO:0005515; GO:0005524; GO:0005783; GO:0005789; GO:0015031; GO:0015433; GO:0015440; GO:0016020; GO:0016607; GO:0016887; GO:0019885; GO:0023029; GO:0030670; GO:0033116; GO:0042605; GO:0042824; GO:0042825; GO:0046872; GO:0046967; GO:0046968; GO:0046978; GO:0046980; GO:0055085; GO:1904680	T cell mediated cytotoxicity; positive regulation of T cell mediated cytotoxicity; response to molecule of bacterial origin; antigen processing and presentation of exogenous protein antigen via MHC class Ib, TAP-dependent; antigen processing and presentation of endogenous peptide antigen via MHC class I via ER pathway, TAP-dependent; antigen processing and presentation of endogenous peptide antigen via MHC class Ib via ER pathway, TAP-dependent; protein binding; ATP binding; endoplasmic reticulum; endoplasmic reticulum membrane; protein transport; ABC-type peptide antigen transporter activity; ABC-type peptide transporter activity; membrane; nuclear speck; ATP hydrolysis activity; antigen processing and presentation of endogenous peptide antigen via MHC class I; MHC class Ib protein binding; phagocytic vesicle membrane; endoplasmic reticulum-Golgi intermediate compartment membrane; peptide antigen binding; MHC class I peptide loading complex; TAP complex; metal ion binding; cytosol to endoplasmic reticulum transport; peptide antigen transport; TAP1 binding; tapasin binding; transmembrane transport; peptide transmembrane transporter activity	0.2932	0.04578	1	1.0	1.0	1.0	0.8125	0.8125
TAP2	I60_OG000105	Q03519	ENSG00000223481	transporter 2, ATP binding cassette subfamily B member	GO:0001913; GO:0001916; GO:0002237; GO:0002481; GO:0002485; GO:0002489; GO:0005515; GO:0005524; GO:0005783; GO:0005789; GO:0015031; GO:0015433; GO:0015440; GO:0016020; GO:0016607; GO:0016887; GO:0019885; GO:0023029; GO:0030670; GO:0033116; GO:0042605; GO:0042824; GO:0042825; GO:0046872; GO:0046967; GO:0046968; GO:0046978; GO:0046980; GO:0055085; GO:1904680	T cell mediated cytotoxicity; positive regulation of T cell mediated cytotoxicity; response to molecule of bacterial origin; antigen processing and presentation of exogenous protein antigen via MHC class Ib, TAP-dependent; antigen processing and presentation of endogenous peptide antigen via MHC class I via ER pathway, TAP-dependent; antigen processing and presentation of endogenous peptide antigen via MHC class Ib via ER pathway, TAP-dependent; protein binding; ATP binding; endoplasmic reticulum; endoplasmic reticulum membrane; protein transport; ABC-type peptide antigen transporter activity; ABC-type peptide transporter activity; membrane; nuclear speck; ATP hydrolysis activity; antigen processing and presentation of endogenous peptide antigen via MHC class I; MHC class Ib protein binding; phagocytic vesicle membrane; endoplasmic reticulum-Golgi intermediate compartment membrane; peptide antigen binding; MHC class I peptide loading complex; TAP complex; metal ion binding; cytosol to endoplasmic reticulum transport; peptide antigen transport; TAP1 binding; tapasin binding; transmembrane transport; peptide transmembrane transporter activity	0.2932	0.04578	1	1.0	1.0	1.0	0.8125	0.8125
TAP2	I60_OG000105	Q03519	ENSG00000206235	transporter 2, ATP binding cassette subfamily B member	GO:0001913; GO:0001916; GO:0002237; GO:0002481; GO:0002485; GO:0002489; GO:0005515; GO:0005524; GO:0005783; GO:0005789; GO:0015031; GO:0015433; GO:0015440; GO:0016020; GO:0016607; GO:0016887; GO:0019885; GO:0023029; GO:0030670; GO:0033116; GO:0042605; GO:0042824; GO:0042825; GO:0046872; GO:0046967; GO:0046968; GO:0046978; GO:0046980; GO:0055085; GO:1904680	T cell mediated cytotoxicity; positive regulation of T cell mediated cytotoxicity; response to molecule of bacterial origin; antigen processing and presentation of exogenous protein antigen via MHC class Ib, TAP-dependent; antigen processing and presentation of endogenous peptide antigen via MHC class I via ER pathway, TAP-dependent; antigen processing and presentation of endogenous peptide antigen via MHC class Ib via ER pathway, TAP-dependent; protein binding; ATP binding; endoplasmic reticulum; endoplasmic reticulum membrane; protein transport; ABC-type peptide antigen transporter activity; ABC-type peptide transporter activity; membrane; nuclear speck; ATP hydrolysis activity; antigen processing and presentation of endogenous peptide antigen via MHC class I; MHC class Ib protein binding; phagocytic vesicle membrane; endoplasmic reticulum-Golgi intermediate compartment membrane; peptide antigen binding; MHC class I peptide loading complex; TAP complex; metal ion binding; cytosol to endoplasmic reticulum transport; peptide antigen transport; TAP1 binding; tapasin binding; transmembrane transport; peptide transmembrane transporter activity	0.2932	0.04578	1	1.0	1.0	1.0	0.8125	0.8125
TAP2	I60_OG000105	Q03519	ENSG00000237599	transporter 2, ATP binding cassette subfamily B member	GO:0001913; GO:0001916; GO:0002237; GO:0002481; GO:0002485; GO:0002489; GO:0005515; GO:0005524; GO:0005783; GO:0005789; GO:0015031; GO:0015433; GO:0015440; GO:0016020; GO:0016607; GO:0016887; GO:0019885; GO:0023029; GO:0030670; GO:0033116; GO:0042605; GO:0042824; GO:0042825; GO:0046872; GO:0046967; GO:0046968; GO:0046978; GO:0046980; GO:0055085; GO:1904680	T cell mediated cytotoxicity; positive regulation of T cell mediated cytotoxicity; response to molecule of bacterial origin; antigen processing and presentation of exogenous protein antigen via MHC class Ib, TAP-dependent; antigen processing and presentation of endogenous peptide antigen via MHC class I via ER pathway, TAP-dependent; antigen processing and presentation of endogenous peptide antigen via MHC class Ib via ER pathway, TAP-dependent; protein binding; ATP binding; endoplasmic reticulum; endoplasmic reticulum membrane; protein transport; ABC-type peptide antigen transporter activity; ABC-type peptide transporter activity; membrane; nuclear speck; ATP hydrolysis activity; antigen processing and presentation of endogenous peptide antigen via MHC class I; MHC class Ib protein binding; phagocytic vesicle membrane; endoplasmic reticulum-Golgi intermediate compartment membrane; peptide antigen binding; MHC class I peptide loading complex; TAP complex; metal ion binding; cytosol to endoplasmic reticulum transport; peptide antigen transport; TAP1 binding; tapasin binding; transmembrane transport; peptide transmembrane transporter activity	0.2932	0.04578	1	1.0	1.0	1.0	0.8125	0.8125
TAP2	I60_OG000105	Q03519	ENSG00000206299	transporter 2, ATP binding cassette subfamily B member	GO:0001913; GO:0001916; GO:0002237; GO:0002481; GO:0002485; GO:0002489; GO:0005515; GO:0005524; GO:0005783; GO:0005789; GO:0015031; GO:0015433; GO:0015440; GO:0016020; GO:0016607; GO:0016887; GO:0019885; GO:0023029; GO:0030670; GO:0033116; GO:0042605; GO:0042824; GO:0042825; GO:0046872; GO:0046967; GO:0046968; GO:0046978; GO:0046980; GO:0055085; GO:1904680	T cell mediated cytotoxicity; positive regulation of T cell mediated cytotoxicity; response to molecule of bacterial origin; antigen processing and presentation of exogenous protein antigen via MHC class Ib, TAP-dependent; antigen processing and presentation of endogenous peptide antigen via MHC class I via ER pathway, TAP-dependent; antigen processing and presentation of endogenous peptide antigen via MHC class Ib via ER pathway, TAP-dependent; protein binding; ATP binding; endoplasmic reticulum; endoplasmic reticulum membrane; protein transport; ABC-type peptide antigen transporter activity; ABC-type peptide transporter activity; membrane; nuclear speck; ATP hydrolysis activity; antigen processing and presentation of endogenous peptide antigen via MHC class I; MHC class Ib protein binding; phagocytic vesicle membrane; endoplasmic reticulum-Golgi intermediate compartment membrane; peptide antigen binding; MHC class I peptide loading complex; TAP complex; metal ion binding; cytosol to endoplasmic reticulum transport; peptide antigen transport; TAP1 binding; tapasin binding; transmembrane transport; peptide transmembrane transporter activity	0.2932	0.04578	1	1.0	1.0	1.0	0.8125	0.8125
TASP1	I14_OG001109	Q9H6P5	ENSG00000089123	taspase 1	GO:0004298; GO:0005737; GO:0005829; GO:0006508; GO:0040029; GO:0042802; GO:0045893; GO:0051604	threonine-type endopeptidase activity; cytoplasm; cytosol; proteolysis; epigenetic regulation of gene expression; identical protein binding; positive regulation of DNA-templated transcription; protein maturation	0.6145	5e-04	1.0	0.8636363636363636	0.9090909090909091	0.0	0.25	0.25
TBL2	I14_OG005193	Q9Y4P3	ENSG00000106638	transducin beta like 2	GO:0003723; GO:0005515; GO:0005783; GO:0005789; GO:0019901; GO:0030968; GO:0031369; GO:0042149; GO:0051219; GO:0071456	RNA binding; protein binding; endoplasmic reticulum; endoplasmic reticulum membrane; protein kinase binding; endoplasmic reticulum unfolded protein response; translation initiation factor binding; cellular response to glucose starvation; phosphoprotein binding; cellular response to hypoxia	0.5152	0.00929	1	0.7272727272727273	0.7272727272727273	0.0	0.21875	0.25
TDRKH	I14_OG002503	Q9Y2W6	ENSG00000182134	tudor and KH domain containing	GO:0003723; GO:0005515; GO:0005739; GO:0007140; GO:0007283; GO:0009566; GO:0030719; GO:0034587; GO:0043186; GO:0071546; GO:0071547	RNA binding; protein binding; mitochondrion; male meiotic nuclear division; spermatogenesis; fertilization; P granule organization; piRNA processing; P granule; pi-body; piP-body	0.3355	0.00931	1.0	0.9545454545454546	1.0	1.0	0.6875	0.6875
TECTA	I14_OG000738	O75443	ENSG00000109927	tectorin alpha	GO:0005201; GO:0005576; GO:0005886; GO:0007160; GO:0007605; GO:0031012; GO:0060088; GO:0070062; GO:0098552	extracellular matrix structural constituent; extracellular region; plasma membrane; cell-matrix adhesion; sensory perception of sound; extracellular matrix; auditory receptor cell stereocilium organization; extracellular exosome; side of membrane	0.4524	0.01249	1.0	0.5454545454545454	0.5454545454545454	0.0	0.125	0.125
THOC6	I14_OG005675	Q86W42	ENSG00000131652	THO complex subunit 6	GO:0000346; GO:0000347; GO:0000445; GO:0000781; GO:0003723; GO:0005634; GO:0005654; GO:0006397; GO:0006406; GO:0006915; GO:0007417; GO:0008380; GO:0016604; GO:0016607	transcription export complex; THO complex; THO complex part of transcription export complex; chromosome, telomeric region; RNA binding; nucleus; nucleoplasm; mRNA processing; mRNA export from nucleus; apoptotic process; central nervous system development; RNA splicing; nuclear body; nuclear speck	0.4797	0.01098	1	0.7727272727272727	0.8181818181818181	0.0	0.3125	0.375
TIPARP	I14_OG001062	Q7Z3E1	ENSG00000163659	TCDD inducible poly(ADP-ribose) polymerase	GO:0000987; GO:0001570; GO:0001822; GO:0003950; GO:0005634; GO:0008209; GO:0008210; GO:0008585; GO:0009791; GO:0010629; GO:0016779; GO:0030097; GO:0045732; GO:0046872; GO:0048008; GO:0048705; GO:0048745; GO:0060021; GO:0060325; GO:0140803; GO:0140806; GO:0140822; GO:0140844; GO:0140867; GO:1904612; GO:1990404	cis-regulatory region sequence-specific DNA binding; vasculogenesis; kidney development; NAD+ poly-ADP-ribosyltransferase activity; nucleus; androgen metabolic process; estrogen metabolic process; female gonad development; post-embryonic development; negative regulation of gene expression; nucleotidyltransferase activity; hemopoiesis; positive regulation of protein catabolic process; metal ion binding; platelet-derived growth factor receptor signaling pathway; skeletal system morphogenesis; smooth muscle tissue development; roof of mouth development; face morphogenesis; NAD+-protein-cysteine ADP-ribosyltransferase activity; NAD+-protein-aspartate ADP-ribosyltransferase activity; NAD+-histone H2BE35 glutamate ADP-ribosyltransferase activity; NAD+-histone H2BE2 glutamate ADP-ribosyltransferase activity; NAD+-histone H2BE18 glutamate ADP-ribosyltransferase activity; response to 2,3,7,8-tetrachlorodibenzodioxine; NAD+-protein mono-ADP-ribosyltransferase activity	0.5697	1e-05	0.5	0.5454545454545454	0.6363636363636364	0.0	0.0625	0.0625
TK1	I14_OG003290	P04183	ENSG00000167900	thymidine kinase 1	GO:0004797; GO:0005515; GO:0005524; GO:0005634; GO:0005829; GO:0006139; GO:0008270; GO:0009157; GO:0042802; GO:0046104; GO:0046105; GO:0051289; GO:1904860	thymidine kinase activity; protein binding; ATP binding; nucleus; cytosol; nucleobase-containing compound metabolic process; zinc ion binding; deoxyribonucleoside monophosphate biosynthetic process; identical protein binding; thymidine metabolic process; thymidine biosynthetic process; protein homotetramerization; DNA synthesis involved in mitotic DNA replication	0.5023	0.04891	1	0.7727272727272727	0.8181818181818181	0.0	0.28125	0.3125
TM9SF1	I20_OG000647	O15321	ENSG00000100926	transmembrane 9 superfamily member 1	GO:0000421; GO:0005765; GO:0006914; GO:0016020; GO:0031410; GO:0072657	autophagosome membrane; lysosomal membrane; autophagy; membrane; cytoplasmic vesicle; protein localization to membrane	0.4905	0.01655	1	1.0	1.0	1.0	0.5625	0.5625
TM9SF1	I20_OG000647	O15321	ENSG00000285465	transmembrane 9 superfamily member 1	GO:0000421; GO:0005765; GO:0006914; GO:0016020; GO:0031410; GO:0072657	autophagosome membrane; lysosomal membrane; autophagy; membrane; cytoplasmic vesicle; protein localization to membrane	0.4905	0.01655	1	1.0	1.0	1.0	0.5625	0.5625
TM9SF3	I20_OG000647	Q9HD45	ENSG00000077147	transmembrane 9 superfamily member 3	GO:0016020; GO:0072657	membrane; protein localization to membrane	0.4905	0.01655	1	1.0	1.0	1.0	0.5625	0.5625
TMBIM6	I14_OG002847	P55061	ENSG00000139644	transmembrane BAX inhibitor motif containing 6	GO:0002638; GO:0005262; GO:0005515; GO:0005634; GO:0005737; GO:0005783; GO:0005789; GO:0005886; GO:0006914; GO:0010523; GO:0016020; GO:0019899; GO:0031625; GO:0032469; GO:0033119; GO:0034620; GO:0036483; GO:0043066; GO:0060698; GO:0060702; GO:0070588; GO:1902065; GO:1902236; GO:1903298; GO:2001234	negative regulation of immunoglobulin production; calcium channel activity; protein binding; nucleus; cytoplasm; endoplasmic reticulum; endoplasmic reticulum membrane; plasma membrane; autophagy; negative regulation of calcium ion transport into cytosol; membrane; enzyme binding; ubiquitin protein ligase binding; endoplasmic reticulum calcium ion homeostasis; negative regulation of RNA splicing; cellular response to unfolded protein; neuron intrinsic apoptotic signaling pathway in response to endoplasmic reticulum stress; negative regulation of apoptotic process; endoribonuclease inhibitor activity; negative regulation of endoribonuclease activity; calcium ion transmembrane transport; response to L-glutamate; negative regulation of endoplasmic reticulum stress-induced intrinsic apoptotic signaling pathway; negative regulation of hypoxia-induced intrinsic apoptotic signaling pathway; negative regulation of apoptotic signaling pathway	0.5265	0.03395	1	1.0	1.0	0.75	0.53125	0.5625
TMEM147	I14_OG006092	Q9BVK8	ENSG00000105677	transmembrane protein 147	GO:0005515; GO:0005789; GO:0005886; GO:0031965; GO:0032991; GO:0036228; GO:0043022; GO:0160063; GO:0160064	protein binding; endoplasmic reticulum membrane; plasma membrane; nuclear membrane; protein-containing complex; protein localization to nuclear inner membrane; ribosome binding; multi-pass transmembrane protein insertion into ER membrane; multi-pass translocon complex	0.4524	0.01092	1.0	0.5454545454545454	0.5454545454545454	0.0	0.125	0.125
TMEM258	I14_OG005049	P61165	ENSG00000134825	transmembrane protein 258	GO:0005515; GO:0005737; GO:0005783; GO:0005789; GO:0006487; GO:0006954; GO:0008250; GO:0016020; GO:0032991; GO:0034976; GO:0043227; GO:0062062; GO:1904019	protein binding; cytoplasm; endoplasmic reticulum; endoplasmic reticulum membrane; protein N-linked glycosylation; inflammatory response; oligosaccharyltransferase complex; membrane; protein-containing complex; response to endoplasmic reticulum stress; membrane-bounded organelle; oligosaccharyltransferase complex binding; epithelial cell apoptotic process	0.4567	0.01898	1	0.6363636363636364	0.6363636363636364	0.0	0.1875	0.1875
TMEM50A	I14_OG002948	O95807	ENSG00000183726	transmembrane protein 50A	GO:0005515; GO:0005783; GO:0016020; GO:0032511; GO:0043025; GO:0097386	protein binding; endoplasmic reticulum; membrane; late endosome to vacuole transport via multivesicular body sorting pathway; neuronal cell body; glial cell projection	0.6697	0.00306	1	0.6818181818181818	0.7272727272727273	0.0	0.0625	0.0625
TMEM50B	I14_OG002948	P56557	ENSG00000142188	transmembrane protein 50B	GO:0000139; GO:0005515; GO:0005783; GO:0005789; GO:0005886; GO:0032511	Golgi membrane; protein binding; endoplasmic reticulum; endoplasmic reticulum membrane; plasma membrane; late endosome to vacuole transport via multivesicular body sorting pathway	0.6697	0.00306	1	0.6818181818181818	0.7272727272727273	0.0	0.0625	0.0625
TMEM50B	I14_OG002948	P56557	ENSG00000263160	transmembrane protein 50B	GO:0000139; GO:0005515; GO:0005783; GO:0005789; GO:0005886; GO:0032511	Golgi membrane; protein binding; endoplasmic reticulum; endoplasmic reticulum membrane; plasma membrane; late endosome to vacuole transport via multivesicular body sorting pathway	0.6697	0.00306	1	0.6818181818181818	0.7272727272727273	0.0	0.0625	0.0625
TMEM63A	I14_OG000560	O94886	ENSG00000196187	transmembrane protein 63A	GO:0003676; GO:0005227; GO:0005515; GO:0005765; GO:0005886; GO:0008381; GO:0031901; GO:0034451; GO:0035579; GO:0043231; GO:0070062; GO:0070821; GO:0098655; GO:0160069; GO:1990760	nucleic acid binding; calcium-activated cation channel activity; protein binding; lysosomal membrane; plasma membrane; mechanosensitive monoatomic ion channel activity; early endosome membrane; centriolar satellite; specific granule membrane; intracellular membrane-bounded organelle; extracellular exosome; tertiary granule membrane; monoatomic cation transmembrane transport; surfactant secretion; osmolarity-sensing monoatomic cation channel activity	0.2932	0.03102	1	1.0	1.0	1.0	0.8125	0.8125
TMEM63B	I14_OG000560	Q5T3F8	ENSG00000137216	transmembrane protein 63B	GO:0005227; GO:0005886; GO:0006887; GO:0007605; GO:0008381; GO:0015629; GO:0031901; GO:0097233; GO:0098655; GO:0140135; GO:0160069; GO:1990760	calcium-activated cation channel activity; plasma membrane; exocytosis; sensory perception of sound; mechanosensitive monoatomic ion channel activity; actin cytoskeleton; early endosome membrane; alveolar lamellar body membrane; monoatomic cation transmembrane transport; mechanosensitive monoatomic cation channel activity; surfactant secretion; osmolarity-sensing monoatomic cation channel activity	0.2932	0.03102	1	1.0	1.0	1.0	0.8125	0.8125
TMEM63C	I14_OG000560	Q9P1W3	ENSG00000165548	transmembrane protein 63C	GO:0003094; GO:0005227; GO:0005789; GO:0005886; GO:0006812; GO:0098655; GO:1990760	glomerular filtration; calcium-activated cation channel activity; endoplasmic reticulum membrane; plasma membrane; monoatomic cation transport; monoatomic cation transmembrane transport; osmolarity-sensing monoatomic cation channel activity	0.2932	0.03102	1	1.0	1.0	1.0	0.8125	0.8125
TMOD1	I14_OG004468	P28289	ENSG00000136842	tropomodulin 1	GO:0003779; GO:0005523; GO:0005829; GO:0005856; GO:0005865; GO:0005884; GO:0006936; GO:0007015; GO:0008180; GO:0008344; GO:0016020; GO:0030016; GO:0030017; GO:0030239; GO:0030863; GO:0051694; GO:0070307	actin binding; tropomyosin binding; cytosol; cytoskeleton; striated muscle thin filament; actin filament; muscle contraction; actin filament organization; COP9 signalosome; adult locomotory behavior; membrane; myofibril; sarcomere; myofibril assembly; cortical cytoskeleton; pointed-end actin filament capping; lens fiber cell development	0.5103	0.03801	0.0	0.4090909090909091	0.4545454545454546	0.0	0.03125	0.0625
TMOD2	I14_OG004468	Q9NZR1	ENSG00000128872	tropomodulin 2	GO:0003779; GO:0005515; GO:0005523; GO:0005856; GO:0005865; GO:0006936; GO:0007015; GO:0007270; GO:0007399; GO:0007611; GO:0030016; GO:0030239; GO:0045202; GO:0045745; GO:0051694	actin binding; protein binding; tropomyosin binding; cytoskeleton; striated muscle thin filament; muscle contraction; actin filament organization; neuron-neuron synaptic transmission; nervous system development; learning or memory; myofibril; myofibril assembly; synapse; positive regulation of G protein-coupled receptor signaling pathway; pointed-end actin filament capping	0.5103	0.03801	0.0	0.4090909090909091	0.4545454545454546	0.0	0.03125	0.0625
TMOD3	I14_OG004468	Q9NYL9	ENSG00000138594	tropomodulin 3	GO:0003779; GO:0005515; GO:0005523; GO:0005856; GO:0005865; GO:0005912; GO:0006936; GO:0007015; GO:0030016; GO:0030239; GO:0044772; GO:0048821; GO:0051694; GO:0098609; GO:0098641; GO:1901992	actin binding; protein binding; tropomyosin binding; cytoskeleton; striated muscle thin filament; adherens junction; muscle contraction; actin filament organization; myofibril; myofibril assembly; mitotic cell cycle phase transition; erythrocyte development; pointed-end actin filament capping; cell-cell adhesion; cadherin binding involved in cell-cell adhesion; positive regulation of mitotic cell cycle phase transition	0.5103	0.03801	0.0	0.4090909090909091	0.4545454545454546	0.0	0.03125	0.0625
TMOD4	I14_OG004468	Q9NZQ9	ENSG00000163157	tropomodulin 4	GO:0003779; GO:0005515; GO:0005523; GO:0005856; GO:0005865; GO:0006936; GO:0007015; GO:0030016; GO:0030239; GO:0051694	actin binding; protein binding; tropomyosin binding; cytoskeleton; striated muscle thin filament; muscle contraction; actin filament organization; myofibril; myofibril assembly; pointed-end actin filament capping	0.5103	0.03801	0.0	0.4090909090909091	0.4545454545454546	0.0	0.03125	0.0625
TMTC1	I14_OG001966	Q8IUR5	ENSG00000133687	transmembrane O-mannosyltransferase targeting cadherins 1	GO:0000030; GO:0004169; GO:0005515; GO:0005783; GO:0006396; GO:0016020; GO:0035269	mannosyltransferase activity; dolichyl-phosphate-mannose-protein mannosyltransferase activity; protein binding; endoplasmic reticulum; RNA processing; membrane; protein O-linked mannosylation	0.4404	0.00206	1.0	0.9545454545454546	1.0	1.0	0.5625	0.5625
TMTC2	I14_OG001966	Q8N394	ENSG00000179104	transmembrane O-mannosyltransferase targeting cadherins 2	GO:0000030; GO:0004169; GO:0005515; GO:0005783; GO:0005789; GO:0035269; GO:0055074	mannosyltransferase activity; dolichyl-phosphate-mannose-protein mannosyltransferase activity; protein binding; endoplasmic reticulum; endoplasmic reticulum membrane; protein O-linked mannosylation; calcium ion homeostasis	0.4404	0.00206	1.0	0.9545454545454546	1.0	1.0	0.5625	0.5625
TMTC4	I14_OG001966	Q5T4D3	ENSG00000125247	transmembrane O-mannosyltransferase targeting cadherins 4	GO:0000030; GO:0004169; GO:0005783; GO:0007605; GO:0016020; GO:0030968; GO:0032470; GO:0035269; GO:0051117; GO:1905584	mannosyltransferase activity; dolichyl-phosphate-mannose-protein mannosyltransferase activity; endoplasmic reticulum; sensory perception of sound; membrane; endoplasmic reticulum unfolded protein response; positive regulation of endoplasmic reticulum calcium ion concentration; protein O-linked mannosylation; ATPase binding; outer hair cell apoptotic process	0.4404	0.00206	1.0	0.9545454545454546	1.0	1.0	0.5625	0.5625
TP53I3	I20_OG000252	Q53FA7	ENSG00000115129	tumor protein p53 inducible protein 3	GO:0003960; GO:0005829; GO:0006739; GO:0042803; GO:0048038; GO:0070402	NADPH:quinone reductase activity; cytosol; NADP metabolic process; protein homodimerization activity; quinone binding; NADPH binding	0.4432	0.00026	1	1.0	1.0	1.0	0.625	0.625
TPGS1	I14_OG009626	Q6ZTW0	ENSG00000141933	tubulin polyglutamylase complex subunit 1	GO:0005737; GO:0005813; GO:0005815; GO:0005874; GO:0007268; GO:0007288; GO:0008017; GO:0030424; GO:0030425; GO:0030534; GO:0031514; GO:0034451; GO:0045202; GO:0051648; GO:0070740	cytoplasm; centrosome; microtubule organizing center; microtubule; chemical synaptic transmission; sperm axoneme assembly; microtubule binding; axon; dendrite; adult behavior; motile cilium; centriolar satellite; synapse; vesicle localization; tubulin-glutamic acid ligase activity	0.4633	0.01954	0.0	0.45454545454545453	0.4545454545454546	0.0	0.0625	0.0625
TRAF7	I14_OG006015	Q6Q0C0	ENSG00000131653	TNF receptor associated factor 7	GO:0000151; GO:0004842; GO:0005515; GO:0005634; GO:0005886; GO:0006915; GO:0008270; GO:0016567; GO:0031410; GO:0035519; GO:0043231; GO:0043410; GO:0043525; GO:0061630; GO:0070372; GO:2000060; GO:2001235	ubiquitin ligase complex; ubiquitin-protein transferase activity; protein binding; nucleus; plasma membrane; apoptotic process; zinc ion binding; protein ubiquitination; cytoplasmic vesicle; protein K29-linked ubiquitination; intracellular membrane-bounded organelle; positive regulation of MAPK cascade; positive regulation of neuron apoptotic process; ubiquitin protein ligase activity; regulation of ERK1 and ERK2 cascade; positive regulation of ubiquitin-dependent protein catabolic process; positive regulation of apoptotic signaling pathway	0.334	0.00123	1	1.0	1.0	1.0	0.78125	0.8125
TREX1	I14_OG011083	Q9NSU2	ENSG00000213689	three prime repair exonuclease 1	GO:0000287; GO:0001568; GO:0001822; GO:0002253; GO:0002281; GO:0002320; GO:0002383; GO:0002437; GO:0002457; GO:0002637; GO:0003007; GO:0003015; GO:0003228; GO:0003690; GO:0003697; GO:0005515; GO:0005635; GO:0005737; GO:0005789; GO:0005829; GO:0006091; GO:0006110; GO:0006259; GO:0006260; GO:0006281; GO:0006298; GO:0006304; GO:0006308; GO:0006310; GO:0008250; GO:0008296; GO:0008301; GO:0008311; GO:0008340; GO:0008408; GO:0019217; GO:0031571; GO:0032197; GO:0032405; GO:0032407; GO:0032479; GO:0032558; GO:0032680; GO:0032993; GO:0034614; GO:0035458; GO:0035781; GO:0042803; GO:0043277; GO:0043457; GO:0043596; GO:0045184; GO:0045824; GO:0046872; GO:0046890; GO:0050699; GO:0050727; GO:0050821; GO:0050863; GO:0051607; GO:0060337; GO:0060339; GO:0061635; GO:0071480; GO:0072711; GO:0097281; GO:0160049; GO:1904161; GO:1905671	magnesium ion binding; blood vessel development; kidney development; activation of immune response; macrophage activation involved in immune response; lymphoid progenitor cell differentiation; immune response in brain or nervous system; inflammatory response to antigenic stimulus; T cell antigen processing and presentation; regulation of immunoglobulin production; heart morphogenesis; heart process; atrial cardiac muscle tissue development; double-stranded DNA binding; single-stranded DNA binding; protein binding; nuclear envelope; cytoplasm; endoplasmic reticulum membrane; cytosol; generation of precursor metabolites and energy; regulation of glycolytic process; DNA metabolic process; DNA replication; DNA repair; mismatch repair; DNA modification; DNA catabolic process; DNA recombination; oligosaccharyltransferase complex; 3'-5'-DNA exonuclease activity; DNA binding, bending; double-stranded DNA 3'-5' DNA exonuclease activity; determination of adult lifespan; 3'-5' exonuclease activity; regulation of fatty acid metabolic process; mitotic G1 DNA damage checkpoint signaling; retrotransposition; MutLalpha complex binding; MutSalpha complex binding; regulation of type I interferon production; adenyl deoxyribonucleotide binding; regulation of tumor necrosis factor production; protein-DNA complex; cellular response to reactive oxygen species; cellular response to interferon-beta; CD86 biosynthetic process; protein homodimerization activity; apoptotic cell clearance; regulation of cellular respiration; nuclear replication fork; establishment of protein localization; negative regulation of innate immune response; metal ion binding; regulation of lipid biosynthetic process; WW domain binding; regulation of inflammatory response; protein stabilization; regulation of T cell activation; defense response to virus; type I interferon-mediated signaling pathway; negative regulation of type I interferon-mediated signaling pathway; regulation of protein complex stability; cellular response to gamma radiation; cellular response to hydroxyurea; immune complex formation; negative regulation of cGAS/STING signaling pathway; DNA synthesis involved in UV-damage excision repair; regulation of lysosome organization	0.5697	0.01558	0.5	0.5454545454545454	0.6363636363636364	0.0	0.0625	0.0625
TREX2	I14_OG011083	Q9BQ50	ENSG00000183479	three prime repair exonuclease 2	GO:0000287; GO:0003677; GO:0005515; GO:0005634; GO:0005737; GO:0006259; GO:0006281; GO:0006308; GO:0008296; GO:0008311; GO:0042803; GO:0060090	magnesium ion binding; DNA binding; protein binding; nucleus; cytoplasm; DNA metabolic process; DNA repair; DNA catabolic process; 3'-5'-DNA exonuclease activity; double-stranded DNA 3'-5' DNA exonuclease activity; protein homodimerization activity; molecular adaptor activity	0.5697	0.01558	0.5	0.5454545454545454	0.6363636363636364	0.0	0.0625	0.0625
TRMT44	I14_OG006528	Q8IYL2	ENSG00000155275	tRNA methyltransferase 44 homolog	GO:0005737; GO:0016300; GO:0030488; GO:0046872; GO:0141101	cytoplasm; tRNA (uridine) methyltransferase activity; tRNA methylation; metal ion binding; tRNA(Ser) (uridine(44)-2'-O-)-methyltransferase activity	0.3809	0.03607	0	0.36363636363636365	0.36363636363636365	0.0	0.0625	0.0625
TSNAXIP1	I14_OG012766	Q2TAA8	ENSG00000102904	translin associated factor X interacting protein 1	GO:0005515; GO:0005737; GO:0007283; GO:0030154; GO:0048471	protein binding; cytoplasm; spermatogenesis; cell differentiation; perinuclear region of cytoplasm	0.4354	0.01369	0	0.4090909090909091	0.4545454545454546	0.0	0.0625	0.0625
TTC33	I14_OG006491	Q6PID6	ENSG00000113638	tetratricopeptide repeat domain 33	GO:0005515	protein binding	0.516	0.0023	0.5	0.5	0.5454545454545454	0.0	0.0625	0.0625
TTF2	I60_OG000143	Q9UNY4	ENSG00000116830	transcription termination factor 2	GO:0003677; GO:0004386; GO:0005515; GO:0005524; GO:0005634; GO:0005681; GO:0005829; GO:0006281; GO:0006353; GO:0006369; GO:0006397; GO:0008023; GO:0008094; GO:0008270; GO:0008380; GO:0016787	DNA binding; helicase activity; protein binding; ATP binding; nucleus; spliceosomal complex; cytosol; DNA repair; DNA-templated transcription termination; termination of RNA polymerase II transcription; mRNA processing; transcription elongation factor complex; ATP-dependent activity, acting on DNA; zinc ion binding; RNA splicing; hydrolase activity	0.3458	0.0292	1	1.0	1.0	1.0	0.75	0.75
TYSND1	I14_OG006117	Q2T9J0	ENSG00000156521	trypsin like peroxisomal matrix peptidase 1	GO:0002020; GO:0004252; GO:0005515; GO:0005777; GO:0005782; GO:0005829; GO:0006508; GO:0016020; GO:0016485; GO:0031998; GO:0042802	protease binding; serine-type endopeptidase activity; protein binding; peroxisome; peroxisomal matrix; cytosol; proteolysis; membrane; protein processing; regulation of fatty acid beta-oxidation; identical protein binding	0.4633	0.02032	0.0	0.45454545454545453	0.4545454545454546	0.0	0.0625	0.0625
UBA5	I14_OG003570	Q9GZZ9	ENSG00000081307	ubiquitin like modifier activating enzyme 5	GO:0005515; GO:0005524; GO:0005634; GO:0005737; GO:0005789; GO:0005794; GO:0005829; GO:0008270; GO:0030218; GO:0030219; GO:0032649; GO:0033146; GO:0034976; GO:0042803; GO:0043231; GO:0050905; GO:0061709; GO:0071566; GO:0071569; GO:1990592	protein binding; ATP binding; nucleus; cytoplasm; endoplasmic reticulum membrane; Golgi apparatus; cytosol; zinc ion binding; erythrocyte differentiation; megakaryocyte differentiation; regulation of type II interferon production; regulation of intracellular estrogen receptor signaling pathway; response to endoplasmic reticulum stress; protein homodimerization activity; intracellular membrane-bounded organelle; neuromuscular process; reticulophagy; UFM1 activating enzyme activity; protein ufmylation; protein K69-linked ufmylation	1	0	1	1.0	1.0	0.0	0.0	0.0
UBE2T	I60_OG003888	Q9NPD8	ENSG00000077152	ubiquitin conjugating enzyme E2 T	GO:0000209; GO:0003682; GO:0004842; GO:0005515; GO:0005524; GO:0005634; GO:0005654; GO:0005730; GO:0006281; GO:0006513; GO:0006974; GO:0031625; GO:0035519; GO:0044314; GO:0051865; GO:0061631; GO:0070534; GO:0070936; GO:0070979; GO:0085020	protein polyubiquitination; chromatin binding; ubiquitin-protein transferase activity; protein binding; ATP binding; nucleus; nucleoplasm; nucleolus; DNA repair; protein monoubiquitination; DNA damage response; ubiquitin protein ligase binding; protein K29-linked ubiquitination; protein K27-linked ubiquitination; protein autoubiquitination; ubiquitin conjugating enzyme activity; protein K63-linked ubiquitination; protein K48-linked ubiquitination; protein K11-linked ubiquitination; protein K6-linked ubiquitination	0.4719	0.02529	1	0.7272727272727273	0.7272727272727273	0.0	0.25	0.25
UBR3	I14_OG011431	Q6ZT12	ENSG00000144357	ubiquitin protein ligase E3 component n-recognin 3	GO:0000151; GO:0001701; GO:0001967; GO:0004842; GO:0005737; GO:0006511; GO:0007608; GO:0008270; GO:0009792; GO:0016020; GO:0016567; GO:0042048; GO:0045732; GO:0061630; GO:0071596; GO:1904878	ubiquitin ligase complex; in utero embryonic development; suckling behavior; ubiquitin-protein transferase activity; cytoplasm; ubiquitin-dependent protein catabolic process; sensory perception of smell; zinc ion binding; embryo development ending in birth or egg hatching; membrane; protein ubiquitination; olfactory behavior; positive regulation of protein catabolic process; ubiquitin protein ligase activity; ubiquitin-dependent protein catabolic process via the N-end rule pathway; negative regulation of calcium ion transmembrane transport via high voltage-gated calcium channel	0.5431	0.02839	1	0.9545454545454546	1.0	0.0	0.4375	0.4375
UFC1	I14_OG003906	Q9Y3C8	ENSG00000143222	ubiquitin-fold modifier conjugating enzyme 1	GO:0005515; GO:0007420; GO:0032649; GO:0034976; GO:0061657; GO:0061709; GO:0070062; GO:0071568; GO:0071569; GO:1990592	protein binding; brain development; regulation of type II interferon production; response to endoplasmic reticulum stress; UFM1 conjugating enzyme activity; reticulophagy; extracellular exosome; UFM1 transferase activity; protein ufmylation; protein K69-linked ufmylation	1	0	1	1.0	1.0	0.0	0.0	0.0
UFL1	I14_OG004215	O94874	ENSG00000014123	UFM1 specific ligase 1	GO:0000077; GO:0001649; GO:0002841; GO:0005515; GO:0005634; GO:0005737; GO:0005741; GO:0005783; GO:0005789; GO:0005829; GO:0006281; GO:0006974; GO:0008284; GO:0010508; GO:0016020; GO:0019901; GO:0030218; GO:0031397; GO:0032088; GO:0032434; GO:0032790; GO:0032880; GO:0032991; GO:0033146; GO:0034976; GO:0035861; GO:0043005; GO:0043066; GO:0043122; GO:0050727; GO:0050821; GO:0050868; GO:0060218; GO:0060252; GO:0061666; GO:0061709; GO:0071568; GO:0071569; GO:0072344; GO:0140501; GO:1902065; GO:1903052; GO:1903895; GO:1990592	DNA damage checkpoint signaling; osteoblast differentiation; negative regulation of T cell mediated immune response to tumor cell; protein binding; nucleus; cytoplasm; mitochondrial outer membrane; endoplasmic reticulum; endoplasmic reticulum membrane; cytosol; DNA repair; DNA damage response; positive regulation of cell population proliferation; positive regulation of autophagy; membrane; protein kinase binding; erythrocyte differentiation; negative regulation of protein ubiquitination; negative regulation of NF-kappaB transcription factor activity; regulation of proteasomal ubiquitin-dependent protein catabolic process; ribosome disassembly; regulation of protein localization; protein-containing complex; regulation of intracellular estrogen receptor signaling pathway; response to endoplasmic reticulum stress; site of double-strand break; neuron projection; negative regulation of apoptotic process; regulation of canonical NF-kappaB signal transduction; regulation of inflammatory response; protein stabilization; negative regulation of T cell activation; hematopoietic stem cell differentiation; positive regulation of glial cell proliferation; UFM1 ligase activity; reticulophagy; UFM1 transferase activity; protein ufmylation; rescue of stalled ribosome; positive regulation of reticulophagy; response to L-glutamate; positive regulation of proteolysis involved in protein catabolic process; negative regulation of IRE1-mediated unfolded protein response; protein K69-linked ufmylation	0.6359	0.00665	1	1.0	1.0	0.0	0.375	0.375
UFM1	I14_OG003540	P61960	ENSG00000120686	ubiquitin fold modifier 1	GO:0005515; GO:0005634; GO:0005737; GO:0005783; GO:0007420; GO:0033146; GO:0034976; GO:0042308; GO:0043066; GO:0061709; GO:0071569; GO:1990592	protein binding; nucleus; cytoplasm; endoplasmic reticulum; brain development; regulation of intracellular estrogen receptor signaling pathway; response to endoplasmic reticulum stress; negative regulation of protein import into nucleus; negative regulation of apoptotic process; reticulophagy; protein ufmylation; protein K69-linked ufmylation	0.927	0	1	1.0	1.0	0.0	0.0625	0.0625
UFSP1	I14_OG003205	Q6NVU6	ENSG00000176125	UFM1 specific peptidase 1	GO:0005515; GO:0005829; GO:0006508; GO:0008234; GO:0051604; GO:0071567; GO:0071569	protein binding; cytosol; proteolysis; cysteine-type peptidase activity; protein maturation; deUFMylase activity; protein ufmylation	0.927	0	1	1.0	1.0	0.0	0.0625	0.0625
UFSP2	I14_OG003205	Q9NUQ7	ENSG00000109775	UFM1 specific peptidase 2	GO:0005515; GO:0005634; GO:0005737; GO:0005783; GO:0006508; GO:0032649; GO:0032790; GO:0033146; GO:0071567; GO:0072344; GO:1903051	protein binding; nucleus; cytoplasm; endoplasmic reticulum; proteolysis; regulation of type II interferon production; ribosome disassembly; regulation of intracellular estrogen receptor signaling pathway; deUFMylase activity; rescue of stalled ribosome; negative regulation of proteolysis involved in protein catabolic process	0.927	0	1	1.0	1.0	0.0	0.0625	0.0625
VAT1	I20_OG000252	Q99536	ENSG00000108828	vesicle amine transport 1	GO:0005515; GO:0005576; GO:0005741; GO:0008270; GO:0010637; GO:0016020; GO:0016491; GO:0035578; GO:0070062	protein binding; extracellular region; mitochondrial outer membrane; zinc ion binding; negative regulation of mitochondrial fusion; membrane; oxidoreductase activity; azurophil granule lumen; extracellular exosome	0.4432	0.00026	1	1.0	1.0	1.0	0.625	0.625
VAT1L	I20_OG000252	Q9HCJ6	ENSG00000171724	vesicle amine transport 1 like	GO:0005515; GO:0008270; GO:0016491	protein binding; zinc ion binding; oxidoreductase activity	0.4432	0.00026	1	1.0	1.0	1.0	0.625	0.625
VCAM1	I14_OG003095	P19320	ENSG00000162692	vascular cell adhesion molecule 1	GO:0001666; GO:0002102; GO:0002544; GO:0005178; GO:0005615; GO:0005769; GO:0005783; GO:0005794; GO:0005886; GO:0005902; GO:0006954; GO:0007155; GO:0007157; GO:0007159; GO:0007160; GO:0007584; GO:0008131; GO:0009308; GO:0009897; GO:0009986; GO:0010043; GO:0010212; GO:0022614; GO:0030175; GO:0030183; GO:0032496; GO:0033631; GO:0034113; GO:0035094; GO:0035924; GO:0042102; GO:0042383; GO:0045177; GO:0045471; GO:0050839; GO:0050901; GO:0060326; GO:0060384; GO:0060945; GO:0070062; GO:0071065; GO:0071356; GO:0098631; GO:1904646	response to hypoxia; podosome; chronic inflammatory response; integrin binding; extracellular space; early endosome; endoplasmic reticulum; Golgi apparatus; plasma membrane; microvillus; inflammatory response; cell adhesion; heterophilic cell-cell adhesion via plasma membrane cell adhesion molecules; leukocyte cell-cell adhesion; cell-matrix adhesion; response to nutrient; primary methylamine oxidase activity; amine metabolic process; external side of plasma membrane; cell surface; response to zinc ion; response to ionizing radiation; membrane to membrane docking; filopodium; B cell differentiation; response to lipopolysaccharide; cell-cell adhesion mediated by integrin; heterotypic cell-cell adhesion; response to nicotine; cellular response to vascular endothelial growth factor stimulus; positive regulation of T cell proliferation; sarcolemma; apical part of cell; response to ethanol; cell adhesion molecule binding; leukocyte tethering or rolling; cell chemotaxis; innervation; cardiac neuron differentiation; extracellular exosome; alpha9-beta1 integrin-vascular cell adhesion molecule-1 complex; cellular response to tumor necrosis factor; cell adhesion mediator activity; cellular response to amyloid-beta	0.4084	0.02876	0	0.22727272727272727	0.2727272727272727	0.0	0.0	0.0
VCPKMT	I20_OG000328	Q9H867	ENSG00000100483	valosin containing protein lysine methyltransferase	GO:0005515; GO:0005737; GO:0005829; GO:0006338; GO:0016279; GO:0018022; GO:0018023; GO:0032780; GO:0032991; GO:0042054; GO:0051117	protein binding; cytoplasm; cytosol; chromatin remodeling; protein-lysine N-methyltransferase activity; peptidyl-lysine methylation; peptidyl-lysine trimethylation; negative regulation of ATP-dependent activity; protein-containing complex; histone methyltransferase activity; ATPase binding	0.2791	0.00468	1	0.9545454545454546	1.0	1.0	0.75	0.75
VMA12	I14_OG009552	Q8N511	ENSG00000244045	vacuolar ATPase assembly factor VMA12	GO:0005515; GO:0005764; GO:0005783; GO:0005789; GO:0006879; GO:0007042; GO:0008142; GO:0012505; GO:0016471; GO:0030663; GO:0033116; GO:0036295; GO:0070072; GO:1905146	protein binding; lysosome; endoplasmic reticulum; endoplasmic reticulum membrane; intracellular iron ion homeostasis; lysosomal lumen acidification; oxysterol binding; endomembrane system; vacuolar proton-transporting V-type ATPase complex; COPI-coated vesicle membrane; endoplasmic reticulum-Golgi intermediate compartment membrane; cellular response to increased oxygen levels; vacuolar proton-transporting V-type ATPase complex assembly; lysosomal protein catabolic process	0.4907	0.0258	1	0.7272727272727273	0.8181818181818181	0.0	0.25	0.25
VMA22	I14_OG000423	Q96NT0	ENSG00000136710	vacuolar ATPase assembly factor VMA22	GO:0005515; GO:0005764; GO:0005768; GO:0005783; GO:0005793; GO:0006879; GO:0007042; GO:0016020; GO:0016471; GO:0030137; GO:0036295; GO:0051082; GO:0070072; GO:1905146	protein binding; lysosome; endosome; endoplasmic reticulum; endoplasmic reticulum-Golgi intermediate compartment; intracellular iron ion homeostasis; lysosomal lumen acidification; membrane; vacuolar proton-transporting V-type ATPase complex; COPI-coated vesicle; cellular response to increased oxygen levels; unfolded protein binding; vacuolar proton-transporting V-type ATPase complex assembly; lysosomal protein catabolic process	0.4404	0.00046	1	0.9545454545454546	1.0	1.0	0.5625	0.5625
VSIG10	I14_OG003095	Q8N0Z9	ENSG00000176834	V-set and immunoglobulin domain containing 10	GO:0005886; GO:0005911; GO:0007416; GO:0050839; GO:0098609	plasma membrane; cell-cell junction; synapse assembly; cell adhesion molecule binding; cell-cell adhesion	0.4084	0.02876	0	0.22727272727272727	0.2727272727272727	0.0	0.0	0.0
VSIG10L2	I14_OG003095	P0DP72	ENSG00000283703	V-set and immunoglobulin domain containing 10 like 2	GO:0005886; GO:0005911; GO:0050839; GO:0098609	plasma membrane; cell-cell junction; cell adhesion molecule binding; cell-cell adhesion	0.4084	0.02876	0	0.22727272727272727	0.2727272727272727	0.0	0.0	0.0
VWF	I14_OG000738	P04275	ENSG00000110799	von Willebrand factor	GO:0002020; GO:0005178; GO:0005201; GO:0005515; GO:0005518; GO:0005576; GO:0005615; GO:0005783; GO:0007155; GO:0007596; GO:0007599; GO:0009611; GO:0019865; GO:0030168; GO:0031012; GO:0031091; GO:0031093; GO:0031589; GO:0033093; GO:0042802; GO:0051087; GO:0062023; GO:0070062; GO:1902533	protease binding; integrin binding; extracellular matrix structural constituent; protein binding; collagen binding; extracellular region; extracellular space; endoplasmic reticulum; cell adhesion; blood coagulation; hemostasis; response to wounding; immunoglobulin binding; platelet activation; extracellular matrix; platelet alpha granule; platelet alpha granule lumen; cell-substrate adhesion; Weibel-Palade body; identical protein binding; protein-folding chaperone binding; collagen-containing extracellular matrix; extracellular exosome; positive regulation of intracellular signal transduction	0.4524	0.01249	1.0	0.5454545454545454	0.5454545454545454	0.0	0.125	0.125
WAPL	I14_OG011452	Q7Z5K2	ENSG00000062650	WAPL cohesin release factor	GO:0000070; GO:0000775; GO:0000785; GO:0005515; GO:0005634; GO:0005654; GO:0005694; GO:0005737; GO:0005829; GO:0008156; GO:0035562; GO:0043231; GO:0045171; GO:0045875; GO:0051301; GO:0071168; GO:0072686; GO:0140083	mitotic sister chromatid segregation; chromosome, centromeric region; chromatin; protein binding; nucleus; nucleoplasm; chromosome; cytoplasm; cytosol; negative regulation of DNA replication; negative regulation of chromatin binding; intracellular membrane-bounded organelle; intercellular bridge; negative regulation of sister chromatid cohesion; cell division; protein localization to chromatin; mitotic spindle; ATP-dependent protein-DNA unloader activity	0.4858	0.01041	0	0.3181818181818182	0.36363636363636365	0.0	0.0	0.0
WASHC2A	I14_OG008460	Q641Q2	ENSG00000099290	WASH complex subunit 2A	GO:0005515; GO:0005730; GO:0005769; GO:0005829; GO:0005886; GO:0015031; GO:0016197; GO:0031901; GO:0034315; GO:0036010; GO:0042147; GO:0043231; GO:0071203; GO:1901981; GO:1905394	protein binding; nucleolus; early endosome; cytosol; plasma membrane; protein transport; endosomal transport; early endosome membrane; regulation of Arp2/3 complex-mediated actin nucleation; protein localization to endosome; retrograde transport, endosome to Golgi; intracellular membrane-bounded organelle; WASH complex; phosphatidylinositol phosphate binding; retromer complex binding	0.4411	0.01431	0.5	0.5454545454545454	0.6363636363636364	0.0	0.15625	0.1875
WASHC2C	I14_OG008460	Q9Y4E1	ENSG00000172661	WASH complex subunit 2C	GO:0005515; GO:0005546; GO:0005547; GO:0005730; GO:0005768; GO:0005769; GO:0005829; GO:0005886; GO:0010314; GO:0015031; GO:0016197; GO:0031901; GO:0032266; GO:0032456; GO:0034315; GO:0036010; GO:0042147; GO:0043231; GO:0043325; GO:0070273; GO:0071203; GO:0080025; GO:1900024; GO:1901981; GO:1905394; GO:2000813	protein binding; phosphatidylinositol-4,5-bisphosphate binding; phosphatidylinositol-3,4,5-trisphosphate binding; nucleolus; endosome; early endosome; cytosol; plasma membrane; phosphatidylinositol-5-phosphate binding; protein transport; endosomal transport; early endosome membrane; phosphatidylinositol-3-phosphate binding; endocytic recycling; regulation of Arp2/3 complex-mediated actin nucleation; protein localization to endosome; retrograde transport, endosome to Golgi; intracellular membrane-bounded organelle; phosphatidylinositol-3,4-bisphosphate binding; phosphatidylinositol-4-phosphate binding; WASH complex; phosphatidylinositol-3,5-bisphosphate binding; regulation of substrate adhesion-dependent cell spreading; phosphatidylinositol phosphate binding; retromer complex binding; negative regulation of barbed-end actin filament capping	0.4411	0.01431	0.5	0.5454545454545454	0.6363636363636364	0.0	0.15625	0.1875
WASHC3	I14_OG006939	Q9Y3C0	ENSG00000120860	WASH complex subunit 3	GO:0005515; GO:0006887; GO:0015031; GO:0016197; GO:0030041; GO:0031901; GO:0034315; GO:0071203	protein binding; exocytosis; protein transport; endosomal transport; actin filament polymerization; early endosome membrane; regulation of Arp2/3 complex-mediated actin nucleation; WASH complex	0.3695	0.04563	0	0.45454545454545453	0.4545454545454546	0.0	0.125	0.125
WASHC4	I14_OG004480	Q2M389	ENSG00000136051	WASH complex subunit 4	GO:0005515; GO:0005654; GO:0005768; GO:0007032; GO:0015031; GO:0016197; GO:0031083; GO:0031901; GO:0034315; GO:0050890; GO:0050905; GO:0061635; GO:0071203; GO:0140591; GO:0140894	protein binding; nucleoplasm; endosome; endosome organization; protein transport; endosomal transport; BLOC-1 complex; early endosome membrane; regulation of Arp2/3 complex-mediated actin nucleation; cognition; neuromuscular process; regulation of protein complex stability; WASH complex; nuclear envelope budding; endolysosomal toll-like receptor signaling pathway	0.4558	0.03201	1	0.6818181818181818	0.7272727272727273	0.0	0.25	0.3125
WASHC5	I14_OG004481	Q12768	ENSG00000164961	WASH complex subunit 5	GO:0001556; GO:0005515; GO:0005654; GO:0005768; GO:0005769; GO:0005783; GO:0005829; GO:0007032; GO:0007040; GO:0010976; GO:0015031; GO:0016197; GO:0030041; GO:0031503; GO:0031901; GO:0034315; GO:0040038; GO:0043025; GO:0051125; GO:0071203; GO:0090306; GO:0097494; GO:0140285	oocyte maturation; protein binding; nucleoplasm; endosome; early endosome; endoplasmic reticulum; cytosol; endosome organization; lysosome organization; positive regulation of neuron projection development; protein transport; endosomal transport; actin filament polymerization; protein-containing complex localization; early endosome membrane; regulation of Arp2/3 complex-mediated actin nucleation; polar body extrusion after meiotic divisions; neuronal cell body; regulation of actin nucleation; WASH complex; meiotic spindle assembly; regulation of vesicle size; endosome fission	0.4558	0.031	1	0.6818181818181818	0.7272727272727273	0.0	0.25	0.3125
WDR11	I14_OG011435	Q9BZH6	ENSG00000120008	WD repeat domain 11	GO:0005515; GO:0005634; GO:0005737; GO:0005765; GO:0005802; GO:0005829; GO:0005930; GO:0006886; GO:0007507; GO:0008589; GO:0015630; GO:0016020; GO:0031410; GO:0035264; GO:0036064; GO:0060271; GO:0060322; GO:0099041	protein binding; nucleus; cytoplasm; lysosomal membrane; trans-Golgi network; cytosol; axoneme; intracellular protein transport; heart development; regulation of smoothened signaling pathway; microtubule cytoskeleton; membrane; cytoplasmic vesicle; multicellular organism growth; ciliary basal body; cilium assembly; head development; vesicle tethering to Golgi	0.3695	0.0484	0.0	0.45454545454545453	0.4545454545454546	0.0	0.125	0.125
WDR27	I14_OG006000	A2RRH5	ENSG00000184465	WD repeat domain 27	GO:0005515; GO:0005654	protein binding; nucleoplasm	0.533	0.00318	1.0	0.6363636363636364	0.6363636363636364	0.0	0.125	0.125
WDR54	I60_OG000966	Q9H977	ENSG00000005448	WD repeat domain 54	GO:0002091; GO:0005515; GO:0005737; GO:0005886; GO:0007338; GO:0007342; GO:0031514; GO:0031982; GO:0042058; GO:0042803; GO:0043231; GO:0043408	negative regulation of receptor internalization; protein binding; cytoplasm; plasma membrane; single fertilization; fusion of sperm to egg plasma membrane involved in single fertilization; motile cilium; vesicle; regulation of epidermal growth factor receptor signaling pathway; protein homodimerization activity; intracellular membrane-bounded organelle; regulation of MAPK cascade	0.3458	1e-04	1	1.0	1.0	1.0	0.75	0.75
WDR62	I14_OG001355	O43379	ENSG00000075702	WD repeat domain 62	GO:0000922; GO:0002052; GO:0005515; GO:0005634; GO:0005813; GO:0005814; GO:0005829; GO:0007052; GO:0007099; GO:0021987; GO:0022008; GO:0034451; GO:0045664; GO:0046605; GO:2001224	spindle pole; positive regulation of neuroblast proliferation; protein binding; nucleus; centrosome; centriole; cytosol; mitotic spindle organization; centriole replication; cerebral cortex development; neurogenesis; centriolar satellite; regulation of neuron differentiation; regulation of centrosome cycle; positive regulation of neuron migration	0.4905	0.04543	1	1.0	1.0	1.0	0.5625	0.5625
WDR81	I14_OG009453	Q562E7	ENSG00000167716	WD repeat domain 81	GO:0000421; GO:0005515; GO:0005739; GO:0005765; GO:0005829; GO:0006511; GO:0007005; GO:0010008; GO:0031901; GO:0031902; GO:0035014; GO:0035973; GO:0045022; GO:0050821; GO:0070530; GO:0141039	autophagosome membrane; protein binding; mitochondrion; lysosomal membrane; cytosol; ubiquitin-dependent protein catabolic process; mitochondrion organization; endosome membrane; early endosome membrane; late endosome membrane; phosphatidylinositol 3-kinase regulator activity; aggrephagy; early endosome to late endosome transport; protein stabilization; K63-linked polyubiquitin modification-dependent protein binding; phosphatidylinositol 3-kinase inhibitor activity	0.533	0.00861	1.0	0.6363636363636364	0.6363636363636364	0.0	0.125	0.125
WDR81	I14_OG009453	Q562E7	ENSG00000276021	WD repeat domain 81	GO:0000421; GO:0005515; GO:0005739; GO:0005765; GO:0005829; GO:0006511; GO:0007005; GO:0010008; GO:0031901; GO:0031902; GO:0035014; GO:0035973; GO:0045022; GO:0050821; GO:0070530; GO:0141039	autophagosome membrane; protein binding; mitochondrion; lysosomal membrane; cytosol; ubiquitin-dependent protein catabolic process; mitochondrion organization; endosome membrane; early endosome membrane; late endosome membrane; phosphatidylinositol 3-kinase regulator activity; aggrephagy; early endosome to late endosome transport; protein stabilization; K63-linked polyubiquitin modification-dependent protein binding; phosphatidylinositol 3-kinase inhibitor activity	0.533	0.00861	1.0	0.6363636363636364	0.6363636363636364	0.0	0.125	0.125
WDR83OS	I14_OG004778	Q9Y284	ENSG00000105583	WD repeat domain 83 opposite strand	GO:0005515; GO:0005789; GO:0006457; GO:0044183; GO:0045048; GO:0101031; GO:0160063; GO:0160064	protein binding; endoplasmic reticulum membrane; protein folding; protein folding chaperone; protein insertion into ER membrane; protein folding chaperone complex; multi-pass transmembrane protein insertion into ER membrane; multi-pass translocon complex	0.5082	0.01398	1	0.6818181818181818	0.7272727272727273	0.0	0.1875	0.1875
WDR86	I14_OG006015	Q86TI4	ENSG00000187260	WD repeat domain 86	NA	NA	0.334	0.00123	1	1.0	1.0	1.0	0.78125	0.8125
WDR91	I14_OG005637	A4D1P6	ENSG00000105875	WD repeat domain 91	GO:0005515; GO:0005829; GO:0010008; GO:0031901; GO:0031902; GO:0035014; GO:0042176; GO:0045022; GO:0051898; GO:0141039	protein binding; cytosol; endosome membrane; early endosome membrane; late endosome membrane; phosphatidylinositol 3-kinase regulator activity; regulation of protein catabolic process; early endosome to late endosome transport; negative regulation of phosphatidylinositol 3-kinase/protein kinase B signal transduction; phosphatidylinositol 3-kinase inhibitor activity	0.6447	0.00052	1	0.5454545454545454	0.5454545454545454	0.0	0.0	0.0
WWOX	I60_OG000021	Q9NZC7	ENSG00000186153	WW domain containing oxidoreductase	GO:0001649; GO:0003713; GO:0005515; GO:0005634; GO:0005737; GO:0005739; GO:0005764; GO:0005794; GO:0005829; GO:0005886; GO:0005902; GO:0016055; GO:0016491; GO:0019899; GO:0030178; GO:0042802; GO:0045944; GO:0048705; GO:0071560; GO:0072332; GO:0090575; GO:0097191; GO:2001238; GO:2001241	osteoblast differentiation; transcription coactivator activity; protein binding; nucleus; cytoplasm; mitochondrion; lysosome; Golgi apparatus; cytosol; plasma membrane; microvillus; Wnt signaling pathway; oxidoreductase activity; enzyme binding; negative regulation of Wnt signaling pathway; identical protein binding; positive regulation of transcription by RNA polymerase II; skeletal system morphogenesis; cellular response to transforming growth factor beta stimulus; intrinsic apoptotic signaling pathway by p53 class mediator; RNA polymerase II transcription regulator complex; extrinsic apoptotic signaling pathway; positive regulation of extrinsic apoptotic signaling pathway; positive regulation of extrinsic apoptotic signaling pathway in absence of ligand	0.2932	0.00026	1	1.0	1.0	1.0	0.8125	0.8125
XDH	I14_OG000686	P47989	ENSG00000158125	xanthine dehydrogenase	GO:0000255; GO:0001933; GO:0001937; GO:0004854; GO:0004855; GO:0005506; GO:0005515; GO:0005615; GO:0005777; GO:0005829; GO:0006147; GO:0006148; GO:0006149; GO:0006154; GO:0006157; GO:0006161; GO:0006196; GO:0006204; GO:0007595; GO:0009114; GO:0009115; GO:0010629; GO:0016226; GO:0016529; GO:0042803; GO:0043546; GO:0043605; GO:0045602; GO:0046038; GO:0046055; GO:0046059; GO:0050660; GO:0051537; GO:0051898; GO:0070674; GO:0070675; GO:0071949; GO:1900745; GO:1900747; GO:2000379; GO:2001213	allantoin metabolic process; negative regulation of protein phosphorylation; negative regulation of endothelial cell proliferation; xanthine dehydrogenase activity; xanthine oxidase activity; iron ion binding; protein binding; extracellular space; peroxisome; cytosol; guanine catabolic process; inosine catabolic process; deoxyinosine catabolic process; adenosine catabolic process; deoxyadenosine catabolic process; deoxyguanosine catabolic process; AMP catabolic process; IMP catabolic process; lactation; hypoxanthine catabolic process; xanthine catabolic process; negative regulation of gene expression; iron-sulfur cluster assembly; sarcoplasmic reticulum; protein homodimerization activity; molybdopterin cofactor binding; amide catabolic process; negative regulation of endothelial cell differentiation; GMP catabolic process; dGMP catabolic process; dAMP catabolic process; flavin adenine dinucleotide binding; 2 iron, 2 sulfur cluster binding; negative regulation of phosphatidylinositol 3-kinase/protein kinase B signal transduction; hypoxanthine dehydrogenase activity; hypoxanthine oxidase activity; FAD binding; positive regulation of p38MAPK cascade; negative regulation of vascular endothelial growth factor signaling pathway; positive regulation of reactive oxygen species metabolic process; negative regulation of vasculogenesis	0.4382	0.02746	1.0	0.8181818181818182	0.8181818181818181	0.0	0.375	0.375
ZAN	I14_OG000738	Q9Y493	ENSG00000146839	zonadhesin	GO:0005615; GO:0005886; GO:0007339; GO:0031012; GO:0098609	extracellular space; plasma membrane; binding of sperm to zona pellucida; extracellular matrix; cell-cell adhesion	0.4524	0.01249	1.0	0.5454545454545454	0.5454545454545454	0.0	0.125	0.125
ZBTB21	I14_OG006826	Q9ULJ3	ENSG00000173276	zinc finger and BTB domain containing 21	GO:0000122; GO:0000981; GO:0001227; GO:0005515; GO:0005634; GO:0005654; GO:0005829; GO:0006357; GO:0008327; GO:0031208; GO:0042802; GO:0045892; GO:0046872	negative regulation of transcription by RNA polymerase II; DNA-binding transcription factor activity, RNA polymerase II-specific; DNA-binding transcription repressor activity, RNA polymerase II-specific; protein binding; nucleus; nucleoplasm; cytosol; regulation of transcription by RNA polymerase II; methyl-CpG binding; POZ domain binding; identical protein binding; negative regulation of DNA-templated transcription; metal ion binding	0.4524	0.00062	1.0	0.5454545454545454	0.5454545454545454	0.0	0.125	0.125
ZBTB32	I14_OG006192	Q9Y2Y4	ENSG00000011590	zinc finger and BTB domain containing 32	GO:0000122; GO:0000785; GO:0000978; GO:0000981; GO:0001227; GO:0001817; GO:0002682; GO:0003677; GO:0005515; GO:0005634; GO:0005654; GO:0008270; GO:1990837	negative regulation of transcription by RNA polymerase II; chromatin; RNA polymerase II cis-regulatory region sequence-specific DNA binding; DNA-binding transcription factor activity, RNA polymerase II-specific; DNA-binding transcription repressor activity, RNA polymerase II-specific; regulation of cytokine production; regulation of immune system process; DNA binding; protein binding; nucleus; nucleoplasm; zinc ion binding; sequence-specific double-stranded DNA binding	0.4264	0.03667	0	0.2727272727272727	0.2727272727272727	0.0	0.0	0.0
ZC3HAV1	I14_OG001062	Q7Z2W4	ENSG00000105939	zinc finger CCCH-type containing, antiviral 1	GO:0003723; GO:0005515; GO:0005634; GO:0005737; GO:0005764; GO:0005770; GO:0005829; GO:0009615; GO:0032481; GO:0032727; GO:0032728; GO:0043123; GO:0045071; GO:0045087; GO:0045296; GO:0046872; GO:0051607; GO:0061014; GO:1900246	RNA binding; protein binding; nucleus; cytoplasm; lysosome; late endosome; cytosol; response to virus; positive regulation of type I interferon production; positive regulation of interferon-alpha production; positive regulation of interferon-beta production; positive regulation of canonical NF-kappaB signal transduction; negative regulation of viral genome replication; innate immune response; cadherin binding; metal ion binding; defense response to virus; positive regulation of mRNA catabolic process; positive regulation of RIG-I signaling pathway	0.5697	1e-05	0.5	0.5454545454545454	0.6363636363636364	0.0	0.0625	0.0625
ZC3HAV1L	I14_OG001062	Q96H79	ENSG00000146858	ZC3HAV1 like	GO:0005829	cytosol	0.5697	1e-05	0.5	0.5454545454545454	0.6363636363636364	0.0	0.0625	0.0625
ZC4H2	I14_OG010440	Q9NQZ6	ENSG00000126970	zinc finger C4H2-type containing	GO:0003358; GO:0005515; GO:0005634; GO:0005737; GO:0006513; GO:0007399; GO:0007528; GO:0021522; GO:0032991; GO:0043025; GO:0045211; GO:0045666; GO:0046872; GO:0051091; GO:2000677	noradrenergic neuron development; protein binding; nucleus; cytoplasm; protein monoubiquitination; nervous system development; neuromuscular junction development; spinal cord motor neuron differentiation; protein-containing complex; neuronal cell body; postsynaptic membrane; positive regulation of neuron differentiation; metal ion binding; positive regulation of DNA-binding transcription factor activity; regulation of transcription regulatory region DNA binding	0.3411	0.035	0	0.18181818181818182	0.18181818181818177	0.0	0.0	0.0
ZCCHC13	I14_OG013162	Q8WW36	ENSG00000187969	zinc finger CCHC-type containing 13	GO:0003727; GO:0003729; GO:0005515; GO:0005737; GO:0008270; GO:0045182; GO:2000767	single-stranded RNA binding; mRNA binding; protein binding; cytoplasm; zinc ion binding; translation regulator activity; positive regulation of cytoplasmic translation	0.5345	0.02834	1	0.8636363636363636	0.9090909090909091	0.0	0.34375	0.375
ZCCHC7	I14_OG013162	Q8N3Z6	ENSG00000147905	zinc finger CCHC-type containing 7	GO:0003723; GO:0005515; GO:0005730; GO:0005829; GO:0008270; GO:0031499; GO:0071031; GO:0071035; GO:0071036; GO:0071037; GO:0071038; GO:0071039	RNA binding; protein binding; nucleolus; cytosol; zinc ion binding; TRAMP complex; nuclear mRNA surveillance of mRNA 3'-end processing; nuclear polyadenylation-dependent rRNA catabolic process; nuclear polyadenylation-dependent snoRNA catabolic process; nuclear polyadenylation-dependent snRNA catabolic process; TRAMP-dependent tRNA surveillance pathway; nuclear polyadenylation-dependent CUT catabolic process	0.5345	0.02834	1	0.8636363636363636	0.9090909090909091	0.0	0.34375	0.375
ZEB1	I14_OG006192	P37275	ENSG00000148516	zinc finger E-box binding homeobox 1	GO:0000122; GO:0000785; GO:0000978; GO:0000981; GO:0001227; GO:0003682; GO:0003700; GO:0005515; GO:0005634; GO:0005654; GO:0005829; GO:0006357; GO:0007389; GO:0007417; GO:0008270; GO:0010464; GO:0010839; GO:0014823; GO:0017015; GO:0030154; GO:0030900; GO:0031667; GO:0033081; GO:0043616; GO:0045602; GO:0045666; GO:0045892; GO:0045944; GO:0048596; GO:0048704; GO:0048752; GO:0051150; GO:0051216; GO:0070888; GO:0071230; GO:0071560; GO:0090103	negative regulation of transcription by RNA polymerase II; chromatin; RNA polymerase II cis-regulatory region sequence-specific DNA binding; DNA-binding transcription factor activity, RNA polymerase II-specific; DNA-binding transcription repressor activity, RNA polymerase II-specific; chromatin binding; DNA-binding transcription factor activity; protein binding; nucleus; nucleoplasm; cytosol; regulation of transcription by RNA polymerase II; pattern specification process; central nervous system development; zinc ion binding; regulation of mesenchymal cell proliferation; negative regulation of keratinocyte proliferation; response to activity; regulation of transforming growth factor beta receptor signaling pathway; cell differentiation; forebrain development; response to nutrient levels; regulation of T cell differentiation in thymus; keratinocyte proliferation; negative regulation of endothelial cell differentiation; positive regulation of neuron differentiation; negative regulation of DNA-templated transcription; positive regulation of transcription by RNA polymerase II; embryonic camera-type eye morphogenesis; embryonic skeletal system morphogenesis; semicircular canal morphogenesis; regulation of smooth muscle cell differentiation; cartilage development; E-box binding; cellular response to amino acid stimulus; cellular response to transforming growth factor beta stimulus; cochlea morphogenesis	0.4264	0.03667	0	0.2727272727272727	0.2727272727272727	0.0	0.0	0.0
ZEB2	I14_OG006192	O60315	ENSG00000169554	zinc finger E-box binding homeobox 2	GO:0000122; GO:0000785; GO:0000978; GO:0000981; GO:0001227; GO:0001935; GO:0005515; GO:0005634; GO:0005654; GO:0005730; GO:0005829; GO:0006357; GO:0007399; GO:0007417; GO:0010764; GO:0019208; GO:0030511; GO:0036446; GO:0043149; GO:0043542; GO:0045636; GO:0045944; GO:0046872; GO:0048023; GO:0048066; GO:0048143; GO:0070269; GO:0072537; GO:0090263; GO:0090649; GO:0097324; GO:1903056; GO:1904330; GO:1904520; GO:1905603	negative regulation of transcription by RNA polymerase II; chromatin; RNA polymerase II cis-regulatory region sequence-specific DNA binding; DNA-binding transcription factor activity, RNA polymerase II-specific; DNA-binding transcription repressor activity, RNA polymerase II-specific; endothelial cell proliferation; protein binding; nucleus; nucleoplasm; nucleolus; cytosol; regulation of transcription by RNA polymerase II; nervous system development; central nervous system development; negative regulation of fibroblast migration; phosphatase regulator activity; positive regulation of transforming growth factor beta receptor signaling pathway; myofibroblast differentiation; stress fiber assembly; endothelial cell migration; positive regulation of melanocyte differentiation; positive regulation of transcription by RNA polymerase II; metal ion binding; positive regulation of melanin biosynthetic process; developmental pigmentation; astrocyte activation; pyroptotic inflammatory response; fibroblast activation; positive regulation of canonical Wnt signaling pathway; response to oxygen-glucose deprivation; melanocyte migration; regulation of melanosome organization; positive regulation of myofibroblast contraction; regulation of myofibroblast cell apoptotic process; regulation of blood-brain barrier permeability	0.4264	0.03667	0	0.2727272727272727	0.2727272727272727	0.0	0.0	0.0
ZFPM1	I14_OG006826	Q8IX07	ENSG00000179588	zinc finger protein, FOG family member 1	GO:0000122; GO:0000785; GO:0002295; GO:0003151; GO:0003181; GO:0003192; GO:0003195; GO:0003677; GO:0003714; GO:0005515; GO:0005634; GO:0005654; GO:0005667; GO:0007507; GO:0010724; GO:0017053; GO:0030218; GO:0030219; GO:0030220; GO:0030851; GO:0032091; GO:0032642; GO:0032713; GO:0032729; GO:0035162; GO:0035855; GO:0045944; GO:0046872; GO:0055008; GO:0060318; GO:0060319; GO:0060377; GO:0060412; GO:0060413; GO:0061629	negative regulation of transcription by RNA polymerase II; chromatin; T-helper cell lineage commitment; outflow tract morphogenesis; atrioventricular valve morphogenesis; mitral valve formation; tricuspid valve formation; DNA binding; transcription corepressor activity; protein binding; nucleus; nucleoplasm; transcription regulator complex; heart development; regulation of definitive erythrocyte differentiation; transcription repressor complex; erythrocyte differentiation; megakaryocyte differentiation; platelet formation; granulocyte differentiation; negative regulation of protein binding; regulation of chemokine production; negative regulation of interleukin-4 production; positive regulation of type II interferon production; embryonic hemopoiesis; megakaryocyte development; positive regulation of transcription by RNA polymerase II; metal ion binding; cardiac muscle tissue morphogenesis; definitive erythrocyte differentiation; primitive erythrocyte differentiation; negative regulation of mast cell differentiation; ventricular septum morphogenesis; atrial septum morphogenesis; RNA polymerase II-specific DNA-binding transcription factor binding	0.4524	0.00062	1.0	0.5454545454545454	0.5454545454545454	0.0	0.125	0.125
ZFPM2	I14_OG006826	Q8WW38	ENSG00000169946	zinc finger protein, FOG family member 2	GO:0000122; GO:0000785; GO:0001570; GO:0001673; GO:0001701; GO:0003148; GO:0003221; GO:0003677; GO:0003713; GO:0003714; GO:0005515; GO:0005634; GO:0005654; GO:0005737; GO:0007506; GO:0007507; GO:0008270; GO:0030154; GO:0030324; GO:0045444; GO:0045599; GO:0045892; GO:0045944; GO:0048568; GO:0060045; GO:0060412; GO:0061629; GO:2000020; GO:2000195	negative regulation of transcription by RNA polymerase II; chromatin; vasculogenesis; male germ cell nucleus; in utero embryonic development; outflow tract septum morphogenesis; right ventricular cardiac muscle tissue morphogenesis; DNA binding; transcription coactivator activity; transcription corepressor activity; protein binding; nucleus; nucleoplasm; cytoplasm; gonadal mesoderm development; heart development; zinc ion binding; cell differentiation; lung development; fat cell differentiation; negative regulation of fat cell differentiation; negative regulation of DNA-templated transcription; positive regulation of transcription by RNA polymerase II; embryonic organ development; positive regulation of cardiac muscle cell proliferation; ventricular septum morphogenesis; RNA polymerase II-specific DNA-binding transcription factor binding; positive regulation of male gonad development; negative regulation of female gonad development	0.4524	0.00062	1.0	0.5454545454545454	0.5454545454545454	0.0	0.125	0.125
ZFYVE26	I14_OG010337	Q68DK2	ENSG00000072121	zinc finger FYVE-type containing 26	GO:0000281; GO:0000724; GO:0005515; GO:0005764; GO:0005765; GO:0005769; GO:0005770; GO:0005813; GO:0007040; GO:0019901; GO:0030496; GO:0032266; GO:0032465; GO:0046872; GO:1905037	mitotic cytokinesis; double-strand break repair via homologous recombination; protein binding; lysosome; lysosomal membrane; early endosome; late endosome; centrosome; lysosome organization; protein kinase binding; midbody; phosphatidylinositol-3-phosphate binding; regulation of cytokinesis; metal ion binding; autophagosome organization	0.4354	0.04577	0.0	0.4090909090909091	0.4545454545454546	0.0	0.0625	0.0625
ZNF106	I14_OG006015	Q9H2Y7	ENSG00000103994	zinc finger protein 106	GO:0003723; GO:0005515; GO:0005730; GO:0005829; GO:0008286; GO:0016020; GO:0016607; GO:0046872	RNA binding; protein binding; nucleolus; cytosol; insulin receptor signaling pathway; membrane; nuclear speck; metal ion binding	0.334	0.00123	1	1.0	1.0	1.0	0.78125	0.8125
ZNF217	I14_OG006192	O75362	ENSG00000171940	zinc finger protein 217	GO:0000118; GO:0000122; GO:0000976; GO:0000978; GO:0000981; GO:0001227; GO:0003700; GO:0005515; GO:0005634; GO:0005654; GO:0005739; GO:0006355; GO:0016607; GO:0045892; GO:0046872	histone deacetylase complex; negative regulation of transcription by RNA polymerase II; transcription cis-regulatory region binding; RNA polymerase II cis-regulatory region sequence-specific DNA binding; DNA-binding transcription factor activity, RNA polymerase II-specific; DNA-binding transcription repressor activity, RNA polymerase II-specific; DNA-binding transcription factor activity; protein binding; nucleus; nucleoplasm; mitochondrion; regulation of DNA-templated transcription; nuclear speck; negative regulation of DNA-templated transcription; metal ion binding	0.4264	0.03667	0	0.2727272727272727	0.2727272727272727	0.0	0.0	0.0
ZNF219	I14_OG006192	Q9P2Y4	ENSG00000165804	zinc finger protein 219	GO:0000122; GO:0000978; GO:0000981; GO:0001227; GO:0003677; GO:0003700; GO:0004969; GO:0005515; GO:0005634; GO:0005654; GO:0006355; GO:0007186; GO:0016020; GO:0032332; GO:0045892; GO:0045944; GO:0046872; GO:0060174	negative regulation of transcription by RNA polymerase II; RNA polymerase II cis-regulatory region sequence-specific DNA binding; DNA-binding transcription factor activity, RNA polymerase II-specific; DNA-binding transcription repressor activity, RNA polymerase II-specific; DNA binding; DNA-binding transcription factor activity; histamine receptor activity; protein binding; nucleus; nucleoplasm; regulation of DNA-templated transcription; G protein-coupled receptor signaling pathway; membrane; positive regulation of chondrocyte differentiation; negative regulation of DNA-templated transcription; positive regulation of transcription by RNA polymerase II; metal ion binding; limb bud formation	0.4264	0.03667	0	0.2727272727272727	0.2727272727272727	0.0	0.0	0.0
ZNF22	I14_OG006192	P17026	ENSG00000165512	zinc finger protein 22	GO:0003677; GO:0003700; GO:0005515; GO:0005634; GO:0005654; GO:0006355; GO:0008270; GO:0010468; GO:0042476	DNA binding; DNA-binding transcription factor activity; protein binding; nucleus; nucleoplasm; regulation of DNA-templated transcription; zinc ion binding; regulation of gene expression; odontogenesis	0.4264	0.03667	0	0.2727272727272727	0.2727272727272727	0.0	0.0	0.0
ZNF296	I14_OG006192	Q8WUU4	ENSG00000170684	zinc finger protein 296	GO:0000122; GO:0000978; GO:0003700; GO:0005515; GO:0005634; GO:0006357; GO:0007283; GO:0046872; GO:1990837; GO:2000171	negative regulation of transcription by RNA polymerase II; RNA polymerase II cis-regulatory region sequence-specific DNA binding; DNA-binding transcription factor activity; protein binding; nucleus; regulation of transcription by RNA polymerase II; spermatogenesis; metal ion binding; sequence-specific double-stranded DNA binding; negative regulation of dendrite development	0.4264	0.03667	0	0.2727272727272727	0.2727272727272727	0.0	0.0	0.0
ZNF341	I14_OG006826	Q9BYN7	ENSG00000131061	zinc finger protein 341	GO:0000978; GO:0000981; GO:0001216; GO:0003677; GO:0005515; GO:0005634; GO:0006355; GO:0006357; GO:0045893; GO:0046872	RNA polymerase II cis-regulatory region sequence-specific DNA binding; DNA-binding transcription factor activity, RNA polymerase II-specific; DNA-binding transcription activator activity; DNA binding; protein binding; nucleus; regulation of DNA-templated transcription; regulation of transcription by RNA polymerase II; positive regulation of DNA-templated transcription; metal ion binding	0.4524	0.00062	1.0	0.5454545454545454	0.5454545454545454	0.0	0.125	0.125
ZNF488	I14_OG006826	Q96MN9	ENSG00000265763	zinc finger protein 488	GO:0003677; GO:0005515; GO:0005634; GO:0006355; GO:0014003; GO:0031643; GO:0045892; GO:0046872; GO:0048714	DNA binding; protein binding; nucleus; regulation of DNA-templated transcription; oligodendrocyte development; positive regulation of myelination; negative regulation of DNA-templated transcription; metal ion binding; positive regulation of oligodendrocyte differentiation	0.4524	0.00062	1.0	0.5454545454545454	0.5454545454545454	0.0	0.125	0.125
ZNF516	I14_OG006192	Q92618	ENSG00000101493	zinc finger protein 516	GO:0000978; GO:0000981; GO:0000987; GO:0005515; GO:0005634; GO:0006355; GO:0006357; GO:0009409; GO:0045893; GO:0046872; GO:0050873; GO:0060612; GO:0120162; GO:0140297	RNA polymerase II cis-regulatory region sequence-specific DNA binding; DNA-binding transcription factor activity, RNA polymerase II-specific; cis-regulatory region sequence-specific DNA binding; protein binding; nucleus; regulation of DNA-templated transcription; regulation of transcription by RNA polymerase II; response to cold; positive regulation of DNA-templated transcription; metal ion binding; brown fat cell differentiation; adipose tissue development; positive regulation of cold-induced thermogenesis; DNA-binding transcription factor binding	0.4264	0.03667	0	0.2727272727272727	0.2727272727272727	0.0	0.0	0.0
ZNF524	I14_OG006826	Q96C55	ENSG00000171443	zinc finger protein 524	GO:0000978; GO:0003700; GO:0005515; GO:0005634; GO:0006357; GO:0046872; GO:1990837	RNA polymerase II cis-regulatory region sequence-specific DNA binding; DNA-binding transcription factor activity; protein binding; nucleus; regulation of transcription by RNA polymerase II; metal ion binding; sequence-specific double-stranded DNA binding	0.4524	0.00062	1.0	0.5454545454545454	0.5454545454545454	0.0	0.125	0.125
ZNF536	I14_OG006192	O15090	ENSG00000198597	zinc finger protein 536	GO:0000122; GO:0000978; GO:0000981; GO:0001227; GO:0005634; GO:0006355; GO:0044323; GO:0045665; GO:0046872; GO:0048387	negative regulation of transcription by RNA polymerase II; RNA polymerase II cis-regulatory region sequence-specific DNA binding; DNA-binding transcription factor activity, RNA polymerase II-specific; DNA-binding transcription repressor activity, RNA polymerase II-specific; nucleus; regulation of DNA-templated transcription; retinoic acid-responsive element binding; negative regulation of neuron differentiation; metal ion binding; negative regulation of retinoic acid receptor signaling pathway	0.4264	0.03667	0	0.2727272727272727	0.2727272727272727	0.0	0.0	0.0
ZNF629	I14_OG006826	Q9UEG4	ENSG00000102870	zinc finger protein 629	GO:0000978; GO:0001228; GO:0005515; GO:0005634; GO:0006357; GO:0045944; GO:0046872	RNA polymerase II cis-regulatory region sequence-specific DNA binding; DNA-binding transcription activator activity, RNA polymerase II-specific; protein binding; nucleus; regulation of transcription by RNA polymerase II; positive regulation of transcription by RNA polymerase II; metal ion binding	0.4524	0.00062	1.0	0.5454545454545454	0.5454545454545454	0.0	0.125	0.125
ZNF683	I14_OG006826	Q8IZ20	ENSG00000176083	zinc finger protein 683	GO:0000122; GO:0000978; GO:0002250; GO:0003700; GO:0005515; GO:0005634; GO:0006357; GO:0010468; GO:0010628; GO:0032689; GO:0032823; GO:0032826; GO:0033082; GO:0045087; GO:0046872; GO:0050852; GO:0051136; GO:1904637; GO:1990841	negative regulation of transcription by RNA polymerase II; RNA polymerase II cis-regulatory region sequence-specific DNA binding; adaptive immune response; DNA-binding transcription factor activity; protein binding; nucleus; regulation of transcription by RNA polymerase II; regulation of gene expression; positive regulation of gene expression; negative regulation of type II interferon production; regulation of natural killer cell differentiation; regulation of natural killer cell differentiation involved in immune response; regulation of extrathymic T cell differentiation; innate immune response; metal ion binding; T cell receptor signaling pathway; regulation of NK T cell differentiation; cellular response to ionomycin; promoter-specific chromatin binding	0.4524	0.00062	1.0	0.5454545454545454	0.5454545454545454	0.0	0.125	0.125
ZNF710	I14_OG006826	Q8N1W2	ENSG00000140548	zinc finger protein 710	GO:0000978; GO:0003700; GO:0005515; GO:0005634; GO:0006357; GO:0046872	RNA polymerase II cis-regulatory region sequence-specific DNA binding; DNA-binding transcription factor activity; protein binding; nucleus; regulation of transcription by RNA polymerase II; metal ion binding	0.4524	0.00062	1.0	0.5454545454545454	0.5454545454545454	0.0	0.125	0.125
ZNF800	I14_OG006826	Q2TB10	ENSG00000048405	zinc finger protein 800	GO:0003677; GO:0003700; GO:0005634; GO:0006355; GO:0031018; GO:0046872; GO:0090425	DNA binding; DNA-binding transcription factor activity; nucleus; regulation of DNA-templated transcription; endocrine pancreas development; metal ion binding; acinar cell differentiation	0.4524	0.00062	1.0	0.5454545454545454	0.5454545454545454	0.0	0.125	0.125
ZNF804A	I14_OG005099	Q7Z570	ENSG00000170396	zinc finger protein 804A	GO:0005634; GO:0005737; GO:0005886; GO:0010628; GO:0010975; GO:0010976; GO:0030426; GO:0043025; GO:0043197; GO:0043198; GO:0046872; GO:0098793; GO:0098794; GO:1901588; GO:1902952	nucleus; cytoplasm; plasma membrane; positive regulation of gene expression; regulation of neuron projection development; positive regulation of neuron projection development; growth cone; neuronal cell body; dendritic spine; dendritic shaft; metal ion binding; presynapse; postsynapse; dendritic microtubule; positive regulation of dendritic spine maintenance	0.4524	0.03957	1	0.5454545454545454	0.5454545454545454	0.0	0.125	0.125
ZNF804B	I14_OG005099	A4D1E1	ENSG00000182348	zinc finger protein 804B	GO:0005634; GO:0046872	nucleus; metal ion binding	0.4524	0.03957	1	0.5454545454545454	0.5454545454545454	0.0	0.125	0.125
ZNF830	I14_OG013856	Q96NB3	ENSG00000198783	zinc finger protein 830	GO:0001541; GO:0001546; GO:0001832; GO:0003676; GO:0005515; GO:0005634; GO:0005654; GO:0005681; GO:0005694; GO:0006396; GO:0006397; GO:0008270; GO:0008380; GO:0016607; GO:0033260; GO:0033314; GO:0043066; GO:0044773; GO:0051276; GO:0051301; GO:0060729	ovarian follicle development; preantral ovarian follicle growth; blastocyst growth; nucleic acid binding; protein binding; nucleus; nucleoplasm; spliceosomal complex; chromosome; RNA processing; mRNA processing; zinc ion binding; RNA splicing; nuclear speck; nuclear DNA replication; mitotic DNA replication checkpoint signaling; negative regulation of apoptotic process; mitotic DNA damage checkpoint signaling; chromosome organization; cell division; intestinal epithelial structure maintenance	0.4264	0.0136	0	0.2727272727272727	0.2727272727272727	0.0	0.0	0.0
ZNF862	I14_OG006826	O60290	ENSG00000106479	zinc finger protein 862	GO:0003674; GO:0005575; GO:0005634; GO:0006355; GO:0008150; GO:0046872; GO:0046983	molecular_function; cellular_component; nucleus; regulation of DNA-templated transcription; biological_process; metal ion binding; protein dimerization activity	0.4524	0.00062	1.0	0.5454545454545454	0.5454545454545454	0.0	0.125	0.125
NA	I60_OG000161	A0JD36	NA	NA	NA	NA	0.2541	0.00019	1	0.5909090909090909	0.6363636363636364	0.0	0.34375	0.375
NA	I60_OG000056	P49189	NA	NA	NA	NA	0.3953	0.00023	1	1.0	1.0	1.0	0.6875	0.6875
NA	I14_OG000738	A2VEC9	NA	NA	NA	NA	0.4524	0.01249	1.0	0.5454545454545454	0.5454545454545454	0.0	0.125	0.125
NA	I20_OG000328	A6NDL7	NA	NA	NA	NA	0.2791	0.00468	1	0.9545454545454546	1.0	1.0	0.75	0.75
NA	I14_OG001052	A0A1W2PRG0	NA	NA	NA	NA	0.5929	0.00025	1	0.7727272727272727	0.8181818181818181	0.0	0.1875	0.1875
NA	I14_OG001966	Q6ZXV5	NA	NA	NA	NA	0.4404	0.00206	1.0	0.9545454545454546	1.0	1.0	0.5625	0.5625
NA	I14_OG004875	P0C866	NA	NA	NA	NA	0.5604	0.00408	1	0.5909090909090909	0.6363636363636364	0.0	0.09375	0.125
NA	I14_OG005733	Q6ZUV0	NA	NA	NA	NA	0.6697	0.00331	1.0	0.6818181818181818	0.7272727272727273	0.0	0.0625	0.0625
NA	I14_OG005979	Q8WV35	NA	NA	NA	NA	0.4264	0.00407	1.0	0.9090909090909091	0.9090909090909091	0.5	0.5	0.5
NA	I14_OG009604	Q9UKT6	NA	NA	NA	NA	0.4798	0	1	0.9090909090909091	0.9090909090909091	0.0	0.4375	0.4375
NA	I14_OG013166	Q6ZUG5	NA	NA	NA	NA	0.4238	0.01903	1	0.5909090909090909	0.6363636363636364	0.0	0.1875	0.1875
