rank	motif_DB	motif_ID	motif_alt_ID	consensus	p-value	adj_p-value	E-value	tests	FASTA_max	pos	neg	PWM_min	TP	%TP	FP	%FP
1	/Users/ranjithpapareddy/Desktop/Desktop-Ranjith-iMac/forGIT/UFMylation_Ribosome_stalling_RNA_Splicing/Part4_Splicing_Analysis/data/motifs/CisBP_Human_All.meme	M00765_2.00	PCBP3	HGCCCC	2.55e-44	6.47e-41	3.52e-38	2537	460	460	5000	1.58	272	59.13	1326	26.52
2	/Users/ranjithpapareddy/Desktop/Desktop-Ranjith-iMac/forGIT/UFMylation_Ribosome_stalling_RNA_Splicing/Part4_Splicing_Analysis/data/motifs/CisBP_Human_All.meme	M00542_2.00	RBMY1D	CCMB	3.96e-44	1.42e-40	7.75e-38	3598	460	460	5000	1.84	230	50.00	968	19.36
3	/Users/ranjithpapareddy/Desktop/Desktop-Ranjith-iMac/forGIT/UFMylation_Ribosome_stalling_RNA_Splicing/Part4_Splicing_Analysis/data/motifs/CisBP_Human_All.meme	M00769_2.00	PCBP3	WUCCCCM	1.09e-32	3.25e-29	1.77e-26	2986	460	460	5000	1.84	210	45.65	986	19.72
4	/Users/ranjithpapareddy/Desktop/Desktop-Ranjith-iMac/forGIT/UFMylation_Ribosome_stalling_RNA_Splicing/Part4_Splicing_Analysis/data/motifs/CisBP_Human_All.meme	M00518_2.00	MBNL1	YGCU	1.79e-31	2.30e-28	1.25e-25	1287	460	460	5000	1.15	169	36.74	685	13.70
5	/Users/ranjithpapareddy/Desktop/Desktop-Ranjith-iMac/forGIT/UFMylation_Ribosome_stalling_RNA_Splicing/Part4_Splicing_Analysis/data/motifs/CisBP_Human_All.meme	M00789_2.00	RBM25	GGGGNG	1.78e-31	4.47e-28	2.43e-25	2511	460	460	5000	1.9	220	47.83	1092	21.84
6	/Users/ranjithpapareddy/Desktop/Desktop-Ranjith-iMac/forGIT/UFMylation_Ribosome_stalling_RNA_Splicing/Part4_Splicing_Analysis/data/motifs/CisBP_Human_All.meme	M00766_2.00	PCBP2	CCCCNCCCC	1.02e-30	3.13e-27	1.70e-24	3054	460	460	5000	2.7	204	44.35	971	19.42
7	/Users/ranjithpapareddy/Desktop/Desktop-Ranjith-iMac/forGIT/UFMylation_Ribosome_stalling_RNA_Splicing/Part4_Splicing_Analysis/data/motifs/CisBP_Human_All.meme	M00743_2.00	HNRNPH1	GKGGGG	1.95e-30	5.06e-27	2.75e-24	2590	460	460	5000	1.89	232	50.43	1217	24.34
8	/Users/ranjithpapareddy/Desktop/Desktop-Ranjith-iMac/forGIT/UFMylation_Ribosome_stalling_RNA_Splicing/Part4_Splicing_Analysis/data/motifs/CisBP_Human_All.meme	M00650_2.00	RBMY1D	NGCNUMGYGCN	8.65e-29	6.46e-26	3.51e-23	747	460	460	5000	1.05	142	30.87	531	10.62
9	/Users/ranjithpapareddy/Desktop/Desktop-Ranjith-iMac/forGIT/UFMylation_Ribosome_stalling_RNA_Splicing/Part4_Splicing_Analysis/data/motifs/CisBP_Human_All.meme	M00821_2.00	ENSG00000276833	GGDGGGG	1.41e-27	3.93e-24	2.14e-21	2779	460	460	5000	2.34	215	46.74	1124	22.48
10	/Users/ranjithpapareddy/Desktop/Desktop-Ranjith-iMac/forGIT/UFMylation_Ribosome_stalling_RNA_Splicing/Part4_Splicing_Analysis/data/motifs/CisBP_Human_All.meme	M00552_2.00	ENSG00000275272	KMRUVC	1.56e-26	1.50e-23	8.16e-21	959	460	460	5000	1.15	111	24.13	357	7.14
11	/Users/ranjithpapareddy/Desktop/Desktop-Ranjith-iMac/forGIT/UFMylation_Ribosome_stalling_RNA_Splicing/Part4_Splicing_Analysis/data/motifs/CisBP_Human_All.meme	M00741_2.00	HNRNPF	GGGDGGGG	8.87e-27	2.70e-23	1.47e-20	3048	460	460	5000	1.87	256	55.65	1519	30.38
12	/Users/ranjithpapareddy/Desktop/Desktop-Ranjith-iMac/forGIT/UFMylation_Ribosome_stalling_RNA_Splicing/Part4_Splicing_Analysis/data/motifs/CisBP_Human_All.meme	M00065_2.00	PCBP2	CCUYCCC	1.43e-26	5.32e-23	2.89e-20	3720	460	460	5000	5.52	125	27.17	446	8.92
13	/Users/ranjithpapareddy/Desktop/Desktop-Ranjith-iMac/forGIT/UFMylation_Ribosome_stalling_RNA_Splicing/Part4_Splicing_Analysis/data/motifs/CisBP_Human_All.meme	M00800_2.00	RBM6	CGUCCM	1.46e-25	3.21e-22	1.75e-19	2207	460	460	5000	1.44	196	42.61	1001	20.02
14	/Users/ranjithpapareddy/Desktop/Desktop-Ranjith-iMac/forGIT/UFMylation_Ribosome_stalling_RNA_Splicing/Part4_Splicing_Analysis/data/motifs/CisBP_Human_All.meme	M00742_2.00	HNRNPF	WGGGW	5.21e-25	1.90e-21	1.03e-18	3649	460	460	5000	2.16	181	39.35	887	17.74
15	/Users/ranjithpapareddy/Desktop/Desktop-Ranjith-iMac/forGIT/UFMylation_Ribosome_stalling_RNA_Splicing/Part4_Splicing_Analysis/data/motifs/CisBP_Human_All.meme	M00749_2.00	ILF2	GGGDGGGG	3.51e-24	1.10e-20	5.99e-18	3137	460	460	5000	2.27	220	47.83	1241	24.82
16	/Users/ranjithpapareddy/Desktop/Desktop-Ranjith-iMac/forGIT/UFMylation_Ribosome_stalling_RNA_Splicing/Part4_Splicing_Analysis/data/motifs/CisBP_Human_All.meme	M00767_2.00	PCBP2	UWCCC	5.88e-24	1.53e-20	8.33e-18	2604	460	460	5000	2.05	135	29.35	552	11.04
17	/Users/ranjithpapareddy/Desktop/Desktop-Ranjith-iMac/forGIT/UFMylation_Ribosome_stalling_RNA_Splicing/Part4_Splicing_Analysis/data/motifs/CisBP_Human_All.meme	M00723_2.00	EWSR1	GGGDGGGG	5.79e-24	1.82e-20	9.90e-18	3144	460	460	5000	4.39	140	30.43	588	11.76
18	/Users/ranjithpapareddy/Desktop/Desktop-Ranjith-iMac/forGIT/UFMylation_Ribosome_stalling_RNA_Splicing/Part4_Splicing_Analysis/data/motifs/CisBP_Human_All.meme	M00733_2.00	HNRNPA2B1	RGGGG	1.06e-23	2.28e-20	1.24e-17	2156	460	460	5000	2.74	163	35.43	767	15.34
19	/Users/ranjithpapareddy/Desktop/Desktop-Ranjith-iMac/forGIT/UFMylation_Ribosome_stalling_RNA_Splicing/Part4_Splicing_Analysis/data/motifs/CisBP_Human_All.meme	M00785_2.00	RBM39	CCYCC	2.08e-23	6.68e-20	3.63e-17	3208	460	460	5000	4.08	145	31.52	634	12.68
20	/Users/ranjithpapareddy/Desktop/Desktop-Ranjith-iMac/forGIT/UFMylation_Ribosome_stalling_RNA_Splicing/Part4_Splicing_Analysis/data/motifs/CisBP_Human_All.meme	M00817_2.00	SRSF5	GCSCC	6.57e-23	1.01e-19	5.50e-17	1540	460	460	5000	2.17	146	31.74	650	13.00
21	/Users/ranjithpapareddy/Desktop/Desktop-Ranjith-iMac/forGIT/UFMylation_Ribosome_stalling_RNA_Splicing/Part4_Splicing_Analysis/data/motifs/CisBP_Human_All.meme	M00788_2.00	RBM24	GGGGG	4.52e-22	7.95e-19	4.32e-16	1757	460	460	5000	4.77	110	23.91	407	8.14
22	/Users/ranjithpapareddy/Desktop/Desktop-Ranjith-iMac/forGIT/UFMylation_Ribosome_stalling_RNA_Splicing/Part4_Splicing_Analysis/data/motifs/CisBP_Human_All.meme	M00801_2.00	RBM6	CCACC	2.58e-22	8.22e-19	4.47e-16	3180	460	460	5000	11.2	57	12.39	106	2.12
23	/Users/ranjithpapareddy/Desktop/Desktop-Ranjith-iMac/forGIT/UFMylation_Ribosome_stalling_RNA_Splicing/Part4_Splicing_Analysis/data/motifs/CisBP_Human_All.meme	M00730_2.00	ENSG00000276833	GGKGG	2.79e-21	7.47e-18	4.06e-15	2678	460	460	5000	3.15	150	32.61	710	14.20
24	/Users/ranjithpapareddy/Desktop/Desktop-Ranjith-iMac/forGIT/UFMylation_Ribosome_stalling_RNA_Splicing/Part4_Splicing_Analysis/data/motifs/CisBP_Human_All.meme	M00514_2.00	ENSG00000276833	GGUG	3.37e-21	9.13e-18	4.97e-15	2708	460	460	5000	2.85	92	20.00	303	6.06
25	/Users/ranjithpapareddy/Desktop/Desktop-Ranjith-iMac/forGIT/UFMylation_Ribosome_stalling_RNA_Splicing/Part4_Splicing_Analysis/data/motifs/CisBP_Human_All.meme	M00744_2.00	HNRNPK	GCCCA	1.72e-20	4.99e-17	2.71e-14	2904	460	460	5000	5.32	88	19.13	287	5.74
26	/Users/ranjithpapareddy/Desktop/Desktop-Ranjith-iMac/forGIT/UFMylation_Ribosome_stalling_RNA_Splicing/Part4_Splicing_Analysis/data/motifs/CisBP_Human_All.meme	M00175_2.00	LIN28B	CGGAGGR	1.26e-19	2.93e-16	1.59e-13	2314	460	460	5000	1.85	167	36.30	881	17.62
27	/Users/ranjithpapareddy/Desktop/Desktop-Ranjith-iMac/forGIT/UFMylation_Ribosome_stalling_RNA_Splicing/Part4_Splicing_Analysis/data/motifs/CisBP_Human_All.meme	M00818_2.00	SRSF8	NGCAGC	2.30e-19	6.38e-16	3.47e-13	2766	460	460	5000	2.46	114	24.78	475	9.50
28	/Users/ranjithpapareddy/Desktop/Desktop-Ranjith-iMac/forGIT/UFMylation_Ribosome_stalling_RNA_Splicing/Part4_Splicing_Analysis/data/motifs/CisBP_Human_All.meme	M00756_2.00	MBNL1	GCGCAGC	5.21e-19	7.25e-16	3.94e-13	1391	460	460	5000	1.65	125	27.17	561	11.22
29	/Users/ranjithpapareddy/Desktop/Desktop-Ranjith-iMac/forGIT/UFMylation_Ribosome_stalling_RNA_Splicing/Part4_Splicing_Analysis/data/motifs/CisBP_Human_All.meme	M00722_2.00	ESRP1	GGGKGG	2.66e-19	8.12e-16	4.42e-13	3050	460	460	5000	3.08	139	30.22	662	13.24
30	/Users/ranjithpapareddy/Desktop/Desktop-Ranjith-iMac/forGIT/UFMylation_Ribosome_stalling_RNA_Splicing/Part4_Splicing_Analysis/data/motifs/CisBP_Human_All.meme	M00066_2.00	PPRC1	SSGCGCS	2.97e-18	1.95e-15	1.06e-12	654	460	460	5000	1.04	116	25.22	508	10.16
31	/Users/ranjithpapareddy/Desktop/Desktop-Ranjith-iMac/forGIT/UFMylation_Ribosome_stalling_RNA_Splicing/Part4_Splicing_Analysis/data/motifs/CisBP_Human_All.meme	M00616_2.00	PCBP3	BCCUUDDCCUU	7.54e-19	2.73e-15	1.48e-12	3618	460	460	5000	3.5	123	26.74	549	10.98
32	/Users/ranjithpapareddy/Desktop/Desktop-Ranjith-iMac/forGIT/UFMylation_Ribosome_stalling_RNA_Splicing/Part4_Splicing_Analysis/data/motifs/CisBP_Human_All.meme	M00824_2.00	AL109811.4	GAGUG	4.28e-18	1.14e-14	6.18e-12	2653	460	460	5000	2.88	105	22.83	432	8.64
33	/Users/ranjithpapareddy/Desktop/Desktop-Ranjith-iMac/forGIT/UFMylation_Ribosome_stalling_RNA_Splicing/Part4_Splicing_Analysis/data/motifs/CisBP_Human_All.meme	M00199_2.00	PCBP3	CCUWWCC	6.97e-18	1.69e-14	9.19e-12	2423	460	460	5000	2.57	122	26.52	559	11.18
34	/Users/ranjithpapareddy/Desktop/Desktop-Ranjith-iMac/forGIT/UFMylation_Ribosome_stalling_RNA_Splicing/Part4_Splicing_Analysis/data/motifs/CisBP_Human_All.meme	M00126_2.00	SRSF1	GGAGGRV	7.80e-18	2.23e-14	1.22e-11	2866	460	460	5000	4.99	115	25.00	508	10.16
35	/Users/ranjithpapareddy/Desktop/Desktop-Ranjith-iMac/forGIT/UFMylation_Ribosome_stalling_RNA_Splicing/Part4_Splicing_Analysis/data/motifs/CisBP_Human_All.meme	M00812_2.00	SRSF11	AGGGG	6.16e-18	2.44e-14	1.33e-11	3961	460	460	5000	3.22	139	30.22	689	13.78
36	/Users/ranjithpapareddy/Desktop/Desktop-Ranjith-iMac/forGIT/UFMylation_Ribosome_stalling_RNA_Splicing/Part4_Splicing_Analysis/data/motifs/CisBP_Human_All.meme	M00127_2.00	SRSF1	GGAGGRV	8.77e-18	2.47e-14	1.35e-11	2821	460	460	5000	4.66	118	25.65	531	10.62
37	/Users/ranjithpapareddy/Desktop/Desktop-Ranjith-iMac/forGIT/UFMylation_Ribosome_stalling_RNA_Splicing/Part4_Splicing_Analysis/data/motifs/CisBP_Human_All.meme	M00125_2.00	SRSF1	GGAGGAN	9.47e-18	2.93e-14	1.60e-11	3097	460	460	5000	4.58	109	23.70	466	9.32
38	/Users/ranjithpapareddy/Desktop/Desktop-Ranjith-iMac/forGIT/UFMylation_Ribosome_stalling_RNA_Splicing/Part4_Splicing_Analysis/data/motifs/CisBP_Human_All.meme	M00661_2.00	RBPMS	DKCACA	1.67e-17	5.79e-14	3.15e-11	3477	460	460	5000	2.42	75	16.30	244	4.88
39	/Users/ranjithpapareddy/Desktop/Desktop-Ranjith-iMac/forGIT/UFMylation_Ribosome_stalling_RNA_Splicing/Part4_Splicing_Analysis/data/motifs/CisBP_Human_All.meme	M00083_2.00	SAMD4B	GCUGGMC	2.91e-17	7.57e-14	4.12e-11	2599	460	460	5000	2.92	119	25.87	548	10.96
40	/Users/ranjithpapareddy/Desktop/Desktop-Ranjith-iMac/forGIT/UFMylation_Ribosome_stalling_RNA_Splicing/Part4_Splicing_Analysis/data/motifs/CisBP_Human_All.meme	M00816_2.00	SRSF5	GCAGC	7.08e-17	1.53e-13	8.31e-11	2157	460	460	5000	3.61	95	20.65	382	7.64
41	/Users/ranjithpapareddy/Desktop/Desktop-Ranjith-iMac/forGIT/UFMylation_Ribosome_stalling_RNA_Splicing/Part4_Splicing_Analysis/data/motifs/CisBP_Human_All.meme	M00409_2.00	ESRP1	GGAUGGGGR	7.74e-17	2.41e-13	1.31e-10	3109	460	460	5000	3.95	137	29.78	696	13.92
42	/Users/ranjithpapareddy/Desktop/Desktop-Ranjith-iMac/forGIT/UFMylation_Ribosome_stalling_RNA_Splicing/Part4_Splicing_Analysis/data/motifs/CisBP_Human_All.meme	M00793_2.00	RBM45	CUDAC	2.93e-16	3.88e-13	2.11e-10	1323	460	460	5000	1.58	100	21.74	427	8.54
43	/Users/ranjithpapareddy/Desktop/Desktop-Ranjith-iMac/forGIT/UFMylation_Ribosome_stalling_RNA_Splicing/Part4_Splicing_Analysis/data/motifs/CisBP_Human_All.meme	M00148_2.00	SRSF6	GGAGGGV	4.19e-16	1.13e-12	6.17e-10	2709	460	460	5000	8.61	79	17.17	287	5.74
44	/Users/ranjithpapareddy/Desktop/Desktop-Ranjith-iMac/forGIT/UFMylation_Ribosome_stalling_RNA_Splicing/Part4_Splicing_Analysis/data/motifs/CisBP_Human_All.meme	M00176_2.00	SRSF1	GGAGGAG	4.00e-16	1.40e-12	7.62e-10	3500	460	460	5000	4.36	116	25.22	547	10.94
45	/Users/ranjithpapareddy/Desktop/Desktop-Ranjith-iMac/forGIT/UFMylation_Ribosome_stalling_RNA_Splicing/Part4_Splicing_Analysis/data/motifs/CisBP_Human_All.meme	M00005_2.00	ARGLU1	CGGRGGS	7.95e-16	1.58e-12	8.57e-10	1982	460	460	5000	2.02	149	32.39	817	16.34
46	/Users/ranjithpapareddy/Desktop/Desktop-Ranjith-iMac/forGIT/UFMylation_Ribosome_stalling_RNA_Splicing/Part4_Splicing_Analysis/data/motifs/CisBP_Human_All.meme	M00086_2.00	M00086_2.00	DGGAGGA	4.93e-16	1.80e-12	9.78e-10	3647	460	460	5000	5.14	121	26.30	587	11.74
47	/Users/ranjithpapareddy/Desktop/Desktop-Ranjith-iMac/forGIT/UFMylation_Ribosome_stalling_RNA_Splicing/Part4_Splicing_Analysis/data/motifs/CisBP_Human_All.meme	M00798_2.00	RBM4B	GCGCGG	4.68e-15	1.95e-12	1.06e-9	417	460	460	5000	1.06	79	17.17	302	6.04
48	/Users/ranjithpapareddy/Desktop/Desktop-Ranjith-iMac/forGIT/UFMylation_Ribosome_stalling_RNA_Splicing/Part4_Splicing_Analysis/data/motifs/CisBP_Human_All.meme	M00124_2.00	SRSF1	GGAGGAM	7.55e-16	2.42e-12	1.32e-9	3204	460	460	5000	3.62	117	25.43	560	11.20
49	/Users/ranjithpapareddy/Desktop/Desktop-Ranjith-iMac/forGIT/UFMylation_Ribosome_stalling_RNA_Splicing/Part4_Splicing_Analysis/data/motifs/CisBP_Human_All.meme	M00087_2.00	SRSF9	GGRWGGA	9.20e-16	3.38e-12	1.84e-9	3675	460	460	5000	3.95	94	20.43	393	7.86
50	/Users/ranjithpapareddy/Desktop/Desktop-Ranjith-iMac/forGIT/UFMylation_Ribosome_stalling_RNA_Splicing/Part4_Splicing_Analysis/data/motifs/CisBP_Human_All.meme	M00811_2.00	SRSF10	NAGCAG	1.26e-15	4.07e-12	2.21e-9	3238	460	460	5000	3.33	75	16.30	268	5.36
51	/Users/ranjithpapareddy/Desktop/Desktop-Ranjith-iMac/forGIT/UFMylation_Ribosome_stalling_RNA_Splicing/Part4_Splicing_Analysis/data/motifs/CisBP_Human_All.meme	M00173_2.00	HNRNPH1	GGGAGGG	1.22e-15	4.08e-12	2.22e-9	3357	460	460	5000	5.22	127	27.61	642	12.84
52	/Users/ranjithpapareddy/Desktop/Desktop-Ranjith-iMac/forGIT/UFMylation_Ribosome_stalling_RNA_Splicing/Part4_Splicing_Analysis/data/motifs/CisBP_Human_All.meme	M00076_2.00	RBM8A	GCGCGCG	1.92e-14	6.92e-12	3.77e-9	360	460	460	5000	1.29	62	13.48	203	4.06
53	/Users/ranjithpapareddy/Desktop/Desktop-Ranjith-iMac/forGIT/UFMylation_Ribosome_stalling_RNA_Splicing/Part4_Splicing_Analysis/data/motifs/CisBP_Human_All.meme	M00163_2.00	ESRP2	UGGGGAU	6.16e-15	2.06e-11	1.12e-8	3338	460	460	5000	3.9	102	22.17	465	9.30
54	/Users/ranjithpapareddy/Desktop/Desktop-Ranjith-iMac/forGIT/UFMylation_Ribosome_stalling_RNA_Splicing/Part4_Splicing_Analysis/data/motifs/CisBP_Human_All.meme	M00229_2.00	PCBP3	CCUUUCCC	9.53e-15	3.00e-11	1.63e-8	3148	460	460	5000	3.53	91	19.78	389	7.78
55	/Users/ranjithpapareddy/Desktop/Desktop-Ranjith-iMac/forGIT/UFMylation_Ribosome_stalling_RNA_Splicing/Part4_Splicing_Analysis/data/motifs/CisBP_Human_All.meme	M00531_2.00	SRSF9	AGGAS	8.96e-15	3.20e-11	1.74e-8	3578	460	460	5000	1.93	128	27.83	669	13.38
56	/Users/ranjithpapareddy/Desktop/Desktop-Ranjith-iMac/forGIT/UFMylation_Ribosome_stalling_RNA_Splicing/Part4_Splicing_Analysis/data/motifs/CisBP_Human_All.meme	M00048_2.00	HNRNPK	CCAAMCC	2.79e-14	6.24e-11	3.40e-8	2240	460	460	5000	1.88	124	26.96	648	12.96
57	/Users/ranjithpapareddy/Desktop/Desktop-Ranjith-iMac/forGIT/UFMylation_Ribosome_stalling_RNA_Splicing/Part4_Splicing_Analysis/data/motifs/CisBP_Human_All.meme	M00734_2.00	HNRNPA2B1	GGGUA	2.10e-13	1.87e-10	1.02e-7	891	460	460	5000	2.9	51	11.09	151	3.02
58	/Users/ranjithpapareddy/Desktop/Desktop-Ranjith-iMac/forGIT/UFMylation_Ribosome_stalling_RNA_Splicing/Part4_Splicing_Analysis/data/motifs/CisBP_Human_All.meme	M00822_2.00	ENSG00000276833	GGGUA	2.10e-13	1.87e-10	1.02e-7	891	460	460	5000	2.9	51	11.09	151	3.02
59	/Users/ranjithpapareddy/Desktop/Desktop-Ranjith-iMac/forGIT/UFMylation_Ribosome_stalling_RNA_Splicing/Part4_Splicing_Analysis/data/motifs/CisBP_Human_All.meme	M00233_2.00	PCBP3	VUWUCCC	1.19e-13	2.98e-10	1.62e-7	2498	460	460	5000	2.54	62	13.48	213	4.26
60	/Users/ranjithpapareddy/Desktop/Desktop-Ranjith-iMac/forGIT/UFMylation_Ribosome_stalling_RNA_Splicing/Part4_Splicing_Analysis/data/motifs/CisBP_Human_All.meme	M00724_2.00	EWSR1	AGGUG	1.32e-13	4.01e-10	2.18e-7	3034	460	460	5000	4.42	64	13.91	226	4.52
61	/Users/ranjithpapareddy/Desktop/Desktop-Ranjith-iMac/forGIT/UFMylation_Ribosome_stalling_RNA_Splicing/Part4_Splicing_Analysis/data/motifs/CisBP_Human_All.meme	M00105_2.00	ZC3H10	SCAGCGC	7.84e-13	4.02e-10	2.19e-7	513	460	460	5000	1.25	74	16.09	303	6.06
62	/Users/ranjithpapareddy/Desktop/Desktop-Ranjith-iMac/forGIT/UFMylation_Ribosome_stalling_RNA_Splicing/Part4_Splicing_Analysis/data/motifs/CisBP_Human_All.meme	M00454_2.00	ACO1	CAGUGH	1.20e-13	5.14e-10	2.80e-7	4303	460	460	5000	1.64	127	27.61	687	13.74
63	/Users/ranjithpapareddy/Desktop/Desktop-Ranjith-iMac/forGIT/UFMylation_Ribosome_stalling_RNA_Splicing/Part4_Splicing_Analysis/data/motifs/CisBP_Human_All.meme	M00799_2.00	RBM4B	WCGGGA	2.64e-12	1.07e-9	5.80e-7	404	460	460	5000	1.18	65	14.13	251	5.02
64	/Users/ranjithpapareddy/Desktop/Desktop-Ranjith-iMac/forGIT/UFMylation_Ribosome_stalling_RNA_Splicing/Part4_Splicing_Analysis/data/motifs/CisBP_Human_All.meme	M00819_2.00	SRSF9	AGGAR	2.51e-13	1.11e-9	6.06e-7	4443	460	460	5000	3.05	128	27.83	703	14.06
65	/Users/ranjithpapareddy/Desktop/Desktop-Ranjith-iMac/forGIT/UFMylation_Ribosome_stalling_RNA_Splicing/Part4_Splicing_Analysis/data/motifs/CisBP_Human_All.meme	M00755_2.00	MBNL1	CGCUU	2.37e-12	1.12e-9	6.12e-7	475	460	460	5000	1.29	51	11.09	163	3.26
66	/Users/ranjithpapareddy/Desktop/Desktop-Ranjith-iMac/forGIT/UFMylation_Ribosome_stalling_RNA_Splicing/Part4_Splicing_Analysis/data/motifs/CisBP_Human_All.meme	M00505_2.00	NONO	AGGGA	4.23e-13	1.36e-9	7.38e-7	3205	460	460	5000	4.95	82	17.83	354	7.08
67	/Users/ranjithpapareddy/Desktop/Desktop-Ranjith-iMac/forGIT/UFMylation_Ribosome_stalling_RNA_Splicing/Part4_Splicing_Analysis/data/motifs/CisBP_Human_All.meme	M00814_2.00	SRSF2	UCCAG	8.27e-13	2.73e-9	1.49e-6	3305	460	460	5000	3.66	80	17.39	345	6.90
68	/Users/ranjithpapareddy/Desktop/Desktop-Ranjith-iMac/forGIT/UFMylation_Ribosome_stalling_RNA_Splicing/Part4_Splicing_Analysis/data/motifs/CisBP_Human_All.meme	M00815_2.00	SRSF6	AGCAG	9.23e-13	2.95e-9	1.60e-6	3194	460	460	5000	4.37	82	17.83	360	7.20
69	/Users/ranjithpapareddy/Desktop/Desktop-Ranjith-iMac/forGIT/UFMylation_Ribosome_stalling_RNA_Splicing/Part4_Splicing_Analysis/data/motifs/CisBP_Human_All.meme	M00673_2.00	SNRPA	DUGCACR	2.96e-12	4.52e-9	2.46e-6	1528	460	460	5000	1.56	100	21.74	504	10.08
70	/Users/ranjithpapareddy/Desktop/Desktop-Ranjith-iMac/forGIT/UFMylation_Ribosome_stalling_RNA_Splicing/Part4_Splicing_Analysis/data/motifs/CisBP_Human_All.meme	M00813_2.00	SRSF2	WGCAGC	2.05e-12	7.06e-9	3.84e-6	3447	460	460	5000	3.6	80	17.39	352	7.04
71	/Users/ranjithpapareddy/Desktop/Desktop-Ranjith-iMac/forGIT/UFMylation_Ribosome_stalling_RNA_Splicing/Part4_Splicing_Analysis/data/motifs/CisBP_Human_All.meme	M00810_2.00	SNRPA	WGCACR	9.37e-12	1.84e-8	1.00e-5	1966	460	460	5000	2.13	67	14.57	273	5.46
72	/Users/ranjithpapareddy/Desktop/Desktop-Ranjith-iMac/forGIT/UFMylation_Ribosome_stalling_RNA_Splicing/Part4_Splicing_Analysis/data/motifs/CisBP_Human_All.meme	M12989_2.00	HNRNPH3	DGGGAKGG	2.54e-11	8.65e-8	4.70e-5	3403	460	460	5000	6.75	102	22.17	541	10.82
73	/Users/ranjithpapareddy/Desktop/Desktop-Ranjith-iMac/forGIT/UFMylation_Ribosome_stalling_RNA_Splicing/Part4_Splicing_Analysis/data/motifs/CisBP_Human_All.meme	M00016_2.00	CNBP	GGAGGWG	2.69e-11	8.70e-8	4.73e-5	3230	460	460	5000	5.26	90	19.57	448	8.96
74	/Users/ranjithpapareddy/Desktop/Desktop-Ranjith-iMac/forGIT/UFMylation_Ribosome_stalling_RNA_Splicing/Part4_Splicing_Analysis/data/motifs/CisBP_Human_All.meme	M13030_2.00	GRSF1	DGGGAKGG	2.80e-11	9.51e-8	5.18e-5	3399	460	460	5000	6.69	102	22.17	542	10.84
75	/Users/ranjithpapareddy/Desktop/Desktop-Ranjith-iMac/forGIT/UFMylation_Ribosome_stalling_RNA_Splicing/Part4_Splicing_Analysis/data/motifs/CisBP_Human_All.meme	M00820_2.00	SRSF9	GGGAA	4.10e-11	1.26e-7	6.85e-5	3075	460	460	5000	5.35	65	14.13	270	5.40
76	/Users/ranjithpapareddy/Desktop/Desktop-Ranjith-iMac/forGIT/UFMylation_Ribosome_stalling_RNA_Splicing/Part4_Splicing_Analysis/data/motifs/CisBP_Human_All.meme	M13117_2.00	ENSG00000277564	HWGCAUGM	7.04e-11	1.32e-7	7.19e-5	1879	460	460	5000	12.3	17	3.70	15	0.30
77	/Users/ranjithpapareddy/Desktop/Desktop-Ranjith-iMac/forGIT/UFMylation_Ribosome_stalling_RNA_Splicing/Part4_Splicing_Analysis/data/motifs/CisBP_Human_All.meme	M13073_2.00	HNRNPH1	DGGGAKGG	4.95e-11	1.69e-7	9.20e-5	3419	460	460	5000	7.31	100	21.74	532	10.64
78	/Users/ranjithpapareddy/Desktop/Desktop-Ranjith-iMac/forGIT/UFMylation_Ribosome_stalling_RNA_Splicing/Part4_Splicing_Analysis/data/motifs/CisBP_Human_All.meme	M00489_2.00	EIF4B	GCKGRAM	3.09e-10	3.40e-7	1.85e-4	1102	460	460	5000	1.72	70	15.22	321	6.42
79	/Users/ranjithpapareddy/Desktop/Desktop-Ranjith-iMac/forGIT/UFMylation_Ribosome_stalling_RNA_Splicing/Part4_Splicing_Analysis/data/motifs/CisBP_Human_All.meme	M00167_2.00	RBM5	GAAGGAG	1.34e-10	4.22e-7	2.29e-4	3153	460	460	5000	3.15	85	18.48	425	8.50
80	/Users/ranjithpapareddy/Desktop/Desktop-Ranjith-iMac/forGIT/UFMylation_Ribosome_stalling_RNA_Splicing/Part4_Splicing_Analysis/data/motifs/CisBP_Human_All.meme	M00131_2.00	RBM4	GCGCGSG	1.08e-9	5.62e-7	3.06e-4	519	460	460	5000	1.25	75	16.30	369	7.38
81	/Users/ranjithpapareddy/Desktop/Desktop-Ranjith-iMac/forGIT/UFMylation_Ribosome_stalling_RNA_Splicing/Part4_Splicing_Analysis/data/motifs/CisBP_Human_All.meme	M00823_2.00	AL109811.4	GUAUG	2.86e-10	6.10e-7	3.32e-4	2130	460	460	5000	2.07	68	14.78	306	6.12
82	/Users/ranjithpapareddy/Desktop/Desktop-Ranjith-iMac/forGIT/UFMylation_Ribosome_stalling_RNA_Splicing/Part4_Splicing_Analysis/data/motifs/CisBP_Human_All.meme	M13086_2.00	PCBP3	CCUUUCCY	3.24e-10	8.72e-7	4.75e-4	2695	460	460	5000	4.59	56	12.17	224	4.48
83	/Users/ranjithpapareddy/Desktop/Desktop-Ranjith-iMac/forGIT/UFMylation_Ribosome_stalling_RNA_Splicing/Part4_Splicing_Analysis/data/motifs/CisBP_Human_All.meme	M00794_2.00	RBM45	ACACC	5.59e-10	1.03e-6	5.59e-4	1839	460	460	5000	2.96	64	13.91	283	5.66
84	/Users/ranjithpapareddy/Desktop/Desktop-Ranjith-iMac/forGIT/UFMylation_Ribosome_stalling_RNA_Splicing/Part4_Splicing_Analysis/data/motifs/CisBP_Human_All.meme	M00147_2.00	M00147_2.00	DWGCACA	5.66e-10	1.28e-6	6.97e-4	2262	460	460	5000	4.2	37	8.04	110	2.20
85	/Users/ranjithpapareddy/Desktop/Desktop-Ranjith-iMac/forGIT/UFMylation_Ribosome_stalling_RNA_Splicing/Part4_Splicing_Analysis/data/motifs/CisBP_Human_All.meme	M00663_2.00	RC3H2	DNCYUVURUBARGNN	8.12e-10	1.67e-6	9.11e-4	2062	460	460	5000	2.02	72	15.65	344	6.88
86	/Users/ranjithpapareddy/Desktop/Desktop-Ranjith-iMac/forGIT/UFMylation_Ribosome_stalling_RNA_Splicing/Part4_Splicing_Analysis/data/motifs/CisBP_Human_All.meme	M00776_2.00	ENSG00000274081	UCUCU	4.97e-10	1.81e-6	9.86e-4	3649	460	460	5000	3.73	89	19.35	469	9.38
87	/Users/ranjithpapareddy/Desktop/Desktop-Ranjith-iMac/forGIT/UFMylation_Ribosome_stalling_RNA_Splicing/Part4_Splicing_Analysis/data/motifs/CisBP_Human_All.meme	M00200_2.00	AC009690.3	UGUGDKG	6.23e-10	2.10e-6	1.14e-3	3364	460	460	5000	3.12	79	17.17	394	7.88
88	/Users/ranjithpapareddy/Desktop/Desktop-Ranjith-iMac/forGIT/UFMylation_Ribosome_stalling_RNA_Splicing/Part4_Splicing_Analysis/data/motifs/CisBP_Human_All.meme	M13004_2.00	PPARGC1A	GCGCGCGG	9.64e-9	2.32e-6	1.26e-3	241	460	460	5000	1.95	34	7.39	107	2.14
89	/Users/ranjithpapareddy/Desktop/Desktop-Ranjith-iMac/forGIT/UFMylation_Ribosome_stalling_RNA_Splicing/Part4_Splicing_Analysis/data/motifs/CisBP_Human_All.meme	M00300_2.00	MBNL2	DGCUUGC	1.60e-9	2.71e-6	1.47e-3	1696	460	460	5000	2.31	44	9.57	157	3.14
90	/Users/ranjithpapareddy/Desktop/Desktop-Ranjith-iMac/forGIT/UFMylation_Ribosome_stalling_RNA_Splicing/Part4_Splicing_Analysis/data/motifs/CisBP_Human_All.meme	M00039_2.00	ENSG00000277564	UGCAUGM	1.52e-9	2.88e-6	1.57e-3	1893	460	460	5000	12	16	3.48	17	0.34
91	/Users/ranjithpapareddy/Desktop/Desktop-Ranjith-iMac/forGIT/UFMylation_Ribosome_stalling_RNA_Splicing/Part4_Splicing_Analysis/data/motifs/CisBP_Human_All.meme	M00092_2.00	SRSF2	AGGAGWDR	7.85e-10	3.00e-6	1.63e-3	3821	460	460	5000	5.04	70	15.22	329	6.58
92	/Users/ranjithpapareddy/Desktop/Desktop-Ranjith-iMac/forGIT/UFMylation_Ribosome_stalling_RNA_Splicing/Part4_Splicing_Analysis/data/motifs/CisBP_Human_All.meme	M00413_2.00	ENSG00000277564	WGCAUGM	2.22e-9	4.41e-6	2.40e-3	1989	460	460	5000	10.5	17	3.70	21	0.42
93	/Users/ranjithpapareddy/Desktop/Desktop-Ranjith-iMac/forGIT/UFMylation_Ribosome_stalling_RNA_Splicing/Part4_Splicing_Analysis/data/motifs/CisBP_Human_All.meme	M00231_2.00	M00231_2.00	GACGACM	1.05e-8	5.09e-6	2.77e-3	487	460	460	5000	1.12	64	13.91	308	6.16
94	/Users/ranjithpapareddy/Desktop/Desktop-Ranjith-iMac/forGIT/UFMylation_Ribosome_stalling_RNA_Splicing/Part4_Splicing_Analysis/data/motifs/CisBP_Human_All.meme	M00805_2.00	RC3H1	CUAUG	8.41e-9	7.88e-6	4.29e-3	937	460	460	5000	2.79	30	6.52	84	1.68
95	/Users/ranjithpapareddy/Desktop/Desktop-Ranjith-iMac/forGIT/UFMylation_Ribosome_stalling_RNA_Splicing/Part4_Splicing_Analysis/data/motifs/CisBP_Human_All.meme	M00072_2.00	RBM4	GCGCGGG	3.16e-8	1.12e-5	6.10e-3	355	460	460	5000	1.36	52	11.30	231	4.62
96	/Users/ranjithpapareddy/Desktop/Desktop-Ranjith-iMac/forGIT/UFMylation_Ribosome_stalling_RNA_Splicing/Part4_Splicing_Analysis/data/motifs/CisBP_Human_All.meme	M00649_2.00	RBMY1D	NWGCUUMGUGCNN	1.43e-8	1.37e-5	7.47e-3	963	460	460	5000	1.69	73	15.87	379	7.58
97	/Users/ranjithpapareddy/Desktop/Desktop-Ranjith-iMac/forGIT/UFMylation_Ribosome_stalling_RNA_Splicing/Part4_Splicing_Analysis/data/motifs/CisBP_Human_All.meme	M00042_2.00	FXR2	GGACRRG	1.00e-8	1.49e-5	8.08e-3	1484	460	460	5000	2.25	65	14.13	315	6.30
98	/Users/ranjithpapareddy/Desktop/Desktop-Ranjith-iMac/forGIT/UFMylation_Ribosome_stalling_RNA_Splicing/Part4_Splicing_Analysis/data/motifs/CisBP_Human_All.meme	M00495_2.00	ENSG00000277564	GCAUG	7.33e-9	1.52e-5	8.26e-3	2072	460	460	5000	2.95	50	10.87	206	4.12
99	/Users/ranjithpapareddy/Desktop/Desktop-Ranjith-iMac/forGIT/UFMylation_Ribosome_stalling_RNA_Splicing/Part4_Splicing_Analysis/data/motifs/CisBP_Human_All.meme	M00268_2.00	PTBP2	CUYUUCU	4.03e-9	1.85e-5	1.00e-2	4584	460	460	5000	3.1	77	16.74	397	7.94
100	/Users/ranjithpapareddy/Desktop/Desktop-Ranjith-iMac/forGIT/UFMylation_Ribosome_stalling_RNA_Splicing/Part4_Splicing_Analysis/data/motifs/CisBP_Human_All.meme	M00181_2.00	ENSG00000277564	WGCAUGM	1.43e-8	2.66e-5	1.45e-2	1863	460	460	5000	10.4	17	3.70	25	0.50
101	/Users/ranjithpapareddy/Desktop/Desktop-Ranjith-iMac/forGIT/UFMylation_Ribosome_stalling_RNA_Splicing/Part4_Splicing_Analysis/data/motifs/CisBP_Human_All.meme	M00780_2.00	ENSG00000277564	GCAUG	1.44e-8	2.89e-5	1.57e-2	2004	460	460	5000	2.82	50	10.87	211	4.22
102	/Users/ranjithpapareddy/Desktop/Desktop-Ranjith-iMac/forGIT/UFMylation_Ribosome_stalling_RNA_Splicing/Part4_Splicing_Analysis/data/motifs/CisBP_Human_All.meme	M00781_2.00	ENSG00000277564	GCAUG	1.64e-8	3.26e-5	1.77e-2	1984	460	460	5000	2.78	50	10.87	212	4.24
103	/Users/ranjithpapareddy/Desktop/Desktop-Ranjith-iMac/forGIT/UFMylation_Ribosome_stalling_RNA_Splicing/Part4_Splicing_Analysis/data/motifs/CisBP_Human_All.meme	M00693_2.00	ZC3H6	GCUUGY	2.42e-8	4.17e-5	2.27e-2	1723	460	460	5000	1.52	68	14.78	346	6.92
104	/Users/ranjithpapareddy/Desktop/Desktop-Ranjith-iMac/forGIT/UFMylation_Ribosome_stalling_RNA_Splicing/Part4_Splicing_Analysis/data/motifs/CisBP_Human_All.meme	M00190_2.00	PSPC1	GURGUKU	1.71e-8	5.95e-5	3.23e-2	3474	460	460	5000	1.71	65	14.13	320	6.40
105	/Users/ranjithpapareddy/Desktop/Desktop-Ranjith-iMac/forGIT/UFMylation_Ribosome_stalling_RNA_Splicing/Part4_Splicing_Analysis/data/motifs/CisBP_Human_All.meme	M00253_2.00	EIF2S1	WGCAUGM	3.07e-8	6.53e-5	3.55e-2	2131	460	460	5000	4.75	28	6.09	79	1.58
106	/Users/ranjithpapareddy/Desktop/Desktop-Ranjith-iMac/forGIT/UFMylation_Ribosome_stalling_RNA_Splicing/Part4_Splicing_Analysis/data/motifs/CisBP_Human_All.meme	M00717_2.00	EIF4G2	GGUYGC	1.71e-7	9.70e-5	5.28e-2	566	460	460	5000	2.12	26	5.65	76	1.52
107	/Users/ranjithpapareddy/Desktop/Desktop-Ranjith-iMac/forGIT/UFMylation_Ribosome_stalling_RNA_Splicing/Part4_Splicing_Analysis/data/motifs/CisBP_Human_All.meme	M00018_2.00	RBM10	GGAAGGG	2.92e-8	9.77e-5	5.32e-2	3350	460	460	5000	3.4	116	25.22	745	14.90
108	/Users/ranjithpapareddy/Desktop/Desktop-Ranjith-iMac/forGIT/UFMylation_Ribosome_stalling_RNA_Splicing/Part4_Splicing_Analysis/data/motifs/CisBP_Human_All.meme	M00826_2.00	TRA2A	MNGAAGA	3.71e-8	1.39e-4	7.57e-2	3746	460	460	5000	3.73	25	5.43	64	1.28
109	/Users/ranjithpapareddy/Desktop/Desktop-Ranjith-iMac/forGIT/UFMylation_Ribosome_stalling_RNA_Splicing/Part4_Splicing_Analysis/data/motifs/CisBP_Human_All.meme	M00019_2.00	RBM10	GRAAGGG	5.09e-8	1.80e-4	9.81e-2	3539	460	460	5000	5.51	64	13.91	323	6.46
110	/Users/ranjithpapareddy/Desktop/Desktop-Ranjith-iMac/forGIT/UFMylation_Ribosome_stalling_RNA_Splicing/Part4_Splicing_Analysis/data/motifs/CisBP_Human_All.meme	M00786_2.00	RBM24	GUGUG	1.01e-7	2.68e-4	1.46e-1	2645	460	460	5000	2.29	76	16.52	424	8.48
111	/Users/ranjithpapareddy/Desktop/Desktop-Ranjith-iMac/forGIT/UFMylation_Ribosome_stalling_RNA_Splicing/Part4_Splicing_Analysis/data/motifs/CisBP_Human_All.meme	M00603_2.00	LARP7	GRUCGUGAUGY	6.54e-7	3.77e-4	2.05e-1	576	460	460	5000	1.63	50	10.87	243	4.86
112	/Users/ranjithpapareddy/Desktop/Desktop-Ranjith-iMac/forGIT/UFMylation_Ribosome_stalling_RNA_Splicing/Part4_Splicing_Analysis/data/motifs/CisBP_Human_All.meme	M00490_2.00	EIF4B	GGAA	1.05e-7	3.79e-4	2.06e-1	3625	460	460	5000	2.05	82	17.83	473	9.46
113	/Users/ranjithpapareddy/Desktop/Desktop-Ranjith-iMac/forGIT/UFMylation_Ribosome_stalling_RNA_Splicing/Part4_Splicing_Analysis/data/motifs/CisBP_Human_All.meme	M00745_2.00	HNRNPK	CACGC	7.23e-7	5.05e-4	2.75e-1	698	460	460	5000	3.19	29	6.30	101	2.02
114	/Users/ranjithpapareddy/Desktop/Desktop-Ranjith-iMac/forGIT/UFMylation_Ribosome_stalling_RNA_Splicing/Part4_Splicing_Analysis/data/motifs/CisBP_Human_All.meme	M00774_2.00	PTBP3	CUUUCU	1.20e-7	5.16e-4	2.80e-1	4283	460	460	5000	2.57	76	16.52	426	8.52
115	/Users/ranjithpapareddy/Desktop/Desktop-Ranjith-iMac/forGIT/UFMylation_Ribosome_stalling_RNA_Splicing/Part4_Splicing_Analysis/data/motifs/CisBP_Human_All.meme	M00791_2.00	RBM45	ACGCA	3.31e-6	7.93e-4	4.31e-1	240	460	460	5000	1.05	39	8.48	178	3.56
116	/Users/ranjithpapareddy/Desktop/Desktop-Ranjith-iMac/forGIT/UFMylation_Ribosome_stalling_RNA_Splicing/Part4_Splicing_Analysis/data/motifs/CisBP_Human_All.meme	M00140_2.00	ENSG00000277564	NUGCAUGV	6.43e-7	1.17e-3	6.37e-1	1821	460	460	5000	11.4	16	3.48	31	0.62
117	/Users/ranjithpapareddy/Desktop/Desktop-Ranjith-iMac/forGIT/UFMylation_Ribosome_stalling_RNA_Splicing/Part4_Splicing_Analysis/data/motifs/CisBP_Human_All.meme	M00809_2.00	PSPC1	UAGUG	9.74e-7	1.24e-3	6.77e-1	1278	460	460	5000	2.72	33	7.17	128	2.56
118	/Users/ranjithpapareddy/Desktop/Desktop-Ranjith-iMac/forGIT/UFMylation_Ribosome_stalling_RNA_Splicing/Part4_Splicing_Analysis/data/motifs/CisBP_Human_All.meme	M00210_2.00	PCBP3	HUUUCCCU	3.82e-7	1.30e-3	7.07e-1	3401	460	460	5000	3.82	55	11.96	275	5.50
119	/Users/ranjithpapareddy/Desktop/Desktop-Ranjith-iMac/forGIT/UFMylation_Ribosome_stalling_RNA_Splicing/Part4_Splicing_Analysis/data/motifs/CisBP_Human_All.meme	M00059_2.00	MBNL1	NGCUUGC	1.07e-6	1.36e-3	7.41e-1	1270	460	460	5000	4.28	20	4.35	52	1.04
120	/Users/ranjithpapareddy/Desktop/Desktop-Ranjith-iMac/forGIT/UFMylation_Ribosome_stalling_RNA_Splicing/Part4_Splicing_Analysis/data/motifs/CisBP_Human_All.meme	M00442_2.00	RBM38	GAGUGUG	4.76e-7	1.39e-3	7.56e-1	2921	460	460	5000	6.5	26	5.65	81	1.62
121	/Users/ranjithpapareddy/Desktop/Desktop-Ranjith-iMac/forGIT/UFMylation_Ribosome_stalling_RNA_Splicing/Part4_Splicing_Analysis/data/motifs/CisBP_Human_All.meme	M00386_2.00	M00386_2.00	RADCACR	1.15e-6	1.58e-3	8.60e-1	1375	460	460	5000	1.6	59	12.83	317	6.34
122	/Users/ranjithpapareddy/Desktop/Desktop-Ranjith-iMac/forGIT/UFMylation_Ribosome_stalling_RNA_Splicing/Part4_Splicing_Analysis/data/motifs/CisBP_Human_All.meme	M00685_2.00	ZC3H10	NGCGCAGCGUD	1.86e-5	1.58e-3	8.62e-1	85	460	460	5000	1.22	18	3.91	54	1.08
123	/Users/ranjithpapareddy/Desktop/Desktop-Ranjith-iMac/forGIT/UFMylation_Ribosome_stalling_RNA_Splicing/Part4_Splicing_Analysis/data/motifs/CisBP_Human_All.meme	M00657_2.00	RBPMS2	YAGGCACR	1.60e-6	3.34e-3	1.82e0	2092	460	460	5000	5.4	21	4.57	59	1.18
124	/Users/ranjithpapareddy/Desktop/Desktop-Ranjith-iMac/forGIT/UFMylation_Ribosome_stalling_RNA_Splicing/Part4_Splicing_Analysis/data/motifs/CisBP_Human_All.meme	M00623_2.00	ENSG00000277564	GCAUGKWGCAUG	2.50e-6	3.81e-3	2.07e0	1528	460	460	5000	4.85	35	7.61	148	2.96
125	/Users/ranjithpapareddy/Desktop/Desktop-Ranjith-iMac/forGIT/UFMylation_Ribosome_stalling_RNA_Splicing/Part4_Splicing_Analysis/data/motifs/CisBP_Human_All.meme	M00197_2.00	RBM24	WGUGUGA	1.68e-6	5.27e-3	2.87e0	3139	460	460	5000	3.82	61	13.26	337	6.74
126	/Users/ranjithpapareddy/Desktop/Desktop-Ranjith-iMac/forGIT/UFMylation_Ribosome_stalling_RNA_Splicing/Part4_Splicing_Analysis/data/motifs/CisBP_Human_All.meme	M00795_2.00	RBM4	GCGCGU	2.52e-5	5.46e-3	2.97e0	217	460	460	5000	1.24	29	6.30	125	2.50
127	/Users/ranjithpapareddy/Desktop/Desktop-Ranjith-iMac/forGIT/UFMylation_Ribosome_stalling_RNA_Splicing/Part4_Splicing_Analysis/data/motifs/CisBP_Human_All.meme	M00711_2.00	CNOT4	ACACAG	1.75e-6	6.59e-3	3.58e0	3777	460	460	5000	3.26	49	10.65	245	4.90
128	/Users/ranjithpapareddy/Desktop/Desktop-Ranjith-iMac/forGIT/UFMylation_Ribosome_stalling_RNA_Splicing/Part4_Splicing_Analysis/data/motifs/CisBP_Human_All.meme	M00075_2.00	RBM5	GAAGGAA	3.13e-6	1.09e-2	5.91e0	3488	460	460	5000	6.1	42	9.13	199	3.98
129	/Users/ranjithpapareddy/Desktop/Desktop-Ranjith-iMac/forGIT/UFMylation_Ribosome_stalling_RNA_Splicing/Part4_Splicing_Analysis/data/motifs/CisBP_Human_All.meme	M00784_2.00	RBM22	ACCGG	5.68e-5	1.20e-2	6.51e0	212	460	460	5000	1.02	35	7.61	175	3.50
130	/Users/ranjithpapareddy/Desktop/Desktop-Ranjith-iMac/forGIT/UFMylation_Ribosome_stalling_RNA_Splicing/Part4_Splicing_Analysis/data/motifs/CisBP_Human_All.meme	M00142_2.00	CPEB3	KUUUGKG	4.17e-6	1.47e-2	7.98e0	3543	460	460	5000	4.02	39	8.48	180	3.60
131	/Users/ranjithpapareddy/Desktop/Desktop-Ranjith-iMac/forGIT/UFMylation_Ribosome_stalling_RNA_Splicing/Part4_Splicing_Analysis/data/motifs/CisBP_Human_All.meme	M00496_2.00	ENSG00000277564	UGCAUG	8.64e-6	1.51e-2	8.22e0	1763	460	460	5000	12.3	15	3.26	35	0.70
132	/Users/ranjithpapareddy/Desktop/Desktop-Ranjith-iMac/forGIT/UFMylation_Ribosome_stalling_RNA_Splicing/Part4_Splicing_Analysis/data/motifs/CisBP_Human_All.meme	M00792_2.00	RBM45	ACKAC	7.65e-5	1.70e-2	9.25e0	224	460	460	5000	1.35	23	5.00	93	1.86
133	/Users/ranjithpapareddy/Desktop/Desktop-Ranjith-iMac/forGIT/UFMylation_Ribosome_stalling_RNA_Splicing/Part4_Splicing_Analysis/data/motifs/CisBP_Human_All.meme	M00770_2.00	PCBP3	GUCGG	8.03e-5	1.92e-2	1.05e1	242	460	460	5000	1.76	24	5.22	100	2.00
134	/Users/ranjithpapareddy/Desktop/Desktop-Ranjith-iMac/forGIT/UFMylation_Ribosome_stalling_RNA_Splicing/Part4_Splicing_Analysis/data/motifs/CisBP_Human_All.meme	M00094_2.00	SRSF9	AGGAGCA	4.81e-6	1.93e-2	1.05e1	4059	460	460	5000	2.76	72	15.65	440	8.80
135	/Users/ranjithpapareddy/Desktop/Desktop-Ranjith-iMac/forGIT/UFMylation_Ribosome_stalling_RNA_Splicing/Part4_Splicing_Analysis/data/motifs/CisBP_Human_All.meme	M00043_2.00	G3BP2	AGGAURA	8.31e-6	2.10e-2	1.14e1	2558	460	460	5000	5.78	21	4.57	67	1.34
136	/Users/ranjithpapareddy/Desktop/Desktop-Ranjith-iMac/forGIT/UFMylation_Ribosome_stalling_RNA_Splicing/Part4_Splicing_Analysis/data/motifs/CisBP_Human_All.meme	M00285_2.00	M00285_2.00	MKUGCGW	2.13e-4	2.58e-2	1.40e1	123	460	460	5000	1.25	19	4.13	74	1.48
137	/Users/ranjithpapareddy/Desktop/Desktop-Ranjith-iMac/forGIT/UFMylation_Ribosome_stalling_RNA_Splicing/Part4_Splicing_Analysis/data/motifs/CisBP_Human_All.meme	M00058_2.00	MATR3	MAUCUUG	1.13e-5	2.65e-2	1.44e1	2378	460	460	5000	5.89	15	3.26	36	0.72
138	/Users/ranjithpapareddy/Desktop/Desktop-Ranjith-iMac/forGIT/UFMylation_Ribosome_stalling_RNA_Splicing/Part4_Splicing_Analysis/data/motifs/CisBP_Human_All.meme	M00632_2.00	RBM42	CGGGGURUGY	8.88e-5	2.66e-2	1.45e1	304	460	460	5000	11.5	13	2.83	34	0.68
139	/Users/ranjithpapareddy/Desktop/Desktop-Ranjith-iMac/forGIT/UFMylation_Ribosome_stalling_RNA_Splicing/Part4_Splicing_Analysis/data/motifs/CisBP_Human_All.meme	M00448_2.00	M00448_2.00	AACAUC	1.42e-5	2.92e-2	1.59e1	2094	460	460	5000	4.57	20	4.35	64	1.28
140	/Users/ranjithpapareddy/Desktop/Desktop-Ranjith-iMac/forGIT/UFMylation_Ribosome_stalling_RNA_Splicing/Part4_Splicing_Analysis/data/motifs/CisBP_Human_All.meme	M00757_2.00	MBNL1	UGCUA	2.28e-5	3.01e-2	1.64e1	1340	460	460	5000	2.75	32	6.96	145	2.90
141	/Users/ranjithpapareddy/Desktop/Desktop-Ranjith-iMac/forGIT/UFMylation_Ribosome_stalling_RNA_Splicing/Part4_Splicing_Analysis/data/motifs/CisBP_Human_All.meme	M00761_2.00	NOVA1	AUCAC	1.54e-5	3.22e-2	1.75e1	2121	460	460	5000	3.35	30	6.52	128	2.56
142	/Users/ranjithpapareddy/Desktop/Desktop-Ranjith-iMac/forGIT/UFMylation_Ribosome_stalling_RNA_Splicing/Part4_Splicing_Analysis/data/motifs/CisBP_Human_All.meme	M00015_2.00	SERBP1	RCGCGCG	2.31e-4	3.85e-2	2.09e1	170	460	460	5000	1.05	28	6.09	137	2.74
143	/Users/ranjithpapareddy/Desktop/Desktop-Ranjith-iMac/forGIT/UFMylation_Ribosome_stalling_RNA_Splicing/Part4_Splicing_Analysis/data/motifs/CisBP_Human_All.meme	M00550_2.00	SRSF2	AGSAGAGUW	1.38e-5	3.94e-2	2.14e1	2903	460	460	5000	10.9	24	5.22	88	1.76
144	/Users/ranjithpapareddy/Desktop/Desktop-Ranjith-iMac/forGIT/UFMylation_Ribosome_stalling_RNA_Splicing/Part4_Splicing_Analysis/data/motifs/CisBP_Human_All.meme	M00452_2.00	M00452_2.00	AACAUC	2.29e-5	4.20e-2	2.28e1	1875	460	460	5000	5.3	18	3.91	55	1.10
145	/Users/ranjithpapareddy/Desktop/Desktop-Ranjith-iMac/forGIT/UFMylation_Ribosome_stalling_RNA_Splicing/Part4_Splicing_Analysis/data/motifs/CisBP_Human_All.meme	M00038_2.00	FMR1	GGACARG	2.30e-5	4.48e-2	2.44e1	1993	460	460	5000	3.92	43	9.35	226	4.52
146	/Users/ranjithpapareddy/Desktop/Desktop-Ranjith-iMac/forGIT/UFMylation_Ribosome_stalling_RNA_Splicing/Part4_Splicing_Analysis/data/motifs/CisBP_Human_All.meme	M00759_2.00	MSI1	UAGMA	1.81e-5	4.91e-2	2.67e1	2782	460	460	5000	4.96	16	3.48	43	0.86
147	/Users/ranjithpapareddy/Desktop/Desktop-Ranjith-iMac/forGIT/UFMylation_Ribosome_stalling_RNA_Splicing/Part4_Splicing_Analysis/data/motifs/CisBP_Human_All.meme	M00250_2.00	PTBP1	ACUUUCU	1.30e-5	5.21e-2	2.83e1	4102	460	460	5000	4.81	38	8.26	183	3.66
148	/Users/ranjithpapareddy/Desktop/Desktop-Ranjith-iMac/forGIT/UFMylation_Ribosome_stalling_RNA_Splicing/Part4_Splicing_Analysis/data/motifs/CisBP_Human_All.meme	M00040_2.00	FUS	UGCGCGC	3.15e-4	5.42e-2	2.95e1	177	460	460	5000	1.07	28	6.09	140	2.80
149	/Users/ranjithpapareddy/Desktop/Desktop-Ranjith-iMac/forGIT/UFMylation_Ribosome_stalling_RNA_Splicing/Part4_Splicing_Analysis/data/motifs/CisBP_Human_All.meme	M00262_2.00	M00262_2.00	GWGUGUGD	2.08e-5	5.59e-2	3.04e1	2767	460	460	5000	9.47	25	5.43	97	1.94
150	/Users/ranjithpapareddy/Desktop/Desktop-Ranjith-iMac/forGIT/UFMylation_Ribosome_stalling_RNA_Splicing/Part4_Splicing_Analysis/data/motifs/CisBP_Human_All.meme	M00768_2.00	PCBP2	AACCC	3.27e-5	6.49e-2	3.53e1	2053	460	460	5000	4.52	31	6.74	141	2.82
151	/Users/ranjithpapareddy/Desktop/Desktop-Ranjith-iMac/forGIT/UFMylation_Ribosome_stalling_RNA_Splicing/Part4_Splicing_Analysis/data/motifs/CisBP_Human_All.meme	M00459_2.00	SF3B4	GUGUGA	3.57e-5	7.22e-2	3.93e1	2101	460	460	5000	3.99	33	7.17	156	3.12
152	/Users/ranjithpapareddy/Desktop/Desktop-Ranjith-iMac/forGIT/UFMylation_Ribosome_stalling_RNA_Splicing/Part4_Splicing_Analysis/data/motifs/CisBP_Human_All.meme	M00264_2.00	SYNCRIP	CCAAAUU	2.32e-5	8.24e-2	4.48e1	3700	460	460	5000	18.6	5	1.09	1	0.02
153	/Users/ranjithpapareddy/Desktop/Desktop-Ranjith-iMac/forGIT/UFMylation_Ribosome_stalling_RNA_Splicing/Part4_Splicing_Analysis/data/motifs/CisBP_Human_All.meme	M13110_2.00	AC009690.3	GUGUUKKK	2.90e-5	8.84e-2	4.81e1	3186	460	460	5000	3.41	31	6.74	140	2.80
154	/Users/ranjithpapareddy/Desktop/Desktop-Ranjith-iMac/forGIT/UFMylation_Ribosome_stalling_RNA_Splicing/Part4_Splicing_Analysis/data/motifs/CisBP_Human_All.meme	M00438_2.00	M00438_2.00	GWGUGUGD	4.25e-5	1.18e-1	6.44e1	2961	460	460	5000	7.94	25	5.43	102	2.04
155	/Users/ranjithpapareddy/Desktop/Desktop-Ranjith-iMac/forGIT/UFMylation_Ribosome_stalling_RNA_Splicing/Part4_Splicing_Analysis/data/motifs/CisBP_Human_All.meme	M00523_2.00	NOVA2	DSVUNMVCUUCACMCC	5.78e-4	1.19e-1	6.47e1	219	460	460	5000	122	6	1.30	8	0.16
156	/Users/ranjithpapareddy/Desktop/Desktop-Ranjith-iMac/forGIT/UFMylation_Ribosome_stalling_RNA_Splicing/Part4_Splicing_Analysis/data/motifs/CisBP_Human_All.meme	M00249_2.00	PTBP1	CUUUUCU	3.51e-5	1.39e-1	7.56e1	4266	460	460	5000	9.82	20	4.35	69	1.38
157	/Users/ranjithpapareddy/Desktop/Desktop-Ranjith-iMac/forGIT/UFMylation_Ribosome_stalling_RNA_Splicing/Part4_Splicing_Analysis/data/motifs/CisBP_Human_All.meme	M00726_2.00	FUBP1	UAUGUAU	5.39e-5	1.47e-1	8.01e1	2958	460	460	5000	6.58	13	2.83	32	0.64
158	/Users/ranjithpapareddy/Desktop/Desktop-Ranjith-iMac/forGIT/UFMylation_Ribosome_stalling_RNA_Splicing/Part4_Splicing_Analysis/data/motifs/CisBP_Human_All.meme	M00192_2.00	M00192_2.00	UGUGUGA	6.12e-5	1.60e-1	8.69e1	2845	460	460	5000	8.06	24	5.22	98	1.96
159	/Users/ranjithpapareddy/Desktop/Desktop-Ranjith-iMac/forGIT/UFMylation_Ribosome_stalling_RNA_Splicing/Part4_Splicing_Analysis/data/motifs/CisBP_Human_All.meme	M00740_2.00	HNRNPDL	UAAAA	5.34e-5	1.76e-1	9.56e1	3618	460	460	5000	14.6	10	2.17	18	0.36
160	/Users/ranjithpapareddy/Desktop/Desktop-Ranjith-iMac/forGIT/UFMylation_Ribosome_stalling_RNA_Splicing/Part4_Splicing_Analysis/data/motifs/CisBP_Human_All.meme	M13119_2.00	MATR3	MAUCUUGB	9.08e-5	1.80e-1	9.81e1	2191	460	460	5000	6.96	12	2.61	29	0.58
161	/Users/ranjithpapareddy/Desktop/Desktop-Ranjith-iMac/forGIT/UFMylation_Ribosome_stalling_RNA_Splicing/Part4_Splicing_Analysis/data/motifs/CisBP_Human_All.meme	M00627_2.00	RBM14	KGCGUCG	2.15e-3	1.83e-1	9.95e1	94	460	460	5000	1.09	16	3.48	71	1.42
162	/Users/ranjithpapareddy/Desktop/Desktop-Ranjith-iMac/forGIT/UFMylation_Ribosome_stalling_RNA_Splicing/Part4_Splicing_Analysis/data/motifs/CisBP_Human_All.meme	M00122_2.00	M00122_2.00	UGUAMAK	8.41e-5	1.90e-1	1.03e2	2499	460	460	5000	5.75	17	3.70	56	1.12
163	/Users/ranjithpapareddy/Desktop/Desktop-Ranjith-iMac/forGIT/UFMylation_Ribosome_stalling_RNA_Splicing/Part4_Splicing_Analysis/data/motifs/CisBP_Human_All.meme	M00444_2.00	RBMY1D	CUCAA	7.10e-5	1.91e-1	1.04e2	2984	460	460	5000	4.23	18	3.91	61	1.22
164	/Users/ranjithpapareddy/Desktop/Desktop-Ranjith-iMac/forGIT/UFMylation_Ribosome_stalling_RNA_Splicing/Part4_Splicing_Analysis/data/motifs/CisBP_Human_All.meme	M00162_2.00	ENOX2	MAGACAG	8.20e-5	2.06e-1	1.12e2	2807	460	460	5000	11	9	1.96	15	0.30
165	/Users/ranjithpapareddy/Desktop/Desktop-Ranjith-iMac/forGIT/UFMylation_Ribosome_stalling_RNA_Splicing/Part4_Splicing_Analysis/data/motifs/CisBP_Human_All.meme	M13019_2.00	PSPC1	DGURGKKU	9.45e-5	2.20e-1	1.20e2	2636	460	460	5000	1.92	58	12.61	365	7.30
166	/Users/ranjithpapareddy/Desktop/Desktop-Ranjith-iMac/forGIT/UFMylation_Ribosome_stalling_RNA_Splicing/Part4_Splicing_Analysis/data/motifs/CisBP_Human_All.meme	M00484_2.00	M00484_2.00	UGUA	1.11e-4	2.59e-1	1.41e2	2712	460	460	5000	2	46	10.00	268	5.36
167	/Users/ranjithpapareddy/Desktop/Desktop-Ranjith-iMac/forGIT/UFMylation_Ribosome_stalling_RNA_Splicing/Part4_Splicing_Analysis/data/motifs/CisBP_Human_All.meme	M00783_2.00	RBM15B	UUUAA	9.85e-5	2.84e-1	1.54e2	3390	460	460	5000	10.1	16	3.48	51	1.02
168	/Users/ranjithpapareddy/Desktop/Desktop-Ranjith-iMac/forGIT/UFMylation_Ribosome_stalling_RNA_Splicing/Part4_Splicing_Analysis/data/motifs/CisBP_Human_All.meme	M00093_2.00	SRSF7	GACGACGR	7.34e-3	2.98e-1	1.62e2	48	460	460	5000	1.42	8	1.74	27	0.54
169	/Users/ranjithpapareddy/Desktop/Desktop-Ranjith-iMac/forGIT/UFMylation_Ribosome_stalling_RNA_Splicing/Part4_Splicing_Analysis/data/motifs/CisBP_Human_All.meme	M00139_2.00	M00139_2.00	GUGGUGU	1.67e-4	3.45e-1	1.88e2	2534	460	460	5000	3.17	49	10.65	298	5.96
170	/Users/ranjithpapareddy/Desktop/Desktop-Ranjith-iMac/forGIT/UFMylation_Ribosome_stalling_RNA_Splicing/Part4_Splicing_Analysis/data/motifs/CisBP_Human_All.meme	M00120_2.00	M00120_2.00	UGUAYAK	2.05e-4	3.46e-1	1.88e2	2077	460	460	5000	6.59	16	3.48	55	1.10
171	/Users/ranjithpapareddy/Desktop/Desktop-Ranjith-iMac/forGIT/UFMylation_Ribosome_stalling_RNA_Splicing/Part4_Splicing_Analysis/data/motifs/CisBP_Human_All.meme	M00057_2.00	LIN28B	HGGAGAA	1.35e-4	3.56e-1	1.94e2	3269	460	460	5000	6.3	19	4.13	71	1.42
172	/Users/ranjithpapareddy/Desktop/Desktop-Ranjith-iMac/forGIT/UFMylation_Ribosome_stalling_RNA_Splicing/Part4_Splicing_Analysis/data/motifs/CisBP_Human_All.meme	M00760_2.00	NOVA1	HUCAUAH	1.65e-4	3.66e-1	1.99e2	2763	460	460	5000	2.38	18	3.91	66	1.32
173	/Users/ranjithpapareddy/Desktop/Desktop-Ranjith-iMac/forGIT/UFMylation_Ribosome_stalling_RNA_Splicing/Part4_Splicing_Analysis/data/motifs/CisBP_Human_All.meme	M00469_2.00	HNRNPA1	UAGGGW	2.81e-4	3.67e-1	2.00e2	1628	460	460	5000	4.58	23	5.00	103	2.06
174	/Users/ranjithpapareddy/Desktop/Desktop-Ranjith-iMac/forGIT/UFMylation_Ribosome_stalling_RNA_Splicing/Part4_Splicing_Analysis/data/motifs/CisBP_Human_All.meme	M00686_2.00	ZC3H12A	YUUGCCAWAGUGU	2.84e-4	4.07e-1	2.21e2	1840	460	460	5000	7.56	19	4.13	76	1.52
175	/Users/ranjithpapareddy/Desktop/Desktop-Ranjith-iMac/forGIT/UFMylation_Ribosome_stalling_RNA_Splicing/Part4_Splicing_Analysis/data/motifs/CisBP_Human_All.meme	M00626_2.00	RBM14	KGKUGSGUCG	2.45e-3	4.11e-1	2.23e2	216	460	460	5000	1.09	29	6.30	171	3.42
176	/Users/ranjithpapareddy/Desktop/Desktop-Ranjith-iMac/forGIT/UFMylation_Ribosome_stalling_RNA_Splicing/Part4_Splicing_Analysis/data/motifs/CisBP_Human_All.meme	M00169_2.00	CNOT4	GACAGAN	1.71e-4	4.16e-1	2.26e2	3133	460	460	5000	10.1	16	3.48	54	1.08
177	/Users/ranjithpapareddy/Desktop/Desktop-Ranjith-iMac/forGIT/UFMylation_Ribosome_stalling_RNA_Splicing/Part4_Splicing_Analysis/data/motifs/CisBP_Human_All.meme	M13103_2.00	AP002990.1	CGAUACUDN	5.69e-4	4.17e-1	2.27e2	949	460	460	5000	3.15	12	2.61	37	0.74
178	/Users/ranjithpapareddy/Desktop/Desktop-Ranjith-iMac/forGIT/UFMylation_Ribosome_stalling_RNA_Splicing/Part4_Splicing_Analysis/data/motifs/CisBP_Human_All.meme	M00091_2.00	SNRPA	UUGCACA	4.01e-4	4.56e-1	2.48e2	1517	460	460	5000	4.46	23	5.00	106	2.12
179	/Users/ranjithpapareddy/Desktop/Desktop-Ranjith-iMac/forGIT/UFMylation_Ribosome_stalling_RNA_Splicing/Part4_Splicing_Analysis/data/motifs/CisBP_Human_All.meme	M00546_2.00	SNRPA	AGGAGAU	2.63e-4	4.88e-1	2.66e2	2546	460	460	5000	5.93	18	3.91	69	1.38
180	/Users/ranjithpapareddy/Desktop/Desktop-Ranjith-iMac/forGIT/UFMylation_Ribosome_stalling_RNA_Splicing/Part4_Splicing_Analysis/data/motifs/CisBP_Human_All.meme	M00797_2.00	RBM47	UGAUU	2.65e-4	4.93e-1	2.68e2	2564	460	460	5000	9.53	7	1.52	10	0.20
181	/Users/ranjithpapareddy/Desktop/Desktop-Ranjith-iMac/forGIT/UFMylation_Ribosome_stalling_RNA_Splicing/Part4_Splicing_Analysis/data/motifs/CisBP_Human_All.meme	M00223_2.00	SF3B4	WUUUUUU	1.88e-4	5.08e-1	2.77e2	3781	460	460	5000	42.9	5	1.09	3	0.06
182	/Users/ranjithpapareddy/Desktop/Desktop-Ranjith-iMac/forGIT/UFMylation_Ribosome_stalling_RNA_Splicing/Part4_Splicing_Analysis/data/motifs/CisBP_Human_All.meme	M00664_2.00	RC3H2	GNCUYRUAUYRAGNB	1.91e-3	5.44e-1	2.96e2	410	460	460	5000	6.3	6	1.30	11	0.22
183	/Users/ranjithpapareddy/Desktop/Desktop-Ranjith-iMac/forGIT/UFMylation_Ribosome_stalling_RNA_Splicing/Part4_Splicing_Analysis/data/motifs/CisBP_Human_All.meme	M00773_2.00	ENSG00000238104	AUGAA	2.78e-4	5.65e-1	3.07e2	2986	460	460	5000	5.87	22	4.78	96	1.92
184	/Users/ranjithpapareddy/Desktop/Desktop-Ranjith-iMac/forGIT/UFMylation_Ribosome_stalling_RNA_Splicing/Part4_Splicing_Analysis/data/motifs/CisBP_Human_All.meme	M00046_2.00	HNRNPA2B1	DUAGGGA	4.45e-4	5.98e-1	3.25e2	2045	460	460	5000	1.93	88	19.13	661	13.22
185	/Users/ranjithpapareddy/Desktop/Desktop-Ranjith-iMac/forGIT/UFMylation_Ribosome_stalling_RNA_Splicing/Part4_Splicing_Analysis/data/motifs/CisBP_Human_All.meme	M00024_2.00	ANKHD1-EIF4EBP3	AGACGUW	4.45e-3	6.05e-1	3.29e2	209	460	460	5000	9.12	4	0.87	5	0.10
186	/Users/ranjithpapareddy/Desktop/Desktop-Ranjith-iMac/forGIT/UFMylation_Ribosome_stalling_RNA_Splicing/Part4_Splicing_Analysis/data/motifs/CisBP_Human_All.meme	M13102_2.00	ANKHD1-EIF4EBP3	AGACGUW	4.45e-3	6.07e-1	3.30e2	210	460	460	5000	9.32	4	0.87	5	0.10
187	/Users/ranjithpapareddy/Desktop/Desktop-Ranjith-iMac/forGIT/UFMylation_Ribosome_stalling_RNA_Splicing/Part4_Splicing_Analysis/data/motifs/CisBP_Human_All.meme	M13031_2.00	ANKRD17	AGACGUW	4.45e-3	6.07e-1	3.30e2	210	460	460	5000	9.32	4	0.87	5	0.10
188	/Users/ranjithpapareddy/Desktop/Desktop-Ranjith-iMac/forGIT/UFMylation_Ribosome_stalling_RNA_Splicing/Part4_Splicing_Analysis/data/motifs/CisBP_Human_All.meme	M00680_2.00	YBX1	DUAACAUCGGG	2.31e-3	6.21e-1	3.38e2	420	460	460	5000	2.04	23	5.00	123	2.46
189	/Users/ranjithpapareddy/Desktop/Desktop-Ranjith-iMac/forGIT/UFMylation_Ribosome_stalling_RNA_Splicing/Part4_Splicing_Analysis/data/motifs/CisBP_Human_All.meme	M00312_2.00	M00312_2.00	UUGCACR	7.09e-4	6.36e-1	3.46e2	1424	460	460	5000	6.67	10	2.17	27	0.54
190	/Users/ranjithpapareddy/Desktop/Desktop-Ranjith-iMac/forGIT/UFMylation_Ribosome_stalling_RNA_Splicing/Part4_Splicing_Analysis/data/motifs/CisBP_Human_All.meme	M13070_2.00	ENOX2	MRGACAGA	3.32e-4	6.73e-1	3.66e2	3365	460	460	5000	8.6	13	2.83	40	0.80
191	/Users/ranjithpapareddy/Desktop/Desktop-Ranjith-iMac/forGIT/UFMylation_Ribosome_stalling_RNA_Splicing/Part4_Splicing_Analysis/data/motifs/CisBP_Human_All.meme	M13101_2.00	MEX3A	AGAGWWW	3.53e-4	6.84e-1	3.72e2	3262	460	460	5000	5.28	24	5.22	112	2.24
192	/Users/ranjithpapareddy/Desktop/Desktop-Ranjith-iMac/forGIT/UFMylation_Ribosome_stalling_RNA_Splicing/Part4_Splicing_Analysis/data/motifs/CisBP_Human_All.meme	M00108_2.00	SRSF10	AGAGARR	2.74e-4	6.91e-1	3.76e2	4281	460	460	5000	5.41	57	12.39	373	7.46
193	/Users/ranjithpapareddy/Desktop/Desktop-Ranjith-iMac/forGIT/UFMylation_Ribosome_stalling_RNA_Splicing/Part4_Splicing_Analysis/data/motifs/CisBP_Human_All.meme	M00170_2.00	BCL2L2-PABPN1	AGAAGAN	3.47e-4	7.34e-1	3.99e2	3810	460	460	5000	12.3	15	3.26	52	1.04
194	/Users/ranjithpapareddy/Desktop/Desktop-Ranjith-iMac/forGIT/UFMylation_Ribosome_stalling_RNA_Splicing/Part4_Splicing_Analysis/data/motifs/CisBP_Human_All.meme	M00636_2.00	RBM4	KUGAUUD	5.19e-4	7.46e-1	4.06e2	2638	460	460	5000	3.77	11	2.39	31	0.62
195	/Users/ranjithpapareddy/Desktop/Desktop-Ranjith-iMac/forGIT/UFMylation_Ribosome_stalling_RNA_Splicing/Part4_Splicing_Analysis/data/motifs/CisBP_Human_All.meme	M00096_2.00	AL109811.4	DGAAUGAD	5.23e-4	7.48e-1	4.07e2	2635	460	460	5000	13.1	8	1.74	16	0.32
196	/Users/ranjithpapareddy/Desktop/Desktop-Ranjith-iMac/forGIT/UFMylation_Ribosome_stalling_RNA_Splicing/Part4_Splicing_Analysis/data/motifs/CisBP_Human_All.meme	M00067_2.00	M00067_2.00	UGUACAK	6.71e-4	7.72e-1	4.20e2	2203	460	460	5000	7.23	15	3.26	56	1.12
197	/Users/ranjithpapareddy/Desktop/Desktop-Ranjith-iMac/forGIT/UFMylation_Ribosome_stalling_RNA_Splicing/Part4_Splicing_Analysis/data/motifs/CisBP_Human_All.meme	M00119_2.00	M00119_2.00	UGUACAK	7.06e-4	7.91e-1	4.30e2	2218	460	460	5000	4.39	29	6.30	156	3.12
198	/Users/ranjithpapareddy/Desktop/Desktop-Ranjith-iMac/forGIT/UFMylation_Ribosome_stalling_RNA_Splicing/Part4_Splicing_Analysis/data/motifs/CisBP_Human_All.meme	M00700_2.00	ZFR	GUGACGGAUG	7.08e-3	8.05e-1	4.38e2	231	460	460	5000	173	2	0.43	0	0.00
199	/Users/ranjithpapareddy/Desktop/Desktop-Ranjith-iMac/forGIT/UFMylation_Ribosome_stalling_RNA_Splicing/Part4_Splicing_Analysis/data/motifs/CisBP_Human_All.meme	M00488_2.00	EIF4B	GUHGGAA	1.00e-3	8.36e-1	4.55e2	1805	460	460	5000	2.16	45	9.78	291	5.82
200	/Users/ranjithpapareddy/Desktop/Desktop-Ranjith-iMac/forGIT/UFMylation_Ribosome_stalling_RNA_Splicing/Part4_Splicing_Analysis/data/motifs/CisBP_Human_All.meme	M00655_2.00	RBMY1D	NNGCGUCGUGGSVN	2.45e-3	8.42e-1	4.58e2	754	460	460	5000	3.31	22	4.78	116	2.32
201	/Users/ranjithpapareddy/Desktop/Desktop-Ranjith-iMac/forGIT/UFMylation_Ribosome_stalling_RNA_Splicing/Part4_Splicing_Analysis/data/motifs/CisBP_Human_All.meme	M00634_2.00	RBM4B	NBBBDKGUUGCGCGGGGBSBS	3.21e-2	8.44e-1	4.59e2	57	460	460	5000	1.36	8	1.74	37	0.74
202	/Users/ranjithpapareddy/Desktop/Desktop-Ranjith-iMac/forGIT/UFMylation_Ribosome_stalling_RNA_Splicing/Part4_Splicing_Analysis/data/motifs/CisBP_Human_All.meme	M00807_2.00	SF1	UAAUC	1.01e-3	8.49e-1	4.62e2	1876	460	460	5000	4.82	12	2.61	40	0.80
203	/Users/ranjithpapareddy/Desktop/Desktop-Ranjith-iMac/forGIT/UFMylation_Ribosome_stalling_RNA_Splicing/Part4_Splicing_Analysis/data/motifs/CisBP_Human_All.meme	M00669_2.00	SART3	DGUUAGCRK	2.65e-3	8.53e-1	4.64e2	723	460	460	5000	11.2	8	1.74	22	0.44
204	/Users/ranjithpapareddy/Desktop/Desktop-Ranjith-iMac/forGIT/UFMylation_Ribosome_stalling_RNA_Splicing/Part4_Splicing_Analysis/data/motifs/CisBP_Human_All.meme	M00104_2.00	YBX2	AACAWCD	1.01e-3	8.58e-1	4.67e2	1934	460	460	5000	5.72	12	2.61	40	0.80
205	/Users/ranjithpapareddy/Desktop/Desktop-Ranjith-iMac/forGIT/UFMylation_Ribosome_stalling_RNA_Splicing/Part4_Splicing_Analysis/data/motifs/CisBP_Human_All.meme	M00746_2.00	HNRNPL	YACAYA	6.57e-4	8.58e-1	4.67e2	2974	460	460	5000	2.54	50	10.87	327	6.54
206	/Users/ranjithpapareddy/Desktop/Desktop-Ranjith-iMac/forGIT/UFMylation_Ribosome_stalling_RNA_Splicing/Part4_Splicing_Analysis/data/motifs/CisBP_Human_All.meme	M00808_2.00	PSPC1	WGUAAK	7.72e-4	8.64e-1	4.70e2	2580	460	460	5000	2.65	29	6.30	157	3.14
207	/Users/ranjithpapareddy/Desktop/Desktop-Ranjith-iMac/forGIT/UFMylation_Ribosome_stalling_RNA_Splicing/Part4_Splicing_Analysis/data/motifs/CisBP_Human_All.meme	M00121_2.00	M00121_2.00	UGUAMAK	8.07e-4	8.64e-1	4.70e2	2470	460	460	5000	4.9	18	3.91	77	1.54
208	/Users/ranjithpapareddy/Desktop/Desktop-Ranjith-iMac/forGIT/UFMylation_Ribosome_stalling_RNA_Splicing/Part4_Splicing_Analysis/data/motifs/CisBP_Human_All.meme	M00329_2.00	M00329_2.00	AWGACAA	5.76e-4	8.70e-1	4.73e2	3543	460	460	5000	3.8	21	4.57	95	1.90
209	/Users/ranjithpapareddy/Desktop/Desktop-Ranjith-iMac/forGIT/UFMylation_Ribosome_stalling_RNA_Splicing/Part4_Splicing_Analysis/data/motifs/CisBP_Human_All.meme	M00604_2.00	MCM3AP	CGCCAGUGCG	8.18e-2	8.71e-1	4.74e2	24	460	460	5000	1.75	4	0.87	16	0.32
210	/Users/ranjithpapareddy/Desktop/Desktop-Ranjith-iMac/forGIT/UFMylation_Ribosome_stalling_RNA_Splicing/Part4_Splicing_Analysis/data/motifs/CisBP_Human_All.meme	M00256_2.00	M00256_2.00	GAUGAWN	1.00e-3	8.88e-1	4.83e2	2186	460	460	5000	5.2	13	2.83	46	0.92
211	/Users/ranjithpapareddy/Desktop/Desktop-Ranjith-iMac/forGIT/UFMylation_Ribosome_stalling_RNA_Splicing/Part4_Splicing_Analysis/data/motifs/CisBP_Human_All.meme	M00158_2.00	M00158_2.00	WUUGCACD	1.68e-3	9.24e-1	5.03e2	1534	460	460	5000	7.01	10	2.17	31	0.62
212	/Users/ranjithpapareddy/Desktop/Desktop-Ranjith-iMac/forGIT/UFMylation_Ribosome_stalling_RNA_Splicing/Part4_Splicing_Analysis/data/motifs/CisBP_Human_All.meme	M00831_2.00	ZCRB1	HUUAAW	8.91e-4	9.43e-1	5.13e2	3214	460	460	5000	5.43	17	3.70	71	1.42
213	/Users/ranjithpapareddy/Desktop/Desktop-Ranjith-iMac/forGIT/UFMylation_Ribosome_stalling_RNA_Splicing/Part4_Splicing_Analysis/data/motifs/CisBP_Human_All.meme	M00133_2.00	YBX1	AACAUCA	1.74e-3	9.43e-1	5.13e2	1652	460	460	5000	4.84	21	4.57	105	2.10
214	/Users/ranjithpapareddy/Desktop/Desktop-Ranjith-iMac/forGIT/UFMylation_Ribosome_stalling_RNA_Splicing/Part4_Splicing_Analysis/data/motifs/CisBP_Human_All.meme	M00715_2.00	DAZ2	ACGUUU	1.49e-2	9.46e-1	5.15e2	196	460	460	5000	1.52	15	3.26	82	1.64
215	/Users/ranjithpapareddy/Desktop/Desktop-Ranjith-iMac/forGIT/UFMylation_Ribosome_stalling_RNA_Splicing/Part4_Splicing_Analysis/data/motifs/CisBP_Human_All.meme	M00430_2.00	AL109811.4	UGAAUGA	1.19e-3	9.46e-1	5.15e2	2463	460	460	5000	10.4	11	2.39	35	0.70
216	/Users/ranjithpapareddy/Desktop/Desktop-Ranjith-iMac/forGIT/UFMylation_Ribosome_stalling_RNA_Splicing/Part4_Splicing_Analysis/data/motifs/CisBP_Human_All.meme	M00017_2.00	ENSG00000233801	AGAGWWW	8.21e-4	9.47e-1	5.15e2	3579	460	460	5000	5.97	19	4.13	84	1.68
217	/Users/ranjithpapareddy/Desktop/Desktop-Ranjith-iMac/forGIT/UFMylation_Ribosome_stalling_RNA_Splicing/Part4_Splicing_Analysis/data/motifs/CisBP_Human_All.meme	M00356_2.00	M00356_2.00	AUUAGGA	2.00e-3	9.54e-1	5.19e2	1547	460	460	5000	10.7	5	1.09	7	0.14
218	/Users/ranjithpapareddy/Desktop/Desktop-Ranjith-iMac/forGIT/UFMylation_Ribosome_stalling_RNA_Splicing/Part4_Splicing_Analysis/data/motifs/CisBP_Human_All.meme	M00563_2.00	CSDC2	UUGCCUUGUCCCGRU	3.79e-2	9.55e-1	5.19e2	80	460	460	5000	228	2	0.43	2	0.04
219	/Users/ranjithpapareddy/Desktop/Desktop-Ranjith-iMac/forGIT/UFMylation_Ribosome_stalling_RNA_Splicing/Part4_Splicing_Analysis/data/motifs/CisBP_Human_All.meme	M00470_2.00	SRSF1	RGAAGRAC	1.33e-3	9.56e-1	5.20e2	2343	460	460	5000	27	6	1.30	10	0.20
220	/Users/ranjithpapareddy/Desktop/Desktop-Ranjith-iMac/forGIT/UFMylation_Ribosome_stalling_RNA_Splicing/Part4_Splicing_Analysis/data/motifs/CisBP_Human_All.meme	M00637_2.00	RBM4	BKBNGUGUUGCGCGRGKBSNN	1.68e-1	9.63e-1	5.24e2	18	460	460	5000	1.61	3	0.65	14	0.28
221	/Users/ranjithpapareddy/Desktop/Desktop-Ranjith-iMac/forGIT/UFMylation_Ribosome_stalling_RNA_Splicing/Part4_Splicing_Analysis/data/motifs/CisBP_Human_All.meme	M00044_2.00	HNRNPA1	DUAGGGA	2.65e-3	9.76e-1	5.31e2	1407	460	460	5000	9.11	8	1.74	22	0.44
222	/Users/ranjithpapareddy/Desktop/Desktop-Ranjith-iMac/forGIT/UFMylation_Ribosome_stalling_RNA_Splicing/Part4_Splicing_Analysis/data/motifs/CisBP_Human_All.meme	M00471_2.00	SRSF1	ACGCGCR	3.79e-2	9.76e-1	5.31e2	97	460	460	5000	9.24	2	0.43	2	0.04
223	/Users/ranjithpapareddy/Desktop/Desktop-Ranjith-iMac/forGIT/UFMylation_Ribosome_stalling_RNA_Splicing/Part4_Splicing_Analysis/data/motifs/CisBP_Human_All.meme	M00654_2.00	RBMY1D	NNBGYCCUCAAGGYVNN	3.02e-3	9.79e-1	5.33e2	1280	460	460	5000	45.8	5	1.09	8	0.16
224	/Users/ranjithpapareddy/Desktop/Desktop-Ranjith-iMac/forGIT/UFMylation_Ribosome_stalling_RNA_Splicing/Part4_Splicing_Analysis/data/motifs/CisBP_Human_All.meme	M00135_2.00	M00135_2.00	ACUAACM	5.22e-3	9.82e-1	5.34e2	768	460	460	5000	24.9	3	0.65	2	0.04
225	/Users/ranjithpapareddy/Desktop/Desktop-Ranjith-iMac/forGIT/UFMylation_Ribosome_stalling_RNA_Splicing/Part4_Splicing_Analysis/data/motifs/CisBP_Human_All.meme	M00352_2.00	M00352_2.00	WUAGGAA	1.53e-3	9.84e-1	5.35e2	2683	460	460	5000	6.82	9	1.96	25	0.50
226	/Users/ranjithpapareddy/Desktop/Desktop-Ranjith-iMac/forGIT/UFMylation_Ribosome_stalling_RNA_Splicing/Part4_Splicing_Analysis/data/motifs/CisBP_Human_All.meme	M00529_2.00	SRSF7	AGACKACGAU	3.39e-2	9.85e-1	5.36e2	123	460	460	5000	1.34	11	2.39	60	1.20
227	/Users/ranjithpapareddy/Desktop/Desktop-Ranjith-iMac/forGIT/UFMylation_Ribosome_stalling_RNA_Splicing/Part4_Splicing_Analysis/data/motifs/CisBP_Human_All.meme	M00439_2.00	M00439_2.00	AAACCCAA	1.60e-3	9.85e-1	5.36e2	2622	460	460	5000	11.9	7	1.52	15	0.30
228	/Users/ranjithpapareddy/Desktop/Desktop-Ranjith-iMac/forGIT/UFMylation_Ribosome_stalling_RNA_Splicing/Part4_Splicing_Analysis/data/motifs/CisBP_Human_All.meme	M00630_2.00	RBM28	GUGGGUCUCGG	9.79e-3	9.88e-1	5.38e2	453	460	460	5000	197	3	0.65	3	0.06
229	/Users/ranjithpapareddy/Desktop/Desktop-Ranjith-iMac/forGIT/UFMylation_Ribosome_stalling_RNA_Splicing/Part4_Splicing_Analysis/data/motifs/CisBP_Human_All.meme	M00068_2.00	QKI	ACUAACM	5.22e-3	9.88e-1	5.38e2	855	460	460	5000	18.6	3	0.65	2	0.04
230	/Users/ranjithpapareddy/Desktop/Desktop-Ranjith-iMac/forGIT/UFMylation_Ribosome_stalling_RNA_Splicing/Part4_Splicing_Analysis/data/motifs/CisBP_Human_All.meme	M00180_2.00	ENSG00000282559	AUUUUUU	1.25e-3	9.90e-1	5.39e2	3679	460	460	5000	51	5	1.09	6	0.12
231	/Users/ranjithpapareddy/Desktop/Desktop-Ranjith-iMac/forGIT/UFMylation_Ribosome_stalling_RNA_Splicing/Part4_Splicing_Analysis/data/motifs/CisBP_Human_All.meme	M00062_2.00	MSI1	UAGUWRG	2.14e-3	9.90e-1	5.39e2	2160	460	460	5000	5.12	7	1.52	16	0.32
232	/Users/ranjithpapareddy/Desktop/Desktop-Ranjith-iMac/forGIT/UFMylation_Ribosome_stalling_RNA_Splicing/Part4_Splicing_Analysis/data/motifs/CisBP_Human_All.meme	M00748_2.00	IGF2BP2	CAACACA	1.53e-3	9.90e-1	5.39e2	3023	460	460	5000	6.69	9	1.96	25	0.50
233	/Users/ranjithpapareddy/Desktop/Desktop-Ranjith-iMac/forGIT/UFMylation_Ribosome_stalling_RNA_Splicing/Part4_Splicing_Analysis/data/motifs/CisBP_Human_All.meme	M00255_2.00	M00255_2.00	AGAYASAK	1.70e-3	9.91e-1	5.39e2	2805	460	460	5000	12.6	12	2.61	43	0.86
234	/Users/ranjithpapareddy/Desktop/Desktop-Ranjith-iMac/forGIT/UFMylation_Ribosome_stalling_RNA_Splicing/Part4_Splicing_Analysis/data/motifs/CisBP_Human_All.meme	M00128_2.00	SRSF1	MAGGACAV	1.55e-3	9.93e-1	5.40e2	3223	460	460	5000	3.99	43	9.35	281	5.62
235	/Users/ranjithpapareddy/Desktop/Desktop-Ranjith-iMac/forGIT/UFMylation_Ribosome_stalling_RNA_Splicing/Part4_Splicing_Analysis/data/motifs/CisBP_Human_All.meme	M13120_2.00	ENSG00000282095	VWUUUUUS	1.42e-3	9.94e-1	5.41e2	3648	460	460	5000	41	4	0.87	3	0.06
236	/Users/ranjithpapareddy/Desktop/Desktop-Ranjith-iMac/forGIT/UFMylation_Ribosome_stalling_RNA_Splicing/Part4_Splicing_Analysis/data/motifs/CisBP_Human_All.meme	M13121_2.00	ENSG00000282175	VWUUUUUS	1.42e-3	9.94e-1	5.41e2	3648	460	460	5000	41	4	0.87	3	0.06
237	/Users/ranjithpapareddy/Desktop/Desktop-Ranjith-iMac/forGIT/UFMylation_Ribosome_stalling_RNA_Splicing/Part4_Splicing_Analysis/data/motifs/CisBP_Human_All.meme	M13114_2.00	HNRNPCL2	VWUUUUUS	1.42e-3	9.94e-1	5.41e2	3648	460	460	5000	41	4	0.87	3	0.06
238	/Users/ranjithpapareddy/Desktop/Desktop-Ranjith-iMac/forGIT/UFMylation_Ribosome_stalling_RNA_Splicing/Part4_Splicing_Analysis/data/motifs/CisBP_Human_All.meme	M13115_2.00	HNRNPCL3	VWUUUUUS	1.42e-3	9.94e-1	5.41e2	3648	460	460	5000	41	4	0.87	3	0.06
239	/Users/ranjithpapareddy/Desktop/Desktop-Ranjith-iMac/forGIT/UFMylation_Ribosome_stalling_RNA_Splicing/Part4_Splicing_Analysis/data/motifs/CisBP_Human_All.meme	M13113_2.00	ENSG00000274109	VWUUUUUS	1.42e-3	9.94e-1	5.41e2	3648	460	460	5000	41	4	0.87	3	0.06
240	/Users/ranjithpapareddy/Desktop/Desktop-Ranjith-iMac/forGIT/UFMylation_Ribosome_stalling_RNA_Splicing/Part4_Splicing_Analysis/data/motifs/CisBP_Human_All.meme	M13123_2.00	ENSG00000282559	VWUUUUUS	1.42e-3	9.94e-1	5.41e2	3648	460	460	5000	41	4	0.87	3	0.06
241	/Users/ranjithpapareddy/Desktop/Desktop-Ranjith-iMac/forGIT/UFMylation_Ribosome_stalling_RNA_Splicing/Part4_Splicing_Analysis/data/motifs/CisBP_Human_All.meme	M13122_2.00	ENSG00000282530	VWUUUUUS	1.42e-3	9.94e-1	5.41e2	3648	460	460	5000	41	4	0.87	3	0.06
242	/Users/ranjithpapareddy/Desktop/Desktop-Ranjith-iMac/forGIT/UFMylation_Ribosome_stalling_RNA_Splicing/Part4_Splicing_Analysis/data/motifs/CisBP_Human_All.meme	M13111_2.00	ENSG00000273865	VWUUUUUS	1.42e-3	9.94e-1	5.41e2	3648	460	460	5000	41	4	0.87	3	0.06
243	/Users/ranjithpapareddy/Desktop/Desktop-Ranjith-iMac/forGIT/UFMylation_Ribosome_stalling_RNA_Splicing/Part4_Splicing_Analysis/data/motifs/CisBP_Human_All.meme	M13081_2.00	HNRNPCL4	VWUUUUUS	1.42e-3	9.94e-1	5.41e2	3648	460	460	5000	41	4	0.87	3	0.06
244	/Users/ranjithpapareddy/Desktop/Desktop-Ranjith-iMac/forGIT/UFMylation_Ribosome_stalling_RNA_Splicing/Part4_Splicing_Analysis/data/motifs/CisBP_Human_All.meme	M00047_2.00	ENSG00000282559	AUUUUUK	1.42e-3	9.95e-1	5.41e2	3699	460	460	5000	52	4	0.87	3	0.06
245	/Users/ranjithpapareddy/Desktop/Desktop-Ranjith-iMac/forGIT/UFMylation_Ribosome_stalling_RNA_Splicing/Part4_Splicing_Analysis/data/motifs/CisBP_Human_All.meme	M00382_2.00	DDX53	AGAAUAA	1.42e-3	9.96e-1	5.42e2	3870	460	460	5000	12.5	4	0.87	3	0.06
246	/Users/ranjithpapareddy/Desktop/Desktop-Ranjith-iMac/forGIT/UFMylation_Ribosome_stalling_RNA_Splicing/Part4_Splicing_Analysis/data/motifs/CisBP_Human_All.meme	M00666_2.00	RNPC3	GGGUSUACGGGGU	4.56e-2	9.96e-1	5.42e2	121	460	460	5000	34	3	0.65	7	0.14
247	/Users/ranjithpapareddy/Desktop/Desktop-Ranjith-iMac/forGIT/UFMylation_Ribosome_stalling_RNA_Splicing/Part4_Splicing_Analysis/data/motifs/CisBP_Human_All.meme	M00684_2.00	ZC3H10	GCGCAUGCGWD	5.97e-2	9.96e-1	5.42e2	90	460	460	5000	121	2	0.43	3	0.06
248	/Users/ranjithpapareddy/Desktop/Desktop-Ranjith-iMac/forGIT/UFMylation_Ribosome_stalling_RNA_Splicing/Part4_Splicing_Analysis/data/motifs/CisBP_Human_All.meme	M00710_2.00	CELF1	AAUGU	2.03e-3	9.96e-1	5.42e2	2765	460	460	5000	5.82	14	3.04	57	1.14
249	/Users/ranjithpapareddy/Desktop/Desktop-Ranjith-iMac/forGIT/UFMylation_Ribosome_stalling_RNA_Splicing/Part4_Splicing_Analysis/data/motifs/CisBP_Human_All.meme	M00569_2.00	CSTF2T	CGUAGCGUYD	2.36e-1	9.96e-1	5.42e2	21	460	460	5000	1.99	2	0.43	9	0.18
250	/Users/ranjithpapareddy/Desktop/Desktop-Ranjith-iMac/forGIT/UFMylation_Ribosome_stalling_RNA_Splicing/Part4_Splicing_Analysis/data/motifs/CisBP_Human_All.meme	M00111_2.00	HNRNPL	ACACRAV	2.67e-3	9.98e-1	5.43e2	2318	460	460	5000	9.17	6	1.30	12	0.24
251	/Users/ranjithpapareddy/Desktop/Desktop-Ranjith-iMac/forGIT/UFMylation_Ribosome_stalling_RNA_Splicing/Part4_Splicing_Analysis/data/motifs/CisBP_Human_All.meme	M00095_2.00	AP002990.1	CGAUACU	6.15e-3	9.98e-1	5.43e2	1030	460	460	5000	2.06	15	3.26	73	1.46
252	/Users/ranjithpapareddy/Desktop/Desktop-Ranjith-iMac/forGIT/UFMylation_Ribosome_stalling_RNA_Splicing/Part4_Splicing_Analysis/data/motifs/CisBP_Human_All.meme	M00763_2.00	NUPL2	CAAAGG	1.69e-3	9.98e-1	5.43e2	3792	460	460	5000	5.09	18	3.91	83	1.66
253	/Users/ranjithpapareddy/Desktop/Desktop-Ranjith-iMac/forGIT/UFMylation_Ribosome_stalling_RNA_Splicing/Part4_Splicing_Analysis/data/motifs/CisBP_Human_All.meme	M00472_2.00	SRSF2	GUUCGAGUW	1.22e-2	9.98e-1	5.43e2	530	460	460	5000	8.75	8	1.74	30	0.60
254	/Users/ranjithpapareddy/Desktop/Desktop-Ranjith-iMac/forGIT/UFMylation_Ribosome_stalling_RNA_Splicing/Part4_Splicing_Analysis/data/motifs/CisBP_Human_All.meme	M00833_2.00	ZFP36L1	UAAUA	2.67e-3	9.99e-1	5.43e2	2548	460	460	5000	11.9	6	1.30	12	0.24
255	/Users/ranjithpapareddy/Desktop/Desktop-Ranjith-iMac/forGIT/UFMylation_Ribosome_stalling_RNA_Splicing/Part4_Splicing_Analysis/data/motifs/CisBP_Human_All.meme	M00410_2.00	TRNAU1AP	AAUUUUR	1.92e-3	9.99e-1	5.43e2	3635	460	460	5000	7.53	23	5.00	121	2.42
256	/Users/ranjithpapareddy/Desktop/Desktop-Ranjith-iMac/forGIT/UFMylation_Ribosome_stalling_RNA_Splicing/Part4_Splicing_Analysis/data/motifs/CisBP_Human_All.meme	M00544_2.00	SNRPA	GGGUAUGCUG	8.76e-3	9.99e-1	5.44e2	865	460	460	5000	30.2	8	1.74	28	0.56
257	/Users/ranjithpapareddy/Desktop/Desktop-Ranjith-iMac/forGIT/UFMylation_Ribosome_stalling_RNA_Splicing/Part4_Splicing_Analysis/data/motifs/CisBP_Human_All.meme	M00644_2.00	RBMS2	CAGUGAUUGG	8.04e-3	1.00e0	5.44e2	962	460	460	5000	23.8	6	1.30	16	0.32
258	/Users/ranjithpapareddy/Desktop/Desktop-Ranjith-iMac/forGIT/UFMylation_Ribosome_stalling_RNA_Splicing/Part4_Splicing_Analysis/data/motifs/CisBP_Human_All.meme	M00189_2.00	MSI1	UAGUWRG	4.10e-3	1.00e0	5.44e2	1929	460	460	5000	3.95	8	1.74	24	0.48
259	/Users/ranjithpapareddy/Desktop/Desktop-Ranjith-iMac/forGIT/UFMylation_Ribosome_stalling_RNA_Splicing/Part4_Splicing_Analysis/data/motifs/CisBP_Human_All.meme	M00317_2.00	ENSG00000282755	UUUUUUA	2.23e-3	1.00e0	5.44e2	3664	460	460	5000	76	3	0.65	1	0.02
260	/Users/ranjithpapareddy/Desktop/Desktop-Ranjith-iMac/forGIT/UFMylation_Ribosome_stalling_RNA_Splicing/Part4_Splicing_Analysis/data/motifs/CisBP_Human_All.meme	M00045_2.00	HNRNPA1L2	KUAGGGW	6.10e-3	1.00e0	5.44e2	1349	460	460	5000	7.58	8	1.74	26	0.52
261	/Users/ranjithpapareddy/Desktop/Desktop-Ranjith-iMac/forGIT/UFMylation_Ribosome_stalling_RNA_Splicing/Part4_Splicing_Analysis/data/motifs/CisBP_Human_All.meme	M00574_2.00	DAZ2	GYUCUAGUUAGYAUC	8.42e-2	1.00e0	5.44e2	94	460	460	5000	666	1	0.22	0	0.00
262	/Users/ranjithpapareddy/Desktop/Desktop-Ranjith-iMac/forGIT/UFMylation_Ribosome_stalling_RNA_Splicing/Part4_Splicing_Analysis/data/motifs/CisBP_Human_All.meme	M00754_2.00	KHSRP	UUWUU	2.23e-3	1.00e0	5.44e2	3828	460	460	5000	32.2	3	0.65	1	0.02
263	/Users/ranjithpapareddy/Desktop/Desktop-Ranjith-iMac/forGIT/UFMylation_Ribosome_stalling_RNA_Splicing/Part4_Splicing_Analysis/data/motifs/CisBP_Human_All.meme	M00164_2.00	RBM42	AACUAMG	8.04e-3	1.00e0	5.44e2	1086	460	460	5000	8.34	6	1.30	16	0.32
264	/Users/ranjithpapareddy/Desktop/Desktop-Ranjith-iMac/forGIT/UFMylation_Ribosome_stalling_RNA_Splicing/Part4_Splicing_Analysis/data/motifs/CisBP_Human_All.meme	M00704_2.00	ZRANB2	DDGGUAGGUADK	3.63e-3	1.00e0	5.44e2	2411	460	460	5000	6.13	20	4.35	105	2.10
265	/Users/ranjithpapareddy/Desktop/Desktop-Ranjith-iMac/forGIT/UFMylation_Ribosome_stalling_RNA_Splicing/Part4_Splicing_Analysis/data/motifs/CisBP_Human_All.meme	M00639_2.00	RBM6	NNBSGUGCGCUCCUHGCCHBBNN	1.12e-1	1.00e0	5.44e2	78	460	460	5000	20.7	2	0.43	5	0.10
266	/Users/ranjithpapareddy/Desktop/Desktop-Ranjith-iMac/forGIT/UFMylation_Ribosome_stalling_RNA_Splicing/Part4_Splicing_Analysis/data/motifs/CisBP_Human_All.meme	M00652_2.00	RBMY1D	NBGCCCUCAAGGYVN	1.01e-2	1.00e0	5.44e2	954	460	460	5000	23.2	6	1.30	17	0.34
267	/Users/ranjithpapareddy/Desktop/Desktop-Ranjith-iMac/forGIT/UFMylation_Ribosome_stalling_RNA_Splicing/Part4_Splicing_Analysis/data/motifs/CisBP_Human_All.meme	M00729_2.00	FUBP3	UUAAU	3.52e-3	1.00e0	5.44e2	2745	460	460	5000	5.08	22	4.78	120	2.40
268	/Users/ranjithpapareddy/Desktop/Desktop-Ranjith-iMac/forGIT/UFMylation_Ribosome_stalling_RNA_Splicing/Part4_Splicing_Analysis/data/motifs/CisBP_Human_All.meme	M13088_2.00	RALYL	VWUUUUUB	2.65e-3	1.00e0	5.44e2	3668	460	460	5000	39.7	4	0.87	4	0.08
269	/Users/ranjithpapareddy/Desktop/Desktop-Ranjith-iMac/forGIT/UFMylation_Ribosome_stalling_RNA_Splicing/Part4_Splicing_Analysis/data/motifs/CisBP_Human_All.meme	M00260_2.00	M00260_2.00	GUGUGUG	3.52e-3	1.00e0	5.44e2	2815	460	460	5000	20.1	10	2.17	35	0.70
270	/Users/ranjithpapareddy/Desktop/Desktop-Ranjith-iMac/forGIT/UFMylation_Ribosome_stalling_RNA_Splicing/Part4_Splicing_Analysis/data/motifs/CisBP_Human_All.meme	M00308_2.00	SRSF3	AWCAACR	1.02e-2	1.00e0	5.44e2	979	460	460	5000	8.33	4	0.87	7	0.14
271	/Users/ranjithpapareddy/Desktop/Desktop-Ranjith-iMac/forGIT/UFMylation_Ribosome_stalling_RNA_Splicing/Part4_Splicing_Analysis/data/motifs/CisBP_Human_All.meme	M00408_2.00	RBM45	GACAGAC	4.10e-3	1.00e0	5.44e2	2601	460	460	5000	11.8	8	1.74	24	0.48
272	/Users/ranjithpapareddy/Desktop/Desktop-Ranjith-iMac/forGIT/UFMylation_Ribosome_stalling_RNA_Splicing/Part4_Splicing_Analysis/data/motifs/CisBP_Human_All.meme	M00825_2.00	TIA1	UUUUW	3.02e-3	1.00e0	5.44e2	3858	460	460	5000	21.8	5	1.09	8	0.16
273	/Users/ranjithpapareddy/Desktop/Desktop-Ranjith-iMac/forGIT/UFMylation_Ribosome_stalling_RNA_Splicing/Part4_Splicing_Analysis/data/motifs/CisBP_Human_All.meme	M00751_2.00	KHDRBS2	AAUAAA	3.63e-3	1.00e0	5.44e2	3402	460	460	5000	8.04	6	1.30	13	0.26
274	/Users/ranjithpapareddy/Desktop/Desktop-Ranjith-iMac/forGIT/UFMylation_Ribosome_stalling_RNA_Splicing/Part4_Splicing_Analysis/data/motifs/CisBP_Human_All.meme	M00160_2.00	M00160_2.00	AACUAAG	9.75e-3	1.00e0	5.44e2	1276	460	460	5000	7.82	9	1.96	35	0.70
275	/Users/ranjithpapareddy/Desktop/Desktop-Ranjith-iMac/forGIT/UFMylation_Ribosome_stalling_RNA_Splicing/Part4_Splicing_Analysis/data/motifs/CisBP_Human_All.meme	M00521_2.00	NOVA2	GGRGAGUCAUHSC	8.42e-2	1.00e0	5.44e2	148	460	460	5000	505	1	0.22	0	0.00
276	/Users/ranjithpapareddy/Desktop/Desktop-Ranjith-iMac/forGIT/UFMylation_Ribosome_stalling_RNA_Splicing/Part4_Splicing_Analysis/data/motifs/CisBP_Human_All.meme	M00347_2.00	ENSG00000238104	AUAAGCS	9.72e-3	1.00e0	5.44e2	1356	460	460	5000	3.09	24	5.22	149	2.98
277	/Users/ranjithpapareddy/Desktop/Desktop-Ranjith-iMac/forGIT/UFMylation_Ribosome_stalling_RNA_Splicing/Part4_Splicing_Analysis/data/motifs/CisBP_Human_All.meme	M00721_2.00	ELAVL4	UAAUU	4.41e-3	1.00e0	5.44e2	3028	460	460	5000	7.47	15	3.26	70	1.40
278	/Users/ranjithpapareddy/Desktop/Desktop-Ranjith-iMac/forGIT/UFMylation_Ribosome_stalling_RNA_Splicing/Part4_Splicing_Analysis/data/motifs/CisBP_Human_All.meme	M00625_2.00	ENSG00000277564	DBBBBGGKUGCAUGUGBNBBBK	1.61e-2	1.00e0	5.44e2	832	460	460	5000	125	3	0.65	4	0.08
279	/Users/ranjithpapareddy/Desktop/Desktop-Ranjith-iMac/forGIT/UFMylation_Ribosome_stalling_RNA_Splicing/Part4_Splicing_Analysis/data/motifs/CisBP_Human_All.meme	M00103_2.00	YBX1	AACAUCA	8.04e-3	1.00e0	5.44e2	1760	460	460	5000	14.1	6	1.30	16	0.32
280	/Users/ranjithpapareddy/Desktop/Desktop-Ranjith-iMac/forGIT/UFMylation_Ribosome_stalling_RNA_Splicing/Part4_Splicing_Analysis/data/motifs/CisBP_Human_All.meme	M00573_2.00	DAZ2	NGGUGYGUGCGUUUCCGCBN	3.77e-1	1.00e0	5.44e2	31	460	460	5000	1.22	3	0.65	23	0.46
281	/Users/ranjithpapareddy/Desktop/Desktop-Ranjith-iMac/forGIT/UFMylation_Ribosome_stalling_RNA_Splicing/Part4_Splicing_Analysis/data/motifs/CisBP_Human_All.meme	M00146_2.00	M00146_2.00	UUUGGUU	4.31e-3	1.00e0	5.44e2	3511	460	460	5000	7.75	16	3.48	77	1.54
282	/Users/ranjithpapareddy/Desktop/Desktop-Ranjith-iMac/forGIT/UFMylation_Ribosome_stalling_RNA_Splicing/Part4_Splicing_Analysis/data/motifs/CisBP_Human_All.meme	M00646_2.00	RBMS2	NNNNSUGCAUAAKGBBBNN	3.29e-2	1.00e0	5.44e2	486	460	460	5000	18.8	5	1.09	17	0.34
283	/Users/ranjithpapareddy/Desktop/Desktop-Ranjith-iMac/forGIT/UFMylation_Ribosome_stalling_RNA_Splicing/Part4_Splicing_Analysis/data/motifs/CisBP_Human_All.meme	M00712_2.00	ENSG00000282755	UUUUU	4.38e-3	1.00e0	5.44e2	3851	460	460	5000	27.1	5	1.09	9	0.18
284	/Users/ranjithpapareddy/Desktop/Desktop-Ranjith-iMac/forGIT/UFMylation_Ribosome_stalling_RNA_Splicing/Part4_Splicing_Analysis/data/motifs/CisBP_Human_All.meme	M00736_2.00	ENSG00000282559	UUUUU	4.38e-3	1.00e0	5.44e2	3877	460	460	5000	23	5	1.09	9	0.18
285	/Users/ranjithpapareddy/Desktop/Desktop-Ranjith-iMac/forGIT/UFMylation_Ribosome_stalling_RNA_Splicing/Part4_Splicing_Analysis/data/motifs/CisBP_Human_All.meme	M00445_2.00	RBMY1D	CUCAA	5.63e-3	1.00e0	5.44e2	3147	460	460	5000	3.9	14	3.04	65	1.30
286	/Users/ranjithpapareddy/Desktop/Desktop-Ranjith-iMac/forGIT/UFMylation_Ribosome_stalling_RNA_Splicing/Part4_Splicing_Analysis/data/motifs/CisBP_Human_All.meme	M00779_2.00	ENSG00000282559	UUYUU	4.45e-3	1.00e0	5.44e2	3986	460	460	5000	16	4	0.87	5	0.10
287	/Users/ranjithpapareddy/Desktop/Desktop-Ranjith-iMac/forGIT/UFMylation_Ribosome_stalling_RNA_Splicing/Part4_Splicing_Analysis/data/motifs/CisBP_Human_All.meme	M00629_2.00	RBM28	GRGGCYGAGCGGUGG	1.23e-1	1.00e0	5.44e2	144	460	460	5000	3.38	9	1.96	60	1.20
288	/Users/ranjithpapareddy/Desktop/Desktop-Ranjith-iMac/forGIT/UFMylation_Ribosome_stalling_RNA_Splicing/Part4_Splicing_Analysis/data/motifs/CisBP_Human_All.meme	M00586_2.00	HEXIM2	GGCGACGGKB	2.06e-1	1.00e0	5.44e2	78	460	460	5000	4.08	4	0.87	24	0.48
289	/Users/ranjithpapareddy/Desktop/Desktop-Ranjith-iMac/forGIT/UFMylation_Ribosome_stalling_RNA_Splicing/Part4_Splicing_Analysis/data/motifs/CisBP_Human_All.meme	M00624_2.00	ENSG00000277564	NNNNDGKUGCAUGUGNNNNN	1.19e-2	1.00e0	5.44e2	1544	460	460	5000	5.94	24	5.22	152	3.04
290	/Users/ranjithpapareddy/Desktop/Desktop-Ranjith-iMac/forGIT/UFMylation_Ribosome_stalling_RNA_Splicing/Part4_Splicing_Analysis/data/motifs/CisBP_Human_All.meme	M00720_2.00	ELAVL4	UUWUU	5.22e-3	1.00e0	5.44e2	3745	460	460	5000	13.5	3	0.65	2	0.04
291	/Users/ranjithpapareddy/Desktop/Desktop-Ranjith-iMac/forGIT/UFMylation_Ribosome_stalling_RNA_Splicing/Part4_Splicing_Analysis/data/motifs/CisBP_Human_All.meme	M00772_2.00	ENSG00000238104	AUUAM	7.15e-3	1.00e0	5.44e2	2735	460	460	5000	6.09	7	1.52	21	0.42
292	/Users/ranjithpapareddy/Desktop/Desktop-Ranjith-iMac/forGIT/UFMylation_Ribosome_stalling_RNA_Splicing/Part4_Splicing_Analysis/data/motifs/CisBP_Human_All.meme	M00437_2.00	M00437_2.00	WUUUUUG	5.22e-3	1.00e0	5.44e2	3772	460	460	5000	18.9	3	0.65	2	0.04
293	/Users/ranjithpapareddy/Desktop/Desktop-Ranjith-iMac/forGIT/UFMylation_Ribosome_stalling_RNA_Splicing/Part4_Splicing_Analysis/data/motifs/CisBP_Human_All.meme	M00178_2.00	TIA1	UUUUUUY	5.77e-3	1.00e0	5.44e2	3770	460	460	5000	36.3	7	1.52	20	0.40
294	/Users/ranjithpapareddy/Desktop/Desktop-Ranjith-iMac/forGIT/UFMylation_Ribosome_stalling_RNA_Splicing/Part4_Splicing_Analysis/data/motifs/CisBP_Human_All.meme	M00266_2.00	M00266_2.00	KUAAUUS	9.20e-3	1.00e0	5.44e2	2388	460	460	5000	6.32	11	2.39	48	0.96
295	/Users/ranjithpapareddy/Desktop/Desktop-Ranjith-iMac/forGIT/UFMylation_Ribosome_stalling_RNA_Splicing/Part4_Splicing_Analysis/data/motifs/CisBP_Human_All.meme	M00672_2.00	SNRPA	CAUUGCACN	1.61e-2	1.00e0	5.44e2	1379	460	460	5000	21.1	3	0.65	4	0.08
296	/Users/ranjithpapareddy/Desktop/Desktop-Ranjith-iMac/forGIT/UFMylation_Ribosome_stalling_RNA_Splicing/Part4_Splicing_Analysis/data/motifs/CisBP_Human_All.meme	M00568_2.00	CSTF2	RAGGCGUAGCGUYD	6.21e-1	1.00e0	5.44e2	23	460	460	5000	2.06	1	0.22	10	0.20
297	/Users/ranjithpapareddy/Desktop/Desktop-Ranjith-iMac/forGIT/UFMylation_Ribosome_stalling_RNA_Splicing/Part4_Splicing_Analysis/data/motifs/CisBP_Human_All.meme	M00071_2.00	M00071_2.00	GUGUGUG	7.55e-3	1.00e0	5.44e2	3036	460	460	5000	4.52	55	11.96	419	8.38
298	/Users/ranjithpapareddy/Desktop/Desktop-Ranjith-iMac/forGIT/UFMylation_Ribosome_stalling_RNA_Splicing/Part4_Splicing_Analysis/data/motifs/CisBP_Human_All.meme	M00593_2.00	ENSG00000282559	SCGNGGGGUCUWAUUUUUAACNCRS	6.53e-1	1.00e0	5.44e2	22	460	460	5000	2.62	1	0.22	11	0.22
299	/Users/ranjithpapareddy/Desktop/Desktop-Ranjith-iMac/forGIT/UFMylation_Ribosome_stalling_RNA_Splicing/Part4_Splicing_Analysis/data/motifs/CisBP_Human_All.meme	M00355_2.00	AL109811.4	UGAAUGW	9.31e-3	1.00e0	5.44e2	2509	460	460	5000	7.11	15	3.26	77	1.54
300	/Users/ranjithpapareddy/Desktop/Desktop-Ranjith-iMac/forGIT/UFMylation_Ribosome_stalling_RNA_Splicing/Part4_Splicing_Analysis/data/motifs/CisBP_Human_All.meme	M00595_2.00	ENSG00000282559	GRBRBGGGUCUDAUUUUUAAGYVVV	7.09e-1	1.00e0	5.44e2	19	460	460	5000	1.81	1	0.22	13	0.26
301	/Users/ranjithpapareddy/Desktop/Desktop-Ranjith-iMac/forGIT/UFMylation_Ribosome_stalling_RNA_Splicing/Part4_Splicing_Analysis/data/motifs/CisBP_Human_All.meme	M00735_2.00	ENSG00000282559	UUUUU	6.12e-3	1.00e0	5.44e2	3873	460	460	5000	29.7	5	1.09	10	0.20
302	/Users/ranjithpapareddy/Desktop/Desktop-Ranjith-iMac/forGIT/UFMylation_Ribosome_stalling_RNA_Splicing/Part4_Splicing_Analysis/data/motifs/CisBP_Human_All.meme	M00183_2.00	RBM6	MAUCCAR	1.08e-2	1.00e0	5.44e2	2229	460	460	5000	5.21	14	3.04	71	1.42
303	/Users/ranjithpapareddy/Desktop/Desktop-Ranjith-iMac/forGIT/UFMylation_Ribosome_stalling_RNA_Splicing/Part4_Splicing_Analysis/data/motifs/CisBP_Human_All.meme	M00547_2.00	PABPC4L	ACDAAYM	1.06e-2	1.00e0	5.44e2	2311	460	460	5000	5.7	7	1.52	23	0.46
304	/Users/ranjithpapareddy/Desktop/Desktop-Ranjith-iMac/forGIT/UFMylation_Ribosome_stalling_RNA_Splicing/Part4_Splicing_Analysis/data/motifs/CisBP_Human_All.meme	M00041_2.00	SRSF10	AGAGAAA	6.31e-3	1.00e0	5.44e2	3986	460	460	5000	12	14	3.04	66	1.32
305	/Users/ranjithpapareddy/Desktop/Desktop-Ranjith-iMac/forGIT/UFMylation_Ribosome_stalling_RNA_Splicing/Part4_Splicing_Analysis/data/motifs/CisBP_Human_All.meme	M00597_2.00	HNRNPLL	GCAURCAYCM	1.43e-2	1.00e0	5.44e2	1770	460	460	5000	21.1	8	1.74	31	0.62
306	/Users/ranjithpapareddy/Desktop/Desktop-Ranjith-iMac/forGIT/UFMylation_Ribosome_stalling_RNA_Splicing/Part4_Splicing_Analysis/data/motifs/CisBP_Human_All.meme	M00053_2.00	ELAVL1	UUWUUUU	7.08e-3	1.00e0	5.44e2	3743	460	460	5000	72.8	2	0.43	0	0.00
307	/Users/ranjithpapareddy/Desktop/Desktop-Ranjith-iMac/forGIT/UFMylation_Ribosome_stalling_RNA_Splicing/Part4_Splicing_Analysis/data/motifs/CisBP_Human_All.meme	M13023_2.00	HNRNPR	CAAAAWRS	7.08e-3	1.00e0	5.44e2	3743	460	460	5000	30.9	2	0.43	0	0.00
308	/Users/ranjithpapareddy/Desktop/Desktop-Ranjith-iMac/forGIT/UFMylation_Ribosome_stalling_RNA_Splicing/Part4_Splicing_Analysis/data/motifs/CisBP_Human_All.meme	M00709_2.00	CELF1	UDUGUYY	7.69e-3	1.00e0	5.44e2	3461	460	460	5000	2.48	35	7.61	239	4.78
309	/Users/ranjithpapareddy/Desktop/Desktop-Ranjith-iMac/forGIT/UFMylation_Ribosome_stalling_RNA_Splicing/Part4_Splicing_Analysis/data/motifs/CisBP_Human_All.meme	M00101_2.00	AC009690.3	UGUUGUG	9.40e-3	1.00e0	5.44e2	2901	460	460	5000	3.92	19	4.13	108	2.16
310	/Users/ranjithpapareddy/Desktop/Desktop-Ranjith-iMac/forGIT/UFMylation_Ribosome_stalling_RNA_Splicing/Part4_Splicing_Analysis/data/motifs/CisBP_Human_All.meme	M00611_2.00	MSI2	GUAGUGWGUAGK	6.16e-2	1.00e0	5.44e2	447	460	460	5000	15.9	6	1.30	28	0.56
311	/Users/ranjithpapareddy/Desktop/Desktop-Ranjith-iMac/forGIT/UFMylation_Ribosome_stalling_RNA_Splicing/Part4_Splicing_Analysis/data/motifs/CisBP_Human_All.meme	M00643_2.00	RBMS1	NNNSGUGCAUAAKGCBNNN	8.42e-2	1.00e0	5.44e2	329	460	460	5000	169	1	0.22	0	0.00
312	/Users/ranjithpapareddy/Desktop/Desktop-Ranjith-iMac/forGIT/UFMylation_Ribosome_stalling_RNA_Splicing/Part4_Splicing_Analysis/data/motifs/CisBP_Human_All.meme	M00021_2.00	NUDT21	WWUGUAA	1.16e-2	1.00e0	5.44e2	2403	460	460	5000	7.76	12	2.61	57	1.14
313	/Users/ranjithpapareddy/Desktop/Desktop-Ranjith-iMac/forGIT/UFMylation_Ribosome_stalling_RNA_Splicing/Part4_Splicing_Analysis/data/motifs/CisBP_Human_All.meme	M00460_2.00	QKI	UACUAAC	4.90e-2	1.00e0	5.44e2	578	460	460	5000	15.2	4	0.87	13	0.26
314	/Users/ranjithpapareddy/Desktop/Desktop-Ranjith-iMac/forGIT/UFMylation_Ribosome_stalling_RNA_Splicing/Part4_Splicing_Analysis/data/motifs/CisBP_Human_All.meme	M00576_2.00	DAZ2	NKGUGUGUGCGUUUCCGSNN	4.60e-1	1.00e0	5.44e2	46	460	460	5000	20.4	1	0.22	6	0.12
315	/Users/ranjithpapareddy/Desktop/Desktop-Ranjith-iMac/forGIT/UFMylation_Ribosome_stalling_RNA_Splicing/Part4_Splicing_Analysis/data/motifs/CisBP_Human_All.meme	M00055_2.00	KHDRBS3	GAUAAACV	1.06e-2	1.00e0	5.44e2	2699	460	460	5000	4.94	23	5.00	142	2.84
316	/Users/ranjithpapareddy/Desktop/Desktop-Ranjith-iMac/forGIT/UFMylation_Ribosome_stalling_RNA_Splicing/Part4_Splicing_Analysis/data/motifs/CisBP_Human_All.meme	M00259_2.00	M00259_2.00	SAACUACD	3.40e-2	1.00e0	5.44e2	867	460	460	5000	10	3	0.65	6	0.12
317	/Users/ranjithpapareddy/Desktop/Desktop-Ranjith-iMac/forGIT/UFMylation_Ribosome_stalling_RNA_Splicing/Part4_Splicing_Analysis/data/motifs/CisBP_Human_All.meme	M00494_2.00	IGF2BP1	AAGCACCCGUU	3.48e-1	1.00e0	5.44e2	70	460	460	5000	1.15	7	1.52	61	1.22
318	/Users/ranjithpapareddy/Desktop/Desktop-Ranjith-iMac/forGIT/UFMylation_Ribosome_stalling_RNA_Splicing/Part4_Splicing_Analysis/data/motifs/CisBP_Human_All.meme	M00070_2.00	RBM3	GAUACGA	2.41e-2	1.00e0	5.44e2	1257	460	460	5000	3.76	3	0.65	5	0.10
319	/Users/ranjithpapareddy/Desktop/Desktop-Ranjith-iMac/forGIT/UFMylation_Ribosome_stalling_RNA_Splicing/Part4_Splicing_Analysis/data/motifs/CisBP_Human_All.meme	M00257_2.00	M00257_2.00	GAUGAWH	1.45e-2	1.00e0	5.44e2	2201	460	460	5000	3.94	12	2.61	59	1.18
320	/Users/ranjithpapareddy/Desktop/Desktop-Ranjith-iMac/forGIT/UFMylation_Ribosome_stalling_RNA_Splicing/Part4_Splicing_Analysis/data/motifs/CisBP_Human_All.meme	M00635_2.00	RBM4B	BBSSUGAGUGCGGUAGBSNN	3.56e-1	1.00e0	5.44e2	76	460	460	5000	34.6	1	0.22	4	0.08
321	/Users/ranjithpapareddy/Desktop/Desktop-Ranjith-iMac/forGIT/UFMylation_Ribosome_stalling_RNA_Splicing/Part4_Splicing_Analysis/data/motifs/CisBP_Human_All.meme	M00440_2.00	SRSF3	AACAACR	3.40e-2	1.00e0	5.44e2	1006	460	460	5000	15	3	0.65	6	0.12
322	/Users/ranjithpapareddy/Desktop/Desktop-Ranjith-iMac/forGIT/UFMylation_Ribosome_stalling_RNA_Splicing/Part4_Splicing_Analysis/data/motifs/CisBP_Human_All.meme	M00732_2.00	HNRNPA0	VUUAGN	1.97e-2	1.00e0	5.44e2	1761	460	460	5000	2.1	20	4.35	126	2.52
323	/Users/ranjithpapareddy/Desktop/Desktop-Ranjith-iMac/forGIT/UFMylation_Ribosome_stalling_RNA_Splicing/Part4_Splicing_Analysis/data/motifs/CisBP_Human_All.meme	M00570_2.00	DAZ1	NNNNNUGKWGUUGUAGKKNKK	4.58e-1	1.00e0	5.44e2	409	460	460	5000	12.1	4	0.87	37	0.74
324	/Users/ranjithpapareddy/Desktop/Desktop-Ranjith-iMac/forGIT/UFMylation_Ribosome_stalling_RNA_Splicing/Part4_Splicing_Analysis/data/motifs/CisBP_Human_All.meme	M00716_2.00	DAZAP1	NAUAUAR	3.47e-1	1.00e0	5.44e2	2611	460	460	5000	4.69	8	1.74	71	1.42
325	/Users/ranjithpapareddy/Desktop/Desktop-Ranjith-iMac/forGIT/UFMylation_Ribosome_stalling_RNA_Splicing/Part4_Splicing_Analysis/data/motifs/CisBP_Human_All.meme	M00571_2.00	DAZ1	SGKCGWAAUGUUAGUAGGBCS	6.77e-1	1.00e0	5.44e2	44	460	460	5000	1.92	2	0.43	25	0.50
326	/Users/ranjithpapareddy/Desktop/Desktop-Ranjith-iMac/forGIT/UFMylation_Ribosome_stalling_RNA_Splicing/Part4_Splicing_Analysis/data/motifs/CisBP_Human_All.meme	M00165_2.00	RBMS1	UAUAUAS	9.52e-2	1.00e0	5.44e2	1672	460	460	5000	5	8	1.74	48	0.96
327	/Users/ranjithpapareddy/Desktop/Desktop-Ranjith-iMac/forGIT/UFMylation_Ribosome_stalling_RNA_Splicing/Part4_Splicing_Analysis/data/motifs/CisBP_Human_All.meme	M00431_2.00	M00431_2.00	UAGAUAG	6.65e-1	1.00e0	5.44e2	2239	460	460	5000	3.65	6	1.30	73	1.46
328	/Users/ranjithpapareddy/Desktop/Desktop-Ranjith-iMac/forGIT/UFMylation_Ribosome_stalling_RNA_Splicing/Part4_Splicing_Analysis/data/motifs/CisBP_Human_All.meme	M00656_2.00	RBMY1D	BUGAAUYCGUCRN	2.35e-1	1.00e0	5.44e2	206	460	460	5000	6.97	3	0.65	17	0.34
329	/Users/ranjithpapareddy/Desktop/Desktop-Ranjith-iMac/forGIT/UFMylation_Ribosome_stalling_RNA_Splicing/Part4_Splicing_Analysis/data/motifs/CisBP_Human_All.meme	M00298_2.00	SF3B6	UUUUUCC	1.51e-2	1.00e0	5.44e2	3757	460	460	5000	11.6	10	2.17	45	0.90
330	/Users/ranjithpapareddy/Desktop/Desktop-Ranjith-iMac/forGIT/UFMylation_Ribosome_stalling_RNA_Splicing/Part4_Splicing_Analysis/data/motifs/CisBP_Human_All.meme	M00832_2.00	ZFP36L1	UAUUU	3.79e-2	1.00e0	5.44e2	3356	460	460	5000	15.5	2	0.43	2	0.04
331	/Users/ranjithpapareddy/Desktop/Desktop-Ranjith-iMac/forGIT/UFMylation_Ribosome_stalling_RNA_Splicing/Part4_Splicing_Analysis/data/motifs/CisBP_Human_All.meme	M00620_2.00	QKI	WUACUAACAWW	9.01e-2	1.00e0	5.44e2	1273	460	460	5000	33.6	3	0.65	10	0.20
332	/Users/ranjithpapareddy/Desktop/Desktop-Ranjith-iMac/forGIT/UFMylation_Ribosome_stalling_RNA_Splicing/Part4_Splicing_Analysis/data/motifs/CisBP_Human_All.meme	M00621_2.00	QKI	ACUAACAWUACUAACA	9.97e-1	1.00e0	5.44e2	2259	460	460	5000	81.7	1	0.22	63	1.26
333	/Users/ranjithpapareddy/Desktop/Desktop-Ranjith-iMac/forGIT/UFMylation_Ribosome_stalling_RNA_Splicing/Part4_Splicing_Analysis/data/motifs/CisBP_Human_All.meme	M00728_2.00	FUBP3	UUUWU	1.61e-2	1.00e0	5.44e2	3764	460	460	5000	15.1	3	0.65	4	0.08
334	/Users/ranjithpapareddy/Desktop/Desktop-Ranjith-iMac/forGIT/UFMylation_Ribosome_stalling_RNA_Splicing/Part4_Splicing_Analysis/data/motifs/CisBP_Human_All.meme	M13109_2.00	AC008982.1	ACACACA	8.42e-2	1.00e0	5.44e2	2262	460	460	5000	546	1	0.22	0	0.00
335	/Users/ranjithpapareddy/Desktop/Desktop-Ranjith-iMac/forGIT/UFMylation_Ribosome_stalling_RNA_Splicing/Part4_Splicing_Analysis/data/motifs/CisBP_Human_All.meme	M00594_2.00	ENSG00000282559	RUUUUUKKGG	3.79e-2	1.00e0	5.44e2	3451	460	460	5000	36.7	2	0.43	2	0.04
336	/Users/ranjithpapareddy/Desktop/Desktop-Ranjith-iMac/forGIT/UFMylation_Ribosome_stalling_RNA_Splicing/Part4_Splicing_Analysis/data/motifs/CisBP_Human_All.meme	M13034_2.00	SYNCRIP	CAAAAWAG	7.26e-2	1.00e0	5.44e2	3688	460	460	5000	16.1	7	1.52	37	0.74
337	/Users/ranjithpapareddy/Desktop/Desktop-Ranjith-iMac/forGIT/UFMylation_Ribosome_stalling_RNA_Splicing/Part4_Splicing_Analysis/data/motifs/CisBP_Human_All.meme	M00614_2.00	PABPC5	UUAKAAAGUURCU	4.19e-1	1.00e0	5.44e2	1943	460	460	5000	20.7	7	1.52	66	1.32
338	/Users/ranjithpapareddy/Desktop/Desktop-Ranjith-iMac/forGIT/UFMylation_Ribosome_stalling_RNA_Splicing/Part4_Splicing_Analysis/data/motifs/CisBP_Human_All.meme	M00615_2.00	PABPC5	UUAKAAAUUACUACAY	9.99e-1	1.00e0	5.44e2	322	460	460	5000	5.73	2	0.43	99	1.98
339	/Users/ranjithpapareddy/Desktop/Desktop-Ranjith-iMac/forGIT/UFMylation_Ribosome_stalling_RNA_Splicing/Part4_Splicing_Analysis/data/motifs/CisBP_Human_All.meme	M00473_2.00	PABPC4L	AAAAA	3.29e-1	1.00e0	5.44e2	3674	460	460	5000	45.7	3	0.65	21	0.42
340	/Users/ranjithpapareddy/Desktop/Desktop-Ranjith-iMac/forGIT/UFMylation_Ribosome_stalling_RNA_Splicing/Part4_Splicing_Analysis/data/motifs/CisBP_Human_All.meme	M00806_2.00	SF1	UUAAYM	1.94e-2	1.00e0	5.44e2	2441	460	460	5000	4.34	9	1.96	40	0.80
341	/Users/ranjithpapareddy/Desktop/Desktop-Ranjith-iMac/forGIT/UFMylation_Ribosome_stalling_RNA_Splicing/Part4_Splicing_Analysis/data/motifs/CisBP_Human_All.meme	M00662_2.00	RC3H1	NNYRCGUUUUAGKRNN	2.28e-1	1.00e0	5.44e2	377	460	460	5000	5.61	5	1.09	34	0.68
342	/Users/ranjithpapareddy/Desktop/Desktop-Ranjith-iMac/forGIT/UFMylation_Ribosome_stalling_RNA_Splicing/Part4_Splicing_Analysis/data/motifs/CisBP_Human_All.meme	M00545_2.00	SNRPA	GVGCAGUAGKS	6.99e-2	1.00e0	5.44e2	627	460	460	5000	99.8	4	0.87	15	0.30
343	/Users/ranjithpapareddy/Desktop/Desktop-Ranjith-iMac/forGIT/UFMylation_Ribosome_stalling_RNA_Splicing/Part4_Splicing_Analysis/data/motifs/CisBP_Human_All.meme	M13043_2.00	SF3B4	NCAAAAGN	2.06e-1	1.00e0	5.44e2	2166	460	460	5000	16.8	4	0.87	24	0.48
344	/Users/ranjithpapareddy/Desktop/Desktop-Ranjith-iMac/forGIT/UFMylation_Ribosome_stalling_RNA_Splicing/Part4_Splicing_Analysis/data/motifs/CisBP_Human_All.meme	M00082_2.00	M00082_2.00	UAAAAGG	3.21e-1	1.00e0	5.44e2	3191	460	460	5000	7.38	8	1.74	69	1.38
345	/Users/ranjithpapareddy/Desktop/Desktop-Ranjith-iMac/forGIT/UFMylation_Ribosome_stalling_RNA_Splicing/Part4_Splicing_Analysis/data/motifs/CisBP_Human_All.meme	M00172_2.00	ENSG00000282559	UUUUUUG	2.01e-2	1.00e0	5.44e2	3567	460	460	5000	63.1	2	0.43	1	0.02
346	/Users/ranjithpapareddy/Desktop/Desktop-Ranjith-iMac/forGIT/UFMylation_Ribosome_stalling_RNA_Splicing/Part4_Splicing_Analysis/data/motifs/CisBP_Human_All.meme	M00640_2.00	RBM6	NNNSGYRYGCUCGUGCYACBNNN	7.56e-1	1.00e0	5.44e2	72	460	460	5000	9.55	1	0.22	15	0.30
347	/Users/ranjithpapareddy/Desktop/Desktop-Ranjith-iMac/forGIT/UFMylation_Ribosome_stalling_RNA_Splicing/Part4_Splicing_Analysis/data/motifs/CisBP_Human_All.meme	M00641_2.00	RBMS1	GUAUUUAUDGGG	3.79e-2	1.00e0	5.44e2	1568	460	460	5000	42.7	2	0.43	2	0.04
348	/Users/ranjithpapareddy/Desktop/Desktop-Ranjith-iMac/forGIT/UFMylation_Ribosome_stalling_RNA_Splicing/Part4_Splicing_Analysis/data/motifs/CisBP_Human_All.meme	M00567_2.00	YBX3	UAACAUCR	1.41e-1	1.00e0	5.44e2	1178	460	460	5000	20.6	2	0.43	6	0.12
349	/Users/ranjithpapareddy/Desktop/Desktop-Ranjith-iMac/forGIT/UFMylation_Ribosome_stalling_RNA_Splicing/Part4_Splicing_Analysis/data/motifs/CisBP_Human_All.meme	M00566_2.00	CELF4	UGUGUWGUGU	2.44e-2	1.00e0	5.44e2	3381	460	460	5000	11.6	7	1.52	28	0.56
350	/Users/ranjithpapareddy/Desktop/Desktop-Ranjith-iMac/forGIT/UFMylation_Ribosome_stalling_RNA_Splicing/Part4_Splicing_Analysis/data/motifs/CisBP_Human_All.meme	M00254_2.00	ELAVL1	UUUUUUU	2.01e-2	1.00e0	5.44e2	3768	460	460	5000	115	2	0.43	1	0.02
351	/Users/ranjithpapareddy/Desktop/Desktop-Ranjith-iMac/forGIT/UFMylation_Ribosome_stalling_RNA_Splicing/Part4_Splicing_Analysis/data/motifs/CisBP_Human_All.meme	M00609_2.00	MKRN1	NNNNSYGUAAAKUGUAGBBNNN	9.29e-1	1.00e0	5.44e2	50	460	460	5000	2.15	1	0.22	29	0.58
352	/Users/ranjithpapareddy/Desktop/Desktop-Ranjith-iMac/forGIT/UFMylation_Ribosome_stalling_RNA_Splicing/Part4_Splicing_Analysis/data/motifs/CisBP_Human_All.meme	M00608_2.00	MEX3A	UDURUUUAUU	9.98e-1	1.00e0	5.44e2	3397	460	460	5000	27.9	1	0.22	70	1.40
353	/Users/ranjithpapareddy/Desktop/Desktop-Ranjith-iMac/forGIT/UFMylation_Ribosome_stalling_RNA_Splicing/Part4_Splicing_Analysis/data/motifs/CisBP_Human_All.meme	M00777_2.00	PUM1	UGUAW	4.02e-2	1.00e0	5.44e2	2734	460	460	5000	2.92	18	3.91	120	2.40
354	/Users/ranjithpapareddy/Desktop/Desktop-Ranjith-iMac/forGIT/UFMylation_Ribosome_stalling_RNA_Splicing/Part4_Splicing_Analysis/data/motifs/CisBP_Human_All.meme	M00582_2.00	ELAVL4	KUUURKUUKD	1.58e-1	1.00e0	5.44e2	3694	460	460	5000	12.9	9	1.96	64	1.28
355	/Users/ranjithpapareddy/Desktop/Desktop-Ranjith-iMac/forGIT/UFMylation_Ribosome_stalling_RNA_Splicing/Part4_Splicing_Analysis/data/motifs/CisBP_Human_All.meme	M00558_2.00	PUM2	UGUAAAUA	2.82e-1	1.00e0	5.44e2	1939	460	460	5000	34.9	4	0.87	28	0.56
356	/Users/ranjithpapareddy/Desktop/Desktop-Ranjith-iMac/forGIT/UFMylation_Ribosome_stalling_RNA_Splicing/Part4_Splicing_Analysis/data/motifs/CisBP_Human_All.meme	M00130_2.00	ELAVL1	UUUGUUU	1.91e-2	1.00e0	5.44e2	3706	460	460	5000	14.7	8	1.74	33	0.66
357	/Users/ranjithpapareddy/Desktop/Desktop-Ranjith-iMac/forGIT/UFMylation_Ribosome_stalling_RNA_Splicing/Part4_Splicing_Analysis/data/motifs/CisBP_Human_All.meme	M12992_2.00	PABPC1L	GAAAAAAR	4.69e-1	1.00e0	5.44e2	3732	460	460	5000	58.4	3	0.65	27	0.54
358	/Users/ranjithpapareddy/Desktop/Desktop-Ranjith-iMac/forGIT/UFMylation_Ribosome_stalling_RNA_Splicing/Part4_Splicing_Analysis/data/motifs/CisBP_Human_All.meme	M00602_2.00	LARP6	GUGUCUGYUKKBBYGAAGUCH	4.60e-1	1.00e0	5.44e2	432	460	460	5000	57.6	1	0.22	6	0.12
359	/Users/ranjithpapareddy/Desktop/Desktop-Ranjith-iMac/forGIT/UFMylation_Ribosome_stalling_RNA_Splicing/Part4_Splicing_Analysis/data/motifs/CisBP_Human_All.meme	M00179_2.00	AC009690.3	UGUGUGU	6.24e-2	1.00e0	5.44e2	3409	460	460	5000	26.4	5	1.09	21	0.42
360	/Users/ranjithpapareddy/Desktop/Desktop-Ranjith-iMac/forGIT/UFMylation_Ribosome_stalling_RNA_Splicing/Part4_Splicing_Analysis/data/motifs/CisBP_Human_All.meme	M00217_2.00	SF3B4	NCAAAAG	2.62e-1	1.00e0	5.44e2	2253	460	460	5000	15.3	4	0.87	27	0.54
361	/Users/ranjithpapareddy/Desktop/Desktop-Ranjith-iMac/forGIT/UFMylation_Ribosome_stalling_RNA_Splicing/Part4_Splicing_Analysis/data/motifs/CisBP_Human_All.meme	M00588_2.00	HNRNPA0	KUAGGUKUAGGU	5.93e-1	1.00e0	5.44e2	723	460	460	5000	5.8	11	2.39	124	2.48
362	/Users/ranjithpapareddy/Desktop/Desktop-Ranjith-iMac/forGIT/UFMylation_Ribosome_stalling_RNA_Splicing/Part4_Splicing_Analysis/data/motifs/CisBP_Human_All.meme	M00589_2.00	HNRNPA1L2	KUAGGUUAGGGW	1.23e-1	1.00e0	5.44e2	616	460	460	5000	28.8	4	0.87	19	0.38
363	/Users/ranjithpapareddy/Desktop/Desktop-Ranjith-iMac/forGIT/UFMylation_Ribosome_stalling_RNA_Splicing/Part4_Splicing_Analysis/data/motifs/CisBP_Human_All.meme	M00674_2.00	SNRPB2	GGGUGUGCAC	4.60e-1	1.00e0	5.44e2	362	460	460	5000	124	1	0.22	6	0.12
364	/Users/ranjithpapareddy/Desktop/Desktop-Ranjith-iMac/forGIT/UFMylation_Ribosome_stalling_RNA_Splicing/Part4_Splicing_Analysis/data/motifs/CisBP_Human_All.meme	M00675_2.00	SNRPB2	KSCAUUGCACN	9.76e-1	1.00e0	5.44e2	1329	460	460	5000	69.3	1	0.22	41	0.82
365	/Users/ranjithpapareddy/Desktop/Desktop-Ranjith-iMac/forGIT/UFMylation_Ribosome_stalling_RNA_Splicing/Part4_Splicing_Analysis/data/motifs/CisBP_Human_All.meme	M00174_2.00	FXR1	AAYGACRA	1.61e-1	1.00e0	5.44e2	1159	460	460	5000	38.9	1	0.22	1	0.02
366	/Users/ranjithpapareddy/Desktop/Desktop-Ranjith-iMac/forGIT/UFMylation_Ribosome_stalling_RNA_Splicing/Part4_Splicing_Analysis/data/motifs/CisBP_Human_All.meme	M00528_2.00	ELAVL2	WUUYAUUUU	7.80e-2	1.00e0	5.44e2	3044	460	460	5000	65	10	2.17	62	1.24
367	/Users/ranjithpapareddy/Desktop/Desktop-Ranjith-iMac/forGIT/UFMylation_Ribosome_stalling_RNA_Splicing/Part4_Splicing_Analysis/data/motifs/CisBP_Human_All.meme	M00706_2.00	A1CF	UAAUUA	1.38e-1	1.00e0	5.44e2	3221	460	460	5000	3.56	21	4.57	173	3.46
368	/Users/ranjithpapareddy/Desktop/Desktop-Ranjith-iMac/forGIT/UFMylation_Ribosome_stalling_RNA_Splicing/Part4_Splicing_Analysis/data/motifs/CisBP_Human_All.meme	M00561_2.00	BOLL	KUGUUGUGUUKK	1.08e-1	1.00e0	5.44e2	3473	460	460	5000	54.6	3	0.65	11	0.22
369	/Users/ranjithpapareddy/Desktop/Desktop-Ranjith-iMac/forGIT/UFMylation_Ribosome_stalling_RNA_Splicing/Part4_Splicing_Analysis/data/motifs/CisBP_Human_All.meme	M00707_2.00	BOLL	UUUDUUU	2.41e-2	1.00e0	5.44e2	3966	460	460	5000	14.5	3	0.65	5	0.10
370	/Users/ranjithpapareddy/Desktop/Desktop-Ranjith-iMac/forGIT/UFMylation_Ribosome_stalling_RNA_Splicing/Part4_Splicing_Analysis/data/motifs/CisBP_Human_All.meme	M13067_2.00	RBM15	YWUUUUUS	4.01e-2	1.00e0	5.44e2	3725	460	460	5000	27	4	0.87	12	0.24
371	/Users/ranjithpapareddy/Desktop/Desktop-Ranjith-iMac/forGIT/UFMylation_Ribosome_stalling_RNA_Splicing/Part4_Splicing_Analysis/data/motifs/CisBP_Human_All.meme	M00034_2.00	CPEB2	CWUUUUU	4.38e-2	1.00e0	5.44e2	3821	460	460	5000	14.8	10	2.17	55	1.10
372	/Users/ranjithpapareddy/Desktop/Desktop-Ranjith-iMac/forGIT/UFMylation_Ribosome_stalling_RNA_Splicing/Part4_Splicing_Analysis/data/motifs/CisBP_Human_All.meme	M00035_2.00	DAZAP1	UAGGUAR	1.86e-2	1.00e0	5.44e2	2164	460	460	5000	3.51	13	2.83	69	1.38
373	/Users/ranjithpapareddy/Desktop/Desktop-Ranjith-iMac/forGIT/UFMylation_Ribosome_stalling_RNA_Splicing/Part4_Splicing_Analysis/data/motifs/CisBP_Human_All.meme	M00678_2.00	THUMPD1	UUCGUGGCUUG	8.80e-1	1.00e0	5.44e2	167	460	460	5000	1.49	7	1.52	111	2.22
374	/Users/ranjithpapareddy/Desktop/Desktop-Ranjith-iMac/forGIT/UFMylation_Ribosome_stalling_RNA_Splicing/Part4_Splicing_Analysis/data/motifs/CisBP_Human_All.meme	M00585_2.00	HEXIM1	GKDKCGACGGG	8.63e-1	1.00e0	5.44e2	69	460	460	5000	1.47	3	0.65	53	1.06
375	/Users/ranjithpapareddy/Desktop/Desktop-Ranjith-iMac/forGIT/UFMylation_Ribosome_stalling_RNA_Splicing/Part4_Splicing_Analysis/data/motifs/CisBP_Human_All.meme	M13118_2.00	AL109811.4	UGAAUGAR	1.42e-2	1.00e0	5.44e2	2659	460	460	5000	23.5	4	0.87	8	0.16
376	/Users/ranjithpapareddy/Desktop/Desktop-Ranjith-iMac/forGIT/UFMylation_Ribosome_stalling_RNA_Splicing/Part4_Splicing_Analysis/data/motifs/CisBP_Human_All.meme	M00517_2.00	SNRPA	AUUGCAC	5.12e-1	1.00e0	5.44e2	1086	460	460	5000	24.6	2	0.43	18	0.36
377	/Users/ranjithpapareddy/Desktop/Desktop-Ranjith-iMac/forGIT/UFMylation_Ribosome_stalling_RNA_Splicing/Part4_Splicing_Analysis/data/motifs/CisBP_Human_All.meme	M00771_2.00	ENSG00000238104	HAUAAR	9.01e-2	1.00e0	5.44e2	2957	460	460	5000	4.99	3	0.65	10	0.20
378	/Users/ranjithpapareddy/Desktop/Desktop-Ranjith-iMac/forGIT/UFMylation_Ribosome_stalling_RNA_Splicing/Part4_Splicing_Analysis/data/motifs/CisBP_Human_All.meme	M00516_2.00	SNRPA	AUUGCAC	5.39e-1	1.00e0	5.44e2	1353	460	460	5000	16.6	2	0.43	19	0.38
379	/Users/ranjithpapareddy/Desktop/Desktop-Ranjith-iMac/forGIT/UFMylation_Ribosome_stalling_RNA_Splicing/Part4_Splicing_Analysis/data/motifs/CisBP_Human_All.meme	M00099_2.00	U2AF2	UUUUUUC	1.26e-2	1.00e0	5.44e2	3809	460	460	5000	35.3	6	1.30	18	0.36
380	/Users/ranjithpapareddy/Desktop/Desktop-Ranjith-iMac/forGIT/UFMylation_Ribosome_stalling_RNA_Splicing/Part4_Splicing_Analysis/data/motifs/CisBP_Human_All.meme	M00631_2.00	RBM38	UGGUGUGUGUGKKD	8.29e-1	1.00e0	5.44e2	1905	460	460	5000	697	1	0.22	19	0.38
381	/Users/ranjithpapareddy/Desktop/Desktop-Ranjith-iMac/forGIT/UFMylation_Ribosome_stalling_RNA_Splicing/Part4_Splicing_Analysis/data/motifs/CisBP_Human_All.meme	M13058_2.00	SRSF12	AGAGAAA	1.71e-2	1.00e0	5.44e2	3454	460	460	5000	17.2	10	2.17	46	0.92
382	/Users/ranjithpapareddy/Desktop/Desktop-Ranjith-iMac/forGIT/UFMylation_Ribosome_stalling_RNA_Splicing/Part4_Splicing_Analysis/data/motifs/CisBP_Human_All.meme	M00191_2.00	HNRNPLL	ACACACA	8.42e-2	1.00e0	5.44e2	2594	460	460	5000	352	1	0.22	0	0.00
383	/Users/ranjithpapareddy/Desktop/Desktop-Ranjith-iMac/forGIT/UFMylation_Ribosome_stalling_RNA_Splicing/Part4_Splicing_Analysis/data/motifs/CisBP_Human_All.meme	M00738_2.00	HNRNPDL	UAAUU	6.99e-2	1.00e0	5.44e2	3357	460	460	5000	9.03	4	0.87	15	0.30
384	/Users/ranjithpapareddy/Desktop/Desktop-Ranjith-iMac/forGIT/UFMylation_Ribosome_stalling_RNA_Splicing/Part4_Splicing_Analysis/data/motifs/CisBP_Human_All.meme	M00739_2.00	HNRNPDL	UAUAU	3.45e-1	1.00e0	5.44e2	2423	460	460	5000	9.36	5	1.09	41	0.82
385	/Users/ranjithpapareddy/Desktop/Desktop-Ranjith-iMac/forGIT/UFMylation_Ribosome_stalling_RNA_Splicing/Part4_Splicing_Analysis/data/motifs/CisBP_Human_All.meme	M00696_2.00	ZCRB1	GUMUUAAKG	3.33e-1	1.00e0	5.44e2	1356	460	460	5000	14.7	2	0.43	12	0.24
386	/Users/ranjithpapareddy/Desktop/Desktop-Ranjith-iMac/forGIT/UFMylation_Ribosome_stalling_RNA_Splicing/Part4_Splicing_Analysis/data/motifs/CisBP_Human_All.meme	M00697_2.00	ZCRB1	GUGGACUUAA	4.55e-1	1.00e0	5.44e2	347	460	460	5000	31.3	2	0.43	16	0.32
387	/Users/ranjithpapareddy/Desktop/Desktop-Ranjith-iMac/forGIT/UFMylation_Ribosome_stalling_RNA_Splicing/Part4_Splicing_Analysis/data/motifs/CisBP_Human_All.meme	M00258_2.00	SYNCRIP	CAAAAAG	1.61e-1	1.00e0	5.44e2	3803	460	460	5000	27.7	1	0.22	1	0.02
388	/Users/ranjithpapareddy/Desktop/Desktop-Ranjith-iMac/forGIT/UFMylation_Ribosome_stalling_RNA_Splicing/Part4_Splicing_Analysis/data/motifs/CisBP_Human_All.meme	M00605_2.00	MEX3A	UAKAGUUUAU	8.20e-1	1.00e0	5.44e2	2690	460	460	5000	17	2	0.43	34	0.68
389	/Users/ranjithpapareddy/Desktop/Desktop-Ranjith-iMac/forGIT/UFMylation_Ribosome_stalling_RNA_Splicing/Part4_Splicing_Analysis/data/motifs/CisBP_Human_All.meme	M00077_2.00	RBMS3	AUAUAUM	6.65e-1	1.00e0	5.44e2	2343	460	460	5000	9.79	6	1.30	73	1.46
390	/Users/ranjithpapareddy/Desktop/Desktop-Ranjith-iMac/forGIT/UFMylation_Ribosome_stalling_RNA_Splicing/Part4_Splicing_Analysis/data/motifs/CisBP_Human_All.meme	M00829_2.00	UNK	HUUAGBW	1.29e-1	1.00e0	5.44e2	2039	460	460	5000	2.3	8	1.74	52	1.04
391	/Users/ranjithpapareddy/Desktop/Desktop-Ranjith-iMac/forGIT/UFMylation_Ribosome_stalling_RNA_Splicing/Part4_Splicing_Analysis/data/motifs/CisBP_Human_All.meme	M00828_2.00	TRNAU1AP	AUUUA	2.09e-2	1.00e0	5.44e2	3269	460	460	5000	5.09	14	3.04	78	1.56
392	/Users/ranjithpapareddy/Desktop/Desktop-Ranjith-iMac/forGIT/UFMylation_Ribosome_stalling_RNA_Splicing/Part4_Splicing_Analysis/data/motifs/CisBP_Human_All.meme	M00109_2.00	SRSF10	AGAGARR	6.63e-2	1.00e0	5.44e2	4115	460	460	5000	9.69	23	5.00	174	3.48
393	/Users/ranjithpapareddy/Desktop/Desktop-Ranjith-iMac/forGIT/UFMylation_Ribosome_stalling_RNA_Splicing/Part4_Splicing_Analysis/data/motifs/CisBP_Human_All.meme	M00049_2.00	HNRNPL	ACACACA	8.42e-2	1.00e0	5.44e2	3534	460	460	5000	229	1	0.22	0	0.00
394	/Users/ranjithpapareddy/Desktop/Desktop-Ranjith-iMac/forGIT/UFMylation_Ribosome_stalling_RNA_Splicing/Part4_Splicing_Analysis/data/motifs/CisBP_Human_All.meme	M13112_2.00	ENSG00000274081	UUUUUUU	2.01e-2	1.00e0	5.44e2	3818	460	460	5000	132	2	0.43	1	0.02
395	/Users/ranjithpapareddy/Desktop/Desktop-Ranjith-iMac/forGIT/UFMylation_Ribosome_stalling_RNA_Splicing/Part4_Splicing_Analysis/data/motifs/CisBP_Human_All.meme	M00415_2.00	ENSG00000274081	UUUUUUU	2.01e-2	1.00e0	5.44e2	3890	460	460	5000	101	2	0.43	1	0.02
396	/Users/ranjithpapareddy/Desktop/Desktop-Ranjith-iMac/forGIT/UFMylation_Ribosome_stalling_RNA_Splicing/Part4_Splicing_Analysis/data/motifs/CisBP_Human_All.meme	M00414_2.00	RBM34	WUUGACR	1.03e-1	1.00e0	5.44e2	1459	460	460	5000	3.96	5	1.09	25	0.50
397	/Users/ranjithpapareddy/Desktop/Desktop-Ranjith-iMac/forGIT/UFMylation_Ribosome_stalling_RNA_Splicing/Part4_Splicing_Analysis/data/motifs/CisBP_Human_All.meme	M00577_2.00	DAZAP1	UUAGGUUAGK	7.56e-1	1.00e0	5.44e2	1795	460	460	5000	12.7	1	0.22	15	0.30
398	/Users/ranjithpapareddy/Desktop/Desktop-Ranjith-iMac/forGIT/UFMylation_Ribosome_stalling_RNA_Splicing/Part4_Splicing_Analysis/data/motifs/CisBP_Human_All.meme	M00023_2.00	A1CF	WUAAUUR	1.03e-1	1.00e0	5.44e2	2535	460	460	5000	11.1	5	1.09	25	0.50
399	/Users/ranjithpapareddy/Desktop/Desktop-Ranjith-iMac/forGIT/UFMylation_Ribosome_stalling_RNA_Splicing/Part4_Splicing_Analysis/data/motifs/CisBP_Human_All.meme	M00619_2.00	PUM2	DUGUAAAUAGKK	5.45e-2	1.00e0	5.44e2	1771	460	460	5000	31.8	6	1.30	27	0.54
400	/Users/ranjithpapareddy/Desktop/Desktop-Ranjith-iMac/forGIT/UFMylation_Ribosome_stalling_RNA_Splicing/Part4_Splicing_Analysis/data/motifs/CisBP_Human_All.meme	M00618_2.00	PUM2	DDURUAYAGD	1.79e-2	1.00e0	5.44e2	2539	460	460	5000	17.9	5	1.09	14	0.28
401	/Users/ranjithpapareddy/Desktop/Desktop-Ranjith-iMac/forGIT/UFMylation_Ribosome_stalling_RNA_Splicing/Part4_Splicing_Analysis/data/motifs/CisBP_Human_All.meme	M00782_2.00	RBM15B	UUUUWUUU	3.79e-2	1.00e0	5.44e2	3900	460	460	5000	31.8	2	0.43	2	0.04
402	/Users/ranjithpapareddy/Desktop/Desktop-Ranjith-iMac/forGIT/UFMylation_Ribosome_stalling_RNA_Splicing/Part4_Splicing_Analysis/data/motifs/CisBP_Human_All.meme	M00834_2.00	ZNF326	MUAUDW	1.14e-1	1.00e0	5.44e2	2611	460	460	5000	4.09	7	1.52	42	0.84
403	/Users/ranjithpapareddy/Desktop/Desktop-Ranjith-iMac/forGIT/UFMylation_Ribosome_stalling_RNA_Splicing/Part4_Splicing_Analysis/data/motifs/CisBP_Human_All.meme	M00758_2.00	MSI1	WWUAGWW	8.80e-2	1.00e0	5.44e2	2449	460	460	5000	2.87	7	1.52	39	0.78
404	/Users/ranjithpapareddy/Desktop/Desktop-Ranjith-iMac/forGIT/UFMylation_Ribosome_stalling_RNA_Splicing/Part4_Splicing_Analysis/data/motifs/CisBP_Human_All.meme	M00436_2.00	M00436_2.00	AUAAWAG	3.06e-1	1.00e0	5.44e2	3170	460	460	5000	8.94	7	1.52	58	1.16
405	/Users/ranjithpapareddy/Desktop/Desktop-Ranjith-iMac/forGIT/UFMylation_Ribosome_stalling_RNA_Splicing/Part4_Splicing_Analysis/data/motifs/CisBP_Human_All.meme	M00651_2.00	RBMY1D	NNGCGCAAGAGCV	2.68e-2	1.00e0	5.44e2	1363	460	460	5000	5.49	10	2.17	50	1.00
406	/Users/ranjithpapareddy/Desktop/Desktop-Ranjith-iMac/forGIT/UFMylation_Ribosome_stalling_RNA_Splicing/Part4_Splicing_Analysis/data/motifs/CisBP_Human_All.meme	M00549_2.00	SRSF1	AGGACRGAGC	3.40e-2	1.00e0	5.44e2	1460	460	460	5000	85	3	0.65	6	0.12
407	/Users/ranjithpapareddy/Desktop/Desktop-Ranjith-iMac/forGIT/UFMylation_Ribosome_stalling_RNA_Splicing/Part4_Splicing_Analysis/data/motifs/CisBP_Human_All.meme	M00548_2.00	ZFP36L1	UUAUUUAWU	7.09e-1	1.00e0	5.44e2	2611	460	460	5000	94.9	1	0.22	13	0.26
408	/Users/ranjithpapareddy/Desktop/Desktop-Ranjith-iMac/forGIT/UFMylation_Ribosome_stalling_RNA_Splicing/Part4_Splicing_Analysis/data/motifs/CisBP_Human_All.meme	M00186_2.00	RBMS3	UAUAUAB	4.84e-1	1.00e0	5.44e2	2602	460	460	5000	5.64	15	3.26	157	3.14
409	/Users/ranjithpapareddy/Desktop/Desktop-Ranjith-iMac/forGIT/UFMylation_Ribosome_stalling_RNA_Splicing/Part4_Splicing_Analysis/data/motifs/CisBP_Human_All.meme	M00232_2.00	M00232_2.00	UAGAUAG	3.34e-1	1.00e0	5.44e2	2189	460	460	5000	3.53	8	1.74	70	1.40
410	/Users/ranjithpapareddy/Desktop/Desktop-Ranjith-iMac/forGIT/UFMylation_Ribosome_stalling_RNA_Splicing/Part4_Splicing_Analysis/data/motifs/CisBP_Human_All.meme	M00054_2.00	IGF2BP2	AMAWACA	4.78e-2	1.00e0	5.44e2	3865	460	460	5000	9.95	6	1.30	26	0.52
411	/Users/ranjithpapareddy/Desktop/Desktop-Ranjith-iMac/forGIT/UFMylation_Ribosome_stalling_RNA_Splicing/Part4_Splicing_Analysis/data/motifs/CisBP_Human_All.meme	M13006_2.00	SRSF3	AACAACG	4.74e-2	1.00e0	5.44e2	782	460	460	5000	2.1	23	5.00	167	3.34
412	/Users/ranjithpapareddy/Desktop/Desktop-Ranjith-iMac/forGIT/UFMylation_Ribosome_stalling_RNA_Splicing/Part4_Splicing_Analysis/data/motifs/CisBP_Human_All.meme	M00592_2.00	ENSG00000282559	UUUUUGGUGG	5.06e-1	1.00e0	5.44e2	1095	460	460	5000	178	1	0.22	7	0.14
413	/Users/ranjithpapareddy/Desktop/Desktop-Ranjith-iMac/forGIT/UFMylation_Ribosome_stalling_RNA_Splicing/Part4_Splicing_Analysis/data/motifs/CisBP_Human_All.meme	M00168_2.00	PABPC4L	ARAAAAA	1.27e-1	1.00e0	5.44e2	3784	460	460	5000	85.4	3	0.65	12	0.24
414	/Users/ranjithpapareddy/Desktop/Desktop-Ranjith-iMac/forGIT/UFMylation_Ribosome_stalling_RNA_Splicing/Part4_Splicing_Analysis/data/motifs/CisBP_Human_All.meme	M00752_2.00	KHDRBS3	WWUAAA	3.29e-2	1.00e0	5.44e2	3426	460	460	5000	8.15	5	1.09	17	0.34
415	/Users/ranjithpapareddy/Desktop/Desktop-Ranjith-iMac/forGIT/UFMylation_Ribosome_stalling_RNA_Splicing/Part4_Splicing_Analysis/data/motifs/CisBP_Human_All.meme	M00753_2.00	KHSRP	UGUWU	5.77e-2	1.00e0	5.44e2	3285	460	460	5000	3.4	28	6.09	217	4.34
416	/Users/ranjithpapareddy/Desktop/Desktop-Ranjith-iMac/forGIT/UFMylation_Ribosome_stalling_RNA_Splicing/Part4_Splicing_Analysis/data/motifs/CisBP_Human_All.meme	M00613_2.00	NOVA2	UCAUUCAU	1.38e-1	1.00e0	5.44e2	2131	460	460	5000	10.4	6	1.30	36	0.72
417	/Users/ranjithpapareddy/Desktop/Desktop-Ranjith-iMac/forGIT/UFMylation_Ribosome_stalling_RNA_Splicing/Part4_Splicing_Analysis/data/motifs/CisBP_Human_All.meme	M00612_2.00	MSI2	GUAGUDKDGUAGK	2.97e-1	1.00e0	5.44e2	2072	460	460	5000	37.6	1	0.22	3	0.06
418	/Users/ranjithpapareddy/Desktop/Desktop-Ranjith-iMac/forGIT/UFMylation_Ribosome_stalling_RNA_Splicing/Part4_Splicing_Analysis/data/motifs/CisBP_Human_All.meme	M00681_2.00	YBX1	NBGCCAYRHCAUCGYSN	6.18e-1	1.00e0	5.44e2	172	460	460	5000	2.97	4	0.87	46	0.92
419	/Users/ranjithpapareddy/Desktop/Desktop-Ranjith-iMac/forGIT/UFMylation_Ribosome_stalling_RNA_Splicing/Part4_Splicing_Analysis/data/motifs/CisBP_Human_All.meme	M00156_2.00	M00156_2.00	GAUCAAGA	1.35e-1	1.00e0	5.44e2	2081	460	460	5000	2.66	22	4.78	182	3.64
420	/Users/ranjithpapareddy/Desktop/Desktop-Ranjith-iMac/forGIT/UFMylation_Ribosome_stalling_RNA_Splicing/Part4_Splicing_Analysis/data/motifs/CisBP_Human_All.meme	M13104_2.00	BCL2L2-PABPN1	RAAAAGAH	1.16e-1	1.00e0	5.44e2	3653	460	460	5000	18.9	6	1.30	34	0.68
421	/Users/ranjithpapareddy/Desktop/Desktop-Ranjith-iMac/forGIT/UFMylation_Ribosome_stalling_RNA_Splicing/Part4_Splicing_Analysis/data/motifs/CisBP_Human_All.meme	M00599_2.00	KHDRBS1	UAAUAGU	2.97e-1	1.00e0	5.44e2	2625	460	460	5000	27.4	1	0.22	3	0.06
422	/Users/ranjithpapareddy/Desktop/Desktop-Ranjith-iMac/forGIT/UFMylation_Ribosome_stalling_RNA_Splicing/Part4_Splicing_Analysis/data/motifs/CisBP_Human_All.meme	M00665_2.00	RC3H2	NKYURCGUUUUAGKAGBN	4.92e-1	1.00e0	5.44e2	198	460	460	5000	7.18	3	0.65	28	0.56
423	/Users/ranjithpapareddy/Desktop/Desktop-Ranjith-iMac/forGIT/UFMylation_Ribosome_stalling_RNA_Splicing/Part4_Splicing_Analysis/data/motifs/CisBP_Human_All.meme	M00084_2.00	SART3	ARAAAAA	1.27e-1	1.00e0	5.44e2	3785	460	460	5000	85.3	3	0.65	12	0.24
424	/Users/ranjithpapareddy/Desktop/Desktop-Ranjith-iMac/forGIT/UFMylation_Ribosome_stalling_RNA_Splicing/Part4_Splicing_Analysis/data/motifs/CisBP_Human_All.meme	M00725_2.00	FUBP1	UDUUU	1.10e-2	1.00e0	5.44e2	3920	460	460	5000	14	5	1.09	12	0.24
425	/Users/ranjithpapareddy/Desktop/Desktop-Ranjith-iMac/forGIT/UFMylation_Ribosome_stalling_RNA_Splicing/Part4_Splicing_Analysis/data/motifs/CisBP_Human_All.meme	M00543_2.00	SNRPA	GWUWCCWGCUA	3.33e-1	1.00e0	5.44e2	427	460	460	5000	47.4	2	0.43	12	0.24
426	/Users/ranjithpapareddy/Desktop/Desktop-Ranjith-iMac/forGIT/UFMylation_Ribosome_stalling_RNA_Splicing/Part4_Splicing_Analysis/data/motifs/CisBP_Human_All.meme	M00600_2.00	KHDRBS2	UAAACARUAA	8.13e-1	1.00e0	5.44e2	3681	460	460	5000	17.3	1	0.22	18	0.36
427	/Users/ranjithpapareddy/Desktop/Desktop-Ranjith-iMac/forGIT/UFMylation_Ribosome_stalling_RNA_Splicing/Part4_Splicing_Analysis/data/motifs/CisBP_Human_All.meme	M00601_2.00	KHDRBS3	UAAWNDDDDDDUAAD	8.42e-2	1.00e0	5.44e2	3890	460	460	5000	283	1	0.22	0	0.00
428	/Users/ranjithpapareddy/Desktop/Desktop-Ranjith-iMac/forGIT/UFMylation_Ribosome_stalling_RNA_Splicing/Part4_Splicing_Analysis/data/motifs/CisBP_Human_All.meme	M00467_2.00	ZFP36L1	AAHAARBAAAG	9.98e-1	1.00e0	5.44e2	1247	460	460	5000	268	1	0.22	67	1.34
429	/Users/ranjithpapareddy/Desktop/Desktop-Ranjith-iMac/forGIT/UFMylation_Ribosome_stalling_RNA_Splicing/Part4_Splicing_Analysis/data/motifs/CisBP_Human_All.meme	M00708_2.00	BOLL	GUGUUA	1.79e-2	1.00e0	5.44e2	2143	460	460	5000	6.6	5	1.09	14	0.28
430	/Users/ranjithpapareddy/Desktop/Desktop-Ranjith-iMac/forGIT/UFMylation_Ribosome_stalling_RNA_Splicing/Part4_Splicing_Analysis/data/motifs/CisBP_Human_All.meme	M00073_2.00	RBM41	WUACWUU	1.47e-1	1.00e0	5.44e2	2639	460	460	5000	10	3	0.65	13	0.26
431	/Users/ranjithpapareddy/Desktop/Desktop-Ranjith-iMac/forGIT/UFMylation_Ribosome_stalling_RNA_Splicing/Part4_Splicing_Analysis/data/motifs/CisBP_Human_All.meme	M00527_2.00	ELAVL2	UUUUAUUUW	6.67e-1	1.00e0	5.44e2	3264	460	460	5000	59.9	7	1.52	85	1.70
432	/Users/ranjithpapareddy/Desktop/Desktop-Ranjith-iMac/forGIT/UFMylation_Ribosome_stalling_RNA_Splicing/Part4_Splicing_Analysis/data/motifs/CisBP_Human_All.meme	M00526_2.00	ELAVL2	HUYMUUUWUWUUYK	4.69e-1	1.00e0	5.44e2	3668	460	460	5000	65.6	3	0.65	27	0.54
433	/Users/ranjithpapareddy/Desktop/Desktop-Ranjith-iMac/forGIT/UFMylation_Ribosome_stalling_RNA_Splicing/Part4_Splicing_Analysis/data/motifs/CisBP_Human_All.meme	M00097_2.00	TIA1	UUUUUUG	2.01e-2	1.00e0	5.44e2	3672	460	460	5000	48.8	2	0.43	1	0.02
434	/Users/ranjithpapareddy/Desktop/Desktop-Ranjith-iMac/forGIT/UFMylation_Ribosome_stalling_RNA_Splicing/Part4_Splicing_Analysis/data/motifs/CisBP_Human_All.meme	M00458_2.00	M00458_2.00	GCCABAMCAYCGC	4.26e-1	1.00e0	5.44e2	67	460	460	5000	5.04	2	0.43	15	0.30
435	/Users/ranjithpapareddy/Desktop/Desktop-Ranjith-iMac/forGIT/UFMylation_Ribosome_stalling_RNA_Splicing/Part4_Splicing_Analysis/data/motifs/CisBP_Human_All.meme	M00737_2.00	HNRNPD	UAUUAN	8.42e-2	1.00e0	5.44e2	3385	460	460	5000	11.3	1	0.22	0	0.00
436	/Users/ranjithpapareddy/Desktop/Desktop-Ranjith-iMac/forGIT/UFMylation_Ribosome_stalling_RNA_Splicing/Part4_Splicing_Analysis/data/motifs/CisBP_Human_All.meme	M00551_2.00	SRSF7	ACGAGAGAH	1.34e-1	1.00e0	5.44e2	397	460	460	5000	4.28	7	1.52	44	0.88
437	/Users/ranjithpapareddy/Desktop/Desktop-Ranjith-iMac/forGIT/UFMylation_Ribosome_stalling_RNA_Splicing/Part4_Splicing_Analysis/data/motifs/CisBP_Human_All.meme	M00677_2.00	TARDBP	GUGUGAGUGUG	7.32e-1	1.00e0	5.44e2	2246	460	460	5000	167	4	0.87	54	1.08
438	/Users/ranjithpapareddy/Desktop/Desktop-Ranjith-iMac/forGIT/UFMylation_Ribosome_stalling_RNA_Splicing/Part4_Splicing_Analysis/data/motifs/CisBP_Human_All.meme	M00411_2.00	ELAVL2	UUAUUUU	1.61e-1	1.00e0	5.44e2	3719	460	460	5000	60.9	1	0.22	1	0.02
439	/Users/ranjithpapareddy/Desktop/Desktop-Ranjith-iMac/forGIT/UFMylation_Ribosome_stalling_RNA_Splicing/Part4_Splicing_Analysis/data/motifs/CisBP_Human_All.meme	M00676_2.00	TARDBP	GUGUGARUGK	4.84e-1	1.00e0	5.44e2	1711	460	460	5000	100	2	0.43	17	0.34
440	/Users/ranjithpapareddy/Desktop/Desktop-Ranjith-iMac/forGIT/UFMylation_Ribosome_stalling_RNA_Splicing/Part4_Splicing_Analysis/data/motifs/CisBP_Human_All.meme	M13116_2.00	ENSG00000277445	NUUUUUUA	1.42e-2	1.00e0	5.44e2	3660	460	460	5000	53.8	4	0.87	8	0.16
441	/Users/ranjithpapareddy/Desktop/Desktop-Ranjith-iMac/forGIT/UFMylation_Ribosome_stalling_RNA_Splicing/Part4_Splicing_Analysis/data/motifs/CisBP_Human_All.meme	M00144_2.00	MEX3A	AGAGUAUR	2.85e-2	1.00e0	5.44e2	3679	460	460	5000	3.05	16	3.48	98	1.96
442	/Users/ranjithpapareddy/Desktop/Desktop-Ranjith-iMac/forGIT/UFMylation_Ribosome_stalling_RNA_Splicing/Part4_Splicing_Analysis/data/motifs/CisBP_Human_All.meme	M00827_2.00	TRNAU1AP	UUUUWUU	9.79e-3	1.00e0	5.44e2	3837	460	460	5000	24.6	3	0.65	3	0.06
443	/Users/ranjithpapareddy/Desktop/Desktop-Ranjith-iMac/forGIT/UFMylation_Ribosome_stalling_RNA_Splicing/Part4_Splicing_Analysis/data/motifs/CisBP_Human_All.meme	M00642_2.00	RBMS1	UUAUAAUCAAC	5.75e-1	1.00e0	5.44e2	504	460	460	5000	19.5	3	0.65	32	0.64
444	/Users/ranjithpapareddy/Desktop/Desktop-Ranjith-iMac/forGIT/UFMylation_Ribosome_stalling_RNA_Splicing/Part4_Splicing_Analysis/data/motifs/CisBP_Human_All.meme	M00171_2.00	CPEB4	CUUUUUU	3.79e-2	1.00e0	5.44e2	3650	460	460	5000	77.9	2	0.43	2	0.04
445	/Users/ranjithpapareddy/Desktop/Desktop-Ranjith-iMac/forGIT/UFMylation_Ribosome_stalling_RNA_Splicing/Part4_Splicing_Analysis/data/motifs/CisBP_Human_All.meme	M00698_2.00	ZFP36L1	KUAUUUAUGGUGG	9.99e-1	1.00e0	5.44e2	265	460	460	5000	6.13	1	0.22	74	1.48
446	/Users/ranjithpapareddy/Desktop/Desktop-Ranjith-iMac/forGIT/UFMylation_Ribosome_stalling_RNA_Splicing/Part4_Splicing_Analysis/data/motifs/CisBP_Human_All.meme	M00699_2.00	ZFP36L1	UUAUUUAUU	6.82e-1	1.00e0	5.44e2	1875	460	460	5000	185	1	0.22	12	0.24
447	/Users/ranjithpapareddy/Desktop/Desktop-Ranjith-iMac/forGIT/UFMylation_Ribosome_stalling_RNA_Splicing/Part4_Splicing_Analysis/data/motifs/CisBP_Human_All.meme	M00030_2.00	M00030_2.00	ACACAWA	8.42e-2	1.00e0	5.44e2	3469	460	460	5000	120	1	0.22	0	0.00
448	/Users/ranjithpapareddy/Desktop/Desktop-Ranjith-iMac/forGIT/UFMylation_Ribosome_stalling_RNA_Splicing/Part4_Splicing_Analysis/data/motifs/CisBP_Human_All.meme	M00564_2.00	CELF1	UGUGUKUGUGU	5.39e-1	1.00e0	5.44e2	3583	460	460	5000	168	2	0.43	19	0.38
449	/Users/ranjithpapareddy/Desktop/Desktop-Ranjith-iMac/forGIT/UFMylation_Ribosome_stalling_RNA_Splicing/Part4_Splicing_Analysis/data/motifs/CisBP_Human_All.meme	M00565_2.00	CELF3	KGUGUKDGUGK	7.56e-1	1.00e0	5.44e2	2980	460	460	5000	208	1	0.22	15	0.30
450	/Users/ranjithpapareddy/Desktop/Desktop-Ranjith-iMac/forGIT/UFMylation_Ribosome_stalling_RNA_Splicing/Part4_Splicing_Analysis/data/motifs/CisBP_Human_All.meme	M00790_2.00	RBM41	UACWU	3.29e-2	1.00e0	5.44e2	2115	460	460	5000	3.6	10	2.17	52	1.04
451	/Users/ranjithpapareddy/Desktop/Desktop-Ranjith-iMac/forGIT/UFMylation_Ribosome_stalling_RNA_Splicing/Part4_Splicing_Analysis/data/motifs/CisBP_Human_All.meme	M00775_2.00	ENSG00000274081	UUUYU	1.61e-2	1.00e0	5.44e2	4192	460	460	5000	18.1	3	0.65	4	0.08
452	/Users/ranjithpapareddy/Desktop/Desktop-Ranjith-iMac/forGIT/UFMylation_Ribosome_stalling_RNA_Splicing/Part4_Splicing_Analysis/data/motifs/CisBP_Human_All.meme	M00581_2.00	ELAVL3	DUUUUKD	1.92e-2	1.00e0	5.44e2	3743	460	460	5000	5.66	4	0.87	9	0.18
453	/Users/ranjithpapareddy/Desktop/Desktop-Ranjith-iMac/forGIT/UFMylation_Ribosome_stalling_RNA_Splicing/Part4_Splicing_Analysis/data/motifs/CisBP_Human_All.meme	M00580_2.00	ELAVL1	UUUWUGDKUU	8.42e-2	1.00e0	5.44e2	3630	460	460	5000	97.2	1	0.22	0	0.00
454	/Users/ranjithpapareddy/Desktop/Desktop-Ranjith-iMac/forGIT/UFMylation_Ribosome_stalling_RNA_Splicing/Part4_Splicing_Analysis/data/motifs/CisBP_Human_All.meme	M13087_2.00	PABPC1L2B	GAAAAARR	4.92e-1	1.00e0	5.44e2	3668	460	460	5000	61.2	3	0.65	28	0.56
455	/Users/ranjithpapareddy/Desktop/Desktop-Ranjith-iMac/forGIT/UFMylation_Ribosome_stalling_RNA_Splicing/Part4_Splicing_Analysis/data/motifs/CisBP_Human_All.meme	M00106_2.00	ZC3H14	UUUGUUU	4.56e-2	1.00e0	5.44e2	3856	460	460	5000	33.7	3	0.65	7	0.14
456	/Users/ranjithpapareddy/Desktop/Desktop-Ranjith-iMac/forGIT/UFMylation_Ribosome_stalling_RNA_Splicing/Part4_Splicing_Analysis/data/motifs/CisBP_Human_All.meme	M00107_2.00	ZCRB1	GAMUUAAK	2.23e-2	1.00e0	5.44e2	2523	460	460	5000	9.05	5	1.09	15	0.30
457	/Users/ranjithpapareddy/Desktop/Desktop-Ranjith-iMac/forGIT/UFMylation_Ribosome_stalling_RNA_Splicing/Part4_Splicing_Analysis/data/motifs/CisBP_Human_All.meme	M00064_2.00	PABPC4L	AAAAAAA	2.82e-1	1.00e0	5.44e2	3651	460	460	5000	164	3	0.65	19	0.38
458	/Users/ranjithpapareddy/Desktop/Desktop-Ranjith-iMac/forGIT/UFMylation_Ribosome_stalling_RNA_Splicing/Part4_Splicing_Analysis/data/motifs/CisBP_Human_All.meme	M00530_2.00	SRSF2	UGUUCSAGAU	1.20e-1	1.00e0	5.44e2	611	460	460	5000	13.7	8	1.74	51	1.02
459	/Users/ranjithpapareddy/Desktop/Desktop-Ranjith-iMac/forGIT/UFMylation_Ribosome_stalling_RNA_Splicing/Part4_Splicing_Analysis/data/motifs/CisBP_Human_All.meme	M00579_2.00	DAZ2	BDGGUGUGCGCGUUUCCGCCMN	1.00e0	1.00e0	5.44e2	2	460	460	5000	1.82	0	0.00	1	0.02
460	/Users/ranjithpapareddy/Desktop/Desktop-Ranjith-iMac/forGIT/UFMylation_Ribosome_stalling_RNA_Splicing/Part4_Splicing_Analysis/data/motifs/CisBP_Human_All.meme	M00578_2.00	DAZ2	KUUKKDGUUD	1.24e-1	1.00e0	5.44e2	3980	460	460	5000	8.46	7	1.52	43	0.86
461	/Users/ranjithpapareddy/Desktop/Desktop-Ranjith-iMac/forGIT/UFMylation_Ribosome_stalling_RNA_Splicing/Part4_Splicing_Analysis/data/motifs/CisBP_Human_All.meme	M00617_2.00	PUM1	RUGUAAAUAG	1.61e-1	1.00e0	5.44e2	1085	460	460	5000	124	1	0.22	1	0.02
462	/Users/ranjithpapareddy/Desktop/Desktop-Ranjith-iMac/forGIT/UFMylation_Ribosome_stalling_RNA_Splicing/Part4_Splicing_Analysis/data/motifs/CisBP_Human_All.meme	M00342_2.00	PABPC1L2A	RAAAAAA	3.29e-1	1.00e0	5.44e2	3599	460	460	5000	95.6	3	0.65	21	0.42
463	/Users/ranjithpapareddy/Desktop/Desktop-Ranjith-iMac/forGIT/UFMylation_Ribosome_stalling_RNA_Splicing/Part4_Splicing_Analysis/data/motifs/CisBP_Human_All.meme	M00804_2.00	RC3H1	YAUAUUW	2.32e-1	1.00e0	5.44e2	3300	460	460	5000	13.1	1	0.22	2	0.04
464	/Users/ranjithpapareddy/Desktop/Desktop-Ranjith-iMac/forGIT/UFMylation_Ribosome_stalling_RNA_Splicing/Part4_Splicing_Analysis/data/motifs/CisBP_Human_All.meme	M00660_2.00	RBPMS	KCACRKKCACA	5.89e-2	1.00e0	5.44e2	1240	460	460	5000	69.9	3	0.65	8	0.16
465	/Users/ranjithpapareddy/Desktop/Desktop-Ranjith-iMac/forGIT/UFMylation_Ribosome_stalling_RNA_Splicing/Part4_Splicing_Analysis/data/motifs/CisBP_Human_All.meme	M00152_2.00	M00152_2.00	GAAAAHV	4.09e-1	1.00e0	5.44e2	3620	460	460	5000	7.3	13	2.83	128	2.56
466	/Users/ranjithpapareddy/Desktop/Desktop-Ranjith-iMac/forGIT/UFMylation_Ribosome_stalling_RNA_Splicing/Part4_Splicing_Analysis/data/motifs/CisBP_Human_All.meme	M13100_2.00	PABPC4L	GAAAAAAR	4.69e-1	1.00e0	5.44e2	3737	460	460	5000	58.2	3	0.65	27	0.54
467	/Users/ranjithpapareddy/Desktop/Desktop-Ranjith-iMac/forGIT/UFMylation_Ribosome_stalling_RNA_Splicing/Part4_Splicing_Analysis/data/motifs/CisBP_Human_All.meme	M00628_2.00	RBM24	GUGUGDGUGUG	7.94e-1	1.00e0	5.44e2	2704	460	460	5000	261	3	0.65	46	0.92
468	/Users/ranjithpapareddy/Desktop/Desktop-Ranjith-iMac/forGIT/UFMylation_Ribosome_stalling_RNA_Splicing/Part4_Splicing_Analysis/data/motifs/CisBP_Human_All.meme	M00348_2.00	M00348_2.00	UUACGUA	1.12e-1	1.00e0	5.44e2	371	460	460	5000	4.37	2	0.43	5	0.10
469	/Users/ranjithpapareddy/Desktop/Desktop-Ranjith-iMac/forGIT/UFMylation_Ribosome_stalling_RNA_Splicing/Part4_Splicing_Analysis/data/motifs/CisBP_Human_All.meme	M00787_2.00	RBM24	UUUUNUUUU	8.42e-2	1.00e0	5.44e2	4034	460	460	5000	43.1	1	0.22	0	0.00
470	/Users/ranjithpapareddy/Desktop/Desktop-Ranjith-iMac/forGIT/UFMylation_Ribosome_stalling_RNA_Splicing/Part4_Splicing_Analysis/data/motifs/CisBP_Human_All.meme	M00026_2.00	CELF4	UGUGUGU	4.17e-2	1.00e0	5.44e2	3796	460	460	5000	16	6	1.30	25	0.50
471	/Users/ranjithpapareddy/Desktop/Desktop-Ranjith-iMac/forGIT/UFMylation_Ribosome_stalling_RNA_Splicing/Part4_Splicing_Analysis/data/motifs/CisBP_Human_All.meme	M00714_2.00	DAZ2	UUKUUU	1.61e-2	1.00e0	5.44e2	3943	460	460	5000	22	3	0.65	4	0.08
473	/Users/ranjithpapareddy/Desktop/Desktop-Ranjith-iMac/forGIT/UFMylation_Ribosome_stalling_RNA_Splicing/Part4_Splicing_Analysis/data/motifs/CisBP_Human_All.meme	M00433_2.00	M00433_2.00	UUUUUYY	2.10e-2	1.00e0	5.44e2	3803	460	460	5000	29.6	7	1.52	27	0.54
474	/Users/ranjithpapareddy/Desktop/Desktop-Ranjith-iMac/forGIT/UFMylation_Ribosome_stalling_RNA_Splicing/Part4_Splicing_Analysis/data/motifs/CisBP_Human_All.meme	M00166_2.00	PABPC3	GAAAACM	7.58e-2	1.00e0	5.44e2	3477	460	460	5000	10	11	2.39	70	1.40
475	/Users/ranjithpapareddy/Desktop/Desktop-Ranjith-iMac/forGIT/UFMylation_Ribosome_stalling_RNA_Splicing/Part4_Splicing_Analysis/data/motifs/CisBP_Human_All.meme	M00830_2.00	UNK	YAUAGA	2.32e-1	1.00e0	5.44e2	1967	460	460	5000	3.03	12	2.61	100	2.00
476	/Users/ranjithpapareddy/Desktop/Desktop-Ranjith-iMac/forGIT/UFMylation_Ribosome_stalling_RNA_Splicing/Part4_Splicing_Analysis/data/motifs/CisBP_Human_All.meme	M00622_2.00	ENSG00000282559	KDVRKGGGUCUUWKUYUUAASYBNN	1.00e0	1.00e0	5.44e2	19	460	460	5000	1.07	0	0.00	19	0.38
477	/Users/ranjithpapareddy/Desktop/Desktop-Ranjith-iMac/forGIT/UFMylation_Ribosome_stalling_RNA_Splicing/Part4_Splicing_Analysis/data/motifs/CisBP_Human_All.meme	M00110_2.00	SRSF10	AGAGAMA	1.29e-2	1.00e0	5.44e2	3617	460	460	5000	11.3	20	4.35	120	2.40
478	/Users/ranjithpapareddy/Desktop/Desktop-Ranjith-iMac/forGIT/UFMylation_Ribosome_stalling_RNA_Splicing/Part4_Splicing_Analysis/data/motifs/CisBP_Human_All.meme	M00182_2.00	KHDRBS1	AUAAAAR	2.36e-1	1.00e0	5.44e2	3414	460	460	5000	22.4	2	0.43	9	0.18
479	/Users/ranjithpapareddy/Desktop/Desktop-Ranjith-iMac/forGIT/UFMylation_Ribosome_stalling_RNA_Splicing/Part4_Splicing_Analysis/data/motifs/CisBP_Human_All.meme	M00596_2.00	HNRNPL	ACAUUACAYW	8.67e-2	1.00e0	5.44e2	2991	460	460	5000	3.73	18	3.91	134	2.68
480	/Users/ranjithpapareddy/Desktop/Desktop-Ranjith-iMac/forGIT/UFMylation_Ribosome_stalling_RNA_Splicing/Part4_Splicing_Analysis/data/motifs/CisBP_Human_All.meme	M13091_2.00	PABPC1L2A	GAAAAARR	4.92e-1	1.00e0	5.44e2	3668	460	460	5000	61.2	3	0.65	28	0.56
481	/Users/ranjithpapareddy/Desktop/Desktop-Ranjith-iMac/forGIT/UFMylation_Ribosome_stalling_RNA_Splicing/Part4_Splicing_Analysis/data/motifs/CisBP_Human_All.meme	M13003_2.00	CPEB3	YUUUUUUG	3.79e-2	1.00e0	5.44e2	3671	460	460	5000	43	2	0.43	2	0.04
482	/Users/ranjithpapareddy/Desktop/Desktop-Ranjith-iMac/forGIT/UFMylation_Ribosome_stalling_RNA_Splicing/Part4_Splicing_Analysis/data/motifs/CisBP_Human_All.meme	M00762_2.00	NUPL2	AAAADAA	4.69e-1	1.00e0	5.44e2	3996	460	460	5000	17.8	3	0.65	27	0.54
483	/Users/ranjithpapareddy/Desktop/Desktop-Ranjith-iMac/forGIT/UFMylation_Ribosome_stalling_RNA_Splicing/Part4_Splicing_Analysis/data/motifs/CisBP_Human_All.meme	M00659_2.00	RBPMS2	CACAKDGCACA	1.06e-1	1.00e0	5.44e2	1247	460	460	5000	14.3	11	2.39	75	1.50
484	/Users/ranjithpapareddy/Desktop/Desktop-Ranjith-iMac/forGIT/UFMylation_Ribosome_stalling_RNA_Splicing/Part4_Splicing_Analysis/data/motifs/CisBP_Human_All.meme	M00658_2.00	RBPMS2	KCACGUGCACR	4.78e-2	1.00e0	5.44e2	790	460	460	5000	24.7	6	1.30	26	0.52
485	/Users/ranjithpapareddy/Desktop/Desktop-Ranjith-iMac/forGIT/UFMylation_Ribosome_stalling_RNA_Splicing/Part4_Splicing_Analysis/data/motifs/CisBP_Human_All.meme	M00297_2.00	M00297_2.00	AGAUGAW	5.90e-2	1.00e0	5.44e2	3196	460	460	5000	8.75	4	0.87	14	0.28
486	/Users/ranjithpapareddy/Desktop/Desktop-Ranjith-iMac/forGIT/UFMylation_Ribosome_stalling_RNA_Splicing/Part4_Splicing_Analysis/data/motifs/CisBP_Human_All.meme	M00610_2.00	MSI1	KUAGUDGUAGK	1.61e-1	1.00e0	5.44e2	1335	460	460	5000	71.6	1	0.22	1	0.02
487	/Users/ranjithpapareddy/Desktop/Desktop-Ranjith-iMac/forGIT/UFMylation_Ribosome_stalling_RNA_Splicing/Part4_Splicing_Analysis/data/motifs/CisBP_Human_All.meme	M00123_2.00	M00123_2.00	UGUAAUU	2.19e-2	1.00e0	5.44e2	3157	460	460	5000	4.26	21	4.57	136	2.72
488	/Users/ranjithpapareddy/Desktop/Desktop-Ranjith-iMac/forGIT/UFMylation_Ribosome_stalling_RNA_Splicing/Part4_Splicing_Analysis/data/motifs/CisBP_Human_All.meme	M00682_2.00	YBX2	GCCAURWCAUCGC	4.25e-1	1.00e0	5.44e2	134	460	460	5000	1.01	12	2.61	119	2.38
489	/Users/ranjithpapareddy/Desktop/Desktop-Ranjith-iMac/forGIT/UFMylation_Ribosome_stalling_RNA_Splicing/Part4_Splicing_Analysis/data/motifs/CisBP_Human_All.meme	M00683_2.00	YBX2	DUAACAUCWD	1.41e-1	1.00e0	5.44e2	1131	460	460	5000	26.9	2	0.43	6	0.12
490	/Users/ranjithpapareddy/Desktop/Desktop-Ranjith-iMac/forGIT/UFMylation_Ribosome_stalling_RNA_Splicing/Part4_Splicing_Analysis/data/motifs/CisBP_Human_All.meme	M13106_2.00	AC245033.1	NUUUUUUA	1.92e-2	1.00e0	5.44e2	3674	460	460	5000	49.7	4	0.87	9	0.18
491	/Users/ranjithpapareddy/Desktop/Desktop-Ranjith-iMac/forGIT/UFMylation_Ribosome_stalling_RNA_Splicing/Part4_Splicing_Analysis/data/motifs/CisBP_Human_All.meme	M00803_2.00	RBMS3	NUAUAH	2.08e-1	1.00e0	5.44e2	2450	460	460	5000	4.48	9	1.96	69	1.38
492	/Users/ranjithpapareddy/Desktop/Desktop-Ranjith-iMac/forGIT/UFMylation_Ribosome_stalling_RNA_Splicing/Part4_Splicing_Analysis/data/motifs/CisBP_Human_All.meme	M00802_2.00	RBMS2	AUAUAV	1.58e-1	1.00e0	5.44e2	2521	460	460	5000	4.3	9	1.96	64	1.28
493	/Users/ranjithpapareddy/Desktop/Desktop-Ranjith-iMac/forGIT/UFMylation_Ribosome_stalling_RNA_Splicing/Part4_Splicing_Analysis/data/motifs/CisBP_Human_All.meme	M00727_2.00	FUBP3	UAUAU	2.71e-1	1.00e0	5.44e2	2720	460	460	5000	4.86	8	1.74	65	1.30
494	/Users/ranjithpapareddy/Desktop/Desktop-Ranjith-iMac/forGIT/UFMylation_Ribosome_stalling_RNA_Splicing/Part4_Splicing_Analysis/data/motifs/CisBP_Human_All.meme	M00575_2.00	DAZ2	NNNNNVUGKUGUUGUAGBBNNNN	9.62e-1	1.00e0	5.44e2	167	460	460	5000	10.1	1	0.22	36	0.72
495	/Users/ranjithpapareddy/Desktop/Desktop-Ranjith-iMac/forGIT/UFMylation_Ribosome_stalling_RNA_Splicing/Part4_Splicing_Analysis/data/motifs/CisBP_Human_All.meme	M00713_2.00	DAZ2	WGUUWW	1.20e-2	1.00e0	5.44e2	3121	460	460	5000	2.98	19	4.13	111	2.22
496	/Users/ranjithpapareddy/Desktop/Desktop-Ranjith-iMac/forGIT/UFMylation_Ribosome_stalling_RNA_Splicing/Part4_Splicing_Analysis/data/motifs/CisBP_Human_All.meme	M00069_2.00	RBM28	GWGUAGW	1.38e-1	1.00e0	5.44e2	1692	460	460	5000	5.9	6	1.30	36	0.72
497	/Users/ranjithpapareddy/Desktop/Desktop-Ranjith-iMac/forGIT/UFMylation_Ribosome_stalling_RNA_Splicing/Part4_Splicing_Analysis/data/motifs/CisBP_Human_All.meme	M00435_2.00	M00435_2.00	UUUUUUD	2.01e-2	1.00e0	5.44e2	3761	460	460	5000	84	2	0.43	1	0.02
498	/Users/ranjithpapareddy/Desktop/Desktop-Ranjith-iMac/forGIT/UFMylation_Ribosome_stalling_RNA_Splicing/Part4_Splicing_Analysis/data/motifs/CisBP_Human_All.meme	M00653_2.00	RBMY1D	NNGCGCAAGAGCRN	2.68e-1	1.00e0	5.44e2	897	460	460	5000	4.28	11	2.39	94	1.88
499	/Users/ranjithpapareddy/Desktop/Desktop-Ranjith-iMac/forGIT/UFMylation_Ribosome_stalling_RNA_Splicing/Part4_Splicing_Analysis/data/motifs/CisBP_Human_All.meme	M00434_2.00	M00434_2.00	VUUUUUUY	1.02e-2	1.00e0	5.44e2	3686	460	460	5000	44.6	4	0.87	7	0.14
500	/Users/ranjithpapareddy/Desktop/Desktop-Ranjith-iMac/forGIT/UFMylation_Ribosome_stalling_RNA_Splicing/Part4_Splicing_Analysis/data/motifs/CisBP_Human_All.meme	M00307_2.00	M00307_2.00	UUUUUCY	1.79e-2	1.00e0	5.44e2	3893	460	460	5000	30.6	7	1.52	26	0.52
501	/Users/ranjithpapareddy/Desktop/Desktop-Ranjith-iMac/forGIT/UFMylation_Ribosome_stalling_RNA_Splicing/Part4_Splicing_Analysis/data/motifs/CisBP_Human_All.meme	M00184_2.00	PABPC5	AGAAAAU	7.37e-2	1.00e0	5.44e2	3883	460	460	5000	18.4	3	0.65	9	0.18
502	/Users/ranjithpapareddy/Desktop/Desktop-Ranjith-iMac/forGIT/UFMylation_Ribosome_stalling_RNA_Splicing/Part4_Splicing_Analysis/data/motifs/CisBP_Human_All.meme	M00185_2.00	IGF2BP3	AMAHWCA	4.79e-2	1.00e0	5.44e2	3960	460	460	5000	8.21	10	2.17	56	1.12
503	/Users/ranjithpapareddy/Desktop/Desktop-Ranjith-iMac/forGIT/UFMylation_Ribosome_stalling_RNA_Splicing/Part4_Splicing_Analysis/data/motifs/CisBP_Human_All.meme	M00443_2.00	NCL	CCGAAAKCCCGAAGUAGG	1.00e0	1.00e0	5.44e2	4	460	460	5000	1.1	0	0.00	4	0.08
504	/Users/ranjithpapareddy/Desktop/Desktop-Ranjith-iMac/forGIT/UFMylation_Ribosome_stalling_RNA_Splicing/Part4_Splicing_Analysis/data/motifs/CisBP_Human_All.meme	M00764_2.00	PABPN1L	AAAAA	3.45e-1	1.00e0	5.44e2	3862	460	460	5000	25.3	5	1.09	41	0.82
505	/Users/ranjithpapareddy/Desktop/Desktop-Ranjith-iMac/forGIT/UFMylation_Ribosome_stalling_RNA_Splicing/Part4_Splicing_Analysis/data/motifs/CisBP_Human_All.meme	M00591_2.00	HNRNPA3	UWGGUUAGGG	1.27e-1	1.00e0	5.44e2	740	460	460	5000	10.8	6	1.30	35	0.70
506	/Users/ranjithpapareddy/Desktop/Desktop-Ranjith-iMac/forGIT/UFMylation_Ribosome_stalling_RNA_Splicing/Part4_Splicing_Analysis/data/motifs/CisBP_Human_All.meme	M00590_2.00	HNRNPA1	NBUGCAGUWYUAGGGYDBN	1.41e-1	1.00e0	5.44e2	414	460	460	5000	225	2	0.43	6	0.12
507	/Users/ranjithpapareddy/Desktop/Desktop-Ranjith-iMac/forGIT/UFMylation_Ribosome_stalling_RNA_Splicing/Part4_Splicing_Analysis/data/motifs/CisBP_Human_All.meme	M00695_2.00	ZCRB1	GUGGAMUUAADDK	8.42e-2	1.00e0	5.44e2	564	460	460	5000	353	1	0.22	0	0.00
508	/Users/ranjithpapareddy/Desktop/Desktop-Ranjith-iMac/forGIT/UFMylation_Ribosome_stalling_RNA_Splicing/Part4_Splicing_Analysis/data/motifs/CisBP_Human_All.meme	M00694_2.00	ZCRB1	GUAUUAAKKK	1.08e-1	1.00e0	5.44e2	1941	460	460	5000	12.7	3	0.65	11	0.22
509	/Users/ranjithpapareddy/Desktop/Desktop-Ranjith-iMac/forGIT/UFMylation_Ribosome_stalling_RNA_Splicing/Part4_Splicing_Analysis/data/motifs/CisBP_Human_All.meme	M00607_2.00	MEX3A	DKAGAGUWUAKDK	4.47e-1	1.00e0	5.44e2	2474	460	460	5000	28.2	3	0.65	26	0.52
510	/Users/ranjithpapareddy/Desktop/Desktop-Ranjith-iMac/forGIT/UFMylation_Ribosome_stalling_RNA_Splicing/Part4_Splicing_Analysis/data/motifs/CisBP_Human_All.meme	M00606_2.00	MEX3A	UAUUUAU	8.48e-1	1.00e0	5.44e2	3405	460	460	5000	7.29	5	1.09	79	1.58
511	/Users/ranjithpapareddy/Desktop/Desktop-Ranjith-iMac/forGIT/UFMylation_Ribosome_stalling_RNA_Splicing/Part4_Splicing_Analysis/data/motifs/CisBP_Human_All.meme	M00134_2.00	ELAVL1	UUUGUUU	3.12e-2	1.00e0	5.44e2	3791	460	460	5000	12.1	9	1.96	44	0.88
512	/Users/ranjithpapareddy/Desktop/Desktop-Ranjith-iMac/forGIT/UFMylation_Ribosome_stalling_RNA_Splicing/Part4_Splicing_Analysis/data/motifs/CisBP_Human_All.meme	M00074_2.00	RBM46	AAUSAAD	5.17e-2	1.00e0	5.44e2	2918	460	460	5000	5.36	9	1.96	49	0.98
513	/Users/ranjithpapareddy/Desktop/Desktop-Ranjith-iMac/forGIT/UFMylation_Ribosome_stalling_RNA_Splicing/Part4_Splicing_Analysis/data/motifs/CisBP_Human_All.meme	M00388_2.00	ENSG00000274081	UUUUUUU	2.01e-2	1.00e0	5.44e2	3895	460	460	5000	124	2	0.43	1	0.02
514	/Users/ranjithpapareddy/Desktop/Desktop-Ranjith-iMac/forGIT/UFMylation_Ribosome_stalling_RNA_Splicing/Part4_Splicing_Analysis/data/motifs/CisBP_Human_All.meme	M00747_2.00	IGF2BP1	AUACA	1.70e-2	1.00e0	5.44e2	2562	460	460	5000	3.48	28	6.09	192	3.84
515	/Users/ranjithpapareddy/Desktop/Desktop-Ranjith-iMac/forGIT/UFMylation_Ribosome_stalling_RNA_Splicing/Part4_Splicing_Analysis/data/motifs/CisBP_Human_All.meme	M00265_2.00	SYNCRIP	MAAAAAG	1.88e-1	1.00e0	5.44e2	3686	460	460	5000	23.7	4	0.87	23	0.46
516	/Users/ranjithpapareddy/Desktop/Desktop-Ranjith-iMac/forGIT/UFMylation_Ribosome_stalling_RNA_Splicing/Part4_Splicing_Analysis/data/motifs/CisBP_Human_All.meme	M00002_2.00	TRIM71	KYWAAGC	2.10e-2	1.00e0	5.44e2	2792	460	460	5000	4.87	7	1.52	27	0.54
517	/Users/ranjithpapareddy/Desktop/Desktop-Ranjith-iMac/forGIT/UFMylation_Ribosome_stalling_RNA_Splicing/Part4_Splicing_Analysis/data/motifs/CisBP_Human_All.meme	M00198_2.00	KHDRBS2	RAUAAAM	1.08e-1	1.00e0	5.44e2	3371	460	460	5000	13.7	3	0.65	11	0.22
518	/Users/ranjithpapareddy/Desktop/Desktop-Ranjith-iMac/forGIT/UFMylation_Ribosome_stalling_RNA_Splicing/Part4_Splicing_Analysis/data/motifs/CisBP_Human_All.meme	M00731_2.00	HNRNPA0	UAUAG	2.97e-1	1.00e0	5.44e2	2025	460	460	5000	5.81	1	0.22	3	0.06
519	/Users/ranjithpapareddy/Desktop/Desktop-Ranjith-iMac/forGIT/UFMylation_Ribosome_stalling_RNA_Splicing/Part4_Splicing_Analysis/data/motifs/CisBP_Human_All.meme	M00090_2.00	SNRNP70	RWUCAAG	1.85e-1	1.00e0	5.44e2	2494	460	460	5000	4.57	10	2.17	76	1.52
520	/Users/ranjithpapareddy/Desktop/Desktop-Ranjith-iMac/forGIT/UFMylation_Ribosome_stalling_RNA_Splicing/Part4_Splicing_Analysis/data/motifs/CisBP_Human_All.meme	M00638_2.00	RBM4	RHGVKGAGUGCGGUAGBBGC	8.96e-1	1.00e0	5.44e2	45	460	460	5000	1.03	2	0.43	42	0.84
521	/Users/ranjithpapareddy/Desktop/Desktop-Ranjith-iMac/forGIT/UFMylation_Ribosome_stalling_RNA_Splicing/Part4_Splicing_Analysis/data/motifs/CisBP_Human_All.meme	M00778_2.00	PUM1	UAAAU	1.58e-1	1.00e0	5.44e2	3058	460	460	5000	8.51	9	1.96	64	1.28
522	/Users/ranjithpapareddy/Desktop/Desktop-Ranjith-iMac/forGIT/UFMylation_Ribosome_stalling_RNA_Splicing/Part4_Splicing_Analysis/data/motifs/CisBP_Human_All.meme	M12972_2.00	CELF2	UGUKUGUK	6.94e-2	1.00e0	5.44e2	3233	460	460	5000	19	6	1.30	29	0.58
523	/Users/ranjithpapareddy/Desktop/Desktop-Ranjith-iMac/forGIT/UFMylation_Ribosome_stalling_RNA_Splicing/Part4_Splicing_Analysis/data/motifs/CisBP_Human_All.meme	M00485_2.00	M00485_2.00	UGUAVAUARNKVVBSBBSCCS	7.30e-1	1.00e0	5.44e2	159	460	460	5000	4.23	3	0.65	41	0.82
524	/Users/ranjithpapareddy/Desktop/Desktop-Ranjith-iMac/forGIT/UFMylation_Ribosome_stalling_RNA_Splicing/Part4_Splicing_Analysis/data/motifs/CisBP_Human_All.meme	M00670_2.00	SNRNP70	GUUCAMGNGG	2.23e-2	1.00e0	5.44e2	1840	460	460	5000	15.7	5	1.09	15	0.30
525	/Users/ranjithpapareddy/Desktop/Desktop-Ranjith-iMac/forGIT/UFMylation_Ribosome_stalling_RNA_Splicing/Part4_Splicing_Analysis/data/motifs/CisBP_Human_All.meme	M00671_2.00	SNRNP70	GUUCAAGGUG	5.96e-1	1.00e0	5.44e2	654	460	460	5000	5.12	10	2.17	113	2.26
526	/Users/ranjithpapareddy/Desktop/Desktop-Ranjith-iMac/forGIT/UFMylation_Ribosome_stalling_RNA_Splicing/Part4_Splicing_Analysis/data/motifs/CisBP_Human_All.meme	M00417_2.00	FUBP1	WAUGUAWD	2.81e-2	1.00e0	5.44e2	2497	460	460	5000	6.31	11	2.39	58	1.16
527	/Users/ranjithpapareddy/Desktop/Desktop-Ranjith-iMac/forGIT/UFMylation_Ribosome_stalling_RNA_Splicing/Part4_Splicing_Analysis/data/motifs/CisBP_Human_All.meme	M00645_2.00	RBMS2	CGCUAUAUAG	5.26e-1	1.00e0	5.44e2	407	460	460	5000	1.23	23	5.00	249	4.98
528	/Users/ranjithpapareddy/Desktop/Desktop-Ranjith-iMac/forGIT/UFMylation_Ribosome_stalling_RNA_Splicing/Part4_Splicing_Analysis/data/motifs/CisBP_Human_All.meme	M00177_2.00	ZNF638	UGUUSGU	4.41e-2	1.00e0	5.44e2	1156	460	460	5000	1.67	29	6.30	220	4.40
529	/Users/ranjithpapareddy/Desktop/Desktop-Ranjith-iMac/forGIT/UFMylation_Ribosome_stalling_RNA_Splicing/Part4_Splicing_Analysis/data/motifs/CisBP_Human_All.meme	M13124_2.00	ENSG00000282755	NUUUUUUA	1.92e-2	1.00e0	5.44e2	3674	460	460	5000	49.7	4	0.87	9	0.18
530	/Users/ranjithpapareddy/Desktop/Desktop-Ranjith-iMac/forGIT/UFMylation_Ribosome_stalling_RNA_Splicing/Part4_Splicing_Analysis/data/motifs/CisBP_Human_All.meme	M00796_2.00	RBM47	WAAUYA	1.38e-1	1.00e0	5.44e2	3337	460	460	5000	4.03	14	3.04	107	2.14
531	/Users/ranjithpapareddy/Desktop/Desktop-Ranjith-iMac/forGIT/UFMylation_Ribosome_stalling_RNA_Splicing/Part4_Splicing_Analysis/data/motifs/CisBP_Human_All.meme	M00705_2.00	ZRANB2	DDAGGUAAGGUAD	4.05e-2	1.00e0	5.44e2	1044	460	460	5000	12.1	8	1.74	39	0.78
532	/Users/ranjithpapareddy/Desktop/Desktop-Ranjith-iMac/forGIT/UFMylation_Ribosome_stalling_RNA_Splicing/Part4_Splicing_Analysis/data/motifs/CisBP_Human_All.meme	M00562_2.00	CSDC2	GCCAUGAUCAUGAU	2.32e-1	1.00e0	5.44e2	168	460	460	5000	225	1	0.22	2	0.04
533	/Users/ranjithpapareddy/Desktop/Desktop-Ranjith-iMac/forGIT/UFMylation_Ribosome_stalling_RNA_Splicing/Part4_Splicing_Analysis/data/motifs/CisBP_Human_All.meme	M00587_2.00	HNRNPA0	KUAGKUUAGGU	8.45e-1	1.00e0	5.44e2	758	460	460	5000	4.18	8	1.74	118	2.36
534	/Users/ranjithpapareddy/Desktop/Desktop-Ranjith-iMac/forGIT/UFMylation_Ribosome_stalling_RNA_Splicing/Part4_Splicing_Analysis/data/motifs/CisBP_Human_All.meme	M00149_2.00	ELAVL1	UUGGUUU	2.23e-2	1.00e0	5.44e2	3659	460	460	5000	13.5	6	1.30	21	0.42
535	/Users/ranjithpapareddy/Desktop/Desktop-Ranjith-iMac/forGIT/UFMylation_Ribosome_stalling_RNA_Splicing/Part4_Splicing_Analysis/data/motifs/CisBP_Human_All.meme	M13012_2.00	SF3B6	HWUUUUUMC	2.01e-2	1.00e0	5.44e2	3782	460	460	5000	55.6	2	0.43	1	0.02
536	/Users/ranjithpapareddy/Desktop/Desktop-Ranjith-iMac/forGIT/UFMylation_Ribosome_stalling_RNA_Splicing/Part4_Splicing_Analysis/data/motifs/CisBP_Human_All.meme	M00227_2.00	SF3B4	GAUGGAGU	2.63e-1	1.00e0	5.44e2	3031	460	460	5000	6.23	17	3.70	153	3.06
537	/Users/ranjithpapareddy/Desktop/Desktop-Ranjith-iMac/forGIT/UFMylation_Ribosome_stalling_RNA_Splicing/Part4_Splicing_Analysis/data/motifs/CisBP_Human_All.meme	M00515_2.00	SNRPA	AUUGCACH	4.71e-1	1.00e0	5.44e2	1344	460	460	5000	14.2	6	1.30	59	1.18
538	/Users/ranjithpapareddy/Desktop/Desktop-Ranjith-iMac/forGIT/UFMylation_Ribosome_stalling_RNA_Splicing/Part4_Splicing_Analysis/data/motifs/CisBP_Human_All.meme	M00633_2.00	RBM46	CGGAACUAAG	8.46e-2	1.00e0	5.44e2	583	460	460	5000	43.5	2	0.43	4	0.08
539	/Users/ranjithpapareddy/Desktop/Desktop-Ranjith-iMac/forGIT/UFMylation_Ribosome_stalling_RNA_Splicing/Part4_Splicing_Analysis/data/motifs/CisBP_Human_All.meme	M00366_2.00	M00366_2.00	AGAUUAA	1.27e-1	1.00e0	5.44e2	3265	460	460	5000	7.49	6	1.30	35	0.70
540	/Users/ranjithpapareddy/Desktop/Desktop-Ranjith-iMac/forGIT/UFMylation_Ribosome_stalling_RNA_Splicing/Part4_Splicing_Analysis/data/motifs/CisBP_Human_All.meme	M00100_2.00	M00100_2.00	UUUUUUY	1.54e-2	1.00e0	5.44e2	3917	460	460	5000	37.3	6	1.30	19	0.38
541	/Users/ranjithpapareddy/Desktop/Desktop-Ranjith-iMac/forGIT/UFMylation_Ribosome_stalling_RNA_Splicing/Part4_Splicing_Analysis/data/motifs/CisBP_Human_All.meme	M00009_2.00	TRIM56	WURUAGG	5.89e-2	1.00e0	5.44e2	2002	460	460	5000	6.08	3	0.65	8	0.16
542	/Users/ranjithpapareddy/Desktop/Desktop-Ranjith-iMac/forGIT/UFMylation_Ribosome_stalling_RNA_Splicing/Part4_Splicing_Analysis/data/motifs/CisBP_Human_All.meme	M00532_2.00	SRSF6	GAUCAACCHGGCGACAG	1.00e0	1.00e0	5.44e2	1	460	460	5000	0.634	0	0.00	1	0.02
543	/Users/ranjithpapareddy/Desktop/Desktop-Ranjith-iMac/forGIT/UFMylation_Ribosome_stalling_RNA_Splicing/Part4_Splicing_Analysis/data/motifs/CisBP_Human_All.meme	M00691_2.00	ZC3H12C	DUGCGKCAGUCGGUAGC	1.00e0	1.00e0	5.44e2	1	460	460	5000	3.25	0	0.00	1	0.02
544	/Users/ranjithpapareddy/Desktop/Desktop-Ranjith-iMac/forGIT/UFMylation_Ribosome_stalling_RNA_Splicing/Part4_Splicing_Analysis/data/motifs/CisBP_Human_All.meme	M00688_2.00	ZC3H12B	UGCGWCAGUCGGUAGCU	1.00e0	1.00e0	5.44e2	1	460	460	5000	6.38	0	0.00	1	0.02

# AME (Analysis of Motif Enrichment): Version 5.5.9 compiled on Nov 24 2025 at 04:02:45
# The format of this file is described at https://meme-suite.org/meme/doc/ame-output-format.html.
# ame --evalue-report-threshold 1000 --control hs_RI_direct/human/nucleus/step10_motif_analysis/RI_DeepDive_dPSI_positive/constitutive_introns.intron.fa --oc hs_RI_direct/human/nucleus/step10_motif_analysis/RI_DeepDive_dPSI_positive/ame_UFM1_dependent_vs_constitutive hs_RI_direct/human/nucleus/step10_motif_analysis/RI_DeepDive_dPSI_positive/lost.intron.fa /Users/ranjithpapareddy/Desktop/Desktop-Ranjith-iMac/forGIT/UFMylation_Ribosome_stalling_RNA_Splicing/Part4_Splicing_Analysis/data/motifs/CisBP_Human_All.meme
