ID...1.WT	GeneID	geneSymbol	chr.WT	strand.WT	longExonStart_0base.WT	longExonEnd.WT	shortES.WT	shortEE.WT	flankingES.WT	flankingEE.WT	ID...12.WT	IJC_SAMPLE_1.WT	SJC_SAMPLE_1.WT	IJC_SAMPLE_2.WT	SJC_SAMPLE_2.WT	IncFormLen.WT	SkipFormLen.WT	PValue.WT	FDR.WT	IncLevel1.WT	IncLevel2.WT	IncLevelDifference.WT	across_short_boundary_count.WT	long_to_flanking_count.WT	exclusive_to_long_count.WT	short_to_flanking_count.WT	EventType	event_id	FDR_num.WT	dPSI_num.WT	mean_psi_ctrl.WT	mean_psi_case.WT	reads_cond1.WT	reads_cond2.WT	total_reads.WT	1stExonStart_0base.WT	1stExonEnd.WT	2ndExonStart_0base.WT	2ndExonEnd.WT	upstreamES.WT	upstreamEE.WT	downstreamES.WT	downstreamEE.WT	ID...14.WT	upstream_to_first_count.WT	first_to_downstream_count.WT	first_count.WT	upstream_to_second_count.WT	second_to_downstream_count.WT	second_count.WT	riExonStart_0base.WT	riExonEnd.WT	upstream_to_intron_count.WT	intron_to_downstream_count.WT	intron_count.WT	upstream_to_downstream_count.WT	exonStart_0base.WT	exonEnd.WT	upstream_to_target_count.WT	target_to_downstream_count.WT	target_count.WT	ID...1.UFM	chr.UFM	strand.UFM	longExonStart_0base.UFM	longExonEnd.UFM	shortES.UFM	shortEE.UFM	flankingES.UFM	flankingEE.UFM	ID...12.UFM	IJC_SAMPLE_1.UFM	SJC_SAMPLE_1.UFM	IJC_SAMPLE_2.UFM	SJC_SAMPLE_2.UFM	IncFormLen.UFM	SkipFormLen.UFM	PValue.UFM	FDR.UFM	IncLevel1.UFM	IncLevel2.UFM	IncLevelDifference.UFM	across_short_boundary_count.UFM	long_to_flanking_count.UFM	exclusive_to_long_count.UFM	short_to_flanking_count.UFM	FDR_num.UFM	dPSI_num.UFM	mean_psi_ctrl.UFM	mean_psi_case.UFM	reads_cond1.UFM	reads_cond2.UFM	total_reads.UFM	1stExonStart_0base.UFM	1stExonEnd.UFM	2ndExonStart_0base.UFM	2ndExonEnd.UFM	upstreamES.UFM	upstreamEE.UFM	downstreamES.UFM	downstreamEE.UFM	ID...14.UFM	upstream_to_first_count.UFM	first_to_downstream_count.UFM	first_count.UFM	upstream_to_second_count.UFM	second_to_downstream_count.UFM	second_count.UFM	riExonStart_0base.UFM	riExonEnd.UFM	upstream_to_intron_count.UFM	intron_to_downstream_count.UFM	intron_count.UFM	upstream_to_downstream_count.UFM	exonStart_0base.UFM	exonEnd.UFM	upstream_to_target_count.UFM	target_to_downstream_count.UFM	target_count.UFM
14	ENSG00000102125.17	TAFAZZIN	chrX	+	NA	NA	NA	NA	NA	NA	14	46,21,72	46,37,93	7,15,18	46,19,63	266	149	0.00158052042713	0.00805631858616887	0.359,0.241,0.302	0.079,0.307,0.138	0.126	NA	NA	NA	NA	RI	chrX|+|154420031|154420264|154420031|154420094|154420211|154420264	0.00805631858616887	0.126	0.30066666666666664	0.17466666666666666	315	168	483	NA	NA	NA	NA	154420031	154420094	154420211	154420264	NA	NA	NA	NA	NA	NA	NA	154420031	154420264	24,8,45,5,13,10	22,15,31,3,3,8	0,0,0,0,0,0	46,37,93,46,19,63	NA	NA	NA	NA	NA	14	chrX	+	NA	NA	NA	NA	NA	NA	14	35,37,77	23,37,54	13,46,20	68,46,29	266	149	0.00159727994729	0.00785875667691371	0.46,0.359,0.444	0.097,0.359,0.279	0.176	NA	NA	NA	NA	0.00785875667691371	0.176	0.421	0.245	263	222	485	NA	NA	NA	NA	154420031	154420094	154420211	154420264	NA	NA	NA	NA	NA	NA	NA	154420031	154420264	7,22,54,9,22,7	28,15,29,6,25,16	0,0,0,0,0,0	23,37,54,68,46,29	NA	NA	NA	NA	NA
19	ENSG00000196924.19	FLNA	chrX	-	NA	NA	NA	NA	NA	NA	19	6290,5734,6868	1184,1023,1340	10138,9613,11286	1070,960,1152	850	149	2.1368462555e-12	1.2599174268005768e-10	0.482,0.496,0.473	0.624,0.637,0.632	-0.147	NA	NA	NA	NA	RI	chrX|-|154350030|154351696|154350030|154350207|154350908|154351696	1.2599174268005768e-10	-0.147	0.48366666666666663	0.631	22439	34219	56658	NA	NA	NA	NA	154350030	154350207	154350908	154351696	NA	NA	NA	NA	NA	NA	NA	154350030	154351696	1175,1125,1314,1847,1666,2075	960,801,919,1393,1457,1624	4155,3808,4635,6898,6490,7587	1184,1023,1340,1070,960,1152	NA	NA	NA	NA	NA	19	chrX	-	NA	NA	NA	NA	NA	NA	19	5038,6085,7345	931,1474,1542	8945,7875,8977	957,932,1100	850	149	2.31314967181e-12	1.225360602461455e-10	0.487,0.42,0.455	0.621,0.597,0.589	-0.148	NA	NA	NA	NA	1.225360602461455e-10	-0.148	0.454	0.6023333333333333	22415	28786	51201	NA	NA	NA	NA	154350030	154350207	154350908	154351696	NA	NA	NA	NA	NA	NA	NA	154350030	154351696	944,1020,1386,1653,1467,1764	718,859,1000,1318,1066,1202	3376,4206,4959,5974,5342,6011	931,1474,1542,957,932,1100	NA	NA	NA	NA	NA
85	ENSG00000001497.18	LAS1L	chrX	-	NA	NA	NA	NA	NA	NA	85	633,678,839	14,10,19	538,489,754	54,26,48	2385	149	3.04985137145e-9	9.122774931576293e-8	0.739,0.809,0.734	0.384,0.54,0.495	0.288	NA	NA	NA	NA	RI	chrX|-|65517986|65522285|65517986|65518465|65520701|65522285	9.122774931576293e-8	0.288	0.7606666666666667	0.47300000000000003	2193	1909	4102	NA	NA	NA	NA	65517986	65518465	65520701	65522285	NA	NA	NA	NA	NA	NA	NA	65517986	65522285	51,44,53,56,25,41	122,106,173,123,88,117	460,528,613,359,376,596	14,10,19,54,26,48	NA	NA	NA	NA	NA	85	chrX	-	NA	NA	NA	NA	NA	NA	85	677,736,848	6,9,26	556,635,596	43,33,57	2385	149	1.59607267403e-8	3.934156276925376e-7	0.876,0.836,0.671	0.447,0.546,0.395	0.332	NA	NA	NA	NA	3.934156276925376e-7	0.332	0.7943333333333333	0.46266666666666667	2302	1920	4222	NA	NA	NA	NA	65517986	65518465	65520701	65522285	NA	NA	NA	NA	NA	NA	NA	65517986	65522285	56,51,76,41,39,34	156,166,232,134,146,123	465,519,540,381,450,439	6,9,26,43,33,57	NA	NA	NA	NA	NA
130	ENSG00000215301.11	DDX3X	chrX	+	NA	NA	NA	NA	NA	NA	130	559,473,599	460,491,547	1066,860,1233	431,420,463	1027	149	1.11022302463e-16	1.2377977430965744e-14	0.15,0.123,0.137	0.264,0.229,0.279	-0.121	NA	NA	NA	NA	RI	chrX|+|41341483|41342653|41341483|41341616|41342494|41342653	1.2377977430965744e-14	-0.121	0.13666666666666666	0.25733333333333336	3129	4473	7602	NA	NA	NA	NA	41341483	41341616	41342494	41342653	NA	NA	NA	NA	NA	NA	NA	41341483	41342653	94,92,89,209,131,214	66,81,93,199,138,200	399,300,417,658,591,819	460,491,547,431,420,463	NA	NA	NA	NA	NA	130	chrX	+	NA	NA	NA	NA	NA	NA	130	454,354,713	508,586,400	1014,866,1104	363,321,316	1027	149	0	0	0.115,0.081,0.205	0.288,0.281,0.336	-0.168	NA	NA	NA	NA	0	-0.168	0.13366666666666666	0.3016666666666667	3015	3984	6999	NA	NA	NA	NA	41341483	41341616	41342494	41342653	NA	NA	NA	NA	NA	NA	NA	41341483	41342653	104,52,128,181,151,292	69,30,83,183,96,188	281,272,502,650,619,624	508,586,400,363,321,316	NA	NA	NA	NA	NA
159	ENSG00000100429.18	HDAC10	chr22	-	NA	NA	NA	NA	NA	NA	159	259,349,279	161,198,214	139,154,135	156,154,221	231	149	1.19758495776e-6	1.7743269750364057e-5	0.509,0.532,0.457	0.365,0.392,0.283	0.153	NA	NA	NA	NA	RI	chr22|-|50245674|50246092|50245674|50245827|50245909|50246092	1.7743269750364057e-5	0.153	0.49933333333333335	0.3466666666666667	1460	959	2419	NA	NA	NA	NA	50245674	50245827	50245909	50246092	NA	NA	NA	NA	NA	NA	NA	50245674	50246092	218,237,215,96,91,94	66,138,86,50,69,46	0,0,0,0,6,0	161,198,214,156,154,221	NA	NA	NA	NA	NA	159	chr22	-	NA	NA	NA	NA	NA	NA	159	212,318,336	132,221,249	126,152,168	160,243,169	231	149	1.29357167933e-6	1.9099949563505796e-5	0.509,0.481,0.465	0.337,0.287,0.391	0.147	NA	NA	NA	NA	1.9099949563505796e-5	0.147	0.485	0.3383333333333333	1468	1018	2486	NA	NA	NA	NA	50245674	50245827	50245909	50246092	NA	NA	NA	NA	NA	NA	NA	50245674	50246092	139,240,263,98,123,135	82,101,124,45,39,55	0,0,2,0,0,0	132,221,249,160,243,169	NA	NA	NA	NA	NA
160	ENSG00000100429.18	HDAC10	chr22	-	NA	NA	NA	NA	NA	NA	160	602,506,549	346,544,533	109,116,115	309,302,441	451	149	0	0	0.365,0.235,0.254	0.104,0.113,0.079	0.186	NA	NA	NA	NA	RI	chr22|-|50246297|50246735|50246297|50246376|50246678|50246735	0	0.186	0.2846666666666667	0.09866666666666667	3080	1392	4472	NA	NA	NA	NA	50246297	50246376	50246678	50246735	NA	NA	NA	NA	NA	NA	NA	50246297	50246735	231,105,154,27,35,15	95,50,78,24,27,36	276,351,317,58,54,64	346,544,533,309,302,441	NA	NA	NA	NA	NA	160	chr22	-	NA	NA	NA	NA	NA	NA	160	478,625,533	363,488,522	90,128,132	251,362,414	451	149	0	0	0.303,0.297,0.252	0.106,0.105,0.095	0.182	NA	NA	NA	NA	0	0.182	0.284	0.102	3009	1377	4386	NA	NA	NA	NA	50246297	50246376	50246678	50246735	NA	NA	NA	NA	NA	NA	NA	50246297	50246735	141,189,154,30,55,37	90,107,90,14,5,22	247,329,289,46,68,73	363,488,522,251,362,414	NA	NA	NA	NA	NA
175	ENSG00000100359.21	SGSM3	chr22	+	NA	NA	NA	NA	NA	NA	175	117,194,209	342,350,343	51,77,81	251,376,358	239	149	2.44535725002e-10	9.58505909036744e-9	0.176,0.257,0.275	0.112,0.113,0.124	0.12	NA	NA	NA	NA	RI	chr22|+|40408793|40409372|40408793|40408842|40408932|40409372	9.58505909036744e-9	0.12	0.23600000000000002	0.11633333333333333	1555	1194	2749	NA	NA	NA	NA	40408793	40408842	40408932	40409372	NA	NA	NA	NA	NA	NA	NA	40408793	40409372	28,121,118,33,23,18	111,126,144,32,71,76	0,0,0,0,0,0	342,350,343,251,376,358	NA	NA	NA	NA	NA	175	chr22	+	NA	NA	NA	NA	NA	NA	175	90,231,347	222,365,445	84,90,101	262,250,438	239	149	2.91229053317e-7	5.313390492390825e-6	0.202,0.283,0.327	0.167,0.183,0.126	0.112	NA	NA	NA	NA	5.313390492390825e-6	0.112	0.27066666666666667	0.15866666666666668	1700	1225	2925	NA	NA	NA	NA	40408793	40408842	40408932	40409372	NA	NA	NA	NA	NA	NA	NA	40408793	40409372	50,81,160,43,42,39	65,204,257,52,67,79	0,0,0,0,0,0	222,365,445,262,250,438	NA	NA	NA	NA	NA
263	ENSG00000125520.14	SLC2A4RG	chr20	+	NA	NA	NA	NA	NA	NA	263	54,113,121	134,164,208	5,4,27	87,143,174	222	149	0	0	0.213,0.316,0.281	0.037,0.018,0.094	0.22	NA	NA	NA	NA	RI	chr20|+|63741868|63742230|63741868|63742056|63742129|63742230	0	0.22	0.27	0.049666666666666665	794	440	1234	NA	NA	NA	NA	63741868	63742056	63742129	63742230	NA	NA	NA	NA	NA	NA	NA	63741868	63742230	45,46,84,2,2,18	38,86,78,3,2,25	0,0,0,0,0,0	134,164,208,87,143,174	NA	NA	NA	NA	NA	263	chr20	+	NA	NA	NA	NA	NA	NA	263	69,139,116	90,168,150	24,23,26	68,100,108	222	149	2.77656786452e-11	1.2329186274879615e-9	0.34,0.357,0.342	0.192,0.134,0.139	0.191	NA	NA	NA	NA	1.2329186274879615e-9	0.191	0.3463333333333333	0.155	732	349	1081	NA	NA	NA	NA	63741868	63742056	63742129	63742230	NA	NA	NA	NA	NA	NA	NA	63741868	63742230	47,74,80,19,12,11	45,105,82,9,19,25	0,0,1,0,0,0	90,168,150,68,100,108	NA	NA	NA	NA	NA
267	ENSG00000101246.20	ARFRP1	chr20	-	NA	NA	NA	NA	NA	NA	267	195,287,319	250,248,327	105,88,159	170,180,288	220	149	5.30432332513e-6	6.656464853498626e-5	0.346,0.439,0.398	0.295,0.249,0.272	0.122	NA	NA	NA	NA	RI	chr20|-|63698642|63700702|63698642|63700530|63700601|63700702	6.656464853498626e-5	0.122	0.3943333333333333	0.272	1626	990	2616	NA	NA	NA	NA	63698642	63700530	63700601	63700702	NA	NA	NA	NA	NA	NA	NA	63698642	63700702	104,188,213,73,58,111	147,201,196,67,55,85	0,0,0,0,0,0	250,248,327,170,180,288	NA	NA	NA	NA	NA	267	chr20	-	NA	NA	NA	NA	NA	NA	267	194,230,315	213,196,356	73,113,78	160,174,192	220	149	1.56339118207e-7	3.075348321993723e-6	0.382,0.443,0.375	0.236,0.305,0.216	0.148	NA	NA	NA	NA	3.075348321993723e-6	0.148	0.4	0.2523333333333333	1504	790	2294	NA	NA	NA	NA	63698642	63700530	63700601	63700702	NA	NA	NA	NA	NA	NA	NA	63698642	63700702	125,149,192,33,62,45	128,165,220,57,81,38	0,0,0,0,0,0	213,196,356,160,174,192	NA	NA	NA	NA	NA
282	ENSG00000101194.18	SLC17A9	chr20	+	NA	NA	NA	NA	NA	NA	282	2905,2823,2423	491,563,574	1289,1861,1758	471,659,685	753	149	5.66213742559e-11	2.4382377981444e-9	0.539,0.498,0.455	0.351,0.358,0.337	0.149	NA	NA	NA	NA	RI	chr20|+|62966702|62968597|62966702|62966732|62967336|62968597	2.4382377981444e-9	0.149	0.49733333333333335	0.3486666666666667	9779	6723	16502	NA	NA	NA	NA	62966702	62966732	62967336	62968597	NA	NA	NA	NA	NA	NA	NA	62966702	62968597	586,530,419,229,359,257	372,458,453,206,288,319	1947,1835,1551,854,1214,1182	491,563,574,471,659,685	NA	NA	NA	NA	NA	282	chr20	+	NA	NA	NA	NA	NA	NA	282	2908,3598,3722	414,536,758	1435,2030,1875	538,633,508	753	149	4.42790248911e-11	1.8569516063705062e-9	0.582,0.57,0.493	0.345,0.388,0.422	0.163	NA	NA	NA	NA	1.8569516063705062e-9	0.163	0.5483333333333333	0.385	11936	7019	18955	NA	NA	NA	NA	62966702	62966732	62967336	62968597	NA	NA	NA	NA	NA	NA	NA	62966702	62968597	514,659,734,276,339,291	409,627,526,262,347,300	1985,2312,2462,897,1344,1284	414,536,758,538,633,508	NA	NA	NA	NA	NA
317	ENSG00000166913.13	YWHAB	chr20	+	NA	NA	NA	NA	NA	NA	317	832,806,1038	82,110,104	1326,1448,2010	40,66,82	2308	149	1.1657341758599999e-14	1.035982893677322e-12	0.396,0.321,0.392	0.682,0.586,0.613	-0.257	NA	NA	NA	NA	RI	chr20|+|44901530|44904116|44901530|44901833|44903992|44904116	1.035982893677322e-12	-0.257	0.3696666666666667	0.627	2972	4972	7944	NA	NA	NA	NA	44901530	44901833	44903992	44904116	NA	NA	NA	NA	NA	NA	NA	44901530	44904116	17,28,37,60,54,72	40,19,52,85,85,114	775,759,949,1181,1309,1824	82,110,104,40,66,82	NA	NA	NA	NA	NA	317	chr20	+	NA	NA	NA	NA	NA	NA	317	501,771,894	100,139,115	1297,1060,1492	62,40,96	2308	149	2.33146835171e-15	2.0113910537109559e-13	0.244,0.264,0.334	0.575,0.631,0.501	-0.288	NA	NA	NA	NA	2.0113910537109559e-13	-0.288	0.2806666666666667	0.569	2520	4047	6567	NA	NA	NA	NA	44901530	44901833	44903992	44904116	NA	NA	NA	NA	NA	NA	NA	44901530	44904116	32,38,28,57,41,70	30,22,46,109,74,72	439,711,820,1131,945,1350	100,139,115,62,40,96	NA	NA	NA	NA	NA
342	ENSG00000101384.12	JAG1	chr20	-	NA	NA	NA	NA	NA	NA	342	46,16,27	2,9,0	9,6,28	0,0,0	533	149	7.05593215591e-5	6.0176600806731e-4	0.865,0.332,1.0	1.0,1.0,1.0	-0.268	NA	NA	NA	NA	RI	chr20|-|10648548|10649107|10648548|10648676|10649060|10649107	6.0176600806731e-4	-0.268	0.7323333333333333	1	100	43	143	NA	NA	NA	NA	10648548	10648676	10649060	10649107	NA	NA	NA	NA	NA	NA	NA	10648548	10649107	13,6,17,3,0,7	7,0,0,0,0,5	26,10,10,6,6,16	2,9,0,0,0,0	NA	NA	NA	NA	NA	342	chr20	-	NA	NA	NA	NA	NA	NA	342	18,6,2	0,0,0	17,4,7	0,4,2	533	149	4.58241267092e-5	3.9533128742408e-4	1.0,1.0,1.0	1.0,0.218,0.495	0.429	NA	NA	NA	NA	3.9533128742408e-4	0.429	1	0.571	26	34	60	NA	NA	NA	NA	10648548	10648676	10649060	10649107	NA	NA	NA	NA	NA	NA	NA	10648548	10649107	18,6,2,17,3,3	0,0,0,0,1,2	0,0,0,0,0,2	0,0,0,0,4,2	NA	NA	NA	NA	NA
453	ENSG00000187244.12	BCAM	chr19	+	NA	NA	NA	NA	NA	NA	453	417,388,564	4,7,1	215,322,311	7,7,12	1127	149	2.18367748754e-4	0.00156721424358141	0.932,0.88,0.987	0.802,0.859,0.774	0.121	NA	NA	NA	NA	RI	chr19|+|44819581|44820822|44819581|44819726|44820704|44820822	0.00156721424358141	0.121	0.933	0.8116666666666666	1381	874	2255	NA	NA	NA	NA	44819581	44819726	44820704	44820822	NA	NA	NA	NA	NA	NA	NA	44819581	44820822	23,6,25,23,17,24	42,86,81,33,63,64	352,296,458,159,242,223	4,7,1,7,7,12	NA	NA	NA	NA	NA	453	chr19	+	NA	NA	NA	NA	NA	NA	453	388,497,584	14,2,7	194,245,266	7,11,21	1127	149	8.4917771475e-5	6.6341322372254e-4	0.786,0.97,0.917	0.786,0.746,0.626	0.172	NA	NA	NA	NA	6.6341322372254e-4	0.172	0.891	0.7193333333333334	1492	744	2236	NA	NA	NA	NA	44819581	44819726	44820704	44820822	NA	NA	NA	NA	NA	NA	NA	44819581	44820822	27,13,23,13,4,25	13,37,96,17,36,42	348,447,465,164,205,199	14,2,7,7,11,21	NA	NA	NA	NA	NA
491	ENSG00000167645.17	YIF1B	chr19	-	NA	NA	NA	NA	NA	NA	491	51,56,23	7,12,32	7,11,10	22,12,38	224	149	1.4340764613e-4	0.00111172653106088	0.829,0.756,0.323	0.175,0.379,0.149	0.402	NA	NA	NA	NA	RI	chr19|-|38307427|38307752|38307427|38307521|38307596|38307752	0.00111172653106088	0.402	0.636	0.23433333333333334	181	100	281	NA	NA	NA	NA	38307427	38307521	38307596	38307752	NA	NA	NA	NA	NA	NA	NA	38307427	38307752	28,52,11,7,10,9	40,20,22,1,8,5	0,0,0,0,0,0	7,12,32,22,12,38	NA	NA	NA	NA	NA	491	chr19	-	NA	NA	NA	NA	NA	NA	491	23,74,73	46,26,41	2,7,17	16,21,42	224	149	2.15129539164e-4	0.00144996348996807	0.25,0.654,0.542	0.077,0.181,0.212	0.325	NA	NA	NA	NA	0.00144996348996807	0.325	0.48200000000000004	0.15666666666666668	283	105	388	NA	NA	NA	NA	38307427	38307521	38307596	38307752	NA	NA	NA	NA	NA	NA	NA	38307427	38307752	17,50,44,1,7,8	13,51,50,1,4,12	0,0,0,0,0,0	46,26,41,16,21,42	NA	NA	NA	NA	NA
499	ENSG00000075702.19	WDR62	chr19	+	NA	NA	NA	NA	NA	NA	499	197,310,298	100,170,133	93,86,99	109,97,125	388	149	2.09280370811e-11	9.722024498583726e-10	0.431,0.412,0.462	0.247,0.254,0.233	0.19	NA	NA	NA	NA	RI	chr19|+|36101663|36102851|36101663|36101774|36102013|36102851	9.722024498583726e-10	0.19	0.435	0.24466666666666667	1208	609	1817	NA	NA	NA	NA	36101663	36101774	36102013	36102851	NA	NA	NA	NA	NA	NA	NA	36101663	36102851	92,104,47,21,15,38	94,191,220,66,64,59	11,15,31,6,7,2	100,170,133,109,97,125	NA	NA	NA	NA	NA	499	chr19	+	NA	NA	NA	NA	NA	NA	499	212,265,235	68,110,140	74,90,117	111,147,162	388	149	3.6193270602799995e-14	2.5714254255330495e-12	0.545,0.481,0.392	0.204,0.19,0.217	0.269	NA	NA	NA	NA	2.5714254255330495e-12	0.269	0.4726666666666667	0.20366666666666666	1030	701	1731	NA	NA	NA	NA	36101663	36101774	36102013	36102851	NA	NA	NA	NA	NA	NA	NA	36101663	36102851	78,79,57,27,30,47	117,171,145,47,60,56	17,15,33,0,0,14	68,110,140,111,147,162	NA	NA	NA	NA	NA
543	ENSG00000105698.16	USF2	chr19	+	NA	NA	NA	NA	NA	NA	543	201,374,279	25,30,40	50,92,48	15,23,14	592	149	6.80085164753e-5	5.8653758512874e-4	0.669,0.758,0.637	0.456,0.502,0.463	0.214	NA	NA	NA	NA	RI	chr19|+|35269802|35270597|35269802|35270003|35270446|35270597	5.8653758512874e-4	0.214	0.6880000000000001	0.4736666666666667	949	242	1191	NA	NA	NA	NA	35269802	35270003	35270446	35270597	NA	NA	NA	NA	NA	NA	NA	35269802	35270597	3,21,21,0,5,7	70,110,66,14,10,12	128,243,192,36,77,29	25,30,40,15,23,14	NA	NA	NA	NA	NA	543	chr19	+	NA	NA	NA	NA	NA	NA	543	293,251,281	34,39,26	32,77,85	12,14,30	592	149	5.92501981052e-4	0.00341098137614206	0.684,0.618,0.731	0.402,0.581,0.416	0.211	NA	NA	NA	NA	0.00341098137614206	0.211	0.6776666666666666	0.4663333333333333	924	250	1174	NA	NA	NA	NA	35269802	35270003	35270446	35270597	NA	NA	NA	NA	NA	NA	NA	35269802	35270597	16,13,7,2,1,0	63,47,103,7,28,29	214,191,171,23,48,56	34,39,26,12,14,30	NA	NA	NA	NA	NA
558	ENSG00000006015.18	REX1BD	chr19	+	NA	NA	NA	NA	NA	NA	558	708,647,899	120,200,192	254,305,329	99,142,175	1323	149	1.56438372478e-7	3.026120189385161e-6	0.399,0.267,0.345	0.224,0.195,0.175	0.139	NA	NA	NA	NA	RI	chr19|+|18590853|18592336|18590853|18590933|18592107|18592336	3.026120189385161e-6	0.139	0.337	0.198	2766	1304	4070	NA	NA	NA	NA	18590853	18590933	18592107	18592336	NA	NA	NA	NA	NA	NA	NA	18590853	18592336	78,61,82,28,14,60	58,97,170,42,57,12	572,489,647,184,234,257	120,200,192,99,142,175	NA	NA	NA	NA	NA	558	chr19	+	NA	NA	NA	NA	NA	NA	558	658,783,854	149,117,254	159,332,440	123,153,244	1323	149	1.6544254855e-10	6.055197276930001e-9	0.332,0.43,0.275	0.127,0.196,0.169	0.182	NA	NA	NA	NA	6.055197276930001e-9	0.182	0.3456666666666667	0.164	2815	1451	4266	NA	NA	NA	NA	18590853	18590933	18592107	18592336	NA	NA	NA	NA	NA	NA	NA	18590853	18592336	66,84,99,10,27,20	38,75,114,16,41,82	554,624,641,133,264,338	149,117,254,123,153,244	NA	NA	NA	NA	NA
614	ENSG00000269858.6	EGLN2	chr19	+	NA	NA	NA	NA	NA	NA	614	122,78,80	56,65,80	26,42,31	44,52,49	358	149	0.00108566873423	0.00596000060725009	0.476,0.333,0.294	0.197,0.252,0.208	0.149	NA	NA	NA	NA	RI	chr19|+|40807137|40807551|40807137|40807274|40807483|40807551	0.00596000060725009	0.149	0.36766666666666664	0.219	481	244	725	NA	NA	NA	NA	40807137	40807274	40807483	40807551	NA	NA	NA	NA	NA	NA	NA	40807137	40807551	53,28,40,11,16,12	39,35,33,12,20,7	30,15,7,3,6,12	56,65,80,44,52,49	NA	NA	NA	NA	NA	614	chr19	+	NA	NA	NA	NA	NA	NA	614	121,123,137	74,66,107	32,29,26	35,47,60	358	149	1.14467856205e-6	1.7110677812425616e-5	0.405,0.437,0.348	0.276,0.204,0.153	0.186	NA	NA	NA	NA	1.7110677812425616e-5	0.186	0.39666666666666667	0.211	628	229	857	NA	NA	NA	NA	40807137	40807274	40807483	40807551	NA	NA	NA	NA	NA	NA	NA	40807137	40807551	35,45,24,3,21,3	62,70,92,26,8,18	24,8,21,3,0,5	74,66,107,35,47,60	NA	NA	NA	NA	NA
809	ENSG00000141524.19	TMC6	chr17	-	NA	NA	NA	NA	NA	NA	809	126,128,91	71,54,71	18,81,36	40,65,46	329	149	0.00104375051826	0.0057982379316925	0.446,0.518,0.367	0.169,0.361,0.262	0.18	NA	NA	NA	NA	RI	chr17|-|78120176|78121164|78120176|78120832|78121012|78121164	0.0057982379316925	0.18	0.44366666666666665	0.264	541	286	827	NA	NA	NA	NA	78120176	78120832	78121012	78121164	NA	NA	NA	NA	NA	NA	NA	78120176	78121164	63,84,51,10,48,17	38,33,13,6,20,12	25,11,27,2,13,7	71,54,71,40,65,46	NA	NA	NA	NA	NA	809	chr17	-	NA	NA	NA	NA	NA	NA	809	112,130,140	72,101,113	17,75,24	55,53,69	329	149	0.00128655328042	0.00657317703930319	0.413,0.368,0.359	0.123,0.391,0.136	0.163	NA	NA	NA	NA	0.00657317703930319	0.163	0.38	0.21666666666666667	668	293	961	NA	NA	NA	NA	78120176	78120832	78121012	78121164	NA	NA	NA	NA	NA	NA	NA	78120176	78121164	41,64,60,14,28,8	61,33,57,3,24,8	10,33,23,0,23,8	72,101,113,55,53,69	NA	NA	NA	NA	NA
820	ENSG00000100360.15	IFT27	chr22	-	NA	NA	NA	NA	NA	NA	820	6,34,2	0,0,0	11,20,21	1,4,6	385	149	5.67022988562e-8	1.2242904809373888e-6	1.0,1.0,1.0	0.81,0.659,0.575	0.319	NA	NA	NA	NA	RI	chr22|-|36775673|36776125|36775673|36775794|36776030|36776125	1.2242904809373888e-6	0.319	1	0.6813333333333333	42	63	105	NA	NA	NA	NA	36775673	36775794	36776030	36776125	NA	NA	NA	NA	NA	NA	NA	36775673	36776125	0,0,2,5,2,11	4,33,0,6,16,8	2,1,0,0,2,2	0,0,0,1,4,6	NA	NA	NA	NA	NA	820	chr22	-	NA	NA	NA	NA	NA	NA	820	2,2,23	0,18,2	8,40,30	0,0,0	385	149	1.96640239852e-5	1.9726086519372e-4	1.0,0.041,0.817	1.0,1.0,1.0	-0.381	NA	NA	NA	NA	1.9726086519372e-4	-0.381	0.6193333333333333	1	47	78	125	NA	NA	NA	NA	36775673	36775794	36776030	36776125	NA	NA	NA	NA	NA	NA	NA	36775673	36776125	0,1,3,0,16,7	1,1,16,8,24,15	1,0,4,0,0,8	0,18,2,0,0,0	NA	NA	NA	NA	NA
885	ENSG00000006282.22	SPATA20	chr17	+	NA	NA	NA	NA	NA	NA	885	46,74,87	105,103,121	33,39,27	116,119,130	229	149	1.47787349558e-6	2.1474692594541612e-5	0.222,0.319,0.319	0.156,0.176,0.119	0.136	NA	NA	NA	NA	RI	chr17|+|50550707|50551190|50550707|50550917|50550997|50551190	2.1474692594541612e-5	0.136	0.2866666666666667	0.15033333333333332	536	464	1000	NA	NA	NA	NA	50550707	50550917	50550997	50551190	NA	NA	NA	NA	NA	NA	NA	50550707	50551190	29,43,55,23,16,19	17,41,54,14,30,13	0,0,0,0,0,0	105,103,121,116,119,130	NA	NA	NA	NA	NA	885	chr17	+	NA	NA	NA	NA	NA	NA	885	63,69,82	70,146,127	13,50,44	100,113,137	229	149	1.196339115e-4	8.9193727351666e-4	0.369,0.235,0.296	0.078,0.224,0.173	0.142	NA	NA	NA	NA	8.9193727351666e-4	0.142	0.3	0.15833333333333333	557	457	1014	NA	NA	NA	NA	50550707	50550917	50550997	50551190	NA	NA	NA	NA	NA	NA	NA	50550707	50551190	28,25,61,12,30,27	49,56,48,12,25,28	0,0,0,0,0,4	70,146,127,100,113,137	NA	NA	NA	NA	NA
900	ENSG00000141279.18	NPEPPS	chr17	+	NA	NA	NA	NA	NA	NA	900	162,168,114	13,15,72	60,69,101	45,44,80	596	149	7.42128757257e-4	0.00438413635789973	0.757,0.737,0.284	0.25,0.282,0.24	0.335	NA	NA	NA	NA	RI	chr17|+|47585499|47586244|47585499|47585700|47586147|47586244	0.00438413635789973	0.335	0.5926666666666667	0.2573333333333333	544	399	943	NA	NA	NA	NA	47585499	47585700	47586147	47586244	NA	NA	NA	NA	NA	NA	NA	47585499	47586244	50,26,24,11,15,39	33,34,17,4,16,12	79,108,73,45,38,50	13,15,72,45,44,80	NA	NA	NA	NA	NA	900	chr17	+	NA	NA	NA	NA	NA	NA	900	110,137,211	17,52,56	54,86,86	27,46,61	596	149	3.7026765498e-4	0.00230282839178601	0.618,0.397,0.485	0.333,0.319,0.261	0.196	NA	NA	NA	NA	0.00230282839178601	0.196	0.5	0.30433333333333334	583	360	943	NA	NA	NA	NA	47585499	47585700	47586147	47586244	NA	NA	NA	NA	NA	NA	NA	47585499	47586244	22,44,53,24,17,18	18,20,16,5,11,19	70,73,142,25,58,49	17,52,56,27,46,61	NA	NA	NA	NA	NA
905	ENSG00000141279.18	NPEPPS	chr17	+	NA	NA	NA	NA	NA	NA	905	81,91,99	53,52,52	37,28,50	52,72,58	980	149	4.94042340371e-9	1.4289941656391376e-7	0.189,0.21,0.224	0.098,0.056,0.116	0.118	NA	NA	NA	NA	RI	chr17|+|47585499|47587344|47585499|47586398|47587229|47587344	1.4289941656391376e-7	0.118	0.20766666666666667	0.09	428	297	725	NA	NA	NA	NA	47585499	47586398	47587229	47587344	NA	NA	NA	NA	NA	NA	NA	47585499	47587344	2,1,23,0,0,3	5,6,29,7,7,3	74,84,47,30,21,44	53,52,52,52,72,58	NA	NA	NA	NA	NA	905	chr17	+	NA	NA	NA	NA	NA	NA	905	50,95,55	23,58,87	31,34,37	114,67,81	980	149	2.38597465119e-8	5.717817824816036e-7	0.248,0.199,0.088	0.04,0.072,0.065	0.119	NA	NA	NA	NA	5.717817824816036e-7	0.119	0.17833333333333334	0.059	368	364	732	NA	NA	NA	NA	47585499	47586398	47587229	47587344	NA	NA	NA	NA	NA	NA	NA	47585499	47587344	1,1,11,6,1,1	4,12,2,3,6,1	45,82,42,22,27,35	23,58,87,114,67,81	NA	NA	NA	NA	NA
980	ENSG00000130511.16	SSBP4	chr19	+	NA	NA	NA	NA	NA	NA	980	100,132,62	220,234,186	18,11,17	58,93,129	244	149	8.43501534176e-8	1.7415324604603476e-6	0.217,0.256,0.169	0.159,0.067,0.074	0.114	NA	NA	NA	NA	RI	chr19|+|18432558|18432735|18432558|18432604|18432699|18432735	1.7415324604603476e-6	0.114	0.214	0.1	934	326	1260	NA	NA	NA	NA	18432558	18432604	18432699	18432735	NA	NA	NA	NA	NA	NA	NA	18432558	18432735	22,50,12,18,5,8	79,83,50,0,6,11	0,0,0,0,0,0	220,234,186,58,93,129	NA	NA	NA	NA	NA	980	chr19	+	NA	NA	NA	NA	NA	NA	980	84,65,117	128,155,210	0,9,16	81,139,176	244	149	0	0	0.286,0.204,0.254	0.0,0.038,0.053	0.218	NA	NA	NA	NA	0	0.218	0.248	0.030333333333333334	759	421	1180	NA	NA	NA	NA	18432558	18432604	18432699	18432735	NA	NA	NA	NA	NA	NA	NA	18432558	18432735	16,33,37,0,4,0	69,32,80,0,5,16	0,0,0,0,0,0	128,155,210,81,139,176	NA	NA	NA	NA	NA
1046	ENSG00000131899.13	LLGL1	chr17	+	NA	NA	NA	NA	NA	NA	1046	509,469,509	20,33,18	134,253,202	19,45,44	690	149	7.0694561316e-12	3.5826367767744793e-10	0.846,0.754,0.859	0.604,0.548,0.498	0.27	NA	NA	NA	NA	RI	chr17|+|18236834|18237773|18236834|18236939|18237480|18237773	3.5826367767744793e-10	0.27	0.8196666666666667	0.55	1558	697	2255	NA	NA	NA	NA	18236834	18236939	18237480	18237773	NA	NA	NA	NA	NA	NA	NA	18236834	18237773	97,142,115,26,81,53	64,53,74,16,21,30	348,274,320,92,151,119	20,33,18,19,45,44	NA	NA	NA	NA	NA	1046	chr17	+	NA	NA	NA	NA	NA	NA	1046	406,580,604	24,29,31	123,163,156	30,23,47	690	149	6.52768950005e-11	2.7000491021097222e-9	0.785,0.812,0.808	0.47,0.605,0.418	0.304	NA	NA	NA	NA	2.7000491021097222e-9	0.304	0.8016666666666667	0.49766666666666665	1674	542	2216	NA	NA	NA	NA	18236834	18236939	18237480	18237773	NA	NA	NA	NA	NA	NA	NA	18236834	18237773	87,131,126,30,57,37	53,67,79,4,28,27	266,382,399,89,78,92	24,29,31,30,23,47	NA	NA	NA	NA	NA
1071	ENSG00000170037.14	CNTROB	chr17	+	NA	NA	NA	NA	NA	NA	1071	1052,783,917	167,187,197	367,391,478	163,124,181	614	149	2.07182561773e-7	3.885148222605615e-6	0.605,0.504,0.53	0.353,0.433,0.391	0.154	NA	NA	NA	NA	RI	chr17|+|7948486|7949137|7948486|7948619|7949084|7949137	3.885148222605615e-6	0.154	0.5463333333333333	0.3923333333333333	3303	1704	5007	NA	NA	NA	NA	7948486	7948619	7949084	7949137	NA	NA	NA	NA	NA	NA	NA	7948486	7949137	194,185,101,55,71,84	214,228,196,115,62,112	644,370,620,197,258,282	167,187,197,163,124,181	NA	NA	NA	NA	NA	1071	chr17	+	NA	NA	NA	NA	NA	NA	1071	675,782,855	114,130,226	316,497,408	127,157,121	614	149	1.1810326135e-4	8.8270494466912e-4	0.59,0.593,0.479	0.376,0.434,0.45	0.134	NA	NA	NA	NA	8.8270494466912e-4	0.134	0.5539999999999999	0.42	2782	1626	4408	NA	NA	NA	NA	7948486	7948619	7949084	7949137	NA	NA	NA	NA	NA	NA	NA	7948486	7949137	114,120,215,51,68,46	147,130,177,59,89,92	414,532,463,206,340,270	114,130,226,127,157,121	NA	NA	NA	NA	NA
1082	ENSG00000187838.17	PLSCR3	chr17	-	NA	NA	NA	NA	NA	NA	1082	22,26,24	33,33,23	3,10,13	33,30,29	416	149	8.98000957327e-5	7.4039633253189e-4	0.193,0.22,0.272	0.032,0.107,0.138	0.136	NA	NA	NA	NA	RI	chr17|-|7393600|7394159|7393600|7393836|7394103|7394159	7.4039633253189e-4	0.136	0.22833333333333333	0.09233333333333334	161	118	279	NA	NA	NA	NA	7393600	7393836	7394103	7394159	NA	NA	NA	NA	NA	NA	NA	7393600	7394159	16,6,23,3,0,5	4,12,1,0,6,5	2,8,0,0,4,3	33,33,23,33,30,29	NA	NA	NA	NA	NA	1082	chr17	-	NA	NA	NA	NA	NA	NA	1082	26,29,19	11,21,14	5,14,12	23,27,29	416	149	1.50594877879e-6	2.1861597776713484e-5	0.458,0.331,0.327	0.072,0.157,0.129	0.253	NA	NA	NA	NA	2.1861597776713484e-5	0.253	0.372	0.11933333333333333	120	110	230	NA	NA	NA	NA	7393600	7393836	7394103	7394159	NA	NA	NA	NA	NA	NA	NA	7393600	7394159	3,13,3,2,11,3	10,8,12,3,2,2	13,8,4,0,1,7	11,21,14,23,27,29	NA	NA	NA	NA	NA
1119	ENSG00000141013.17	GAS8	chr16	+	NA	NA	NA	NA	NA	NA	1119	156,191,221	125,96,105	107,140,197	144,159,190	794	149	7.67540009883e-7	1.2353163623628756e-5	0.19,0.272,0.283	0.122,0.142,0.163	0.106	NA	NA	NA	NA	RI	chr16|+|90036380|90037399|90036380|90036586|90037231|90037399	1.2353163623628756e-5	0.106	0.24833333333333332	0.14233333333333334	894	937	1831	NA	NA	NA	NA	90036380	90036586	90037231	90037399	NA	NA	NA	NA	NA	NA	NA	90036380	90037399	22,2,24,12,10,23	21,12,22,23,10,19	113,177,175,72,120,155	125,96,105,144,159,190	NA	NA	NA	NA	NA	1119	chr16	+	NA	NA	NA	NA	NA	NA	1119	239,269,315	109,108,144	153,98,161	131,137,144	794	149	1.6568413308e-11	7.580049088409998e-10	0.292,0.319,0.291	0.18,0.118,0.173	0.144	NA	NA	NA	NA	7.580049088409998e-10	0.144	0.30066666666666664	0.157	1184	824	2008	NA	NA	NA	NA	90036380	90036586	90037231	90037399	NA	NA	NA	NA	NA	NA	NA	90036380	90037399	19,26,51,22,6,18	83,49,40,31,10,34	137,194,224,100,82,109	109,108,144,131,137,144	NA	NA	NA	NA	NA
1158	ENSG00000157353.17	FCSK	chr16	+	NA	NA	NA	NA	NA	NA	1158	36,51,62	14,14,15	20,32,33	19,12,41	563	149	0.00106709545692	0.00588437890452647	0.405,0.491,0.522	0.218,0.414,0.176	0.203	NA	NA	NA	NA	RI	chr16|+|70466881|70467966|70466881|70467471|70467885|70467966	0.00588437890452647	0.203	0.4726666666666667	0.2693333333333333	192	157	349	NA	NA	NA	NA	70466881	70467471	70467885	70467966	NA	NA	NA	NA	NA	NA	NA	70466881	70467966	4,7,13,15,5,6	20,7,30,2,20,14	12,37,19,3,7,13	14,14,15,19,12,41	NA	NA	NA	NA	NA	1158	chr16	+	NA	NA	NA	NA	NA	NA	1158	60,90,66	15,23,38	6,15,12	21,37,21	563	149	1.37998501515e-11	6.561991737394368e-10	0.514,0.509,0.315	0.07,0.097,0.131	0.347	NA	NA	NA	NA	6.561991737394368e-10	0.347	0.446	0.09933333333333334	292	112	404	NA	NA	NA	NA	70466881	70467471	70467885	70467966	NA	NA	NA	NA	NA	NA	NA	70466881	70467966	4,20,6,0,8,0	24,19,18,3,3,0	32,51,42,3,4,12	15,23,38,21,37,21	NA	NA	NA	NA	NA
1186	ENSG00000102901.13	CENPT	chr16	-	NA	NA	NA	NA	NA	NA	1186	1812,2250,1865	150,278,249	883,1135,1241	194,270,236	816	149	5.84158662553e-8	1.2524688527185302e-6	0.688,0.596,0.578	0.454,0.434,0.49	0.161	NA	NA	NA	NA	RI	chr16|-|67829764|67831358|67829764|67830548|67831215|67831358	1.2524688527185302e-6	0.161	0.6206666666666666	0.4593333333333333	6604	3959	10563	NA	NA	NA	NA	67829764	67830548	67831215	67831358	NA	NA	NA	NA	NA	NA	NA	67829764	67831358	145,273,273,112,149,153	227,281,232,74,104,129	1440,1696,1360,697,882,959	150,278,249,194,270,236	NA	NA	NA	NA	NA	1186	chr16	-	NA	NA	NA	NA	NA	NA	1186	1530,2033,2022	142,318,331	895,1203,1090	205,270,247	816	149	1.7921444595e-4	0.0012425672090609	0.663,0.539,0.527	0.444,0.449,0.446	0.13	NA	NA	NA	NA	0.0012425672090609	0.13	0.5763333333333334	0.44633333333333336	6376	3910	10286	NA	NA	NA	NA	67829764	67830548	67831215	67831358	NA	NA	NA	NA	NA	NA	NA	67829764	67831358	173,232,233,137,152,123	130,174,310,118,141,96	1227,1627,1479,640,910,871	142,318,331,205,270,247	NA	NA	NA	NA	NA
1205	ENSG00000102977.18	ACD	chr16	-	NA	NA	NA	NA	NA	NA	1205	131,210,91	178,216,210	32,52,46	82,107,149	225	149	0.00151164283641	0.00775681495637332	0.328,0.392,0.223	0.205,0.243,0.17	0.108	NA	NA	NA	NA	RI	chr16|-|67659902|67660290|67659902|67660045|67660121|67660290	0.00775681495637332	0.108	0.31433333333333335	0.206	1036	468	1504	NA	NA	NA	NA	67659902	67660045	67660121	67660290	NA	NA	NA	NA	NA	NA	NA	67659902	67660290	63,82,48,17,25,18	108,172,82,20,40,37	0,0,0,0,0,0	178,216,210,82,107,149	NA	NA	NA	NA	NA	1205	chr16	-	NA	NA	NA	NA	NA	NA	1205	99,158,182	203,195,223	49,46,37	136,128,153	225	149	5.16796531569e-7	8.669261817069973e-6	0.244,0.349,0.351	0.193,0.192,0.138	0.14	NA	NA	NA	NA	8.669261817069973e-6	0.14	0.31466666666666665	0.17433333333333334	1060	549	1609	NA	NA	NA	NA	67659902	67660045	67660121	67660290	NA	NA	NA	NA	NA	NA	NA	67659902	67660290	60,53,64,35,24,12	63,134,152,32,34,29	0,0,0,4,0,0	203,195,223,136,128,153	NA	NA	NA	NA	NA
1209	ENSG00000039523.20	RIPOR1	chr16	+	NA	NA	NA	NA	NA	NA	1209	77,72,50	110,144,98	5,7,28	27,39,67	257	149	0.00145039252106	0.00751166126616547	0.289,0.225,0.228	0.097,0.094,0.195	0.119	NA	NA	NA	NA	RI	chr16|+|67545948|67546231|67545948|67546032|67546140|67546231	0.00751166126616547	0.119	0.24733333333333332	0.12866666666666668	551	173	724	NA	NA	NA	NA	67545948	67546032	67546140	67546231	NA	NA	NA	NA	NA	NA	NA	67545948	67546231	14,34,3,3,1,6	63,39,41,2,7,23	0,0,6,0,0,0	110,144,98,27,39,67	NA	NA	NA	NA	NA	1209	chr16	+	NA	NA	NA	NA	NA	NA	1209	52,124,65	59,165,120	10,10,8	51,64,94	257	149	6.328271240359999e-15	5.235127400073156e-13	0.338,0.303,0.239	0.102,0.083,0.047	0.216	NA	NA	NA	NA	5.235127400073156e-13	0.216	0.29333333333333333	0.07733333333333334	585	237	822	NA	NA	NA	NA	67545948	67546032	67546140	67546231	NA	NA	NA	NA	NA	NA	NA	67545948	67546231	8,22,13,0,6,5	44,102,52,10,4,5	0,0,0,0,0,0	59,165,120,51,64,94	NA	NA	NA	NA	NA
1228	ENSG00000103037.12	SETD6	chr16	+	NA	NA	NA	NA	NA	NA	1228	274,310,187	3,20,33	105,77,113	16,29,14	221	149	4.50085766774e-4	0.00289908185069135	0.984,0.913,0.793	0.816,0.642,0.845	0.129	NA	NA	NA	NA	RI	chr16|+|58515790|58516097|58515790|58515880|58515952|58516097	0.00289908185069135	0.129	0.8966666666666667	0.7676666666666666	827	354	1181	NA	NA	NA	NA	58515790	58515880	58515952	58516097	NA	NA	NA	NA	NA	NA	NA	58515790	58516097	178,195,141,74,59,85	172,194,136,74,54,74	0,0,0,0,0,0	3,20,33,16,29,14	NA	NA	NA	NA	NA	1228	chr16	+	NA	NA	NA	NA	NA	NA	1228	228,204,206	31,22,21	116,102,76	25,36,20	221	149	1.58300742319e-5	1.6313620867993e-4	0.832,0.862,0.869	0.758,0.656,0.719	0.143	NA	NA	NA	NA	1.6313620867993e-4	0.143	0.8543333333333333	0.711	712	375	1087	NA	NA	NA	NA	58515790	58515880	58515952	58516097	NA	NA	NA	NA	NA	NA	NA	58515790	58516097	137,141,166,78,68,59	180,133,148,86,77,44	0,0,0,0,0,0	31,22,21,25,36,20	NA	NA	NA	NA	NA
1244	ENSG00000125124.14	BBS2	chr16	-	NA	NA	NA	NA	NA	NA	1244	75,49,76	46,42,18	7,39,8	16,47,36	1095	149	2.12663533916e-6	2.990946765992917e-5	0.182,0.137,0.365	0.056,0.101,0.029	0.166	NA	NA	NA	NA	RI	chr16|-|56498436|56501025|56498436|56499907|56500853|56501025	2.990946765992917e-5	0.166	0.228	0.062	306	153	459	NA	NA	NA	NA	56498436	56499907	56500853	56501025	NA	NA	NA	NA	NA	NA	NA	56498436	56501025	8,1,9,0,3,0	23,4,19,0,8,4	44,44,48,7,28,4	46,42,18,16,47,36	NA	NA	NA	NA	NA	1244	chr16	-	NA	NA	NA	NA	NA	NA	1244	93,67,95	42,48,39	21,5,26	27,6,29	1095	149	1.12544419679e-4	8.5228429118783e-4	0.232,0.16,0.249	0.096,0.102,0.109	0.111	NA	NA	NA	NA	8.5228429118783e-4	0.111	0.21366666666666667	0.10233333333333333	384	114	498	NA	NA	NA	NA	56498436	56499907	56500853	56501025	NA	NA	NA	NA	NA	NA	NA	56498436	56501025	10,3,11,5,2,8	23,15,12,0,0,5	60,49,72,16,3,13	42,48,39,27,6,29	NA	NA	NA	NA	NA
1312	ENSG00000100241.22	SBF1	chr22	-	NA	NA	NA	NA	NA	NA	1312	441,445,337	130,76,167	152,245,161	161,144,147	782	149	2.42630735248e-6	3.34339700795671e-5	0.393,0.527,0.278	0.152,0.245,0.173	0.209	NA	NA	NA	NA	RI	chr22|-|50455480|50456395|50455480|50455582|50456215|50456395	3.34339700795671e-5	0.209	0.3993333333333334	0.19	1596	1010	2606	NA	NA	NA	NA	50455480	50455582	50456215	50456395	NA	NA	NA	NA	NA	NA	NA	50455480	50456395	80,74,31,19,41,16	110,93,104,29,58,31	251,278,202,104,146,114	130,76,167,161,144,147	NA	NA	NA	NA	NA	1312	chr22	-	NA	NA	NA	NA	NA	NA	1312	255,324,364	46,168,109	173,218,123	99,138,143	782	149	8.59806231811e-5	6.7084881575021e-4	0.514,0.269,0.389	0.25,0.231,0.141	0.183	NA	NA	NA	NA	6.7084881575021e-4	0.183	0.39066666666666666	0.20733333333333334	1266	894	2160	NA	NA	NA	NA	50455480	50455582	50456215	50456395	NA	NA	NA	NA	NA	NA	NA	50455480	50456395	60,55,35,30,46,24	77,80,98,31,34,19	118,189,231,112,138,80	46,168,109,99,138,143	NA	NA	NA	NA	NA
1321	ENSG00000100241.22	SBF1	chr22	-	NA	NA	NA	NA	NA	NA	1321	194,174,43	80,78,111	54,31,27	65,131,83	595	149	5.16358255365e-5	4.6291064647634e-4	0.378,0.358,0.088	0.172,0.056,0.075	0.174	NA	NA	NA	NA	RI	chr22|-|50460533|50461286|50460533|50460712|50461158|50461286	4.6291064647634e-4	0.174	0.27466666666666667	0.10099999999999999	680	391	1071	NA	NA	NA	NA	50460533	50460712	50461158	50461286	NA	NA	NA	NA	NA	NA	NA	50460533	50461286	70,23,19,13,8,14	26,16,3,2,1,0	98,135,21,39,22,13	80,78,111,65,131,83	NA	NA	NA	NA	NA	1321	chr22	-	NA	NA	NA	NA	NA	NA	1321	73,155,91	63,87,113	59,28,44	69,93,76	595	149	3.18734506031e-5	2.9750196011146e-4	0.225,0.309,0.168	0.176,0.07,0.127	0.11	NA	NA	NA	NA	2.9750196011146e-4	0.11	0.234	0.12433333333333334	582	369	951	NA	NA	NA	NA	50460533	50460712	50461158	50461286	NA	NA	NA	NA	NA	NA	NA	50460533	50461286	13,59,22,36,7,4	0,18,16,4,1,1	60,78,53,19,20,39	63,87,113,69,93,76	NA	NA	NA	NA	NA
1329	ENSG00000100241.22	SBF1	chr22	-	NA	NA	NA	NA	NA	NA	1329	4,4,4	113,58,104	22,19,16	37,97,93	232	149	1.39137724675e-8	3.454220759947773e-7	0.022,0.042,0.024	0.276,0.112,0.099	-0.133	NA	NA	NA	NA	RI	chr22|-|50467337|50467693|50467337|50467448|50467531|50467693	3.454220759947773e-7	-0.133	0.029333333333333333	0.16233333333333333	287	284	571	NA	NA	NA	NA	50467337	50467448	50467531	50467693	NA	NA	NA	NA	NA	NA	NA	50467337	50467693	3,2,4,2,15,8	1,2,3,21,4,12	0,0,0,0,0,0	113,58,104,37,97,93	NA	NA	NA	NA	NA	1329	chr22	-	NA	NA	NA	NA	NA	NA	1329	22,30,54	105,124,104	11,3,0	61,77,129	232	149	1.54035117994e-10	5.6720614485717445e-9	0.119,0.134,0.25	0.104,0.024,0.0	0.125	NA	NA	NA	NA	5.6720614485717445e-9	0.125	0.16766666666666666	0.042666666666666665	439	281	720	NA	NA	NA	NA	50467337	50467448	50467531	50467693	NA	NA	NA	NA	NA	NA	NA	50467337	50467693	16,1,37,4,2,0	13,30,27,7,1,0	0,0,0,0,0,0	105,124,104,61,77,129	NA	NA	NA	NA	NA
1399	ENSG00000262152.7	GREP1	chr16	+	NA	NA	NA	NA	NA	NA	1399	0,0,6	12,4,4	9,12,7	0,0,2	578	149	4.93013707636e-9	1.4289941656391376e-7	0.0,0.0,0.279	1.0,1.0,0.474	-0.732	NA	NA	NA	NA	RI	chr16|+|2990086|2990587|2990086|2990122|2990551|2990587	1.4289941656391376e-7	-0.732	0.093	0.8246666666666667	26	30	56	NA	NA	NA	NA	2990086	2990122	2990551	2990587	NA	NA	NA	NA	NA	NA	NA	2990086	2990587	0,0,2,3,0,5	0,0,0,6,2,2	0,0,4,0,10,0	12,4,4,0,0,2	NA	NA	NA	NA	NA	1399	chr16	+	NA	NA	NA	NA	NA	NA	1399	7,7,13	0,8,0	2,4,3	7,8,2	578	149	5.51029666558e-4	0.00321203489994571	1.0,0.184,1.0	0.069,0.114,0.279	0.574	NA	NA	NA	NA	0.00321203489994571	0.574	0.728	0.15400000000000003	35	26	61	NA	NA	NA	NA	2990086	2990122	2990551	2990587	NA	NA	NA	NA	NA	NA	NA	2990086	2990587	0,0,0,0,2,0	7,2,9,2,2,3	0,5,4,0,0,0	0,8,0,7,8,2	NA	NA	NA	NA	NA
1477	ENSG00000284946.1	ENSG00000284946	chr15	-	NA	NA	NA	NA	NA	NA	1477	393,400,457	107,101,151	148,193,307	74,80,130	614	149	4.59159008781e-4	0.00294823355167025	0.471,0.49,0.423	0.327,0.369,0.364	0.108	NA	NA	NA	NA	RI	chr15|-|90980883|90981669|90980883|90981033|90981498|90981669	0.00294823355167025	0.108	0.4613333333333333	0.35333333333333333	1609	932	2541	NA	NA	NA	NA	90980883	90981033	90981498	90981669	NA	NA	NA	NA	NA	NA	NA	90980883	90981669	78,83,90,29,39,59	155,79,129,39,70,106	160,238,238,80,84,142	107,101,151,74,80,130	NA	NA	NA	NA	NA	1477	chr15	-	NA	NA	NA	NA	NA	NA	1477	298,288,285	59,140,90	82,141,102	61,77,142	614	149	1.82916260073e-5	1.8441257004688e-4	0.551,0.333,0.435	0.246,0.308,0.148	0.206	NA	NA	NA	NA	1.8441257004688e-4	0.206	0.4396666666666667	0.23399999999999999	1160	605	1765	NA	NA	NA	NA	90980883	90981033	90981498	90981669	NA	NA	NA	NA	NA	NA	NA	90980883	90981669	93,30,53,20,41,13	87,91,94,31,44,54	118,167,138,31,56,35	59,140,90,61,77,142	NA	NA	NA	NA	NA
1539	ENSG00000174444.15	RPL4	chr15	-	NA	NA	NA	NA	NA	NA	1539	1373,1492,1609	436,562,699	1265,1612,2251	281,443,502	418	149	1.31492674937e-6	1.9243748990780047e-5	0.529,0.486,0.451	0.616,0.565,0.615	-0.11	NA	NA	NA	NA	RI	chr15|-|66500948|66501504|66500948|66501105|66501374|66501504	1.9243748990780047e-5	-0.11	0.4886666666666667	0.5986666666666667	6171	6354	12525	NA	NA	NA	NA	66500948	66501105	66501374	66501504	NA	NA	NA	NA	NA	NA	NA	66500948	66501504	577,574,543,454,515,761	323,300,393,289,339,611	473,618,673,522,758,879	436,562,699,281,443,502	NA	NA	NA	NA	NA	1539	chr15	-	NA	NA	NA	NA	NA	NA	1539	1011,1349,1780	514,595,660	1405,1546,1508	284,366,506	418	149	5.63800454356e-6	6.795989907895975e-5	0.412,0.447,0.49	0.638,0.601,0.515	-0.135	NA	NA	NA	NA	6.795989907895975e-5	-0.135	0.44966666666666666	0.5846666666666667	5909	5615	11524	NA	NA	NA	NA	66500948	66501105	66501374	66501504	NA	NA	NA	NA	NA	NA	NA	66500948	66501504	295,452,586,429,469,572	233,317,437,399,377,338	483,580,757,577,700,598	514,595,660,284,366,506	NA	NA	NA	NA	NA
1644	ENSG00000142208.18	AKT1	chr14	-	NA	NA	NA	NA	NA	NA	1644	601,610,668	173,106,107	311,473,401	143,191,189	480	149	1.25514091343e-7	2.4747665855796655e-6	0.519,0.641,0.66	0.403,0.435,0.397	0.195	NA	NA	NA	NA	RI	chr14|-|104773454|104773980|104773454|104773580|104773911|104773980	2.4747665855796655e-6	0.195	0.6066666666666667	0.4116666666666667	2265	1708	3973	NA	NA	NA	NA	104773454	104773580	104773911	104773980	NA	NA	NA	NA	NA	NA	NA	104773454	104773980	160,187,191,90,142,88	87,40,42,28,23,29	354,383,435,193,308,284	173,106,107,143,191,189	NA	NA	NA	NA	NA	1644	chr14	-	NA	NA	NA	NA	NA	NA	1644	463,562,663	133,174,188	228,308,385	113,149,167	480	149	3.41018750174e-5	3.1537706467087e-4	0.519,0.501,0.523	0.385,0.391,0.417	0.117	NA	NA	NA	NA	3.1537706467087e-4	0.117	0.5143333333333333	0.39766666666666667	2183	1350	3533	NA	NA	NA	NA	104773454	104773580	104773911	104773980	NA	NA	NA	NA	NA	NA	NA	104773454	104773980	178,174,210,67,108,136	16,35,54,26,26,34	269,353,399,135,174,215	133,174,188,113,149,167	NA	NA	NA	NA	NA
1698	ENSG00000086504.18	MRPL28	chr16	-	NA	NA	NA	NA	NA	NA	1698	189,126,243	97,141,140	177,194,216	64,78,47	859	149	2.60081280032e-5	2.5974241191469e-4	0.253,0.134,0.231	0.324,0.301,0.444	-0.15	NA	NA	NA	NA	RI	chr16|-|368500|370225|368500|369220|369930|370225	2.5974241191469e-4	-0.15	0.20600000000000002	0.35633333333333334	936	776	1712	NA	NA	NA	NA	368500	369220	369930	370225	NA	NA	NA	NA	NA	NA	NA	368500	370225	38,0,19,16,23,24	22,50,19,33,26,36	129,76,205,128,145,156	97,141,140,64,78,47	NA	NA	NA	NA	NA	1698	chr16	-	NA	NA	NA	NA	NA	NA	1698	114,177,175	93,150,154	123,213,211	76,60,89	859	149	3.02569522748e-5	2.8508106403479e-4	0.175,0.17,0.165	0.219,0.381,0.291	-0.127	NA	NA	NA	NA	2.8508106403479e-4	-0.127	0.17	0.297	863	772	1635	NA	NA	NA	NA	368500	369220	369930	370225	NA	NA	NA	NA	NA	NA	NA	368500	370225	16,15,21,17,57,32	23,48,50,25,20,23	75,114,104,81,136,156	93,150,154,76,60,89	NA	NA	NA	NA	NA
1700	ENSG00000080815.20	PSEN1	chr14	+	NA	NA	NA	NA	NA	NA	1700	355,407,535	25,41,61	618,518,721	33,15,26	5445	149	5.18494191826e-6	6.569021455117835e-5	0.28,0.214,0.194	0.339,0.486,0.431	-0.189	NA	NA	NA	NA	RI	chr14|+|73206385|73211942|73206385|73206472|73211768|73211942	6.569021455117835e-5	-0.189	0.22933333333333333	0.4186666666666667	1424	1931	3355	NA	NA	NA	NA	73206385	73206472	73211768	73211942	NA	NA	NA	NA	NA	NA	NA	73206385	73211942	0,23,16,5,0,11	5,1,4,17,17,27	350,383,515,596,501,683	25,41,61,33,15,26	NA	NA	NA	NA	NA	1700	chr14	+	NA	NA	NA	NA	NA	NA	1700	339,391,358	52,43,79	563,538,474	11,27,30	5445	149	1.09751899946e-6	1.644644475865742e-5	0.151,0.199,0.11	0.583,0.353,0.302	-0.259	NA	NA	NA	NA	1.644644475865742e-5	-0.259	0.15333333333333332	0.4126666666666666	1262	1643	2905	NA	NA	NA	NA	73206385	73206472	73211768	73211942	NA	NA	NA	NA	NA	NA	NA	73206385	73211942	0,0,6,17,20,6	0,9,28,19,16,31	339,382,324,527,502,437	52,43,79,11,27,30	NA	NA	NA	NA	NA
1911	ENSG00000185624.16	P4HB	chr17	-	NA	NA	NA	NA	NA	NA	1911	2579,2361,2461	713,1524,1007	3311,3696,4937	579,648,876	1200	149	1.72990510805e-11	8.22308381594e-10	0.31,0.161,0.233	0.415,0.415,0.412	-0.179	NA	NA	NA	NA	RI	chr17|-|81843168|81845742|81843168|81844092|81845143|81845742	8.22308381594e-10	-0.179	0.23466666666666666	0.414	10645	14047	24692	NA	NA	NA	NA	81843168	81844092	81845143	81845742	NA	NA	NA	NA	NA	NA	NA	81843168	81845742	176,171,211,267,242,370	216,201,272,319,370,405	2187,1989,1978,2725,3084,4162	713,1524,1007,579,648,876	NA	NA	NA	NA	NA	1911	chr17	-	NA	NA	NA	NA	NA	NA	1911	2194,2641,3053	715,2096,1179	3113,3598,4013	741,624,807	1200	149	7.77361508497e-11	3.1506618455123373e-9	0.276,0.135,0.243	0.343,0.417,0.382	-0.163	NA	NA	NA	NA	3.1506618455123373e-9	-0.163	0.218	0.38066666666666665	11878	12896	24774	NA	NA	NA	NA	81843168	81844092	81845143	81845742	NA	NA	NA	NA	NA	NA	NA	81843168	81845742	207,181,245,253,261,339	145,186,231,314,288,383	1842,2274,2577,2546,3049,3291	715,2096,1179,741,624,807	NA	NA	NA	NA	NA
1913	ENSG00000185624.16	P4HB	chr17	-	NA	NA	NA	NA	NA	NA	1913	957,899,1124	533,1059,758	1056,1427,1481	481,499,658	479	149	5.37240747989e-6	6.715642678657391e-5	0.358,0.209,0.316	0.406,0.471,0.412	-0.135	NA	NA	NA	NA	RI	chr17|-|81845143|81845742|81845143|81845230|81845560|81845742	6.715642678657391e-5	-0.135	0.29433333333333334	0.42966666666666664	5330	5602	10932	NA	NA	NA	NA	81845143	81845230	81845560	81845742	NA	NA	NA	NA	NA	NA	NA	81845143	81845742	256,370,414,288,362,488	240,158,294,252,378,325	461,371,416,516,687,668	533,1059,758,481,499,658	NA	NA	NA	NA	NA	1913	chr17	-	NA	NA	NA	NA	NA	NA	1913	1013,1019,1098	504,1612,880	1168,1301,1441	393,590,577	479	149	1.36287611411e-5	1.4363715275934e-4	0.385,0.164,0.28	0.48,0.407,0.437	-0.165	NA	NA	NA	NA	1.4363715275934e-4	-0.165	0.2763333333333333	0.4413333333333333	6126	5470	11596	NA	NA	NA	NA	81845143	81845230	81845560	81845742	NA	NA	NA	NA	NA	NA	NA	81845143	81845742	329,315,348,374,375,415	215,289,259,291,342,328	469,415,491,503,584,698	504,1612,880,393,590,577	NA	NA	NA	NA	NA
1917	ENSG00000185624.16	P4HB	chr17	-	NA	NA	NA	NA	NA	NA	1917	198,145,266	367,761,477	248,369,391	264,324,400	277	149	3.16769943609e-11	1.417834521321451e-9	0.225,0.093,0.231	0.336,0.38,0.345	-0.171	NA	NA	NA	NA	RI	chr17|-|81845143|81845991|81845143|81845742|81845870|81845991	1.417834521321451e-9	-0.171	0.183	0.3536666666666667	2214	1996	4210	NA	NA	NA	NA	81845143	81845742	81845870	81845991	NA	NA	NA	NA	NA	NA	NA	81845143	81845991	148,86,164,132,226,275	66,76,119,99,144,134	2,0,14,28,2,13	367,761,477,264,324,400	NA	NA	NA	NA	NA	1917	chr17	-	NA	NA	NA	NA	NA	NA	1917	196,418,253	340,1030,601	264,331,288	257,375,394	277	149	3.15304893306e-10	1.1006510119508289e-8	0.237,0.179,0.185	0.356,0.322,0.282	-0.12	NA	NA	NA	NA	1.1006510119508289e-8	-0.12	0.20033333333333334	0.32	2838	1909	4747	NA	NA	NA	NA	81845143	81845742	81845870	81845991	NA	NA	NA	NA	NA	NA	NA	81845143	81845991	114,200,147,136,177,181	85,183,121,139,169,130	15,56,0,0,0,4	340,1030,601,257,375,394	NA	NA	NA	NA	NA
1919	ENSG00000185624.16	P4HB	chr17	-	NA	NA	NA	NA	NA	NA	1919	790,853,594	244,488,243	1141,1013,1126	286,209,213	1088	149	1.12952733833e-8	2.8980174220249205e-7	0.307,0.193,0.251	0.353,0.399,0.42	-0.14	NA	NA	NA	NA	RI	chr17|-|81859180|81860520|81859180|81859387|81860326|81860520	2.8980174220249205e-7	-0.14	0.25033333333333335	0.39066666666666666	3212	3988	7200	NA	NA	NA	NA	81859180	81859387	81860326	81860520	NA	NA	NA	NA	NA	NA	NA	81859180	81860520	193,253,169,226,221,202	32,38,9,44,30,35	565,562,416,871,762,889	244,488,243,286,209,213	NA	NA	NA	NA	NA	1919	chr17	-	NA	NA	NA	NA	NA	NA	1919	854,1047,868	216,544,276	1281,1121,1212	144,227,233	1088	149	1.08011989324e-5	1.1859716427775e-4	0.351,0.209,0.301	0.549,0.403,0.416	-0.169	NA	NA	NA	NA	1.1859716427775e-4	-0.169	0.287	0.456	3805	4218	8023	NA	NA	NA	NA	81859180	81859387	81860326	81860520	NA	NA	NA	NA	NA	NA	NA	81859180	81860520	176,223,169,243,283,192	24,26,27,53,44,32	654,798,672,985,794,988	216,544,276,144,227,233	NA	NA	NA	NA	NA
2032	ENSG00000103024.8	NME3	chr16	-	NA	NA	NA	NA	NA	NA	2032	258,166,104	131,189,116	61,69,114	109,129,203	225	149	2.80912221966e-4	0.00195079699331315	0.566,0.368,0.373	0.27,0.262,0.271	0.168	NA	NA	NA	NA	RI	chr16|-|1770880|1771410|1770880|1770993|1771069|1771410	0.00195079699331315	0.168	0.43566666666666665	0.26766666666666666	964	685	1649	NA	NA	NA	NA	1770880	1770993	1771069	1771410	NA	NA	NA	NA	NA	NA	NA	1770880	1771410	102,83,57,7,40,48	185,101,77,53,48,78	0,0,0,4,0,0	131,189,116,109,129,203	NA	NA	NA	NA	NA	2032	chr16	-	NA	NA	NA	NA	NA	NA	2032	121,206,147	105,167,311	56,84,105	158,159,235	225	149	0.001182850704	0.00612102433715167	0.433,0.45,0.238	0.19,0.259,0.228	0.148	NA	NA	NA	NA	0.00612102433715167	0.148	0.37366666666666665	0.22566666666666668	1057	797	1854	NA	NA	NA	NA	1770880	1770993	1771069	1771410	NA	NA	NA	NA	NA	NA	NA	1770880	1771410	44,71,51,30,40,62	94,180,111,46,62,81	0,0,0,0,0,0	105,167,311,158,159,235	NA	NA	NA	NA	NA
2066	ENSG00000198707.17	CEP290	chr12	-	NA	NA	NA	NA	NA	NA	2066	427,352,328	18,34,58	523,547,720	11,8,24	3812	149	1.3485283388e-5	1.4532822097577e-4	0.481,0.288,0.181	0.65,0.728,0.54	-0.323	NA	NA	NA	NA	RI	chr12|-|88102837|88106905|88102837|88103011|88106674|88106905	1.4532822097577e-4	-0.323	0.31666666666666665	0.6393333333333333	1217	1833	3050	NA	NA	NA	NA	88102837	88103011	88106674	88106905	NA	NA	NA	NA	NA	NA	NA	88102837	88106905	20,9,12,15,45,37	16,3,10,10,4,15	391,340,306,498,498,668	18,34,58,11,8,24	NA	NA	NA	NA	NA	2066	chr12	-	NA	NA	NA	NA	NA	NA	2066	328,381,465	12,28,23	450,519,562	10,6,2	3812	149	7.05377896992e-6	8.271411883368326e-5	0.517,0.347,0.441	0.638,0.772,0.917	-0.341	NA	NA	NA	NA	8.271411883368326e-5	-0.341	0.435	0.7756666666666667	1237	1549	2786	NA	NA	NA	NA	88102837	88103011	88106674	88106905	NA	NA	NA	NA	NA	NA	NA	88102837	88106905	2,39,16,27,9,49	12,5,7,4,17,24	314,337,442,419,493,489	12,28,23,10,6,2	NA	NA	NA	NA	NA
2165	ENSG00000170581.15	STAT2	chr12	-	NA	NA	NA	NA	NA	NA	2165	437,407,357	94,47,80	141,130,122	52,52,97	561	149	3.55859032264e-6	4.7130185439370366e-5	0.553,0.697,0.542	0.419,0.399,0.25	0.241	NA	NA	NA	NA	RI	chr12|-|56354777|56355351|56354777|56354863|56355275|56355351	4.7130185439370366e-5	0.241	0.5973333333333334	0.356	1422	594	2016	NA	NA	NA	NA	56354777	56354863	56355275	56355351	NA	NA	NA	NA	NA	NA	NA	56354777	56355351	80,77,90,23,21,31	112,46,68,46,16,15	245,284,199,72,93,76	94,47,80,52,52,97	NA	NA	NA	NA	NA	2165	chr12	-	NA	NA	NA	NA	NA	NA	2165	464,443,387	55,56,62	244,207,182	50,56,106	561	149	1.40388786324e-4	0.00101291264111187	0.691,0.678,0.624	0.564,0.495,0.313	0.207	NA	NA	NA	NA	0.00101291264111187	0.207	0.6643333333333333	0.4573333333333333	1467	845	2312	NA	NA	NA	NA	56354777	56354863	56355275	56355351	NA	NA	NA	NA	NA	NA	NA	56354777	56355351	124,90,88,64,57,61	59,119,98,40,49,28	281,234,201,140,101,93	55,56,62,50,56,106	NA	NA	NA	NA	NA
2199	ENSG00000065357.20	DGKA	chr12	+	NA	NA	NA	NA	NA	NA	2199	204,125,99	171,165,205	13,31,9	36,94,110	400	149	1.17743514938e-9	3.8611724455955936e-8	0.308,0.22,0.152	0.119,0.109,0.03	0.141	NA	NA	NA	NA	RI	chr12|+|55951622|55952099|55951622|55951783|55952034|55952099	3.8611724455955936e-8	0.141	0.22666666666666666	0.086	969	293	1262	NA	NA	NA	NA	55951622	55951783	55952034	55952099	NA	NA	NA	NA	NA	NA	NA	55951622	55952099	68,28,14,2,7,3	110,70,58,1,24,6	26,27,27,10,0,0	171,165,205,36,94,110	NA	NA	NA	NA	NA	2199	chr12	+	NA	NA	NA	NA	NA	NA	2199	70,125,123	71,169,214	25,25,9	99,101,133	400	149	3.33066907388e-16	3.35231842286022e-14	0.269,0.216,0.176	0.086,0.084,0.025	0.155	NA	NA	NA	NA	3.35231842286022e-14	0.155	0.22033333333333333	0.065	772	392	1164	NA	NA	NA	NA	55951622	55951783	55952034	55952099	NA	NA	NA	NA	NA	NA	NA	55951622	55952099	23,31,30,4,10,5	40,83,66,15,14,4	7,11,27,6,1,0	71,169,214,99,101,133	NA	NA	NA	NA	NA
2201	ENSG00000065357.20	DGKA	chr12	+	NA	NA	NA	NA	NA	NA	2201	173,97,199	74,144,114	34,50,16	37,78,58	451	149	5.93636905138e-4	0.00364747645521664	0.436,0.182,0.366	0.233,0.175,0.084	0.164	NA	NA	NA	NA	RI	chr12|+|55952340|55952932|55952340|55952431|55952733|55952932	0.00364747645521664	0.164	0.328	0.164	801	273	1074	NA	NA	NA	NA	55952340	55952431	55952733	55952932	NA	NA	NA	NA	NA	NA	NA	55952340	55952932	60,50,82,12,17,3	60,18,31,6,6,0	53,29,86,16,27,13	74,144,114,37,78,58	NA	NA	NA	NA	NA	2201	chr12	+	NA	NA	NA	NA	NA	NA	2201	68,132,173	79,129,77	24,20,41	55,47,77	451	149	1.33861943202e-5	1.4157482924638e-4	0.221,0.253,0.426	0.126,0.123,0.15	0.167	NA	NA	NA	NA	1.4157482924638e-4	0.167	0.3	0.133	658	264	922	NA	NA	NA	NA	55952340	55952431	55952733	55952932	NA	NA	NA	NA	NA	NA	NA	55952340	55952932	9,35,23,1,7,6	22,36,46,5,2,0	37,61,104,18,11,35	79,129,77,55,47,77	NA	NA	NA	NA	NA
2204	ENSG00000075415.15	SLC25A3	chr12	+	NA	NA	NA	NA	NA	NA	2204	2583,2106,2668	136,180,176	2440,2718,3304	97,93,169	1740	149	3.33714474997e-4	0.00226004832830992	0.619,0.5,0.565	0.683,0.715,0.626	-0.113	NA	NA	NA	NA	RI	chr12|+|98593974|98595848|98593974|98594135|98595726|98595848	0.00226004832830992	-0.113	0.5613333333333334	0.6746666666666666	7849	8821	16670	NA	NA	NA	NA	98593974	98594135	98595726	98595848	NA	NA	NA	NA	NA	NA	NA	98593974	98595848	130,125,114,123,93,195	243,235,357,261,311,296	2210,1746,2197,2056,2314,2813	136,180,176,97,93,169	NA	NA	NA	NA	NA	2204	chr12	+	NA	NA	NA	NA	NA	NA	2204	1521,2495,2417	108,131,143	2422,2281,2525	100,86,83	1740	149	3.14093375176e-5	2.940790531299e-4	0.547,0.62,0.591	0.675,0.694,0.723	-0.111	NA	NA	NA	NA	2.940790531299e-4	-0.111	0.586	0.6973333333333334	6815	7497	14312	NA	NA	NA	NA	98593974	98594135	98595726	98595848	NA	NA	NA	NA	NA	NA	NA	98593974	98595848	83,87,103,126,117,134	55,281,275,282,224,182	1383,2127,2039,2014,1940,2209	108,131,143,100,86,83	NA	NA	NA	NA	NA
2271	ENSG00000131051.24	RBM39	chr20	-	NA	NA	NA	NA	NA	NA	2271	5405,4434,5641	141,62,172	7948,7062,10023	42,64,70	1955	149	1.22124532709e-15	1.227651859953423e-13	0.745,0.845,0.714	0.935,0.894,0.916	-0.147	NA	NA	NA	NA	RI	chr20|-|35738967|35740887|35738967|35739017|35740823|35740887	1.227651859953423e-13	-0.147	0.768	0.915	15855	25209	41064	NA	NA	NA	NA	35738967	35739017	35740823	35740887	NA	NA	NA	NA	NA	NA	NA	35738967	35740887	636,562,860,1045,1053,1464	172,187,140,181,183,159	4597,3685,4641,6722,5826,8400	141,62,172,42,64,70	NA	NA	NA	NA	NA	2271	chr20	-	NA	NA	NA	NA	NA	NA	2271	3433,4242,5221	87,163,190	7826,6402,7536	45,69,72	1955	149	0	0	0.75,0.665,0.677	0.93,0.876,0.889	-0.201	NA	NA	NA	NA	0	-0.201	0.6973333333333334	0.8983333333333333	13336	21950	35286	NA	NA	NA	NA	35738967	35739017	35740823	35740887	NA	NA	NA	NA	NA	NA	NA	35738967	35740887	397,491,845,1190,877,1039	132,132,136,123,136,128	2904,3619,4240,6513,5389,6369	87,163,190,45,69,72	NA	NA	NA	NA	NA
2280	ENSG00000064763.12	FAR2	chr12	+	NA	NA	NA	NA	NA	NA	2280	2,0,19	15,2,69	7,27,27	19,30,11	885	149	3.65862226098e-5	3.4409005681486e-4	0.022,0.0,0.044	0.058,0.132,0.292	-0.139	NA	NA	NA	NA	RI	chr12|+|29309185|29311950|29309185|29311146|29311882|29311950	3.4409005681486e-4	-0.139	0.022	0.16066666666666665	107	121	228	NA	NA	NA	NA	29309185	29311146	29311882	29311950	NA	NA	NA	NA	NA	NA	NA	29309185	29311950	2,0,0,2,6,14	0,0,0,4,0,0	0,0,19,1,21,13	15,2,69,19,30,11	NA	NA	NA	NA	NA	2280	chr12	+	NA	NA	NA	NA	NA	NA	2280	2,4,10	26,26,14	26,7,20	0,7,20	885	149	0.00145616483691	0.00729383766594343	0.013,0.025,0.107	1.0,0.144,0.144	-0.381	NA	NA	NA	NA	0.00729383766594343	-0.381	0.04833333333333333	0.4293333333333333	82	80	162	NA	NA	NA	NA	29309185	29311146	29311882	29311950	NA	NA	NA	NA	NA	NA	NA	29309185	29311950	2,0,1,3,3,10	0,4,0,6,0,0	0,0,9,17,4,10	26,26,14,0,7,20	NA	NA	NA	NA	NA
2316	ENSG00000111665.12	CDCA3	chr12	-	NA	NA	NA	NA	NA	NA	2316	103,122,140	41,35,24	22,33,21	63,21,39	284	149	9.1477936115e-8	1.882358067977114e-6	0.569,0.646,0.754	0.155,0.452,0.22	0.381	NA	NA	NA	NA	RI	chr12|-|6849322|6849858|6849322|6849429|6849564|6849858	1.882358067977114e-6	0.381	0.6563333333333333	0.27566666666666667	465	199	664	NA	NA	NA	NA	6849322	6849429	6849564	6849858	NA	NA	NA	NA	NA	NA	NA	6849322	6849858	68,91,80,8,28,11	39,36,61,14,4,10	0,0,0,0,4,0	41,35,24,63,21,39	NA	NA	NA	NA	NA	2316	chr12	-	NA	NA	NA	NA	NA	NA	2316	71,103,200	53,25,48	27,36,19	35,45,31	284	149	4.81482566295e-6	5.9151388957682194e-5	0.413,0.684,0.686	0.288,0.296,0.243	0.319	NA	NA	NA	NA	5.9151388957682194e-5	0.319	0.5943333333333334	0.27566666666666667	500	193	693	NA	NA	NA	NA	6849322	6849429	6849564	6849858	NA	NA	NA	NA	NA	NA	NA	6849322	6849858	51,81,121,26,3,9	22,25,63,1,26,10	0,0,16,0,7,0	53,25,48,35,45,31	NA	NA	NA	NA	NA
2317	ENSG00000111665.12	CDCA3	chr12	-	NA	NA	NA	NA	NA	NA	2317	207,183,258	100,78,58	40,49,40	54,54,50	385	149	6.59466559139e-9	1.854976578275389e-7	0.445,0.476,0.633	0.223,0.26,0.236	0.278	NA	NA	NA	NA	RI	chr12|-|6850466|6851009|6850466|6850596|6850832|6851009	1.854976578275389e-7	0.278	0.518	0.23966666666666667	884	287	1171	NA	NA	NA	NA	6850466	6850596	6850832	6851009	NA	NA	NA	NA	NA	NA	NA	6850466	6851009	47,57,85,4,21,7	19,10,45,6,0,12	141,116,128,30,28,21	100,78,58,54,54,50	NA	NA	NA	NA	NA	2317	chr12	-	NA	NA	NA	NA	NA	NA	2317	159,262,172	29,41,56	46,36,36	24,42,46	385	149	1.58763655556e-8	3.929400475011e-7	0.68,0.712,0.543	0.426,0.249,0.232	0.343	NA	NA	NA	NA	3.929400475011e-7	0.343	0.645	0.30233333333333334	719	230	949	NA	NA	NA	NA	6850466	6850596	6850832	6851009	NA	NA	NA	NA	NA	NA	NA	6850466	6851009	46,68,70,16,22,1	38,21,11,0,12,4	75,173,91,30,2,31	29,41,56,24,42,46	NA	NA	NA	NA	NA
2321	ENSG00000111653.20	ING4	chr12	-	NA	NA	NA	NA	NA	NA	2321	161,62,128	12,34,21	29,52,63	1,4,0	501	149	1.92257466714e-4	0.00141697450227193	0.8,0.352,0.644	0.896,0.795,1.0	-0.298	NA	NA	NA	NA	RI	chr12|-|6652270|6652770|6652270|6652309|6652661|6652770	0.00141697450227193	-0.298	0.5986666666666667	0.897	418	149	567	NA	NA	NA	NA	6652270	6652309	6652661	6652770	NA	NA	NA	NA	NA	NA	NA	6652270	6652770	92,23,45,21,35,42	20,16,50,5,0,10	49,23,33,3,17,11	12,34,21,1,4,0	NA	NA	NA	NA	NA	2321	chr12	-	NA	NA	NA	NA	NA	NA	2321	73,117,136	1,3,15	16,43,12	8,9,5	501	149	1.15908327036e-5	1.2609190678084e-4	0.956,0.921,0.729	0.373,0.587,0.416	0.41	NA	NA	NA	NA	1.2609190678084e-4	0.41	0.8686666666666667	0.45866666666666667	345	93	438	NA	NA	NA	NA	6652270	6652309	6652661	6652770	NA	NA	NA	NA	NA	NA	NA	6652270	6652770	28,30,74,14,17,12	11,53,23,2,6,0	34,34,39,0,20,0	1,3,15,8,9,5	NA	NA	NA	NA	NA
2432	ENSG00000042429.12	MED17	chr11	+	NA	NA	NA	NA	NA	NA	2432	569,524,729	98,96,154	669,647,1044	54,55,128	2125	149	7.20354112915e-7	1.177923045438608e-5	0.289,0.277,0.249	0.465,0.452,0.364	-0.155	NA	NA	NA	NA	RI	chr11|+|93809716|93812378|93809716|93809876|93811852|93812378	1.177923045438608e-5	-0.155	0.27166666666666667	0.427	2170	2597	4767	NA	NA	NA	NA	93809716	93809876	93811852	93812378	NA	NA	NA	NA	NA	NA	NA	93809716	93812378	26,13,28,32,32,53	46,46,47,32,47,72	497,465,654,605,568,919	98,96,154,54,55,128	NA	NA	NA	NA	NA	2432	chr11	+	NA	NA	NA	NA	NA	NA	2432	385,441,789	41,165,144	859,781,813	70,60,81	2125	149	6.24354919742e-5	5.1509280878715e-4	0.397,0.158,0.278	0.462,0.477,0.413	-0.173	NA	NA	NA	NA	5.1509280878715e-4	-0.173	0.2776666666666667	0.45066666666666666	1965	2664	4629	NA	NA	NA	NA	93809716	93809876	93811852	93812378	NA	NA	NA	NA	NA	NA	NA	93809716	93812378	15,12,11,27,53,30	19,23,33,66,43,45	351,406,745,766,685,738	41,165,144,70,60,81	NA	NA	NA	NA	NA
2434	ENSG00000109861.17	CTSC	chr11	-	NA	NA	NA	NA	NA	NA	2434	798,799,833	84,190,111	686,651,760	22,48,54	4414	149	6.59768574085e-6	7.886356522980935e-5	0.243,0.124,0.202	0.513,0.314,0.322	-0.193	NA	NA	NA	NA	RI	chr11|-|88296132|88300645|88296132|88296264|88300529|88300645	7.886356522980935e-5	-0.193	0.18966666666666668	0.383	2815	2221	5036	NA	NA	NA	NA	88296132	88296264	88300529	88300645	NA	NA	NA	NA	NA	NA	NA	88296132	88300645	12,40,24,8,12,28	18,32,0,9,18,9	768,727,809,669,621,723	84,190,111,22,48,54	NA	NA	NA	NA	NA	2434	chr11	-	NA	NA	NA	NA	NA	NA	2434	619,832,872	86,394,156	529,516,673	31,67,48	4414	149	2.0281977875e-8	4.947999661374133e-7	0.195,0.067,0.159	0.365,0.206,0.321	-0.157	NA	NA	NA	NA	4.947999661374133e-7	-0.157	0.14033333333333334	0.29733333333333334	2959	1864	4823	NA	NA	NA	NA	88296132	88296264	88300529	88300645	NA	NA	NA	NA	NA	NA	NA	88296132	88300645	10,41,48,19,36,32	2,4,35,27,15,27	607,787,789,483,465,614	86,394,156,31,67,48	NA	NA	NA	NA	NA
2435	ENSG00000109861.17	CTSC	chr11	-	NA	NA	NA	NA	NA	NA	2435	1148,993,1006	63,152,104	3191,2739,3861	24,57,58	6889	149	1.11022302463e-16	1.2377977430965744e-14	0.283,0.124,0.173	0.742,0.51,0.59	-0.421	NA	NA	NA	NA	RI	chr11|-|88328111|88335082|88328111|88328196|88334936|88335082	1.2377977430965744e-14	-0.421	0.19333333333333333	0.614	3466	9930	13396	NA	NA	NA	NA	88328111	88328196	88334936	88335082	NA	NA	NA	NA	NA	NA	NA	88328111	88335082	32,73,49,106,108,177	23,3,8,33,48,45	1093,917,949,3052,2583,3639	63,152,104,24,57,58	NA	NA	NA	NA	NA	2435	chr11	-	NA	NA	NA	NA	NA	NA	2435	847,915,1194	25,145,71	3393,2601,2754	53,110,32	6889	149	4.62868347678e-4	0.00277789323668597	0.423,0.12,0.267	0.581,0.338,0.651	-0.253	NA	NA	NA	NA	0.00277789323668597	-0.253	0.27	0.5233333333333333	3197	8943	12140	NA	NA	NA	NA	88328111	88328196	88334936	88335082	NA	NA	NA	NA	NA	NA	NA	88328111	88335082	23,57,51,193,116,90	11,7,3,37,55,47	813,851,1140,3163,2430,2617	25,145,71,53,110,32	NA	NA	NA	NA	NA
2437	ENSG00000171204.13	TMEM126B	chr11	+	NA	NA	NA	NA	NA	NA	2437	257,304,454	40,64,49	50,95,83	23,30,23	416	149	2.36143641159e-4	0.00167839535589064	0.697,0.63,0.768	0.438,0.531,0.564	0.187	NA	NA	NA	NA	RI	chr11|+|85635666|85636536|85635666|85635778|85636045|85636536	0.00167839535589064	0.187	0.6983333333333334	0.511	1168	304	1472	NA	NA	NA	NA	85635666	85635778	85636045	85636536	NA	NA	NA	NA	NA	NA	NA	85635666	85636536	13,37,41,8,6,12	124,175,251,18,55,29	120,92,162,24,34,42	40,64,49,23,30,23	NA	NA	NA	NA	NA	2437	chr11	+	NA	NA	NA	NA	NA	NA	2437	172,269,364	28,38,52	63,95,132	14,37,38	416	149	2.66445898996e-4	0.00171359614913401	0.688,0.717,0.715	0.617,0.479,0.554	0.157	NA	NA	NA	NA	0.00171359614913401	0.157	0.7066666666666667	0.55	923	379	1302	NA	NA	NA	NA	85635666	85635778	85636045	85636536	NA	NA	NA	NA	NA	NA	NA	85635666	85636536	16,29,62,3,5,5	97,169,194,29,68,85	59,71,108,31,22,42	28,38,52,14,37,38	NA	NA	NA	NA	NA
2481	ENSG00000165458.15	INPPL1	chr11	+	NA	NA	NA	NA	NA	NA	2481	396,462,285	275,376,368	177,190,174	274,347,330	281	149	2.23724057424e-6	3.1178998184635634e-5	0.433,0.395,0.291	0.255,0.225,0.218	0.14	NA	NA	NA	NA	RI	chr11|+|72233440|72233744|72233440|72233522|72233654|72233744	3.1178998184635634e-5	0.14	0.373	0.23266666666666666	2162	1492	3654	NA	NA	NA	NA	72233440	72233522	72233654	72233744	NA	NA	NA	NA	NA	NA	NA	72233440	72233744	170,216,121,82,91,72	243,253,159,100,100,106	0,4,12,0,0,0	275,376,368,274,347,330	NA	NA	NA	NA	NA	2481	chr11	+	NA	NA	NA	NA	NA	NA	2481	366,383,428	238,364,497	128,130,195	272,286,315	281	149	2.3742524502e-8	5.71239464014255e-7	0.449,0.358,0.313	0.2,0.194,0.247	0.16	NA	NA	NA	NA	5.71239464014255e-7	0.16	0.37333333333333335	0.21366666666666667	2276	1326	3602	NA	NA	NA	NA	72233440	72233522	72233654	72233744	NA	NA	NA	NA	NA	NA	NA	72233440	72233744	175,146,146,61,40,82	197,260,284,61,96,106	0,0,0,6,0,10	238,364,497,272,286,315	NA	NA	NA	NA	NA
2482	ENSG00000184154.16	LRRC51	chr11	+	NA	NA	NA	NA	NA	NA	2482	6,7,33	5,0,5	60,40,49	0,0,2	431	149	6.99221981262e-5	5.9839872537044e-4	0.293,1.0,0.695	1.0,1.0,0.894	-0.302	NA	NA	NA	NA	RI	chr11|+|72094947|72096895|72094947|72095096|72095378|72096895	5.9839872537044e-4	-0.302	0.6626666666666666	0.9646666666666667	56	151	207	NA	NA	NA	NA	72094947	72095096	72095378	72096895	NA	NA	NA	NA	NA	NA	NA	72094947	72096895	3,3,16,24,6,15	0,1,9,0,4,16	3,3,8,36,30,18	5,0,5,0,0,2	NA	NA	NA	NA	NA	2482	chr11	+	NA	NA	NA	NA	NA	NA	2482	13,5,25	0,0,0	35,53,109	0,22,0	431	149	0.00133468377078	0.006784642501465	1.0,1.0,1.0	1.0,0.454,1.0	0.182	NA	NA	NA	NA	0.006784642501465	0.182	1	0.8180000000000001	43	219	262	NA	NA	NA	NA	72094947	72095096	72095378	72096895	NA	NA	NA	NA	NA	NA	NA	72094947	72096895	0,3,6,8,32,36	13,2,9,15,11,23	0,0,10,12,10,50	0,0,0,0,22,0	NA	NA	NA	NA	NA
2501	ENSG00000167792.13	NDUFV1	chr11	+	NA	NA	NA	NA	NA	NA	2501	1222,1371,1435	148,249,217	686,795,706	167,175,192	573	149	1.37788646088e-5	1.4745549350988e-4	0.682,0.589,0.632	0.516,0.542,0.489	0.119	NA	NA	NA	NA	RI	chr11|+|67610380|67611207|67610380|67610570|67610994|67611207	1.4745549350988e-4	0.119	0.6343333333333333	0.5156666666666667	4642	2721	7363	NA	NA	NA	NA	67610380	67610570	67610994	67611207	NA	NA	NA	NA	NA	NA	NA	67610380	67611207	274,357,358,162,165,154	397,401,497,207,237,173	551,613,580,317,393,379	148,249,217,167,175,192	NA	NA	NA	NA	NA	2501	chr11	+	NA	NA	NA	NA	NA	NA	2501	888,1364,1271	123,190,232	569,744,804	130,219,161	573	149	1.14635019305e-4	8.6235972782473e-4	0.652,0.651,0.588	0.532,0.469,0.565	0.108	NA	NA	NA	NA	8.6235972782473e-4	0.108	0.6303333333333333	0.522	4068	2627	6695	NA	NA	NA	NA	67610380	67610570	67610994	67611207	NA	NA	NA	NA	NA	NA	NA	67610380	67611207	218,289,308,106,228,264	357,412,409,212,231,160	313,663,554,251,285,380	123,190,232,130,219,161	NA	NA	NA	NA	NA
2630	ENSG00000168003.19	SLC3A2	chr11	+	NA	NA	NA	NA	NA	NA	2630	392,532,576	375,382,415	1366,1274,1548	462,515,588	990	149	3.9968028886499995e-15	3.7133932292730003e-13	0.136,0.173,0.173	0.308,0.271,0.284	-0.127	NA	NA	NA	NA	RI	chr11|+|62881892|62882999|62881892|62882066|62882907|62882999	3.7133932292730003e-13	-0.127	0.16066666666666665	0.2876666666666667	2672	5753	8425	NA	NA	NA	NA	62881892	62882066	62882907	62882999	NA	NA	NA	NA	NA	NA	NA	62881892	62882999	55,67,51,104,136,106	118,168,131,299,304,400	219,297,394,963,834,1042	375,382,415,462,515,588	NA	NA	NA	NA	NA	2630	chr11	+	NA	NA	NA	NA	NA	NA	2630	390,642,702	310,423,444	1483,1069,1296	424,420,441	990	149	7.793765632869999e-14	5.2883764783035874e-12	0.159,0.186,0.192	0.345,0.277,0.307	-0.131	NA	NA	NA	NA	5.2883764783035874e-12	-0.131	0.179	0.30966666666666665	2911	5133	8044	NA	NA	NA	NA	62881892	62882066	62882907	62882999	NA	NA	NA	NA	NA	NA	NA	62881892	62882999	31,70,53,144,84,136	96,180,212,367,249,343	263,392,437,972,736,817	310,423,444,424,420,441	NA	NA	NA	NA	NA
2646	ENSG00000149499.12	EML3	chr11	-	NA	NA	NA	NA	NA	NA	2646	251,252,357	362,431,440	59,105,100	258,318,495	220	149	0	0	0.32,0.284,0.355	0.134,0.183,0.12	0.174	NA	NA	NA	NA	RI	chr11|-|62603943|62604201|62603943|62604041|62604112|62604201	0	0.174	0.31966666666666665	0.14566666666666667	2093	1335	3428	NA	NA	NA	NA	62603943	62604041	62604112	62604201	NA	NA	NA	NA	NA	NA	NA	62603943	62604201	139,146,248,49,62,74	166,163,222,36,91,61	4,6,0,0,0,0	362,431,440,258,318,495	NA	NA	NA	NA	NA	2646	chr11	-	NA	NA	NA	NA	NA	NA	2646	233,387,368	251,350,406	73,184,182	237,375,255	220	149	2.27871471381e-6	3.0854614701117915e-5	0.386,0.428,0.38	0.173,0.249,0.326	0.149	NA	NA	NA	NA	3.0854614701117915e-5	0.149	0.398	0.24933333333333332	1995	1306	3301	NA	NA	NA	NA	62603943	62604041	62604112	62604201	NA	NA	NA	NA	NA	NA	NA	62603943	62604201	162,254,229,45,131,79	141,233,209,44,119,144	0,0,0,0,0,0	251,350,406,237,375,255	NA	NA	NA	NA	NA
2777	ENSG00000166436.18	TRIM66	chr11	-	NA	NA	NA	NA	NA	NA	2777	14,24,8	27,17,31	54,22,31	11,5,12	478	149	7.82210208827e-8	1.6370351537635372e-6	0.139,0.306,0.074	0.605,0.578,0.446	-0.37	NA	NA	NA	NA	RI	chr11|-|8647969|8648548|8647969|8648086|8648415|8648548	1.6370351537635372e-6	-0.37	0.173	0.5429999999999999	121	135	256	NA	NA	NA	NA	8647969	8648086	8648415	8648548	NA	NA	NA	NA	NA	NA	NA	8647969	8648548	5,12,1,27,15,15	0,2,0,12,3,3	9,10,7,15,4,13	27,17,31,11,5,12	NA	NA	NA	NA	NA	2777	chr11	-	NA	NA	NA	NA	NA	NA	2777	32,35,10	12,14,8	48,39,21	2,9,3	478	149	0.00200521097286	0.00949202180227939	0.454,0.438,0.28	0.882,0.575,0.686	-0.324	NA	NA	NA	NA	0.00949202180227939	-0.324	0.39066666666666666	0.7143333333333334	111	122	233	NA	NA	NA	NA	8647969	8648086	8648415	8648548	NA	NA	NA	NA	NA	NA	NA	8647969	8648548	0,11,5,13,13,4	21,6,3,10,16,7	11,18,2,25,10,10	12,14,8,2,9,3	NA	NA	NA	NA	NA
2853	ENSG00000168488.19	ATXN2L	chr16	+	NA	NA	NA	NA	NA	NA	2853	2031,1897,2226	115,87,96	942,1186,1261	125,170,139	391	149	0	0	0.871,0.893,0.898	0.742,0.727,0.776	0.139	NA	NA	NA	NA	RI	chr16|+|28835932|28837237|28835932|28836485|28836727|28837237	0	0.139	0.8873333333333333	0.7483333333333333	6452	3823	10275	NA	NA	NA	NA	28835932	28836485	28836727	28837237	NA	NA	NA	NA	NA	NA	NA	28835932	28837237	638,535,582,251,367,369	816,862,1025,409,467,478	577,500,619,282,352,414	115,87,96,125,170,139	NA	NA	NA	NA	NA	2853	chr16	+	NA	NA	NA	NA	NA	NA	2853	1378,1916,2179	145,54,159	766,928,1120	107,167,98	391	149	1.39502606998e-5	1.4600628139704e-4	0.784,0.931,0.839	0.732,0.679,0.813	0.11	NA	NA	NA	NA	1.4600628139704e-4	0.11	0.8513333333333334	0.7413333333333333	5831	3186	9017	NA	NA	NA	NA	28835932	28836485	28836727	28837237	NA	NA	NA	NA	NA	NA	NA	28835932	28837237	443,494,677,245,245,283	611,881,920,243,432,482	324,541,582,278,251,355	145,54,159,107,167,98	NA	NA	NA	NA	NA
2860	ENSG00000064687.13	ABCA7	chr19	+	NA	NA	NA	NA	NA	NA	2860	52,116,67	6,3,4	60,48,37	16,4,9	446	149	0.0019652723183	0.00961008760431866	0.743,0.928,0.848	0.556,0.8,0.579	0.195	NA	NA	NA	NA	RI	chr19|+|1063759|1064253|1063759|1063863|1064160|1064253	0.00961008760431866	0.195	0.8396666666666667	0.645	248	174	422	NA	NA	NA	NA	1063759	1063863	1064160	1064253	NA	NA	NA	NA	NA	NA	NA	1063759	1064253	9,19,12,14,10,6	27,75,49,36,17,18	16,22,6,10,21,13	6,3,4,16,4,9	NA	NA	NA	NA	NA	2860	chr19	+	NA	NA	NA	NA	NA	NA	2860	72,89,149	9,10,13	56,30,105	0,1,4	446	149	1.23173003268e-4	9.1606128908306e-4	0.728,0.748,0.793	1.0,0.909,0.898	-0.179	NA	NA	NA	NA	9.1606128908306e-4	-0.179	0.7563333333333333	0.9356666666666666	342	196	538	NA	NA	NA	NA	1063759	1063863	1064160	1064253	NA	NA	NA	NA	NA	NA	NA	1063759	1064253	13,3,41,23,2,33	28,57,77,18,23,49	31,29,31,15,5,23	9,10,13,0,1,4	NA	NA	NA	NA	NA
2910	ENSG00000111674.9	ENO2	chr12	+	NA	NA	NA	NA	NA	NA	2910	635,774,755	287,253,255	161,239,249	197,207,301	457	149	0	0	0.419,0.499,0.491	0.21,0.273,0.212	0.238	NA	NA	NA	NA	RI	chr12|+|6916670|6917107|6916670|6916729|6917037|6917107	0	0.238	0.4696666666666667	0.23166666666666666	2959	1354	4313	NA	NA	NA	NA	6916670	6916729	6917037	6917107	NA	NA	NA	NA	NA	NA	NA	6916670	6917107	227,349,241,57,74,41	214,200,278,55,90,75	194,225,236,49,75,133	287,253,255,197,207,301	NA	NA	NA	NA	NA	2910	chr12	+	NA	NA	NA	NA	NA	NA	2910	567,627,711	355,234,299	163,290,175	181,183,231	457	149	6.01595291738e-6	7.167164421710289e-5	0.342,0.466,0.437	0.227,0.341,0.198	0.16	NA	NA	NA	NA	7.167164421710289e-5	0.16	0.41500000000000004	0.25533333333333336	2793	1223	4016	NA	NA	NA	NA	6916670	6916729	6917037	6917107	NA	NA	NA	NA	NA	NA	NA	6916670	6917107	163,157,328,84,98,81	230,299,197,42,82,52	174,171,186,37,110,42	355,234,299,181,183,231	NA	NA	NA	NA	NA
2923	ENSG00000165792.18	METTL17	chr14	+	NA	NA	NA	NA	NA	NA	2923	760,678,696	552,550,470	214,276,337	444,469,608	406	149	0	0	0.336,0.311,0.352	0.15,0.178,0.169	0.167	NA	NA	NA	NA	RI	chr14|+|20995900|20996292|20995900|20995951|20996208|20996292	0	0.167	0.333	0.16566666666666666	3706	2348	6054	NA	NA	NA	NA	20995900	20995951	20996208	20996292	NA	NA	NA	NA	NA	NA	NA	20995900	20996292	263,264,293,77,125,103	148,181,167,54,62,95	349,233,236,83,89,139	552,550,470,444,469,608	NA	NA	NA	NA	NA	2923	chr14	+	NA	NA	NA	NA	NA	NA	2923	531,759,798	369,683,596	208,192,265	386,462,406	406	149	0	0	0.346,0.29,0.329	0.165,0.132,0.193	0.158	NA	NA	NA	NA	0	0.158	0.32166666666666666	0.16333333333333333	3736	1919	5655	NA	NA	NA	NA	20995900	20995951	20996208	20996292	NA	NA	NA	NA	NA	NA	NA	20995900	20996292	184,279,300,91,67,101	131,97,172,42,52,62	216,383,326,75,73,102	369,683,596,386,462,406	NA	NA	NA	NA	NA
3016	ENSG00000169689.15	CENPX	chr17	-	NA	NA	NA	NA	NA	NA	3016	477,513,508	41,125,69	161,212,215	69,58,85	625	149	5.54761178841e-5	4.9087958855021e-4	0.735,0.495,0.637	0.357,0.466,0.376	0.223	NA	NA	NA	NA	RI	chr17|-|82019292|82019909|82019292|82019381|82019857|82019909	4.9087958855021e-4	0.223	0.6223333333333333	0.39966666666666667	1733	800	2533	NA	NA	NA	NA	82019292	82019381	82019857	82019909	NA	NA	NA	NA	NA	NA	NA	82019292	82019909	132,146,133,52,54,63	4,12,3,0,5,0	341,355,372,109,153,152	41,125,69,69,58,85	NA	NA	NA	NA	NA	3016	chr17	-	NA	NA	NA	NA	NA	NA	3016	423,457,432	55,59,119	137,178,157	64,81,64	625	149	1.56997457335e-6	2.266885607522821e-5	0.647,0.649,0.464	0.338,0.344,0.369	0.236	NA	NA	NA	NA	2.266885607522821e-5	0.236	0.5866666666666667	0.35033333333333333	1545	681	2226	NA	NA	NA	NA	82019292	82019381	82019857	82019909	NA	NA	NA	NA	NA	NA	NA	82019292	82019909	66,142,129,43,33,44	4,6,0,1,1,3	353,309,303,93,144,110	55,59,119,64,81,64	NA	NA	NA	NA	NA
3023	ENSG00000172366.20	MCRIP2	chr16	+	NA	NA	NA	NA	NA	NA	3023	166,179,182	51,68,68	18,30,37	26,41,45	387	149	4.65516514225e-13	3.102768766551848e-11	0.556,0.503,0.508	0.21,0.22,0.24	0.299	NA	NA	NA	NA	RI	chr16|+|647416|647884|647416|647544|647782|647884	3.102768766551848e-11	0.299	0.5223333333333333	0.22333333333333333	714	197	911	NA	NA	NA	NA	647416	647544	647782	647884	NA	NA	NA	NA	NA	NA	NA	647416	647884	77,71,57,7,9,8	52,46,36,4,17,6	37,62,89,7,4,23	51,68,68,26,41,45	NA	NA	NA	NA	NA	3023	chr16	+	NA	NA	NA	NA	NA	NA	3023	139,183,150	32,64,59	18,43,25	52,58,101	387	149	0	0	0.626,0.524,0.495	0.118,0.222,0.087	0.406	NA	NA	NA	NA	0	0.406	0.5483333333333333	0.14233333333333334	627	297	924	NA	NA	NA	NA	647416	647544	647782	647884	NA	NA	NA	NA	NA	NA	NA	647416	647884	60,81,53,15,10,3	35,32,20,1,7,4	44,70,77,2,26,18	32,64,59,52,58,101	NA	NA	NA	NA	NA
3038	ENSG00000109736.15	MFSD10	chr4	-	NA	NA	NA	NA	NA	NA	3038	565,729,654	699,676,613	316,415,421	684,651,813	257	149	2.25223062422e-10	9.02658705079545e-9	0.319,0.385,0.382	0.211,0.27,0.231	0.125	NA	NA	NA	NA	RI	chr4|-|2931824|2932153|2931824|2931936|2932044|2932153	9.02658705079545e-9	0.125	0.362	0.23733333333333334	3936	3300	7236	NA	NA	NA	NA	2931824	2931936	2932044	2932153	NA	NA	NA	NA	NA	NA	NA	2931824	2932153	310,413,370,197,261,246	318,415,355,165,220,212	4,6,6,2,4,2	699,676,613,684,651,813	NA	NA	NA	NA	NA	3038	chr4	-	NA	NA	NA	NA	NA	NA	3038	538,678,820	497,560,787	241,300,337	542,617,699	257	149	0	0	0.386,0.412,0.377	0.205,0.22,0.218	0.177	NA	NA	NA	NA	0	0.177	0.39166666666666666	0.21433333333333332	3880	2736	6616	NA	NA	NA	NA	2931824	2931936	2932044	2932153	NA	NA	NA	NA	NA	NA	NA	2931824	2932153	311,404,506,157,179,178	273,359,407,118,162,176	26,12,0,2,0,14	497,560,787,542,617,699	NA	NA	NA	NA	NA
3047	ENSG00000170445.16	HARS1	chr5	-	NA	NA	NA	NA	NA	NA	3047	1276,1277,1582	198,191,232	1230,1591,1557	87,145,107	1669	149	4.98642238611e-10	1.85313588312888e-8	0.365,0.374,0.378	0.558,0.495,0.565	-0.167	NA	NA	NA	NA	RI	chr5|-|140675016|140676896|140675016|140675133|140676653|140676896	1.85313588312888e-8	-0.167	0.37233333333333335	0.5393333333333333	4756	4717	9473	NA	NA	NA	NA	140675016	140675133	140676653	140676896	NA	NA	NA	NA	NA	NA	NA	140675016	140676896	113,188,198,210,218,248	127,118,161,98,94,107	1036,971,1223,922,1279,1202	198,191,232,87,145,107	NA	NA	NA	NA	NA	3047	chr5	-	NA	NA	NA	NA	NA	NA	3047	1072,1377,1751	211,239,295	1167,1318,1173	85,128,143	1669	149	2.1515403017e-6	2.9462929437565303e-5	0.312,0.34,0.346	0.551,0.479,0.423	-0.152	NA	NA	NA	NA	2.9462929437565303e-5	-0.152	0.33266666666666667	0.48433333333333334	4945	4014	8959	NA	NA	NA	NA	140675016	140675133	140676653	140676896	NA	NA	NA	NA	NA	NA	NA	140675016	140676896	159,181,176,159,233,160	43,119,169,119,98,91	870,1077,1406,889,987,922	211,239,295,85,128,143	NA	NA	NA	NA	NA
3084	ENSG00000130304.17	SLC27A1	chr19	+	NA	NA	NA	NA	NA	NA	3084	48,26,25	16,0,1	12,20,68	0,0,0	365	149	1.24332553783e-5	1.3446335446161e-4	0.55,1.0,0.911	1.0,1.0,1.0	-0.18	NA	NA	NA	NA	RI	chr19|+|17486562|17487335|17486562|17486957|17487173|17487335	1.3446335446161e-4	-0.18	0.8203333333333334	1	116	100	216	NA	NA	NA	NA	17486562	17486957	17487173	17487335	NA	NA	NA	NA	NA	NA	NA	17486562	17487335	21,5,4,6,5,1	22,17,16,6,15,66	5,4,5,0,0,1	16,0,1,0,0,0	NA	NA	NA	NA	NA	3084	chr19	+	NA	NA	NA	NA	NA	NA	3084	31,25,78	0,0,2	39,43,36	2,0,10	365	149	3.73319471654e-4	0.00231703626856989	1.0,1.0,0.941	0.888,1.0,0.595	0.153	NA	NA	NA	NA	0.00231703626856989	0.153	0.9803333333333333	0.8276666666666667	136	130	266	NA	NA	NA	NA	17486562	17486957	17487173	17487335	NA	NA	NA	NA	NA	NA	NA	17486562	17487335	17,11,14,35,25,9	12,12,53,4,18,21	2,2,11,0,0,6	0,0,2,2,0,10	NA	NA	NA	NA	NA
3104	ENSG00000011243.19	AKAP8L	chr19	-	NA	NA	NA	NA	NA	NA	3104	1033,1160,1121	251,222,276	1325,1128,1416	85,115,169	1033	149	5.59747803663e-10	2.0190432541538328e-8	0.373,0.43,0.369	0.692,0.586,0.547	-0.218	NA	NA	NA	NA	RI	chr19|-|15397713|15400358|15397713|15399410|15400294|15400358	2.0190432541538328e-8	-0.218	0.39066666666666666	0.6083333333333333	4063	4238	8301	NA	NA	NA	NA	15397713	15399410	15400294	15400358	NA	NA	NA	NA	NA	NA	NA	15397713	15400358	109,143,164,128,121,144	281,291,260,401,295,424	643,726,697,796,712,848	251,222,276,85,115,169	NA	NA	NA	NA	NA	3104	chr19	-	NA	NA	NA	NA	NA	NA	3104	1140,1314,1561	208,199,332	1202,1180,1263	106,158,135	1033	149	1.52563260221e-5	1.5803250917231e-4	0.442,0.488,0.404	0.621,0.519,0.574	-0.127	NA	NA	NA	NA	1.5803250917231e-4	-0.127	0.44466666666666665	0.5713333333333334	4754	4044	8798	NA	NA	NA	NA	15397713	15399410	15400294	15400358	NA	NA	NA	NA	NA	NA	NA	15397713	15400358	177,190,224,116,178,184	304,284,362,287,251,297	659,840,975,799,751,782	208,199,332,106,158,135	NA	NA	NA	NA	NA
3137	ENSG00000187741.16	FANCA	chr16	-	NA	NA	NA	NA	NA	NA	3137	385,270,237	190,183,186	94,125,116	271,354,339	453	149	0	0	0.4,0.327,0.295	0.102,0.104,0.101	0.238	NA	NA	NA	NA	RI	chr16|-|89770165|89770634|89770165|89770259|89770563|89770634	0	0.238	0.3406666666666667	0.10233333333333333	1451	1299	2750	NA	NA	NA	NA	89770165	89770259	89770563	89770634	NA	NA	NA	NA	NA	NA	NA	89770165	89770634	148,98,21,27,22,17	144,68,135,30,39,43	93,104,81,37,64,56	190,183,186,271,354,339	NA	NA	NA	NA	NA	3137	chr16	-	NA	NA	NA	NA	NA	NA	3137	319,289,340	210,202,272	101,172,104	182,216,219	453	149	4.5408121707200003e-13	2.6367273749017377e-11	0.333,0.32,0.291	0.154,0.208,0.135	0.149	NA	NA	NA	NA	2.6367273749017377e-11	0.149	0.31466666666666665	0.16566666666666666	1632	994	2626	NA	NA	NA	NA	89770165	89770259	89770563	89770634	NA	NA	NA	NA	NA	NA	NA	89770165	89770634	92,68,118,40,54,28	117,120,119,38,61,32	110,101,103,23,57,44	210,202,272,182,216,219	NA	NA	NA	NA	NA
3140	ENSG00000187741.16	FANCA	chr16	-	NA	NA	NA	NA	NA	NA	3140	104,94,150	34,83,51	70,68,76	79,55,95	235	149	0.00134308985803	0.00701376283065252	0.66,0.418,0.651	0.36,0.439,0.337	0.198	NA	NA	NA	NA	RI	chr16|-|89798950|89799232|89798950|89799079|89799165|89799232	0.00701376283065252	0.198	0.5763333333333334	0.37866666666666665	516	443	959	NA	NA	NA	NA	89798950	89799079	89799165	89799232	NA	NA	NA	NA	NA	NA	NA	89798950	89799232	29,43,73,30,36,52	85,55,98,54,34,34	0,0,0,0,0,0	34,83,51,79,55,95	NA	NA	NA	NA	NA	3140	chr16	-	NA	NA	NA	NA	NA	NA	3140	104,81,76	9,22,61	54,36,78	39,32,81	235	149	0.00207281358713	0.00975660269109748	0.88,0.7,0.441	0.467,0.416,0.379	0.253	NA	NA	NA	NA	0.00975660269109748	0.253	0.6736666666666666	0.4206666666666667	353	320	673	NA	NA	NA	NA	89798950	89799079	89799165	89799232	NA	NA	NA	NA	NA	NA	NA	89798950	89799232	69,22,44,35,13,51	46,70,57,25,28,47	0,0,0,0,0,0	9,22,61,39,32,81	NA	NA	NA	NA	NA
3172	ENSG00000138095.20	LRPPRC	chr2	-	NA	NA	NA	NA	NA	NA	3172	1278,1153,1329	245,267,356	1418,1618,2213	155,237,293	1863	149	7.33717864243e-9	2.0358180739991296e-07	0.294,0.257,0.23	0.423,0.353,0.377	-0.124	NA	NA	NA	NA	RI	chr2|-|43899465|43901524|43899465|43899605|43901319|43901524	2.0358180739991296e-07	-0.124	0.2603333333333333	0.3843333333333333	4628	5934	10562	NA	NA	NA	NA	43899465	43899605	43901319	43901524	NA	NA	NA	NA	NA	NA	NA	43899465	43901524	457,323,351,419,398,656	59,89,80,123,86,112	762,741,898,876,1134,1445	245,267,356,155,237,293	NA	NA	NA	NA	NA	3172	chr2	-	NA	NA	NA	NA	NA	NA	3172	774,1297,1383	167,310,286	1476,1563,1922	216,137,167	1863	149	4.02339090932e-8	9.192375598367852e-7	0.27,0.251,0.279	0.353,0.477,0.479	-0.17	NA	NA	NA	NA	9.192375598367852e-7	-0.17	0.26666666666666666	0.4363333333333333	4217	5481	9698	NA	NA	NA	NA	43899465	43899605	43901319	43901524	NA	NA	NA	NA	NA	NA	NA	43899465	43901524	230,357,454,404,447,562	58,75,143,83,95,116	486,865,786,989,1021,1244	167,310,286,216,137,167	NA	NA	NA	NA	NA
3174	ENSG00000138095.20	LRPPRC	chr2	-	NA	NA	NA	NA	NA	NA	3174	761,636,617	78,67,80	1386,1126,1525	84,40,100	3238	149	1.03594540543e-5	1.1466457086817e-4	0.31,0.304,0.262	0.432,0.564,0.412	-0.177	NA	NA	NA	NA	RI	chr2|-|43957384|43960634|43957384|43957451|43960540|43960634	1.1466457086817e-4	-0.177	0.292	0.4693333333333333	2239	4261	6500	NA	NA	NA	NA	43957384	43957451	43960540	43960634	NA	NA	NA	NA	NA	NA	NA	43957384	43960634	69,62,17,78,45,79	69,34,17,71,35,70	623,540,583,1237,1046,1376	78,67,80,84,40,100	NA	NA	NA	NA	NA	3174	chr2	-	NA	NA	NA	NA	NA	NA	3174	506,760,578	56,134,104	1284,1207,1144	47,88,83	3238	149	2.43539978184e-7	4.525347471548234e-6	0.294,0.207,0.204	0.557,0.387,0.388	-0.209	NA	NA	NA	NA	4.525347471548234e-6	-0.209	0.235	0.444	2138	3853	5991	NA	NA	NA	NA	43957384	43957451	43960540	43960634	NA	NA	NA	NA	NA	NA	NA	43957384	43960634	23,46,14,60,57,50	40,36,30,64,75,24	443,678,534,1160,1075,1070	56,134,104,47,88,83	NA	NA	NA	NA	NA
3238	ENSG00000141551.15	CSNK1D	chr17	-	NA	NA	NA	NA	NA	NA	3238	5312,4992,4968	366,411,433	4232,4269,4282	178,210,196	2984	149	1.12555631482e-8	2.8980174220249205e-7	0.42,0.378,0.364	0.543,0.504,0.522	-0.136	NA	NA	NA	NA	RI	chr17|-|82245975|82249014|82245975|82246039|82248874|82249014	2.8980174220249205e-7	-0.136	0.3873333333333333	0.523	16482	13367	29849	NA	NA	NA	NA	82245975	82246039	82248874	82249014	NA	NA	NA	NA	NA	NA	NA	82245975	82249014	284,218,156,145,150,195	172,113,169,162,118,135	4856,4661,4643,3925,4001,3952	366,411,433,178,210,196	NA	NA	NA	NA	NA	3238	chr17	-	NA	NA	NA	NA	NA	NA	3238	3853,4826,5212	394,386,451	3982,3898,3474	193,252,185	2984	149	6.64779967852e-7	1.0705616602288606e-5	0.328,0.384,0.366	0.507,0.436,0.484	-0.116	NA	NA	NA	NA	1.0705616602288606e-5	-0.116	0.35933333333333334	0.4756666666666667	15122	11984	27106	NA	NA	NA	NA	82245975	82246039	82248874	82249014	NA	NA	NA	NA	NA	NA	NA	82245975	82249014	140,215,121,156,103,111	131,122,137,143,114,98	3582,4489,4954,3683,3681,3265	394,386,451,193,252,185	NA	NA	NA	NA	NA
3250	ENSG00000168404.13	MLKL	chr16	-	NA	NA	NA	NA	NA	NA	3250	98,178,155	69,112,131	59,17,44	46,46,87	403	149	4.74486960247e-4	0.00301623106444974	0.344,0.37,0.304	0.322,0.12,0.158	0.139	NA	NA	NA	NA	RI	chr16|-|74674959|74675404|74674959|74675100|74675354|74675404	0.00301623106444974	0.139	0.3393333333333333	0.2	743	299	1042	NA	NA	NA	NA	74674959	74675100	74675354	74675404	NA	NA	NA	NA	NA	NA	NA	74674959	74675404	16,41,41,6,1,6	46,97,60,41,14,28	36,40,54,12,2,10	69,112,131,46,46,87	NA	NA	NA	NA	NA	3250	chr16	-	NA	NA	NA	NA	NA	NA	3250	69,97,93	59,109,162	15,11,18	43,62,38	403	149	3.30253435166e-6	4.270664871450694e-5	0.302,0.248,0.175	0.114,0.062,0.149	0.133	NA	NA	NA	NA	4.270664871450694e-5	0.133	0.24166666666666667	0.10833333333333334	589	187	776	NA	NA	NA	NA	74674959	74675100	74675354	74675404	NA	NA	NA	NA	NA	NA	NA	74674959	74675404	29,18,20,2,2,1	39,46,56,8,3,9	1,33,17,5,6,8	59,109,162,43,62,38	NA	NA	NA	NA	NA
3316	ENSG00000181163.14	NPM1	chr5	+	NA	NA	NA	NA	NA	NA	3316	4490,4077,5381	399,360,535	5024,5523,7516	265,322,454	2445	149	2.49657913676e-7	4.556256924587e-6	0.407,0.408,0.38	0.536,0.511,0.502	-0.118	NA	NA	NA	NA	RI	chr5|+|171405301|171407774|171405301|171405403|171407699|171407774	4.556256924587e-6	-0.118	0.3983333333333333	0.5163333333333333	15242	19104	34346	NA	NA	NA	NA	171405301	171405403	171407699	171407774	NA	NA	NA	NA	NA	NA	NA	171405301	171407774	126,92,155,175,128,228	254,186,260,202,240,402	4110,3799,4966,4647,5155,6886	399,360,535,265,322,454	NA	NA	NA	NA	NA	3316	chr5	+	NA	NA	NA	NA	NA	NA	3316	2991,4275,4854	341,496,524	4913,5445,5990	263,294,460	2445	149	5.35755495523e-9	1.4573997466051337e-7	0.348,0.344,0.361	0.532,0.53,0.442	-0.15	NA	NA	NA	NA	1.4573997466051337e-7	-0.15	0.351	0.5013333333333334	13481	17365	30846	NA	NA	NA	NA	171405301	171405403	171407699	171407774	NA	NA	NA	NA	NA	NA	NA	171405301	171407774	75,124,113,159,205,182	214,203,199,201,358,333	2702,3948,4542,4553,4882,5475	341,496,524,263,294,460	NA	NA	NA	NA	NA
3319	ENSG00000090097.22	PCBP4	chr3	-	NA	NA	NA	NA	NA	NA	3319	150,119,189	3,0,5	61,49,77	12,8,10	377	149	3.50357298728e-10	1.3511892803774188e-8	0.952,1.0,0.937	0.668,0.708,0.753	0.253	NA	NA	NA	NA	RI	chr3|-|51960525|51960898|51960525|51960637|51960865|51960898	1.3511892803774188e-8	0.253	0.963	0.7096666666666667	466	217	683	NA	NA	NA	NA	51960525	51960637	51960865	51960898	NA	NA	NA	NA	NA	NA	NA	51960525	51960898	42,13,60,11,22,9	44,41,53,17,7,22	64,65,76,33,20,46	3,0,5,12,8,10	NA	NA	NA	NA	NA	3319	chr3	-	NA	NA	NA	NA	NA	NA	3319	96,184,138	0,3,2	17,74,41	8,25,2	377	149	7.47600603646e-9	2.0065600201858637e-7	1.0,0.96,0.965	0.456,0.539,0.89	0.347	NA	NA	NA	NA	2.0065600201858637e-7	0.347	0.975	0.6283333333333334	423	167	590	NA	NA	NA	NA	51960525	51960637	51960865	51960898	NA	NA	NA	NA	NA	NA	NA	51960525	51960898	22,37,53,3,16,16	49,44,30,5,13,7	25,103,55,9,45,18	0,3,2,8,25,2	NA	NA	NA	NA	NA
3320	ENSG00000090097.22	PCBP4	chr3	-	NA	NA	NA	NA	NA	NA	3320	148,119,182	70,90,125	61,49,77	80,51,94	372	149	7.01369896365e-5	5.9899724296799e-4	0.459,0.346,0.368	0.234,0.278,0.247	0.138	NA	NA	NA	NA	RI	chr3|-|51960525|51960898|51960525|51960642|51960865|51960898	5.9899724296799e-4	0.138	0.391	0.253	734	412	1146	NA	NA	NA	NA	51960525	51960642	51960865	51960898	NA	NA	NA	NA	NA	NA	NA	51960525	51960898	42,13,54,11,22,11	44,41,53,17,7,22	62,65,75,33,20,44	70,90,125,80,51,94	NA	NA	NA	NA	NA	3320	chr3	-	NA	NA	NA	NA	NA	NA	3320	94,184,134	84,113,67	17,74,41	49,91,46	372	149	6.05188394883e-5	5.0064831735595e-4	0.309,0.395,0.445	0.122,0.246,0.263	0.173	NA	NA	NA	NA	5.0064831735595e-4	0.173	0.383	0.21033333333333334	676	318	994	NA	NA	NA	NA	51960525	51960642	51960865	51960898	NA	NA	NA	NA	NA	NA	NA	51960525	51960898	20,37,49,3,16,16	49,44,30,5,13,7	25,103,55,9,45,18	84,113,67,49,91,46	NA	NA	NA	NA	NA
3326	ENSG00000004534.15	RBM6	chr3	+	NA	NA	NA	NA	NA	NA	3326	974,1122,958	47,92,109	511,750,851	84,82,117	563	149	6.84603539469e-4	0.00409959853908584	0.846,0.763,0.699	0.617,0.708,0.658	0.108	NA	NA	NA	NA	RI	chr3|+|50061461|50062108|50061461|50061547|50061961|50062108	0.00409959853908584	0.108	0.7693333333333333	0.661	3302	2395	5697	NA	NA	NA	NA	50061461	50061547	50061961	50062108	NA	NA	NA	NA	NA	NA	NA	50061461	50062108	54,29,34,40,45,40	342,383,361,193,262,364	578,710,563,278,443,447	47,92,109,84,82,117	NA	NA	NA	NA	NA	3326	chr3	+	NA	NA	NA	NA	NA	NA	3326	888,1142,1106	63,96,121	566,733,639	114,99,77	563	149	2.32694492857e-4	0.00154616048052051	0.789,0.759,0.708	0.568,0.662,0.687	0.113	NA	NA	NA	NA	0.00154616048052051	0.113	0.752	0.639	3416	2228	5644	NA	NA	NA	NA	50061461	50061547	50061961	50062108	NA	NA	NA	NA	NA	NA	NA	50061461	50062108	35,36,46,39,51,42	333,465,427,140,304,271	520,641,633,387,378,326	63,96,121,114,99,77	NA	NA	NA	NA	NA
3342	ENSG00000153187.21	HNRNPU	chr1	-	NA	NA	NA	NA	NA	NA	3342	3098,2736,3106	304,232,315	5124,4679,6523	151,150,203	2135	149	0	0	0.416,0.451,0.408	0.703,0.685,0.692	-0.268	NA	NA	NA	NA	RI	chr1|-|244860334|244862534|244860334|244860474|244862460|244862534	0	-0.268	0.425	0.6933333333333334	9791	16830	26621	NA	NA	NA	NA	244860334	244860474	244862460	244862534	NA	NA	NA	NA	NA	NA	NA	244860334	244862534	429,336,442,625,606,879	161,89,127,258,214,263	2508,2311,2537,4241,3859,5381	304,232,315,151,150,203	NA	NA	NA	NA	NA	3342	chr1	-	NA	NA	NA	NA	NA	NA	3342	1858,2505,3018	273,291,410	4677,4138,4392	164,131,207	2135	149	0	0	0.322,0.375,0.339	0.666,0.688,0.597	-0.305	NA	NA	NA	NA	0	-0.305	0.3453333333333333	0.6503333333333333	8355	13709	22064	NA	NA	NA	NA	244860334	244860474	244862460	244862534	NA	NA	NA	NA	NA	NA	NA	244860334	244862534	230,324,451,573,465,557	85,131,171,262,154,164	1543,2050,2396,3842,3519,3671	273,291,410,164,131,207	NA	NA	NA	NA	NA
3356	ENSG00000145020.16	AMT	chr3	-	NA	NA	NA	NA	NA	NA	3356	34,30,46	10,0,0	28,40,41	0,0,0	238	149	4.77350940164e-4	0.00303014075060626	0.68,1.0,1.0	1.0,1.0,1.0	-0.107	NA	NA	NA	NA	RI	chr3|-|49422103|49422451|49422103|49422271|49422360|49422451	0.00303014075060626	-0.107	0.8933333333333333	1	120	109	229	NA	NA	NA	NA	49422103	49422271	49422360	49422451	NA	NA	NA	NA	NA	NA	NA	49422103	49422451	25,24,30,18,34,28	10,6,20,12,6,13	0,0,0,0,0,0	10,0,0,0,0,0	NA	NA	NA	NA	NA	3356	chr3	-	NA	NA	NA	NA	NA	NA	3356	40,24,45	7,0,10	12,29,57	0,0,0	238	149	4.68513197238e-7	7.992517508814357e-6	0.782,1.0,0.738	1.0,1.0,1.0	-0.16	NA	NA	NA	NA	7.992517508814357e-6	-0.16	0.84	1	126	98	224	NA	NA	NA	NA	49422103	49422271	49422360	49422451	NA	NA	NA	NA	NA	NA	NA	49422103	49422451	37,15,40,6,22,33	3,9,10,6,10,26	0,0,0,0,0,0	7,0,10,0,0,0	NA	NA	NA	NA	NA
3361	ENSG00000119321.10	FKBP15	chr9	-	NA	NA	NA	NA	NA	NA	3361	1203,880,1130	123,134,190	1095,614,814	345,182,289	1578	149	5.68604052731e-11	2.4382377981444e-9	0.48,0.383,0.36	0.231,0.242,0.21	0.18	NA	NA	NA	NA	RI	chr9|-|113186248|113187899|113186248|113186363|113187792|113187899	2.4382377981444e-9	0.18	0.4076666666666667	0.22766666666666666	3660	3339	6999	NA	NA	NA	NA	113186248	113186363	113187792	113187899	NA	NA	NA	NA	NA	NA	NA	113186248	113187899	86,41,20,46,39,14	49,41,83,50,43,52	1068,798,1027,999,532,748	123,134,190,345,182,289	NA	NA	NA	NA	NA	3361	chr9	-	NA	NA	NA	NA	NA	NA	3361	651,826,966	116,131,156	800,782,683	270,213,223	1578	149	3.20038928692e-9	9.073779766999944e-8	0.346,0.373,0.369	0.219,0.257,0.224	0.129	NA	NA	NA	NA	9.073779766999944e-8	0.129	0.36266666666666664	0.23333333333333334	2846	2971	5817	NA	NA	NA	NA	113186248	113186363	113187792	113187899	NA	NA	NA	NA	NA	NA	NA	113186248	113187899	56,40,38,63,27,21	24,36,39,63,40,24	571,750,889,674,715,638	116,131,156,270,213,223	NA	NA	NA	NA	NA
3425	ENSG00000132141.14	CCT6B	chr17	-	NA	NA	NA	NA	NA	NA	3425	0,0,17	1,9,10	21,11,17	6,1,8	435	149	0.00109604036973	0.00597946578930992	0.0,0.0,0.368	0.545,0.79,0.421	-0.463	NA	NA	NA	NA	RI	chr17|-|34939182|34939713|34939182|34939330|34939616|34939713	0.00597946578930992	-0.463	0.12266666666666667	0.5853333333333334	37	64	101	NA	NA	NA	NA	34939182	34939330	34939616	34939713	NA	NA	NA	NA	NA	NA	NA	34939182	34939713	0,0,0,3,0,5	0,0,14,10,5,2	0,0,3,8,6,10	1,9,10,6,1,8	NA	NA	NA	NA	NA	3425	chr17	-	NA	NA	NA	NA	NA	NA	3425	0,0,11	2,15,12	12,32,28	11,10,22	435	149	2.18342002485e-4	0.00146833780958453	0.0,0.0,0.239	0.272,0.523,0.304	-0.287	NA	NA	NA	NA	0.00146833780958453	-0.287	0.07966666666666666	0.36633333333333334	40	115	155	NA	NA	NA	NA	34939182	34939330	34939616	34939713	NA	NA	NA	NA	NA	NA	NA	34939182	34939713	0,0,1,0,4,0	0,0,0,10,18,4	0,0,10,2,10,24	2,15,12,11,10,22	NA	NA	NA	NA	NA
3554	ENSG00000155363.19	MOV10	chr1	+	NA	NA	NA	NA	NA	NA	3554	214,119,156	30,54,48	39,67,93	25,39,56	302	149	0.0015662747082	0.008003663758902	0.779,0.521,0.616	0.435,0.459,0.45	0.191	NA	NA	NA	NA	RI	chr1|+|112696147|112696534|112696147|112696283|112696436|112696534	0.008003663758902	0.191	0.6386666666666667	0.448	621	319	940	NA	NA	NA	NA	112696147	112696283	112696436	112696534	NA	NA	NA	NA	NA	NA	NA	112696147	112696534	72,32,54,12,17,3	142,87,100,27,50,90	0,0,2,0,0,0	30,54,48,25,39,56	NA	NA	NA	NA	NA	3554	chr1	+	NA	NA	NA	NA	NA	NA	3554	223,266,214	29,49,47	32,108,34	18,46,25	302	149	1.55277957492e-7	3.0726506054915e-6	0.791,0.728,0.692	0.467,0.537,0.402	0.268	NA	NA	NA	NA	3.0726506054915e-6	0.268	0.737	0.4686666666666667	828	263	1091	NA	NA	NA	NA	112696147	112696283	112696436	112696534	NA	NA	NA	NA	NA	NA	NA	112696147	112696534	81,68,46,6,41,9	142,198,151,26,67,25	0,0,17,0,0,0	29,49,47,18,46,25	NA	NA	NA	NA	NA
3563	ENSG00000117632.23	STMN1	chr1	-	NA	NA	NA	NA	NA	NA	3563	1111,1316,1795	81,89,78	1293,1470,2556	58,40,91	2107	149	0.00146844033416	0.00757315065523054	0.492,0.511,0.619	0.612,0.722,0.665	-0.126	NA	NA	NA	NA	RI	chr1|-|25901490|25903813|25901490|25901682|25903640|25903813	0.00757315065523054	-0.126	0.5406666666666666	0.6663333333333333	4470	5508	9978	NA	NA	NA	NA	25901490	25901682	25903640	25903813	NA	NA	NA	NA	NA	NA	NA	25901490	25903813	87,104,105,128,104,291	81,36,58,56,78,109	943,1176,1632,1109,1288,2156	81,89,78,58,40,91	NA	NA	NA	NA	NA	3563	chr1	-	NA	NA	NA	NA	NA	NA	3563	790,1139,1687	65,71,125	1546,1283,1930	42,36,63	2107	149	1.57440727122e-11	7.32719564409758e-10	0.462,0.531,0.488	0.722,0.716,0.684	-0.214	NA	NA	NA	NA	7.32719564409758e-10	-0.214	0.4936666666666667	0.7073333333333334	3877	4900	8777	NA	NA	NA	NA	25901490	25901682	25903640	25903813	NA	NA	NA	NA	NA	NA	NA	25901490	25903813	129,79,190,65,116,198	26,47,81,72,59,50	635,1013,1416,1409,1108,1682	65,71,125,42,36,63	NA	NA	NA	NA	NA
3601	ENSG00000119707.14	RBM25	chr14	+	NA	NA	NA	NA	NA	NA	3601	12105,9951,11925	140,166,267	13959,12810,18646	46,32,81	3590	149	0	0	0.782,0.713,0.65	0.926,0.943,0.905	-0.21	NA	NA	NA	NA	RI	chr14|+|73099666|73103478|73099666|73099750|73103191|73103478	0	-0.21	0.715	0.9246666666666666	34554	45574	80128	NA	NA	NA	NA	73099666	73099750	73103191	73103478	NA	NA	NA	NA	NA	NA	NA	73099666	73103478	485,250,311,429,304,458	889,895,1199,1140,1178,1634	10731,8806,10415,12390,11328,16554	140,166,267,46,32,81	NA	NA	NA	NA	NA	3601	chr14	+	NA	NA	NA	NA	NA	NA	3601	7616,9095,11774	102,249,176	13491,12380,13039	54,84,50	3590	149	3.33066907388e-16	3.35231842286022e-14	0.756,0.603,0.735	0.912,0.859,0.915	-0.197	NA	NA	NA	NA	3.35231842286022e-14	-0.197	0.698	0.8953333333333333	29012	39098	68110	NA	NA	NA	NA	73099666	73099750	73103191	73103478	NA	NA	NA	NA	NA	NA	NA	73099666	73103478	232,212,303,339,352,300	791,973,1262,1276,1158,1287	6593,7910,10209,11876,10870,11452	102,249,176,54,84,50	NA	NA	NA	NA	NA
3602	ENSG00000119707.14	RBM25	chr14	+	NA	NA	NA	NA	NA	NA	3602	1909,1647,2207	448,472,759	1531,1778,2339	713,691,1121	521	149	9.07466033717e-6	1.0277013581943e-4	0.549,0.499,0.454	0.38,0.424,0.374	0.108	NA	NA	NA	NA	RI	chr14|+|73110830|73111802|73110830|73111155|73111527|73111802	1.0277013581943e-4	0.108	0.5006666666666667	0.39266666666666666	7442	8173	15615	NA	NA	NA	NA	73110830	73111155	73111527	73111802	NA	NA	NA	NA	NA	NA	NA	73110830	73111802	303,246,339,218,327,404	1031,814,1134,745,824,981	575,587,734,568,627,954	448,472,759,713,691,1121	NA	NA	NA	NA	NA	3602	chr14	+	NA	NA	NA	NA	NA	NA	3602	1256,1681,2258	434,533,761	1587,1502,1615	752,772,848	521	149	4.14012752814e-6	5.176445164065726e-5	0.453,0.474,0.459	0.376,0.357,0.353	0.1	NA	NA	NA	NA	5.176445164065726e-5	0.1	0.462	0.362	6923	7076	13999	NA	NA	NA	NA	73110830	73111155	73111527	73111802	NA	NA	NA	NA	NA	NA	NA	73110830	73111802	179,209,379,286,225,271	701,778,1168,776,700,838	376,694,711,525,577,506	434,533,761,752,772,848	NA	NA	NA	NA	NA
3658	ENSG00000072274.14	TFRC	chr3	-	NA	NA	NA	NA	NA	NA	3658	249,202,163	114,123,83	513,317,522	162,66,106	1976	149	1.60680935224e-9	5.158615155987267e-8	0.141,0.11,0.129	0.193,0.266,0.271	-0.117	NA	NA	NA	NA	RI	chr3|-|196069454|196071498|196069454|196069568|196071395|196071498	5.158615155987267e-8	-0.117	0.12666666666666665	0.24333333333333335	934	1686	2620	NA	NA	NA	NA	196069454	196069568	196071395	196071498	NA	NA	NA	NA	NA	NA	NA	196069454	196071498	17,17,20,46,41,68	24,21,31,45,17,51	208,164,112,422,259,403	114,123,83,162,66,106	NA	NA	NA	NA	NA	3658	chr3	-	NA	NA	NA	NA	NA	NA	3658	241,182,263	87,200,110	553,240,419	84,108,77	1976	149	5.49491095514e-6	6.650053558735564e-5	0.173,0.064,0.153	0.332,0.144,0.291	-0.126	NA	NA	NA	NA	6.650053558735564e-5	-0.126	0.13	0.25566666666666665	1083	1481	2564	NA	NA	NA	NA	196069454	196069568	196071395	196071498	NA	NA	NA	NA	NA	NA	NA	196069454	196071498	38,26,26,33,33,54	25,27,22,94,17,58	178,129,215,426,190,307	87,200,110,84,108,77	NA	NA	NA	NA	NA
3691	ENSG00000136068.16	FLNB	chr3	+	NA	NA	NA	NA	NA	NA	3691	759,543,937	79,115,197	807,665,1067	53,61,75	2048	149	3.6557673134299998e-06	4.810550464796729e-5	0.411,0.256,0.257	0.526,0.442,0.509	-0.184	NA	NA	NA	NA	RI	chr3|+|58130740|58132931|58130740|58130908|58132807|58132931	4.810550464796729e-5	-0.184	0.308	0.49233333333333335	2630	2728	5358	NA	NA	NA	NA	58130740	58130908	58132807	58132931	NA	NA	NA	NA	NA	NA	NA	58130740	58132931	47,14,26,31,13,17	85,60,100,76,58,130	627,469,811,700,594,920	79,115,197,53,61,75	NA	NA	NA	NA	NA	3691	chr3	+	NA	NA	NA	NA	NA	NA	3691	575,711,1064	189,200,171	846,804,880	38,44,66	2048	149	0	0	0.181,0.205,0.312	0.618,0.571,0.492	-0.328	NA	NA	NA	NA	0	-0.328	0.23266666666666666	0.56033333333333335	2910	2678	5588	NA	NA	NA	NA	58130740	58130908	58132807	58132931	NA	NA	NA	NA	NA	NA	NA	58130740	58132931	6,19,33,26,25,29	59,63,121,80,82,124	510,629,910,740,697,727	189,200,171,38,44,66	NA	NA	NA	NA	NA
3828	ENSG00000003756.17	RBM5	chr3	+	NA	NA	NA	NA	NA	NA	3828	1764,1620,1500	43,63,62	1212,1074,1208	96,89,81	2626	149	1.32146094955e-7	2.5806364785479616e-6	0.699,0.593,0.579	0.417,0.406,0.458	0.197	NA	NA	NA	NA	RI	chr3|+|50100531|50103166|50100531|50100605|50103082|50103166	2.5806364785479616e-6	0.197	0.6236666666666666	0.427	5052	3760	8812	NA	NA	NA	NA	50100531	50100605	50103082	50103166	NA	NA	NA	NA	NA	NA	NA	50100531	50103166	146,150,96,85,74,91	90,64,100,37,62,73	1528,1406,1304,1090,938,1044	43,63,62,96,89,81	NA	NA	NA	NA	NA	3828	chr3	+	NA	NA	NA	NA	NA	NA	3828	1294,1656,1550	50,62,49	1137,953,1085	78,72,92	2626	149	8.22084089691e-9	2.1870333998431495e-7	0.595,0.602,0.642	0.453,0.429,0.401	0.185	NA	NA	NA	NA	2.1870333998431495e-7	0.185	0.613	0.4276666666666667	4661	3417	8078	NA	NA	NA	NA	50100531	50100605	50103082	50103166	NA	NA	NA	NA	NA	NA	NA	50100531	50103166	76,127,101,60,69,46	59,50,75,87,55,32	1159,1479,1374,990,829,1007	50,62,49,78,72,92	NA	NA	NA	NA	NA
3843	ENSG00000025708.14	TYMP	chr22	-	NA	NA	NA	NA	NA	NA	3843	16,12,15	4,8,21	5,4,0	12,14,27	253	149	8.70389702468e-6	9.957518014055552e-5	0.702,0.469,0.296	0.197,0.144,0.0	0.375	NA	NA	NA	NA	RI	chr22|-|50526000|50526476|50526000|50526141|50526245|50526476	9.957518014055552e-5	0.375	0.489	0.11366666666666667	76	62	138	NA	NA	NA	NA	50526000	50526141	50526245	50526476	NA	NA	NA	NA	NA	NA	NA	50526000	50526476	8,4,8,5,2,0	8,8,8,0,2,0	0,0,0,0,0,0	4,8,21,12,14,27	NA	NA	NA	NA	NA	3843	chr22	-	NA	NA	NA	NA	NA	NA	3843	22,3,20	41,28,27	2,0,3	11,9,22	253	149	7.3550942704e-4	0.00407873409540363	0.24,0.059,0.304	0.097,0.0,0.074	0.144	NA	NA	NA	NA	0.00407873409540363	0.144	0.20099999999999998	0.057	141	47	188	NA	NA	NA	NA	50526000	50526141	50526245	50526476	NA	NA	NA	NA	NA	NA	NA	50526000	50526476	6,2,16,2,0,0	16,1,6,2,0,3	0,0,0,0,0,0	41,28,27,11,9,22	NA	NA	NA	NA	NA
3862	ENSG00000115657.14	ABCB6	chr2	-	NA	NA	NA	NA	NA	NA	3862	244,265,208	54,65,57	15,21,76	43,44,68	384	149	0	0	0.637,0.613,0.586	0.119,0.156,0.302	0.42	NA	NA	NA	NA	RI	chr2|-|219210380|219210823|219210380|219210475|219210710|219210823	0	0.42	0.612	0.19233333333333333	893	267	1160	NA	NA	NA	NA	219210380	219210475	219210710	219210823	NA	NA	NA	NA	NA	NA	NA	219210380	219210823	117,163,80,7,8,35	66,33,54,5,9,17	61,69,74,3,4,24	54,65,57,43,44,68	NA	NA	NA	NA	NA	3862	chr2	-	NA	NA	NA	NA	NA	NA	3862	152,308,225	59,85,81	38,76,88	41,47,53	384	149	2.83878263052e-5	2.6955044505833e-4	0.5,0.584,0.519	0.265,0.386,0.392	0.187	NA	NA	NA	NA	2.6955044505833e-4	0.187	0.5343333333333333	0.3476666666666667	910	343	1253	NA	NA	NA	NA	219210380	219210475	219210710	219210823	NA	NA	NA	NA	NA	NA	NA	219210380	219210823	81,128,95,8,33,25	43,66,60,25,19,24	28,114,70,5,24,39	59,85,81,41,47,53	NA	NA	NA	NA	NA
3876	ENSG00000175110.14	MRPS22	chr3	+	NA	NA	NA	NA	NA	NA	3876	585,420,443	69,32,55	508,399,667	18,32,30	2003	149	0.00132498329937	0.00693242115335907	0.387,0.494,0.375	0.677,0.481,0.623	-0.175	NA	NA	NA	NA	RI	chr3|+|139348159|139351060|139348159|139348324|139350178|139351060	0.00693242115335907	-0.175	0.4186666666666667	0.5936666666666667	1604	1654	3258	NA	NA	NA	NA	139348159	139348324	139350178	139351060	NA	NA	NA	NA	NA	NA	NA	139348159	139351060	71,17,52,23,28,21	66,61,50,21,30,64	448,342,341,464,341,582	69,32,55,18,32,30	NA	NA	NA	NA	NA	3876	chr3	+	NA	NA	NA	NA	NA	NA	3876	255,363,463	26,83,53	411,494,502	5,25,36	2003	149	1.9623072928e-4	0.00134054001597502	0.422,0.245,0.394	0.859,0.595,0.509	-0.301	NA	NA	NA	NA	0.00134054001597502	-0.301	0.3536666666666667	0.6543333333333333	1243	1473	2716	NA	NA	NA	NA	139348159	139348324	139350178	139351060	NA	NA	NA	NA	NA	NA	NA	139348159	139351060	4,28,32,19,12,28	50,17,37,56,28,30	201,318,394,336,454,444	26,83,53,5,25,36	NA	NA	NA	NA	NA
3938	ENSG00000174915.12	PTDSS2	chr11	+	NA	NA	NA	NA	NA	NA	3938	7,18,13	5,4,33	4,4,4	16,8,31	627	149	4.6775101851e-4	0.0029939971247425	0.25,0.517,0.086	0.056,0.106,0.03	0.22	NA	NA	NA	NA	RI	chr11|+|490419|491399|490419|490642|491120|491399	0.0029939971247425	0.22	0.2843333333333333	0.064	80	67	147	NA	NA	NA	NA	490419	490642	491120	491399	NA	NA	NA	NA	NA	NA	NA	490419	491399	6,18,11,4,2,1	0,0,0,0,0,1	1,0,2,0,2,2	5,4,33,16,8,31	NA	NA	NA	NA	NA	3938	chr11	+	NA	NA	NA	NA	NA	NA	3938	14,12,23	6,23,16	4,0,5	21,6,10	627	149	9.46648927854e-5	7.2825641723698e-4	0.357,0.11,0.255	0.043,0.0,0.106	0.191	NA	NA	NA	NA	7.2825641723698e-4	0.191	0.24066666666666667	0.049666666666666665	94	46	140	NA	NA	NA	NA	490419	490642	491120	491399	NA	NA	NA	NA	NA	NA	NA	490419	491399	8,10,19,4,0,3	0,0,0,0,0,2	6,2,4,0,0,0	6,23,16,21,6,10	NA	NA	NA	NA	NA
3992	ENSG00000135297.17	MTO1	chr6	+	NA	NA	NA	NA	NA	NA	3992	27,36,29	8,0,0	17,36,33	0,0,0	315	149	0.00169465999483	0.00850380940122549	0.615,1.0,1.0	1.0,1.0,1.0	-0.128	NA	NA	NA	NA	RI	chr6|+|73479935|73480367|73479935|73480126|73480292|73480367	0.00850380940122549	-0.128	0.8716666666666667	1	100	86	186	NA	NA	NA	NA	73479935	73480126	73480292	73480367	NA	NA	NA	NA	NA	NA	NA	73479935	73480367	8,9,16,3,4,16	4,19,8,3,6,11	15,8,5,11,26,6	8,0,0,0,0,0	NA	NA	NA	NA	NA	3992	chr6	+	NA	NA	NA	NA	NA	NA	3992	21,39,47	7,0,12	39,38,10	0,0,0	315	149	4.22616926232e-7	7.312847041590396e-6	0.587,1.0,0.649	1.0,1.0,1.0	-0.255	NA	NA	NA	NA	7.312847041590396e-6	-0.255	0.7453333333333333	1	126	87	213	NA	NA	NA	NA	73479935	73480126	73480292	73480367	NA	NA	NA	NA	NA	NA	NA	73479935	73480367	5,14,24,17,8,8	16,19,10,2,7,2	0,6,13,20,23,0	7,0,12,0,0,0	NA	NA	NA	NA	NA
4019	ENSG00000119977.22	TCTN3	chr10	-	NA	NA	NA	NA	NA	NA	4019	17,20,33	16,41,9	16,19,37	0,2,1	490	149	6.68582633701e-9	1.8720313743628e-7	0.244,0.129,0.527	1.0,0.743,0.918	-0.587	NA	NA	NA	NA	RI	chr10|-|95683100|95683629|95683100|95683180|95683521|95683629	1.8720313743628e-7	-0.587	0.3	0.887	136	75	211	NA	NA	NA	NA	95683100	95683180	95683521	95683629	NA	NA	NA	NA	NA	NA	NA	95683100	95683629	9,5,13,11,10,13	3,0,0,0,4,7	5,15,20,5,5,17	16,41,9,0,2,1	NA	NA	NA	NA	NA	4019	chr10	-	NA	NA	NA	NA	NA	NA	4019	16,26,9	6,20,4	10,17,14	0,0,0	490	149	9.27036225562e-12	4.478697412935134e-10	0.448,0.283,0.406	1.0,1.0,1.0	-0.621	NA	NA	NA	NA	4.478697412935134e-10	-0.621	0.379	1	81	41	122	NA	NA	NA	NA	95683100	95683180	95683521	95683629	NA	NA	NA	NA	NA	NA	NA	95683100	95683629	4,1,0,7,10,11	0,10,2,0,2,0	12,15,7,3,5,3	6,20,4,0,0,0	NA	NA	NA	NA	NA
4036	ENSG00000072110.16	ACTN1	chr14	-	NA	NA	NA	NA	NA	NA	4036	3596,2501,3586	423,362,394	4006,3562,4474	241,193,295	1897	149	5.5622173533699996e-14	4.547668908115312e-12	0.4,0.352,0.417	0.566,0.592,0.544	-0.178	NA	NA	NA	NA	RI	chr14|-|68877081|68879069|68877081|68877240|68878988|68879069	4.547668908115312e-12	-0.178	0.38966666666666666	0.5673333333333334	10862	12771	23633	NA	NA	NA	NA	68877081	68877240	68878988	68879069	NA	NA	NA	NA	NA	NA	NA	68877081	68879069	341,240,304,321,297,298	166,50,119,129,165,163	3089,2211,3163,3556,3100,4013	423,362,394,241,193,295	NA	NA	NA	NA	NA	4036	chr14	-	NA	NA	NA	NA	NA	NA	4036	2905,2710,3929	516,534,526	3511,3004,3512	226,122,227	1897	149	0	0	0.307,0.285,0.37	0.55,0.659,0.549	-0.265	NA	NA	NA	NA	0	-0.265	0.32066666666666666	0.5860000000000001	11120	10602	21722	NA	NA	NA	NA	68877081	68877240	68878988	68879069	NA	NA	NA	NA	NA	NA	NA	68877081	68879069	218,231,280,268,309,335	119,103,125,153,135,113	2568,2376,3524,3090,2560,3064	516,534,526,226,122,227	NA	NA	NA	NA	NA
4144	ENSG00000163161.14	ERCC3	chr2	-	NA	NA	NA	NA	NA	NA	4144	311,348,228	101,90,81	152,132,187	73,95,101	336	149	1.0669158321e-5	1.1745651494501e-4	0.577,0.632,0.555	0.48,0.381,0.451	0.151	NA	NA	NA	NA	RI	chr2|-|127289336|127289824|127289336|127289501|127289688|127289824	1.1745651494501e-4	0.151	0.588	0.43733333333333335	1159	740	1899	NA	NA	NA	NA	127289336	127289501	127289688	127289824	NA	NA	NA	NA	NA	NA	NA	127289336	127289824	91,134,94,96,57,95	161,167,109,49,62,74	59,47,25,7,13,18	101,90,81,73,95,101	NA	NA	NA	NA	NA	4144	chr2	-	NA	NA	NA	NA	NA	NA	4144	262,329,414	78,155,126	148,184,163	92,123,135	336	149	1.83577054724e-6	2.5842000780378465e-5	0.598,0.485,0.593	0.416,0.399,0.349	0.171	NA	NA	NA	NA	2.5842000780378465e-5	0.171	0.5586666666666666	0.388	1364	845	2209	NA	NA	NA	NA	127289336	127289501	127289688	127289824	NA	NA	NA	NA	NA	NA	NA	127289336	127289824	93,131,199,60,103,79	141,127,174,62,61,71	28,71,41,26,20,13	78,155,126,92,123,135	NA	NA	NA	NA	NA
4199	ENSG00000138074.15	SLC5A6	chr2	-	NA	NA	NA	NA	NA	NA	4199	776,855,814	185,183,153	324,451,290	150,220,199	501	149	1.5543122344799999e-15	1.5372649390050581e-13	0.555,0.582,0.613	0.391,0.379,0.302	0.226	NA	NA	NA	NA	RI	chr2|-|27202812|27203345|27202812|27202880|27203232|27203345	1.5372649390050581e-13	0.226	0.5833333333333334	0.35733333333333334	2966	1634	4600	NA	NA	NA	NA	27202812	27202880	27203232	27203345	NA	NA	NA	NA	NA	NA	NA	27202812	27203345	244,211,214,92,97,107	156,278,229,101,104,83	376,366,371,131,250,100	185,183,153,150,220,199	NA	NA	NA	NA	NA	4199	chr2	-	NA	NA	NA	NA	NA	NA	4199	648,811,867	177,123,260	226,438,338	152,142,148	501	149	7.67934963078e-4	0.00424296362491129	0.521,0.662,0.498	0.307,0.478,0.404	0.164	NA	NA	NA	NA	0.00424296362491129	0.164	0.56033333333333335	0.3963333333333333	2886	1444	4330	NA	NA	NA	NA	27202812	27202880	27203232	27203345	NA	NA	NA	NA	NA	NA	NA	27202812	27203345	158,224,170,60,111,100	170,179,189,62,117,82	320,408,508,104,210,156	177,123,260,152,142,148	NA	NA	NA	NA	NA
4312	ENSG00000135424.19	ITGA7	chr12	-	NA	NA	NA	NA	NA	NA	4312	54,27,75	125,135,144	19,4,13	107,154,158	231	149	1.67885705338e-11	8.106103504981228e-10	0.218,0.114,0.251	0.103,0.016,0.05	0.138	NA	NA	NA	NA	RI	chr12|-|55694614|55694997|55694614|55694695|55694777|55694997	8.106103504981228e-10	0.138	0.19433333333333333	0.05633333333333333	560	455	1015	NA	NA	NA	NA	55694614	55694695	55694777	55694997	NA	NA	NA	NA	NA	NA	NA	55694614	55694997	49,20,57,16,2,12	5,7,21,3,2,1	0,0,0,0,0,0	125,135,144,107,154,158	NA	NA	NA	NA	NA	4312	chr12	-	NA	NA	NA	NA	NA	NA	4312	25,82,39	82,132,189	0,8,7	118,103,141	231	149	1.11022302463e-15	1.01585406753645e-13	0.164,0.286,0.117	0.0,0.048,0.031	0.163	NA	NA	NA	NA	1.01585406753645e-13	0.163	0.189	0.026333333333333334	549	377	926	NA	NA	NA	NA	55694614	55694695	55694777	55694997	NA	NA	NA	NA	NA	NA	NA	55694614	55694997	18,72,37,0,8,7	7,15,2,0,0,0	0,0,0,0,0,0	82,132,189,118,103,141	NA	NA	NA	NA	NA
4348	ENSG00000159363.19	ATP13A2	chr1	-	NA	NA	NA	NA	NA	NA	4348	6,20,7	10,16,6	0,3,4	23,25,16	321	149	8.12425722252e-8	1.694487934982743e-6	0.218,0.367,0.351	0.0,0.053,0.104	0.26	NA	NA	NA	NA	RI	chr1|-|16986462|16986956|16986462|16986632|16986804|16986956	1.694487934982743e-6	0.26	0.312	0.05233333333333333	65	71	136	NA	NA	NA	NA	16986462	16986632	16986804	16986956	NA	NA	NA	NA	NA	NA	NA	16986462	16986956	2,11,2,0,1,4	4,9,5,0,2,0	0,0,0,0,0,0	10,16,6,23,25,16	NA	NA	NA	NA	NA	4348	chr1	-	NA	NA	NA	NA	NA	NA	4348	3,9,11	9,2,12	0,0,7	8,19,24	321	149	4.90979076544e-4	0.00290688494436197	0.134,0.676,0.298	0.0,0.0,0.119	0.33	NA	NA	NA	NA	0.00290688494436197	0.33	0.36933333333333335	0.03966666666666667	46	58	104	NA	NA	NA	NA	16986462	16986632	16986804	16986956	NA	NA	NA	NA	NA	NA	NA	16986462	16986956	3,9,0,0,0,7	0,0,11,0,0,0	0,0,0,0,0,0	9,2,12,8,19,24	NA	NA	NA	NA	NA
4474	ENSG00000187147.19	RNF220	chr1	+	NA	NA	NA	NA	NA	NA	4474	469,549,674	107,57,105	223,329,359	120,72,100	895	149	0.00153540487868	0.00785901729220848	0.422,0.616,0.517	0.236,0.432,0.374	0.171	NA	NA	NA	NA	RI	chr1|+|44649882|44651723|44649882|44649957|44650703|44651723	0.00785901729220848	0.171	0.5183333333333333	0.3473333333333333	1961	1203	3164	NA	NA	NA	NA	44649882	44649957	44650703	44651723	NA	NA	NA	NA	NA	NA	NA	44649882	44651723	116,94,128,33,90,108	60,48,86,18,43,30	293,407,460,172,196,221	107,57,105,120,72,100	NA	NA	NA	NA	NA	4474	chr1	+	NA	NA	NA	NA	NA	NA	4474	500,678,618	64,95,88	260,401,351	80,116,104	895	149	5.57118018385e-10	1.8284976701233775e-8	0.565,0.543,0.539	0.351,0.365,0.36	0.19	NA	NA	NA	NA	1.8284976701233775e-8	0.19	0.549	0.35866666666666663	2043	1312	3355	NA	NA	NA	NA	44649882	44649957	44650703	44651723	NA	NA	NA	NA	NA	NA	NA	44649882	44651723	74,127,115,64,70,41	34,113,101,48,36,50	392,438,402,148,295,260	64,95,88,80,116,104	NA	NA	NA	NA	NA
4529	ENSG00000013573.17	DDX11	chr12	+	NA	NA	NA	NA	NA	NA	4529	489,603,684	339,333,312	145,297,325	195,266,316	224	149	8.06290664346e-7	1.2909071419764155e-5	0.49,0.546,0.593	0.331,0.426,0.406	0.155	NA	NA	NA	NA	RI	chr12|+|31103576|31104791|31103576|31103731|31103806|31104791	1.2909071419764155e-5	0.155	0.543	0.38766666666666666	2760	1544	4304	NA	NA	NA	NA	31103576	31103731	31103806	31104791	NA	NA	NA	NA	NA	NA	NA	31103576	31104791	286,279,346,92,163,184	319,435,497,93,196,205	0,0,0,0,0,0	339,333,312,195,266,316	NA	NA	NA	NA	NA	4529	chr12	+	NA	NA	NA	NA	NA	NA	4529	460,544,529	271,298,312	212,260,240	200,298,288	224	149	8.66437255276e-10	2.7980826655677883e-8	0.53,0.548,0.53	0.414,0.367,0.357	0.157	NA	NA	NA	NA	2.7980826655677883e-8	0.157	0.536	0.3793333333333333	2414	1498	3912	NA	NA	NA	NA	31103576	31103731	31103806	31104791	NA	NA	NA	NA	NA	NA	NA	31103576	31104791	246,312,228,115,163,114	301,370,409,164,176,186	0,0,0,0,0,0	271,298,312,200,298,288	NA	NA	NA	NA	NA
4542	ENSG00000116337.20	AMPD2	chr1	+	NA	NA	NA	NA	NA	NA	4542	458,364,483	39,39,14	193,179,266	32,28,67	411	149	7.28250436621e-7	1.181384041629622e-5	0.81,0.772,0.926	0.686,0.699,0.59	0.178	NA	NA	NA	NA	RI	chr1|+|109626725|109627316|109626725|109626912|109627174|109627316	1.181384041629622e-5	0.178	0.8360000000000001	0.6583333333333333	1397	765	2162	NA	NA	NA	NA	109626725	109626912	109627174	109627316	NA	NA	NA	NA	NA	NA	NA	109626725	109627316	167,175,221,83,65,124	133,106,142,64,75,87	158,83,120,46,39,55	39,39,14,32,28,67	NA	NA	NA	NA	NA	4542	chr1	+	NA	NA	NA	NA	NA	NA	4542	351,600,393	25,32,27	94,186,188	7,27,41	411	149	3.66159314075e-4	0.00227962484298858	0.836,0.872,0.841	0.83,0.714,0.624	0.127	NA	NA	NA	NA	0.00227962484298858	0.127	0.8496666666666667	0.7226666666666667	1428	543	1971	NA	NA	NA	NA	109626725	109626912	109627174	109627316	NA	NA	NA	NA	NA	NA	NA	109626725	109627316	108,261,159,38,60,66	127,191,127,41,77,72	116,148,107,15,49,50	25,32,27,7,27,41	NA	NA	NA	NA	NA
4552	ENSG00000116337.20	AMPD2	chr1	+	NA	NA	NA	NA	NA	NA	4552	342,395,349	232,196,262	81,121,102	122,149,203	451	149	1.95776728162e-12	1.1769636245974352e-10	0.328,0.4,0.306	0.18,0.212,0.142	0.167	NA	NA	NA	NA	RI	chr1|+|109628082|109629235|109628082|109628806|109629108|109629235	1.1769636245974352e-10	0.167	0.3446666666666667	0.178	1776	778	2554	NA	NA	NA	NA	109628082	109628806	109629108	109629235	NA	NA	NA	NA	NA	NA	NA	109628082	109629235	129,82,177,23,18,42	117,126,102,23,58,36	96,187,70,35,45,24	232,196,262,122,149,203	NA	NA	NA	NA	NA	4552	chr1	+	NA	NA	NA	NA	NA	NA	4552	289,340,295	139,227,239	81,124,57	107,183,166	451	149	2.15215623101e-11	9.772083818849163e-10	0.407,0.331,0.29	0.2,0.183,0.102	0.181	NA	NA	NA	NA	9.772083818849163e-10	0.181	0.3426666666666667	0.16166666666666668	1529	718	2247	NA	NA	NA	NA	109628082	109628806	109629108	109629235	NA	NA	NA	NA	NA	NA	NA	109628082	109629235	74,102,132,36,31,10	96,134,103,16,45,24	119,104,60,29,48,23	139,227,239,107,183,166	NA	NA	NA	NA	NA
4614	ENSG00000115524.17	SF3B1	chr2	-	NA	NA	NA	NA	NA	NA	4614	491,378,405	23,37,34	468,480,574	79,49,100	456	149	7.50961927362e-5	6.35158419115e-4	0.875,0.769,0.796	0.659,0.762,0.652	0.122	NA	NA	NA	NA	RI	chr2|-|197418508|197420542|197418508|197418588|197418895|197420542	6.35158419115e-4	0.122	0.8133333333333334	0.6910000000000001	1368	1750	3118	NA	NA	NA	NA	197418508	197418588	197418895	197420542	NA	NA	NA	NA	NA	NA	NA	197418508	197420542	189,152,187,214,197,216	178,127,143,159,140,220	124,99,75,95,143,138	23,37,34,79,49,100	NA	NA	NA	NA	NA	4614	chr2	-	NA	NA	NA	NA	NA	NA	4614	222,276,477	31,2,86	533,395,439	91,103,111	456	149	0.00138173671057	0.00698853265923972	0.701,0.978,0.644	0.657,0.556,0.564	0.182	NA	NA	NA	NA	0.00698853265923972	0.182	0.7743333333333333	0.5923333333333334	1094	1672	2766	NA	NA	NA	NA	197418508	197418588	197418895	197420542	NA	NA	NA	NA	NA	NA	NA	197418508	197420542	82,126,232,176,130,223	86,112,163,235,131,117	54,38,82,122,134,99	31,2,86,91,103,111	NA	NA	NA	NA	NA
4615	ENSG00000115524.17	SF3B1	chr2	-	NA	NA	NA	NA	NA	NA	4615	1943,1487,1976	137,153,146	2856,2407,3308	52,51,143	1988	149	1.99480765239e-10	8.10076855924204e-9	0.515,0.421,0.504	0.805,0.78,0.634	-0.26	NA	NA	NA	NA	RI	chr2|-|197418508|197420542|197418508|197418588|197420427|197420542	8.10076855924204e-9	-0.26	0.48	0.7396666666666667	5842	8817	14659	NA	NA	NA	NA	197418508	197418588	197420427	197420542	NA	NA	NA	NA	NA	NA	NA	197418508	197420542	189,152,187,214,197,216	130,93,158,241,185,287	1624,1242,1631,2401,2025,2805	137,153,146,52,51,143	NA	NA	NA	NA	NA	4615	chr2	-	NA	NA	NA	NA	NA	NA	4615	1285,1424,1889	122,122,162	2722,1909,2360	112,61,85	1988	149	1.6209256159499997e-14	1.2390847841420316e-12	0.441,0.467,0.466	0.646,0.701,0.675	-0.216	NA	NA	NA	NA	1.2390847841420316e-12	-0.216	0.458	0.674	5004	7249	12253	NA	NA	NA	NA	197418508	197418588	197420427	197420542	NA	NA	NA	NA	NA	NA	NA	197418508	197420542	82,126,232,176,130,223	83,122,121,217,202,217	1120,1176,1536,2329,1577,1920	122,122,162,112,61,85	NA	NA	NA	NA	NA
4711	ENSG00000135047.16	CTSL	chr9	+	NA	NA	NA	NA	NA	NA	4711	594,503,714	319,594,524	748,732,904	208,265,409	912	149	1.0484196844e-9	3.558132668043514e-8	0.233,0.122,0.182	0.37,0.311,0.265	-0.136	NA	NA	NA	NA	RI	chr9|+|87728584|87729735|87728584|87728809|87729572|87729735	3.558132668043514e-8	-0.136	0.179	0.31533333333333335	3248	3266	6514	NA	NA	NA	NA	87728584	87728809	87729572	87729735	NA	NA	NA	NA	NA	NA	NA	87728584	87729735	129,178,275,173,156,296	113,65,113,129,163,120	352,260,326,446,413,488	319,594,524,208,265,409	NA	NA	NA	NA	NA	4711	chr9	+	NA	NA	NA	NA	NA	NA	4711	489,599,675	282,841,448	540,581,753	158,199,253	912	149	4.7184478546599994e-14	3.26089155678075e-12	0.221,0.104,0.198	0.358,0.323,0.327	-0.162	NA	NA	NA	NA	3.26089155678075e-12	-0.162	0.17433333333333334	0.336	3334	2484	5818	NA	NA	NA	NA	87728584	87728809	87729572	87729735	NA	NA	NA	NA	NA	NA	NA	87728584	87729735	200,184,152,148,125,214	77,112,73,102,118,138	212,303,450,290,338,401	282,841,448,158,199,253	NA	NA	NA	NA	NA
4759	ENSG00000127948.17	POR	chr7	+	NA	NA	NA	NA	NA	NA	4759	43,54,62	64,71,119	44,36,83	51,30,43	244	149	0.00151814341098	0.00778365835796769	0.291,0.317,0.241	0.345,0.423,0.541	-0.153	NA	NA	NA	NA	RI	chr7|+|75986158|75986855|75986158|75986241|75986336|75986855	0.00778365835796769	-0.153	0.283	0.43633333333333335	413	287	700	NA	NA	NA	NA	75986158	75986241	75986336	75986855	NA	NA	NA	NA	NA	NA	NA	75986158	75986855	20,42,39,32,23,48	25,27,34,25,23,51	0,0,0,0,0,0	64,71,119,51,30,43	NA	NA	NA	NA	NA	4759	chr7	+	NA	NA	NA	NA	NA	NA	4759	12,49,96	98,83,127	49,61,65	62,37,46	244	149	1.9564482325e-4	0.00133805106184229	0.07,0.265,0.316	0.326,0.502,0.463	-0.213	NA	NA	NA	NA	0.00133805106184229	-0.213	0.217	0.43033333333333335	465	320	785	NA	NA	NA	NA	75986158	75986241	75986336	75986855	NA	NA	NA	NA	NA	NA	NA	75986158	75986855	4,36,68,34,35,44	8,24,54,33,28,38	0,0,0,0,0,0	98,83,127,62,37,46	NA	NA	NA	NA	NA
4842	ENSG00000117394.24	SLC2A1	chr1	-	NA	NA	NA	NA	NA	NA	4842	58,32,51	63,63,76	113,103,144	27,49,63	427	149	2.29442687072e-10	9.13599063068509e-9	0.243,0.151,0.19	0.594,0.423,0.444	-0.292	NA	NA	NA	NA	RI	chr1|-|42929209|42929780|42929209|42929314|42929592|42929780	9.13599063068509e-9	-0.292	0.19466666666666665	0.487	343	499	842	NA	NA	NA	NA	42929209	42929314	42929592	42929780	NA	NA	NA	NA	NA	NA	NA	42929209	42929780	7,5,5,24,23,28	5,3,4,8,6,15	46,24,42,81,74,101	63,63,76,27,49,63	NA	NA	NA	NA	NA	4842	chr1	-	NA	NA	NA	NA	NA	NA	4842	32,20,76	38,99,44	75,45,178	36,23,29	427	149	5.71987311812e-5	4.7737205370217e-4	0.227,0.066,0.376	0.421,0.406,0.682	-0.28	NA	NA	NA	NA	4.7737205370217e-4	-0.28	0.223	0.503	309	386	695	NA	NA	NA	NA	42929209	42929314	42929592	42929780	NA	NA	NA	NA	NA	NA	NA	42929209	42929780	9,5,5,22,26,33	1,10,6,11,2,12	22,5,65,42,17,133	38,99,44,36,23,29	NA	NA	NA	NA	NA
4855	ENSG00000143624.14	INTS3	chr1	+	NA	NA	NA	NA	NA	NA	4855	91,79,84	0,0,0	94,61,55	6,0,1	1767	149	1.12550724114e-4	9.0572314995675e-4	1.0,1.0,1.0	0.569,1.0,0.823	0.203	NA	NA	NA	NA	RI	chr1|+|153746956|153748755|153746956|153747070|153748688|153748755	9.0572314995675e-4	0.203	1	0.7973333333333333	254	217	471	NA	NA	NA	NA	153746956	153747070	153748688	153748755	NA	NA	NA	NA	NA	NA	NA	153746956	153748755	22,14,9,24,14,17	44,36,38,50,24,20	25,29,37,20,23,18	0,0,0,6,0,1	NA	NA	NA	NA	NA	4855	chr1	+	NA	NA	NA	NA	NA	NA	4855	114,92,128	0,0,0	103,58,104	5,10,0	1767	149	6.75290755203e-7	1.0817190638384397e-5	1.0,1.0,1.0	0.635,0.328,1.0	0.346	NA	NA	NA	NA	1.0817190638384397e-5	0.346	1	0.6543333333333333	334	280	614	NA	NA	NA	NA	153746956	153747070	153748688	153748755	NA	NA	NA	NA	NA	NA	NA	153746956	153748755	13,28,32,17,11,9	75,45,58,54,25,68	26,19,38,32,22,27	0,0,0,5,10,0	NA	NA	NA	NA	NA
4880	ENSG00000062524.16	LTK	chr15	-	NA	NA	NA	NA	NA	NA	4880	85,109,158	115,262,175	10,58,47	123,113,132	222	149	3.86482424774e-4	0.00255378257404543	0.332,0.218,0.377	0.052,0.256,0.193	0.142	NA	NA	NA	NA	RI	chr15|-|41504341|41504640|41504341|41504432|41504505|41504640	0.00255378257404543	0.142	0.309	0.167	904	483	1387	NA	NA	NA	NA	41504341	41504432	41504505	41504640	NA	NA	NA	NA	NA	NA	NA	41504341	41504640	64,85,109,9,52,37	44,54,87,1,14,32	0,0,0,0,0,0	115,262,175,123,113,132	NA	NA	NA	NA	NA	4880	chr15	-	NA	NA	NA	NA	NA	NA	4880	128,84,111	93,241,213	25,33,19	144,142,149	222	149	2.1157911867e-6	2.9105382634353757e-5	0.48,0.19,0.259	0.104,0.135,0.079	0.204	NA	NA	NA	NA	2.9105382634353757e-5	0.204	0.30966666666666665	0.106	870	512	1382	NA	NA	NA	NA	41504341	41504432	41504505	41504640	NA	NA	NA	NA	NA	NA	NA	41504341	41504640	84,66,95,21,30,9	56,37,44,8,15,12	0,0,0,0,0,0	93,241,213,144,142,149	NA	NA	NA	NA	NA
5003	ENSG00000055118.17	KCNH2	chr7	-	NA	NA	NA	NA	NA	NA	5003	20,23,16	22,31,38	1,2,5	9,15,26	476	149	2.86014173523e-5	2.8106392821202e-4	0.222,0.188,0.116	0.034,0.04,0.057	0.132	NA	NA	NA	NA	RI	chr7|-|150950920|150951835|150950920|150951120|150951447|150951835	2.8106392821202e-4	0.132	0.17533333333333334	0.043666666666666666	150	58	208	NA	NA	NA	NA	150950920	150951120	150951447	150951835	NA	NA	NA	NA	NA	NA	NA	150950920	150951835	9,12,5,0,0,0	1,3,11,1,0,1	10,8,0,0,2,4	22,31,38,9,15,26	NA	NA	NA	NA	NA	5003	chr7	-	NA	NA	NA	NA	NA	NA	5003	26,35,9	66,21,30	1,7,0	21,42,32	476	149	1.61686181332e-7	3.1396233088872927e-6	0.11,0.343,0.086	0.015,0.05,0.0	0.158	NA	NA	NA	NA	3.1396233088872927e-6	0.158	0.17966666666666667	0.021666666666666667	187	103	290	NA	NA	NA	NA	150950920	150951120	150951447	150951835	NA	NA	NA	NA	NA	NA	NA	150950920	150951835	12,19,7,1,1,0	10,16,2,0,6,0	4,0,0,0,0,0	66,21,30,21,42,32	NA	NA	NA	NA	NA
5048	ENSG00000013306.16	SLC25A39	chr17	-	NA	NA	NA	NA	NA	NA	5048	1336,1856,1548	119,57,103	788,866,859	103,124,122	351	149	3.14168691062e-11	1.416531186464841e-9	0.827,0.933,0.864	0.765,0.748,0.749	0.121	NA	NA	NA	NA	RI	chr17|-|44321057|44321558|44321057|44321231|44321433|44321558	1.416531186464841e-9	0.121	0.8746666666666667	0.754	5019	2862	7881	NA	NA	NA	NA	44321057	44321231	44321433	44321558	NA	NA	NA	NA	NA	NA	NA	44321057	44321558	611,810,682,333,366,417	507,637,584,288,287,272	218,409,282,167,213,170	119,57,103,103,124,122	NA	NA	NA	NA	NA	5048	chr17	-	NA	NA	NA	NA	NA	NA	5048	1327,1474,1567	110,112,176	511,894,707	119,117,169	351	149	6.25010414534e-8	1.3725228703166638e-6	0.837,0.848,0.791	0.646,0.764,0.64	0.142	NA	NA	NA	NA	1.3725228703166638e-6	0.142	0.8253333333333334	0.6833333333333333	4766	2517	7283	NA	NA	NA	NA	44321057	44321231	44321433	44321558	NA	NA	NA	NA	NA	NA	NA	44321057	44321558	647,798,790,278,392,305	503,445,560,159,327,186	177,231,217,74,175,216	110,112,176,119,117,169	NA	NA	NA	NA	NA
5111	ENSG00000133226.19	SRRM1	chr1	+	NA	NA	NA	NA	NA	NA	5111	1438,1105,1230	152,258,277	1388,1183,1637	103,114,60	2218	149	2.60635280549e-5	2.5987244558153e-4	0.389,0.223,0.23	0.475,0.411,0.647	-0.23	NA	NA	NA	NA	RI	chr1|+|24646666|24649029|24646666|24646789|24648858|24649029	2.5987244558153e-4	-0.23	0.2806666666666667	0.511	4460	4485	8945	NA	NA	NA	NA	24646666	24646789	24648858	24649029	NA	NA	NA	NA	NA	NA	NA	24646666	24649029	38,41,35,31,49,50	106,106,109,121,84,202	1294,958,1086,1236,1050,1385	152,258,277,103,114,60	NA	NA	NA	NA	NA	5111	chr1	+	NA	NA	NA	NA	NA	NA	5111	1154,1144,1327	140,227,282	1494,1339,1148	83,55,91	2218	149	1.16645693105e-10	4.458375573804398e-9	0.356,0.253,0.24	0.547,0.621,0.459	-0.259	NA	NA	NA	NA	4.458375573804398e-9	-0.259	0.283	0.5423333333333333	4274	4210	8484	NA	NA	NA	NA	24646666	24646789	24648858	24649029	NA	NA	NA	NA	NA	NA	NA	24646666	24649029	33,28,57,47,37,31	70,104,145,130,94,102	1051,1012,1125,1317,1208,1015	140,227,282,83,55,91	NA	NA	NA	NA	NA
5225	ENSG00000143578.16	CREB3L4	chr1	+	NA	NA	NA	NA	NA	NA	5225	24,45,28	3,0,0	12,7,17	0,4,12	284	149	1.55681654526e-4	0.00119032407176238	0.808,1.0,1.0	1.0,0.479,0.426	0.301	NA	NA	NA	NA	RI	chr1|+|153972743|153973078|153972743|153972836|153972971|153973078	0.00119032407176238	0.301	0.936	0.635	100	52	152	NA	NA	NA	NA	153972743	153972836	153972971	153973078	NA	NA	NA	NA	NA	NA	NA	153972743	153973078	10,30,9,5,6,8	14,20,21,9,2,9	0,0,0,0,0,0	3,0,0,0,4,12	NA	NA	NA	NA	NA	5225	chr1	+	NA	NA	NA	NA	NA	NA	5225	46,45,46	0,0,9	4,29,26	2,14,4	284	149	5.9767804183e-4	0.00343423186927818	1.0,1.0,0.728	0.512,0.521,0.773	0.307	NA	NA	NA	NA	0.00343423186927818	0.307	0.9093333333333333	0.602	146	79	225	NA	NA	NA	NA	153972743	153972836	153972971	153973078	NA	NA	NA	NA	NA	NA	NA	153972743	153973078	19,15,21,3,2,9	27,40,30,3,27,18	0,0,0,0,0,0	0,0,9,2,14,4	NA	NA	NA	NA	NA
5232	ENSG00000084623.12	EIF3I	chr1	+	NA	NA	NA	NA	NA	NA	5232	162,85,167	159,178,162	435,441,570	245,170,207	437	149	1.37845290737e-11	6.708470815867331e-10	0.258,0.14,0.26	0.377,0.469,0.484	-0.224	NA	NA	NA	NA	RI	chr1|+|32224033|32224475|32224033|32224121|32224409|32224475	6.708470815867331e-10	-0.224	0.21933333333333335	0.4433333333333333	913	2068	2981	NA	NA	NA	NA	32224033	32224121	32224409	32224475	NA	NA	NA	NA	NA	NA	NA	32224033	32224475	27,33,39,93,106,130	27,13,22,79,87,92	108,39,106,263,248,348	159,178,162,245,170,207	NA	NA	NA	NA	NA	5232	chr1	+	NA	NA	NA	NA	NA	NA	5232	145,172,180	94,154,224	434,357,349	210,169,255	437	149	9.00129271498e-4	0.00485346488444323	0.345,0.276,0.215	0.413,0.419,0.318	-0.105	NA	NA	NA	NA	0.00485346488444323	-0.105	0.2786666666666667	0.3833333333333333	969	1774	2743	NA	NA	NA	NA	32224033	32224121	32224409	32224475	NA	NA	NA	NA	NA	NA	NA	32224033	32224475	30,27,46,134,48,48	29,38,32,58,71,109	86,107,102,242,238,192	94,154,224,210,169,255	NA	NA	NA	NA	NA
5317	ENSG00000116350.18	SRSF4	chr1	-	NA	NA	NA	NA	NA	NA	5317	1292,1149,1381	223,317,327	1408,1650,1893	170,245,335	1037	149	7.47362619522e-4	0.00440656498356625	0.454,0.342,0.378	0.543,0.492,0.448	-0.103	NA	NA	NA	NA	RI	chr1|-|29159373|29160517|29159373|29159486|29160374|29160517	0.00440656498356625	-0.103	0.39133333333333337	0.49433333333333335	4689	5701	10390	NA	NA	NA	NA	29159373	29159486	29160374	29160517	NA	NA	NA	NA	NA	NA	NA	29159373	29160517	481,347,540,622,732,623	194,188,232,108,202,288	617,614,609,678,716,982	223,317,327,170,245,335	NA	NA	NA	NA	NA	5317	chr1	-	NA	NA	NA	NA	NA	NA	5317	819,1134,1033	279,306,446	1394,1375,1340	170,134,272	1037	149	2.53112516502e-8	5.994299949629718e-7	0.297,0.347,0.25	0.541,0.596,0.414	-0.219	NA	NA	NA	NA	5.994299949629718e-7	-0.219	0.298	0.517	4017	4685	8702	NA	NA	NA	NA	29159373	29159486	29160374	29160517	NA	NA	NA	NA	NA	NA	NA	29159373	29160517	347,494,390,553,523,596	83,82,116,221,161,113	389,558,527,620,691,631	279,306,446,170,134,272	NA	NA	NA	NA	NA
5336	ENSG00000092621.13	PHGDH	chr1	+	NA	NA	NA	NA	NA	NA	5336	233,217,280	62,20,57	18,44,106	14,26,40	1058	149	1.51758515439e-4	0.0011646848769361	0.346,0.604,0.409	0.153,0.192,0.272	0.247	NA	NA	NA	NA	RI	chr1|+|119741766|119743044|119741766|119741897|119742806|119743044	0.0011646848769361	0.247	0.45299999999999996	0.20566666666666666	869	248	1117	NA	NA	NA	NA	119741766	119741897	119742806	119743044	NA	NA	NA	NA	NA	NA	NA	119741766	119743044	13,31,43,1,30,26	42,38,11,0,3,6	178,148,226,17,11,74	62,20,57,14,26,40	NA	NA	NA	NA	NA	5336	chr1	+	NA	NA	NA	NA	NA	NA	5336	139,268,208	32,48,82	70,88,50	33,65,47	1058	149	1.6123916079e-6	2.311093016350315e-5	0.38,0.44,0.263	0.23,0.16,0.13	0.188	NA	NA	NA	NA	2.311093016350315e-5	0.188	0.361	0.17333333333333334	777	353	1130	NA	NA	NA	NA	119741766	119741897	119742806	119743044	NA	NA	NA	NA	NA	NA	NA	119741766	119743044	14,18,30,10,2,1	16,43,11,8,19,0	109,207,167,52,67,49	32,48,82,33,65,47	NA	NA	NA	NA	NA
5343	ENSG00000143793.13	C1orf35	chr1	-	NA	NA	NA	NA	NA	NA	5343	116,138,120	42,42,42	12,18,33	13,15,52	244	149	3.08919226866e-8	6.951013448596307e-7	0.628,0.667,0.636	0.36,0.423,0.279	0.29	NA	NA	NA	NA	RI	chr1|-|228102309|228102560|228102309|228102382|228102477|228102560	6.951013448596307e-7	0.29	0.6436666666666667	0.354	500	143	643	NA	NA	NA	NA	228102309	228102382	228102477	228102560	NA	NA	NA	NA	NA	NA	NA	228102309	228102560	104,131,103,12,18,33	13,7,17,1,0,0	0,0,0,0,0,0	42,42,42,13,15,52	NA	NA	NA	NA	NA	5343	chr1	-	NA	NA	NA	NA	NA	NA	5343	139,68,91	63,70,99	5,41,18	58,45,29	244	149	0.00145659351302	0.00729383766594343	0.574,0.372,0.36	0.05,0.357,0.275	0.208	NA	NA	NA	NA	0.00729383766594343	0.208	0.4353333333333333	0.22733333333333333	530	196	726	NA	NA	NA	NA	228102309	228102382	228102477	228102560	NA	NA	NA	NA	NA	NA	NA	228102309	228102560	126,53,91,4,37,18	17,23,3,1,8,0	0,0,0,0,0,0	63,70,99,58,45,29	NA	NA	NA	NA	NA
5399	ENSG00000134222.16	PSRC1	chr1	-	NA	NA	NA	NA	NA	NA	5399	107,92,213	153,194,166	7,11,5	40,48,94	253	149	8.2958084846e-12	4.169663739964525e-10	0.292,0.218,0.43	0.093,0.119,0.03	0.233	NA	NA	NA	NA	RI	chr1|-|109282517|109282731|109282517|109282575|109282679|109282731	4.169663739964525e-10	0.233	0.31333333333333335	0.08066666666666666	925	205	1130	NA	NA	NA	NA	109282517	109282575	109282679	109282731	NA	NA	NA	NA	NA	NA	NA	109282517	109282731	58,48,141,6,2,1	62,58,84,1,10,5	0,0,0,0,0,0	153,194,166,40,48,94	NA	NA	NA	NA	NA	5399	chr1	-	NA	NA	NA	NA	NA	NA	5399	132,147,116	69,165,149	4,19,2	16,42,22	253	149	1.18097329447e-5	1.2712830169882e-4	0.53,0.344,0.314	0.128,0.21,0.051	0.266	NA	NA	NA	NA	1.2712830169882e-4	0.266	0.396	0.12966666666666665	778	105	883	NA	NA	NA	NA	109282517	109282575	109282679	109282731	NA	NA	NA	NA	NA	NA	NA	109282517	109282731	66,97,63,4,5,2	95,63,62,0,19,0	0,6,0,0,0,0	69,165,149,16,42,22	NA	NA	NA	NA	NA
5425	ENSG00000090621.15	PABPC4	chr1	-	NA	NA	NA	NA	NA	NA	5425	1065,959,984	514,565,634	2249,1960,2530	495,549,660	1104	149	0	0	0.219,0.186,0.173	0.38,0.325,0.341	-0.156	NA	NA	NA	NA	RI	chr1|-|39567750|39568939|39567750|39567846|39568801|39568939	0	-0.156	0.19266666666666665	0.3486666666666667	4721	8443	13164	NA	NA	NA	NA	39567750	39567846	39568801	39568939	NA	NA	NA	NA	NA	NA	NA	39567750	39568939	251,266,226,590,473,684	192,181,241,419,385,446	622,512,517,1240,1102,1400	514,565,634,495,549,660	NA	NA	NA	NA	NA	5425	chr1	-	NA	NA	NA	NA	NA	NA	5425	929,853,1181	513,646,711	1875,1678,2121	420,501,547	1104	149	0	0	0.196,0.151,0.183	0.376,0.311,0.344	-0.167	NA	NA	NA	NA	0	-0.167	0.17666666666666667	0.3436666666666667	4833	7142	11975	NA	NA	NA	NA	39567750	39567846	39568801	39568939	NA	NA	NA	NA	NA	NA	NA	39567750	39568939	235,167,266,445,396,425	143,170,259,384,362,505	551,516,656,1046,920,1191	513,646,711,420,501,547	NA	NA	NA	NA	NA
5502	ENSG00000115053.17	NCL	chr2	-	NA	NA	NA	NA	NA	NA	5502	2423,2305,3023	704,889,1107	1916,2646,3352	364,450,773	667	149	2.45410025634e-10	9.58505909036744e-9	0.435,0.367,0.379	0.54,0.568,0.492	-0.14	NA	NA	NA	NA	RI	chr2|-|231457000|231457800|231457000|231457124|231457642|231457800	9.58505909036744e-9	-0.14	0.39366666666666666	0.5333333333333333	10451	9501	19952	NA	NA	NA	NA	231457000	231457124	231457642	231457800	NA	NA	NA	NA	NA	NA	NA	231457000	231457800	416,420,532,288,366,468	563,515,680,481,693,773	1444,1370,1811,1147,1587,2111	704,889,1107,364,450,773	NA	NA	NA	NA	NA	5502	chr2	-	NA	NA	NA	NA	NA	NA	5502	1607,2549,2939	763,1032,1296	1895,2183,2402	373,530,698	667	149	1.83080794969e-9	5.446428181368429e-8	0.32,0.356,0.336	0.532,0.479,0.435	-0.145	NA	NA	NA	NA	5.446428181368429e-8	-0.145	0.3373333333333333	0.482	10186	8081	18267	NA	NA	NA	NA	231457000	231457124	231457642	231457800	NA	NA	NA	NA	NA	NA	NA	231457000	231457800	235,474,502,302,377,433	391,533,656,449,456,472	981,1542,1781,1144,1350,1497	763,1032,1296,373,530,698	NA	NA	NA	NA	NA
5505	ENSG00000115053.17	NCL	chr2	-	NA	NA	NA	NA	NA	NA	5505	1485,1400,1871	861,896,1157	1286,1433,2023	508,450,757	760	149	3.24080329239e-9	9.646896014046349e-8	0.253,0.234,0.241	0.332,0.384,0.344	-0.111	NA	NA	NA	NA	RI	chr2|-|231458265|231459125|231458265|231458389|231459000|231459125	9.646896014046349e-8	-0.111	0.24266666666666667	0.35333333333333333	7670	6457	14127	NA	NA	NA	NA	231458265	231458389	231459000	231459125	NA	NA	NA	NA	NA	NA	NA	231458265	231459125	376,324,453,241,285,429	269,220,361,262,252,409	840,856,1057,783,896,1185	861,896,1157,508,450,757	NA	NA	NA	NA	NA	5505	chr2	-	NA	NA	NA	NA	NA	NA	5505	1010,1515,1492	927,1049,1300	1452,1329,1658	520,582,746	760	149	2.1649348980199997e-14	1.5943953474564365e-12	0.176,0.221,0.184	0.354,0.309,0.303	-0.128	NA	NA	NA	NA	1.5943953474564365e-12	-0.128	0.19366666666666665	0.322	7293	6287	13580	NA	NA	NA	NA	231458265	231458389	231459000	231459125	NA	NA	NA	NA	NA	NA	NA	231458265	231459125	294,362,318,341,345,385	180,169,367,220,298,373	536,984,807,891,686,900	927,1049,1300,520,582,746	NA	NA	NA	NA	NA
5584	ENSG00000178149.17	DALRD3	chr3	-	NA	NA	NA	NA	NA	NA	5584	138,147,165	36,44,39	38,62,67	17,29,52	249	149	2.36518339666e-4	0.00167862321624063	0.696,0.667,0.717	0.572,0.561,0.435	0.171	NA	NA	NA	NA	RI	chr3|-|49015818|49016086|49015818|49015872|49015972|49016086	0.00167862321624063	0.171	0.6933333333333334	0.5226666666666666	569	265	834	NA	NA	NA	NA	49015818	49015872	49015972	49016086	NA	NA	NA	NA	NA	NA	NA	49015818	49016086	76,76,110,30,40,39	54,51,63,13,30,28	22,26,10,0,0,2	36,44,39,17,29,52	NA	NA	NA	NA	NA	5584	chr3	-	NA	NA	NA	NA	NA	NA	5584	102,182,236	24,43,24	28,63,97	18,20,35	249	149	0.00163403394288	0.00800318814359474	0.718,0.717,0.855	0.482,0.653,0.624	0.177	NA	NA	NA	NA	0.00800318814359474	0.177	0.7633333333333333	0.5863333333333334	611	261	872	NA	NA	NA	NA	49015818	49015872	49015972	49016086	NA	NA	NA	NA	NA	NA	NA	49015818	49016086	60,128,123,17,34,53	42,83,125,10,38,34	4,6,2,2,0,10	24,43,24,18,20,35	NA	NA	NA	NA	NA
5604	ENSG00000150093.20	ITGB1	chr10	-	NA	NA	NA	NA	NA	NA	5604	262,194,256	109,134,77	494,373,448	92,87,91	899	149	2.38271208841e-6	3.290718586966243e-5	0.285,0.194,0.355	0.471,0.415,0.449	-0.167	NA	NA	NA	NA	RI	chr10|-|32932514|32933583|32932514|32932600|32933350|32933583	3.290718586966243e-5	-0.167	0.27799999999999997	0.445	1032	1585	2617	NA	NA	NA	NA	32932514	32932600	32933350	32933583	NA	NA	NA	NA	NA	NA	NA	32932514	32933583	23,9,17,65,36,84	40,16,48,111,62,53	199,169,191,318,275,311	109,134,77,92,87,91	NA	NA	NA	NA	NA	5604	chr10	-	NA	NA	NA	NA	NA	NA	5604	91,183,137	36,99,90	571,427,313	70,91,60	899	149	1.47950540708e-11	6.980260276059467e-10	0.295,0.235,0.201	0.575,0.437,0.464	-0.248	NA	NA	NA	NA	6.980260276059467e-10	-0.248	0.24366666666666667	0.492	636	1532	2168	NA	NA	NA	NA	32932514	32932600	32933350	32933583	NA	NA	NA	NA	NA	NA	NA	32932514	32933583	19,54,18,80,55,59	18,34,23,105,79,67	54,95,96,386,293,187	36,99,90,70,91,60	NA	NA	NA	NA	NA
5702	ENSG00000160972.10	PPP1R16A	chr8	+	NA	NA	NA	NA	NA	NA	5702	831,766,715	678,548,750	325,455,492	572,675,809	216	149	3.62355478956e-10	1.380101737241113e-8	0.458,0.491,0.397	0.282,0.317,0.296	0.15	NA	NA	NA	NA	RI	chr8|+|144500095|144500391|144500095|144500199|144500266|144500391	1.380101737241113e-8	0.15	0.44866666666666666	0.29833333333333334	4288	3328	7616	NA	NA	NA	NA	144500095	144500199	144500266	144500391	NA	NA	NA	NA	NA	NA	NA	144500095	144500391	468,408,376,174,252,291	704,677,618,279,373,410	0,0,0,0,0,0	678,548,750,572,675,809	NA	NA	NA	NA	NA	5702	chr8	+	NA	NA	NA	NA	NA	NA	5702	607,764,711	474,709,846	354,414,432	526,697,558	216	149	4.6679624996e-5	4.0099325085468e-4	0.469,0.426,0.367	0.317,0.291,0.348	0.102	NA	NA	NA	NA	4.0099325085468e-4	0.102	0.42066666666666663	0.31866666666666665	4111	2981	7092	NA	NA	NA	NA	144500095	144500199	144500266	144500391	NA	NA	NA	NA	NA	NA	NA	144500095	144500391	304,368,418,226,250,218	495,678,598,273,366,354	0,0,0,0,0,0	474,709,846,526,697,558	NA	NA	NA	NA	NA
5750	ENSG00000177409.12	SAMD9L	chr7	-	NA	NA	NA	NA	NA	NA	5750	58,22,2	0,1,0	0,6,10	4,0,3	991	149	1.56251846106e-6	2.2544384007576283e-5	1.0,0.768,1.0	0.0,1.0,0.334	0.478	NA	NA	NA	NA	RI	chr7|-|93145384|93147146|93145384|93146040|93146882|93147146	2.2544384007576283e-5	0.478	0.9226666666666666	0.44466666666666665	83	23	106	NA	NA	NA	NA	93145384	93146040	93146882	93147146	NA	NA	NA	NA	NA	NA	NA	93145384	93147146	6,0,0,0,0,4	0,0,0,0,6,2	52,22,2,0,0,4	0,1,0,4,0,3	NA	NA	NA	NA	NA	5750	chr7	-	NA	NA	NA	NA	NA	NA	5750	10,2,8	6,0,6	22,16,24	0,0,0	991	149	3.77460459555e-8	8.733654081427758e-7	0.2,1.0,0.167	1.0,1.0,1.0	-0.544	NA	NA	NA	NA	8.733654081427758e-7	-0.544	0.45566666666666666	1	32	62	94	NA	NA	NA	NA	93145384	93146040	93146882	93147146	NA	NA	NA	NA	NA	NA	NA	93145384	93147146	0,0,2,0,7,1	0,1,0,0,0,0	10,1,6,22,9,23	6,0,6,0,0,0	NA	NA	NA	NA	NA
5759	ENSG00000103811.18	CTSH	chr15	-	NA	NA	NA	NA	NA	NA	5759	64,64,92	60,20,35	16,23,14	9,41,72	936	149	7.65408370351e-7	1.2351274018400871e-5	0.145,0.337,0.295	0.221,0.082,0.03	0.148	NA	NA	NA	NA	RI	chr15|-|78921771|78923118|78921771|78922205|78922992|78923118	1.2351274018400871e-5	0.148	0.259	0.111	335	175	510	NA	NA	NA	NA	78921771	78922205	78922992	78923118	NA	NA	NA	NA	NA	NA	NA	78921771	78923118	10,1,15,6,10,3	15,6,2,1,0,3	39,57,75,9,13,8	60,20,35,9,41,72	NA	NA	NA	NA	NA	5759	chr15	-	NA	NA	NA	NA	NA	NA	5759	41,79,88	20,45,58	13,21,43	11,40,68	936	149	1.82531021686e-6	2.5754785980414817e-5	0.246,0.218,0.195	0.158,0.077,0.091	0.111	NA	NA	NA	NA	2.5754785980414817e-5	0.111	0.21966666666666668	0.10866666666666666	331	196	527	NA	NA	NA	NA	78921771	78922205	78922992	78923118	NA	NA	NA	NA	NA	NA	NA	78921771	78923118	7,5,23,4,1,15	8,7,20,6,1,5	26,67,45,3,19,23	20,45,58,11,40,68	NA	NA	NA	NA	NA
5856	ENSG00000128159.12	TUBGCP6	chr22	-	NA	NA	NA	NA	NA	NA	5856	207,273,167	184,143,141	45,62,47	174,179,194	336	149	0	0	0.333,0.458,0.344	0.103,0.133,0.097	0.267	NA	NA	NA	NA	RI	chr22|-|50219287|50219791|50219287|50219456|50219643|50219791	0	0.267	0.37833333333333335	0.111	1115	701	1816	NA	NA	NA	NA	50219287	50219456	50219643	50219791	NA	NA	NA	NA	NA	NA	NA	50219287	50219791	73,75,92,2,22,25	109,146,63,36,33,19	25,52,12,7,7,3	184,143,141,174,179,194	NA	NA	NA	NA	NA	5856	chr22	-	NA	NA	NA	NA	NA	NA	5856	100,144,178	119,163,184	21,67,81	153,191,159	336	149	3.9388270423e-11	1.6751110217218095e-9	0.271,0.281,0.3	0.057,0.135,0.184	0.159	NA	NA	NA	NA	1.6751110217218095e-9	0.159	0.28400000000000003	0.12533333333333332	888	672	1560	NA	NA	NA	NA	50219287	50219456	50219643	50219791	NA	NA	NA	NA	NA	NA	NA	50219287	50219791	29,72,89,11,27,12	68,62,76,10,40,48	3,10,13,0,0,21	119,163,184,153,191,159	NA	NA	NA	NA	NA
5865	ENSG00000241370.6	RPP21	chr6	+	NA	NA	NA	NA	NA	NA	5865	11,19,35	2,4,13	15,17,15	1,0,2	217	149	2.55210605899e-4	0.00179261332803283	0.791,0.765,0.649	0.912,1.0,0.837	-0.181	NA	NA	NA	NA	RI	chr6|+|30345297|30345573|30345297|30345398|30345466|30345573	0.00179261332803283	-0.181	0.735	0.9163333333333333	84	50	134	NA	NA	NA	NA	30345297	30345398	30345466	30345573	NA	NA	NA	NA	NA	NA	NA	30345297	30345573	2,6,9,7,4,11	9,14,28,11,13,7	0,0,0,0,0,0	2,4,13,1,0,2	NA	NA	NA	NA	NA	5865	chr6	+	NA	NA	NA	NA	NA	NA	5865	23,38,28	0,0,0	18,9,37	1,8,0	217	149	8.50616297448e-4	0.00463198541053965	1.0,1.0,1.0	0.925,0.436,1.0	0.213	NA	NA	NA	NA	0.00463198541053965	0.213	1	0.787	89	73	162	NA	NA	NA	NA	30345297	30345398	30345466	30345573	NA	NA	NA	NA	NA	NA	NA	30345297	30345573	15,22,11,2,2,16	8,20,17,16,9,24	0,0,0,0,0,0	0,0,0,1,8,0	NA	NA	NA	NA	NA
5982	ENSG00000066279.19	ASPM	chr1	-	NA	NA	NA	NA	NA	NA	5982	22,50,61	52,36,48	15,10,25	59,38,54	670	149	7.67288967063e-6	8.97903806494335e-5	0.086,0.236,0.22	0.054,0.055,0.093	0.113	NA	NA	NA	NA	RI	chr1|-|197128489|197129317|197128489|197128665|197129186|197129317	8.97903806494335e-5	0.113	0.18066666666666667	0.06733333333333333	269	201	470	NA	NA	NA	NA	197128489	197128665	197129186	197129317	NA	NA	NA	NA	NA	NA	NA	197128489	197129317	9,23,5,5,2,13	8,13,9,8,4,3	5,14,47,2,4,9	52,36,48,59,38,54	NA	NA	NA	NA	NA	5982	chr1	-	NA	NA	NA	NA	NA	NA	5982	18,16,30	38,38,76	18,62,13	32,26,15	670	149	9.0831935904e-4	0.00489325656489077	0.095,0.086,0.081	0.111,0.347,0.162	-0.119	NA	NA	NA	NA	0.00489325656489077	-0.119	0.08733333333333333	0.20666666666666667	216	166	382	NA	NA	NA	NA	197128489	197128665	197129186	197129317	NA	NA	NA	NA	NA	NA	NA	197128489	197129317	2,0,4,0,18,5	8,4,9,10,17,3	8,12,17,8,27,5	38,38,76,32,26,15	NA	NA	NA	NA	NA
6081	ENSG00000092203.15	TOX4	chr14	+	NA	NA	NA	NA	NA	NA	6081	275,326,357	11,39,58	346,283,583	7,5,23	1045	149	8.52392994358e-5	7.0920947644548e-4	0.781,0.544,0.467	0.876,0.89,0.783	-0.252	NA	NA	NA	NA	RI	chr14|+|21487450|21488850|21487450|21487693|21488589|21488850	7.0920947644548e-4	-0.252	0.5973333333333334	0.8496666666666667	1066	1247	2313	NA	NA	NA	NA	21487450	21487693	21488589	21488850	NA	NA	NA	NA	NA	NA	NA	21487450	21488850	32,31,30,33,10,60	9,22,0,16,19,30	234,273,327,297,254,493	11,39,58,7,5,23	NA	NA	NA	NA	NA	6081	chr14	+	NA	NA	NA	NA	NA	NA	6081	172,230,269	23,25,8	381,306,337	6,4,6	1045	149	3.66661200202e-6	4.691243618686182e-5	0.516,0.567,0.827	0.901,0.916,0.889	-0.265	NA	NA	NA	NA	4.691243618686182e-5	-0.265	0.6366666666666666	0.902	727	1040	1767	NA	NA	NA	NA	21487450	21487693	21488589	21488850	NA	NA	NA	NA	NA	NA	NA	21487450	21488850	7,39,32,32,39,46	8,10,3,29,29,23	157,181,234,320,238,268	23,25,8,6,4,6	NA	NA	NA	NA	NA
6164	ENSG00000135749.20	PCNX2	chr1	-	NA	NA	NA	NA	NA	NA	6164	436,385,608	5,16,24	336,412,509	24,47,26	1763	149	0.00123882196244	0.00659987512917643	0.881,0.67,0.682	0.542,0.426,0.623	0.214	NA	NA	NA	NA	RI	chr1|-|232984135|232986540|232984135|232984477|232986091|232986540	0.00659987512917643	0.214	0.7443333333333334	0.5303333333333333	1474	1354	2828	NA	NA	NA	NA	232984135	232984477	232986091	232986540	NA	NA	NA	NA	NA	NA	NA	232984135	232986540	54,33,99,13,26,36	24,15,16,15,14,14	358,337,493,308,372,459	5,16,24,24,47,26	NA	NA	NA	NA	NA	6164	chr1	-	NA	NA	NA	NA	NA	NA	6164	362,581,471	10,30,28	303,303,359	27,29,52	1763	149	1.41085778728e-4	0.00101609817424649	0.754,0.621,0.587	0.487,0.469,0.368	0.213	NA	NA	NA	NA	0.00101609817424649	0.213	0.654	0.4413333333333333	1482	1073	2555	NA	NA	NA	NA	232984135	232984477	232986091	232986540	NA	NA	NA	NA	NA	NA	NA	232984135	232986540	43,44,21,23,34,58	5,38,22,25,12,10	314,499,428,255,257,291	10,30,28,27,29,52	NA	NA	NA	NA	NA
6218	ENSG00000075785.14	RAB7A	chr3	+	NA	NA	NA	NA	NA	NA	6218	357,228,321	61,103,108	725,465,794	111,88,96	1101	149	8.69957573357e-4	0.00498558863535058	0.442,0.231,0.287	0.469,0.417,0.528	-0.151	NA	NA	NA	NA	RI	chr3|+|128806371|128807671|128806371|128806590|128807542|128807671	0.00498558863535058	-0.151	0.32	0.4713333333333333	1178	2279	3457	NA	NA	NA	NA	128806371	128806590	128807542	128807671	NA	NA	NA	NA	NA	NA	NA	128806371	128807671	30,14,36,90,54,51	65,82,82,108,38,161	262,132,203,527,373,582	61,103,108,111,88,96	NA	NA	NA	NA	NA	6218	chr3	+	NA	NA	NA	NA	NA	NA	6218	235,221,301	37,64,129	752,495,695	73,48,101	1101	149	3.17041668551e-5	2.9637997467174e-4	0.462,0.318,0.24	0.582,0.583,0.482	-0.209	NA	NA	NA	NA	2.9637997467174e-4	-0.209	0.34	0.5489999999999999	987	2164	3151	NA	NA	NA	NA	128806371	128806590	128807542	128807671	NA	NA	NA	NA	NA	NA	NA	128806371	128807671	13,37,15,93,30,95	27,47,72,141,140,110	195,137,214,518,325,490	37,64,129,73,48,101	NA	NA	NA	NA	NA
6276	ENSG00000162736.18	NCSTN	chr1	+	NA	NA	NA	NA	NA	NA	6276	249,193,270	66,106,120	234,270,242	62,49,57	1029	149	5.95038753327e-4	0.00365243006546663	0.353,0.209,0.246	0.353,0.444,0.381	-0.123	NA	NA	NA	NA	RI	chr1|+|160353159|160354290|160353159|160353237|160354117|160354290	0.00365243006546663	-0.123	0.2693333333333333	0.39266666666666666	1004	914	1918	NA	NA	NA	NA	160353159	160353237	160354117	160354290	NA	NA	NA	NA	NA	NA	NA	160353159	160354290	25,18,52,28,70,41	27,16,35,13,31,34	197,159,183,193,169,167	66,106,120,62,49,57	NA	NA	NA	NA	NA	6276	chr1	+	NA	NA	NA	NA	NA	NA	6276	159,250,237	77,122,76	269,204,266	49,62,54	1029	149	8.09849443171e-5	6.4182162563119e-4	0.23,0.229,0.311	0.443,0.323,0.416	-0.137	NA	NA	NA	NA	6.4182162563119e-4	-0.137	0.25666666666666665	0.394	921	904	1825	NA	NA	NA	NA	160353159	160353237	160354117	160354290	NA	NA	NA	NA	NA	NA	NA	160353159	160354290	51,26,52,60,38,46	20,18,24,48,35,37	88,206,161,161,131,183	77,122,76,49,62,54	NA	NA	NA	NA	NA
6342	ENSG00000173846.13	PLK3	chr1	+	NA	NA	NA	NA	NA	NA	6342	68,85,106	25,26,37	42,41,34	34,34,29	297	149	6.80757247296e-6	8.089929148098978e-5	0.577,0.621,0.59	0.383,0.377,0.37	0.219	NA	NA	NA	NA	RI	chr1|+|44804338|44804779|44804338|44804501|44804649|44804779	8.089929148098978e-5	0.219	0.596	0.37666666666666665	347	214	561	NA	NA	NA	NA	44804338	44804501	44804649	44804779	NA	NA	NA	NA	NA	NA	NA	44804338	44804779	30,52,37,28,32,8	38,33,69,14,9,26	0,0,0,0,0,0	25,26,37,34,34,29	NA	NA	NA	NA	NA	6342	chr1	+	NA	NA	NA	NA	NA	NA	6342	126,94,100	32,23,54	62,77,53	46,67,47	297	149	4.85599042316e-5	4.1361531968213e-4	0.664,0.672,0.482	0.403,0.366,0.361	0.229	NA	NA	NA	NA	4.1361531968213e-4	0.229	0.606	0.37666666666666665	429	352	781	NA	NA	NA	NA	44804338	44804501	44804649	44804779	NA	NA	NA	NA	NA	NA	NA	44804338	44804779	46,68,41,33,18,8	80,30,60,29,59,45	0,0,0,0,0,0	32,23,54,46,67,47	NA	NA	NA	NA	NA
6413	ENSG00000145495.17	MARCHF6	chr5	+	NA	NA	NA	NA	NA	NA	6413	3506,2847,2892	59,82,49	2522,2716,4129	19,25,16	1365	149	1.0862422072900002e-12	6.796772668471715e-11	0.866,0.791,0.866	0.935,0.922,0.966	-0.1	NA	NA	NA	NA	RI	chr5|+|10400783|10402139|10400783|10400842|10402058|10402139	6.796772668471715e-11	-0.1	0.841	0.9410000000000001	9435	9427	18862	NA	NA	NA	NA	10400783	10400842	10402058	10402139	NA	NA	NA	NA	NA	NA	NA	10400783	10402139	471,370,262,339,324,404	321,299,351,255,293,390	2714,2178,2279,1928,2099,3335	59,82,49,19,25,16	NA	NA	NA	NA	NA	6413	chr5	+	NA	NA	NA	NA	NA	NA	6413	2028,2794,3075	79,103,51	2916,2822,2736	67,20,14	1365	149	3.30223483558e-7	5.952894379721677e-6	0.737,0.748,0.868	0.826,0.939,0.955	-0.122	NA	NA	NA	NA	5.952894379721677e-6	-0.122	0.7843333333333333	0.9066666666666666	8130	8575	16705	NA	NA	NA	NA	10400783	10400842	10402058	10402139	NA	NA	NA	NA	NA	NA	NA	10400783	10402139	212,268,405,333,332,331	244,263,330,320,308,253	1572,2263,2340,2263,2182,2152	79,103,51,67,20,14	NA	NA	NA	NA	NA
6436	ENSG00000125835.20	SNRPB	chr20	-	NA	NA	NA	NA	NA	NA	6436	2515,2230,2917	385,340,517	4698,4689,5944	342,303,507	1936	149	0	0	0.335,0.335,0.303	0.514,0.544,0.474	-0.186	NA	NA	NA	NA	RI	chr20|-|2465707|2467758|2465707|2465819|2467606|2467758	0	-0.186	0.32433333333333336	0.5106666666666667	8904	16483	25387	NA	NA	NA	NA	2465707	2465819	2467606	2467758	NA	NA	NA	NA	NA	NA	NA	2465707	2467758	180,161,166,422,409,599	169,119,103,245,184,241	2166,1950,2648,4031,4096,5104	385,340,517,342,303,507	NA	NA	NA	NA	NA	6436	chr20	-	NA	NA	NA	NA	NA	NA	6436	2091,2145,2855	345,430,536	4056,4287,5259	208,269,404	1936	149	0	0	0.318,0.277,0.291	0.6,0.551,0.5	-0.255	NA	NA	NA	NA	0	-0.255	0.29533333333333334	0.5503333333333333	8402	14483	22885	NA	NA	NA	NA	2465707	2465819	2467606	2467758	NA	NA	NA	NA	NA	NA	NA	2465707	2467758	179,183,211,321,330,449	154,121,173,207,179,193	1758,1841,2471,3528,3778,4617	345,430,536,208,269,404	NA	NA	NA	NA	NA
6440	ENSG00000173818.17	ENDOV	chr17	+	NA	NA	NA	NA	NA	NA	6440	12,29,18	0,0,0	3,13,11	0,1,5	280	149	0.00126836497228	0.00672130438442269	1.0,1.0,1.0	1.0,0.874,0.539	0.196	NA	NA	NA	NA	RI	chr17|+|80415452|80415821|80415452|80415518|80415649|80415821	0.00672130438442269	0.196	1	0.8043333333333333	59	33	92	NA	NA	NA	NA	80415452	80415518	80415649	80415821	NA	NA	NA	NA	NA	NA	NA	80415452	80415821	10,6,0,0,6,8	6,23,18,3,8,5	0,0,0,0,0,0	0,0,0,0,1,5	NA	NA	NA	NA	NA	6440	chr17	+	NA	NA	NA	NA	NA	NA	6440	53,9,25	0,0,0	6,15,22	4,3,0	280	149	1.41644463736e-4	0.00101717405410817	1.0,1.0,1.0	0.444,0.727,1.0	0.276	NA	NA	NA	NA	0.00101717405410817	0.276	1	0.7236666666666667	87	50	137	NA	NA	NA	NA	80415452	80415518	80415649	80415821	NA	NA	NA	NA	NA	NA	NA	80415452	80415821	11,9,14,6,6,4	53,3,11,0,9,18	0,0,0,0,0,0	0,0,0,4,3,0	NA	NA	NA	NA	NA
6465	ENSG00000108591.10	DRG2	chr17	+	NA	NA	NA	NA	NA	NA	6465	276,308,317	180,101,109	122,144,164	116,123,125	704	149	2.02075338781e-5	2.0860706690321e-4	0.245,0.392,0.381	0.182,0.199,0.217	0.14	NA	NA	NA	NA	RI	chr17|+|18099016|18100435|18099016|18099077|18099632|18100435	2.0860706690321e-4	0.14	0.3393333333333333	0.19933333333333333	1291	794	2085	NA	NA	NA	NA	18099016	18099077	18099632	18100435	NA	NA	NA	NA	NA	NA	NA	18099016	18100435	21,49,26,12,22,7	94,83,106,29,47,32	161,176,185,81,75,125	180,101,109,116,123,125	NA	NA	NA	NA	NA	6465	chr17	+	NA	NA	NA	NA	NA	NA	6465	255,269,311	93,161,151	111,127,141	82,178,111	704	149	1.59103830921e-6	2.28768579745695e-5	0.367,0.261,0.304	0.223,0.131,0.212	0.122	NA	NA	NA	NA	2.28768579745695e-5	0.122	0.31066666666666665	0.18866666666666668	1240	750	1990	NA	NA	NA	NA	18099016	18099077	18099632	18100435	NA	NA	NA	NA	NA	NA	NA	18099016	18100435	27,27,16,16,8,3	41,64,80,14,23,39	187,178,215,81,96,99	93,161,151,82,178,111	NA	NA	NA	NA	NA
6594	ENSG00000198034.11	RPS4X	chrX	-	NA	NA	NA	NA	NA	NA	6594	6916,6311,7863	901,851,1149	10238,10630,15432	619,700,990	1229	149	0	0	0.482,0.473,0.453	0.667,0.648,0.654	-0.187	NA	NA	NA	NA	RI	chrX|-|72273800|72275150|72273800|72273972|72275052|72275150	0	-0.187	0.4693333333333333	0.6563333333333333	23991	38609	62600	NA	NA	NA	NA	72273800	72273972	72275052	72275150	NA	NA	NA	NA	NA	NA	NA	72273800	72275150	739,860,1029,1327,1425,1939	476,372,620,779,680,933	5701,5079,6214,8132,8525,12560	901,851,1149,619,700,990	NA	NA	NA	NA	NA	6594	chrX	-	NA	NA	NA	NA	NA	NA	6594	4363,6200,7651	878,1020,1320	9501,10387,11992	584,591,984	1229	149	0	0	0.376,0.424,0.413	0.664,0.681,0.596	-0.243	NA	NA	NA	NA	0	-0.243	0.4043333333333333	0.647	21432	34039	55471	NA	NA	NA	NA	72273800	72273972	72275052	72275150	NA	NA	NA	NA	NA	NA	NA	72273800	72275150	536,974,1060,1355,1477,1604	275,339,544,672,659,832	3552,4887,6047,7474,8251,9556	878,1020,1320,584,591,984	NA	NA	NA	NA	NA
6619	ENSG00000007202.16	BLTP2	chr17	-	NA	NA	NA	NA	NA	NA	6619	139,142,108	129,86,97	40,14,21	139,86,60	447	149	0	0	0.264,0.355,0.271	0.088,0.051,0.104	0.216	NA	NA	NA	NA	RI	chr17|-|28643163|28643659|28643163|28643311|28643609|28643659	0	0.216	0.2966666666666667	0.08099999999999999	701	360	1061	NA	NA	NA	NA	28643163	28643311	28643609	28643659	NA	NA	NA	NA	NA	NA	NA	28643163	28643659	36,22,19,14,0,4	31,60,28,5,1,5	72,60,61,21,13,12	129,86,97,139,86,60	NA	NA	NA	NA	NA	6619	chr17	-	NA	NA	NA	NA	NA	NA	6619	133,118,138	147,90,153	36,27,5	134,86,56	447	149	0	0	0.232,0.304,0.231	0.082,0.095,0.029	0.187	NA	NA	NA	NA	0	0.187	0.25566666666666665	0.06866666666666667	779	344	1123	NA	NA	NA	NA	28643163	28643311	28643609	28643659	NA	NA	NA	NA	NA	NA	NA	28643163	28643659	10,41,29,5,6,0	62,40,45,14,11,0	61,37,64,17,10,5	147,90,153,134,86,56	NA	NA	NA	NA	NA
6629	ENSG00000169223.16	LMAN2	chr5	-	NA	NA	NA	NA	NA	NA	6629	361,471,606	98,182,91	623,684,766	64,45,78	2881	149	5.77493719511e-10	2.0708722152289193e-8	0.16,0.118,0.256	0.335,0.44,0.337	-0.193	NA	NA	NA	NA	RI	chr5|-|177334283|177337250|177334283|177334403|177337135|177337250	2.0708722152289193e-8	-0.193	0.178	0.3706666666666667	1809	2260	4069	NA	NA	NA	NA	177334283	177334403	177337135	177337250	NA	NA	NA	NA	NA	NA	NA	177334283	177337250	27,17,54,47,54,65	13,2,13,52,14,44	321,452,539,524,616,657	98,182,91,64,45,78	NA	NA	NA	NA	NA	6629	chr5	-	NA	NA	NA	NA	NA	NA	6629	331,480,593	114,225,149	612,699,760	70,89,122	2881	149	3.33066907388e-16	3.35231842286022e-14	0.131,0.099,0.171	0.311,0.289,0.244	-0.148	NA	NA	NA	NA	3.35231842286022e-14	-0.148	0.13366666666666668	0.2813333333333333	1892	2352	4244	NA	NA	NA	NA	177334283	177334403	177337135	177337250	NA	NA	NA	NA	NA	NA	NA	177334283	177337250	20,60,35,69,82,66	8,21,11,29,14,12	303,399,547,514,603,682	114,225,149,70,89,122	NA	NA	NA	NA	NA
6643	ENSG00000133706.20	LARS1	chr5	-	NA	NA	NA	NA	NA	NA	6643	1228,1024,1272	199,189,251	1167,1197,1497	131,116,182	1937	149	2.74314575199e-6	3.746318430111955e-5	0.322,0.294,0.28	0.407,0.443,0.388	-0.114	NA	NA	NA	NA	RI	chr5|-|146130017|146133081|146130017|146131109|146132897|146133081	3.746318430111955e-5	-0.114	0.2986666666666667	0.4126666666666667	4163	4290	8453	NA	NA	NA	NA	146130017	146131109	146132897	146133081	NA	NA	NA	NA	NA	NA	NA	146130017	146133081	62,37,125,97,54,88	86,22,72,50,68,74	1080,965,1075,1020,1075,1335	199,189,251,131,116,182	NA	NA	NA	NA	NA	6643	chr5	-	NA	NA	NA	NA	NA	NA	6643	1024,1031,1421	188,265,222	1025,1123,1258	121,120,187	1937	149	1.1905936106e-4	8.8875090413021e-4	0.295,0.23,0.33	0.395,0.419,0.341	-0.1	NA	NA	NA	NA	8.8875090413021e-4	-0.1	0.28500000000000003	0.385	4151	3834	7985	NA	NA	NA	NA	146130017	146131109	146132897	146133081	NA	NA	NA	NA	NA	NA	NA	146130017	146133081	71,76,101,49,91,105	27,54,61,51,41,117	926,901,1259,925,991,1036	188,265,222,121,120,187	NA	NA	NA	NA	NA
6658	ENSG00000106290.16	TAF6	chr7	-	NA	NA	NA	NA	NA	NA	6658	264,189,252	52,19,55	48,130,121	30,42,40	359	149	4.43330752759e-4	0.00286158334307177	0.678,0.805,0.655	0.399,0.562,0.557	0.207	NA	NA	NA	NA	RI	chr7|-|100113348|100113769|100113348|100113405|100113615|100113769	0.00286158334307177	0.207	0.7126666666666667	0.506	831	411	1242	NA	NA	NA	NA	100113348	100113405	100113615	100113769	NA	NA	NA	NA	NA	NA	NA	100113348	100113769	146,104,147,34,66,46	27,32,59,9,40,45	91,53,46,5,24,30	52,19,55,30,42,40	NA	NA	NA	NA	NA	6658	chr7	-	NA	NA	NA	NA	NA	NA	6658	282,241,311	42,63,85	68,38,85	70,39,22	359	149	0.0011880971678	0.00613452065276346	0.736,0.614,0.603	0.287,0.288,0.616	0.254	NA	NA	NA	NA	0.00613452065276346	0.254	0.651	0.39699999999999996	1024	322	1346	NA	NA	NA	NA	100113348	100113405	100113615	100113769	NA	NA	NA	NA	NA	NA	NA	100113348	100113769	152,105,173,28,14,51	30,59,54,13,11,1	100,77,84,27,13,33	42,63,85,70,39,22	NA	NA	NA	NA	NA
6675	ENSG00000102393.15	GLA	chrX	-	NA	NA	NA	NA	NA	NA	6675	270,304,359	102,142,151	328,307,448	44,86,96	1023	149	3.14376008947e-5	3.0454244658183e-4	0.278,0.238,0.257	0.521,0.342,0.405	-0.165	NA	NA	NA	NA	RI	chrX|-|101400665|101401809|101400665|101400757|101401631|101401809	3.0454244658183e-4	-0.165	0.25766666666666665	0.4226666666666667	1328	1309	2637	NA	NA	NA	NA	101400665	101400757	101401631	101401809	NA	NA	NA	NA	NA	NA	NA	101400665	101401809	43,26,58,52,54,64	29,77,45,69,59,83	198,201,256,207,194,301	102,142,151,44,86,96	NA	NA	NA	NA	NA	6675	chrX	-	NA	NA	NA	NA	NA	NA	6675	209,415,375	82,180,132	222,396,351	59,72,56	1023	149	3.35129995965e-6	4.315245299856365e-5	0.271,0.251,0.293	0.354,0.445,0.477	-0.154	NA	NA	NA	NA	4.315245299856365e-5	-0.154	0.27166666666666667	0.42533333333333334	1393	1156	2549	NA	NA	NA	NA	101400665	101400757	101401631	101401809	NA	NA	NA	NA	NA	NA	NA	101400665	101401809	42,51,39,31,61,63	44,70,76,38,75,51	123,294,260,153,260,237	82,180,132,59,72,56	NA	NA	NA	NA	NA
6712	ENSG00000170791.18	CHCHD7	chr8	+	NA	NA	NA	NA	NA	NA	6712	410,340,382	25,32,41	568,469,755	14,3,23	2909	149	9.68245193245e-7	1.5065526843384242e-5	0.457,0.352,0.323	0.675,0.889,0.627	-0.353	NA	NA	NA	NA	RI	chr8|+|56211788|56214667|56211788|56211837|56214597|56214667	1.5065526843384242e-5	-0.353	0.37733333333333335	0.7303333333333334	1230	1832	3062	NA	NA	NA	NA	56211788	56211837	56214597	56214667	NA	NA	NA	NA	NA	NA	NA	56211788	56214667	13,12,15,13,31,31	47,13,38,22,46,67	350,315,329,533,392,657	25,32,41,14,3,23	NA	NA	NA	NA	NA	6712	chr8	+	NA	NA	NA	NA	NA	NA	6712	415,290,489	24,18,18	776,562,641	9,14,6	2909	149	5.97602540198e-6	7.146379683674698e-5	0.47,0.452,0.582	0.815,0.673,0.845	-0.276	NA	NA	NA	NA	7.146379683674698e-5	-0.276	0.5013333333333333	0.7776666666666666	1254	2008	3262	NA	NA	NA	NA	56211788	56211837	56214597	56214667	NA	NA	NA	NA	NA	NA	NA	56211788	56214667	26,6,7,24,18,16	22,28,26,43,43,56	367,256,456,709,501,569	24,18,18,9,14,6	NA	NA	NA	NA	NA
6719	ENSG00000008710.20	PKD1	chr16	-	NA	NA	NA	NA	NA	NA	6719	129,85,70	47,66,30	49,78,61	66,55,72	539	149	7.23460003839e-4	0.00428623839955627	0.431,0.263,0.392	0.17,0.282,0.19	0.148	NA	NA	NA	NA	RI	chr16|-|2105321|2106024|2105321|2105474|2105864|2106024	0.00428623839955627	0.148	0.362	0.214	427	381	808	NA	NA	NA	NA	2105321	2105474	2105864	2106024	NA	NA	NA	NA	NA	NA	NA	2105321	2106024	53,31,31,18,35,19	31,13,20,4,14,6	45,41,19,27,29,36	47,66,30,66,55,72	NA	NA	NA	NA	NA	6719	chr16	-	NA	NA	NA	NA	NA	NA	6719	126,100,109	18,54,38	52,69,62	58,64,33	539	149	0.00120631509651	0.00622112456688632	0.659,0.339,0.442	0.199,0.23,0.342	0.223	NA	NA	NA	NA	0.00622112456688632	0.223	0.48000000000000004	0.257	445	338	783	NA	NA	NA	NA	2105321	2105474	2105864	2106024	NA	NA	NA	NA	NA	NA	NA	2105321	2106024	41,48,64,25,14,37	17,22,11,7,19,0	68,30,34,20,36,25	18,54,38,58,64,33	NA	NA	NA	NA	NA
6773	ENSG00000197694.19	SPTAN1	chr9	+	NA	NA	NA	NA	NA	NA	6773	529,405,277	375,245,318	533,375,599	150,144,201	1242	149	3.33066907388e-16	3.5213211656952e-14	0.145,0.165,0.095	0.299,0.238,0.263	-0.132	NA	NA	NA	NA	RI	chr9|+|128598962|128600115|128598962|128598986|128600079|128600115	3.5213211656952e-14	-0.132	0.135	0.26666666666666666	2149	2002	4151	NA	NA	NA	NA	128598962	128598986	128600079	128600115	NA	NA	NA	NA	NA	NA	NA	128598962	128600115	218,31,63,178,117,188	58,78,94,51,69,80	253,296,120,304,189,331	375,245,318,150,144,201	NA	NA	NA	NA	NA	6773	chr9	+	NA	NA	NA	NA	NA	NA	6773	353,505,365	332,436,365	605,400,396	152,178,181	1242	149	2.34579022873e-12	1.23184584272178e-10	0.113,0.122,0.107	0.323,0.212,0.208	-0.134	NA	NA	NA	NA	1.23184584272178e-10	-0.134	0.114	0.24766666666666667	2356	1912	4268	NA	NA	NA	NA	128598962	128598986	128600079	128600115	NA	NA	NA	NA	NA	NA	NA	128598962	128600115	115,160,167,191,101,100	38,56,57,113,73,66	200,289,141,301,226,230	332,436,365,152,178,181	NA	NA	NA	NA	NA
6829	ENSG00000075624.17	ACTB	chr7	-	NA	NA	NA	NA	NA	NA	6829	2001,2060,2719	553,570,846	4389,4622,6137	679,726,1026	590	149	2.60129695562e-11	1.1903845471538686e-9	0.477,0.477,0.448	0.62,0.617,0.602	-0.146	NA	NA	NA	NA	RI	chr7|-|5528280|5529400|5528280|5528719|5529160|5529400	1.1903845471538686e-9	-0.146	0.4673333333333333	0.613	8749	17579	26328	NA	NA	NA	NA	5528280	5528719	5529160	5529400	NA	NA	NA	NA	NA	NA	NA	5528280	5529400	419,500,622,974,1044,1522	273,189,322,554,608,880	1309,1371,1775,2861,2970,3735	553,570,846,679,726,1026	NA	NA	NA	NA	NA	6829	chr7	-	NA	NA	NA	NA	NA	NA	6829	1707,1712,2810	728,685,956	3667,4099,4976	549,680,1055	590	149	0	0	0.372,0.387,0.426	0.628,0.604,0.544	-0.197	NA	NA	NA	NA	0	-0.197	0.395	0.592	8598	15026	23624	NA	NA	NA	NA	5528280	5528719	5529160	5529400	NA	NA	NA	NA	NA	NA	NA	5528280	5529400	431,417,601,768,976,1095	206,225,373,403,456,725	1070,1070,1836,2496,2667,3156	728,685,956,549,680,1055	NA	NA	NA	NA	NA
6885	ENSG00000042493.16	CAPG	chr2	-	NA	NA	NA	NA	NA	NA	6885	27,36,15	23,13,28	7,6,1	28,29,22	314	149	1.23119858508e-6	1.8192071623398935e-5	0.358,0.568,0.203	0.106,0.089,0.021	0.304	NA	NA	NA	NA	RI	chr2|-|85401784|85402158|85401784|85401957|85402122|85402158	1.8192071623398935e-5	0.304	0.3763333333333333	0.072	142	93	235	NA	NA	NA	NA	85401784	85401957	85402122	85402158	NA	NA	NA	NA	NA	NA	NA	85401784	85402158	14,8,1,4,6,1	12,25,6,3,0,0	1,3,8,0,0,0	23,13,28,28,29,22	NA	NA	NA	NA	NA	6885	chr2	-	NA	NA	NA	NA	NA	NA	6885	40,44,28	62,23,62	16,5,5	25,39,43	314	149	6.27529313298e-4	0.00357562274040348	0.234,0.476,0.176	0.233,0.057,0.052	0.181	NA	NA	NA	NA	0.00357562274040348	0.181	0.29533333333333334	0.114	259	133	392	NA	NA	NA	NA	85401784	85401957	85402122	85402158	NA	NA	NA	NA	NA	NA	NA	85401784	85402158	2,19,11,12,0,2	32,16,17,4,5,3	6,9,0,0,0,0	62,23,62,25,39,43	NA	NA	NA	NA	NA
6966	ENSG00000204351.13	SKIC2	chr6	+	NA	NA	NA	NA	NA	NA	6966	64,125,190	85,74,100	33,80,102	73,114,143	394	149	2.46496042785e-4	0.0017393713859121	0.222,0.39,0.418	0.146,0.21,0.212	0.154	NA	NA	NA	NA	RI	chr6|+|31967955|31968538|31967955|31968082|31968327|31968538	0.0017393713859121	0.154	0.3433333333333333	0.18933333333333333	638	545	1183	NA	NA	NA	NA	31967955	31968082	31968327	31968538	NA	NA	NA	NA	NA	NA	NA	31967955	31968538	54,109,144,29,69,85	7,13,28,4,9,9	3,3,18,0,2,8	85,74,100,73,114,143	NA	NA	NA	NA	NA	6966	chr6	+	NA	NA	NA	NA	NA	NA	6966	77,98,120	41,67,115	56,54,39	74,91,67	394	149	1.78816143976e-5	1.8058038352358e-4	0.415,0.356,0.283	0.223,0.183,0.18	0.156	NA	NA	NA	NA	1.8058038352358e-4	0.156	0.35133333333333333	0.19533333333333333	518	381	899	NA	NA	NA	NA	31967955	31968082	31968327	31968538	NA	NA	NA	NA	NA	NA	NA	31967955	31968538	69,70,109,46,45,29	3,18,7,5,9,8	5,10,4,5,0,2	41,67,115,74,91,67	NA	NA	NA	NA	NA
7027	ENSG00000231925.14	TAPBP	chr6	-	NA	NA	NA	NA	NA	NA	7027	3,3,8	18,12,12	0,1,0	22,18,6	228	149	5.8407599749e-6	7.177462959135632e-5	0.098,0.14,0.303	0.0,0.035,0.0	0.169	NA	NA	NA	NA	RI	chr6|-|33304127|33305387|33304127|33304217|33304296|33305387	7.177462959135632e-5	0.169	0.18033333333333335	0.011666666666666669	56	47	103	NA	NA	NA	NA	33304127	33304217	33304296	33305387	NA	NA	NA	NA	NA	NA	NA	33304127	33305387	3,3,1,0,1,0	2,0,7,0,0,0	0,0,0,0,0,0	18,12,12,22,18,6	NA	NA	NA	NA	NA	7027	chr6	-	NA	NA	NA	NA	NA	NA	7027	14,1,0	7,17,10	0,0,0	20,2,47	228	149	6.25979703619e-4	0.00357305428181015	0.567,0.037,0.0	0.0,0.0,0.0	0.201	NA	NA	NA	NA	0.00357305428181015	0.201	0.2013333333333333	0	49	69	118	NA	NA	NA	NA	33304127	33304217	33304296	33305387	NA	NA	NA	NA	NA	NA	NA	33304127	33305387	7,0,0,0,0,0	7,1,0,0,0,0	0,0,0,0,0,0	7,17,10,20,2,47	NA	NA	NA	NA	NA
7080	ENSG00000213658.13	LAT	chr16	+	NA	NA	NA	NA	NA	NA	7080	50,56,36	39,29,30	11,8,13	37,40,41	395	149	4.99966734679e-12	2.598132217840363e-10	0.326,0.421,0.312	0.101,0.07,0.107	0.26	NA	NA	NA	NA	RI	chr16|+|28985853|28986216|28985853|28985888|28986134|28986216	2.598132217840363e-10	0.26	0.353	0.09266666666666667	240	150	390	NA	NA	NA	NA	28985853	28985888	28986134	28986216	NA	NA	NA	NA	NA	NA	NA	28985853	28986216	16,14,7,2,3,10	20,32,9,8,5,3	14,10,20,1,0,0	39,29,30,37,40,41	NA	NA	NA	NA	NA	7080	chr16	+	NA	NA	NA	NA	NA	NA	7080	74,61,85	12,20,30	19,25,20	21,59,23	395	149	1.8257761969e-10	6.642085815107891e-9	0.699,0.535,0.517	0.254,0.138,0.247	0.371	NA	NA	NA	NA	6.642085815107891e-9	0.371	0.5836666666666667	0.213	282	167	449	NA	NA	NA	NA	28985853	28985888	28986134	28986216	NA	NA	NA	NA	NA	NA	NA	28985853	28986216	45,19,40,1,4,0	21,20,24,6,15,1	8,22,21,12,6,19	12,20,30,21,59,23	NA	NA	NA	NA	NA
7204	ENSG00000131697.18	NPHP4	chr1	-	NA	NA	NA	NA	NA	NA	7204	56,78,45	46,21,38	16,21,19	40,37,88	453	149	1.11881208964e-7	2.2642098130932276e-6	0.286,0.55,0.28	0.116,0.157,0.066	0.259	NA	NA	NA	NA	RI	chr1|-|5862810|5866458|5862810|5864033|5864337|5866458	2.2642098130932276e-6	0.259	0.372	0.113	284	221	505	NA	NA	NA	NA	5862810	5864033	5864337	5866458	NA	NA	NA	NA	NA	NA	NA	5862810	5866458	19,37,9,0,12,2	10,26,6,0,6,3	27,15,30,16,3,14	46,21,38,40,37,88	NA	NA	NA	NA	NA	7204	chr1	-	NA	NA	NA	NA	NA	NA	7204	78,88,36	43,71,37	7,5,3	79,22,23	453	149	0	0	0.374,0.29,0.242	0.028,0.07,0.041	0.256	NA	NA	NA	NA	0	0.256	0.302	0.04633333333333334	353	139	492	NA	NA	NA	NA	5862810	5864033	5864337	5866458	NA	NA	NA	NA	NA	NA	NA	5862810	5866458	69,24,13,0,1,0	9,26,16,1,4,0	0,38,7,6,0,3	43,71,37,79,22,23	NA	NA	NA	NA	NA
7211	ENSG00000135596.18	MICAL1	chr6	-	NA	NA	NA	NA	NA	NA	7211	443,554,337	175,243,176	136,152,217	117,153,185	432	149	1.07827413665e-9	3.5740416248312435e-8	0.466,0.44,0.398	0.286,0.255,0.288	0.158	NA	NA	NA	NA	RI	chr6|-|109446135|109446772|109446135|109446412|109446695|109446772	3.5740416248312435e-8	0.158	0.4346666666666667	0.2763333333333333	1928	960	2888	NA	NA	NA	NA	109446135	109446412	109446695	109446772	NA	NA	NA	NA	NA	NA	NA	109446135	109446772	74,128,61,13,23,44	63,90,48,32,15,37	306,336,228,91,114,136	175,243,176,117,153,185	NA	NA	NA	NA	NA	7211	chr6	-	NA	NA	NA	NA	NA	NA	7211	410,465,446	175,232,349	106,128,187	138,139,156	432	149	2.36484210285e-5	2.303432493405e-4	0.447,0.409,0.306	0.209,0.241,0.293	0.14	NA	NA	NA	NA	2.303432493405e-4	0.14	0.3873333333333333	0.24766666666666665	2077	854	2931	NA	NA	NA	NA	109446135	109446412	109446695	109446772	NA	NA	NA	NA	NA	NA	NA	109446135	109446772	54,64,97,7,17,54	68,78,45,9,30,34	288,323,304,90,81,99	175,232,349,138,139,156	NA	NA	NA	NA	NA
7238	ENSG00000204843.13	DCTN1	chr2	-	NA	NA	NA	NA	NA	NA	7238	261,266,367	120,134,191	79,83,89	61,75,96	422	149	4.07533228663e-6	5.317007996088332e-5	0.434,0.412,0.404	0.314,0.281,0.247	0.136	NA	NA	NA	NA	RI	chr2|-|74365074|74365657|74365074|74365241|74365514|74365657	5.317007996088332e-5	0.136	0.4166666666666667	0.2806666666666667	1339	483	1822	NA	NA	NA	NA	74365074	74365241	74365514	74365657	NA	NA	NA	NA	NA	NA	NA	74365074	74365657	34,91,114,12,32,16	65,69,96,13,17,21	162,106,157,54,34,52	120,134,191,61,75,96	NA	NA	NA	NA	NA	7238	chr2	-	NA	NA	NA	NA	NA	NA	7238	200,232,263	181,120,151	57,85,107	75,99,113	422	149	1.56601642032e-4	0.00110352078906796	0.281,0.406,0.381	0.212,0.233,0.251	0.124	NA	NA	NA	NA	0.00110352078906796	0.124	0.35600000000000004	0.232	1147	536	1683	NA	NA	NA	NA	74365074	74365241	74365514	74365657	NA	NA	NA	NA	NA	NA	NA	74365074	74365657	65,53,60,17,26,19	55,90,47,14,28,15	80,89,156,26,31,73	181,120,151,75,99,113	NA	NA	NA	NA	NA
7240	ENSG00000204843.13	DCTN1	chr2	-	NA	NA	NA	NA	NA	NA	7240	120,139,107	93,134,120	30,21,31	40,63,76	311	149	9.49391260441e-6	1.0662394155722e-4	0.382,0.332,0.299	0.264,0.138,0.163	0.149	NA	NA	NA	NA	RI	chr2|-|74366458|74366932|74366458|74366620|74366782|74366932	1.0662394155722e-4	0.149	0.33766666666666667	0.18833333333333335	713	261	974	NA	NA	NA	NA	74366458	74366620	74366782	74366932	NA	NA	NA	NA	NA	NA	NA	74366458	74366932	83,74,66,26,7,11	35,47,37,4,13,20	2,18,4,0,1,0	93,134,120,40,63,76	NA	NA	NA	NA	NA	7240	chr2	-	NA	NA	NA	NA	NA	NA	7240	124,125,133	74,71,114	3,29,18	35,77,36	311	149	1.04251052235e-11	4.99660400354893e-10	0.445,0.458,0.359	0.039,0.153,0.193	0.292	NA	NA	NA	NA	4.99660400354893e-10	0.292	0.4206666666666667	0.12833333333333333	641	198	839	NA	NA	NA	NA	74366458	74366620	74366782	74366932	NA	NA	NA	NA	NA	NA	NA	74366458	74366932	87,86,95,0,18,9	33,39,38,3,11,9	4,0,0,0,0,0	74,71,114,35,77,36	NA	NA	NA	NA	NA
7251	ENSG00000198837.10	DENND4B	chr1	-	NA	NA	NA	NA	NA	NA	7251	127,126,199	357,274,307	41,81,40	186,307,296	237	149	1.68133140743e-9	5.3697521824795624e-8	0.183,0.224,0.29	0.122,0.142,0.078	0.118	NA	NA	NA	NA	RI	chr1|-|153930538|153931064|153930538|153930603|153930691|153931064	5.3697521824795624e-8	0.118	0.23233333333333334	0.11399999999999999	1390	951	2341	NA	NA	NA	NA	153930538	153930603	153930691	153931064	NA	NA	NA	NA	NA	NA	NA	153930538	153931064	98,60,139,18,52,30	77,106,109,34,57,22	0,0,0,0,0,0	357,274,307,186,307,296	NA	NA	NA	NA	NA	7251	chr1	-	NA	NA	NA	NA	NA	NA	7251	102,208,164	271,300,405	40,34,71	226,284,210	237	149	5.48113352483e-8	1.212474921481625e-6	0.191,0.304,0.203	0.1,0.07,0.175	0.118	NA	NA	NA	NA	1.212474921481625e-6	0.118	0.23266666666666666	0.115	1450	865	2315	NA	NA	NA	NA	153930538	153930603	153930691	153931064	NA	NA	NA	NA	NA	NA	NA	153930538	153931064	69,131,120,23,24,53	64,147,90,27,24,50	2,0,0,0,0,0	271,300,405,226,284,210	NA	NA	NA	NA	NA
7257	ENSG00000118515.12	SGK1	chr6	-	NA	NA	NA	NA	NA	NA	7257	16,10,31	0,2,1	15,2,22	10,14,7	256	149	5.63976591095e-7	9.507173343125538e-6	1.0,0.744,0.947	0.466,0.077,0.647	0.5	NA	NA	NA	NA	RI	chr6|-|134170825|134171178|134170825|134170915|134171022|134171178	9.507173343125538e-6	0.5	0.897	0.39666666666666667	60	70	130	NA	NA	NA	NA	134170825	134170915	134171022	134171178	NA	NA	NA	NA	NA	NA	NA	134170825	134171178	5,5,10,3,0,11	11,9,25,13,2,18	0,0,0,0,0,0	0,2,1,10,14,7	NA	NA	NA	NA	NA	7257	chr6	-	NA	NA	NA	NA	NA	NA	7257	28,13,21	0,13,13	4,2,7	18,8,9	256	149	4.34619703321e-4	0.00264317058243254	1.0,0.368,0.485	0.115,0.127,0.312	0.433	NA	NA	NA	NA	0.00264317058243254	0.433	0.6176666666666667	0.18466666666666667	88	48	136	NA	NA	NA	NA	134170825	134170915	134171022	134171178	NA	NA	NA	NA	NA	NA	NA	134170825	134171178	3,4,8,4,1,0	25,13,20,1,2,7	0,0,0,0,0,0	0,13,13,18,8,9	NA	NA	NA	NA	NA
7322	ENSG00000122335.17	SERAC1	chr6	-	NA	NA	NA	NA	NA	NA	7322	76,25,65	16,24,16	26,13,28	33,21,35	1593	149	4.38036351635e-6	5.678729192866427e-5	0.308,0.089,0.275	0.069,0.055,0.07	0.159	NA	NA	NA	NA	RI	chr6|-|158116184|158117821|158116184|158116282|158117726|158117821	5.678729192866427e-5	0.159	0.224	0.06466666666666668	222	156	378	NA	NA	NA	NA	158116184	158116282	158117726	158117821	NA	NA	NA	NA	NA	NA	NA	158116184	158117821	0,7,7,8,0,6	0,0,2,0,1,0	76,18,56,18,12,22	16,24,16,33,21,35	NA	NA	NA	NA	NA	7322	chr6	-	NA	NA	NA	NA	NA	NA	7322	33,55,35	19,13,13	10,14,30	13,23,23	1593	149	6.7625330924200007e-05	5.5262432131426e-4	0.14,0.284,0.201	0.067,0.054,0.109	0.132	NA	NA	NA	NA	5.5262432131426e-4	0.132	0.20833333333333334	0.07666666666666666	168	113	281	NA	NA	NA	NA	158116184	158116282	158117726	158117821	NA	NA	NA	NA	NA	NA	NA	158116184	158117821	0,5,1,1,0,20	0,3,6,0,0,0	33,47,28,9,14,10	19,13,13,13,23,23	NA	NA	NA	NA	NA
7503	ENSG00000198720.13	ANKRD13B	chr17	+	NA	NA	NA	NA	NA	NA	7503	42,32,24	166,114,239	2,0,0	153,148,156	228	149	0	0	0.142,0.155,0.062	0.008,0.0,0.0	0.117	NA	NA	NA	NA	RI	chr17|+|29609085|29609421|29609085|29609275|29609354|29609421	0	0.117	0.11966666666666666	0.002666666666666667	617	459	1076	NA	NA	NA	NA	29609085	29609275	29609354	29609421	NA	NA	NA	NA	NA	NA	NA	29609085	29609421	25,15,12,1,0,0	30,24,22,2,0,0	0,0,0,0,0,0	166,114,239,153,148,156	NA	NA	NA	NA	NA	7503	chr17	+	NA	NA	NA	NA	NA	NA	7503	50,59,33	152,153,190	0,7,1	111,88,149	228	149	0	0	0.177,0.201,0.102	0.0,0.049,0.004	0.142	NA	NA	NA	NA	0	0.142	0.16	0.017666666666666667	637	356	993	NA	NA	NA	NA	29609085	29609275	29609354	29609421	NA	NA	NA	NA	NA	NA	NA	29609085	29609421	29,34,26,0,7,0	43,43,16,0,3,1	0,0,0,0,0,0	152,153,190,111,88,149	NA	NA	NA	NA	NA
7566	ENSG00000166598.16	HSP90B1	chr12	+	NA	NA	NA	NA	NA	NA	7566	2792,2668,2460	843,1532,941	2083,2159,2843	226,319,516	567	149	3.2981395392500004e-12	1.8554304270349542e-10	0.465,0.314,0.407	0.708,0.64,0.591	-0.251	NA	NA	NA	NA	RI	chr12|+|103943073|103943874|103943073|103943319|103943737|103943874	1.8554304270349542e-10	-0.251	0.3953333333333333	0.6463333333333333	11236	8146	19382	NA	NA	NA	NA	103943073	103943319	103943737	103943874	NA	NA	NA	NA	NA	NA	NA	103943073	103943874	923,905,812,686,742,919	883,955,736,715,662,884	986,808,912,682,755,1040	843,1532,941,226,319,516	NA	NA	NA	NA	NA	7566	chr12	+	NA	NA	NA	NA	NA	NA	7566	1729,2691,2397	784,2721,1300	2031,2564,2155	265,472,331	567	149	0	0	0.367,0.206,0.326	0.668,0.588,0.631	-0.329	NA	NA	NA	NA	0	-0.329	0.29966666666666664	0.629	11622	7818	19440	NA	NA	NA	NA	103943073	103943319	103943737	103943874	NA	NA	NA	NA	NA	NA	NA	103943073	103943874	600,924,826,658,793,616	586,814,793,675,825,831	543,953,778,698,946,708	784,2721,1300,265,472,331	NA	NA	NA	NA	NA
7631	ENSG00000106397.12	PLOD3	chr7	-	NA	NA	NA	NA	NA	NA	7631	203,322,260	153,149,210	131,134,82	111,181,108	451	149	2.93776858795e-4	0.00201728969555536	0.305,0.417,0.29	0.281,0.197,0.201	0.111	NA	NA	NA	NA	RI	chr7|-|101211845|101212374|101211845|101211950|101212252|101212374	0.00201728969555536	0.111	0.3373333333333333	0.22633333333333336	1297	747	2044	NA	NA	NA	NA	101211845	101211950	101212252	101212374	NA	NA	NA	NA	NA	NA	NA	101211845	101212374	28,63,49,21,35,11	96,128,107,30,21,43	79,131,104,80,78,28	153,149,210,111,181,108	NA	NA	NA	NA	NA	7631	chr7	-	NA	NA	NA	NA	NA	NA	7631	225,362,298	141,226,232	139,107,111	127,126,164	451	149	7.62847086255e-6	8.84229089039145e-5	0.345,0.346,0.298	0.266,0.219,0.183	0.107	NA	NA	NA	NA	8.84229089039145e-5	0.107	0.32966666666666666	0.22266666666666668	1484	774	2258	NA	NA	NA	NA	101211845	101211950	101212252	101212374	NA	NA	NA	NA	NA	NA	NA	101211845	101212374	65,103,82,38,30,24	79,100,118,26,23,27	81,159,98,75,54,60	141,226,232,127,126,164	NA	NA	NA	NA	NA
7682	ENSG00000140682.19	TGFB1I1	chr16	+	NA	NA	NA	NA	NA	NA	7682	928,925,1279	56,120,76	138,281,377	35,72,39	1403	149	0.00106100664561	0.00586663007293103	0.638,0.45,0.641	0.295,0.293,0.507	0.211	NA	NA	NA	NA	RI	chr16|+|31474562|31476185|31474562|31474757|31476011|31476185	0.00586663007293103	0.211	0.5763333333333334	0.365	3384	942	4326	NA	NA	NA	NA	31474562	31474757	31476011	31476185	NA	NA	NA	NA	NA	NA	NA	31474562	31476185	60,44,91,8,27,33	63,50,57,17,24,45	805,831,1131,113,230,299	56,120,76,35,72,39	NA	NA	NA	NA	NA	7682	chr16	+	NA	NA	NA	NA	NA	NA	7682	835,851,1199	79,50,104	149,182,171	37,50,33	1403	149	2.83989498584e-11	1.237198437222546e-9	0.529,0.644,0.55	0.3,0.279,0.355	0.263	NA	NA	NA	NA	1.237198437222546e-9	0.263	0.5743333333333334	0.31133333333333335	3118	622	3740	NA	NA	NA	NA	31474562	31474757	31476011	31476185	NA	NA	NA	NA	NA	NA	NA	31474562	31476185	41,86,83,5,7,21	41,61,63,16,26,24	753,704,1053,128,149,126	79,50,104,37,50,33	NA	NA	NA	NA	NA
7689	ENSG00000174233.12	ADCY6	chr12	-	NA	NA	NA	NA	NA	NA	7689	107,94,31	56,46,63	12,18,12	32,22,39	327	149	0.00200110903608	0.00975421352086054	0.465,0.482,0.183	0.146,0.272,0.123	0.196	NA	NA	NA	NA	RI	chr12|-|48777103|48777521|48777103|48777231|48777409|48777521	0.00975421352086054	0.196	0.37666666666666665	0.18033333333333335	397	135	532	NA	NA	NA	NA	48777103	48777231	48777409	48777521	NA	NA	NA	NA	NA	NA	NA	48777103	48777521	52,55,8,10,2,2	55,32,15,2,16,4	0,7,8,0,0,6	56,46,63,32,22,39	NA	NA	NA	NA	NA	7689	chr12	-	NA	NA	NA	NA	NA	NA	7689	47,109,98	62,100,54	22,8,15	22,40,48	327	149	4.515557351e-4	0.0027269450842689	0.257,0.332,0.453	0.313,0.084,0.125	0.173	NA	NA	NA	NA	0.0027269450842689	0.173	0.3473333333333333	0.174	470	155	625	NA	NA	NA	NA	48777103	48777231	48777409	48777521	NA	NA	NA	NA	NA	NA	NA	48777103	48777521	27,64,26,17,4,0	20,45,69,5,4,15	0,0,3,0,0,0	62,100,54,22,40,48	NA	NA	NA	NA	NA
7699	ENSG00000128604.21	IRF5	chr7	+	NA	NA	NA	NA	NA	NA	7699	268,322,235	36,23,51	90,63,103	34,19,52	609	149	9.36030730447e-6	1.0531633833212e-4	0.646,0.774,0.53	0.393,0.448,0.326	0.261	NA	NA	NA	NA	RI	chr7|+|128946500|128947535|128946500|128946562|128947022|128947535	1.0531633833212e-4	0.261	0.65	0.389	935	361	1296	NA	NA	NA	NA	128946500	128946562	128947022	128947535	NA	NA	NA	NA	NA	NA	NA	128946500	128947535	37,52,35,26,15,13	82,90,61,17,10,41	149,180,139,47,38,49	36,23,51,34,19,52	NA	NA	NA	NA	NA	7699	chr7	+	NA	NA	NA	NA	NA	NA	7699	165,298,256	15,63,48	51,75,50	20,25,51	609	149	4.59654471311e-5	3.9569063031903e-4	0.729,0.536,0.566	0.384,0.423,0.193	0.277	NA	NA	NA	NA	3.9569063031903e-4	0.277	0.6103333333333333	0.3333333333333333	845	272	1117	NA	NA	NA	NA	128946500	128946562	128947022	128947535	NA	NA	NA	NA	NA	NA	NA	128946500	128947535	46,53,43,8,9,13	21,96,76,20,30,8	98,149,137,23,36,29	15,63,48,20,25,51	NA	NA	NA	NA	NA
7706	ENSG00000090581.11	GNPTG	chr16	+	NA	NA	NA	NA	NA	NA	7706	82,48,109	63,79,50	35,36,37	110,84,64	228	149	1.71004788306e-4	0.00128190875536967	0.46,0.284,0.588	0.172,0.219,0.274	0.222	NA	NA	NA	NA	RI	chr16|+|1352101|1352306|1352101|1352159|1352238|1352306	0.00128190875536967	0.222	0.444	0.22166666666666668	431	366	797	NA	NA	NA	NA	1352101	1352159	1352238	1352306	NA	NA	NA	NA	NA	NA	NA	1352101	1352306	43,29,60,24,26,18	69,28,81,32,17,32	0,0,0,0,0,0	63,79,50,110,84,64	NA	NA	NA	NA	NA	7706	chr16	+	NA	NA	NA	NA	NA	NA	7706	96,63,77	87,84,103	14,19,20	57,26,79	228	149	1.74943224807e-4	0.00121714531637036	0.419,0.329,0.328	0.138,0.323,0.142	0.158	NA	NA	NA	NA	0.00121714531637036	0.158	0.3586666666666667	0.201	510	215	725	NA	NA	NA	NA	1352101	1352159	1352238	1352306	NA	NA	NA	NA	NA	NA	NA	1352101	1352306	57,44,56,9,8,16	62,45,56,6,11,12	0,0,0,0,0,0	87,84,103,57,26,79	NA	NA	NA	NA	NA
7707	ENSG00000090581.11	GNPTG	chr16	+	NA	NA	NA	NA	NA	NA	7707	143,166,236	119,129,165	46,109,78	104,132,118	280	149	1.33874289865e-6	1.954564632029e-5	0.39,0.406,0.432	0.191,0.305,0.26	0.157	NA	NA	NA	NA	RI	chr16|+|1362205|1362742|1362205|1362320|1362451|1362742	1.954564632029e-5	0.157	0.4093333333333333	0.252	958	587	1545	NA	NA	NA	NA	1362205	1362320	1362451	1362742	NA	NA	NA	NA	NA	NA	NA	1362205	1362742	105,97,142,29,51,17	51,82,115,18,58,63	0,0,0,0,0,0	119,129,165,104,132,118	NA	NA	NA	NA	NA	7707	chr16	+	NA	NA	NA	NA	NA	NA	7707	184,204,163	108,103,183	61,92,96	75,141,151	280	149	1.12231859078e-4	8.5146758413573e-4	0.476,0.513,0.322	0.302,0.258,0.253	0.166	NA	NA	NA	NA	8.5146758413573e-4	0.166	0.437	0.271	945	616	1561	NA	NA	NA	NA	1362205	1362320	1362451	1362742	NA	NA	NA	NA	NA	NA	NA	1362205	1362742	98,108,89,45,59,70	86,99,76,16,35,26	0,0,0,0,0,0	108,103,183,75,141,151	NA	NA	NA	NA	NA
7708	ENSG00000090581.11	GNPTG	chr16	+	NA	NA	NA	NA	NA	NA	7708	145,166,251	106,136,159	47,57,101	62,104,97	225	149	2.96892370165e-4	0.00203412738977852	0.475,0.447,0.511	0.334,0.266,0.408	0.142	NA	NA	NA	NA	RI	chr16|+|1362451|1362742|1362451|1362534|1362610|1362742	0.00203412738977852	0.142	0.4776666666666667	0.336	963	468	1431	NA	NA	NA	NA	1362451	1362534	1362610	1362742	NA	NA	NA	NA	NA	NA	NA	1362451	1362742	74,125,161,32,45,82	119,100,197,40,37,61	0,0,0,0,0,0	106,136,159,62,104,97	NA	NA	NA	NA	NA	7708	chr16	+	NA	NA	NA	NA	NA	NA	7708	164,186,207	91,76,133	54,126,97	73,155,108	225	149	2.5185361352e-8	5.987968393886929e-7	0.544,0.618,0.508	0.329,0.35,0.373	0.206	NA	NA	NA	NA	5.987968393886929e-7	0.206	0.5566666666666666	0.3506666666666667	857	613	1470	NA	NA	NA	NA	1362451	1362534	1362610	1362742	NA	NA	NA	NA	NA	NA	NA	1362451	1362742	140,140,140,40,76,79	107,113,142,41,102,81	0,8,0,0,0,0	91,76,133,73,155,108	NA	NA	NA	NA	NA
7710	ENSG00000105875.15	WDR91	chr7	-	NA	NA	NA	NA	NA	NA	7710	554,459,637	60,68,85	167,165,239	43,61,91	1412	149	4.72410999208e-12	2.4972622820202206e-10	0.494,0.416,0.442	0.291,0.222,0.217	0.207	NA	NA	NA	NA	RI	chr7|-|135186971|135188545|135186971|135187169|135188432|135188545	2.4972622820202206e-10	0.207	0.45066666666666666	0.24333333333333332	1863	766	2629	NA	NA	NA	NA	135186971	135187169	135188432	135188545	NA	NA	NA	NA	NA	NA	NA	135186971	135188545	18,47,33,17,15,10	40,33,48,9,9,26	496,379,556,141,141,203	60,68,85,43,61,91	NA	NA	NA	NA	NA	7710	chr7	-	NA	NA	NA	NA	NA	NA	7710	462,705,595	36,39,67	143,218,178	32,50,60	1412	149	7.03989533335e-10	2.29805015773517e-8	0.575,0.656,0.484	0.32,0.315,0.238	0.281	NA	NA	NA	NA	2.29805015773517e-8	0.281	0.5716666666666667	0.291	1904	681	2585	NA	NA	NA	NA	135186971	135187169	135188432	135188545	NA	NA	NA	NA	NA	NA	NA	135186971	135188545	21,38,42,0,5,14	49,54,43,27,34,9	392,613,510,116,179,155	36,39,67,32,50,60	NA	NA	NA	NA	NA
7712	ENSG00000105875.15	WDR91	chr7	-	NA	NA	NA	NA	NA	NA	7712	132,91,141	83,57,104	27,66,29	64,77,101	947	149	3.1616931295300003e-12	1.8119161000259774e-10	0.2,0.201,0.176	0.062,0.119,0.043	0.118	NA	NA	NA	NA	RI	chr7|-|135186971|135189452|135186971|135188545|135189343|135189452	1.8119161000259774e-10	0.118	0.19233333333333333	0.07466666666666666	608	364	972	NA	NA	NA	NA	135186971	135188545	135189343	135189452	NA	NA	NA	NA	NA	NA	NA	135186971	135189452	20,24,17,4,0,0	10,8,13,4,1,0	102,59,111,19,65,29	83,57,104,64,77,101	NA	NA	NA	NA	NA	7712	chr7	-	NA	NA	NA	NA	NA	NA	7712	145,105,120	59,97,127	58,36,23	66,66,83	947	149	1.92102379148e-6	2.6854311751730832e-5	0.279,0.146,0.129	0.121,0.079,0.042	0.104	NA	NA	NA	NA	2.6854311751730832e-5	0.104	0.18466666666666667	0.08066666666666666	653	332	985	NA	NA	NA	NA	135186971	135188545	135189343	135189452	NA	NA	NA	NA	NA	NA	NA	135186971	135189452	22,20,19,33,5,1	5,1,16,2,5,3	118,84,85,23,26,19	59,97,127,66,66,83	NA	NA	NA	NA	NA
7767	ENSG00000164896.21	FASTK	chr7	-	NA	NA	NA	NA	NA	NA	7767	361,415,364	313,296,479	138,294,267	260,326,465	229	149	0.00195624257584	0.00958121363821955	0.429,0.477,0.331	0.257,0.37,0.272	0.113	NA	NA	NA	NA	RI	chr7|-|151076625|151077027|151076625|151076832|151076912|151077027	0.00958121363821955	0.113	0.41233333333333333	0.2996666666666667	2228	1750	3978	NA	NA	NA	NA	151076625	151076832	151076912	151077027	NA	NA	NA	NA	NA	NA	NA	151076625	151077027	222,279,241,94,209,161	276,289,273,103,194,194	0,0,0,0,0,0	313,296,479,260,326,465	NA	NA	NA	NA	NA	7767	chr7	-	NA	NA	NA	NA	NA	NA	7767	200,332,358	172,313,451	90,170,169	223,372,352	229	149	4.3074654954e-11	1.8190758130573847e-9	0.431,0.408,0.341	0.208,0.229,0.238	0.168	NA	NA	NA	NA	1.8190758130573847e-9	0.168	0.3933333333333333	0.225	1826	1376	3202	NA	NA	NA	NA	151076625	151076832	151076912	151077027	NA	NA	NA	NA	NA	NA	NA	151076625	151077027	146,211,225,52,119,127	175,233,262,73,119,104	0,0,0,0,0,0	172,313,451,223,372,352	NA	NA	NA	NA	NA
7779	ENSG00000055609.21	KMT2C	chr7	-	NA	NA	NA	NA	NA	NA	7779	183,116,123	38,82,142	219,275,338	40,88,88	1613	149	5.11719987075e-4	0.00321173690966622	0.308,0.116,0.074	0.336,0.224,0.262	-0.108	NA	NA	NA	NA	RI	chr7|-|152154266|152156057|152154266|152154445|152155909|152156057	0.00321173690966622	-0.108	0.166	0.274	684	1048	1732	NA	NA	NA	NA	152154266	152154445	152155909	152156057	NA	NA	NA	NA	NA	NA	NA	152154266	152156057	8,11,27,16,17,52	10,5,1,7,25,19	165,100,95,196,233,267	38,82,142,40,88,88	NA	NA	NA	NA	NA	7779	chr7	-	NA	NA	NA	NA	NA	NA	7779	96,88,144	84,87,71	316,336,278	43,105,46	1613	149	1.4220846722400002e-12	7.951823458942001e-11	0.095,0.085,0.158	0.404,0.228,0.358	-0.217	NA	NA	NA	NA	7.951823458942001e-11	-0.217	0.11266666666666666	0.33	570	1124	1694	NA	NA	NA	NA	152154266	152154445	152155909	152156057	NA	NA	NA	NA	NA	NA	NA	152154266	152156057	14,8,3,31,69,22	0,11,0,23,2,9	82,69,141,262,265,247	84,87,71,43,105,46	NA	NA	NA	NA	NA
7798	ENSG00000105397.15	TYK2	chr19	-	NA	NA	NA	NA	NA	NA	7798	1394,1617,1202	357,472,495	531,583,699	372,438,489	1194	149	3.1086244689499997e-15	2.978450819312719e-13	0.328,0.299,0.233	0.151,0.142,0.151	0.139	NA	NA	NA	NA	RI	chr19|-|10356567|10357918|10356567|10356718|10357763|10357918	2.978450819312719e-13	0.139	0.2866666666666667	0.148	5537	3112	8649	NA	NA	NA	NA	10356567	10356718	10357763	10357918	NA	NA	NA	NA	NA	NA	NA	10356567	10357918	119,122,68,24,56,81	113,127,91,34,53,57	1162,1368,1043,473,474,561	357,472,495,372,438,489	NA	NA	NA	NA	NA	7798	chr19	-	NA	NA	NA	NA	NA	NA	7798	1087,1467,1397	324,400,415	656,716,693	324,458,377	1194	149	6.02817795681e-12	3.008608816626082e-10	0.295,0.314,0.296	0.202,0.163,0.187	0.118	NA	NA	NA	NA	3.008608816626082e-10	0.118	0.30166666666666664	0.184	5090	3224	8314	NA	NA	NA	NA	10356567	10356718	10357763	10357918	NA	NA	NA	NA	NA	NA	NA	10356567	10357918	126,80,55,18,48,48	93,71,149,34,90,93	868,1316,1193,604,578,552	324,400,415,324,458,377	NA	NA	NA	NA	NA
7817	ENSG00000111144.10	LTA4H	chr12	-	NA	NA	NA	NA	NA	NA	7817	1645,1269,1807	53,73,137	1754,1775,2510	25,36,68	4188	149	1.82255041978e-5	1.9038976446492e-4	0.525,0.382,0.319	0.714,0.637,0.568	-0.231	NA	NA	NA	NA	RI	chr12|-|96009093|96013258|96009093|96009148|96013187|96013258	1.9038976446492e-4	-0.231	0.4086666666666667	0.6396666666666666	4984	6168	11152	NA	NA	NA	NA	96009093	96009148	96013187	96013258	NA	NA	NA	NA	NA	NA	NA	96009093	96013258	62,56,81,60,71,141	62,21,26,30,29,39	1521,1192,1700,1664,1675,2330	53,73,137,25,36,68	NA	NA	NA	NA	NA	7817	chr12	-	NA	NA	NA	NA	NA	NA	7817	1195,1690,1769	75,106,170	1986,1981,1796	70,40,76	4188	149	5.5106820005e-6	6.6558017202039e-5	0.362,0.362,0.27	0.502,0.638,0.457	-0.201	NA	NA	NA	NA	6.6558017202039e-5	-0.201	0.3313333333333333	0.5323333333333333	5005	5949	10954	NA	NA	NA	NA	96009093	96009148	96013187	96013258	NA	NA	NA	NA	NA	NA	NA	96009093	96013258	45,52,95,55,109,61	11,39,18,25,28,40	1139,1599,1656,1906,1844,1695	75,106,170,70,40,76	NA	NA	NA	NA	NA
7837	ENSG00000120896.14	SORBS3	chr8	+	NA	NA	NA	NA	NA	NA	7837	800,726,733	44,28,47	136,351,356	32,47,26	621	149	2.04531556564e-4	0.00148789312920701	0.814,0.862,0.789	0.505,0.642,0.767	0.184	NA	NA	NA	NA	RI	chr8|+|22565825|22566484|22565825|22565872|22566344|22566484	0.00148789312920701	0.184	0.8216666666666667	0.638	2378	948	3326	NA	NA	NA	NA	22565825	22565872	22566344	22566484	NA	NA	NA	NA	NA	NA	NA	22565825	22566484	102,37,53,11,18,33	154,85,135,15,75,48	544,604,545,110,258,275	44,28,47,32,47,26	NA	NA	NA	NA	NA	7837	chr8	+	NA	NA	NA	NA	NA	NA	7837	653,772,808	36,37,59	145,263,257	30,43,22	621	149	4.27967729605e-5	3.7565365102973e-4	0.813,0.834,0.767	0.537,0.595,0.737	0.182	NA	NA	NA	NA	3.7565365102973e-4	0.182	0.8046666666666666	0.623	2365	760	3125	NA	NA	NA	NA	22565825	22565872	22566344	22566484	NA	NA	NA	NA	NA	NA	NA	22565825	22566484	67,63,104,4,12,31	105,189,144,40,41,34	481,520,560,101,210,192	36,37,59,30,43,22	NA	NA	NA	NA	NA
7847	ENSG00000120885.22	CLU	chr8	-	NA	NA	NA	NA	NA	NA	7847	20,0,45	11,37,33	161,135,310	25,22,87	1293	149	2.42583730881e-13	1.7708612354313002e-11	0.173,0.0,0.136	0.426,0.414,0.291	-0.274	NA	NA	NA	NA	RI	chr8|-|27598459|27600009|27598459|27598635|27599779|27600009	1.7708612354313002e-11	-0.274	0.103	0.377	146	740	886	NA	NA	NA	NA	27598459	27598635	27599779	27600009	NA	NA	NA	NA	NA	NA	NA	27598459	27600009	4,0,4,8,32,41	0,0,5,16,5,16	16,0,36,137,98,253	11,37,33,25,22,87	NA	NA	NA	NA	NA	7847	chr8	-	NA	NA	NA	NA	NA	NA	7847	38,56,34	29,125,25	222,106,228	47,11,23	1293	149	0	0	0.131,0.049,0.135	0.352,0.526,0.533	-0.365	NA	NA	NA	NA	0	-0.365	0.10500000000000001	0.4703333333333333	307	637	944	NA	NA	NA	NA	27598459	27598635	27599779	27600009	NA	NA	NA	NA	NA	NA	NA	27598459	27600009	0,10,9,18,5,23	0,3,0,43,1,20	38,43,25,161,100,185	29,125,25,47,11,23	NA	NA	NA	NA	NA
7875	ENSG00000079616.14	KIF22	chr16	+	NA	NA	NA	NA	NA	NA	7875	163,198,178	122,120,154	65,86,38	57,88,113	376	149	0.00182273290031	0.00906488089594559	0.346,0.395,0.314	0.311,0.279,0.118	0.116	NA	NA	NA	NA	RI	chr16|+|29798592|29799184|29798592|29798747|29798974|29799184	0.00906488089594559	0.116	0.3516666666666667	0.23600000000000002	935	447	1382	NA	NA	NA	NA	29798592	29798747	29798974	29799184	NA	NA	NA	NA	NA	NA	NA	29798592	29799184	35,17,37,8,6,10	64,59,96,25,53,18	64,122,45,32,27,10	122,120,154,57,88,113	NA	NA	NA	NA	NA	7875	chr16	+	NA	NA	NA	NA	NA	NA	7875	163,184,199	96,102,146	47,62,60	67,98,87	376	149	1.60534474603e-9	4.873674307849688e-8	0.402,0.417,0.351	0.218,0.2,0.215	0.179	NA	NA	NA	NA	4.873674307849688e-8	0.179	0.39	0.211	890	421	1311	NA	NA	NA	NA	29798592	29798747	29798974	29799184	NA	NA	NA	NA	NA	NA	NA	29798592	29799184	19,15,32,8,7,12	64,85,108,12,39,10	80,84,59,27,16,38	96,102,146,67,98,87	NA	NA	NA	NA	NA
7890	ENSG00000130816.17	DNMT1	chr19	-	NA	NA	NA	NA	NA	NA	7890	851,873,919	209,173,244	446,625,672	313,275,250	377	149	6.98937539512e-7	1.1459585540875892e-5	0.617,0.666,0.598	0.36,0.473,0.515	0.178	NA	NA	NA	NA	RI	chr19|-|10139675|10140328|10139675|10139817|10140045|10140328	1.1459585540875892e-5	0.178	0.627	0.4493333333333333	3269	2581	5850	NA	NA	NA	NA	10139675	10139817	10140045	10140328	NA	NA	NA	NA	NA	NA	NA	10139675	10140328	374,321,392,134,229,221	243,275,297,178,244,224	234,277,230,134,152,227	209,173,244,313,275,250	NA	NA	NA	NA	NA	7890	chr19	-	NA	NA	NA	NA	NA	NA	7890	766,804,1046	180,214,203	420,582,720	242,218,327	377	149	2.24336538235e-9	6.576545409714393e-8	0.627,0.598,0.671	0.407,0.513,0.465	0.17	NA	NA	NA	NA	6.576545409714393e-8	0.17	0.632	0.46166666666666667	3213	2509	5722	NA	NA	NA	NA	10139675	10139817	10140045	10140328	NA	NA	NA	NA	NA	NA	NA	10139675	10140328	284,302,413,158,245,301	250,247,368,165,173,208	232,255,265,97,164,211	180,214,203,242,218,327	NA	NA	NA	NA	NA
7902	ENSG00000168615.13	ADAM9	chr8	+	NA	NA	NA	NA	NA	NA	7902	92,35,81	65,99,110	135,109,168	59,91,62	1173	149	6.84526294537e-8	1.4524274180279877e-6	0.152,0.043,0.086	0.225,0.132,0.256	-0.111	NA	NA	NA	NA	RI	chr8|+|39016117|39017414|39016117|39016194|39017218|39017414	1.4524274180279877e-6	-0.111	0.09366666666666666	0.20433333333333334	482	624	1106	NA	NA	NA	NA	39016117	39016194	39017218	39017414	NA	NA	NA	NA	NA	NA	NA	39016117	39017414	4,12,6,24,4,36	4,0,19,18,17,15	84,23,56,93,88,117	65,99,110,59,91,62	NA	NA	NA	NA	NA	7902	chr8	+	NA	NA	NA	NA	NA	NA	7902	67,51,39	82,129,101	119,81,195	68,70,47	1173	149	2.38479014314e-10	8.572468853822892e-9	0.094,0.048,0.047	0.182,0.128,0.345	-0.155	NA	NA	NA	NA	8.572468853822892e-9	-0.155	0.063	0.21833333333333332	469	580	1049	NA	NA	NA	NA	39016117	39016194	39017218	39017414	NA	NA	NA	NA	NA	NA	NA	39016117	39017414	0,1,10,7,12,11	0,1,6,16,0,49	67,49,23,96,69,135	82,129,101,68,70,47	NA	NA	NA	NA	NA
7995	ENSG00000148399.13	DPH7	chr9	-	NA	NA	NA	NA	NA	NA	7995	163,226,235	108,97,193	92,71,144	96,118,175	275	149	3.35631472065e-5	3.2157690417227e-4	0.45,0.558,0.397	0.342,0.246,0.308	0.17	NA	NA	NA	NA	RI	chr9|-|137564892|137565154|137564892|137564958|137565084|137565154	3.2157690417227e-4	0.17	0.4683333333333334	0.2986666666666667	1022	696	1718	NA	NA	NA	NA	137564892	137564958	137565084	137565154	NA	NA	NA	NA	NA	NA	NA	137564892	137565154	101,100,114,48,47,55	74,131,134,48,24,98	4,0,2,2,0,0	108,97,193,96,118,175	NA	NA	NA	NA	NA	7995	chr9	-	NA	NA	NA	NA	NA	NA	7995	176,219,242	58,113,100	103,127,174	102,156,97	275	149	1.45410474718e-4	0.0010404429583199	0.622,0.512,0.567	0.354,0.306,0.493	0.183	NA	NA	NA	NA	0.0010404429583199	0.183	0.567	0.3843333333333333	908	759	1667	NA	NA	NA	NA	137564892	137564958	137565084	137565154	NA	NA	NA	NA	NA	NA	NA	137564892	137565154	109,148,140,70,66,129	66,85,109,33,69,46	1,0,2,0,0,0	58,113,100,102,156,97	NA	NA	NA	NA	NA
7999	ENSG00000182173.14	TSEN54	chr17	+	NA	NA	NA	NA	NA	NA	7999	267,190,339	142,100,95	39,75,102	52,57,74	343	149	6.14870426449e-4	0.00374643996736299	0.45,0.452,0.608	0.246,0.364,0.375	0.175	NA	NA	NA	NA	RI	chr17|+|75521408|75522333|75521408|75521510|75521704|75522333	0.00374643996736299	0.175	0.5033333333333333	0.3283333333333333	1133	399	1532	NA	NA	NA	NA	75521408	75521510	75521704	75522333	NA	NA	NA	NA	NA	NA	NA	75521408	75522333	134,58,163,8,24,26	82,79,100,26,34,63	51,53,76,5,17,13	142,100,95,52,57,74	NA	NA	NA	NA	NA	7999	chr17	+	NA	NA	NA	NA	NA	NA	7999	168,207,230	104,106,101	56,57,75	57,49,67	343	149	1.26385368001e-4	9.3305774738146e-4	0.412,0.459,0.497	0.299,0.336,0.327	0.135	NA	NA	NA	NA	9.3305774738146e-4	0.135	0.456	0.32066666666666666	916	361	1277	NA	NA	NA	NA	75521408	75521510	75521704	75522333	NA	NA	NA	NA	NA	NA	NA	75521408	75522333	101,107,120,19,16,40	38,87,70,23,31,28	29,13,40,14,10,7	104,106,101,57,49,67	NA	NA	NA	NA	NA
8018	ENSG00000115392.13	FANCL	chr2	-	NA	NA	NA	NA	NA	NA	8018	849,804,858	295,214,291	222,267,397	160,209,391	1376	149	0	0	0.238,0.289,0.242	0.131,0.122,0.099	0.139	NA	NA	NA	NA	RI	chr2|-|58161521|58163517|58161521|58161638|58162865|58163517	0	0.139	0.2563333333333333	0.11733333333333333	3311	1646	4957	NA	NA	NA	NA	58161521	58161638	58162865	58163517	NA	NA	NA	NA	NA	NA	NA	58161521	58163517	68,120,99,31,16,44	106,89,51,21,38,76	675,595,708,170,213,277	295,214,291,160,209,391	NA	NA	NA	NA	NA	8018	chr2	-	NA	NA	NA	NA	NA	NA	8018	460,507,917	169,265,266	159,251,236	168,203,214	1376	149	2.0694557179e-13	1.3155203242524316e-11	0.228,0.172,0.272	0.093,0.118,0.107	0.118	NA	NA	NA	NA	1.3155203242524316e-11	0.118	0.224	0.106	2584	1231	3815	NA	NA	NA	NA	58161521	58161638	58162865	58163517	NA	NA	NA	NA	NA	NA	NA	58161521	58163517	71,123,119,25,17,27	62,63,88,26,65,28	327,321,710,108,169,181	169,265,266,168,203,214	NA	NA	NA	NA	NA
8021	ENSG00000115392.13	FANCL	chr2	-	NA	NA	NA	NA	NA	NA	8021	315,287,292	84,66,124	105,146,178	58,56,156	230	149	0.00189382113653	0.00936525097516287	0.708,0.738,0.604	0.54,0.628,0.425	0.152	NA	NA	NA	NA	RI	chr2|-|58162865|58163074|58162865|58162947|58163028|58163074	0.00936525097516287	0.152	0.6833333333333333	0.531	1168	699	1867	NA	NA	NA	NA	58162865	58162947	58163028	58163074	NA	NA	NA	NA	NA	NA	NA	58162865	58163074	273,242,221,102,130,137	177,178,197,78,73,121	0,0,0,0,0,0	84,66,124,58,56,156	NA	NA	NA	NA	NA	8021	chr2	-	NA	NA	NA	NA	NA	NA	8021	195,222,257	62,50,105	75,117,109	49,86,72	230	149	1.87316707823e-6	2.630710694286272e-5	0.671,0.742,0.613	0.498,0.468,0.495	0.188	NA	NA	NA	NA	2.630710694286272e-5	0.188	0.6753333333333333	0.487	891	508	1399	NA	NA	NA	NA	58162865	58162947	58163028	58163074	NA	NA	NA	NA	NA	NA	NA	58162865	58163074	155,170,183,63,100,100	131,142,175,64,56,61	0,8,0,0,0,0	62,50,105,49,86,72	NA	NA	NA	NA	NA
8025	ENSG00000115392.13	FANCL	chr2	-	NA	NA	NA	NA	NA	NA	8025	627,574,682	86,85,122	169,307,378	83,82,157	508	149	1.53815804538e-8	3.71337997412211e-7	0.681,0.665,0.621	0.374,0.523,0.414	0.219	NA	NA	NA	NA	RI	chr2|-|58162865|58163517|58162865|58163074|58163433|58163517	3.71337997412211e-7	0.219	0.6556666666666667	0.437	2176	1176	3352	NA	NA	NA	NA	58162865	58163074	58163433	58163517	NA	NA	NA	NA	NA	NA	NA	58162865	58163517	99,82,137,46,47,74	185,110,193,48,123,91	343,382,352,75,137,213	86,85,122,83,82,157	NA	NA	NA	NA	NA	8025	chr2	-	NA	NA	NA	NA	NA	NA	8025	374,601,479	78,71,142	198,260,220	65,99,92	508	149	0.00090913151066800005	0.00489326666036011	0.584,0.713,0.497	0.472,0.435,0.412	0.158	NA	NA	NA	NA	0.00489326666036011	0.158	0.598	0.43966666666666665	1745	934	2679	NA	NA	NA	NA	58162865	58163074	58163433	58163517	NA	NA	NA	NA	NA	NA	NA	58162865	58163517	53,94,85,38,53,29	107,186,157,63,78,72	214,321,237,97,129,119	78,71,142,65,99,92	NA	NA	NA	NA	NA
8035	ENSG00000068438.15	FTSJ1	chrX	+	NA	NA	NA	NA	NA	NA	8035	355,289,268	38,66,45	75,42,61	24,12,56	429	149	5.40449485252e-4	0.00336450380057387	0.764,0.603,0.674	0.52,0.549,0.274	0.233	NA	NA	NA	NA	RI	chrX|+|48477960|48478518|48477960|48478168|48478448|48478518	0.00336450380057387	0.233	0.6803333333333333	0.4476666666666667	1061	270	1331	NA	NA	NA	NA	48477960	48478168	48478448	48478518	NA	NA	NA	NA	NA	NA	NA	48477960	48478518	136,70,97,9,14,22	91,76,61,29,5,19	128,143,110,37,23,20	38,66,45,24,12,56	NA	NA	NA	NA	NA	8035	chrX	+	NA	NA	NA	NA	NA	NA	8035	325,404,345	29,46,62	45,98,62	16,27,69	429	149	1.24390009308e-5	1.3201955469437e-4	0.796,0.753,0.659	0.494,0.558,0.238	0.306	NA	NA	NA	NA	1.3201955469437e-4	0.306	0.736	0.43	1211	317	1528	NA	NA	NA	NA	48477960	48478168	48478448	48478518	NA	NA	NA	NA	NA	NA	NA	48477960	48478518	79,160,94,11,25,16	152,116,136,24,37,31	94,128,115,10,36,15	29,46,62,16,27,69	NA	NA	NA	NA	NA
8042	ENSG00000033011.14	ALG1	chr16	+	NA	NA	NA	NA	NA	NA	8042	164,108,152	0,0,14	48,65,103	0,0,0	2290	149	9.98262700339e-4	0.00560562900959592	1.0,1.0,0.414	1.0,1.0,1.0	-0.195	NA	NA	NA	NA	RI	chr16|+|5073152|5075536|5073152|5073256|5075397|5075536	0.00560562900959592	-0.195	0.8046666666666666	1	438	216	654	NA	NA	NA	NA	5073152	5073256	5075397	5075536	NA	NA	NA	NA	NA	NA	NA	5073152	5075536	11,17,24,2,3,9	24,20,22,13,8,8	129,71,106,33,54,86	0,0,14,0,0,0	NA	NA	NA	NA	NA	8042	chr16	+	NA	NA	NA	NA	NA	NA	8042	91,86,166	4,4,1	44,92,79	0,0,2	2290	149	0.00143223921559	0.00718379785959136	0.597,0.583,0.915	1.0,1.0,0.72	-0.208	NA	NA	NA	NA	0.00718379785959136	-0.208	0.6983333333333334	0.9066666666666666	352	217	569	NA	NA	NA	NA	5073152	5073256	5075397	5075536	NA	NA	NA	NA	NA	NA	NA	5073152	5075536	1,9,4,0,3,15	14,42,41,3,7,26	76,35,121,41,82,38	4,4,1,0,0,2	NA	NA	NA	NA	NA
8071	ENSG00000147813.16	NAPRT	chr8	-	NA	NA	NA	NA	NA	NA	8071	286,416,416	199,195,210	140,223,292	204,150,244	418	149	6.00264544348e-4	0.00367714504090103	0.339,0.432,0.414	0.197,0.346,0.299	0.114	NA	NA	NA	NA	RI	chr8|-|143576077|143576572|143576077|143576162|143576431|143576572	0.00367714504090103	0.114	0.395	0.2806666666666667	1722	1253	2975	NA	NA	NA	NA	143576077	143576162	143576431	143576572	NA	NA	NA	NA	NA	NA	NA	143576077	143576572	155,261,240,90,136,203	60,85,98,27,46,53	71,70,78,23,41,36	199,195,210,204,150,244	NA	NA	NA	NA	NA	8071	chr8	-	NA	NA	NA	NA	NA	NA	8071	303,487,413	155,182,253	133,221,219	152,179,192	418	149	2.09712875188e-6	2.891452176393452e-5	0.411,0.488,0.368	0.238,0.306,0.289	0.145	NA	NA	NA	NA	2.891452176393452e-5	0.145	0.42233333333333334	0.2776666666666667	1793	1096	2889	NA	NA	NA	NA	143576077	143576162	143576431	143576572	NA	NA	NA	NA	NA	NA	NA	143576077	143576572	179,348,245,85,139,126	57,56,86,26,39,45	67,83,82,22,43,48	155,182,253,152,179,192	NA	NA	NA	NA	NA
8090	ENSG00000206503.14	HLA-A	chr6	+	NA	NA	NA	NA	NA	NA	8090	743,608,740	371,749,531	734,892,1222	304,350,530	727	149	4.61887525816e-6	5.950198126688471e-5	0.291,0.143,0.222	0.331,0.343,0.321	-0.113	NA	NA	NA	NA	RI	chr6|+|29943267|29944397|29943267|29943543|29944121|29944397	5.950198126688471e-5	-0.113	0.21866666666666665	0.33166666666666667	3742	4032	7774	NA	NA	NA	NA	29943267	29943543	29944121	29944397	NA	NA	NA	NA	NA	NA	NA	29943267	29944397	189,186,195,180,234,276	53,40,63,65,73,142	501,382,482,489,585,804	371,749,531,304,350,530	NA	NA	NA	NA	NA	8090	chr6	+	NA	NA	NA	NA	NA	NA	8090	494,739,874	404,1094,750	715,733,817	414,332,490	727	149	1.28134947097e-10	4.866710349174736e-9	0.2,0.122,0.193	0.261,0.312,0.255	-0.104	NA	NA	NA	NA	4.866710349174736e-9	-0.104	0.17166666666666666	0.276	4355	3501	7856	NA	NA	NA	NA	29943267	29943543	29944121	29944397	NA	NA	NA	NA	NA	NA	NA	29943267	29944397	129,145,213,166,178,208	66,103,102,56,63,57	299,491,559,493,492,552	404,1094,750,414,332,490	NA	NA	NA	NA	NA
8093	ENSG00000206503.14	HLA-A	chr6	+	NA	NA	NA	NA	NA	NA	8093	926,1092,1051	381,842,679	1133,1315,1497	309,369,556	591	149	3.29234826846e-7	5.903122684852843e-6	0.38,0.246,0.281	0.48,0.473,0.404	-0.15	NA	NA	NA	NA	RI	chr6|+|29944499|29945091|29944499|29944616|29945058|29945091	5.903122684852843e-6	-0.15	0.30233333333333334	0.4523333333333333	4971	5179	10150	NA	NA	NA	NA	29944499	29944616	29945058	29945091	NA	NA	NA	NA	NA	NA	NA	29944499	29945091	80,137,121,101,117,139	199,217,299,266,344,394	647,738,631,766,854,964	381,842,679,309,369,556	NA	NA	NA	NA	NA	8093	chr6	+	NA	NA	NA	NA	NA	NA	8093	858,1128,1243	349,1117,717	1060,1060,1229	299,428,482	591	149	5.38842893286e-4	0.00315011832773877	0.383,0.203,0.304	0.472,0.384,0.391	-0.119	NA	NA	NA	NA	0.00315011832773877	-0.119	0.2966666666666667	0.4156666666666667	5412	4558	9970	NA	NA	NA	NA	29944499	29944616	29945058	29945091	NA	NA	NA	NA	NA	NA	NA	29944499	29945091	86,108,131,105,135,124	178,279,328,274,276,278	594,741,784,681,649,827	349,1117,717,299,428,482	NA	NA	NA	NA	NA
8106	ENSG00000160948.14	VPS28	chr8	-	NA	NA	NA	NA	NA	NA	8106	853,792,905	62,131,92	328,429,423	67,116,101	598	149	3.09717568792e-6	4.155772717357864e-5	0.774,0.601,0.71	0.55,0.48,0.511	0.181	NA	NA	NA	NA	RI	chr8|-|144424214|144424819|144424214|144424268|144424717|144424819	4.155772717357864e-5	0.181	0.695	0.5136666666666667	2835	1464	4299	NA	NA	NA	NA	144424214	144424268	144424717	144424819	NA	NA	NA	NA	NA	NA	NA	144424214	144424819	187,134,193,30,78,81	35,53,94,12,28,40	631,605,618,286,323,302	62,131,92,67,116,101	NA	NA	NA	NA	NA	8106	chr8	-	NA	NA	NA	NA	NA	NA	8106	777,927,1056	106,166,137	360,369,346	68,82,112	598	149	9.30239417456e-4	0.00498466356878153	0.646,0.582,0.658	0.569,0.529,0.435	0.118	NA	NA	NA	NA	0.00498466356878153	0.118	0.6286666666666667	0.511	3169	1337	4506	NA	NA	NA	NA	144424214	144424268	144424717	144424819	NA	NA	NA	NA	NA	NA	NA	144424214	144424819	155,175,249,108,97,65	35,72,63,22,15,42	587,680,744,230,257,239	106,166,137,68,82,112	NA	NA	NA	NA	NA
8224	ENSG00000173812.11	EIF1	chr17	+	NA	NA	NA	NA	NA	NA	8224	220,296,431	173,277,334	499,512,809	261,229,479	295	149	7.75000224273e-6	9.017649668390962e-5	0.391,0.351,0.395	0.491,0.53,0.46	-0.115	NA	NA	NA	NA	RI	chr17|+|41689777|41690189|41689777|41689941|41690087|41690189	9.017649668390962e-5	-0.115	0.379	0.4936666666666667	1731	2789	4520	NA	NA	NA	NA	41689777	41689941	41690087	41690189	NA	NA	NA	NA	NA	NA	NA	41689777	41690189	94,97,175,250,199,366	122,165,255,246,309,423	4,34,1,4,4,24	173,277,334,261,229,479	NA	NA	NA	NA	NA	8224	chr17	+	NA	NA	NA	NA	NA	NA	8224	162,307,300	234,356,428	401,397,631	211,225,328	295	149	0	0	0.259,0.303,0.261	0.49,0.471,0.493	-0.21	NA	NA	NA	NA	0	-0.21	0.2743333333333333	0.48466666666666663	1787	2193	3980	NA	NA	NA	NA	41689777	41689941	41690087	41690189	NA	NA	NA	NA	NA	NA	NA	41689777	41690189	66,130,118,141,142,256	86,177,178,254,243,325	10,0,4,6,12,50	234,356,428,211,225,328	NA	NA	NA	NA	NA
8287	ENSG00000070061.16	ELP1	chr9	-	NA	NA	NA	NA	NA	NA	8287	28,3,21	16,5,18	14,9,3	1,1,1	395	149	2.20351084718e-4	0.00157772653584509	0.398,0.185,0.306	0.841,0.772,0.531	-0.418	NA	NA	NA	NA	RI	chr9|-|108896495|108897038|108896495|108896644|108896890|108897038	0.00157772653584509	-0.418	0.29633333333333334	0.7146666666666667	91	29	120	NA	NA	NA	NA	108896495	108896644	108896890	108897038	NA	NA	NA	NA	NA	NA	NA	108896495	108897038	26,1,7,14,1,1	2,2,0,0,1,0	0,0,14,0,7,2	16,5,18,1,1,1	NA	NA	NA	NA	NA	8287	chr9	-	NA	NA	NA	NA	NA	NA	8287	11,18,37	15,2,0	2,1,5	12,14,10	395	149	1.93527841985e-6	2.6991100178924136e-5	0.217,0.772,1.0	0.059,0.026,0.159	0.582	NA	NA	NA	NA	2.6991100178924136e-5	0.582	0.663	0.08133333333333333	83	44	127	NA	NA	NA	NA	108896495	108896644	108896890	108897038	NA	NA	NA	NA	NA	NA	NA	108896495	108897038	0,11,3,0,1,0	1,4,7,2,0,3	10,3,27,0,0,2	15,2,0,12,14,10	NA	NA	NA	NA	NA
8330	ENSG00000044574.9	HSPA5	chr9	-	NA	NA	NA	NA	NA	NA	8330	341,310,352	684,1481,1274	489,660,847	537,540,884	430	149	0	0	0.147,0.068,0.087	0.24,0.298,0.249	-0.162	NA	NA	NA	NA	RI	chr9|-|125238140|125238827|125238140|125238308|125238589|125238827	0	-0.162	0.10066666666666667	0.2623333333333333	4442	3957	8399	NA	NA	NA	NA	125238140	125238308	125238589	125238827	NA	NA	NA	NA	NA	NA	NA	125238140	125238827	57,117,100,145,198,276	57,78,72,141,116,154	227,115,180,203,346,417	684,1481,1274,537,540,884	NA	NA	NA	NA	NA	8330	chr9	-	NA	NA	NA	NA	NA	NA	8330	265,314,438	818,2400,1223	452,656,645	386,675,686	430	149	0	0	0.101,0.043,0.11	0.289,0.252,0.246	-0.178	NA	NA	NA	NA	0	-0.178	0.08466666666666667	0.2623333333333333	5458	3500	8958	NA	NA	NA	NA	125238140	125238308	125238589	125238827	NA	NA	NA	NA	NA	NA	NA	125238140	125238827	52,94,128,161,208,151	90,80,97,112,151,134	123,140,213,179,297,360	818,2400,1223,386,675,686	NA	NA	NA	NA	NA
8333	ENSG00000044574.9	HSPA5	chr9	-	NA	NA	NA	NA	NA	NA	8333	176,139,145	727,1534,1209	273,311,389	374,640,965	238	149	0	0	0.132,0.054,0.07	0.314,0.233,0.202	-0.164	NA	NA	NA	NA	RI	chr9|-|125238940|125239533|125238940|125239331|125239420|125239533	0	-0.164	0.08533333333333334	0.24966666666666668	3930	2952	6882	NA	NA	NA	NA	125238940	125239331	125239420	125239533	NA	NA	NA	NA	NA	NA	NA	125238940	125239533	114,70,87,181,254,274	122,105,89,181,150,227	0,0,0,0,0,0	727,1534,1209,374,640,965	NA	NA	NA	NA	NA	8333	chr9	-	NA	NA	NA	NA	NA	NA	8333	119,165,225	813,2502,1322	198,265,420	355,613,645	238	149	0	0	0.084,0.04,0.096	0.259,0.213,0.29	-0.181	NA	NA	NA	NA	0	-0.181	0.07333333333333333	0.254	5146	2496	7642	NA	NA	NA	NA	125238940	125239331	125239420	125239533	NA	NA	NA	NA	NA	NA	NA	125238940	125239533	58,107,128,122,184,262	80,124,162,144,164,276	0,0,0,0,0,6	813,2502,1322,355,613,645	NA	NA	NA	NA	NA
8335	ENSG00000044574.9	HSPA5	chr9	-	NA	NA	NA	NA	NA	NA	8335	273,273,235	396,813,588	430,540,565	239,334,441	515	149	0	0	0.166,0.089,0.104	0.342,0.319,0.27	-0.191	NA	NA	NA	NA	RI	chr9|-|125239420|125240907|125239420|125240309|125240675|125240907	0	-0.191	0.11966666666666667	0.31033333333333335	2578	2549	5127	NA	NA	NA	NA	125239420	125240309	125240675	125240907	NA	NA	NA	NA	NA	NA	NA	125239420	125240907	26,38,42,88,90,94	20,49,49,52,78,57	227,186,144,290,372,414	396,813,588,239,334,441	NA	NA	NA	NA	NA	8335	chr9	-	NA	NA	NA	NA	NA	NA	8335	257,259,374	400,1091,671	429,622,593	168,335,416	515	149	0	0	0.157,0.064,0.139	0.425,0.349,0.292	-0.235	NA	NA	NA	NA	0	-0.235	0.12000000000000001	0.35533333333333333	3052	2563	5615	NA	NA	NA	NA	125239420	125240309	125240675	125240907	NA	NA	NA	NA	NA	NA	NA	125239420	125240907	27,14,33,59,126,74	28,21,40,44,52,61	202,224,301,326,444,458	400,1091,671,168,335,416	NA	NA	NA	NA	NA
8361	ENSG00000135945.10	REV1	chr2	-	NA	NA	NA	NA	NA	NA	8361	232,185,226	37,47,76	56,65,113	34,80,68	446	149	2.2842989178e-7	4.239631789091238e-6	0.677,0.568,0.498	0.355,0.213,0.357	0.273	NA	NA	NA	NA	RI	chr2|-|99402243|99402800|99402243|99402346|99402643|99402800	4.239631789091238e-6	0.273	0.581	0.30833333333333335	803	416	1219	NA	NA	NA	NA	99402243	99402346	99402643	99402800	NA	NA	NA	NA	NA	NA	NA	99402243	99402800	32,17,29,12,13,22	49,85,84,13,14,23	151,83,113,31,38,68	37,47,76,34,80,68	NA	NA	NA	NA	NA	8361	chr2	-	NA	NA	NA	NA	NA	NA	8361	77,131,198	35,34,72	48,113,96	35,63,60	446	149	0.00189538555319	0.00909152768523781	0.424,0.563,0.479	0.314,0.375,0.348	0.143	NA	NA	NA	NA	0.00909152768523781	0.143	0.48866666666666664	0.3456666666666667	547	415	962	NA	NA	NA	NA	99402243	99402346	99402643	99402800	NA	NA	NA	NA	NA	NA	NA	99402243	99402800	22,64,41,7,28,19	13,22,48,12,33,28	42,45,109,29,52,49	35,34,72,35,63,60	NA	NA	NA	NA	NA
8374	ENSG00000177239.16	MAN1B1	chr9	+	NA	NA	NA	NA	NA	NA	8374	236,204,199	66,137,105	50,67,86	144,69,109	522	149	3.09462927506e-8	6.951013448596307e-7	0.505,0.298,0.351	0.09,0.217,0.184	0.221	NA	NA	NA	NA	RI	chr9|+|137106124|137106809|137106124|137106315|137106688|137106809	6.951013448596307e-7	0.221	0.38466666666666666	0.16366666666666665	947	525	1472	NA	NA	NA	NA	137106124	137106315	137106688	137106809	NA	NA	NA	NA	NA	NA	NA	137106124	137106809	50,18,36,6,8,9	109,103,90,24,25,46	77,83,73,20,34,31	66,137,105,144,69,109	NA	NA	NA	NA	NA	8374	chr9	+	NA	NA	NA	NA	NA	NA	8374	125,155,237	92,97,181	47,79,44	69,111,67	522	149	6.32218283836e-7	1.0251107806213352e-5	0.279,0.313,0.272	0.163,0.169,0.158	0.125	NA	NA	NA	NA	1.0251107806213352e-5	0.125	0.28800000000000003	0.16333333333333333	887	417	1304	NA	NA	NA	NA	137106124	137106315	137106688	137106809	NA	NA	NA	NA	NA	NA	NA	137106124	137106809	30,29,22,17,12,12	52,70,127,21,53,10	43,56,88,9,14,22	92,97,181,69,111,67	NA	NA	NA	NA	NA
8376	ENSG00000177239.16	MAN1B1	chr9	+	NA	NA	NA	NA	NA	NA	8376	76,58,60	4,0,1	20,5,11	3,5,9	236	149	1.18338486566e-7	2.363685992256391e-6	0.923,1.0,0.974	0.808,0.387,0.436	0.422	NA	NA	NA	NA	RI	chr9|+|137107249|137107662|137107249|137107447|137107534|137107662	2.363685992256391e-6	0.422	0.9656666666666667	0.5436666666666667	199	53	252	NA	NA	NA	NA	137107249	137107447	137107534	137107662	NA	NA	NA	NA	NA	NA	NA	137107249	137107662	25,14,36,10,3,2	60,34,39,10,3,10	0,10,0,0,0,0	4,0,1,3,5,9	NA	NA	NA	NA	NA	8376	chr9	+	NA	NA	NA	NA	NA	NA	8376	27,71,39	7,0,12	6,27,4	0,0,0	236	149	7.89419236258e-6	9.080576700499166e-5	0.709,1.0,0.672	1.0,1.0,1.0	-0.206	NA	NA	NA	NA	9.080576700499166e-5	-0.206	0.7936666666666666	1	156	37	193	NA	NA	NA	NA	137107249	137107447	137107534	137107662	NA	NA	NA	NA	NA	NA	NA	137107249	137107662	1,34,22,0,10,4	26,38,27,6,21,0	0,0,0,0,0,0	7,0,12,0,0,0	NA	NA	NA	NA	NA
8422	ENSG00000197355.11	UAP1L1	chr9	+	NA	NA	NA	NA	NA	NA	8422	802,740,761	158,141,171	85,216,245	46,72,68	721	149	5.58252241893e-4	0.00346478010859096	0.512,0.52,0.479	0.276,0.383,0.427	0.142	NA	NA	NA	NA	RI	chr9|+|137081997|137084538|137081997|137082064|137082636|137084538	0.00346478010859096	0.142	0.5036666666666667	0.362	2773	732	3505	NA	NA	NA	NA	137081997	137082064	137082636	137084538	NA	NA	NA	NA	NA	NA	NA	137081997	137084538	167,258,173,35,55,44	68,66,95,2,17,8	567,416,493,48,144,193	158,141,171,46,72,68	NA	NA	NA	NA	NA	8422	chr9	+	NA	NA	NA	NA	NA	NA	8422	647,1045,767	125,208,194	87,229,258	58,97,62	721	149	0.00174198042031	0.00844965442429886	0.517,0.509,0.45	0.237,0.328,0.462	0.15	NA	NA	NA	NA	0.00844965442429886	0.15	0.492	0.3423333333333333	2986	791	3777	NA	NA	NA	NA	137081997	137082064	137082636	137084538	NA	NA	NA	NA	NA	NA	NA	137081997	137084538	132,226,155,1,69,54	61,76,78,22,39,14	454,743,534,64,121,190	125,208,194,58,97,62	NA	NA	NA	NA	NA
8429	ENSG00000176978.15	DPP7	chr9	-	NA	NA	NA	NA	NA	NA	8429	686,738,789	553,631,691	342,487,468	647,639,769	222	149	1.91123783466e-11	9.015161847796247e-10	0.454,0.44,0.434	0.262,0.338,0.29	0.146	NA	NA	NA	NA	RI	chr9|-|137113205|137113496|137113205|137113287|137113360|137113496	9.015161847796247e-10	0.146	0.44266666666666665	0.2966666666666667	4088	3352	7440	NA	NA	NA	NA	137113205	137113287	137113360	137113496	NA	NA	NA	NA	NA	NA	NA	137113205	137113496	473,503,563,226,297,354	435,494,551,228,319,272	0,0,0,0,4,0	553,631,691,647,639,769	NA	NA	NA	NA	NA	8429	chr9	-	NA	NA	NA	NA	NA	NA	8429	563,756,907	435,556,852	290,476,451	509,632,600	222	149	1.59927593391e-9	4.873674307849688e-8	0.465,0.477,0.417	0.277,0.336,0.335	0.137	NA	NA	NA	NA	4.873674307849688e-8	0.137	0.453	0.316	4069	2958	7027	NA	NA	NA	NA	137113205	137113287	137113360	137113496	NA	NA	NA	NA	NA	NA	NA	137113205	137113496	364,534,663,195,353,304	379,521,540,215,268,294	0,0,0,0,0,0	435,556,852,509,632,600	NA	NA	NA	NA	NA
8500	ENSG00000104783.15	KCNN4	chr19	-	NA	NA	NA	NA	NA	NA	8500	176,89,249	132,78,147	8,18,13	63,70,137	599	149	0	0	0.249,0.221,0.296	0.031,0.06,0.023	0.217	NA	NA	NA	NA	RI	chr19|-|43766532|43767707|43766532|43767089|43767539|43767707	0	0.217	0.2553333333333333	0.038	871	309	1180	NA	NA	NA	NA	43766532	43767089	43767539	43767707	NA	NA	NA	NA	NA	NA	NA	43766532	43767707	55,29,56,1,0,3	35,37,111,3,8,2	86,23,82,4,10,8	132,78,147,63,70,137	NA	NA	NA	NA	NA	8500	chr19	-	NA	NA	NA	NA	NA	NA	8500	95,144,173	106,146,226	16,23,14	76,73,135	599	149	0	0	0.182,0.197,0.16	0.05,0.073,0.025	0.13	NA	NA	NA	NA	0	0.13	0.17966666666666667	0.04933333333333333	890	337	1227	NA	NA	NA	NA	43766532	43767089	43767539	43767707	NA	NA	NA	NA	NA	NA	NA	43766532	43767707	18,78,86,0,5,0	20,12,48,7,0,3	57,54,39,9,18,11	106,146,226,76,73,135	NA	NA	NA	NA	NA
8502	ENSG00000104783.15	KCNN4	chr19	-	NA	NA	NA	NA	NA	NA	8502	281,335,309	135,99,106	19,61,34	39,63,98	558	149	0	0	0.357,0.475,0.438	0.115,0.205,0.085	0.288	NA	NA	NA	NA	RI	chr19|-|43768962|43769560|43768962|43769032|43769441|43769560	0	0.288	0.42333333333333334	0.135	1265	314	1579	NA	NA	NA	NA	43768962	43769032	43769441	43769560	NA	NA	NA	NA	NA	NA	NA	43768962	43769560	85,172,124,8,16,11	115,86,78,9,9,6	81,77,107,2,36,17	135,99,106,39,63,98	NA	NA	NA	NA	NA	8502	chr19	-	NA	NA	NA	NA	NA	NA	8502	220,295,321	63,91,159	41,26,25	67,105,103	558	149	0	0	0.483,0.464,0.35	0.14,0.062,0.061	0.345	NA	NA	NA	NA	0	0.345	0.43233333333333335	0.08766666666666667	1149	367	1516	NA	NA	NA	NA	43768962	43769032	43769441	43769560	NA	NA	NA	NA	NA	NA	NA	43768962	43769560	104,94,124,9,2,15	58,65,100,22,20,8	58,136,97,10,4,2	63,91,159,67,105,103	NA	NA	NA	NA	NA
8627	ENSG00000120008.16	WDR11	chr10	+	NA	NA	NA	NA	NA	NA	8627	853,1090,1222	69,31,39	665,902,1093	75,72,86	903	149	2.74543687001e-4	0.00191524674481243	0.671,0.853,0.838	0.594,0.674,0.677	0.139	NA	NA	NA	NA	RI	chr10|+|120905875|120906855|120905875|120906021|120906775|120906855	0.00191524674481243	0.139	0.7873333333333333	0.6483333333333333	3304	2893	6197	NA	NA	NA	NA	120905875	120906021	120906775	120906855	NA	NA	NA	NA	NA	NA	NA	120905875	120906855	139,180,174,62,66,76	179,177,221,114,152,222	535,733,827,489,684,795	69,31,39,75,72,86	NA	NA	NA	NA	NA	8627	chr10	+	NA	NA	NA	NA	NA	NA	8627	762,1061,1129	6,44,34	642,800,914	48,59,68	903	149	4.02786763942e-8	9.192375598367852e-7	0.954,0.799,0.846	0.688,0.691,0.689	0.177	NA	NA	NA	NA	9.192375598367852e-7	0.177	0.8663333333333333	0.6893333333333332	3036	2531	5567	NA	NA	NA	NA	120905875	120906021	120906775	120906855	NA	NA	NA	NA	NA	NA	NA	120905875	120906855	128,168,131,71,75,116	98,204,239,114,211,135	536,689,759,457,514,663	6,44,34,48,59,68	NA	NA	NA	NA	NA
8630	ENSG00000107679.15	PLEKHA1	chr10	+	NA	NA	NA	NA	NA	NA	8630	383,429,316	16,29,16	101,218,203	16,24,19	6379	149	3.47598645063e-4	0.00233714352141043	0.359,0.257,0.316	0.128,0.175,0.2	0.143	NA	NA	NA	NA	RI	chr10|+|122417899|122424263|122417899|122417968|122424198|122424263	0.00233714352141043	0.143	0.31066666666666665	0.16766666666666666	1189	581	1770	NA	NA	NA	NA	122417899	122417968	122424198	122424263	NA	NA	NA	NA	NA	NA	NA	122417899	122424263	9,0,13,2,11,1	4,0,0,0,0,0	370,429,303,99,207,202	16,29,16,16,24,19	NA	NA	NA	NA	NA	8630	chr10	+	NA	NA	NA	NA	NA	NA	8630	283,350,394	9,5,50	147,181,132	17,16,44	6379	149	0.00133091424793	0.00677291280278701	0.423,0.621,0.155	0.168,0.209,0.065	0.252	NA	NA	NA	NA	0.00677291280278701	0.252	0.39966666666666667	0.14733333333333334	1091	537	1628	NA	NA	NA	NA	122417899	122417968	122424198	122424263	NA	NA	NA	NA	NA	NA	NA	122417899	122424263	3,0,1,5,0,0	0,4,1,0,0,0	280,346,392,142,181,132	9,5,50,17,16,44	NA	NA	NA	NA	NA
8661	ENSG00000177595.19	PIDD1	chr11	-	NA	NA	NA	NA	NA	NA	8661	273,378,235	233,348,210	47,90,132	123,154,156	398	149	4.69725434349e-6	6.025850132694703e-5	0.305,0.289,0.295	0.125,0.18,0.241	0.114	NA	NA	NA	NA	RI	chr11|-|799184|800244|799184|799565|799814|800244	6.025850132694703e-5	0.114	0.29633333333333334	0.182	1677	702	2379	NA	NA	NA	NA	799184	799565	799814	800244	NA	NA	NA	NA	NA	NA	NA	799184	800244	89,153,67,11,18,58	110,153,114,18,48,45	74,72,54,18,24,29	233,348,210,123,154,156	NA	NA	NA	NA	NA	8661	chr11	-	NA	NA	NA	NA	NA	NA	8661	201,187,355	194,316,278	67,115,64	125,207,163	398	149	4.10127465893e-5	3.6263155914982e-4	0.279,0.181,0.323	0.167,0.172,0.128	0.105	NA	NA	NA	NA	3.6263155914982e-4	0.105	0.261	0.15566666666666668	1531	741	2272	NA	NA	NA	NA	799184	799565	799814	800244	NA	NA	NA	NA	NA	NA	NA	799184	800244	68,59,157,26,39,15	81,95,127,24,41,23	52,33,71,17,35,26	194,316,278,125,207,163	NA	NA	NA	NA	NA
8662	ENSG00000177595.19	PIDD1	chr11	-	NA	NA	NA	NA	NA	NA	8662	518,517,539	236,316,258	93,136,174	152,155,267	265	149	0	0	0.552,0.479,0.54	0.256,0.33,0.268	0.239	NA	NA	NA	NA	RI	chr11|-|799814|800244|799814|800014|800130|800244	0	0.239	0.5236666666666667	0.2846666666666667	2384	977	3361	NA	NA	NA	NA	799814	800014	800130	800244	NA	NA	NA	NA	NA	NA	NA	799814	800244	166,195,168,36,45,88	384,327,396,60,90,99	0,4,0,0,4,6	236,316,258,152,155,267	NA	NA	NA	NA	NA	8662	chr11	-	NA	NA	NA	NA	NA	NA	8662	408,498,692	154,198,272	125,164,112	141,220,203	265	149	0	0	0.598,0.586,0.589	0.333,0.295,0.237	0.303	NA	NA	NA	NA	0	0.303	0.591	0.28833333333333333	2222	965	3187	NA	NA	NA	NA	799814	800014	800130	800244	NA	NA	NA	NA	NA	NA	NA	799814	800244	119,193,203,53,61,28	301,334,525,87,115,86	0,0,0,0,0,0	154,198,272,141,220,203	NA	NA	NA	NA	NA
8664	ENSG00000177595.19	PIDD1	chr11	-	NA	NA	NA	NA	NA	NA	8664	197,263,307	52,49,54	86,104,186	48,64,45	238	149	8.459016623e-4	0.00488262628568913	0.703,0.771,0.781	0.529,0.504,0.721	0.167	NA	NA	NA	NA	RI	chr11|-|800761|801120|800761|800912|801001|801120	0.00488262628568913	0.167	0.7516666666666667	0.5846666666666667	922	533	1455	NA	NA	NA	NA	800761	800912	801001	801120	NA	NA	NA	NA	NA	NA	NA	800761	801120	133,180,232,55,51,107	96,156,105,55,75,129	0,0,0,0,0,0	52,49,54,48,64,45	NA	NA	NA	NA	NA	8664	chr11	-	NA	NA	NA	NA	NA	NA	8664	307,272,281	30,33,55	120,156,122	31,30,36	238	149	0.00148558206213	0.00740217002739527	0.865,0.838,0.762	0.708,0.765,0.68	0.104	NA	NA	NA	NA	0.00740217002739527	0.104	0.8216666666666667	0.7176666666666667	978	495	1473	NA	NA	NA	NA	800761	800912	801001	801120	NA	NA	NA	NA	NA	NA	NA	800761	801120	253,185,176,81,114,88	70,146,158,50,84,84	0,0,1,0,1,0	30,33,55,31,30,36	NA	NA	NA	NA	NA
8666	ENSG00000177595.19	PIDD1	chr11	-	NA	NA	NA	NA	NA	NA	8666	167,190,142	115,150,72	39,31,49	73,98,115	489	149	2.22044604925e-16	2.3887324866668423e-14	0.307,0.278,0.375	0.14,0.088,0.115	0.206	NA	NA	NA	NA	RI	chr11|-|801444|802090|801444|801624|801964|802090	2.3887324866668423e-14	0.206	0.32	0.11433333333333334	836	405	1241	NA	NA	NA	NA	801444	801624	801964	802090	NA	NA	NA	NA	NA	NA	NA	801444	802090	20,9,6,0,0,3	37,84,73,14,14,16	110,97,63,25,17,30	115,150,72,73,98,115	NA	NA	NA	NA	NA	8666	chr11	-	NA	NA	NA	NA	NA	NA	8666	115,168,172	104,113,150	30,49,42	51,96,85	489	149	1.27364750968e-8	3.231746769309883e-7	0.252,0.312,0.259	0.152,0.135,0.131	0.135	NA	NA	NA	NA	3.231746769309883e-7	0.135	0.2743333333333333	0.13933333333333334	822	353	1175	NA	NA	NA	NA	801444	801624	801964	802090	NA	NA	NA	NA	NA	NA	NA	801444	802090	2,3,7,0,2,2	50,62,92,17,23,22	63,103,73,13,24,18	104,113,150,51,96,85	NA	NA	NA	NA	NA
