Length	GC	MaxEnt5	MaxEnt3	Group
282	0.5602836879432624	10.03	5.55	Constitutive
464	0.41379310344827586	7.76	8.15	Constitutive
4167	0.37868970482361414	9.79	9.47	Constitutive
826	0.42009685230024213	8.49	9.12	Constitutive
319	0.5172413793103449	9.89	8.97	Constitutive
16582	0.4308889156917139	6.92	6.49	Constitutive
1437	0.3743910925539318	8.88	6.31	Constitutive
1477	0.2985781990521327	9.14	8.88	Constitutive
56107	0.4606198870016219	7.16	8.2	Constitutive
2311	0.447858070099524	11.37	9.38	Constitutive
58697	0.5081179617356935	9.77	6.56	Constitutive
112	0.36607142857142855	10.47	5.77	Constitutive
6228	0.4365767501605652	9.45	12.34	Constitutive
4161	0.4520547945205479	10.22	13.17	Constitutive
772	0.38341968911917096	6.34	4.56	Constitutive
4114	0.384297520661157	9.27	8.57	Constitutive
28464	0.3621767847105115	8.59	11.1	Constitutive
2391	0.3316603931409452	9.01	11.5	Constitutive
6196	0.5127501613944481	11.37	4.17	Constitutive
4310	0.37331786542923434	5.07	4.23	Constitutive
5809	0.38440351179204685	9.04	6.42	Constitutive
4207	0.4250059424768243	9.99	8.52	Constitutive
86	0.6511627906976745	10.67	-2.94	Constitutive
17168	0.3708061509785648	9.88	9.38	Constitutive
8932	0.3696820420958352	2.98	10.32	Constitutive
536	0.47947761194029853	8.84	6.59	Constitutive
109	0.6055045871559633	7.53	7.71	Constitutive
2199	0.3797180536607549	6.63	7.01	Constitutive
1378	0.4702467343976778	9.25	8.8	Constitutive
408	0.5784313725490197	6.22	2.65	Constitutive
15822	0.44507647579319937	1.18	8.27	Constitutive
9276	0.39672272531263475	10.44	7.19	Constitutive
2234	0.39122649955237243	8.88	11.55	Constitutive
2383	0.3780948384389425	8.78	9.83	Constitutive
3147	0.4534477279949158	10.28	8.89	Constitutive
1879	0.34220329962746143	10.47	8.37	Constitutive
311	0.6270096463022508	9.48	9.61	Constitutive
1387	0.40951694304253783	8.56	2.85	Constitutive
169	0.35502958579881655	8.17	10.05	Constitutive
104	0.6153846153846154	8.16	10.79	Constitutive
81	0.5925925925925926	5.91	8.14	Constitutive
17499	0.49294245385450597	7.66	8.75	Constitutive
5062	0.5647965231133939	10.51	6.45	Constitutive
1131	0.3925729442970822	6.49	7.62	Constitutive
1189	0.37510513036164844	7.31	8.45	Constitutive
2464	0.5068993506493507	7.07	9.04	Constitutive
670	0.5746268656716418	7.61	7.94	Constitutive
869	0.5845799769850403	9.6	10.36	Constitutive
350	0.6142857142857143	8.56	11.12	Constitutive
1763	0.48099829835507657	11.0	6.51	Constitutive
2461	0.4124339699309224	9.79	9.63	Constitutive
4183	0.3779584030600048	5.46	5.61	Constitutive
416	0.6850961538461539	7.61	4.93	Constitutive
1510	0.3443708609271523	8.92	7.99	Constitutive
172	0.6104651162790697	10.07	9.97	Constitutive
1888	0.4078389830508475	9.72	4.34	Constitutive
2640	0.4954545454545455	8.95	12.7	Constitutive
117318	0.3728242895378373	8.94	6.09	Constitutive
16928	0.3567462192816635	7.96	6.41	Constitutive
1800	0.37444444444444447	8.59	7.02	Constitutive
3514	0.3969834945930563	10.36	12.48	Constitutive
3042	0.40433925049309666	8.76	10.64	Constitutive
480	0.66875	10.03	2.73	Constitutive
6578	0.3777743995135299	8.83	6.7	Constitutive
2880	0.5138888888888888	9.44	9.65	Constitutive
2460	0.47520325203252034	10.1	8.57	Constitutive
57915	0.39319692653025984	8.82	7.27	Constitutive
1349	0.3921423276501112	6.87	8.91	Constitutive
14016	0.3921232876712329	10.28	10.77	Constitutive
1470	0.49863945578231295	6.39	7.84	Constitutive
2986	0.5261219022103149	9.6	7.02	Constitutive
3072	0.494140625	9.22	12.39	Constitutive
3572	0.4185330347144457	11.37	7.89	Constitutive
97	0.6494845360824743	10.13	8.95	Constitutive
301	0.6013289036544851	6.74	6.72	Constitutive
2493	0.36341756919374246	8.98	9.81	Constitutive
257	0.7237354085603113	6.71	9.28	Constitutive
79	0.189873417721519	9.46	7.35	Constitutive
578	0.34429065743944637	-4.66	2.51	Constitutive
5619	0.45666488699056773	7.16	10.29	Constitutive
1558	0.36649550706033374	10.65	7.7	Constitutive
124	0.6612903225806451	7.21	9.17	Constitutive
1373	0.3219227967953387	7.54	5.02	Constitutive
133	0.556390977443609	8.91	6.25	Constitutive
1138	0.3998242530755712	11.08	5.77	Constitutive
343	0.3236151603498542	7.35	6.94	Constitutive
2187	0.35665294924554186	8.68	9.52	Constitutive
32834	0.3651093378814643	9.63	6.44	Constitutive
29219	0.41411410383654473	10.91	9.01	Constitutive
2884	0.3457004160887656	8.3	10.2	Constitutive
1046	0.4961759082217973	7.61	10.37	Constitutive
1364	0.374633431085044	10.67	5.35	Constitutive
389	0.596401028277635	8.73	10.36	Constitutive
736	0.36820652173913043	9.12	5.26	Constitutive
113	0.6194690265486725	9.16	7.5	Constitutive
1332	0.4219219219219219	9.13	10.28	Constitutive
23955	0.43097474431225213	9.88	5.71	Constitutive
2131	0.337400281557954	7.44	7.13	Constitutive
315	0.6730158730158731	10.24	10.38	Constitutive
1625	0.528	10.65	9.29	Constitutive
41796	0.3807302134175519	8.49	4.14	Constitutive
2644	0.42208774583963693	11.08	7.42	Constitutive
776	0.5554123711340206	9.65	8.65	Constitutive
879	0.5392491467576792	10.47	13.01	Constitutive
920	0.6826086956521739	6.79	3.39	Constitutive
436	0.43119266055045874	9.72	9.06	Constitutive
1701	0.5120517342739564	7.0	7.48	Constitutive
874	0.3146453089244851	10.08	7.68	Constitutive
951	0.38380651945320715	2.76	6.44	Constitutive
228	0.5921052631578947	9.22	8.86	Constitutive
27523	0.44755295570977	3.3	7.45	Constitutive
457	0.6520787746170679	9.6	13.34	Constitutive
6852	0.45504962054874487	8.66	4.73	Constitutive
388	0.5103092783505154	2.88	7.5	Constitutive
285	0.5719298245614035	8.68	8.23	Constitutive
67538	0.37035446711480946	10.65	7.98	Constitutive
15550	0.4982636655948553	10.51	13.1	Constitutive
1508	0.5431034482758621	9.88	10.32	Constitutive
3923	0.37649757838388986	6.53	11.57	Constitutive
7018	0.46665716728412654	7.15	10.83	Constitutive
79035	0.4181059024482824	8.68	11.58	Constitutive
11001	0.3532406144895919	10.67	12.79	Constitutive
9880	0.3797570850202429	11.0	8.62	Constitutive
565	0.7929203539823009	4.0	9.07	Constitutive
684	0.4093567251461988	9.06	7.71	Constitutive
2641	0.518742900416509	9.24	8.88	Constitutive
29464	0.3855552538691284	10.67	5.48	Constitutive
3649	0.48643463962729516	9.25	10.33	Constitutive
2407	0.46032405484004985	4.88	8.94	Constitutive
111	0.6306306306306306	5.06	9.26	Constitutive
725	0.5144827586206897	6.71	11.19	Constitutive
207	0.7342995169082126	4.44	11.88	Constitutive
813	0.2829028290282903	8.27	5.58	Constitutive
188	0.30319148936170215	4.58	9.18	Constitutive
2934	0.4161554192229039	4.58	9.33	Constitutive
227	0.5726872246696035	0.67	9.09	Constitutive
4447	0.4405217000224871	9.85	10.6	Constitutive
1193	0.5247275775356245	6.35	6.2	Constitutive
149	0.21476510067114093	8.88	10.44	Constitutive
152	0.5131578947368421	10.86	8.91	Constitutive
81	0.345679012345679	5.02	6.84	Constitutive
547	0.3016453382084095	1.76	10.01	Constitutive
5654	0.3547930668553237	8.49	6.64	Constitutive
1092	0.3516483516483517	11.0	6.57	Constitutive
1714	0.40373395565927656	7.54	9.95	Constitutive
86	0.37209302325581395	10.06	9.68	Constitutive
15593	0.3843391265311358	8.56	-13.31	Constitutive
872	0.37270642201834864	9.45	6.94	Constitutive
13500	0.3662222222222222	3.27	11.41	Constitutive
2373	0.4407922461019806	10.47	7.39	Constitutive
1062	0.4293785310734463	6.6	7.99	Constitutive
2780	0.410431654676259	10.06	4.09	Constitutive
720	0.6097222222222223	10.75	4.87	Constitutive
2841	0.4948961633227737	8.37	7.25	Constitutive
318	0.6069182389937107	7.43	10.64	Constitutive
87	0.26436781609195403	9.45	9.4	Constitutive
1069	0.42282507015902715	6.14	8.39	Constitutive
151	0.25165562913907286	7.0	5.53	Constitutive
3065	0.36541598694942906	7.43	8.84	Constitutive
3317	0.4250829062405788	9.25	9.95	Constitutive
1016	0.5856299212598425	10.49	3.61	Constitutive
7184	0.34757795100222716	6.06	6.43	Constitutive
107	0.34579439252336447	8.82	7.47	Constitutive
344	0.6191860465116279	9.2	10.72	Constitutive
321	0.5669781931464174	6.04	11.42	Constitutive
22278	0.42539725289523295	6.74	8.94	Constitutive
1246	0.4157303370786517	10.67	6.21	Constitutive
643	0.3810264385692068	9.09	8.3	Constitutive
1202	0.30948419301164726	2.93	5.89	Constitutive
4426	0.4430637144148215	8.07	10.15	Constitutive
819	0.29304029304029305	9.46	6.13	Constitutive
148	0.5608108108108109	8.68	7.49	Constitutive
3354	0.39087656529516995	9.06	9.42	Constitutive
3539	0.4588866911556937	8.98	8.73	Constitutive
45159	0.38023428331008213	8.38	7.08	Constitutive
4166	0.5021603456553049	10.67	12.57	Constitutive
97149	0.47837857311964094	10.08	11.19	Constitutive
80	0.775	6.9	10.99	Constitutive
331	0.5015105740181269	10.13	13.32	Constitutive
328	0.7926829268292683	10.05	5.52	Constitutive
544	0.53125	8.68	7.73	Constitutive
525	0.30095238095238097	9.85	6.53	Constitutive
970	0.311340206185567	10.22	7.72	Constitutive
1085	0.5262672811059907	8.62	14.74	Constitutive
286	0.5594405594405595	9.14	9.68	Constitutive
994	0.317907444668008	8.35	10.32	Constitutive
4206	0.4322396576319544	10.67	12.86	Constitutive
941	0.4537725823591923	9.72	9.74	Constitutive
3350	0.5170149253731343	8.05	0.52	Constitutive
132	0.30303030303030304	7.25	10.43	Constitutive
228	0.5350877192982456	4.88	9.8	Constitutive
27259	0.4656810594665982	10.67	11.97	Constitutive
1346	0.324665676077266	7.46	9.87	Constitutive
92	0.6413043478260869	7.4	7.75	Constitutive
5591	0.5199427651582901	10.13	5.71	Constitutive
2305	0.4980477223427332	6.43	7.23	Constitutive
866	0.5935334872979214	8.3	7.0	Constitutive
4116	0.48858114674441205	9.72	10.1	Constitutive
292	0.5547945205479452	10.9	11.71	Constitutive
4511	0.3569053424961206	7.44	8.04	Constitutive
73237	0.4344388765241613	9.2	9.48	Constitutive
310	0.5419354838709678	10.86	8.79	Constitutive
3749	0.3056815150706855	9.45	8.4	Constitutive
82	0.8048780487804879	6.64	8.54	Constitutive
345	0.5971014492753624	6.36	10.17	Constitutive
199	0.5025125628140703	4.58	7.21	Constitutive
950	0.42947368421052634	8.55	8.71	Constitutive
97	0.36082474226804123	6.79	7.75	Constitutive
3520	0.42357954545454546	8.94	11.73	Constitutive
833	0.5702280912364946	-3.87	-3.65	Constitutive
13103	0.4034953827367778	11.08	7.2	Constitutive
26146	0.4145949667253117	7.2	6.75	Constitutive
10781	0.4274186068082738	10.28	12.71	Constitutive
89	0.651685393258427	8.69	9.06	Constitutive
274	0.3102189781021898	6.93	4.98	Constitutive
6475	0.4783011583011583	9.79	11.31	Constitutive
5213	0.42566660272395934	10.47	6.14	Constitutive
277	0.38267148014440433	7.66	8.29	Constitutive
797	0.533249686323714	8.23	10.12	Constitutive
982	0.5784114052953157	4.41	8.89	Constitutive
4452	0.5496406109613656	11.08	10.55	Constitutive
156	0.3141025641025641	10.28	7.13	Constitutive
87	0.6551724137931034	7.07	8.1	Constitutive
9693	0.36706901887960386	8.0	10.61	Constitutive
426	0.4014084507042254	6.95	6.56	Constitutive
670	0.29402985074626864	9.72	9.66	Constitutive
950	0.42947368421052634	8.55	8.71	Constitutive
16947	0.38649908538384375	8.84	3.77	Constitutive
2143	0.4456369575361643	8.35	12.02	Constitutive
603	0.538971807628524	6.64	6.79	Constitutive
2491	0.48615014050582095	8.54	10.64	Constitutive
15286	0.5278032186314274	5.89	12.79	Constitutive
377	0.6684350132625995	6.92	7.39	Constitutive
299	0.6555183946488294	9.89	6.8	Constitutive
77	0.45454545454545453	9.81	9.15	Constitutive
3721	0.5936576189196453	7.47	7.1	Constitutive
3054	0.5013097576948264	10.07	8.46	Constitutive
538	0.604089219330855	7.93	8.96	Constitutive
5936	0.4898921832884097	8.35	8.11	Constitutive
2077	0.39046701974000964	10.86	9.44	Constitutive
169	0.5384615384615384	9.81	10.56	Constitutive
334	0.4880239520958084	4.51	9.67	Constitutive
7532	0.4761019649495486	10.1	12.78	Constitutive
1514	0.5495376486129459	5.56	10.9	Constitutive
87	0.6896551724137931	8.73	9.19	Constitutive
118	0.6610169491525424	5.97	6.52	Constitutive
2898	0.4478951000690131	9.04	9.46	Constitutive
115266	0.3302708517689518	10.28	10.02	Constitutive
183	0.5300546448087432	9.82	6.44	Constitutive
1269	0.41292356185973206	9.6	1.7	Constitutive
134	0.7089552238805971	9.46	11.58	Constitutive
594	0.43265993265993263	3.48	8.79	Constitutive
89	0.6966292134831461	9.14	8.24	Constitutive
3945	0.4803548795944233	8.28	3.15	Constitutive
83	0.1927710843373494	6.95	5.36	Constitutive
1758	0.2838452787258248	2.39	-0.38	Constitutive
1423	0.4314827828531272	11.01	5.97	Constitutive
3960	0.3696969696969697	9.82	10.72	Constitutive
1539	0.3313840155945419	9.16	7.81	Constitutive
2109	0.3385490753911807	3.69	10.15	Constitutive
130	0.7230769230769231	9.2	6.49	Constitutive
2118	0.4711992445703494	7.51	8.58	Constitutive
71	0.704225352112676	9.85	1.03	Constitutive
1049	0.6434699714013346	5.97	11.87	Constitutive
361	0.6565096952908587	8.23	9.57	Constitutive
2302	0.4622067767158992	9.63	11.89	Constitutive
1245	0.40481927710843374	8.76	8.49	Constitutive
4319	0.406807131280389	7.43	9.34	Constitutive
6268	0.39709636247606894	9.46	10.43	Constitutive
5845	0.3546621043627032	10.28	3.25	Constitutive
1072	0.3582089552238806	1.03	4.71	Constitutive
4576	0.41914335664335667	10.57	11.53	Constitutive
6020	0.41661129568106314	11.08	6.06	Constitutive
1415	0.3512367491166078	7.39	9.66	Constitutive
89	0.651685393258427	10.67	6.2	Constitutive
7124	0.37113980909601346	4.86	8.03	Constitutive
3126	0.5121561100447857	9.46	10.93	Constitutive
1845	0.3804878048780488	3.25	10.29	Constitutive
213	0.3380281690140845	7.3	10.27	Constitutive
88	0.4659090909090909	8.98	8.52	Constitutive
431	0.2505800464037123	9.43	6.66	Constitutive
20172	0.43704144358516755	2.9	13.77	Constitutive
856	0.3399532710280374	9.46	10.07	Constitutive
27483	0.39202416039005933	10.24	10.89	Constitutive
26151	0.36855187182134524	9.89	9.04	Constitutive
146	0.5821917808219178	7.79	5.84	Constitutive
225	0.6	7.77	7.3	Constitutive
208	0.25961538461538464	5.39	10.07	Constitutive
1170	0.4700854700854701	10.57	5.97	Constitutive
5663	0.5286950379657426	8.14	9.85	Constitutive
1708	0.547423887587822	10.77	4.96	Constitutive
410	0.6121951219512195	4.52	6.82	Constitutive
9986	0.39445223312637695	8.54	7.28	Constitutive
152	0.5789473684210527	8.41	10.24	Constitutive
1118	0.5107334525939177	7.43	13.16	Constitutive
12173	0.4502587694077056	10.77	10.38	Constitutive
1760	0.4	7.06	8.45	Constitutive
236	0.6313559322033898	9.85	6.62	Constitutive
10522	0.5058924158905151	11.08	7.56	Constitutive
1695	0.4265486725663717	10.08	8.12	Constitutive
211	0.5355450236966824	4.94	5.16	Constitutive
2621	0.3037008775276612	9.11	2.25	Constitutive
1510	0.40397350993377484	8.59	4.59	Constitutive
1258	0.4872813990461049	9.73	12.04	Constitutive
8620	0.3751740139211137	7.79	10.61	Constitutive
8650	0.6107514450867052	10.9	8.57	Constitutive
92	0.4782608695652174	7.65	8.35	Constitutive
973	0.44398766700924974	9.22	12.06	Constitutive
1030	0.3786407766990291	9.48	10.09	Constitutive
2367	0.3358681875792142	9.06	8.66	Constitutive
89	0.6741573033707865	4.68	-3.88	Constitutive
47852	0.4053122126556884	9.89	10.29	Constitutive
1500	0.35733333333333334	10.77	11.74	Constitutive
5941	0.37889244234977276	3.96	9.29	Constitutive
2985	0.45025125628140705	8.34	7.5	Constitutive
84	0.6547619047619048	7.2	9.66	Constitutive
762	0.5131233595800525	10.9	8.42	Constitutive
1064	0.5169172932330827	10.51	9.36	Constitutive
1787	0.6317851147174035	10.07	9.2	Constitutive
1599	0.3908692933083177	4.82	11.77	Constitutive
2852	0.5645161290322581	2.57	8.81	Constitutive
820	0.45121951219512196	8.62	7.39	Constitutive
15524	0.5335609379026024	9.44	12.96	Constitutive
1902	0.38801261829652994	10.06	6.75	Constitutive
81	0.2716049382716049	9.22	5.16	Constitutive
401	0.29177057356608477	10.08	8.52	Constitutive
831	0.44765342960288806	4.78	8.79	Constitutive
3323	0.37255492025278364	9.79	8.13	Constitutive
3024	0.5337301587301587	9.16	10.19	Constitutive
42429	0.37363595653915954	7.61	9.67	Constitutive
10015	0.5071392910634049	10.77	6.9	Constitutive
5295	0.42455146364494806	9.1	14.31	Constitutive
140	0.6785714285714286	7.77	10.94	Constitutive
2715	0.40810313075506444	3.45	4.4	Constitutive
2417	0.49606950765411667	9.6	8.25	Constitutive
1530	0.32679738562091504	10.77	5.95	Constitutive
1226	0.27732463295269166	4.37	11.4	Constitutive
156	0.48717948717948717	8.02	6.58	Constitutive
855	0.4421052631578947	5.91	10.89	Constitutive
1337	0.5579655946148093	8.67	5.83	Constitutive
204	0.3284313725490196	8.4	7.16	Constitutive
1140	0.5017543859649123	-4.71	2.53	Constitutive
1239	0.31799838579499595	5.66	12.05	Constitutive
3527	0.4241565069464134	8.73	7.94	Constitutive
694	0.3919308357348703	9.46	7.1	Constitutive
107	0.6448598130841121	7.61	10.2	Constitutive
2131	0.4697325199436884	9.13	9.15	Constitutive
1110	0.5126126126126126	7.7	7.41	Constitutive
8519	0.44207066557107644	7.82	11.91	Constitutive
218	0.3348623853211009	10.11	7.05	Constitutive
1125	0.2995555555555556	8.04	4.93	Constitutive
5550	0.5066666666666667	6.41	11.0	Constitutive
40247	0.5113424603076006	7.82	0.98	Constitutive
68339	0.371281405932191	8.46	5.15	Constitutive
3334	0.42291541691661666	10.77	8.88	Constitutive
1959	0.31546707503828486	3.77	7.05	Constitutive
711	0.6455696202531646	8.07	7.62	Constitutive
1238	0.5008077544426495	6.69	8.3	Constitutive
3426	0.396964389959136	9.72	5.17	Constitutive
19193	0.3760746105350909	10.24	11.97	Constitutive
3865	0.3943078913324709	9.45	11.55	Constitutive
2526	0.3950910530482977	8.83	9.61	Constitutive
6855	0.462727935813275	9.88	9.66	Constitutive
92	0.5760869565217391	8.1	8.12	Constitutive
115	0.6260869565217392	10.91	9.84	Constitutive
434	0.25806451612903225	10.06	7.75	Constitutive
469	0.5671641791044776	6.62	9.24	Constitutive
1490	0.6228187919463087	3.32	11.49	Constitutive
5254	0.3983631518842786	10.03	5.69	Constitutive
12932	0.3765078874110733	8.88	11.41	Constitutive
1059	0.364494806421152	4.87	10.77	Constitutive
4451	0.4500112334306897	6.84	10.27	Constitutive
6337	0.4052390721161433	6.45	10.1	Constitutive
3648	0.37225877192982454	9.6	10.18	Constitutive
229	0.3624454148471616	8.14	6.14	Constitutive
2936	0.47649863760217986	9.99	9.01	Constitutive
28147	0.4070416030127545	9.22	9.96	Constitutive
2770	0.36570397111913355	9.81	10.81	Constitutive
1677	0.47465712581991654	7.3	8.78	Constitutive
144	0.5208333333333334	11.01	6.3	Constitutive
80	0.6375	9.79	12.24	Constitutive
691	0.6743849493487699	8.28	11.16	Constitutive
1101	0.45958219800181654	11.0	3.73	Constitutive
152	0.5723684210526315	-1.95	10.44	Constitutive
956	0.4884937238493724	9.22	8.37	Constitutive
500	0.538	9.1	11.19	Constitutive
1344	0.3318452380952381	10.75	8.89	Constitutive
4298	0.3592368543508609	8.95	7.59	Constitutive
219	0.5707762557077626	8.99	13.28	Constitutive
1084	0.3247232472324723	9.46	7.48	Constitutive
10591	0.4551033896704749	9.4	10.08	Constitutive
213	0.5211267605633803	9.04	5.14	Constitutive
23858	0.3973509933774834	6.77	11.82	Constitutive
10211	0.38830672803838995	4.84	13.7	Constitutive
2073	0.43463579353593823	4.51	10.01	Constitutive
212	0.42452830188679247	9.05	8.59	Constitutive
371	0.4420485175202156	8.38	11.52	Constitutive
12144	0.3493906455862978	9.55	7.75	Constitutive
1557	0.4881181759794477	10.08	9.32	Constitutive
80	0.3125	6.12	6.9	Constitutive
1465	0.4300341296928328	6.6	11.52	Constitutive
845	0.31597633136094677	8.69	2.39	Constitutive
3415	0.43396778916544654	9.66	11.14	Constitutive
5299	0.43895074542366486	8.68	8.4	Constitutive
78	0.5769230769230769	7.29	7.41	Constitutive
5027	0.45195941913666204	11.0	11.55	Constitutive
419	0.5584725536992841	8.73	10.06	Constitutive
414	0.28502415458937197	9.11	0.86	Constitutive
498	0.321285140562249	7.2	9.06	Constitutive
3065	0.5070146818923328	4.94	8.18	Constitutive
147	0.6666666666666666	7.15	7.54	Constitutive
694	0.27953890489913547	7.76	4.86	Constitutive
439	0.37585421412300685	9.86	8.29	Constitutive
818	0.6491442542787286	5.92	6.52	Constitutive
5770	0.39601386481802425	11.37	8.42	Constitutive
2925	0.3524786324786325	10.22	5.79	Constitutive
451	0.623059866962306	8.37	7.05	Constitutive
7650	0.3597385620915033	9.65	7.73	Constitutive
3088	0.602979274611399	11.0	7.88	Constitutive
148	0.33783783783783783	6.64	8.28	Constitutive
27612	0.33847602491670287	7.36	10.06	Constitutive
13030	0.3408288564850345	9.65	9.89	Constitutive
504	0.4305555555555556	9.8	7.24	Constitutive
1818	0.4647964796479648	6.64	11.4	Constitutive
7203	0.4152436484798001	8.92	12.98	Constitutive
538	0.45724907063197023	10.08	8.29	Constitutive
812	0.5862068965517241	9.46	9.3	Constitutive
11879	0.40912534725145216	8.56	9.45	Constitutive
619	0.5815831987075929	3.97	8.35	Constitutive
6574	0.45938545786431395	4.05	2.07	Constitutive
701	0.3238231098430813	10.67	9.3	Constitutive
2604	0.4558371735791091	10.47	11.85	Constitutive
1963	0.38206826286296486	8.35	6.35	Constitutive
331	0.6253776435045317	2.31	-3.62	Constitutive
10993	0.36041117074501955	7.97	10.63	Constitutive
114	0.37719298245614036	5.29	10.41	Constitutive
1464	0.5020491803278688	10.28	5.99	Constitutive
983	0.6154628687690743	7.93	10.76	Constitutive
1145	0.422707423580786	9.6	6.89	Constitutive
11293	0.4370849198618613	7.3	12.51	Constitutive
100	0.62	7.75	10.39	Constitutive
18955	0.4113426536533896	10.65	7.23	Constitutive
84	0.5476190476190477	9.01	4.52	Constitutive
1240	0.5145161290322581	10.1	7.77	Constitutive
234	0.26495726495726496	10.86	10.35	Constitutive
223	0.36771300448430494	8.37	9.24	Constitutive
2217	0.44248985115020295	8.68	10.16	Constitutive
358	0.6089385474860335	5.37	9.98	Constitutive
4951	0.42658048879014343	4.43	10.08	Constitutive
562	0.4679715302491103	4.05	9.19	Constitutive
2418	0.44086021505376344	7.0	11.76	Constitutive
2380	0.5352941176470588	8.68	6.93	Constitutive
1491	0.45875251509054327	9.6	9.16	Constitutive
1582	0.4361567635903919	10.03	4.63	Constitutive
123	0.21951219512195122	10.44	5.37	Constitutive
533	0.6135084427767354	8.27	9.35	Constitutive
36126	0.3544538559486243	9.14	10.24	Constitutive
1681	0.5080309339678762	7.13	8.51	Constitutive
914	0.4201312910284464	7.64	11.73	Constitutive
1147	0.27898866608544026	9.07	7.55	Constitutive
247	0.340080971659919	8.49	12.04	Constitutive
134	0.6119402985074627	8.41	11.77	Constitutive
93769	0.36295577429640924	10.77	9.89	Constitutive
1998	0.49099099099099097	6.74	8.4	Constitutive
11874	0.3854640390769749	9.25	5.2	Constitutive
106	0.5660377358490566	8.16	0.87	Constitutive
952	0.46218487394957986	7.23	10.29	Constitutive
974	0.36858316221765913	9.04	5.96	Constitutive
2921	0.3731598767545361	10.65	6.91	Constitutive
7620	0.32467191601049866	10.13	10.18	Constitutive
2421	0.3312680710450227	6.91	7.52	Constitutive
1650	0.44606060606060605	5.91	1.4	Constitutive
8447	0.3654551911921392	9.31	7.44	Constitutive
345	0.3130434782608696	8.54	7.53	Constitutive
142	0.5985915492957746	9.63	9.46	Constitutive
235	0.7106382978723405	8.07	10.49	Constitutive
1276	0.44043887147335425	7.88	-0.96	Constitutive
591	0.5634517766497462	6.32	8.02	Constitutive
9499	0.43057163911990737	8.3	7.74	Constitutive
708	0.4081920903954802	10.91	6.71	Constitutive
104	0.5961538461538461	9.46	7.93	Constitutive
1597	0.35629304946775203	-1.2	8.9	Constitutive
1857	0.39041464728056	8.62	11.71	Constitutive
876	0.519406392694064	10.28	9.41	Constitutive
3150	0.4777777777777778	10.08	9.48	Constitutive
1913	0.31312075274438056	11.78	7.44	Constitutive
1403	0.42908054169636495	9.11	7.04	Constitutive
547	0.5612431444241316	9.16	7.16	Constitutive
23188	0.428109366913921	8.3	5.04	Constitutive
119	0.44537815126050423	8.4	6.78	Constitutive
343	0.5422740524781341	7.2	3.21	Constitutive
14521	0.39219062048068315	8.62	9.96	Constitutive
2172	0.43370165745856354	4.41	11.11	Constitutive
7598	0.423006054224796	10.77	10.16	Constitutive
250	0.636	10.9	11.39	Constitutive
26390	0.35047366426676774	8.68	4.28	Constitutive
18215	0.39544331594839416	9.66	7.93	Constitutive
238	0.48739495798319327	9.79	10.44	Constitutive
4087	0.5013457303645706	3.85	6.01	Constitutive
3599	0.4106696304529036	9.65	8.18	Constitutive
5296	0.34441087613293053	6.25	10.9	Constitutive
216	0.3472222222222222	4.06	7.22	Constitutive
306	0.5816993464052288	9.04	12.8	Constitutive
1960	0.45102040816326533	8.94	9.68	Constitutive
9843	0.427613532459616	10.22	9.14	Constitutive
63093	0.3916599305786696	9.25	11.32	Constitutive
958	0.3705636743215031	7.57	8.25	Constitutive
2096	0.3797709923664122	9.6	-1.79	Constitutive
321	0.35202492211838005	9.27	8.12	Constitutive
562	0.33807829181494664	9.07	5.61	Constitutive
710	0.5169014084507042	6.93	3.05	Constitutive
230	0.41304347826086957	10.36	6.89	Constitutive
38807	0.4535521941917695	6.9	11.31	Constitutive
546	0.5915750915750916	5.34	9.05	Constitutive
600	0.5433333333333333	10.28	10.07	Constitutive
6830	0.4658857979502196	7.33	10.45	Constitutive
520	0.5019230769230769	5.55	10.32	Constitutive
292	0.5102739726027398	0.93	12.13	Constitutive
1457	0.4900480439258751	6.84	10.0	Constitutive
2279	0.4848617814831066	8.61	6.3	Constitutive
923	0.37594799566630555	1.02	7.18	Constitutive
7188	0.387590428491931	8.68	8.28	Constitutive
4165	0.33733493397358943	8.7	6.61	Constitutive
1302	0.434715821812596	10.47	11.2	Constitutive
921	0.5689467969598263	8.56	12.27	Constitutive
86	0.7441860465116279	6.46	3.99	Constitutive
627	0.39553429027113235	6.23	8.54	Constitutive
542	0.492619926199262	9.79	14.29	Constitutive
93	0.3118279569892473	9.57	9.86	Constitutive
110	0.4090909090909091	8.55	5.09	Constitutive
1227	0.4083129584352078	10.47	7.36	Constitutive
1060	0.27264150943396226	7.8	2.89	Constitutive
432	0.6736111111111112	4.08	12.44	Constitutive
916	0.3482532751091703	9.11	8.99	Constitutive
839	0.3539928486293206	6.25	6.44	Constitutive
1448	0.38950276243093923	8.31	9.79	Constitutive
1365	0.42344322344322344	10.77	7.25	Constitutive
5467	0.3003475397841595	9.79	6.2	Constitutive
94	0.7021276595744681	8.41	10.36	Constitutive
2748	0.5287481804949054	8.4	9.26	Constitutive
32821	0.37119527132019137	8.4	9.2	Constitutive
605	0.5173553719008265	7.31	9.14	Constitutive
196	0.49489795918367346	8.95	12.49	Constitutive
2743	0.4287276704338316	10.57	4.08	Constitutive
3018	0.4592445328031809	8.41	8.79	Constitutive
224462	0.3958041895732908	9.89	6.59	Constitutive
2526	0.4247822644497229	9.8	5.33	Constitutive
9839	0.4015651997154182	10.47	9.94	Constitutive
1725	0.4568115942028986	9.06	10.05	Constitutive
288	0.2638888888888889	9.8	10.5	Constitutive
2503	0.362365161805833	6.6	8.85	Constitutive
83	0.7710843373493976	7.93	7.22	Constitutive
49775	0.3821597187343044	9.45	7.56	Constitutive
2076	0.5096339113680154	7.96	8.22	Constitutive
80	0.6375	8.95	8.44	Constitutive
5468	0.44147768836869056	10.1	5.88	Constitutive
1894	0.3595564941921858	10.57	7.63	Constitutive
329	0.6534954407294833	9.25	7.99	Constitutive
1633	0.2908756889161053	6.77	10.81	Constitutive
250	0.536	10.07	12.53	Constitutive
4813	0.4994805734469146	8.73	10.95	Constitutive
96	0.65625	10.1	12.22	Constitutive
298	0.6174496644295302	6.64	5.03	Constitutive
1345	0.5576208178438662	9.79	9.47	Constitutive
34965	0.3927069927069927	9.72	8.56	Constitutive
18312	0.41874180865006555	10.29	8.58	Constitutive
179	0.5810055865921788	5.99	7.51	Constitutive
1014	0.534516765285996	8.39	10.65	Constitutive
10593	0.4072500708014727	10.65	7.04	Constitutive
4144	0.458976833976834	10.49	2.67	Constitutive
5854	0.5251110351896139	9.04	10.03	Constitutive
8390	0.3847437425506555	7.83	10.6	Constitutive
59939	0.35187440564573985	7.31	9.69	Constitutive
2911	0.4331844726897973	10.03	8.26	Constitutive
239	0.6276150627615062	10.17	5.42	Constitutive
1252	0.5431309904153354	10.67	6.99	Constitutive
3312	0.4338768115942029	-0.63	10.62	Constitutive
1586	0.3228247162673392	6.41	10.17	Constitutive
8413	0.45061214786639725	7.93	11.84	Constitutive
17917	0.443601049282804	5.49	8.96	Constitutive
1669	0.347513481126423	8.29	10.9	Constitutive
133	0.2631578947368421	8.31	5.79	Constitutive
1596	0.6127819548872181	6.6	11.43	Constitutive
1654	0.5084643288996372	5.37	10.74	Constitutive
6297	0.41225980625694775	7.83	9.47	Constitutive
787	0.48284625158831	5.88	6.98	Constitutive
4575	0.3718032786885246	10.08	7.1	Constitutive
328	0.801829268292683	6.05	10.43	Constitutive
877	0.5096921322690992	10.08	10.18	Constitutive
33794	0.3844173521926969	6.62	11.32	Constitutive
3485	0.3652797704447633	7.79	9.14	Constitutive
2659	0.3948852952237683	10.67	8.95	Constitutive
15238	0.36881480509253184	3.33	11.76	Constitutive
4574	0.49606471359860077	8.63	4.12	Constitutive
1277	0.5035238841033672	7.93	10.93	Constitutive
1013	0.3050345508390918	9.11	9.06	Constitutive
2126	0.4670743179680151	7.33	5.78	Constitutive
897	0.5061315496098104	9.06	7.12	Constitutive
1010	0.4158415841584158	5.87	9.98	Constitutive
3388	0.42355371900826444	8.59	5.7	Constitutive
406	0.5763546798029556	8.7	8.95	Constitutive
291	0.6838487972508591	6.25	0.01	Constitutive
1495	0.47157190635451507	8.27	8.36	Constitutive
1557	0.3622350674373796	9.99	8.75	Constitutive
109	0.7247706422018348	3.6	7.48	Constitutive
689	0.2888243831640058	10.57	9.41	Constitutive
646	0.3065015479876161	9.81	9.98	Constitutive
7846	0.48916645424420085	9.82	10.42	Constitutive
2441	0.38918476034412125	11.01	8.28	Constitutive
2933	0.5005114217524719	10.67	7.61	Constitutive
293	0.6006825938566553	8.04	10.9	Constitutive
1350	0.4148148148148148	8.34	8.82	Constitutive
9250	0.3945945945945946	8.68	11.61	Constitutive
22796	0.40331637129320935	6.77	12.09	Constitutive
1286	0.5754276827371695	8.85	12.18	Constitutive
1285	0.48093385214007783	9.35	9.2	Constitutive
4730	0.42917547568710357	6.69	5.36	Constitutive
874	0.5125858123569794	8.3	6.27	Constitutive
86	0.3488372093023256	4.94	7.23	Constitutive
2289	0.400174748798602	7.51	10.59	Constitutive
1342	0.334575260804769	5.87	9.04	Constitutive
10054	0.3343942709369405	9.72	8.16	Constitutive
1099	0.3903548680618744	7.65	9.9	Constitutive
829	0.3208685162846803	6.23	7.97	Constitutive
3210	0.42305295950155763	9.11	9.88	Constitutive
899	0.41824249165739713	5.24	7.68	Constitutive
1097	0.4038286235186873	10.86	8.66	Constitutive
2503	0.39432680783060325	6.42	9.71	Constitutive
55077	0.41242260834831235	8.76	8.89	Constitutive
1557	0.3937058445728966	8.99	3.43	Constitutive
85	0.6470588235294118	5.87	7.42	Constitutive
2077	0.3870967741935484	7.43	8.97	Constitutive
263112	0.36576438930949556	8.99	10.52	Constitutive
8418	0.3624376336421953	9.26	11.03	Constitutive
2660	0.3469924812030075	9.43	10.16	Constitutive
262	0.6793893129770993	6.73	0.63	Constitutive
343	0.5918367346938775	8.99	8.06	Constitutive
499	0.501002004008016	5.39	6.22	Constitutive
125	0.504	8.83	10.03	Constitutive
13699	0.3836046426746478	8.7	6.81	Constitutive
105	0.5619047619047619	5.87	5.94	Constitutive
10732	0.4622623928438315	10.67	11.63	Constitutive
799	0.3579474342928661	10.28	11.73	Constitutive
15931	0.3517669951666562	8.55	8.13	Constitutive
1133	0.5939982347749339	5.17	-4.07	Constitutive
331	0.5438066465256798	8.02	8.56	Constitutive
3991	0.5036331746429467	8.08	6.73	Constitutive
850	0.4435294117647059	-6.16	9.48	Constitutive
1209	0.7344913151364765	-10.42	6.76	Constitutive
111	0.3063063063063063	5.29	10.12	Constitutive
326	0.3987730061349693	9.22	6.34	Constitutive
7598	0.423006054224796	10.77	10.16	Constitutive
928	0.3911637931034483	10.57	4.69	Constitutive
2269	0.616571176729837	7.75	7.89	Constitutive
822	0.3418491484184915	8.46	8.81	Constitutive
363	0.6859504132231405	7.23	8.25	Constitutive
901	0.47835738068812433	6.43	9.64	Constitutive
264	0.5984848484848485	0.1	9.71	Constitutive
10199	0.38454750465731935	8.63	10.89	Constitutive
107	0.3364485981308411	10.57	9.78	Constitutive
33827	0.4159990540101103	6.12	9.67	Constitutive
1879	0.494944119212347	6.86	11.01	Constitutive
1194	0.38274706867671693	8.55	9.63	Constitutive
2959	0.4281851977019263	6.32	11.03	Constitutive
1994	0.4789368104312939	7.61	9.14	Constitutive
127	0.41732283464566927	9.46	5.1	Constitutive
1030	0.4941747572815534	8.84	6.72	Constitutive
630	0.3523809523809524	10.51	7.53	Constitutive
1151	0.46828844483058213	9.16	7.0	Constitutive
756	0.30952380952380953	8.54	11.77	Constitutive
3970	0.520654911838791	9.82	10.62	Constitutive
210	0.5952380952380952	10.1	7.14	Constitutive
5676	0.3985200845665962	8.56	8.25	Constitutive
460	0.6565217391304348	10.07	2.93	Constitutive
28520	0.3855539971949509	7.22	6.96	Constitutive
1440	0.5104166666666666	5.76	10.98	Constitutive
873	0.4020618556701031	8.08	8.1	Constitutive
3973	0.40322174679083816	9.43	10.86	Constitutive
630	0.2714285714285714	9.72	9.06	Constitutive
14789	0.41131922374737984	5.78	7.69	Constitutive
1302	0.43548387096774194	7.2	11.71	Constitutive
76	0.7236842105263158	9.6	9.71	Constitutive
160	0.56875	10.9	8.51	Constitutive
429	0.5244755244755245	9.22	11.71	Constitutive
507	0.4714003944773176	8.88	4.65	Constitutive
5136	0.4380841121495327	6.36	11.79	Constitutive
2796	0.501788268955651	2.81	8.34	Constitutive
706	0.5538243626062322	8.0	6.69	Constitutive
2027	0.5742476566354218	5.44	9.65	Constitutive
760	0.34078947368421053	7.0	7.58	Constitutive
129	0.6434108527131783	4.05	6.4	Constitutive
119	0.7058823529411765	-0.56	5.25	Constitutive
1123	0.5138023152270703	8.56	12.02	Constitutive
696	0.5100574712643678	10.47	11.34	Constitutive
1497	0.3527054108216433	7.2	6.14	Constitutive
3009	0.33034230641409107	8.76	6.34	Constitutive
79	0.2911392405063291	8.65	6.92	Constitutive
1437	0.3354210160055672	10.22	8.48	Constitutive
1594	0.5708908406524467	8.04	3.98	Constitutive
160	0.56875	10.9	8.51	Constitutive
426	0.3544600938967136	8.4	3.01	Constitutive
199	0.3417085427135678	5.99	7.78	Constitutive
732	0.34972677595628415	10.07	9.74	Constitutive
1350	0.33925925925925926	9.43	9.94	Constitutive
85	0.6	5.5	10.65	Constitutive
2169	0.4946980175195943	9.72	7.6	Constitutive
6160	0.4206168831168831	8.55	10.11	Constitutive
16555	0.36321353065539114	7.64	8.54	Constitutive
42270	0.36184054885261413	6.62	8.68	Constitutive
4336	0.4017527675276753	7.15	4.34	Constitutive
7997	0.4016506189821183	10.24	9.02	Constitutive
824	0.5060679611650486	8.68	8.96	Constitutive
2694	0.3723088344469191	8.88	8.89	Constitutive
2470	0.30647773279352225	9.14	4.6	Constitutive
727	0.6519944979367263	8.7	7.48	Constitutive
290	0.6724137931034483	6.57	8.16	Constitutive
537	0.48044692737430167	6.25	10.53	Constitutive
104	0.28846153846153844	11.0	10.32	Constitutive
9008	0.363898756660746	10.74	11.22	Constitutive
2066	0.32575024201355274	9.01	6.4	Constitutive
527	0.5351043643263758	5.91	3.53	Constitutive
864	0.5023148148148148	9.6	12.25	Constitutive
2464	0.36810064935064934	11.01	6.4	Constitutive
98	0.6938775510204082	7.23	11.31	Constitutive
5984	0.3325534759358289	8.69	10.81	Constitutive
1292	0.380030959752322	7.82	8.69	Constitutive
254	0.610236220472441	10.67	10.38	Constitutive
2493	0.5102286401925391	5.84	11.44	Constitutive
947	0.3526927138331573	8.46	-0.56	Constitutive
361	0.6759002770083102	8.83	7.62	Constitutive
11011	0.393878848424303	9.06	9.75	Constitutive
781	0.6414852752880922	7.93	7.74	Constitutive
946	0.2959830866807611	8.59	7.73	Constitutive
935	0.6770053475935829	6.86	6.2	Constitutive
3493	0.5439450329229888	8.68	12.89	Constitutive
1547	0.3160956690368455	8.35	9.23	Constitutive
926	0.3185745140388769	8.77	9.95	Constitutive
285	0.656140350877193	6.92	8.46	Constitutive
319	0.4263322884012539	8.92	7.2	Constitutive
3971	0.39914379249559306	7.59	10.46	Constitutive
89108	0.369607667100597	10.08	12.03	Constitutive
2144	0.4864738805970149	9.74	10.23	Constitutive
628	0.5063694267515924	6.84	8.84	Constitutive
3028	0.40290620871862615	10.1	9.92	Constitutive
107	0.6728971962616822	7.54	9.58	Constitutive
7833	0.41861355802374567	4.36	8.58	Constitutive
2403	0.4706616729088639	9.89	5.34	Constitutive
375	0.3973333333333333	4.33	12.5	Constitutive
515	0.39029126213592236	4.18	7.31	Constitutive
60334	0.3855703251897769	11.45	6.27	Constitutive
2694	0.3723088344469191	8.88	8.89	Constitutive
1877	0.5503462972828982	10.47	9.55	Constitutive
167	0.6467065868263473	9.89	5.25	Constitutive
1316	0.3738601823708207	7.33	11.53	Constitutive
186	0.6290322580645161	10.22	3.09	Constitutive
771	0.5551232166018158	6.51	7.83	Constitutive
240	0.5833333333333334	4.19	11.91	Constitutive
5183	0.39089330503569364	8.55	9.21	Constitutive
2316	0.401986183074266	9.26	3.51	Constitutive
103	0.6893203883495146	7.21	6.48	Constitutive
13847	0.39958113670831225	10.11	10.01	Constitutive
1790	0.31899441340782125	9.11	8.38	Constitutive
3860	0.35	3.3	9.94	Constitutive
2277	0.5318401405357928	8.76	9.13	Constitutive
1133	0.5736981465136805	9.33	6.95	Constitutive
699	0.6566523605150214	9.6	8.38	Constitutive
1414	0.3147100424328147	10.65	11.65	Constitutive
1614	0.5030978934324659	7.8	6.97	Constitutive
2746	0.37764020393299347	10.28	8.64	Constitutive
2591	0.4125820146661521	6.43	6.28	Constitutive
11328	0.3983933615819209	8.07	7.29	Constitutive
1858	0.3858988159311087	7.03	7.81	Constitutive
2228	0.49730700179533216	9.6	6.43	Constitutive
437	0.7505720823798627	10.12	6.26	Constitutive
15846	0.40880979426984726	8.31	11.51	Constitutive
30178	0.38879316058055535	7.61	10.95	Constitutive
2004	0.42115768463073855	4.27	7.31	Constitutive
1889	0.49285336156696663	10.24	4.97	Constitutive
4127	0.46450205960746305	9.79	12.13	Constitutive
1616	0.5074257425742574	4.36	10.49	Constitutive
1793	0.42721695482431676	8.28	9.2	Constitutive
636	0.48742138364779874	9.6	10.22	Constitutive
24121	0.37979354089797274	7.47	8.24	Constitutive
114	0.5087719298245614	8.4	7.69	Constitutive
2938	0.4121851599727706	7.64	9.75	Constitutive
3758	0.4667376263970197	3.77	9.11	Constitutive
3773	0.43095679830373707	10.06	10.31	Constitutive
29925	0.4439766081871345	1.91	8.78	Constitutive
5741	0.4208326075596586	8.38	5.94	Constitutive
374	0.3877005347593583	8.57	8.87	Constitutive
270	0.5518518518518518	7.66	7.13	Constitutive
1592	0.33668341708542715	9.1	7.0	Constitutive
114	0.32456140350877194	7.83	7.11	Constitutive
1096	0.5620437956204379	10.03	8.27	Constitutive
10779	0.40504685035717597	8.3	11.62	Constitutive
89	0.5617977528089888	11.08	9.2	Constitutive
16847	0.3960349023565026	9.88	8.32	Constitutive
2803	0.46307527648947555	6.96	9.87	Constitutive
76056	0.40821236983275483	10.67	5.47	Constitutive
391	0.5140664961636828	3.55	5.2	Constitutive
2743	0.3984688297484506	7.3	7.19	Constitutive
237	0.4978902953586498	7.0	8.86	Constitutive
1828	0.36050328227571116	8.37	9.16	Constitutive
2306	0.34648742411101474	8.33	10.65	Constitutive
14469	0.3450134770889488	6.15	7.07	Constitutive
168	0.25	7.64	8.29	Constitutive
999	0.43843843843843844	6.14	7.52	Constitutive
141	0.6312056737588653	10.07	9.5	Constitutive
5051	0.3807166897644031	-5.73	3.77	Constitutive
1287	0.3418803418803419	8.54	6.9	Constitutive
574	0.3554006968641115	6.37	7.35	Constitutive
1075	0.3851162790697674	5.19	9.55	Constitutive
1299	0.3279445727482679	6.35	10.96	Constitutive
15647	0.4858439317441043	5.99	8.55	Constitutive
709	0.5458392101551481	9.6	8.12	Constitutive
3664	0.5150109170305677	9.6	6.86	Constitutive
1060	0.3433962264150943	7.44	6.02	Constitutive
488	0.5020491803278688	7.44	6.42	Constitutive
669	0.4110612855007474	11.11	5.44	Constitutive
2313	0.40812797233030695	5.74	11.2	Constitutive
6828	0.4178383128295255	8.68	9.11	Constitutive
2959	0.445420750253464	9.6	10.75	Constitutive
11685	0.44065040650406506	9.0	8.15	Constitutive
2507	0.5005983246908656	6.46	7.94	Constitutive
10365	0.5253256150506512	5.94	10.15	Constitutive
3992	0.3942885771543086	8.27	8.5	Constitutive
1376	0.5319767441860465	8.73	6.09	Constitutive
90	0.6555555555555556	7.93	10.39	Constitutive
1171	0.40905209222886424	5.87	4.58	Constitutive
1073	0.4678471575023299	6.99	5.47	Constitutive
999	0.5375375375375375	8.77	8.12	Constitutive
706	0.43059490084985835	7.53	9.28	Constitutive
2246	0.4572573463935886	9.11	9.78	Constitutive
1547	0.28183581124757595	8.62	6.1	Constitutive
2731	0.39472720615159285	9.93	8.68	Constitutive
1562	0.37708066581306016	8.83	5.6	Constitutive
2061	0.34885977680737507	2.63	3.47	Constitutive
912	0.44846491228070173	9.46	12.69	Constitutive
1330	0.4195488721804511	9.31	2.9	Constitutive
1595	0.37366771159874607	7.3	6.88	Constitutive
239	0.6317991631799164	8.63	5.88	Constitutive
954	0.47064989517819705	9.65	8.46	Constitutive
15029	0.4197884090757868	10.28	13.15	Constitutive
1448	0.4205801104972376	9.6	10.72	Constitutive
4241	0.48573449658099505	10.51	9.55	Constitutive
1991	0.4886991461577097	8.7	5.28	Constitutive
2373	0.4407922461019806	10.47	7.39	Constitutive
1086	0.4198895027624309	10.49	6.44	Constitutive
4419	0.39352794749943426	11.0	10.06	Constitutive
5409	0.41652800887409874	10.03	8.07	Constitutive
105	0.29523809523809524	7.12	7.75	Constitutive
1786	0.43449048152295633	8.31	4.53	Constitutive
1326	0.41704374057315236	7.0	8.15	Constitutive
1529	0.3865271419228254	5.73	6.78	Constitutive
5282	0.3593335857629686	10.08	6.51	Constitutive
3074	0.46193884189980483	6.37	11.23	Constitutive
2843	0.42666197678508616	4.84	4.41	Constitutive
4793	0.3425829334446067	11.37	7.69	Constitutive
54368	0.38351603884638025	10.28	9.3	Constitutive
672	0.2916666666666667	6.44	2.09	Constitutive
840	0.3678571428571429	6.99	9.07	Constitutive
1410	0.4546099290780142	8.4	9.33	Constitutive
33523	0.37180443277749603	8.07	13.88	Constitutive
1321	0.3186979560938683	6.6	7.79	Constitutive
1935	0.47131782945736433	8.31	2.1	Constitutive
3811	0.5143007084754657	10.03	8.53	Constitutive
6149	0.44820295983086683	9.22	4.56	Constitutive
23570	0.38400509121764953	9.55	14.61	Constitutive
3894	0.5464817668207499	11.08	9.21	Constitutive
2184	0.3315018315018315	10.75	3.84	Constitutive
10542	0.37004363498387405	7.64	9.72	Constitutive
856	0.4742990654205608	10.9	10.5	Constitutive
14826	0.3750843113449346	8.76	10.7	Constitutive
526	0.33269961977186313	10.13	7.53	Constitutive
3611	0.3328717806701745	11.01	11.14	Constitutive
473	0.6067653276955602	8.7	7.03	Constitutive
380	0.47368421052631576	8.08	10.28	Constitutive
4038	0.3863298662704309	8.49	10.31	Constitutive
100	0.59	10.51	8.97	Constitutive
469	0.5479744136460555	4.01	10.72	Constitutive
575	0.6643478260869565	5.92	7.59	Constitutive
418	0.6507177033492823	5.35	8.17	Constitutive
875	0.624	9.88	13.06	Constitutive
248	0.6693548387096774	4.22	2.79	Constitutive
1909	0.4787847040335254	9.39	12.59	Constitutive
7906	0.3556792309638249	9.26	6.42	Constitutive
672	0.375	5.42	12.36	Constitutive
1831	0.4068814855270344	10.67	11.92	Constitutive
11039	0.44705136334812934	10.47	6.61	Constitutive
2888	0.342797783933518	9.26	7.07	Constitutive
95	0.3157894736842105	9.11	9.23	Constitutive
2841	0.4558254135867652	9.6	10.36	Constitutive
4435	0.4593010146561443	8.68	11.19	Constitutive
506	0.5810276679841897	10.67	9.26	Constitutive
795	0.4389937106918239	9.81	0.36	Constitutive
92654	0.37727459149092324	9.27	8.52	Constitutive
23962	0.3788915783323596	9.88	5.84	Constitutive
2234	0.5250671441360788	9.65	12.86	Constitutive
3315	0.41990950226244345	8.88	6.41	Constitutive
569	0.562390158172232	8.94	8.63	Constitutive
1513	0.42366159947124915	8.56	9.4	Constitutive
1416	0.565677966101695	7.93	11.09	Constitutive
2969	0.41596497137083194	7.09	6.98	Constitutive
24040	0.43481697171381034	8.27	9.95	Constitutive
277	0.4548736462093863	2.06	9.04	Constitutive
113	0.6283185840707964	9.35	8.57	Constitutive
1786	0.36114221724524076	10.28	8.21	Constitutive
102	0.5882352941176471	11.45	11.85	Constitutive
524	0.41603053435114506	7.64	7.2	Constitutive
34858	0.42661655860921455	3.1	10.56	Constitutive
220928	0.3732754562572422	4.51	8.05	Constitutive
626	0.46325878594249204	9.22	11.93	Constitutive
264	0.5416666666666666	8.66	5.9	Constitutive
4241	0.452959207734025	3.23	3.71	Constitutive
10629	0.419418571831781	7.0	9.36	Constitutive
108	0.7037037037037037	6.99	4.64	Constitutive
258	0.4573643410852713	11.08	7.99	Constitutive
1458	0.2997256515775034	9.09	10.27	Constitutive
6205	0.3339242546333602	10.77	7.34	Constitutive
6106	0.44759253193580084	6.35	3.5	Constitutive
921	0.3756786102062975	5.98	7.97	Constitutive
477	0.29559748427672955	9.21	9.76	Constitutive
3318	0.44454490657022305	8.56	5.02	Constitutive
5328	0.3427177177177177	7.8	7.64	Constitutive
105	0.5619047619047619	8.41	10.96	Constitutive
1879	0.3544438531133582	7.57	7.6	Constitutive
2687	0.37104577595831784	8.55	8.04	Constitutive
2977	0.4581793752099429	8.37	4.5	Constitutive
83	0.6265060240963856	8.19	1.09	Constitutive
10592	0.3697129909365559	9.66	8.3	Constitutive
529	0.5652173913043478	10.67	9.57	Constitutive
2299	0.4327968682035668	9.14	-6.27	Constitutive
1918	0.5630865484880083	-0.29	5.78	Constitutive
693	0.41125541125541126	8.95	7.07	Constitutive
15416	0.41521795537104306	8.1	11.11	Constitutive
7970	0.45294855708908405	8.62	10.64	Constitutive
2267	0.3374503749448611	7.45	5.25	Constitutive
8656	0.43091497227356745	9.11	11.25	Constitutive
10310	0.38651794374393794	9.88	7.03	Constitutive
5582	0.4193837334288785	7.83	9.67	Constitutive
1560	0.3737179487179487	0.83	12.34	Constitutive
175	0.6571428571428571	9.1	7.97	Constitutive
404	0.44801980198019803	9.46	9.43	Constitutive
100	0.69	10.49	6.56	Constitutive
405	0.6790123456790124	9.07	11.61	Constitutive
2453	0.3452914798206278	4.51	11.87	Constitutive
200	0.67	8.42	7.93	Constitutive
5433	0.47303515553101416	6.3	7.58	Constitutive
319	0.567398119122257	8.72	7.61	Constitutive
6057	0.3964008585108139	10.45	2.64	Constitutive
349	0.4584527220630373	5.59	8.07	Constitutive
2013	0.5156482861400894	6.05	6.77	Constitutive
632	0.3022151898734177	9.25	3.49	Constitutive
119	0.7142857142857143	11.45	7.64	Constitutive
2396	0.36435726210350583	7.82	6.14	Constitutive
3066	0.3786692759295499	10.28	7.53	Constitutive
1610	0.40993788819875776	9.27	7.36	Constitutive
257	0.3657587548638132	9.79	9.17	Constitutive
463	0.30885529157667385	4.52	9.78	Constitutive
743	0.4535666218034993	7.81	2.52	Constitutive
2814	0.44136460554371004	9.37	8.2	Constitutive
5995	0.5582985821517932	8.73	-4.66	Constitutive
5479	0.37616353349151305	8.72	9.71	Constitutive
1243	0.4006436041834272	7.81	6.86	Constitutive
7423	0.4777044321702816	8.94	9.47	Constitutive
602	0.5132890365448505	10.65	6.78	Constitutive
698	0.5544412607449857	8.73	4.38	Constitutive
19353	0.44757918668940216	8.7	11.03	Constitutive
316	0.6044303797468354	9.91	11.17	Constitutive
132	0.24242424242424243	9.21	7.24	Constitutive
760	0.25263157894736843	9.27	5.89	Constitutive
1450	0.39241379310344826	0.85	9.22	Constitutive
1927	0.5256875973015049	10.16	7.62	Constitutive
103	0.6116504854368932	5.01	10.07	Constitutive
202	0.5247524752475248	2.39	9.05	Constitutive
907	0.3484013230429989	4.87	10.85	Constitutive
2234	0.35810205908683973	9.49	6.63	Constitutive
985	0.515736040609137	9.46	6.87	Constitutive
2898	0.39233954451345754	9.49	11.35	Constitutive
12756	0.3874255252430229	8.39	10.99	Constitutive
84	0.6428571428571429	8.48	12.26	Constitutive
19460	0.5241521068859198	9.65	11.49	Constitutive
2380	0.5222689075630252	7.07	8.18	Constitutive
1039	0.48123195380173245	10.28	8.9	Constitutive
2813	0.3807323142552435	0.14	10.14	Constitutive
15308	0.42030310948523647	9.66	1.52	Constitutive
62752	0.37842618561958186	7.82	9.82	Constitutive
1942	0.45005149330587024	6.39	8.86	Constitutive
1999	0.4257128564282141	10.22	7.55	Constitutive
764	0.46727748691099474	7.83	7.52	Constitutive
117	0.7094017094017094	8.69	8.87	Constitutive
5076	0.5362490149724193	8.88	9.9	Constitutive
2010	0.48009950248756217	6.95	4.65	Constitutive
840	0.6023809523809524	7.7	8.09	Constitutive
1445	0.42837370242214534	9.48	4.44	Constitutive
5109	0.5206498336269328	8.66	10.9	Constitutive
991	0.5368314833501514	10.2	4.3	Constitutive
1002	0.5299401197604791	8.07	9.51	Constitutive
28749	0.41197954711468227	9.43	11.94	Constitutive
4098	0.4575402635431918	11.08	10.42	Constitutive
3796	0.4075342465753425	0.21	11.34	Constitutive
4584	0.34205933682373474	5.06	8.08	Constitutive
23431	0.40245828176347576	9.6	10.95	Constitutive
3630	0.39118457300275483	5.38	6.97	Constitutive
87	0.8505747126436781	7.21	10.48	Constitutive
759	0.6245059288537549	8.69	10.93	Constitutive
2330	0.41587982832618026	10.03	0.03	Constitutive
9499	0.40372670807453415	10.28	8.27	Constitutive
304	0.3223684210526316	11.11	11.78	Constitutive
1832	0.40338427947598254	7.81	9.76	Constitutive
6496	0.4883004926108374	7.03	8.45	Constitutive
362	0.5	4.01	6.77	Constitutive
3844	0.41337148803329865	8.14	7.69	Constitutive
1410	0.37163120567375885	9.82	6.65	Constitutive
3981	0.44561667922632503	10.03	12.06	Constitutive
842	0.4750593824228028	10.07	7.34	Constitutive
117	0.8376068376068376	4.28	7.09	Constitutive
4169	0.45046773806668267	10.22	10.67	Constitutive
10501	0.4342443576802209	8.41	10.12	Constitutive
752	0.4295212765957447	5.39	8.42	Constitutive
292	0.6198630136986302	9.11	7.72	Constitutive
21219	0.392808332155144	9.22	9.68	Constitutive
9499	0.43057163911990737	8.3	7.74	Constitutive
9852	0.4021518473406415	9.16	9.84	Constitutive
6180	0.5055016181229773	9.82	7.15	Constitutive
3716	0.42438105489773953	5.9	11.04	Constitutive
2008	0.4292828685258964	11.11	9.64	Constitutive
2047	0.5647288715192965	11.08	11.63	Constitutive
1306	0.4433384379785605	6.59	9.68	Constitutive
1951	0.5586878523833931	6.41	12.07	Constitutive
8832	0.4140625	9.79	11.63	Constitutive
2785	0.4556552962298025	7.8	5.55	Constitutive
4232	0.45888468809073724	11.37	10.4	Constitutive
179	0.6145251396648045	5.78	10.83	Constitutive
139	0.5827338129496403	7.13	4.93	Constitutive
675	0.4651851851851852	8.7	9.28	Constitutive
196	0.5969387755102041	3.89	9.91	Constitutive
1708	0.3624121779859485	10.86	11.6	Constitutive
97	0.44329896907216493	6.99	5.54	Constitutive
1312	0.4420731707317073	8.88	13.1	Constitutive
110	0.5636363636363636	10.86	6.82	Constitutive
16807	0.4192300827036354	10.24	8.25	Constitutive
1222	0.5916530278232406	2.99	11.29	Constitutive
3716	0.370021528525296	9.26	3.89	Constitutive
34976	0.4706370082342177	10.1	12.09	Constitutive
3203	0.4801748360911645	6.86	9.53	Constitutive
2382	0.3904282115869018	10.47	7.87	Constitutive
1472	0.40421195652173914	11.01	9.88	Constitutive
4111	0.377766966674775	8.38	5.99	Constitutive
696	0.5301724137931034	4.22	9.47	Constitutive
211	0.3080568720379147	1.34	9.34	Constitutive
2175	0.43908045977011495	9.6	4.46	Constitutive
83	0.3493975903614458	7.29	10.13	Constitutive
479079	0.38333552503866797	10.44	12.34	Constitutive
1288	0.4309006211180124	9.16	9.98	Constitutive
26394	0.3376524967795711	6.84	6.69	Constitutive
276	0.37681159420289856	3.1	9.5	Constitutive
4199	0.3753274589187902	9.72	6.45	Constitutive
67857	0.37294604830747013	9.63	8.77	Constitutive
381	0.3989501312335958	8.38	9.31	Constitutive
3159	0.393795504906616	8.68	9.24	Constitutive
205	0.25853658536585367	8.14	6.11	Constitutive
5600	0.3842857142857143	9.06	9.63	Constitutive
9853	0.3811022023749112	11.01	8.57	Constitutive
1856	0.33351293103448276	7.3	11.79	Constitutive
2503	0.4063124250898921	5.56	9.43	Constitutive
2631	0.28506271379703535	4.14	5.3	Constitutive
518	0.611969111969112	10.67	10.57	Constitutive
381	0.46194225721784776	8.88	5.56	Constitutive
3131	0.3375918236984989	8.59	8.7	Constitutive
5582	0.4398065209602293	9.1	9.88	Constitutive
1288	0.35714285714285715	5.54	7.64	Constitutive
4570	0.4897155361050328	7.96	11.17	Constitutive
562	0.33451957295373663	8.55	9.12	Constitutive
249	0.39759036144578314	10.67	8.33	Constitutive
323	0.46439628482972134	8.63	10.51	Constitutive
257	0.688715953307393	5.26	8.25	Constitutive
53391	0.362813957408552	7.3	5.89	Constitutive
4126	0.43480368395540475	9.11	6.21	Constitutive
2659	0.3636705528394133	10.77	9.02	Constitutive
4454	0.4346654692411316	8.93	8.8	Constitutive
7867	0.3270624126096352	9.16	11.4	Constitutive
1051	0.6412940057088488	8.83	6.85	Constitutive
395	0.589873417721519	8.41	7.81	Constitutive
62	0.6774193548387096	10.67	11.51	Constitutive
607	0.7051070840197694	6.32	9.81	Constitutive
3973	0.6599546941857538	5.84	7.4	Constitutive
3372	0.4045077105575326	1.19	6.53	Constitutive
6354	0.3843248347497639	6.89	6.18	Constitutive
20068	0.38957544349212675	9.72	8.46	Constitutive
1081	0.3829787234042553	5.3	6.1	Constitutive
1757	0.35344336937962434	10.36	5.34	Constitutive
2849	0.4647244647244647	9.46	13.01	Constitutive
17199	0.35879993022850165	7.84	11.04	Constitutive
12912	0.45438351920693926	9.22	3.86	Constitutive
1369	0.42512783053323594	9.82	9.31	Constitutive
314	0.6305732484076433	6.32	8.14	Constitutive
325	0.3046153846153846	9.26	12.06	Constitutive
192	0.75	6.03	3.95	Constitutive
115	0.7391304347826086	6.92	10.02	Constitutive
1178	0.48811544991511036	6.15	4.35	Constitutive
241	0.5145228215767634	5.91	8.98	Constitutive
1358	0.41973490427098675	9.09	4.81	Constitutive
370	0.5837837837837838	8.05	5.78	Constitutive
31450	0.47602543720190776	9.45	6.59	Constitutive
2590	0.5154440154440154	9.6	3.41	Constitutive
212	0.5660377358490566	7.42	10.73	Constitutive
1464	0.4576502732240437	9.82	8.36	Constitutive
990	0.5060606060606061	10.07	8.44	Constitutive
1057	0.45411542100283825	8.49	7.73	Constitutive
569	0.39191564147627417	8.88	3.98	Constitutive
1054	0.4098671726755218	8.88	7.85	Constitutive
4116	0.48858114674441205	9.72	10.1	Constitutive
1297	0.3006939090208173	7.52	5.48	Constitutive
322	0.639751552795031	10.67	11.8	Constitutive
2493	0.5816285599679102	9.37	9.35	Constitutive
2339	0.37708422402736214	8.38	6.79	Constitutive
131	0.5954198473282443	8.95	12.52	Constitutive
2539	0.48168570303269004	9.25	10.69	Constitutive
2382	0.3602015113350126	9.49	6.82	Constitutive
25094	0.34840997848091176	9.68	5.27	Constitutive
422	0.5260663507109005	7.48	13.06	Constitutive
4413	0.40947201450260595	8.35	6.28	Constitutive
102	0.6862745098039216	5.87	9.9	Constitutive
31864	0.3841953301531509	5.61	7.7	Constitutive
1250	0.4264	7.79	11.98	Constitutive
5761	0.6153445582364173	9.99	12.54	Constitutive
844	0.2843601895734597	8.3	8.44	Constitutive
637	0.5902668759811617	8.05	9.42	Constitutive
2073	0.41582247949831164	4.44	7.81	Constitutive
13145	0.46352225180677065	9.6	12.03	Constitutive
660	0.5666666666666667	8.53	7.42	Constitutive
4967	0.37890074491644854	9.33	10.13	Constitutive
141	0.524822695035461	8.41	14.74	Constitutive
424	0.41745283018867924	2.02	8.51	Constitutive
13798	0.3730975503696188	10.57	4.48	Constitutive
238	0.5378151260504201	4.41	8.59	Constitutive
487	0.4928131416837782	8.76	4.23	Constitutive
12766	0.28732570891430365	8.88	10.14	Constitutive
1600	0.365	8.35	8.26	Constitutive
124	0.6451612903225806	10.07	6.64	Constitutive
4182	0.5502152080344332	8.17	10.67	Constitutive
16078	0.46852842393332506	6.32	14.26	Constitutive
5005	0.4949050949050949	9.16	10.5	Constitutive
221	0.2895927601809955	7.05	8.54	Constitutive
307	0.28013029315960913	10.22	6.5	Constitutive
154	0.6818181818181818	4.52	7.32	Constitutive
20155	0.4166708012900025	8.68	10.71	Constitutive
1523	0.5659881812212738	9.89	4.26	Constitutive
11116	0.5121446563512054	8.56	6.45	Constitutive
1507	0.38818845388188455	10.47	4.84	Constitutive
1446	0.4972337482710927	7.87	6.23	Constitutive
85	0.6	6.54	8.37	Constitutive
83	0.5301204819277109	9.68	1.53	Constitutive
1786	0.45128779395296753	8.49	10.35	Constitutive
181	0.7348066298342542	7.33	5.24	Constitutive
1258	0.4864864864864865	10.77	6.57	Constitutive
1125	0.39111111111111113	4.57	10.36	Constitutive
2634	0.5117691723614275	8.57	12.85	Constitutive
4030	0.34987593052109184	3.24	5.0	Constitutive
2480	0.5004032258064516	7.23	9.5	Constitutive
1181	0.4089754445385267	11.08	8.69	Constitutive
872	0.4541284403669725	9.4	8.57	Constitutive
170	0.4294117647058823	9.72	8.72	Constitutive
227	0.8414096916299559	8.07	8.82	Constitutive
2711	0.5983032091479159	4.87	5.32	Constitutive
5656	0.38985148514851486	7.39	0.81	Constitutive
165	0.6303030303030303	10.65	9.55	Constitutive
5721	0.33770319874147875	11.01	9.59	Constitutive
116	0.5948275862068966	8.41	8.57	Constitutive
4237	0.38447014396978996	7.79	9.87	Constitutive
1149	0.5709312445604874	8.95	10.65	Constitutive
1348	0.5637982195845698	8.66	7.12	Constitutive
409	0.6356968215158925	8.23	9.2	Constitutive
82	0.23170731707317074	9.06	6.18	Constitutive
383	0.3133159268929504	9.55	9.09	Constitutive
821	0.3702801461632156	8.1	7.89	Constitutive
1586	0.3228247162673392	6.41	10.17	Constitutive
3360	0.43125	9.16	8.17	Constitutive
5351	0.38628293776864137	9.82	6.03	Constitutive
556	0.5053956834532374	9.81	7.74	Constitutive
1220	0.28524590163934427	8.59	10.61	Constitutive
4828	0.3976801988400994	10.75	9.62	Constitutive
1707	0.5383714118336262	11.45	9.96	Constitutive
5380	0.35390334572490706	10.07	3.0	Constitutive
1551	0.5983236621534493	9.79	11.37	Constitutive
803	0.6500622665006227	3.9	4.13	Constitutive
1921	0.5445080687142113	5.28	9.66	Constitutive
878	0.530751708428246	10.57	8.56	Constitutive
1266	0.3704581358609795	6.71	9.16	Constitutive
268	0.6119402985074627	7.36	8.53	Constitutive
7048	0.4913450624290579	10.22	8.98	Constitutive
2843	0.42666197678508616	4.84	4.41	Constitutive
2220	0.4220720720720721	8.4	8.49	Constitutive
414	0.6473429951690821	9.99	9.5	Constitutive
4381	0.36430038803926046	7.52	6.9	Constitutive
716	0.48044692737430167	4.83	8.43	Constitutive
1784	0.6423766816143498	7.1	12.7	Constitutive
4147	0.3805160356884495	6.37	7.55	Constitutive
2009	0.5614733698357391	3.35	-3.34	Constitutive
100	0.43	8.39	10.51	Constitutive
21390	0.48326320710612436	10.75	9.16	Constitutive
309	0.5566343042071198	9.88	4.72	Constitutive
1575	0.4946031746031746	8.68	9.29	Constitutive
1602	0.4225967540574282	10.28	7.25	Constitutive
802	0.442643391521197	9.81	10.82	Constitutive
6240	0.33621794871794874	7.46	7.79	Constitutive
1129	0.6129317980513729	8.23	5.61	Constitutive
221	0.5294117647058824	10.36	7.28	Constitutive
1006	0.6272365805168986	4.3	7.41	Constitutive
2793	0.3616183315431436	8.73	8.64	Constitutive
220	0.2318181818181818	7.82	6.35	Constitutive
1812	0.5921633554083885	5.88	10.63	Constitutive
140	0.6571428571428571	10.07	13.99	Constitutive
83	0.6626506024096386	9.16	8.83	Constitutive
2026	0.3914116485686081	9.27	10.1	Constitutive
681	0.2834067547723935	10.43	0.03	Constitutive
1047	0.48233046800382046	7.81	9.55	Constitutive
4037	0.37899430270002477	10.91	8.89	Constitutive
2383	0.41544271926143517	10.57	11.55	Constitutive
85	0.7058823529411765	8.27	8.18	Constitutive
255	0.4196078431372549	4.44	4.81	Constitutive
3976	0.3785211267605634	5.53	4.93	Constitutive
6334	0.4183770129460057	9.8	6.32	Constitutive
3636	0.36001100110011003	10.07	12.98	Constitutive
948	0.38396624472573837	10.22	4.64	Constitutive
1460	0.33287671232876714	9.63	6.87	Constitutive
1327	0.5455915599095704	10.08	3.58	Constitutive
1233	0.5620437956204379	9.1	8.78	Constitutive
220	0.6727272727272727	3.63	9.25	Constitutive
500	0.384	8.17	11.39	Constitutive
981	0.3659531090723751	10.03	9.82	Constitutive
117	0.23931623931623933	9.72	6.54	Constitutive
521	0.30134357005758156	9.43	11.63	Constitutive
4480	0.40401785714285715	3.54	11.52	Constitutive
3336	0.4166666666666667	8.41	14.4	Constitutive
1460	0.3061643835616438	10.08	6.14	Constitutive
921	0.36590662323561346	9.85	9.88	Constitutive
3813	0.3671649619722004	11.08	8.18	Constitutive
51945	0.37193185099624604	8.72	6.82	Constitutive
3599	0.37982772992497915	8.82	9.77	Constitutive
114	0.32456140350877194	5.07	5.61	Constitutive
1199	0.3386155129274395	9.04	3.74	Constitutive
10477	0.45518755368903313	9.82	14.11	Constitutive
2075	0.4053012048192771	9.16	8.81	Constitutive
13188	0.3464513193812557	8.85	5.89	Constitutive
5270	0.3193548387096774	8.99	10.94	Constitutive
306	0.6274509803921569	7.16	8.11	Constitutive
842	0.5	10.36	9.15	Constitutive
147	0.4557823129251701	8.41	2.72	Constitutive
93	0.5913978494623656	4.74	9.91	Constitutive
1847	0.32160259880887926	8.82	6.91	Constitutive
1018	0.5157170923379175	7.66	6.69	Constitutive
6394	0.44260243978730057	7.3	7.42	Constitutive
8447	0.46217592044512845	8.73	5.43	Constitutive
10058	0.33694571485384767	6.91	8.2	Constitutive
1564	0.3350383631713555	8.55	7.68	Constitutive
11319	0.4480077745383868	6.03	10.37	Constitutive
490	0.5387755102040817	2.92	6.99	Constitutive
6026	0.4777630268835048	7.7	9.43	Constitutive
3742	0.3653126670229824	7.81	5.53	Constitutive
2211	0.3894165535956581	9.01	8.23	Constitutive
1318	0.36570561456752654	4.07	11.71	Constitutive
175	0.6742857142857143	10.22	5.73	Constitutive
85	0.5411764705882353	9.57	5.94	Constitutive
37811	0.3447145010711169	7.51	8.43	Constitutive
1364	0.4670087976539589	7.61	10.97	Constitutive
4396	0.45040946314831665	8.55	7.51	Constitutive
7198	0.3327313142539594	9.79	8.07	Constitutive
33058	0.45417145622844696	10.19	8.42	Constitutive
11359	0.4021480764151774	9.09	10.41	Constitutive
82	0.6951219512195121	9.6	4.39	Constitutive
1102	0.45099818511796735	5.38	9.49	Constitutive
457	0.5579868708971554	9.22	4.21	Constitutive
202	0.45544554455445546	6.58	10.51	Constitutive
571	0.6042031523642732	5.63	10.78	Constitutive
125	0.576	5.03	6.52	Constitutive
2848	0.3830758426966292	9.86	4.42	Constitutive
118	0.6440677966101694	9.43	2.74	Constitutive
695	0.6705035971223021	7.2	7.95	Constitutive
4553	0.5991653854601362	9.6	8.79	Constitutive
1836	0.38453159041394336	8.76	11.38	Constitutive
1486	0.351278600269179	6.8	9.8	Constitutive
43212	0.5495927057298898	5.95	12.56	Constitutive
55119	0.42885393421506196	10.77	6.42	Constitutive
1103	0.3055303717135086	7.52	4.58	Constitutive
464	0.4525862068965517	7.24	6.18	Constitutive
10690	0.39560336763330217	9.04	7.92	Constitutive
1058	0.332703213610586	8.14	12.31	Constitutive
186	0.6236559139784946	8.76	9.1	Constitutive
1960	0.45102040816326533	8.94	9.68	Constitutive
1028	0.5904669260700389	8.7	7.47	Constitutive
3922	0.3477817440081591	6.99	5.94	Constitutive
730	0.40684931506849314	10.03	10.51	Constitutive
6470	0.41839258114374034	10.15	7.82	Constitutive
3679	0.31938026637673284	8.55	5.3	Constitutive
754	0.5185676392572944	9.1	9.99	Constitutive
2682	0.4190902311707681	10.91	0.23	Constitutive
228	0.2719298245614035	8.07	11.06	Constitutive
13113	0.40936475253565163	9.84	12.31	Constitutive
1100	0.45454545454545453	8.23	4.94	Constitutive
1206	0.42039800995024873	8.56	10.97	Constitutive
6967	0.3717525477249892	9.66	9.33	Constitutive
81	0.5308641975308642	9.31	4.27	Constitutive
91	0.7472527472527473	7.93	5.71	Constitutive
892	0.32623318385650224	9.22	11.05	Constitutive
6346	0.42247084777812793	10.45	9.45	Constitutive
3835	0.4192959582790091	9.0	6.0	Constitutive
4255	0.3346650998824912	7.82	6.61	Constitutive
265	0.6339622641509434	8.85	12.34	Constitutive
771	0.49416342412451364	8.42	7.1	Constitutive
4003	0.5543342493130152	8.44	8.22	Constitutive
1356	0.3443952802359882	9.82	12.65	Constitutive
2762	0.36459087617668356	5.12	9.89	Constitutive
7666	0.4054265588312027	8.54	7.88	Constitutive
6203	0.4654199580847977	9.16	11.3	Constitutive
1075	0.3516279069767442	10.47	8.0	Constitutive
1755	0.3544159544159544	10.86	5.78	Constitutive
602	0.5664451827242525	1.71	8.28	Constitutive
15809	0.4352583971155671	8.83	12.51	Constitutive
318	0.5283018867924528	9.16	7.37	Constitutive
880	0.45795454545454545	8.59	7.99	Constitutive
6834	0.49370793093356746	8.46	11.54	Constitutive
2874	0.36012526096033404	6.32	9.19	Constitutive
73	0.6575342465753424	9.43	4.59	Constitutive
538	0.3252788104089219	9.66	7.63	Constitutive
1651	0.36826165960024226	10.77	1.38	Constitutive
1557	0.518946692357097	6.64	10.9	Constitutive
182	0.7692307692307693	7.93	7.99	Constitutive
6620	0.39833836858006044	8.73	5.05	Constitutive
92	0.5217391304347826	8.4	12.57	Constitutive
194	0.27319587628865977	8.49	7.26	Constitutive
2251	0.4162594402487783	4.72	5.93	Constitutive
3190	0.3949843260188088	6.93	3.87	Constitutive
1932	0.4477225672877847	7.04	11.67	Constitutive
413	0.5907990314769975	5.99	8.97	Constitutive
128	0.7109375	4.3	5.42	Constitutive
1322	0.6043872919818457	7.8	9.58	Constitutive
160	0.51875	8.17	4.16	Constitutive
305	0.33114754098360655	9.79	9.68	Constitutive
1541	0.3750811161583387	8.88	5.16	Constitutive
1213	0.5350370981038747	7.65	7.85	Constitutive
359	0.35376044568245124	6.08	5.63	Constitutive
5808	0.3576101928374656	9.35	7.83	Constitutive
126	0.31746031746031744	8.68	8.08	Constitutive
175	0.4685714285714286	6.9	6.04	Constitutive
5888	0.49490489130434784	3.01	8.86	Constitutive
535	0.32710280373831774	4.41	10.76	Constitutive
11955	0.40460058552906736	10.75	6.76	Constitutive
1323	0.399848828420257	7.52	7.03	Constitutive
1436	0.4025069637883008	9.46	7.95	Constitutive
1452	0.5847107438016529	10.07	9.23	Constitutive
194	0.4793814432989691	10.45	10.81	Constitutive
3213	0.37815126050420167	7.82	11.65	Constitutive
26227	0.40397300491859534	9.26	8.97	Constitutive
79	0.4810126582278481	10.45	10.87	Constitutive
1103	0.47778785131459656	8.76	13.32	Constitutive
297	0.6363636363636364	8.73	12.32	Constitutive
33044	0.5111669289432272	10.91	10.68	Constitutive
502	0.4681274900398406	7.83	5.2	Constitutive
1135	0.4370044052863436	9.65	10.42	Constitutive
59477	0.4004909460799973	11.0	7.21	Constitutive
9395	0.42490686535391164	8.68	9.56	Constitutive
2049	0.49292337725719865	8.41	11.88	Constitutive
9639	0.48168897188505033	8.8	8.3	Constitutive
2648	0.415785498489426	9.27	11.34	Constitutive
3325	0.39669172932330826	4.3	10.49	Constitutive
3278	0.41488712629652225	10.57	10.59	Constitutive
2150	0.42604651162790697	9.84	10.07	Constitutive
911	0.5422612513721186	8.94	10.27	Constitutive
4357	0.4762451227909112	10.47	9.31	Constitutive
3196	0.5716520650813517	9.89	8.55	Constitutive
1065	0.4647887323943662	9.22	8.33	Constitutive
214	0.5794392523364486	9.04	6.62	Constitutive
3015	0.37645107794361526	10.77	5.57	Constitutive
792	0.29419191919191917	7.26	8.21	Constitutive
505	0.44752475247524753	11.08	10.15	Constitutive
32825	0.46385376999238387	5.32	7.34	Constitutive
3322	0.5090307043949428	9.79	8.5	Constitutive
152	0.6578947368421053	11.08	12.25	Constitutive
692	0.546242774566474	3.64	10.67	Constitutive
221	0.5203619909502263	8.41	7.0	Constitutive
249	0.2971887550200803	10.47	8.1	Constitutive
8800	0.3968181818181818	9.79	9.46	Constitutive
6943	0.3926256661385568	9.01	10.33	Constitutive
90	0.28888888888888886	10.75	9.14	Constitutive
7508	0.5575386254661694	10.07	8.22	Constitutive
82	0.7073170731707317	6.29	11.46	Constitutive
27149	0.37540977568234557	8.55	9.98	Constitutive
359	0.8022284122562674	9.67	10.59	Constitutive
402	0.4626865671641791	7.08	10.99	Constitutive
76	0.7105263157894737	10.07	6.26	Constitutive
15317	0.396487562838676	7.26	10.72	Constitutive
3941	0.42527277340776454	8.88	7.95	Constitutive
1306	0.35834609494640124	9.65	9.41	Constitutive
2171	0.43574389682174114	7.66	11.28	Constitutive
2206	0.2955575702629193	6.53	11.71	Constitutive
195	0.717948717948718	5.43	5.65	Constitutive
1080	0.30462962962962964	10.36	6.23	Constitutive
2089	0.30205840114887506	4.87	8.85	Constitutive
4169	0.355241065003598	3.64	9.73	Constitutive
565	0.30796460176991153	7.82	7.68	Constitutive
6215	0.4387771520514883	7.03	9.22	Constitutive
2758	0.5645395213923132	9.25	6.03	Constitutive
53093	0.44599099692991545	9.65	8.94	Constitutive
123	0.5609756097560976	10.07	13.98	Constitutive
4112	0.3730544747081712	6.62	10.73	Constitutive
3895	0.35121951219512193	7.48	3.03	Constitutive
11321	0.4577334157759915	8.07	12.01	Constitutive
2011	0.3142715067130781	9.66	5.35	Constitutive
993	0.5669687814702921	5.22	12.67	Constitutive
978	0.6380368098159509	7.4	9.41	Constitutive
2595	0.4651252408477842	6.34	10.04	Constitutive
5093	0.4139014333398783	10.67	5.26	Constitutive
769	0.6892067620286085	6.89	11.96	Constitutive
2876	0.44819193324061196	7.33	8.44	Constitutive
77	0.7142857142857143	10.07	8.76	Constitutive
223	0.5426008968609866	9.65	7.45	Constitutive
364	0.6730769230769231	10.47	4.79	Constitutive
12265	0.4085609457806767	11.08	3.07	Constitutive
3904	0.4031762295081967	9.43	7.53	Constitutive
396	0.6262626262626263	9.89	10.88	Constitutive
260	0.4307692307692308	7.66	11.35	Constitutive
51927	0.4195120072409344	8.84	9.41	Constitutive
1026	0.43859649122807015	10.03	8.81	Constitutive
319	0.6300940438871473	3.01	9.61	Constitutive
1285	0.5097276264591439	8.56	11.53	Constitutive
892	0.3150224215246637	10.08	5.89	Constitutive
37951	0.3732180970198414	8.83	7.76	Constitutive
175	0.5942857142857143	6.64	7.37	Constitutive
107	0.205607476635514	9.48	10.24	Constitutive
3062	0.3945133899412149	11.01	7.44	Constitutive
10267	0.39534430700301937	10.57	8.01	Constitutive
493	0.4482758620689655	4.86	9.8	Constitutive
18455	0.41430506637767545	9.65	10.06	Constitutive
5677	0.4120133873524749	3.88	13.1	Constitutive
3581	0.4194359117564926	9.85	8.55	Constitutive
119	0.5126050420168067	3.7	11.18	Constitutive
4952	0.48909531502423265	6.96	8.47	Constitutive
26802	0.4650772330423103	8.73	11.22	Constitutive
2007	0.3682112605879422	4.23	9.92	Constitutive
76	0.8026315789473685	10.28	7.45	Constitutive
25310	0.36179375740813907	10.86	9.48	Constitutive
718	0.42479108635097496	11.01	10.01	Constitutive
2117	0.4487482286254133	10.9	9.22	Constitutive
21269	0.443509332831821	8.35	3.73	Constitutive
1922	0.5265348595213319	11.01	9.13	Constitutive
5725	0.4331877729257642	8.94	10.06	Constitutive
14762	0.49681614957322856	7.8	8.62	Constitutive
7083	0.3861358181561485	9.81	9.07	Constitutive
259	0.5984555984555985	7.93	7.57	Constitutive
1916	0.4509394572025052	10.67	3.28	Constitutive
2895	0.5848013816925735	4.9	11.11	Constitutive
13802	0.4823214026952616	9.12	8.89	Constitutive
552	0.5996376811594203	5.4	7.2	Constitutive
4154	0.41141068849301876	10.86	9.07	Constitutive
6039	0.4540486835568803	5.17	7.78	Constitutive
916	0.5556768558951966	7.97	4.08	Constitutive
350	0.4942857142857143	5.37	6.34	Constitutive
21341	0.47846867531980697	9.45	11.93	Constitutive
455	0.6329670329670329	6.66	12.99	Constitutive
423	0.30969267139479906	5.42	7.81	Constitutive
35475	0.37908386187455956	9.46	4.92	Constitutive
17500	0.36554285714285717	8.31	7.99	Constitutive
1063	0.5945437441204139	10.88	13.36	Constitutive
967	0.41468459152016546	6.66	5.96	Constitutive
14208	0.5364583333333334	10.07	7.69	Constitutive
2089	0.5351842987075156	7.33	6.41	Constitutive
1718	0.3521536670547148	3.1	10.69	Constitutive
1304	0.4279141104294479	11.11	1.8	Constitutive
6234	0.3601219120949631	5.79	7.33	Constitutive
775	0.64	8.7	7.57	Constitutive
5591	0.5199427651582901	10.13	5.71	Constitutive
1635	0.45504587155963305	8.38	7.35	Constitutive
7956	0.5678733031674208	7.77	10.48	Constitutive
524	0.4961832061068702	6.66	8.14	Constitutive
132	0.38636363636363635	6.84	4.11	Constitutive
772	0.5893782383419689	8.72	1.48	Constitutive
4570	0.35645514223194746	8.59	8.17	Constitutive
1006	0.35685884691848907	10.22	9.88	Constitutive
873	0.4066437571592211	10.65	11.04	Constitutive
1496	0.39572192513368987	10.75	3.96	Constitutive
352	0.3068181818181818	8.38	12.65	Constitutive
2557	0.3914743840438013	9.79	7.72	Constitutive
2622	0.43783371472158655	10.28	6.17	Constitutive
2898	0.4530710835058661	5.88	7.88	Constitutive
105	0.5142857142857142	10.27	4.95	Constitutive
915	0.41420765027322404	8.76	8.99	Constitutive
1705	0.3912023460410557	10.28	11.43	Constitutive
50193	0.3910704679935449	9.27	11.73	Constitutive
955	0.4848167539267016	8.68	9.77	Constitutive
1805	0.4105263157894737	9.2	8.01	Constitutive
4569	0.47690960822937184	9.49	6.41	Constitutive
1250	0.4	11.08	13.68	Constitutive
1905	0.30603674540682413	10.36	6.47	Constitutive
5570	0.3974865350089767	3.77	5.99	Constitutive
979	0.5689479060265578	8.66	10.24	Constitutive
3386	0.45776727702303605	10.9	7.66	Constitutive
99	0.6565656565656566	4.57	11.54	Constitutive
108	0.26851851851851855	8.28	7.06	Constitutive
2379	0.43883984867591425	10.47	11.79	Constitutive
1797	0.5180856983861992	10.06	9.86	Constitutive
1258	0.27344992050874406	8.07	5.1	Constitutive
1499	0.5216811207471648	8.56	9.47	Constitutive
6556	0.35433190970103723	6.36	6.95	Constitutive
976	0.32479508196721313	4.9	8.01	Constitutive
247	0.291497975708502	8.99	8.71	Constitutive
4592	0.3207752613240418	9.04	8.26	Constitutive
1555	0.3787781350482315	10.07	7.97	Constitutive
12479	0.37430883884926675	8.98	11.8	Constitutive
12800	0.36875	8.69	12.29	Constitutive
349	0.5157593123209169	6.57	9.64	Constitutive
18269	0.38294378455306805	9.88	4.01	Constitutive
1674	0.36379928315412186	11.0	7.62	Constitutive
805	0.5204968944099378	10.77	10.78	Constitutive
685	0.5795620437956205	10.1	8.93	Constitutive
11149	0.3558166651717643	10.51	7.77	Constitutive
1135	0.4819383259911894	9.6	10.55	Constitutive
3581	0.5529181792795309	7.35	11.65	Constitutive
88	0.6931818181818182	8.04	7.32	Constitutive
7196	0.3832684824902724	10.57	7.29	Constitutive
21042	0.39055222887558216	8.7	5.57	Constitutive
3305	0.38033282904689864	9.54	9.63	Constitutive
674	0.5741839762611276	8.68	6.12	Constitutive
2953	0.5878767355231967	4.27	9.03	Constitutive
1110	0.38288288288288286	7.07	6.35	Constitutive
2066	0.45111326234269117	7.21	10.9	Constitutive
5974	0.5924004017408772	7.07	4.84	Constitutive
274	0.6131386861313869	10.17	6.5	Constitutive
3292	0.3417375455650061	6.31	7.7	Constitutive
9228	0.3443866493281318	8.34	7.83	Constitutive
14463	0.38574293023577405	10.86	7.72	Constitutive
789	0.3485424588086185	8.63	8.7	Constitutive
1215	0.5695473251028806	4.66	9.06	Constitutive
14396	0.40809947207557656	4.79	12.33	Constitutive
545	0.48807339449541287	10.67	10.56	Constitutive
2626	0.3613861386138614	8.72	8.97	Constitutive
7147	0.4534769833496572	9.22	4.57	Constitutive
4330	0.45866050808314085	7.09	12.47	Constitutive
12135	0.43428100535640707	2.92	6.35	Constitutive
1354	0.3825701624815362	0.62	8.82	Constitutive
3623	0.40353298371515317	11.01	7.49	Constitutive
5699	0.42305667660993157	11.08	8.9	Constitutive
2736	0.36001461988304095	10.22	10.49	Constitutive
3270	0.41437308868501527	9.49	9.35	Constitutive
2112	0.37642045454545453	8.31	10.17	Constitutive
297	0.30976430976430974	5.89	9.2	Constitutive
3702	0.4430037817396002	8.59	7.25	Constitutive
113317	0.3442731452474033	4.86	10.88	Constitutive
6576	0.4721715328467153	7.66	7.73	Constitutive
232	0.7112068965517241	8.7	6.7	Constitutive
3354	0.39087656529516995	9.06	9.42	Constitutive
1115	0.44663677130044843	10.13	3.35	Constitutive
764	0.6675392670157068	8.49	10.61	Constitutive
2135	0.43559718969555034	5.98	9.05	Constitutive
152	0.6381578947368421	8.23	7.88	Constitutive
228	0.5175438596491229	7.7	2.64	Constitutive
1130	0.35575221238938054	8.56	6.14	Constitutive
2540	0.45984251968503936	4.94	6.5	Constitutive
545	0.47522935779816516	8.44	11.7	Constitutive
14043	0.39749341308837144	6.06	9.84	Constitutive
401	0.6084788029925187	8.4	4.92	Constitutive
2961	0.5349544072948328	9.33	8.16	Constitutive
84	0.6428571428571429	9.25	7.2	Constitutive
117	0.5811965811965812	5.39	7.72	Constitutive
83	0.7469879518072289	8.07	9.26	Constitutive
914	0.4201312910284464	7.64	11.73	Constitutive
345	0.6463768115942029	10.07	9.42	Constitutive
81	0.5925925925925926	6.6	11.06	Constitutive
84	0.6785714285714286	10.07	11.04	Constitutive
608	0.6052631578947368	4.2	10.27	Constitutive
9152	0.4990166083916084	8.88	11.83	Constitutive
13240	0.37265861027190333	8.49	9.32	Constitutive
278	0.6294964028776978	11.08	7.32	Constitutive
409	0.36185819070904646	8.88	7.21	Constitutive
34081	0.40048707490977375	8.38	0.74	Constitutive
138045	0.41055452932014924	6.46	13.72	Constitutive
274	0.6167883211678832	9.6	5.66	Constitutive
1662	0.35439229843561976	9.35	6.41	Constitutive
166	0.6204819277108434	6.54	12.44	Constitutive
587	0.4088586030664395	8.77	11.38	Constitutive
1480	0.32432432432432434	9.45	11.68	Constitutive
112	0.5625	9.89	7.72	Constitutive
2039	0.6478666012751348	6.59	11.39	Constitutive
1037	0.3018322082931533	7.3	9.49	Constitutive
178	0.6460674157303371	8.19	9.67	Constitutive
2812	0.3200568990042674	9.54	4.78	Constitutive
1780	0.44269662921348313	5.96	10.9	Constitutive
168	0.47619047619047616	-1.38	13.16	Constitutive
4859	0.47046717431570284	7.66	9.04	Constitutive
76	0.6842105263157895	7.66	10.44	Constitutive
3343	0.4241699072689201	5.0	11.89	Constitutive
1979	0.4588175846387064	7.39	11.29	Constitutive
1555	0.41286173633440515	8.4	5.44	Constitutive
24327	0.42002713034899497	10.07	6.98	Constitutive
2637	0.27682973075464545	9.72	7.52	Constitutive
73	0.5616438356164384	7.66	6.58	Constitutive
3633	0.37682356179466003	5.84	8.21	Constitutive
88	0.2840909090909091	7.98	8.36	Constitutive
4017	0.5011202389843167	6.78	7.8	Constitutive
97	0.4845360824742268	6.35	12.21	Constitutive
334	0.3323353293413174	11.0	12.19	Constitutive
177	0.5988700564971752	9.79	10.52	Constitutive
1193	0.4165968147527242	10.03	8.54	Constitutive
22813	0.5396922807171349	10.65	9.56	Constitutive
327	0.4434250764525994	10.07	10.69	Constitutive
461	0.28199566160520606	4.94	6.16	Constitutive
4322	0.4099953725127256	9.73	8.12	Constitutive
515	0.5805825242718446	9.68	10.52	Constitutive
191	0.2670157068062827	8.39	7.72	Constitutive
1850	0.49135135135135133	8.95	7.81	Constitutive
22128	0.4000361532899494	7.96	10.59	Constitutive
973	0.39568345323741005	9.25	6.07	Constitutive
3710	0.4889487870619946	10.47	5.21	Constitutive
2819	0.4746363958850656	7.64	10.64	Constitutive
1960	0.6464285714285715	7.2	5.55	Constitutive
156	0.532051282051282	8.24	11.71	Constitutive
4493	0.3861562430447363	8.68	9.43	Constitutive
3288	0.41332116788321166	9.46	10.76	Constitutive
3767	0.46854260684895144	9.06	8.61	Constitutive
8608	0.4959340148698885	10.1	10.49	Constitutive
3727	0.4247383954923531	10.75	9.42	Constitutive
1627	0.5414874001229256	7.07	8.72	Constitutive
964	0.6607883817427386	6.68	6.12	Constitutive
627	0.2886762360446571	8.41	7.5	Constitutive
3243	0.5288313290163429	11.81	6.96	Constitutive
38253	0.37079444749431417	11.01	11.17	Constitutive
1621	0.35780382479950645	8.38	5.29	Constitutive
832	0.4639423076923077	9.6	8.37	Constitutive
378	0.5634920634920635	9.1	8.06	Constitutive
7159	0.39712250314289704	5.54	8.22	Constitutive
105837	0.39483356482137627	9.81	10.55	Constitutive
196	0.5969387755102041	10.07	7.63	Constitutive
259	0.6833976833976834	4.05	7.51	Constitutive
177124	0.35291095503714914	8.66	10.84	Constitutive
1449	0.44237405106970323	8.49	7.65	Constitutive
386	0.582901554404145	6.64	11.02	Constitutive
4725	0.33291005291005293	8.35	8.62	Constitutive
17630	0.4034600113442995	10.05	5.97	Constitutive
3929	0.40671926698905575	6.82	9.98	Constitutive
2386	0.37259010896898576	8.88	12.46	Constitutive
1852	0.2867170626349892	10.57	7.07	Constitutive
11489	0.41265558360170596	7.46	12.3	Constitutive
1099	0.4030937215650591	9.46	6.37	Constitutive
1136	0.37411971830985913	6.37	3.78	Constitutive
63927	0.42008853848921424	10.65	10.99	Constitutive
1575	0.580952380952381	6.52	6.71	Constitutive
391716	0.37810811914754566	9.79	11.71	Constitutive
11565	0.4874189364461738	10.75	10.1	Constitutive
818	0.4877750611246944	2.99	11.01	Constitutive
45033	0.40032864788044326	10.36	6.1	Constitutive
7441	0.42453971240424676	9.45	11.08	Constitutive
854	0.6229508196721312	8.88	9.01	Constitutive
4192	0.38287213740458015	7.07	5.23	Constitutive
4730	0.32579281183932346	6.33	8.4	Constitutive
1634	0.44369645042839656	9.46	11.15	Constitutive
220	0.6818181818181818	6.96	4.22	Constitutive
1718	0.3230500582072177	2.97	8.19	Constitutive
370	0.6243243243243243	8.27	10.06	Constitutive
763	0.4888597640891219	10.77	9.22	Constitutive
271	0.6383763837638377	0.66	4.73	Constitutive
4770	0.49245283018867925	9.88	3.67	Constitutive
2057	0.36995624696159457	4.51	3.09	Constitutive
103110	0.3851226845116866	7.03	2.7	Constitutive
462	0.5735930735930735	7.88	12.18	Constitutive
2418	0.5955334987593052	8.56	11.51	Constitutive
2838	0.5021141649048626	9.6	7.3	Constitutive
2323	0.5238915195867413	7.93	7.0	Constitutive
4583	0.4933449705433122	11.0	8.2	Constitutive
8816	0.35458257713248637	11.01	6.9	Constitutive
3667	0.3692391600763567	10.22	9.16	Constitutive
2883	0.3610822060353798	10.13	4.4	Constitutive
3710	0.41078167115902964	10.86	6.48	Constitutive
958	0.5782881002087683	8.16	8.77	Constitutive
15965	0.37839022862511745	9.11	7.49	Constitutive
143	0.5804195804195804	8.16	5.09	Constitutive
5130	0.557504873294347	10.28	10.91	Constitutive
556	0.35251798561151076	2.88	7.45	Constitutive
421	0.4180522565320665	8.05	4.71	Constitutive
819	0.5555555555555556	7.56	6.76	Constitutive
3645	0.5020576131687243	9.16	8.02	Constitutive
10968	0.5042851932895697	7.84	5.04	Constitutive
5649	0.49778721897681005	10.45	8.67	Constitutive
1091	0.5572868927589367	10.9	7.45	Constitutive
778	0.5102827763496144	9.22	8.58	Constitutive
71	0.704225352112676	8.27	5.3	Constitutive
934	0.6648822269807281	9.1	10.31	Constitutive
586	0.5989761092150171	8.34	10.33	Constitutive
230	0.3173913043478261	10.28	4.37	Constitutive
823	0.3888213851761847	4.52	10.24	Constitutive
379	0.34300791556728233	6.96	7.24	Constitutive
235	0.46382978723404256	8.05	5.21	Constitutive
2686	0.41511541325390916	5.19	7.46	Constitutive
1488	0.4227150537634409	7.21	7.43	Constitutive
9468	0.45363329108576256	8.56	7.52	Constitutive
275	0.5927272727272728	9.88	4.72	Constitutive
979	0.4433094994892748	10.77	8.91	Constitutive
112	0.5	9.26	4.8	Constitutive
59663	0.4060305381894977	8.83	5.75	Constitutive
94927	0.38237803786067187	9.81	10.16	Constitutive
2127	0.39539257169722614	8.34	6.7	Constitutive
5923	0.4143170690528448	3.26	7.39	Constitutive
2167	0.30826026765113057	7.84	7.79	Constitutive
11321	0.4038512498895857	9.26	11.64	Constitutive
5293	0.39826185528055924	10.24	10.87	Constitutive
418	0.6794258373205742	8.07	6.62	Constitutive
4029	0.40109208240258126	8.35	8.36	Constitutive
9172	0.33809419973833404	10.77	5.19	Constitutive
3974	0.5714645193759437	10.57	6.75	Constitutive
3653	0.4013139885026006	9.27	8.66	Constitutive
483	0.5320910973084886	10.65	3.87	Constitutive
247	0.6194331983805668	9.3	3.92	Constitutive
545	0.41834862385321103	7.51	8.12	Constitutive
964	0.41597510373443985	8.17	7.68	Constitutive
220	0.65	2.68	6.56	Constitutive
310	0.535483870967742	8.4	9.35	Constitutive
451	0.5121951219512195	7.8	10.39	Constitutive
585	0.38290598290598293	7.0	10.68	Constitutive
91	0.6043956043956044	5.38	7.73	Constitutive
193	0.41450777202072536	5.39	10.16	Constitutive
2916	0.44135802469135804	7.0	11.56	Constitutive
2220	0.3752252252252252	9.82	9.48	Constitutive
490	0.5938775510204082	-12.02	-6.03	Constitutive
1052	0.5884030418250951	9.16	8.14	Constitutive
164	0.4268292682926829	4.54	7.78	Constitutive
6581	0.33961404041938914	6.89	10.94	Constitutive
1864	0.4436695278969957	8.14	8.9	Constitutive
365	0.3643835616438356	9.22	0.64	Constitutive
5034	0.55502582439412	10.65	10.25	Constitutive
1993	0.4330155544405419	3.29	8.09	Constitutive
75335	0.44032654144819805	10.67	7.15	Constitutive
14873	0.37040274322598	10.08	9.83	Constitutive
1516	0.31266490765171506	-11.33	-8.53	Constitutive
552	0.6213768115942029	9.4	9.11	Constitutive
9397	0.3813983186123231	10.77	6.91	Constitutive
51822	0.41493960094168497	10.57	6.91	Constitutive
12299	0.4224733718188471	10.77	10.73	Constitutive
1637	0.41172877214416614	10.38	12.19	Constitutive
97	0.5257731958762887	8.49	8.55	Constitutive
6992	0.5617848970251716	10.51	8.01	Constitutive
1351	0.3582531458179127	8.04	7.44	Constitutive
9518	0.3230720739651187	9.07	7.73	Constitutive
55585	0.3389763425384546	10.22	8.97	Constitutive
15294	0.34549496534588725	6.38	0.32	Constitutive
1877	0.6515716568993074	7.59	5.79	Constitutive
2006	0.5119641076769691	9.6	6.3	Constitutive
1529	0.3865271419228254	5.73	6.78	Constitutive
1627	0.4400737553779963	10.03	9.25	Constitutive
3639	0.3855454795273427	10.67	10.06	Constitutive
178	0.6460674157303371	8.19	9.67	Constitutive
3079	0.39071126989282234	1.23	10.81	Constitutive
9109	0.38280821165879897	6.84	9.9	Constitutive
1839	0.44480696030451333	9.65	8.43	Constitutive
2207	0.3384685092886271	3.19	9.41	Constitutive
2384	0.3200503355704698	8.77	6.66	Constitutive
1957	0.42514052120592744	7.16	5.84	Constitutive
9763	0.37836730513161937	10.1	7.88	Constitutive
7183	0.4706946958095503	10.28	7.76	Constitutive
2710	0.5269372693726937	7.33	9.37	Constitutive
525	0.5942857142857143	7.83	8.95	Constitutive
89	0.7303370786516854	6.43	5.88	Constitutive
302	0.4470198675496689	9.21	7.01	Constitutive
30385	0.4245844989303933	10.47	7.48	Constitutive
451	0.41019955654101997	7.52	7.5	Constitutive
3333	0.444044404440444	8.56	10.99	Constitutive
89	0.6292134831460674	9.26	6.61	Constitutive
179	0.6703910614525139	10.1	6.96	Constitutive
264	0.7121212121212122	9.22	13.37	Constitutive
1417	0.5603387438249824	7.93	8.37	Constitutive
13268	0.39825143201688273	9.81	8.27	Constitutive
4016	0.4723605577689243	5.19	7.52	Constitutive
84	0.5476190476190477	9.01	4.52	Constitutive
11797	0.4303636517758752	8.18	7.58	Constitutive
128	0.4296875	10.28	9.07	Constitutive
76	0.631578947368421	2.53	7.83	Constitutive
26227	0.37499523391924355	8.68	10.11	Constitutive
1492	0.5382037533512064	9.1	11.15	Constitutive
858	0.4289044289044289	6.99	7.12	Constitutive
383	0.5509138381201044	11.45	7.31	Constitutive
3675	0.3814965986394558	7.13	7.53	Constitutive
2488	0.32516077170418006	7.51	5.71	Constitutive
19543	0.613621245458732	9.79	9.25	Constitutive
1391	0.4802300503235083	9.6	9.35	Constitutive
1493	0.38914936369725384	7.88	4.51	Constitutive
4842	0.3828996282527881	1.76	6.68	Constitutive
3222	0.4158907510862818	8.07	7.34	Constitutive
1639	0.4899328859060403	10.77	5.96	Constitutive
1502	0.3621837549933422	8.59	6.32	Constitutive
8277	0.34940195723088074	8.24	7.24	Constitutive
2532	0.4628751974723539	6.06	1.83	Constitutive
3675	0.3814965986394558	7.13	7.53	Constitutive
4703	0.40846268339357855	3.53	13.46	Constitutive
12156	0.4218492925304376	6.18	8.78	Constitutive
9598	0.41175244842675557	9.89	8.84	Constitutive
44453	0.4338739792589926	10.49	9.54	Constitutive
104	0.7019230769230769	10.49	9.95	Constitutive
3792	0.35891350210970463	10.13	9.03	Constitutive
642	0.5887850467289719	7.26	11.75	Constitutive
12151	0.4282775080240309	9.66	9.47	Constitutive
1931	0.4080787156913516	7.56	9.75	Constitutive
1203	0.4605153782211139	10.47	15.17	Constitutive
1284	0.5615264797507789	10.28	11.65	Constitutive
791	0.6270543615676359	10.1	7.35	Constitutive
448	0.625	7.66	11.57	Constitutive
116	0.5344827586206896	8.1	9.52	Constitutive
110	0.6727272727272727	11.08	6.93	Constitutive
135	0.3111111111111111	9.37	6.51	Constitutive
2317	0.34829520932239966	7.54	12.59	Constitutive
1552	0.28737113402061853	7.61	11.0	Constitutive
4858	0.4258954302181968	8.07	12.82	Constitutive
4370	0.38100686498855835	7.05	8.52	Constitutive
207004	0.3796689919035381	7.96	9.55	Constitutive
437	0.6109839816933639	6.25	7.69	Constitutive
2134	0.5651358950328023	8.17	11.47	Constitutive
33051	0.3647393422286769	6.49	10.21	Constitutive
1707	0.5067369654364382	10.03	12.24	Constitutive
18870	0.41118177000529943	10.08	7.48	Constitutive
79	0.6582278481012658	10.67	8.98	Constitutive
13323	0.3874502739623208	10.47	8.68	Constitutive
395	0.46582278481012657	1.51	10.75	Constitutive
3187	0.41700658926890494	4.3	9.5	Constitutive
5734	0.4747122427624695	3.32	9.71	Constitutive
1459	0.4880054832076765	9.25	14.27	Constitutive
2340	0.4064102564102564	9.81	8.56	Constitutive
2673	0.4227459783015339	9.65	6.99	Constitutive
85	0.6470588235294118	9.16	9.58	Constitutive
983	0.4211597151576806	2.28	6.51	Constitutive
2014	0.5590863952333665	10.03	10.85	Constitutive
1539	0.3521767381416504	10.67	10.6	Constitutive
126	0.626984126984127	7.13	6.18	Constitutive
225	0.5955555555555555	9.16	2.31	Constitutive
1402	0.4992867332382311	4.54	6.84	Constitutive
1614	0.35811648079306074	8.95	2.89	Constitutive
2230	0.40717488789237666	8.68	2.96	Constitutive
1415	0.4120141342756184	10.49	8.01	Constitutive
1245	0.3413654618473896	8.83	4.99	Constitutive
2841	0.418514607532559	8.35	12.74	Constitutive
298	0.28523489932885904	9.82	1.06	Constitutive
276	0.7065217391304348	6.8	1.97	Constitutive
5441	0.42675978680389637	9.65	9.85	Constitutive
938	0.4051172707889126	4.14	-1.65	Constitutive
836	0.48444976076555024	10.07	7.33	Constitutive
293	0.3515358361774744	9.82	9.93	Constitutive
21756	0.3681742967457253	8.88	10.41	Constitutive
42193	0.46666508662574363	9.85	13.79	Constitutive
21574	0.43770279039584686	8.02	10.29	Constitutive
89	0.25842696629213485	7.0	7.62	Constitutive
433	0.6397228637413395	8.88	9.72	Constitutive
1289	0.330488750969744	9.35	8.66	Constitutive
4292	0.3821062441752097	6.53	-0.39	Constitutive
1062	0.4303201506591337	10.16	9.45	Constitutive
1024	0.4736328125	9.99	3.23	Constitutive
921	0.43539630836047777	9.72	10.04	Constitutive
4441	0.3852735870299482	8.54	11.68	Constitutive
1509	0.40622929092113985	6.34	8.65	Constitutive
173	0.6416184971098265	8.3	8.0	Constitutive
70	0.6	8.37	2.73	Constitutive
2865	0.3961605584642234	11.08	11.47	Constitutive
569	0.30052724077328646	10.06	5.92	Constitutive
1444	0.5401662049861495	6.57	7.4	Constitutive
272	0.6029411764705882	9.89	2.94	Constitutive
8681	0.42218638405713627	11.01	7.89	Constitutive
2724	0.6615271659324523	8.05	10.32	Constitutive
437	0.6155606407322655	6.64	10.49	Constitutive
194	0.39690721649484534	4.62	10.86	Constitutive
7268	0.4504678040726472	8.92	12.28	Constitutive
4354	0.5238860817638953	10.28	-3.58	Constitutive
2305	0.3475054229934924	7.68	10.95	Constitutive
1155	0.39826839826839827	4.51	1.84	Constitutive
9426	0.3995332060258858	11.08	9.3	Constitutive
87	0.632183908045977	8.41	13.0	Constitutive
343	0.5481049562682215	8.68	9.88	Constitutive
5180	0.34034749034749034	7.93	4.37	Constitutive
36789	0.3791622495854739	11.01	12.04	Constitutive
519	0.28709055876685935	8.83	11.58	Constitutive
3987	0.35891647855530473	10.44	8.87	Constitutive
8388	0.4480209823557463	7.43	10.84	Constitutive
965	0.5813471502590674	8.66	8.36	Constitutive
14984	0.3727976508275494	9.11	8.47	Constitutive
2692	0.38558692421991086	3.24	10.6	Constitutive
803	0.5790784557907845	9.13	9.61	Constitutive
313	0.5718849840255591	6.46	10.55	Constitutive
155	0.6387096774193548	7.65	4.77	Constitutive
50651	0.3829736826518726	9.54	8.77	Constitutive
4109	0.4879532733025067	9.16	10.06	Constitutive
549	0.6029143897996357	10.07	9.48	Constitutive
474	0.5485232067510548	9.49	9.01	Constitutive
2312	0.5056228373702422	10.28	13.37	Constitutive
5471	0.4264302686894535	11.0	12.49	Constitutive
176	0.6534090909090909	3.85	6.36	Constitutive
512	0.578125	2.78	11.01	Constitutive
10347	0.3573016333236687	8.59	5.81	Constitutive
11828	0.40564761582685155	11.08	9.22	Constitutive
368	0.6114130434782609	5.03	7.77	Constitutive
181	0.6022099447513812	10.17	10.87	Constitutive
960	0.409375	8.14	7.71	Constitutive
88	0.8181818181818182	8.69	9.56	Constitutive
89	0.29213483146067415	7.15	11.42	Constitutive
3969	0.4308390022675737	8.55	9.22	Constitutive
5985	0.48370927318295737	10.08	9.84	Constitutive
1267	0.388318863456985	7.47	8.13	Constitutive
3490	0.3538681948424069	1.91	8.64	Constitutive
164	0.4878048780487805	8.4	9.46	Constitutive
84	0.7023809523809523	11.37	5.65	Constitutive
1683	0.33571004159239454	10.08	7.13	Constitutive
2084	0.44241842610364684	8.08	12.18	Constitutive
3563	0.38085882683132194	4.79	5.84	Constitutive
877	0.37970353477765106	9.45	0.94	Constitutive
10050	0.5104477611940299	10.77	9.64	Constitutive
417	0.5203836930455635	8.73	9.11	Constitutive
3885	0.4682110682110682	4.8	8.73	Constitutive
4903	0.36630634305527227	5.54	9.03	Constitutive
305	0.46885245901639344	10.51	10.81	Constitutive
729	0.2935528120713306	7.41	9.41	Constitutive
894	0.3143176733780761	5.02	7.36	Constitutive
2912	0.5309065934065934	8.68	7.44	Constitutive
70702	0.36436027269384175	9.14	9.93	Constitutive
1368	0.4159356725146199	9.79	10.87	Constitutive
31154	0.3763561661423894	10.24	13.97	Constitutive
222	0.27927927927927926	7.3	9.57	Constitutive
959	0.397288842544317	8.17	6.24	Constitutive
1574	0.5241423125794155	4.74	12.12	Constitutive
2575	0.4772815533980583	8.76	8.93	Constitutive
1436	0.520891364902507	8.41	12.02	Constitutive
2891	0.3690764441369768	9.66	6.35	Constitutive
1147	0.5396687009590235	5.66	4.82	Constitutive
255	0.615686274509804	7.83	6.24	Constitutive
6780	0.4491150442477876	9.48	7.95	Constitutive
4754	0.40092553639040807	9.88	6.28	Constitutive
463	0.6414686825053996	9.22	8.5	Constitutive
1711	0.30566919929865577	10.43	6.17	Constitutive
797	0.2986198243412798	6.15	6.85	Constitutive
975	0.3723076923076923	7.07	12.18	Constitutive
2478	0.40516545601291365	8.27	7.6	Constitutive
16041	0.3699270619038713	10.93	5.55	Constitutive
5163	0.3664536122409452	6.96	10.0	Constitutive
1037	0.6576663452266153	9.82	5.97	Constitutive
4249	0.4615203577312309	9.85	8.91	Constitutive
1277	0.6546593578700078	8.05	9.81	Constitutive
1161	0.58656330749354	9.6	9.51	Constitutive
3403	0.5803702615339407	10.1	10.95	Constitutive
470	0.49361702127659574	10.16	4.9	Constitutive
1800	0.36333333333333334	7.13	8.29	Constitutive
1200	0.6083333333333333	9.08	12.9	Constitutive
378	0.3783068783068783	9.35	6.76	Constitutive
1147	0.3095030514385353	11.08	9.64	Constitutive
4477	0.341746705383069	6.99	6.67	Constitutive
31617	0.35401840781857863	11.08	7.17	Constitutive
2036	0.3698428290766208	8.49	6.7	Constitutive
4816	0.4736295681063123	8.56	9.38	Constitutive
155	0.2064516129032258	8.88	8.83	Constitutive
1007	0.5402184707050646	10.47	10.2	Constitutive
3531	0.38147833474936277	6.84	10.17	Constitutive
727	0.4250343878954608	5.06	11.09	Constitutive
865	0.40578034682080927	1.81	6.16	Constitutive
9061	0.3976382297759629	10.47	8.48	Constitutive
34053	0.39793850762047395	10.06	12.67	Constitutive
26368	0.4890018203883495	1.66	14.4	Constitutive
76673	0.3834465848473387	9.43	9.11	Constitutive
3364	0.4518430439952438	10.77	11.84	Constitutive
7641	0.46302839942415913	-4.52	9.26	Constitutive
1045	0.34258373205741627	8.11	10.34	Constitutive
4453	0.3774983157421963	10.57	3.93	Constitutive
352	0.6960227272727273	10.26	5.26	Constitutive
937	0.3084311632870864	8.46	10.61	Constitutive
2769	0.4564824846514987	8.46	5.09	Constitutive
1474	0.43419267299864317	6.37	8.0	Constitutive
865	0.33410404624277457	8.55	13.58	Constitutive
256	0.5859375	7.61	10.98	Constitutive
7407	0.4150128257054138	3.1	10.73	Constitutive
283	0.6325088339222615	8.68	9.66	Constitutive
234	0.32905982905982906	10.77	7.37	Constitutive
246	0.6463414634146342	7.85	7.15	Constitutive
1866	0.5053590568060021	4.89	11.87	Constitutive
2468	0.41369529983792547	8.88	8.21	Constitutive
1137	0.623570800351803	9.88	11.33	Constitutive
324	0.2654320987654321	11.0	8.01	Constitutive
13558	0.36649948369966073	8.15	10.61	Constitutive
4237	0.3953268822279915	10.51	9.83	Constitutive
9981	0.4687907023344354	7.22	9.57	Constitutive
220	0.5954545454545455	8.49	7.76	Constitutive
458	0.37554585152838427	1.45	10.62	Constitutive
3275	0.3706870229007634	2.29	10.51	Constitutive
997	0.39518555667001004	8.76	8.76	Constitutive
489	0.7034764826175869	8.99	3.69	Constitutive
690	0.37681159420289856	9.6	11.43	Constitutive
9708	0.4009064688916358	11.0	8.3	Constitutive
14655	0.3903104742408734	10.28	9.42	Constitutive
214	0.4719626168224299	9.1	9.49	Constitutive
1051	0.3615604186489058	8.38	5.89	Constitutive
117	0.6581196581196581	6.66	4.17	Constitutive
572	0.34440559440559443	7.46	9.09	Constitutive
107	0.8130841121495327	6.32	7.03	Constitutive
1117	0.35004476275738583	8.99	8.43	Constitutive
45782	0.37584640251627277	7.52	3.73	Constitutive
373	0.6193029490616622	8.73	10.25	Constitutive
7528	0.5486184909670563	9.04	5.64	Constitutive
609	0.5779967159277504	7.66	4.25	Constitutive
545	0.5889908256880734	6.69	10.38	Constitutive
338	0.3905325443786982	9.12	12.22	Constitutive
4572	0.5030621172353456	10.28	8.59	Constitutive
90	0.23333333333333334	4.08	6.52	Constitutive
2121	0.5176803394625177	7.93	2.66	Constitutive
11305	0.4663423264042459	7.93	11.36	Constitutive
16701	0.34674570385006886	10.24	9.62	Constitutive
745	0.2966442953020134	9.43	9.32	Constitutive
1291	0.5755228505034856	7.54	8.03	Constitutive
9184	0.40385452961672474	9.66	8.24	Constitutive
1914	0.3793103448275862	7.87	10.12	Constitutive
2445	0.350920245398773	7.65	6.73	Constitutive
856	0.4158878504672897	9.45	7.33	Constitutive
5270	0.3193548387096774	8.99	10.94	Constitutive
697	0.3328550932568149	8.72	6.13	Constitutive
331	0.2719033232628399	7.46	6.98	Constitutive
90	0.32222222222222224	4.79	11.01	Constitutive
1542	0.5188067444876784	1.64	-0.43	Constitutive
5042	0.3722729075763586	6.93	7.49	Constitutive
352	0.6051136363636364	4.95	7.63	Constitutive
248	0.6129032258064516	5.88	6.21	Constitutive
574	0.313588850174216	7.05	10.49	Constitutive
307	0.42996742671009774	5.07	7.87	Constitutive
4751	0.3818143548726584	4.57	3.5	Constitutive
9144	0.6176727909011374	10.29	12.91	Constitutive
9120	0.3787280701754386	9.8	12.35	Constitutive
374	0.43315508021390375	8.63	6.77	Constitutive
1989	0.358974358974359	7.96	9.04	Constitutive
2308	0.43327556325823224	9.1	2.38	Constitutive
1481	0.36191762322754895	10.67	8.22	Constitutive
1901	0.569700157811678	3.36	11.06	Constitutive
8808	0.4283605812897366	8.34	4.79	Constitutive
1185	0.48438818565400843	8.07	8.17	Constitutive
111	0.6846846846846847	10.88	5.85	Constitutive
8380	0.3902147971360382	8.56	9.37	Constitutive
1286	0.3701399688958009	6.04	6.77	Constitutive
2092	0.38575525812619504	11.08	10.5	Constitutive
4038	0.36007924715205547	7.96	3.84	Constitutive
878	0.285876993166287	11.08	4.69	Constitutive
284	0.6056338028169014	8.3	9.15	Constitutive
4622	0.6401990480311553	6.38	9.22	Constitutive
649	0.5562403697996918	9.79	11.2	Constitutive
114	0.22807017543859648	8.59	8.86	Constitutive
724	0.4447513812154696	9.3	8.86	Constitutive
310	0.4774193548387097	7.37	9.32	Constitutive
1413	0.5576786978060864	4.68	11.82	Constitutive
2668	0.5704647676161919	9.6	6.34	Constitutive
215	0.5953488372093023	8.46	11.41	Constitutive
799	0.6645807259073843	1.46	5.8	Constitutive
1151	0.6046915725456126	7.13	10.0	Constitutive
70	0.6857142857142857	9.65	11.78	Constitutive
4000	0.37775	9.99	6.71	Constitutive
6967	0.3667288646476245	10.77	9.33	Constitutive
129	0.6511627906976745	8.56	4.54	Constitutive
1579	0.30208993033565545	8.62	11.13	Constitutive
573	0.5514834205933682	6.95	5.99	Constitutive
244	0.42213114754098363	4.15	8.34	Constitutive
334	0.6077844311377245	10.05	8.27	Constitutive
1703	0.47563123899001764	10.51	-0.61	Constitutive
10209	0.4133607601136252	8.83	7.74	Constitutive
4793	0.3425829334446067	11.37	7.69	Constitutive
584	0.4845890410958904	8.27	10.58	Constitutive
397	0.6045340050377834	8.19	7.45	Constitutive
144	0.6458333333333334	9.16	12.74	Constitutive
14897	0.4161240518225146	8.39	10.23	Constitutive
8260	0.4794188861985472	7.36	10.04	Constitutive
1796	0.4064587973273942	9.6	8.27	Constitutive
865	0.545664739884393	9.3	3.57	Constitutive
2042	0.36679725759059745	6.43	7.37	Constitutive
723	0.46473029045643155	10.65	10.43	Constitutive
2382	0.39336691855583544	8.73	11.24	Constitutive
16040	0.36951371571072317	9.07	6.16	Constitutive
13328	0.36111944777911165	10.47	5.44	Constitutive
957	0.5193312434691745	3.68	12.63	Constitutive
10753	0.4356923649214173	7.0	10.62	Constitutive
1168	0.4957191780821918	5.84	9.89	Constitutive
15746	0.3801600406452432	8.56	8.93	Constitutive
4350	0.44804597701149423	-0.25	11.76	Constitutive
7134	0.4076254555649005	10.47	9.7	Constitutive
4353	0.4020215943027797	9.11	8.98	Constitutive
862	0.46403712296983757	8.68	9.36	Constitutive
473	0.4249471458773784	7.84	9.75	Constitutive
535	0.5457943925233645	3.53	7.42	Constitutive
168	0.2976190476190476	9.65	4.05	Constitutive
3797	0.3779299446931788	10.38	10.5	Constitutive
1829	0.5390924002186988	1.73	7.26	Constitutive
216355	0.4108155577638603	10.24	9.78	Constitutive
888	0.5326576576576577	7.21	5.16	Constitutive
1333	0.4763690922730683	9.79	12.52	Constitutive
1025	0.3804878048780488	10.45	7.95	Constitutive
9480	0.4860759493670886	10.9	9.92	Constitutive
765	0.48104575163398694	7.94	9.1	Constitutive
76	0.6447368421052632	9.99	8.54	Constitutive
225	0.5511111111111111	3.78	9.21	Constitutive
2256	0.4299645390070922	9.45	9.61	Constitutive
1708	0.4771662763466042	8.17	11.09	Constitutive
713	0.5932678821879382	10.86	9.22	Constitutive
3235	0.45347758887171563	7.2	10.62	Constitutive
478	0.5209205020920502	6.9	9.99	Constitutive
1034	0.39748549323017407	9.65	9.59	Constitutive
159	0.4968553459119497	10.03	11.7	Constitutive
4206	0.3178792201616738	9.16	3.02	Constitutive
187	0.5080213903743316	7.56	6.59	Constitutive
221	0.4479638009049774	8.1	5.92	Constitutive
104	0.6826923076923077	6.6	13.61	Constitutive
2224	0.45008992805755393	7.44	12.69	Constitutive
1217	0.2736236647493837	7.46	8.1	Constitutive
261	0.5555555555555556	1.76	8.23	Constitutive
475	0.35157894736842105	8.14	7.45	Constitutive
110	0.5636363636363636	7.43	10.14	Constitutive
6340	0.39542586750788644	6.35	11.48	Constitutive
3192	0.474937343358396	9.6	9.21	Constitutive
12333	0.3746858023189816	10.67	8.1	Constitutive
4073	0.4345691136754235	5.67	10.83	Constitutive
1544	0.4060880829015544	9.45	6.22	Constitutive
308	0.45454545454545453	10.24	9.94	Constitutive
408	0.30637254901960786	7.64	8.17	Constitutive
2371	0.6077604386334879	9.6	9.89	Constitutive
32325	0.4237587006960557	7.31	5.67	Constitutive
1587	0.5532451165721487	7.54	5.11	Constitutive
1851	0.5229605618584549	8.48	9.05	Constitutive
1683	0.36185383244206776	3.1	11.86	Constitutive
682	0.3782991202346041	10.13	12.4	Constitutive
577	0.4748700173310225	4.51	5.65	Constitutive
14840	0.35188679245283017	10.03	6.83	Constitutive
1047	0.41260744985673353	10.47	8.06	Constitutive
1542	0.4980544747081712	8.76	10.98	Constitutive
5729	0.3981497643567813	8.68	8.71	Constitutive
3050	0.35508196721311475	7.2	8.32	Constitutive
276	0.5869565217391305	6.99	11.14	Constitutive
4529	0.4506513579156547	9.11	4.12	Constitutive
1645	0.4328267477203647	5.84	9.28	Constitutive
4510	0.3760532150776053	7.2	-1.01	Constitutive
294	0.47278911564625853	7.73	10.8	Constitutive
5511	0.5708582834331337	2.81	12.52	Constitutive
13129	0.3911950643613375	11.01	8.95	Constitutive
670	0.291044776119403	10.47	5.04	Constitutive
366	0.3087431693989071	9.79	6.39	Constitutive
2846	0.3945888966971188	8.82	9.15	Constitutive
735	0.4	-0.21	11.89	Constitutive
2845	0.30052724077328646	6.17	7.88	Constitutive
124	0.28225806451612906	8.31	12.14	Constitutive
944	0.3220338983050847	10.13	10.46	Constitutive
2928	0.3801229508196721	8.14	6.42	Constitutive
11756	0.39128955427015993	10.28	9.66	Constitutive
498	0.6365461847389559	8.41	8.05	Constitutive
5687	0.4234218392825743	9.6	10.26	Constitutive
3407	0.46551218080422657	10.57	3.98	Constitutive
1325	0.3569811320754717	11.08	4.41	Constitutive
1653	0.3781004234724743	5.09	4.4	Constitutive
7073	0.3687261416654885	3.07	9.38	Constitutive
675	0.3422222222222222	0.01	6.51	Constitutive
4147	0.40583554376657827	7.83	8.61	Constitutive
4752	0.359006734006734	8.55	9.23	Constitutive
792	0.47095959595959597	7.93	11.86	Constitutive
1258	0.5182829888712241	7.39	7.8	Constitutive
2529	0.45670225385527874	11.01	8.75	Constitutive
3163	0.37085045842554537	9.66	5.2	Constitutive
660	0.4681818181818182	7.31	9.59	Constitutive
31240	0.40793854033290655	7.67	10.12	Constitutive
7381	0.3426364991193605	11.08	9.47	Constitutive
493	0.5314401622718052	10.77	12.55	Constitutive
10575	0.42997635933806144	8.88	8.95	Constitutive
8183	0.39484296712697053	10.86	9.88	Constitutive
105	0.37142857142857144	7.25	1.54	Constitutive
3949	0.42896935933147634	9.72	7.21	Constitutive
3271	0.39896056251910733	8.95	3.83	Constitutive
1227	0.4702526487367563	-2.15	1.15	Constitutive
2860	0.3958041958041958	6.43	5.41	Constitutive
561	0.5008912655971479	9.24	8.93	Constitutive
750	0.33066666666666666	5.9	10.08	Constitutive
3054	0.42337917485265225	8.73	3.35	Constitutive
4520	0.4581858407079646	10.03	9.63	Constitutive
654	0.5428134556574924	3.24	3.5	Constitutive
86	0.4186046511627907	9.24	8.9	Constitutive
228	0.5394736842105263	8.59	7.7	Constitutive
2544	0.39111635220125784	8.99	9.26	Constitutive
162	0.6481481481481481	3.64	9.0	Constitutive
1276	0.493730407523511	9.21	9.24	Constitutive
142	0.7253521126760564	6.46	8.85	Constitutive
722	0.30886426592797783	5.24	9.43	Constitutive
351	0.5925925925925926	7.36	6.12	Constitutive
2699	0.35902185994812896	8.39	7.54	Constitutive
5765	0.40589765828274066	7.93	5.3	Constitutive
394	0.5583756345177665	10.9	12.79	Constitutive
4619	0.5457891318467201	6.19	10.5	Constitutive
329	0.5592705167173252	10.1	6.66	Constitutive
553	0.2911392405063291	7.92	11.16	Constitutive
1780	0.4786516853932584	10.08	8.43	Constitutive
85	0.2823529411764706	9.82	11.09	Constitutive
93	0.7096774193548387	9.89	4.49	Constitutive
2405	0.3600831600831601	-6.16	-0.74	Constitutive
2425	0.5270103092783505	7.54	7.72	Constitutive
7308	0.4756431308155446	7.88	10.54	Constitutive
763	0.4521625163826999	11.08	8.94	Constitutive
44513	0.5609821849796689	10.9	11.68	Constitutive
5807	0.3869467883588772	9.11	13.94	Constitutive
1211	0.4360033030553262	10.36	11.48	Constitutive
2316	0.405440414507772	8.83	8.56	Constitutive
217	0.6774193548387096	7.29	4.64	Constitutive
2236	0.39803220035778175	9.37	8.85	Constitutive
4176	0.4164272030651341	7.52	5.33	Constitutive
2415	0.5250517598343686	4.8	8.41	Constitutive
8925	0.4656582633053221	6.25	9.54	Constitutive
1644	0.6094890510948905	11.45	9.58	Constitutive
1617	0.5231910946196661	8.59	10.8	Constitutive
6555	0.47170099160945844	7.33	12.5	Constitutive
14643	0.40640579116301306	6.53	12.38	Constitutive
1262	0.5015847860538827	9.73	9.62	Constitutive
29742	0.4281151233945263	10.49	9.94	Constitutive
14134	0.32658836847318523	9.65	6.9	Constitutive
1253	0.3160415003990423	6.34	9.17	Constitutive
89	0.6629213483146067	6.64	10.48	Constitutive
3866	0.48810139679255043	4.34	12.27	Constitutive
1989	0.35444947209653094	2.99	8.93	Constitutive
1313	0.5095201827875095	9.3	6.34	Constitutive
18246	0.3803573385947605	10.49	10.76	Constitutive
2142	0.41316526610644255	7.68	8.03	Constitutive
230	0.7347826086956522	7.61	7.09	Constitutive
276	0.6159420289855072	4.41	9.76	Constitutive
618	0.46440129449838186	8.83	12.05	Constitutive
10066	0.3167097158752235	10.29	10.44	Constitutive
999	0.4674674674674675	3.86	10.58	Constitutive
2449	0.3875051041241323	9.88	12.18	Constitutive
2767	0.3971810625225876	10.51	9.46	Constitutive
1945	0.33161953727506427	10.13	7.62	Constitutive
15292	0.34436306565524455	10.08	10.09	Constitutive
312	0.4326923076923077	10.67	7.45	Constitutive
2639	0.38537324744221296	7.87	7.13	Constitutive
1503	0.4411177644710579	7.07	11.18	Constitutive
1181	0.4089754445385267	11.08	8.69	Constitutive
668	0.4431137724550898	11.08	3.57	Constitutive
18814	0.43834378654193684	8.07	9.76	Constitutive
136	0.7279411764705882	7.65	10.76	Constitutive
3686	0.40260444926749867	7.88	10.61	Constitutive
711	0.4866385372714487	8.66	7.96	Constitutive
214	0.677570093457944	9.16	10.31	Constitutive
10748	0.5096762188314105	9.65	11.16	Constitutive
73	0.7671232876712328	10.9	11.7	Constitutive
1214	0.32207578253706753	9.27	9.18	Constitutive
3684	0.4163952225841477	8.23	5.73	Constitutive
5621	0.3652375022238036	9.11	9.37	Constitutive
36628	0.3863710822321721	7.65	10.1	Constitutive
17875	0.366993006993007	10.03	8.85	Constitutive
223	0.24663677130044842	9.72	6.04	Constitutive
41397	0.40925670942338815	10.45	7.6	Constitutive
2674	0.3156320119670905	9.11	9.9	Constitutive
258	0.46124031007751937	6.23	7.83	Constitutive
364	0.47527472527472525	10.06	12.17	Constitutive
132	0.7424242424242424	10.52	-2.79	Constitutive
252618	0.3990214474027979	10.65	9.14	Constitutive
1030	0.34951456310679613	7.48	4.07	Constitutive
199	0.5577889447236181	10.77	6.93	Constitutive
9105	0.3359692476661175	8.63	9.47	Constitutive
85	0.7294117647058823	4.59	9.37	Constitutive
675	0.3288888888888889	8.59	7.36	Constitutive
178	0.6573033707865169	8.34	6.7	Constitutive
338	0.39349112426035504	9.43	11.91	Constitutive
81	0.6419753086419753	9.6	7.99	Constitutive
4090	0.4273838630806846	6.99	5.68	Constitutive
159	0.3270440251572327	7.98	5.27	Constitutive
2978	0.37374076561450637	8.88	5.42	Constitutive
16033	0.4205700742219173	8.62	7.42	Constitutive
2124	0.4383239171374765	8.68	8.9	Constitutive
6483	0.47231220114144684	7.82	9.0	Constitutive
236	0.5042372881355932	6.8	2.3	Constitutive
81	0.7160493827160493	6.85	8.69	Constitutive
1436	0.403899721448468	10.47	8.09	Constitutive
11880	0.5260942760942761	11.78	10.34	Constitutive
7231	0.5018669616927119	8.17	8.3	Constitutive
7208	0.33726415094339623	9.45	9.89	Constitutive
2385	0.4259958071278826	7.93	7.8	Constitutive
279	0.5663082437275986	6.38	11.7	Constitutive
163	0.6993865030674846	8.17	7.46	Constitutive
1062	0.2975517890772128	7.03	12.71	Constitutive
267	0.6179775280898876	9.2	-0.94	Constitutive
9453	0.4341478895588702	6.43	6.38	Constitutive
4418	0.45382526029877773	10.07	10.1	Constitutive
17257	0.4124703019064727	8.02	10.73	Constitutive
13774	0.5008712066211704	5.63	12.18	Constitutive
524	0.34923664122137404	9.06	5.81	Constitutive
9017	0.39037373849395585	3.78	4.76	Constitutive
2198	0.46633303002729753	10.03	7.49	Constitutive
269	0.3271375464684015	9.06	11.38	Constitutive
2574	0.34304584304584307	8.01	9.16	Constitutive
4935	0.3951367781155015	9.72	6.69	Constitutive
695	0.60431654676259	11.11	2.84	Constitutive
2472	0.4526699029126214	10.43	6.97	Constitutive
24856	0.3784196974573544	10.65	5.15	Constitutive
2867	0.4611091733519358	9.99	9.45	Constitutive
4545	0.43498349834983496	6.03	6.85	Constitutive
3274	0.5607819181429444	8.7	5.64	Constitutive
325	0.4307692307692308	7.65	6.19	Constitutive
108	0.4166666666666667	7.56	8.43	Constitutive
155	0.6064516129032258	7.66	8.76	Constitutive
9203	0.49961968923177225	3.64	9.65	Constitutive
464	0.3168103448275862	10.86	8.23	Constitutive
11673	0.3430994602929838	7.09	9.58	Constitutive
5390	0.3705009276437848	10.67	6.46	Constitutive
4357	0.5258205187055314	8.99	14.48	Constitutive
3826	0.5295347621536853	9.6	10.69	Constitutive
284	0.5774647887323944	8.41	7.31	Constitutive
311	0.6205787781350482	5.93	11.37	Constitutive
777	0.51994851994852	9.48	7.91	Constitutive
2385	0.32955974842767294	9.04	4.79	Constitutive
1247	0.41379310344827586	8.4	7.87	Constitutive
3580	0.45754189944134077	8.49	11.9	Constitutive
3755	0.5504660452729694	6.15	10.27	Constitutive
173	0.37572254335260113	10.51	9.2	Constitutive
4644	0.3785529715762274	7.4	7.76	Constitutive
293	0.5255972696245734	8.02	11.13	Constitutive
3137	0.3104877271278291	8.46	9.49	Constitutive
91	0.38461538461538464	6.64	8.76	Constitutive
127	0.30708661417322836	8.73	6.79	Constitutive
100	0.6	2.18	7.77	Constitutive
128	0.375	10.22	8.32	Constitutive
2017	0.37927615270203274	10.86	10.0	Constitutive
171	0.5614035087719298	5.24	12.29	Constitutive
431	0.654292343387471	9.26	10.76	Constitutive
877	0.47776510832383123	10.45	9.02	Constitutive
13891	0.3991793247426391	7.52	9.46	Constitutive
1747	0.3388666285060103	8.76	11.09	Constitutive
126	0.5	6.06	8.2	Constitutive
863	0.33719582850521435	9.48	6.8	Constitutive
21116	0.38421102481530595	8.55	10.52	Constitutive
305	0.5934426229508196	5.4	9.87	Constitutive
665	0.5142857142857142	7.43	3.38	Constitutive
9548	0.4333891914537076	8.99	7.89	Constitutive
490	0.2816326530612245	9.72	8.38	Constitutive
982	0.32179226069246436	8.38	8.74	Constitutive
411	0.5961070559610706	9.89	7.7	Constitutive
123	0.5934959349593496	6.39	10.36	Constitutive
2065	0.524455205811138	9.37	10.62	Constitutive
3859	0.3985488468515159	9.46	9.5	Constitutive
170	0.5882352941176471	5.28	11.63	Constitutive
1544	0.4650259067357513	8.49	10.95	Constitutive
1163	0.46689595872742906	7.56	10.91	Constitutive
2644	0.42208774583963693	11.08	7.42	Constitutive
1315	0.43498098859315587	8.24	7.55	Constitutive
812	0.624384236453202	8.69	8.22	Constitutive
14871	0.43325936386255126	9.48	2.55	Constitutive
657	0.6560121765601218	9.05	7.11	Constitutive
343	0.5481049562682215	8.68	9.88	Constitutive
5527	0.3806766781255654	9.14	3.26	Constitutive
2622	0.4099923722349352	8.24	8.51	Constitutive
110	0.44545454545454544	5.85	8.46	Constitutive
1643	0.4972611077297626	8.7	11.12	Constitutive
26990	0.42463875509447946	6.14	7.8	Constitutive
610	0.6032786885245902	4.51	10.36	Constitutive
3077	0.3249918752031199	4.14	5.97	Constitutive
695	0.37841726618705035	6.36	6.4	Constitutive
54352	0.4339490727112158	10.67	10.27	Constitutive
1700	0.5570588235294117	10.22	12.78	Constitutive
4134	0.3584905660377358	7.3	11.83	Constitutive
1799	0.4919399666481378	7.3	8.42	Constitutive
3999	0.3533383345836459	6.8	6.54	Constitutive
213	0.704225352112676	8.95	8.69	Constitutive
1326	0.32805429864253394	8.59	11.42	Constitutive
304	0.5723684210526315	6.29	9.49	Constitutive
6434	0.4246192104445135	10.86	11.84	Constitutive
696	0.3807471264367816	11.08	8.29	Constitutive
1483	0.4753877275792313	5.87	1.19	Constitutive
1899	0.3149025803054239	8.82	8.02	Constitutive
3110	0.48488745980707393	9.6	9.67	Constitutive
1003	0.5643070787637089	6.34	10.65	Constitutive
1920	0.34270833333333334	9.63	5.56	Constitutive
4187	0.5361834248865536	10.22	9.65	Constitutive
1764	0.38038548752834467	6.43	10.54	Constitutive
426	0.7018779342723005	4.87	9.46	Constitutive
2559	0.451348182883939	8.33	8.92	Constitutive
9255	0.44084278768233387	9.46	3.29	Constitutive
1481	0.5516542876434841	8.56	8.99	Constitutive
79	0.6708860759493671	8.41	6.06	Constitutive
111	0.5405405405405406	3.0	9.71	Constitutive
2837	0.4497708847373987	9.6	8.61	Constitutive
102	0.696078431372549	11.08	12.75	Constitutive
2987	0.33913625711416134	3.1	10.24	Constitutive
282	0.5638297872340425	4.84	9.74	Constitutive
2633	0.31333080136726166	8.69	8.4	Constitutive
2008	0.42231075697211157	7.94	8.19	Constitutive
2172	0.3388581952117864	8.88	8.01	Constitutive
906	0.5761589403973509	8.4	9.73	Constitutive
685	0.6277372262773723	10.1	9.94	Constitutive
86837	0.361182445271025	10.65	9.39	Constitutive
2251	0.418480675255442	10.1	7.56	Constitutive
104	0.34615384615384615	7.63	10.38	Constitutive
2214	0.4254742547425474	9.6	10.57	Constitutive
2320	0.35301724137931034	9.72	9.25	Constitutive
494	0.34210526315789475	10.65	4.89	Constitutive
42717	0.3782100802959009	9.66	8.03	Constitutive
94	0.776595744680851	6.85	7.34	Constitutive
2796	0.39449213161659513	7.64	8.48	Constitutive
3005	0.36572379367720464	8.35	8.12	Constitutive
409	0.5134474327628362	11.11	11.12	Constitutive
946	0.5021141649048626	8.59	6.63	Constitutive
3574	0.5400111919418019	9.35	7.29	Constitutive
20590	0.4106847984458475	7.23	11.44	Constitutive
589	0.2920203735144312	9.08	8.81	Constitutive
592	0.6706081081081081	10.07	11.31	Constitutive
345	0.6057971014492753	9.16	8.97	Constitutive
162	0.4074074074074074	10.29	9.82	Constitutive
241	0.4854771784232365	8.49	8.19	Constitutive
123	0.7154471544715447	9.16	4.57	Constitutive
896	0.5814732142857143	9.16	10.23	Constitutive
1134	0.5414462081128748	11.08	8.78	Constitutive
833	0.4849939975990396	8.79	10.3	Constitutive
2847	0.4123638918159466	8.59	5.17	Constitutive
1030	0.4262135922330097	10.13	8.67	Constitutive
292	0.5753424657534246	7.81	1.25	Constitutive
973	0.4450154162384378	6.36	11.22	Constitutive
27776	0.4192828341013825	5.83	8.53	Constitutive
402	0.36318407960199006	5.64	8.15	Constitutive
1514	0.33091149273447823	11.0	7.68	Constitutive
892	0.42152466367713004	8.46	6.53	Constitutive
737	0.5033921302578019	9.99	9.1	Constitutive
524	0.43320610687022904	6.95	-2.98	Constitutive
735	0.41904761904761906	8.4	7.85	Constitutive
669	0.4020926756352765	9.15	9.85	Constitutive
11150	0.3789237668161435	10.86	10.56	Constitutive
589	0.4363327674023769	9.79	7.52	Constitutive
819	0.4884004884004884	7.46	7.11	Constitutive
135	0.725925925925926	9.67	8.75	Constitutive
4426	0.412336195210122	8.98	4.84	Constitutive
2077	0.39046701974000964	10.86	9.44	Constitutive
3749	0.39370498799679915	9.26	3.5	Constitutive
11358	0.4365205141750308	10.49	11.9	Constitutive
8743	0.42799954249113575	8.24	8.03	Constitutive
4785	0.4982236154649948	9.84	7.04	Constitutive
187	0.6042780748663101	5.28	10.52	Constitutive
2439	0.6088560885608856	10.05	-1.27	Constitutive
603	0.31343283582089554	3.99	9.84	Constitutive
5902	0.5128769908505592	8.38	11.04	Constitutive
206	0.39805825242718446	11.08	11.15	Constitutive
2453	0.3452914798206278	4.51	11.87	Constitutive
1584	0.32891414141414144	6.68	9.1	Constitutive
7575	0.38442244224422445	10.1	9.37	Constitutive
1130	0.5238938053097345	9.1	5.12	Constitutive
778	0.2750642673521851	3.0	8.85	Constitutive
1843	0.45198046663049374	7.96	10.36	Constitutive
76958	0.3619116920917903	8.59	6.94	Constitutive
767	0.6401564537157758	8.28	10.32	Constitutive
16615	0.4225097803189889	7.31	7.7	Constitutive
9075	0.40550964187327826	10.28	10.57	Constitutive
294	0.54421768707483	6.29	11.22	Constitutive
940	0.5904255319148937	10.07	7.13	Constitutive
2097	0.39294229852169765	7.25	9.96	Constitutive
2501	0.3494602159136345	10.77	9.57	Constitutive
1054	0.3918406072106262	8.85	4.43	Constitutive
969	0.5655314757481941	8.63	10.4	Constitutive
369	0.6070460704607046	10.47	6.07	Constitutive
5871	0.40112416964741954	8.54	7.88	Constitutive
253	0.2766798418972332	-0.72	7.59	Constitutive
692	0.42196531791907516	8.85	10.41	Constitutive
782	0.35038363171355497	7.1	4.15	Constitutive
404	0.37376237623762376	3.54	6.62	Constitutive
4584	0.36409249563699825	11.78	7.18	Constitutive
2179	0.3588802202845342	4.18	7.27	Constitutive
707	0.6251768033946252	2.88	7.87	Constitutive
98	0.6632653061224489	7.29	3.72	Constitutive
921	0.36590662323561346	9.85	9.88	Constitutive
1016	0.4448818897637795	8.35	11.15	Constitutive
3865	0.44346701164294955	10.45	8.14	Constitutive
523	0.5850860420650096	9.6	9.16	Constitutive
88	0.6022727272727273	8.02	13.2	Constitutive
169	0.7218934911242604	9.16	8.88	Constitutive
1034	0.4748549323017408	7.22	9.79	Constitutive
8285	0.5112854556427279	6.97	7.07	Constitutive
12514	0.46467955889403867	9.6	10.2	Constitutive
483	0.32712215320910976	8.62	10.21	Constitutive
875	0.3062857142857143	4.88	1.49	Constitutive
1981	0.5199394245330641	7.79	1.9	Constitutive
4590	0.5230936819172113	8.49	7.11	Constitutive
528	0.30303030303030304	6.84	7.86	Constitutive
9106	0.39589281792224906	7.09	13.45	Constitutive
3650	0.38575342465753426	9.04	9.17	Constitutive
7842	0.47832185666921706	7.88	11.2	Constitutive
959	0.42022940563086547	8.23	10.91	Constitutive
1119	0.5344057193923145	10.03	10.93	Constitutive
228	0.543859649122807	3.99	8.21	Constitutive
484	0.24793388429752067	9.14	7.99	Constitutive
1638	0.39377289377289376	9.79	6.81	Constitutive
7784	0.3341469681397739	11.0	8.83	Constitutive
66	0.7272727272727273	9.6	10.39	Constitutive
12022	0.34104142405589755	10.77	7.84	Constitutive
128	0.6328125	2.59	7.92	Constitutive
3621	0.48218724109362054	9.88	6.17	Constitutive
135	0.4444444444444444	7.04	11.93	Constitutive
893	0.5587905935050392	9.89	3.26	Constitutive
4130	0.3668280871670702	7.96	9.16	Constitutive
278	0.8201438848920863	9.25	3.29	Constitutive
600	0.37833333333333335	8.39	12.91	Constitutive
190	0.49473684210526314	8.76	11.75	Constitutive
2894	0.5186592950932964	7.0	10.36	Constitutive
921	0.3713355048859935	8.24	8.54	Constitutive
4117	0.39446198688365314	11.0	7.66	Constitutive
2900	0.5055172413793103	9.22	9.5	Constitutive
243831	0.3812271614355845	10.86	11.81	Constitutive
3007	0.4243431992018623	9.07	10.96	Constitutive
3120	0.3573717948717949	11.45	4.04	Constitutive
18085	0.37285042853193257	8.49	8.55	Constitutive
83	0.6024096385542169	10.07	9.44	Constitutive
49192	0.4175069116929582	8.7	9.77	Constitutive
333	0.5795795795795796	9.99	8.51	Constitutive
290	0.7482758620689656	3.6	4.43	Constitutive
5961	0.45931890622378796	10.47	9.47	Constitutive
1710	0.3912280701754386	10.65	4.53	Constitutive
1855	0.38221024258760106	9.79	11.82	Constitutive
6134	0.3805021193348549	8.59	7.4	Constitutive
22187	0.42204894758191736	6.66	12.17	Constitutive
3232	0.369740099009901	10.47	7.24	Constitutive
1055	0.4132701421800948	8.88	10.57	Constitutive
4571	0.3872238022314592	8.88	10.27	Constitutive
905	0.49613259668508286	8.41	6.72	Constitutive
1392	0.35560344827586204	6.84	7.69	Constitutive
94	0.44680851063829785	9.01	12.76	Constitutive
27493	0.39122685774560795	8.57	10.13	Constitutive
1508	0.4860742705570292	9.88	12.31	Constitutive
89	0.3146067415730337	8.88	5.2	Constitutive
2456	0.30171009771986973	8.49	8.89	Constitutive
678	0.2728613569321534	9.65	5.43	Constitutive
1069	0.4630495790458372	9.22	12.15	Constitutive
64409	0.3594994488347902	9.45	12.52	Constitutive
427	0.3231850117096019	11.08	1.47	Constitutive
347	0.2478386167146974	8.88	10.7	Constitutive
140	0.35	5.46	10.56	Constitutive
10487	0.3992562219891294	9.46	11.67	Constitutive
562	0.6725978647686833	6.46	12.3	Constitutive
6999	0.36076582368909843	6.43	10.6	Constitutive
8786	0.3371272478943774	8.07	1.99	Constitutive
993	0.4662638469284995	8.4	12.43	Constitutive
875	0.456	7.04	7.69	Constitutive
818	0.6491442542787286	5.92	6.52	Constitutive
7559	0.4077258896679455	9.1	6.81	Constitutive
3763	0.3566303481264948	6.84	10.04	Constitutive
114	0.4473684210526316	7.0	7.95	Constitutive
2257	0.51395657953035	6.99	5.52	Constitutive
96	0.5104166666666666	6.04	3.34	Constitutive
482	0.6410788381742739	11.81	9.75	Constitutive
2064	0.3992248062015504	7.57	8.78	Constitutive
602	0.6960132890365448	3.73	10.27	Constitutive
96	0.5208333333333334	8.3	-1.76	Constitutive
3877	0.39540882125354654	6.51	11.0	Constitutive
227	0.4713656387665198	10.24	11.01	Constitutive
121	0.3884297520661157	6.33	5.67	Constitutive
1848	0.5324675324675324	10.13	10.74	Constitutive
6711	0.4489643868275965	6.6	6.75	Constitutive
46515	0.49136837579275505	10.75	10.34	Constitutive
1013	0.386969397828233	5.95	5.54	Constitutive
24201	0.39411594562208174	9.26	5.65	Constitutive
64316	0.3781796131600224	10.86	8.69	Constitutive
2732	0.5087847730600292	8.83	7.35	Constitutive
1556	0.34897172236503854	7.64	7.49	Constitutive
2314	0.4105445116681072	-17.17	0.38	Constitutive
5311	0.48785539446431936	10.67	7.49	Constitutive
5622	0.3568125222340804	10.47	9.29	Constitutive
8002	0.452511872031992	8.41	4.84	Constitutive
3990	0.38220551378446116	5.06	8.7	Constitutive
2906	0.5220233998623538	7.06	8.49	Constitutive
54265	0.5015940293006542	10.03	10.68	Constitutive
171	0.47368421052631576	10.03	0.55	Constitutive
1360	0.6066176470588235	6.77	9.61	Constitutive
659	0.5705614567526556	9.27	11.03	Constitutive
1573	0.42657342657342656	3.71	6.61	Constitutive
1889	0.567496029645315	9.6	7.03	Constitutive
14516	0.4032791402590245	8.55	10.57	Constitutive
92	0.6195652173913043	9.35	9.45	Constitutive
344	0.5290697674418605	9.6	9.05	Constitutive
1431	0.3724668064290706	9.48	9.39	Constitutive
101	0.6336633663366337	7.13	7.73	Constitutive
2073	0.4717800289435601	11.45	8.5	Constitutive
861	0.3693379790940767	9.8	9.6	Constitutive
121	0.2727272727272727	9.72	6.85	Constitutive
138	0.5869565217391305	9.2	8.58	Constitutive
382	0.45549738219895286	5.26	9.55	Constitutive
2497	0.408089707649179	8.49	7.49	Constitutive
442	0.4479638009049774	10.36	4.93	Constitutive
292	0.4520547945205479	10.43	-0.25	Constitutive
5591	0.43587909139688785	11.08	9.92	Constitutive
452	0.37610619469026546	8.34	9.33	Constitutive
2364	0.3587140439932318	7.82	5.78	Constitutive
2383	0.5186739404112464	3.45	12.02	Constitutive
7448	0.39446831364124596	10.86	8.26	Constitutive
1261	0.3671689135606661	3.22	10.93	Constitutive
1280	0.38828125	8.35	9.84	Constitutive
1102	0.543557168784029	10.03	6.15	Constitutive
3475	0.4414388489208633	10.07	10.96	Constitutive
26351	0.3804030207582255	8.24	3.63	Constitutive
88	0.875	6.64	7.24	Constitutive
1240	0.425	8.34	9.26	Constitutive
106	0.4528301886792453	10.47	12.85	Constitutive
97	0.4845360824742268	6.35	12.21	Constitutive
1872	0.3643162393162393	9.06	8.22	Constitutive
112	0.5714285714285714	10.44	10.63	Constitutive
106	0.6509433962264151	8.49	7.56	Constitutive
1405	0.49608540925266903	7.52	5.99	Constitutive
1384	0.3432080924855491	8.99	12.8	Constitutive
384	0.3020833333333333	0.44	3.65	Constitutive
13145	0.46352225180677065	9.6	12.03	Constitutive
710	0.532394366197183	7.77	7.75	Constitutive
1557	0.5080282594733462	7.16	9.75	Constitutive
8517	0.45227192673476574	11.08	6.9	Constitutive
145	0.6413793103448275	7.93	9.72	Constitutive
384	0.5104166666666666	9.16	10.14	Constitutive
31130	0.4052682300032123	9.8	4.5	Constitutive
7201	0.35897791973337034	9.79	8.32	Constitutive
1801	0.45419211549139366	11.08	10.73	Constitutive
6135	0.4079869600651997	9.22	9.4	Constitutive
112	0.75	9.99	13.12	Constitutive
1102	0.3720508166969147	5.31	2.29	Constitutive
2843	0.4277172001406965	8.16	7.84	Constitutive
7437	0.3465106897942719	10.57	11.94	Constitutive
1199	0.31526271893244373	6.42	6.02	Constitutive
161	0.4906832298136646	7.65	9.35	Constitutive
51945	0.37193185099624604	8.72	6.82	Constitutive
871	0.49483352468427094	8.34	13.0	Constitutive
10599	0.43994716482687046	9.85	10.26	Constitutive
311	0.4983922829581994	9.04	10.27	Constitutive
13413	0.37851338253932754	10.07	4.74	Constitutive
201	0.5373134328358209	4.19	8.71	Constitutive
631	0.3359746434231379	10.67	10.59	Constitutive
105874	0.4195269849065871	7.93	5.07	Constitutive
260	0.4807692307692308	9.46	10.82	Constitutive
77	0.6493506493506493	10.1	12.28	Constitutive
482	0.4211618257261411	9.79	9.0	Constitutive
453	0.271523178807947	6.1	11.65	Constitutive
114	0.4473684210526316	7.0	7.95	Constitutive
2980	0.4469798657718121	10.51	10.22	Constitutive
27345	0.3786798317791187	7.33	8.57	Constitutive
63811	0.42682296155835203	10.08	10.83	Constitutive
105474	0.373684509926617	10.22	7.62	Constitutive
110	0.33636363636363636	9.35	9.93	Constitutive
13876	0.3722974920726434	8.49	9.72	Constitutive
828	0.5736714975845411	8.24	11.58	Constitutive
1914	0.3887147335423197	9.45	9.85	Constitutive
1898	0.3804004214963119	9.54	9.02	Constitutive
1064	0.33270676691729323	10.07	5.98	Constitutive
24296	0.3370102074415542	10.45	10.27	Constitutive
1614	0.42379182156133827	9.45	6.48	Constitutive
295	0.5525423728813559	10.28	9.14	Constitutive
2305	0.33926247288503253	9.07	8.06	Constitutive
297	0.6026936026936027	8.41	11.8	Constitutive
711	0.34739803094233473	6.25	6.88	Constitutive
95	0.5157894736842106	6.96	8.31	Constitutive
449	0.38084632516703787	7.63	10.69	Constitutive
7271	0.3705129968367487	7.84	9.59	Constitutive
689	0.5442670537010159	7.56	9.6	Constitutive
1977	0.3601416287303996	8.38	7.95	Constitutive
807	0.6418835192069393	6.37	7.14	Constitutive
24307	0.3711687991113671	10.77	13.7	Constitutive
748	0.3729946524064171	8.56	11.05	Constitutive
1270	0.36929133858267715	9.43	10.37	Constitutive
1385	0.524187725631769	7.39	4.38	Constitutive
1152	0.3923611111111111	9.08	9.12	Constitutive
410	0.5536585365853659	5.46	8.41	Constitutive
902	0.29379157427937913	7.38	7.14	Constitutive
4784	0.39297658862876256	11.78	8.5	Constitutive
1844	0.33731019522776573	9.72	8.42	Constitutive
8302	0.4388099253192002	9.16	10.64	Constitutive
200	0.615	8.41	8.2	Constitutive
14555	0.473720371006527	8.83	10.59	Constitutive
2323	0.4003443822643134	7.96	7.82	Constitutive
105	0.6	8.68	7.84	Constitutive
330	0.503030303030303	9.22	9.17	Constitutive
4003	0.3687234574069448	7.94	8.8	Constitutive
3096	0.4060077519379845	9.81	7.92	Constitutive
367	0.5231607629427792	7.23	8.95	Constitutive
5511	0.4723280711304663	9.8	8.02	Constitutive
332	0.5632530120481928	3.38	7.65	Constitutive
1625	0.49353846153846154	9.22	10.22	Constitutive
117	0.23931623931623933	9.43	5.97	Constitutive
507	0.6489151873767258	4.63	8.16	Constitutive
1437	0.36325678496868474	5.92	6.5	Constitutive
3874	0.3874548270521425	6.35	7.03	Constitutive
777	0.51994851994852	9.48	7.91	Constitutive
3928	0.5231670061099797	7.97	8.11	Constitutive
2224	0.3839928057553957	10.47	10.74	Constitutive
5510	0.46424682395644284	8.56	7.19	Constitutive
17910	0.4517029592406477	8.73	9.99	Constitutive
1129	0.6395039858281665	8.23	4.9	Constitutive
2900	0.39689655172413796	11.08	11.24	Constitutive
844	0.5402843601895735	3.51	10.21	Constitutive
1869	0.4633493846976993	10.48	7.51	Constitutive
3820	0.39790575916230364	10.45	9.02	Constitutive
359	0.8022284122562674	9.67	10.59	Constitutive
2651	0.3247831007167107	8.57	5.27	Constitutive
80	0.7	5.26	11.12	Constitutive
10934	0.5092372416316079	5.61	9.51	Constitutive
1229	0.42717656631407647	10.13	8.18	Constitutive
8506	0.35563131906889256	10.12	8.08	Constitutive
49412	0.38383388650530237	9.27	10.18	Constitutive
1974	0.5020263424518744	10.08	10.62	Constitutive
257	0.6926070038910506	9.45	12.22	Constitutive
3698	0.5440778799351	8.41	10.45	Constitutive
20619	0.3671371065522091	11.08	8.18	Constitutive
1638	0.33943833943833945	9.25	7.85	Constitutive
13472	0.4048396674584323	11.0	5.89	Constitutive
1729	0.36205899363794103	6.93	7.33	Constitutive
517	0.4119922630560928	7.16	11.03	Constitutive
7047	0.4058464594863062	9.65	12.31	Constitutive
298	0.7114093959731543	8.42	9.16	Constitutive
10387	0.5197843458168865	8.38	10.99	Constitutive
6144	0.3922526041666667	8.94	7.14	Constitutive
303	0.5973597359735974	8.05	4.99	Constitutive
5072	0.5041403785488959	9.6	11.36	Constitutive
1606	0.4383561643835616	-0.37	10.66	Constitutive
639	0.4616588419405321	9.68	11.26	Constitutive
988	0.3977732793522267	7.23	8.37	Constitutive
2847	0.34562697576396206	7.0	12.07	Constitutive
6267	0.5088559119195788	10.49	6.63	Constitutive
3066	0.32550554468362686	11.01	9.52	Constitutive
338	0.5236686390532544	9.16	8.22	Constitutive
25593	0.37940061735630837	2.78	7.78	Constitutive
2101	0.4112327463112803	4.36	10.96	Constitutive
367	0.5340599455040872	11.08	2.11	Constitutive
622	0.6012861736334405	10.28	10.1	Constitutive
74	0.7162162162162162	8.41	8.42	Constitutive
93	0.6666666666666666	7.0	10.2	Constitutive
192	0.6510416666666666	7.47	9.88	Constitutive
2915	0.5252144082332761	9.16	12.23	Constitutive
391	0.36828644501278773	6.8	1.91	Constitutive
1405	0.4206405693950178	7.3	11.83	Constitutive
1859	0.4588488434642281	8.7	5.1	Constitutive
2824	0.4918555240793201	7.62	8.99	Constitutive
19202	0.3364753671492553	11.01	11.79	Constitutive
222	0.5675675675675675	9.31	9.78	Constitutive
1868	0.7275160599571735	5.22	10.5	Constitutive
1290	0.6906976744186046	4.44	9.89	Constitutive
9625	0.43574025974025976	8.54	8.02	Constitutive
3611	0.3328717806701745	11.01	11.14	Constitutive
609	0.5812807881773399	9.8	13.4	Constitutive
168	0.5178571428571429	7.0	7.56	Constitutive
55062	0.4167847154117177	8.27	10.2	Constitutive
2024	0.48468379446640314	6.92	10.9	Constitutive
6543	0.4076111875286566	8.33	9.47	Constitutive
3423	0.44609991235758106	10.06	8.8	Constitutive
2147	0.43176525384257103	8.15	7.61	Constitutive
2546	0.44854673998428907	5.17	8.59	Constitutive
58325	0.4442863266180883	8.69	9.12	Constitutive
1936	0.681301652892562	10.67	10.92	Constitutive
18819	0.37701259365534834	7.52	6.27	Constitutive
14194	0.39263068902353104	3.56	11.16	Constitutive
198	0.6464646464646465	8.02	-2.58	Constitutive
208	0.5528846153846154	9.2	5.44	Constitutive
289	0.4463667820069204	7.0	9.26	Constitutive
2081	0.3628063431042768	9.37	8.62	Constitutive
907	0.34950385887541346	10.65	8.69	Constitutive
6927	0.43467590587555943	10.77	3.5	Constitutive
2429	0.4442157266364759	10.1	4.6	Constitutive
52453	0.3851638609803062	10.86	5.55	Constitutive
510	0.615686274509804	10.38	7.42	Constitutive
1567	0.381620931716656	7.27	4.39	Constitutive
92	0.25	5.06	5.5	Constitutive
128	0.46875	7.43	11.72	Constitutive
6406	0.44505151420543243	8.46	10.55	Constitutive
725	0.3682758620689655	7.3	5.49	Constitutive
1225	0.41959183673469386	9.84	8.42	Constitutive
284	0.5070422535211268	7.13	1.15	Constitutive
97	0.36082474226804123	5.5	10.11	Constitutive
1258	0.42845786963434024	10.13	9.97	Constitutive
302	0.45364238410596025	10.51	6.56	Constitutive
776	0.645618556701031	8.83	12.47	Constitutive
308	0.5064935064935064	10.1	14.59	Constitutive
611	0.3011456628477905	8.07	9.32	Constitutive
834	0.5	11.08	11.95	Constitutive
5686	0.6190643686246923	5.34	7.89	Constitutive
610	0.36885245901639346	6.74	9.7	Constitutive
2644	0.40431164901664146	9.79	5.52	Constitutive
861	0.3635307781649245	11.0	8.9	Constitutive
4723	0.5028583527419014	10.22	10.03	Constitutive
5873	0.4280606163800443	8.88	9.7	Constitutive
17222	0.40204389734061086	7.26	5.11	Constitutive
25745	0.41316760536026415	0.66	10.51	Constitutive
11039	0.47160068846815834	9.33	10.96	Constitutive
129570	0.39819402639499885	10.1	5.19	Constitutive
300	0.33	10.86	9.05	Constitutive
202	0.28217821782178215	7.03	10.08	Constitutive
691	0.3256150506512301	-2.79	9.92	Constitutive
2645	0.3047258979206049	4.15	9.2	Constitutive
2029	0.5850172498767866	7.36	9.81	Constitutive
1826	0.3658269441401972	9.26	7.19	Constitutive
1022	0.4931506849315068	6.57	11.98	Constitutive
641	0.5054602184087363	4.51	11.96	Constitutive
2960	0.46013513513513515	5.96	9.99	Constitutive
30216	0.4465845909451946	8.41	11.92	Constitutive
342	0.32456140350877194	10.86	5.81	Constitutive
1405	0.4234875444839858	4.51	6.95	Constitutive
581	0.23752151462994836	10.28	8.52	Constitutive
193	0.5906735751295337	8.23	10.38	Constitutive
74	0.8243243243243243	10.07	4.95	Constitutive
125	0.568	7.46	8.3	Constitutive
2810	0.34839857651245554	9.26	8.65	Constitutive
252	0.3968253968253968	8.35	9.6	Constitutive
5902	0.5128769908505592	8.38	11.04	Constitutive
89	0.449438202247191	4.3	5.77	Constitutive
1629	0.49969306322897483	10.03	3.58	Constitutive
155	0.36774193548387096	9.65	2.49	Constitutive
2538	0.4515366430260047	0.98	2.9	Constitutive
5262	0.3844545800076017	10.1	8.63	Constitutive
95	0.5368421052631579	10.07	7.23	Constitutive
6206	0.5257815017724783	9.27	12.0	Constitutive
745	0.3865771812080537	8.59	10.41	Constitutive
1784	0.4641255605381166	8.89	7.26	Constitutive
41441	0.4013175357737506	7.88	8.98	Constitutive
6746	0.42514082419211385	7.93	10.56	Constitutive
1054	0.4686907020872865	11.08	11.07	Constitutive
3467	0.3856359965387943	9.8	6.77	Constitutive
919	0.381936887921654	8.95	9.11	Constitutive
667	0.31634182908545727	3.45	6.99	Constitutive
1418	0.3032440056417489	8.68	10.38	Constitutive
1945	0.3455012853470437	8.4	6.07	Constitutive
2088	0.4631226053639847	7.03	11.21	Constitutive
1287	0.3682983682983683	6.59	4.68	Constitutive
3574	0.4017907106883044	10.13	5.06	Constitutive
85	0.24705882352941178	9.55	7.88	Constitutive
1177	0.5165675446049278	8.83	10.67	Constitutive
17266	0.3952276149658288	7.82	7.46	Constitutive
266	0.3157894736842105	7.7	3.47	Constitutive
5867	0.39100051133458325	9.54	7.36	Constitutive
53933	0.3785066656777854	8.41	6.7	Constitutive
5658	0.4669494521032167	10.65	11.04	Constitutive
4605	0.39609120521172636	8.68	10.62	Constitutive
322	0.5559006211180124	8.83	0.96	Constitutive
2817	0.4788782392616258	10.65	10.09	Constitutive
1193	0.366303436714166	7.52	10.13	Constitutive
1430	0.5153846153846153	7.44	-1.08	Constitutive
8345	0.4763331336129419	6.86	11.61	Constitutive
8758	0.35419045444165337	9.11	10.73	Constitutive
223	0.547085201793722	9.65	4.91	Constitutive
9301	0.41210622513708206	8.31	11.56	Constitutive
264	0.6401515151515151	8.07	10.13	Constitutive
2834	0.3817925194071983	10.1	9.03	Constitutive
194	0.27319587628865977	8.07	9.93	Constitutive
673	0.399702823179792	3.14	5.62	Constitutive
337	0.3115727002967359	8.65	8.5	Constitutive
666	0.527027027027027	6.99	6.64	Constitutive
2760	0.44420289855072465	7.64	7.98	Constitutive
3516	0.38850967007963594	9.11	8.37	Constitutive
948	0.4609704641350211	9.6	1.71	Constitutive
2580	0.38372093023255816	8.94	6.3	Constitutive
5691	0.36882797399402567	6.3	6.74	Constitutive
427	0.4613583138173302	7.23	3.51	Constitutive
23511	0.5256263025817702	10.06	11.82	Constitutive
5486	0.3776886620488516	8.38	9.09	Constitutive
26912	0.3773038049940547	9.6	11.35	Constitutive
284	0.573943661971831	7.03	7.4	Constitutive
1579	0.35338822039265355	10.29	7.47	Constitutive
361	0.4155124653739612	8.56	8.78	Constitutive
979	0.5689479060265578	8.66	10.24	Constitutive
7368	0.48887079261672095	10.4	11.48	Constitutive
1432	0.4776536312849162	3.56	10.8	Constitutive
110	0.5909090909090909	8.05	7.19	Constitutive
563	0.25932504440497334	9.72	7.65	Constitutive
314	0.410828025477707	4.15	7.46	Constitutive
757	0.44914134742404227	8.17	11.21	Constitutive
9449	0.6309662398137369	7.93	10.26	Constitutive
1491	0.539906103286385	7.16	5.94	Constitutive
8602	0.36328760753313183	6.04	7.7	Constitutive
1045	0.34258373205741627	8.11	10.34	Constitutive
2434	0.3475760065735415	8.73	11.25	Constitutive
119	0.5714285714285714	5.84	7.71	Constitutive
500	0.598	7.93	12.14	Constitutive
708	0.4533898305084746	9.04	10.38	Constitutive
15411	0.4767373953669457	9.68	12.83	Constitutive
2703	0.41139474657787645	7.63	7.35	Constitutive
56781	0.36469945932618303	10.65	11.15	Constitutive
123967	0.4614776513104294	8.68	11.55	Constitutive
1932	0.4477225672877847	7.04	11.67	Constitutive
7963	0.3894260956925782	10.65	7.08	Constitutive
33357	0.46224180831609557	9.6	9.02	Constitutive
2539	0.31705395825128	7.81	10.15	Constitutive
9854	0.4139435762127055	10.47	3.53	Constitutive
4967	0.43487014294342663	7.36	6.54	Constitutive
129	0.24806201550387597	8.46	10.15	Constitutive
545	0.5963302752293578	3.75	12.97	Constitutive
6739	0.46772518177771183	10.88	7.62	Constitutive
44328	0.3717740480057751	9.11	9.2	Constitutive
3817	0.45716531307309405	5.56	5.99	Constitutive
9308	0.38730124623979373	7.12	7.75	Constitutive
1669	0.31935290593169563	8.68	8.18	Constitutive
7399	0.4328963373428842	8.59	6.71	Constitutive
1650	0.5036363636363637	9.79	9.16	Constitutive
1071	0.4892623716153128	8.99	8.08	Constitutive
95	0.5684210526315789	10.36	6.74	Constitutive
6196	0.5077469335054874	10.67	6.66	Constitutive
10920	0.45705128205128204	9.45	11.7	Constitutive
387	0.31007751937984496	7.26	9.31	Constitutive
408	0.3137254901960784	6.29	8.99	Constitutive
1682	0.29488703923900117	7.42	6.25	Constitutive
5748	0.34620737647877525	7.07	9.6	Constitutive
6227	0.5323590814196242	10.2	5.27	Constitutive
465	0.5483870967741935	10.65	8.65	Constitutive
10713	0.4958461682068515	8.84	13.49	Constitutive
11631	0.4887799845241166	10.13	10.83	Constitutive
383	0.5456919060052219	5.84	6.16	Constitutive
781	0.49295774647887325	8.41	5.26	Constitutive
18475	0.4638700947225981	10.57	7.11	Constitutive
2145	0.42004662004662	10.57	12.06	Constitutive
257	0.3968871595330739	4.67	7.62	Constitutive
950	0.32105263157894737	4.44	10.3	Constitutive
124	0.5564516129032258	8.63	8.49	Constitutive
108	0.6574074074074074	10.07	5.42	Constitutive
5944	0.38879542395693134	10.67	7.39	Constitutive
2387	0.5031420192710515	10.65	8.62	Constitutive
3446	0.4233894370284388	9.26	12.28	Constitutive
7270	0.3433287482806052	10.57	10.32	Constitutive
333	0.36036036036036034	10.77	7.67	Constitutive
2045	0.35403422982885085	2.89	10.32	Constitutive
1110	0.4711711711711712	9.82	6.57	Constitutive
639	0.38028169014084506	8.35	4.41	Constitutive
2665	0.37373358348968105	8.59	4.09	Constitutive
1855	0.36172506738544474	10.47	8.19	Constitutive
2008	0.44671314741035856	7.24	11.35	Constitutive
842	0.47030878859857483	11.08	11.92	Constitutive
9301	0.41210622513708206	8.31	11.56	Constitutive
1913	0.4553058024046001	10.67	11.89	Constitutive
252	0.4246031746031746	4.84	6.92	Constitutive
92	0.4891304347826087	9.85	8.15	Constitutive
7284	0.37328390993959365	11.08	7.04	Constitutive
4006	0.5731402895656516	10.03	9.06	Constitutive
83	0.6746987951807228	8.76	11.98	Constitutive
9363	0.5174623518103172	8.0	12.35	Constitutive
1079	0.2965708989805375	9.79	7.86	Constitutive
1605	0.41495327102803736	7.87	10.39	Constitutive
536	0.5167910447761194	10.9	12.27	Constitutive
72316	0.4035206593285027	9.79	9.67	Constitutive
1957	0.41492079713847724	10.22	11.0	Constitutive
1055	0.3696682464454976	9.06	5.45	Constitutive
2723	0.49320602276900477	7.76	11.7	Constitutive
1912	0.4544979079497908	8.49	13.08	Constitutive
89	0.6179775280898876	8.98	11.02	Constitutive
824	0.5182038834951457	10.47	11.83	Constitutive
12264	0.40940965427266796	7.33	7.21	Constitutive
1096	0.4835766423357664	9.04	10.03	Constitutive
831	0.29482551143200963	9.45	9.96	Constitutive
875	0.5988571428571429	9.16	8.19	Constitutive
310	0.5064516129032258	9.22	9.1	Constitutive
1065	0.5220657276995305	10.24	8.47	Constitutive
24652	0.42154794742820056	10.08	11.85	Constitutive
11437	0.4351665646585643	4.27	10.8	Constitutive
3504	0.3393264840182648	9.06	7.75	Constitutive
8445	0.3812907045589106	8.54	7.38	Constitutive
642	0.470404984423676	2.72	9.01	Constitutive
2220	0.37747747747747745	11.08	6.0	Constitutive
4183	0.39086779823093476	9.0	9.33	Constitutive
2251	0.46334962239004884	10.06	10.92	Constitutive
2994	0.3954575818303273	4.07	6.0	Constitutive
120	0.475	4.14	-0.4	Constitutive
978	0.32515337423312884	9.07	8.13	Constitutive
4669	0.4202184621974727	6.69	10.18	Constitutive
3804	0.39852786540483703	5.2	10.48	Constitutive
1476	0.4410569105691057	9.81	4.32	Constitutive
2518	0.36457505957108816	8.77	11.38	Constitutive
5125	0.3884878048780488	9.6	8.94	Constitutive
5695	0.44934152765583846	5.99	8.64	Constitutive
5425	0.4088479262672811	9.72	8.39	Constitutive
1615	0.5721362229102167	9.48	8.12	Constitutive
1043	0.3202301054650048	9.79	4.98	Constitutive
8797	0.44560645674661814	8.63	5.26	Constitutive
5567	0.3784803305191306	8.83	7.49	Constitutive
912	0.4901315789473684	9.27	9.79	Constitutive
1639	0.46674801708358754	10.1	8.03	Constitutive
318	0.5094339622641509	9.14	12.49	Constitutive
897	0.4816053511705686	10.45	7.67	Constitutive
2633	0.3497911127990885	8.35	9.06	Constitutive
13498	0.5319306563935398	6.99	10.14	Constitutive
382	0.6151832460732984	9.16	10.83	Constitutive
7138	0.4293919865508546	5.94	11.61	Constitutive
10973	0.4601294085482548	10.47	10.52	Constitutive
924	0.48917748917748916	9.31	7.99	Constitutive
2969	0.5442910070730885	8.62	7.61	Constitutive
994	0.5784708249496981	8.76	6.98	Constitutive
2340	0.3662393162393162	8.59	8.8	Constitutive
841	0.43876337693222356	9.16	12.83	Constitutive
13171	0.47323665629033485	6.91	7.09	Constitutive
90	0.6777777777777778	8.3	7.61	Constitutive
849	0.5441696113074205	9.6	9.34	Constitutive
35691	0.3929562074472556	9.49	10.74	Constitutive
588	0.23979591836734693	8.39	2.54	Constitutive
1582	0.5088495575221239	10.07	10.91	Constitutive
2154	0.5733519034354689	10.52	4.72	Constitutive
139	0.3597122302158273	9.6	9.84	Constitutive
1562	0.441101152368758	8.99	8.41	Constitutive
572	0.4772727272727273	7.0	8.92	Constitutive
241	0.5726141078838174	9.37	8.63	Constitutive
4771	0.4933976105638231	10.86	6.07	Constitutive
2121	0.43705799151343705	10.03	9.36	Constitutive
1907	0.2842160461457787	8.68	5.73	Constitutive
1189	0.44238856181665265	10.07	11.96	Constitutive
638	0.5752351097178683	10.67	9.77	Constitutive
4290	0.4160839160839161	8.92	6.92	Constitutive
87	0.5862068965517241	8.73	11.28	Constitutive
637	0.543171114599686	2.54	12.88	Constitutive
833	0.36494597839135656	7.3	6.24	Constitutive
857	0.4329054842473746	10.22	9.81	Constitutive
88	0.5795454545454546	9.65	8.61	Constitutive
2632	0.4270516717325228	3.24	10.52	Constitutive
868	0.652073732718894	5.59	12.29	Constitutive
643	0.5101088646967341	8.2	8.03	Constitutive
2763	0.5182772348896127	3.93	12.23	Constitutive
1215	0.3530864197530864	9.81	4.63	Constitutive
656	0.3079268292682927	8.88	8.39	Constitutive
952	0.421218487394958	7.0	10.71	Constitutive
99	0.5050505050505051	10.9	8.64	Constitutive
2876	0.34666203059805284	7.53	9.58	Constitutive
4666	0.5520788684097728	7.74	6.51	Constitutive
4123	0.3019645888915838	8.49	10.68	Constitutive
673	0.424962852897474	9.79	11.62	Constitutive
2221	0.4709590274651058	10.07	6.43	Constitutive
33260	0.4141010222489477	10.1	8.97	Constitutive
11071	0.3940926745551441	9.79	0.68	Constitutive
115	0.33043478260869563	10.08	9.25	Constitutive
639	0.5242566510172144	1.56	7.68	Constitutive
3826	0.5295347621536853	9.6	10.69	Constitutive
121	0.6528925619834711	8.73	8.66	Constitutive
1963	0.36780438104941415	7.7	9.25	Constitutive
3419	0.4118163205615677	4.72	5.75	Constitutive
7294	0.4170551137921579	9.22	7.71	Constitutive
1979	0.40980293077311775	10.57	-3.12	Constitutive
7920	0.6135101010101011	9.24	5.3	Constitutive
13273	0.3974233406162887	8.83	8.22	Constitutive
21093	0.3489783340444697	10.77	4.45	Constitutive
950	0.4863157894736842	9.6	9.99	Constitutive
6172	0.36228127025275436	3.86	8.62	Constitutive
622	0.5112540192926045	8.34	11.32	Constitutive
368	0.5461956521739131	9.09	7.88	Constitutive
18976	0.42385118043844855	6.9	7.77	Constitutive
16052	0.46934961375529527	7.63	3.53	Constitutive
337	0.4629080118694362	10.03	12.35	Constitutive
4170	0.44964028776978415	10.77	10.36	Constitutive
1487	0.6234028244788165	9.6	4.0	Constitutive
418	0.6076555023923444	4.86	6.17	Constitutive
590	0.49830508474576274	9.65	11.66	Constitutive
679	0.2812960235640648	9.49	8.15	Constitutive
396	0.4318181818181818	8.76	10.14	Constitutive
1739	0.339850488786659	6.53	4.19	Constitutive
953	0.40818467995802726	9.79	10.23	Constitutive
200	0.24	4.82	7.86	Constitutive
3233	0.3940612434271574	9.48	10.78	Constitutive
721	0.3855755894590846	7.8	10.35	Constitutive
110	0.24545454545454545	9.72	6.66	Constitutive
1216	0.34292763157894735	9.82	4.22	Constitutive
306	0.5065359477124183	5.0	8.36	Constitutive
1055	0.5279620853080569	10.75	7.13	Constitutive
290	0.5655172413793104	7.09	11.87	Constitutive
184	0.6141304347826086	10.67	7.81	Constitutive
3352	0.45017899761336516	8.3	7.7	Constitutive
5491	0.4321617191768348	8.49	9.15	Constitutive
322	0.5124223602484472	4.3	11.57	Constitutive
5376	0.4694940476190476	6.84	9.78	Constitutive
305	0.40327868852459015	8.0	2.13	Constitutive
1698	0.3286219081272085	7.83	3.58	Constitutive
367	0.5722070844686649	9.16	11.51	Constitutive
936	0.35149572649572647	10.06	5.52	Constitutive
2807	0.42572141075881725	8.3	8.73	Constitutive
800	0.33625	7.79	5.4	Constitutive
512	0.32421875	7.39	9.87	Constitutive
3629	0.5006888950124001	9.16	9.19	Constitutive
113	0.8053097345132744	9.6	7.92	Constitutive
2783	0.4150197628458498	7.96	8.82	Constitutive
1516	0.3449868073878628	3.89	8.17	Constitutive
19687	0.40214354650276835	7.88	8.97	Constitutive
145	0.6206896551724138	10.65	7.72	Constitutive
981	0.3873598369011213	-0.27	-2.49	Constitutive
4651	0.48849709739840896	7.16	8.53	Constitutive
4906	0.35874439461883406	7.4	8.37	Constitutive
8107	0.39287035894905636	9.65	2.32	Constitutive
347	0.5590778097982709	9.25	7.63	Constitutive
9956	0.4919646444355163	9.43	12.98	Constitutive
6270	0.4810207336523126	6.92	10.26	Constitutive
838	0.3794749403341289	8.55	6.9	Constitutive
5117	0.4135235489544655	7.79	8.08	Constitutive
4863	0.38412502570429774	8.72	11.61	Constitutive
82	0.8292682926829268	5.87	9.81	Constitutive
4365	0.4650630011454754	8.94	13.31	Constitutive
4706	0.347428814279643	11.0	11.35	Constitutive
4631	0.4791621679982725	5.65	11.43	Constitutive
618	0.7411003236245954	1.98	12.11	Constitutive
2691	0.4659977703455964	9.16	2.69	Constitutive
97	0.28865979381443296	9.45	7.28	Constitutive
2299	0.414528055676381	8.94	9.03	Constitutive
3509	0.3847249928754631	6.19	3.64	Constitutive
1468	0.35354223433242504	7.87	7.1	Constitutive
3376	0.3690758293838863	8.55	13.91	Constitutive
330	0.3181818181818182	7.51	8.41	Constitutive
3204	0.49781523096129837	7.04	10.54	Constitutive
44223	0.40668882708093074	4.75	5.88	Constitutive
2363	0.39737621667371986	11.0	9.53	Constitutive
6462	0.43454038997214484	7.7	8.81	Constitutive
231	0.5930735930735931	4.74	10.77	Constitutive
4447	0.4445693726107488	8.17	10.56	Constitutive
1035	0.49371980676328503	5.5	-15.6	Constitutive
263	0.623574144486692	6.13	3.86	Constitutive
1568	0.3737244897959184	5.59	-2.19	Constitutive
9204	0.3859191655801825	10.57	11.48	Constitutive
2865	0.4638743455497382	6.91	2.47	Constitutive
2460	0.4060975609756098	10.47	9.23	Constitutive
1181	0.37849280270956814	9.14	8.01	Constitutive
21206	0.386871640101858	9.46	7.76	Constitutive
184	0.6684782608695652	8.04	6.79	Constitutive
637	0.315541601255887	8.24	8.57	Constitutive
92	0.6195652173913043	4.95	12.58	Constitutive
2526	0.43903404592240697	8.68	12.1	Constitutive
2992	0.35995989304812837	8.14	9.44	Constitutive
78	0.6666666666666666	9.13	8.7	Constitutive
2263	0.4445426425099426	6.91	10.03	Constitutive
1125	0.352	6.06	4.74	Constitutive
965	0.3150259067357513	10.29	13.03	Constitutive
1236	0.3478964401294498	10.47	6.5	Constitutive
480	0.5958333333333333	6.17	10.78	Constitutive
4897	0.39759036144578314	6.91	8.64	Constitutive
204	0.6127450980392157	6.45	11.34	Constitutive
2104	0.33935361216730037	9.65	7.14	Constitutive
2934	0.4110429447852761	11.08	5.68	Constitutive
763	0.30144167758846657	3.51	8.16	Constitutive
2009	0.33648581383773024	2.06	-8.25	Constitutive
209	0.5789473684210527	5.49	6.4	Constitutive
2416	0.4598509933774834	6.36	9.7	Constitutive
724	0.42679558011049723	9.54	10.17	Constitutive
244	0.7540983606557377	8.19	10.73	Constitutive
95	0.6526315789473685	9.6	9.15	Constitutive
452	0.3185840707964602	7.09	4.59	Constitutive
7172	0.42470719464584494	6.96	10.79	Constitutive
4321	0.3753760703540847	8.65	9.05	Constitutive
779	0.42105263157894735	9.16	6.04	Constitutive
2807	0.3010331314570716	9.26	11.49	Constitutive
85	0.6352941176470588	7.82	8.61	Constitutive
338	0.5650887573964497	9.88	9.85	Constitutive
1260	0.4380952380952381	7.33	12.3	Constitutive
21346	0.3900028108310691	8.85	11.3	Constitutive
524	0.45610687022900764	7.48	8.36	Constitutive
21533	0.3976222542144615	11.45	8.05	Constitutive
2185	0.4073226544622426	11.0	6.59	Constitutive
1429	0.582925122463261	9.84	9.25	Constitutive
13628	0.45399178162606396	7.0	8.16	Constitutive
10535	0.40854295206454677	8.68	6.06	Constitutive
1782	0.43153759820426485	10.47	8.48	Constitutive
6827	0.4729749523949026	11.08	6.29	Constitutive
1169	0.378956372968349	8.35	7.21	Constitutive
15465	0.38480439702554153	9.35	12.82	Constitutive
1157	0.35868625756266204	9.48	8.17	Constitutive
1967	0.42602948652770717	6.38	9.71	Constitutive
1827	0.3946360153256705	8.59	7.43	Constitutive
94	0.7446808510638298	9.79	10.45	Constitutive
858	0.2948717948717949	9.65	6.47	Constitutive
9024	0.37566489361702127	9.37	9.23	Constitutive
1127	0.35758651286601595	8.55	9.33	Constitutive
16748	0.4194530690231669	10.07	9.55	Constitutive
1261	0.46153846153846156	7.39	4.35	Constitutive
2098	0.5014299332697807	9.6	13.01	Constitutive
3562	0.3958450308815272	7.09	5.66	Constitutive
85	0.5411764705882353	9.57	5.94	Constitutive
6022	0.32663566921288606	8.07	6.28	Constitutive
2793	0.5295381310418904	8.56	11.86	Constitutive
185	0.6162162162162163	8.72	9.48	Constitutive
627	0.543859649122807	8.41	7.53	Constitutive
76	0.6973684210526315	6.71	14.98	Constitutive
93428	0.3759044397825063	11.81	8.95	Constitutive
8457	0.41858815182688897	9.82	8.26	Constitutive
10839	0.5107482240059046	6.57	12.49	Constitutive
2008	0.3296812749003984	10.57	1.34	Constitutive
3437	0.5056735525167297	9.6	9.9	Constitutive
120	0.775	7.39	7.4	Constitutive
4718	0.41140313692242475	10.08	9.07	Constitutive
803	0.6699875466998755	8.07	3.8	Constitutive
1476	0.5813008130081301	8.7	10.1	Constitutive
2557	0.597575283535393	9.88	14.26	Constitutive
2991	0.37579404881310596	7.4	6.98	Constitutive
85	0.7176470588235294	9.33	5.91	Constitutive
557	0.5888689407540395	9.99	9.1	Constitutive
91	0.6923076923076923	7.61	10.35	Constitutive
5575	0.5259192825112108	9.6	11.94	Constitutive
19301	0.5079011450183928	7.66	4.7	Constitutive
2390	0.2506276150627615	11.0	7.65	Constitutive
359	0.5821727019498607	7.93	8.48	Constitutive
30541	0.38332078189974134	8.39	12.67	Constitutive
1648	0.47936893203883496	9.14	9.55	Constitutive
9715	0.3622233659289758	2.95	0.14	Constitutive
2383	0.4175409148132606	10.57	5.74	Constitutive
89	0.3146067415730337	4.07	7.69	Constitutive
5994	0.45478812145478814	10.67	4.86	Constitutive
2447	0.37678790355537395	6.84	7.99	Constitutive
4010	0.42094763092269327	10.65	8.09	Constitutive
95	0.5789473684210527	8.24	4.27	Constitutive
529	0.3591682419659735	7.33	9.72	Constitutive
2283	0.48313622426631625	4.94	9.98	Constitutive
455	0.5604395604395604	9.68	7.22	Constitutive
3362	0.4776918500892326	8.05	9.82	Constitutive
2446	0.4746524938675388	10.45	9.24	Constitutive
160	0.375	10.67	5.16	Constitutive
2456	0.30171009771986973	8.49	8.89	Constitutive
1257	0.42720763723150357	10.13	8.32	Constitutive
191	0.5340314136125655	4.44	8.01	Constitutive
631	0.2551505546751189	9.72	5.05	Constitutive
26372	0.39481268011527376	9.45	11.41	Constitutive
611	0.2896890343698854	8.88	8.34	Constitutive
2120	0.41179245283018867	8.08	12.02	Constitutive
1517	0.45484508899143045	10.16	7.99	Constitutive
1465	0.4	0.52	6.37	Constitutive
1381	0.49022447501810285	5.97	10.76	Constitutive
380	0.6	7.52	9.96	Constitutive
973	0.4357656731757451	10.22	6.57	Constitutive
4681	0.3847468489638966	8.3	12.39	Constitutive
23222	0.4119369563345104	10.22	10.0	Constitutive
3168	0.40214646464646464	11.0	10.04	Constitutive
4350	0.3760919540229885	-9.01	8.16	Constitutive
189	0.5873015873015873	11.11	6.83	Constitutive
86	0.6976744186046512	10.4	9.78	Constitutive
1092	0.5613553113553114	3.1	6.13	Constitutive
989	0.5419615773508595	8.73	8.08	Constitutive
168	0.6547619047619048	8.28	5.07	Constitutive
1565	0.36293929712460066	4.42	7.38	Constitutive
2364	0.4847715736040609	8.77	5.45	Constitutive
1548	0.3856589147286822	8.02	7.55	Constitutive
993	0.5599194360523666	9.6	8.19	Constitutive
1044	0.5699233716475096	7.07	10.41	Constitutive
799	0.28660826032540676	10.65	12.12	Constitutive
935	0.4117647058823529	8.27	7.44	Constitutive
1078	0.38589981447124305	6.18	7.21	Constitutive
5447	0.40884890765559023	8.5	-2.43	Constitutive
1229	0.28315703824247357	6.93	8.26	Constitutive
1107	0.4679313459801265	10.51	5.79	Constitutive
1115	0.536322869955157	5.88	11.67	Constitutive
1600	0.344375	9.65	6.61	Constitutive
4202	0.4174202760590195	6.51	9.97	Constitutive
1606	0.4364881693648817	9.31	9.41	Constitutive
13925	0.4283662477558348	8.7	6.77	Constitutive
1383	0.4822848879248012	9.22	10.83	Constitutive
150	0.5933333333333334	5.84	6.73	Constitutive
1613	0.39243645381277126	1.25	10.86	Constitutive
1590	0.4981132075471698	8.68	8.6	Constitutive
1305	0.3854406130268199	8.38	12.14	Constitutive
828	0.5869565217391305	11.45	8.9	Constitutive
808	0.46534653465346537	9.6	9.03	Constitutive
40503	0.41582105029257094	8.76	12.37	Constitutive
82	0.7073170731707317	6.79	8.87	Constitutive
8540	0.4370023419203747	9.55	8.2	Constitutive
90	0.6777777777777778	1.01	10.02	Constitutive
373	0.5335120643431636	6.33	7.49	Constitutive
424	0.33962264150943394	9.26	9.0	Constitutive
101	0.6138613861386139	9.22	10.33	Constitutive
2591	0.3967580084909301	9.35	11.38	Constitutive
646	0.47987616099071206	8.04	10.53	Constitutive
991	0.3763874873864783	10.1	11.77	Constitutive
589	0.5721561969439728	5.61	8.13	Constitutive
6810	0.5093979441997063	11.11	12.34	Constitutive
1502	0.39347536617842876	4.58	9.5	Constitutive
20102	0.5207442045567605	10.1	13.5	Constitutive
572	0.4527972027972028	10.08	9.27	Constitutive
101427	0.41568813037948477	8.88	4.45	Constitutive
148	0.5202702702702703	5.06	7.7	Constitutive
128	0.625	10.13	6.43	Constitutive
41551	0.41536906452311617	7.09	6.68	Constitutive
1693	0.33668044890726523	8.62	5.13	Constitutive
337	0.3086053412462908	1.5	13.27	Constitutive
692	0.32803468208092484	5.75	5.4	Constitutive
6905	0.5196234612599565	8.68	14.81	Constitutive
4599	0.5218525766470972	5.13	10.8	Constitutive
5437	0.421372080191282	9.84	9.49	Constitutive
106	0.7169811320754716	3.75	9.3	Constitutive
2588	0.3732612055641422	4.05	5.74	Constitutive
297	0.5488215488215489	9.22	10.76	Constitutive
961	0.5057232049947971	3.38	6.75	Constitutive
221	0.4117647058823529	8.59	11.68	Constitutive
13128	0.36136502132845827	9.45	6.82	Constitutive
930	0.36129032258064514	10.47	8.04	Constitutive
617	0.4878444084278768	7.81	8.86	Constitutive
91	0.6373626373626373	10.1	5.96	Constitutive
2097	0.37672865999046257	9.43	6.34	Constitutive
1170	0.5102564102564102	8.73	13.45	Constitutive
27080	0.3740029542097489	9.79	11.4	Constitutive
2779	0.48938467074487224	10.07	7.5	Constitutive
8380	0.3902147971360382	8.56	9.37	Constitutive
2563	0.3835349200156067	9.89	7.86	Constitutive
16341	0.4532158374640475	11.08	9.51	Constitutive
428	0.3878504672897196	8.95	8.7	Constitutive
18766	0.5646381754236385	8.7	8.48	Constitutive
16929	0.47386142122984226	9.6	8.75	Constitutive
2256	0.4299645390070922	9.45	9.61	Constitutive
10311	0.4469013674716322	10.47	7.58	Constitutive
33653	0.40685822957834367	10.77	7.72	Constitutive
7052	0.42073170731707316	10.03	6.14	Constitutive
269	0.5130111524163569	7.43	5.99	Constitutive
6234	0.3601219120949631	5.79	7.33	Constitutive
30335	0.40698862699851657	10.65	8.74	Constitutive
177	0.3672316384180791	10.53	0.18	Constitutive
3043	0.48307591192901744	10.75	10.96	Constitutive
6112	0.40035994764397903	8.73	10.59	Constitutive
1157	0.29732065687121867	11.08	6.15	Constitutive
710	0.5591549295774648	10.22	10.81	Constitutive
2996	0.36181575433911883	4.16	6.08	Constitutive
1003	0.33300099700897307	8.94	8.29	Constitutive
365	0.5726027397260274	8.72	11.91	Constitutive
23068	0.40432633951794694	10.75	6.05	Constitutive
3051	0.4673877417240249	10.07	7.23	Constitutive
5932	0.34743762643290627	10.24	10.82	Constitutive
78	0.7435897435897436	8.28	4.5	Constitutive
8760	0.40764840182648404	6.92	7.49	Constitutive
674	0.48813056379821956	11.01	6.22	Constitutive
77	0.6363636363636364	-0.3	8.91	Constitutive
210	0.4857142857142857	8.73	6.43	Constitutive
11717	0.40266279764444823	10.91	9.47	Constitutive
11834	0.4002028054757478	9.09	6.94	Constitutive
398	0.5301507537688442	7.66	10.36	Constitutive
965	0.4310880829015544	8.68	8.67	Constitutive
429	0.5524475524475524	8.4	-18.03	Constitutive
719	0.5980528511821975	8.05	12.52	Constitutive
4167	0.3578113750899928	8.76	12.24	Constitutive
4012	0.4110169491525424	10.77	8.83	Constitutive
17060	0.4356975381008206	10.06	7.83	Constitutive
248	0.6693548387096774	4.22	2.79	Constitutive
2134	0.457825679475164	5.02	11.14	Constitutive
9412	0.36729706757331065	9.65	8.84	Constitutive
1943	0.46937725167267114	9.44	11.92	Constitutive
419	0.5584725536992841	9.46	9.0	Constitutive
2475	0.5555555555555556	9.2	7.37	Constitutive
976	0.45901639344262296	10.29	7.89	Constitutive
267	0.5093632958801498	9.85	8.52	Constitutive
120	0.4083333333333333	9.21	7.24	Constitutive
1051	0.39866793529971456	7.09	11.24	Constitutive
3658	0.3726079825041006	6.49	8.76	Constitutive
27170	0.5227456753772544	10.74	11.05	Constitutive
2847	0.32771338250790305	9.55	3.74	Constitutive
1136	0.37411971830985913	6.37	3.78	Constitutive
164	0.3902439024390244	10.51	8.87	Constitutive
179	0.6703910614525139	8.68	8.09	Constitutive
1144	0.4256993006993007	9.46	7.6	Constitutive
935	0.39037433155080214	10.47	10.02	Constitutive
66891	0.42019105709288246	9.46	10.32	Constitutive
950	0.49894736842105264	7.39	4.69	Constitutive
6897	0.4238074525155865	9.8	11.97	Constitutive
6447	0.3879323716457267	8.68	9.45	Constitutive
2172	0.3453038674033149	11.01	11.94	Constitutive
632	0.6518987341772152	9.57	11.81	Constitutive
1360	0.45955882352941174	9.65	8.63	Constitutive
837	0.5041816009557945	9.46	6.73	Constitutive
3141	0.38363578478191657	11.0	9.11	Constitutive
2422	0.5276630883567299	8.14	8.19	Constitutive
465	0.46021505376344085	9.16	10.12	Constitutive
87	0.367816091954023	10.07	12.84	Constitutive
4089	0.3797994619711421	10.22	7.86	Constitutive
221	0.25339366515837103	7.94	6.41	Constitutive
6025	0.41609958506224065	10.29	6.41	Constitutive
123184	0.426126769710352	9.27	9.39	Constitutive
330	0.5636363636363636	5.28	6.98	Constitutive
15071	0.3788069802932785	6.42	6.59	Constitutive
655	0.5328244274809161	6.95	8.62	Constitutive
15721	0.416258507728516	4.27	6.31	Constitutive
10880	0.38042279411764707	11.01	11.9	Constitutive
631	0.2551505546751189	9.72	5.05	Constitutive
1106	0.4918625678119349	9.89	10.91	Constitutive
5477	0.3700931166697097	9.04	8.07	Constitutive
17416	0.3732200275608636	10.22	9.0	Constitutive
561	0.3172905525846702	7.3	12.16	Constitutive
1578	0.4461343472750317	8.14	10.28	Constitutive
833	0.5330132052821128	6.99	13.59	Constitutive
4252	0.5	8.24	8.86	Constitutive
894	0.5223713646532439	6.12	9.97	Constitutive
84	0.6666666666666666	8.05	10.02	Constitutive
3961	0.3163342590254986	7.46	8.22	Constitutive
595	0.5630252100840336	8.41	10.53	Constitutive
365	0.6164383561643836	7.23	6.85	Constitutive
110	0.5	9.22	8.57	Constitutive
778	0.5796915167095116	5.4	8.43	Constitutive
940	0.4095744680851064	9.22	11.21	Constitutive
87	0.5632183908045977	10.07	6.53	Constitutive
694	0.5489913544668588	10.03	8.97	Constitutive
10683	0.43555181128896375	9.16	7.12	Constitutive
4886	0.533155955792059	10.57	8.14	Constitutive
3411	0.41893872764585166	9.37	8.44	Constitutive
1302	0.3771121351766513	7.87	9.89	Constitutive
194	0.5	8.37	8.53	Constitutive
92325	0.3830056864337937	7.05	7.6	Constitutive
129	0.627906976744186	7.66	9.22	Constitutive
1058	0.35822306238185253	8.07	11.42	Constitutive
8302	0.40990122861960976	9.88	10.13	Constitutive
272	0.6323529411764706	2.13	8.91	Constitutive
6405	0.4085870413739266	8.62	9.04	Constitutive
4826	0.44695399917115625	7.64	7.94	Constitutive
1815	0.5818181818181818	2.88	7.37	Constitutive
19300	0.4462176165803109	8.63	6.17	Constitutive
1712	0.4877336448598131	9.09	7.84	Constitutive
1422	0.49859353023909986	8.91	10.99	Constitutive
21519	0.4465356196849296	8.95	11.71	Constitutive
3978	0.31950729009552536	9.54	12.93	Constitutive
15462	0.5131936360108653	9.43	10.56	Constitutive
1032	0.3391472868217054	8.73	4.88	Constitutive
4887	0.37957847350112545	9.06	9.56	Constitutive
437	0.39359267734553777	10.77	7.01	Constitutive
1333	0.4763690922730683	9.79	12.52	Constitutive
16291	0.4242219630470812	8.3	7.29	Constitutive
10629	0.4129268981089472	9.4	10.58	Constitutive
2960	0.44932432432432434	2.04	9.04	Constitutive
112	0.41964285714285715	9.68	8.45	Constitutive
6843	0.5604267134297822	7.21	8.94	Constitutive
241	0.3900414937759336	6.64	7.1	Constitutive
175	0.3314285714285714	9.27	5.27	Constitutive
164	0.6463414634146342	9.16	6.55	Constitutive
1308	0.4602446483180428	4.2	10.35	Constitutive
4838	0.37412153782554775	9.16	7.57	Constitutive
2892	0.3665283540802213	9.65	7.41	Constitutive
6072	0.43642951251646905	10.47	9.61	Constitutive
2611	0.5155112983531214	10.13	9.62	Constitutive
885	0.33559322033898303	8.99	9.96	Constitutive
86	0.4418604651162791	5.95	5.25	Constitutive
1982	0.42129162462159436	3.35	11.15	Constitutive
13372	0.3858809452587496	8.78	9.12	Constitutive
1036	0.4691119691119691	5.59	11.37	Constitutive
1104	0.473731884057971	7.93	11.38	Constitutive
878	0.5968109339407744	8.95	9.09	Constitutive
127	0.5275590551181102	8.95	10.4	Constitutive
12973	0.3702304786865027	9.66	9.21	Constitutive
197	0.5431472081218274	8.72	8.59	Constitutive
869	0.5132336018411968	10.67	6.29	Constitutive
2201	0.4229895502044525	3.32	2.78	Constitutive
2218	0.4643823264201984	10.86	11.54	Constitutive
1275	0.5913725490196079	10.75	9.67	Constitutive
2252	0.33747779751332146	3.24	5.97	Constitutive
81954	0.40642311540620346	7.52	12.74	Constitutive
287	0.5574912891986062	7.83	11.43	Constitutive
280	0.44642857142857145	7.21	9.89	Constitutive
848	0.4481132075471698	8.88	7.16	Constitutive
873	0.42038946162657503	3.32	7.2	Constitutive
303	0.5214521452145214	8.72	8.04	Constitutive
1343	0.5994043186895012	6.43	10.07	Constitutive
6517	0.5725026852846402	0.7	9.21	Constitutive
11524	0.3673203748698369	9.65	7.85	Constitutive
285	0.7017543859649122	9.35	6.29	Constitutive
6736	0.5730403800475059	10.67	13.86	Constitutive
1843	0.34183396635919694	9.79	11.28	Constitutive
1603	0.5028072364316906	-6.16	2.3	Constitutive
634	0.42113564668769715	3.12	7.6	Constitutive
434	0.4861751152073733	7.82	8.39	Constitutive
1918	0.3237747653806048	1.03	2.34	Constitutive
92	0.6086956521739131	-1.03	10.15	Constitutive
2571	0.3838973162193699	8.72	8.18	Constitutive
1094	0.396709323583181	10.51	8.92	Constitutive
2177	0.4340836012861736	8.07	6.51	Constitutive
377	0.41114058355437666	5.11	8.65	Constitutive
1196	0.36789297658862874	6.97	7.89	Constitutive
2788	0.37733142037302725	10.74	10.45	Constitutive
1496	0.46390374331550804	10.57	4.7	Constitutive
601	0.5457570715474209	4.83	9.69	Constitutive
2007	0.312406576980568	5.28	7.03	Constitutive
1054	0.2675521821631879	9.24	8.09	Constitutive
99	0.5454545454545454	8.56	10.48	Constitutive
2913	0.5873669756265019	1.47	7.98	Constitutive
337	0.5816023738872403	1.59	7.7	Constitutive
11639	0.35819228456052926	10.15	7.49	Constitutive
160	0.6625	10.1	5.81	Constitutive
5543	0.37993866137470683	7.68	11.38	Constitutive
2747	0.3902439024390244	8.56	4.0	Constitutive
2411	0.5217751970136872	8.92	10.45	Constitutive
3397	0.48307329997056225	9.22	9.49	Constitutive
79	0.6075949367088608	7.63	7.32	Constitutive
2010	0.3537313432835821	9.79	7.39	Constitutive
1545	0.36828478964401296	9.66	7.53	Constitutive
44952	0.3599172450613988	7.87	9.39	Constitutive
1156	0.36418685121107264	7.7	5.38	Constitutive
5112	0.3703051643192488	8.57	8.42	Constitutive
150	0.28	8.34	11.3	Constitutive
7641	0.41277319722549405	10.06	13.03	Constitutive
7062	0.41461342395921835	7.23	10.68	Constitutive
10088	0.3736122125297383	8.54	10.0	Constitutive
104	0.6153846153846154	6.21	10.66	Constitutive
1232	0.4724025974025974	10.57	4.46	Constitutive
87	0.7471264367816092	8.02	9.41	Constitutive
783	0.4827586206896552	8.41	12.16	Constitutive
5147	0.469788226151156	8.83	6.87	Constitutive
12231	0.4092061156078816	10.67	7.35	Constitutive
93	0.6344086021505376	5.28	10.98	Constitutive
167	0.6407185628742516	4.06	11.01	Constitutive
336	0.5297619047619048	9.04	9.22	Constitutive
30662	0.4576348574783119	9.6	14.14	Constitutive
1213	0.41220115416323166	5.83	8.64	Constitutive
9140	0.3966083150984683	10.28	4.5	Constitutive
7772	0.42086978898610394	10.03	7.36	Constitutive
8941	0.36975729784140476	6.06	9.38	Constitutive
3890	0.3763496143958869	11.0	7.78	Constitutive
3851	0.38145936120488183	8.02	5.53	Constitutive
3569	0.5427290557579154	-0.52	3.72	Constitutive
1913	0.35650810245687403	9.79	6.98	Constitutive
1123	0.5138023152270703	8.56	12.02	Constitutive
1768	0.3778280542986425	10.51	9.09	Constitutive
221	0.2986425339366516	10.86	3.06	Constitutive
21140	0.3773415326395459	9.35	9.32	Constitutive
1151	0.49956559513466553	8.59	11.04	Constitutive
6949	0.37372283781839116	6.95	4.27	Constitutive
87	0.632183908045977	10.03	12.09	Constitutive
991	0.4117053481331988	4.79	8.77	Constitutive
218	0.38073394495412843	4.79	7.24	Constitutive
25745	0.41316760536026415	0.66	10.51	Constitutive
551	0.6134301270417423	10.77	7.25	Constitutive
2962	0.3328831870357866	4.83	6.54	Constitutive
2885	0.41767764298093585	7.76	5.06	Constitutive
295	0.47796610169491527	8.35	11.65	Constitutive
2446	0.5106295993458708	10.91	8.28	Constitutive
1689	0.507400828892836	9.16	11.93	Constitutive
480	0.42916666666666664	8.4	7.91	Constitutive
78	0.6794871794871795	9.81	9.36	Constitutive
6919	0.3462928168810522	11.0	7.53	Constitutive
93833	0.34191595707267164	8.02	8.67	Constitutive
452	0.38495575221238937	10.67	6.78	Constitutive
72662	0.4082188764416063	9.35	7.0	Constitutive
889	0.44881889763779526	8.93	8.14	Constitutive
10453	0.37902994355687364	5.43	-1.53	Constitutive
348	0.5172413793103449	8.76	5.03	Constitutive
799	0.32040050062578224	10.15	8.83	Constitutive
393	0.44274809160305345	10.57	6.62	Constitutive
98	0.7142857142857143	6.39	5.68	Constitutive
846	0.3912529550827423	8.35	11.96	Constitutive
3638	0.4925783397471138	7.23	9.41	Constitutive
833	0.4849939975990396	8.79	10.3	Constitutive
5919	0.35242439601284	8.54	8.66	Constitutive
5274	0.4905195297686765	10.1	2.66	Constitutive
236	0.6483050847457628	9.54	8.53	Constitutive
3007	0.4539408047888261	6.74	8.69	Constitutive
80	0.7	9.16	15.39	Constitutive
105	0.7238095238095238	3.1	7.52	Constitutive
595	0.2722689075630252	7.3	9.95	Constitutive
1515	0.5254125412541254	8.18	4.36	Constitutive
5894	0.4494401085850017	5.31	8.49	Constitutive
3877	0.34846530822801136	8.57	9.89	Constitutive
233	0.3090128755364807	8.76	7.81	Constitutive
4162	0.4271984622777511	11.0	11.67	Constitutive
8483	0.3706236001414594	10.67	6.45	Constitutive
13480	0.4479228486646884	10.11	11.17	Constitutive
2819	0.47321745299751683	10.24	5.1	Constitutive
232	0.6853448275862069	9.57	10.94	Constitutive
5396	0.39529280948851003	6.99	11.11	Constitutive
2695	0.31910946196660483	5.39	3.16	Constitutive
10039	0.44436696882159576	10.88	5.33	Constitutive
109	0.6055045871559633	7.53	7.71	Constitutive
5122	0.41194845763373683	7.64	9.89	Constitutive
6974	0.37324347576713507	9.27	12.32	Constitutive
2366	0.452240067624683	8.95	11.85	Constitutive
2524	0.4734548335974643	3.45	9.64	Constitutive
1685	0.4676557863501484	7.7	3.83	Constitutive
1440	0.44305555555555554	9.26	11.08	Constitutive
1035	0.48792270531400966	9.88	9.95	Constitutive
690	0.2971014492753623	11.0	10.49	Constitutive
588	0.4336734693877551	9.3	11.03	Constitutive
333	0.6456456456456456	9.68	12.87	Constitutive
4836	0.42597187758478083	9.22	8.49	Constitutive
8590	0.35564610011641445	7.31	9.85	Constitutive
2269	0.6328779197884531	9.88	9.25	Constitutive
637	0.37205651491365777	8.88	5.07	Constitutive
2898	0.35921325051759834	6.95	6.73	Constitutive
12465	0.45046129161652626	6.91	10.87	Constitutive
100	0.35	9.24	5.62	Constitutive
356	0.5702247191011236	4.44	10.0	Constitutive
110	0.6454545454545455	2.84	10.61	Constitutive
100	0.29	9.11	9.18	Constitutive
331	0.6012084592145015	10.47	7.56	Constitutive
78	0.2564102564102564	9.89	8.19	Constitutive
1260	0.35793650793650794	8.89	11.17	Constitutive
3569	0.5827963014850098	7.15	5.38	Constitutive
6523	0.3706883335888395	10.57	10.24	Constitutive
1238	0.42487883683360256	2.36	7.55	Constitutive
392	0.6683673469387755	10.24	7.16	Constitutive
66	0.7272727272727273	9.6	10.39	Constitutive
1856	0.33351293103448276	7.3	11.79	Constitutive
928	0.3911637931034483	9.8	12.8	Constitutive
2597	0.41393916056988833	7.2	4.07	Constitutive
2722	0.4033798677443057	10.67	7.95	Constitutive
1703	0.36876100998238404	6.82	10.05	Constitutive
4271	0.5146335752751112	9.1	7.64	Constitutive
597	0.3249581239530988	6.45	6.83	Constitutive
931	0.38131041890440387	6.91	8.64	Constitutive
334	0.6407185628742516	8.69	8.94	Constitutive
277	0.6823104693140795	8.3	-1.22	Constitutive
407	0.371007371007371	5.12	9.3	Constitutive
783	0.3818646232439336	9.25	12.85	Constitutive
145	0.5103448275862069	6.74	9.42	Constitutive
1617	0.7031539888682746	7.66	6.7	Constitutive
3880	0.42036082474226805	8.4	8.64	Constitutive
1521	0.4983563445101907	8.41	9.43	Constitutive
10468	0.38641574321742456	8.54	6.82	Constitutive
594	0.43434343434343436	9.4	7.75	Constitutive
433	0.6351039260969977	0.81	8.11	Constitutive
206	0.6796116504854369	6.39	12.3	Constitutive
1508	0.29708222811671087	7.63	5.1	Constitutive
2825	0.5476106194690266	6.32	12.92	Constitutive
78	0.6794871794871795	9.46	8.64	Constitutive
30412	0.36873602525318955	10.28	9.14	Constitutive
143611	0.3609124649226034	5.5	9.63	Constitutive
159	0.6289308176100629	8.94	6.15	Constitutive
21449	0.4131194927502448	3.94	9.92	Constitutive
3607	0.4139173828666482	9.14	9.6	Constitutive
183	0.546448087431694	10.67	6.54	Constitutive
871	0.5843857634902411	2.95	8.33	Constitutive
2667	0.5804274465691789	10.67	10.71	Constitutive
598	0.42474916387959866	9.46	11.81	Constitutive
481	0.29313929313929316	10.24	5.52	Constitutive
27178	0.4246449334020163	9.48	3.85	Constitutive
476	0.3277310924369748	8.07	11.79	Constitutive
727	0.2998624484181568	6.43	6.64	Constitutive
1076	0.3652416356877323	9.63	10.16	Constitutive
2591	0.4125820146661521	6.43	6.28	Constitutive
3132	0.5561941251596424	9.48	3.28	Constitutive
3096	0.4060077519379845	9.81	7.92	Constitutive
5602	0.35130310603355946	9.66	7.33	Constitutive
8388	0.37923223652837385	11.08	4.93	Constitutive
2496	0.47155448717948717	6.71	10.27	Constitutive
6269	0.32030626894241504	8.76	5.56	Constitutive
3489	0.469475494411006	10.1	8.41	Constitutive
3106	0.3325820991629105	9.2	4.53	Constitutive
1053	0.46153846153846156	-3.84	10.8	Constitutive
2759	0.3584632113084451	2.38	7.65	Constitutive
122	0.3442622950819672	7.69	11.56	Constitutive
66873	0.36600720769219264	9.2	10.97	Constitutive
7589	0.40453287653182235	10.07	11.35	Constitutive
1804	0.37250554323725055	8.59	6.2	Constitutive
963	0.4371754932502596	8.73	9.34	Constitutive
5441	0.5100165410770079	8.84	9.08	Constitutive
6725	0.41516728624535315	10.57	8.86	Constitutive
2400	0.41625	10.29	6.34	Constitutive
165	0.5878787878787879	6.25	3.95	Constitutive
17545	0.4274152180108293	10.74	9.17	Constitutive
120219	0.37138888195709496	10.08	10.48	Constitutive
68482	0.3707543588096142	8.59	6.5	Constitutive
902	0.5199556541019955	5.22	10.04	Constitutive
5936	0.4898921832884097	8.35	8.11	Constitutive
13532	0.3570795152231747	7.1	6.39	Constitutive
1388	0.5331412103746398	6.43	2.33	Constitutive
634	0.48264984227129337	8.68	13.96	Constitutive
80	0.7	11.45	11.69	Constitutive
6495	0.5721324095458045	6.62	9.86	Constitutive
143530	0.35102765972270605	11.08	7.66	Constitutive
220	0.5681818181818182	9.22	9.93	Constitutive
1808	0.47013274336283184	8.08	8.22	Constitutive
93	0.2903225806451613	-6.43	7.39	Constitutive
1230	0.33739837398373984	9.31	11.64	Constitutive
457	0.5317286652078774	10.88	6.79	Constitutive
1780	0.43314606741573036	11.08	8.71	Constitutive
1048	0.47900763358778625	10.07	5.08	Constitutive
16006	0.3443708609271523	8.04	9.54	Constitutive
315	0.5904761904761905	6.54	9.44	Constitutive
1710	0.5356725146198831	9.73	5.72	Constitutive
5044	0.6191514670896114	9.25	-8.71	Constitutive
2759	0.3584632113084451	2.38	7.65	Constitutive
7410	0.540080971659919	10.07	12.16	Constitutive
3987	0.6598946576373212	-4.2	7.4	Constitutive
84	0.36904761904761907	10.77	8.18	Constitutive
12458	0.49847487558195536	3.94	4.0	Constitutive
1155	0.3212121212121212	9.72	11.36	Constitutive
22972	0.5354344419293052	6.99	8.53	Constitutive
1158	0.39810017271157166	6.49	6.47	Constitutive
120	0.5916666666666667	8.4	9.97	Constitutive
1216	0.34292763157894735	9.82	4.22	Constitutive
2572	0.36391912908242613	3.68	6.06	Constitutive
28163	0.3963001100735007	6.37	12.18	Constitutive
1069	0.44059869036482696	10.86	11.31	Constitutive
2991	0.37579404881310596	7.4	6.98	Constitutive
15167	0.3856398760466803	9.09	7.97	Constitutive
4695	0.3810436634717785	8.6	6.66	Constitutive
3450	0.33304347826086955	5.99	9.0	Constitutive
156	0.6666666666666666	8.19	6.65	Constitutive
858	0.44755244755244755	10.77	13.93	Constitutive
509	0.3516699410609037	9.21	8.16	Constitutive
188	0.4521276595744681	9.66	12.29	Constitutive
15999	0.5243452715794737	9.88	10.24	Constitutive
3904	0.38575819672131145	7.65	8.29	Constitutive
3442	0.44363742010459034	6.91	9.56	Constitutive
99	0.494949494949495	8.59	6.18	Constitutive
420	0.2857142857142857	8.59	7.52	Constitutive
879	0.5642775881683731	10.49	9.86	Constitutive
644	0.6506211180124224	9.22	10.3	Constitutive
86726	0.3776837395936628	9.81	10.6	Constitutive
743	0.28263795423956933	8.69	3.55	Constitutive
103037	0.4247406271533527	8.24	4.22	Constitutive
4270	0.4540983606557377	6.64	9.05	Constitutive
277	0.3574007220216607	10.08	10.74	Constitutive
113	0.26548672566371684	11.08	8.98	Constitutive
148	0.6216216216216216	11.81	8.35	Constitutive
8898	0.39087435378736796	10.06	9.75	Constitutive
1769	0.3363482193329565	7.3	9.22	Constitutive
1570	0.33885350318471336	9.07	6.1	Constitutive
2020	0.2905940594059406	9.43	9.27	Constitutive
1286	0.3740279937791602	8.68	9.64	Constitutive
11996	0.46782260753584526	10.77	9.02	Constitutive
1108	0.3546931407942238	6.49	9.99	Constitutive
45149	0.3805842875811203	10.57	5.53	Constitutive
939	0.3588924387646432	8.46	9.3	Constitutive
12440	0.44614147909967844	0.65	12.76	Constitutive
89	0.6067415730337079	9.35	10.05	Constitutive
989	0.3346814964610718	6.12	10.77	Constitutive
730	0.5342465753424658	9.6	9.56	Constitutive
3561	0.37489469250210616	9.65	10.82	Constitutive
820	0.47560975609756095	9.8	8.97	Constitutive
2099	0.4940447832301096	2.23	8.55	Constitutive
9591	0.42185382129079346	5.94	9.83	Constitutive
8420	0.4194774346793349	7.64	11.58	Constitutive
18817	0.38178243078067703	1.6	5.38	Constitutive
3944	0.4614604462474645	10.19	10.62	Constitutive
902	0.3580931263858093	10.06	8.69	Constitutive
964	0.6607883817427386	6.68	6.12	Constitutive
125	0.72	9.1	9.22	Constitutive
416	0.7956730769230769	9.14	10.42	Constitutive
1777	0.3972988182329769	10.57	8.19	Constitutive
2380	0.5352941176470588	8.68	6.93	Constitutive
1363	0.5473220836390316	8.15	11.08	Constitutive
2378	0.4247266610597141	9.66	6.79	Constitutive
1253	0.34716679968076614	4.37	7.22	Constitutive
108	0.24074074074074073	8.65	9.26	Constitutive
18738	0.40025616394492475	10.9	12.86	Constitutive
493	0.49290060851926976	7.81	6.39	Constitutive
17963	0.41106719367588934	7.63	10.46	Constitutive
494	0.6518218623481782	8.23	7.74	Constitutive
3008	0.488031914893617	6.93	9.51	Constitutive
1015	0.5566502463054187	10.13	6.79	Constitutive
810	0.3530864197530864	11.0	5.77	Constitutive
1466	0.4542974079126876	8.55	8.73	Constitutive
455	0.6263736263736264	6.39	10.44	Constitutive
630	0.42698412698412697	6.84	9.74	Constitutive
278	0.6007194244604317	7.29	9.15	Constitutive
6275	0.4207171314741036	10.65	9.5	Constitutive
10523	0.4340967404732491	10.86	6.79	Constitutive
688	0.5552325581395349	9.22	11.37	Constitutive
3120	0.3346153846153846	10.28	4.99	Constitutive
1843	0.35756918068366794	11.0	10.36	Constitutive
1366	0.513177159590044	9.09	9.08	Constitutive
823	0.34143377885783716	9.46	8.09	Constitutive
3172	0.4233921815889029	11.08	8.52	Constitutive
278	0.5071942446043165	4.74	4.8	Constitutive
12101	0.3803817866292042	6.04	11.03	Constitutive
256	0.6015625	10.27	11.26	Constitutive
188	0.5106382978723404	8.31	10.67	Constitutive
3356	0.3662097735399285	7.66	9.87	Constitutive
1604	0.49438902743142144	9.25	10.92	Constitutive
2310	0.5021645021645021	3.01	8.09	Constitutive
403	0.3945409429280397	5.54	3.4	Constitutive
1105	0.4796380090497738	7.83	4.48	Constitutive
8662	0.4186100207804202	9.45	8.52	Constitutive
230	0.5652173913043478	7.0	13.16	Constitutive
16697	0.36533509013595256	9.73	11.26	Constitutive
10988	0.3849654168183473	10.1	12.51	Constitutive
80	0.75	8.41	6.69	Constitutive
2748	0.39737991266375544	8.77	8.47	Constitutive
158	0.759493670886076	10.07	8.09	Constitutive
2556	0.4162754303599374	10.75	8.75	Constitutive
654	0.3730886850152905	7.82	9.11	Constitutive
1618	0.4245982694684796	7.8	5.43	Constitutive
1233	0.3008921330089213	6.19	2.38	Constitutive
597	0.5494137353433836	8.17	8.09	Constitutive
1884	0.5058386411889597	8.7	9.91	Constitutive
1987	0.38852541519879213	10.45	9.78	Constitutive
5611	0.39850294065229014	5.29	7.31	Constitutive
51318	0.3784636969484391	5.12	10.2	Constitutive
4246	0.40461610927932173	8.7	9.56	Constitutive
618	0.4935275080906149	3.3	7.85	Constitutive
67251	0.4753832656763468	7.93	11.17	Constitutive
3681	0.4085846237435479	8.01	8.89	Constitutive
1656	0.4692028985507246	6.86	8.88	Constitutive
7667	0.3988522238163558	9.06	8.49	Constitutive
2886	0.4022869022869023	10.03	6.83	Constitutive
202	0.4504950495049505	6.51	10.2	Constitutive
568	0.4595070422535211	8.3	7.37	Constitutive
2046	0.4046920821114369	10.77	10.68	Constitutive
1870	0.30427807486631014	10.16	6.48	Constitutive
2035	0.40245700245700244	6.96	6.67	Constitutive
8081	0.40688033659200595	4.36	11.54	Constitutive
22350	0.4607158836689038	9.31	7.19	Constitutive
5399	0.5223189479533247	9.26	9.86	Constitutive
698	0.3524355300859599	6.42	5.73	Constitutive
171	0.52046783625731	8.68	5.72	Constitutive
3350	0.524179104477612	9.6	9.93	Constitutive
11321	0.4038512498895857	9.26	11.64	Constitutive
50338	0.38076602169335294	8.68	11.16	Constitutive
91	0.6263736263736264	9.6	5.56	Constitutive
1236	0.5566343042071198	10.9	6.27	Constitutive
1860	0.46774193548387094	7.93	9.13	Constitutive
1608	0.34577114427860695	9.11	10.54	Constitutive
84	0.6904761904761905	7.97	6.39	Constitutive
2003	0.4872690963554668	9.8	8.22	Constitutive
2729	0.4855258336386955	7.29	8.51	Constitutive
805	0.55527950310559	9.43	6.8	Constitutive
17543	0.3993615687168671	9.11	11.1	Constitutive
443	0.5304740406320542	5.97	6.49	Constitutive
6335	0.34285714285714286	8.78	7.32	Constitutive
3234	0.3435374149659864	-0.12	8.23	Constitutive
97	0.5257731958762887	11.0	2.67	Constitutive
14539	0.39913336543091	8.55	6.39	Constitutive
3219	0.4159676918297608	8.83	13.2	Constitutive
3455	0.45904486251808974	8.55	5.72	Constitutive
380	0.2394736842105263	9.45	9.01	Constitutive
111	0.2972972972972973	8.4	9.26	Constitutive
1567	0.5003190810465858	7.99	9.39	Constitutive
254	0.452755905511811	9.79	9.95	Constitutive
181	0.6685082872928176	7.23	4.46	Constitutive
1840	0.30434782608695654	9.89	7.97	Constitutive
522	0.3314176245210728	10.77	8.62	Constitutive
396	0.4318181818181818	8.76	10.14	Constitutive
2006	0.5458624127617149	9.16	7.2	Constitutive
12316	0.35790841182202016	8.88	9.16	Constitutive
1437	0.6409185803757829	8.56	4.51	Constitutive
1168	0.3176369863013699	10.57	8.55	Constitutive
799	0.3566958698372966	3.1	10.59	Constitutive
1090	0.37706422018348623	5.67	7.56	Constitutive
12856	0.4788425637834474	8.24	10.43	Constitutive
719	0.44506258692628653	10.13	7.66	Constitutive
224	0.4419642857142857	11.08	9.42	Constitutive
1300	0.4207692307692308	7.34	13.14	Constitutive
17668	0.42930722209644556	8.88	12.21	Constitutive
8760	0.40764840182648404	6.92	7.49	Constitutive
33478	0.3841328633729614	9.67	4.83	Constitutive
817	0.4749082007343941	9.66	9.26	Constitutive
714	0.40896358543417366	9.43	9.29	Constitutive
1675	0.4286567164179104	10.47	9.96	Constitutive
1364	0.374633431085044	10.67	5.35	Constitutive
438	0.5639269406392694	10.13	8.33	Constitutive
31559	0.4050508571247505	9.48	10.24	Constitutive
908	0.44493392070484583	7.14	7.07	Constitutive
424	0.589622641509434	6.53	7.73	Constitutive
5089	0.45785026527805067	8.88	11.49	Constitutive
2040	0.35294117647058826	6.33	8.08	Constitutive
320	0.45	9.46	13.38	Constitutive
144	0.5208333333333334	11.01	6.3	Constitutive
3145	0.34594594594594597	9.79	-6.49	Constitutive
33005	0.38530525677927585	11.45	8.89	Constitutive
3692	0.5197724810400867	6.96	9.52	Constitutive
236	0.673728813559322	6.37	10.69	Constitutive
2200	0.42	10.03	10.6	Constitutive
10493	0.39330982559801775	7.27	8.3	Constitutive
3594	0.5331107401224263	6.34	3.46	Constitutive
15533	0.42110345715573294	8.59	4.92	Constitutive
118	0.3644067796610169	8.27	7.58	Constitutive
131	0.5954198473282443	8.95	6.2	Constitutive
101	0.48514851485148514	7.44	5.37	Constitutive
85	0.5058823529411764	11.08	10.69	Constitutive
554	0.43501805054151627	7.84	10.94	Constitutive
2333	0.5075010715816545	-3.61	8.79	Constitutive
507	0.5542406311637081	9.14	4.49	Constitutive
4433	0.37401308369050307	7.44	7.66	Constitutive
32723	0.3985270299177948	10.08	3.43	Constitutive
83	0.6024096385542169	8.07	7.61	Constitutive
3895	0.44441591784338896	9.79	10.12	Constitutive
304	0.5723684210526315	11.11	6.64	Constitutive
395	0.5063291139240507	7.88	11.25	Constitutive
2900	0.5758620689655173	8.55	12.47	Constitutive
373	0.26541554959785524	8.54	9.65	Constitutive
1238	0.4305331179321486	9.35	8.51	Constitutive
4677	0.5937566816335258	9.89	5.72	Constitutive
277	0.4620938628158845	8.42	6.52	Constitutive
1043	0.5071907957813998	10.67	4.59	Constitutive
1316	0.4848024316109423	6.17	9.44	Constitutive
810	0.43333333333333335	9.3	8.47	Constitutive
5505	0.4930063578564941	10.51	8.1	Constitutive
10464	0.3663990825688073	6.99	7.92	Constitutive
672	0.3630952380952381	7.63	7.13	Constitutive
14463	0.4203139044458273	7.39	3.74	Constitutive
81	0.5679012345679012	10.91	6.23	Constitutive
12638	0.39175502452919764	9.04	6.1	Constitutive
283	0.38515901060070673	6.52	0.36	Constitutive
94	0.6702127659574468	8.7	9.58	Constitutive
9012	0.40523746116289394	6.69	8.42	Constitutive
191	0.6701570680628273	9.16	8.35	Constitutive
2349	0.44870157513835673	5.89	4.31	Constitutive
6420	0.41838006230529595	9.09	9.98	Constitutive
4110	0.3854014598540146	6.46	5.45	Constitutive
3499	0.354101171763361	9.72	10.72	Constitutive
13234	0.48692761069971285	9.81	10.58	Constitutive
502	0.545816733067729	10.07	-0.34	Constitutive
489	0.6339468302658486	4.78	8.19	Constitutive
10868	0.4217887375782113	8.31	11.15	Constitutive
2903	0.45642438856355494	10.13	6.16	Constitutive
3317	0.414229725655713	9.35	11.98	Constitutive
2621	0.32659290347195724	8.92	5.01	Constitutive
218	0.29357798165137616	8.56	12.53	Constitutive
1412	0.4773371104815864	8.37	10.05	Constitutive
90042	0.375302636547389	11.0	8.6	Constitutive
1306	0.35758039816232773	7.81	6.58	Constitutive
217	0.4700460829493088	5.98	9.58	Constitutive
1359	0.3340691685062546	9.14	9.25	Constitutive
9785	0.5591211037301993	7.43	10.54	Constitutive
232	0.3232758620689655	7.46	3.08	Constitutive
950	0.6263157894736842	10.67	10.03	Constitutive
1152	0.3472222222222222	10.67	5.6	Constitutive
801	0.5855181023720349	8.3	10.13	Constitutive
89	0.24719101123595505	10.13	10.62	Constitutive
4563	0.37782160859083935	10.67	10.37	Constitutive
6756	0.41000592066311425	7.0	9.3	Constitutive
3083	0.5475186506649368	8.23	13.72	Constitutive
14667	0.3614236040089998	6.65	9.57	Constitutive
1482	0.3582995951417004	8.38	9.05	Constitutive
15108	0.4044876886417792	10.36	11.23	Constitutive
1545	0.35275080906148865	9.01	1.62	Constitutive
649	0.34668721109399075	11.0	4.03	Constitutive
87843	0.4121443939756156	9.39	8.0	Constitutive
1453	0.5230557467309016	5.44	6.74	Constitutive
3482	0.3925904652498564	2.51	6.32	Constitutive
194	0.5876288659793815	10.22	6.89	Constitutive
77	0.6363636363636364	8.95	10.07	Constitutive
33027	0.3856541617464499	7.21	10.73	Constitutive
18088	0.42508845643520565	10.12	12.12	Constitutive
676	0.33727810650887574	9.21	7.58	Constitutive
2562	0.3559718969555035	6.82	9.75	Constitutive
3342	0.5206463195691203	7.97	11.13	Constitutive
2394	0.31746031746031744	9.26	7.11	Constitutive
2382	0.44836272040302266	6.62	8.96	Constitutive
4854	0.5016481252575196	9.24	9.18	Constitutive
110	0.6	3.24	7.7	Constitutive
1564	0.33631713554987214	6.99	8.31	Constitutive
2017	0.37927615270203274	10.86	10.0	Constitutive
9839	0.4031913812379307	8.63	8.63	Constitutive
261	0.26436781609195403	9.81	7.95	Constitutive
4623	0.5453168937919101	8.84	7.64	Constitutive
243	0.5061728395061729	8.68	9.84	Constitutive
93	0.7096774193548387	8.41	12.89	Constitutive
1555	0.30803858520900324	4.36	8.06	Constitutive
2164	0.33548983364140483	10.77	7.6	Constitutive
2550	0.42470588235294116	10.16	5.17	Constitutive
258	0.5968992248062015	9.6	10.53	Constitutive
3676	0.366974972796518	9.14	3.11	Constitutive
2033	0.4456468273487457	7.4	8.15	Constitutive
106	0.4339622641509434	4.69	6.32	Constitutive
12851	0.5264959925297642	8.73	9.98	Constitutive
27516	0.3991859281872365	6.43	12.97	Constitutive
1218	0.3694581280788177	6.95	9.73	Constitutive
7667	0.3988522238163558	9.06	8.49	Constitutive
750	0.2813333333333333	3.26	5.61	Constitutive
7698	0.5422187581189919	8.55	10.94	Constitutive
1923	0.39365574622984917	9.06	6.32	Constitutive
6067	0.40547222680072526	9.8	10.7	Constitutive
202	0.599009900990099	7.23	8.94	Constitutive
4791	0.3769567939887289	10.07	9.88	Constitutive
96	0.8020833333333334	5.03	5.6	Constitutive
91	0.2087912087912088	8.83	3.32	Constitutive
4951	0.42658048879014343	4.43	10.08	Constitutive
205	0.5804878048780487	11.08	11.19	Constitutive
27592	0.392033922876196	7.43	8.36	Constitutive
4941	0.47500505970451323	9.06	3.66	Constitutive
593	0.5682967959527825	10.07	6.78	Constitutive
5340	0.6325842696629214	10.13	4.71	Constitutive
866	0.5554272517321016	2.52	6.77	Constitutive
616	0.49837662337662336	10.1	9.08	Constitutive
7733	0.3490236648131385	7.44	8.63	Constitutive
1983	0.40040342914775595	10.51	5.47	Constitutive
4342	0.4940119760479042	10.28	9.53	Constitutive
130	0.7538461538461538	9.89	8.15	Constitutive
157	0.5605095541401274	10.67	8.98	Constitutive
445	0.6808988764044944	10.1	12.52	Constitutive
313	0.5079872204472844	3.34	8.15	Constitutive
178	0.601123595505618	6.43	10.09	Constitutive
108	0.37037037037037035	8.17	5.75	Constitutive
91	0.5384615384615384	9.26	6.11	Constitutive
103	0.5728155339805825	10.48	3.08	Constitutive
934	0.5728051391862955	9.25	8.65	Constitutive
965	0.4155440414507772	9.66	4.19	Constitutive
258	0.49224806201550386	10.51	8.29	Constitutive
285	0.6842105263157895	8.49	10.36	Constitutive
370	0.23513513513513515	10.57	4.12	Constitutive
121	0.5041322314049587	8.55	10.35	Constitutive
555	0.5297297297297298	10.28	9.77	Constitutive
18145	0.4791402590245247	8.38	9.8	Constitutive
719	0.5855354659248957	8.3	12.36	Constitutive
1381	0.5358435916002896	9.4	8.67	Constitutive
3117	0.424446583253128	9.85	10.47	Constitutive
2118	0.4990557129367328	9.3	9.46	Constitutive
1716	0.48892773892773894	9.44	5.36	Constitutive
3013	0.34749419183538	8.02	7.84	Constitutive
1048	0.40553435114503816	8.88	11.14	Constitutive
1973	0.33705017739483023	7.77	12.47	Constitutive
3659	0.37769882481552336	11.0	9.25	Constitutive
8692	0.4247583985273815	8.63	7.86	Constitutive
158	0.5443037974683544	5.26	10.16	Constitutive
10434	0.3638106191297681	9.81	5.23	Constitutive
415	0.5445783132530121	8.83	1.85	Constitutive
3756	0.4587326943556975	4.6	5.76	Constitutive
1912	0.3713389121338912	7.21	6.51	Constitutive
596	0.3187919463087248	2.81	5.8	Constitutive
17466	0.5296576205198672	9.57	8.24	Constitutive
1202	0.5981697171381032	7.23	7.75	Constitutive
2746	0.5393299344501092	10.07	8.8	Constitutive
1998	0.529029029029029	7.66	10.93	Constitutive
17571	0.40430254396448695	9.88	-0.45	Constitutive
96	0.625	6.68	13.95	Constitutive
235	0.3702127659574468	8.63	9.67	Constitutive
327	0.5596330275229358	9.24	5.35	Constitutive
22287	0.5501413379997308	10.67	10.62	Constitutive
7725	0.5005825242718447	10.65	8.16	Constitutive
348	0.46264367816091956	2.44	4.09	Constitutive
100	0.64	11.11	9.99	Constitutive
424	0.5589622641509434	6.74	5.62	Constitutive
1339	0.351008215085885	10.77	7.37	Constitutive
6759	0.3682497410859595	9.72	7.44	Constitutive
2239	0.4457347029924073	8.57	8.8	Constitutive
10284	0.4203617269544924	11.08	10.89	Constitutive
701	0.5378031383737518	7.07	7.46	Constitutive
5957	0.45022662413966763	10.77	7.52	Constitutive
937	0.5421558164354322	10.07	8.58	Constitutive
134	0.23134328358208955	9.72	7.53	Constitutive
4084	0.3479431929480901	9.79	9.94	Constitutive
1431	0.43186582809224316	5.77	11.77	Constitutive
1026	0.3664717348927875	5.66	4.25	Constitutive
541	0.44731977818853974	11.0	6.86	Constitutive
323	0.5913312693498453	7.93	4.26	Constitutive
98	0.6326530612244898	9.22	10.46	Constitutive
791	0.5739570164348925	8.7	11.51	Constitutive
715	0.43216783216783217	8.0	10.52	Constitutive
480	0.60625	7.2	8.14	Constitutive
2844	0.3769338959212377	7.69	10.09	Constitutive
3653	0.5140980016424856	9.01	14.24	Constitutive
939	0.4941427050053248	11.81	11.26	Constitutive
1051	0.3301617507136061	7.47	6.12	Constitutive
3208	0.42487531172069826	5.58	5.56	Constitutive
7162	0.39681653169505726	9.65	9.84	Constitutive
373	0.5388739946380697	6.9	7.53	Constitutive
3531	0.4290569243840272	10.13	9.85	Constitutive
12445	0.3246283648051426	7.93	7.28	Constitutive
3030	0.31683168316831684	11.08	8.98	Constitutive
233	0.7339055793991416	9.6	8.05	Constitutive
15062	0.3535387066790599	9.55	4.49	Constitutive
860	0.34651162790697676	8.28	5.84	Constitutive
2295	0.3660130718954248	9.16	10.84	Constitutive
202	0.5396039603960396	5.27	12.67	Constitutive
4293	0.413696715583508	5.29	10.87	Constitutive
9740	0.4004106776180698	8.62	9.43	Constitutive
108	0.5740740740740741	11.0	9.35	Constitutive
690	0.4782608695652174	8.79	10.58	Constitutive
32390	0.48697128743439333	9.01	12.99	Constitutive
2041	0.3527682508574228	8.92	8.71	Constitutive
1097	0.45214220601640837	9.45	8.3	Constitutive
434	0.6889400921658986	8.3	11.7	Constitutive
11817	0.4606075992214606	8.49	6.96	Constitutive
744	0.3736559139784946	8.88	6.78	Constitutive
5118	0.3960531457600625	8.41	5.99	Constitutive
2516	0.42170111287758344	8.73	7.22	Constitutive
54898	0.354657728879012	9.27	9.79	Constitutive
3137	0.3812559770481352	8.65	11.51	Constitutive
1493	0.5030140656396517	3.41	9.09	Constitutive
1896	0.5548523206751055	8.23	6.84	Constitutive
2600	0.5953846153846154	5.73	6.34	Constitutive
1509	0.5162359178263751	6.86	11.12	Constitutive
979	0.5648621041879469	6.6	10.56	Constitutive
1118	0.5035778175313059	6.64	1.15	Constitutive
786	0.3384223918575064	9.8	5.89	Constitutive
1828	0.5300875273522976	6.52	4.23	Constitutive
856	0.33060747663551404	8.56	7.84	Constitutive
2688	0.45126488095238093	4.67	7.88	Constitutive
1192	0.41359060402684567	10.67	6.03	Constitutive
2775	0.38594594594594595	7.83	7.9	Constitutive
2240	0.36473214285714284	8.07	10.02	Constitutive
8455	0.4337078651685393	10.57	10.14	Constitutive
15221	0.5503580579462585	8.14	6.45	Constitutive
249	0.3654618473895582	10.06	9.6	Constitutive
2773	0.4756581319870177	9.16	7.1	Constitutive
1077	0.4085422469823584	11.0	7.08	Constitutive
816	0.47549019607843135	1.81	10.38	Constitutive
1885	0.5596816976127321	7.41	6.82	Constitutive
224	0.6517857142857143	10.86	8.33	Constitutive
220	0.36818181818181817	9.48	12.11	Constitutive
522	0.5689655172413793	9.6	6.01	Constitutive
2370	0.3181434599156118	7.65	6.1	Constitutive
1930	0.4533678756476684	9.55	11.23	Constitutive
4544	0.4474031690140845	9.82	6.78	Constitutive
2495	0.411623246492986	8.85	7.91	Constitutive
2341	0.38017941050832976	8.55	11.11	Constitutive
191	0.581151832460733	9.1	10.74	Constitutive
1152	0.5269097222222222	6.06	10.57	Constitutive
6503	0.4373366138705213	11.01	7.88	Constitutive
894	0.5480984340044742	7.43	5.74	Constitutive
10389	0.3421888535951487	8.55	6.42	Constitutive
414	0.2971014492753623	7.51	2.08	Constitutive
221	0.42081447963800905	9.6	9.46	Constitutive
1292	0.33436532507739936	4.41	10.54	Constitutive
610	0.5770491803278689	10.1	3.64	Constitutive
4355	0.3338691159586682	8.35	11.78	Constitutive
88	0.6477272727272727	2.13	8.74	Constitutive
85	0.611764705882353	8.16	6.02	Constitutive
1629	0.5224063842848373	9.55	8.54	Constitutive
2114	0.39971617786187325	9.16	6.51	Constitutive
235	0.3574468085106383	10.28	12.79	Constitutive
472	0.4936440677966102	4.45	9.39	Constitutive
896	0.4017857142857143	6.74	9.1	Constitutive
551	0.3956442831215971	9.14	11.5	Constitutive
90	0.28888888888888886	7.81	13.04	Constitutive
79	0.20253164556962025	9.14	7.87	Constitutive
127	0.5275590551181102	8.95	10.4	Constitutive
1269	0.408983451536643	8.76	5.89	Constitutive
30932	0.412226820121557	9.89	11.14	Constitutive
9991	0.5479931938744871	10.1	11.93	Constitutive
3974	0.5410166079516859	7.43	8.6	Constitutive
1021	0.4505386875612145	8.28	7.83	Constitutive
150	0.5866666666666667	5.99	7.34	Constitutive
6785	0.42166543846720705	10.47	12.36	Constitutive
3810	0.4692913385826772	10.67	8.42	Constitutive
1779	0.31309724564362	5.24	10.47	Constitutive
358	0.4273743016759777	10.1	12.73	Constitutive
2139	0.37868162692847124	11.01	10.9	Constitutive
105	0.3904761904761905	10.36	4.61	Constitutive
1048	0.4446564885496183	7.23	12.16	Constitutive
2002	0.32167832167832167	8.55	10.41	Constitutive
23187	0.3674904041057489	9.65	9.65	Constitutive
88	0.6590909090909091	5.06	7.08	Constitutive
577	0.5511265164644714	7.87	0.75	Constitutive
3252	0.4498769987699877	8.37	10.26	Constitutive
12533	0.4619803718183994	11.08	3.4	Constitutive
1893	0.4004226096143687	8.62	9.89	Constitutive
4364	0.37167736021998166	3.68	7.22	Constitutive
7015	0.38004276550249466	7.53	8.9	Constitutive
761	0.46780551905387646	8.88	12.06	Constitutive
230	0.6652173913043479	7.54	7.58	Constitutive
325	0.4307692307692308	8.17	10.87	Constitutive
445	0.44719101123595506	8.3	4.35	Constitutive
464	0.3017241379310345	9.24	9.54	Constitutive
1653	0.515426497277677	7.81	4.0	Constitutive
249	0.3534136546184739	4.45	10.46	Constitutive
3429	0.30825313502478857	7.64	9.61	Constitutive
342	0.347953216374269	3.45	11.79	Constitutive
8239	0.35598980458793544	1.87	8.48	Constitutive
1216	0.34292763157894735	9.82	4.22	Constitutive
4026	0.4704421261798311	8.55	13.83	Constitutive
5319	0.41605564955818763	9.79	7.48	Constitutive
1698	0.3415783274440518	3.24	6.06	Constitutive
6794	0.5337062113629674	-8.16	3.49	Constitutive
46578	0.45590192794881707	10.47	10.06	Constitutive
2364	0.4847715736040609	8.77	5.45	Constitutive
429	0.5174825174825175	5.68	9.73	Constitutive
888	0.3918918918918919	4.24	13.97	Constitutive
1080	0.3787037037037037	2.85	9.83	Constitutive
8346	0.35466091540857897	8.88	3.09	Constitutive
809	0.4289245982694685	5.87	4.72	Constitutive
1362	0.3010279001468429	10.1	4.1	Constitutive
103	0.46601941747572817	7.77	6.53	Constitutive
2939	0.3929908132017693	9.27	3.46	Constitutive
432	0.625	9.05	6.4	Constitutive
688	0.5348837209302325	9.49	10.25	Constitutive
7032	0.3930602957906712	9.88	9.98	Constitutive
94	0.5319148936170213	7.93	8.77	Constitutive
53990	0.3644378588627524	9.45	7.11	Constitutive
959	0.33993743482794575	8.27	11.21	Constitutive
496	0.4274193548387097	8.99	4.93	Constitutive
1744	0.4461009174311927	8.55	4.67	Constitutive
326	0.6748466257668712	9.88	9.95	Constitutive
155	0.632258064516129	10.67	11.53	Constitutive
314	0.410828025477707	4.15	7.46	Constitutive
86	0.4069767441860465	2.05	7.34	Constitutive
2059	0.27634774162214665	7.64	5.81	Constitutive
7113	0.5485730352875018	10.1	11.45	Constitutive
425	0.6541176470588236	11.08	8.37	Constitutive
787	0.39390088945362134	4.37	9.12	Constitutive
3757	0.45009315943572	9.79	11.4	Constitutive
221	0.3076923076923077	7.84	7.94	Constitutive
5702	0.4042441248684672	7.67	10.05	Constitutive
24106	0.3682485688210404	11.08	7.83	Constitutive
101	0.6039603960396039	5.79	11.52	Constitutive
1247	0.4987971130713713	11.08	0.1	Constitutive
5457	0.5169507055158512	10.08	3.49	Constitutive
120	0.4666666666666667	8.59	9.83	Constitutive
3085	0.41620745542949755	7.0	5.32	Constitutive
791	0.415929203539823	8.68	4.15	Constitutive
4352	0.43083639705882354	8.46	6.95	Constitutive
4157	0.3743083954775078	10.36	7.71	Constitutive
22661	0.39252460173867	9.55	7.81	Constitutive
925	0.4864864864864865	9.63	11.67	Constitutive
1303	0.501151189562548	8.68	13.14	Constitutive
420	0.38095238095238093	9.27	9.38	Constitutive
65	0.7076923076923077	5.39	7.98	Constitutive
503	0.5069582504970179	5.73	11.09	Constitutive
11985	0.403921568627451	9.07	10.1	Constitutive
1578	0.35804816223067176	9.72	10.24	Constitutive
1706	0.3757327080890973	6.99	4.38	Constitutive
31217	0.40740622096934365	8.83	8.53	Constitutive
553	0.5316455696202531	5.57	10.44	Constitutive
2687	0.4585039077037588	6.34	8.46	Constitutive
220	0.6363636363636364	7.7	10.81	Constitutive
151	0.5827814569536424	9.85	0.96	Constitutive
43853	0.35527786012359475	10.67	9.23	Constitutive
520	0.6115384615384616	9.67	9.84	Constitutive
3945	0.5693282636248416	8.27	3.63	Constitutive
22808	0.44054717642932306	8.34	9.92	Constitutive
3560	0.5339887640449438	11.08	6.67	Constitutive
485	0.5237113402061856	4.01	11.02	Constitutive
1020	0.403921568627451	7.92	9.21	Constitutive
1024	0.36328125	9.16	9.7	Constitutive
4066	0.46679783571077227	9.35	8.57	Constitutive
1634	0.51468788249694	6.32	10.59	Constitutive
2104	0.3916349809885932	7.87	3.91	Constitutive
298	0.5771812080536913	7.41	6.19	Constitutive
385	0.32987012987012987	9.88	8.49	Constitutive
346	0.3063583815028902	5.11	12.33	Constitutive
40922	0.44091197888666245	9.65	4.75	Constitutive
414	0.42028985507246375	8.1	9.06	Constitutive
383	0.32114882506527415	8.76	6.98	Constitutive
1537	0.49577098243331164	8.04	11.07	Constitutive
90500	0.4385745856353591	10.29	7.38	Constitutive
391	0.6419437340153452	9.13	7.29	Constitutive
1371	0.6528081692195478	8.56	11.39	Constitutive
2499	0.4969987995198079	0.9	8.4	Constitutive
640	0.625	9.46	6.55	Constitutive
4230	0.44042553191489364	11.45	8.45	Constitutive
1439	0.43710910354412785	9.8	9.67	Constitutive
5505	0.4274296094459582	8.35	7.74	Constitutive
485	0.6144329896907217	10.11	10.15	Constitutive
770	0.4766233766233766	8.3	7.58	Constitutive
1340	0.6313432835820896	9.65	10.3	Constitutive
12776	0.48379774577332496	8.7	9.51	Constitutive
473	0.27906976744186046	10.86	6.3	Constitutive
423	0.3262411347517731	6.69	7.74	Constitutive
407	0.371007371007371	5.12	9.3	Constitutive
3006	0.4364604125083167	7.54	12.07	Constitutive
1051	0.41198858230256896	10.57	9.23	Constitutive
276	0.5181159420289855	6.52	8.74	Constitutive
1953	0.33230926779313874	8.88	11.12	Constitutive
109	0.6513761467889908	9.68	8.21	Constitutive
6228	0.4365767501605652	9.45	12.34	Constitutive
315	0.6095238095238096	-6.17	0.29	Constitutive
1208	0.36341059602649006	7.56	10.72	Constitutive
4192	0.5350667938931297	5.08	8.75	Constitutive
318	0.5566037735849056	-0.26	10.0	Constitutive
32336	0.34970311726867886	7.51	5.66	Constitutive
796	0.4321608040201005	6.41	11.65	Constitutive
13517	0.3680550417992158	10.67	7.25	Constitutive
12542	0.48620634667517143	9.14	7.61	Constitutive
106	0.6698113207547169	9.6	10.07	Constitutive
330	0.5121212121212121	8.56	5.54	Constitutive
526	0.3669201520912547	3.95	9.25	Constitutive
80	0.625	10.9	8.67	Constitutive
1977	0.4683864441072332	11.0	12.04	Constitutive
3958	0.37064173825164226	4.79	7.91	Constitutive
98	0.6632653061224489	4.48	4.17	Constitutive
145	0.6344827586206897	8.35	11.42	Constitutive
91768	0.46212187254816495	9.88	13.84	Constitutive
141	0.2907801418439716	7.81	12.19	Constitutive
1639	0.37949969493593655	8.88	6.77	Constitutive
265	0.41132075471698115	10.13	15.46	Constitutive
101	0.2871287128712871	9.48	8.44	Constitutive
404	0.655940594059406	6.74	9.46	Constitutive
264	0.5227272727272727	9.26	7.28	Constitutive
831	0.5824308062575211	8.91	11.75	Constitutive
441	0.3287981859410431	8.92	5.74	Constitutive
115	0.6956521739130435	5.95	8.12	Constitutive
908	0.566079295154185	8.07	8.46	Constitutive
95	0.6105263157894737	9.65	4.37	Constitutive
352	0.5795454545454546	9.79	9.17	Constitutive
990	0.6161616161616161	7.66	6.83	Constitutive
3693	0.39642567018683994	7.66	11.64	Constitutive
5464	0.46321376281112736	7.05	8.97	Constitutive
1208	0.3981788079470199	9.22	11.95	Constitutive
7854	0.4625668449197861	8.68	7.13	Constitutive
562	0.400355871886121	11.78	10.3	Constitutive
88	0.5	7.21	11.8	Constitutive
11011	0.480610298792117	7.96	11.87	Constitutive
1451	0.5568573397656789	6.86	4.27	Constitutive
147	0.2585034013605442	9.66	9.38	Constitutive
1392	0.5272988505747126	10.28	3.85	Constitutive
4740	0.4189873417721519	9.88	5.14	Constitutive
100	0.25	3.38	6.39	Constitutive
307	0.28013029315960913	10.22	6.5	Constitutive
2292	0.3756544502617801	7.23	5.63	Constitutive
1319	0.47308567096285065	9.6	10.31	Constitutive
1890	0.3888888888888889	11.0	9.33	Constitutive
3032	0.43172823218997364	9.45	6.88	Constitutive
96	0.6666666666666666	10.47	4.94	Constitutive
245	0.7428571428571429	10.9	-0.23	Constitutive
2785	0.46642728904847397	6.32	8.45	Constitutive
15443	0.4712167325001619	9.49	8.74	Constitutive
2416	0.5024834437086093	8.41	6.28	Constitutive
348	0.5574712643678161	8.3	11.29	Constitutive
512	0.45703125	10.57	8.89	Constitutive
9186	0.4126932288264751	9.25	12.74	Constitutive
1023	0.29716520039100686	6.65	6.24	Constitutive
29121	0.37811201538408706	10.07	6.21	Constitutive
1730	0.32312138728323697	8.02	10.95	Constitutive
258	0.5	6.36	12.31	Constitutive
1862	0.4146079484425349	10.65	12.54	Constitutive
3300	0.41878787878787876	9.06	9.96	Constitutive
6682	0.37653397186471116	8.54	6.13	Constitutive
3744	0.5534188034188035	10.03	12.65	Constitutive
619	0.5751211631663974	7.83	7.45	Constitutive
22569	0.37112853914661703	7.2	5.47	Constitutive
14938	0.4516668898112197	10.51	6.6	Constitutive
180	0.6055555555555555	7.7	11.06	Constitutive
12094	0.3837440052918803	6.46	8.72	Constitutive
13729	0.4931895986597713	10.29	4.79	Constitutive
6694	0.3887063041529728	10.47	7.39	Constitutive
2501	0.5473810475809676	9.65	11.98	Constitutive
6370	0.341287284144427	9.25	8.73	Constitutive
66278	0.41774042668758865	8.4	8.16	Constitutive
258	0.5697674418604651	11.08	11.07	Constitutive
13781	0.5546767288295479	8.69	13.03	Constitutive
887	0.5197294250281849	10.28	9.43	Constitutive
785	0.3554140127388535	-3.25	6.28	Constitutive
1654	0.5145102781136639	7.65	10.75	Constitutive
1907	0.4289459884635553	3.93	14.42	Constitutive
1186	0.3414839797639123	10.65	6.7	Constitutive
313	0.610223642172524	10.07	9.03	Constitutive
8597	0.392113527974875	11.08	9.31	Constitutive
973	0.33607399794450155	1.91	1.64	Constitutive
641	0.5054602184087363	4.51	11.96	Constitutive
89	0.2808988764044944	11.0	13.04	Constitutive
3250	0.41384615384615386	7.93	12.63	Constitutive
9978	0.40308679094006816	10.07	5.64	Constitutive
1162	0.4853700516351119	7.1	4.85	Constitutive
2860	0.3842657342657343	9.01	7.01	Constitutive
1077	0.5905292479108635	7.81	7.1	Constitutive
621	0.5813204508856683	6.91	9.2	Constitutive
2568	0.41549844236760125	7.82	3.52	Constitutive
3843	0.561800676554775	10.47	9.66	Constitutive
5301	0.3418222976796831	7.44	5.86	Constitutive
611	0.4779050736497545	8.55	7.89	Constitutive
369	0.5284552845528455	5.55	5.25	Constitutive
2480	0.527016129032258	9.22	7.69	Constitutive
811	0.5154130702836005	-3.82	10.46	Constitutive
26164	0.3753248738724966	7.2	9.55	Constitutive
272	0.5735294117647058	9.79	10.82	Constitutive
4717	0.33898664405342377	10.57	11.53	Constitutive
1861	0.3573347662547018	10.57	6.07	Constitutive
158	0.759493670886076	10.07	8.09	Constitutive
2779	0.5833033465275279	10.13	7.66	Constitutive
524	0.6240458015267175	10.91	8.0	Constitutive
3063	0.38263140711720534	9.43	9.53	Constitutive
2344	0.4351535836177474	8.46	10.3	Constitutive
154	0.577922077922078	5.75	12.2	Constitutive
33611	0.41992204932908866	7.35	6.98	Constitutive
1358	0.47496318114874814	7.09	9.12	Constitutive
577	0.6637781629116117	9.6	7.15	Constitutive
1763	0.3834373227453205	10.65	9.47	Constitutive
9207	0.4222873900293255	8.41	8.38	Constitutive
1446	0.39764868603042874	8.56	7.08	Constitutive
267	0.39325842696629215	8.4	10.13	Constitutive
384	0.3723958333333333	9.54	6.38	Constitutive
2731	0.3694617356279751	7.43	10.27	Constitutive
1298	0.5793528505392912	7.35	10.27	Constitutive
368	0.6467391304347826	1.85	11.37	Constitutive
1100	0.37454545454545457	7.67	10.2	Constitutive
2600	0.355	5.05	8.78	Constitutive
3118	0.5202052597819115	7.26	3.58	Constitutive
4755	0.4904311251314406	10.86	9.29	Constitutive
3677	0.527604025020397	7.2	10.36	Constitutive
3675	0.45414965986394557	10.28	9.09	Constitutive
1556	0.33740359897172234	11.0	12.63	Constitutive
2707	0.38899150350942	6.46	3.76	Constitutive
85	0.29411764705882354	6.1	4.44	Constitutive
92	0.6195652173913043	9.6	10.37	Constitutive
1692	0.5212765957446809	7.64	8.65	Constitutive
14268	0.3499439304737875	6.35	8.58	Constitutive
15733	0.3778046145045446	9.35	10.06	Constitutive
955	0.5801047120418849	6.6	12.06	Constitutive
886	0.3837471783295711	8.1	9.67	Constitutive
5287	0.36145261963306224	9.3	11.72	Constitutive
495	0.494949494949495	10.77	7.14	Constitutive
197	0.5279187817258884	6.29	11.67	Constitutive
34651	0.3578251709907362	10.49	3.07	Constitutive
9131	0.40795093637060564	11.08	9.91	Constitutive
25957	0.39299610894941633	10.86	9.44	Constitutive
6553	0.4172134900045781	6.95	9.97	Constitutive
86560	0.4296441774491682	7.55	10.03	Constitutive
6129	0.33741230217001145	11.08	10.54	Constitutive
2951	0.39173161640121995	9.79	10.71	Constitutive
1643	0.4071819841752891	8.68	11.1	Constitutive
128	0.6171875	9.16	6.86	Constitutive
393	0.6081424936386769	6.34	7.97	Constitutive
1601	0.5677701436602124	9.27	14.11	Constitutive
1009	0.4489593657086224	8.55	10.19	Constitutive
210	0.49523809523809526	9.99	8.57	Constitutive
985	0.33096446700507615	9.46	7.6	Constitutive
295	0.3593220338983051	8.55	3.04	Constitutive
48696	0.4491128634795466	10.51	9.25	Constitutive
8959	0.5055251702198906	6.43	4.06	Constitutive
90	0.6888888888888889	2.53	11.05	Constitutive
1574	0.3290978398983482	9.14	7.66	Constitutive
8329	0.35598511225837437	9.81	6.8	Constitutive
296	0.5168918918918919	6.56	9.0	Constitutive
1592	0.5835427135678392	9.45	8.76	Constitutive
616	0.4675324675324675	8.63	11.26	Constitutive
10702	0.3249859839282377	8.38	10.45	Constitutive
1170	0.4076923076923077	9.66	11.71	Constitutive
69	0.6666666666666666	4.44	8.01	Constitutive
27129	0.3846068782483689	10.15	6.65	Constitutive
370	0.45675675675675675	9.11	6.32	Constitutive
351	0.27635327635327633	8.07	11.19	Constitutive
85	0.5176470588235295	10.03	10.64	Constitutive
2702	0.3911917098445596	8.94	5.11	Constitutive
900	0.63	10.29	8.93	Constitutive
97	0.5876288659793815	6.66	7.28	Constitutive
2142	0.3664799253034547	7.33	6.56	Constitutive
1682	0.45005945303210465	7.54	2.12	Constitutive
2152	0.41960966542750927	7.7	4.94	Constitutive
917	0.4078516902944384	10.75	2.57	Constitutive
240	0.35833333333333334	9.72	9.02	Constitutive
28456	0.47251897666572956	10.86	11.54	Constitutive
1994	0.37011033099297896	8.34	9.94	Constitutive
11854	0.37346043529610257	9.85	9.65	Constitutive
9085	0.3395707209686296	9.85	6.6	Constitutive
144	0.6180555555555556	2.5	12.47	Constitutive
367	0.5776566757493188	6.39	9.98	Constitutive
292	0.5068493150684932	10.08	9.68	Constitutive
28638	0.3626649905719673	9.49	5.85	Constitutive
7503	0.5217912834866053	8.68	8.58	Constitutive
3710	0.41078167115902964	10.86	6.48	Constitutive
176	0.375	5.98	-5.36	Constitutive
3652	0.45208105147864186	10.86	11.87	Constitutive
658	0.5379939209726444	6.13	5.86	Constitutive
2920	0.3284246575342466	10.77	6.21	Constitutive
524	0.5820610687022901	7.23	10.88	Constitutive
2020	0.4079207920792079	10.57	8.67	Constitutive
121	0.3884297520661157	6.64	5.91	Constitutive
4456	0.3969928186714542	7.59	3.3	Constitutive
591	0.571912013536379	8.7	8.78	Constitutive
10392	0.5	10.9	10.87	Constitutive
964	0.3184647302904564	7.51	9.47	Constitutive
251	0.5776892430278885	8.95	10.76	Constitutive
85	0.47058823529411764	8.83	7.84	Constitutive
3644	0.35208562019758505	4.27	7.31	Constitutive
2321	0.33132270573028866	9.88	8.83	Constitutive
165	0.6303030303030303	10.65	9.55	Constitutive
2316	0.3743523316062176	10.28	3.97	Constitutive
2609	0.5894978919126102	9.88	11.46	Constitutive
35528	0.3729452825940104	6.8	7.22	Constitutive
1792	0.40792410714285715	4.3	11.79	Constitutive
3563	0.37356160538871735	8.92	8.53	Constitutive
1763	0.3630175836642087	7.79	9.83	Constitutive
268	0.5111940298507462	8.55	8.51	Constitutive
1096	0.4352189781021898	6.13	6.72	Constitutive
36599	0.45446596901554687	8.94	12.42	Constitutive
648	0.6358024691358025	10.06	7.58	Constitutive
1589	0.39836375078665825	8.55	8.34	Constitutive
865	0.5329479768786127	9.6	10.21	Constitutive
382	0.6099476439790575	5.0	12.45	Constitutive
258	0.5426356589147286	4.94	8.02	Constitutive
1575	0.6438095238095238	10.91	9.05	Constitutive
164656	0.3830774463123117	7.1	11.88	Constitutive
49724	0.3569704770332234	10.67	7.4	Constitutive
23910	0.3410288582183187	10.22	8.55	Constitutive
2643	0.42943624668936814	7.61	11.97	Constitutive
107915	0.46443033869248945	8.99	9.81	Constitutive
153409	0.4448174487807104	10.57	6.5	Constitutive
310	0.632258064516129	6.03	7.4	Constitutive
823	0.40583232077764275	6.38	6.01	Constitutive
9371	0.3927008857112368	8.56	6.11	Constitutive
197	0.6852791878172588	4.86	7.98	Constitutive
1211	0.37654830718414534	7.64	6.85	Constitutive
2194	0.37101185050136737	6.91	10.45	Constitutive
469	0.26865671641791045	5.73	6.77	Constitutive
2325	0.36989247311827955	6.95	7.38	Constitutive
352	0.6960227272727273	10.26	5.26	Constitutive
16009	0.38259728902492346	5.05	12.72	Constitutive
1249	0.37710168134507605	9.68	9.24	Constitutive
1703	0.49500880798590724	4.44	8.48	Constitutive
3312	0.42240338164251207	10.03	13.08	Constitutive
927	0.3948220064724919	-5.34	10.08	Constitutive
1895	0.47229551451187335	7.23	7.32	Constitutive
328	0.6280487804878049	9.6	10.22	Constitutive
1282	0.6474258970358814	10.29	5.86	Constitutive
208	0.625	9.8	9.73	Constitutive
359	0.4456824512534819	10.9	6.62	Constitutive
1637	0.6719609040928528	6.42	10.68	Constitutive
16667	0.36629267414651706	9.45	5.06	Constitutive
942	0.3524416135881104	8.35	6.55	Constitutive
952	0.37289915966386555	9.11	8.78	Constitutive
664	0.5	10.77	7.43	Constitutive
118	0.6101694915254238	7.75	1.42	Constitutive
4000	0.4015	10.06	8.91	Constitutive
2391	0.36219155165202843	7.23	8.05	Constitutive
2552	0.43299373040752354	8.56	1.99	Constitutive
1028	0.32782101167315175	4.23	5.23	Constitutive
2146	0.4119291705498602	10.65	7.74	Constitutive
496	0.4959677419354839	9.6	9.82	Constitutive
1465	0.39795221843003414	8.4	3.04	Constitutive
1694	0.3772136953955136	11.08	6.57	Constitutive
147	0.6394557823129252	9.22	9.06	Constitutive
298253	0.3566066393296966	7.04	12.92	Constitutive
1203	0.3657522859517872	10.06	11.92	Constitutive
1763	0.5331820760068066	9.06	0.27	Constitutive
30796	0.3981361215742304	8.49	9.34	Constitutive
1837	0.32879695155144256	11.01	6.45	Constitutive
259	0.5984555984555985	7.93	7.57	Constitutive
756	0.5462962962962963	5.56	8.7	Constitutive
1932	0.5414078674948241	6.66	10.3	Constitutive
77	0.7012987012987013	8.68	6.22	Constitutive
86	0.4418604651162791	9.66	6.49	Constitutive
1322	0.34568835098335854	7.07	13.04	Constitutive
2467	0.4616943656262667	10.47	12.14	Constitutive
1551	0.4551901998710509	8.34	8.66	Constitutive
673	0.399702823179792	3.14	5.62	Constitutive
6648	0.4032791817087846	10.57	7.33	Constitutive
1990	0.42562814070351757	7.92	5.97	Constitutive
5409	0.5740432612312812	10.47	11.07	Constitutive
30339	0.4363690299614358	8.59	5.87	Constitutive
2369	0.3596454200084424	10.47	10.51	Constitutive
746	0.4812332439678284	5.39	9.06	Constitutive
2868	0.34344490934449096	7.52	9.1	Constitutive
1121	0.38269402319357715	9.43	5.32	Constitutive
193	0.37305699481865284	9.99	12.55	Constitutive
1319	0.3025018953752843	8.34	6.94	Constitutive
92	0.6739130434782609	7.66	6.18	Constitutive
663	0.5384615384615384	11.45	9.18	Constitutive
3042	0.5897435897435898	9.2	9.58	Constitutive
128	0.71875	6.36	8.28	Constitutive
3643	0.390612132857535	10.77	3.83	Constitutive
274	0.3722627737226277	9.07	5.04	Constitutive
101	0.6237623762376238	10.47	4.18	Constitutive
81	0.654320987654321	7.92	9.31	Constitutive
163	0.2822085889570552	7.68	8.99	Constitutive
166	0.572289156626506	9.37	7.85	Constitutive
5118	0.4370847987495115	9.35	7.82	Constitutive
417	0.4292565947242206	9.45	9.54	Constitutive
6812	0.4034057545507927	7.21	10.83	Constitutive
356	0.5337078651685393	5.29	10.99	Constitutive
2603	0.47983096427199384	6.62	5.15	Constitutive
2411	0.3148071339693073	9.06	5.25	Constitutive
1132	0.44434628975265017	7.94	6.67	Constitutive
128	0.4765625	6.42	9.7	Constitutive
81	0.5555555555555556	9.14	3.22	Constitutive
547	0.5210237659963437	4.95	8.01	Constitutive
127	0.6614173228346457	10.36	8.67	Constitutive
3138	0.34862970044614405	9.88	10.71	Constitutive
893	0.5587905935050392	9.89	3.26	Constitutive
112914	0.4587296526560037	10.07	9.94	Constitutive
217	0.631336405529954	7.93	4.11	Constitutive
5153	0.5726761110032991	9.65	10.48	Constitutive
1289	0.4864235841737781	7.93	9.87	Constitutive
20619	0.3671371065522091	11.08	8.18	Constitutive
1006	0.4274353876739563	9.01	10.93	Constitutive
3324	0.4016245487364621	10.45	11.61	Constitutive
15165	0.47497527200791295	8.07	8.82	Constitutive
798	0.44611528822055135	8.55	5.91	Constitutive
79	0.7341772151898734	8.07	12.27	Constitutive
1133	0.5216240070609003	8.41	7.59	Constitutive
646	0.4551083591331269	5.67	7.73	Constitutive
1849	0.4456462952947539	5.68	6.6	Constitutive
851	0.4770857814336075	9.22	10.89	Constitutive
231	0.5930735930735931	4.74	10.77	Constitutive
2698	0.5904373610081541	6.36	7.88	Constitutive
707	0.5912305516265912	8.07	6.52	Constitutive
549	0.5355191256830601	9.21	13.07	Constitutive
105	0.638095238095238	9.2	2.31	Constitutive
917	0.5845147219193021	9.04	7.99	Constitutive
386	0.45595854922279794	3.1	8.53	Constitutive
15518	0.3610645701765691	9.22	9.23	Constitutive
3546	0.4114495205865764	6.64	7.69	Constitutive
3573	0.382031905961377	7.06	8.7	Constitutive
545	0.3706422018348624	10.28	7.83	Constitutive
5062	0.4073488739628605	9.45	5.53	Constitutive
2881	0.3998611593196807	11.0	9.31	Constitutive
47341	0.39143659829745886	9.63	12.22	Constitutive
209	0.4449760765550239	7.54	4.15	Constitutive
8887	0.3367840666141555	11.08	9.89	Constitutive
86	0.27906976744186046	11.0	5.3	Constitutive
989	0.5015166835187057	10.67	6.7	Constitutive
1414	0.41230551626591233	8.01	10.37	Constitutive
2838	0.39006342494714585	10.57	12.7	Constitutive
13071	0.3912478004743325	9.85	5.91	Constitutive
8372	0.4083850931677019	9.82	10.27	Constitutive
9494	0.4028860332841795	11.01	8.13	Constitutive
4250	0.3654117647058824	10.86	9.63	Constitutive
7144	0.37555991041433373	7.82	10.18	Constitutive
1342	0.6274217585692996	9.89	5.87	Constitutive
416	0.49038461538461536	10.77	-0.54	Constitutive
82	0.7073170731707317	10.07	5.68	Constitutive
419	0.5178997613365155	10.57	7.33	Constitutive
140	0.6785714285714286	7.77	10.94	Constitutive
1603	0.3518402994385527	7.81	-0.82	Constitutive
5138	0.3349552355001946	8.14	9.97	Constitutive
11949	0.3753452171729852	8.17	8.33	Constitutive
929	0.3153928955866523	7.84	3.39	Constitutive
10770	0.43398328690807797	7.67	7.83	Constitutive
125	0.344	5.55	6.23	Constitutive
3506	0.3705077010838562	9.01	6.53	Constitutive
1565	0.531629392971246	3.1	8.86	Constitutive
92	0.2717391304347826	5.46	6.64	Constitutive
1205	0.5136929460580912	9.25	8.59	Constitutive
170	0.5705882352941176	9.13	0.54	Constitutive
599	0.6293823038397329	11.08	10.23	Constitutive
4824	0.3783167495854063	10.86	10.95	Constitutive
9760	0.3662909836065574	3.86	12.29	Constitutive
673	0.3789004457652303	8.91	11.1	Constitutive
4116	0.36345966958211856	9.16	11.01	Constitutive
3305	0.42783661119515887	8.06	8.24	Constitutive
646	0.5433436532507739	8.24	14.67	Constitutive
85	0.6941176470588235	9.22	4.9	Constitutive
67090	0.3408257564465643	10.77	7.76	Constitutive
218	0.44036697247706424	0.27	6.76	Constitutive
662	0.5377643504531722	10.13	7.7	Constitutive
8148	0.45986745213549335	9.8	11.45	Constitutive
97	0.6597938144329897	6.74	6.23	Constitutive
6439	0.45379717347414195	8.31	9.43	Constitutive
261	0.524904214559387	8.88	4.94	Constitutive
335	0.6	5.87	7.83	Constitutive
1245	0.40562248995983935	8.14	6.1	Constitutive
90	0.7444444444444445	6.05	10.57	Constitutive
94	0.6702127659574468	8.58	11.09	Constitutive
224	0.5758928571428571	9.54	1.22	Constitutive
435	0.5011494252873563	10.36	-0.01	Constitutive
24380	0.41977030352748157	9.6	11.56	Constitutive
5100	0.43137254901960786	10.57	3.16	Constitutive
10165	0.42479094933595674	7.3	10.03	Constitutive
322	0.5	8.46	3.86	Constitutive
1021	0.3604309500489716	9.49	7.71	Constitutive
5932	0.34743762643290627	10.24	10.82	Constitutive
1618	0.522867737948084	7.39	9.45	Constitutive
198870	0.35878211897219286	8.56	8.56	Constitutive
64321	0.3837005021688096	7.52	12.13	Constitutive
11149	0.3558166651717643	10.51	7.77	Constitutive
11660	0.3439108061749571	9.45	7.23	Constitutive
4164	0.5379442843419788	10.47	13.18	Constitutive
853	0.48651817116060964	7.48	2.78	Constitutive
7143	0.36875262494750105	8.69	5.34	Constitutive
309	0.6310679611650486	2.73	7.34	Constitutive
818	0.460880195599022	8.1	13.15	Constitutive
10448	0.3790199081163859	5.43	10.25	Constitutive
1974	0.5141843971631206	8.91	11.06	Constitutive
120	0.2916666666666667	7.51	9.36	Constitutive
347	0.5446685878962536	10.38	8.85	Constitutive
884	0.42081447963800905	7.64	11.0	Constitutive
564	0.4078014184397163	11.45	12.63	Constitutive
720	0.36666666666666664	8.76	5.25	Constitutive
2113	0.45906294368196876	8.23	9.18	Constitutive
424	0.5872641509433962	9.22	9.08	Constitutive
2413	0.5387484459179445	10.4	7.57	Constitutive
7615	0.38371634931057125	10.26	4.63	Constitutive
3324	0.37906137184115524	8.89	10.69	Constitutive
837	0.3811230585424134	5.96	9.81	Constitutive
2220	0.4036036036036036	8.24	0.39	Constitutive
16049	0.42962178328867845	10.28	10.34	Constitutive
21924	0.3808611567232257	10.67	6.39	Constitutive
1226	0.5032626427406199	3.56	12.45	Constitutive
10125	0.3947654320987654	10.47	11.11	Constitutive
1705	0.4422287390029325	6.35	8.62	Constitutive
4039	0.3305273582569943	9.55	10.27	Constitutive
90	0.26666666666666666	10.24	8.41	Constitutive
3319	0.3796324194034348	8.55	6.01	Constitutive
522	0.5478927203065134	9.84	8.17	Constitutive
3516	0.42804323094425484	9.09	7.72	Constitutive
172	0.6104651162790697	10.07	9.97	Constitutive
2783	0.41825368307581745	10.48	6.99	Constitutive
2777	0.49513863881886927	6.82	9.63	Constitutive
2070	0.3144927536231884	10.57	8.39	Constitutive
930	0.3032258064516129	5.69	11.77	Constitutive
5249	0.39188416841303103	8.3	8.52	Constitutive
19763	0.3331984010524718	6.86	10.34	Constitutive
98	0.4897959183673469	7.93	2.51	Constitutive
427	0.5152224824355972	5.87	9.48	Constitutive
1257	0.5568814638027049	8.7	12.76	Constitutive
1366	0.33382137628111275	9.45	3.02	Constitutive
813	0.2829028290282903	8.27	5.58	Constitutive
8222	0.5610557042082218	9.16	5.83	Constitutive
1499	0.3382254836557705	7.2	9.42	Constitutive
3978	0.3577174459527401	5.11	12.35	Constitutive
980	0.3377551020408163	4.24	5.56	Constitutive
388	0.33505154639175255	9.65	7.59	Constitutive
609	0.2857142857142857	8.55	7.55	Constitutive
87843	0.4121443939756156	9.39	8.0	Constitutive
81	0.5802469135802469	10.03	10.63	Constitutive
6689	0.34130662281357455	7.79	7.99	Constitutive
1657	0.5733252866626434	10.1	6.82	Constitutive
52299	0.37629782596225547	6.6	8.6	Constitutive
909	0.7425742574257426	3.75	6.52	Constitutive
1174	0.47614991482112434	10.29	10.19	Constitutive
519	0.5414258188824663	9.04	9.26	Constitutive
4004	0.524975024975025	9.6	9.51	Constitutive
2692	0.46693907875185736	9.13	6.92	Constitutive
51409	0.44770370946721394	7.94	11.34	Constitutive
457	0.5908096280087527	8.73	8.73	Constitutive
158165	0.3666424303733443	10.12	10.09	Constitutive
595	0.3142857142857143	6.05	10.21	Constitutive
3826	0.42106638787245165	11.0	9.62	Constitutive
151	0.6158940397350994	7.13	7.38	Constitutive
3400	0.3826470588235294	9.46	6.87	Constitutive
1766	0.5192525481313703	9.1	9.98	Constitutive
1074	0.41527001862197394	7.98	7.29	Constitutive
3428	0.3646441073512252	10.47	10.07	Constitutive
3488	0.5266628440366973	8.04	10.28	Constitutive
2688	0.39099702380952384	10.03	7.6	Constitutive
1502	0.36351531291611183	7.82	6.0	Constitutive
83	0.2289156626506024	11.01	8.76	Constitutive
400	0.36	9.01	6.96	Constitutive
2967	0.36973373778227164	6.1	5.98	Constitutive
69702	0.372055321224642	8.4	8.69	Constitutive
686	0.29300291545189505	2.7	8.25	Constitutive
102	0.5784313725490197	8.05	10.92	Constitutive
829	0.6079613992762364	8.73	9.49	Constitutive
23764	0.412472647702407	8.66	11.99	Constitutive
4788	0.35213032581453635	11.0	5.47	Constitutive
1557	0.5279383429672447	5.85	6.77	Constitutive
1403	0.5873129009265858	0.92	9.19	Constitutive
107	0.616822429906542	10.91	6.69	Constitutive
163	0.5828220858895705	6.99	12.57	Constitutive
916	0.3384279475982533	9.72	8.01	Constitutive
1390	0.6057553956834533	6.91	11.31	Constitutive
120547	0.3608882842376832	8.6	8.21	Constitutive
15228	0.4167323351720515	8.68	6.71	Constitutive
17542	0.5289590696613841	9.04	7.24	Constitutive
5523	0.3726235741444867	9.16	9.15	Constitutive
4223	0.59838977030547	9.91	9.81	Constitutive
1003	0.4546360917248255	7.4	8.99	Constitutive
5995	0.42218515429524606	5.74	6.75	Constitutive
810	0.36049382716049383	1.29	6.8	Constitutive
2274	0.4472295514511873	9.99	5.9	Constitutive
2140	0.4616822429906542	8.66	11.8	Constitutive
554	0.6173285198555957	7.13	4.46	Constitutive
1007	0.3743793445878848	9.55	8.88	Constitutive
7398	0.3784806704514734	8.82	9.63	Constitutive
2570	0.4206225680933852	7.94	9.42	Constitutive
318	0.279874213836478	10.77	9.98	Constitutive
860	0.45232558139534884	11.08	9.41	Constitutive
1130	0.35575221238938054	8.56	6.14	Constitutive
821	0.4628501827040195	9.22	1.56	Constitutive
2901	0.5001723543605653	8.73	1.42	Constitutive
87	0.6781609195402298	11.08	5.83	Constitutive
145	0.5655172413793104	7.36	8.32	Constitutive
342	0.3713450292397661	10.52	8.77	Constitutive
36998	0.44683496405211093	10.1	10.66	Constitutive
2705	0.322735674676525	9.77	7.33	Constitutive
4917	0.3825503355704698	9.72	9.06	Constitutive
510	0.4725490196078431	9.24	8.93	Constitutive
38216	0.38295478333682226	4.41	7.8	Constitutive
2403	0.4277985851019559	9.66	7.28	Constitutive
278	0.5467625899280576	9.44	10.92	Constitutive
10548	0.3796928327645051	8.76	10.92	Constitutive
9632	0.33409468438538203	4.28	10.38	Constitutive
7565	0.5366820885657634	9.6	6.14	Constitutive
726	0.5633608815426997	8.94	12.38	Constitutive
11346	0.4492332099418297	9.2	6.22	Constitutive
797	0.2986198243412798	6.15	6.85	Constitutive
827	0.35066505441354295	0.11	7.4	Constitutive
1316	0.331306990881459	0.58	5.01	Constitutive
295	0.3050847457627119	6.69	9.56	Constitutive
1619	0.4051883878937616	7.05	7.42	Constitutive
1474	0.5189959294436907	7.31	7.47	Constitutive
522	0.5114942528735632	9.6	5.29	Constitutive
664	0.4036144578313253	7.12	9.66	Constitutive
19457	0.5665313254869713	8.73	12.39	Constitutive
80	0.625	9.27	10.36	Constitutive
1775	0.483943661971831	6.51	6.07	Constitutive
3858	0.35044064282011406	9.8	11.36	Constitutive
1864	0.39967811158798283	10.27	13.02	Constitutive
561	0.6149732620320856	8.3	8.8	Constitutive
780	0.5064102564102564	10.67	4.21	Constitutive
233	0.6180257510729614	8.92	8.13	Constitutive
2249	0.44330813694975546	9.4	9.07	Constitutive
5685	0.37308707124010554	10.1	8.24	Constitutive
223	0.32286995515695066	1.47	0.25	Constitutive
89	0.6741573033707865	9.2	10.68	Constitutive
4913	0.3800122124974557	10.51	8.78	Constitutive
315	0.45714285714285713	9.08	10.9	Constitutive
3368	0.34619952494061756	10.77	10.59	Constitutive
649	0.5731895223420647	10.47	-5.02	Constitutive
3744	0.43509615384615385	10.74	10.93	Constitutive
2406	0.47215295095594345	10.03	11.87	Constitutive
1534	0.3285528031290743	7.97	10.84	Constitutive
112	0.5	9.26	4.8	Constitutive
2568	0.4151090342679128	9.11	9.91	Constitutive
675	0.5288888888888889	8.94	12.99	Constitutive
2704	0.5229289940828402	8.99	8.33	Constitutive
1265	0.5660079051383399	4.94	0.66	Constitutive
82	0.6707317073170732	7.82	12.43	Constitutive
1160	0.4810344827586207	8.2	5.97	Constitutive
83	0.30120481927710846	9.49	-1.87	Constitutive
2440	0.4725409836065574	7.66	8.64	Constitutive
2862	0.3382250174703005	8.99	8.71	Constitutive
897	0.4180602006688963	7.83	7.38	Constitutive
1110	0.35585585585585583	8.38	7.5	Constitutive
30412	0.36873602525318955	10.28	9.14	Constitutive
1749	0.3950829045168668	6.6	4.78	Constitutive
20930	0.4894887720974678	-1.12	8.85	Constitutive
13629	0.44331939247193486	8.4	9.03	Constitutive
259	0.6138996138996139	8.27	8.84	Constitutive
73	0.589041095890411	9.1	9.46	Constitutive
371	0.6873315363881402	9.16	11.32	Constitutive
937	0.3575240128068303	8.83	9.97	Constitutive
1277	0.5262333594361785	9.65	8.58	Constitutive
720	0.2861111111111111	9.22	6.59	Constitutive
1232	0.4050324675324675	10.28	8.47	Constitutive
35969	0.3453529428118658	9.14	11.34	Constitutive
4889	0.40846798936387807	10.29	11.45	Constitutive
138	0.7318840579710145	8.69	10.2	Constitutive
397406	0.41233146958022776	10.47	12.54	Constitutive
1558	0.44030808729139925	4.87	9.0	Constitutive
5124	0.40846994535519127	4.07	8.34	Constitutive
6111	0.4336442480772378	10.51	11.72	Constitutive
3769	0.5091536216503051	9.65	7.34	Constitutive
733	0.5934515688949522	9.05	13.12	Constitutive
4583	0.43966833951560114	9.88	7.82	Constitutive
4230	0.39314420803782507	7.27	8.29	Constitutive
1014	0.46055226824457596	-0.37	12.35	Constitutive
3117	0.4276547962784729	7.64	6.25	Constitutive
95222	0.4487093318770872	5.61	9.11	Constitutive
298	0.5167785234899329	7.93	-3.85	Constitutive
6525	0.4289655172413793	11.78	8.21	Constitutive
719	0.44367176634214184	10.13	7.66	Constitutive
73	0.5753424657534246	5.61	9.39	Constitutive
3241	0.4908978710274607	4.36	4.89	Constitutive
970	0.4690721649484536	8.01	7.47	Constitutive
1344	0.31026785714285715	9.81	6.82	Constitutive
126	0.4523809523809524	6.43	8.71	Constitutive
2146	0.35787511649580617	9.26	8.9	Constitutive
1661	0.31788079470198677	5.29	5.66	Constitutive
4362	0.4092159559834938	10.07	9.49	Constitutive
3305	0.5161875945537066	2.99	7.49	Constitutive
256843	0.37682942497946215	9.45	6.39	Constitutive
2725	0.5060550458715596	9.09	9.25	Constitutive
1162	0.5223752151462995	6.51	-2.46	Constitutive
950	0.4863157894736842	6.25	6.99	Constitutive
2888	0.4082409972299169	9.82	11.36	Constitutive
4100	0.3873170731707317	10.43	9.81	Constitutive
490	0.6469387755102041	7.99	1.44	Constitutive
556	0.6169064748201439	9.33	10.58	Constitutive
8025	0.42679127725856697	6.36	10.29	Constitutive
33779	0.36697356345658544	9.3	9.68	Constitutive
505	0.37623762376237624	8.66	9.71	Constitutive
3475	0.539568345323741	5.84	10.24	Constitutive
19389	0.4022383825880654	10.77	9.61	Constitutive
1323	0.4467120181405896	5.46	13.08	Constitutive
94	0.6595744680851063	9.79	9.12	Constitutive
472	0.2775423728813559	5.37	2.7	Constitutive
868	0.4608294930875576	8.68	6.66	Constitutive
1053	0.5242165242165242	7.21	10.73	Constitutive
744	0.29973118279569894	9.43	9.32	Constitutive
6077	0.42586802698700016	10.47	9.95	Constitutive
127	0.6062992125984252	8.23	5.38	Constitutive
2395	0.36409185803757826	9.48	10.23	Constitutive
10108	0.4755639097744361	9.65	7.28	Constitutive
10664	0.41335333833458365	8.99	12.59	Constitutive
509	0.4204322200392927	-1.76	9.6	Constitutive
1051	0.42055185537583256	9.48	8.07	Constitutive
769	0.5253576072821846	3.06	13.5	Constitutive
273	0.706959706959707	-4.52	7.64	Constitutive
3145	0.41049284578696343	8.59	11.31	Constitutive
725	0.503448275862069	8.8	5.65	Constitutive
5442	0.37320837927232636	8.4	6.28	Constitutive
419	0.2935560859188544	4.19	9.56	Constitutive
534	0.4756554307116105	9.65	5.66	Constitutive
27699	0.42030398209321634	10.86	13.18	Constitutive
673	0.337295690936107	6.06	9.38	Constitutive
833	0.5186074429771909	7.61	7.31	Constitutive
287	0.7003484320557491	7.43	9.65	Constitutive
4486	0.3996879179670085	10.03	12.1	Constitutive
5945	0.40740117746005045	9.65	7.35	Constitutive
1280	0.425	9.88	9.87	Constitutive
3147	0.5322529393072768	8.14	7.14	Constitutive
3580	0.6273743016759776	8.41	8.97	Constitutive
1338	0.35351270553064273	7.91	6.49	Constitutive
5352	0.39032137518684606	9.79	5.77	Constitutive
2432	0.32524671052631576	10.47	8.83	Constitutive
2405	0.3230769230769231	5.54	5.88	Constitutive
4270	0.42201405152224825	10.03	10.89	Constitutive
6510	0.36113671274961595	7.13	11.01	Constitutive
780	0.36666666666666664	9.35	7.83	Constitutive
88	0.7272727272727273	4.81	8.86	Constitutive
5694	0.40270460133473834	11.08	7.71	Constitutive
91	0.4065934065934066	6.99	11.72	Constitutive
9013	0.39542882503051147	10.57	13.46	Constitutive
247	0.6761133603238867	7.2	7.58	Constitutive
1727	0.307469600463231	1.94	12.05	Constitutive
662	0.6117824773413897	10.28	6.22	Constitutive
235	0.6851063829787234	9.27	9.9	Constitutive
723	0.5159059474412172	9.25	7.11	Constitutive
119	0.6470588235294118	9.45	7.37	Constitutive
11233	0.37888364639900296	10.67	5.61	Constitutive
12162	0.5110179246834402	9.49	10.59	Constitutive
860	0.45348837209302323	6.99	9.54	Constitutive
161	0.5590062111801242	7.66	8.78	Constitutive
1170	0.47435897435897434	10.07	8.13	Constitutive
134	0.5746268656716418	4.94	9.03	Constitutive
135	0.7037037037037037	8.3	2.56	Constitutive
233	0.2875536480686695	10.22	8.05	Constitutive
3313	0.4618170842137036	7.79	9.31	Constitutive
652	0.4662576687116564	9.45	10.42	Constitutive
29015	0.5606065828019989	9.79	9.35	Constitutive
464	0.4892241379310345	8.56	6.43	Constitutive
160	0.58125	4.51	6.78	Constitutive
338	0.5236686390532544	9.16	8.22	Constitutive
6728	0.47934007134363854	7.75	3.37	Constitutive
5076	0.3814026792750197	10.65	8.88	Constitutive
82	0.6829268292682927	10.86	6.92	Constitutive
1878	0.45527156549520764	11.45	4.82	Constitutive
214	0.308411214953271	7.64	6.78	Constitutive
744	0.3696236559139785	9.06	6.04	Constitutive
98	0.25510204081632654	7.48	2.45	Constitutive
33397	0.3837470431475881	9.07	9.99	Constitutive
11442	0.34862786226184234	6.14	6.38	Constitutive
1777	0.3972988182329769	9.1	7.47	Constitutive
4182	0.5535628885700622	9.89	9.77	Constitutive
389	0.37532133676092544	6.91	8.46	Constitutive
243	0.46502057613168724	7.0	8.36	Constitutive
89	0.7865168539325843	5.01	9.13	Constitutive
4580	0.38427947598253276	10.86	5.46	Constitutive
450	0.31555555555555553	3.28	7.07	Constitutive
99	0.5353535353535354	3.97	9.4	Constitutive
41635	0.4445538609343101	9.81	8.57	Constitutive
159	0.6289308176100629	8.94	6.15	Constitutive
2948	0.439280868385346	7.15	9.86	Constitutive
723	0.6168741355463347	11.11	7.96	Constitutive
8043	0.3795847320651498	6.93	11.7	Constitutive
421	0.6294536817102138	8.16	8.88	Constitutive
24320	0.4197779605263158	9.99	8.71	Constitutive
32638	0.4368221091978675	8.55	7.79	Constitutive
15519	0.41226883175462337	11.08	9.96	Constitutive
176	0.6534090909090909	9.85	7.61	Constitutive
5983	0.31188367039946513	8.55	4.85	Constitutive
2177	0.32016536518144234	7.83	7.14	Constitutive
184	0.5760869565217391	0.7	12.04	Constitutive
4836	0.42597187758478083	9.22	8.49	Constitutive
325	0.3323076923076923	8.88	7.49	Constitutive
99	0.7070707070707071	9.05	8.31	Constitutive
610	0.3950819672131147	10.28	7.29	Constitutive
107	0.6728971962616822	6.18	8.68	Constitutive
8380	0.5056085918854415	9.25	8.52	Constitutive
82	0.5853658536585366	8.56	10.53	Constitutive
2166	0.358264081255771	5.39	7.23	Constitutive
932	0.6663090128755365	2.53	9.4	Constitutive
270	0.6296296296296297	9.6	11.14	Constitutive
5081	0.4030702617594962	9.65	7.62	Constitutive
105	0.5904761904761905	9.09	10.25	Constitutive
386	0.582901554404145	6.64	11.02	Constitutive
1228	0.5407166123778502	6.8	11.33	Constitutive
2244	0.4077540106951872	8.59	7.85	Constitutive
110	0.4	7.96	5.41	Constitutive
490	0.41836734693877553	8.76	8.71	Constitutive
4240	0.46155660377358493	1.56	-11.5	Constitutive
324	0.3888888888888889	8.56	7.69	Constitutive
623	0.434991974317817	10.07	6.85	Constitutive
4885	0.42128966223132036	6.22	10.5	Constitutive
6755	0.5287934863064396	10.65	8.43	Constitutive
125	0.48	3.32	11.74	Constitutive
309	0.32362459546925565	7.4	9.66	Constitutive
2557	0.45600312866640597	7.46	5.87	Constitutive
37584	0.44024052788420603	10.24	12.03	Constitutive
7879	0.5762152557431146	11.0	12.98	Constitutive
4368	0.3516483516483517	10.29	4.32	Constitutive
9654	0.3312616532007458	7.85	10.4	Constitutive
15579	0.514282046344438	3.1	11.34	Constitutive
3357	0.5364909145070003	7.41	7.95	Constitutive
2135	0.43559718969555034	5.98	9.05	Constitutive
1124	0.3087188612099644	9.06	13.11	Constitutive
2881	0.4279763970843457	7.56	10.08	Constitutive
6283	0.354766831131625	9.82	9.5	Constitutive
2468	0.3346839546191248	8.68	6.86	Constitutive
5930	0.4382799325463744	8.17	7.95	Constitutive
714	0.42857142857142855	6.86	11.9	Constitutive
2575	0.3487378640776699	6.25	8.8	Constitutive
91	0.46153846153846156	5.19	7.93	Constitutive
13937	0.40891153045849177	9.84	10.15	Constitutive
542	0.3118081180811808	0.38	4.75	Constitutive
723	0.5159059474412172	9.25	7.11	Constitutive
7399	0.38734964184349235	8.77	10.79	Constitutive
3767	0.46854260684895144	9.06	8.61	Constitutive
2828	0.4908062234794908	9.6	10.99	Constitutive
1497	0.3527054108216433	7.2	6.14	Constitutive
365	0.4767123287671233	8.76	9.99	Constitutive
44810	0.4609239009149743	9.65	9.28	Constitutive
2532	0.3665086887835703	9.48	7.66	Constitutive
2521	0.4172947243157477	10.22	9.87	Constitutive
756	0.43253968253968256	9.27	7.77	Constitutive
4437	0.4489519945909398	10.06	7.74	Constitutive
291	0.3333333333333333	9.26	7.11	Constitutive
114573	0.35460361516238553	8.4	11.35	Constitutive
1450	0.4917241379310345	7.66	6.87	Constitutive
4892	0.4337694194603434	9.07	7.16	Constitutive
4756	0.33052985702270815	7.3	10.11	Constitutive
940	0.3659574468085106	7.43	12.26	Constitutive
2353	0.42796430089247767	9.85	5.64	Constitutive
216	0.5879629629629629	4.51	8.03	Constitutive
1318	0.4195751138088012	10.86	12.62	Constitutive
678	0.5545722713864307	6.59	8.81	Constitutive
2360	0.5402542372881356	10.67	7.21	Constitutive
2178	0.5045913682277319	8.7	10.55	Constitutive
256	0.5625	2.65	13.67	Constitutive
325	0.5507692307692308	8.88	8.2	Constitutive
92	0.6739130434782609	5.56	7.86	Constitutive
3244	0.5	8.68	10.13	Constitutive
15344	0.5081465067778936	10.67	12.48	Constitutive
194	0.6288659793814433	7.8	12.07	Constitutive
5811	0.4116331096196868	8.27	9.65	Constitutive
3278	0.4914582062233069	10.65	9.69	Constitutive
674	0.6439169139465876	7.93	6.74	Constitutive
749	0.30574098798397864	1.87	10.49	Constitutive
3420	0.36198830409356725	6.54	6.22	Constitutive
27674	0.4008455590084556	9.06	8.43	Constitutive
257	0.4708171206225681	10.77	6.59	Constitutive
8542	0.49601966752516974	9.65	9.4	Constitutive
2284	0.5529772329246935	9.68	8.68	Constitutive
268	0.5447761194029851	7.39	6.09	Constitutive
366	0.7103825136612022	9.74	9.61	Constitutive
2508	0.3748006379585327	4.8	9.28	Constitutive
1935	0.5462532299741603	6.74	8.36	Constitutive
309	0.2783171521035599	10.24	1.89	Constitutive
3479	0.4394941075021558	10.88	7.97	Constitutive
869	0.34982738780207134	1.73	12.48	Constitutive
4987	0.4982955684780429	9.6	-2.12	Constitutive
104	0.6346153846153846	7.2	6.88	Constitutive
196	0.6071428571428571	4.66	10.98	Constitutive
79	0.26582278481012656	4.79	12.4	Constitutive
491	0.31160896130346233	10.2	11.63	Constitutive
17485	0.4328853302830998	8.05	6.67	Constitutive
1570	0.44904458598726116	10.65	7.65	Constitutive
122	0.27049180327868855	9.55	10.42	Constitutive
7897	0.36203621628466504	6.8	8.46	Constitutive
1539	0.34632878492527613	7.81	6.89	Constitutive
87	0.26436781609195403	9.45	9.4	Constitutive
1014	0.3224852071005917	8.83	9.33	Constitutive
2950	0.3657627118644068	5.6	12.2	Constitutive
574	0.5662020905923345	10.24	6.44	Constitutive
73	0.7123287671232876	8.7	5.6	Constitutive
536	0.5354477611940298	6.58	7.81	Constitutive
1239	0.46166263115415657	10.77	10.73	Constitutive
292	0.3253424657534247	10.45	8.12	Constitutive
5341	0.5663733383261561	8.07	11.78	Constitutive
14987	0.3883365583505705	11.0	7.18	Constitutive
1285	0.46070038910505834	5.74	13.55	Constitutive
992	0.5745967741935484	2.08	9.23	UFM1_dependent
229	0.6899563318777293	6.9	9.85	UFM1_dependent
142	0.6830985915492958	0.4	9.85	UFM1_dependent
123	0.6829268292682927	1.71	9.85	UFM1_dependent
259	0.6486486486486487	5.4	8.14	UFM1_dependent
450	0.29333333333333333	8.6	4.37	UFM1_dependent
1071	0.4173669467787115	11.01	4.7	UFM1_dependent
195	0.5487179487179488	7.65	11.89	UFM1_dependent
159	0.6289308176100629	2.63	11.2	UFM1_dependent
83	0.27710843373493976	5.57	0.36	UFM1_dependent
615	0.3886178861788618	7.57	4.19	UFM1_dependent
222	0.6036036036036037	7.93	7.02	UFM1_dependent
129	0.6434108527131783	8.51	5.77	UFM1_dependent
191	0.6544502617801047	8.56	8.23	UFM1_dependent
198	0.5757575757575758	10.86	4.85	UFM1_dependent
1691	0.543465405085748	4.79	11.34	UFM1_dependent
2159	0.5590551181102362	-0.56	9.47	UFM1_dependent
120	0.6583333333333333	9.73	11.67	UFM1_dependent
270	0.7111111111111111	9.13	11.16	UFM1_dependent
93	0.6129032258064516	10.03	6.35	UFM1_dependent
299	0.4916387959866221	5.87	7.92	UFM1_dependent
70	0.7428571428571429	10.49	8.6	UFM1_dependent
1239	0.6682808716707022	6.6	10.86	UFM1_dependent
801	0.519350811485643	10.07	6.07	UFM1_dependent
153	0.673202614379085	0.84	9.49	UFM1_dependent
198	0.6060606060606061	10.51	6.03	UFM1_dependent
869	0.3521288837744534	8.94	5.97	UFM1_dependent
310	0.5935483870967742	7.75	12.23	UFM1_dependent
143	0.4965034965034965	7.0	8.51	UFM1_dependent
780	0.541025641025641	10.15	6.48	UFM1_dependent
86	0.627906976744186	2.76	10.47	UFM1_dependent
346	0.5924855491329479	9.25	7.86	UFM1_dependent
81	0.5802469135802469	9.3	9.82	UFM1_dependent
116	0.6293103448275862	7.43	10.74	UFM1_dependent
90	0.4444444444444444	1.19	2.24	UFM1_dependent
386	0.6036269430051814	9.22	8.8	UFM1_dependent
136	0.6176470588235294	9.74	7.79	UFM1_dependent
177	0.6779661016949152	8.02	-2.9	UFM1_dependent
99	0.7171717171717171	2.93	9.26	UFM1_dependent
104	0.7596153846153846	10.9	4.52	UFM1_dependent
1358	0.5375552282768777	7.75	11.78	UFM1_dependent
90	0.6666666666666666	8.78	9.18	UFM1_dependent
78	0.6666666666666666	10.1	10.38	UFM1_dependent
89	0.5955056179775281	7.93	8.59	UFM1_dependent
86	0.7325581395348837	9.35	6.59	UFM1_dependent
117	0.6495726495726496	2.53	12.29	UFM1_dependent
434	0.6797235023041475	6.6	10.96	UFM1_dependent
1474	0.5420624151967436	8.56	11.18	UFM1_dependent
92	0.717391304347826	6.64	11.85	UFM1_dependent
2060	0.6422330097087379	9.46	-1.3	UFM1_dependent
608	0.6842105263157895	6.03	8.64	UFM1_dependent
202	0.6782178217821783	6.74	7.36	UFM1_dependent
1510	0.56158940397351	6.64	12.49	UFM1_dependent
395	0.6151898734177215	7.94	7.73	UFM1_dependent
73	0.6575342465753424	5.01	12.51	UFM1_dependent
737	0.6065128900949797	9.45	11.73	UFM1_dependent
325	0.3446153846153846	-1.15	8.2	UFM1_dependent
160	0.3375	10.47	5.77	UFM1_dependent
1251	0.4308553157474021	3.71	2.09	UFM1_dependent
582	0.520618556701031	1.0	13.12	UFM1_dependent
291	0.6597938144329897	5.35	9.41	UFM1_dependent
90	0.6666666666666666	7.54	6.79	UFM1_dependent
323	0.3498452012383901	4.94	8.38	UFM1_dependent
186	0.5268817204301075	6.62	7.84	UFM1_dependent
185	0.6594594594594595	5.5	14.18	UFM1_dependent
3286	0.3484479610468655	3.59	6.99	UFM1_dependent
572	0.44405594405594406	9.79	7.1	UFM1_dependent
348	0.603448275862069	8.76	11.25	UFM1_dependent
346	0.5953757225433526	9.1	9.64	UFM1_dependent
494	0.6153846153846154	7.13	10.58	UFM1_dependent
222	0.5855855855855856	8.05	7.15	UFM1_dependent
218	0.5504587155963303	7.31	9.61	UFM1_dependent
96	0.5729166666666666	7.12	12.32	UFM1_dependent
69	0.6086956521739131	10.07	4.2	UFM1_dependent
560	0.4767857142857143	5.05	10.67	UFM1_dependent
163	0.49693251533742333	9.16	6.05	UFM1_dependent
102	0.7058823529411765	9.16	10.05	UFM1_dependent
872	0.4243119266055046	10.65	11.93	UFM1_dependent
83	0.7469879518072289	7.2	10.08	UFM1_dependent
104	0.6153846153846154	8.94	5.95	UFM1_dependent
101	0.594059405940594	4.04	9.21	UFM1_dependent
458	0.6397379912663755	7.1	6.62	UFM1_dependent
341	0.5102639296187683	6.32	10.35	UFM1_dependent
863	0.5179606025492468	6.29	10.35	UFM1_dependent
423	0.5981087470449172	10.1	8.85	UFM1_dependent
332	0.6686746987951807	1.49	6.84	UFM1_dependent
2196	0.48770491803278687	9.54	8.87	UFM1_dependent
43	0.6046511627906976	9.27	-7.53	UFM1_dependent
79	0.6455696202531646	9.6	-2.99	UFM1_dependent
108	0.5833333333333334	1.61	0.44	UFM1_dependent
149	0.5369127516778524	9.04	9.88	UFM1_dependent
1077	0.5775301764159703	9.1	8.58	UFM1_dependent
663	0.3665158371040724	9.16	7.36	UFM1_dependent
127	0.6692913385826772	9.22	8.95	UFM1_dependent
97	0.5051546391752577	-1.06	9.29	UFM1_dependent
95	0.5263157894736842	11.08	6.3	UFM1_dependent
325	0.5292307692307693	6.66	12.13	UFM1_dependent
430	0.5093023255813953	1.68	7.5	UFM1_dependent
360	0.6444444444444445	8.5	9.53	UFM1_dependent
2143	0.6136257582827811	9.2	9.19	UFM1_dependent
174	0.6551724137931034	7.16	8.82	UFM1_dependent
203	0.5517241379310345	1.69	6.44	UFM1_dependent
209	0.583732057416268	9.6	8.14	UFM1_dependent
374	0.5962566844919787	9.1	5.92	UFM1_dependent
100	0.66	8.63	11.51	UFM1_dependent
364	0.6098901098901099	8.68	11.0	UFM1_dependent
85	0.6941176470588235	11.01	8.63	UFM1_dependent
150	0.66	7.36	8.86	UFM1_dependent
655	0.6977099236641221	6.3	8.97	UFM1_dependent
76	0.6578947368421053	9.79	-0.71	UFM1_dependent
302	0.5860927152317881	8.76	6.26	UFM1_dependent
263	0.33840304182509506	8.38	11.02	UFM1_dependent
540	0.4759259259259259	7.93	11.96	UFM1_dependent
161	0.5962732919254659	5.29	9.02	UFM1_dependent
84	0.6428571428571429	5.29	5.41	UFM1_dependent
114	0.631578947368421	3.78	6.66	UFM1_dependent
277	0.48736462093862815	-3.25	9.26	UFM1_dependent
71	0.6619718309859155	6.64	8.76	UFM1_dependent
258	0.5271317829457365	9.04	8.24	UFM1_dependent
2996	0.43457943925233644	6.25	9.48	UFM1_dependent
432	0.5717592592592593	1.64	9.67	UFM1_dependent
91	0.45054945054945056	6.71	4.79	UFM1_dependent
76	0.5921052631578947	6.71	6.73	UFM1_dependent
229	0.5764192139737991	2.57	7.42	UFM1_dependent
215	0.586046511627907	0.83	6.67	UFM1_dependent
365	0.536986301369863	8.73	8.33	UFM1_dependent
289	0.6089965397923875	5.58	12.23	UFM1_dependent
2522	0.3747026169706582	7.15	7.2	UFM1_dependent
78	0.6794871794871795	7.99	9.28	UFM1_dependent
1393	0.38621679827709976	4.08	8.76	UFM1_dependent
116	0.6724137931034483	3.44	11.71	UFM1_dependent
114	0.6491228070175439	7.23	7.25	UFM1_dependent
132	0.5075757575757576	10.47	11.59	UFM1_dependent
88	0.48863636363636365	6.05	8.93	UFM1_dependent
503	0.41749502982107356	5.07	10.46	UFM1_dependent
452	0.5221238938053098	10.65	5.19	UFM1_dependent
303	0.5775577557755776	10.57	6.64	UFM1_dependent
159	0.6918238993710691	5.99	9.77	UFM1_dependent
106	0.5471698113207547	8.41	-1.12	UFM1_dependent
114	0.6052631578947368	7.93	9.94	UFM1_dependent
175	0.6514285714285715	7.39	11.71	UFM1_dependent
492	0.508130081300813	4.89	7.04	UFM1_dependent
81	0.38271604938271603	8.55	5.72	UFM1_dependent
415	0.41686746987951806	2.81	4.85	UFM1_dependent
1910	0.393717277486911	11.0	12.46	UFM1_dependent
87	0.4482758620689655	7.22	6.16	UFM1_dependent
4373	0.3994969128744569	4.39	5.01	UFM1_dependent
82	0.6463414634146342	4.22	8.77	UFM1_dependent
424	0.5471698113207547	7.5	6.88	UFM1_dependent
1450	0.43724137931034485	9.1	5.84	UFM1_dependent
178	0.24157303370786518	10.1	3.55	UFM1_dependent
102	0.38235294117647056	6.6	-0.05	UFM1_dependent
243	0.6255144032921811	7.3	5.75	UFM1_dependent
1445	0.30242214532871975	0.49	10.2	UFM1_dependent
975	0.5076923076923077	6.43	11.19	UFM1_dependent
696	0.507183908045977	6.66	7.35	UFM1_dependent
144	0.5972222222222222	8.44	9.59	UFM1_dependent
1866	0.372454448017149	1.6	9.27	UFM1_dependent
221	0.5927601809954751	-5.53	4.59	UFM1_dependent
187	0.5508021390374331	6.52	4.74	UFM1_dependent
493	0.5456389452332657	3.34	9.33	UFM1_dependent
130	0.5153846153846153	8.55	5.56	UFM1_dependent
784	0.5038265306122449	9.4	7.88	UFM1_dependent
143	0.6293706293706294	6.05	7.88	UFM1_dependent
310	0.535483870967742	9.1	8.16	UFM1_dependent
391	0.5728900255754475	1.5	8.89	UFM1_dependent
152	0.6447368421052632	9.27	8.06	UFM1_dependent
330	0.48787878787878786	10.67	9.2	UFM1_dependent
659	0.5644916540212443	8.24	9.09	UFM1_dependent
429	0.5617715617715617	3.97	8.36	UFM1_dependent
321	0.29595015576323985	6.43	8.06	UFM1_dependent
120	0.6083333333333333	3.45	10.22	UFM1_dependent
125	0.664	3.99	9.09	UFM1_dependent
691	0.38929088277858176	10.05	9.53	UFM1_dependent
256	0.57421875	5.12	7.46	UFM1_dependent
259	0.5752895752895753	5.12	-17.98	UFM1_dependent
139	0.5251798561151079	3.6	9.5	UFM1_dependent
382	0.4476439790575916	10.1	1.0	UFM1_dependent
364	0.6401098901098901	9.89	9.85	UFM1_dependent
224	0.6116071428571429	9.2	3.15	UFM1_dependent
1154	0.44540727902946275	8.46	9.79	UFM1_dependent
2997	0.38271604938271603	4.18	11.92	UFM1_dependent
895	0.32737430167597764	4.78	7.05	UFM1_dependent
3224	0.34305210918114143	3.85	8.23	UFM1_dependent
2543	0.39402280770743214	9.04	10.58	UFM1_dependent
1117	0.5389435989256938	9.73	9.49	UFM1_dependent
938	0.5127931769722814	9.88	10.38	UFM1_dependent
629	0.49761526232114467	10.47	11.1	UFM1_dependent
214	0.48598130841121495	7.13	8.5	UFM1_dependent
146	0.589041095890411	9.46	11.83	UFM1_dependent
352	0.6392045454545454	9.22	12.05	UFM1_dependent
96	0.5	6.46	6.21	UFM1_dependent
438	0.6552511415525114	5.87	8.41	UFM1_dependent
89	0.6067415730337079	7.35	11.27	UFM1_dependent
90	0.7444444444444445	10.86	6.54	UFM1_dependent
75	0.5866666666666667	9.6	6.86	UFM1_dependent
208	0.6442307692307693	5.56	8.69	UFM1_dependent
312	0.6217948717948718	0.78	6.83	UFM1_dependent
461	0.5856832971800434	0.98	5.19	UFM1_dependent
85	0.6941176470588235	9.16	6.54	UFM1_dependent
88	0.7613636363636364	8.91	8.9	UFM1_dependent
109	0.7064220183486238	7.77	6.93	UFM1_dependent
789	0.5120405576679341	3.01	10.61	UFM1_dependent
86	0.46511627906976744	-0.19	8.29	UFM1_dependent
262	0.6641221374045801	10.1	12.32	UFM1_dependent
117	0.5726495726495726	4.2	9.33	UFM1_dependent
744	0.5026881720430108	8.94	7.19	UFM1_dependent
310	0.4967741935483871	8.23	9.57	UFM1_dependent
273	0.6190476190476191	8.56	8.27	UFM1_dependent
56	0.6071428571428571	5.29	-4.59	UFM1_dependent
490	0.6183673469387755	7.52	8.4	UFM1_dependent
232	0.5991379310344828	9.72	5.98	UFM1_dependent
147	0.5374149659863946	2.99	7.27	UFM1_dependent
1419	0.49541930937279777	9.22	10.58	UFM1_dependent
187	0.5721925133689839	8.41	4.09	UFM1_dependent
221	0.5067873303167421	9.88	4.46	UFM1_dependent
147	0.6870748299319728	9.3	6.43	UFM1_dependent
146	0.6301369863013698	5.4	6.88	UFM1_dependent
885	0.5491525423728814	9.25	4.27	UFM1_dependent
220	0.6818181818181818	8.48	7.14	UFM1_dependent
100	0.53	9.82	6.56	UFM1_dependent
179	0.49162011173184356	8.94	1.23	UFM1_dependent
170	0.5235294117647059	5.59	9.06	UFM1_dependent
777	0.41827541827541825	10.1	6.33	UFM1_dependent
85	0.7176470588235294	7.09	12.6	UFM1_dependent
240	0.3416666666666667	8.33	4.05	UFM1_dependent
170	0.711764705882353	3.75	-1.03	UFM1_dependent
165	0.7090909090909091	3.75	9.77	UFM1_dependent
81	0.7530864197530864	8.05	9.55	UFM1_dependent
1005	0.4945273631840796	6.13	10.26	UFM1_dependent
715	0.3384615384615385	-0.56	12.17	UFM1_dependent
91	0.7252747252747253	7.47	9.53	UFM1_dependent
228	0.2894736842105263	7.76	11.05	UFM1_dependent
1049	0.5176358436606292	3.77	8.76	UFM1_dependent
309	0.6828478964401294	9.3	4.4	UFM1_dependent
318	0.6540880503144654	9.6	8.34	UFM1_dependent
142	0.7535211267605634	8.48	3.97	UFM1_dependent
535	0.7046728971962617	9.24	10.57	UFM1_dependent
1136	0.5422535211267606	5.4	9.39	UFM1_dependent
114	0.5175438596491229	7.94	7.05	UFM1_dependent
192	0.6979166666666666	7.36	7.82	UFM1_dependent
385	0.6207792207792208	6.54	9.1	UFM1_dependent
312	0.33974358974358976	10.07	6.79	UFM1_dependent
199	0.6733668341708543	7.0	8.43	UFM1_dependent
309	0.5145631067961165	7.87	8.17	UFM1_dependent
827	0.44135429262394194	6.91	11.62	UFM1_dependent
83	0.7108433734939759	7.66	7.31	UFM1_dependent
294	0.6326530612244898	9.04	10.55	UFM1_dependent
283	0.5229681978798587	11.08	11.93	UFM1_dependent
261	0.632183908045977	5.52	10.69	UFM1_dependent
494	0.5182186234817814	6.3	10.15	UFM1_dependent
799	0.6170212765957447	6.18	5.4	UFM1_dependent
405	0.5876543209876544	7.88	7.4	UFM1_dependent
165	0.593939393939394	8.41	11.54	UFM1_dependent
983	0.4008138351983723	1.31	8.81	UFM1_dependent
308	0.32142857142857145	10.67	2.63	UFM1_dependent
311	0.3247588424437299	10.67	2.98	UFM1_dependent
320	0.61875	11.45	6.36	UFM1_dependent
253	0.5889328063241107	1.5	10.19	UFM1_dependent
552	0.5869565217391305	6.64	6.51	UFM1_dependent
78	0.6282051282051282	5.26	7.68	UFM1_dependent
113	0.4778761061946903	10.1	1.96	UFM1_dependent
76	0.75	11.11	-3.39	UFM1_dependent
118	0.4830508474576271	8.51	5.97	UFM1_dependent
94	0.5	0.88	9.76	UFM1_dependent
1301	0.6395080707148347	9.04	7.68	UFM1_dependent
600	0.5	5.91	9.62	UFM1_dependent
1465	0.3795221843003413	6.05	6.5	UFM1_dependent
86	0.3488372093023256	10.45	6.56	UFM1_dependent
1573	0.378893833439288	6.12	5.78	UFM1_dependent
1030	0.5203883495145631	5.42	9.35	UFM1_dependent
86	0.5581395348837209	8.56	8.84	UFM1_dependent
1927	0.3253762324857291	7.51	2.4	UFM1_dependent
282	0.5531914893617021	9.85	1.33	UFM1_dependent
126	0.5317460317460317	5.45	5.9	UFM1_dependent
153	0.5359477124183006	7.44	6.73	UFM1_dependent
305	0.4786885245901639	6.03	10.6	UFM1_dependent
1369	0.3966398831263696	6.38	12.91	UFM1_dependent
423	0.3475177304964539	8.46	4.33	UFM1_dependent
1083	0.29916897506925205	7.23	-9.41	UFM1_dependent
662	0.5302114803625377	8.68	0.63	UFM1_dependent
104	0.34615384615384615	9.14	8.55	UFM1_dependent
368	0.6711956521739131	10.65	6.93	UFM1_dependent
443	0.5981941309255079	10.28	8.31	UFM1_dependent
336	0.25595238095238093	8.35	4.41	UFM1_dependent
80	0.275	6.64	11.35	UFM1_dependent
351	0.5270655270655271	-1.9	11.4	UFM1_dependent
228	0.6228070175438597	7.13	8.99	UFM1_dependent
156	0.5641025641025641	7.53	4.6	UFM1_dependent
146	0.5753424657534246	5.97	8.75	UFM1_dependent
98	0.5510204081632653	2.63	8.75	UFM1_dependent
537	0.41899441340782123	-0.11	7.66	UFM1_dependent
275	0.49454545454545457	1.51	3.67	UFM1_dependent
380	0.4842105263157895	3.55	10.73	UFM1_dependent
87	0.6091954022988506	3.13	6.6	UFM1_dependent
78	0.21794871794871795	4.72	4.83	UFM1_dependent
421	0.6270783847980997	9.13	9.49	UFM1_dependent
254	0.35826771653543305	6.74	4.57	UFM1_dependent
84	0.34523809523809523	10.77	-4.81	UFM1_dependent
191	0.39790575916230364	9.65	6.43	UFM1_dependent
404	0.2747524752475248	7.35	6.15	UFM1_dependent
501	0.32335329341317365	9.65	8.18	UFM1_dependent
230	0.5391304347826087	6.8	0.77	UFM1_dependent
339	0.30383480825958703	4.94	3.88	UFM1_dependent
123	0.3089430894308943	3.23	11.41	UFM1_dependent
2688	0.3288690476190476	6.93	7.9	UFM1_dependent
984	0.4176829268292683	10.1	9.81	UFM1_dependent
1237	0.47291835084882783	5.4	2.04	UFM1_dependent
207	0.5990338164251208	3.75	11.19	UFM1_dependent
308	0.4967532467532468	7.08	10.02	UFM1_dependent
667	0.5667166416791605	8.78	5.08	UFM1_dependent
113	0.3893805309734513	5.07	9.55	UFM1_dependent
1868	0.38490364025695933	8.15	4.77	UFM1_dependent
665	0.3699248120300752	10.77	10.34	UFM1_dependent
234	0.4700854700854701	7.12	8.72	UFM1_dependent
733	0.4979536152796726	10.49	9.11	UFM1_dependent
839	0.5780691299165673	7.23	4.36	UFM1_dependent
852	0.6185446009389671	9.65	8.42	UFM1_dependent
2190	0.5027397260273972	7.23	9.16	UFM1_dependent
856	0.5957943925233645	5.99	10.74	UFM1_dependent
84	0.6904761904761905	7.39	11.76	UFM1_dependent
174	0.5804597701149425	3.9	1.72	UFM1_dependent
102	0.6274509803921569	0.51	-0.67	UFM1_dependent
89	0.6966292134831461	8.48	9.66	UFM1_dependent
113	0.5929203539823009	10.1	4.18	UFM1_dependent
326	0.49079754601226994	9.65	7.85	UFM1_dependent
89	0.6404494382022472	8.66	8.31	UFM1_dependent
437	0.2745995423340961	8.24	7.06	UFM1_dependent
234	0.5085470085470085	6.35	5.91	UFM1_dependent
83	0.5783132530120482	5.26	11.64	UFM1_dependent
168	0.35714285714285715	11.01	5.32	UFM1_dependent
309	0.5954692556634305	-4.13	9.87	UFM1_dependent
1206	0.48258706467661694	9.3	5.95	UFM1_dependent
1557	0.47591522157996147	7.39	2.26	UFM1_dependent
1616	0.4146039603960396	10.47	9.02	UFM1_dependent
228	0.6622807017543859	7.97	7.38	UFM1_dependent
145	0.5862068965517241	9.3	9.85	UFM1_dependent
891	0.5420875420875421	9.22	3.9	UFM1_dependent
911	0.5466520307354555	1.24	3.9	UFM1_dependent
573	0.5165794066317626	-1.89	2.14	UFM1_dependent
362	0.5386740331491713	10.03	6.17	UFM1_dependent
689	0.4528301886792453	10.13	4.68	UFM1_dependent
82	0.524390243902439	-1.42	8.05	UFM1_dependent
2494	0.3865276663993585	10.77	11.2	UFM1_dependent
386	0.5777202072538861	9.6	6.92	UFM1_dependent
100	0.42	11.01	7.37	UFM1_dependent
188	0.3670212765957447	9.22	11.9	UFM1_dependent
645	0.33488372093023255	10.22	7.89	UFM1_dependent
87	0.42528735632183906	-2.51	8.22	UFM1_dependent
734	0.49318801089918257	9.22	7.28	UFM1_dependent
1295	0.4061776061776062	3.97	6.53	UFM1_dependent
234	0.6367521367521367	5.37	7.57	UFM1_dependent
721	0.5755894590846047	10.49	9.56	UFM1_dependent
74	0.7297297297297297	1.98	3.66	UFM1_dependent
89	0.7752808988764045	6.79	8.88	UFM1_dependent
250	0.512	8.92	8.55	UFM1_dependent
205	0.7024390243902439	8.68	6.76	UFM1_dependent
73	0.2876712328767123	6.12	8.27	UFM1_dependent
203	0.5270935960591133	8.27	3.13	UFM1_dependent
179	0.6145251396648045	7.68	8.88	UFM1_dependent
1205	0.5161825726141079	4.4	5.33	UFM1_dependent
82	0.6463414634146342	5.87	5.49	UFM1_dependent
79	0.379746835443038	10.22	9.7	UFM1_dependent
1915	0.4720626631853786	7.44	10.07	UFM1_dependent
837	0.6117084826762246	8.21	10.08	UFM1_dependent
360	0.6361111111111111	10.67	10.08	UFM1_dependent
153	0.5555555555555556	4.22	9.44	UFM1_dependent
281	0.6334519572953736	7.03	6.35	UFM1_dependent
515	0.47766990291262135	8.63	9.39	UFM1_dependent
403	0.4813895781637717	1.98	9.85	UFM1_dependent
418	0.5143540669856459	7.83	9.1	UFM1_dependent
1186	0.3145025295109612	8.88	5.25	UFM1_dependent
569	0.28822495606326887	8.88	6.65	UFM1_dependent
643	0.6391912908242613	7.39	7.91	UFM1_dependent
1119	0.4110813226094727	7.83	11.22	UFM1_dependent
2346	0.3576300085251492	6.49	6.65	UFM1_dependent
2281	0.35992985532661115	9.27	6.65	UFM1_dependent
742	0.5067385444743935	8.7	12.67	UFM1_dependent
528	0.5700757575757576	9.25	10.22	UFM1_dependent
528	0.6647727272727273	5.06	7.81	UFM1_dependent
1778	0.4415073115860517	8.88	9.94	UFM1_dependent
199	0.5025125628140703	7.36	3.25	UFM1_dependent
389	0.5501285347043702	8.23	-0.73	UFM1_dependent
384	0.5520833333333334	8.23	6.27	UFM1_dependent
4124	0.4224054316197866	10.57	10.75	UFM1_dependent
178	0.5617977528089888	7.59	8.96	UFM1_dependent
610	0.31311475409836065	8.55	5.72	UFM1_dependent
475	0.27578947368421053	10.65	10.36	UFM1_dependent
259	0.6911196911196911	7.22	3.36	UFM1_dependent
100	0.47	5.39	11.54	UFM1_dependent
261	0.5019157088122606	8.41	6.49	UFM1_dependent
914	0.4562363238512035	8.59	6.86	UFM1_dependent
1396	0.5064469914040115	10.53	7.65	UFM1_dependent
263	0.5247148288973384	5.12	8.98	UFM1_dependent
287	0.5296167247386759	9.22	2.87	UFM1_dependent
323	0.6130030959752322	6.52	8.59	UFM1_dependent
451	0.5254988913525499	10.28	1.21	UFM1_dependent
101	0.5841584158415841	10.67	7.88	UFM1_dependent
548	0.4835766423357664	5.67	8.25	UFM1_dependent
572	0.35664335664335667	8.82	7.84	UFM1_dependent
78	0.6666666666666666	5.59	7.25	UFM1_dependent
611	0.5106382978723404	9.09	5.91	UFM1_dependent
1555	0.42636655948553054	-1.44	6.4	UFM1_dependent
114	0.5526315789473685	6.95	10.5	UFM1_dependent
647	0.5378670788253478	8.4	9.81	UFM1_dependent
179	0.5418994413407822	9.46	11.75	UFM1_dependent
83	0.3253012048192771	9.01	5.47	UFM1_dependent
186	0.553763440860215	-1.38	9.86	UFM1_dependent
54	0.5740740740740741	-2.9	10.02	UFM1_dependent
90	0.8	8.76	7.75	UFM1_dependent
123	0.6422764227642277	7.75	7.18	UFM1_dependent
317	0.5899053627760252	10.75	7.82	UFM1_dependent
460	0.5413043478260869	10.07	8.2	UFM1_dependent
881	0.3427922814982974	3.95	11.35	UFM1_dependent
200	0.525	8.56	9.86	UFM1_dependent
408	0.46078431372549017	2.48	4.82	UFM1_dependent
292	0.4965753424657534	6.84	5.83	UFM1_dependent
333	0.5195195195195195	8.55	10.63	UFM1_dependent
147	0.5170068027210885	-2.12	-3.29	UFM1_dependent
77	0.36363636363636365	10.28	8.23	UFM1_dependent
193	0.45595854922279794	7.82	8.07	UFM1_dependent
86	0.5581395348837209	10.03	10.05	UFM1_dependent
165	0.5333333333333333	9.99	4.58	UFM1_dependent
280	0.6071428571428571	11.08	8.02	UFM1_dependent
143	0.4125874125874126	0.5	6.11	UFM1_dependent
362	0.6132596685082873	6.92	9.56	UFM1_dependent
330	0.5787878787878787	8.85	-0.2	UFM1_dependent
258	0.6046511627906976	2.74	7.81	UFM1_dependent
157	0.6050955414012739	8.88	8.31	UFM1_dependent
522	0.5766283524904214	7.83	4.13	UFM1_dependent
485	0.44948453608247424	9.6	8.88	UFM1_dependent
1294	0.366306027820711	6.63	8.63	UFM1_dependent
213	0.6431924882629108	9.6	7.92	UFM1_dependent
2415	0.44679089026915114	3.63	12.34	UFM1_dependent
165	0.3393939393939394	0.86	5.68	UFM1_dependent
80	0.4	10.07	4.94	UFM1_dependent
86	0.32558139534883723	8.4	8.72	UFM1_dependent
94	0.5851063829787234	7.94	8.02	UFM1_dependent
395	0.6860759493670886	6.64	5.03	UFM1_dependent
352	0.6136363636363636	7.09	10.48	UFM1_dependent
387	0.3152454780361757	10.47	9.52	UFM1_dependent
79	0.5443037974683544	2.37	6.68	UFM1_dependent
1556	0.3380462724935733	9.11	7.43	UFM1_dependent
4233	0.42428537680132294	8.08	11.03	UFM1_dependent
545	0.3559633027522936	8.55	9.23	UFM1_dependent
93	0.3870967741935484	1.75	9.05	UFM1_dependent
101	0.6534653465346535	8.7	6.88	UFM1_dependent
107	0.6074766355140186	10.07	6.69	UFM1_dependent
86	0.627906976744186	10.67	10.41	UFM1_dependent
241	0.7427385892116183	8.06	9.91	UFM1_dependent
2148	0.5088454376163873	9.6	10.12	UFM1_dependent
122	0.47540983606557374	7.04	8.45	UFM1_dependent
382	0.7041884816753927	10.9	7.51	UFM1_dependent
256	0.765625	7.06	12.16	UFM1_dependent
114	0.5701754385964912	6.43	9.91	UFM1_dependent
511	0.31702544031311153	8.95	3.18	UFM1_dependent
278	0.6366906474820144	6.43	5.12	UFM1_dependent
84	0.6904761904761905	10.51	10.75	UFM1_dependent
136	0.5955882352941176	3.41	5.73	UFM1_dependent
284	0.44014084507042256	0.77	8.17	UFM1_dependent
85	0.7411764705882353	4.44	9.21	UFM1_dependent
321	0.6137071651090342	7.2	10.69	UFM1_dependent
95	0.3368421052631579	7.76	5.63	UFM1_dependent
599	0.5525876460767947	9.24	2.98	UFM1_dependent
539	0.47680890538033394	6.99	6.87	UFM1_dependent
80	0.275	9.3	10.04	UFM1_dependent
413	0.48668280871670705	5.13	10.68	UFM1_dependent
101	0.4752475247524752	6.04	7.15	UFM1_dependent
1104	0.36231884057971014	3.1	5.46	UFM1_dependent
405	0.6222222222222222	1.7	9.85	UFM1_dependent
5665	0.442188879082083	11.08	10.06	UFM1_dependent
1026	0.48050682261208577	6.23	9.09	UFM1_dependent
159	0.6792452830188679	3.58	8.91	UFM1_dependent
492	0.4186991869918699	10.06	3.01	UFM1_dependent
80	0.575	7.36	7.82	UFM1_dependent
68	0.6764705882352942	8.16	7.9	UFM1_dependent
317	0.6025236593059937	8.68	13.79	UFM1_dependent
2190	0.4552511415525114	6.44	4.73	UFM1_dependent
431	0.5498839907192575	8.66	9.89	UFM1_dependent
475	0.4421052631578947	7.82	10.85	UFM1_dependent
140	0.45	11.81	5.93	UFM1_dependent
284	0.5598591549295775	2.69	5.93	UFM1_dependent
1111	0.41944194419441944	9.16	3.6	UFM1_dependent
1621	0.3701418877236274	10.77	-0.13	UFM1_dependent
890	0.4640449438202247	9.16	5.52	UFM1_dependent
379	0.5620052770448549	0.43	9.05	UFM1_dependent
1981	0.5820292781423524	7.77	9.11	UFM1_dependent
105	0.7238095238095238	4.36	6.13	UFM1_dependent
317	0.583596214511041	9.88	5.86	UFM1_dependent
551	0.4646098003629764	8.17	10.74	UFM1_dependent
249	0.3453815261044177	10.19	6.53	UFM1_dependent
764	0.45549738219895286	10.06	9.32	UFM1_dependent
2037	0.3789887088856161	9.81	6.95	UFM1_dependent
705	0.6510638297872341	3.68	10.22	UFM1_dependent
85	0.2823529411764706	5.46	9.76	UFM1_dependent
3738	0.39539860888175493	5.19	5.25	UFM1_dependent
90	0.4777777777777778	9.14	9.33	UFM1_dependent
813	0.6260762607626076	9.27	7.53	UFM1_dependent
128	0.78125	10.03	8.51	UFM1_dependent
170	0.5823529411764706	7.75	8.36	UFM1_dependent
186	0.553763440860215	8.94	8.18	UFM1_dependent
947	0.4530095036958817	-6.21	-6.29	UFM1_dependent
459	0.6492374727668845	3.94	5.72	UFM1_dependent
415	0.4530120481927711	9.43	10.8	UFM1_dependent
378	0.5158730158730159	10.24	7.8	UFM1_dependent
687	0.33478893740902477	9.88	6.95	UFM1_dependent
510	0.6	7.0	10.73	UFM1_dependent
301	0.3023255813953488	5.2	4.87	UFM1_dependent
1288	0.42080745341614906	9.46	13.3	UFM1_dependent
219	0.639269406392694	3.28	11.13	UFM1_dependent
558	0.6129032258064516	7.73	10.72	UFM1_dependent
596	0.46812080536912754	9.26	11.5	UFM1_dependent
1299	0.43494996150885296	-7.1	10.27	UFM1_dependent
853	0.36811254396248533	10.86	6.71	UFM1_dependent
73	0.7397260273972602	5.88	9.85	UFM1_dependent
1195	0.47782426778242676	11.81	7.52	UFM1_dependent
695	0.5453237410071943	9.88	7.14	UFM1_dependent
1479	0.33198106828938473	7.15	7.74	UFM1_dependent
83	0.5542168674698795	10.03	8.04	UFM1_dependent
1219	0.31747333880229694	8.88	7.16	UFM1_dependent
190	0.7421052631578947	4.09	8.95	UFM1_dependent
1507	0.6469807564698076	9.25	7.22	UFM1_dependent
1692	0.4373522458628842	7.79	3.54	UFM1_dependent
179	0.30726256983240224	8.07	9.15	UFM1_dependent
1103	0.514959202175884	7.4	9.4	UFM1_dependent
88	0.7727272727272727	8.23	9.92	UFM1_dependent
87	0.5862068965517241	5.4	8.37	UFM1_dependent
177	0.6497175141242938	10.77	-7.19	UFM1_dependent
164	0.6524390243902439	10.77	1.4	UFM1_dependent
269	0.5799256505576208	10.03	6.81	UFM1_dependent
3256	0.48863636363636365	8.68	8.89	UFM1_dependent
182	0.7362637362637363	10.03	8.9	UFM1_dependent
561	0.27450980392156865	7.8	6.49	UFM1_dependent
432	0.5254629629629629	3.53	4.9	UFM1_dependent
230	0.6826086956521739	7.75	9.89	UFM1_dependent
847	0.4025974025974026	8.55	9.07	UFM1_dependent
528	0.3522727272727273	10.9	5.21	UFM1_dependent
657	0.3607305936073059	6.36	-9.89	UFM1_dependent
215	0.5627906976744186	8.37	-1.69	UFM1_dependent
197	0.6091370558375635	8.27	10.55	UFM1_dependent
217	0.5253456221198156	9.68	10.39	UFM1_dependent
3217	0.34255517562946847	8.39	3.18	UFM1_dependent
471	0.47983014861995754	2.57	10.63	UFM1_dependent
378	0.5529100529100529	7.7	10.13	UFM1_dependent
89	0.8089887640449438	8.7	7.6	UFM1_dependent
219	0.6164383561643836	3.56	8.92	UFM1_dependent
336	0.30654761904761907	7.44	11.6	UFM1_dependent
3044	0.3639947437582129	10.65	3.58	UFM1_dependent
2041	0.3547280744732974	2.86	5.45	UFM1_dependent
87	0.45977011494252873	1.19	4.52	UFM1_dependent
77	0.2077922077922078	10.47	11.61	UFM1_dependent
257	0.6536964980544747	3.35	9.79	UFM1_dependent
108	0.6481481481481481	10.51	8.68	UFM1_dependent
653	0.47320061255742724	8.02	7.79	UFM1_dependent
701	0.47503566333808844	1.65	7.79	UFM1_dependent
892	0.5100896860986547	5.88	7.79	UFM1_dependent
2720	0.5084558823529411	9.6	5.74	UFM1_dependent
88	0.7272727272727273	6.37	9.8	UFM1_dependent
136	0.3897058823529412	7.13	9.84	UFM1_dependent
173	0.3699421965317919	3.26	5.74	UFM1_dependent
627	0.45454545454545453	1.65	10.06	UFM1_dependent
591	0.45346869712351945	1.69	10.06	UFM1_dependent
150	0.5533333333333333	-0.05	5.58	UFM1_dependent
134	0.5447761194029851	6.6	5.58	UFM1_dependent
143	0.5664335664335665	8.14	3.83	UFM1_dependent
960	0.4166666666666667	7.31	2.46	UFM1_dependent
851	0.5417156286721504	5.86	6.96	UFM1_dependent
120	0.2	10.15	9.26	UFM1_dependent
941	0.47927736450584485	8.63	10.73	UFM1_dependent
103	0.6796116504854369	7.03	9.09	UFM1_dependent
191	0.4397905759162304	2.59	9.52	UFM1_dependent
265	0.660377358490566	7.23	5.01	UFM1_dependent
136	0.6617647058823529	2.57	11.78	UFM1_dependent
1177	0.5930331350892099	9.6	5.1	UFM1_dependent
81	0.5679012345679012	6.36	8.84	UFM1_dependent
159	0.5408805031446541	7.84	9.47	UFM1_dependent
4630	0.3930885529157667	2.7	8.52	UFM1_dependent
103	0.6504854368932039	-14.95	11.5	UFM1_dependent
223	0.57847533632287	4.95	7.28	UFM1_dependent
510	0.44509803921568625	8.04	7.67	UFM1_dependent
334	0.6107784431137725	8.56	11.73	UFM1_dependent
276	0.6195652173913043	7.23	6.72	UFM1_dependent
537	0.5381750465549349	9.04	9.39	UFM1_dependent
1236	0.5048543689320388	6.71	-2.33	UFM1_dependent
745	0.5315436241610738	8.68	2.48	UFM1_dependent
2059	0.4764448761534726	10.28	10.18	UFM1_dependent
607	0.6128500823723229	5.87	3.43	UFM1_dependent
603	0.32338308457711445	11.08	9.14	UFM1_dependent
83	0.7108433734939759	7.93	6.58	UFM1_dependent
725	0.670344827586207	8.19	3.1	UFM1_dependent
1198	0.4749582637729549	9.72	5.57	UFM1_dependent
220	0.6409090909090909	3.82	8.38	UFM1_dependent
605	0.4512396694214876	4.05	10.12	UFM1_dependent
723	0.4384508990318119	6.3	9.65	UFM1_dependent
74	0.32432432432432434	10.57	9.23	UFM1_dependent
81	0.5679012345679012	9.48	10.23	UFM1_dependent
699	0.5579399141630901	7.41	9.41	UFM1_dependent
987	0.5805471124620061	7.41	6.13	UFM1_dependent
4243	0.38816874852698563	9.45	7.88	UFM1_dependent
2497	0.3500200240288346	10.06	-4.31	UFM1_dependent
183	0.5628415300546448	9.14	11.55	UFM1_dependent
122	0.3360655737704918	-0.15	10.65	UFM1_dependent
446	0.3901345291479821	5.19	11.02	UFM1_dependent
562	0.2900355871886121	9.26	6.84	UFM1_dependent
277	0.5523465703971119	5.49	6.21	UFM1_dependent
274	0.551094890510949	5.49	7.31	UFM1_dependent
87	0.5057471264367817	7.93	6.94	UFM1_dependent
503	0.5566600397614314	10.67	10.66	UFM1_dependent
118	0.5	2.95	10.96	UFM1_dependent
564	0.4432624113475177	8.83	7.96	UFM1_dependent
117	0.6837606837606838	9.1	8.34	UFM1_independent
701	0.6077032810271041	9.16	7.23	UFM1_independent
2236	0.5	5.84	5.36	UFM1_independent
303	0.41254125412541254	5.4	2.47	UFM1_independent
1387	0.5169430425378515	8.76	13.32	UFM1_independent
878	0.34054669703872437	11.0	5.34	UFM1_independent
1040	0.3230769230769231	8.88	-2.11	UFM1_independent
82	0.6585365853658537	9.85	5.81	UFM1_independent
302	0.6158940397350994	7.22	4.0	UFM1_independent
90	0.6444444444444445	10.17	6.41	UFM1_independent
73	0.7534246575342466	9.6	8.41	UFM1_independent
71	0.704225352112676	9.25	7.95	UFM1_independent
604	0.6440397350993378	10.07	10.05	UFM1_independent
2159	0.3765632237146827	9.45	8.69	UFM1_independent
114	0.631578947368421	8.44	9.98	UFM1_independent
384	0.4166666666666667	8.79	6.21	UFM1_independent
361	0.6426592797783933	9.16	6.18	UFM1_independent
569	0.671353251318102	4.94	7.9	UFM1_independent
502	0.5697211155378487	5.49	9.31	UFM1_independent
978	0.5879345603271984	8.93	12.19	UFM1_independent
75	0.6933333333333334	9.89	11.96	UFM1_independent
239	0.6317991631799164	9.88	10.61	UFM1_independent
443	0.5733634311512416	8.37	8.86	UFM1_independent
1174	0.5468483816013628	5.01	8.44	UFM1_independent
209	0.5550239234449761	9.46	5.9	UFM1_independent
114	0.7017543859649122	8.49	-0.13	UFM1_independent
71	0.704225352112676	10.03	7.37	UFM1_independent
180	0.6	6.99	9.76	UFM1_independent
236	0.7245762711864406	4.66	9.59	UFM1_independent
80	0.6375	10.07	4.3	UFM1_independent
447	0.3087248322147651	8.39	10.01	UFM1_independent
831	0.37184115523465705	7.76	7.3	UFM1_independent
202	0.7029702970297029	10.27	6.26	UFM1_independent
95	0.6842105263157895	9.1	10.09	UFM1_independent
541	0.5878003696857671	9.46	5.58	UFM1_independent
465	0.44516129032258067	2.62	6.02	UFM1_independent
267	0.6217228464419475	10.86	8.56	UFM1_independent
208	0.5625	6.15	5.97	UFM1_independent
645	0.5193798449612403	4.05	10.36	UFM1_independent
76	0.6447368421052632	8.73	7.77	UFM1_independent
414	0.5869565217391305	6.13	9.76	UFM1_independent
73	0.6164383561643836	9.27	9.5	UFM1_independent
667	0.5697151424287856	7.66	9.34	UFM1_independent
111	0.5405405405405406	8.02	4.96	UFM1_independent
88	0.625	10.49	5.12	UFM1_independent
76	0.75	8.7	6.31	UFM1_independent
108	0.6759259259259259	6.78	10.62	UFM1_independent
72	0.8055555555555556	9.6	5.95	UFM1_independent
1209	0.3854425144747725	9.25	8.96	UFM1_independent
946	0.39957716701902746	6.54	4.44	UFM1_independent
327	0.48623853211009177	9.48	11.07	UFM1_independent
633	0.6587677725118484	1.07	9.36	UFM1_independent
446	0.594170403587444	6.92	4.95	UFM1_independent
83	0.7108433734939759	7.13	7.77	UFM1_independent
429	0.6153846153846154	9.22	10.26	UFM1_independent
103	0.7087378640776699	6.03	5.24	UFM1_independent
541	0.6876155268022182	8.3	8.97	UFM1_independent
380	0.6605263157894737	8.05	12.62	UFM1_independent
465	0.3763440860215054	9.04	7.1	UFM1_independent
78	0.34615384615384615	7.56	6.42	UFM1_independent
103	0.47572815533980584	-3.12	10.18	UFM1_independent
269	0.3382899628252788	5.99	9.76	UFM1_independent
76	0.6578947368421053	10.17	8.26	UFM1_independent
331	0.6858006042296072	7.81	5.4	UFM1_independent
710	0.6281690140845071	8.23	4.78	UFM1_independent
5296	0.4407099697885196	6.84	8.61	UFM1_independent
81	0.5925925925925926	9.2	6.91	UFM1_independent
1051	0.6260704091341579	9.22	9.29	UFM1_independent
330	0.6121212121212121	8.67	12.86	UFM1_independent
128	0.5859375	7.96	8.93	UFM1_independent
939	0.5942492012779552	3.27	10.46	UFM1_independent
76	0.75	10.13	8.31	UFM1_independent
3663	0.31367731367731366	7.87	7.59	UFM1_independent
2372	0.342327150084317	9.79	9.52	UFM1_independent
412	0.5194174757281553	9.45	7.87	UFM1_independent
271	0.5535055350553506	4.22	9.03	UFM1_independent
251	0.5737051792828686	4.85	6.61	UFM1_independent
302	0.48013245033112584	6.14	11.95	UFM1_independent
274	0.5072992700729927	8.34	13.7	UFM1_independent
1591	0.41609050911376494	8.68	8.43	UFM1_independent
232	0.5129310344827587	-8.44	9.23	UFM1_independent
1806	0.34551495016611294	8.68	6.28	UFM1_independent
736	0.327445652173913	6.34	9.81	UFM1_independent
135	0.45185185185185184	8.68	6.04	UFM1_independent
236	0.5084745762711864	7.04	6.85	UFM1_independent
352	0.5340909090909091	9.3	8.97	UFM1_independent
1976	0.3734817813765182	8.17	10.11	UFM1_independent
4265	0.3671746776084408	8.38	6.83	UFM1_independent
6740	0.3805637982195846	8.54	6.82	UFM1_independent
267	0.27340823970037453	10.08	12.17	UFM1_independent
122	0.5327868852459017	10.65	7.61	UFM1_independent
132	0.6136363636363636	3.59	11.18	UFM1_independent
282	0.5354609929078015	9.66	6.06	UFM1_independent
424	0.5966981132075472	9.08	7.54	UFM1_independent
841	0.4423305588585018	1.31	9.95	UFM1_independent
71	0.6056338028169014	6.71	5.7	UFM1_independent
1706	0.45838218053927315	9.48	8.02	UFM1_independent
329	0.547112462006079	6.92	12.85	UFM1_independent
71	0.704225352112676	9.6	9.86	UFM1_independent
242	0.6115702479338843	10.28	9.59	UFM1_independent
297	0.696969696969697	5.26	4.6	UFM1_independent
308	0.5974025974025974	2.91	4.91	UFM1_independent
257	0.45525291828793774	10.9	8.43	UFM1_independent
1084	0.3496309963099631	9.65	7.79	UFM1_independent
133	0.6390977443609023	10.67	9.83	UFM1_independent
476	0.6533613445378151	8.17	9.94	UFM1_independent
208	0.6346153846153846	10.08	7.33	UFM1_independent
238	0.6638655462184874	6.91	9.58	UFM1_independent
108	0.6944444444444444	5.42	8.98	UFM1_independent
1520	0.4473684210526316	9.65	9.11	UFM1_independent
216	0.7268518518518519	8.48	1.77	UFM1_independent
152	0.6776315789473685	4.51	7.13	UFM1_independent
774	0.6524547803617571	7.81	8.72	UFM1_independent
884	0.6323529411764706	9.25	8.88	UFM1_independent
304	0.569078947368421	4.41	9.73	UFM1_independent
86	0.4883720930232558	8.14	4.9	UFM1_independent
349	0.6848137535816619	7.36	10.55	UFM1_independent
237	0.6666666666666666	8.38	2.99	UFM1_independent
1714	0.3057176196032672	7.97	6.92	UFM1_independent
3089	0.3525412754936873	7.4	9.12	UFM1_independent
2835	0.5876543209876544	10.28	9.23	UFM1_independent
254	0.49606299212598426	5.73	7.98	UFM1_independent
110	0.6636363636363637	7.42	4.63	UFM1_independent
2296	0.3554006968641115	8.4	8.42	UFM1_independent
228	0.618421052631579	10.07	-3.21	UFM1_independent
223	0.6188340807174888	10.07	9.23	UFM1_independent
414	0.39371980676328505	10.67	5.64	UFM1_independent
1986	0.350956696878147	8.0	2.98	UFM1_independent
108	0.5648148148148148	6.14	10.18	UFM1_independent
304	0.5230263157894737	8.68	4.9	UFM1_independent
89	0.6853932584269663	6.71	0.79	UFM1_independent
1429	0.40447865640307906	8.88	-2.63	UFM1_independent
122	0.3360655737704918	1.5	9.25	UFM1_independent
519	0.51252408477842	10.86	5.66	UFM1_independent
286	0.26573426573426573	5.79	8.87	UFM1_independent
102	0.6470588235294118	9.07	4.56	UFM1_independent
722	0.628808864265928	8.19	7.61	UFM1_independent
249	0.3614457831325301	8.54	5.2	UFM1_independent
143	0.6293706293706294	7.43	5.51	UFM1_independent
153	0.5686274509803921	10.44	6.12	UFM1_independent
1958	0.37538304392236976	8.14	7.75	UFM1_independent
3441	0.3327521069456553	5.69	7.97	UFM1_independent
372	0.34139784946236557	7.7	4.42	UFM1_independent
1827	0.4088669950738916	8.59	9.62	UFM1_independent
1899	0.459189046866772	11.08	10.75	UFM1_independent
2477	0.398465886152604	-0.98	9.18	UFM1_independent
104	0.7596153846153846	8.27	12.39	UFM1_independent
235	0.5276595744680851	7.52	7.72	UFM1_independent
1854	0.3640776699029126	9.89	11.22	UFM1_independent
478	0.6422594142259415	5.84	8.99	UFM1_independent
201	0.5174129353233831	7.13	7.02	UFM1_independent
166	0.3795180722891566	9.65	1.68	UFM1_independent
783	0.5517241379310345	6.84	8.55	UFM1_independent
341	0.34310850439882695	-6.16	5.42	UFM1_independent
1748	0.5509153318077803	7.04	7.11	UFM1_independent
79	0.3291139240506329	9.65	7.02	UFM1_independent
210	0.4857142857142857	10.86	3.44	UFM1_independent
187	0.49732620320855614	6.35	8.26	UFM1_independent
254	0.4645669291338583	9.31	1.96	UFM1_independent
194	0.6804123711340206	4.57	3.78	UFM1_independent
70	0.6142857142857143	7.77	10.05	UFM1_independent
352	0.5028409090909091	0.88	9.14	UFM1_independent
685	0.6773722627737226	10.28	11.5	UFM1_independent
93	0.5376344086021505	3.9	10.43	UFM1_independent
82	0.6219512195121951	7.93	11.89	UFM1_independent
222	0.5990990990990991	6.68	9.31	UFM1_independent
172	0.7151162790697675	-1.88	4.46	UFM1_independent
363	0.5206611570247934	10.65	11.94	UFM1_independent
537	0.48417132216014896	6.64	2.26	UFM1_independent
76	0.3157894736842105	7.84	8.07	UFM1_independent
280	0.5142857142857142	6.66	7.53	UFM1_independent
78	0.717948717948718	3.22	9.12	UFM1_independent
440	0.5795454545454546	11.08	8.61	UFM1_independent
170	0.5823529411764706	3.9	5.4	UFM1_independent
746	0.613941018766756	8.3	13.85	UFM1_independent
83	0.4578313253012048	8.14	9.73	UFM1_independent
75	0.5333333333333333	8.68	7.78	UFM1_independent
262	0.6221374045801527	3.33	11.2	UFM1_independent
302	0.6125827814569537	7.15	7.49	UFM1_independent
307	0.2996742671009772	5.37	9.94	UFM1_independent
1839	0.32735182164219684	6.49	9.94	UFM1_independent
205	0.47804878048780486	8.62	4.42	UFM1_independent
1195	0.5179916317991632	10.05	10.74	UFM1_independent
763	0.42070773263433814	9.49	5.97	UFM1_independent
403	0.5806451612903226	5.46	5.93	UFM1_independent
95	0.6736842105263158	8.73	9.32	UFM1_independent
278	0.5503597122302158	7.39	9.27	UFM1_independent
1618	0.43819530284301605	11.08	7.75	UFM1_independent
73	0.6164383561643836	5.84	10.12	UFM1_independent
225	0.5022222222222222	10.1	8.94	UFM1_independent
327	0.672782874617737	7.39	5.39	UFM1_independent
202	0.599009900990099	3.48	5.62	UFM1_independent
571	0.4448336252189142	7.93	7.62	UFM1_independent
2069	0.3407443209279845	7.52	11.75	UFM1_independent
239	0.698744769874477	6.34	8.64	UFM1_independent
83	0.40963855421686746	9.22	12.21	UFM1_independent
2455	0.5010183299389002	2.29	9.6	UFM1_independent
135	0.5925925925925926	8.92	1.48	UFM1_independent
288	0.5034722222222222	-2.15	4.86	UFM1_independent
185	0.4540540540540541	5.84	9.49	UFM1_independent
888	0.29842342342342343	5.06	5.91	UFM1_independent
909	0.5698569856985699	2.86	11.81	UFM1_independent
144	0.7638888888888888	4.8	6.17	UFM1_independent
95	0.6736842105263158	8.17	6.92	UFM1_independent
668	0.44011976047904194	10.16	8.27	UFM1_independent
2986	0.5371734762223711	8.68	10.66	UFM1_independent
104	0.5288461538461539	10.51	12.27	UFM1_independent
955	0.46910994764397906	11.08	8.06	UFM1_independent
613	0.4437194127243067	8.73	7.31	UFM1_independent
1251	0.5163868904876099	9.09	8.63	UFM1_independent
679	0.5434462444771723	8.49	9.21	UFM1_independent
315	0.5619047619047619	5.73	9.7	UFM1_independent
518	0.35714285714285715	8.24	10.33	UFM1_independent
611	0.37315875613747956	9.79	8.22	UFM1_independent
127	0.5433070866141733	5.19	10.0	UFM1_independent
100	0.5	7.61	7.86	UFM1_independent
750	0.344	7.15	11.35	UFM1_independent
75	0.5466666666666666	10.67	9.2	UFM1_independent
292	0.4794520547945205	8.92	4.89	UFM1_independent
67	0.7611940298507462	7.23	7.58	UFM1_independent
543	0.49171270718232046	7.54	8.12	UFM1_independent
137	0.7591240875912408	7.41	11.13	UFM1_independent
842	0.39667458432304037	8.92	7.62	UFM1_independent
787	0.5527318932655655	9.14	7.49	UFM1_independent
525	0.42095238095238097	7.07	7.98	UFM1_independent
187	0.6844919786096256	5.84	8.41	UFM1_independent
68	0.8088235294117647	7.4	-6.73	UFM1_independent
283	0.7243816254416962	8.07	6.28	UFM1_independent
191	0.7277486910994765	3.27	9.32	UFM1_independent
521	0.2571976967370441	9.55	7.75	UFM1_independent
192	0.5208333333333334	8.39	10.6	UFM1_independent
896	0.32924107142857145	9.33	8.1	UFM1_independent
1614	0.5142503097893433	10.17	4.54	UFM1_independent
159	0.5723270440251572	10.51	6.24	UFM1_independent
86	0.6976744186046512	-24.06	-15.03	UFM1_independent
952	0.4894957983193277	10.08	12.9	UFM1_independent
880	0.4738636363636364	8.66	10.24	UFM1_independent
286	0.534965034965035	7.77	6.59	UFM1_independent
148	0.6013513513513513	9.72	12.77	UFM1_independent
1216	0.35526315789473684	9.3	10.78	UFM1_independent
1787	0.4208170117515389	5.85	8.42	UFM1_independent
131	0.6259541984732825	9.45	9.55	UFM1_independent
555	0.4846846846846847	6.03	6.87	UFM1_independent
166	0.4819277108433735	8.92	11.23	UFM1_independent
1080	0.41388888888888886	10.47	6.63	UFM1_independent
76	0.8157894736842105	10.07	10.98	UFM1_independent
258	0.5038759689922481	4.34	11.6	UFM1_independent
298	0.46308724832214765	8.93	5.92	UFM1_independent
2732	0.5768667642752562	10.1	8.46	UFM1_independent
50	0.66	8.16	8.19	UFM1_independent
1788	0.3875838926174497	6.99	6.36	UFM1_independent
210	0.5619047619047619	4.94	10.01	UFM1_independent
87	0.6666666666666666	3.13	7.19	UFM1_independent
874	0.41418764302059496	5.46	10.85	UFM1_independent
583	0.5094339622641509	7.53	11.3	UFM1_independent
2760	0.4634057971014493	10.03	9.33	UFM1_independent
390	0.6435897435897436	10.03	5.73	UFM1_independent
1093	0.41903019213174747	10.45	10.28	UFM1_independent
441	0.5419501133786848	10.67	8.85	UFM1_independent
150	0.6333333333333333	9.22	9.82	UFM1_independent
91	0.6593406593406593	7.52	8.48	UFM1_independent
165	0.6121212121212121	9.85	10.15	UFM1_independent
209	0.4880382775119617	8.34	1.05	UFM1_independent
245	0.5877551020408164	-1.17	8.43	UFM1_independent
79	0.6075949367088608	10.77	10.06	UFM1_independent
246	0.6056910569105691	8.41	8.6	UFM1_independent
1276	0.29310344827586204	8.35	9.1	UFM1_independent
304	0.625	6.43	14.34	UFM1_independent
283	0.49469964664310956	6.84	6.72	UFM1_independent
536	0.292910447761194	6.38	1.86	UFM1_independent
273	0.5384615384615384	-4.38	6.4	UFM1_independent
162	0.5	1.88	5.33	UFM1_independent
545	0.3192660550458716	9.79	7.37	UFM1_independent
88	0.5454545454545454	8.98	3.19	UFM1_independent
107	0.5046728971962616	7.9	9.1	UFM1_independent
1444	0.40443213296398894	8.92	7.9	UFM1_independent
801	0.5031210986267166	3.33	7.0	UFM1_independent
79	0.6708860759493671	7.07	7.29	UFM1_independent
414	0.644927536231884	9.79	9.66	UFM1_independent
266	0.6466165413533834	3.77	9.24	UFM1_independent
695	0.5582733812949641	10.1	7.31	UFM1_independent
418	0.284688995215311	8.56	6.81	UFM1_independent
124	0.6451612903225806	6.71	5.9	UFM1_independent
302	0.6622516556291391	5.03	8.35	UFM1_independent
1254	0.474481658692185	10.08	10.13	UFM1_independent
178	0.5842696629213483	7.93	8.57	UFM1_independent
1034	0.7678916827852998	5.3	11.71	UFM1_independent
991	0.5983854692230071	8.7	7.32	UFM1_independent
460	0.5782608695652174	10.03	7.32	UFM1_independent
79	0.7721518987341772	7.23	9.46	UFM1_independent
131	0.6870229007633588	6.53	6.79	UFM1_independent
76	0.7105263157894737	9.88	9.84	UFM1_independent
1263	0.4758511480601742	10.08	5.46	UFM1_independent
798	0.5288220551378446	5.91	7.89	UFM1_independent
80	0.7125	10.9	12.14	UFM1_independent
1464	0.37363387978142076	8.04	10.86	UFM1_independent
1045	0.5578947368421052	9.81	9.08	UFM1_independent
4039	0.40356523892052487	10.08	8.38	UFM1_independent
2339	0.5528003420265071	10.67	12.13	UFM1_independent
472	0.7563559322033898	9.89	6.77	UFM1_independent
1144	0.46678321678321677	9.44	11.52	UFM1_independent
227	0.5066079295154186	9.16	7.91	UFM1_independent
228	0.6096491228070176	7.82	9.87	UFM1_independent
1024	0.3359375	9.88	1.22	UFM1_independent
285	0.4	3.94	-6.01	UFM1_independent
126	0.6666666666666666	9.01	6.83	UFM1_independent
98	0.7448979591836735	2.4	6.39	UFM1_independent
194	0.5979381443298969	6.25	9.64	UFM1_independent
1227	0.3284433577832111	7.96	9.3	UFM1_independent
81	0.32098765432098764	7.23	9.87	UFM1_independent
359	0.28690807799442897	6.56	4.89	UFM1_independent
3031	0.372484328604421	10.86	-5.4	UFM1_independent
280	0.5892857142857143	0.61	5.15	UFM1_independent
2141	0.4488556749182625	6.99	1.91	UFM1_independent
269	0.6394052044609665	8.28	5.29	UFM1_independent
241	0.7178423236514523	10.9	2.81	UFM1_independent
578	0.5588235294117647	3.25	7.9	UFM1_independent
442	0.5271493212669683	2.57	7.81	UFM1_independent
445	0.6359550561797753	0.35	9.15	UFM1_independent
118	0.7372881355932204	4.29	6.12	UFM1_independent
449	0.6726057906458798	7.09	6.12	UFM1_independent
407	0.6609336609336609	10.03	3.23	UFM1_independent
302	0.7086092715231788	9.25	8.96	UFM1_independent
287	0.3867595818815331	8.23	-4.09	UFM1_independent
146	0.4520547945205479	6.84	9.61	UFM1_independent
217	0.5529953917050692	8.05	5.36	UFM1_independent
243	0.5967078189300411	8.17	5.86	UFM1_independent
246	0.33739837398373984	5.49	3.86	UFM1_independent
281	0.3594306049822064	10.28	9.52	UFM1_independent
89	0.33707865168539325	10.11	5.96	UFM1_independent
366	0.3633879781420765	5.49	7.04	UFM1_independent
297	0.4006734006734007	5.52	8.09	UFM1_independent
373	0.6890080428954424	3.44	8.64	UFM1_independent
87	0.7126436781609196	7.93	-1.65	UFM1_independent
572	0.6171328671328671	7.66	9.84	UFM1_independent
73	0.6438356164383562	10.49	10.69	UFM1_independent
337	0.5905044510385756	0.6	10.87	UFM1_independent
5617	0.3238383478725298	8.91	7.7	UFM1_independent
450	0.6044444444444445	8.3	10.93	UFM1_independent
409	0.5501222493887531	4.08	11.76	UFM1_independent
171	0.4269005847953216	8.62	10.31	UFM1_independent
88	0.13636363636363635	8.88	8.7	UFM1_independent
126	0.5079365079365079	3.93	10.96	UFM1_independent
754	0.41379310344827586	7.82	4.49	UFM1_independent
6230	0.36918138041733545	8.14	9.88	UFM1_independent
249	0.6746987951807228	9.35	10.45	UFM1_independent
116	0.6379310344827587	5.27	9.55	UFM1_independent
89	0.651685393258427	2.22	2.65	UFM1_independent
340	0.6794117647058824	10.07	8.46	UFM1_independent
