ID...1.WT	GeneID	geneSymbol	chr.WT	strand.WT	longExonStart_0base.WT	longExonEnd.WT	shortES.WT	shortEE.WT	flankingES.WT	flankingEE.WT	ID...12.WT	IJC_SAMPLE_1.WT	SJC_SAMPLE_1.WT	IJC_SAMPLE_2.WT	SJC_SAMPLE_2.WT	IncFormLen.WT	SkipFormLen.WT	PValue.WT	FDR.WT	IncLevel1.WT	IncLevel2.WT	IncLevelDifference.WT	across_short_boundary_count.WT	long_to_flanking_count.WT	exclusive_to_long_count.WT	short_to_flanking_count.WT	event_type	ID	FDR_num.WT	dPSI_num.WT	mean_psi_ctrl.WT	mean_psi_case.WT	total_reads.WT	1stExonStart_0base.WT	1stExonEnd.WT	2ndExonStart_0base.WT	2ndExonEnd.WT	upstreamES.WT	upstreamEE.WT	downstreamES.WT	downstreamEE.WT	ID...14.WT	upstream_to_first_count.WT	first_to_downstream_count.WT	first_count.WT	upstream_to_second_count.WT	second_to_downstream_count.WT	second_count.WT	riExonStart_0base.WT	riExonEnd.WT	upstream_to_intron_count.WT	intron_to_downstream_count.WT	intron_count.WT	upstream_to_downstream_count.WT	exonStart_0base.WT	exonEnd.WT	upstream_to_target_count.WT	target_to_downstream_count.WT	target_count.WT	ID...1.UFM	chr.UFM	strand.UFM	longExonStart_0base.UFM	longExonEnd.UFM	shortES.UFM	shortEE.UFM	flankingES.UFM	flankingEE.UFM	ID...12.UFM	IJC_SAMPLE_1.UFM	SJC_SAMPLE_1.UFM	IJC_SAMPLE_2.UFM	SJC_SAMPLE_2.UFM	IncFormLen.UFM	SkipFormLen.UFM	PValue.UFM	FDR.UFM	IncLevel1.UFM	IncLevel2.UFM	IncLevelDifference.UFM	across_short_boundary_count.UFM	long_to_flanking_count.UFM	exclusive_to_long_count.UFM	short_to_flanking_count.UFM	FDR_num.UFM	dPSI_num.UFM	mean_psi_ctrl.UFM	mean_psi_case.UFM	total_reads.UFM	1stExonStart_0base.UFM	1stExonEnd.UFM	2ndExonStart_0base.UFM	2ndExonEnd.UFM	upstreamES.UFM	upstreamEE.UFM	downstreamES.UFM	downstreamEE.UFM	ID...14.UFM	upstream_to_first_count.UFM	first_to_downstream_count.UFM	first_count.UFM	upstream_to_second_count.UFM	second_to_downstream_count.UFM	second_count.UFM	riExonStart_0base.UFM	riExonEnd.UFM	upstream_to_intron_count.UFM	intron_to_downstream_count.UFM	intron_count.UFM	upstream_to_downstream_count.UFM	exonStart_0base.UFM	exonEnd.UFM	upstream_to_target_count.UFM	target_to_downstream_count.UFM	target_count.UFM	FDR	IncLevelDifference	chr	strand	riExonStart_0base	riExonEnd	upstreamES	upstreamEE	downstreamES	downstreamEE	inc_len_bp	exc_len_bp	inc_cds_overlap_bp	exc_cds_overlap_bp	inc_touches_cds	exc_touches_cds	inc_cds_overlap_mod3	exc_cds_overlap_mod3	delta_cds_overlap_bp	delta_cds_overlap_mod3	frameshift_candidate_inc	frameshift_candidate_delta	cds_overlap_bp	touches_cds	cds_overlap_mod3	frameshift_candidate	advanced_n_transcripts_matched	advanced_any_protein_pair	advanced_transcript_ids	inclusion_transcript_ids	exclusion_transcript_ids	advanced_overlaps_start_codon_any	advanced_overlaps_stop_codon_any	advanced_frameshift_any	advanced_frameshift_frac	advanced_nmd_proxy_any	RI_Position	Event_Position	dataset
19	ENSG00000196924	FLNA	chrX	-							19	6290,5734,6868	1184,1023,1340	10138,9613,11286	1070,960,1152	850	149	2.1368462555e-12	1.2599174268005768e-10	0.482,0.496,0.473	0.624,0.637,0.632	-0.147					RI	chrX|-|154350030|154351696|154350030|154350207|154350908|154351696	1.2599174268005768e-10	-0.147	0.4836666666666666	0.631	56658					154350030	154350207	154350908	154351696								154350030	154351696	1175,1125,1314,1847,1666,2075	960,801,919,1393,1457,1624	4155,3808,4635,6898,6490,7587	1184,1023,1340,1070,960,1152						19	chrX	-							19	5038,6085,7345	931,1474,1542	8945,7875,8977	957,932,1100	850	149	2.31314967181e-12	1.2253606024614548e-10	0.487,0.42,0.455	0.621,0.597,0.589	-0.148					1.2253606024614548e-10	-0.148	0.454	0.6023333333333333	51201					154350030	154350207	154350908	154351696								154350030	154351696	944,1020,1386,1653,1467,1764	718,859,1000,1318,1066,1202	3376,4206,4959,5974,5342,6011	931,1474,1542,957,932,1100						1.2599174268005768e-10	-0.147	X	-	154350030	154351696	154350030	154350207	154350908	154351696	1666	0	1820	0	True	False	2.0		1820	2	True	True	1820	True	2.0	True	1	False	ENST00000490936	ENST00000490936	ENST00000360319;ENST00000369850;ENST00000369856;ENST00000420627;ENST00000422373;ENST00000444578;ENST00000462590;ENST00000498411;ENST00000498491;ENST00000610817;ENST00000673639;ENST00000676696;ENST00000678304	False	False	False	0.0	False	3UTR	3UTR	UFM1_independent
97	ENSG00000186787	SPIN2B	chrX	-							97	31,48,17	2,0,4	41,2,7	0,0,0	452	149	0.00316983308644	0.0142712309001836	0.836,1.0,0.584	1.0,1.0,1.0	-0.193					RI	chrX|-|57119681|57120631|57119681|57120101|57120404|57120631	0.0142712309001836	-0.193	0.8066666666666666	1.0	152					57119681	57120101	57120404	57120631								57119681	57120631	4,3,0,6,0,1	2,0,0,0,1,0	25,45,17,35,1,6	2,0,4,0,0,0						97	chrX	-							97	24,13,45	7,0,1	11,10,5	0,0,0	452	149	0.000256308307762	0.0016643503984674	0.531,1.0,0.937	1.0,1.0,1.0	-0.177					0.0016643503984674	-0.177	0.8226666666666667	1.0	116					57119681	57120101	57120404	57120631								57119681	57120631	5,1,5,2,4,2	0,1,0,0,3,0	19,11,40,9,3,3	7,0,1,0,0,0						0.0142712309001836	-0.193	X	-	57119681	57120631	57119681	57120101	57120404	57120631	950	0	2979	0	True	False	0.0		2979	0	False	False	2979	True	0.0	False	1	True	ENST00000434397	ENST00000434397	ENST00000275988;ENST00000333933;ENST00000374910;ENST00000460948	True	True	False	0.0	False	CDS	CDS	UFM1_independent
130	ENSG00000215301	DDX3X	chrX	+							130	559,473,599	460,491,547	1066,860,1233	431,420,463	1027	149	1.11022302463e-16	1.2377977430965744e-14	0.15,0.123,0.137	0.264,0.229,0.279	-0.121					RI	chrX|+|41341483|41342653|41341483|41341616|41342494|41342653	1.2377977430965744e-14	-0.121	0.1366666666666666	0.2573333333333333	7602					41341483	41341616	41342494	41342653								41341483	41342653	94,92,89,209,131,214	66,81,93,199,138,200	399,300,417,658,591,819	460,491,547,431,420,463						130	chrX	+							130	454,354,713	508,586,400	1014,866,1104	363,321,316	1027	149	0.0	0.0	0.115,0.081,0.205	0.288,0.281,0.336	-0.168					0.0	-0.168	0.1336666666666666	0.3016666666666667	6999					41341483	41341616	41342494	41342653								41341483	41342653	104,52,128,181,151,292	69,30,83,183,96,188	281,272,502,650,619,624	508,586,400,363,321,316						1.2377977430965744e-14	-0.121	X	+	41341483	41342653	41341483	41341616	41342494	41342653	1170	0	7332	0	True	False	0.0		7332	0	False	False	7332	True	0.0	False	3	False	ENST00000642722;ENST00000645561;ENST00000646196	ENST00000642722;ENST00000645561;ENST00000646196	ENST00000399959;ENST00000441189;ENST00000457138;ENST00000478993;ENST00000542215;ENST00000610559;ENST00000611546;ENST00000615313;ENST00000615742;ENST00000622198;ENST00000625837;ENST00000626301;ENST00000629496;ENST00000629785;ENST00000630255;ENST00000630370;ENST00000630858;ENST00000631641;ENST00000642161;ENST00000642322;ENST00000642424;ENST00000642589;ENST00000642597;ENST00000642624;ENST00000642687;ENST00000642763;ENST00000642793;ENST00000643963;ENST00000644073;ENST00000644074;ENST00000644109;ENST00000644260;ENST00000644307;ENST00000644513;ENST00000644677;ENST00000644876;ENST00000644958;ENST00000645080;ENST00000645120;ENST00000645253;ENST00000645338;ENST00000645380;ENST00000645574;ENST00000645589;ENST00000645783;ENST00000646107;ENST00000646122;ENST00000646223;ENST00000646319;ENST00000646390;ENST00000646627;ENST00000646679;ENST00000646822;ENST00000646940;ENST00000647219;ENST00000647286	False	False	False	0.0	False	Stop_Codon	Stop_Codon	UFM1_independent
144	ENSG00000182220	ATP6AP2	chrX	+							144	49,40,27	0,8,0	24,62,64	0,0,0	1189	149	0.00231342677758	0.0110224809635746	1.0,0.385,1.0	1.0,1.0,1.0	-0.205					RI	chrX|+|40599591|40600881|40599591|40599741|40600781|40600881	0.0110224809635746	-0.205	0.795	1.0	274					40599591	40599741	40600781	40600881								40599591	40600881	4,3,7,10,24,11	14,11,2,6,24,11	31,26,18,8,14,42	0,8,0,0,0,0						144	chrX	+							144	31,72,53	0,0,0	24,48,41	10,0,0	1189	149	0.0052323153403	0.0210092768218561	1.0,1.0,1.0	0.231,1.0,1.0	0.256					0.0210092768218561	0.256	1.0	0.7436666666666667	279					40599591	40599741	40600781	40600881								40599591	40600881	0,6,0,5,22,15	9,22,6,0,0,0	22,44,47,19,26,26	0,0,0,10,0,0						0.0110224809635746	-0.205	X	+	40599591	40600881	40599591	40599741	40600781	40600881	1290	0	4076	0	True	False	2.0		4076	2	True	True	4076	True	2.0	True	1	False	ENST00000635829	ENST00000635829	ENST00000378438;ENST00000423649;ENST00000447485;ENST00000486558;ENST00000635734;ENST00000635774;ENST00000636196;ENST00000636251;ENST00000636287;ENST00000636409;ENST00000636574;ENST00000636580;ENST00000636639;ENST00000636787;ENST00000636970;ENST00000637019;ENST00000637140;ENST00000637165;ENST00000637327;ENST00000637482;ENST00000637526;ENST00000637614;ENST00000637793;ENST00000637930;ENST00000637955;ENST00000638046;ENST00000638153	False	False	False	0.0	False	CDS	CDS	UFM1_independent
317	ENSG00000166913	YWHAB	chr20	+							317	832,806,1038	82,110,104	1326,1448,2010	40,66,82	2308	149	1.1657341758599999e-14	1.035982893677322e-12	0.396,0.321,0.392	0.682,0.586,0.613	-0.257					RI	chr20|+|44901530|44904116|44901530|44901833|44903992|44904116	1.035982893677322e-12	-0.257	0.3696666666666667	0.627	7944					44901530	44901833	44903992	44904116								44901530	44904116	17,28,37,60,54,72	40,19,52,85,85,114	775,759,949,1181,1309,1824	82,110,104,40,66,82						317	chr20	+							317	501,771,894	100,139,115	1297,1060,1492	62,40,96	2308	149	2.33146835171e-15	2.011391053710956e-13	0.244,0.264,0.334	0.575,0.631,0.501	-0.288					2.011391053710956e-13	-0.288	0.2806666666666667	0.569	6567					44901530	44901833	44903992	44904116								44901530	44904116	32,38,28,57,41,70	30,22,46,109,74,72	439,711,820,1131,945,1350	100,139,115,62,40,96						1.035982893677322e-12	-0.257	20	+	44901530	44904116	44901530	44901833	44903992	44904116	2586	0	2059	0	True	False	1.0		2059	1	True	True	2059	True	1.0	True	1	False	ENST00000631616	ENST00000631616	ENST00000353703;ENST00000372839;ENST00000428262;ENST00000445830;ENST00000477896;ENST00000479421;ENST00000633979	False	False	False	0.0	False	Stop_Codon	Stop_Codon	UFM1_independent
342	ENSG00000101384	JAG1	chr20	-							342	46,16,27	2,9,0	9,6,28	0,0,0	533	149	7.05593215591e-05	0.0006017660080673	0.865,0.332,1.0	1.0,1.0,1.0	-0.268					RI	chr20|-|10648548|10649107|10648548|10648676|10649060|10649107	0.0006017660080673	-0.268	0.7323333333333333	1.0	143					10648548	10648676	10649060	10649107								10648548	10649107	13,6,17,3,0,7	7,0,0,0,0,5	26,10,10,6,6,16	2,9,0,0,0,0						342	chr20	-							342	18,6,2	0,0,0	17,4,7	0,4,2	533	149	4.58241267092e-05	0.000395331287424	1.0,1.0,1.0	1.0,0.218,0.495	0.429					0.000395331287424	0.429	1.0	0.571	60					10648548	10648676	10649060	10649107								10648548	10649107	18,6,2,17,3,3	0,0,0,0,1,2	0,0,0,0,0,2	0,0,0,0,4,2						0.0006017660080673	-0.268	20	-	10648548	10649107	10648548	10648676	10649060	10649107	559	0	316	0	True	False	1.0		316	1	True	True	316	True	1.0	True	1	False	ENST00000620743	ENST00000620743	ENST00000254958;ENST00000423891;ENST00000617965;ENST00000622545	False	False	False	0.0	False	CDS	CDS	UFM1_independent
1329	ENSG00000100241	SBF1	chr22	-							1329	4,4,4	113,58,104	22,19,16	37,97,93	232	149	1.39137724675e-08	3.454220759947773e-07	0.022,0.042,0.024	0.276,0.112,0.099	-0.133					RI	chr22|-|50467337|50467693|50467337|50467448|50467531|50467693	3.454220759947773e-07	-0.133	0.0293333333333333	0.1623333333333333	571					50467337	50467448	50467531	50467693								50467337	50467693	3,2,4,2,15,8	1,2,3,21,4,12	0,0,0,0,0,0	113,58,104,37,97,93						1329	chr22	-							1329	22,30,54	105,124,104	11,3,0	61,77,129	232	149	1.54035117994e-10	5.6720614485717445e-09	0.119,0.134,0.25	0.104,0.024,0.0	0.125					5.6720614485717445e-09	0.125	0.1676666666666666	0.0426666666666666	720					50467337	50467448	50467531	50467693								50467337	50467693	16,1,37,4,2,0	13,30,27,7,1,0	0,0,0,0,0,0	105,124,104,61,77,129						3.454220759947773e-07	-0.133	22	-	50467337	50467693	50467337	50467448	50467531	50467693	356	0	5875	0	True	False	1.0		5875	1	True	True	5875	True	1.0	True	1	False	ENST00000685180	ENST00000685180	ENST00000348911;ENST00000380817;ENST00000399627;ENST00000477234;ENST00000684986;ENST00000685809;ENST00000685960;ENST00000686222;ENST00000686421;ENST00000686427;ENST00000686801;ENST00000687016;ENST00000687340;ENST00000687704;ENST00000687878;ENST00000688066;ENST00000688124;ENST00000688848;ENST00000689129;ENST00000689981;ENST00000690155;ENST00000690369;ENST00000690990;ENST00000691233;ENST00000691344;ENST00000691792;ENST00000692076;ENST00000693052;ENST00000693440	False	False	False	0.0	False	3UTR	3UTR	UFM1_independent
1399	ENSG00000262152	GREP1	chr16	+							1399	0,0,6	12,4,4	9,12,7	0,0,2	578	149	4.93013707636e-09	1.4289941656391376e-07	0.0,0.0,0.279	1.0,1.0,0.474	-0.732					RI	chr16|+|2990086|2990587|2990086|2990122|2990551|2990587	1.4289941656391376e-07	-0.732	0.093	0.8246666666666667	56					2990086	2990122	2990551	2990587								2990086	2990587	0,0,2,3,0,5	0,0,0,6,2,2	0,0,4,0,10,0	12,4,4,0,0,2						1399	chr16	+							1399	7,7,13	0,8,0	2,4,3	7,8,2	578	149	0.000551029666558	0.0032120348999457	1.0,0.184,1.0	0.069,0.114,0.279	0.574					0.0032120348999457	0.574	0.728	0.154	61					2990086	2990122	2990551	2990587								2990086	2990587	0,0,0,0,2,0	7,2,9,2,2,3	0,5,4,0,0,0	0,8,0,7,8,2						1.4289941656391376e-07	-0.732	16	+	2990086	2990587	2990086	2990122	2990551	2990587	501	0	105	0	True	False	0.0		105	0	False	False	105	True	0.0	False	1	False	ENST00000572266	ENST00000572266	ENST00000571152;ENST00000573315;ENST00000573465	False	False	False	0.0	False	CDS	CDS	UFM1_independent
1539	ENSG00000174444	RPL4	chr15	-							1539	1373,1492,1609	436,562,699	1265,1612,2251	281,443,502	418	149	1.31492674937e-06	1.9243748990780047e-05	0.529,0.486,0.451	0.616,0.565,0.615	-0.11					RI	chr15|-|66500948|66501504|66500948|66501105|66501374|66501504	1.9243748990780047e-05	-0.11	0.4886666666666667	0.5986666666666667	12525					66500948	66501105	66501374	66501504								66500948	66501504	577,574,543,454,515,761	323,300,393,289,339,611	473,618,673,522,758,879	436,562,699,281,443,502						1539	chr15	-							1539	1011,1349,1780	514,595,660	1405,1546,1508	284,366,506	418	149	5.63800454356e-06	6.795989907895975e-05	0.412,0.447,0.49	0.638,0.601,0.515	-0.135					6.795989907895975e-05	-0.135	0.4496666666666666	0.5846666666666667	11524					66500948	66501105	66501374	66501504								66500948	66501504	295,452,586,429,469,572	233,317,437,399,377,338	483,580,757,577,700,598	514,595,660,284,366,506						1.9243748990780047e-05	-0.11	15	-	66500948	66501504	66500948	66501105	66501374	66501504	556	0	574	0	True	False	1.0		574	1	True	True	574	True	1.0	True	1	False	ENST00000567229	ENST00000567229	ENST00000307961;ENST00000561775;ENST00000563473;ENST00000564439;ENST00000564647;ENST00000566039;ENST00000568588;ENST00000569696	False	False	False	0.0	False	3UTR	3UTR	UFM1_independent
1698	ENSG00000086504	MRPL28	chr16	-							1698	189,126,243	97,141,140	177,194,216	64,78,47	859	149	2.60081280032e-05	0.0002597424119146	0.253,0.134,0.231	0.324,0.301,0.444	-0.15					RI	chr16|-|368500|370225|368500|369220|369930|370225	0.0002597424119146	-0.15	0.206	0.3563333333333333	1712					368500	369220	369930	370225								368500	370225	38,0,19,16,23,24	22,50,19,33,26,36	129,76,205,128,145,156	97,141,140,64,78,47						1698	chr16	-							1698	114,177,175	93,150,154	123,213,211	76,60,89	859	149	3.02569522748e-05	0.0002850810640347	0.175,0.17,0.165	0.219,0.381,0.291	-0.127					0.0002850810640347	-0.127	0.17	0.297	1635					368500	369220	369930	370225								368500	370225	16,15,21,17,57,32	23,48,50,25,20,23	75,114,104,81,136,156	93,150,154,76,60,89						0.0002597424119146	-0.15	16	-	368500	370225	368500	369220	369930	370225	1725	0	3456	0	True	False	0.0		3456	0	False	False	3456	True	0.0	False	1	False	ENST00000481453	ENST00000481453	ENST00000199706;ENST00000389675;ENST00000441883;ENST00000447696;ENST00000450882;ENST00000461550;ENST00000469744;ENST00000483764;ENST00000648346	False	False	False	0.0	False	NonCoding	NonCoding	UFM1_independent
1700	ENSG00000080815	PSEN1	chr14	+							1700	355,407,535	25,41,61	618,518,721	33,15,26	5445	149	5.18494191826e-06	6.569021455117835e-05	0.28,0.214,0.194	0.339,0.486,0.431	-0.189					RI	chr14|+|73206385|73211942|73206385|73206472|73211768|73211942	6.569021455117835e-05	-0.189	0.2293333333333333	0.4186666666666667	3355					73206385	73206472	73211768	73211942								73206385	73211942	0,23,16,5,0,11	5,1,4,17,17,27	350,383,515,596,501,683	25,41,61,33,15,26						1700	chr14	+							1700	339,391,358	52,43,79	563,538,474	11,27,30	5445	149	1.09751899946e-06	1.644644475865742e-05	0.151,0.199,0.11	0.583,0.353,0.302	-0.259					1.644644475865742e-05	-0.259	0.1533333333333333	0.4126666666666666	2905					73206385	73206472	73211768	73211942								73206385	73211942	0,0,6,17,20,6	0,9,28,19,16,31	339,382,324,527,502,437	52,43,79,11,27,30						6.569021455117835e-05	-0.189	14	+	73206385	73211942	73206385	73206472	73211768	73211942	5557	0	9329	0	True	False	2.0		9329	2	True	True	9329	True	2.0	True	1	False	ENST00000697913	ENST00000697913	ENST00000324501;ENST00000357710;ENST00000394164;ENST00000406768;ENST00000553599;ENST00000553855;ENST00000554131;ENST00000554995;ENST00000555386;ENST00000555867;ENST00000556066;ENST00000556951;ENST00000557293;ENST00000557511;ENST00000559361;ENST00000697912;ENST00000700265;ENST00000700266;ENST00000700267;ENST00000700268;ENST00000700269;ENST00000700270;ENST00000700271;ENST00000700272;ENST00000700273;ENST00000700302;ENST00000700303;ENST00000700304;ENST00000700305;ENST00000700306;ENST00000700307;ENST00000700308;ENST00000700309;ENST00000700310;ENST00000700311;ENST00000700312;ENST00000700313;ENST00000700314;ENST00000700315;ENST00000700316;ENST00000700317;ENST00000700318;ENST00000700319;ENST00000700320;ENST00000700321;ENST00000700322;ENST00000700323;ENST00000700324;ENST00000700375;ENST00000700377;ENST00000700378;ENST00000700379;ENST00000700389;ENST00000700390;ENST00000700391;ENST00000700404;ENST00000700433;ENST00000700434;ENST00000700435;ENST00000700436;ENST00000700437;ENST00000700467;ENST00000700468;ENST00000700469	False	False	False	0.0	False	CDS	CDS	UFM1_independent
1911	ENSG00000185624	P4HB	chr17	-							1911	2579,2361,2461	713,1524,1007	3311,3696,4937	579,648,876	1200	149	1.72990510805e-11	8.22308381594e-10	0.31,0.161,0.233	0.415,0.415,0.412	-0.179					RI	chr17|-|81843168|81845742|81843168|81844092|81845143|81845742	8.22308381594e-10	-0.179	0.2346666666666666	0.414	24692					81843168	81844092	81845143	81845742								81843168	81845742	176,171,211,267,242,370	216,201,272,319,370,405	2187,1989,1978,2725,3084,4162	713,1524,1007,579,648,876						1911	chr17	-							1911	2194,2641,3053	715,2096,1179	3113,3598,4013	741,624,807	1200	149	7.77361508497e-11	3.150661845512337e-09	0.276,0.135,0.243	0.343,0.417,0.382	-0.163					3.150661845512337e-09	-0.163	0.218	0.3806666666666666	24774					81843168	81844092	81845143	81845742								81843168	81845742	207,181,245,253,261,339	145,186,231,314,288,383	1842,2274,2577,2546,3049,3291	715,2096,1179,741,624,807						8.22308381594e-10	-0.179	17	-	81843168	81845742	81843168	81844092	81845143	81845742	2574	0	6212	0	True	False	2.0		6212	2	True	True	6212	True	2.0	True	1	False	ENST00000680368	ENST00000680368	ENST00000331483;ENST00000415593;ENST00000439918;ENST00000466567;ENST00000472244;ENST00000473021;ENST00000474712;ENST00000476482;ENST00000477607;ENST00000484286;ENST00000570907;ENST00000571507;ENST00000571617;ENST00000574914;ENST00000575069;ENST00000576390;ENST00000679366;ENST00000679396;ENST00000679439;ENST00000679455;ENST00000679470;ENST00000679628;ENST00000679688;ENST00000679889;ENST00000680076;ENST00000680083;ENST00000680105;ENST00000680191;ENST00000680208;ENST00000680226;ENST00000680259;ENST00000680400;ENST00000680416;ENST00000680547;ENST00000680559;ENST00000680593;ENST00000680719;ENST00000680732;ENST00000680799;ENST00000680838;ENST00000680846;ENST00000680847;ENST00000680884;ENST00000680909;ENST00000680914;ENST00000681020;ENST00000681030;ENST00000681031;ENST00000681068;ENST00000681161;ENST00000681259;ENST00000681420;ENST00000681485;ENST00000681515;ENST00000681566;ENST00000681571;ENST00000681614;ENST00000681693;ENST00000681760;ENST00000681835;ENST00000681872;ENST00000681933;ENST00000681954	False	False	False	0.0	False	Stop_Codon	Stop_Codon	UFM1_independent
1913	ENSG00000185624	P4HB	chr17	-							1913	957,899,1124	533,1059,758	1056,1427,1481	481,499,658	479	149	5.37240747989e-06	6.715642678657391e-05	0.358,0.209,0.316	0.406,0.471,0.412	-0.135					RI	chr17|-|81845143|81845742|81845143|81845230|81845560|81845742	6.715642678657391e-05	-0.135	0.2943333333333333	0.4296666666666666	10932					81845143	81845230	81845560	81845742								81845143	81845742	256,370,414,288,362,488	240,158,294,252,378,325	461,371,416,516,687,668	533,1059,758,481,499,658						1913	chr17	-							1913	1013,1019,1098	504,1612,880	1168,1301,1441	393,590,577	479	149	1.36287611411e-05	0.0001436371527593	0.385,0.164,0.28	0.48,0.407,0.437	-0.165					0.0001436371527593	-0.165	0.2763333333333333	0.4413333333333333	11596					81845143	81845230	81845560	81845742								81845143	81845742	329,315,348,374,375,415	215,289,259,291,342,328	469,415,491,503,584,698	504,1612,880,393,590,577						6.715642678657391e-05	-0.135	17	-	81845143	81845742	81845143	81845230	81845560	81845742	599	0	4781	0	True	False	2.0		4781	2	True	True	4781	True	2.0	True	4	False	ENST00000679366;ENST00000679396;ENST00000680105;ENST00000680719	ENST00000679366;ENST00000679396;ENST00000680105;ENST00000680719	ENST00000331483;ENST00000415593;ENST00000439918;ENST00000466567;ENST00000472244;ENST00000473021;ENST00000474712;ENST00000476482;ENST00000477607;ENST00000484286;ENST00000570907;ENST00000571507;ENST00000571617;ENST00000574914;ENST00000575069;ENST00000576390;ENST00000679439;ENST00000679455;ENST00000679470;ENST00000679628;ENST00000679688;ENST00000679889;ENST00000680076;ENST00000680083;ENST00000680191;ENST00000680208;ENST00000680226;ENST00000680259;ENST00000680368;ENST00000680400;ENST00000680416;ENST00000680547;ENST00000680559;ENST00000680593;ENST00000680732;ENST00000680799;ENST00000680838;ENST00000680846;ENST00000680847;ENST00000680884;ENST00000680909;ENST00000680914;ENST00000681020;ENST00000681030;ENST00000681031;ENST00000681068;ENST00000681161;ENST00000681259;ENST00000681420;ENST00000681485;ENST00000681515;ENST00000681566;ENST00000681571;ENST00000681614;ENST00000681693;ENST00000681760;ENST00000681835;ENST00000681872;ENST00000681933;ENST00000681954	False	False	False	0.0	False	CDS	CDS	UFM1_independent
1917	ENSG00000185624	P4HB	chr17	-							1917	198,145,266	367,761,477	248,369,391	264,324,400	277	149	3.16769943609e-11	1.417834521321451e-09	0.225,0.093,0.231	0.336,0.38,0.345	-0.171					RI	chr17|-|81845143|81845991|81845143|81845742|81845870|81845991	1.417834521321451e-09	-0.171	0.183	0.3536666666666667	4210					81845143	81845742	81845870	81845991								81845143	81845991	148,86,164,132,226,275	66,76,119,99,144,134	2,0,14,28,2,13	367,761,477,264,324,400						1917	chr17	-							1917	196,418,253	340,1030,601	264,331,288	257,375,394	277	149	3.15304893306e-10	1.1006510119508289e-08	0.237,0.179,0.185	0.356,0.322,0.282	-0.12					1.1006510119508289e-08	-0.12	0.2003333333333333	0.32	4747					81845143	81845742	81845870	81845991								81845143	81845991	114,200,147,136,177,181	85,183,121,139,169,130	15,56,0,0,0,4	340,1030,601,257,375,394						1.417834521321451e-09	-0.171	17	-	81845143	81845991	81845143	81845742	81845870	81845991	848	0	6891	0	True	False	0.0		6891	0	False	False	6891	True	0.0	False	7	False	ENST00000679628;ENST00000680208;ENST00000680547;ENST00000680559;ENST00000681259;ENST00000681835;ENST00000681954	ENST00000679628;ENST00000680208;ENST00000680547;ENST00000680559;ENST00000681259;ENST00000681835;ENST00000681954	ENST00000331483;ENST00000415593;ENST00000439918;ENST00000466567;ENST00000472244;ENST00000473021;ENST00000474712;ENST00000476482;ENST00000477607;ENST00000484286;ENST00000570907;ENST00000571507;ENST00000571617;ENST00000574007;ENST00000574914;ENST00000575069;ENST00000576390;ENST00000679366;ENST00000679396;ENST00000679439;ENST00000679455;ENST00000679470;ENST00000679688;ENST00000679889;ENST00000680076;ENST00000680083;ENST00000680105;ENST00000680191;ENST00000680226;ENST00000680259;ENST00000680368;ENST00000680400;ENST00000680416;ENST00000680593;ENST00000680719;ENST00000680732;ENST00000680799;ENST00000680838;ENST00000680846;ENST00000680847;ENST00000680884;ENST00000680909;ENST00000680914;ENST00000681020;ENST00000681030;ENST00000681031;ENST00000681068;ENST00000681161;ENST00000681420;ENST00000681485;ENST00000681515;ENST00000681566;ENST00000681571;ENST00000681614;ENST00000681693;ENST00000681760;ENST00000681872;ENST00000681933	False	False	False	0.0	False	CDS	CDS	UFM1_independent
1919	ENSG00000185624	P4HB	chr17	-							1919	790,853,594	244,488,243	1141,1013,1126	286,209,213	1088	149	1.12952733833e-08	2.8980174220249205e-07	0.307,0.193,0.251	0.353,0.399,0.42	-0.14					RI	chr17|-|81859180|81860520|81859180|81859387|81860326|81860520	2.8980174220249205e-07	-0.14	0.2503333333333333	0.3906666666666666	7200					81859180	81859387	81860326	81860520								81859180	81860520	193,253,169,226,221,202	32,38,9,44,30,35	565,562,416,871,762,889	244,488,243,286,209,213						1919	chr17	-							1919	854,1047,868	216,544,276	1281,1121,1212	144,227,233	1088	149	1.08011989324e-05	0.0001185971642777	0.351,0.209,0.301	0.549,0.403,0.416	-0.169					0.0001185971642777	-0.169	0.287	0.456	8023					81859180	81859387	81860326	81860520								81859180	81860520	176,223,169,243,283,192	24,26,27,53,44,32	654,798,672,985,794,988	216,544,276,144,227,233						2.8980174220249205e-07	-0.14	17	-	81859180	81860520	81859180	81859387	81860326	81860520	1340	0	11701	0	True	False	1.0		11701	1	True	True	11701	True	1.0	True	1	False	ENST00000680559	ENST00000680559	ENST00000331483;ENST00000415593;ENST00000439918;ENST00000466567;ENST00000467086;ENST00000471535;ENST00000472244;ENST00000570907;ENST00000571617;ENST00000573778;ENST00000574007;ENST00000574914;ENST00000575069;ENST00000576052;ENST00000576380;ENST00000576390;ENST00000576541;ENST00000679366;ENST00000679396;ENST00000679439;ENST00000679455;ENST00000679470;ENST00000679628;ENST00000679688;ENST00000679889;ENST00000680076;ENST00000680083;ENST00000680105;ENST00000680191;ENST00000680208;ENST00000680226;ENST00000680259;ENST00000680400;ENST00000680416;ENST00000680593;ENST00000680719;ENST00000680732;ENST00000680799;ENST00000680838;ENST00000680846;ENST00000680847;ENST00000680884;ENST00000680909;ENST00000680914;ENST00000681020;ENST00000681030;ENST00000681031;ENST00000681068;ENST00000681161;ENST00000681420;ENST00000681485;ENST00000681515;ENST00000681566;ENST00000681693;ENST00000681760;ENST00000681872;ENST00000681933	False	False	False	0.0	False	Stop_Codon	Stop_Codon	UFM1_independent
2066	ENSG00000198707	CEP290	chr12	-							2066	427,352,328	18,34,58	523,547,720	11,8,24	3812	149	1.3485283388e-05	0.0001453282209757	0.481,0.288,0.181	0.65,0.728,0.54	-0.323					RI	chr12|-|88102837|88106905|88102837|88103011|88106674|88106905	0.0001453282209757	-0.323	0.3166666666666666	0.6393333333333333	3050					88102837	88103011	88106674	88106905								88102837	88106905	20,9,12,15,45,37	16,3,10,10,4,15	391,340,306,498,498,668	18,34,58,11,8,24						2066	chr12	-							2066	328,381,465	12,28,23	450,519,562	10,6,2	3812	149	7.05377896992e-06	8.271411883368326e-05	0.517,0.347,0.441	0.638,0.772,0.917	-0.341					8.271411883368326e-05	-0.341	0.435	0.7756666666666667	2786					88102837	88103011	88106674	88106905								88102837	88106905	2,39,16,27,9,49	12,5,7,4,17,24	314,337,442,419,493,489	12,28,23,10,6,2						0.0001453282209757	-0.323	12	-	88102837	88106905	88102837	88103011	88106674	88106905	4068	0	4499	0	True	False	2.0		4499	2	True	True	4499	True	2.0	True	1	False	ENST00000676363	ENST00000676363	ENST00000309041;ENST00000547691;ENST00000552810;ENST00000604024;ENST00000672414;ENST00000672647;ENST00000673058;ENST00000674971;ENST00000675089;ENST00000675230;ENST00000675408;ENST00000675476;ENST00000675628;ENST00000675794;ENST00000675833;ENST00000676074;ENST00000676181;ENST00000676448	False	False	False	0.0	False	3UTR	3UTR	UFM1_independent
2204	ENSG00000075415	SLC25A3	chr12	+							2204	2583,2106,2668	136,180,176	2440,2718,3304	97,93,169	1740	149	0.000333714474997	0.0022600483283099	0.619,0.5,0.565	0.683,0.715,0.626	-0.113					RI	chr12|+|98593974|98595848|98593974|98594135|98595726|98595848	0.0022600483283099	-0.113	0.5613333333333334	0.6746666666666666	16670					98593974	98594135	98595726	98595848								98593974	98595848	130,125,114,123,93,195	243,235,357,261,311,296	2210,1746,2197,2056,2314,2813	136,180,176,97,93,169						2204	chr12	+							2204	1521,2495,2417	108,131,143	2422,2281,2525	100,86,83	1740	149	3.14093375176e-05	0.0002940790531299	0.547,0.62,0.591	0.675,0.694,0.723	-0.111					0.0002940790531299	-0.111	0.586	0.6973333333333334	14312					98593974	98594135	98595726	98595848								98593974	98595848	83,87,103,126,117,134	55,281,275,282,224,182	1383,2127,2039,2014,1940,2209	108,131,143,100,86,83						0.0022600483283099	-0.113	12	+	98593974	98595848	98593974	98594135	98595726	98595848	1874	0	3198	0	True	False	0.0		3198	0	False	False	3198	True	0.0	False	1	False	ENST00000546766	ENST00000546766	ENST00000188376;ENST00000228318;ENST00000401722;ENST00000547534;ENST00000547908;ENST00000548847;ENST00000549338;ENST00000550695;ENST00000551123;ENST00000551265;ENST00000551917;ENST00000552981	False	False	False	0.0	False	Stop_Codon	Stop_Codon	UFM1_independent
2271	ENSG00000131051	RBM39	chr20	-							2271	5405,4434,5641	141,62,172	7948,7062,10023	42,64,70	1955	149	1.22124532709e-15	1.227651859953423e-13	0.745,0.845,0.714	0.935,0.894,0.916	-0.147					RI	chr20|-|35738967|35740887|35738967|35739017|35740823|35740887	1.227651859953423e-13	-0.147	0.768	0.915	41064					35738967	35739017	35740823	35740887								35738967	35740887	636,562,860,1045,1053,1464	172,187,140,181,183,159	4597,3685,4641,6722,5826,8400	141,62,172,42,64,70						2271	chr20	-							2271	3433,4242,5221	87,163,190	7826,6402,7536	45,69,72	1955	149	0.0	0.0	0.75,0.665,0.677	0.93,0.876,0.889	-0.201					0.0	-0.201	0.6973333333333334	0.8983333333333333	35286					35738967	35739017	35740823	35740887								35738967	35740887	397,491,845,1190,877,1039	132,132,136,123,136,128	2904,3619,4240,6513,5389,6369	87,163,190,45,69,72						1.227651859953423e-13	-0.147	20	-	35738967	35740887	35738967	35739017	35740823	35740887	1920	0	2188	0	True	False	1.0		2188	1	True	True	2188	True	1.0	True	1	False	ENST00000463004	ENST00000463004	ENST00000253363;ENST00000338163;ENST00000361162;ENST00000374038;ENST00000397370;ENST00000403542;ENST00000412738;ENST00000416108;ENST00000416529;ENST00000425184;ENST00000426951;ENST00000429968;ENST00000433027;ENST00000434927;ENST00000442447;ENST00000444878;ENST00000449489;ENST00000453310;ENST00000455343;ENST00000461283;ENST00000461849;ENST00000463098;ENST00000477334;ENST00000481037;ENST00000487604;ENST00000493853;ENST00000528062;ENST00000639702;ENST00000656873;ENST00000665058	False	False	False	0.0	False	Stop_Codon	Stop_Codon	UFM1_independent
2280	ENSG00000064763	FAR2	chr12	+							2280	2,0,19	15,2,69	7,27,27	19,30,11	885	149	3.65862226098e-05	0.0003440900568148	0.022,0.0,0.044	0.058,0.132,0.292	-0.139					RI	chr12|+|29309185|29311950|29309185|29311146|29311882|29311950	0.0003440900568148	-0.139	0.022	0.1606666666666666	228					29309185	29311146	29311882	29311950								29309185	29311950	2,0,0,2,6,14	0,0,0,4,0,0	0,0,19,1,21,13	15,2,69,19,30,11						2280	chr12	+							2280	2,4,10	26,26,14	26,7,20	0,7,20	885	149	0.00145616483691	0.0072938376659434	0.013,0.025,0.107	1.0,0.144,0.144	-0.381					0.0072938376659434	-0.381	0.0483333333333333	0.4293333333333333	162					29309185	29311146	29311882	29311950								29309185	29311950	2,0,1,3,3,10	0,4,0,6,0,0	0,0,9,17,4,10	26,26,14,0,7,20						0.0003440900568148	-0.139	12	+	29309185	29311950	29309185	29311146	29311882	29311950	2765	0	2320	0	True	False	1.0		2320	1	True	True	2320	True	1.0	True	2	False	ENST00000689380;ENST00000690002	ENST00000689380;ENST00000690002	ENST00000182377;ENST00000536681;ENST00000547116;ENST00000547759;ENST00000551193;ENST00000551451;ENST00000685369;ENST00000686305;ENST00000686316;ENST00000686419;ENST00000686974;ENST00000689798;ENST00000690162;ENST00000691273;ENST00000691325;ENST00000692223;ENST00000693163	False	False	False	0.0	False	3UTR	3UTR	UFM1_independent
2321	ENSG00000111653	ING4	chr12	-							2321	161,62,128	12,34,21	29,52,63	1,4,0	501	149	0.000192257466714	0.0014169745022719	0.8,0.352,0.644	0.896,0.795,1.0	-0.298					RI	chr12|-|6652270|6652770|6652270|6652309|6652661|6652770	0.0014169745022719	-0.298	0.5986666666666667	0.897	567					6652270	6652309	6652661	6652770								6652270	6652770	92,23,45,21,35,42	20,16,50,5,0,10	49,23,33,3,17,11	12,34,21,1,4,0						2321	chr12	-							2321	73,117,136	1,3,15	16,43,12	8,9,5	501	149	1.15908327036e-05	0.0001260919067808	0.956,0.921,0.729	0.373,0.587,0.416	0.41					0.0001260919067808	0.41	0.8686666666666667	0.4586666666666666	438					6652270	6652309	6652661	6652770								6652270	6652770	28,30,74,14,17,12	11,53,23,2,6,0	34,34,39,0,20,0	1,3,15,8,9,5						0.0014169745022719	-0.298	12	-	6652270	6652770	6652270	6652309	6652661	6652770	500	0	1584	0	True	False	0.0		1584	0	False	False	1584	True	0.0	False	1	False	ENST00000484795	ENST00000484795	ENST00000341550;ENST00000396807;ENST00000412586;ENST00000423703;ENST00000437149;ENST00000444704;ENST00000446105;ENST00000467678;ENST00000469749;ENST00000472002;ENST00000479301;ENST00000482489;ENST00000486287;ENST00000488381;ENST00000493873;ENST00000619641	False	False	False	0.0	False	Start_Codon	Start_Codon	UFM1_independent
2432	ENSG00000042429	MED17	chr11	+							2432	569,524,729	98,96,154	669,647,1044	54,55,128	2125	149	7.20354112915e-07	1.177923045438608e-05	0.289,0.277,0.249	0.465,0.452,0.364	-0.155					RI	chr11|+|93809716|93812378|93809716|93809876|93811852|93812378	1.177923045438608e-05	-0.155	0.2716666666666666	0.427	4767					93809716	93809876	93811852	93812378								93809716	93812378	26,13,28,32,32,53	46,46,47,32,47,72	497,465,654,605,568,919	98,96,154,54,55,128						2432	chr11	+							2432	385,441,789	41,165,144	859,781,813	70,60,81	2125	149	6.24354919742e-05	0.0005150928087871	0.397,0.158,0.278	0.462,0.477,0.413	-0.173					0.0005150928087871	-0.173	0.2776666666666667	0.4506666666666666	4629					93809716	93809876	93811852	93812378								93809716	93812378	15,12,11,27,53,30	19,23,33,66,43,45	351,406,745,766,685,738	41,165,144,70,60,81						1.177923045438608e-05	-0.155	11	+	93809716	93812378	93809716	93809876	93811852	93812378	2662	0	1331	0	True	False	2.0		1331	2	True	True	1331	True	2.0	True	1	False	ENST00000640411	ENST00000640411	ENST00000251871;ENST00000507258;ENST00000525026;ENST00000525613;ENST00000529626;ENST00000533133;ENST00000638270;ENST00000638487;ENST00000638518;ENST00000638790;ENST00000639189;ENST00000639457;ENST00000639523;ENST00000639596;ENST00000639724;ENST00000640027;ENST00000640077;ENST00000640451;ENST00000640521;ENST00000640583;ENST00000640804	False	False	False	0.0	False	3UTR	3UTR	UFM1_independent
2434	ENSG00000109861	CTSC	chr11	-							2434	798,799,833	84,190,111	686,651,760	22,48,54	4414	149	6.59768574085e-06	7.886356522980935e-05	0.243,0.124,0.202	0.513,0.314,0.322	-0.193					RI	chr11|-|88296132|88300645|88296132|88296264|88300529|88300645	7.886356522980935e-05	-0.193	0.1896666666666666	0.383	5036					88296132	88296264	88300529	88300645								88296132	88300645	12,40,24,8,12,28	18,32,0,9,18,9	768,727,809,669,621,723	84,190,111,22,48,54						2434	chr11	-							2434	619,832,872	86,394,156	529,516,673	31,67,48	4414	149	2.0281977875e-08	4.947999661374133e-07	0.195,0.067,0.159	0.365,0.206,0.321	-0.157					4.947999661374133e-07	-0.157	0.1403333333333333	0.2973333333333333	4823					88296132	88296264	88300529	88300645								88296132	88300645	10,41,48,19,36,32	2,4,35,27,15,27	607,787,789,483,465,614	86,394,156,31,67,48						7.886356522980935e-05	-0.193	11	-	88296132	88300645	88296132	88296264	88300529	88300645	4513	0	1604	0	True	False	2.0		1604	2	True	True	1604	True	2.0	True	1	False	ENST00000533897	ENST00000533897	ENST00000227266;ENST00000527018;ENST00000676612;ENST00000677208;ENST00000677661;ENST00000677802;ENST00000678065;ENST00000678395;ENST00000678464;ENST00000678506;ENST00000678520;ENST00000678554;ENST00000678915;ENST00000679224	False	False	False	0.0	False	3UTR	3UTR	UFM1_independent
2435	ENSG00000109861	CTSC	chr11	-							2435	1148,993,1006	63,152,104	3191,2739,3861	24,57,58	6889	149	1.11022302463e-16	1.2377977430965744e-14	0.283,0.124,0.173	0.742,0.51,0.59	-0.421					RI	chr11|-|88328111|88335082|88328111|88328196|88334936|88335082	1.2377977430965744e-14	-0.421	0.1933333333333333	0.614	13396					88328111	88328196	88334936	88335082								88328111	88335082	32,73,49,106,108,177	23,3,8,33,48,45	1093,917,949,3052,2583,3639	63,152,104,24,57,58						2435	chr11	-							2435	847,915,1194	25,145,71	3393,2601,2754	53,110,32	6889	149	0.000462868347678	0.0027778932366859	0.423,0.12,0.267	0.581,0.338,0.651	-0.253					0.0027778932366859	-0.253	0.27	0.5233333333333333	12140					88328111	88328196	88334936	88335082								88328111	88335082	23,57,51,193,116,90	11,7,3,37,55,47	813,851,1140,3163,2430,2617	25,145,71,53,110,32						1.2377977430965744e-14	-0.421	11	-	88328111	88335082	88328111	88328196	88334936	88335082	6971	0	3194	0	True	False	2.0		3194	2	True	True	3194	True	2.0	True	1	False	ENST00000533865	ENST00000533865	ENST00000227266;ENST00000393301;ENST00000524463;ENST00000527018;ENST00000528020;ENST00000529974;ENST00000533897;ENST00000534131;ENST00000676529;ENST00000676612;ENST00000677106;ENST00000677208;ENST00000677468;ENST00000677661;ENST00000677796;ENST00000677802;ENST00000677877;ENST00000677976;ENST00000678395;ENST00000678464;ENST00000678506;ENST00000678520;ENST00000678554;ENST00000678915;ENST00000679032;ENST00000679199;ENST00000679224	False	False	False	0.0	False	3UTR	3UTR	UFM1_independent
2482	ENSG00000184154	LRRC51	chr11	+							2482	6,7,33	5,0,5	60,40,49	0,0,2	431	149	6.99221981262e-05	0.0005983987253704	0.293,1.0,0.695	1.0,1.0,0.894	-0.302					RI	chr11|+|72094947|72096895|72094947|72095096|72095378|72096895	0.0005983987253704	-0.302	0.6626666666666666	0.9646666666666668	207					72094947	72095096	72095378	72096895								72094947	72096895	3,3,16,24,6,15	0,1,9,0,4,16	3,3,8,36,30,18	5,0,5,0,0,2						2482	chr11	+							2482	13,5,25	0,0,0	35,53,109	0,22,0	431	149	0.00133468377078	0.006784642501465	1.0,1.0,1.0	1.0,0.454,1.0	0.182					0.006784642501465	0.182	1.0	0.8180000000000001	262					72094947	72095096	72095378	72096895								72094947	72096895	0,3,6,8,32,36	13,2,9,15,11,23	0,0,10,12,10,50	0,0,0,0,22,0						0.0005983987253704	-0.302	11	+	72094947	72096895	72094947	72095096	72095378	72096895	1948	0	2723	0	True	False	2.0		2723	2	True	True	2723	True	2.0	True	1	True	ENST00000324866	ENST00000324866	ENST00000289488;ENST00000412777;ENST00000423494;ENST00000440313;ENST00000535883;ENST00000536917;ENST00000538413;ENST00000538478;ENST00000539271;ENST00000539587;ENST00000541614;ENST00000542846;ENST00000642478;ENST00000642510;ENST00000642648;ENST00000644745;ENST00000645358;ENST00000647530	False	True	False	0.0	False	Stop_Codon	Stop_Codon	UFM1_independent
2630	ENSG00000168003	SLC3A2	chr11	+							2630	392,532,576	375,382,415	1366,1274,1548	462,515,588	990	149	3.9968028886499995e-15	3.7133932292730003e-13	0.136,0.173,0.173	0.308,0.271,0.284	-0.127					RI	chr11|+|62881892|62882999|62881892|62882066|62882907|62882999	3.7133932292730003e-13	-0.127	0.1606666666666666	0.2876666666666667	8425					62881892	62882066	62882907	62882999								62881892	62882999	55,67,51,104,136,106	118,168,131,299,304,400	219,297,394,963,834,1042	375,382,415,462,515,588						2630	chr11	+							2630	390,642,702	310,423,444	1483,1069,1296	424,420,441	990	149	7.793765632869999e-14	5.2883764783035874e-12	0.159,0.186,0.192	0.345,0.277,0.307	-0.131					5.2883764783035874e-12	-0.131	0.179	0.3096666666666666	8044					62881892	62882066	62882907	62882999								62881892	62882999	31,70,53,144,84,136	96,180,212,367,249,343	263,392,437,972,736,817	310,423,444,424,420,441						3.7133932292730003e-13	-0.127	11	+	62881892	62882999	62881892	62882066	62882907	62882999	1107	0	6224	0	True	False	2.0		6224	2	True	True	6224	True	2.0	True	1	False	ENST00000681563	ENST00000681563	ENST00000338663;ENST00000377889;ENST00000377890;ENST00000377891;ENST00000457660;ENST00000535296;ENST00000535768;ENST00000536981;ENST00000537508;ENST00000537839;ENST00000538084;ENST00000538682;ENST00000539458;ENST00000539891;ENST00000541425;ENST00000541649;ENST00000544377;ENST00000546253;ENST00000546312;ENST00000679594;ENST00000679908;ENST00000680002;ENST00000680134;ENST00000680297;ENST00000680610;ENST00000680631;ENST00000680654;ENST00000680725;ENST00000680729;ENST00000681107;ENST00000681215;ENST00000681232;ENST00000681467;ENST00000681569;ENST00000681657;ENST00000700482	False	False	False	0.0	False	Stop_Codon	Stop_Codon	UFM1_independent
2777	ENSG00000166436	TRIM66	chr11	-							2777	14,24,8	27,17,31	54,22,31	11,5,12	478	149	7.82210208827e-08	1.6370351537635372e-06	0.139,0.306,0.074	0.605,0.578,0.446	-0.37					RI	chr11|-|8647969|8648548|8647969|8648086|8648415|8648548	1.6370351537635372e-06	-0.37	0.173	0.5429999999999999	256					8647969	8648086	8648415	8648548								8647969	8648548	5,12,1,27,15,15	0,2,0,12,3,3	9,10,7,15,4,13	27,17,31,11,5,12						2777	chr11	-							2777	32,35,10	12,14,8	48,39,21	2,9,3	478	149	0.00200521097286	0.0094920218022793	0.454,0.438,0.28	0.882,0.575,0.686	-0.324					0.0094920218022793	-0.324	0.3906666666666666	0.7143333333333334	233					8647969	8648086	8648415	8648548								8647969	8648548	0,11,5,13,13,4	21,6,3,10,16,7	11,18,2,25,10,10	12,14,8,2,9,3						1.6370351537635372e-06	-0.37	11	-	8647969	8648548	8647969	8648086	8648415	8648548	579	0	1000	0	True	False	1.0		1000	1	True	True	1000	True	1.0	True	1	False	ENST00000705691	ENST00000705691	ENST00000481014;ENST00000525788;ENST00000529057;ENST00000531498;ENST00000646038;ENST00000705689;ENST00000705690	False	False	False	0.0	False	3UTR	3UTR	UFM1_independent
2982	ENSG00000077232	DNAJC10	chr2	+							2982	186,163,150	0,18,2	121,115,142	3,0,0	1233	149	0.0048566535499	0.0199604554745219	1.0,0.523,0.901	0.83,1.0,1.0	-0.135					RI	chr2|+|182717015|182718290|182717015|182717072|182718156|182718290	0.0199604554745219	-0.135	0.808	0.9433333333333334	900					182717015	182717072	182718156	182718290								182717015	182718290	13,0,0,0,6,0	93,67,80,34,45,67	80,96,70,87,64,75	0,18,2,3,0,0						2982	chr2	+							2982	114,212,184	12,24,3	114,121,124	1,4,1	1233	149	0.00158929918961	0.0078349206580039	0.534,0.516,0.881	0.932,0.785,0.937	-0.241					0.0078349206580039	-0.241	0.6436666666666667	0.8846666666666667	914					182717015	182717072	182718156	182718290								182717015	182718290	3,0,9,4,0,0	55,96,94,49,54,44	56,116,81,61,67,80	12,24,3,1,4,1						0.0199604554745219	-0.135	2	+	182717015	182718290	182717015	182717072	182718156	182718290	1275	0	2760	0	True	False	0.0		2760	0	False	False	2760	True	0.0	False	1	False	ENST00000640034	ENST00000640034	ENST00000264065;ENST00000418559;ENST00000469118;ENST00000491074;ENST00000537515;ENST00000616986;ENST00000650903;ENST00000679491;ENST00000679526;ENST00000679884;ENST00000680060;ENST00000680258;ENST00000680480;ENST00000680484;ENST00000680667;ENST00000681139;ENST00000681146;ENST00000681873	False	False	False	0.0	False	Start_Codon	Start_Codon	UFM1_independent
3047	ENSG00000170445	HARS1	chr5	-							3047	1276,1277,1582	198,191,232	1230,1591,1557	87,145,107	1669	149	4.98642238611e-10	1.85313588312888e-08	0.365,0.374,0.378	0.558,0.495,0.565	-0.167					RI	chr5|-|140675016|140676896|140675016|140675133|140676653|140676896	1.85313588312888e-08	-0.167	0.3723333333333333	0.5393333333333333	9473					140675016	140675133	140676653	140676896								140675016	140676896	113,188,198,210,218,248	127,118,161,98,94,107	1036,971,1223,922,1279,1202	198,191,232,87,145,107						3047	chr5	-							3047	1072,1377,1751	211,239,295	1167,1318,1173	85,128,143	1669	149	2.1515403017e-06	2.9462929437565303e-05	0.312,0.34,0.346	0.551,0.479,0.423	-0.152					2.9462929437565303e-05	-0.152	0.3326666666666666	0.4843333333333333	8959					140675016	140675133	140676653	140676896								140675016	140676896	159,181,176,159,233,160	43,119,169,119,98,91	870,1077,1406,889,987,922	211,239,295,85,128,143						1.85313588312888e-08	-0.167	5	-	140675016	140676896	140675016	140675133	140676653	140676896	1880	0	4320	0	True	False	0.0		4320	0	False	False	4320	True	0.0	False	1	False	ENST00000506579	ENST00000506579	ENST00000307633;ENST00000415192;ENST00000431330;ENST00000438307;ENST00000457527;ENST00000504156;ENST00000504366;ENST00000507746;ENST00000509087;ENST00000512396;ENST00000643686;ENST00000645491;ENST00000646229;ENST00000674523;ENST00000675094;ENST00000675204;ENST00000675355;ENST00000675366;ENST00000675698;ENST00000675763;ENST00000675827;ENST00000675851;ENST00000675898;ENST00000675967;ENST00000676327	False	False	False	0.0	False	3UTR	3UTR	UFM1_independent
3084	ENSG00000130304	SLC27A1	chr19	+							3084	48,26,25	16,0,1	12,20,68	0,0,0	365	149	1.24332553783e-05	0.0001344633544616	0.55,1.0,0.911	1.0,1.0,1.0	-0.18					RI	chr19|+|17486562|17487335|17486562|17486957|17487173|17487335	0.0001344633544616	-0.18	0.8203333333333334	1.0	216					17486562	17486957	17487173	17487335								17486562	17487335	21,5,4,6,5,1	22,17,16,6,15,66	5,4,5,0,0,1	16,0,1,0,0,0						3084	chr19	+							3084	31,25,78	0,0,2	39,43,36	2,0,10	365	149	0.000373319471654	0.0023170362685698	1.0,1.0,0.941	0.888,1.0,0.595	0.153					0.0023170362685698	0.153	0.9803333333333332	0.8276666666666667	266					17486562	17486957	17487173	17487335								17486562	17487335	17,11,14,35,25,9	12,12,53,4,18,21	2,2,11,0,0,6	0,0,2,2,0,10						0.0001344633544616	-0.18	19	+	17486562	17487335	17486562	17486957	17487173	17487335	773	0	1754	0	True	False	2.0		1754	2	True	True	1754	True	2.0	True	2	True	ENST00000600277;ENST00000600297	ENST00000600277;ENST00000600297	ENST00000252595;ENST00000598424;ENST00000599380	False	True	True	1.0	True	Start_Codon	Start_Codon	UFM1_independent
3104	ENSG00000011243	AKAP8L	chr19	-							3104	1033,1160,1121	251,222,276	1325,1128,1416	85,115,169	1033	149	5.59747803663e-10	2.0190432541538328e-08	0.373,0.43,0.369	0.692,0.586,0.547	-0.218					RI	chr19|-|15397713|15400358|15397713|15399410|15400294|15400358	2.0190432541538328e-08	-0.218	0.3906666666666666	0.6083333333333333	8301					15397713	15399410	15400294	15400358								15397713	15400358	109,143,164,128,121,144	281,291,260,401,295,424	643,726,697,796,712,848	251,222,276,85,115,169						3104	chr19	-							3104	1140,1314,1561	208,199,332	1202,1180,1263	106,158,135	1033	149	1.52563260221e-05	0.0001580325091723	0.442,0.488,0.404	0.621,0.519,0.574	-0.127					0.0001580325091723	-0.127	0.4446666666666666	0.5713333333333334	8798					15397713	15399410	15400294	15400358								15397713	15400358	177,190,224,116,178,184	304,284,362,287,251,297	659,840,975,799,751,782	208,199,332,106,158,135						2.0190432541538328e-08	-0.218	19	-	15397713	15400358	15397713	15399410	15400294	15400358	2645	0	3072	0	True	False	0.0		3072	0	False	False	3072	True	0.0	False	1	False	ENST00000681405	ENST00000681405	ENST00000397410;ENST00000593845;ENST00000594594;ENST00000594893;ENST00000595087;ENST00000595465;ENST00000595879;ENST00000596213;ENST00000596750;ENST00000599137;ENST00000600065;ENST00000609519;ENST00000679634;ENST00000679638;ENST00000680017;ENST00000680103;ENST00000680302;ENST00000680303;ENST00000680323;ENST00000680363;ENST00000680642;ENST00000680649;ENST00000680703;ENST00000680774;ENST00000680803;ENST00000680865;ENST00000680957;ENST00000681170;ENST00000681459;ENST00000681744	False	False	False	0.0	False	Stop_Codon	Stop_Codon	UFM1_independent
3172	ENSG00000138095	LRPPRC	chr2	-							3172	1278,1153,1329	245,267,356	1418,1618,2213	155,237,293	1863	149	7.33717864243e-09	2.0358180739991296e-07	0.294,0.257,0.23	0.423,0.353,0.377	-0.124					RI	chr2|-|43899465|43901524|43899465|43899605|43901319|43901524	2.0358180739991296e-07	-0.124	0.2603333333333333	0.3843333333333333	10562					43899465	43899605	43901319	43901524								43899465	43901524	457,323,351,419,398,656	59,89,80,123,86,112	762,741,898,876,1134,1445	245,267,356,155,237,293						3172	chr2	-							3172	774,1297,1383	167,310,286	1476,1563,1922	216,137,167	1863	149	4.02339090932e-08	9.192375598367852e-07	0.27,0.251,0.279	0.353,0.477,0.479	-0.17					9.192375598367852e-07	-0.17	0.2666666666666666	0.4363333333333333	9698					43899465	43899605	43901319	43901524								43899465	43901524	230,357,454,404,447,562	58,75,143,83,95,116	486,865,786,989,1021,1244	167,310,286,216,137,167						2.0358180739991296e-07	-0.124	2	-	43899465	43901524	43899465	43899605	43901319	43901524	2059	0	6211	0	True	False	1.0		6211	1	True	True	6211	True	1.0	True	1	False	ENST00000684743	ENST00000684743	ENST00000260665;ENST00000419884;ENST00000463456;ENST00000472420;ENST00000483489;ENST00000681993;ENST00000682303;ENST00000682308;ENST00000682434;ENST00000682480;ENST00000682546;ENST00000682585;ENST00000682595;ENST00000682607;ENST00000682612;ENST00000682779;ENST00000682845;ENST00000682885;ENST00000682933;ENST00000683002;ENST00000683072;ENST00000683080;ENST00000683125;ENST00000683213;ENST00000683220;ENST00000683329;ENST00000683346;ENST00000683409;ENST00000683459;ENST00000683528;ENST00000683590;ENST00000683623;ENST00000683645;ENST00000683796;ENST00000683802;ENST00000683833;ENST00000683994;ENST00000684290;ENST00000684306;ENST00000684341;ENST00000684383;ENST00000684418;ENST00000684454;ENST00000684619	False	False	False	0.0	False	Stop_Codon	Stop_Codon	UFM1_independent
3174	ENSG00000138095	LRPPRC	chr2	-							3174	761,636,617	78,67,80	1386,1126,1525	84,40,100	3238	149	1.03594540543e-05	0.0001146645708681	0.31,0.304,0.262	0.432,0.564,0.412	-0.177					RI	chr2|-|43957384|43960634|43957384|43957451|43960540|43960634	0.0001146645708681	-0.177	0.292	0.4693333333333333	6500					43957384	43957451	43960540	43960634								43957384	43960634	69,62,17,78,45,79	69,34,17,71,35,70	623,540,583,1237,1046,1376	78,67,80,84,40,100						3174	chr2	-							3174	506,760,578	56,134,104	1284,1207,1144	47,88,83	3238	149	2.43539978184e-07	4.525347471548234e-06	0.294,0.207,0.204	0.557,0.387,0.388	-0.209					4.525347471548234e-06	-0.209	0.235	0.444	5991					43957384	43957451	43960540	43960634								43957384	43960634	23,46,14,60,57,50	40,36,30,64,75,24	443,678,534,1160,1075,1070	56,134,104,47,88,83						0.0001146645708681	-0.177	2	-	43957384	43960634	43957384	43957451	43960540	43960634	3250	0	3501	0	True	False	0.0		3501	0	False	False	3501	True	0.0	False	1	False	ENST00000683802	ENST00000683802	ENST00000260665;ENST00000409659;ENST00000409946;ENST00000447246;ENST00000467058;ENST00000681959;ENST00000681961;ENST00000682104;ENST00000682303;ENST00000682308;ENST00000682480;ENST00000682546;ENST00000682585;ENST00000682595;ENST00000682607;ENST00000682779;ENST00000682885;ENST00000682933;ENST00000683072;ENST00000683082;ENST00000683125;ENST00000683213;ENST00000683220;ENST00000683329;ENST00000683346;ENST00000683459;ENST00000683590;ENST00000683623;ENST00000683645;ENST00000683694;ENST00000683796;ENST00000683833;ENST00000683934;ENST00000683989;ENST00000683994;ENST00000684290;ENST00000684306;ENST00000684341;ENST00000684383;ENST00000684482;ENST00000684619;ENST00000684743	False	False	False	0.0	False	Stop_Codon	Stop_Codon	UFM1_independent
3238	ENSG00000141551	CSNK1D	chr17	-							3238	5312,4992,4968	366,411,433	4232,4269,4282	178,210,196	2984	149	1.12555631482e-08	2.8980174220249205e-07	0.42,0.378,0.364	0.543,0.504,0.522	-0.136					RI	chr17|-|82245975|82249014|82245975|82246039|82248874|82249014	2.8980174220249205e-07	-0.136	0.3873333333333333	0.523	29849					82245975	82246039	82248874	82249014								82245975	82249014	284,218,156,145,150,195	172,113,169,162,118,135	4856,4661,4643,3925,4001,3952	366,411,433,178,210,196						3238	chr17	-							3238	3853,4826,5212	394,386,451	3982,3898,3474	193,252,185	2984	149	6.64779967852e-07	1.0705616602288606e-05	0.328,0.384,0.366	0.507,0.436,0.484	-0.116					1.0705616602288606e-05	-0.116	0.3593333333333333	0.4756666666666667	27106					82245975	82246039	82248874	82249014								82245975	82249014	140,215,121,156,103,111	131,122,137,143,114,98	3582,4489,4954,3683,3681,3265	394,386,451,193,252,185						2.8980174220249205e-07	-0.136	17	-	82245975	82249014	82245975	82246039	82248874	82249014	3039	0	556	0	True	False	1.0		556	1	True	True	556	True	1.0	True	1	False	ENST00000581241	ENST00000581241	ENST00000269361;ENST00000314028;ENST00000392334;ENST00000398519;ENST00000403276;ENST00000577578;ENST00000578501;ENST00000580565;ENST00000580784;ENST00000581737;ENST00000584377;ENST00000584672	False	False	False	0.0	False	3UTR	3UTR	UFM1_independent
3316	ENSG00000181163	NPM1	chr5	+							3316	4490,4077,5381	399,360,535	5024,5523,7516	265,322,454	2445	149	2.49657913676e-07	4.556256924587e-06	0.407,0.408,0.38	0.536,0.511,0.502	-0.118					RI	chr5|+|171405301|171407774|171405301|171405403|171407699|171407774	4.556256924587e-06	-0.118	0.3983333333333333	0.5163333333333333	34346					171405301	171405403	171407699	171407774								171405301	171407774	126,92,155,175,128,228	254,186,260,202,240,402	4110,3799,4966,4647,5155,6886	399,360,535,265,322,454						3316	chr5	+							3316	2991,4275,4854	341,496,524	4913,5445,5990	263,294,460	2445	149	5.35755495523e-09	1.4573997466051337e-07	0.348,0.344,0.361	0.532,0.53,0.442	-0.15					1.4573997466051337e-07	-0.15	0.351	0.5013333333333334	30846					171405301	171405403	171407699	171407774								171405301	171407774	75,124,113,159,205,182	214,203,199,201,358,333	2702,3948,4542,4553,4882,5475	341,496,524,263,294,460						4.556256924587e-06	-0.118	5	+	171405301	171407774	171405301	171405403	171407699	171407774	2473	0	1825	0	True	False	1.0		1825	1	True	True	1825	True	1.0	True	1	False	ENST00000676625	ENST00000676625	ENST00000296930;ENST00000351986;ENST00000393820;ENST00000517671;ENST00000518587;ENST00000519955;ENST00000521260;ENST00000521672;ENST00000524204;ENST00000676504;ENST00000676589;ENST00000676613;ENST00000677297;ENST00000677325;ENST00000677357;ENST00000677467;ENST00000677600;ENST00000677672;ENST00000677682;ENST00000677741;ENST00000677904;ENST00000677907;ENST00000678186;ENST00000678267;ENST00000678280;ENST00000678774;ENST00000679006;ENST00000679190;ENST00000679233	False	False	False	0.0	False	Stop_Codon	Stop_Codon	UFM1_independent
3342	ENSG00000153187	HNRNPU	chr1	-							3342	3098,2736,3106	304,232,315	5124,4679,6523	151,150,203	2135	149	0.0	0.0	0.416,0.451,0.408	0.703,0.685,0.692	-0.268					RI	chr1|-|244860334|244862534|244860334|244860474|244862460|244862534	0.0	-0.268	0.425	0.6933333333333334	26621					244860334	244860474	244862460	244862534								244860334	244862534	429,336,442,625,606,879	161,89,127,258,214,263	2508,2311,2537,4241,3859,5381	304,232,315,151,150,203						3342	chr1	-							3342	1858,2505,3018	273,291,410	4677,4138,4392	164,131,207	2135	149	0.0	0.0	0.322,0.375,0.339	0.666,0.688,0.597	-0.305					0.0	-0.305	0.3453333333333333	0.6503333333333333	22064					244860334	244860474	244862460	244862534								244860334	244862534	230,324,451,573,465,557	85,131,171,262,154,164	1543,2050,2396,3842,3519,3671	273,291,410,164,131,207						0.0	-0.268	1	-	244860334	244862534	244860334	244860474	244862460	244862534	2200	0	2855	0	True	False	2.0		2855	2	True	True	2855	True	2.0	True	2	False	ENST00000476241;ENST00000638952	ENST00000476241;ENST00000638952	ENST00000283179;ENST00000366525;ENST00000440865;ENST00000444376;ENST00000465881;ENST00000638230;ENST00000638301;ENST00000638475;ENST00000638589;ENST00000638716;ENST00000639628;ENST00000639667;ENST00000639880;ENST00000640001;ENST00000640056;ENST00000640218;ENST00000640306;ENST00000640440;ENST00000649899;ENST00000704074	False	False	False	0.0	False	Start_Codon	Start_Codon	UFM1_independent
3356	ENSG00000145020	AMT	chr3	-							3356	34,30,46	10,0,0	28,40,41	0,0,0	238	149	0.000477350940164	0.0030301407506062	0.68,1.0,1.0	1.0,1.0,1.0	-0.107					RI	chr3|-|49422103|49422451|49422103|49422271|49422360|49422451	0.0030301407506062	-0.107	0.8933333333333333	1.0	229					49422103	49422271	49422360	49422451								49422103	49422451	25,24,30,18,34,28	10,6,20,12,6,13	0,0,0,0,0,0	10,0,0,0,0,0						3356	chr3	-							3356	40,24,45	7,0,10	12,29,57	0,0,0	238	149	4.68513197238e-07	7.992517508814357e-06	0.782,1.0,0.738	1.0,1.0,1.0	-0.16					7.992517508814357e-06	-0.16	0.84	1.0	224					49422103	49422271	49422360	49422451								49422103	49422451	37,15,40,6,22,33	3,9,10,6,10,26	0,0,0,0,0,0	7,0,10,0,0,0						0.0030301407506062	-0.107	3	-	49422103	49422451	49422103	49422271	49422360	49422451	348	0	3222	0	True	False	0.0		3222	0	False	False	3222	True	0.0	False	1	False	ENST00000495436	ENST00000495436	ENST00000273588;ENST00000395338;ENST00000399379;ENST00000427987;ENST00000430521;ENST00000458307;ENST00000462048;ENST00000465925;ENST00000473163;ENST00000476127;ENST00000476226;ENST00000478594;ENST00000480957;ENST00000487589;ENST00000491800;ENST00000493046;ENST00000498571;ENST00000538581;ENST00000635772;ENST00000635808;ENST00000635889;ENST00000635936;ENST00000636023;ENST00000636070;ENST00000636148;ENST00000636199;ENST00000636522;ENST00000636587;ENST00000636597;ENST00000636725;ENST00000636803;ENST00000636865;ENST00000636871;ENST00000636978;ENST00000636991;ENST00000637059;ENST00000637114;ENST00000637268;ENST00000637291;ENST00000637455;ENST00000637457;ENST00000637682;ENST00000637684;ENST00000637821;ENST00000637914;ENST00000637982;ENST00000637994;ENST00000638063;ENST00000638092	False	False	False	0.0	False	5UTR	5UTR	UFM1_independent
3425	ENSG00000132141	CCT6B	chr17	-							3425	0,0,17	1,9,10	21,11,17	6,1,8	435	149	0.00109604036973	0.0059794657893099	0.0,0.0,0.368	0.545,0.79,0.421	-0.463					RI	chr17|-|34939182|34939713|34939182|34939330|34939616|34939713	0.0059794657893099	-0.463	0.1226666666666666	0.5853333333333334	101					34939182	34939330	34939616	34939713								34939182	34939713	0,0,0,3,0,5	0,0,14,10,5,2	0,0,3,8,6,10	1,9,10,6,1,8						3425	chr17	-							3425	0,0,11	2,15,12	12,32,28	11,10,22	435	149	0.000218342002485	0.0014683378095845	0.0,0.0,0.239	0.272,0.523,0.304	-0.287					0.0014683378095845	-0.287	0.0796666666666666	0.3663333333333333	155					34939182	34939330	34939616	34939713								34939182	34939713	0,0,1,0,4,0	0,0,0,10,18,4	0,0,10,2,10,24	2,15,12,11,10,22						0.0059794657893099	-0.463	17	-	34939182	34939713	34939182	34939330	34939616	34939713	531	0	735	0	True	False	0.0		735	0	False	False	735	True	0.0	False	1	False	ENST00000577307	ENST00000577307	ENST00000314144;ENST00000421975;ENST00000436961	False	False	False	0.0	False	3UTR	3UTR	UFM1_independent
3563	ENSG00000117632	STMN1	chr1	-							3563	1111,1316,1795	81,89,78	1293,1470,2556	58,40,91	2107	149	0.00146844033416	0.0075731506552305	0.492,0.511,0.619	0.612,0.722,0.665	-0.126					RI	chr1|-|25901490|25903813|25901490|25901682|25903640|25903813	0.0075731506552305	-0.126	0.5406666666666666	0.6663333333333333	9978					25901490	25901682	25903640	25903813								25901490	25903813	87,104,105,128,104,291	81,36,58,56,78,109	943,1176,1632,1109,1288,2156	81,89,78,58,40,91						3563	chr1	-							3563	790,1139,1687	65,71,125	1546,1283,1930	42,36,63	2107	149	1.57440727122e-11	7.32719564409758e-10	0.462,0.531,0.488	0.722,0.716,0.684	-0.214					7.32719564409758e-10	-0.214	0.4936666666666667	0.7073333333333334	8777					25901490	25901682	25903640	25903813								25901490	25903813	129,79,190,65,116,198	26,47,81,72,59,50	635,1013,1416,1409,1108,1682	65,71,125,42,36,63						0.0075731506552305	-0.126	1	-	25901490	25903813	25901490	25901682	25903640	25903813	2323	0	2069	0	True	False	2.0		2069	2	True	True	2069	True	2.0	True	1	False	ENST00000465604	ENST00000465604	ENST00000357865;ENST00000374291;ENST00000399728;ENST00000426559;ENST00000446334;ENST00000455785;ENST00000485226	False	False	False	0.0	False	NonCoding	NonCoding	UFM1_independent
3601	ENSG00000119707	RBM25	chr14	+							3601	12105,9951,11925	140,166,267	13959,12810,18646	46,32,81	3590	149	0.0	0.0	0.782,0.713,0.65	0.926,0.943,0.905	-0.21					RI	chr14|+|73099666|73103478|73099666|73099750|73103191|73103478	0.0	-0.21	0.715	0.9246666666666666	80128					73099666	73099750	73103191	73103478								73099666	73103478	485,250,311,429,304,458	889,895,1199,1140,1178,1634	10731,8806,10415,12390,11328,16554	140,166,267,46,32,81						3601	chr14	+							3601	7616,9095,11774	102,249,176	13491,12380,13039	54,84,50	3590	149	3.33066907388e-16	3.35231842286022e-14	0.756,0.603,0.735	0.912,0.859,0.915	-0.197					3.35231842286022e-14	-0.197	0.698	0.8953333333333333	68110					73099666	73099750	73103191	73103478								73099666	73103478	232,212,303,339,352,300	791,973,1262,1276,1158,1287	6593,7910,10209,11876,10870,11452	102,249,176,54,84,50						0.0	-0.21	14	+	73099666	73103478	73099666	73099750	73103191	73103478	3812	0	1057	0	True	False	1.0		1057	1	True	True	1057	True	1.0	True	1	False	ENST00000532683	ENST00000532683	ENST00000261973;ENST00000525321;ENST00000526754;ENST00000527432;ENST00000528081;ENST00000532192	False	False	False	0.0	False	Stop_Codon	Stop_Codon	UFM1_independent
3658	ENSG00000072274	TFRC	chr3	-							3658	249,202,163	114,123,83	513,317,522	162,66,106	1976	149	1.60680935224e-09	5.158615155987267e-08	0.141,0.11,0.129	0.193,0.266,0.271	-0.117					RI	chr3|-|196069454|196071498|196069454|196069568|196071395|196071498	5.158615155987267e-08	-0.117	0.1266666666666666	0.2433333333333333	2620					196069454	196069568	196071395	196071498								196069454	196071498	17,17,20,46,41,68	24,21,31,45,17,51	208,164,112,422,259,403	114,123,83,162,66,106						3658	chr3	-							3658	241,182,263	87,200,110	553,240,419	84,108,77	1976	149	5.49491095514e-06	6.650053558735564e-05	0.173,0.064,0.153	0.332,0.144,0.291	-0.126					6.650053558735564e-05	-0.126	0.13	0.2556666666666666	2564					196069454	196069568	196071395	196071498								196069454	196071498	38,26,26,33,33,54	25,27,22,94,17,58	178,129,215,426,190,307	87,200,110,84,108,77						5.158615155987267e-08	-0.117	3	-	196069454	196071498	196069454	196069568	196071395	196071498	2044	0	2081	0	True	False	2.0		2081	2	True	True	2081	True	2.0	True	1	False	ENST00000698292	ENST00000698292	ENST00000360110;ENST00000392396;ENST00000420415;ENST00000421258;ENST00000426789;ENST00000475593;ENST00000477148;ENST00000491658;ENST00000698274;ENST00000698275;ENST00000698280;ENST00000698281;ENST00000698282;ENST00000698283;ENST00000698284;ENST00000698285;ENST00000698286;ENST00000698287;ENST00000698288;ENST00000698289;ENST00000698290;ENST00000698291;ENST00000698293;ENST00000698294;ENST00000698295;ENST00000698296	False	False	False	0.0	False	Stop_Codon	Stop_Codon	UFM1_independent
3691	ENSG00000136068	FLNB	chr3	+							3691	759,543,937	79,115,197	807,665,1067	53,61,75	2048	149	3.65576731343e-06	4.810550464796729e-05	0.411,0.256,0.257	0.526,0.442,0.509	-0.184					RI	chr3|+|58130740|58132931|58130740|58130908|58132807|58132931	4.810550464796729e-05	-0.184	0.308	0.4923333333333333	5358					58130740	58130908	58132807	58132931								58130740	58132931	47,14,26,31,13,17	85,60,100,76,58,130	627,469,811,700,594,920	79,115,197,53,61,75						3691	chr3	+							3691	575,711,1064	189,200,171	846,804,880	38,44,66	2048	149	0.0	0.0	0.181,0.205,0.312	0.618,0.571,0.492	-0.328					0.0	-0.328	0.2326666666666666	0.5603333333333333	5588					58130740	58130908	58132807	58132931								58130740	58132931	6,19,33,26,25,29	59,63,121,80,82,124	510,629,910,740,697,727	189,200,171,38,44,66						4.810550464796729e-05	-0.184	3	+	58130740	58132931	58130740	58130908	58132807	58132931	2191	0	2323	0	True	False	1.0		2323	1	True	True	2323	True	1.0	True	1	False	ENST00000682868	ENST00000682868	ENST00000295956;ENST00000358537;ENST00000429972;ENST00000481470;ENST00000490882;ENST00000493452;ENST00000682297;ENST00000682871;ENST00000684506;ENST00000684607	False	False	False	0.0	False	CDS	CDS	UFM1_independent
3876	ENSG00000175110	MRPS22	chr3	+							3876	585,420,443	69,32,55	508,399,667	18,32,30	2003	149	0.00132498329937	0.006932421153359	0.387,0.494,0.375	0.677,0.481,0.623	-0.175					RI	chr3|+|139348159|139351060|139348159|139348324|139350178|139351060	0.006932421153359	-0.175	0.4186666666666667	0.5936666666666667	3258					139348159	139348324	139350178	139351060								139348159	139351060	71,17,52,23,28,21	66,61,50,21,30,64	448,342,341,464,341,582	69,32,55,18,32,30						3876	chr3	+							3876	255,363,463	26,83,53	411,494,502	5,25,36	2003	149	0.00019623072928	0.001340540015975	0.422,0.245,0.394	0.859,0.595,0.509	-0.301					0.001340540015975	-0.301	0.3536666666666667	0.6543333333333333	2716					139348159	139348324	139350178	139351060								139348159	139351060	4,28,32,19,12,28	50,17,37,56,28,30	201,318,394,336,454,444	26,83,53,5,25,36						0.006932421153359	-0.175	3	+	139348159	139351060	139348159	139348324	139350178	139351060	2901	0	4928	0	True	False	2.0		4928	2	True	True	4928	True	2.0	True	1	False	ENST00000692727	ENST00000692727	ENST00000310776;ENST00000465373;ENST00000466690;ENST00000478464;ENST00000480644;ENST00000480938;ENST00000483545;ENST00000486705;ENST00000492644;ENST00000495075;ENST00000498505;ENST00000680020;ENST00000684961;ENST00000686433;ENST00000687538;ENST00000688697;ENST00000689286;ENST00000689925;ENST00000690298;ENST00000691070;ENST00000693155	False	False	False	0.0	False	Stop_Codon	Stop_Codon	UFM1_independent
3992	ENSG00000135297	MTO1	chr6	+							3992	27,36,29	8,0,0	17,36,33	0,0,0	315	149	0.00169465999483	0.0085038094012254	0.615,1.0,1.0	1.0,1.0,1.0	-0.128					RI	chr6|+|73479935|73480367|73479935|73480126|73480292|73480367	0.0085038094012254	-0.128	0.8716666666666667	1.0	186					73479935	73480126	73480292	73480367								73479935	73480367	8,9,16,3,4,16	4,19,8,3,6,11	15,8,5,11,26,6	8,0,0,0,0,0						3992	chr6	+							3992	21,39,47	7,0,12	39,38,10	0,0,0	315	149	4.22616926232e-07	7.312847041590396e-06	0.587,1.0,0.649	1.0,1.0,1.0	-0.255					7.312847041590396e-06	-0.255	0.7453333333333333	1.0	213					73479935	73480126	73480292	73480367								73479935	73480367	5,14,24,17,8,8	16,19,10,2,7,2	0,6,13,20,23,0	7,0,12,0,0,0						0.0085038094012254	-0.128	6	+	73479935	73480367	73479935	73480126	73480292	73480367	432	0	5660	0	True	False	2.0		5660	2	True	True	5660	True	2.0	True	14	False	ENST00000462039;ENST00000487960;ENST00000679352;ENST00000679411;ENST00000679612;ENST00000679730;ENST00000679993;ENST00000680266;ENST00000680350;ENST00000680570;ENST00000680758;ENST00000680794;ENST00000681212;ENST00000681284	ENST00000462039;ENST00000487960;ENST00000679352;ENST00000679411;ENST00000679612;ENST00000679730;ENST00000679993;ENST00000680266;ENST00000680350;ENST00000680570;ENST00000680758;ENST00000680794;ENST00000681212;ENST00000681284	ENST00000370300;ENST00000370305;ENST00000370308;ENST00000415228;ENST00000415954;ENST00000442897;ENST00000445187;ENST00000466977;ENST00000498286;ENST00000521156;ENST00000522205;ENST00000523763;ENST00000524046;ENST00000679364;ENST00000679418;ENST00000679524;ENST00000679591;ENST00000679592;ENST00000679604;ENST00000679627;ENST00000679675;ENST00000679808;ENST00000679870;ENST00000679900;ENST00000679905;ENST00000679947;ENST00000680034;ENST00000680131;ENST00000680195;ENST00000680238;ENST00000680289;ENST00000680405;ENST00000680428;ENST00000680544;ENST00000680563;ENST00000680601;ENST00000680609;ENST00000680686;ENST00000680775;ENST00000680841;ENST00000680875;ENST00000680902;ENST00000681094;ENST00000681141;ENST00000681165;ENST00000681204;ENST00000681254;ENST00000681267;ENST00000681294;ENST00000681337;ENST00000681438;ENST00000681500;ENST00000681509;ENST00000681579;ENST00000681610;ENST00000681620;ENST00000681624;ENST00000681691;ENST00000681705;ENST00000681890;ENST00000681932	False	False	False	0.0	False	3UTR	3UTR	UFM1_independent
4019	ENSG00000119977	TCTN3	chr10	-							4019	17,20,33	16,41,9	16,19,37	0,2,1	490	149	6.68582633701e-09	1.8720313743628e-07	0.244,0.129,0.527	1.0,0.743,0.918	-0.587					RI	chr10|-|95683100|95683629|95683100|95683180|95683521|95683629	1.8720313743628e-07	-0.587	0.3	0.887	211					95683100	95683180	95683521	95683629								95683100	95683629	9,5,13,11,10,13	3,0,0,0,4,7	5,15,20,5,5,17	16,41,9,0,2,1						4019	chr10	-							4019	16,26,9	6,20,4	10,17,14	0,0,0	490	149	9.27036225562e-12	4.4786974129351336e-10	0.448,0.283,0.406	1.0,1.0,1.0	-0.621					4.4786974129351336e-10	-0.621	0.379	1.0	122					95683100	95683180	95683521	95683629								95683100	95683629	4,1,0,7,10,11	0,10,2,0,2,0	12,15,7,3,5,3	6,20,4,0,0,0						1.8720313743628e-07	-0.587	10	-	95683100	95683629	95683100	95683180	95683521	95683629	529	0	1515	0	True	False	0.0		1515	0	False	False	1515	True	0.0	False	1	False	ENST00000681739	ENST00000681739	ENST00000265993;ENST00000371209;ENST00000371217;ENST00000430368;ENST00000614499;ENST00000679485;ENST00000679984;ENST00000680144;ENST00000680353;ENST00000680697;ENST00000680709;ENST00000681928	False	False	False	0.0	False	Stop_Codon	Stop_Codon	UFM1_independent
4036	ENSG00000072110	ACTN1	chr14	-							4036	3596,2501,3586	423,362,394	4006,3562,4474	241,193,295	1897	149	5.5622173533699996e-14	4.547668908115312e-12	0.4,0.352,0.417	0.566,0.592,0.544	-0.178					RI	chr14|-|68877081|68879069|68877081|68877240|68878988|68879069	4.547668908115312e-12	-0.178	0.3896666666666666	0.5673333333333334	23633					68877081	68877240	68878988	68879069								68877081	68879069	341,240,304,321,297,298	166,50,119,129,165,163	3089,2211,3163,3556,3100,4013	423,362,394,241,193,295						4036	chr14	-							4036	2905,2710,3929	516,534,526	3511,3004,3512	226,122,227	1897	149	0.0	0.0	0.307,0.285,0.37	0.55,0.659,0.549	-0.265					0.0	-0.265	0.3206666666666666	0.5860000000000001	21722					68877081	68877240	68878988	68879069								68877081	68879069	218,231,280,268,309,335	119,103,125,153,135,113	2568,2376,3524,3090,2560,3064	516,534,526,226,122,227						4.547668908115312e-12	-0.178	14	-	68877081	68879069	68877081	68877240	68878988	68879069	1988	0	4089	0	True	False	0.0		4089	0	False	False	4089	True	0.0	False	1	False	ENST00000682378	ENST00000682378	ENST00000193403;ENST00000376839;ENST00000394419;ENST00000438964;ENST00000538545;ENST00000544964;ENST00000553290;ENST00000553882;ENST00000555075;ENST00000556083;ENST00000679147;ENST00000682130;ENST00000682291;ENST00000682298;ENST00000682331;ENST00000682381;ENST00000682522;ENST00000682559;ENST00000683069;ENST00000683198;ENST00000683225;ENST00000683267;ENST00000683342;ENST00000683780;ENST00000684146;ENST00000684182;ENST00000684287;ENST00000684340;ENST00000684598;ENST00000684638;ENST00000684639;ENST00000684713	False	False	False	0.0	False	CDS	CDS	UFM1_independent
4172	ENSG00000095066	HOOK2	chr19	-							4172	14,3,6	25,16,23	11,29,18	25,15,15	219	149	0.00615074683687	0.0240538135227594	0.276,0.113,0.151	0.23,0.568,0.449	-0.236					RI	chr19|-|12774668|12774897|12774668|12774741|12774811|12774897	0.0240538135227594	-0.236	0.18	0.4156666666666666	200					12774668	12774741	12774811	12774897								12774668	12774897	14,2,6,10,19,17	11,3,0,2,16,8	0,0,0,0,0,0	25,16,23,25,15,15						4172	chr19	-							4172	7,20,42	21,13,23	7,8,5	28,18,10	219	149	0.0099252225395	0.0351133092654015	0.185,0.511,0.554	0.145,0.232,0.254	0.206					0.0351133092654015	0.206	0.4166666666666667	0.2103333333333333	202					12774668	12774741	12774811	12774897								12774668	12774897	7,20,24,6,2,2	5,2,19,2,7,5	0,0,0,0,0,0	21,13,23,28,18,10						0.0240538135227594	-0.236	19	-	12774668	12774897	12774668	12774741	12774811	12774897	229	0	636	0	True	False	0.0		636	0	False	False	636	True	0.0	False	1	False	ENST00000586284	ENST00000586284	ENST00000264827;ENST00000397668;ENST00000586719;ENST00000587178;ENST00000589134;ENST00000589400;ENST00000589765;ENST00000589965;ENST00000590839;ENST00000591251;ENST00000591641;ENST00000592079;ENST00000592512;ENST00000592808;ENST00000593143;ENST00000678590	False	False	False	0.0	False	5UTR	5UTR	UFM1_independent
4322	ENSG00000096080	MRPS18A	chr6	-							4322	12,0,16	31,25,42	13,21,31	33,16,44	371	149	0.00262890251485	0.0121663624309888	0.135,0.0,0.133	0.137,0.345,0.221	-0.145					RI	chr6|-|43675201|43675617|43675201|43675271|43675493|43675617	0.0121663624309888	-0.145	0.0893333333333333	0.2343333333333333	284					43675201	43675271	43675493	43675617								43675201	43675617	0,0,16,0,3,6	12,0,0,2,18,20	0,0,0,11,0,5	31,25,42,33,16,44						4322	chr6	-							4322	12,20,5	21,14,10	10,4,8	51,18,27	371	149	0.000536838567778	0.0031414419678404	0.187,0.365,0.167	0.073,0.082,0.106	0.153					0.0031414419678404	0.153	0.2396666666666666	0.087	200					43675201	43675271	43675493	43675617								43675201	43675617	6,0,0,6,0,1	6,15,5,2,4,7	0,5,0,2,0,0	21,14,10,51,18,27						0.0121663624309888	-0.145	6	-	43675201	43675617	43675201	43675271	43675493	43675617	416	0	734	0	True	False	2.0		734	2	True	True	734	True	2.0	True	1	True	ENST00000427312	ENST00000427312	ENST00000372116;ENST00000372133	False	False	True	1.0	False	CDS	CDS	UFM1_independent
4349	ENSG00000184840	TMED9	chr5	+							4349	141,210,211	95,228,207	138,150,147	41,83,97	512	149	0.00117041649671	0.0062963595767652	0.302,0.211,0.229	0.495,0.345,0.306	-0.135					RI	chr5|+|177593649|177594285|177593649|177593775|177594138|177594285	0.0062963595767652	-0.135	0.2473333333333333	0.382	1748					177593649	177593775	177594138	177594285								177593649	177594285	9,22,37,15,16,12	9,42,13,16,15,24	123,146,161,107,119,111	95,228,207,41,83,97						4349	chr5	+							4349	170,204,328	96,342,229	154,229,182	46,56,161	512	149	0.00914091490105	0.0329171050014555	0.34,0.148,0.294	0.493,0.543,0.248	-0.167					0.0329171050014555	-0.167	0.2606666666666666	0.428	2197					177593649	177593775	177594138	177594285								177593649	177594285	4,20,57,6,13,11	42,44,24,26,36,47	124,140,247,122,180,124	96,342,229,46,56,161						0.0062963595767652	-0.135	5	+	177593649	177594285	177593649	177593775	177594138	177594285	636	0	273	0	True	False	0.0		273	0	False	False	273	True	0.0	False	1	False	ENST00000507723	ENST00000507723	ENST00000332598;ENST00000505521;ENST00000507578;ENST00000510499;ENST00000513799	False	False	False	0.0	False	NonCoding	NonCoding	UFM1_independent
4490	ENSG00000184661	CDCA2	chr8	+							4490	2,5,2	31,26,30	4,6,5	12,4,16	232	149	0.00280420379017	0.0128419549225709	0.04,0.11,0.041	0.176,0.491,0.167	-0.214					RI	chr8|+|25460239|25460554|25460239|25460300|25460383|25460554	0.0128419549225709	-0.214	0.0636666666666666	0.278	143					25460239	25460300	25460383	25460554								25460239	25460554	0,1,2,4,6,3	2,5,0,0,6,2	0,0,0,0,0,0	31,26,30,12,4,16						4490	chr8	+							4490	30,7,17	76,7,9	4,5,7	36,21,9	232	149	0.0107598775918	0.0376471035787255	0.202,0.391,0.548	0.067,0.133,0.333	0.203					0.0376471035787255	0.203	0.3803333333333333	0.1776666666666666	228					25460239	25460300	25460383	25460554								25460239	25460554	10,4,7,4,0,5	30,6,11,0,5,4	0,0,0,0,0,0	76,7,9,36,21,9						0.0128419549225709	-0.214	8	+	25460239	25460554	25460239	25460300	25460383	25460554	315	0	419	0	True	False	2.0		419	2	True	True	419	True	2.0	True	1	True	ENST00000380665	ENST00000380665	ENST00000330560;ENST00000518225	True	False	True	1.0	True	Start_Codon	Start_Codon	UFM1_independent
4615	ENSG00000115524	SF3B1	chr2	-							4615	1943,1487,1976	137,153,146	2856,2407,3308	52,51,143	1988	149	1.99480765239e-10	8.10076855924204e-09	0.515,0.421,0.504	0.805,0.78,0.634	-0.26					RI	chr2|-|197418508|197420542|197418508|197418588|197420427|197420542	8.10076855924204e-09	-0.26	0.48	0.7396666666666667	14659					197418508	197418588	197420427	197420542								197418508	197420542	189,152,187,214,197,216	130,93,158,241,185,287	1624,1242,1631,2401,2025,2805	137,153,146,52,51,143						4615	chr2	-							4615	1285,1424,1889	122,122,162	2722,1909,2360	112,61,85	1988	149	1.6209256159499997e-14	1.2390847841420316e-12	0.441,0.467,0.466	0.646,0.701,0.675	-0.216					1.2390847841420316e-12	-0.216	0.458	0.674	12253					197418508	197418588	197420427	197420542								197418508	197420542	82,126,232,176,130,223	83,122,121,217,202,217	1120,1176,1536,2329,1577,1920	122,122,162,112,61,85						8.10076855924204e-09	-0.26	2	-	197418508	197420542	197418508	197418588	197420427	197420542	2034	0	966	0	True	False	0.0		966	0	False	False	966	True	0.0	False	1	False	ENST00000470268	ENST00000470268	ENST00000335508;ENST00000409915;ENST00000414174;ENST00000414963;ENST00000482158;ENST00000487698;ENST00000652026;ENST00000652738	False	False	False	0.0	False	Stop_Codon	Stop_Codon	UFM1_independent
4707	ENSG00000135047	CTSL	chr9	+							4707	607,648,857	39,68,86	806,856,1063	15,16,52	1344	149	6.99014903738e-08	1.4729757352994557e-06	0.633,0.514,0.525	0.856,0.856,0.694	-0.245					RI	chr9|+|87726212|87727729|87726212|87726398|87727593|87727729	1.4729757352994557e-06	-0.245	0.5573333333333333	0.8019999999999999	5113					87726212	87726398	87727593	87727729								87726212	87727729	83,34,93,107,112,164	110,111,119,121,142,139	414,503,645,578,602,760	39,68,86,15,16,52						4707	chr9	+							4707	551,608,789	22,112,75	744,736,929	21,34,34	1344	149	0.00277197191406	0.0124831755324446	0.735,0.376,0.538	0.797,0.706,0.752	-0.202					0.0124831755324446	-0.202	0.5496666666666666	0.7516666666666667	4655					87726212	87726398	87727593	87727729								87726212	87727729	60,76,93,105,92,115	81,123,113,139,145,134	410,409,583,500,499,680	22,112,75,21,34,34						1.4729757352994557e-06	-0.245	9	+	87726212	87727729	87726212	87726398	87727593	87727729	1517	0	3024	0	True	False	0.0		3024	0	False	False	3024	True	0.0	False	1	False	ENST00000679252	ENST00000679252	ENST00000340342;ENST00000342020;ENST00000343150;ENST00000375894;ENST00000482054;ENST00000495822;ENST00000676466;ENST00000676480;ENST00000676531;ENST00000676576;ENST00000676769;ENST00000676881;ENST00000676909;ENST00000676946;ENST00000676961;ENST00000677019;ENST00000677262;ENST00000677345;ENST00000677349;ENST00000677523;ENST00000677615;ENST00000677638;ENST00000677761;ENST00000677821;ENST00000677864;ENST00000677935;ENST00000677955;ENST00000678259;ENST00000678367;ENST00000678442;ENST00000678596;ENST00000678599;ENST00000678649;ENST00000678654;ENST00000678752;ENST00000678965;ENST00000679025;ENST00000679028;ENST00000679030;ENST00000679141;ENST00000679149;ENST00000679157	False	False	False	0.0	False	5UTR	5UTR	UFM1_independent
4711	ENSG00000135047	CTSL	chr9	+							4711	594,503,714	319,594,524	748,732,904	208,265,409	912	149	1.0484196844e-09	3.558132668043514e-08	0.233,0.122,0.182	0.37,0.311,0.265	-0.136					RI	chr9|+|87728584|87729735|87728584|87728809|87729572|87729735	3.558132668043514e-08	-0.136	0.179	0.3153333333333333	6514					87728584	87728809	87729572	87729735								87728584	87729735	129,178,275,173,156,296	113,65,113,129,163,120	352,260,326,446,413,488	319,594,524,208,265,409						4711	chr9	+							4711	489,599,675	282,841,448	540,581,753	158,199,253	912	149	4.7184478546599994e-14	3.26089155678075e-12	0.221,0.104,0.198	0.358,0.323,0.327	-0.162					3.26089155678075e-12	-0.162	0.1743333333333333	0.336	5818					87728584	87728809	87729572	87729735								87728584	87729735	200,184,152,148,125,214	77,112,73,102,118,138	212,303,450,290,338,401	282,841,448,158,199,253						3.558132668043514e-08	-0.136	9	+	87728584	87729735	87728584	87728809	87729572	87729735	1151	0	7892	0	True	False	2.0		7892	2	True	True	7892	True	2.0	True	2	False	ENST00000677349;ENST00000677935	ENST00000677349;ENST00000677935	ENST00000340342;ENST00000342020;ENST00000343150;ENST00000375894;ENST00000482054;ENST00000495822;ENST00000676466;ENST00000676480;ENST00000676531;ENST00000676576;ENST00000676769;ENST00000676881;ENST00000676909;ENST00000676946;ENST00000676961;ENST00000677019;ENST00000677262;ENST00000677345;ENST00000677523;ENST00000677615;ENST00000677638;ENST00000677761;ENST00000677821;ENST00000677864;ENST00000677955;ENST00000678259;ENST00000678367;ENST00000678442;ENST00000678596;ENST00000678599;ENST00000678649;ENST00000678654;ENST00000678752;ENST00000678965;ENST00000679025;ENST00000679028;ENST00000679030;ENST00000679141;ENST00000679149;ENST00000679157;ENST00000679252	False	False	False	0.0	False	Stop_Codon	Stop_Codon	UFM1_independent
4759	ENSG00000127948	POR	chr7	+							4759	43,54,62	64,71,119	44,36,83	51,30,43	244	149	0.00151814341098	0.0077836583579676	0.291,0.317,0.241	0.345,0.423,0.541	-0.153					RI	chr7|+|75986158|75986855|75986158|75986241|75986336|75986855	0.0077836583579676	-0.153	0.283	0.4363333333333333	700					75986158	75986241	75986336	75986855								75986158	75986855	20,42,39,32,23,48	25,27,34,25,23,51	0,0,0,0,0,0	64,71,119,51,30,43						4759	chr7	+							4759	12,49,96	98,83,127	49,61,65	62,37,46	244	149	0.00019564482325	0.0013380510618422	0.07,0.265,0.316	0.326,0.502,0.463	-0.213					0.0013380510618422	-0.213	0.217	0.4303333333333333	785					75986158	75986241	75986336	75986855								75986158	75986855	4,36,68,34,35,44	8,24,54,33,28,38	0,0,0,0,0,0	98,83,127,62,37,46						0.0077836583579676	-0.153	7	+	75986158	75986855	75986158	75986241	75986336	75986855	697	0	1866	0	True	False	0.0		1866	0	False	False	1866	True	0.0	False	1	True	ENST00000394893	ENST00000394893	ENST00000412064;ENST00000439269;ENST00000447222;ENST00000454934;ENST00000461988;ENST00000475509;ENST00000493973;ENST00000706544;ENST00000706545;ENST00000706546;ENST00000706547	False	True	False	0.0	False	Stop_Codon	Stop_Codon	UFM1_independent
4842	ENSG00000117394	SLC2A1	chr1	-							4842	58,32,51	63,63,76	113,103,144	27,49,63	427	149	2.29442687072e-10	9.13599063068509e-09	0.243,0.151,0.19	0.594,0.423,0.444	-0.292					RI	chr1|-|42929209|42929780|42929209|42929314|42929592|42929780	9.13599063068509e-09	-0.292	0.1946666666666666	0.487	842					42929209	42929314	42929592	42929780								42929209	42929780	7,5,5,24,23,28	5,3,4,8,6,15	46,24,42,81,74,101	63,63,76,27,49,63						4842	chr1	-							4842	32,20,76	38,99,44	75,45,178	36,23,29	427	149	5.71987311812e-05	0.0004773720537021	0.227,0.066,0.376	0.421,0.406,0.682	-0.28					0.0004773720537021	-0.28	0.223	0.503	695					42929209	42929314	42929592	42929780								42929209	42929780	9,5,5,22,26,33	1,10,6,11,2,12	22,5,65,42,17,133	38,99,44,36,23,29						9.13599063068509e-09	-0.292	1	-	42929209	42929780	42929209	42929314	42929592	42929780	571	0	589	0	True	False	1.0		589	1	True	True	589	True	1.0	True	1	False	ENST00000675112	ENST00000675112	ENST00000426263;ENST00000475162;ENST00000630287;ENST00000669445;ENST00000674545;ENST00000674765;ENST00000676254	False	False	False	0.0	False	3UTR	3UTR	UFM1_independent
5111	ENSG00000133226	SRRM1	chr1	+							5111	1438,1105,1230	152,258,277	1388,1183,1637	103,114,60	2218	149	2.60635280549e-05	0.0002598724455815	0.389,0.223,0.23	0.475,0.411,0.647	-0.23					RI	chr1|+|24646666|24649029|24646666|24646789|24648858|24649029	0.0002598724455815	-0.23	0.2806666666666667	0.511	8945					24646666	24646789	24648858	24649029								24646666	24649029	38,41,35,31,49,50	106,106,109,121,84,202	1294,958,1086,1236,1050,1385	152,258,277,103,114,60						5111	chr1	+							5111	1154,1144,1327	140,227,282	1494,1339,1148	83,55,91	2218	149	1.16645693105e-10	4.458375573804398e-09	0.356,0.253,0.24	0.547,0.621,0.459	-0.259					4.458375573804398e-09	-0.259	0.283	0.5423333333333333	8484					24646666	24646789	24648858	24649029								24646666	24649029	33,28,57,47,37,31	70,104,145,130,94,102	1051,1012,1125,1317,1208,1015	140,227,282,83,55,91						0.0002598724455815	-0.23	1	+	24646666	24649029	24646666	24646789	24648858	24649029	2363	0	2466	0	True	False	0.0		2466	0	False	False	2466	True	0.0	False	1	False	ENST00000462710	ENST00000462710	ENST00000323848;ENST00000374389;ENST00000466910;ENST00000468822;ENST00000478890;ENST00000479034;ENST00000490543;ENST00000494934;ENST00000495561;ENST00000593639;ENST00000596378;ENST00000600523;ENST00000705662;ENST00000705663;ENST00000705681;ENST00000705682	False	False	False	0.0	False	Stop_Codon	Stop_Codon	UFM1_independent
5206	ENSG00000198563	DDX39B	chr6	-							5206	788,614,400	83,122,102	715,678,922	53,37,103	2604	149	0.00013447361313	0.0010517757598382	0.352,0.224,0.183	0.436,0.512,0.339	-0.176					RI	chr6|-|31532779|31535485|31532779|31532911|31535366|31535485	0.0010517757598382	-0.176	0.253	0.429	4617					31532779	31532911	31535366	31535485								31532779	31535485	193,168,187,164,173,254	406,297,90,384,334,415	189,149,123,167,171,253	83,122,102,53,37,103						5206	chr6	-							5206	631,797,1039	87,134,166	811,390,878	30,63,64	2604	149	0.0123639051627	0.0422555875934042	0.293,0.254,0.264	0.607,0.262,0.44	-0.166					0.0422555875934042	-0.166	0.2703333333333333	0.4363333333333333	5090					31532779	31532911	31535366	31535485								31532779	31535485	126,197,279,238,226,238	349,415,479,386,78,382	156,185,281,187,86,258	87,134,166,30,63,64						0.0010517757598382	-0.176	6	-	31532779	31535485	31532779	31532911	31535366	31535485	2706	0	1922	0	True	False	2.0		1922	2	True	True	1922	True	2.0	True	1	False	ENST00000462256	ENST00000462256	ENST00000376177;ENST00000396172;ENST00000417023;ENST00000419338;ENST00000427214;ENST00000428098;ENST00000431908;ENST00000456662;ENST00000458640;ENST00000481456;ENST00000482195;ENST00000484566	False	False	False	0.0	False	CDS	CDS	UFM1_independent
5232	ENSG00000084623	EIF3I	chr1	+							5232	162,85,167	159,178,162	435,441,570	245,170,207	437	149	1.37845290737e-11	6.70847081586733e-10	0.258,0.14,0.26	0.377,0.469,0.484	-0.224					RI	chr1|+|32224033|32224475|32224033|32224121|32224409|32224475	6.70847081586733e-10	-0.224	0.2193333333333333	0.4433333333333333	2981					32224033	32224121	32224409	32224475								32224033	32224475	27,33,39,93,106,130	27,13,22,79,87,92	108,39,106,263,248,348	159,178,162,245,170,207						5232	chr1	+							5232	145,172,180	94,154,224	434,357,349	210,169,255	437	149	0.000900129271498	0.0048534648844432	0.345,0.276,0.215	0.413,0.419,0.318	-0.105					0.0048534648844432	-0.105	0.2786666666666667	0.3833333333333333	2743					32224033	32224121	32224409	32224475								32224033	32224475	30,27,46,134,48,48	29,38,32,58,71,109	86,107,102,242,238,192	94,154,224,210,169,255						6.70847081586733e-10	-0.224	1	+	32224033	32224475	32224033	32224121	32224409	32224475	442	0	4986	0	True	False	0.0		4986	0	False	False	4986	True	0.0	False	1	False	ENST00000677183	ENST00000677183	ENST00000355082;ENST00000373586;ENST00000471486;ENST00000474371;ENST00000483517;ENST00000489353;ENST00000676554;ENST00000676679;ENST00000676801;ENST00000676837;ENST00000676957;ENST00000676998;ENST00000677053;ENST00000677198;ENST00000677202;ENST00000677353;ENST00000677378;ENST00000677540;ENST00000677580;ENST00000677640;ENST00000677676;ENST00000677701;ENST00000677711;ENST00000677760;ENST00000677767;ENST00000677772;ENST00000677844;ENST00000678063;ENST00000678150;ENST00000678162;ENST00000678420;ENST00000678534;ENST00000678689;ENST00000678711;ENST00000678842;ENST00000678883;ENST00000678889;ENST00000678968;ENST00000679270;ENST00000679290	False	False	False	0.0	False	NonCoding	NonCoding	UFM1_independent
5243	ENSG00000182134	TDRKH	chr1	-							5243	30,56,39	2,0,5	11,25,26	0,0,0	334	149	0.00297022014485	0.0134416161831883	0.87,1.0,0.777	1.0,1.0,1.0	-0.118					RI	chr1|-|151773493|151774504|151773493|151774227|151774412|151774504	0.0134416161831883	-0.118	0.8823333333333333	1.0	194					151773493	151774227	151774412	151774504								151773493	151774504	21,12,26,5,20,2	7,37,13,4,2,18	2,7,0,2,3,6	2,0,5,0,0,0						5243	chr1	-							5243	29,31,44	10,0,3	22,11,5	0,0,0	334	149	2.0735825278e-05	0.0002059599487727	0.564,1.0,0.867	1.0,1.0,1.0	-0.19					0.0002059599487727	-0.19	0.8103333333333333	1.0	155					151773493	151774227	151774412	151774504								151773493	151774504	14,15,20,11,9,3	12,12,24,11,2,2	3,4,0,0,0,0	10,0,3,0,0,0						0.0134416161831883	-0.118	1	-	151773493	151774504	151773493	151774227	151774412	151774504	1011	0	300	0	True	False	0.0		300	0	False	False	300	True	0.0	False	1	True	ENST00000368824	ENST00000368824	ENST00000368822;ENST00000368823;ENST00000368825;ENST00000368827;ENST00000458431;ENST00000525790;ENST00000526413	False	True	True	1.0	False	3UTR	3UTR	UFM1_independent
5317	ENSG00000116350	SRSF4	chr1	-							5317	1292,1149,1381	223,317,327	1408,1650,1893	170,245,335	1037	149	0.000747362619522	0.0044065649835662	0.454,0.342,0.378	0.543,0.492,0.448	-0.103					RI	chr1|-|29159373|29160517|29159373|29159486|29160374|29160517	0.0044065649835662	-0.103	0.3913333333333333	0.4943333333333333	10390					29159373	29159486	29160374	29160517								29159373	29160517	481,347,540,622,732,623	194,188,232,108,202,288	617,614,609,678,716,982	223,317,327,170,245,335						5317	chr1	-							5317	819,1134,1033	279,306,446	1394,1375,1340	170,134,272	1037	149	2.53112516502e-08	5.994299949629718e-07	0.297,0.347,0.25	0.541,0.596,0.414	-0.219					5.994299949629718e-07	-0.219	0.298	0.517	8702					29159373	29159486	29160374	29160517								29159373	29160517	347,494,390,553,523,596	83,82,116,221,161,113	389,558,527,620,691,631	279,306,446,170,134,272						0.0044065649835662	-0.103	1	-	29159373	29160517	29159373	29159486	29160374	29160517	1144	0	512	0	True	False	2.0		512	2	True	True	512	True	2.0	True	1	False	ENST00000634348	ENST00000634348	ENST00000373795;ENST00000466448;ENST00000477193;ENST00000497015;ENST00000605204;ENST00000622143;ENST00000691479	False	False	False	0.0	False	3UTR	3UTR	UFM1_independent
5425	ENSG00000090621	PABPC4	chr1	-							5425	1065,959,984	514,565,634	2249,1960,2530	495,549,660	1104	149	0.0	0.0	0.219,0.186,0.173	0.38,0.325,0.341	-0.156					RI	chr1|-|39567750|39568939|39567750|39567846|39568801|39568939	0.0	-0.156	0.1926666666666666	0.3486666666666667	13164					39567750	39567846	39568801	39568939								39567750	39568939	251,266,226,590,473,684	192,181,241,419,385,446	622,512,517,1240,1102,1400	514,565,634,495,549,660						5425	chr1	-							5425	929,853,1181	513,646,711	1875,1678,2121	420,501,547	1104	149	0.0	0.0	0.196,0.151,0.183	0.376,0.311,0.344	-0.167					0.0	-0.167	0.1766666666666666	0.3436666666666667	11975					39567750	39567846	39568801	39568939								39567750	39568939	235,167,266,445,396,425	143,170,259,384,362,505	551,516,656,1046,920,1191	513,646,711,420,501,547						0.0	-0.156	1	-	39567750	39568939	39567750	39567846	39568801	39568939	1189	0	2147	0	True	False	2.0		2147	2	True	True	2147	True	2.0	True	4	False	ENST00000677548;ENST00000678287;ENST00000678894;ENST00000679246	ENST00000677548;ENST00000678287;ENST00000678894;ENST00000679246	ENST00000372856;ENST00000372857;ENST00000372858;ENST00000372862;ENST00000421687;ENST00000470443;ENST00000474378;ENST00000513632;ENST00000525669;ENST00000525751;ENST00000527718;ENST00000529216;ENST00000676523;ENST00000676863;ENST00000677006;ENST00000677244;ENST00000677609;ENST00000677644;ENST00000677860;ENST00000678625;ENST00000678980	False	False	False	0.0	False	3UTR	3UTR	UFM1_independent
5443	ENSG00000184014	DENND5A	chr11	-							5443	301,292,336	24,7,29	253,343,348	3,2,19	1400	149	0.00822193326579	0.0303533382214474	0.572,0.816,0.552	0.9,0.948,0.661	-0.19					RI	chr11|-|9142721|9144278|9142721|9142845|9144096|9144278	0.0303533382214474	-0.19	0.6466666666666666	0.8363333333333334	1957					9142721	9142845	9144096	9144278								9142721	9144278	28,27,16,27,39,53	9,13,36,17,19,25	264,252,284,209,285,270	24,7,29,3,2,19						5443	chr11	-							5443	238,226,320	11,14,7	243,325,323	0,6,2	1400	149	3.09259756396e-05	0.0002900030541732	0.697,0.632,0.83	1.0,0.852,0.945	-0.213					0.0002900030541732	-0.213	0.7196666666666667	0.9323333333333332	1715					9142721	9142845	9144096	9144278								9142721	9144278	30,20,26,41,39,48	11,32,18,10,19,26	197,174,276,192,267,249	11,14,7,0,6,2						0.0303533382214474	-0.19	11	-	9142721	9144278	9142721	9142845	9144096	9144278	1557	0	2923	0	True	False	1.0		2923	1	True	True	2923	True	1.0	True	1	False	ENST00000681371	ENST00000681371	ENST00000328194;ENST00000525784;ENST00000527700;ENST00000528725;ENST00000529977;ENST00000530044;ENST00000530780;ENST00000531747;ENST00000533737;ENST00000679446;ENST00000679458;ENST00000679460;ENST00000679568;ENST00000679745;ENST00000679773;ENST00000679926;ENST00000679999;ENST00000680252;ENST00000680294;ENST00000680358;ENST00000680470;ENST00000680554;ENST00000680576;ENST00000680599;ENST00000680742;ENST00000680791;ENST00000680885;ENST00000681158;ENST00000681203;ENST00000681425;ENST00000681639	False	False	False	0.0	False	Stop_Codon	Stop_Codon	UFM1_independent
5502	ENSG00000115053	NCL	chr2	-							5502	2423,2305,3023	704,889,1107	1916,2646,3352	364,450,773	667	149	2.45410025634e-10	9.58505909036744e-09	0.435,0.367,0.379	0.54,0.568,0.492	-0.14					RI	chr2|-|231457000|231457800|231457000|231457124|231457642|231457800	9.58505909036744e-09	-0.14	0.3936666666666666	0.5333333333333333	19952					231457000	231457124	231457642	231457800								231457000	231457800	416,420,532,288,366,468	563,515,680,481,693,773	1444,1370,1811,1147,1587,2111	704,889,1107,364,450,773						5502	chr2	-							5502	1607,2549,2939	763,1032,1296	1895,2183,2402	373,530,698	667	149	1.83080794969e-09	5.446428181368429e-08	0.32,0.356,0.336	0.532,0.479,0.435	-0.145					5.446428181368429e-08	-0.145	0.3373333333333333	0.482	18267					231457000	231457124	231457642	231457800								231457000	231457800	235,474,502,302,377,433	391,533,656,449,456,472	981,1542,1781,1144,1350,1497	763,1032,1296,373,530,698						9.58505909036744e-09	-0.14	2	-	231457000	231457800	231457000	231457124	231457642	231457800	800	0	3862	0	True	False	1.0		3862	1	True	True	3862	True	1.0	True	1	False	ENST00000676798	ENST00000676798	ENST00000322723;ENST00000356936;ENST00000417652;ENST00000436894;ENST00000453992;ENST00000454824;ENST00000461347;ENST00000466274;ENST00000494618;ENST00000676514;ENST00000676690;ENST00000676913;ENST00000677703;ENST00000677786;ENST00000678131;ENST00000678246;ENST00000678364;ENST00000678405;ENST00000678729;ENST00000678828;ENST00000678849;ENST00000679348	False	False	False	0.0	False	CDS	CDS	UFM1_independent
5505	ENSG00000115053	NCL	chr2	-							5505	1485,1400,1871	861,896,1157	1286,1433,2023	508,450,757	760	149	3.24080329239e-09	9.646896014046349e-08	0.253,0.234,0.241	0.332,0.384,0.344	-0.111					RI	chr2|-|231458265|231459125|231458265|231458389|231459000|231459125	9.646896014046349e-08	-0.111	0.2426666666666666	0.3533333333333333	14127					231458265	231458389	231459000	231459125								231458265	231459125	376,324,453,241,285,429	269,220,361,262,252,409	840,856,1057,783,896,1185	861,896,1157,508,450,757						5505	chr2	-							5505	1010,1515,1492	927,1049,1300	1452,1329,1658	520,582,746	760	149	2.1649348980199997e-14	1.5943953474564365e-12	0.176,0.221,0.184	0.354,0.309,0.303	-0.128					1.5943953474564365e-12	-0.128	0.1936666666666666	0.322	13580					231458265	231458389	231459000	231459125								231458265	231459125	294,362,318,341,345,385	180,169,367,220,298,373	536,984,807,891,686,900	927,1049,1300,520,582,746						9.646896014046349e-08	-0.111	2	-	231458265	231459125	231458265	231458389	231459000	231459125	860	0	3444	0	True	False	0.0		3444	0	False	False	3444	True	0.0	False	2	False	ENST00000461347;ENST00000677786	ENST00000461347;ENST00000677786	ENST00000322723;ENST00000356936;ENST00000417652;ENST00000436894;ENST00000453992;ENST00000454824;ENST00000494618;ENST00000676514;ENST00000676690;ENST00000676798;ENST00000676913;ENST00000677703;ENST00000678131;ENST00000678246;ENST00000678364;ENST00000678405;ENST00000678729;ENST00000678828;ENST00000678849;ENST00000679348	False	False	False	0.0	False	Stop_Codon	Stop_Codon	UFM1_independent
5604	ENSG00000150093	ITGB1	chr10	-							5604	262,194,256	109,134,77	494,373,448	92,87,91	899	149	2.38271208841e-06	3.290718586966243e-05	0.285,0.194,0.355	0.471,0.415,0.449	-0.167					RI	chr10|-|32932514|32933583|32932514|32932600|32933350|32933583	3.290718586966243e-05	-0.167	0.2779999999999999	0.445	2617					32932514	32932600	32933350	32933583								32932514	32933583	23,9,17,65,36,84	40,16,48,111,62,53	199,169,191,318,275,311	109,134,77,92,87,91						5604	chr10	-							5604	91,183,137	36,99,90	571,427,313	70,91,60	899	149	1.47950540708e-11	6.980260276059465e-10	0.295,0.235,0.201	0.575,0.437,0.464	-0.248					6.980260276059465e-10	-0.248	0.2436666666666666	0.492	2168					32932514	32932600	32933350	32933583								32932514	32933583	19,54,18,80,55,59	18,34,23,105,79,67	54,95,96,386,293,187	36,99,90,70,91,60						3.290718586966243e-05	-0.167	10	-	32932514	32933583	32932514	32932600	32933350	32933583	1069	0	2412	0	True	False	0.0		2412	0	False	False	2412	True	0.0	False	2	True	ENST00000474568;ENST00000677363	ENST00000474568;ENST00000677363	ENST00000302278;ENST00000396033;ENST00000414670;ENST00000417122;ENST00000423113;ENST00000437302;ENST00000464001;ENST00000472147;ENST00000475184;ENST00000480226;ENST00000484088;ENST00000488427;ENST00000488494;ENST00000528877;ENST00000534049;ENST00000609742;ENST00000676460;ENST00000676623;ENST00000676659;ENST00000676895;ENST00000676964;ENST00000677310;ENST00000677999;ENST00000678120;ENST00000678479;ENST00000678591;ENST00000678701;ENST00000678766;ENST00000678943;ENST00000678952;ENST00000678989;ENST00000679187	True	False	False	0.0	False	Start_Codon	Start_Codon	UFM1_independent
5865	ENSG00000241370	RPP21	chr6	+							5865	11,19,35	2,4,13	15,17,15	1,0,2	217	149	0.000255210605899	0.0017926133280328	0.791,0.765,0.649	0.912,1.0,0.837	-0.181					RI	chr6|+|30345297|30345573|30345297|30345398|30345466|30345573	0.0017926133280328	-0.181	0.735	0.9163333333333332	134					30345297	30345398	30345466	30345573								30345297	30345573	2,6,9,7,4,11	9,14,28,11,13,7	0,0,0,0,0,0	2,4,13,1,0,2						5865	chr6	+							5865	23,38,28	0,0,0	18,9,37	1,8,0	217	149	0.000850616297448	0.0046319854105396	1.0,1.0,1.0	0.925,0.436,1.0	0.213					0.0046319854105396	0.213	1.0	0.787	162					30345297	30345398	30345466	30345573								30345297	30345573	15,22,11,2,2,16	8,20,17,16,9,24	0,0,0,0,0,0	0,0,0,1,8,0						0.0017926133280328	-0.181	6	+	30345297	30345573	30345297	30345398	30345466	30345573	276	0	760	0	True	False	1.0		760	1	True	True	760	True	1.0	True	1	False	ENST00000473266	ENST00000473266	ENST00000428040;ENST00000433076;ENST00000436442;ENST00000442966;ENST00000466327;ENST00000489124;ENST00000491477;ENST00000498414	False	False	False	0.0	False	NonCoding	NonCoding	UFM1_independent
6081	ENSG00000092203	TOX4	chr14	+							6081	275,326,357	11,39,58	346,283,583	7,5,23	1045	149	8.52392994358e-05	0.0007092094764454	0.781,0.544,0.467	0.876,0.89,0.783	-0.252					RI	chr14|+|21487450|21488850|21487450|21487693|21488589|21488850	0.0007092094764454	-0.252	0.5973333333333334	0.8496666666666667	2313					21487450	21487693	21488589	21488850								21487450	21488850	32,31,30,33,10,60	9,22,0,16,19,30	234,273,327,297,254,493	11,39,58,7,5,23						6081	chr14	+							6081	172,230,269	23,25,8	381,306,337	6,4,6	1045	149	3.66661200202e-06	4.691243618686182e-05	0.516,0.567,0.827	0.901,0.916,0.889	-0.265					4.691243618686182e-05	-0.265	0.6366666666666666	0.902	1767					21487450	21487693	21488589	21488850								21487450	21488850	7,39,32,32,39,46	8,10,3,29,29,23	157,181,234,320,238,268	23,25,8,6,4,6						0.0007092094764454	-0.252	14	+	21487450	21488850	21487450	21487693	21488589	21488850	1400	0	2599	0	True	False	1.0		2599	1	True	True	2599	True	1.0	True	1	False	ENST00000613005	ENST00000613005	ENST00000416256;ENST00000447695;ENST00000448790;ENST00000455138;ENST00000455393;ENST00000457430;ENST00000473176;ENST00000487242;ENST00000494242;ENST00000613569;ENST00000673643;ENST00000673911	False	False	False	0.0	False	3UTR	3UTR	UFM1_independent
6184	ENSG00000143369	ECM1	chr1	+							6184	241,278,289	79,124,100	283,288,350	89,48,34	308	149	0.000351990013928	0.0023589101261273	0.596,0.52,0.583	0.606,0.744,0.833	-0.161					RI	chr1|+|150509660|150510002|150509660|150509762|150509921|150510002	0.0023589101261273	-0.161	0.5663333333333334	0.7276666666666667	2203					150509660	150509762	150509921	150510002								150509660	150510002	143,171,137,118,119,189	92,79,147,141,148,140	6,28,5,24,21,21	79,124,100,89,48,34						6184	chr1	+							6184	171,292,361	67,130,63	228,316,288	42,62,41	308	149	0.005626891557	0.0222387422203684	0.553,0.521,0.735	0.724,0.711,0.773	-0.133					0.0222387422203684	-0.133	0.603	0.736	2061					150509660	150509762	150509921	150510002								150509660	150510002	66,158,183,129,170,204	99,125,160,97,139,80	6,9,18,2,7,4	67,130,63,42,62,41						0.0023589101261273	-0.161	1	+	150509660	150510002	150509660	150509762	150509921	150510002	342	0	630	0	True	False	0.0		630	0	False	False	630	True	0.0	False	3	False	ENST00000490346;ENST00000496744;ENST00000498579	ENST00000490346;ENST00000496744;ENST00000498579	ENST00000346569;ENST00000369047;ENST00000369049;ENST00000470432	False	False	False	0.0	False	CDS	CDS	UFM1_independent
6218	ENSG00000075785	RAB7A	chr3	+							6218	357,228,321	61,103,108	725,465,794	111,88,96	1101	149	0.000869957573357	0.0049855886353505	0.442,0.231,0.287	0.469,0.417,0.528	-0.151					RI	chr3|+|128806371|128807671|128806371|128806590|128807542|128807671	0.0049855886353505	-0.151	0.32	0.4713333333333333	3457					128806371	128806590	128807542	128807671								128806371	128807671	30,14,36,90,54,51	65,82,82,108,38,161	262,132,203,527,373,582	61,103,108,111,88,96						6218	chr3	+							6218	235,221,301	37,64,129	752,495,695	73,48,101	1101	149	3.17041668551e-05	0.0002963799746717	0.462,0.318,0.24	0.582,0.583,0.482	-0.209					0.0002963799746717	-0.209	0.34	0.5489999999999999	3151					128806371	128806590	128807542	128807671								128806371	128807671	13,37,15,93,30,95	27,47,72,141,140,110	195,137,214,518,325,490	37,64,129,73,48,101						0.0049855886353505	-0.151	3	+	128806371	128807671	128806371	128806590	128807542	128807671	1300	0	3733	0	True	False	1.0		3733	1	True	True	3733	True	1.0	True	1	False	ENST00000675712	ENST00000675712	ENST00000265062;ENST00000464496;ENST00000482525;ENST00000483906;ENST00000485280;ENST00000490093;ENST00000493186;ENST00000674589;ENST00000674593;ENST00000674748;ENST00000675342;ENST00000675497;ENST00000675864;ENST00000676147;ENST00000676214;ENST00000676425	False	False	False	0.0	False	CDS	CDS	UFM1_independent
6276	ENSG00000162736	NCSTN	chr1	+							6276	249,193,270	66,106,120	234,270,242	62,49,57	1029	149	0.000595038753327	0.0036524300654666	0.353,0.209,0.246	0.353,0.444,0.381	-0.123					RI	chr1|+|160353159|160354290|160353159|160353237|160354117|160354290	0.0036524300654666	-0.123	0.2693333333333333	0.3926666666666666	1918					160353159	160353237	160354117	160354290								160353159	160354290	25,18,52,28,70,41	27,16,35,13,31,34	197,159,183,193,169,167	66,106,120,62,49,57						6276	chr1	+							6276	159,250,237	77,122,76	269,204,266	49,62,54	1029	149	8.09849443171e-05	0.0006418216256311	0.23,0.229,0.311	0.443,0.323,0.416	-0.137					0.0006418216256311	-0.137	0.2566666666666666	0.394	1825					160353159	160353237	160354117	160354290								160353159	160354290	51,26,52,60,38,46	20,18,24,48,35,37	88,206,161,161,131,183	77,122,76,49,62,54						0.0036524300654666	-0.123	1	+	160353159	160354290	160353159	160353237	160354117	160354290	1131	0	3075	0	True	False	0.0		3075	0	False	False	3075	True	0.0	False	3	False	ENST00000699526;ENST00000699534;ENST00000699539	ENST00000699526;ENST00000699534;ENST00000699539	ENST00000294785;ENST00000368063;ENST00000421914;ENST00000424645;ENST00000424754;ENST00000435149;ENST00000459963;ENST00000491390;ENST00000699527;ENST00000699528;ENST00000699529;ENST00000699530;ENST00000699531;ENST00000699532;ENST00000699533;ENST00000699535;ENST00000699536;ENST00000699537;ENST00000699538;ENST00000699540;ENST00000699541;ENST00000699542;ENST00000699543;ENST00000699544;ENST00000699545;ENST00000699546;ENST00000699547;ENST00000699548;ENST00000699549;ENST00000699550;ENST00000699551;ENST00000699552;ENST00000699553;ENST00000699554;ENST00000699556	False	False	False	0.0	False	Stop_Codon	Stop_Codon	UFM1_independent
6283	ENSG00000162736	NCSTN	chr1	+							6283	443,477,444	46,124,60	381,472,453	28,47,45	435	149	0.00698619185032	0.026549940957744	0.767,0.569,0.717	0.823,0.775,0.775	-0.107					RI	chr1|+|160355862|160357253|160355862|160356754|160357040|160357253	0.026549940957744	-0.107	0.6843333333333333	0.791	3020					160355862	160356754	160357040	160357253								160355862	160357253	82,117,112,75,106,144	239,201,160,150,160,166	122,159,172,156,206,143	46,124,60,28,47,45						6283	chr1	+							6283	418,388,530	64,107,77	353,415,491	32,50,37	435	149	0.000175227018429	0.0012177168749053	0.691,0.554,0.702	0.791,0.74,0.82	-0.135					0.0012177168749053	-0.135	0.649	0.7836666666666666	2962					160355862	160356754	160357040	160357253								160355862	160357253	49,54,85,70,98,53	179,223,241,143,172,235	190,111,204,140,145,203	64,107,77,32,50,37						0.026549940957744	-0.107	1	+	160355862	160357253	160355862	160356754	160357040	160357253	1391	0	3768	0	True	False	0.0		3768	0	False	False	3768	True	0.0	False	1	False	ENST00000699534	ENST00000699534	ENST00000294785;ENST00000368063;ENST00000421914;ENST00000435149;ENST00000459963;ENST00000491390;ENST00000699526;ENST00000699527;ENST00000699528;ENST00000699529;ENST00000699530;ENST00000699531;ENST00000699532;ENST00000699533;ENST00000699535;ENST00000699536;ENST00000699537;ENST00000699538;ENST00000699539;ENST00000699540;ENST00000699541;ENST00000699542;ENST00000699543;ENST00000699544;ENST00000699545;ENST00000699546;ENST00000699547;ENST00000699548;ENST00000699549;ENST00000699550;ENST00000699551;ENST00000699552;ENST00000699553;ENST00000699554;ENST00000699556;ENST00000699557	False	False	False	0.0	False	3UTR	3UTR	UFM1_independent
6413	ENSG00000145495	MARCHF6	chr5	+							6413	3506,2847,2892	59,82,49	2522,2716,4129	19,25,16	1365	149	1.0862422072900002e-12	6.796772668471715e-11	0.866,0.791,0.866	0.935,0.922,0.966	-0.1					RI	chr5|+|10400783|10402139|10400783|10400842|10402058|10402139	6.796772668471715e-11	-0.1	0.841	0.941	18862					10400783	10400842	10402058	10402139								10400783	10402139	471,370,262,339,324,404	321,299,351,255,293,390	2714,2178,2279,1928,2099,3335	59,82,49,19,25,16						6413	chr5	+							6413	2028,2794,3075	79,103,51	2916,2822,2736	67,20,14	1365	149	3.30223483558e-07	5.952894379721677e-06	0.737,0.748,0.868	0.826,0.939,0.955	-0.122					5.952894379721677e-06	-0.122	0.7843333333333333	0.9066666666666666	16705					10400783	10400842	10402058	10402139								10400783	10402139	212,268,405,333,332,331	244,263,330,320,308,253	1572,2263,2340,2263,2182,2152	79,103,51,67,20,14						6.796772668471715e-11	-0.1	5	+	10400783	10402139	10400783	10400842	10402058	10402139	1356	0	567	0	True	False	0.0		567	0	False	False	567	True	0.0	False	1	False	ENST00000511802	ENST00000511802	ENST00000274140;ENST00000449913;ENST00000503788;ENST00000510792;ENST00000514961	False	False	False	0.0	False	Start_Codon	Start_Codon	UFM1_independent
6436	ENSG00000125835	SNRPB	chr20	-							6436	2515,2230,2917	385,340,517	4698,4689,5944	342,303,507	1936	149	0.0	0.0	0.335,0.335,0.303	0.514,0.544,0.474	-0.186					RI	chr20|-|2465707|2467758|2465707|2465819|2467606|2467758	0.0	-0.186	0.3243333333333333	0.5106666666666667	25387					2465707	2465819	2467606	2467758								2465707	2467758	180,161,166,422,409,599	169,119,103,245,184,241	2166,1950,2648,4031,4096,5104	385,340,517,342,303,507						6436	chr20	-							6436	2091,2145,2855	345,430,536	4056,4287,5259	208,269,404	1936	149	0.0	0.0	0.318,0.277,0.291	0.6,0.551,0.5	-0.255					0.0	-0.255	0.2953333333333333	0.5503333333333333	22885					2465707	2465819	2467606	2467758								2465707	2467758	179,183,211,321,330,449	154,121,173,207,179,193	1758,1841,2471,3528,3778,4617	345,430,536,208,269,404						0.0	-0.186	20	-	2465707	2467758	2465707	2465819	2467606	2467758	2051	0	735	0	True	False	0.0		735	0	False	False	735	True	0.0	False	3	False	ENST00000688423;ENST00000688775;ENST00000693393	ENST00000688423;ENST00000688775;ENST00000693393	ENST00000381342;ENST00000438552;ENST00000474384;ENST00000689440;ENST00000690623	False	False	False	0.0	False	Stop_Codon	Stop_Codon	UFM1_independent
6594	ENSG00000198034	RPS4X	chrX	-							6594	6916,6311,7863	901,851,1149	10238,10630,15432	619,700,990	1229	149	0.0	0.0	0.482,0.473,0.453	0.667,0.648,0.654	-0.187					RI	chrX|-|72273800|72275150|72273800|72273972|72275052|72275150	0.0	-0.187	0.4693333333333333	0.6563333333333333	62600					72273800	72273972	72275052	72275150								72273800	72275150	739,860,1029,1327,1425,1939	476,372,620,779,680,933	5701,5079,6214,8132,8525,12560	901,851,1149,619,700,990						6594	chrX	-							6594	4363,6200,7651	878,1020,1320	9501,10387,11992	584,591,984	1229	149	0.0	0.0	0.376,0.424,0.413	0.664,0.681,0.596	-0.243					0.0	-0.243	0.4043333333333333	0.647	55471					72273800	72273972	72275052	72275150								72273800	72275150	536,974,1060,1355,1477,1604	275,339,544,672,659,832	3552,4887,6047,7474,8251,9556	878,1020,1320,584,591,984						0.0	-0.187	X	-	72273800	72275150	72273800	72273972	72275052	72275150	1350	0	270	0	True	False	0.0		270	0	False	False	270	True	0.0	False	1	False	ENST00000486733	ENST00000486733	ENST00000316084;ENST00000373626	False	False	False	0.0	False	NonCoding	NonCoding	UFM1_independent
6629	ENSG00000169223	LMAN2	chr5	-							6629	361,471,606	98,182,91	623,684,766	64,45,78	2881	149	5.77493719511e-10	2.0708722152289193e-08	0.16,0.118,0.256	0.335,0.44,0.337	-0.193					RI	chr5|-|177334283|177337250|177334283|177334403|177337135|177337250	2.0708722152289193e-08	-0.193	0.178	0.3706666666666667	4069					177334283	177334403	177337135	177337250								177334283	177337250	27,17,54,47,54,65	13,2,13,52,14,44	321,452,539,524,616,657	98,182,91,64,45,78						6629	chr5	-							6629	331,480,593	114,225,149	612,699,760	70,89,122	2881	149	3.33066907388e-16	3.35231842286022e-14	0.131,0.099,0.171	0.311,0.289,0.244	-0.148					3.35231842286022e-14	-0.148	0.1336666666666666	0.2813333333333333	4244					177334283	177334403	177337135	177337250								177334283	177337250	20,60,35,69,82,66	8,21,11,29,14,12	303,399,547,514,603,682	114,225,149,70,89,122						2.0708722152289193e-08	-0.193	5	-	177334283	177337250	177334283	177334403	177337135	177337250	2967	0	1081	0	True	False	1.0		1081	1	True	True	1081	True	1.0	True	1	False	ENST00000502721	ENST00000502721	ENST00000303127;ENST00000502560;ENST00000504071;ENST00000513877;ENST00000514458;ENST00000515209;ENST00000694903;ENST00000694904;ENST00000694905	False	False	False	0.0	False	3UTR	3UTR	UFM1_independent
6643	ENSG00000133706	LARS1	chr5	-							6643	1228,1024,1272	199,189,251	1167,1197,1497	131,116,182	1937	149	2.74314575199e-06	3.746318430111955e-05	0.322,0.294,0.28	0.407,0.443,0.388	-0.114					RI	chr5|-|146130017|146133081|146130017|146131109|146132897|146133081	3.746318430111955e-05	-0.114	0.2986666666666667	0.4126666666666667	8453					146130017	146131109	146132897	146133081								146130017	146133081	62,37,125,97,54,88	86,22,72,50,68,74	1080,965,1075,1020,1075,1335	199,189,251,131,116,182						6643	chr5	-							6643	1024,1031,1421	188,265,222	1025,1123,1258	121,120,187	1937	149	0.00011905936106	0.0008887509041302	0.295,0.23,0.33	0.395,0.419,0.341	-0.1					0.0008887509041302	-0.1	0.285	0.385	7985					146130017	146131109	146132897	146133081								146130017	146133081	71,76,101,49,91,105	27,54,61,51,41,117	926,901,1259,925,991,1036	188,265,222,121,120,187						3.746318430111955e-05	-0.114	5	-	146130017	146133081	146130017	146131109	146132897	146133081	3064	0	4901	0	True	False	2.0		4901	2	True	True	4901	True	2.0	True	1	False	ENST00000506231	ENST00000506231	ENST00000394434;ENST00000504323;ENST00000508709;ENST00000510191;ENST00000512412;ENST00000674158;ENST00000674170;ENST00000674174;ENST00000674181;ENST00000674191;ENST00000674218;ENST00000674270;ENST00000674277;ENST00000674290;ENST00000674309;ENST00000674310;ENST00000674383;ENST00000674398;ENST00000674447;ENST00000674467;ENST00000674471;ENST00000674479	False	False	False	0.0	False	3UTR	3UTR	UFM1_independent
6675	ENSG00000102393	GLA	chrX	-							6675	270,304,359	102,142,151	328,307,448	44,86,96	1023	149	3.14376008947e-05	0.0003045424465818	0.278,0.238,0.257	0.521,0.342,0.405	-0.165					RI	chrX|-|101400665|101401809|101400665|101400757|101401631|101401809	0.0003045424465818	-0.165	0.2576666666666666	0.4226666666666667	2637					101400665	101400757	101401631	101401809								101400665	101401809	43,26,58,52,54,64	29,77,45,69,59,83	198,201,256,207,194,301	102,142,151,44,86,96						6675	chrX	-							6675	209,415,375	82,180,132	222,396,351	59,72,56	1023	149	3.35129995965e-06	4.315245299856365e-05	0.271,0.251,0.293	0.354,0.445,0.477	-0.154					4.315245299856365e-05	-0.154	0.2716666666666666	0.4253333333333333	2549					101400665	101400757	101401631	101401809								101400665	101401809	42,51,39,31,61,63	44,70,76,38,75,51	123,294,260,153,260,237	82,180,132,59,72,56						0.0003045424465818	-0.165	X	-	101400665	101401809	101400665	101400757	101401631	101401809	1144	0	3074	0	True	False	2.0		3074	2	True	True	3074	True	2.0	True	1	False	ENST00000468823	ENST00000468823	ENST00000218516;ENST00000466414;ENST00000479445;ENST00000480513;ENST00000486121;ENST00000493905;ENST00000649178;ENST00000674127;ENST00000674142;ENST00000674634;ENST00000675592;ENST00000675799;ENST00000675968;ENST00000676156;ENST00000676372;ENST00000710365	False	False	False	0.0	False	CDS	CDS	UFM1_independent
6712	ENSG00000170791	CHCHD7	chr8	+							6712	410,340,382	25,32,41	568,469,755	14,3,23	2909	149	9.68245193245e-07	1.5065526843384242e-05	0.457,0.352,0.323	0.675,0.889,0.627	-0.353					RI	chr8|+|56211788|56214667|56211788|56211837|56214597|56214667	1.5065526843384242e-05	-0.353	0.3773333333333333	0.7303333333333334	3062					56211788	56211837	56214597	56214667								56211788	56214667	13,12,15,13,31,31	47,13,38,22,46,67	350,315,329,533,392,657	25,32,41,14,3,23						6712	chr8	+							6712	415,290,489	24,18,18	776,562,641	9,14,6	2909	149	5.97602540198e-06	7.146379683674698e-05	0.47,0.452,0.582	0.815,0.673,0.845	-0.276					7.146379683674698e-05	-0.276	0.5013333333333333	0.7776666666666666	3262					56211788	56211837	56214597	56214667								56211788	56214667	26,6,7,24,18,16	22,28,26,43,43,56	367,256,456,709,501,569	24,18,18,9,14,6						1.5065526843384242e-05	-0.353	8	+	56211788	56214667	56211788	56211837	56214597	56214667	2879	0	1047	0	True	False	0.0		1047	0	False	False	1047	True	0.0	False	1	False	ENST00000522166	ENST00000522166	ENST00000303759;ENST00000355315;ENST00000396723;ENST00000517636;ENST00000517933;ENST00000518169;ENST00000518801;ENST00000518944;ENST00000519367;ENST00000521524;ENST00000521831;ENST00000521982;ENST00000522366;ENST00000523061;ENST00000523532;ENST00000523667;ENST00000523975	False	False	False	0.0	False	Start_Codon	Start_Codon	UFM1_independent
6773	ENSG00000197694	SPTAN1	chr9	+							6773	529,405,277	375,245,318	533,375,599	150,144,201	1242	149	3.33066907388e-16	3.5213211656952e-14	0.145,0.165,0.095	0.299,0.238,0.263	-0.132					RI	chr9|+|128598962|128600115|128598962|128598986|128600079|128600115	3.5213211656952e-14	-0.132	0.135	0.2666666666666666	4151					128598962	128598986	128600079	128600115								128598962	128600115	218,31,63,178,117,188	58,78,94,51,69,80	253,296,120,304,189,331	375,245,318,150,144,201						6773	chr9	+							6773	353,505,365	332,436,365	605,400,396	152,178,181	1242	149	2.34579022873e-12	1.23184584272178e-10	0.113,0.122,0.107	0.323,0.212,0.208	-0.134					1.23184584272178e-10	-0.134	0.114	0.2476666666666666	4268					128598962	128598986	128600079	128600115								128598962	128600115	115,160,167,191,101,100	38,56,57,113,73,66	200,289,141,301,226,230	332,436,365,152,178,181						3.5213211656952e-14	-0.132	9	+	128598962	128600115	128598962	128598986	128600079	128600115	1153	0	720	0	True	False	0.0		720	0	False	False	720	True	0.0	False	1	False	ENST00000635853	ENST00000635853	ENST00000358161;ENST00000372731;ENST00000372739;ENST00000461855;ENST00000475367;ENST00000625282;ENST00000627441;ENST00000630804;ENST00000630866;ENST00000635806;ENST00000704202;ENST00000704203;ENST00000704204;ENST00000704206;ENST00000706487	False	False	False	0.0	False	3UTR	3UTR	UFM1_independent
6829	ENSG00000075624	ACTB	chr7	-							6829	2001,2060,2719	553,570,846	4389,4622,6137	679,726,1026	590	149	2.60129695562e-11	1.1903845471538686e-09	0.477,0.477,0.448	0.62,0.617,0.602	-0.146					RI	chr7|-|5528280|5529400|5528280|5528719|5529160|5529400	1.1903845471538686e-09	-0.146	0.4673333333333333	0.613	26328					5528280	5528719	5529160	5529400								5528280	5529400	419,500,622,974,1044,1522	273,189,322,554,608,880	1309,1371,1775,2861,2970,3735	553,570,846,679,726,1026						6829	chr7	-							6829	1707,1712,2810	728,685,956	3667,4099,4976	549,680,1055	590	149	0.0	0.0	0.372,0.387,0.426	0.628,0.604,0.544	-0.197					0.0	-0.197	0.395	0.592	23624					5528280	5528719	5529160	5529400								5528280	5529400	431,417,601,768,976,1095	206,225,373,403,456,725	1070,1070,1836,2496,2667,3156	728,685,956,549,680,1055						1.1903845471538686e-09	-0.146	7	-	5528280	5529400	5528280	5528719	5529160	5529400	1120	0	7545	0	True	False	0.0		7545	0	False	False	7545	True	0.0	False	1	False	ENST00000462494	ENST00000462494	ENST00000414620;ENST00000417101;ENST00000425660;ENST00000432588;ENST00000443528;ENST00000473257;ENST00000477812;ENST00000480301;ENST00000484841;ENST00000493945;ENST00000642480;ENST00000645025;ENST00000645576;ENST00000646664;ENST00000647275;ENST00000674681;ENST00000675515;ENST00000676189;ENST00000676319;ENST00000676397	False	False	False	0.0	False	Stop_Codon	Stop_Codon	UFM1_independent
6872	ENSG00000112855	HARS2	chr5	+							6872	24,12,38	8,0,3	30,29,24	3,0,0	240	149	0.00329205710013	0.0147112922342057	0.651,1.0,0.887	0.861,1.0,1.0	-0.108					RI	chr5|+|140691452|140691756|140691452|140691515|140691606|140691756	0.0147112922342057	-0.108	0.846	0.9536666666666668	171					140691452	140691515	140691606	140691756								140691452	140691756	5,12,17,12,8,8	21,12,38,25,29,23	0,0,0,0,0,0	8,0,3,3,0,0						6872	chr5	+							6872	47,21,19	4,0,5	52,16,27	0,0,0	240	149	7.19606986578e-05	0.0005833163210663	0.879,1.0,0.702	1.0,1.0,1.0	-0.14					0.0005833163210663	-0.14	0.8603333333333333	1.0	191					140691452	140691515	140691606	140691756								140691452	140691756	23,14,11,8,11,15	43,19,17,52,16,27	0,0,0,0,0,0	4,0,5,0,0,0						0.0147112922342057	-0.108	5	+	140691452	140691756	140691452	140691515	140691606	140691756	304	0	1154	0	True	False	2.0		1154	2	True	True	1154	True	2.0	True	1	True	ENST00000642752	ENST00000642752	ENST00000230771;ENST00000448069;ENST00000502303;ENST00000503873;ENST00000506318;ENST00000508522;ENST00000509299;ENST00000510104;ENST00000511913;ENST00000513912;ENST00000520095;ENST00000642452;ENST00000642970;ENST00000643996;ENST00000645065;ENST00000645749;ENST00000646468;ENST00000647484	True	False	False	0.0	False	5UTR	5UTR	UFM1_independent
7170	ENSG00000182150	ERCC6L2	chr9	+							7170	71,16,63	20,38,51	109,54,106	17,28,48	1425	149	0.00825312899658	0.0304501726877428	0.271,0.042,0.114	0.401,0.168,0.188	-0.11					RI	chr9|+|95970575|95973088|95970575|95970656|95971932|95973088	0.0304501726877428	-0.11	0.1423333333333333	0.2523333333333333	621					95970575	95970656	95971932	95973088								95970575	95973088	0,0,5,0,2,1	8,8,16,4,3,21	63,8,42,105,49,84	20,38,51,17,28,48						7170	chr9	+							7170	35,41,68	50,35,37	125,23,59	9,23,11	1425	149	0.00365917521974	0.0156777386268647	0.068,0.109,0.161	0.592,0.095,0.359	-0.236					0.0156777386268647	-0.236	0.1126666666666666	0.3486666666666667	516					95970575	95970656	95971932	95973088								95970575	95973088	0,0,6,5,3,10	12,12,5,10,10,3	23,29,57,110,10,46	50,35,37,9,23,11						0.0304501726877428	-0.11	9	+	95970575	95973088	95970575	95970656	95971932	95973088	2513	0	8779	0	True	False	1.0		8779	1	True	True	8779	True	1.0	True	2	False	ENST00000683176;ENST00000683227	ENST00000683176;ENST00000683227	ENST00000402838;ENST00000456993;ENST00000479391;ENST00000653324;ENST00000653738;ENST00000659728;ENST00000661047;ENST00000670016;ENST00000682394;ENST00000682748;ENST00000682951;ENST00000682983;ENST00000683128;ENST00000683350;ENST00000683937;ENST00000683991	False	False	False	0.0	False	Stop_Codon	Stop_Codon	UFM1_independent
7566	ENSG00000166598	HSP90B1	chr12	+							7566	2792,2668,2460	843,1532,941	2083,2159,2843	226,319,516	567	149	3.2981395392500004e-12	1.8554304270349542e-10	0.465,0.314,0.407	0.708,0.64,0.591	-0.251					RI	chr12|+|103943073|103943874|103943073|103943319|103943737|103943874	1.8554304270349542e-10	-0.251	0.3953333333333333	0.6463333333333333	19382					103943073	103943319	103943737	103943874								103943073	103943874	923,905,812,686,742,919	883,955,736,715,662,884	986,808,912,682,755,1040	843,1532,941,226,319,516						7566	chr12	+							7566	1729,2691,2397	784,2721,1300	2031,2564,2155	265,472,331	567	149	0.0	0.0	0.367,0.206,0.326	0.668,0.588,0.631	-0.329					0.0	-0.329	0.2996666666666666	0.629	19440					103943073	103943319	103943737	103943874								103943073	103943874	600,924,826,658,793,616	586,814,793,675,825,831	543,953,778,698,946,708	784,2721,1300,265,472,331						1.8554304270349542e-10	-0.251	12	+	103943073	103943874	103943073	103943319	103943737	103943874	801	0	3403	0	True	False	1.0		3403	1	True	True	3403	True	1.0	True	4	False	ENST00000680281;ENST00000680653;ENST00000680989;ENST00000681245	ENST00000680281;ENST00000680653;ENST00000680989;ENST00000681245	ENST00000299767;ENST00000548462;ENST00000550595;ENST00000551983;ENST00000552051;ENST00000614327;ENST00000679538;ENST00000679779;ENST00000679861;ENST00000680316;ENST00000680370;ENST00000680391;ENST00000680478;ENST00000680663;ENST00000680762;ENST00000680899;ENST00000681172;ENST00000681174;ENST00000681698;ENST00000681704;ENST00000681861;ENST00000681910;ENST00000681941;ENST00000681949	False	False	False	0.0	False	Stop_Codon	Stop_Codon	UFM1_independent
7694	ENSG00000052749	RRP12	chr10	-							7694	465,567,517	118,72,133	1275,914,1153	176,139,108	1140	149	0.0111807699225	0.0390213324785258	0.34,0.507,0.337	0.486,0.462,0.583	-0.116					RI	chr10|-|97370922|97372166|97370922|97371081|97372072|97372166	0.0390213324785258	-0.116	0.3946666666666666	0.5103333333333333	5637					97370922	97371081	97372072	97372166								97370922	97372166	45,56,48,126,89,88	39,42,49,151,111,160	381,469,420,998,714,905	118,72,133,176,139,108						7694	chr10	-							7694	488,534,551	121,207,148	1152,929,1174	244,100,154	1140	149	1.19784522381e-05	0.000127805429445	0.345,0.252,0.327	0.382,0.548,0.499	-0.168					0.000127805429445	-0.168	0.308	0.4763333333333333	5802					97370922	97371081	97372072	97372166								97370922	97372166	68,37,44,96,85,151	66,48,41,136,111,145	354,449,466,920,733,878	121,207,148,244,100,154						0.0390213324785258	-0.116	10	-	97370922	97372166	97370922	97371081	97372072	97372166	1244	0	1012	0	True	False	1.0		1012	1	True	True	1012	True	1.0	True	1	False	ENST00000479481	ENST00000479481	ENST00000315563;ENST00000370992;ENST00000414986;ENST00000536831	False	False	False	0.0	False	3UTR	3UTR	UFM1_independent
7779	ENSG00000055609	KMT2C	chr7	-							7779	183,116,123	38,82,142	219,275,338	40,88,88	1613	149	0.000511719987075	0.0032117369096662	0.308,0.116,0.074	0.336,0.224,0.262	-0.108					RI	chr7|-|152154266|152156057|152154266|152154445|152155909|152156057	0.0032117369096662	-0.108	0.166	0.274	1732					152154266	152154445	152155909	152156057								152154266	152156057	8,11,27,16,17,52	10,5,1,7,25,19	165,100,95,196,233,267	38,82,142,40,88,88						7779	chr7	-							7779	96,88,144	84,87,71	316,336,278	43,105,46	1613	149	1.4220846722400002e-12	7.951823458942001e-11	0.095,0.085,0.158	0.404,0.228,0.358	-0.217					7.951823458942001e-11	-0.217	0.1126666666666666	0.33	1694					152154266	152154445	152155909	152156057								152154266	152156057	14,8,3,31,69,22	0,11,0,23,2,9	82,69,141,262,265,247	84,87,71,43,105,46						0.0032117369096662	-0.108	7	-	152154266	152156057	152154266	152154445	152155909	152156057	1791	0	4905	0	True	False	0.0		4905	0	False	False	4905	True	0.0	False	2	False	ENST00000683337;ENST00000684330	ENST00000683337;ENST00000684330	ENST00000262189;ENST00000360104;ENST00000418061;ENST00000424877;ENST00000473186;ENST00000485241;ENST00000679393;ENST00000679560;ENST00000679882;ENST00000680029;ENST00000680877;ENST00000681923;ENST00000682040;ENST00000682283;ENST00000683120;ENST00000683178;ENST00000683200;ENST00000683502;ENST00000683886;ENST00000684069;ENST00000684261;ENST00000684649	False	False	False	0.0	False	3UTR	3UTR	UFM1_independent
7817	ENSG00000111144	LTA4H	chr12	-							7817	1645,1269,1807	53,73,137	1754,1775,2510	25,36,68	4188	149	1.82255041978e-05	0.0001903897644649	0.525,0.382,0.319	0.714,0.637,0.568	-0.231					RI	chr12|-|96009093|96013258|96009093|96009148|96013187|96013258	0.0001903897644649	-0.231	0.4086666666666667	0.6396666666666666	11152					96009093	96009148	96013187	96013258								96009093	96013258	62,56,81,60,71,141	62,21,26,30,29,39	1521,1192,1700,1664,1675,2330	53,73,137,25,36,68						7817	chr12	-							7817	1195,1690,1769	75,106,170	1986,1981,1796	70,40,76	4188	149	5.5106820005e-06	6.6558017202039e-05	0.362,0.362,0.27	0.502,0.638,0.457	-0.201					6.6558017202039e-05	-0.201	0.3313333333333333	0.5323333333333333	10954					96009093	96009148	96013187	96013258								96009093	96013258	45,52,95,55,109,61	11,39,18,25,28,40	1139,1599,1656,1906,1844,1695	75,106,170,70,40,76						0.0001903897644649	-0.231	12	-	96009093	96013258	96009093	96009148	96013187	96013258	4165	0	378	0	True	False	0.0		378	0	False	False	378	True	0.0	False	1	False	ENST00000553041	ENST00000553041	ENST00000228740;ENST00000413268;ENST00000537111;ENST00000547393;ENST00000547982;ENST00000548375;ENST00000548852;ENST00000552091;ENST00000552789	False	False	False	0.0	False	3UTR	3UTR	UFM1_independent
7826	ENSG00000160014	CALM3	chr19	+							7826	705,754,674	62,69,60	669,616,689	39,14,45	2488	149	0.00731189523884	0.0275408732214784	0.405,0.396,0.402	0.507,0.725,0.478	-0.169					RI	chr19|+|46605826|46608340|46605826|46605857|46608196|46608340	0.0275408732214784	-0.169	0.401	0.57	4396					46605826	46605857	46608196	46608340								46605826	46608340	20,45,50,51,61,32	48,73,60,64,55,35	637,636,564,554,500,622	62,69,60,39,14,45						7826	chr19	+							7826	613,715,794	64,59,83	550,645,553	24,40,38	2488	149	0.00154704480738	0.0076515999932578	0.365,0.421,0.364	0.578,0.491,0.466	-0.128					0.0076515999932578	-0.128	0.3833333333333333	0.5116666666666667	4178					46605826	46605857	46608196	46608340								46605826	46608340	30,31,47,29,46,23	35,116,67,57,43,52	548,568,680,464,556,478	64,59,83,24,40,38						0.0275408732214784	-0.169	19	+	46605826	46608340	46605826	46605857	46608196	46608340	2514	0	900	0	True	False	0.0		900	0	False	False	900	True	0.0	False	1	False	ENST00000595072	ENST00000595072	ENST00000291295;ENST00000391918;ENST00000477244;ENST00000482455;ENST00000486500;ENST00000594523;ENST00000596362;ENST00000597743;ENST00000597868;ENST00000598871;ENST00000599839;ENST00000602169	False	False	False	0.0	False	Start_Codon	Start_Codon	UFM1_independent
7847	ENSG00000120885	CLU	chr8	-							7847	20,0,45	11,37,33	161,135,310	25,22,87	1293	149	2.42583730881e-13	1.7708612354313002e-11	0.173,0.0,0.136	0.426,0.414,0.291	-0.274					RI	chr8|-|27598459|27600009|27598459|27598635|27599779|27600009	1.7708612354313002e-11	-0.274	0.103	0.377	886					27598459	27598635	27599779	27600009								27598459	27600009	4,0,4,8,32,41	0,0,5,16,5,16	16,0,36,137,98,253	11,37,33,25,22,87						7847	chr8	-							7847	38,56,34	29,125,25	222,106,228	47,11,23	1293	149	0.0	0.0	0.131,0.049,0.135	0.352,0.526,0.533	-0.365					0.0	-0.365	0.105	0.4703333333333333	944					27598459	27598635	27599779	27600009								27598459	27600009	0,10,9,18,5,23	0,3,0,43,1,20	38,43,25,161,100,185	29,125,25,47,11,23						1.7708612354313002e-11	-0.274	8	-	27598459	27600009	27598459	27598635	27599779	27600009	1550	0	1953	0	True	False	0.0		1953	0	False	False	1953	True	0.0	False	1	False	ENST00000522299	ENST00000522299	ENST00000316403;ENST00000405140;ENST00000521770;ENST00000522098;ENST00000523500	False	False	False	0.0	False	3UTR	3UTR	UFM1_independent
7902	ENSG00000168615	ADAM9	chr8	+							7902	92,35,81	65,99,110	135,109,168	59,91,62	1173	149	6.84526294537e-08	1.4524274180279877e-06	0.152,0.043,0.086	0.225,0.132,0.256	-0.111					RI	chr8|+|39016117|39017414|39016117|39016194|39017218|39017414	1.4524274180279877e-06	-0.111	0.0936666666666666	0.2043333333333333	1106					39016117	39016194	39017218	39017414								39016117	39017414	4,12,6,24,4,36	4,0,19,18,17,15	84,23,56,93,88,117	65,99,110,59,91,62						7902	chr8	+							7902	67,51,39	82,129,101	119,81,195	68,70,47	1173	149	2.38479014314e-10	8.572468853822892e-09	0.094,0.048,0.047	0.182,0.128,0.345	-0.155					8.572468853822892e-09	-0.155	0.063	0.2183333333333333	1049					39016117	39016194	39017218	39017414								39016117	39017414	0,1,10,7,12,11	0,1,6,16,0,49	67,49,23,96,69,135	82,129,101,68,70,47						1.4524274180279877e-06	-0.111	8	+	39016117	39017414	39016117	39016194	39017218	39017414	1297	0	4914	0	True	False	0.0		4914	0	False	False	4914	True	0.0	False	1	False	ENST00000676489	ENST00000676489	ENST00000379917;ENST00000468065;ENST00000481058;ENST00000481873;ENST00000487273;ENST00000676617;ENST00000676643;ENST00000676669;ENST00000676765;ENST00000676919;ENST00000676936;ENST00000677004;ENST00000677137;ENST00000677165;ENST00000677359;ENST00000677582;ENST00000677908;ENST00000678253;ENST00000678474;ENST00000678540;ENST00000678730;ENST00000679268	False	False	False	0.0	False	3UTR	3UTR	UFM1_independent
8032	ENSG00000115392	FANCL	chr2	-							8032	105,68,52	16,7,0	52,78,69	0,0,1	3180	149	1.46983211832e-05	0.0001564758775961	0.235,0.313,1.0	1.0,1.0,0.764	-0.405					RI	chr2|-|58226727|58229874|58226727|58226782|58229813|58229874	0.0001564758775961	-0.405	0.516	0.9213333333333332	448					58226727	58226782	58229813	58229874								58226727	58229874	0,1,1,6,8,0	0,0,0,3,4,8	105,67,51,43,66,61	16,7,0,0,0,1						8032	chr2	-							8032	57,89,112	0,0,0	36,79,40	0,16,0	3180	149	0.0033561924682	0.0146234100400142	1.0,1.0,1.0	1.0,0.188,1.0	0.271					0.0146234100400142	0.271	1.0	0.7293333333333334	429					58226727	58226782	58229813	58229874								58226727	58229874	8,1,0,2,10,0	0,1,3,0,0,0	49,87,109,34,69,40	0,0,0,0,16,0						0.0001564758775961	-0.405	2	-	58226727	58229874	58226727	58226782	58229813	58229874	3147	0	6109	0	True	False	1.0		6109	1	True	True	6109	True	1.0	True	2	False	ENST00000696325;ENST00000696394	ENST00000696325;ENST00000696394	ENST00000233741;ENST00000402135;ENST00000403295;ENST00000403676;ENST00000417361;ENST00000427708;ENST00000446381;ENST00000449070;ENST00000470506;ENST00000481670;ENST00000696305;ENST00000696306;ENST00000696307;ENST00000696308;ENST00000696314;ENST00000696315;ENST00000696316;ENST00000696317;ENST00000696318;ENST00000696319;ENST00000696320;ENST00000696321;ENST00000696324;ENST00000696326;ENST00000696338;ENST00000696340;ENST00000696341;ENST00000696342;ENST00000696343;ENST00000696344;ENST00000696345;ENST00000696346;ENST00000696347;ENST00000696358;ENST00000696361;ENST00000696362;ENST00000696364;ENST00000696371;ENST00000696373;ENST00000696374;ENST00000696377;ENST00000696378;ENST00000696379;ENST00000696380;ENST00000696395;ENST00000696398;ENST00000696399;ENST00000696400;ENST00000696403;ENST00000696404;ENST00000696409;ENST00000696410;ENST00000696411;ENST00000696415;ENST00000696416;ENST00000696417;ENST00000696418;ENST00000696433;ENST00000696434;ENST00000696435;ENST00000696438;ENST00000696454;ENST00000696455;ENST00000696457;ENST00000696458;ENST00000696459;ENST00000696460;ENST00000696461;ENST00000696467;ENST00000696468;ENST00000696469;ENST00000696472;ENST00000696473;ENST00000696476;ENST00000696477;ENST00000696478;ENST00000696492;ENST00000696493;ENST00000696495;ENST00000696496;ENST00000696499;ENST00000696508;ENST00000696509;ENST00000696510;ENST00000696511;ENST00000696527;ENST00000696528;ENST00000696530;ENST00000696531;ENST00000696542;ENST00000696543;ENST00000696544;ENST00000696545;ENST00000696546;ENST00000696547;ENST00000696548;ENST00000696549;ENST00000696550;ENST00000696551;ENST00000696564;ENST00000696565;ENST00000696566;ENST00000696567;ENST00000696569;ENST00000696570;ENST00000696594;ENST00000696595;ENST00000696596;ENST00000696597;ENST00000696598;ENST00000696620;ENST00000696621;ENST00000696622;ENST00000696623;ENST00000696624;ENST00000696625;ENST00000696634;ENST00000696635	False	False	False	0.0	False	Stop_Codon	Stop_Codon	UFM1_independent
8042	ENSG00000033011	ALG1	chr16	+							8042	164,108,152	0,0,14	48,65,103	0,0,0	2290	149	0.000998262700339	0.0056056290095959	1.0,1.0,0.414	1.0,1.0,1.0	-0.195					RI	chr16|+|5073152|5075536|5073152|5073256|5075397|5075536	0.0056056290095959	-0.195	0.8046666666666666	1.0	654					5073152	5073256	5075397	5075536								5073152	5075536	11,17,24,2,3,9	24,20,22,13,8,8	129,71,106,33,54,86	0,0,14,0,0,0						8042	chr16	+							8042	91,86,166	4,4,1	44,92,79	0,0,2	2290	149	0.00143223921559	0.0071837978595913	0.597,0.583,0.915	1.0,1.0,0.72	-0.208					0.0071837978595913	-0.208	0.6983333333333334	0.9066666666666666	569					5073152	5073256	5075397	5075536								5073152	5075536	1,9,4,0,3,15	14,42,41,3,7,26	76,35,121,41,82,38	4,4,1,0,0,2						0.0056056290095959	-0.195	16	+	5073152	5075536	5073152	5073256	5075397	5075536	2384	0	2992	0	True	False	1.0		2992	1	True	True	2992	True	1.0	True	3	False	ENST00000592793;ENST00000682349;ENST00000682703	ENST00000592793;ENST00000682349;ENST00000682703	ENST00000262374;ENST00000544428;ENST00000586840;ENST00000588623;ENST00000591783;ENST00000591822;ENST00000650085;ENST00000682020;ENST00000682206;ENST00000682314;ENST00000682327;ENST00000682797;ENST00000682985;ENST00000683433;ENST00000683685;ENST00000683710;ENST00000683739;ENST00000683772;ENST00000684008;ENST00000684190;ENST00000684335	False	False	False	0.0	False	Stop_Codon	Stop_Codon	UFM1_independent
8088	ENSG00000206503	HLA-A	chr6	+							8088	583,465,539	218,496,391	462,595,760	183,203,347	390	149	0.0110363351797	0.0386518142030999	0.505,0.264,0.345	0.491,0.528,0.456	-0.12					RI	chr6|+|29942756|29943543|29942756|29943026|29943267|29943543	0.0386518142030999	-0.12	0.3713333333333333	0.4916666666666667	5242					29942756	29943026	29943267	29943543								29942756	29943543	288,217,291,237,290,391	84,51,88,66,114,149	211,197,160,159,191,220	218,496,391,183,203,347						8088	chr6	+							8088	428,547,737	269,802,457	525,546,658	190,286,248	390	149	8.30853980808e-05	0.000652474276996	0.378,0.207,0.381	0.514,0.422,0.503	-0.158					0.000652474276996	-0.158	0.322	0.4796666666666667	5693					29942756	29943026	29943267	29943543								29942756	29943543	225,270,373,266,274,360	60,94,121,69,83,69	143,183,243,190,189,229	269,802,457,190,286,248						0.0386518142030999	-0.12	6	+	29942756	29943543	29942756	29943026	29943267	29943543	787	0	7633	0	True	False	1.0		7633	1	True	True	7633	True	1.0	True	3	False	ENST00000461903;ENST00000479320;ENST00000495183	ENST00000461903;ENST00000479320;ENST00000495183	ENST00000376802;ENST00000376806;ENST00000376809;ENST00000396634;ENST00000496081;ENST00000638375;ENST00000706892;ENST00000706893;ENST00000706894;ENST00000706895;ENST00000706896;ENST00000706897;ENST00000706898;ENST00000706899;ENST00000706900;ENST00000706901;ENST00000706902;ENST00000706903;ENST00000706904;ENST00000706905	False	False	False	0.0	False	NonCoding	NonCoding	UFM1_independent
8090	ENSG00000206503	HLA-A	chr6	+							8090	743,608,740	371,749,531	734,892,1222	304,350,530	727	149	4.61887525816e-06	5.950198126688471e-05	0.291,0.143,0.222	0.331,0.343,0.321	-0.113					RI	chr6|+|29943267|29944397|29943267|29943543|29944121|29944397	5.950198126688471e-05	-0.113	0.2186666666666666	0.3316666666666666	7774					29943267	29943543	29944121	29944397								29943267	29944397	189,186,195,180,234,276	53,40,63,65,73,142	501,382,482,489,585,804	371,749,531,304,350,530						8090	chr6	+							8090	494,739,874	404,1094,750	715,733,817	414,332,490	727	149	1.28134947097e-10	4.866710349174736e-09	0.2,0.122,0.193	0.261,0.312,0.255	-0.104					4.866710349174736e-09	-0.104	0.1716666666666666	0.276	7856					29943267	29943543	29944121	29944397								29943267	29944397	129,145,213,166,178,208	66,103,102,56,63,57	299,491,559,493,492,552	404,1094,750,414,332,490						5.950198126688471e-05	-0.113	6	+	29943267	29944397	29943267	29943543	29944121	29944397	1130	0	7728	0	True	False	0.0		7728	0	False	False	7728	True	0.0	False	2	False	ENST00000706896;ENST00000706899	ENST00000706896;ENST00000706899	ENST00000376802;ENST00000376806;ENST00000376809;ENST00000396634;ENST00000461903;ENST00000479320;ENST00000495183;ENST00000496081;ENST00000638375;ENST00000706892;ENST00000706893;ENST00000706894;ENST00000706895;ENST00000706897;ENST00000706898;ENST00000706900;ENST00000706901;ENST00000706902;ENST00000706903;ENST00000706904;ENST00000706905	False	False	False	0.0	False	NonCoding	NonCoding	UFM1_independent
8093	ENSG00000206503	HLA-A	chr6	+							8093	926,1092,1051	381,842,679	1133,1315,1497	309,369,556	591	149	3.29234826846e-07	5.903122684852843e-06	0.38,0.246,0.281	0.48,0.473,0.404	-0.15					RI	chr6|+|29944499|29945091|29944499|29944616|29945058|29945091	5.903122684852843e-06	-0.15	0.3023333333333333	0.4523333333333333	10150					29944499	29944616	29945058	29945091								29944499	29945091	80,137,121,101,117,139	199,217,299,266,344,394	647,738,631,766,854,964	381,842,679,309,369,556						8093	chr6	+							8093	858,1128,1243	349,1117,717	1060,1060,1229	299,428,482	591	149	0.000538842893286	0.0031501183277387	0.383,0.203,0.304	0.472,0.384,0.391	-0.119					0.0031501183277387	-0.119	0.2966666666666667	0.4156666666666667	9970					29944499	29944616	29945058	29945091								29944499	29945091	86,108,131,105,135,124	178,279,328,274,276,278	594,741,784,681,649,827	349,1117,717,299,428,482						5.903122684852843e-06	-0.15	6	+	29944499	29945091	29944499	29944616	29945058	29945091	592	0	1855	0	True	False	1.0		1855	1	True	True	1855	True	1.0	True	3	False	ENST00000496081;ENST00000706896;ENST00000706897	ENST00000496081;ENST00000706896;ENST00000706897	ENST00000376802;ENST00000376806;ENST00000376809;ENST00000396634;ENST00000461903;ENST00000479320;ENST00000495183;ENST00000638375;ENST00000706892;ENST00000706893;ENST00000706894;ENST00000706895;ENST00000706898;ENST00000706899;ENST00000706900;ENST00000706901;ENST00000706902;ENST00000706903;ENST00000706904;ENST00000706905	False	False	False	0.0	False	CDS	CDS	UFM1_independent
8224	ENSG00000173812	EIF1	chr17	+							8224	220,296,431	173,277,334	499,512,809	261,229,479	295	149	7.75000224273e-06	9.017649668390962e-05	0.391,0.351,0.395	0.491,0.53,0.46	-0.115					RI	chr17|+|41689777|41690189|41689777|41689941|41690087|41690189	9.017649668390962e-05	-0.115	0.379	0.4936666666666667	4520					41689777	41689941	41690087	41690189								41689777	41690189	94,97,175,250,199,366	122,165,255,246,309,423	4,34,1,4,4,24	173,277,334,261,229,479						8224	chr17	+							8224	162,307,300	234,356,428	401,397,631	211,225,328	295	149	0.0	0.0	0.259,0.303,0.261	0.49,0.471,0.493	-0.21					0.0	-0.21	0.2743333333333333	0.4846666666666666	3980					41689777	41689941	41690087	41690189								41689777	41690189	66,130,118,141,142,256	86,177,178,254,243,325	10,0,4,6,12,50	234,356,428,211,225,328						9.017649668390962e-05	-0.115	17	+	41689777	41690189	41689777	41689941	41690087	41690189	412	0	673	0	True	False	1.0		673	1	True	True	673	True	1.0	True	1	False	ENST00000482111	ENST00000482111	ENST00000310837;ENST00000462917;ENST00000469257;ENST00000469308;ENST00000586699;ENST00000591776	False	False	False	0.0	False	NonCoding	NonCoding	UFM1_independent
8287	ENSG00000070061	ELP1	chr9	-							8287	28,3,21	16,5,18	14,9,3	1,1,1	395	149	0.000220351084718	0.001577726535845	0.398,0.185,0.306	0.841,0.772,0.531	-0.418					RI	chr9|-|108896495|108897038|108896495|108896644|108896890|108897038	0.001577726535845	-0.418	0.2963333333333333	0.7146666666666667	120					108896495	108896644	108896890	108897038								108896495	108897038	26,1,7,14,1,1	2,2,0,0,1,0	0,0,14,0,7,2	16,5,18,1,1,1						8287	chr9	-							8287	11,18,37	15,2,0	2,1,5	12,14,10	395	149	1.93527841985e-06	2.6991100178924136e-05	0.217,0.772,1.0	0.059,0.026,0.159	0.582					2.6991100178924136e-05	0.582	0.663	0.0813333333333333	127					108896495	108896644	108896890	108897038								108896495	108897038	0,11,3,0,1,0	1,4,7,2,0,3	10,3,27,0,0,2	15,2,0,12,14,10						0.001577726535845	-0.418	9	-	108896495	108897038	108896495	108896644	108896890	108897038	543	0	3700	0	True	False	1.0		3700	1	True	True	3700	True	1.0	True	1	False	ENST00000674836	ENST00000674836	ENST00000374647;ENST00000495759;ENST00000537196;ENST00000674535;ENST00000674704;ENST00000674890;ENST00000674938;ENST00000674948;ENST00000675052;ENST00000675078;ENST00000675215;ENST00000675233;ENST00000675321;ENST00000675325;ENST00000675335;ENST00000675400;ENST00000675406;ENST00000675458;ENST00000675507;ENST00000675535;ENST00000675566;ENST00000675602;ENST00000675647;ENST00000675711;ENST00000675727;ENST00000675748;ENST00000675765;ENST00000675825;ENST00000675877;ENST00000675893;ENST00000675943;ENST00000675979;ENST00000676044;ENST00000676086;ENST00000676121;ENST00000676237;ENST00000676416;ENST00000676424;ENST00000676429	False	False	False	0.0	False	3UTR	3UTR	UFM1_independent
8330	ENSG00000044574	HSPA5	chr9	-							8330	341,310,352	684,1481,1274	489,660,847	537,540,884	430	149	0.0	0.0	0.147,0.068,0.087	0.24,0.298,0.249	-0.162					RI	chr9|-|125238140|125238827|125238140|125238308|125238589|125238827	0.0	-0.162	0.1006666666666666	0.2623333333333333	8399					125238140	125238308	125238589	125238827								125238140	125238827	57,117,100,145,198,276	57,78,72,141,116,154	227,115,180,203,346,417	684,1481,1274,537,540,884						8330	chr9	-							8330	265,314,438	818,2400,1223	452,656,645	386,675,686	430	149	0.0	0.0	0.101,0.043,0.11	0.289,0.252,0.246	-0.178					0.0	-0.178	0.0846666666666666	0.2623333333333333	8958					125238140	125238308	125238589	125238827								125238140	125238827	52,94,128,161,208,151	90,80,97,112,151,134	123,140,213,179,297,360	818,2400,1223,386,675,686						0.0	-0.162	9	-	125238140	125238827	125238140	125238308	125238589	125238827	687	0	1104	0	True	False	0.0		1104	0	False	False	1104	True	0.0	False	3	False	ENST00000680257;ENST00000680640;ENST00000681045	ENST00000680257;ENST00000680640;ENST00000681045	ENST00000324460;ENST00000679355;ENST00000679475;ENST00000680032;ENST00000680234;ENST00000680272;ENST00000680494;ENST00000681424;ENST00000681540;ENST00000681544;ENST00000681675;ENST00000681774	False	False	False	0.0	False	NonCoding	NonCoding	UFM1_independent
8333	ENSG00000044574	HSPA5	chr9	-							8333	176,139,145	727,1534,1209	273,311,389	374,640,965	238	149	0.0	0.0	0.132,0.054,0.07	0.314,0.233,0.202	-0.164					RI	chr9|-|125238940|125239533|125238940|125239331|125239420|125239533	0.0	-0.164	0.0853333333333333	0.2496666666666666	6882					125238940	125239331	125239420	125239533								125238940	125239533	114,70,87,181,254,274	122,105,89,181,150,227	0,0,0,0,0,0	727,1534,1209,374,640,965						8333	chr9	-							8333	119,165,225	813,2502,1322	198,265,420	355,613,645	238	149	0.0	0.0	0.084,0.04,0.096	0.259,0.213,0.29	-0.181					0.0	-0.181	0.0733333333333333	0.254	7642					125238940	125239331	125239420	125239533								125238940	125239533	58,107,128,122,184,262	80,124,162,144,164,276	0,0,0,0,0,6	813,2502,1322,355,613,645						0.0	-0.164	9	-	125238940	125239533	125238940	125239331	125239420	125239533	593	0	1512	0	True	False	0.0		1512	0	False	False	1512	True	0.0	False	1	False	ENST00000681544	ENST00000681544	ENST00000324460;ENST00000679355;ENST00000679475;ENST00000680032;ENST00000680234;ENST00000680257;ENST00000680272;ENST00000680494;ENST00000680640;ENST00000681045;ENST00000681424;ENST00000681540;ENST00000681675;ENST00000681774	False	False	False	0.0	False	NonCoding	NonCoding	UFM1_independent
8335	ENSG00000044574	HSPA5	chr9	-							8335	273,273,235	396,813,588	430,540,565	239,334,441	515	149	0.0	0.0	0.166,0.089,0.104	0.342,0.319,0.27	-0.191					RI	chr9|-|125239420|125240907|125239420|125240309|125240675|125240907	0.0	-0.191	0.1196666666666666	0.3103333333333333	5127					125239420	125240309	125240675	125240907								125239420	125240907	26,38,42,88,90,94	20,49,49,52,78,57	227,186,144,290,372,414	396,813,588,239,334,441						8335	chr9	-							8335	257,259,374	400,1091,671	429,622,593	168,335,416	515	149	0.0	0.0	0.157,0.064,0.139	0.425,0.349,0.292	-0.235					0.0	-0.235	0.12	0.3553333333333333	5615					125239420	125240309	125240675	125240907								125239420	125240907	27,14,33,59,126,74	28,21,40,44,52,61	202,224,301,326,444,458	400,1091,671,168,335,416						0.0	-0.191	9	-	125239420	125240907	125239420	125240309	125240675	125240907	1487	0	1449	0	True	False	0.0		1449	0	False	False	1449	True	0.0	False	1	False	ENST00000681774	ENST00000681774	ENST00000324460;ENST00000679355;ENST00000679475;ENST00000680032;ENST00000680234;ENST00000680257;ENST00000680272;ENST00000680494;ENST00000680640;ENST00000681045;ENST00000681424;ENST00000681540;ENST00000681544;ENST00000681675	False	False	False	0.0	False	NonCoding	NonCoding	UFM1_independent
8470	ENSG00000099246	RAB18	chr10	+							8470	1180,1184,1183	83,61,62	1253,1056,1422	50,25,60	5766	149	0.0039249313464	0.0169014599832337	0.269,0.334,0.33	0.393,0.522,0.38	-0.121					RI	chr10|+|27526827|27532579|27526827|27526889|27532506|27532579	0.0169014599832337	-0.121	0.311	0.4316666666666667	7619					27526827	27526889	27532506	27532579								27526827	27532579	17,7,23,13,30,10	81,38,44,66,66,52	1082,1139,1116,1174,960,1360	83,61,62,50,25,60						8470	chr10	+							8470	741,998,939	84,69,87	1023,891,1044	42,59,25	5766	149	0.000410387494552	0.0025135193505066	0.186,0.272,0.218	0.386,0.281,0.519	-0.17					0.0025135193505066	-0.17	0.2253333333333333	0.3953333333333333	6002					27526827	27526889	27532506	27532579								27526827	27532579	13,7,8,19,12,10	21,56,79,38,73,38	707,935,852,966,806,996	84,69,87,42,59,25						0.0169014599832337	-0.121	10	+	27526827	27532579	27526827	27526889	27532506	27532579	5752	0	1335	0	True	False	0.0		1335	0	False	False	1335	True	0.0	False	1	False	ENST00000682138	ENST00000682138	ENST00000356940;ENST00000375802;ENST00000423465;ENST00000465772;ENST00000535776;ENST00000611151;ENST00000621805;ENST00000682082;ENST00000682173;ENST00000682181;ENST00000682368;ENST00000682389;ENST00000682518;ENST00000682668;ENST00000682681;ENST00000682777;ENST00000682821;ENST00000682852;ENST00000682963;ENST00000683042;ENST00000683088;ENST00000683385;ENST00000683419;ENST00000683446;ENST00000683538;ENST00000683574;ENST00000683755;ENST00000683797;ENST00000683816;ENST00000683866;ENST00000683924;ENST00000684134;ENST00000684393;ENST00000684501	False	False	False	0.0	False	Start_Codon	Start_Codon	UFM1_independent
8543	ENSG00000165637	VDAC2	chr10	+							8543	176,169,244	95,152,150	118,183,285	71,78,88	237	149	0.0120175790612	0.0414610221893672	0.538,0.411,0.506	0.511,0.596,0.671	-0.108					RI	chr10|+|75219062|75219356|75219062|75219215|75219303|75219356	0.0414610221893672	-0.108	0.485	0.5926666666666667	1809					75219062	75219215	75219303	75219356								75219062	75219356	109,108,165,85,108,157	134,125,168,83,133,227	0,0,0,0,0,0	95,152,150,71,78,88						8543	chr10	+							8543	101,161,255	105,230,135	151,147,198	74,68,101	237	149	0.00325195765562	0.0142929929274302	0.377,0.306,0.543	0.562,0.576,0.552	-0.155					0.0142929929274302	-0.155	0.4086666666666667	0.5633333333333334	1726					75219062	75219215	75219303	75219356								75219062	75219356	65,94,147,75,93,116	79,125,202,126,109,153	0,0,0,0,0,0	105,230,135,74,68,101						0.0414610221893672	-0.108	10	+	75219062	75219356	75219062	75219215	75219303	75219356	294	0	1370	0	True	False	2.0		1370	2	True	True	1370	True	2.0	True	2	False	ENST00000475142;ENST00000481876	ENST00000475142;ENST00000481876	ENST00000298468;ENST00000313132;ENST00000332211;ENST00000344036;ENST00000413289;ENST00000447677;ENST00000468285;ENST00000472137;ENST00000498394;ENST00000543351	False	False	False	0.0	False	3UTR	3UTR	UFM1_independent
