domain	pval	odds_ratio	log2_odds	count_in_set	count_in_bg	set	fdr
3-OHacyl-CoA_DH	0.042533577053855694	45.56979554737467	5.510005992693405	1	2	Lost_psI	0.0995809813488375
3-OHacyl-CoA_DH_CS	0.08326206777956274	15.190338731005676	3.925082135898749	1	4	Lost_psI	0.143148937876232
3-OHacyl-CoA_DH_NAD-bd	0.08326206777956274	15.190338731005676	3.925082135898749	1	4	Lost_psI	0.143148937876232
3-oxo-5_a-steroid_4-DH_C	0.10297341967714367	11.401765886082718	3.5111853787332947	1	5	Lost_psI	0.16498011671516424
3HC_DH_C	0.08326206777956274	15.190338731005676	3.925082135898749	1	4	Lost_psI	0.143148937876232
5-3_exonuclease_C_sf	0.004416660189239302	30.442591325330493	4.928019263619941	2	5	Lost_psI	0.07509024955889737
6-blade_b-propeller_TolB-like	0.20434848209598175	2.467201208247307	1.3028753768879469	2	39	Lost_psI	0.2711230532374619
6-Pfructokinase_euk	0.06311860365583044	22.78417108057041	4.509959979176672	1	3	Lost_psI	0.1217991804921103
6-PGluconate_DH-like_C_sf	0.262393263298141	3.506727503733698	1.8101253278573235	1	14	Lost_psI	0.3227110507948921
6hp_glycosidase-like_sf	0.3383979480793238	2.5321106586230506	1.340340454986715	1	19	Lost_psI	0.3927218160168816
6PGD_dom2	0.15960630336473663	6.513625817387964	2.703460844863677	1	8	Lost_psI	0.22189169004365825
A_deamin	0.12226190780921063	9.119186147197487	3.1889050750704473	1	6	Lost_psI	0.18526804434892652
A_deaminase	0.021497331537732554	Inf	Inf	1	1	Lost_psI	0.07509024955889737
A_deaminase_dom	0.06311860365583044	22.78417108057041	4.509959979176672	1	3	Lost_psI	0.1217991804921103
a-kinase_dom	0.12226190780921063	9.119186147197487	3.1889050750704473	1	6	Lost_psI	0.18526804434892652
A/AMP_deam_AS	0.08326206777956274	15.190338731005676	3.925082135898749	1	4	Lost_psI	0.143148937876232
Aa-tRNA-synt_II	0.004416660189239302	30.442591325330493	4.928019263619941	2	5	Lost_psI	0.07509024955889737
aa-tRNA-synth_I_CS	0.04024606842621623	7.02831224140551	2.81317828626957	2	15	Lost_psI	0.0995809813488375
aa-tRNA-synth_II	0.05623168263840915	5.710299625521827	2.5135664473242785	2	18	Lost_psI	0.1217991804921103
aa-tRNA-synth_II/BPL/LPL	0.019685930336872347	5.721304579156285	2.5163441496754064	3	27	Lost_psI	0.07509024955889737
AAA_6	0.2937880012091687	3.0388800646030734	1.603539737177806	1	16	Lost_psI	0.3488732514358878
AAA_lid_3	0.43185711330047555	1.8224392143755352	0.8658706957146555	1	26	Lost_psI	0.48339293195717886
AAA+_ATPase	0.23113438647818088	1.6938147081433685	0.7602760622358581	5	140	Lost_psI	0.29327154174714387
AB_hydrolase_1	0.028412313292852324	4.902807768153079	2.2936081967920523	3	31	Lost_psI	0.09754155484554235
AB_hydrolase_fold	0.32831106009473243	1.5886106279066048	0.6677655601646622	4	119	Lost_psI	0.38341764464964023
ABC_transporter_sub-D	0.08326206777956274	15.190338731005676	3.925082135898749	1	4	Lost_psI	0.143148937876232
ABC_transporter-like_ATP-bd	0.29206940575322415	1.9006782863809257	0.9265143584352229	2	50	Lost_psI	0.3488732514358878
ABC_transporter-like_CS	0.25207426309915554	2.1221835513167764	1.0855494428324404	2	45	Lost_psI	0.3139277797587803
ABC1_dom	0.004416660189239302	30.442591325330493	4.928019263619941	2	5	Lost_psI	0.07509024955889737
ABC1_TM_dom	0.4560533005390397	1.687359382110292	0.7547672786464029	1	28	Lost_psI	0.5043813368648185
ABC1_TM_sf	0.4560533005390397	1.687359382110292	0.7547672786464029	1	28	Lost_psI	0.5043813368648185
ABC2_TM	0.3089818000150816	2.848840622462989	1.510374912776567	1	17	Lost_psI	0.3637101093108427
ABCG_dom	0.10297341967714367	11.401765886082718	3.5111853787332947	1	5	Lost_psI	0.16498011671516424
ABCG_transporters	0.10297341967714367	11.401765886082718	3.5111853787332947	1	5	Lost_psI	0.16498011671516424
ABHD16_N	0.021497331537732554	Inf	Inf	1	1	Lost_psI	0.07509024955889737
ABM_dom	0.06311860365583044	22.78417108057041	4.509959979176672	1	3	Lost_psI	0.1217991804921103
ABTB1	0.021497331537732554	Inf	Inf	1	1	Lost_psI	0.07509024955889737
ACAD10_11_N	0.042533577053855694	45.56979554737467	5.510005992693405	1	2	Lost_psI	0.0995809813488375
ACAD10-like	0.06311860365583044	22.78417108057041	4.509959979176672	1	3	Lost_psI	0.1217991804921103
ACAD9/ACADV-like_C	0.042533577053855694	45.56979554737467	5.510005992693405	1	2	Lost_psI	0.0995809813488375
ACD	0.021497331537732554	Inf	Inf	1	1	Lost_psI	0.07509024955889737
Acid_ceramidase_N	0.042533577053855694	45.56979554737467	5.510005992693405	1	2	Lost_psI	0.0995809813488375
Acid_ceramidase-like	0.042533577053855694	45.56979554737467	5.510005992693405	1	2	Lost_psI	0.0995809813488375
Acyl_CoA_acyltransferase	0.6243193724730651	1.0345781164737673	0.04904258091037534	1	45	Lost_psI	0.6642076884458598
Acyl_Trfase/lysoPLipase	0.323849453978415	2.6810895986692156	1.422819433194331	1	18	Lost_psI	0.37853708375548106
Acyl-CoA_dehydrogenase	0.08326206777956274	15.190338731005676	3.925082135898749	1	4	Lost_psI	0.143148937876232
Acyl-CoA_DH_CS	0.17767973698829845	5.699345864791639	2.5107963452815727	1	9	Lost_psI	0.24202331821384035
Acyl-CoA_Oxase/DH_mid-dom	0.03537367394547521	7.615923020356415	2.9290188963570802	2	14	Lost_psI	0.0995809813488375
Acyl-CoA_Oxase/DH_mid-dom_sf	0.04024606842621623	7.02831224140551	2.81317828626957	2	15	Lost_psI	0.0995809813488375
Acyl-CoA-binding_prot_CS	0.004416660189239302	30.442591325330493	4.928019263619941	2	5	Lost_psI	0.07509024955889737
Acyl-CoA-binding_protein	0.00901385580075974	18.276851163285787	4.191945631234113	2	7	Lost_psI	0.07509024955889737
Acyl-CoA-binding_sf	0.00901385580075974	18.276851163285787	4.191945631234113	2	7	Lost_psI	0.07509024955889737
AcylCo_DH-like_C	0.04024606842621623	7.02831224140551	2.81317828626957	2	15	Lost_psI	0.0995809813488375
AcylCo_DH/oxidase_C	0.022304073592008585	10.152734893142915	3.3437965006526538	2	11	Lost_psI	0.07723046042840356
AcylCoA_DH/ox_N	0.022304073592008585	10.152734893142915	3.3437965006526538	2	11	Lost_psI	0.07723046042840356
AcylCoA_DH/ox_N_sf	0.03537367394547521	7.615923020356415	2.9290188963570802	2	14	Lost_psI	0.0995809813488375
AcylCoA_DH/oxidase_NM_dom_sf	0.04024606842621623	7.02831224140551	2.81317828626957	2	15	Lost_psI	0.0995809813488375
ADAM_Metalloproteinase	0.042533577053855694	45.56979554737467	5.510005992693405	1	2	Lost_psI	0.0995809813488375
ADAM10_ADAM17	0.042533577053855694	45.56979554737467	5.510005992693405	1	2	Lost_psI	0.0995809813488375
ADAM17_MPD	0.021497331537732554	Inf	Inf	1	1	Lost_psI	0.07509024955889737
Adaptor_Complx_Large_Subunit	0.10297341967714367	11.401765886082718	3.5111853787332947	1	5	Lost_psI	0.16498011671516424
ADAR1_DSRM_1	0.021497331537732554	Inf	Inf	1	1	Lost_psI	0.07509024955889737
ADAR1_DSRM_3	0.021497331537732554	Inf	Inf	1	1	Lost_psI	0.07509024955889737
ADCK3_dom	4.610860216093869e-4	Inf	Inf	2	2	Lost_psI	0.020706954061367012
ADD	0.08326206777956274	15.190338731005676	3.925082135898749	1	4	Lost_psI	0.143148937876232
Adenyl_kin_sub	0.08326206777956274	15.190338731005676	3.925082135898749	1	4	Lost_psI	0.143148937876232
Adenylat_kinase_CS	0.14113658314395244	7.600585107166876	2.926110484176725	1	7	Lost_psI	0.2040628450920366
Adenylat/UMP-CMP_kin	0.19536536739538632	5.065907244926264	2.3408206620267338	1	10	Lost_psI	0.26037003100716055
Adenylate_kinase_lid-dom	0.08326206777956274	15.190338731005676	3.925082135898749	1	4	Lost_psI	0.143148937876232
ADF-H	0.001431517120745977	17.1734441453704	4.102107496671176	3	11	Lost_psI	0.04821609938512586
ADF-H/Gelsolin-like_dom_sf	0.01597470783604994	6.241907107734947	2.641986887182254	3	25	Lost_psI	0.07509024955889737
ADH_Fe_C	0.021497331537732554	Inf	Inf	1	1	Lost_psI	0.07509024955889737
ADH_Fe/GldA	4.610860216093869e-4	Inf	Inf	2	2	Lost_psI	0.020706954061367012
Adipolin/Erythroferrone-rel	0.042533577053855694	45.56979554737467	5.510005992693405	1	2	Lost_psI	0.0995809813488375
Ado/ade_deaminase	0.06311860365583044	22.78417108057041	4.509959979176672	1	3	Lost_psI	0.1217991804921103
Aftin-like	0.042533577053855694	45.56979554737467	5.510005992693405	1	2	Lost_psI	0.0995809813488375
AGC-kinase_C	0.34749375834044616	1.6581677231000846	0.7295899423261629	2	57	Lost_psI	0.40296224558727795
AIP3-like_C	0.042533577053855694	45.56979554737467	5.510005992693405	1	2	Lost_psI	0.0995809813488375
AK2	0.021497331537732554	Inf	Inf	1	1	Lost_psI	0.07509024955889737
AKAP9/Pericentrin	0.042533577053855694	45.56979554737467	5.510005992693405	1	2	Lost_psI	0.0995809813488375
AKAP95	0.06311860365583044	22.78417108057041	4.509959979176672	1	3	Lost_psI	0.1217991804921103
AKIP1	0.021497331537732554	Inf	Inf	1	1	Lost_psI	0.07509024955889737
Ala_tRNA_ligase_euk/bac	0.042533577053855694	45.56979554737467	5.510005992693405	1	2	Lost_psI	0.0995809813488375
Ala-tRNA_ligase	0.042533577053855694	45.56979554737467	5.510005992693405	1	2	Lost_psI	0.0995809813488375
Ala-tRNA-lgiase_IIc	0.042533577053855694	45.56979554737467	5.510005992693405	1	2	Lost_psI	0.0995809813488375
Ala-tRNA-ligase_IIc_anticod-bd	0.042533577053855694	45.56979554737467	5.510005992693405	1	2	Lost_psI	0.0995809813488375
Ala-tRNA-synth_IIc_core	0.08326206777956274	15.190338731005676	3.925082135898749	1	4	Lost_psI	0.143148937876232
Ala-tRNA-synth_IIc_N	0.042533577053855694	45.56979554737467	5.510005992693405	1	2	Lost_psI	0.0995809813488375
Alcohol_dehydrogenase_Fe	4.610860216093869e-4	Inf	Inf	2	2	Lost_psI	0.020706954061367012
Aldolase_II/adducin_N	0.08326206777956274	15.190338731005676	3.925082135898749	1	4	Lost_psI	0.143148937876232
Aldolase_II/adducin_N_sf	0.08326206777956274	15.190338731005676	3.925082135898749	1	4	Lost_psI	0.143148937876232
Aldolase_TIM	0.27608265358433204	1.9834874852888291	0.988039294902552	2	48	Lost_psI	0.33663892534752354
Aldolase-II_Adducin_sf	0.06311860365583044	22.78417108057041	4.509959979176672	1	3	Lost_psI	0.1217991804921103
Alkyl-DHAP_Synthase	0.021497331537732554	Inf	Inf	1	1	Lost_psI	0.07509024955889737
Alpha_tubulin	0.19536536739538632	5.065907244926264	2.3408206620267338	1	10	Lost_psI	0.26037003100716055
ALPK1	0.021497331537732554	Inf	Inf	1	1	Lost_psI	0.07509024955889737
Amino_oxidase	0.018509063324506286	11.426198503547344	3.5142735936008167	2	10	Lost_psI	0.07509024955889737
Aminoacid_DH-like_N_sf	0.17767973698829845	5.699345864791639	2.5107963452815727	1	9	Lost_psI	0.24202331821384035
Aminoglycoside_PTrfase	0.06311860365583044	22.78417108057041	4.509959979176672	1	3	Lost_psI	0.1217991804921103
Aminopeptidase_N-like_N	0.2126714967757242	4.559283994929339	2.1888072765673168	1	11	Lost_psI	0.2745463050711004
Aminopeptidase_N-like_N_sf	0.24617757834437926	3.7992978758132265	1.9257328278522443	1	13	Lost_psI	0.30735903210309184
AMP-bd_C	0.35263411804326855	2.398673869612164	1.2622370181242757	1	20	Lost_psI	0.4073295112549681
AMP-bd_C_sf	0.3935348678966451	2.0713475242798784	1.050569624776934	1	23	Lost_psI	0.4479406100021721
AMP-binding_CS	0.43185711330047555	1.8224392143755352	0.8658706957146555	1	26	Lost_psI	0.48339293195717886
AMP-dep_synth/lig_dom	0.4792213045494008	1.5708209381355556	0.6515187335364837	1	30	Lost_psI	0.5260784987720089
AMPK_gamma/SDS23_families	0.001363523849906186	91.36065114984439	6.5135010280673615	2	3	Lost_psI	0.04821609938512586
ANKRD13	0.08326206777956274	15.190338731005676	3.925082135898749	1	4	Lost_psI	0.143148937876232
ANKRD13_C	0.08326206777956274	15.190338731005676	3.925082135898749	1	4	Lost_psI	0.143148937876232
ANKS3_SAM	0.021497331537732554	Inf	Inf	1	1	Lost_psI	0.07509024955889737
Ankyrin_rpt	0.11821688888600282	1.7219135750937826	0.7840127339585687	9	249	Lost_psI	0.18526804434892652
Ankyrin_rpt-contain_sf	0.1256894278591442	1.6793954960232695	0.7479420235808688	9	255	Lost_psI	0.1902673463608291
ANKZ1/VMS1	0.021497331537732554	Inf	Inf	1	1	Lost_psI	0.07509024955889737
ANL_N_sf	0.4792213045494008	1.5708209381355556	0.6515187335364837	1	30	Lost_psI	0.5260784987720089
AP1_complex_gsu	0.042533577053855694	45.56979554737467	5.510005992693405	1	2	Lost_psI	0.0995809813488375
AP3_complex_dsu	0.021497331537732554	Inf	Inf	1	1	Lost_psI	0.07509024955889737
AP3D_dom_metazoa	0.021497331537732554	Inf	Inf	1	1	Lost_psI	0.07509024955889737
APC_su10/DOC_dom	0.011848541598463203	15.234302678846847	3.9292515598088023	2	8	Lost_psI	0.07509024955889737
Archaemetzincin	0.042533577053855694	45.56979554737467	5.510005992693405	1	2	Lost_psI	0.0995809813488375
Arf-Rho-GAP_ANK-PH_domain	0.06311860365583044	22.78417108057041	4.509959979176672	1	3	Lost_psI	0.1217991804921103
Arf1-5-like	0.08326206777956274	15.190338731005676	3.925082135898749	1	4	Lost_psI	0.143148937876232
ArfGAP_dom	0.44408652868116216	1.7523470592519452	0.8092885346853941	1	27	Lost_psI	0.49372560803111953
ArfGAP_dom_sf	0.44408652868116216	1.7523470592519452	0.8092885346853941	1	27	Lost_psI	0.49372560803111953
ARFGAP/RecO	0.44408652868116216	1.7523470592519452	0.8092885346853941	1	27	Lost_psI	0.49372560803111953
Arg_succ_lyase_C	0.042533577053855694	45.56979554737467	5.510005992693405	1	2	Lost_psI	0.0995809813488375
Arg-tRNA-ligase	0.042533577053855694	45.56979554737467	5.510005992693405	1	2	Lost_psI	0.0995809813488375
Arg-tRNA-synth_N_sf	0.042533577053855694	45.56979554737467	5.510005992693405	1	2	Lost_psI	0.0995809813488375
Argininosuccinate_lyase	0.042533577053855694	45.56979554737467	5.510005992693405	1	2	Lost_psI	0.0995809813488375
ArgRS_core	0.042533577053855694	45.56979554737467	5.510005992693405	1	2	Lost_psI	0.0995809813488375
ARM_CUL7_CUL9	0.042533577053855694	45.56979554737467	5.510005992693405	1	2	Lost_psI	0.0995809813488375
ARM-like	0.6500268357799143	1.1745401313824475	0.2320960078220715	6	239	Lost_psI	0.6905661438178013
ARM-type_fold	0.060045020940043076	1.763329675210798	0.8183022286725599	13	353	Lost_psI	0.1217991804921103
Asn-tRNA-ligase	4.610860216093869e-4	Inf	Inf	2	2	Lost_psI	0.020706954061367012
AsnRS_N	0.021497331537732554	Inf	Inf	1	1	Lost_psI	0.07509024955889737
Asp/Asn-tRNA-synth_IIb	0.002688211284633686	45.67366476797829	5.513290648353738	2	4	Lost_psI	0.07509024955889737
Ataxin-7-like_regulator	0.06311860365583044	22.78417108057041	4.509959979176672	1	3	Lost_psI	0.1217991804921103
Atg1-like	0.06311860365583044	22.78417108057041	4.509959979176672	1	3	Lost_psI	0.1217991804921103
ATP_PFK	0.06311860365583044	22.78417108057041	4.509959979176672	1	3	Lost_psI	0.1217991804921103
ATP-dep_Zn_Metalloprotease	0.042533577053855694	45.56979554737467	5.510005992693405	1	2	Lost_psI	0.0995809813488375
ATP-NAD_kinase_N	0.050687220314566184	6.091185931788106	2.606723142966094	2	17	Lost_psI	0.11628244660400476
ATP12_ATP_synth-F1-assembly	0.021497331537732554	Inf	Inf	1	1	Lost_psI	0.07509024955889737
ATP12_ATP_synth-F1-assembly_N	0.021497331537732554	Inf	Inf	1	1	Lost_psI	0.07509024955889737
ATP12_ortho_dom_sf	0.021497331537732554	Inf	Inf	1	1	Lost_psI	0.07509024955889737
ATPase_AAA_core	0.9999999999999996	0.8922527533243619	-0.16447564672035023	1	52	Lost_psI	1
ATPase_NBD	0.9999999999999999	0.6889460125952405	-0.5375371604523593	1	67	Lost_psI	1
ATPase_P-typ_cation-transptr_C	0.3089818000150816	2.848840622462989	1.510374912776567	1	17	Lost_psI	0.3637101093108427
ATPase_P-typ_TM_dom_sf	0.5624561673918677	1.2307190526617946	0.29950146239813147	1	38	Lost_psI	0.6049056894591784
ATPase_Vma12	0.021497331537732554	Inf	Inf	1	1	Lost_psI	0.07509024955889737
ATRIP	0.021497331537732554	Inf	Inf	1	1	Lost_psI	0.07509024955889737
ATXN2-like	0.042533577053855694	45.56979554737467	5.510005992693405	1	2	Lost_psI	0.0995809813488375
Atypical_kinase_ADCK	4.610860216093869e-4	Inf	Inf	2	2	Lost_psI	0.020706954061367012
B30.2/SPRY	0.16034797569401948	1.9456035744977318	0.960217784441738	4	98	Lost_psI	0.22271387064530168
B30.2/SPRY_sf	0.2914564814962238	1.8100451226364496	0.8560256627186541	4	105	Lost_psI	0.3488732514358878
BAG6	0.021497331537732554	Inf	Inf	1	1	Lost_psI	0.07509024955889737
Bag6_BAGS	0.021497331537732554	Inf	Inf	1	1	Lost_psI	0.07509024955889737
Band_41_domain	0.9999999999999999	0.8750500413610042	-0.19256257238921345	1	53	Lost_psI	1
Bardet-Biedl_syndrome_2_prot	0.021497331537732554	Inf	Inf	1	1	Lost_psI	0.07509024955889737
Bbox_C	0.004485626005234039	10.569430809870124	3.40182578098466	3	16	Lost_psI	0.07509024955889737
BBS2_CtH_dom	0.021497331537732554	Inf	Inf	1	1	Lost_psI	0.07509024955889737
BBS2_GAE_dom	0.021497331537732554	Inf	Inf	1	1	Lost_psI	0.07509024955889737
BBS2_hp_dom	0.021497331537732554	Inf	Inf	1	1	Lost_psI	0.07509024955889737
BBS2_Mid	0.021497331537732554	Inf	Inf	1	1	Lost_psI	0.07509024955889737
BBS2_N	0.021497331537732554	Inf	Inf	1	1	Lost_psI	0.07509024955889737
BBS2_pf_dom	0.021497331537732554	Inf	Inf	1	1	Lost_psI	0.07509024955889737
Bcl-2_BH1-3	0.2126714967757242	4.559283994929339	2.1888072765673168	1	11	Lost_psI	0.2745463050711004
Bcl-2_fam	0.19536536739538632	5.065907244926264	2.3408206620267338	1	10	Lost_psI	0.26037003100716055
Bcl-2-like_sf	0.2782609200747074	3.2560903985150427	1.703140753559613	1	15	Lost_psI	0.33663892534752354
Bcl2_BH1_motif_CS	0.17767973698829845	5.699345864791639	2.5107963452815727	1	9	Lost_psI	0.24202331821384035
Bcl2_BH2_motif_CS	0.15960630336473663	6.513625817387964	2.703460844863677	1	8	Lost_psI	0.22189169004365825
Bcl2_BH3_motif_CS	0.15960630336473663	6.513625817387964	2.703460844863677	1	8	Lost_psI	0.22189169004365825
Bcl2-like	0.22960624998910173	4.144636658813102	2.0512456328417734	1	12	Lost_psI	0.29183230058649123
BEACH_dom	0.015018834376243647	13.05247304218468	3.7062512739182223	2	9	Lost_psI	0.07509024955889737
BEACH_dom_sf	0.015018834376243647	13.05247304218468	3.7062512739182223	2	9	Lost_psI	0.07509024955889737
BEACH_Domain	0.12226190780921063	9.119186147197487	3.1889050750704473	1	6	Lost_psI	0.18526804434892652
Beta_Casp	0.08326206777956274	15.190338731005676	3.925082135898749	1	4	Lost_psI	0.143148937876232
Beta-grasp_dom_sf	0.262393263298141	3.506727503733698	1.8101253278573235	1	14	Lost_psI	0.3227110507948921
Beta-prop_IFT122_1st	0.021497331537732554	Inf	Inf	1	1	Lost_psI	0.07509024955889737
Beta-prop_IFT122_2nd	0.021497331537732554	Inf	Inf	1	1	Lost_psI	0.07509024955889737
Beta-prop_IFT140_1st	0.021497331537732554	Inf	Inf	1	1	Lost_psI	0.07509024955889737
Beta-prop_IFT140_2nd	0.021497331537732554	Inf	Inf	1	1	Lost_psI	0.07509024955889737
Beta-prop_WDR90_POC16_2nd	0.021497331537732554	Inf	Inf	1	1	Lost_psI	0.07509024955889737
Beta-thymosin	0.12226190780921063	9.119186147197487	3.1889050750704473	1	6	Lost_psI	0.18526804434892652
Beta-thymosin_sf	0.12226190780921063	9.119186147197487	3.1889050750704473	1	6	Lost_psI	0.18526804434892652
bHLH_dom	0.3164861104799207	1.6461999548372075	0.7191395826196036	4	115	Lost_psI	0.3713637495892656
Boi1/Boi2-like	0.10297341967714367	11.401765886082718	3.5111853787332947	1	5	Lost_psI	0.16498011671516424
BRcat_RBR_CUL9	0.021497331537732554	Inf	Inf	1	1	Lost_psI	0.07509024955889737
BRCT_dom	0.4065872234312772	1.9812004740415021	0.9863748712784044	1	24	Lost_psI	0.4606745146216764
BRCT_dom_sf	0.10005729779697693	3.9713113209358535	1.9896154617350017	2	25	Lost_psI	0.16498011671516424
Bromodomain	0.6075934335725185	1.0839263629188065	0.1162667498095201	1	43	Lost_psI	0.6496778272398791
Bromodomain-like_sf	0.6160472589314224	1.0587110279319454	0.08230886368342924	1	44	Lost_psI	0.6568216098822791
BTB/POZ_dom	0.5986408618141287	0.5091649782744214	-0.9737949046493108	2	180	Lost_psI	0.6410301713934528
BTN3A2-like_Ig-C	0.262393263298141	3.506727503733698	1.8101253278573235	1	14	Lost_psI	0.3227110507948921
C1_DGKalpha_rpt2	0.021497331537732554	Inf	Inf	1	1	Lost_psI	0.07509024955889737
C1_DGKzeta_rpt1	0.021497331537732554	Inf	Inf	1	1	Lost_psI	0.07509024955889737
C1_DGKzeta_rpt2	0.021497331537732554	Inf	Inf	1	1	Lost_psI	0.07509024955889737
C1-like_sf	0.9999999999999999	0.7335426843186321	-0.4470471771644048	1	63	Lost_psI	1
C1q_dom	0.5226452943701955	1.3801492522101289	0.46482429148178156	1	34	Lost_psI	0.5661990689010451
C2_cPLA2	0.12226190780921063	9.119186147197487	3.1889050750704473	1	6	Lost_psI	0.18526804434892652
C2_Dock-D	0.06311860365583044	22.78417108057041	4.509959979176672	1	3	Lost_psI	0.1217991804921103
C2_DOCK-type_domain	0.2126714967757242	4.559283994929339	2.1888072765673168	1	11	Lost_psI	0.2745463050711004
C2_dom	0.9999999999999999	0.9479190863216197	-0.0771641778994311	3	147	Lost_psI	1
C2_domain_sf	0.4286957929716691	1.3507122860432939	0.43372040027154035	5	174	Lost_psI	0.4820388203217099
C2_Freud	0.042533577053855694	45.56979554737467	5.510005992693405	1	2	Lost_psI	0.0995809813488375
C2_III	0.22960624998910173	4.144636658813102	2.0512456328417734	1	12	Lost_psI	0.29183230058649123
C5_DNA_meth_AS	0.06311860365583044	22.78417108057041	4.509959979176672	1	3	Lost_psI	0.1217991804921103
C5_MeTfrase	0.08326206777956274	15.190338731005676	3.925082135898749	1	4	Lost_psI	0.143148937876232
CAB1-4_N_A-dom	0.08326206777956274	15.190338731005676	3.925082135898749	1	4	Lost_psI	0.143148937876232
CACNB3_SH3	0.021497331537732554	Inf	Inf	1	1	Lost_psI	0.07509024955889737
Cadherin_CELSR1-3_9th	0.08326206777956274	15.190338731005676	3.925082135898749	1	4	Lost_psI	0.143148937876232
Cadherin_CS	0.734416764135936	0.41624871114805984	-1.2644822897861803	1	110	Lost_psI	0.7702800031489435
Cadherin-like_dom	0.5237632945807101	0.39789056460435523	-1.32955640686326	1	115	Lost_psI	0.5669957652071675
Cadherin-like_sf	0.5241657882458637	0.39099042484096985	-1.3547948177987157	1	117	Lost_psI	0.5670172979418758
CALM/Myosin/TropC-like	0.2937880012091687	3.0388800646030734	1.603539737177806	1	16	Lost_psI	0.3488732514358878
Calpain_cysteine_protease	0.262393263298141	3.506727503733698	1.8101253278573235	1	14	Lost_psI	0.3227110507948921
Calpain_domain_III	0.24617757834437926	3.7992978758132265	1.9257328278522443	1	13	Lost_psI	0.30735903210309184
Calpain_III	0.22960624998910173	4.144636658813102	2.0512456328417734	1	12	Lost_psI	0.29183230058649123
Calpain_III_sf	0.24617757834437926	3.7992978758132265	1.9257328278522443	1	13	Lost_psI	0.30735903210309184
CAP-Gly_dom_sf	0.001431517120745977	17.1734441453704	4.102107496671176	3	11	Lost_psI	0.04821609938512586
CAP-Gly_domain	0.001431517120745977	17.1734441453704	4.102107496671176	3	11	Lost_psI	0.04821609938512586
Cation/H_exchanger_CPA1	0.2126714967757242	4.559283994929339	2.1888072765673168	1	11	Lost_psI	0.2745463050711004
Cation/H_exchanger_TM	0.262393263298141	3.506727503733698	1.8101253278573235	1	14	Lost_psI	0.3227110507948921
CBAH/NAAA_C	0.042533577053855694	45.56979554737467	5.510005992693405	1	2	Lost_psI	0.0995809813488375
CBS_dom	0.05623168263840915	5.710299625521827	2.5135664473242785	2	18	Lost_psI	0.1217991804921103
CBS_dom_sf	0.061976560162057624	5.373546048843938	2.4258744492364457	2	19	Lost_psI	0.1217991804921103
CC2D1A/B	0.042533577053855694	45.56979554737467	5.510005992693405	1	2	Lost_psI	0.0995809813488375
CC2D1A/B_DM14	0.042533577053855694	45.56979554737467	5.510005992693405	1	2	Lost_psI	0.0995809813488375
CCDC14	0.021497331537732554	Inf	Inf	1	1	Lost_psI	0.07509024955889737
CCDC24	0.021497331537732554	Inf	Inf	1	1	Lost_psI	0.07509024955889737
CCDC28	0.042533577053855694	45.56979554737467	5.510005992693405	1	2	Lost_psI	0.0995809813488375
CCT	0.06311860365583044	22.78417108057041	4.509959979176672	1	3	Lost_psI	0.1217991804921103
CDCA7/CDA7L	0.042533577053855694	45.56979554737467	5.510005992693405	1	2	Lost_psI	0.0995809813488375
cDENN_dom	0.050687220314566184	6.091185931788106	2.606723142966094	2	17	Lost_psI	0.11628244660400476
CDIRP	0.021497331537732554	Inf	Inf	1	1	Lost_psI	0.07509024955889737
CDK	0.10691406280515195	3.8058116755687763	1.928204173949013	2	26	Lost_psI	0.17073991495391724
CDK11/PITSLRE_STKc	0.042533577053855694	45.56979554737467	5.510005992693405	1	2	Lost_psI	0.0995809813488375
Cell_Adh-Cytoskel_Orgn	0.2126714967757242	4.559283994929339	2.1888072765673168	1	11	Lost_psI	0.2745463050711004
CENP-I	0.021497331537732554	Inf	Inf	1	1	Lost_psI	0.07509024955889737
Centrosomal_kizuma	0.021497331537732554	Inf	Inf	1	1	Lost_psI	0.07509024955889737
CFA20_dom	0.06311860365583044	22.78417108057041	4.509959979176672	1	3	Lost_psI	0.1217991804921103
CH_dom	0.6937618795252171	1.153039311423801	0.20544170069944534	2	81	Lost_psI	0.732304206165507
CH_dom_sf	0.699570261360481	1.1244560689210936	0.16922729794299993	2	83	Lost_psI	0.7379096991716959
Chaperonin_GroES	4.610860216093869e-4	Inf	Inf	2	2	Lost_psI	0.020706954061367012
Chaperonin_GroES_sf	4.610860216093869e-4	Inf	Inf	2	2	Lost_psI	0.020706954061367012
Chaprnonin_Cpn10_CS	4.610860216093869e-4	Inf	Inf	2	2	Lost_psI	0.020706954061367012
Chromo/chromo_shadow_dom	0.5121403222932774	1.4233439483619605	0.5092843285101274	1	33	Lost_psI	0.5564457167438689
CIDE-N_dom	0.10297341967714367	11.401765886082718	3.5111853787332947	1	5	Lost_psI	0.16498011671516424
Cilia_flagella_integrity	0.011848541598463203	15.234302678846847	3.9292515598088023	2	8	Lost_psI	0.07509024955889737
CinA	0.021497331537732554	Inf	Inf	1	1	Lost_psI	0.07509024955889737
Clathrin_a/b/g-adaptin_app_Ig	0.17767973698829845	5.699345864791639	2.5107963452815727	1	9	Lost_psI	0.24202331821384035
Clathrin_app_Ig-like_sf	0.24617757834437926	3.7992978758132265	1.9257328278522443	1	13	Lost_psI	0.30735903210309184
Clathrin-bd	0.042533577053855694	45.56979554737467	5.510005992693405	1	2	Lost_psI	0.0995809813488375
Clathrin/coatomer_adapt-like_N	0.03537367394547521	7.615923020356415	2.9290188963570802	2	14	Lost_psI	0.0995809813488375
CLK_kinases	0.08326206777956274	15.190338731005676	3.925082135898749	1	4	Lost_psI	0.143148937876232
ClpP/crotonase-like_dom_sf	0.014281213418527026	6.53939102339764	2.70915629192657	3	24	Lost_psI	0.07509024955889737
CLPTM1	0.042533577053855694	45.56979554737467	5.510005992693405	1	2	Lost_psI	0.0995809813488375
Clx_II_MBL	0.06311860365583044	22.78417108057041	4.509959979176672	1	3	Lost_psI	0.1217991804921103
Cnd1_C	0.06311860365583044	22.78417108057041	4.509959979176672	1	3	Lost_psI	0.1217991804921103
CND1/NCAPD3	0.042533577053855694	45.56979554737467	5.510005992693405	1	2	Lost_psI	0.0995809813488375
CNH_dom	0.2782609200747074	3.2560903985150427	1.703140753559613	1	15	Lost_psI	0.33663892534752354
Coagulation_fac_XII/HGFA	0.042533577053855694	45.56979554737467	5.510005992693405	1	2	Lost_psI	0.0995809813488375
CobW-likC_sf	0.10297341967714367	11.401765886082718	3.5111853787332947	1	5	Lost_psI	0.16498011671516424
CobW-like_C	0.10297341967714367	11.401765886082718	3.5111853787332947	1	5	Lost_psI	0.16498011671516424
CobW/HypB/UreG_nucleotide-bd	0.10297341967714367	11.401765886082718	3.5111853787332947	1	5	Lost_psI	0.16498011671516424
COMM	0.001431517120745977	17.1734441453704	4.102107496671176	3	11	Lost_psI	0.04821609938512586
COMMD4	0.021497331537732554	Inf	Inf	1	1	Lost_psI	0.07509024955889737
COMMD4/6/7/8	9.553792772526686e-5	68.61081867319749	6.100364175885368	3	5	Lost_psI	0.020706954061367012
COMMD7	4.610860216093869e-4	Inf	Inf	2	2	Lost_psI	0.020706954061367012
Compl-Cell_Adhes-Reg	0.24617757834437926	3.7992978758132265	1.9257328278522443	1	13	Lost_psI	0.30735903210309184
ConA-like_dom_sf	0.49536421866145053	1.2334335801176637	0.3026800292052447	6	228	Lost_psI	0.5421933323901549
Coronavir_polyprotein_1ab	0.06311860365583044	22.78417108057041	4.509959979176672	1	3	Lost_psI	0.1217991804921103
CPH_domain	0.06311860365583044	22.78417108057041	4.509959979176672	1	3	Lost_psI	0.1217991804921103
cPLA2_C2	0.10297341967714367	11.401765886082718	3.5111853787332947	1	5	Lost_psI	0.16498011671516424
Creatin/AminoP/Spt16_N	0.10297341967714367	11.401765886082718	3.5111853787332947	1	5	Lost_psI	0.16498011671516424
Creatinase_N	0.042533577053855694	45.56979554737467	5.510005992693405	1	2	Lost_psI	0.0995809813488375
Creatinase/aminopeptidase-like	0.19536536739538632	5.065907244926264	2.3408206620267338	1	10	Lost_psI	0.26037003100716055
Csk-like_SH2	0.042533577053855694	45.56979554737467	5.510005992693405	1	2	Lost_psI	0.0995809813488375
CTC1	0.021497331537732554	Inf	Inf	1	1	Lost_psI	0.07509024955889737
CTC1-like	0.021497331537732554	Inf	Inf	1	1	Lost_psI	0.07509024955889737
CTSZ	0.021497331537732554	Inf	Inf	1	1	Lost_psI	0.07509024955889737
CUL7/CUL9_N	0.042533577053855694	45.56979554737467	5.510005992693405	1	2	Lost_psI	0.0995809813488375
Cullin	0.011848541598463203	15.234302678846847	3.9292515598088023	2	8	Lost_psI	0.07509024955889737
Cullin_CS	0.00901385580075974	18.276851163285787	4.191945631234113	2	7	Lost_psI	0.07509024955889737
Cullin_homology	0.015018834376243647	13.05247304218468	3.7062512739182223	2	9	Lost_psI	0.07509024955889737
Cullin_homology_sf	0.015018834376243647	13.05247304218468	3.7062512739182223	2	9	Lost_psI	0.07509024955889737
Cullin_N	0.018509063324506286	11.426198503547344	3.5142735936008167	2	10	Lost_psI	0.07509024955889737
Cullin_neddylation_domain	0.011848541598463203	15.234302678846847	3.9292515598088023	2	8	Lost_psI	0.07509024955889737
Cullin_repeat-like_dom_sf	0.24617757834437926	3.7992978758132265	1.9257328278522443	1	13	Lost_psI	0.30735903210309184
Cupin_8	0.015018834376243647	13.05247304218468	3.7062512739182223	2	9	Lost_psI	0.07509024955889737
Cyclin_PHO80-like	0.021497331537732554	Inf	Inf	1	1	Lost_psI	0.07509024955889737
Cyclophilin_A-like	0.004416660189239302	30.442591325330493	4.928019263619941	2	5	Lost_psI	0.07509024955889737
Cyclophilin-like_dom_sf	0.014281213418527026	6.53939102339764	2.70915629192657	3	24	Lost_psI	0.07509024955889737
Cyclophilin-type_PPIase	0.24617757834437926	3.7992978758132265	1.9257328278522443	1	13	Lost_psI	0.30735903210309184
Cyclophilin-type_PPIase_CS	0.009840166762064789	7.631333720988767	2.931935217545449	3	21	Lost_psI	0.07509024955889737
Cyclophilin-type_PPIase_dom	0.014281213418527026	6.53939102339764	2.70915629192657	3	24	Lost_psI	0.07509024955889737
Cyt_b558_asu	0.021497331537732554	Inf	Inf	1	1	Lost_psI	0.07509024955889737
Cyt_trans-like	0.14113658314395244	7.600585107166876	2.926110484176725	1	7	Lost_psI	0.2040628450920366
DAG_kinase_typeI_N	0.06311860365583044	22.78417108057041	4.509959979176672	1	3	Lost_psI	0.1217991804921103
DALR_anticod-bd	0.06311860365583044	22.78417108057041	4.509959979176672	1	3	Lost_psI	0.1217991804921103
DBL_dom_sf	1.0000000000000002	0.6494459456688491	-0.6227186418250719	1	71	Lost_psI	1
DCAF8	0.12226190780921063	9.119186147197487	3.1889050750704473	1	6	Lost_psI	0.18526804434892652
dDENN_dom	0.04535470305778515	6.526478385083349	2.7063047395739033	2	16	Lost_psI	0.1053537146263912
DDHD_dom	0.12226190780921063	9.119186147197487	3.1889050750704473	1	6	Lost_psI	0.18526804434892652
DEAD/DEAH_box_helicase_dom	0.02153397844975127	3.3249455958747816	1.7333307348382532	5	74	Lost_psI	0.07509024955889737
Death_dom	0.18087937402638152	2.685003511047681	1.4249239747536175	2	36	Lost_psI	0.24570415426865022
DEATH-like_dom_sf	1.0000000000000002	0.909934061862752	-0.13616609031258384	2	102	Lost_psI	1
DEN5A/B	0.042533577053855694	45.56979554737467	5.510005992693405	1	2	Lost_psI	0.0995809813488375
DENN_C	0.04535470305778515	6.526478385083349	2.7063047395739033	2	16	Lost_psI	0.1053537146263912
DENN_Domain_GEFs	0.12226190780921063	9.119186147197487	3.1889050750704473	1	6	Lost_psI	0.18526804434892652
Dermokine	0.021497331537732554	Inf	Inf	1	1	Lost_psI	0.07509024955889737
DFF40	0.021497331537732554	Inf	Inf	1	1	Lost_psI	0.07509024955889737
DFF40_C	0.021497331537732554	Inf	Inf	1	1	Lost_psI	0.07509024955889737
DGK	0.018509063324506286	11.426198503547344	3.5142735936008167	2	10	Lost_psI	0.07509024955889737
DGK_typeI_N_sf	0.06311860365583044	22.78417108057041	4.509959979176672	1	3	Lost_psI	0.1217991804921103
DGKI-like_dom	0.042533577053855694	45.56979554737467	5.510005992693405	1	2	Lost_psI	0.0995809813488375
DH_dom	1.0000000000000002	0.6494459456688491	-0.6227186418250719	1	71	Lost_psI	1
DHC	0.2937880012091687	3.0388800646030734	1.603539737177806	1	16	Lost_psI	0.3488732514358878
DHHA1_dom	0.021497331537732554	Inf	Inf	1	1	Lost_psI	0.07509024955889737
DHS-like_NAD/FAD-binding_dom	0.0018783844092064835	15.267490407274467	3.9323910336082744	3	12	Lost_psI	0.06186145987653351
Diacylglycerol_kin_accessory	0.018509063324506286	11.426198503547344	3.5142735936008167	2	10	Lost_psI	0.07509024955889737
Diacylglycerol_kinase_cat_dom	0.04024606842621623	7.02831224140551	2.81317828626957	2	15	Lost_psI	0.0995809813488375
Dicer_dimer_sf	0.021497331537732554	Inf	Inf	1	1	Lost_psI	0.07509024955889737
Dicer_dimerisation_dom	0.021497331537732554	Inf	Inf	1	1	Lost_psI	0.07509024955889737
DICER_DSRM	0.021497331537732554	Inf	Inf	1	1	Lost_psI	0.07509024955889737
Dicer_PBD	0.021497331537732554	Inf	Inf	1	1	Lost_psI	0.07509024955889737
Dicer_platform	0.021497331537732554	Inf	Inf	1	1	Lost_psI	0.07509024955889737
Dimeric_a/b-barrel	0.14113658314395244	7.600585107166876	2.926110484176725	1	7	Lost_psI	0.2040628450920366
Disintegrin_dom	0.36656465352299045	2.278691954007018	1.188205906409088	1	21	Lost_psI	0.42079691442375816
Disintegrin_dom_sf	0.36656465352299045	2.278691954007018	1.188205906409088	1	21	Lost_psI	0.42079691442375816
Diverse_PLD-related	0.06311860365583044	22.78417108057041	4.509959979176672	1	3	Lost_psI	0.1217991804921103
DM15	4.610860216093869e-4	Inf	Inf	2	2	Lost_psI	0.020706954061367012
DNA_clamp_sf	0.10297341967714367	11.401765886082718	3.5111853787332947	1	5	Lost_psI	0.16498011671516424
DNA_glyclase/AP_lyase_DNA-bd	0.06311860365583044	22.78417108057041	4.509959979176672	1	3	Lost_psI	0.1217991804921103
DNA_mismatch_repair_CS	0.10297341967714367	11.401765886082718	3.5111853787332947	1	5	Lost_psI	0.16498011671516424
DNA_mismatch_S5_2-like	0.08326206777956274	15.190338731005676	3.925082135898749	1	4	Lost_psI	0.143148937876232
DNA_pol_B_palm_palm	0.06311860365583044	22.78417108057041	4.509959979176672	1	3	Lost_psI	0.1217991804921103
DNA_pol_b-like_N	0.08326206777956274	15.190338731005676	3.925082135898749	1	4	Lost_psI	0.143148937876232
DNA_pol_lambd_fingers_domain	0.08326206777956274	15.190338731005676	3.925082135898749	1	4	Lost_psI	0.143148937876232
DNA_pol_lamdba_lyase_dom_sf	0.10297341967714367	11.401765886082718	3.5111853787332947	1	5	Lost_psI	0.16498011671516424
DNA_Pol_thumb_sf	0.08326206777956274	15.190338731005676	3.925082135898749	1	4	Lost_psI	0.143148937876232
DNA_pol_X	0.08326206777956274	15.190338731005676	3.925082135898749	1	4	Lost_psI	0.143148937876232
DNA_pol-X_BS	0.08326206777956274	15.190338731005676	3.925082135898749	1	4	Lost_psI	0.143148937876232
DNA-bd_dom_sf	0.2126714967757242	4.559283994929339	2.1888072765673168	1	11	Lost_psI	0.2745463050711004
DNA-dir_DNA_pol_X	0.08326206777956274	15.190338731005676	3.925082135898749	1	4	Lost_psI	0.143148937876232
DNA/RNApol_mu	0.021497331537732554	Inf	Inf	1	1	Lost_psI	0.07509024955889737
DNA2/NAM7_AAA_11	0.2126714967757242	4.559283994929339	2.1888072765673168	1	11	Lost_psI	0.2745463050711004
DNA2/NAM7-like_C	0.2126714967757242	4.559283994929339	2.1888072765673168	1	11	Lost_psI	0.2745463050711004
DNMT3_ADD_GATA1-like	0.06311860365583044	22.78417108057041	4.509959979176672	1	3	Lost_psI	0.1217991804921103
DNMT3_ADD_PHD	0.06311860365583044	22.78417108057041	4.509959979176672	1	3	Lost_psI	0.1217991804921103
DNMT3B_ADD	0.021497331537732554	Inf	Inf	1	1	Lost_psI	0.07509024955889737
DOCK	0.2126714967757242	4.559283994929339	2.1888072765673168	1	11	Lost_psI	0.2745463050711004
DOCK_C_lobe_A	0.2126714967757242	4.559283994929339	2.1888072765673168	1	11	Lost_psI	0.2745463050711004
DOCK_C_lobe_C	0.2126714967757242	4.559283994929339	2.1888072765673168	1	11	Lost_psI	0.2745463050711004
DOCK_C/D_N	0.12226190780921063	9.119186147197487	3.1889050750704473	1	6	Lost_psI	0.18526804434892652
DOCKER_dom	0.2126714967757242	4.559283994929339	2.1888072765673168	1	11	Lost_psI	0.2745463050711004
DOCKER_Lobe_A	0.2126714967757242	4.559283994929339	2.1888072765673168	1	11	Lost_psI	0.2745463050711004
DOCKER_Lobe_B	0.2126714967757242	4.559283994929339	2.1888072765673168	1	11	Lost_psI	0.2745463050711004
DOCKER_Lobe_C	0.2126714967757242	4.559283994929339	2.1888072765673168	1	11	Lost_psI	0.2745463050711004
DRC5	0.042533577053855694	45.56979554737467	5.510005992693405	1	2	Lost_psI	0.0995809813488375
Drebrin-like_SH3	0.021497331537732554	Inf	Inf	1	1	Lost_psI	0.07509024955889737
DRG	0.042533577053855694	45.56979554737467	5.510005992693405	1	2	Lost_psI	0.0995809813488375
DRHyd-ASK	0.06311860365583044	22.78417108057041	4.509959979176672	1	3	Lost_psI	0.1217991804921103
dsRBD_dom	0.08030425203690023	4.567585234832031	2.1914316509594163	2	22	Lost_psI	0.143148937876232
DUF155	0.021497331537732554	Inf	Inf	1	1	Lost_psI	0.07509024955889737
DUF3456	0.15960630336473663	6.513625817387964	2.703460844863677	1	8	Lost_psI	0.22189169004365825
DUF4693	0.021497331537732554	Inf	Inf	1	1	Lost_psI	0.07509024955889737
DUSP-like_sf	0.14113658314395244	7.600585107166876	2.926110484176725	1	7	Lost_psI	0.2040628450920366
Dynactin	0.021497331537732554	Inf	Inf	1	1	Lost_psI	0.07509024955889737
Dynamin	0.14113658314395244	7.600585107166876	2.926110484176725	1	7	Lost_psI	0.2040628450920366
Dynamin_GTPase	0.14113658314395244	7.600585107166876	2.926110484176725	1	7	Lost_psI	0.2040628450920366
Dynamin_GTPase_CS	0.12226190780921063	9.119186147197487	3.1889050750704473	1	6	Lost_psI	0.18526804434892652
Dynamin_N	0.2782609200747074	3.2560903985150427	1.703140753559613	1	15	Lost_psI	0.33663892534752354
Dynamin_stalk	0.12226190780921063	9.119186147197487	3.1889050750704473	1	6	Lost_psI	0.18526804434892652
Dynein_2_N	0.2937880012091687	3.0388800646030734	1.603539737177806	1	16	Lost_psI	0.3488732514358878
Dynein_AAA5_ext	0.2782609200747074	3.2560903985150427	1.703140753559613	1	15	Lost_psI	0.33663892534752354
Dynein_C	0.2937880012091687	3.0388800646030734	1.603539737177806	1	16	Lost_psI	0.3488732514358878
Dynein_HC_stalk	0.2937880012091687	3.0388800646030734	1.603539737177806	1	16	Lost_psI	0.3488732514358878
Dynein_heavy_chain_D4_dom	0.2937880012091687	3.0388800646030734	1.603539737177806	1	16	Lost_psI	0.3488732514358878
Dynein_heavy_D6_P-loop	0.2937880012091687	3.0388800646030734	1.603539737177806	1	16	Lost_psI	0.3488732514358878
Dynein_heavy_linker	0.2937880012091687	3.0388800646030734	1.603539737177806	1	16	Lost_psI	0.3488732514358878
Dynein_linker_3	0.2937880012091687	3.0388800646030734	1.603539737177806	1	16	Lost_psI	0.3488732514358878
ECH/Chromodomain_protein	0.14113658314395244	7.600585107166876	2.926110484176725	1	7	Lost_psI	0.2040628450920366
Ech1-like	4.610860216093869e-4	Inf	Inf	2	2	Lost_psI	0.020706954061367012
ECM_structural_protein	0.2782609200747074	3.2560903985150427	1.703140753559613	1	15	Lost_psI	0.33663892534752354
Ect1/PCYT2	0.021497331537732554	Inf	Inf	1	1	Lost_psI	0.07509024955889737
EDC4_C	0.021497331537732554	Inf	Inf	1	1	Lost_psI	0.07509024955889737
EDC4_C_sf	0.021497331537732554	Inf	Inf	1	1	Lost_psI	0.07509024955889737
EDC4_WD40	0.021497331537732554	Inf	Inf	1	1	Lost_psI	0.07509024955889737
EDC4-like	0.021497331537732554	Inf	Inf	1	1	Lost_psI	0.07509024955889737
EF_Hand_1_Ca_BS	0.601465912618029	1.2818283196203404	0.3582030489939703	5	183	Lost_psI	0.6435902400721437
EF_hand_dom	0.6438899714181295	1.2113544491247037	0.2766210674876188	6	232	Lost_psI	0.6845372579925882
EF-hand-dom_pair	0.8344733473999845	1.019318456105337	0.027604849607695794	6	274	Lost_psI	0.8721364603997016
EGF_Ca-bd_CS	0.728446993549346	0.44940234689536546	-1.1539204362229816	1	102	Lost_psI	0.7656442868369722
EGF-like_Ca-bd_dom	0.35443978939722554	1.4846732419907769	0.5701454468296563	4	127	Lost_psI	0.4090963924351155
EGF-like_dom	0.9999999999999994	0.9764967283417442	-0.03431288437800722	5	238	Lost_psI	1
EGF-type_Asp/Asn_hydroxyl_site	1.0000000000000002	0.9285984593051592	-0.10687320764491393	2	100	Lost_psI	1
ELMO_dom	0.12226190780921063	9.119186147197487	3.1889050750704473	1	6	Lost_psI	0.18526804434892652
ELMO_domain-containing	0.12226190780921063	9.119186147197487	3.1889050750704473	1	6	Lost_psI	0.18526804434892652
Elongin-A_domain	0.042533577053855694	45.56979554737467	5.510005992693405	1	2	Lost_psI	0.0995809813488375
EMI_domain	0.2937880012091687	3.0388800646030734	1.603539737177806	1	16	Lost_psI	0.3488732514358878
Endophilin_SH3RF	0.323849453978415	2.6810895986692156	1.422819433194331	1	18	Lost_psI	0.37853708375548106
Enhancer_polycomb	0.042533577053855694	45.56979554737467	5.510005992693405	1	2	Lost_psI	0.0995809813488375
Enhancer_polycomb_C	0.042533577053855694	45.56979554737467	5.510005992693405	1	2	Lost_psI	0.0995809813488375
Enhancer_polycomb-like_N	0.15960630336473663	6.513625817387964	2.703460844863677	1	8	Lost_psI	0.22189169004365825
Enoyl-CoA_hyd/isom_CS	0.15960630336473663	6.513625817387964	2.703460844863677	1	8	Lost_psI	0.22189169004365825
Enoyl-CoA_hydra_C	0.026389211428569002	9.138792505974347	3.19200355688898	2	12	Lost_psI	0.09095072403985875
Enoyl-CoA_hydra/iso	0.005360823631927206	9.811360174526687	3.2944531548968623	3	17	Lost_psI	0.07509024955889737
ENT1/ENT2	0.042533577053855694	45.56979554737467	5.510005992693405	1	2	Lost_psI	0.0995809813488375
ENTH	0.19536536739538632	5.065907244926264	2.3408206620267338	1	10	Lost_psI	0.26037003100716055
ENTH_VHS	0.4560533005390397	1.687359382110292	0.7547672786464029	1	28	Lost_psI	0.5043813368648185
EPHD	0.3801961012128042	2.1701096108304667	1.1177679141019328	1	22	Lost_psI	0.43442607709897907
Epimerase_deHydtase	0.00901385580075974	18.276851163285787	4.191945631234113	2	7	Lost_psI	0.07509024955889737
EPS8_2nd	0.08326206777956274	15.190338731005676	3.925082135898749	1	4	Lost_psI	0.143148937876232
EPS8_PTB	0.08326206777956274	15.190338731005676	3.925082135898749	1	4	Lost_psI	0.143148937876232
Eps8_SH3	0.08326206777956274	15.190338731005676	3.925082135898749	1	4	Lost_psI	0.143148937876232
EPS8-like	0.12226190780921063	9.119186147197487	3.1889050750704473	1	6	Lost_psI	0.18526804434892652
Eqnu_transpt	0.08326206777956274	15.190338731005676	3.925082135898749	1	4	Lost_psI	0.143148937876232
ERAP1-like_C_dom	0.15960630336473663	6.513625817387964	2.703460844863677	1	8	Lost_psI	0.22189169004365825
ESCRT_assembly_dom	0.10297341967714367	11.401765886082718	3.5111853787332947	1	5	Lost_psI	0.16498011671516424
ESRP	0.015018834376243647	13.05247304218468	3.7062512739182223	2	9	Lost_psI	0.07509024955889737
Ets_dom	0.4792213045494008	1.5708209381355556	0.6515187335364837	1	30	Lost_psI	0.5260784987720089
ETS_fam	0.4792213045494008	1.5708209381355556	0.6515187335364837	1	30	Lost_psI	0.5260784987720089
ETS_PEA3_N	0.06311860365583044	22.78417108057041	4.509959979176672	1	3	Lost_psI	0.1217991804921103
EWS_RRM	0.021497331537732554	Inf	Inf	1	1	Lost_psI	0.07509024955889737
Exonuclease_RNaseT/DNA_pol3	0.24617757834437926	3.7992978758132265	1.9257328278522443	1	13	Lost_psI	0.30735903210309184
ExoRNase_PH_dom1	0.14113658314395244	7.600585107166876	2.926110484176725	1	7	Lost_psI	0.2040628450920366
ExoRNase_PH_dom2	0.12226190780921063	9.119186147197487	3.1889050750704473	1	6	Lost_psI	0.18526804434892652
ExoRNase_PH_dom2_sf	0.14113658314395244	7.600585107166876	2.926110484176725	1	7	Lost_psI	0.2040628450920366
Exosome_comp_Rrp42_subfam	0.06311860365583044	22.78417108057041	4.509959979176672	1	3	Lost_psI	0.1217991804921103
F-actin_Monoox_Mical	0.22960624998910173	4.144636658813102	2.0512456328417734	1	12	Lost_psI	0.29183230058649123
F-box_dom	0.654158028936859	1.4243312618641628	0.5102847181229518	2	66	Lost_psI	0.6939600564670187
F-box-like_dom_sf	1	0.7105475493147716	-0.49299689810718145	1	65	Lost_psI	1
F11R	0.021497331537732554	Inf	Inf	1	1	Lost_psI	0.07509024955889737
FAD_synth_MoaB/Mog-bd	0.021497331537732554	Inf	Inf	1	1	Lost_psI	0.07509024955889737
FAD-bd_oxidored_4_C	0.06311860365583044	22.78417108057041	4.509959979176672	1	3	Lost_psI	0.1217991804921103
FAD-bd_PCMH	0.12226190780921063	9.119186147197487	3.1889050750704473	1	6	Lost_psI	0.18526804434892652
FAD-bd_PCMH_sub1	0.10297341967714367	11.401765886082718	3.5111853787332947	1	5	Lost_psI	0.16498011671516424
FAD-bd_PCMH_sub2	0.12226190780921063	9.119186147197487	3.1889050750704473	1	6	Lost_psI	0.18526804434892652
FAD-bd_PCMH-like_sf	0.12226190780921063	9.119186147197487	3.1889050750704473	1	6	Lost_psI	0.18526804434892652
FAD-dep_OxRdtase	0.17767973698829845	5.699345864791639	2.5107963452815727	1	9	Lost_psI	0.24202331821384035
FAD-linked_Oxase-like_C	0.06311860365583044	22.78417108057041	4.509959979176672	1	3	Lost_psI	0.1217991804921103
FAD/NAD-bd_sf	0.03218993751487922	3.524340953979888	1.8173535011089788	4	56	Lost_psI	0.0995809813488375
FAD/NAD-binding_dom	0.03537367394547521	7.615923020356415	2.9290188963570802	2	14	Lost_psI	0.0995809813488375
FAD/NAD-linked_Rdtase_dimer_sf	0.15960630336473663	6.513625817387964	2.703460844863677	1	8	Lost_psI	0.22189169004365825
FAM219	0.042533577053855694	45.56979554737467	5.510005992693405	1	2	Lost_psI	0.0995809813488375
FAM50A/XAP5_C	0.042533577053855694	45.56979554737467	5.510005992693405	1	2	Lost_psI	0.0995809813488375
FAM98	0.06311860365583044	22.78417108057041	4.509959979176672	1	3	Lost_psI	0.1217991804921103
FANCG	0.021497331537732554	Inf	Inf	1	1	Lost_psI	0.07509024955889737
FAST_2	0.12226190780921063	9.119186147197487	3.1889050750704473	1	6	Lost_psI	0.18526804434892652
FAST_kinase	0.12226190780921063	9.119186147197487	3.1889050750704473	1	6	Lost_psI	0.18526804434892652
FAST_Leu-rich	0.12226190780921063	9.119186147197487	3.1889050750704473	1	6	Lost_psI	0.18526804434892652
FBXL6_F-box	0.021497331537732554	Inf	Inf	1	1	Lost_psI	0.07509024955889737
FBXO45-Fsn/SPSB_families	0.10297341967714367	11.401765886082718	3.5111853787332947	1	5	Lost_psI	0.16498011671516424
FERM_2	0.9999999999999996	0.8922527533243619	-0.16447564672035023	1	52	Lost_psI	1
FERM_central	1.0000000000000002	0.9101435391948817	-0.1358340034725493	1	51	Lost_psI	1
FERM_CS	0.4193593036660398	1.8985853528251233	0.924924858229897	1	25	Lost_psI	0.47225720975157365
FERM/acyl-CoA-bd_prot_sf	0.3080089865499989	1.8243516041894032	0.8673838044674665	2	52	Lost_psI	0.3637101093108427
FHA_2	0.06311860365583044	22.78417108057041	4.509959979176672	1	3	Lost_psI	0.1217991804921103
FHIP	0.08326206777956274	15.190338731005676	3.925082135898749	1	4	Lost_psI	0.143148937876232
FHIP_C	0.08326206777956274	15.190338731005676	3.925082135898749	1	4	Lost_psI	0.143148937876232
FHIP_KELAA_motif	0.08326206777956274	15.190338731005676	3.925082135898749	1	4	Lost_psI	0.143148937876232
FIBP	0.021497331537732554	Inf	Inf	1	1	Lost_psI	0.07509024955889737
Fibronectin_type1	0.08326206777956274	15.190338731005676	3.925082135898749	1	4	Lost_psI	0.143148937876232
Filamin/ABP280_repeat-like	0.026389211428569002	9.138792505974347	3.19200355688898	2	12	Lost_psI	0.09095072403985875
Filamin/ABP280_rpt	0.018509063324506286	11.426198503547344	3.5142735936008167	2	10	Lost_psI	0.07509024955889737
FLAD1_M	0.021497331537732554	Inf	Inf	1	1	Lost_psI	0.07509024955889737
Flavin_amine_oxidase	0.06311860365583044	22.78417108057041	4.509959979176672	1	3	Lost_psI	0.1217991804921103
Flavin_monoamine_oxidase	0.004416660189239302	30.442591325330493	4.928019263619941	2	5	Lost_psI	0.07509024955889737
FN_type2_dom	0.262393263298141	3.506727503733698	1.8101253278573235	1	14	Lost_psI	0.3227110507948921
FN_type2_sf	0.262393263298141	3.506727503733698	1.8101253278573235	1	14	Lost_psI	0.3227110507948921
FN3_dom	0.14135986755574698	0.217004146871061	-2.2042054825717496	1	209	Lost_psI	0.20418647535830117
FN3_sf	0.3360343907949451	0.43087048751288765	-1.2146738104955583	2	212	Lost_psI	0.392128320596936
FOP_dimerisation-dom_N	0.001363523849906186	91.36065114984439	6.5135010280673615	2	3	Lost_psI	0.04821609938512586
FPG_cat	0.06311860365583044	22.78417108057041	4.509959979176672	1	3	Lost_psI	0.1217991804921103
Fringe	0.06311860365583044	22.78417108057041	4.509959979176672	1	3	Lost_psI	0.1217991804921103
Fringe-like_glycosylTrfase	0.12226190780921063	9.119186147197487	3.1889050750704473	1	6	Lost_psI	0.18526804434892652
FtsH	0.06311860365583044	22.78417108057041	4.509959979176672	1	3	Lost_psI	0.1217991804921103
Fumarase/histidase_N	0.08326206777956274	15.190338731005676	3.925082135898749	1	4	Lost_psI	0.143148937876232
Fumarate_lyase_CS	0.08326206777956274	15.190338731005676	3.925082135898749	1	4	Lost_psI	0.143148937876232
Fumarate_lyase_fam	0.08326206777956274	15.190338731005676	3.925082135898749	1	4	Lost_psI	0.143148937876232
Fumarate_lyase_N	0.10297341967714367	11.401765886082718	3.5111853787332947	1	5	Lost_psI	0.16498011671516424
Fumarylacetoacetase	0.021497331537732554	Inf	Inf	1	1	Lost_psI	0.07509024955889737
Fumarylacetoacetase_C_sf	0.08326206777956274	15.190338731005676	3.925082135898749	1	4	Lost_psI	0.143148937876232
Fumarylacetoacetase_N	0.021497331537732554	Inf	Inf	1	1	Lost_psI	0.07509024955889737
Fumarylacetoacetase_N_sf	0.021497331537732554	Inf	Inf	1	1	Lost_psI	0.07509024955889737
Fumarylacetoacetase-like_C	0.08326206777956274	15.190338731005676	3.925082135898749	1	4	Lost_psI	0.143148937876232
Furin_repeat	0.323849453978415	2.6810895986692156	1.422819433194331	1	18	Lost_psI	0.37853708375548106
FYrich_C	0.10297341967714367	11.401765886082718	3.5111853787332947	1	5	Lost_psI	0.16498011671516424
FYrich_N	0.10297341967714367	11.401765886082718	3.5111853787332947	1	5	Lost_psI	0.16498011671516424
G_CP_dom	0.14113658314395244	7.600585107166876	2.926110484176725	1	7	Lost_psI	0.2040628450920366
G_DYNAMIN_dom	0.262393263298141	3.506727503733698	1.8101253278573235	1	14	Lost_psI	0.3227110507948921
G_OBG	0.12226190780921063	9.119186147197487	3.1889050750704473	1	6	Lost_psI	0.18526804434892652
G-protein_beta_WD-40_rep	0.7257398028480526	0.4935910261369149	-1.0186119294629545	1	93	Lost_psI	0.764275131979124
G3BP1_RRM	0.021497331537732554	Inf	Inf	1	1	Lost_psI	0.07509024955889737
G3BP2_RRM	0.021497331537732554	Inf	Inf	1	1	Lost_psI	0.07509024955889737
Gaa1	0.021497331537732554	Inf	Inf	1	1	Lost_psI	0.07509024955889737
GAE_dom	0.10297341967714367	11.401765886082718	3.5111853787332947	1	5	Lost_psI	0.16498011671516424
GAIN_dom_N	0.2126714967757242	4.559283994929339	2.1888072765673168	1	11	Lost_psI	0.2745463050711004
GAIN_dom_sf	0.49043343391346517	1.518376131500907	0.6025292188389361	1	31	Lost_psI	0.537590494866683
Galactose-bd-like_sf	0.6880328879189881	1.183107359454334	0.24258099500030966	2	79	Lost_psI	0.7272929671155067
GalP_UDPtransf1	4.610860216093869e-4	Inf	Inf	2	2	Lost_psI	0.020706954061367012
GalP_UDPtransf1_His-AS	4.610860216093869e-4	Inf	Inf	2	2	Lost_psI	0.020706954061367012
GalP_Utransf_C	0.021497331537732554	Inf	Inf	1	1	Lost_psI	0.07509024955889737
GalP_Utransf_N	4.610860216093869e-4	Inf	Inf	2	2	Lost_psI	0.020706954061367012
Gamma_tubulin	0.042533577053855694	45.56979554737467	5.510005992693405	1	2	Lost_psI	0.0995809813488375
Gasdermin	0.08326206777956274	15.190338731005676	3.925082135898749	1	4	Lost_psI	0.143148937876232
Gasdermin_pore	0.12226190780921063	9.119186147197487	3.1889050750704473	1	6	Lost_psI	0.18526804434892652
Gasdermin_PUB	0.10297341967714367	11.401765886082718	3.5111853787332947	1	5	Lost_psI	0.16498011671516424
GBF1-like_TPR	0.021497331537732554	Inf	Inf	1	1	Lost_psI	0.07509024955889737
Gcp-like_dom	0.042533577053855694	45.56979554737467	5.510005992693405	1	2	Lost_psI	0.0995809813488375
GDP_fucose/colitose_synth	0.021497331537732554	Inf	Inf	1	1	Lost_psI	0.07509024955889737
GDPD-Related	0.042533577053855694	45.56979554737467	5.510005992693405	1	2	Lost_psI	0.0995809813488375
GED	0.12226190780921063	9.119186147197487	3.1889050750704473	1	6	Lost_psI	0.18526804434892652
GED_dom	0.12226190780921063	9.119186147197487	3.1889050750704473	1	6	Lost_psI	0.18526804434892652
GET4	0.021497331537732554	Inf	Inf	1	1	Lost_psI	0.07509024955889737
GK/Ca_channel_bsu	0.43185711330047555	1.8224392143755352	0.8658706957146555	1	26	Lost_psI	0.48339293195717886
Gln-tRNA-synth	0.021497331537732554	Inf	Inf	1	1	Lost_psI	0.07509024955889737
Gln-tRNA-synth_Ib_RNA-bd_2	0.021497331537732554	Inf	Inf	1	1	Lost_psI	0.07509024955889737
Gln-tRNA-synth_Ib_RNA-bd_N	0.021497331537732554	Inf	Inf	1	1	Lost_psI	0.07509024955889737
Gln-tRNA-synth_Ib_RNA-bd_N_1	0.021497331537732554	Inf	Inf	1	1	Lost_psI	0.07509024955889737
Gln-tRNA-synth_Ib_RNA-bd_N_2	0.021497331537732554	Inf	Inf	1	1	Lost_psI	0.07509024955889737
Gln/Glu-tRNA_Ligase	0.042533577053855694	45.56979554737467	5.510005992693405	1	2	Lost_psI	0.0995809813488375
Glu_DH	0.021497331537732554	Inf	Inf	1	1	Lost_psI	0.07509024955889737
Glu_tRNA_lig_a-bdl	0.042533577053855694	45.56979554737467	5.510005992693405	1	2	Lost_psI	0.0995809813488375
Glu/Gln-tRNA-synth	0.06311860365583044	22.78417108057041	4.509959979176672	1	3	Lost_psI	0.1217991804921103
Glu/Gln-tRNA-synth_Ib_cat-dom	0.06311860365583044	22.78417108057041	4.509959979176672	1	3	Lost_psI	0.1217991804921103
Glu/Gln-tRNA-synth_Ib_codon-bd	0.042533577053855694	45.56979554737467	5.510005992693405	1	2	Lost_psI	0.0995809813488375
Glu/Leu/Phe/Val_DH_AS	0.042533577053855694	45.56979554737467	5.510005992693405	1	2	Lost_psI	0.0995809813488375
Glu/Leu/Phe/Val/Trp_DH	0.042533577053855694	45.56979554737467	5.510005992693405	1	2	Lost_psI	0.0995809813488375
Glu/Leu/Phe/Val/Trp_DH_C	0.042533577053855694	45.56979554737467	5.510005992693405	1	2	Lost_psI	0.0995809813488375
Glu/Leu/Phe/Val/Trp_DH_dimer	0.042533577053855694	45.56979554737467	5.510005992693405	1	2	Lost_psI	0.0995809813488375
GlyclTrfase_39-like	4.610860216093869e-4	Inf	Inf	2	2	Lost_psI	0.020706954061367012
Glyco_hydro_27	0.042533577053855694	45.56979554737467	5.510005992693405	1	2	Lost_psI	0.0995809813488375
Glyco_hydro_27/36_CS	0.042533577053855694	45.56979554737467	5.510005992693405	1	2	Lost_psI	0.0995809813488375
Glyco_hydro_47	0.14113658314395244	7.600585107166876	2.926110484176725	1	7	Lost_psI	0.2040628450920366
Glyco_hydro_b	0.4065872234312772	1.9812004740415021	0.9863748712784044	1	24	Lost_psI	0.4606745146216764
Glyco_hydro/deAcase_b/a-brl	0.15960630336473663	6.513625817387964	2.703460844863677	1	8	Lost_psI	0.22189169004365825
Glyco_trans_13	0.042533577053855694	45.56979554737467	5.510005992693405	1	2	Lost_psI	0.0995809813488375
Glyco_trans_39/83	4.610860216093869e-4	Inf	Inf	2	2	Lost_psI	0.020706954061367012
Glycoside_hydrolase_SF	0.9999999999999999	0.8750500413610042	-0.19256257238921345	1	53	Lost_psI	1
Glycosyl_Hydrolase_47	0.08326206777956274	15.190338731005676	3.925082135898749	1	4	Lost_psI	0.143148937876232
GMPPB_C	4.610860216093869e-4	Inf	Inf	2	2	Lost_psI	0.020706954061367012
GMPPB_N	0.021497331537732554	Inf	Inf	1	1	Lost_psI	0.07509024955889737
GNAT_dom	0.4193593036660398	1.8985853528251233	0.924924858229897	1	25	Lost_psI	0.47225720975157365
Gnl3_N_dom	0.021497331537732554	Inf	Inf	1	1	Lost_psI	0.07509024955889737
GoLoco_motif	0.14113658314395244	7.600585107166876	2.926110484176725	1	7	Lost_psI	0.2040628450920366
GP_PDE_dom	0.14113658314395244	7.600585107166876	2.926110484176725	1	7	Lost_psI	0.2040628450920366
GPCR_2_extracell_dom_sf	0.4560533005390397	1.687359382110292	0.7547672786464029	1	28	Lost_psI	0.5043813368648185
GPCR_2_extracellular_dom	0.44408652868116216	1.7523470592519452	0.8092885346853941	1	27	Lost_psI	0.49372560803111953
GPCR_2_secretin-like	0.9999999999999999	0.9683835059077505	-0.04634958819378495	1	48	Lost_psI	1
GPCR_2-like_7TM	1	0.7842903850851762	-0.35054018090835304	1	59	Lost_psI	1
GPCR_kinase	0.14113658314395244	7.600585107166876	2.926110484176725	1	7	Lost_psI	0.2040628450920366
Gprotein_B	0.14113658314395244	7.600585107166876	2.926110484176725	1	7	Lost_psI	0.2040628450920366
GPS	0.5121403222932774	1.4233439483619605	0.5092843285101274	1	33	Lost_psI	0.5564457167438689
GRAM	0.007400223687397134	8.584629802549529	3.1017559218172215	3	19	Lost_psI	0.07509024955889737
GroES-like_sf	0.07402340844882907	4.808678631137754	2.2656405126648154	2	21	Lost_psI	0.14155185976924475
Growth_fac_rcpt_cys_sf	0.7733345444973865	0.6349235056898979	-0.6553453055370888	2	145	Lost_psI	0.8105246074576569
GSAP_C_dom	0.021497331537732554	Inf	Inf	1	1	Lost_psI	0.07509024955889737
GSAP_fam	0.021497331537732554	Inf	Inf	1	1	Lost_psI	0.07509024955889737
GSHR/TRXR-like	0.08326206777956274	15.190338731005676	3.925082135898749	1	4	Lost_psI	0.143148937876232
GTP-bd	0.061976560162057624	5.373546048843938	2.4258744492364457	2	19	Lost_psI	0.1217991804921103
GTP-binding_2	0.042533577053855694	45.56979554737467	5.510005992693405	1	2	Lost_psI	0.0995809813488375
GTP1-OBG_CS	0.042533577053855694	45.56979554737467	5.510005992693405	1	2	Lost_psI	0.0995809813488375
Guanine_nucleotide-bd_bsu	0.10297341967714367	11.401765886082718	3.5111853787332947	1	5	Lost_psI	0.16498011671516424
H3K4_H4K5_MeTrfase	0.06311860365583044	22.78417108057041	4.509959979176672	1	3	Lost_psI	0.1217991804921103
HAD_sf	0.23554418947028408	1.8262730817947728	0.8689025069947792	3	78	Lost_psI	0.2986111965739615
HAD-like_sf	0.2527966295328001	1.7558630105285955	0.8121802926293157	3	81	Lost_psI	0.31456306042620463
HAD-SF_hydro_IIB	0.042533577053855694	45.56979554737467	5.510005992693405	1	2	Lost_psI	0.0995809813488375
HAD-SF_hydro_IIIA	0.021497331537732554	Inf	Inf	1	1	Lost_psI	0.07509024955889737
HAGH_C	0.06311860365583044	22.78417108057041	4.509959979176672	1	3	Lost_psI	0.1217991804921103
HATPase_C_sf	0.07402340844882907	4.808678631137754	2.2656405126648154	2	21	Lost_psI	0.14155185976924475
HATPase_dom	0.22960624998910173	4.144636658813102	2.0512456328417734	1	12	Lost_psI	0.29183230058649123
HD	0.0692266790369656	0.18696315552938952	-2.419174105909744	1	242	Lost_psI	0.1334121434756606
HDAC_PDAC	0.19536536739538632	5.065907244926264	2.3408206620267338	1	10	Lost_psI	0.26037003100716055
Heat_shock_protein_90_CS	0.06311860365583044	22.78417108057041	4.509959979176672	1	3	Lost_psI	0.1217991804921103
HECT_dom	0.128180128914502	3.382311409908749	1.7580094950075784	2	29	Lost_psI	0.19285578786933194
Hect_E3_ubiquitin_ligase	0.128180128914502	3.382311409908749	1.7580094950075784	2	29	Lost_psI	0.19285578786933194
HECTD1/TRIP12-like	0.042533577053855694	45.56979554737467	5.510005992693405	1	2	Lost_psI	0.0995809813488375
HECTD3	0.021497331537732554	Inf	Inf	1	1	Lost_psI	0.07509024955889737
Helicase_ATP-bd	0.09408005460331917	2.1400977138155852	1.0976766695324265	5	112	Lost_psI	0.16007651081758784
Helicase_C-like	0.08615546365968187	2.2022143452218383	1.1389548956683697	5	109	Lost_psI	0.1479517927504618
Helicase/UvrB_N	0.15960630336473663	6.513625817387964	2.703460844863677	1	8	Lost_psI	0.22189169004365825
Helix_hairpin_bin_sf	0.14113658314395244	7.600585107166876	2.926110484176725	1	7	Lost_psI	0.2040628450920366
Hematopoietin_rcpt_L_F3_CS	0.10297341967714367	11.401765886082718	3.5111853787332947	1	5	Lost_psI	0.16498011671516424
HemC	0.021497331537732554	Inf	Inf	1	1	Lost_psI	0.07509024955889737
Hexapep_transf_CS	4.610860216093869e-4	Inf	Inf	2	2	Lost_psI	0.020706954061367012
HhH2	0.004416660189239302	30.442591325330493	4.928019263619941	2	5	Lost_psI	0.07509024955889737
His_deacetylse	0.22960624998910173	4.144636658813102	2.0512456328417734	1	12	Lost_psI	0.29183230058649123
His_deacetylse_dom	0.22960624998910173	4.144636658813102	2.0512456328417734	1	12	Lost_psI	0.29183230058649123
His_deacetylse_dom_sf	0.22960624998910173	4.144636658813102	2.0512456328417734	1	12	Lost_psI	0.29183230058649123
His-Me_finger_sf	0.15960630336473663	6.513625817387964	2.703460844863677	1	8	Lost_psI	0.22189169004365825
HisK-N-like	0.06311860365583044	22.78417108057041	4.509959979176672	1	3	Lost_psI	0.1217991804921103
Hist_Lys-spec_deMease	0.021497331537732554	Inf	Inf	1	1	Lost_psI	0.07509024955889737
Histone-fold	1	0.7043337817386703	-0.5056688149741663	2	131	Lost_psI	1
HIT-like_sf	0.018509063324506286	11.426198503547344	3.5142735936008167	2	10	Lost_psI	0.07509024955889737
HLH_DNA-bd_sf	0.3164861104799207	1.6461999548372075	0.7191395826196036	4	115	Lost_psI	0.3713637495892656
Hlx-hairpin-Hlx_DNA-bd_motif	0.06311860365583044	22.78417108057041	4.509959979176672	1	3	Lost_psI	0.1217991804921103
HMG_box_dom	1.0000000000000004	0.842555942676139	-0.24715561566466085	1	55	Lost_psI	1
HMG_box_dom_sf	1	0.8123827511862506	-0.2997684867676208	1	57	Lost_psI	1
HMGN_fam	0.10297341967714367	11.401765886082718	3.5111853787332947	1	5	Lost_psI	0.16498011671516424
hnRNP-L_RRM3	0.042533577053855694	45.56979554737467	5.510005992693405	1	2	Lost_psI	0.0995809813488375
HnRNP-L/PTB	0.004416660189239302	30.442591325330493	4.928019263619941	2	5	Lost_psI	0.07509024955889737
HNRNPL_RRM	0.042533577053855694	45.56979554737467	5.510005992693405	1	2	Lost_psI	0.0995809813488375
hnRPLL_RRM1	0.021497331537732554	Inf	Inf	1	1	Lost_psI	0.07509024955889737
hnRPLL_RRM2	0.021497331537732554	Inf	Inf	1	1	Lost_psI	0.07509024955889737
hnRPLL_RRM3	0.021497331537732554	Inf	Inf	1	1	Lost_psI	0.07509024955889737
hnRPLL_RRM4	0.021497331537732554	Inf	Inf	1	1	Lost_psI	0.07509024955889737
Homeodomain-like_sf	0.22719733613402887	0.4483322022324942	-1.1573599677213307	3	305	Lost_psI	0.29183230058649123
HOOK_N	0.12226190780921063	9.119186147197487	3.1889050750704473	1	6	Lost_psI	0.18526804434892652
HORMA_dom	0.08326206777956274	15.190338731005676	3.925082135898749	1	4	Lost_psI	0.143148937876232
HORMA_dom_sf	0.10297341967714367	11.401765886082718	3.5111853787332947	1	5	Lost_psI	0.16498011671516424
HOT	0.021497331537732554	Inf	Inf	1	1	Lost_psI	0.07509024955889737
HRD1_E3_ubiq-ligases	0.08326206777956274	15.190338731005676	3.925082135898749	1	4	Lost_psI	0.143148937876232
HSP90_C	0.08326206777956274	15.190338731005676	3.925082135898749	1	4	Lost_psI	0.143148937876232
Hsp90_fam	0.08326206777956274	15.190338731005676	3.925082135898749	1	4	Lost_psI	0.143148937876232
Hsp90_N	0.08326206777956274	15.190338731005676	3.925082135898749	1	4	Lost_psI	0.143148937876232
HTTM_dom	0.021497331537732554	Inf	Inf	1	1	Lost_psI	0.07509024955889737
HTTM-like	0.021497331537732554	Inf	Inf	1	1	Lost_psI	0.07509024955889737
Hydroxyacylglutathione_Hdrlase	0.06311860365583044	22.78417108057041	4.509959979176672	1	3	Lost_psI	0.1217991804921103
IBR_dom	0.262393263298141	3.506727503733698	1.8101253278573235	1	14	Lost_psI	0.3227110507948921
IF2/IF5	0.042533577053855694	45.56979554737467	5.510005992693405	1	2	Lost_psI	0.0995809813488375
Ift122/121	0.042533577053855694	45.56979554737467	5.510005992693405	1	2	Lost_psI	0.0995809813488375
Ig_E-set	0.29363091384327533	1.792247767912188	0.8417700954474824	4	106	Lost_psI	0.3488732514358878
Ig_I-set	0.37911817695430566	0.3189738396697352	-1.6484899872807914	1	143	Lost_psI	0.43442607709897907
Ig_sub	0.290270369154079	0.5847959751052838	-0.7739947130013034	5	391	Lost_psI	0.3488732514358878
Ig_sub2	0.2548746915512553	0.3796323735494123	-1.3973250699474107	2	240	Lost_psI	0.31688279603939623
Ig_V-set	1.0000000000000004	0.7743018503178407	-0.3690320051801669	3	179	Lost_psI	1
Ig-like_dom	0.18040103738005264	0.5176008736309041	-0.9500880425068853	5	440	Lost_psI	0.2455044420543967
Ig-like_dom_sf	0.10868355854952881	0.4720113891985828	-1.083106423982281	5	481	Lost_psI	0.17337893839655727
Ig-like_fold	0.15301235977561178	0.6234529551562421	-0.6816473943728518	10	730	Lost_psI	0.21973286549172158
IgSF_BTN/MOG	0.2782609200747074	3.2560903985150427	1.703140753559613	1	15	Lost_psI	0.33663892534752354
IKK	0.08326206777956274	15.190338731005676	3.925082135898749	1	4	Lost_psI	0.143148937876232
IL11/IL27_subunit_beta	0.042533577053855694	45.56979554737467	5.510005992693405	1	2	Lost_psI	0.0995809813488375
ILEI/PANDER_dom	0.14113658314395244	7.600585107166876	2.926110484176725	1	7	Lost_psI	0.2040628450920366
Inactive_ubiquitin_hydrolase	0.042533577053855694	45.56979554737467	5.510005992693405	1	2	Lost_psI	0.0995809813488375
INI1_DNA-bd	0.021497331537732554	Inf	Inf	1	1	Lost_psI	0.07509024955889737
Int8	0.021497331537732554	Inf	Inf	1	1	Lost_psI	0.07509024955889737
Integrin_alpha_N	0.4193593036660398	1.8985853528251233	0.924924858229897	1	25	Lost_psI	0.47225720975157365
Interferon_reg_fac_CS	0.19536536739538632	5.065907244926264	2.3408206620267338	1	10	Lost_psI	0.26037003100716055
Interferon_reg_fact_DNA-bd_dom	0.19536536739538632	5.065907244926264	2.3408206620267338	1	10	Lost_psI	0.26037003100716055
Interferon_reg_factor-3	0.15960630336473663	6.513625817387964	2.703460844863677	1	8	Lost_psI	0.22189169004365825
Interferon-induced_GILT	0.021497331537732554	Inf	Inf	1	1	Lost_psI	0.07509024955889737
IntS11_C	0.021497331537732554	Inf	Inf	1	1	Lost_psI	0.07509024955889737
INTS11-like_MBL-fold	0.021497331537732554	Inf	Inf	1	1	Lost_psI	0.07509024955889737
Ion_channel_UNC-93	0.06311860365583044	22.78417108057041	4.509959979176672	1	3	Lost_psI	0.1217991804921103
Ion_trans_dom	0.734416764135936	0.41624871114805984	-1.2644822897861803	1	110	Lost_psI	0.7702800031489435
IPT_dom	0.13547386812200526	3.261350750427155	1.7054696078112899	2	30	Lost_psI	0.2032108021830079
IsopentenylPP_isomerase_typ1	0.042533577053855694	45.56979554737467	5.510005992693405	1	2	Lost_psI	0.0995809813488375
JAMM/MPN+_dom	0.22960624998910173	4.144636658813102	2.0512456328417734	1	12	Lost_psI	0.29183230058649123
JIP_LZII	0.042533577053855694	45.56979554737467	5.510005992693405	1	2	Lost_psI	0.0995809813488375
JIP3/JIP4	0.042533577053855694	45.56979554737467	5.510005992693405	1	2	Lost_psI	0.0995809813488375
JmjC_dom	0.16547624375497172	2.853150547226622	1.5125558731050601	2	34	Lost_psI	0.2294067289474912
JTB	0.021497331537732554	Inf	Inf	1	1	Lost_psI	0.07509024955889737
K_chnl_volt-dep_bsu_KCNAB	0.001363523849906186	91.36065114984439	6.5135010280673615	2	3	Lost_psI	0.04821609938512586
K_chnl_volt-dep_bsu_KCNAB-rel	0.001363523849906186	91.36065114984439	6.5135010280673615	2	3	Lost_psI	0.04821609938512586
K_chnl_volt-dep_bsu_KCNAB1	0.042533577053855694	45.56979554737467	5.510005992693405	1	2	Lost_psI	0.0995809813488375
K_chnl_volt-dep_bsu_KCNAB2	0.021497331537732554	Inf	Inf	1	1	Lost_psI	0.07509024955889737
K_chnl_volt-dep_bsu_KCNAB3	0.021497331537732554	Inf	Inf	1	1	Lost_psI	0.07509024955889737
Kae1_archaea_euk	0.021497331537732554	Inf	Inf	1	1	Lost_psI	0.07509024955889737
KAE1/TsaD	0.042533577053855694	45.56979554737467	5.510005992693405	1	2	Lost_psI	0.0995809813488375
KANK1-4	0.08326206777956274	15.190338731005676	3.925082135898749	1	4	Lost_psI	0.143148937876232
KDM4-like_Tudor	0.14113658314395244	7.600585107166876	2.926110484176725	1	7	Lost_psI	0.2040628450920366
KH_dom	0.5624561673918677	1.2307190526617946	0.29950146239813147	1	38	Lost_psI	0.6049056894591784
KH_dom_type_1	0.5121403222932774	1.4233439483619605	0.5092843285101274	1	33	Lost_psI	0.5564457167438689
KH_dom_type_1_sf	0.9999999999999999	0.9683835059077505	-0.04634958819378495	1	48	Lost_psI	1
Kinase-like_dom_sf	0.008828312419793578	1.9151008355897947	0.9374203562105118	21	532	Lost_psI	0.07509024955889737
Kindlin_2_N	0.06311860365583044	22.78417108057041	4.509959979176672	1	3	Lost_psI	0.1217991804921103
Kindlin/fermitin	0.06311860365583044	22.78417108057041	4.509959979176672	1	3	Lost_psI	0.1217991804921103
Kinesin_motor_CS	0.5901246317844505	1.1382467808965406	0.18681337924187896	1	41	Lost_psI	0.632367826684422
Kinesin_motor_dom	0.6160472589314224	1.0587110279319454	0.08230886368342924	1	44	Lost_psI	0.6568216098822791
Kinesin_motor_dom_sf	1.0000000000000004	0.5540671419949346	-0.8518672818731834	1	83	Lost_psI	1
Kinesin-like_fam	0.5014047192558218	1.4693266037026875	0.5551551155470388	1	32	Lost_psI	0.546383672012594
KMT2D_ePHD1	0.021497331537732554	Inf	Inf	1	1	Lost_psI	0.07509024955889737
KMT2D_ePHD2	0.021497331537732554	Inf	Inf	1	1	Lost_psI	0.07509024955889737
KMT2D_PHD3	0.021497331537732554	Inf	Inf	1	1	Lost_psI	0.07509024955889737
KMT2D_PHD5	0.021497331537732554	Inf	Inf	1	1	Lost_psI	0.07509024955889737
KN_motif	0.08326206777956274	15.190338731005676	3.925082135898749	1	4	Lost_psI	0.143148937876232
KRAB	0.05388918207123695	0.3342163245396246	-1.5811458924362614	3	406	Lost_psI	0.1217991804921103
KRAB_dom_sf	0.05369872691752635	0.33506512982078845	-1.577486541595517	3	405	Lost_psI	0.1217991804921103
Kringle	0.2937880012091687	3.0388800646030734	1.603539737177806	1	16	Lost_psI	0.3488732514358878
Kringle_CS	0.2937880012091687	3.0388800646030734	1.603539737177806	1	16	Lost_psI	0.3488732514358878
Kringle_sf	0.2937880012091687	3.0388800646030734	1.603539737177806	1	16	Lost_psI	0.3488732514358878
Kringle-like	0.4560533005390397	1.687359382110292	0.7547672786464029	1	28	Lost_psI	0.5043813368648185
KRTDAP	0.042533577053855694	45.56979554737467	5.510005992693405	1	2	Lost_psI	0.0995809813488375
Krueppel_C2H2_ZnF	0.25155072470896334	0.38787886902068314	-1.366321912442775	2	235	Lost_psI	0.31353925485171036
L-Aspartase-like	0.12226190780921063	9.119186147197487	3.1889050750704473	1	6	Lost_psI	0.18526804434892652
La_dom_prot	0.00901385580075974	18.276851163285787	4.191945631234113	2	7	Lost_psI	0.07509024955889737
La_HTH	0.00901385580075974	18.276851163285787	4.191945631234113	2	7	Lost_psI	0.07509024955889737
Lag1/Lac1-like	0.12226190780921063	9.119186147197487	3.1889050750704473	1	6	Lost_psI	0.18526804434892652
Laminin_G	0.22017327660327826	2.3402758544234317	1.2266785940619553	2	41	Lost_psI	0.283736344283529
Laminin_IV	0.15960630336473663	6.513625817387964	2.703460844863677	1	8	Lost_psI	0.22189169004365825
LAMTOR5	0.021497331537732554	Inf	Inf	1	1	Lost_psI	0.07509024955889737
LDL_receptor-like_sf	0.9999999999999999	0.9683835059077505	-0.04634958819378495	1	48	Lost_psI	1
LDLR	0.15960630336473663	6.513625817387964	2.703460844863677	1	8	Lost_psI	0.22189169004365825
LDLR_class-A_CS	0.5901246317844505	1.1382467808965406	0.18681337924187896	1	41	Lost_psI	0.632367826684422
LDrepeatLR_classA_rpt	1	0.9894848453929413	-0.015250483262756883	1	47	Lost_psI	1
LE_dom	0.010450879685672732	5.094454954869296	2.3489278037081176	4	40	Lost_psI	0.07509024955889737
Lethal2_giant	0.08326206777956274	15.190338731005676	3.925082135898749	1	4	Lost_psI	0.143148937876232
Leu-rich_rpt	0.5172798742333146	1.2486374559758069	0.3203546487702843	7	263	Lost_psI	0.5616181491675987
Leu-rich_rpt_Cys-con_subtyp	0.061976560162057624	5.373546048843938	2.4258744492364457	2	19	Lost_psI	0.1217991804921103
Leu-rich_rpt_typical-subtyp	1	0.7655233600298061	-0.3854816924922141	3	181	Lost_psI	1
Lime1	0.001363523849906186	91.36065114984439	6.5135010280673615	2	3	Lost_psI	0.04821609938512586
LisH	0.128180128914502	3.382311409908749	1.7580094950075784	2	29	Lost_psI	0.19285578786933194
LKB1_c	0.021497331537732554	Inf	Inf	1	1	Lost_psI	0.07509024955889737
LLGL2	0.08326206777956274	15.190338731005676	3.925082135898749	1	4	Lost_psI	0.143148937876232
LMN_ATRN_NET-like_EGF	0.3801961012128042	2.1701096108304667	1.1177679141019328	1	22	Lost_psI	0.43442607709897907
LNS2/PITP	0.12226190780921063	9.119186147197487	3.1889050750704473	1	6	Lost_psI	0.18526804434892652
LPCAT1-like	0.10297341967714367	11.401765886082718	3.5111853787332947	1	5	Lost_psI	0.16498011671516424
LPLAT_7/PORCN-like	0.12226190780921063	9.119186147197487	3.1889050750704473	1	6	Lost_psI	0.18526804434892652
LRR_12	0.042533577053855694	45.56979554737467	5.510005992693405	1	2	Lost_psI	0.0995809813488375
LRR_dom_sf	0.4413492376848322	1.2780116452982861	0.3539009822454261	9	331	Lost_psI	0.49364495867843117
LRR_domain-containing	0.5429830132356659	1.301174303826036	0.379814236784028	1	36	Lost_psI	0.5869444388149212
LRR_R13L4/SHOC2-like	0.3089818000150816	2.848840622462989	1.510374912776567	1	17	Lost_psI	0.3637101093108427
LsmAD_domain	0.042533577053855694	45.56979554737467	5.510005992693405	1	2	Lost_psI	0.0995809813488375
LysoPLipase_cat_dom	0.14113658314395244	7.600585107166876	2.926110484176725	1	7	Lost_psI	0.2040628450920366
LZ3wCH	0.06311860365583044	22.78417108057041	4.509959979176672	1	3	Lost_psI	0.1217991804921103
M1_APN-typ	0.15960630336473663	6.513625817387964	2.703460844863677	1	8	Lost_psI	0.22189169004365825
MABP1	4.610860216093869e-4	Inf	Inf	2	2	Lost_psI	0.020706954061367012
Mad2-like	0.042533577053855694	45.56979554737467	5.510005992693405	1	2	Lost_psI	0.0995809813488375
Mannose-1P_guanyltransferase	4.610860216093869e-4	Inf	Inf	2	2	Lost_psI	0.020706954061367012
MAP3K_PH	0.06311860365583044	22.78417108057041	4.509959979176672	1	3	Lost_psI	0.1217991804921103
MAP3K_TRAF-bd	0.06311860365583044	22.78417108057041	4.509959979176672	1	3	Lost_psI	0.1217991804921103
MAPKKKK	0.10297341967714367	11.401765886082718	3.5111853787332947	1	5	Lost_psI	0.16498011671516424
MARR_BRCT_CHROMO	0.042533577053855694	45.56979554737467	5.510005992693405	1	2	Lost_psI	0.0995809813488375
Max-like/E-box_TFs	0.002688211284633686	45.67366476797829	5.513290648353738	2	4	Lost_psI	0.07509024955889737
MBOAT_fam	0.2126714967757242	4.559283994929339	2.1888072765673168	1	11	Lost_psI	0.2745463050711004
MCM	0.19536536739538632	5.065907244926264	2.3408206620267338	1	10	Lost_psI	0.26037003100716055
MCM_dom	0.19536536739538632	5.065907244926264	2.3408206620267338	1	10	Lost_psI	0.26037003100716055
MCM_lid	0.19536536739538632	5.065907244926264	2.3408206620267338	1	10	Lost_psI	0.26037003100716055
MCM_OB	0.17767973698829845	5.699345864791639	2.5107963452815727	1	9	Lost_psI	0.24202331821384035
MDM2_MDM4_MUL1	0.06311860365583044	22.78417108057041	4.509959979176672	1	3	Lost_psI	0.1217991804921103
Mediator_comp_sub12	0.042533577053855694	45.56979554737467	5.510005992693405	1	2	Lost_psI	0.0995809813488375
Mediator_Med12	0.042533577053855694	45.56979554737467	5.510005992693405	1	2	Lost_psI	0.0995809813488375
Mediator_Med12_catenin-bd	0.042533577053855694	45.56979554737467	5.510005992693405	1	2	Lost_psI	0.0995809813488375
Mediator_Med12_LCEWAV	0.042533577053855694	45.56979554737467	5.510005992693405	1	2	Lost_psI	0.0995809813488375
MEGF_diff_regulators	0.06311860365583044	22.78417108057041	4.509959979176672	1	3	Lost_psI	0.1217991804921103
Melibiase/NAGA_C	0.042533577053855694	45.56979554737467	5.510005992693405	1	2	Lost_psI	0.0995809813488375
Menin	0.021497331537732554	Inf	Inf	1	1	Lost_psI	0.07509024955889737
MENTAL	0.042533577053855694	45.56979554737467	5.510005992693405	1	2	Lost_psI	0.0995809813488375
Met_Sox_Rdtase_MsrB_dom	0.06311860365583044	22.78417108057041	4.509959979176672	1	3	Lost_psI	0.1217991804921103
Metal_Hydrolase	0.4193593036660398	1.8985853528251233	0.924924858229897	1	25	Lost_psI	0.47225720975157365
Metallo-B-lactamas	0.0030101244075428986	12.4873474766778	3.6423951516050046	3	14	Lost_psI	0.07509024955889737
MetalloPept_cat_dom_sf	0.43074879038519365	1.6905719834012922	0.7575114465093773	3	84	Lost_psI	0.48339293195717886
Methyl_CpG_DNA-bd	0.2126714967757242	4.559283994929339	2.1888072765673168	1	11	Lost_psI	0.2745463050711004
MeTrfase_RsmB-F_NOP2_cat	0.14113658314395244	7.600585107166876	2.926110484176725	1	7	Lost_psI	0.2040628450920366
MeTrfase_RsmB-F_NOP2_dom	0.14113658314395244	7.600585107166876	2.926110484176725	1	7	Lost_psI	0.2040628450920366
MFS	0.6663040849984672	1.3208106135431732	0.40142361837151674	2	71	Lost_psI	0.7053304671198058
MFS_dom	0.9999999999999998	0.958068476229395	-0.06179932119516334	2	97	Lost_psI	1
MFS_Domain-Containing_Protein	0.021497331537732554	Inf	Inf	1	1	Lost_psI	0.07509024955889737
MFS_sugar_transport-like	0.571880053847023	1.1982726265840247	0.26095618214537286	1	39	Lost_psI	0.6141494491313682
MFS_trans_sf	0.23113438647818088	1.6938147081433685	0.7602760622358581	5	140	Lost_psI	0.29327154174714387
Mib_Herc2	0.08326206777956274	15.190338731005676	3.925082135898749	1	4	Lost_psI	0.143148937876232
Mib_Herc2_sf	0.08326206777956274	15.190338731005676	3.925082135898749	1	4	Lost_psI	0.143148937876232
MIB1/2_ZZ	0.042533577053855694	45.56979554737467	5.510005992693405	1	2	Lost_psI	0.0995809813488375
MIR_dom_sf	0.018509063324506286	11.426198503547344	3.5142735936008167	2	10	Lost_psI	0.07509024955889737
MIR_motif	0.018509063324506286	11.426198503547344	3.5142735936008167	2	10	Lost_psI	0.07509024955889737
MIT_dom	0.2126714967757242	4.559283994929339	2.1888072765673168	1	11	Lost_psI	0.2745463050711004
MIT_dom_sf	0.2126714967757242	4.559283994929339	2.1888072765673168	1	11	Lost_psI	0.2745463050711004
Mito_3-hydroxyacyl-CoA_DH	0.021497331537732554	Inf	Inf	1	1	Lost_psI	0.07509024955889737
MitoQC_Scaffold_Kinases	0.08326206777956274	15.190338731005676	3.925082135898749	1	4	Lost_psI	0.143148937876232
Mnd1_HTH	0.042533577053855694	45.56979554737467	5.510005992693405	1	2	Lost_psI	0.0995809813488375
MoaB/Mog_dom	0.042533577053855694	45.56979554737467	5.510005992693405	1	2	Lost_psI	0.0995809813488375
MoaB/Mog-like_dom_sf	0.042533577053855694	45.56979554737467	5.510005992693405	1	2	Lost_psI	0.0995809813488375
MOB_kinase_act_fam	0.15960630336473663	6.513625817387964	2.703460844863677	1	8	Lost_psI	0.22189169004365825
MOB_kinase_act_sf	0.15960630336473663	6.513625817387964	2.703460844863677	1	8	Lost_psI	0.22189169004365825
Mod_r	0.08326206777956274	15.190338731005676	3.925082135898749	1	4	Lost_psI	0.143148937876232
Mon2/Sec7/BIG1-like_HUS	0.08326206777956274	15.190338731005676	3.925082135898749	1	4	Lost_psI	0.143148937876232
Mononega_L_MeTrfase	0.021497331537732554	Inf	Inf	1	1	Lost_psI	0.07509024955889737
MOSPD1/3	0.042533577053855694	45.56979554737467	5.510005992693405	1	2	Lost_psI	0.0995809813488375
MPN	0.3089818000150816	2.848840622462989	1.510374912776567	1	17	Lost_psI	0.3637101093108427
MRNIP	0.021497331537732554	Inf	Inf	1	1	Lost_psI	0.07509024955889737
MRNIP_N	0.021497331537732554	Inf	Inf	1	1	Lost_psI	0.07509024955889737
MSP_dom	0.12226190780921063	9.119186147197487	3.1889050750704473	1	6	Lost_psI	0.18526804434892652
MsrB_Met_sulfoxide_reductase	0.021497331537732554	Inf	Inf	1	1	Lost_psI	0.07509024955889737
Mss4-like_sf	0.17767973698829845	5.699345864791639	2.5107963452815727	1	9	Lost_psI	0.24202331821384035
Mt_RNA_Methyltransferase	0.021497331537732554	Inf	Inf	1	1	Lost_psI	0.07509024955889737
Mtf2_C_dom	0.06311860365583044	22.78417108057041	4.509959979176672	1	3	Lost_psI	0.1217991804921103
MUM1-like_PWWP	0.06311860365583044	22.78417108057041	4.509959979176672	1	3	Lost_psI	0.1217991804921103
MutL_C	0.042533577053855694	45.56979554737467	5.510005992693405	1	2	Lost_psI	0.0995809813488375
MutL_C_dimsub	0.042533577053855694	45.56979554737467	5.510005992693405	1	2	Lost_psI	0.0995809813488375
MutL_C_regsub	0.042533577053855694	45.56979554737467	5.510005992693405	1	2	Lost_psI	0.0995809813488375
MutL_C_sf	0.042533577053855694	45.56979554737467	5.510005992693405	1	2	Lost_psI	0.0995809813488375
MutL/Mlh/PMS	0.08326206777956274	15.190338731005676	3.925082135898749	1	4	Lost_psI	0.143148937876232
MutL/Mlh/Pms-like	0.08326206777956274	15.190338731005676	3.925082135898749	1	4	Lost_psI	0.143148937876232
MyD88_Death	0.021497331537732554	Inf	Inf	1	1	Lost_psI	0.07509024955889737
Myelin_different_resp_MyD88	0.021497331537732554	Inf	Inf	1	1	Lost_psI	0.07509024955889737
Myo-inos-1-P_Synthase	0.021497331537732554	Inf	Inf	1	1	Lost_psI	0.07509024955889737
Myo-inos-1-P_Synthase_GAPDH	0.021497331537732554	Inf	Inf	1	1	Lost_psI	0.07509024955889737
Myotubularin	0.03537367394547521	7.615923020356415	2.9290188963570802	2	14	Lost_psI	0.0995809813488375
Myotubularin-like_Pase_dom	0.03537367394547521	7.615923020356415	2.9290188963570802	2	14	Lost_psI	0.0995809813488375
N-RASSF	0.08326206777956274	15.190338731005676	3.925082135898749	1	4	Lost_psI	0.143148937876232
N/Namide_PRibTrfase	0.042533577053855694	45.56979554737467	5.510005992693405	1	2	Lost_psI	0.0995809813488375
NA-bd_OB_tRNA	0.00901385580075974	18.276851163285787	4.191945631234113	2	7	Lost_psI	0.07509024955889737
NA-bd_OB-fold	0.13262504381658982	2.1028790542452644	1.072365876765719	4	91	Lost_psI	0.19934109019897173
Na/H_exchanger_3/5	0.042533577053855694	45.56979554737467	5.510005992693405	1	2	Lost_psI	0.0995809813488375
NAA40	0.021497331537732554	Inf	Inf	1	1	Lost_psI	0.07509024955889737
Nab2/ZC3H14	0.021497331537732554	Inf	Inf	1	1	Lost_psI	0.07509024955889737
NACHT_NTPase	0.4065872234312772	1.9812004740415021	0.9863748712784044	1	24	Lost_psI	0.4606745146216764
NAD_bind_Glu_DH	0.042533577053855694	45.56979554737467	5.510005992693405	1	2	Lost_psI	0.0995809813488375
NAD-dep_sirtuin_deacylases	0.00901385580075974	18.276851163285787	4.191945631234113	2	7	Lost_psI	0.07509024955889737
NAD(P)-bd_dom	0.12226190780921063	9.119186147197487	3.1889050750704473	1	6	Lost_psI	0.18526804434892652
NAD(P)-bd_dom_sf	0.3951155267014139	1.5030515212187392	0.5878944624364724	5	157	Lost_psI	0.44939463589523826
NAD/diacylglycerol_kinase_sf	0.050687220314566184	6.091185931788106	2.606723142966094	2	17	Lost_psI	0.11628244660400476
NADH_Q_OxRdtase_suD	0.021497331537732554	Inf	Inf	1	1	Lost_psI	0.07509024955889737
NADH_UbQ_OxRdtase_49kDa_CS	0.021497331537732554	Inf	Inf	1	1	Lost_psI	0.07509024955889737
NADH_UbQ_OxRdtase-like_20kDa	0.021497331537732554	Inf	Inf	1	1	Lost_psI	0.07509024955889737
NADH_UQ_OxRdtase_20Kd_su	0.021497331537732554	Inf	Inf	1	1	Lost_psI	0.07509024955889737
NADP_OxRdtase_dom	0.050687220314566184	6.091185931788106	2.606723142966094	2	17	Lost_psI	0.11628244660400476
NADP_OxRdtase_dom_sf	0.050687220314566184	6.091185931788106	2.606723142966094	2	17	Lost_psI	0.11628244660400476
NaH_exchanger	0.17767973698829845	5.699345864791639	2.5107963452815727	1	9	Lost_psI	0.24202331821384035
NAPE-PLD	0.021497331537732554	Inf	Inf	1	1	Lost_psI	0.07509024955889737
NAPRTase_C	0.021497331537732554	Inf	Inf	1	1	Lost_psI	0.07509024955889737
NAPRTase_N	0.021497331537732554	Inf	Inf	1	1	Lost_psI	0.07509024955889737
NCAPD3	0.021497331537732554	Inf	Inf	1	1	Lost_psI	0.07509024955889737
NDH1_su_D/H	0.021497331537732554	Inf	Inf	1	1	Lost_psI	0.07509024955889737
NECAB1/2/3	0.06311860365583044	22.78417108057041	4.509959979176672	1	3	Lost_psI	0.1217991804921103
Neur_chan_lig-bd	1	1.011525630418398	0.01653287591107241	1	46	Lost_psI	1
Neur_chan_lig-bd_sf	1	1.011525630418398	0.01653287591107241	1	46	Lost_psI	1
Neur_channel	1	1.011525630418398	0.01653287591107241	1	46	Lost_psI	1
Neural/epithelial_adhesion	0.262393263298141	3.506727503733698	1.8101253278573235	1	14	Lost_psI	0.3227110507948921
Neuro_actylchol_rec	1	1.011525630418398	0.01653287591107241	1	46	Lost_psI	1
Neuro-gated_channel_TM_sf	1	1.011525630418398	0.01653287591107241	1	46	Lost_psI	1
NeuroDiff_E-box_TFs	0.06311860365583044	22.78417108057041	4.509959979176672	1	3	Lost_psI	0.1217991804921103
Neurolysin/TOP_dom2	0.06311860365583044	22.78417108057041	4.509959979176672	1	3	Lost_psI	0.1217991804921103
Neurolysin/TOP_N	0.042533577053855694	45.56979554737467	5.510005992693405	1	2	Lost_psI	0.0995809813488375
Neurotrans-gated_channel_TM	0.6243193724730651	1.0345781164737673	0.04904258091037534	1	45	Lost_psI	0.6642076884458598
Neurotransmitter_ion_chnl_CS	0.6160472589314224	1.0587110279319454	0.08230886368342924	1	44	Lost_psI	0.6568216098822791
NF-kappa-B_inhibitor	0.08326206777956274	15.190338731005676	3.925082135898749	1	4	Lost_psI	0.143148937876232
NHL_repeat	0.018509063324506286	11.426198503547344	3.5142735936008167	2	10	Lost_psI	0.07509024955889737
NHR-like_dom_sf	0.9999999999999999	0.9683835059077505	-0.04634958819378495	1	48	Lost_psI	1
Nic_PRibTrfase_pncB	0.021497331537732554	Inf	Inf	1	1	Lost_psI	0.07509024955889737
Nic_PRibTrfase-Fam	0.021497331537732554	Inf	Inf	1	1	Lost_psI	0.07509024955889737
Nicotinate_pribotase-like_C	0.06311860365583044	22.78417108057041	4.509959979176672	1	3	Lost_psI	0.1217991804921103
Nicotinic_acetylcholine_rcpt	0.2937880012091687	3.0388800646030734	1.603539737177806	1	16	Lost_psI	0.3488732514358878
NiFe-Hase_large	0.021497331537732554	Inf	Inf	1	1	Lost_psI	0.07509024955889737
NLRC5_atypical_Card	0.021497331537732554	Inf	Inf	1	1	Lost_psI	0.07509024955889737
NLRP_HD2	0.3089818000150816	2.848840622462989	1.510374912776567	1	17	Lost_psI	0.3637101093108427
Non-receptor_tyrosine_kinases	0.44408652868116216	1.7523470592519452	0.8092885346853941	1	27	Lost_psI	0.49372560803111953
NOP2_rpt	0.021497331537732554	Inf	Inf	1	1	Lost_psI	0.07509024955889737
Nop2p	0.021497331537732554	Inf	Inf	1	1	Lost_psI	0.07509024955889737
Nop53/GLTSCR2	0.021497331537732554	Inf	Inf	1	1	Lost_psI	0.07509024955889737
NOTCH1_EGF-like	0.9999999999999999	0.6142160338207773	-0.7031819212062753	1	75	Lost_psI	1
NPHP3_ab_dom	0.021497331537732554	Inf	Inf	1	1	Lost_psI	0.07509024955889737
NPHP3_hel	0.021497331537732554	Inf	Inf	1	1	Lost_psI	0.07509024955889737
NPHP3-like_N	0.042533577053855694	45.56979554737467	5.510005992693405	1	2	Lost_psI	0.0995809813488375
NPR2-like	0.021497331537732554	Inf	Inf	1	1	Lost_psI	0.07509024955889737
NR0B1/2	0.06311860365583044	22.78417108057041	4.509959979176672	1	3	Lost_psI	0.1217991804921103
NR2C1/2-like_DBD	0.042533577053855694	45.56979554737467	5.510005992693405	1	2	Lost_psI	0.0995809813488375
NR2C1/2-like_LBD	0.042533577053855694	45.56979554737467	5.510005992693405	1	2	Lost_psI	0.0995809813488375
NSP1/NUP62	0.042533577053855694	45.56979554737467	5.510005992693405	1	2	Lost_psI	0.0995809813488375
NT_sf	0.4193593036660398	1.8985853528251233	0.924924858229897	1	25	Lost_psI	0.47225720975157365
NTF2_dom	0.015018834376243647	13.05247304218468	3.7062512739182223	2	9	Lost_psI	0.07509024955889737
NTF2-like_dom_sf	0.04535470305778515	6.526478385083349	2.7063047395739033	2	16	Lost_psI	0.1053537146263912
NTP_transferase_dom	0.001363523849906186	91.36065114984439	6.5135010280673615	2	3	Lost_psI	0.04821609938512586
Nucl_hrmn_rcpt_lig-bd	0.9999999999999999	0.9683835059077505	-0.04634958819378495	1	48	Lost_psI	1
Nuclear_hormone_rcpt_NR2	0.22960624998910173	4.144636658813102	2.0512456328417734	1	12	Lost_psI	0.29183230058649123
Nuclear_hormone_rcpt_NR3	0.2126714967757242	4.559283994929339	2.1888072765673168	1	11	Lost_psI	0.2745463050711004
Nuclear_hrmn_rcpt	1	1.011525630418398	0.01653287591107241	1	46	Lost_psI	1
Nuclear_transport_factor_2_euk	0.015018834376243647	13.05247304218468	3.7062512739182223	2	9	Lost_psI	0.07509024955889737
Nucleoporin_NSP1_C	0.042533577053855694	45.56979554737467	5.510005992693405	1	2	Lost_psI	0.0995809813488375
Nucleotide-bd_a/b_plait_sf	0.02953746077502741	2.028843612694153	1.0206576635736413	11	261	Lost_psI	0.0995809813488375
Nucleotide-diphossugar_trans	0.44623550058518496	1.5734897827237138	0.6539678106911908	3	90	Lost_psI	0.4957428874567047
NUDIX_hydrolase_CS	0.262393263298141	3.506727503733698	1.8101253278573235	1	14	Lost_psI	0.3227110507948921
NUDIX_hydrolase_dom	0.12098368851847566	3.5125713098785547	1.8125275142627781	2	28	Lost_psI	0.18526804434892652
NUDIX_hydrolase-like_dom_sf	0.128180128914502	3.382311409908749	1.7580094950075784	2	29	Lost_psI	0.19285578786933194
Nudix_hydrolase6-like	0.021497331537732554	Inf	Inf	1	1	Lost_psI	0.07509024955889737
O-linked_mannose_GnT	0.021497331537732554	Inf	Inf	1	1	Lost_psI	0.07509024955889737
O-mannosyl-transferase_TMTC	0.021497331537732554	Inf	Inf	1	1	Lost_psI	0.07509024955889737
OB_HELZ2	0.021497331537732554	Inf	Inf	1	1	Lost_psI	0.07509024955889737
Orgcat_transp/SVOP	0.17767973698829845	5.699345864791639	2.5107963452815727	1	9	Lost_psI	0.24202331821384035
OSBP_sf	0.22960624998910173	4.144636658813102	2.0512456328417734	1	12	Lost_psI	0.29183230058649123
Oxid_FAD_bind_N	0.08326206777956274	15.190338731005676	3.925082135898749	1	4	Lost_psI	0.143148937876232
Oxysterol-bd	0.22960624998910173	4.144636658813102	2.0512456328417734	1	12	Lost_psI	0.29183230058649123
Oxysterol-bd_CS	0.22960624998910173	4.144636658813102	2.0512456328417734	1	12	Lost_psI	0.29183230058649123
P-loop_NTPase	0.07400404827554809	1.4576580860906898	0.5436523552276843	27	887	Lost_psI	0.14155185976924475
p53-like_TF_DNA-bd_sf	0.24407894313962164	2.1728390849145343	1.1195813360507778	2	44	Lost_psI	0.30735903210309184
PABP_1234	0.12226190780921063	9.119186147197487	3.1889050750704473	1	6	Lost_psI	0.18526804434892652
PABP_HYD_C	0.10297341967714367	11.401765886082718	3.5111853787332947	1	5	Lost_psI	0.16498011671516424
PABP_RRM1	0.15960630336473663	6.513625817387964	2.703460844863677	1	8	Lost_psI	0.22189169004365825
PABP-dom	0.10297341967714367	11.401765886082718	3.5111853787332947	1	5	Lost_psI	0.16498011671516424
PACT_domain	0.042533577053855694	45.56979554737467	5.510005992693405	1	2	Lost_psI	0.0995809813488375
PAM2_motif	0.17767973698829845	5.699345864791639	2.5107963452815727	1	9	Lost_psI	0.24202331821384035
Papain-like_cys_pep_sf	0.3893187476102479	1.5439925516992161	0.6266657929864838	5	153	Lost_psI	0.44416503768928967
PapD-like_sf	0.14113658314395244	7.600585107166876	2.926110484176725	1	7	Lost_psI	0.2040628450920366
PAPS_reduct	0.021497331537732554	Inf	Inf	1	1	Lost_psI	0.07509024955889737
PAS	0.5528253317933746	1.2649681098309038	0.3391010146676191	1	37	Lost_psI	0.5958451939765681
PAS_fold_3	0.24617757834437926	3.7992978758132265	1.9257328278522443	1	13	Lost_psI	0.30735903210309184
PAS-like_dom_sf	0.5528253317933746	1.2649681098309038	0.3391010146676191	1	37	Lost_psI	0.5958451939765681
PAZ_dom	0.17767973698829845	5.699345864791639	2.5107963452815727	1	9	Lost_psI	0.24202331821384035
PAZ_dom_sf	0.19536536739538632	5.065907244926264	2.3408206620267338	1	10	Lost_psI	0.26037003100716055
PDHB_mito-type	0.021497331537732554	Inf	Inf	1	1	Lost_psI	0.07509024955889737
PDZ	0.7769331165492059	0.5931215791030329	-0.753600233639301	2	155	Lost_psI	0.8137207623504757
PDZ_6	0.35263411804326855	2.398673869612164	1.2622370181242757	1	20	Lost_psI	0.4073295112549681
PDZ_sf	0.7785707629048617	0.5816260209321862	-0.781836280530012	2	158	Lost_psI	0.8148600781250036
PE/DAG-bd	0.654158028936859	1.4243312618641628	0.5102847181229518	2	66	Lost_psI	0.6939600564670187
Pept_A22A_PS2	0.021497331537732554	Inf	Inf	1	1	Lost_psI	0.07509024955889737
Pept_asp_AS	0.018509063324506286	11.426198503547344	3.5142735936008167	2	10	Lost_psI	0.07509024955889737
Pept_C19_DUSP	0.14113658314395244	7.600585107166876	2.926110484176725	1	7	Lost_psI	0.2040628450920366
Pept_cys_AS	0.07402340844882907	4.808678631137754	2.2656405126648154	2	21	Lost_psI	0.14155185976924475
Pept_his_AS	0.2126714967757242	4.559283994929339	2.1888072765673168	1	11	Lost_psI	0.2745463050711004
Pept_M24	0.19536536739538632	5.065907244926264	2.3408206620267338	1	10	Lost_psI	0.26037003100716055
Pept_M24B	0.042533577053855694	45.56979554737467	5.510005992693405	1	2	Lost_psI	0.0995809813488375
Pept_M3A_M3B	0.06311860365583044	22.78417108057041	4.509959979176672	1	3	Lost_psI	0.1217991804921103
Pept_M3A_M3B_dom	0.06311860365583044	22.78417108057041	4.509959979176672	1	3	Lost_psI	0.1217991804921103
Pept_M41_FtsH_extracell	0.042533577053855694	45.56979554737467	5.510005992693405	1	2	Lost_psI	0.0995809813488375
Pept_M54_archaemetzincn	0.042533577053855694	45.56979554737467	5.510005992693405	1	2	Lost_psI	0.0995809813488375
Peptidase_A22A	0.042533577053855694	45.56979554737467	5.510005992693405	1	2	Lost_psI	0.0995809813488375
Peptidase_C19_UCH	0.6852038944155389	1.1987348327688234	0.26151256137259643	2	78	Lost_psI	0.7248195371333538
Peptidase_C1A	0.03075030972577062	8.307444214592685	3.0544047000929666	2	13	Lost_psI	0.0995809813488375
Peptidase_C1A_C	0.03075030972577062	8.307444214592685	3.0544047000929666	2	13	Lost_psI	0.0995809813488375
Peptidase_C1A_papain-like	0.15960630336473663	6.513625817387964	2.703460844863677	1	8	Lost_psI	0.22189169004365825
Peptidase_C2_calpain_cat	0.2782609200747074	3.2560903985150427	1.703140753559613	1	15	Lost_psI	0.33663892534752354
Peptidase_M1	0.2126714967757242	4.559283994929339	2.1888072765673168	1	11	Lost_psI	0.2745463050711004
Peptidase_M1_aminopeptidases	0.15960630336473663	6.513625817387964	2.703460844863677	1	8	Lost_psI	0.22189169004365825
Peptidase_M1_dom	0.22960624998910173	4.144636658813102	2.0512456328417734	1	12	Lost_psI	0.29183230058649123
Peptidase_M12B	0.5811014279995433	1.1674901477260962	0.22341037529966823	1	40	Lost_psI	0.6236005186787278
Peptidase_M22_CS	0.021497331537732554	Inf	Inf	1	1	Lost_psI	0.07509024955889737
Peptidase_M24_C	0.042533577053855694	45.56979554737467	5.510005992693405	1	2	Lost_psI	0.0995809813488375
Peptidase_M24B_aminopep-P_CS	0.06311860365583044	22.78417108057041	4.509959979176672	1	3	Lost_psI	0.1217991804921103
Peptidase_M4/M1_CTD_sf	0.24617757834437926	3.7992978758132265	1.9257328278522443	1	13	Lost_psI	0.30735903210309184
Peptidase_M41	0.06311860365583044	22.78417108057041	4.509959979176672	1	3	Lost_psI	0.1217991804921103
Peptidase_M41-like	0.06311860365583044	22.78417108057041	4.509959979176672	1	3	Lost_psI	0.1217991804921103
Peptidase_S1_PA	1	0.7389178209378786	-0.43651417154158717	2	125	Lost_psI	1
Peptidase_S1_PA_chymotrypsin	1.0000000000000002	0.7575066925580513	-0.4006694600606398	2	122	Lost_psI	1
Peptidase_S10	0.06311860365583044	22.78417108057041	4.509959979176672	1	3	Lost_psI	0.1217991804921103
Peptidase_S1A	0.734416764135936	0.41624871114805984	-1.2644822897861803	1	110	Lost_psI	0.7702800031489435
Peptidase_S1C	0.08326206777956274	15.190338731005676	3.925082135898749	1	4	Lost_psI	0.143148937876232
Peptidase_S8/S53_dom	0.2126714967757242	4.559283994929339	2.1888072765673168	1	11	Lost_psI	0.2745463050711004
Peptidase_S8/S53_dom_sf	0.2126714967757242	4.559283994929339	2.1888072765673168	1	11	Lost_psI	0.2745463050711004
Per1-3_PAS-A	0.06311860365583044	22.78417108057041	4.509959979176672	1	3	Lost_psI	0.1217991804921103
Period_circadian_regulator	0.06311860365583044	22.78417108057041	4.509959979176672	1	3	Lost_psI	0.1217991804921103
Period_circadian-like_C	0.06311860365583044	22.78417108057041	4.509959979176672	1	3	Lost_psI	0.1217991804921103
PFK_vert-type	0.06311860365583044	22.78417108057041	4.509959979176672	1	3	Lost_psI	0.1217991804921103
PH_8	0.08326206777956274	15.190338731005676	3.925082135898749	1	4	Lost_psI	0.143148937876232
PH_domain	0.017719846210190623	2.132218454629112	1.0923552557634248	12	272	Lost_psI	0.07509024955889737
PH_Kindlin/fermitin	0.06311860365583044	22.78417108057041	4.509959979176672	1	3	Lost_psI	0.1217991804921103
PH-BEACH_dom	0.15960630336473663	6.513625817387964	2.703460844863677	1	8	Lost_psI	0.22189169004365825
PH-like_dom_sf	0.043751555058945915	1.7368656736982608	0.7964861827282378	16	442	Lost_psI	0.10227098516933415
PHF1_PDH-finger1	0.021497331537732554	Inf	Inf	1	1	Lost_psI	0.07509024955889737
PHF1_PHD-finger2	0.021497331537732554	Inf	Inf	1	1	Lost_psI	0.07509024955889737
Phosphofructokinase_CS	0.06311860365583044	22.78417108057041	4.509959979176672	1	3	Lost_psI	0.1217991804921103
Phosphofructokinase_dom	0.06311860365583044	22.78417108057041	4.509959979176672	1	3	Lost_psI	0.1217991804921103
Phosphofurin_acidic_CS-1	0.042533577053855694	45.56979554737467	5.510005992693405	1	2	Lost_psI	0.0995809813488375
PI_Kinase	0.19536536739538632	5.065907244926264	2.3408206620267338	1	10	Lost_psI	0.26037003100716055
PI_transfer	0.12226190780921063	9.119186147197487	3.1889050750704473	1	6	Lost_psI	0.18526804434892652
PI_transfer_N	0.10297341967714367	11.401765886082718	3.5111853787332947	1	5	Lost_psI	0.16498011671516424
PI-Interact_SigTrans_Reg	0.15960630336473663	6.513625817387964	2.703460844863677	1	8	Lost_psI	0.22189169004365825
PI-PLC_fam	0.2782609200747074	3.2560903985150427	1.703140753559613	1	15	Lost_psI	0.33663892534752354
PI3/4_kinase_cat_dom	0.3383979480793238	2.5321106586230506	1.340340454986715	1	19	Lost_psI	0.3927218160168816
PI3/4_kinase_cat_sf	0.2937880012091687	3.0388800646030734	1.603539737177806	1	16	Lost_psI	0.3488732514358878
PI3/4_kinase_CS	0.2782609200747074	3.2560903985150427	1.703140753559613	1	15	Lost_psI	0.33663892534752354
PI3K_ABD	0.08326206777956274	15.190338731005676	3.925082135898749	1	4	Lost_psI	0.143148937876232
PI3K_accessory_dom	0.19536536739538632	5.065907244926264	2.3408206620267338	1	10	Lost_psI	0.26037003100716055
PI3K_accessory_sf	0.17767973698829845	5.699345864791639	2.5107963452815727	1	9	Lost_psI	0.24202331821384035
PI3K_Ras-bd_dom	0.14113658314395244	7.600585107166876	2.926110484176725	1	7	Lost_psI	0.2040628450920366
PI3K-type_C2_dom	0.15960630336473663	6.513625817387964	2.703460844863677	1	8	Lost_psI	0.22189169004365825
PI3Kalpha_dom	0.021497331537732554	Inf	Inf	1	1	Lost_psI	0.07509024955889737
PIN-like_dom_sf	0.03537367394547521	7.615923020356415	2.9290188963570802	2	14	Lost_psI	0.0995809813488375
PINK1_STKc	0.021497331537732554	Inf	Inf	1	1	Lost_psI	0.07509024955889737
PInositol-4-P-4/5-kinase_C_sf	0.15960630336473663	6.513625817387964	2.703460844863677	1	8	Lost_psI	0.22189169004365825
PInositol-4-P-4/5-kinase_core	0.15960630336473663	6.513625817387964	2.703460844863677	1	8	Lost_psI	0.22189169004365825
PInositol-4-P-5-kinase_N	0.15960630336473663	6.513625817387964	2.703460844863677	1	8	Lost_psI	0.22189169004365825
PInositol-4/5-P-5/4-kinase	0.14113658314395244	7.600585107166876	2.926110484176725	1	7	Lost_psI	0.2040628450920366
PKF_sf	0.06311860365583044	22.78417108057041	4.509959979176672	1	3	Lost_psI	0.1217991804921103
Pkinase_C	0.5226452943701955	1.3801492522101289	0.46482429148178156	1	34	Lost_psI	0.5661990689010451
PLAT_RAB6IP1	0.042533577053855694	45.56979554737467	5.510005992693405	1	2	Lost_psI	0.0995809813488375
PLAT/LH2_dom	0.35263411804326855	2.398673869612164	1.2622370181242757	1	20	Lost_psI	0.4073295112549681
PLAT/LH2_dom_sf	0.35263411804326855	2.398673869612164	1.2622370181242757	1	20	Lost_psI	0.4073295112549681
PLC_EF-hand-like	0.17767973698829845	5.699345864791639	2.5107963452815727	1	9	Lost_psI	0.24202331821384035
PLC-delta1_cat	0.021497331537732554	Inf	Inf	1	1	Lost_psI	0.07509024955889737
PLC-delta1_EF	0.021497331537732554	Inf	Inf	1	1	Lost_psI	0.07509024955889737
PLC-delta3_EF-hand	0.042533577053855694	45.56979554737467	5.510005992693405	1	2	Lost_psI	0.0995809813488375
PLC-like_Pdiesterase_TIM-brl	0.10691406280515195	3.8058116755687763	1.928204173949013	2	26	Lost_psI	0.17073991495391724
PLD-like_dom	0.004416660189239302	30.442591325330493	4.928019263619941	2	5	Lost_psI	0.07509024955889737
PLDc_3	0.06311860365583044	22.78417108057041	4.509959979176672	1	3	Lost_psI	0.1217991804921103
Plexin	0.022304073592008585	10.152734893142915	3.3437965006526538	2	11	Lost_psI	0.07723046042840356
Plexin_cytoplasmic_RasGAP_dom	0.015018834376243647	13.05247304218468	3.7062512739182223	2	9	Lost_psI	0.07509024955889737
Plexin_RBD	0.015018834376243647	13.05247304218468	3.7062512739182223	2	9	Lost_psI	0.07509024955889737
Plexin_repeat	0.128180128914502	3.382311409908749	1.7580094950075784	2	29	Lost_psI	0.19285578786933194
PLipase_C_PInositol-sp_X_dom	0.3383979480793238	2.5321106586230506	1.340340454986715	1	19	Lost_psI	0.3927218160168816
PLipase_C_Pinositol-sp_Y	0.2782609200747074	3.2560903985150427	1.703140753559613	1	15	Lost_psI	0.33663892534752354
PLipase_D_euk	0.042533577053855694	45.56979554737467	5.510005992693405	1	2	Lost_psI	0.0995809813488375
PLipase_D_fam	0.042533577053855694	45.56979554737467	5.510005992693405	1	2	Lost_psI	0.0995809813488375
PLipase_D/transphosphatidylase	0.00901385580075974	18.276851163285787	4.191945631234113	2	7	Lost_psI	0.07509024955889737
Plipid/glycerol_acylTrfase	0.050687220314566184	6.091185931788106	2.606723142966094	2	17	Lost_psI	0.11628244660400476
PLK3_STKc	0.021497331537732554	Inf	Inf	1	1	Lost_psI	0.07509024955889737
PMM	0.042533577053855694	45.56979554737467	5.510005992693405	1	2	Lost_psI	0.0995809813488375
PMM_cap	0.042533577053855694	45.56979554737467	5.510005992693405	1	2	Lost_psI	0.0995809813488375
PMT_4TMC	4.610860216093869e-4	Inf	Inf	2	2	Lost_psI	0.020706954061367012
PNK3P	0.021497331537732554	Inf	Inf	1	1	Lost_psI	0.07509024955889737
PNKP	0.021497331537732554	Inf	Inf	1	1	Lost_psI	0.07509024955889737
PNPase/RNase_PH_dom_sf	0.14113658314395244	7.600585107166876	2.926110484176725	1	7	Lost_psI	0.2040628450920366
PolB_thumb	0.08326206777956274	15.190338731005676	3.925082135898749	1	4	Lost_psI	0.143148937876232
POLO_box_1	0.08326206777956274	15.190338731005676	3.925082135898749	1	4	Lost_psI	0.143148937876232
POLO_box_2	0.06311860365583044	22.78417108057041	4.509959979176672	1	3	Lost_psI	0.1217991804921103
POLO_box_dom	0.10297341967714367	11.401765886082718	3.5111853787332947	1	5	Lost_psI	0.16498011671516424
POLO_box_dom_sf	0.08326206777956274	15.190338731005676	3.925082135898749	1	4	Lost_psI	0.143148937876232
POLR3C_WHD	0.021497331537732554	Inf	Inf	1	1	Lost_psI	0.07509024955889737
Polynucleotide_phosphatase	0.021497331537732554	Inf	Inf	1	1	Lost_psI	0.07509024955889737
POMGNT1_PANDER-like	0.021497331537732554	Inf	Inf	1	1	Lost_psI	0.07509024955889737
Porphobilin_deaminase_cofac_BS	0.021497331537732554	Inf	Inf	1	1	Lost_psI	0.07509024955889737
Porphobilin_deaminase_N	0.021497331537732554	Inf	Inf	1	1	Lost_psI	0.07509024955889737
Porphobilinogen_deaminase_C	0.021497331537732554	Inf	Inf	1	1	Lost_psI	0.07509024955889737
Porphobilinogen_deaminase_C_sf	0.021497331537732554	Inf	Inf	1	1	Lost_psI	0.07509024955889737
Post-SET_dom	0.2782609200747074	3.2560903985150427	1.703140753559613	1	15	Lost_psI	0.33663892534752354
POT_fam	0.10297341967714367	11.401765886082718	3.5111853787332947	1	5	Lost_psI	0.16498011671516424
PPase_methylesterase_euk	0.021497331537732554	Inf	Inf	1	1	Lost_psI	0.07509024955889737
PPIE	0.021497331537732554	Inf	Inf	1	1	Lost_psI	0.07509024955889737
PPIE_RRM	0.021497331537732554	Inf	Inf	1	1	Lost_psI	0.07509024955889737
PPIL2_U-box_dom	0.021497331537732554	Inf	Inf	1	1	Lost_psI	0.07509024955889737
Pre-Nudix	0.021497331537732554	Inf	Inf	1	1	Lost_psI	0.07509024955889737
Prenyl_trans_a	0.06311860365583044	22.78417108057041	4.509959979176672	1	3	Lost_psI	0.1217991804921103
Preselin/SPP	0.14113658314395244	7.600585107166876	2.926110484176725	1	7	Lost_psI	0.2040628450920366
Presenilin_C	0.06311860365583044	22.78417108057041	4.509959979176672	1	3	Lost_psI	0.1217991804921103
Prot_inhib_I29	0.14113658314395244	7.600585107166876	2.926110484176725	1	7	Lost_psI	0.2040628450920366
Prot_kinase_dom	0.1549150233407331	1.4531079619653673	0.5391418952665328	15	490	Lost_psI	0.22189169004365825
Prot-tyrosine_phosphatase-like	0.49140438338500964	1.3544436826506934	0.4377004079735291	3	104	Lost_psI	0.5382566860137357
Protein_kinase_ATP_BS	0.2077049768124878	1.4857248066016382	0.5711669174122672	12	383	Lost_psI	0.2745463050711004
PRR14	0.042533577053855694	45.56979554737467	5.510005992693405	1	2	Lost_psI	0.0995809813488375
PSI	0.2360941029840157	2.226026842454934	1.1544709894647478	2	43	Lost_psI	0.2990525304464199
PTB	0.15960630336473663	6.513625817387964	2.703460844863677	1	8	Lost_psI	0.22189169004365825
PTB/PI_dom	0.22017327660327826	2.3402758544234317	1.2266785940619553	2	41	Lost_psI	0.283736344283529
PTBP1-like_RRM2	0.004416660189239302	30.442591325330493	4.928019263619941	2	5	Lost_psI	0.07509024955889737
PTBP2_RRM1	0.021497331537732554	Inf	Inf	1	1	Lost_psI	0.07509024955889737
PTBP2_RRM3	0.021497331537732554	Inf	Inf	1	1	Lost_psI	0.07509024955889737
PTBP2_RRM4	0.021497331537732554	Inf	Inf	1	1	Lost_psI	0.07509024955889737
PtdIno-glycan_biosynth_class_S	0.021497331537732554	Inf	Inf	1	1	Lost_psI	0.07509024955889737
PTP	0.19536536739538632	5.065907244926264	2.3408206620267338	1	10	Lost_psI	0.26037003100716055
PUB_domain	0.06311860365583044	22.78417108057041	4.509959979176672	1	3	Lost_psI	0.1217991804921103
PUB-like_dom_sf	0.06311860365583044	22.78417108057041	4.509959979176672	1	3	Lost_psI	0.1217991804921103
PWP3A_3B_4	0.06311860365583044	22.78417108057041	4.509959979176672	1	3	Lost_psI	0.1217991804921103
PWP3A_3B_4_C	0.06311860365583044	22.78417108057041	4.509959979176672	1	3	Lost_psI	0.1217991804921103
PWP3A_3B_4_N	0.06311860365583044	22.78417108057041	4.509959979176672	1	3	Lost_psI	0.1217991804921103
PWWP_dom	0.3801961012128042	2.1701096108304667	1.1177679141019328	1	22	Lost_psI	0.43442607709897907
PX_dom	0.9999999999999999	0.9683835059077505	-0.04634958819378495	1	48	Lost_psI	1
PX_dom_sf	0.9999999999999999	0.8750500413610042	-0.19256257238921345	1	53	Lost_psI	1
Pyr_nuc-diS_OxRdtase	0.08326206777956274	15.190338731005676	3.925082135898749	1	4	Lost_psI	0.143148937876232
Pyr_nucl-diS_OxRdtase_dimer	0.10297341967714367	11.401765886082718	3.5111853787332947	1	5	Lost_psI	0.16498011671516424
Pyr_OxRdtase_I_AS	0.10297341967714367	11.401765886082718	3.5111853787332947	1	5	Lost_psI	0.16498011671516424
Quino_amine_DH_bsu	0.3383979480793238	2.5321106586230506	1.340340454986715	1	19	Lost_psI	0.3927218160168816
Quinoprotein_ADH-like_sf	0.006460406509907581	4.592725731009065	2.1993506310816775	5	55	Lost_psI	0.07509024955889737
RA_dom	0.05767357515999328	3.610950541293575	1.8523786600209347	3	41	Lost_psI	0.1217991804921103
Rab	0.3089818000150816	2.848840622462989	1.510374912776567	1	17	Lost_psI	0.3637101093108427
Rab_GAP_TBC_domain	0.4677630566684872	1.6270104367338007	0.7022235054516236	1	29	Lost_psI	0.515408810396058
Rab_GTPases_membrane_traffic	0.3089818000150816	2.848840622462989	1.510374912776567	1	17	Lost_psI	0.3637101093108427
Rab-GAP_TBC_sf	1.0000000000000004	0.842555942676139	-0.24715561566466085	1	55	Lost_psI	1
Rab-GAP-TBC_dom	1	0.8584964580300315	-0.2201159128941403	1	54	Lost_psI	1
Rab15	0.021497331537732554	Inf	Inf	1	1	Lost_psI	0.07509024955889737
RAB3IL/RAB3IP/Sec2	0.042533577053855694	45.56979554737467	5.510005992693405	1	2	Lost_psI	0.0995809813488375
RabGGT_asu_insert-dom_sf	0.021497331537732554	Inf	Inf	1	1	Lost_psI	0.07509024955889737
RabGGT_asu_insert-domain	0.021497331537732554	Inf	Inf	1	1	Lost_psI	0.07509024955889737
Rad9	0.042533577053855694	45.56979554737467	5.510005992693405	1	2	Lost_psI	0.0995809813488375
Rad9/Ddc1	0.042533577053855694	45.56979554737467	5.510005992693405	1	2	Lost_psI	0.0995809813488375
RAP	0.12226190780921063	9.119186147197487	3.1889050750704473	1	6	Lost_psI	0.18526804434892652
Rap/Ran_GAP_dom	0.2126714967757242	4.559283994929339	2.1888072765673168	1	11	Lost_psI	0.2745463050711004
Rap/Ran-GAP_sf	0.2126714967757242	4.559283994929339	2.1888072765673168	1	11	Lost_psI	0.2745463050711004
Ras_G-nucl-exch_fac_CS	0.2782609200747074	3.2560903985150427	1.703140753559613	1	15	Lost_psI	0.33663892534752354
Ras_GEF_dom_sf	0.5014047192558218	1.4693266037026875	0.5551551155470388	1	32	Lost_psI	0.546383672012594
Ras_GTPase_bind_prot	4.610860216093869e-4	Inf	Inf	2	2	Lost_psI	0.020706954061367012
Ras-like_GEF	0.4193593036660398	1.8985853528251233	0.924924858229897	1	25	Lost_psI	0.47225720975157365
Ras-like_Gua-exchang_fac_N	0.4065872234312772	1.9812004740415021	0.9863748712784044	1	24	Lost_psI	0.4606745146216764
RASGEF_cat_dom	0.5014047192558218	1.4693266037026875	0.5551551155470388	1	32	Lost_psI	0.546383672012594
RASGEF_cat_dom_sf	0.5014047192558218	1.4693266037026875	0.5551551155470388	1	32	Lost_psI	0.546383672012594
RASSF7_RA	0.021497331537732554	Inf	Inf	1	1	Lost_psI	0.07509024955889737
RBD_dom	0.15960630336473663	6.513625817387964	2.703460844863677	1	8	Lost_psI	0.22189169004365825
RBD_domain_sf	0.028433165784935422	2.0454986534044766	1.0324525874692625	11	259	Lost_psI	0.09754155484554235
Rbsml_bL25/Gln-tRNA_synth_N	0.042533577053855694	45.56979554737467	5.510005992693405	1	2	Lost_psI	0.0995809813488375
Rcat_RBR_CUL9	0.021497331537732554	Inf	Inf	1	1	Lost_psI	0.07509024955889737
RCMT	0.12226190780921063	9.119186147197487	3.1889050750704473	1	6	Lost_psI	0.18526804434892652
RCMT_NOP2	0.021497331537732554	Inf	Inf	1	1	Lost_psI	0.07509024955889737
RGPA/RALGAPB_N	0.06311860365583044	22.78417108057041	4.509959979176672	1	3	Lost_psI	0.1217991804921103
RGS	0.18087937402638152	2.685003511047681	1.4249239747536175	2	36	Lost_psI	0.24570415426865022
RGS_sf	0.20434848209598175	2.467201208247307	1.3028753768879469	2	39	Lost_psI	0.2711230532374619
RGS_subdom1/3	0.323849453978415	2.6810895986692156	1.422819433194331	1	18	Lost_psI	0.37853708375548106
RGS_subdomain_2	0.1964844146491081	2.535681883789372	1.3423737622490275	2	38	Lost_psI	0.26162614780770727
RGS10/12/14-like	0.06311860365583044	22.78417108057041	4.509959979176672	1	3	Lost_psI	0.1217991804921103
RGS12_RGS	0.021497331537732554	Inf	Inf	1	1	Lost_psI	0.07509024955889737
RH1	0.10297341967714367	11.401765886082718	3.5111853787332947	1	5	Lost_psI	0.16498011671516424
RH2	0.10297341967714367	11.401765886082718	3.5111853787332947	1	5	Lost_psI	0.16498011671516424
Rho_GEF_signaling-related	0.08326206777956274	15.190338731005676	3.925082135898749	1	4	Lost_psI	0.143148937876232
Rho_GTPase_activation_prot	0.14425272274159404	2.032419376017625	1.0231981232097334	4	94	Lost_psI	0.20755585932334208
Rho-GAP	0.08326206777956274	15.190338731005676	3.925082135898749	1	4	Lost_psI	0.143148937876232
RhoGAP_ARAP	0.06311860365583044	22.78417108057041	4.509959979176672	1	3	Lost_psI	0.1217991804921103
RhoGAP_dom	0.663767428752817	1.340301728487014	0.4225578164969707	2	70	Lost_psI	0.7036504502229435
Rib_uL2_dom2	0.36656465352299045	2.278691954007018	1.188205906409088	1	21	Lost_psI	0.42079691442375816
RibonucZ/Hydroxyglut_hydro	0.007400223687397134	8.584629802549529	3.1017559218172215	3	19	Lost_psI	0.07509024955889737
Ribosomal_bL25/Gln-tRNA_synth	0.042533577053855694	45.56979554737467	5.510005992693405	1	2	Lost_psI	0.0995809813488375
Ribosomal_eS21	0.042533577053855694	45.56979554737467	5.510005992693405	1	2	Lost_psI	0.0995809813488375
Ribosomal_eS21_sf	0.042533577053855694	45.56979554737467	5.510005992693405	1	2	Lost_psI	0.0995809813488375
Ribosomal_Rsm22-like	0.021497331537732554	Inf	Inf	1	1	Lost_psI	0.07509024955889737
Ribosomal_S6_kinase	0.042533577053855694	45.56979554737467	5.510005992693405	1	2	Lost_psI	0.0995809813488375
Ribosomal_Su5_D2-typ_SF	0.03609227489379479	4.4279858368255445	2.1466506075814733	3	34	Lost_psI	0.0995809813488375
Ribosomal_uS13-like_H2TH	0.08326206777956274	15.190338731005676	3.925082135898749	1	4	Lost_psI	0.143148937876232
Ribosome_recyc_fac	0.021497331537732554	Inf	Inf	1	1	Lost_psI	0.07509024955889737
Ribosome_recyc_fac_dom	0.021497331537732554	Inf	Inf	1	1	Lost_psI	0.07509024955889737
Ribsml_uS5_D2-typ_fold_subgr	0.36656465352299045	2.278691954007018	1.188205906409088	1	21	Lost_psI	0.42079691442375816
RING-HC_RBR_CUL9	0.021497331537732554	Inf	Inf	1	1	Lost_psI	0.07509024955889737
RLIG1	0.021497331537732554	Inf	Inf	1	1	Lost_psI	0.07509024955889737
RLR_Helicase	0.10297341967714367	11.401765886082718	3.5111853787332947	1	5	Lost_psI	0.16498011671516424
RMD1/Sad1-interacting	0.021497331537732554	Inf	Inf	1	1	Lost_psI	0.07509024955889737
RmlC_Cupin_sf	0.17767973698829845	5.699345864791639	2.5107963452815727	1	9	Lost_psI	0.24202331821384035
RmlC-like_jellyroll	0.10098952446588655	2.7990338435913187	1.4849289308858826	3	52	Lost_psI	0.16498011671516424
RMMBL	0.06311860365583044	22.78417108057041	4.509959979176672	1	3	Lost_psI	0.1217991804921103
RNA_helicase_DEAD_Q_motif	0.03609227489379479	4.4279858368255445	2.1466506075814733	3	34	Lost_psI	0.0995809813488375
RNA_methyltr_E_TRM7	0.021497331537732554	Inf	Inf	1	1	Lost_psI	0.07509024955889737
RNA_methyltr_RlmE	0.06311860365583044	22.78417108057041	4.509959979176672	1	3	Lost_psI	0.1217991804921103
RNA_MeTrfase_FtsJ_dom	0.10297341967714367	11.401765886082718	3.5111853787332947	1	5	Lost_psI	0.16498011671516424
RNA_pol_II_trans_fac_SIII_A	0.042533577053855694	45.56979554737467	5.510005992693405	1	2	Lost_psI	0.0995809813488375
RNA_pol_III_Rpc82_C	0.021497331537732554	Inf	Inf	1	1	Lost_psI	0.07509024955889737
RNA_pol_III_RPC82-rel_HTH	0.021497331537732554	Inf	Inf	1	1	Lost_psI	0.07509024955889737
RNA_Proc_MBL-domain	0.042533577053855694	45.56979554737467	5.510005992693405	1	2	Lost_psI	0.0995809813488375
RNA-helicase_DEAD-box_CS	0.019685930336872347	5.721304579156285	2.5163441496754064	3	27	Lost_psI	0.07509024955889737
RNase_H2_suA	0.021497331537732554	Inf	Inf	1	1	Lost_psI	0.07509024955889737
RNase_HII_hlx-loop-hlx_cap_dom	0.021497331537732554	Inf	Inf	1	1	Lost_psI	0.07509024955889737
RNase_HII/HIII	0.021497331537732554	Inf	Inf	1	1	Lost_psI	0.07509024955889737
RNase_HII/HIII_dom	0.021497331537732554	Inf	Inf	1	1	Lost_psI	0.07509024955889737
RNase_II/R	0.08326206777956274	15.190338731005676	3.925082135898749	1	4	Lost_psI	0.143148937876232
RNase_II/R_CS	0.08326206777956274	15.190338731005676	3.925082135898749	1	4	Lost_psI	0.143148937876232
RNase_III_dom	0.042533577053855694	45.56979554737467	5.510005992693405	1	2	Lost_psI	0.0995809813488375
RNase_III_sf	0.06311860365583044	22.78417108057041	4.509959979176672	1	3	Lost_psI	0.1217991804921103
RNaseH_sf	0.09662570781149965	2.8574806164972357	1.5147437120606948	3	51	Lost_psI	0.1642193795603698
RNaseH-like_sf	0.18532195605187354	2.076351594712079	1.0540507601690796	3	69	Lost_psI	0.2515083689275427
RNF123/RSPRY1-like	0.042533577053855694	45.56979554737467	5.510005992693405	1	2	Lost_psI	0.0995809813488375
RNF213	0.021497331537732554	Inf	Inf	1	1	Lost_psI	0.07509024955889737
Rossmann-like_a/b/a_fold	0.013422159935886973	4.7022208384978486	2.2333422963546146	4	43	Lost_psI	0.07509024955889737
RPC3	0.021497331537732554	Inf	Inf	1	1	Lost_psI	0.07509024955889737
RRF_sf	0.021497331537732554	Inf	Inf	1	1	Lost_psI	0.07509024955889737
RRM_dom	0.017687021062214845	2.330550713565397	1.2206709067465245	11	229	Lost_psI	0.07509024955889737
RRM_dom_euk	0.09333069060010277	4.1519663458389555	2.053794749840298	2	24	Lost_psI	0.15898400398776127
RRM2_I_PABPs	0.15960630336473663	6.513625817387964	2.703460844863677	1	8	Lost_psI	0.22189169004365825
rRNA-MeTfrase_E	0.06311860365583044	22.78417108057041	4.509959979176672	1	3	Lost_psI	0.1217991804921103
Rrp43	0.021497331537732554	Inf	Inf	1	1	Lost_psI	0.07509024955889737
RsmB-like_ferredoxin	0.021497331537732554	Inf	Inf	1	1	Lost_psI	0.07509024955889737
RsmB/NOL1/NOP2-like_CS	0.042533577053855694	45.56979554737467	5.510005992693405	1	2	Lost_psI	0.0995809813488375
RU2A	0.06311860365583044	22.78417108057041	4.509959979176672	1	3	Lost_psI	0.1217991804921103
Run_dom	0.007400223687397134	8.584629802549529	3.1017559218172215	3	19	Lost_psI	0.07509024955889737
Run_dom_sf	0.007400223687397134	8.584629802549529	3.1017559218172215	3	19	Lost_psI	0.07509024955889737
RUN_RUSC1	0.021497331537732554	Inf	Inf	1	1	Lost_psI	0.07509024955889737
RUN1_DENND5A	0.021497331537732554	Inf	Inf	1	1	Lost_psI	0.07509024955889737
RUN2_DENND5A	0.021497331537732554	Inf	Inf	1	1	Lost_psI	0.07509024955889737
RUSC1_2	0.001363523849906186	91.36065114984439	6.5135010280673615	2	3	Lost_psI	0.04821609938512586
RuvA_2-like	0.17767973698829845	5.699345864791639	2.5107963452815727	1	9	Lost_psI	0.24202331821384035
S22A4/5	0.042533577053855694	45.56979554737467	5.510005992693405	1	2	Lost_psI	0.0995809813488375
S53_propep	0.021497331537732554	Inf	Inf	1	1	Lost_psI	0.07509024955889737
SAM	0.4611424718969566	1.4875901836992167	0.5729771330469523	3	95	Lost_psI	0.5096294879577105
SAM_3	0.14113658314395244	7.600585107166876	2.926110484176725	1	7	Lost_psI	0.2040628450920366
SAM-dependent_MTases_sf	0.3721473547362177	1.4263197410697792	0.5122974299920625	4	132	Lost_psI	0.4268749069033085
SAM/pointed_sf	0.19978202167238185	1.8911700829175122	0.9192791183100139	5	126	Lost_psI	0.26577823709018844
SANT_dom	0.44408652868116216	1.7523470592519452	0.8092885346853941	1	27	Lost_psI	0.49372560803111953
SANT/Myb	0.9999999999999999	0.9683835059077505	-0.04634958819378495	1	48	Lost_psI	1
SBF1/SBF2	0.042533577053855694	45.56979554737467	5.510005992693405	1	2	Lost_psI	0.0995809813488375
SCA7_dom	0.08326206777956274	15.190338731005676	3.925082135898749	1	4	Lost_psI	0.143148937876232
SCAN_dom	1.0000000000000007	0.7980901539220235	-0.32537636940495585	1	58	Lost_psI	1
SCAN_sf	1	0.8123827511862506	-0.2997684867676208	1	57	Lost_psI	1
SCAN-C2H2_zinc_finger	0.5528253317933746	1.2649681098309038	0.3391010146676191	1	37	Lost_psI	0.5958451939765681
SDS22/Internalin_LRR	0.12226190780921063	9.119186147197487	3.1889050750704473	1	6	Lost_psI	0.18526804434892652
SEA_dom	0.3935348678966451	2.0713475242798784	1.050569624776934	1	23	Lost_psI	0.4479406100021721
Sec2_N	0.042533577053855694	45.56979554737467	5.510005992693405	1	2	Lost_psI	0.0995809813488375
SEC31-like	0.042533577053855694	45.56979554737467	5.510005992693405	1	2	Lost_psI	0.0995809813488375
Sec7_C_sf	0.2782609200747074	3.2560903985150427	1.703140753559613	1	15	Lost_psI	0.33663892534752354
Sec7_dom	0.3089818000150816	2.848840622462989	1.510374912776567	1	17	Lost_psI	0.3637101093108427
Sec7_dom_sf	0.2937880012091687	3.0388800646030734	1.603539737177806	1	16	Lost_psI	0.3488732514358878
Sedolisin_dom	0.021497331537732554	Inf	Inf	1	1	Lost_psI	0.07509024955889737
Sel1-like	0.14113658314395244	7.600585107166876	2.926110484176725	1	7	Lost_psI	0.2040628450920366
Semap_dom	0.14285742362746398	3.148729128192424	1.6547696538779497	2	31	Lost_psI	0.20594815351741402
Semap_dom_sf	0.14285742362746398	3.148729128192424	1.6547696538779497	2	31	Lost_psI	0.20594815351741402
Ser_caboxypep_his_AS	0.021497331537732554	Inf	Inf	1	1	Lost_psI	0.07509024955889737
Ser_caboxypep_ser_AS	0.06311860365583044	22.78417108057041	4.509959979176672	1	3	Lost_psI	0.1217991804921103
Ser-Thr/Tyr_kinase_cat_dom	0.26860420747360836	0.29586974748166867	-1.756965905585814	1	154	Lost_psI	0.3298023491929475
Ser/Thr_kinase_AS	0.046179923202778805	1.8504488574648106	0.887875263116387	12	311	Lost_psI	0.10693538466643467
Serine_Proteases_S1	0.19536536739538632	5.065907244926264	2.3408206620267338	1	10	Lost_psI	0.26037003100716055
SET_dom	0.10098952446588655	2.7990338435913187	1.4849289308858826	3	52	Lost_psI	0.16498011671516424
SET_dom_sf	0.10098952446588655	2.7990338435913187	1.4849289308858826	3	52	Lost_psI	0.16498011671516424
SET_KMT2D	0.021497331537732554	Inf	Inf	1	1	Lost_psI	0.07509024955889737
SETD5_SET	0.021497331537732554	Inf	Inf	1	1	Lost_psI	0.07509024955889737
Seven-hairpin_glycosidases	0.14113658314395244	7.600585107166876	2.926110484176725	1	7	Lost_psI	0.2040628450920366
SEZ6_CSMD_C4BPB_Regulators	0.24617757834437926	3.7992978758132265	1.9257328278522443	1	13	Lost_psI	0.30735903210309184
SF1_C_Upf1	0.2126714967757242	4.559283994929339	2.1888072765673168	1	11	Lost_psI	0.2745463050711004
Sfh1/SNF5	0.021497331537732554	Inf	Inf	1	1	Lost_psI	0.07509024955889737
SGSM3_SH3	0.021497331537732554	Inf	Inf	1	1	Lost_psI	0.07509024955889737
SGT	0.042533577053855694	45.56979554737467	5.510005992693405	1	2	Lost_psI	0.0995809813488375
SGTA_dimer	0.042533577053855694	45.56979554737467	5.510005992693405	1	2	Lost_psI	0.0995809813488375
SH2	0.30309127687164933	1.7242944589747133	0.7860061655102848	4	110	Lost_psI	0.359632724038258
SH2_dom_sf	0.3136778025184989	1.6612512911911563	0.7322703208223552	4	114	Lost_psI	0.3689448439146154
SH3_15	0.042533577053855694	45.56979554737467	5.510005992693405	1	2	Lost_psI	0.0995809813488375
SH3_domain	0.15603961693111804	1.698736216071976	0.7644618446878637	8	224	Lost_psI	0.22189169004365825
SH3-like_dom_sf	0.14715685950371193	1.7647982401576272	0.8195032573989539	8	216	Lost_psI	0.2115290647764317
SH3BP2	0.021497331537732554	Inf	Inf	1	1	Lost_psI	0.07509024955889737
SH3BP2_SH2	0.021497331537732554	Inf	Inf	1	1	Lost_psI	0.07509024955889737
Sigma_54_int_dom_ATP-bd_1	0.06311860365583044	22.78417108057041	4.509959979176672	1	3	Lost_psI	0.1217991804921103
Sirtuin	0.00901385580075974	18.276851163285787	4.191945631234113	2	7	Lost_psI	0.07509024955889737
Sirtuin_cat_small_dom_sf	0.12226190780921063	9.119186147197487	3.1889050750704473	1	6	Lost_psI	0.18526804434892652
Ski3/TTC37	0.021497331537732554	Inf	Inf	1	1	Lost_psI	0.07509024955889737
SKP1/BTB/POZ_sf	0.44731582205383025	0.48183579582838637	-1.0533865187751186	2	190	Lost_psI	0.4965708226844767
Sm	0.44408652868116216	1.7523470592519452	0.8092885346853941	1	27	Lost_psI	0.49372560803111953
SM_dom_ATX	0.042533577053855694	45.56979554737467	5.510005992693405	1	2	Lost_psI	0.0995809813488375
SMAD_FHA_dom_sf	0.31595323080244464	1.7885670752201015	0.8388042236017192	2	53	Lost_psI	0.37132647743792463
SMAD-like_dom_sf	0.2937880012091687	3.0388800646030734	1.603539737177806	1	16	Lost_psI	0.3488732514358878
Small_GTP-bd	0.4240935922286512	1.367011054529861	0.45102490955035596	5	172	Lost_psI	0.4772260468358854
Small_GTPase	1	0.9967086701684262	-0.0047562166655363055	3	140	Lost_psI	1
Small_GTPase_ARF	0.36656465352299045	2.278691954007018	1.188205906409088	1	21	Lost_psI	0.42079691442375816
Small_GTPase_ARF/SAR	0.5121403222932774	1.4233439483619605	0.5092843285101274	1	33	Lost_psI	0.5564457167438689
Small_GTPase_Rab	0.35263411804326855	2.398673869612164	1.2622370181242757	1	20	Lost_psI	0.4073295112549681
Small_GTPase_Ras-type	0.36656465352299045	2.278691954007018	1.188205906409088	1	21	Lost_psI	0.42079691442375816
SMARCC_C	0.042533577053855694	45.56979554737467	5.510005992693405	1	2	Lost_psI	0.0995809813488375
SMARCC_N	0.042533577053855694	45.56979554737467	5.510005992693405	1	2	Lost_psI	0.0995809813488375
SMARCD2_SWIB_dom	0.021497331537732554	Inf	Inf	1	1	Lost_psI	0.07509024955889737
SMCO2/5	0.08326206777956274	15.190338731005676	3.925082135898749	1	4	Lost_psI	0.143148937876232
SMYD2_SET	0.021497331537732554	Inf	Inf	1	1	Lost_psI	0.07509024955889737
SNARE	0.3383979480793238	2.5321106586230506	1.340340454986715	1	19	Lost_psI	0.3927218160168816
SNF5	0.021497331537732554	Inf	Inf	1	1	Lost_psI	0.07509024955889737
SOCS_box	0.5624561673918677	1.2307190526617946	0.29950146239813147	1	38	Lost_psI	0.6049056894591784
SoHo_dom	0.06311860365583044	22.78417108057041	4.509959979176672	1	3	Lost_psI	0.1217991804921103
SOS1_NGEF_PH	0.4677630566684872	1.6270104367338007	0.7022235054516236	1	29	Lost_psI	0.515408810396058
SPRY_dom	0.14425272274159404	2.032419376017625	1.0231981232097334	4	94	Lost_psI	0.20755585932334208
SPRY_RNF123	0.021497331537732554	Inf	Inf	1	1	Lost_psI	0.07509024955889737
SPRY_SPSB3	0.021497331537732554	Inf	Inf	1	1	Lost_psI	0.07509024955889737
SPRYD3_SPRY	0.021497331537732554	Inf	Inf	1	1	Lost_psI	0.07509024955889737
SRCIN1	0.042533577053855694	45.56979554737467	5.510005992693405	1	2	Lost_psI	0.0995809813488375
SRD5A/TECR	0.08326206777956274	15.190338731005676	3.925082135898749	1	4	Lost_psI	0.143148937876232
SRPK	0.06311860365583044	22.78417108057041	4.509959979176672	1	3	Lost_psI	0.1217991804921103
Ssirtuin_cat_dom	0.00901385580075974	18.276851163285787	4.191945631234113	2	7	Lost_psI	0.07509024955889737
STAMBP/STALP-like_MPN	0.042533577053855694	45.56979554737467	5.510005992693405	1	2	Lost_psI	0.0995809813488375
StAR-like	0.06311860365583044	22.78417108057041	4.509959979176672	1	3	Lost_psI	0.1217991804921103
STARD3	0.042533577053855694	45.56979554737467	5.510005992693405	1	2	Lost_psI	0.0995809813488375
STARD3_MLN64_C	0.021497331537732554	Inf	Inf	1	1	Lost_psI	0.07509024955889737
START_lipid-bd_dom	0.2782609200747074	3.2560903985150427	1.703140753559613	1	15	Lost_psI	0.33663892534752354
START-like_dom_sf	0.08674323416830478	4.350284513857632	2.1211097580438185	2	23	Lost_psI	0.14861673183517649
STAT	0.00901385580075974	18.276851163285787	4.191945631234113	2	7	Lost_psI	0.07509024955889737
STAT_linker	0.00901385580075974	18.276851163285787	4.191945631234113	2	7	Lost_psI	0.07509024955889737
STAT_N_sf	0.00901385580075974	18.276851163285787	4.191945631234113	2	7	Lost_psI	0.07509024955889737
STAT_TF_alpha	0.00901385580075974	18.276851163285787	4.191945631234113	2	7	Lost_psI	0.07509024955889737
STAT_TF_coiled-coil	0.00901385580075974	18.276851163285787	4.191945631234113	2	7	Lost_psI	0.07509024955889737
STAT_TF_DNA-bd	0.00901385580075974	18.276851163285787	4.191945631234113	2	7	Lost_psI	0.07509024955889737
STAT_TF_DNA-bd_N	0.00901385580075974	18.276851163285787	4.191945631234113	2	7	Lost_psI	0.07509024955889737
STAT_TF_prot_interaction	0.00901385580075974	18.276851163285787	4.191945631234113	2	7	Lost_psI	0.07509024955889737
STAT3_SH2	0.021497331537732554	Inf	Inf	1	1	Lost_psI	0.07509024955889737
STAT5_CCD	0.042533577053855694	45.56979554737467	5.510005992693405	1	2	Lost_psI	0.0995809813488375
STAT5a/5b_DBD	0.042533577053855694	45.56979554737467	5.510005992693405	1	2	Lost_psI	0.0995809813488375
STAT5b_SH2	0.021497331537732554	Inf	Inf	1	1	Lost_psI	0.07509024955889737
STE20/SPS1-PAK	0.22960624998910173	4.144636658813102	2.0512456328417734	1	12	Lost_psI	0.29183230058649123
STKc_AGC	0.021497331537732554	Inf	Inf	1	1	Lost_psI	0.07509024955889737
Sugar_transporter_CS	0.5014047192558218	1.4693266037026875	0.5551551155470388	1	32	Lost_psI	0.546383672012594
Sun_CC2	0.042533577053855694	45.56979554737467	5.510005992693405	1	2	Lost_psI	0.0995809813488375
SUN_dom	0.14113658314395244	7.600585107166876	2.926110484176725	1	7	Lost_psI	0.2040628450920366
SUN1_N	0.021497331537732554	Inf	Inf	1	1	Lost_psI	0.07509024955889737
SUN1-5	0.10297341967714367	11.401765886082718	3.5111853787332947	1	5	Lost_psI	0.16498011671516424
Sushi_SCR_CCP_dom	1	0.8123827511862506	-0.2997684867676208	1	57	Lost_psI	1
Sushi/SCR/CCP_sf	1	0.7842903850851762	-0.35054018090835304	1	59	Lost_psI	1
SWIB_domain	0.06311860365583044	22.78417108057041	4.509959979176672	1	3	Lost_psI	0.1217991804921103
SWIB_MDM2_dom_sf	0.12226190780921063	9.119186147197487	3.1889050750704473	1	6	Lost_psI	0.18526804434892652
SWIB_MDM2_domain	0.12226190780921063	9.119186147197487	3.1889050750704473	1	6	Lost_psI	0.18526804434892652
SWIRM	0.006530979016808584	22.836089238823963	4.513243700104909	2	6	Lost_psI	0.07509024955889737
SWIRM-assoc	0.042533577053855694	45.56979554737467	5.510005992693405	1	2	Lost_psI	0.0995809813488375
SWT21/TCAB1_mRNA_Telomere	0.021497331537732554	Inf	Inf	1	1	Lost_psI	0.07509024955889737
Syntaxin-18_N	0.021497331537732554	Inf	Inf	1	1	Lost_psI	0.07509024955889737
Syntaxin/epimorphin_CS	0.2782609200747074	3.2560903985150427	1.703140753559613	1	15	Lost_psI	0.33663892534752354
SZT2	0.021497331537732554	Inf	Inf	1	1	Lost_psI	0.07509024955889737
TAF_TATA-bd_Histone-like_dom	0.2937880012091687	3.0388800646030734	1.603539737177806	1	16	Lost_psI	0.3488732514358878
TAF6	0.042533577053855694	45.56979554737467	5.510005992693405	1	2	Lost_psI	0.0995809813488375
TAF6_C	0.042533577053855694	45.56979554737467	5.510005992693405	1	2	Lost_psI	0.0995809813488375
TAF6_C_sf	0.042533577053855694	45.56979554737467	5.510005992693405	1	2	Lost_psI	0.0995809813488375
Tafazzin	0.021497331537732554	Inf	Inf	1	1	Lost_psI	0.07509024955889737
Tantalus-like	0.042533577053855694	45.56979554737467	5.510005992693405	1	2	Lost_psI	0.0995809813488375
TBK1_CCD1	0.042533577053855694	45.56979554737467	5.510005992693405	1	2	Lost_psI	0.0995809813488375
TBK1_ULD	0.042533577053855694	45.56979554737467	5.510005992693405	1	2	Lost_psI	0.0995809813488375
TdT/Mu	0.042533577053855694	45.56979554737467	5.510005992693405	1	2	Lost_psI	0.0995809813488375
TECR-like_N	0.042533577053855694	45.56979554737467	5.510005992693405	1	2	Lost_psI	0.0995809813488375
TET_fam	0.06311860365583044	22.78417108057041	4.509959979176672	1	3	Lost_psI	0.1217991804921103
Tet-R_TetA/multi-R_MdtG-like	0.17767973698829845	5.699345864791639	2.5107963452815727	1	9	Lost_psI	0.24202331821384035
Tetraspanin_animals	0.4677630566684872	1.6270104367338007	0.7022235054516236	1	29	Lost_psI	0.515408810396058
Tetraspanin_CS	0.3801961012128042	2.1701096108304667	1.1177679141019328	1	22	Lost_psI	0.43442607709897907
Tetraspanin_EC2_sf	0.5014047192558218	1.4693266037026875	0.5551551155470388	1	32	Lost_psI	0.546383672012594
Tetraspanin/Peripherin	0.5226452943701955	1.3801492522101289	0.46482429148178156	1	34	Lost_psI	0.5661990689010451
TFIID_subunit_9	0.042533577053855694	45.56979554737467	5.510005992693405	1	2	Lost_psI	0.0995809813488375
TFIID-31	0.042533577053855694	45.56979554737467	5.510005992693405	1	2	Lost_psI	0.0995809813488375
TFIIS_N	0.2126714967757242	4.559283994929339	2.1888072765673168	1	11	Lost_psI	0.2745463050711004
TFIIS/CRSP70_N_sub	0.15960630336473663	6.513625817387964	2.703460844863677	1	8	Lost_psI	0.22189169004365825
TFIIS/LEDGF_dom_sf	0.24617757834437926	3.7992978758132265	1.9257328278522443	1	13	Lost_psI	0.30735903210309184
TGS	0.14113658314395244	7.600585107166876	2.926110484176725	1	7	Lost_psI	0.2040628450920366
TGS-like	0.14113658314395244	7.600585107166876	2.926110484176725	1	7	Lost_psI	0.2040628450920366
THDP-binding	0.03537367394547521	7.615923020356415	2.9290188963570802	2	14	Lost_psI	0.0995809813488375
Thiamin_PyroP_enz_cen_dom	0.042533577053855694	45.56979554737467	5.510005992693405	1	2	Lost_psI	0.0995809813488375
Thiamin_PyroP_enz_TPP-bd_dom	0.042533577053855694	45.56979554737467	5.510005992693405	1	2	Lost_psI	0.0995809813488375
Thiolase	0.12226190780921063	9.119186147197487	3.1889050750704473	1	6	Lost_psI	0.18526804434892652
Thiolase_acyl_enz_int_AS	0.10297341967714367	11.401765886082718	3.5111853787332947	1	5	Lost_psI	0.16498011671516424
Thiolase_AS	0.10297341967714367	11.401765886082718	3.5111853787332947	1	5	Lost_psI	0.16498011671516424
Thiolase_C	0.10297341967714367	11.401765886082718	3.5111853787332947	1	5	Lost_psI	0.16498011671516424
Thiolase_CS	0.12226190780921063	9.119186147197487	3.1889050750704473	1	6	Lost_psI	0.18526804434892652
Thiolase_N	0.12226190780921063	9.119186147197487	3.1889050750704473	1	6	Lost_psI	0.18526804434892652
Thiolase-like	0.19536536739538632	5.065907244926264	2.3408206620267338	1	10	Lost_psI	0.26037003100716055
Thiolase-like_sf_Thiolase	0.021497331537732554	Inf	Inf	1	1	Lost_psI	0.07509024955889737
Thioredoxin/glutathione_Rdtase	0.06311860365583044	22.78417108057041	4.509959979176672	1	3	Lost_psI	0.1217991804921103
THOC6	0.021497331537732554	Inf	Inf	1	1	Lost_psI	0.07509024955889737
Thr/Ala-tRNA-synth_IIc_edit	0.15960630336473663	6.513625817387964	2.703460844863677	1	8	Lost_psI	0.22189169004365825
TIF_beta_prop-like	0.06311860365583044	22.78417108057041	4.509959979176672	1	3	Lost_psI	0.1217991804921103
TIG1_plexin	0.011848541598463203	15.234302678846847	3.9292515598088023	2	8	Lost_psI	0.07509024955889737
TIG2_plexin	0.006530979016808584	22.836089238823963	4.513243700104909	2	6	Lost_psI	0.07509024955889737
TINF2	0.021497331537732554	Inf	Inf	1	1	Lost_psI	0.07509024955889737
TINF2_N	0.021497331537732554	Inf	Inf	1	1	Lost_psI	0.07509024955889737
TIR_dom	0.12098368851847566	3.5125713098785547	1.8125275142627781	2	28	Lost_psI	0.18526804434892652
TLC-dom	0.3089818000150816	2.848840622462989	1.510374912776567	1	17	Lost_psI	0.3637101093108427
TM_138	0.021497331537732554	Inf	Inf	1	1	Lost_psI	0.07509024955889737
TMEM107	0.021497331537732554	Inf	Inf	1	1	Lost_psI	0.07509024955889737
Tmem141	0.021497331537732554	Inf	Inf	1	1	Lost_psI	0.07509024955889737
Tmem141_sf	0.021497331537732554	Inf	Inf	1	1	Lost_psI	0.07509024955889737
TMEM147	0.021497331537732554	Inf	Inf	1	1	Lost_psI	0.07509024955889737
TMEM191B/C	0.042533577053855694	45.56979554737467	5.510005992693405	1	2	Lost_psI	0.0995809813488375
Tmem218	0.021497331537732554	Inf	Inf	1	1	Lost_psI	0.07509024955889737
TMEM94	0.021497331537732554	Inf	Inf	1	1	Lost_psI	0.07509024955889737
TMTC_DUF1736	0.08326206777956274	15.190338731005676	3.925082135898749	1	4	Lost_psI	0.143148937876232
TNF_rcpt_RELT	0.06311860365583044	22.78417108057041	4.509959979176672	1	3	Lost_psI	0.1217991804921103
TNFR_19-like	0.021497331537732554	Inf	Inf	1	1	Lost_psI	0.07509024955889737
TNFR_1A	0.021497331537732554	Inf	Inf	1	1	Lost_psI	0.07509024955889737
TNFR/NGFR_Cys_rich_reg	0.4193593036660398	1.8985853528251233	0.924924858229897	1	25	Lost_psI	0.47225720975157365
TNFRSF19L_N	0.021497331537732554	Inf	Inf	1	1	Lost_psI	0.07509024955889737
TNFRSF1A	0.021497331537732554	Inf	Inf	1	1	Lost_psI	0.07509024955889737
TNFRSF1A_death	0.021497331537732554	Inf	Inf	1	1	Lost_psI	0.07509024955889737
TNFRSF1A_N	0.021497331537732554	Inf	Inf	1	1	Lost_psI	0.07509024955889737
Toll_tir_struct_dom_sf	0.128180128914502	3.382311409908749	1.7580094950075784	2	29	Lost_psI	0.19285578786933194
TPC1_animal	0.021497331537732554	Inf	Inf	1	1	Lost_psI	0.07509024955889737
TPP_enz	0.021497331537732554	Inf	Inf	1	1	Lost_psI	0.07509024955889737
TPP_enzyme_TPP-bd	0.042533577053855694	45.56979554737467	5.510005992693405	1	2	Lost_psI	0.0995809813488375
TPP-bd_CS	0.021497331537732554	Inf	Inf	1	1	Lost_psI	0.07509024955889737
TPP1/Est3	0.021497331537732554	Inf	Inf	1	1	Lost_psI	0.07509024955889737
TPR_IF140_C	0.021497331537732554	Inf	Inf	1	1	Lost_psI	0.07509024955889737
TPR_IF140/IFT172/WDR19	3.883641517868679e-5	136.73247560173044	7.095212130781052	3	4	Lost_psI	0.020706954061367012
TPR_IFT80_172_dom	0.06311860365583044	22.78417108057041	4.509959979176672	1	3	Lost_psI	0.1217991804921103
TPR_NPHP3	0.021497331537732554	Inf	Inf	1	1	Lost_psI	0.07509024955889737
TPR_rpt	0.00287332372894489	3.2469933003458085	1.699104407855338	9	137	Lost_psI	0.07509024955889737
TPR-like_helical_dom_sf	4.041558200711237e-4	3.0728712881267746	1.6195873387271178	14	226	Lost_psI	0.020706954061367012
TRAFAC_YlqF/YawG_RiboMat	0.06311860365583044	22.78417108057041	4.509959979176672	1	3	Lost_psI	0.1217991804921103
Transketo_C/PFOR_II	0.10297341967714367	11.401765886082718	3.5111853787332947	1	5	Lost_psI	0.16498011671516424
Transketolase_C	0.10297341967714367	11.401765886082718	3.5111853787332947	1	5	Lost_psI	0.16498011671516424
Transketolase-like_Pyr-bd	0.15960630336473663	6.513625817387964	2.703460844863677	1	8	Lost_psI	0.22189169004365825
Transl_B-barrel_sf	0.4677630566684872	1.6270104367338007	0.7022235054516236	1	29	Lost_psI	0.515408810396058
Transl_init_fac_IF2/IF5_dom	0.042533577053855694	45.56979554737467	5.510005992693405	1	2	Lost_psI	0.0995809813488375
Transl_init_fac_IF2/IF5_N	0.042533577053855694	45.56979554737467	5.510005992693405	1	2	Lost_psI	0.0995809813488375
Transl_init_fac_IF2/IF5_Zn-bd	0.042533577053855694	45.56979554737467	5.510005992693405	1	2	Lost_psI	0.0995809813488375
Transmembrane_161A/B	0.042533577053855694	45.56979554737467	5.510005992693405	1	2	Lost_psI	0.0995809813488375
TREX1/2	0.042533577053855694	45.56979554737467	5.510005992693405	1	2	Lost_psI	0.0995809813488375
TRIAD_supradom	0.262393263298141	3.506727503733698	1.8101253278573235	1	14	Lost_psI	0.3227110507948921
TRIM-NHL_E3_ligases	0.006530979016808584	22.836089238823963	4.513243700104909	2	6	Lost_psI	0.07509024955889737
TRIM45/56/19-like	0.17767973698829845	5.699345864791639	2.5107963452815727	1	9	Lost_psI	0.24202331821384035
Trimer_LpxA-like_sf	0.015018834376243647	13.05247304218468	3.7062512739182223	2	9	Lost_psI	0.07509024955889737
Tripartite_DENN	0.07402340844882907	4.808678631137754	2.2656405126648154	2	21	Lost_psI	0.14155185976924475
Tripeptidyl-peptidase_I	0.021497331537732554	Inf	Inf	1	1	Lost_psI	0.07509024955889737
tRNA_SAD	0.14113658314395244	7.600585107166876	2.926110484176725	1	7	Lost_psI	0.2040628450920366
tRNA_splic_suSen54	0.021497331537732554	Inf	Inf	1	1	Lost_psI	0.07509024955889737
tRNA_splic_suSen54_N	0.021497331537732554	Inf	Inf	1	1	Lost_psI	0.07509024955889737
tRNA-synt_1c_C2	0.042533577053855694	45.56979554737467	5.510005992693405	1	2	Lost_psI	0.0995809813488375
tRNAsynth_Ia_anticodon-bd	0.24617757834437926	3.7992978758132265	1.9257328278522443	1	13	Lost_psI	0.30735903210309184
Tropomyosin	0.08326206777956274	15.190338731005676	3.925082135898749	1	4	Lost_psI	0.143148937876232
Trypsin_dom	1.0000000000000002	0.7770488016868098	-0.36392288654959265	2	119	Lost_psI	1
TRYPSIN_HIS	0.7279202379643339	0.4539195211746785	-1.1394915610149403	1	101	Lost_psI	0.7656336356729191
TRYPSIN_SER	0.7258016474505374	0.4882596927865834	-1.0342794105370263	1	94	Lost_psI	0.764275131979124
TSP1_rpt	1	0.7105475493147716	-0.49299689810718145	1	65	Lost_psI	1
TSP1_rpt_sf	1	0.7105475493147716	-0.49299689810718145	1	65	Lost_psI	1
Tub_FtsZ_C	0.09333069060010277	4.1519663458389555	2.053794749840298	2	24	Lost_psI	0.15898400398776127
Tuberin/Ral-act_asu	0.06311860365583044	22.78417108057041	4.509959979176672	1	3	Lost_psI	0.1217991804921103
Tubulin	0.10005729779697693	3.9713113209358535	1.9896154617350017	2	25	Lost_psI	0.16498011671516424
Tubulin_C	0.09333069060010277	4.1519663458389555	2.053794749840298	2	24	Lost_psI	0.15898400398776127
Tubulin_CS	0.09333069060010277	4.1519663458389555	2.053794749840298	2	24	Lost_psI	0.15898400398776127
Tubulin_FtsZ_GTPase	0.10005729779697693	3.9713113209358535	1.9896154617350017	2	25	Lost_psI	0.16498011671516424
Tubulin/FtsZ_2-layer-sand-dom	0.08674323416830478	4.350284513857632	2.1211097580438185	2	23	Lost_psI	0.14861673183517649
Tubulin/FtsZ_GTPase_sf	0.10691406280515195	3.8058116755687763	1.928204173949013	2	26	Lost_psI	0.17073991495391724
Tubulin/FtsZ-like_C	0.08030425203690023	4.567585234832031	2.1914316509594163	2	22	Lost_psI	0.143148937876232
Tudor	0.4792213045494008	1.5708209381355556	0.6515187335364837	1	30	Lost_psI	0.5260784987720089
Tudor_PHF1	0.021497331537732554	Inf	Inf	1	1	Lost_psI	0.07509024955889737
Tumour_necrosis_fac-like_dom	1	0.8584964580300315	-0.2201159128941403	1	54	Lost_psI	1
Twinfilin	0.042533577053855694	45.56979554737467	5.510005992693405	1	2	Lost_psI	0.0995809813488375
Tyr_kinase_AS	0.7261129459018938	0.4779318341185997	-1.065123228965572	1	96	Lost_psI	0.764275131979124
Tyr_kinase_cat_dom	1	0.5473637814158498	-0.8694281188992359	1	84	Lost_psI	1
Tyr_Pase_AS	1.0000000000000002	0.5979916940083336	-0.7418026490864021	1	77	Lost_psI	1
Tyr_Pase_cat	0.3862029005504216	1.5195853804118793	0.6036777373388291	2	62	Lost_psI	0.44094969076712237
Tyr_Pase_dom	1.0000000000000002	0.5161321620373392	-0.9541875619866376	1	89	Lost_psI	1
Tyrosine-phos_adapter	0.12226190780921063	9.119186147197487	3.1889050750704473	1	6	Lost_psI	0.18526804434892652
U2AF_small	0.06311860365583044	22.78417108057041	4.509959979176672	1	3	Lost_psI	0.1217991804921103
Ub_carboxyl-term_hydrolase	0.43185711330047555	1.8224392143755352	0.8658706957146555	1	26	Lost_psI	0.48339293195717886
Ub_conjugating_enzyme	0.4065872234312772	1.9812004740415021	0.9863748712784044	1	24	Lost_psI	0.4606745146216764
Ub_USP-typ	0.08326206777956274	15.190338731005676	3.925082135898749	1	4	Lost_psI	0.143148937876232
UBA	0.6160472589314224	1.0587110279319454	0.08230886368342924	1	44	Lost_psI	0.6568216098822791
UBA_UBXN1	0.021497331537732554	Inf	Inf	1	1	Lost_psI	0.07509024955889737
UBA-like_sf	1	0.8123827511862506	-0.2997684867676208	1	57	Lost_psI	1
Ubiquitin_CS	0.19536536739538632	5.065907244926264	2.3408206620267338	1	10	Lost_psI	0.26037003100716055
Ubiquitin-like_dom	0.1385137205406944	2.4052036783629287	1.2661590700127823	3	60	Lost_psI	0.2040628450920366
Ubiquitin-like_domsf	0.007939960715079847	2.5793208001653407	1.3669912178829613	10	189	Lost_psI	0.07509024955889737
Ubl_TBCE	4.610860216093869e-4	Inf	Inf	2	2	Lost_psI	0.020706954061367012
Ubox_domain	0.19536536739538632	5.065907244926264	2.3408206620267338	1	10	Lost_psI	0.26037003100716055
UBQ-conjugat_E2_core	0.571880053847023	1.1982726265840247	0.26095618214537286	1	39	Lost_psI	0.6141494491313682
UBQ-conjugating_AS	0.43185711330047555	1.8224392143755352	0.8658706957146555	1	26	Lost_psI	0.48339293195717886
UBQ-conjugating_enzyme/RWD	0.32387653319969634	1.7541009402739631	0.810731770497894	2	54	Lost_psI	0.37853708375548106
Ubq-SigPath_Reg	0.08326206777956274	15.190338731005676	3.925082135898749	1	4	Lost_psI	0.143148937876232
UBX_dom	0.03075030972577062	8.307444214592685	3.0544047000929666	2	13	Lost_psI	0.0995809813488375
UBXN6_PUB	0.021497331537732554	Inf	Inf	1	1	Lost_psI	0.07509024955889737
UCS_central_dom	0.042533577053855694	45.56979554737467	5.510005992693405	1	2	Lost_psI	0.0995809813488375
uDENN_dom	0.04535470305778515	6.526478385083349	2.7063047395739033	2	16	Lost_psI	0.1053537146263912
UDP_G4E	0.021497331537732554	Inf	Inf	1	1	Lost_psI	0.07509024955889737
UIM_dom	0.07402340844882907	4.808678631137754	2.2656405126648154	2	21	Lost_psI	0.14155185976924475
UNC93B1	0.021497331537732554	Inf	Inf	1	1	Lost_psI	0.07509024955889737
Ureohydrolase_dom_sf	0.2782609200747074	3.2560903985150427	1.703140753559613	1	15	Lost_psI	0.33663892534752354
USF	0.042533577053855694	45.56979554737467	5.510005992693405	1	2	Lost_psI	0.0995809813488375
USP_C	0.06311860365583044	22.78417108057041	4.509959979176672	1	3	Lost_psI	0.1217991804921103
USP_CS	1	0.6226615710471647	-0.683479852078934	1	74	Lost_psI	1
USP_dom	0.6908863360832155	1.1678805930610325	0.22389277712466446	2	80	Lost_psI	0.7297887028334464
USP8_dimer	0.06311860365583044	22.78417108057041	4.509959979176672	1	3	Lost_psI	0.1217991804921103
Vanillyl_alc_oxidase_C-sub2	0.06311860365583044	22.78417108057041	4.509959979176672	1	3	Lost_psI	0.1217991804921103
VATC	0.021497331537732554	Inf	Inf	1	1	Lost_psI	0.07509024955889737
VDCC_L_b3su	0.042533577053855694	45.56979554737467	5.510005992693405	1	2	Lost_psI	0.0995809813488375
VDCC_L_bsu	0.08326206777956274	15.190338731005676	3.925082135898749	1	4	Lost_psI	0.143148937876232
Vid30/RanBPM/SPLA_SPRY	0.021497331537732554	Inf	Inf	1	1	Lost_psI	0.07509024955889737
Vinexin_SH3_1	0.021497331537732554	Inf	Inf	1	1	Lost_psI	0.07509024955889737
Vinexin_SH3_2	0.021497331537732554	Inf	Inf	1	1	Lost_psI	0.07509024955889737
Vinexin_SH3_3	0.021497331537732554	Inf	Inf	1	1	Lost_psI	0.07509024955889737
VKG_COase	0.021497331537732554	Inf	Inf	1	1	Lost_psI	0.07509024955889737
VKGC_lumenal_dom	0.021497331537732554	Inf	Inf	1	1	Lost_psI	0.07509024955889737
VLRF1/Vms1	0.021497331537732554	Inf	Inf	1	1	Lost_psI	0.07509024955889737
Volt_channel_dom_sf	1	0.7105475493147716	-0.49299689810718145	1	65	Lost_psI	1
W2_domain	0.14113658314395244	7.600585107166876	2.926110484176725	1	7	Lost_psI	0.2040628450920366
WD_repeat_EMAP	0.17767973698829845	5.699345864791639	2.5107963452815727	1	9	Lost_psI	0.24202331821384035
WD40_MABP1-WDR62_1st	4.610860216093869e-4	Inf	Inf	2	2	Lost_psI	0.020706954061367012
WD40_MABP1-WDR62_2nd	4.610860216093869e-4	Inf	Inf	2	2	Lost_psI	0.020706954061367012
WD40_repeat_CS	0.24200295137548192	1.6447325109656559	0.7178529721172107	5	144	Lost_psI	0.306275297983317
WD40_repeat_dom_sf	1.32046773492498e-4	2.904479480991611	1.5382796378198558	18	308	Lost_psI	0.020706954061367012
WD40_rpt	2.748054855069083e-4	2.9272539418998997	1.5495479062619144	16	271	Lost_psI	0.020706954061367012
WD40/YVTN_repeat-like_dom_sf	8.034460850301726e-5	2.8352018309079705	1.5034514406650625	20	351	Lost_psI	0.020706954061367012
WDR55	0.021497331537732554	Inf	Inf	1	1	Lost_psI	0.07509024955889737
WDR55_POC1	0.08326206777956274	15.190338731005676	3.925082135898749	1	4	Lost_psI	0.143148937876232
WDR62	0.021497331537732554	Inf	Inf	1	1	Lost_psI	0.07509024955889737
WDR62-MABP1_CC	4.610860216093869e-4	Inf	Inf	2	2	Lost_psI	0.020706954061367012
WDR81	0.021497331537732554	Inf	Inf	1	1	Lost_psI	0.07509024955889737
WDR90_beta-prop_4th	0.021497331537732554	Inf	Inf	1	1	Lost_psI	0.07509024955889737
WH_DNA-bd_sf	0.4860746657005043	1.2621771755415105	0.3359144399035678	6	223	Lost_psI	0.533206998199961
WH-like_DNA-bd_sf	0.046171458484791844	1.9423490292138235	0.9578024682500501	10	247	Lost_psI	0.10693538466643467
WW_dom	0.9999999999999996	0.8922527533243619	-0.16447564672035023	1	52	Lost_psI	1
WW_dom_sf	0.9999999999999999	0.9683835059077505	-0.04634958819378495	1	48	Lost_psI	1
WWE_dom	0.24617757834437926	3.7992978758132265	1.9257328278522443	1	13	Lost_psI	0.30735903210309184
WWE_dom_sf	0.24617757834437926	3.7992978758132265	1.9257328278522443	1	13	Lost_psI	0.30735903210309184
WWE-dom_subgr	0.10297341967714367	11.401765886082718	3.5111853787332947	1	5	Lost_psI	0.16498011671516424
X-Pro_aminopeptidase_P	0.042533577053855694	45.56979554737467	5.510005992693405	1	2	Lost_psI	0.0995809813488375
XAP5	0.042533577053855694	45.56979554737467	5.510005992693405	1	2	Lost_psI	0.0995809813488375
XPG_CS	0.002688211284633686	45.67366476797829	5.513290648353738	2	4	Lost_psI	0.07509024955889737
XPG_DNA_repair_N	0.006530979016808584	22.836089238823963	4.513243700104909	2	6	Lost_psI	0.07509024955889737
XPG-I_dom	0.004416660189239302	30.442591325330493	4.928019263619941	2	5	Lost_psI	0.07509024955889737
XPG/Rad2	0.004416660189239302	30.442591325330493	4.928019263619941	2	5	Lost_psI	0.07509024955889737
XPG/Rad2_eukaryotes	4.610860216093869e-4	Inf	Inf	2	2	Lost_psI	0.020706954061367012
XRCC4-like_C	0.2782609200747074	3.2560903985150427	1.703140753559613	1	15	Lost_psI	0.33663892534752354
YdjC-like	0.021497331537732554	Inf	Inf	1	1	Lost_psI	0.07509024955889737
Z_dom	0.042533577053855694	45.56979554737467	5.510005992693405	1	2	Lost_psI	0.0995809813488375
ZF_C2H2_AKAP95	0.06311860365583044	22.78417108057041	4.509959979176672	1	3	Lost_psI	0.1217991804921103
ZF_RZ_dom	0.042533577053855694	45.56979554737467	5.510005992693405	1	2	Lost_psI	0.0995809813488375
ZFPL1	0.021497331537732554	Inf	Inf	1	1	Lost_psI	0.07509024955889737
Zinc_finger	1.0000000000000002	0.7580707715373395	-0.39959555390546864	1	61	Lost_psI	1
Zinc_finger_PHD-type_CS	0.6663040849984672	1.3208106135431732	0.40142361837151674	2	71	Lost_psI	0.7053304671198058
Zinc-reg_GTPase_activator	0.10297341967714367	11.401765886082718	3.5111853787332947	1	5	Lost_psI	0.16498011671516424
Zn_ribbon_IFT122	0.021497331537732554	Inf	Inf	1	1	Lost_psI	0.07509024955889737
Znf_B-box	0.26439762537548744	1.7117919393230798	0.7755073592460079	3	83	Lost_psI	0.32490653466540004
Znf_C2H2_sf	0.004868950312586091	0.34746069285728376	-1.52507831540333	6	772	Lost_psI	0.07509024955889737
Znf_C2H2_type	0.002625856360483714	0.33383360798608097	-1.5827988926309629	6	802	Lost_psI	0.07509024955889737
ZnF_C2H2-type_TF	0.17767973698829845	5.699345864791639	2.5107963452815727	1	9	Lost_psI	0.24202331821384035
Znf_C3HC4_RING-type	0.6243193724730651	1.0345781164737673	0.04904258091037534	1	45	Lost_psI	0.6642076884458598
Znf_CCCH	0.13358852690164413	2.4481960657644426	1.2917191020579695	3	59	Lost_psI	0.20058581242982432
Znf_CHHC	0.06311860365583044	22.78417108057041	4.509959979176672	1	3	Lost_psI	0.1217991804921103
Znf_DNA_glyclase/AP_lyase	0.042533577053855694	45.56979554737467	5.510005992693405	1	2	Lost_psI	0.0995809813488375
Znf_FYVE_PHD	0.5466987384758004	1.3519045081858834	0.43499325041292686	4	139	Lost_psI	0.5905302699862509
Znf_hrmn_rcpt	1	1.011525630418398	0.01653287591107241	1	46	Lost_psI	1
Znf_LIM	1	0.6226615710471647	-0.683479852078934	1	74	Lost_psI	1
Znf_MYND	0.36656465352299045	2.278691954007018	1.188205906409088	1	21	Lost_psI	0.42079691442375816
Znf_NHR/GATA	1	0.8123827511862506	-0.2997684867676208	1	57	Lost_psI	1
Znf_PHD	0.44345755794923797	1.591869612330949	0.6707221717187396	3	89	Lost_psI	0.49372560803111953
Znf_PHD-finger	0.24702417966509121	1.7787565292367127	0.8308690524257635	3	80	Lost_psI	0.3081564261478663
Znf_RanBP2	0.4193593036660398	1.8985853528251233	0.924924858229897	1	25	Lost_psI	0.47225720975157365
Znf_RanBP2_sf	0.3935348678966451	2.0713475242798784	1.050569624776934	1	23	Lost_psI	0.4479406100021721
Znf_RING	0.16105293881194255	1.5611669676537077	0.6426248425843857	10	304	Lost_psI	0.22348357239634722
Znf_RING_CS	0.7890265979493688	1.0845147171099747	0.11704963084099608	4	172	Lost_psI	0.8252204785892481
Znf_RING/FYVE/PHD	0.2000975470869594	1.401321232716975	0.48678771074740407	14	473	Lost_psI	0.26595925092634426
Znf_SWIM	0.2126714967757242	4.559283994929339	2.1888072765673168	1	11	Lost_psI	0.2745463050711004
Znf_UBP	0.262393263298141	3.506727503733698	1.8101253278573235	1	14	Lost_psI	0.3227110507948921
Znf_ZZ	0.3383979480793238	2.5321106586230506	1.340340454986715	1	19	Lost_psI	0.3927218160168816
Znf_ZZ_sf	0.3383979480793238	2.5321106586230506	1.340340454986715	1	19	Lost_psI	0.3927218160168816
Znf-4CXXC_R1	0.042533577053855694	45.56979554737467	5.510005992693405	1	2	Lost_psI	0.0995809813488375
Znf-RING_euk	0.08813837231277576	2.9819983907425094	1.5762794790605144	3	49	Lost_psI	0.1508326417638957
ZnFinger_BTB_dom_contain	0.9999999999999999	0.9683835059077505	-0.04634958819378495	1	48	Lost_psI	1
ZSWIM4-8_C	0.08326206777956274	15.190338731005676	3.925082135898749	1	4	Lost_psI	0.143148937876232
14-3-3	0.05221922301278174	21.802573574626443	4.44642653558718	1	7	Lost_psE	0.0946927971624538
14-3-3_CS	0.05221922301278174	21.802573574626443	4.44642653558718	1	7	Lost_psE	0.0946927971624538
14-3-3_dom_sf	0.05221922301278174	21.802573574626443	4.44642653558718	1	7	Lost_psE	0.0946927971624538
14-3-3_domain	0.05221922301278174	21.802573574626443	4.44642653558718	1	7	Lost_psE	0.0946927971624538
26S_Psome_Rpn12	0.007631303306898106	Inf	Inf	1	1	Lost_psE	0.03574085217835012
A/AMP_deam_AS	0.030179798952418856	43.53938491870723	5.444249121591278	1	4	Lost_psE	0.06549016372674892
AA-permease/SLC12A_dom	0.07376099475217311	14.531829002692799	3.8611443895341195	1	10	Lost_psE	0.11542886438380938
AAA_6	0.006472365275873637	18.799899914295313	4.232653076283138	2	16	Lost_psE	0.03574085217835012
AAA_9	0.1085882648545324	9.340147275083957	3.2234452984743514	1	15	Lost_psE	0.1491370473002122
AAA_lid_11	0.1085882648545324	9.340147275083957	3.2234452984743514	1	15	Lost_psE	0.1491370473002122
AAA_lid_11_sf	0.1085882648545324	9.340147275083957	3.2234452984743514	1	15	Lost_psE	0.1491370473002122
AAA+_ATPase	0.28955050209148575	1.8962743694764364	0.9231677210112106	2	140	Lost_psE	0.3244361047531105
Acid_Pase_AS	0.04492860165134166	26.128495720148138	4.707552162539805	1	6	Lost_psE	0.08627881910036407
Actinin_actin-bd_CS	0.16162538144850053	5.94167180750527	2.570868919080949	1	23	Lost_psE	0.2011818801586498
Acyl-CoA_dehydrogenase	0.030179798952418856	43.53938491870723	5.444249121591278	1	4	Lost_psE	0.06549016372674892
Acyl-CoA_DH_CS	0.06663500451719968	16.34442378257498	4.030726611137534	1	9	Lost_psE	0.10872027052806264
Acyl-CoA_Oxase/DH_mid-dom	0.10172849242332532	10.057696341364148	3.3302279967035053	1	14	Lost_psE	0.14396793166866256
Acyl-CoA_Oxase/DH_mid-dom_sf	0.1085882648545324	9.340147275083957	3.2234452984743514	1	15	Lost_psE	0.1491370473002122
AcylCo_DH-like_C	0.1085882648545324	9.340147275083957	3.2234452984743514	1	15	Lost_psE	0.1491370473002122
AcylCo_DH/oxidase_C	0.08083293286300287	13.073093252868745	3.7085286356058007	1	11	Lost_psE	0.12352638331881424
AcylCoA_DH/ox_N	0.08083293286300287	13.073093252868745	3.7085286356058007	1	11	Lost_psE	0.12352638331881424
AcylCoA_DH/ox_N_sf	0.10172849242332532	10.057696341364148	3.3302279967035053	1	14	Lost_psE	0.14396793166866256
AcylCoA_DH/oxidase_NM_dom_sf	0.1085882648545324	9.340147275083957	3.2234452984743514	1	15	Lost_psE	0.1491370473002122
ADF-H/Gelsolin-like_dom_sf	0.17438724044812579	5.446922053378614	2.445441222050995	1	25	Lost_psE	0.21219830566678483
AGC-kinase_C	0.0703283306383037	4.777099831900031	2.256135026585638	2	57	Lost_psE	0.11360730333879827
AKNA_Centrosome-Trans_reg	5.785904342819801e-5	Inf	Inf	2	2	Lost_psE	0.005380891038822415
AKNA_dom	5.785904342819801e-5	Inf	Inf	2	2	Lost_psE	0.005380891038822415
Aldolase_TIM	0.3079802172166759	2.778126374930996	1.4741122279511865	1	48	Lost_psE	0.34214184540623893
Amidohydro-rel	0.08083293286300287	13.073093252868745	3.7085286356058007	1	11	Lost_psE	0.12352638331881424
Aminopeptidase_N-like_N	0.08083293286300287	13.073093252868745	3.7085286356058007	1	11	Lost_psE	0.12352638331881424
Aminopeptidase_N-like_N_sf	0.09481627894149505	10.897382254574575	3.4459097104481358	1	13	Lost_psE	0.13747304585949505
AMP-binding_CS	0.18069560801761425	5.228891707942622	2.386505191808019	1	26	Lost_psE	0.2182427473459497
AMP-dep_synth/lig_dom	0.2054537911797102	4.506711341902421	2.172075047359146	1	30	Lost_psE	0.24142674739709627
AMPD	0.022720768602030286	65.2569532164068	6.028059725863084	1	3	Lost_psE	0.05710895891861666
ANL_N_sf	0.2054537911797102	4.506711341902421	2.172075047359146	1	30	Lost_psE	0.24142674739709627
AP_endonuc_1	0.015204747570368006	130.35475594955648	7.026299409853186	1	2	Lost_psE	0.04625369471172697
AP_endonuclease_F1_BS	0.015204747570368006	130.35475594955648	7.026299409853186	1	2	Lost_psE	0.04625369471172697
AP_endonuclease_F1_CS	0.007631303306898106	Inf	Inf	1	1	Lost_psE	0.03574085217835012
APC_basic_dom	0.015204747570368006	130.35475594955648	7.026299409853186	1	2	Lost_psE	0.04625369471172697
APC_dom	0.015204747570368006	130.35475594955648	7.026299409853186	1	2	Lost_psE	0.04625369471172697
Apc_fam	0.015204747570368006	130.35475594955648	7.026299409853186	1	2	Lost_psE	0.04625369471172697
APC_N	0.015204747570368006	130.35475594955648	7.026299409853186	1	2	Lost_psE	0.04625369471172697
APC_N_sf	0.015204747570368006	130.35475594955648	7.026299409853186	1	2	Lost_psE	0.04625369471172697
APC_rep	0.015204747570368006	130.35475594955648	7.026299409853186	1	2	Lost_psE	0.04625369471172697
APC_rpt	0.015204747570368006	130.35475594955648	7.026299409853186	1	2	Lost_psE	0.04625369471172697
Arf-Rho-GAP_ANK-PH_domain	0.022720768602030286	65.2569532164068	6.028059725863084	1	3	Lost_psE	0.05710895891861666
ArfGAP_dom	0.18695608706537464	5.027347502527637	2.329797415081816	1	27	Lost_psE	0.2237286997786009
ArfGAP_dom_sf	0.18695608706537464	5.027347502527637	2.329797415081816	1	27	Lost_psE	0.2237286997786009
ARFGAP/RecO	0.18695608706537464	5.027347502527637	2.329797415081816	1	27	Lost_psE	0.2237286997786009
Arm_3	0.05221922301278174	21.802573574626443	4.44642653558718	1	7	Lost_psE	0.0946927971624538
ARM-like	0.11067736849772866	2.2458686196560698	1.1672735344551117	4	239	Lost_psE	0.15136757750424656
ARM-rpt_dom	0.08785122616931887	11.886893797850895	3.5712998639745277	1	12	Lost_psE	0.12997988235506042
ARM-type_fold	0.018866873372582527	2.7087041234170917	1.437602813993471	7	353	Lost_psE	0.05634098424564782
Armadillo	0.004300697193135114	9.923754706163876	3.3108860753578604	3	43	Lost_psE	0.03574085217835012
ATPase_P-typ_cyto_dom_N	0.2412041228922106	3.7328910879764954	1.9002934167233905	1	36	Lost_psE	0.27596464675365395
ATPase_P-typ_P_site	0.2412041228922106	3.7328910879764954	1.9002934167233905	1	36	Lost_psE	0.27596464675365395
ATPase_P-typ_TM_dom_sf	0.25276209719033405	3.5304374274707935	1.819846947050457	1	38	Lost_psE	0.2886809215279078
ATPase_P-typ_transduc_dom_A_sf	0.2412041228922106	3.7328910879764954	1.9002934167233905	1	36	Lost_psE	0.27596464675365395
B30.2/SPRY	0.5288434877227354	1.3428262573966923	0.42527265263784514	1	98	Lost_psE	0.5526117343619595
B30.2/SPRY_sf	0.5535650119607289	1.2520060389907541	0.3242415210572733	1	105	Lost_psE	0.5758581994922273
BACK	0.3737453161338185	2.174966104115538	1.1209929173726434	1	61	Lost_psE	0.4034961870698439
Battenin_disease_Cln3	5.785904342819801e-5	Inf	Inf	2	2	Lost_psE	0.005380891038822415
Battenin_disease_Cln3_subgr	0.007631303306898106	Inf	Inf	1	1	Lost_psE	0.03574085217835012
BBS8	0.007631303306898106	Inf	Inf	1	1	Lost_psE	0.03574085217835012
BEACH_dom	0.06663500451719968	16.34442378257498	4.030726611137534	1	9	Lost_psE	0.10872027052806264
BEACH_dom_sf	0.06663500451719968	16.34442378257498	4.030726611137534	1	9	Lost_psE	0.10872027052806264
BEACH_Domain	0.04492860165134166	26.128495720148138	4.707552162539805	1	6	Lost_psE	0.08627881910036407
bMERB_dom	0.05945455176635146	18.68821915512623	4.22405719267683	1	8	Lost_psE	0.10053224207764884
BRCT_dom	0.16803062046969203	5.683140593230728	2.5066884061595793	1	24	Lost_psE	0.20756723705079605
BRCT_dom_sf	0.17438724044812579	5.446922053378614	2.445441222050995	1	25	Lost_psE	0.21219830566678483
BTB-kelch_protein	0.2918546929368198	2.967947535961417	1.5694655898437357	1	45	Lost_psE	0.3264560225118036
BTB/POZ_dom	1.0000000000000002	0.7246864262939285	-0.46457122264533646	1	180	Lost_psE	1
C1-like_sf	0.012389815715052016	6.61019059481073	2.724691870254003	3	63	Lost_psE	0.04625369471172697
C2_dom	0.3092672499129814	1.8039996002757805	0.8511990189257701	2	147	Lost_psE	0.34298633678594703
C2_domain_sf	0.1480473282059222	2.3068437443779173	1.2059202854055002	3	174	Lost_psE	0.18756314998397577
C2_III	0.08785122616931887	11.886893797850895	3.5712998639745277	1	12	Lost_psE	0.12997988235506042
C2C_KIAA1228	0.022720768602030286	65.2569532164068	6.028059725863084	1	3	Lost_psE	0.05710895891861666
C2H2-ZF_domain	0.4289234993435441	1.8112349509479961	0.8569737028765362	1	73	Lost_psE	0.4555125580304196
Calpain_cysteine_protease	0.10172849242332532	10.057696341364148	3.3302279967035053	1	14	Lost_psE	0.14396793166866256
Calpain_domain_III	0.09481627894149505	10.897382254574575	3.4459097104481358	1	13	Lost_psE	0.13747304585949505
Calpain_III	0.08785122616931887	11.886893797850895	3.5712998639745277	1	12	Lost_psE	0.12997988235506042
Calpain_III_sf	0.09481627894149505	10.897382254574575	3.4459097104481358	1	13	Lost_psE	0.13747304585949505
CAP10	0.022720768602030286	65.2569532164068	6.028059725863084	1	3	Lost_psE	0.05710895891861666
CAPN3_PEF	0.007631303306898106	Inf	Inf	1	1	Lost_psE	0.03574085217835012
CAPN3/13-like_C_EFh	0.015204747570368006	130.35475594955648	7.026299409853186	1	2	Lost_psE	0.04625369471172697
CatSper2	0.007631303306898106	Inf	Inf	1	1	Lost_psE	0.03574085217835012
CBR-like	0.037582267935221535	32.6799025060318	5.0303317743845986	1	5	Lost_psE	0.07645642633071631
Cbr1-like_FAD-bd_dom	0.037582267935221535	32.6799025060318	5.0303317743845986	1	5	Lost_psE	0.07645642633071631
CCDC78	0.007631303306898106	Inf	Inf	1	1	Lost_psE	0.03574085217835012
CCHC-ZF_NABP	0.007631303306898106	Inf	Inf	1	1	Lost_psE	0.03574085217835012
CCZ1/INTU/HSP4_longin_1	0.030179798952418856	43.53938491870723	5.444249121591278	1	4	Lost_psE	0.06549016372674892
CCZ1/INTU/HSP4_longin_3	0.030179798952418856	43.53938491870723	5.444249121591278	1	4	Lost_psE	0.06549016372674892
CEP120-like	0.007631303306898106	Inf	Inf	1	1	Lost_psE	0.03574085217835012
CH_dom	0.12715395009892613	3.322092548700917	1.7320922652605557	2	81	Lost_psE	0.1682463851918718
CH_dom_sf	0.13227894063512163	3.2397389545957402	1.6958775711090988	2	83	Lost_psE	0.17326678139530016
Chloride_chnl_CLIC-like	0.007631303306898106	Inf	Inf	1	1	Lost_psE	0.03574085217835012
Chond_GalNAc	0.05945455176635146	18.68821915512623	4.22405719267683	1	8	Lost_psE	0.10053224207764884
Citron_Rho-interacting_kinase	0.007631303306898106	Inf	Inf	1	1	Lost_psE	0.03574085217835012
Clathrin_H-chain/VPS_repeat	0.05221922301278174	21.802573574626443	4.44642653558718	1	7	Lost_psE	0.0946927971624538
CNH_dom	0.005691678386428104	20.24221049740423	4.3392949392431746	2	15	Lost_psE	0.03574085217835012
ConA-like_dom_sf	1	0.5700618582052344	-0.8108096182699138	1	228	Lost_psE	1
CRA_dom	0.04492860165134166	26.128495720148138	4.707552162539805	1	6	Lost_psE	0.08627881910036407
CRIK_dom	0.007631303306898106	Inf	Inf	1	1	Lost_psE	0.03574085217835012
CS_glycosyltransferase	0.05945455176635146	18.68821915512623	4.22405719267683	1	8	Lost_psE	0.10053224207764884
CSN5_C	0.007631303306898106	Inf	Inf	1	1	Lost_psE	0.03574085217835012
CSN8_PSD8_EIF3K	0.022720768602030286	65.2569532164068	6.028059725863084	1	3	Lost_psE	0.05710895891861666
CSTPP1	0.007631303306898106	Inf	Inf	1	1	Lost_psE	0.03574085217835012
CTLH_C	0.07376099475217311	14.531829002692799	3.8611443895341195	1	10	Lost_psE	0.11542886438380938
CTLH/CRA	0.04492860165134166	26.128495720148138	4.707552162539805	1	6	Lost_psE	0.08627881910036407
Cullin_repeat-like_dom_sf	0.09481627894149505	10.897382254574575	3.4459097104481358	1	13	Lost_psE	0.13747304585949505
DAG/PE-bd	0.17438724044812579	5.446922053378614	2.445441222050995	1	25	Lost_psE	0.21219830566678483
DBL_dom_sf	0.4200746636563144	1.8633037580515759	0.8978628833575343	1	71	Lost_psE	0.44684412751676583
DEAD/DEAH_box_helicase_dom	0.10962266655259742	3.646567420683292	1.8665390680453608	2	74	Lost_psE	0.1502407493173493
DEATH-like_dom_sf	0.5431319434521344	1.289387460999879	0.36668585878620324	1	102	Lost_psE	0.5666328448515057
DECR2-like	0.007631303306898106	Inf	Inf	1	1	Lost_psE	0.03574085217835012
DED_dom	0.05221922301278174	21.802573574626443	4.44642653558718	1	7	Lost_psE	0.0946927971624538
DEDD/DEDD2	0.015204747570368006	130.35475594955648	7.026299409853186	1	2	Lost_psE	0.04625369471172697
DH_dom	0.4200746636563144	1.8633037580515759	0.8978628833575343	1	71	Lost_psE	0.44684412751676583
DHC	0.006472365275873637	18.799899914295313	4.232653076283138	2	16	Lost_psE	0.03574085217835012
DML1/Misato	0.007631303306898106	Inf	Inf	1	1	Lost_psE	0.03574085217835012
DML1/Misato_tubulin	0.007631303306898106	Inf	Inf	1	1	Lost_psE	0.03574085217835012
DNA_pol_B_palm_palm	0.022720768602030286	65.2569532164068	6.028059725863084	1	3	Lost_psE	0.05710895891861666
DNA_pol_b-like_N	0.030179798952418856	43.53938491870723	5.444249121591278	1	4	Lost_psE	0.06549016372674892
DNA_pol_lambd_fingers_domain	0.030179798952418856	43.53938491870723	5.444249121591278	1	4	Lost_psE	0.06549016372674892
DNA_pol_lamdba_lyase_dom_sf	0.037582267935221535	32.6799025060318	5.0303317743845986	1	5	Lost_psE	0.07645642633071631
DNA_Pol_thumb_sf	0.030179798952418856	43.53938491870723	5.444249121591278	1	4	Lost_psE	0.06549016372674892
DNA_pol_X	0.030179798952418856	43.53938491870723	5.444249121591278	1	4	Lost_psE	0.06549016372674892
DNA_pol-X_BS	0.030179798952418856	43.53938491870723	5.444249121591278	1	4	Lost_psE	0.06549016372674892
DNA-dir_DNA_pol_X	0.030179798952418856	43.53938491870723	5.444249121591278	1	4	Lost_psE	0.06549016372674892
DNA/RNApol_mu	0.007631303306898106	Inf	Inf	1	1	Lost_psE	0.03574085217835012
DnaJ_domain	0.3237408848897737	2.611087270149593	1.3846506775312484	1	51	Lost_psE	0.3577990721331889
DnaJ_domain_CS	0.18069560801761425	5.228891707942622	2.386505191808019	1	26	Lost_psE	0.2182427473459497
DNJB2/6-like	0.030179798952418856	43.53938491870723	5.444249121591278	1	4	Lost_psE	0.06549016372674892
DUF3668	0.007631303306898106	Inf	Inf	1	1	Lost_psE	0.03574085217835012
DUF4472	0.007631303306898106	Inf	Inf	1	1	Lost_psE	0.03574085217835012
DUF4587	0.015204747570368006	130.35475594955648	7.026299409853186	1	2	Lost_psE	0.04625369471172697
DUF5598	0.007631303306898106	Inf	Inf	1	1	Lost_psE	0.03574085217835012
Dynamin	0.05221922301278174	21.802573574626443	4.44642653558718	1	7	Lost_psE	0.0946927971624538
Dynamin_GTPase	0.05221922301278174	21.802573574626443	4.44642653558718	1	7	Lost_psE	0.0946927971624538
Dynamin_GTPase_CS	0.04492860165134166	26.128495720148138	4.707552162539805	1	6	Lost_psE	0.08627881910036407
Dynamin_N	0.1085882648545324	9.340147275083957	3.2234452984743514	1	15	Lost_psE	0.1491370473002122
Dynamin_stalk	0.04492860165134166	26.128495720148138	4.707552162539805	1	6	Lost_psE	0.08627881910036407
DYNC2H1-like_lid	0.015204747570368006	130.35475594955648	7.026299409853186	1	2	Lost_psE	0.04625369471172697
Dynein_2_N	0.006472365275873637	18.799899914295313	4.232653076283138	2	16	Lost_psE	0.03574085217835012
Dynein_AAA1S	0.1085882648545324	9.340147275083957	3.2234452984743514	1	15	Lost_psE	0.1491370473002122
Dynein_AAA5_ext	0.005691678386428104	20.24221049740423	4.3392949392431746	2	15	Lost_psE	0.03574085217835012
Dynein_C	0.006472365275873637	18.799899914295313	4.232653076283138	2	16	Lost_psE	0.03574085217835012
Dynein_C_barrel	0.1085882648545324	9.340147275083957	3.2234452984743514	1	15	Lost_psE	0.1491370473002122
Dynein_HC_stalk	0.006472365275873637	18.799899914295313	4.232653076283138	2	16	Lost_psE	0.03574085217835012
Dynein_heavy_chain_D4_dom	0.006472365275873637	18.799899914295313	4.232653076283138	2	16	Lost_psE	0.03574085217835012
Dynein_heavy_D6_P-loop	0.006472365275873637	18.799899914295313	4.232653076283138	2	16	Lost_psE	0.03574085217835012
Dynein_heavy_linker	0.006472365275873637	18.799899914295313	4.232653076283138	2	16	Lost_psE	0.03574085217835012
Dynein_heavy_tail	0.06663500451719968	16.34442378257498	4.030726611137534	1	9	Lost_psE	0.10872027052806264
Dynein_linker_3	0.006472365275873637	18.799899914295313	4.232653076283138	2	16	Lost_psE	0.03574085217835012
EF_Hand_1_Ca_BS	1.0000000000000002	0.7126330191639558	-0.4887687639835388	1	183	Lost_psE	1
EF_hand_dom	0.9999999999999998	0.5600769985448962	-0.8363029145339077	1	232	Lost_psE	1
EF-hand-dom_pair	0.7271052967828157	0.472894804997094	-1.0804088017829052	1	274	Lost_psE	0.7477812767861185
EGF_extracell	0.1288568736486045	7.690883198819067	2.9431492826333483	1	18	Lost_psE	0.1691246466637934
EMC1	0.007631303306898106	Inf	Inf	1	1	Lost_psE	0.03574085217835012
EMC1_C	0.007631303306898106	Inf	Inf	1	1	Lost_psE	0.03574085217835012
Endo/exonu/phosph_ase_sf	0.0179231527758458	10.521313958380382	3.395242982299463	2	27	Lost_psE	0.05376945832753739
Endo/exonuclease/phosphatase	0.11539599149310956	8.716418609409217	3.1237354841106155	1	16	Lost_psE	0.15553372766462592
EPHD	0.01209221583555938	13.152487823061726	3.717263809273572	2	22	Lost_psE	0.04625369471172697
ERAP1-like_C_dom	0.05945455176635146	18.68821915512623	4.22405719267683	1	8	Lost_psE	0.10053224207764884
EXOC2/Sec5_N_dom	0.015204747570368006	130.35475594955648	7.026299409853186	1	2	Lost_psE	0.04625369471172697
Exosome_cplx_N_dom	0.015204747570368006	130.35475594955648	7.026299409853186	1	2	Lost_psE	0.04625369471172697
Exosome_RNA_bind1/RRP40/RRP4	0.015204747570368006	130.35475594955648	7.026299409853186	1	2	Lost_psE	0.04625369471172697
Ext_Synaptotagmin_C2A	0.022720768602030286	65.2569532164068	6.028059725863084	1	3	Lost_psE	0.05710895891861666
Ext_Synaptotagmin_C2B	0.022720768602030286	65.2569532164068	6.028059725863084	1	3	Lost_psE	0.05710895891861666
Extended_Synaptotagmin	0.022720768602030286	65.2569532164068	6.028059725863084	1	3	Lost_psE	0.05710895891861666
F-actin_Monoox_Mical	0.08785122616931887	11.886893797850895	3.5712998639745277	1	12	Lost_psE	0.12997988235506042
F-box_dom	0.39735212296944805	2.007055036143412	1.005080177877674	1	66	Lost_psE	0.4240593968083782
F-box-like_dom_sf	0.3927025780556425	2.0385491780239025	1.0275427608663972	1	65	Lost_psE	0.419785514473273
FAD-bd_FR_type	0.14211424215782958	6.879911737293328	2.782390056644523	1	20	Lost_psE	0.18158321179706685
FAD/NAD-bd_sf	0.34922006633001645	2.3730375051189285	1.2467349020579883	1	56	Lost_psE	0.37890377196806785
FBXL6_F-box	0.007631303306898106	Inf	Inf	1	1	Lost_psE	0.03574085217835012
FGF_rcpt_1	0.007631303306898106	Inf	Inf	1	1	Lost_psE	0.03574085217835012
FGF_rcpt_fam	0.030179798952418856	43.53938491870723	5.444249121591278	1	4	Lost_psE	0.06549016372674892
FGFRL	0.037582267935221535	32.6799025060318	5.0303317743845986	1	5	Lost_psE	0.07645642633071631
Filamin/ABP280_repeat-like	0.08785122616931887	11.886893797850895	3.5712998639745277	1	12	Lost_psE	0.12997988235506042
Filamin/ABP280_rpt	0.07376099475217311	14.531829002692799	3.8611443895341195	1	10	Lost_psE	0.11542886438380938
FN3_sf	1.0000000000000004	0.6137869050047595	-0.7041902283045701	1	212	Lost_psE	1
FNR_nucleotide-bd	0.14211424215782958	6.879911737293328	2.782390056644523	1	20	Lost_psE	0.18158321179706685
FYrich_C	0.037582267935221535	32.6799025060318	5.0303317743845986	1	5	Lost_psE	0.07645642633071631
FYrich_N	0.037582267935221535	32.6799025060318	5.0303317743845986	1	5	Lost_psE	0.07645642633071631
Fyv10_fam	0.022720768602030286	65.2569532164068	6.028059725863084	1	3	Lost_psE	0.05710895891861666
G_DYNAMIN_dom	0.10172849242332532	10.057696341364148	3.3302279967035053	1	14	Lost_psE	0.14396793166866256
GalP_UDPtransf1	5.785904342819801e-5	Inf	Inf	2	2	Lost_psE	0.005380891038822415
GalP_UDPtransf1_His-AS	5.785904342819801e-5	Inf	Inf	2	2	Lost_psE	0.005380891038822415
GalP_Utransf_C	0.007631303306898106	Inf	Inf	1	1	Lost_psE	0.03574085217835012
GalP_Utransf_N	5.785904342819801e-5	Inf	Inf	2	2	Lost_psE	0.005380891038822415
GBF1-like_TPR	0.007631303306898106	Inf	Inf	1	1	Lost_psE	0.03574085217835012
GED	0.04492860165134166	26.128495720148138	4.707552162539805	1	6	Lost_psE	0.08627881910036407
GED_dom	0.04492860165134166	26.128495720148138	4.707552162539805	1	6	Lost_psE	0.08627881910036407
Gelsolin-like_dom	0.10172849242332532	10.057696341364148	3.3302279967035053	1	14	Lost_psE	0.14396793166866256
Get1	5.785904342819801e-5	Inf	Inf	2	2	Lost_psE	0.005380891038822415
GIDA_C_N	0.007631303306898106	Inf	Inf	1	1	Lost_psE	0.03574085217835012
GlcNAc_6-P_deAcase	0.007631303306898106	Inf	Inf	1	1	Lost_psE	0.03574085217835012
Glucose-6-phosphatase	0.022720768602030286	65.2569532164068	6.028059725863084	1	3	Lost_psE	0.05710895891861666
Glut_rich_SH3-bd	0.037582267935221535	32.6799025060318	5.0303317743845986	1	5	Lost_psE	0.07645642633071631
Glutathione_S-Trfase	0.19316903875246866	4.840251390284961	2.2750819793384967	1	28	Lost_psE	0.22989587610211534
Glutathione_S-Trfase_N	0.1486675658859163	6.536355322772097	2.708486411951717	1	21	Lost_psE	0.18756314998397577
Glutathione-S-Trfase_C_sf	0.2584753248716034	3.4375982084457077	1.7814009303431864	1	39	Lost_psE	0.29366044762899446
Glutathione-S-Trfase_C-like	0.2175527008319508	4.215177479820143	2.075593377043	1	32	Lost_psE	0.25426716021831236
GlyclTrfase_39-like	0.015204747570368006	130.35475594955648	7.026299409853186	1	2	Lost_psE	0.04625369471172697
Glyco_trans_13	0.015204747570368006	130.35475594955648	7.026299409853186	1	2	Lost_psE	0.04625369471172697
Glyco_trans_39/83	0.015204747570368006	130.35475594955648	7.026299409853186	1	2	Lost_psE	0.04625369471172697
GM130_C	0.11539599149310956	8.716418609409217	3.1237354841106155	1	16	Lost_psE	0.15553372766462592
GOLGA_cons_dom	0.1551711539835525	6.224823306649579	2.6380328864597087	1	22	Lost_psE	0.19388948415219323
Golgin_A	0.1355108049716418	7.264109313093302	2.860785913018558	1	19	Lost_psE	0.17573213951501757
GRASP_PDZ	0.015204747570368006	130.35475594955648	7.026299409853186	1	2	Lost_psE	0.04625369471172697
GRASP55_65	0.015204747570368006	130.35475594955648	7.026299409853186	1	2	Lost_psE	0.04625369471172697
GST_C_GDAP1	0.007631303306898106	Inf	Inf	1	1	Lost_psE	0.03574085217835012
HAD_sf	0.11955973621890388	3.453743195714131	1.7881608147593306	2	78	Lost_psE	0.16081278569939345
HAD-like_sf	0.12715395009892613	3.322092548700917	1.7320922652605557	2	81	Lost_psE	0.1682463851918718
HAD-SF_hydro_IG_5-nucl	0.037582267935221535	32.6799025060318	5.0303317743845986	1	5	Lost_psE	0.07645642633071631
HATPase_C_sf	0.1486675658859163	6.536355322772097	2.708486411951717	1	21	Lost_psE	0.18756314998397577
HATPase_dom	0.08785122616931887	11.886893797850895	3.5712998639745277	1	12	Lost_psE	0.12997988235506042
HCR	0.007631303306898106	Inf	Inf	1	1	Lost_psE	0.03574085217835012
Heat_shock_protein_90_CS	0.022720768602030286	65.2569532164068	6.028059725863084	1	3	Lost_psE	0.05710895891861666
Heavy-metal-associated_CS	0.022720768602030286	65.2569532164068	6.028059725863084	1	3	Lost_psE	0.05710895891861666
Helicase_ATP-bd	0.21063039136955525	2.3821143167868266	1.2522426492658618	2	112	Lost_psE	0.24706375636320804
Helicase_C-like	0.20227459516175303	2.4494130418495215	1.2924360745073342	2	109	Lost_psE	0.23898504800417647
Helix_hairpin_bin_sf	0.0011848734827007955	52.516615796810704	5.714702045953144	2	7	Lost_psE	0.03574085217835012
HGF/MST1	0.022720768602030286	65.2569532164068	6.028059725863084	1	3	Lost_psE	0.05710895891861666
His_Pase_clade-2	0.05945455176635146	18.68821915512623	4.22405719267683	1	8	Lost_psE	0.10053224207764884
His_PPase_superfam	0.14211424215782958	6.879911737293328	2.782390056644523	1	20	Lost_psE	0.18158321179706685
Histidine_acid_phosphatase	0.04492860165134166	26.128495720148138	4.707552162539805	1	6	Lost_psE	0.08627881910036407
HIT-like_sf	0.002501092402438392	32.88919632249824	5.039541849922569	2	10	Lost_psE	0.03574085217835012
HMA_Cu_ion-bd	0.015204747570368006	130.35475594955648	7.026299409853186	1	2	Lost_psE	0.04625369471172697
HMA_dom	0.030179798952418856	43.53938491870723	5.444249121591278	1	4	Lost_psE	0.06549016372674892
HMA_dom_sf	0.037582267935221535	32.6799025060318	5.0303317743845986	1	5	Lost_psE	0.07645642633071631
HMG_box_dom	0.06607738866306422	4.957355558934887	2.3095707376696293	2	55	Lost_psE	0.10872027052806264
HMG_box_dom_sf	0.0703283306383037	4.777099831900031	2.256135026585638	2	57	Lost_psE	0.11360730333879827
HMGI/Y_DNA-bd_CS	0.037582267935221535	32.6799025060318	5.0303317743845986	1	5	Lost_psE	0.07645642633071631
HPS4	0.007631303306898106	Inf	Inf	1	1	Lost_psE	0.03574085217835012
HSP90_C	0.030179798952418856	43.53938491870723	5.444249121591278	1	4	Lost_psE	0.06549016372674892
Hsp90_fam	0.030179798952418856	43.53938491870723	5.444249121591278	1	4	Lost_psE	0.06549016372674892
Hsp90_N	0.030179798952418856	43.53938491870723	5.444249121591278	1	4	Lost_psE	0.06549016372674892
I-EGF_1	0.037582267935221535	32.6799025060318	5.0303317743845986	1	5	Lost_psE	0.07645642633071631
IF_2B-like_C	0.030179798952418856	43.53938491870723	5.444249121591278	1	4	Lost_psE	0.06549016372674892
IF-2B-related	0.030179798952418856	43.53938491870723	5.444249121591278	1	4	Lost_psE	0.06549016372674892
Ig_C1-set	0.2808975101664139	3.1095803280423455	1.636719885980665	1	43	Lost_psE	0.31582777049798866
Ig_E-set	0.1939592115771103	2.5203354940177185	1.3336157906058894	2	106	Lost_psE	0.23041504878959634
Ig_I-set	1	0.9152188349177786	-0.12781135225219373	1	143	Lost_psE	1
Ig_sub	1.0000000000000002	1.0055671265425972	0.008009391834878797	3	391	Lost_psE	1
Ig_sub2	1.0000000000000007	0.5411099146642003	-0.8860064190709164	1	240	Lost_psE	1
Ig_V-set	0.9999999999999998	0.7287945129827443	-0.4564159976057736	1	179	Lost_psE	1
Ig-like_dom	1	0.8905767623913365	-0.16718812651565682	3	440	Lost_psE	1
Ig-like_dom_sf	1.0000000000000004	0.8124756653119821	-0.29960349177826484	3	481	Lost_psE	1
Ig-like_fold	0.9999999999999999	0.8933405550976018	-0.16271783724551478	5	730	Lost_psE	1
Ig/MHC_CS	0.2584753248716034	3.4375982084457077	1.7814009303431864	1	39	Lost_psE	0.29366044762899446
IKK	0.030179798952418856	43.53938491870723	5.444249121591278	1	4	Lost_psE	0.06549016372674892
IL-17_rcpt_C/E_N	0.022720768602030286	65.2569532164068	6.028059725863084	1	3	Lost_psE	0.05710895891861666
IL-17_rcpt-like	0.04492860165134166	26.128495720148138	4.707552162539805	1	6	Lost_psE	0.08627881910036407
ILEI/PANDER_dom	0.05221922301278174	21.802573574626443	4.44642653558718	1	7	Lost_psE	0.0946927971624538
Immune_Resp_Modulators	0.015204747570368006	130.35475594955648	7.026299409853186	1	2	Lost_psE	0.04625369471172697
Immunoglobulin_dom	0.3880173972590772	2.0710069829988433	1.0503324180300895	1	64	Lost_psE	0.4161438642762097
Importin_alpha	0.05221922301278174	21.802573574626443	4.44642653558718	1	7	Lost_psE	0.0946927971624538
Importin-a_IBB	0.06663500451719968	16.34442378257498	4.030726611137534	1	9	Lost_psE	0.10872027052806264
Importin-a_IBB_sf	0.05221922301278174	21.802573574626443	4.44642653558718	1	7	Lost_psE	0.0946927971624538
Integrin_b-2_sf	0.015204747570368006	130.35475594955648	7.026299409853186	1	2	Lost_psE	0.04625369471172697
Integrin_beta_N	0.05945455176635146	18.68821915512623	4.22405719267683	1	8	Lost_psE	0.10053224207764884
Integrin_bsu	0.06663500451719968	16.34442378257498	4.030726611137534	1	9	Lost_psE	0.10872027052806264
Integrin_bsu_cyt_dom	0.04492860165134166	26.128495720148138	4.707552162539805	1	6	Lost_psE	0.08627881910036407
Integrin_bsu_tail	0.05221922301278174	21.802573574626443	4.44642653558718	1	7	Lost_psE	0.0946927971624538
Integrin_bsu_tail_dom_sf	0.05221922301278174	21.802573574626443	4.44642653558718	1	7	Lost_psE	0.0946927971624538
Integrin_bsu_VWA	0.05945455176635146	18.68821915512623	4.22405719267683	1	8	Lost_psE	0.10053224207764884
Integrin_dom_sf	0.17438724044812579	5.446922053378614	2.445441222050995	1	25	Lost_psE	0.21219830566678483
Ion_trans_dom	0.5704300367404774	1.1942764849507022	0.2561368711850236	1	110	Lost_psE	0.5913215826720554
IP5	0.04492860165134166	26.128495720148138	4.707552162539805	1	6	Lost_psE	0.08627881910036407
IPPc	0.07376099475217311	14.531829002692799	3.8611443895341195	1	10	Lost_psE	0.11542886438380938
IPT_dom	0.2054537911797102	4.506711341902421	2.172075047359146	1	30	Lost_psE	0.24142674739709627
IPT_NFkappaB	0.037582267935221535	32.6799025060318	5.0303317743845986	1	5	Lost_psE	0.07645642633071631
J_dom_sf	0.32891478451032874	2.5597835537906612	1.356021826211796	1	52	Lost_psE	0.3598714701113009
JAMM_MPN+_peptidase_M67A	0.04492860165134166	26.128495720148138	4.707552162539805	1	6	Lost_psE	0.08627881910036407
JAMM/MPN+_dom	0.08785122616931887	11.886893797850895	3.5712998639745277	1	12	Lost_psE	0.12997988235506042
K_chnl_volt-dep_bsu_KCNAB	0.022720768602030286	65.2569532164068	6.028059725863084	1	3	Lost_psE	0.05710895891861666
K_chnl_volt-dep_bsu_KCNAB-rel	0.022720768602030286	65.2569532164068	6.028059725863084	1	3	Lost_psE	0.05710895891861666
K_chnl_volt-dep_bsu_KCNAB1	0.015204747570368006	130.35475594955648	7.026299409853186	1	2	Lost_psE	0.04625369471172697
K_chnl_volt-dep_bsu_KCNAB2	0.007631303306898106	Inf	Inf	1	1	Lost_psE	0.03574085217835012
KASH	0.030179798952418856	43.53938491870723	5.444249121591278	1	4	Lost_psE	0.06549016372674892
KCC1	0.015204747570368006	130.35475594955648	7.026299409853186	1	2	Lost_psE	0.04625369471172697
KCL_cotranspt	0.030179798952418856	43.53938491870723	5.444249121591278	1	4	Lost_psE	0.06549016372674892
Kelch_1	0.3640473868194774	2.250080947105575	1.1699769036143721	1	59	Lost_psE	0.3936791508629232
Kelch-typ_b-propeller	0.4332974833543791	1.7863889406404818	0.83704622471653	1	74	Lost_psE	0.4586612384775623
KH_dom_type_1	0.22353333912803466	4.083247035983132	2.02971685309002	1	33	Lost_psE	0.26032236810796167
KH_dom_type_1_sf	0.3079802172166759	2.778126374930996	1.4741122279511865	1	48	Lost_psE	0.34214184540623893
Kinase-like_dom_sf	0.06771137155762569	2.039501877912773	1.0282168355218053	8	532	Lost_psE	0.1102002572100358
KLHL35_BTB_POZ_dom	0.007631303306898106	Inf	Inf	1	1	Lost_psE	0.03574085217835012
KMT2C_ePHD1	0.007631303306898106	Inf	Inf	1	1	Lost_psE	0.03574085217835012
KMT2C_ePHD2	0.007631303306898106	Inf	Inf	1	1	Lost_psE	0.03574085217835012
KMT2C_PHD2	0.007631303306898106	Inf	Inf	1	1	Lost_psE	0.03574085217835012
KMT2C_PHD4	0.007631303306898106	Inf	Inf	1	1	Lost_psE	0.03574085217835012
KMT2C_PHD6	0.007631303306898106	Inf	Inf	1	1	Lost_psE	0.03574085217835012
KRAB	0.38012270127594705	0.31662305399438345	-1.6591617899098074	1	406	Lost_psE	0.40834963453901246
KRAB_dom_sf	0.3798631845402264	0.3174230693433405	-1.6555211122158857	1	405	Lost_psE	0.40834963453901246
Kri1	0.007631303306898106	Inf	Inf	1	1	Lost_psE	0.03574085217835012
Kri1-like_C	0.007631303306898106	Inf	Inf	1	1	Lost_psE	0.03574085217835012
Kringle	0.11539599149310956	8.716418609409217	3.1237354841106155	1	16	Lost_psE	0.15553372766462592
Kringle_CS	0.11539599149310956	8.716418609409217	3.1237354841106155	1	16	Lost_psE	0.15553372766462592
Kringle_sf	0.11539599149310956	8.716418609409217	3.1237354841106155	1	16	Lost_psE	0.15553372766462592
Kringle-like	0.19316903875246866	4.840251390284961	2.2750819793384967	1	28	Lost_psE	0.22989587610211534
Krueppel_C2H2_ZnF	0.9999999999999999	0.5528123666344671	-0.8551382051332271	1	235	Lost_psE	1
KsgA/Erm	0.022720768602030286	65.2569532164068	6.028059725863084	1	3	Lost_psE	0.05710895891861666
L24e/L24_sf	0.015204747570368006	130.35475594955648	7.026299409853186	1	2	Lost_psE	0.04625369471172697
Leu-rich_rpt	0.14225412905760998	2.0352612088674857	1.0252139642970641	4	263	Lost_psE	0.18158321179706685
Leu-rich_rpt_4	0.16803062046969203	5.683140593230728	2.5066884061595793	1	24	Lost_psE	0.20756723705079605
Leu-rich_rpt_Cys-con_subtyp	0.00908610983393	15.479384363823005	3.9522761895659855	2	19	Lost_psE	0.04195076242474064
Leu-rich_rpt_typical-subtyp	0.9999999999999997	0.7206239833222058	-0.4726814275186809	1	181	Lost_psE	1
LisH	0.1993348215340916	4.66736819662383	2.2226092822775017	1	29	Lost_psE	0.2359399433067157
LRR_dom_sf	0.32427258457539393	1.6064854946097529	0.6839079543860119	4	331	Lost_psE	0.3577990721331889
LRR_domain-containing	0.2412041228922106	3.7328910879764954	1.9002934167233905	1	36	Lost_psE	0.27596464675365395
LRR_R13L4/SHOC2-like	0.12215206463749897	8.171587846583922	3.0306164401596702	1	17	Lost_psE	0.1622877430183915
LRR_RI_cap	0.007631303306898106	Inf	Inf	1	1	Lost_psE	0.03574085217835012
M1_APN-typ	0.05945455176635146	18.68821915512623	4.22405719267683	1	8	Lost_psE	0.10053224207764884
M3K14_STKc	0.007631303306898106	Inf	Inf	1	1	Lost_psE	0.03574085217835012
MAP_kinase_kinase_kinase	0.030179798952418856	43.53938491870723	5.444249121591278	1	4	Lost_psE	0.06549016372674892
MAPKKK14	0.007631303306898106	Inf	Inf	1	1	Lost_psE	0.03574085217835012
MATH/TRAF_dom	0.0036317064935265995	26.29481274015402	4.716706317516461	2	12	Lost_psE	0.03574085217835012
MCAD	0.007631303306898106	Inf	Inf	1	1	Lost_psE	0.03574085217835012
Med13_C	0.015204747570368006	130.35475594955648	7.026299409853186	1	2	Lost_psE	0.04625369471172697
Mediator_complx_sub13	0.015204747570368006	130.35475594955648	7.026299409853186	1	2	Lost_psE	0.04625369471172697
Mediator_Med13_N	0.007631303306898106	Inf	Inf	1	1	Lost_psE	0.03574085217835012
Metal_Hydrolase	8.860281599981631e-4	18.062959252876418	4.174962363659123	3	25	Lost_psE	0.03574085217835012
Metal-dep_hydrolase_composite	0.07376099475217311	14.531829002692799	3.8611443895341195	1	10	Lost_psE	0.11542886438380938
Methyltranfer_dom	0.05945455176635146	18.68821915512623	4.22405719267683	1	8	Lost_psE	0.10053224207764884
METTL25	0.015204747570368006	130.35475594955648	7.026299409853186	1	2	Lost_psE	0.04625369471172697
MFS_trans_sf	1.0000000000000002	0.9351128278286802	-0.09678764825234762	1	140	Lost_psE	1
MID_MedPIWI	0.015204747570368006	130.35475594955648	7.026299409853186	1	2	Lost_psE	0.04625369471172697
MIR_dom_sf	0.07376099475217311	14.531829002692799	3.8611443895341195	1	10	Lost_psE	0.11542886438380938
MIR_motif	0.07376099475217311	14.531829002692799	3.8611443895341195	1	10	Lost_psE	0.11542886438380938
Misato_II_tubulin-like	0.007631303306898106	Inf	Inf	1	1	Lost_psE	0.03574085217835012
MnmG	0.007631303306898106	Inf	Inf	1	1	Lost_psE	0.03574085217835012
MnmG_C	0.007631303306898106	Inf	Inf	1	1	Lost_psE	0.03574085217835012
MnmG_C_subdom	0.007631303306898106	Inf	Inf	1	1	Lost_psE	0.03574085217835012
MnmG_C_subdom_sf	0.007631303306898106	Inf	Inf	1	1	Lost_psE	0.03574085217835012
MnmG_N	0.007631303306898106	Inf	Inf	1	1	Lost_psE	0.03574085217835012
MnmG-rel	0.007631303306898106	Inf	Inf	1	1	Lost_psE	0.03574085217835012
MnmG-rel_CS	0.007631303306898106	Inf	Inf	1	1	Lost_psE	0.03574085217835012
Mon2/Sec7/BIG1-like_HUS	0.030179798952418856	43.53938491870723	5.444249121591278	1	4	Lost_psE	0.06549016372674892
MPN	0.12215206463749897	8.171587846583922	3.0306164401596702	1	17	Lost_psE	0.1622877430183915
MSP_HGFL	0.007631303306898106	Inf	Inf	1	1	Lost_psE	0.03574085217835012
MTMR12-like_C	0.022720768602030286	65.2569532164068	6.028059725863084	1	3	Lost_psE	0.05710895891861666
Myotonic_dystrophy_kinase_coil	0.030179798952418856	43.53938491870723	5.444249121591278	1	4	Lost_psE	0.06549016372674892
Myotubularin	0.10172849242332532	10.057696341364148	3.3302279967035053	1	14	Lost_psE	0.14396793166866256
Myotubularin-like_Pase_dom	0.10172849242332532	10.057696341364148	3.3302279967035053	1	14	Lost_psE	0.14396793166866256
N/Namide_PRibTrfase	0.015204747570368006	130.35475594955648	7.026299409853186	1	2	Lost_psE	0.04625369471172697
NA-bd_OB-fold	0.15321994370862468	2.9473469108298636	1.5594168796266228	2	91	Lost_psE	0.192560199525704
NAD(P)-bd_dom_sf	0.3372353820515381	1.6868398498292665	0.7543230092954735	2	157	Lost_psE	0.36773908495067215
NADP_OxRdtase_dom	0.12215206463749897	8.171587846583922	3.0306164401596702	1	17	Lost_psE	0.1622877430183915
NADP_OxRdtase_dom_sf	0.12215206463749897	8.171587846583922	3.0306164401596702	1	17	Lost_psE	0.1622877430183915
NagB/RpiA_transferase-like	0.10172849242332532	10.057696341364148	3.3302279967035053	1	14	Lost_psE	0.14396793166866256
NDK-like_dom	0.07376099475217311	14.531829002692799	3.8611443895341195	1	10	Lost_psE	0.11542886438380938
NDK-like_dom_sf	0.08083293286300287	13.073093252868745	3.7085286356058007	1	11	Lost_psE	0.12352638331881424
NFkB/Dor	0.037582267935221535	32.6799025060318	5.0303317743845986	1	5	Lost_psE	0.07645642633071631
Nicotinamide_PRibTrfase	0.007631303306898106	Inf	Inf	1	1	Lost_psE	0.03574085217835012
Nicotinate_pribotase-like_C	0.022720768602030286	65.2569532164068	6.028059725863084	1	3	Lost_psE	0.05710895891861666
NLRP_innate_immun_reg	0.1085882648545324	9.340147275083957	3.2234452984743514	1	15	Lost_psE	0.1491370473002122
NPHP1	0.007631303306898106	Inf	Inf	1	1	Lost_psE	0.03574085217835012
NPHP1_SH3	0.007631303306898106	Inf	Inf	1	1	Lost_psE	0.03574085217835012
NPIP	0.1486675658859163	6.536355322772097	2.708486411951717	1	21	Lost_psE	0.18756314998397577
NPIP_N	0.1486675658859163	6.536355322772097	2.708486411951717	1	21	Lost_psE	0.18756314998397577
NT_sf	0.17438724044812579	5.446922053378614	2.445441222050995	1	25	Lost_psE	0.21219830566678483
Ntn_hydrolases_N	0.23535870880442591	3.842766764289329	1.94214541506466	1	35	Lost_psE	0.2726308174940948
Nucleoside_diP_kinase	0.06663500451719968	16.34442378257498	4.030726611137534	1	9	Lost_psE	0.10872027052806264
Nucleoside_diP_kinase_AS	0.04492860165134166	26.128495720148138	4.707552162539805	1	6	Lost_psE	0.08627881910036407
Nucleotide-bd_a/b_plait_sf	0.13949612665413158	2.051337080854469	1.0365645785654558	4	261	Lost_psE	0.1801824969282533
Nucleotide-diphossugar_trans	0.15056701254095975	2.9809836651701622	1.5757884698468383	2	90	Lost_psE	0.18959211830592804
O-Glucosyltr/Glycosyltrsf_90	0.022720768602030286	65.2569532164068	6.028059725863084	1	3	Lost_psE	0.05710895891861666
O-linked_mannose_GnT	0.007631303306898106	Inf	Inf	1	1	Lost_psE	0.03574085217835012
Oxidoreductase-like_N	0.015204747570368006	130.35475594955648	7.026299409853186	1	2	Lost_psE	0.04625369471172697
Oxoglu/Fe-dep_dioxygenase_dom	0.1551711539835525	6.224823306649579	2.6380328864597087	1	22	Lost_psE	0.19388948415219323
OxRdtase_FAD/NAD-bd	0.08785122616931887	11.886893797850895	3.5712998639745277	1	12	Lost_psE	0.12997988235506042
P_Acid_Pase_2/haloperoxi_sf	0.1288568736486045	7.690883198819067	2.9431492826333483	1	18	Lost_psE	0.1691246466637934
P_Acid_Pase_2/haloperoxidase	0.1288568736486045	7.690883198819067	2.9431492826333483	1	18	Lost_psE	0.1691246466637934
P_typ_ATPase	0.2412041228922106	3.7328910879764954	1.9002934167233905	1	36	Lost_psE	0.27596464675365395
P_typ_ATPase_HD_dom	0.2412041228922106	3.7328910879764954	1.9002934167233905	1	36	Lost_psE	0.27596464675365395
P-loop_NTPase	0.5537438293120343	1.1936319272921294	0.2553580304594694	8	887	Lost_psE	0.5758581994922273
P-typ_ATPase_IB	0.015204747570368006	130.35475594955648	7.026299409853186	1	2	Lost_psE	0.04625369471172697
P4HA-like	0.030179798952418856	43.53938491870723	5.444249121591278	1	4	Lost_psE	0.06549016372674892
p53-like_TF_DNA-bd_sf	0.004589839961908204	9.678800082897396	3.2748282022772104	3	44	Lost_psE	0.03574085217835012
PA_dom_sf	0.1355108049716418	7.264109313093302	2.860785913018558	1	19	Lost_psE	0.17573213951501757
PA_domain	0.1355108049716418	7.264109313093302	2.860785913018558	1	19	Lost_psE	0.17573213951501757
PA14_dom	0.022720768602030286	65.2569532164068	6.028059725863084	1	3	Lost_psE	0.05710895891861666
PA14/GLEYA	0.030179798952418856	43.53938491870723	5.444249121591278	1	4	Lost_psE	0.06549016372674892
PA28_C	0.022720768602030286	65.2569532164068	6.028059725863084	1	3	Lost_psE	0.05710895891861666
PA28_C_sf	0.022720768602030286	65.2569532164068	6.028059725863084	1	3	Lost_psE	0.05710895891861666
PA28_N_sf	0.022720768602030286	65.2569532164068	6.028059725863084	1	3	Lost_psE	0.05710895891861666
Pan_app	0.05945455176635146	18.68821915512623	4.22405719267683	1	8	Lost_psE	0.10053224207764884
Papain-like_cys_pep_sf	0.11219860533589615	2.6325377946528157	1.3964542437929783	3	153	Lost_psE	0.15312639847729223
PCI_dom	0.16803062046969203	5.683140593230728	2.5066884061595793	1	24	Lost_psE	0.20756723705079605
PDZ	1.0000000000000002	0.8433934333404222	-0.2457223060472771	1	155	Lost_psE	1
PDZ_sf	0.34001527644892254	1.675941569521759	0.7449718514056053	2	158	Lost_psE	0.3701504096459006
PDZD7_HN-like	0.007631303306898106	Inf	Inf	1	1	Lost_psE	0.03574085217835012
PE/DAG-bd	0.014043190137866242	6.294510584628598	2.654094208829398	3	66	Lost_psE	0.04625369471172697
PEP_carboxykin_GTP_CS	0.015204747570368006	130.35475594955648	7.026299409853186	1	2	Lost_psE	0.04625369471172697
PEP_carboxykinase_C	0.015204747570368006	130.35475594955648	7.026299409853186	1	2	Lost_psE	0.04625369471172697
PEP_carboxykinase_GTP	0.015204747570368006	130.35475594955648	7.026299409853186	1	2	Lost_psE	0.04625369471172697
PEP_carboxykinase_GTP_C	0.015204747570368006	130.35475594955648	7.026299409853186	1	2	Lost_psE	0.04625369471172697
PEP_carboxykinase_GTP_N	0.015204747570368006	130.35475594955648	7.026299409853186	1	2	Lost_psE	0.04625369471172697
PEP_carboxykinase_N	0.015204747570368006	130.35475594955648	7.026299409853186	1	2	Lost_psE	0.04625369471172697
Pept_asp_AS	0.07376099475217311	14.531829002692799	3.8611443895341195	1	10	Lost_psE	0.11542886438380938
Pept_cys_AS	0.011047767596091971	13.85365526942909	3.79219477465079	2	21	Lost_psE	0.04625369471172697
Pept_his_AS	0.08083293286300287	13.073093252868745	3.7085286356058007	1	11	Lost_psE	0.12352638331881424
Peptidase_C1A	0.09481627894149505	10.897382254574575	3.4459097104481358	1	13	Lost_psE	0.13747304585949505
Peptidase_C1A_C	0.09481627894149505	10.897382254574575	3.4459097104481358	1	13	Lost_psE	0.13747304585949505
Peptidase_C1A_papain-like	0.05945455176635146	18.68821915512623	4.22405719267683	1	8	Lost_psE	0.10053224207764884
Peptidase_C2_calpain_cat	0.1085882648545324	9.340147275083957	3.2234452984743514	1	15	Lost_psE	0.1491370473002122
Peptidase_C54	0.030179798952418856	43.53938491870723	5.444249121591278	1	4	Lost_psE	0.06549016372674892
Peptidase_C54_cat	0.030179798952418856	43.53938491870723	5.444249121591278	1	4	Lost_psE	0.06549016372674892
Peptidase_M1	0.08083293286300287	13.073093252868745	3.7085286356058007	1	11	Lost_psE	0.12352638331881424
Peptidase_M1_aminopeptidases	0.05945455176635146	18.68821915512623	4.22405719267683	1	8	Lost_psE	0.10053224207764884
Peptidase_M1_dom	0.08785122616931887	11.886893797850895	3.5712998639745277	1	12	Lost_psE	0.12997988235506042
Peptidase_M28	0.08083293286300287	13.073093252868745	3.7085286356058007	1	11	Lost_psE	0.12352638331881424
Peptidase_M28B	0.04492860165134166	26.128495720148138	4.707552162539805	1	6	Lost_psE	0.08627881910036407
Peptidase_M4/M1_CTD_sf	0.09481627894149505	10.897382254574575	3.4459097104481358	1	13	Lost_psE	0.13747304585949505
Peptidase_S1_PA	0.6173200718503303	1.049047982493006	0.06908066697291308	1	125	Lost_psE	0.6368864766633361
Peptidase_S1_PA_chymotrypsin	0.6083678267455699	1.0751758195685308	0.10457259774861755	1	122	Lost_psE	0.6286467543037556
Peptidase_S1A	0.5704300367404774	1.1942764849507022	0.2561368711850236	1	110	Lost_psE	0.5913215826720554
Peptidase_S8/S53_dom	0.08083293286300287	13.073093252868745	3.7085286356058007	1	11	Lost_psE	0.12352638331881424
Peptidase_S8/S53_dom_sf	0.08083293286300287	13.073093252868745	3.7085286356058007	1	11	Lost_psE	0.12352638331881424
PH_domain	0.05775454542773594	2.4834976745296875	1.3123733958808252	5	272	Lost_psE	0.10053224207764884
PH-BEACH_dom	0.05945455176635146	18.68821915512623	4.22405719267683	1	8	Lost_psE	0.10053224207764884
PH-like_dom_sf	0.0857813980363272	2.144858689911311	1.1008826015337971	7	442	Lost_psE	0.12997988235506042
PHD-type_Zinc_Finger	0.030179798952418856	43.53938491870723	5.444249121591278	1	4	Lost_psE	0.06549016372674892
PHD3_KMT2C	0.007631303306898106	Inf	Inf	1	1	Lost_psE	0.03574085217835012
PHF7/G2E3_ePHD	0.015204747570368006	130.35475594955648	7.026299409853186	1	2	Lost_psE	0.04625369471172697
PHF7/G2E3_PHD	0.015204747570368006	130.35475594955648	7.026299409853186	1	2	Lost_psE	0.04625369471172697
Phosphofurin_acidic_CS-1	0.015204747570368006	130.35475594955648	7.026299409853186	1	2	Lost_psE	0.04625369471172697
PIG-T	0.007631303306898106	Inf	Inf	1	1	Lost_psE	0.03574085217835012
PKHG5/7	0.015204747570368006	130.35475594955648	7.026299409853186	1	2	Lost_psE	0.04625369471172697
Pkinase_C	0.22946856090628273	3.959362149414783	1.9852680318210805	1	34	Lost_psE	0.2662816990195901
PMT_4TMC	0.015204747570368006	130.35475594955648	7.026299409853186	1	2	Lost_psE	0.04625369471172697
Pol/histidinol_Pase-like	0.007631303306898106	Inf	Inf	1	1	Lost_psE	0.03574085217835012
PolB_thumb	0.030179798952418856	43.53938491870723	5.444249121591278	1	4	Lost_psE	0.06549016372674892
POMGNT1_PANDER-like	0.007631303306898106	Inf	Inf	1	1	Lost_psE	0.03574085217835012
Post-SET_dom	0.1085882648545324	9.340147275083957	3.2234452984743514	1	15	Lost_psE	0.1491370473002122
PQQ_repeat	0.022720768602030286	65.2569532164068	6.028059725863084	1	3	Lost_psE	0.05710895891861666
Pro_4_hyd_alph	0.12215206463749897	8.171587846583922	3.0306164401596702	1	17	Lost_psE	0.1622877430183915
Pro_4_hyd_alph_FE2OG_OXY	0.08785122616931887	11.886893797850895	3.5712998639745277	1	12	Lost_psE	0.12997988235506042
Pro_4_hyd_alph_N	0.022720768602030286	65.2569532164068	6.028059725863084	1	3	Lost_psE	0.05710895891861666
PROSER3	0.007631303306898106	Inf	Inf	1	1	Lost_psE	0.03574085217835012
Prot_inhib_I29	0.05221922301278174	21.802573574626443	4.44642653558718	1	7	Lost_psE	0.0946927971624538
Prot_kinase_dom	0.034589910652226656	2.22217960471704	1.15197542535122	8	490	Lost_psE	0.07431693674785332
Prot-tyrosine_phosphatase-like	0.18844119322383962	2.5701012124002696	1.3618251748871493	2	104	Lost_psE	0.22509214089673318
Proteasome_activ_PA28	0.022720768602030286	65.2569532164068	6.028059725863084	1	3	Lost_psE	0.05710895891861666
Proteasome_activ_PA28_N	0.022720768602030286	65.2569532164068	6.028059725863084	1	3	Lost_psE	0.05710895891861666
Proteasome_activ_sf	0.022720768602030286	65.2569532164068	6.028059725863084	1	3	Lost_psE	0.05710895891861666
Proteasome_alpha	0.06663500451719968	16.34442378257498	4.030726611137534	1	9	Lost_psE	0.10872027052806264
Proteasome_alpha-type	0.06663500451719968	16.34442378257498	4.030726611137534	1	9	Lost_psE	0.10872027052806264
Proteasome_asu_N	0.05945455176635146	18.68821915512623	4.22405719267683	1	8	Lost_psE	0.10053224207764884
Proteasome_bsu_CS	0.08785122616931887	11.886893797850895	3.5712998639745277	1	12	Lost_psE	0.12997988235506042
Proteasome_sua/b	0.14211424215782958	6.879911737293328	2.782390056644523	1	20	Lost_psE	0.18158321179706685
Protein_kinase_ATP_BS	0.02786007147413381	2.488945641925637	1.3155347224922427	7	383	Lost_psE	0.06549016372674892
PRR29-like	0.015204747570368006	130.35475594955648	7.026299409853186	1	2	Lost_psE	0.04625369471172697
PS_Dcarbxylase	0.007631303306898106	Inf	Inf	1	1	Lost_psE	0.03574085217835012
PSD_type1_euk	0.007631303306898106	Inf	Inf	1	1	Lost_psE	0.03574085217835012
PSD-B	0.007631303306898106	Inf	Inf	1	1	Lost_psE	0.03574085217835012
PSI	0.2808975101664139	3.1095803280423455	1.636719885980665	1	43	Lost_psE	0.31582777049798866
PSMD4	0.007631303306898106	Inf	Inf	1	1	Lost_psE	0.03574085217835012
PSMD4_RAZUL-like	0.007631303306898106	Inf	Inf	1	1	Lost_psE	0.03574085217835012
PTB	0.05945455176635146	18.68821915512623	4.22405719267683	1	8	Lost_psE	0.10053224207764884
PTB/PI_dom	0.26977191125504796	3.2653947565242767	1.707257411022566	1	41	Lost_psE	0.30437004198793105
Pur_nucleotidase	0.030179798952418856	43.53938491870723	5.444249121591278	1	4	Lost_psE	0.06549016372674892
PX_ARHGAP32	0.007631303306898106	Inf	Inf	1	1	Lost_psE	0.03574085217835012
PX_dom_sf	0.33404935659463736	2.5103127237706424	1.3278671000046627	1	53	Lost_psE	0.36487605896494785
PX-Rho_GAP	0.030179798952418856	43.53938491870723	5.444249121591278	1	4	Lost_psE	0.06549016372674892
Quinoprotein_ADH-like_sf	0.06607738866306422	4.957355558934887	2.3095707376696293	2	55	Lost_psE	0.10872027052806264
RA_dom	0.26977191125504796	3.2653947565242767	1.707257411022566	1	41	Lost_psE	0.30437004198793105
RAB3GAP_N	0.007631303306898106	Inf	Inf	1	1	Lost_psE	0.03574085217835012
Rab3GAP2	0.007631303306898106	Inf	Inf	1	1	Lost_psE	0.03574085217835012
RAB3GAP2_C	0.007631303306898106	Inf	Inf	1	1	Lost_psE	0.03574085217835012
RAI1	0.007631303306898106	Inf	Inf	1	1	Lost_psE	0.03574085217835012
RAI1-like_fam	0.007631303306898106	Inf	Inf	1	1	Lost_psE	0.03574085217835012
RBD_dom	0.05945455176635146	18.68821915512623	4.22405719267683	1	8	Lost_psE	0.10053224207764884
RBD_domain_sf	0.13676011422995288	2.0676382280707117	1.0479837812882173	4	259	Lost_psE	0.17699967070317957
RBM	0.008170311448707869	16.445957154018387	4.039661070295174	2	18	Lost_psE	0.037991948236491595
RBM1CTR	0.06663500451719968	16.34442378257498	4.030726611137534	1	9	Lost_psE	0.10872027052806264
RBM3/CIRBP_RRM	0.015204747570368006	130.35475594955648	7.026299409853186	1	2	Lost_psE	0.04625369471172697
RCC1/BLIP-II	0.16162538144850053	5.94167180750527	2.570868919080949	1	23	Lost_psE	0.2011818801586498
Reg_chr_condens	0.1551711539835525	6.224823306649579	2.6380328864597087	1	22	Lost_psE	0.19388948415219323
RelA_RHD_N	0.007631303306898106	Inf	Inf	1	1	Lost_psE	0.03574085217835012
RHD_CS	0.037582267935221535	32.6799025060318	5.0303317743845986	1	5	Lost_psE	0.07645642633071631
RHD_dimer	0.07376099475217311	14.531829002692799	3.8611443895341195	1	10	Lost_psE	0.11542886438380938
RHD_DNA_bind_dom	0.07376099475217311	14.531829002692799	3.8611443895341195	1	10	Lost_psE	0.11542886438380938
RHD_DNA_bind_dom_sf	0.07376099475217311	14.531829002692799	3.8611443895341195	1	10	Lost_psE	0.11542886438380938
Rho_GTPase_activation_prot	0.03529117585052722	4.352104086644773	2.121713061066772	3	94	Lost_psE	0.07557419565359612
Rho-assoc_Ser/Thr_Kinase	0.003041613643875573	29.243246751960452	4.870031591297975	2	11	Lost_psE	0.03574085217835012
Rho-GAP	0.030179798952418856	43.53938491870723	5.444249121591278	1	4	Lost_psE	0.06549016372674892
RhoGAP_ARAP	0.022720768602030286	65.2569532164068	6.028059725863084	1	3	Lost_psE	0.05710895891861666
RhoGAP_dom	0.016433557259519272	5.917632833194689	2.5650201855210017	3	70	Lost_psE	0.04975928267882347
Riboflavin_synthase-like_b-brl	0.14211424215782958	6.879911737293328	2.782390056644523	1	20	Lost_psE	0.18158321179706685
Ribosomal_eL24	0.015204747570368006	130.35475594955648	7.026299409853186	1	2	Lost_psE	0.04625369471172697
Ribosomal_eL24_CS	0.015204747570368006	130.35475594955648	7.026299409853186	1	2	Lost_psE	0.04625369471172697
Ribosomal_eL24-rel_N	0.015204747570368006	130.35475594955648	7.026299409853186	1	2	Lost_psE	0.04625369471172697
Ribosomal_Su5_D2-typ_SF	0.22946856090628273	3.959362149414783	1.9852680318210805	1	34	Lost_psE	0.2662816990195901
RMD5B_dRING	0.007631303306898106	Inf	Inf	1	1	Lost_psE	0.03574085217835012
RNA_helicase_DEAD_Q_motif	0.02767102044585292	8.219078143094473	3.0389765894096707	2	34	Lost_psE	0.06549016372674892
RNA-helicase_DEAD-box_CS	0.0179231527758458	10.521313958380382	3.395242982299463	2	27	Lost_psE	0.05376945832753739
RNase_P_p30	0.007631303306898106	Inf	Inf	1	1	Lost_psE	0.03574085217835012
RRM_dom	0.09856547971683854	2.346821029388788	1.2307078248784293	4	229	Lost_psE	0.141960458618721
RRM_dom_euk	7.840734842425985e-4	18.913179221143373	4.24131998916702	3	24	Lost_psE	0.03574085217835012
rRNA_Ade_Mease_Trfase_CS	1.7270550704344477e-4	262.48942447857513	8.036115488516675	2	3	Lost_psE	0.014053910635660319
rRNA_Ade_methylase_Trfase_N	0.022720768602030286	65.2569532164068	6.028059725863084	1	3	Lost_psE	0.05710895891861666
rRNA_adenine_dimethylase	0.015204747570368006	130.35475594955648	7.026299409853186	1	2	Lost_psE	0.04625369471172697
RRP4_S1	0.007631303306898106	Inf	Inf	1	1	Lost_psE	0.03574085217835012
RTK	0.26977191125504796	3.2653947565242767	1.707257411022566	1	41	Lost_psE	0.30437004198793105
Run_dom	0.1355108049716418	7.264109313093302	2.860785913018558	1	19	Lost_psE	0.17573213951501757
Run_dom_sf	0.1355108049716418	7.264109313093302	2.860785913018558	1	19	Lost_psE	0.17573213951501757
RUN_RUSC1	0.007631303306898106	Inf	Inf	1	1	Lost_psE	0.03574085217835012
RUSC1_2	0.022720768602030286	65.2569532164068	6.028059725863084	1	3	Lost_psE	0.05710895891861666
RuvB-like	0.015204747570368006	130.35475594955648	7.026299409853186	1	2	Lost_psE	0.04625369471172697
RuvB-like_C	0.015204747570368006	130.35475594955648	7.026299409853186	1	2	Lost_psE	0.04625369471172697
RuvBL1/2_DNA/RNA_bd_dom	0.015204747570368006	130.35475594955648	7.026299409853186	1	2	Lost_psE	0.04625369471172697
S53_propep	0.007631303306898106	Inf	Inf	1	1	Lost_psE	0.03574085217835012
SAM	0.5178366063915887	1.3858644698646942	0.4707861765122021	1	95	Lost_psE	0.5428528675699263
SAM-dependent_MTases_sf	0.2669452859073765	2.013754855216375	1.0098880673120514	2	132	Lost_psE	0.30275501938275623
SAM/pointed_sf	0.6202587402405579	1.0405960267828531	0.057410103920979914	1	126	Lost_psE	0.6389057593300683
SAMP	0.015204747570368006	130.35475594955648	7.026299409853186	1	2	Lost_psE	0.04625369471172697
SAP_dom	0.16803062046969203	5.683140593230728	2.5066884061595793	1	24	Lost_psE	0.20756723705079605
SAP_dom_sf	0.18695608706537464	5.027347502527637	2.329797415081816	1	27	Lost_psE	0.2237286997786009
Sc_DH/Rdtase_CS	0.2412041228922106	3.7328910879764954	1.9002934167233905	1	36	Lost_psE	0.27596464675365395
SDR_fam	0.06819176777226162	4.865637664308647	2.2826288892512	2	56	Lost_psE	0.11070533870259928
SDS22/Internalin_LRR	0.04492860165134166	26.128495720148138	4.707552162539805	1	6	Lost_psE	0.08627881910036407
Sds3	0.022720768602030286	65.2569532164068	6.028059725863084	1	3	Lost_psE	0.05710895891861666
Sec-1-like_dom1	0.05221922301278174	21.802573574626443	4.44642653558718	1	7	Lost_psE	0.0946927971624538
Sec-1-like_dom3a	0.05221922301278174	21.802573574626443	4.44642653558718	1	7	Lost_psE	0.0946927971624538
Sec1-like	0.05945455176635146	18.68821915512623	4.22405719267683	1	8	Lost_psE	0.10053224207764884
Sec1-like_dom2	0.05945455176635146	18.68821915512623	4.22405719267683	1	8	Lost_psE	0.10053224207764884
Sec1-like_sf	0.05945455176635146	18.68821915512623	4.22405719267683	1	8	Lost_psE	0.10053224207764884
SEC31-like	0.015204747570368006	130.35475594955648	7.026299409853186	1	2	Lost_psE	0.04625369471172697
Sec7_C_sf	0.1085882648545324	9.340147275083957	3.2234452984743514	1	15	Lost_psE	0.1491370473002122
Sec7_dom	0.12215206463749897	8.171587846583922	3.0306164401596702	1	17	Lost_psE	0.1622877430183915
Sec7_dom_sf	0.11539599149310956	8.716418609409217	3.1237354841106155	1	16	Lost_psE	0.15553372766462592
Sedolisin_dom	0.007631303306898106	Inf	Inf	1	1	Lost_psE	0.03574085217835012
SEFIR_dom	0.04492860165134166	26.128495720148138	4.707552162539805	1	6	Lost_psE	0.08627881910036407
Ser-Thr/Tyr_kinase_cat_dom	0.32887561546075406	1.720394361600478	0.7827393081317969	2	154	Lost_psE	0.3598714701113009
Ser/Thr_kinase_AS	0.09021261896132633	2.1627329826926256	1.1128555569667091	5	311	Lost_psE	0.1331710089429103
Ser/Thr_Kinases-Pseudokinases	0.1288568736486045	7.690883198819067	2.9431492826333483	1	18	Lost_psE	0.1691246466637934
Serine_protease_kringle	0.04492860165134166	26.128495720148138	4.707552162539805	1	6	Lost_psE	0.08627881910036407
Serine_Proteases_S1	0.07376099475217311	14.531829002692799	3.8611443895341195	1	10	Lost_psE	0.11542886438380938
SET_dom	0.32891478451032874	2.5597835537906612	1.356021826211796	1	52	Lost_psE	0.3598714701113009
SET_dom_sf	0.32891478451032874	2.5597835537906612	1.356021826211796	1	52	Lost_psE	0.3598714701113009
SH2	0.0520962454137445	3.6985464183863055	1.8869583823573028	3	110	Lost_psE	0.0946927971624538
SH2_dom_sf	0.05680378256739424	3.564044920171751	1.8335155202775175	3	114	Lost_psE	0.10053224207764884
SH3_domain	0.0927567919362434	2.4006673680012756	1.263435520278218	4	224	Lost_psE	0.1366169039603947
SH3-like_dom_sf	0.08381791681528256	2.4924086701591084	1.3175406406224341	4	216	Lost_psE	0.1277879715380537
Signaling_Regulatory_Domain	0.06663500451719968	16.34442378257498	4.030726611137534	1	9	Lost_psE	0.10872027052806264
SKICH	0.037582267935221535	32.6799025060318	5.0303317743845986	1	5	Lost_psE	0.07645642633071631
SKP1/BTB/POZ_sf	1	0.685996424973775	-0.543727036982052	1	190	Lost_psE	1
SLC12_C	0.05945455176635146	18.68821915512623	4.22405719267683	1	8	Lost_psE	0.10053224207764884
SLC12A_fam	0.06663500451719968	16.34442378257498	4.030726611137534	1	9	Lost_psE	0.10872027052806264
Small_GTPase_ARF/SAR	0.22353333912803466	4.083247035983132	2.02971685309002	1	33	Lost_psE	0.26032236810796167
SMP_LBD	0.037582267935221535	32.6799025060318	5.0303317743845986	1	5	Lost_psE	0.07645642633071631
SND2/TMEM208	0.007631303306898106	Inf	Inf	1	1	Lost_psE	0.03574085217835012
SOS1_NGEF_PH	0.1993348215340916	4.66736819662383	2.2226092822775017	1	29	Lost_psE	0.2359399433067157
Spectrin_repeat	0.17438724044812579	5.446922053378614	2.445441222050995	1	25	Lost_psE	0.21219830566678483
Spectrin_SYNE1	0.015204747570368006	130.35475594955648	7.026299409853186	1	2	Lost_psE	0.04625369471172697
Spectrin/alpha-actinin	0.21152630079305274	4.355933612323624	2.1229819664741636	1	31	Lost_psE	0.24766838456164988
Splicing_assoc_domain	0.015204747570368006	130.35475594955648	7.026299409853186	1	2	Lost_psE	0.04625369471172697
SPRY_dom	0.5141111746563054	1.4008340085237818	0.4862860141075752	1	94	Lost_psE	0.5398167333891207
SPRY_hnRNP_U	0.022720768602030286	65.2569532164068	6.028059725863084	1	3	Lost_psE	0.05710895891861666
STAT	0.0011848734827007955	52.516615796810704	5.714702045953144	2	7	Lost_psE	0.03574085217835012
STAT_linker	0.0011848734827007955	52.516615796810704	5.714702045953144	2	7	Lost_psE	0.03574085217835012
STAT_N_sf	0.0011848734827007955	52.516615796810704	5.714702045953144	2	7	Lost_psE	0.03574085217835012
STAT_TF_alpha	0.0011848734827007955	52.516615796810704	5.714702045953144	2	7	Lost_psE	0.03574085217835012
STAT_TF_coiled-coil	0.0011848734827007955	52.516615796810704	5.714702045953144	2	7	Lost_psE	0.03574085217835012
STAT_TF_DNA-bd	0.0011848734827007955	52.516615796810704	5.714702045953144	2	7	Lost_psE	0.03574085217835012
STAT_TF_DNA-bd_N	0.0011848734827007955	52.516615796810704	5.714702045953144	2	7	Lost_psE	0.03574085217835012
STAT_TF_prot_interaction	0.0011848734827007955	52.516615796810704	5.714702045953144	2	7	Lost_psE	0.03574085217835012
STAT1_C_sf	0.007631303306898106	Inf	Inf	1	1	Lost_psE	0.03574085217835012
STAT1_SH2	0.007631303306898106	Inf	Inf	1	1	Lost_psE	0.03574085217835012
STAT1_TAZ2-bd_C	0.007631303306898106	Inf	Inf	1	1	Lost_psE	0.03574085217835012
STAT2_C	0.007631303306898106	Inf	Inf	1	1	Lost_psE	0.03574085217835012
STAT2_SH2	0.007631303306898106	Inf	Inf	1	1	Lost_psE	0.03574085217835012
STE20_Ser-Thr_kinase	0.030179798952418856	43.53938491870723	5.444249121591278	1	4	Lost_psE	0.06549016372674892
Symplekin_C	0.007631303306898106	Inf	Inf	1	1	Lost_psE	0.03574085217835012
Symplekin/Pta1	0.007631303306898106	Inf	Inf	1	1	Lost_psE	0.03574085217835012
Symplekin/Pta1_N	0.007631303306898106	Inf	Inf	1	1	Lost_psE	0.03574085217835012
Synaptotagmin_SMP	0.022720768602030286	65.2569532164068	6.028059725863084	1	3	Lost_psE	0.05710895891861666
SYNE1/2_dom	0.015204747570368006	130.35475594955648	7.026299409853186	1	2	Lost_psE	0.04625369471172697
TBK1_CCD1	0.015204747570368006	130.35475594955648	7.026299409853186	1	2	Lost_psE	0.04625369471172697
TBK1_ULD	0.015204747570368006	130.35475594955648	7.026299409853186	1	2	Lost_psE	0.04625369471172697
TdT/Mu	0.015204747570368006	130.35475594955648	7.026299409853186	1	2	Lost_psE	0.04625369471172697
Tensin_C2-dom	0.05945455176635146	18.68821915512623	4.22405719267683	1	8	Lost_psE	0.10053224207764884
Tensin_phosphatase	0.05945455176635146	18.68821915512623	4.22405719267683	1	8	Lost_psE	0.10053224207764884
Tensin_PTB	0.030179798952418856	43.53938491870723	5.444249121591278	1	4	Lost_psE	0.06549016372674892
Tensin_PTEN_phosphatase	0.030179798952418856	43.53938491870723	5.444249121591278	1	4	Lost_psE	0.06549016372674892
Tensin-like_SH2	0.022720768602030286	65.2569532164068	6.028059725863084	1	3	Lost_psE	0.05710895891861666
TFR-like_dimer_dom	0.030179798952418856	43.53938491870723	5.444249121591278	1	4	Lost_psE	0.06549016372674892
TFR-like_dimer_dom_sf	0.04492860165134166	26.128495720148138	4.707552162539805	1	6	Lost_psE	0.08627881910036407
TfR1/2_PA	0.015204747570368006	130.35475594955648	7.026299409853186	1	2	Lost_psE	0.04625369471172697
Thioredoxin-like_sf	0.25563725127065845	2.0781003862647176	1.0552653478264222	2	128	Lost_psE	0.2914533285064775
TIP49_P-loop	0.015204747570368006	130.35475594955648	7.026299409853186	1	2	Lost_psE	0.04625369471172697
TNF_rcpt-assoc_TRAF_met	8.505993546210903e-4	65.70320311549533	6.037891800384677	2	6	Lost_psE	0.03574085217835012
TPR_rpt	0.08751756970837352	2.949213657078625	1.560330342861552	3	137	Lost_psE	0.12997988235506042
TPR-like_helical_dom_sf	0.09506007806445094	2.378848562509152	1.2502634327251907	4	226	Lost_psE	0.13752024626657236
TRADD-like_N	0.015204747570368006	130.35475594955648	7.026299409853186	1	2	Lost_psE	0.04625369471172697
TRAF-like	0.005691678386428104	20.24221049740423	4.3392949392431746	2	15	Lost_psE	0.03574085217835012
TRAF1-6_MATH_dom	8.505993546210903e-4	65.70320311549533	6.037891800384677	2	6	Lost_psE	0.03574085217835012
TRAF3/5_RING	0.015204747570368006	130.35475594955648	7.026299409853186	1	2	Lost_psE	0.04625369471172697
TRAF4_MATH	0.007631303306898106	Inf	Inf	1	1	Lost_psE	0.03574085217835012
TRAF5_C3HC3D_RING-HC_finger	0.007631303306898106	Inf	Inf	1	1	Lost_psE	0.03574085217835012
Transmembrane_161A/B	0.015204747570368006	130.35475594955648	7.026299409853186	1	2	Lost_psE	0.04625369471172697
TRASH_dom	0.05945455176635146	18.68821915512623	4.22405719267683	1	8	Lost_psE	0.10053224207764884
Tripeptidyl-peptidase_I	0.007631303306898106	Inf	Inf	1	1	Lost_psE	0.03574085217835012
Trypsin_dom	0.5992075573167156	1.102692070908891	0.14102997153176153	1	119	Lost_psE	0.6201655322944069
TTC3/DZIP3-like_helical	0.022720768602030286	65.2569532164068	6.028059725863084	1	3	Lost_psE	0.05710895891861666
TTC3/DZIP3/RBM44-like_helical	0.030179798952418856	43.53938491870723	5.444249121591278	1	4	Lost_psE	0.06549016372674892
Tubulin/FtsZ_GTPase_sf	0.18069560801761425	5.228891707942622	2.386505191808019	1	26	Lost_psE	0.2182427473459497
Tyr_kinase_AS	0.5215336595750151	1.3712331726760492	0.45547391645652835	1	96	Lost_psE	0.545849537593786
Tyr_kinase_cat_dom	0.4752476101123267	1.5703955013532012	0.6511279450940501	1	84	Lost_psE	0.5006249096814315
U2AF_small	0.022720768602030286	65.2569532164068	6.028059725863084	1	3	Lost_psE	0.05710895891861666
Ubiquitin-like_domsf	0.17562788584686856	2.1192502832513154	1.0835539799152514	3	189	Lost_psE	0.21330924195207357
UHMK1	0.007631303306898106	Inf	Inf	1	1	Lost_psE	0.03574085217835012
UHMK1_RRM	0.007631303306898106	Inf	Inf	1	1	Lost_psE	0.03574085217835012
UIM_dom	0.011047767596091971	13.85365526942909	3.79219477465079	2	21	Lost_psE	0.04625369471172697
USH2_Complex_Protein	0.022720768602030286	65.2569532164068	6.028059725863084	1	3	Lost_psE	0.05710895891861666
Villin/Gelsolin	0.05945455176635146	18.68821915512623	4.22405719267683	1	8	Lost_psE	0.10053224207764884
Volt_channel_dom_sf	0.3927025780556425	2.0385491780239025	1.0275427608663972	1	65	Lost_psE	0.419785514473273
VPS11	0.007631303306898106	Inf	Inf	1	1	Lost_psE	0.03574085217835012
VPS11_C	0.007631303306898106	Inf	Inf	1	1	Lost_psE	0.03574085217835012
Vps51	0.007631303306898106	Inf	Inf	1	1	Lost_psE	0.03574085217835012
VWF_A	0.44194585134646497	1.7386171144088107	0.7979402512392759	1	76	Lost_psE	0.4670564110820596
vWFA_dom_sf	0.1693202777195456	2.7604038662313863	1.4648793587367168	2	97	Lost_psE	0.20876420605193974
WD40_repeat_CS	0.3008278485152278	1.8425324026360304	0.8816899906697423	2	144	Lost_psE	0.33591583084633503
WD40_repeat_dom_sf	0.5111005782192406	1.2846352690835776	0.3613588106444724	3	308	Lost_psE	0.537522579031867
WD40_rpt	0.9999999999999998	0.9663966502412802	-0.049312640936983114	2	271	Lost_psE	1
WD40/YVTN_repeat-like_dom_sf	0.34662748125354936	1.5123348511638302	0.5967776069058515	4	351	Lost_psE	0.3767186816294836
WW_dom	0.32891478451032874	2.5597835537906612	1.356021826211796	1	52	Lost_psE	0.3598714701113009
WW_dom_sf	0.3079802172166759	2.778126374930996	1.4741122279511865	1	48	Lost_psE	0.34214184540623893
Yif1_fam	0.015204747570368006	130.35475594955648	7.026299409853186	1	2	Lost_psE	0.04625369471172697
ZF_RING_GID	0.022720768602030286	65.2569532164068	6.028059725863084	1	3	Lost_psE	0.05710895891861666
Zinc_finger_PHD-type_CS	0.10232378457321907	3.8054651055373956	1.9280727912965832	2	71	Lost_psE	0.1444962771305111
Znf_C2H2_sf	0.03262591069776925	0.16319115892352537	-2.6153651951924632	1	772	Lost_psE	0.07056301616029163
Znf_C2H2_type	0.034142386147052305	0.1568321813944947	-2.6727064692703486	1	802	Lost_psE	0.07359832245606308
Znf_C3HC4_RING-type	0.04625825735702983	6.113604877523172	2.612023313811674	2	45	Lost_psE	0.08857095746890124
Znf_CCCH	0.3640473868194774	2.250080947105575	1.1699769036143721	1	59	Lost_psE	0.3936791508629232
Znf_CCHC	0.18695608706537464	5.027347502527637	2.329797415081816	1	27	Lost_psE	0.2237286997786009
Znf_CCHC_sf	0.17438724044812579	5.446922053378614	2.445441222050995	1	25	Lost_psE	0.21219830566678483
Znf_FYVE_PHD	0.28672766804280364	1.9102055715285264	0.9337279058347114	2	139	Lost_psE	0.3218270894756296
Znf_LIM	0.4332974833543791	1.7863889406404818	0.83704622471653	1	74	Lost_psE	0.4586612384775623
Znf_MIZ	0.05221922301278174	21.802573574626443	4.44642653558718	1	7	Lost_psE	0.0946927971624538
Znf_PHD	0.14792355931632953	3.0153942338138897	1.5923466329667304	2	89	Lost_psE	0.18756314998397577
Znf_PHD-finger	0.45885116673990056	1.6502510054969421	0.7226854771040996	1	80	Lost_psE	0.4841363201745142
Znf_RING	0.029384954733509074	2.6839744397867444	1.4243709324291192	6	304	Lost_psE	0.06549016372674892
Znf_RING_CS	0.37851645896180214	1.536818826621752	0.6199470977935053	2	172	Lost_psE	0.4079705542783662
Znf_RING/FYVE/PHD	0.09649325796806096	1.9989924345403196	0.9992730120165991	7	473	Lost_psE	0.13928405972773322
Znf_TRAF	0.004270592903204717	23.91463622166225	4.5798219407716685	2	13	Lost_psE	0.03574085217835012
Znf-RING_euk	0.31327390387063575	2.720075540407191	1.443646717746768	1	49	Lost_psE	0.34683896499963246
6-hairpin_glycosidase_sf	0.10854776747252792	9.651308333755296	3.2707245277359536	1	10	Preserved_psI	0.15671365786226701
6hp_glycosidase-like_sf	0.019546609052725858	10.257882166473742	3.3586609989989533	2	19	Preserved_psI	0.05844496086224485
A/AMP_deam_AS	0.04491453590822862	28.93080613021652	4.854534618080992	1	4	Preserved_psI	0.08437919089035419
A/G_cyclase	0.1868727746422868	5.108833515822515	2.3529939226605454	1	18	Preserved_psI	0.2360221541895549
A/G_cyclase_CS	0.1774698490953033	5.428285071598463	2.440496487260462	1	17	Preserved_psI	0.2273436868581774
aa-tRNA-synth_I_CS	0.15833799448959712	6.203275667807527	2.6330302383615307	1	15	Preserved_psI	0.206968732244044
AAA_lid_3	0.2583433723971666	3.4723802347196915	1.7959249353137428	1	26	Preserved_psI	0.3048519690048037
AAA+_ATPase	0.21542756454769169	1.9070718962025706	0.9313592339703812	3	140	Preserved_psI	0.2632026570936424
AB_hydrolase_fold	0.39509104505737397	1.4836444296180575	0.5691453769370307	2	119	Preserved_psI	0.43747442473677167
ABC_transporter-like_ATP-bd	0.11149927015130975	3.6290935538709297	1.8596092483206776	2	50	Preserved_psI	0.16071644397411902
ABC_transporter-like_CS	0.09343757407463492	4.051656739459436	2.0185119527035136	2	45	Preserved_psI	0.14149568552954833
ABC1_dom	0.05582571432065141	21.702356245116384	4.439779780810707	1	5	Preserved_psI	0.09810467996075335
ABC1_TM_dom	0.27521120908974794	3.2148483029363946	1.6847506635984073	1	28	Preserved_psI	0.32096060488648526
ABC1_TM_sf	0.27521120908974794	3.2148483029363946	1.6847506635984073	1	28	Preserved_psI	0.32096060488648526
ABC2_TM	0.1774698490953033	5.428285071598463	2.440496487260462	1	17	Preserved_psI	0.2273436868581774
ABCA	0.12880637871270312	7.895993532343783	2.981120808074532	1	12	Preserved_psI	0.1763233659817186
ABCB6_N	0.0114220160606514	Inf	Inf	1	1	Preserved_psI	0.039910390748890884
AC_N	0.0878201701176444	12.4078479249894	3.633181004297268	1	8	Preserved_psI	0.1332137039960214
ACD	0.0114220160606514	Inf	Inf	1	1	Preserved_psI	0.039910390748890884
Acid_Pase_AS	0.0666127783508136	17.369896032823732	4.118517213738287	1	6	Preserved_psI	0.11036582095762106
Adaptor_Cbl_N_dom_sf	0.04491453590822862	28.93080613021652	4.854534618080992	1	4	Preserved_psI	0.08437919089035419
Adaptor_Complx_Large_Subunit	0.05582571432065141	21.702356245116384	4.439779780810707	1	5	Preserved_psI	0.09810467996075335
ADCK3_dom	0.022714132896351283	86.52854909889304	6.435104306803811	1	2	Preserved_psI	0.05844496086224485
Adcy	0.0878201701176444	12.4078479249894	3.633181004297268	1	8	Preserved_psI	0.1332137039960214
Adcy_conserved_dom	0.0666127783508136	17.369896032823732	4.118517213738287	1	6	Preserved_psI	0.11036582095762106
ADF-H/Gelsolin-like_dom_sf	0.249763459908101	3.617597241173562	1.8550317969846044	1	25	Preserved_psI	0.29667670237761207
Adhesion_Centrosome_assoc	0.0114220160606514	Inf	Inf	1	1	Preserved_psI	0.039910390748890884
Afadin/alpha-actinin-bd	0.0114220160606514	Inf	Inf	1	1	Preserved_psI	0.039910390748890884
AGC-kinase_C	0.13811943735423346	3.165817451919303	1.6625780688662513	2	57	Preserved_psI	0.185984010259231
AKAP95	0.03387782140668871	43.39886975065768	5.439585565521308	1	3	Preserved_psI	0.07384049423108366
Akt1	0.0114220160606514	Inf	Inf	1	1	Preserved_psI	0.039910390748890884
Aladin	0.0114220160606514	Inf	Inf	1	1	Preserved_psI	0.039910390748890884
Aldolase_TIM	0.4242392129796139	1.8451694540294843	0.8837533145306506	1	48	Preserved_psI	0.4651609441461457
ALK/LTK-like_GRD	0.022714132896351283	86.52854909889304	6.435104306803811	1	2	Preserved_psI	0.05844496086224485
Amino_oxidase	0.10854776747252792	9.651308333755296	3.2707245277359536	1	10	Preserved_psI	0.15671365786226701
Aminopeptidase_N-like_N	0.1187350303723129	8.685525021636147	3.1186130594385304	1	11	Preserved_psI	0.1660810860970981
Aminopeptidase_N-like_N_sf	0.13876312569452648	7.238985498606098	2.855787526219561	1	13	Preserved_psI	0.185984010259231
AMPD	0.03387782140668871	43.39886975065768	5.439585565521308	1	3	Preserved_psI	0.07384049423108366
ANKRD13	0.04491453590822862	28.93080613021652	4.854534618080992	1	4	Preserved_psI	0.08437919089035419
ANKRD13_C	0.04491453590822862	28.93080613021652	4.854534618080992	1	4	Preserved_psI	0.08437919089035419
Ankyrin_rpt	0.7633922452212842	1.0562560379794725	0.0789595884368521	3	249	Preserved_psI	0.7870565283682126
Ankyrin_rpt-contain_sf	0.7684198866441645	1.0307720865937187	0.04372537452003023	3	255	Preserved_psI	0.7913314887688758
AP1_complex_gsu	0.022714132896351283	86.52854909889304	6.435104306803811	1	2	Preserved_psI	0.05844496086224485
Arg_MeTrfase	0.09824326183178346	10.856066223856262	3.4404295214695164	1	9	Preserved_psI	0.1448644484810206
Arg_MeTrfase_PRMT5	0.0114220160606514	Inf	Inf	1	1	Preserved_psI	0.039910390748890884
ARM-like	0.02025356214472441	2.6619347715290753	1.4124752196553276	7	239	Preserved_psI	0.05844496086224485
ARM-type_fold	0.06714691046097938	2.043285986607274	1.0308911436623	8	353	Preserved_psI	0.11104590348795486
ARMC9_CTLH-like_dom	0.022714132896351283	86.52854909889304	6.435104306803811	1	2	Preserved_psI	0.05844496086224485
ASB_dom_sf	0.0114220160606514	Inf	Inf	1	1	Preserved_psI	0.039910390748890884
ASH	0.0114220160606514	Inf	Inf	1	1	Preserved_psI	0.039910390748890884
ASPM	0.022714132896351283	86.52854909889304	6.435104306803811	1	2	Preserved_psI	0.05844496086224485
ATG16	0.022714132896351283	86.52854909889304	6.435104306803811	1	2	Preserved_psI	0.05844496086224485
ATP-dep_DNA_Helicase	0.0114220160606514	Inf	Inf	1	1	Preserved_psI	0.039910390748890884
ATP-dep_Helicase_C	0.04491453590822862	28.93080613021652	4.854534618080992	1	4	Preserved_psI	0.08437919089035419
ATP-dep_Zn_Metalloprotease	0.022714132896351283	86.52854909889304	6.435104306803811	1	2	Preserved_psI	0.05844496086224485
ATP-NAD_kinase_N	0.1774698490953033	5.428285071598463	2.440496487260462	1	17	Preserved_psI	0.2273436868581774
ATPase_AAA_core	0.4501602391650596	1.7000548614761601	0.7655813034820964	1	52	Preserved_psI	0.4905872509347373
ATPase_NBD	0.5374294291706758	1.3127098099958585	0.39254802670233696	1	67	Preserved_psI	0.5697894066059822
ATPase_P-typ_cyto_dom_N	0.3389477737657152	2.4791417075994238	1.3098407381482817	1	36	Preserved_psI	0.38528493777419276
ATPase_P-typ_P_site	0.3389477737657152	2.4791417075994238	1.3098407381482817	1	36	Preserved_psI	0.38528493777419276
ATPase_P-typ_TM_dom_sf	0.35398985698654	2.34486189767704	1.2295029566837086	1	38	Preserved_psI	0.4002080999074089
ATPase_P-typ_transduc_dom_A_sf	0.3389477737657152	2.4791417075994238	1.3098407381482817	1	36	Preserved_psI	0.38528493777419276
ATPase_proteolipid_c-like_dom	0.05582571432065141	21.702356245116384	4.439779780810707	1	5	Preserved_psI	0.09810467996075335
ATPase_proteolipid_csu	0.022714132896351283	86.52854909889304	6.435104306803811	1	2	Preserved_psI	0.05844496086224485
ATXN2-like	0.022714132896351283	86.52854909889304	6.435104306803811	1	2	Preserved_psI	0.05844496086224485
Atypical_kinase_ADCK	0.022714132896351283	86.52854909889304	6.435104306803811	1	2	Preserved_psI	0.05844496086224485
Autophagy-rel_prot_16_dom	0.022714132896351283	86.52854909889304	6.435104306803811	1	2	Preserved_psI	0.05844496086224485
BAH_dom	0.1187350303723129	8.685525021636147	3.1186130594385304	1	11	Preserved_psI	0.1660810860970981
BAH_sf	0.12880637871270312	7.895993532343783	2.981120808074532	1	12	Preserved_psI	0.1763233659817186
Band_41_domain	0.4564568489180824	1.667276159146955	0.7374930847888759	1	53	Preserved_psI	0.49504619604883815
Band_7	0.1187350303723129	8.685525021636147	3.1186130594385304	1	11	Preserved_psI	0.1660810860970981
Band_7/SPFH_dom_sf	0.12880637871270312	7.895993532343783	2.981120808074532	1	12	Preserved_psI	0.1763233659817186
Bardet-Biedl_syndrome_2_prot	0.0114220160606514	Inf	Inf	1	1	Preserved_psI	0.039910390748890884
BBS1	1.2989922495154242e-4	Inf	Inf	2	2	Preserved_psI	0.014581188000810636
BBS1_N	1.2989922495154242e-4	Inf	Inf	2	2	Preserved_psI	0.014581188000810636
BBS2_CtH_dom	0.0114220160606514	Inf	Inf	1	1	Preserved_psI	0.039910390748890884
BBS2_GAE_dom	0.0114220160606514	Inf	Inf	1	1	Preserved_psI	0.039910390748890884
BBS2_hp_dom	0.0114220160606514	Inf	Inf	1	1	Preserved_psI	0.039910390748890884
BBS2_Mid	0.0114220160606514	Inf	Inf	1	1	Preserved_psI	0.039910390748890884
BBS2_N	0.0114220160606514	Inf	Inf	1	1	Preserved_psI	0.039910390748890884
BBS2_pf_dom	0.0114220160606514	Inf	Inf	1	1	Preserved_psI	0.039910390748890884
Beta-grasp_dom_sf	0.14860656970610325	6.680684384014732	2.739995903125803	1	14	Preserved_psI	0.19595991130114643
Beta-prop_EML_1st	0.07727713367475038	14.480118344678743	3.8560014883708726	1	7	Preserved_psI	0.12238953446195033
Beta-prop_EML-like_2nd	0.07727713367475038	14.480118344678743	3.8560014883708726	1	7	Preserved_psI	0.12238953446195033
Beta-prop_IFT140_1st	0.0114220160606514	Inf	Inf	1	1	Preserved_psI	0.039910390748890884
Beta-prop_IFT140_2nd	0.0114220160606514	Inf	Inf	1	1	Preserved_psI	0.039910390748890884
bHLH_dom	1	0.7581654076329273	-0.399415461875155	1	115	Preserved_psI	1
bMERB_dom	0.0878201701176444	12.4078479249894	3.633181004297268	1	8	Preserved_psI	0.1332137039960214
BRAT1	0.0114220160606514	Inf	Inf	1	1	Preserved_psI	0.039910390748890884
BRcat_RBR_HOIL1	0.0114220160606514	Inf	Inf	1	1	Preserved_psI	0.039910390748890884
BRCT_dom	0.24108472846331183	3.774775125768857	1.9163907014969574	1	24	Preserved_psI	0.2882744156591931
BRCT_dom_sf	0.249763459908101	3.617597241173562	1.8550317969846044	1	25	Preserved_psI	0.29667670237761207
Bromodomain	0.39012075782113204	2.0652638783121233	1.0463261262503114	1	43	Preserved_psI	0.43303886344051495
Bromodomain_CS	0.2583433723971666	3.4723802347196915	1.7959249353137428	1	26	Preserved_psI	0.3048519690048037
Bromodomain-like_sf	0.3971017808371756	2.017120199665984	1.0122970563332032	1	44	Preserved_psI	0.4380803429874493
BRPF1_PHD	0.0114220160606514	Inf	Inf	1	1	Preserved_psI	0.039910390748890884
BRPF1_PWWP	0.0114220160606514	Inf	Inf	1	1	Preserved_psI	0.039910390748890884
bZIP	0.474919155042301	1.5760863592201932	0.6563465872088111	1	56	Preserved_psI	0.5113637904412305
bZIP_sf	0.4688354963782324	1.6053579480119076	0.682895012142114	1	55	Preserved_psI	0.5054192986166299
C-type_lectin-like	1	1.0064261904202054	0.009241371345841904	1	87	Preserved_psI	1
C-type_lectin-like/link_sf	1	0.8736985446701826	-0.19479250752956498	1	100	Preserved_psI	1
C1_DGKalpha_rpt2	0.0114220160606514	Inf	Inf	1	1	Preserved_psI	0.039910390748890884
C1-like_sf	0.5156056784247767	1.397652492361762	0.4830056984330345	1	63	Preserved_psI	0.5518640038443975
C2_B9-type_dom	0.03387782140668871	43.39886975065768	5.439585565521308	1	3	Preserved_psI	0.07384049423108366
C2H2-ZF_domain	0.5683429151420627	1.2029583529123216	0.26658669647332384	1	73	Preserved_psI	0.5990280960065403
C2H2-ZF_domain-containing	0.24108472846331183	3.774775125768857	1.9163907014969574	1	24	Preserved_psI	0.2882744156591931
C5_DNA_meth_AS	0.03387782140668871	43.39886975065768	5.439585565521308	1	3	Preserved_psI	0.07384049423108366
C5_MeTfrase	0.04491453590822862	28.93080613021652	4.854534618080992	1	4	Preserved_psI	0.08437919089035419
C5_meth_CS	0.022714132896351283	86.52854909889304	6.435104306803811	1	2	Preserved_psI	0.05844496086224485
C5-Methyltransferase	0.0114220160606514	Inf	Inf	1	1	Preserved_psI	0.039910390748890884
Ca-binding_regulatory	0.04491453590822862	28.93080613021652	4.854534618080992	1	4	Preserved_psI	0.08437919089035419
CALCOCO1-like	0.022714132896351283	86.52854909889304	6.435104306803811	1	2	Preserved_psI	0.05844496086224485
CALCOCO1/2_Zn_UBZ1	0.05582571432065141	21.702356245116384	4.439779780810707	1	5	Preserved_psI	0.09810467996075335
CaM-bd_dom	0.04491453590822862	28.93080613021652	4.854534618080992	1	4	Preserved_psI	0.08437919089035419
CaM-bd_dom_sf	0.04491453590822862	28.93080613021652	4.854534618080992	1	4	Preserved_psI	0.08437919089035419
CAP-Gly_dom_sf	0.1187350303723129	8.685525021636147	3.1186130594385304	1	11	Preserved_psI	0.1660810860970981
CAP-Gly_domain	0.1187350303723129	8.685525021636147	3.1186130594385304	1	11	Preserved_psI	0.1660810860970981
CD80_C2-set	0.27521120908974794	3.2148483029363946	1.6847506635984073	1	28	Preserved_psI	0.32096060488648526
CDCA3	0.0114220160606514	Inf	Inf	1	1	Preserved_psI	0.039910390748890884
cDENN_dom	8.884691179997493e-4	18.759373974161118	4.229539778847103	3	17	Preserved_psI	0.039910390748890884
CDK	0.2583433723971666	3.4723802347196915	1.7959249353137428	1	26	Preserved_psI	0.3048519690048037
CENP-T	0.0114220160606514	Inf	Inf	1	1	Preserved_psI	0.039910390748890884
CENP-T_N	0.0114220160606514	Inf	Inf	1	1	Preserved_psI	0.039910390748890884
CENP-T/H4_C	0.15833799448959712	6.203275667807527	2.6330302383615307	1	15	Preserved_psI	0.206968732244044
CENP-X	0.0114220160606514	Inf	Inf	1	1	Preserved_psI	0.039910390748890884
Cent_Immune-Sig_Mod	0.05582571432065141	21.702356245116384	4.439779780810707	1	5	Preserved_psI	0.09810467996075335
Centrobin	0.0114220160606514	Inf	Inf	1	1	Preserved_psI	0.039910390748890884
CEP131	0.0114220160606514	Inf	Inf	1	1	Preserved_psI	0.039910390748890884
CH_dom	0.06564455375526418	3.3593657587922614	1.7481888809158488	3	81	Preserved_psI	0.11036582095762106
CH_dom_sf	0.0695555970963796	3.275051595096879	1.711517635017742	3	83	Preserved_psI	0.11481787903042072
Chordin	0.0114220160606514	Inf	Inf	1	1	Preserved_psI	0.039910390748890884
Chordin-like_regulators	0.0114220160606514	Inf	Inf	1	1	Preserved_psI	0.039910390748890884
CHRD	0.0114220160606514	Inf	Inf	1	1	Preserved_psI	0.039910390748890884
CLAMP	0.03387782140668871	43.39886975065768	5.439585565521308	1	3	Preserved_psI	0.07384049423108366
Clathrin_a/b/g-adaptin_app_Ig	0.09824326183178346	10.856066223856262	3.4404295214695164	1	9	Preserved_psI	0.1448644484810206
Clathrin_app_Ig-like_sf	0.13876312569452648	7.238985498606098	2.855787526219561	1	13	Preserved_psI	0.185984010259231
Clathrin/coatomer_adapt-like_N	0.14860656970610325	6.680684384014732	2.739995903125803	1	14	Preserved_psI	0.19595991130114643
CNH_dom	0.15833799448959712	6.203275667807527	2.6330302383615307	1	15	Preserved_psI	0.206968732244044
cNMP-bd_dom	0.0635009932210883	5.12684211188282	2.358070468651709	2	36	Preserved_psI	0.11036582095762106
cNMP-bd_dom_sf	0.07635052635748164	4.586292361338019	2.1973283250033995	2	40	Preserved_psI	0.12238953446195033
Collagen_mod_GT25	0.0666127783508136	17.369896032823732	4.118517213738287	1	6	Preserved_psI	0.11036582095762106
Complex_I_LYR	1.2989922495154242e-4	Inf	Inf	2	2	Preserved_psI	0.014581188000810636
Complex1_LYR_dom	0.005502711065082051	21.792381635381144	4.445751968523019	2	10	Preserved_psI	0.039910390748890884
Complex1_LYR_LYRM9	1.2989922495154242e-4	Inf	Inf	2	2	Preserved_psI	0.014581188000810636
ComplexI_51kDa_subunit	0.0114220160606514	Inf	Inf	1	1	Preserved_psI	0.039910390748890884
ConA-like_dom_sf	0.5269433818393736	0.37856303047768497	-1.4013945669697305	1	228	Preserved_psI	0.561989497496149
CR1/CR2-DNA-binding_regulator	0.03387782140668871	43.39886975065768	5.439585565521308	1	3	Preserved_psI	0.07384049423108366
CREB_ATF_subfamily	0.03387782140668871	43.39886975065768	5.439585565521308	1	3	Preserved_psI	0.07384049423108366
CTDL_fold	1	0.808049974762936	-0.3074835740475327	1	108	Preserved_psI	1
Cyclophilin-like_dom_sf	0.24108472846331183	3.774775125768857	1.9163907014969574	1	24	Preserved_psI	0.2882744156591931
Cyclophilin-type_PPIase_CS	0.21444422461375778	4.341425783734459	2.1181689213143042	1	21	Preserved_psI	0.2623581930560688
Cyclophilin-type_PPIase_dom	0.24108472846331183	3.774775125768857	1.9163907014969574	1	24	Preserved_psI	0.2882744156591931
Cys-rich_flank_reg_C	0.6153608443624031	1.055763782244697	0.07828708061900966	1	83	Preserved_psI	0.644800511362238
Cytosine_MeTrfase1_RFD	0.0114220160606514	Inf	Inf	1	1	Preserved_psI	0.039910390748890884
D-isomer_2_OHA_DH_cat_dom	0.04491453590822862	28.93080613021652	4.854534618080992	1	4	Preserved_psI	0.08437919089035419
D-isomer_DH_CS	0.04491453590822862	28.93080613021652	4.854534618080992	1	4	Preserved_psI	0.08437919089035419
D-isomer_DH_CS1	0.03387782140668871	43.39886975065768	5.439585565521308	1	3	Preserved_psI	0.07384049423108366
D-isomer_DH_NAD-bd	0.04491453590822862	28.93080613021652	4.854534618080992	1	4	Preserved_psI	0.08437919089035419
DAG_kinase_typeI_N	0.03387782140668871	43.39886975065768	5.439585565521308	1	3	Preserved_psI	0.07384049423108366
DALR_anticod-bd	0.03387782140668871	43.39886975065768	5.439585565521308	1	3	Preserved_psI	0.07384049423108366
DALRD3	0.0114220160606514	Inf	Inf	1	1	Preserved_psI	0.039910390748890884
DDA3/GTSE-1	0.022714132896351283	86.52854909889304	6.435104306803811	1	2	Preserved_psI	0.05844496086224485
dDENN_dom	7.378761405591206e-4	20.217481963440743	4.3375314192760195	3	16	Preserved_psI	0.039910390748890884
DEAD/DEAH_box_helicase_dom	0.5732913268577448	1.1864205174232294	0.24661545244057856	1	74	Preserved_psI	0.6035353007248004
Death_dom	0.3389477737657152	2.4791417075994238	1.3098407381482817	1	36	Preserved_psI	0.38528493777419276
DEATH-like_dom_sf	0.9999999999999999	0.8563114661274289	-0.22379245140767604	1	102	Preserved_psI	1
DEN5A/B	0.022714132896351283	86.52854909889304	6.435104306803811	1	2	Preserved_psI	0.05844496086224485
DENN_C	7.378761405591206e-4	20.217481963440743	4.3375314192760195	3	16	Preserved_psI	0.039910390748890884
DENN_Domain_GEFs	0.0018903941698405328	43.594255517297114	5.446066136249318	2	6	Preserved_psI	0.039910390748890884
Dermokine	0.0114220160606514	Inf	Inf	1	1	Preserved_psI	0.039910390748890884
DGK	0.10854776747252792	9.651308333755296	3.2707245277359536	1	10	Preserved_psI	0.15671365786226701
DGK_typeI_N_sf	0.03387782140668871	43.39886975065768	5.439585565521308	1	3	Preserved_psI	0.07384049423108366
Diacylglycerol_kin_accessory	0.10854776747252792	9.651308333755296	3.2707245277359536	1	10	Preserved_psI	0.15671365786226701
Diacylglycerol_kinase_cat_dom	0.15833799448959712	6.203275667807527	2.6330302383615307	1	15	Preserved_psI	0.206968732244044
DinG/Rad3-like	0.04491453590822862	28.93080613021652	4.854534618080992	1	4	Preserved_psI	0.08437919089035419
Diphthine_MTase	0.0114220160606514	Inf	Inf	1	1	Preserved_psI	0.039910390748890884
DMAP1-bd	0.0018903941698405328	43.594255517297114	5.446066136249318	2	6	Preserved_psI	0.039910390748890884
DNA_pol_B_thumb	0.0012698222585373015	58.14922089516087	5.8616879569518465	2	5	Preserved_psI	0.039910390748890884
DNA_pol_palm_dom_sf	0.04491453590822862	28.93080613021652	4.854534618080992	1	4	Preserved_psI	0.08437919089035419
DNA_pol_type-B	0.0114220160606514	Inf	Inf	1	1	Preserved_psI	0.039910390748890884
DNA_pol_Y-fam_lit_finger_sf	0.04491453590822862	28.93080613021652	4.854534618080992	1	4	Preserved_psI	0.08437919089035419
DNA_pol_Y-fam_little_finger	0.04491453590822862	28.93080613021652	4.854534618080992	1	4	Preserved_psI	0.08437919089035419
DNA-dir_DNA_pol_B	0.04491453590822862	28.93080613021652	4.854534618080992	1	4	Preserved_psI	0.08437919089035419
DNA-dir_DNA_pol_B_CS	0.03387782140668871	43.39886975065768	5.439585565521308	1	3	Preserved_psI	0.07384049423108366
DNA-dir_DNA_pol_B_exonuc	0.04491453590822862	28.93080613021652	4.854534618080992	1	4	Preserved_psI	0.08437919089035419
DNA-dir_DNA_pol_B_multi_dom	7.676779020691349e-4	86.89226669588437	6.441155879568543	2	4	Preserved_psI	0.039910390748890884
DNA/RNA_pol_sf	0.0010572156458558916	17.514668413801978	4.130491770307282	3	18	Preserved_psI	0.039910390748890884
DNA2/NAM7_AAA_11	0.1187350303723129	8.685525021636147	3.1186130594385304	1	11	Preserved_psI	0.1660810860970981
DNA2/NAM7-like_C	0.1187350303723129	8.685525021636147	3.1186130594385304	1	11	Preserved_psI	0.1660810860970981
DNMT1-like	0.0114220160606514	Inf	Inf	1	1	Preserved_psI	0.039910390748890884
DPAGT1_ins	0.0114220160606514	Inf	Inf	1	1	Preserved_psI	0.039910390748890884
DPH1/DPH2	0.022714132896351283	86.52854909889304	6.435104306803811	1	2	Preserved_psI	0.05844496086224485
DPH1/DPH2_1	0.022714132896351283	86.52854909889304	6.435104306803811	1	2	Preserved_psI	0.05844496086224485
DPH1/DPH2_2	0.0114220160606514	Inf	Inf	1	1	Preserved_psI	0.039910390748890884
DPH1/DPH2_3	0.022714132896351283	86.52854909889304	6.435104306803811	1	2	Preserved_psI	0.05844496086224485
DPH1/DPH2_euk_archaea	0.0114220160606514	Inf	Inf	1	1	Preserved_psI	0.039910390748890884
DPOD/Z_N	0.022714132896351283	86.52854909889304	6.435104306803811	1	2	Preserved_psI	0.05844496086224485
DRG	0.022714132896351283	86.52854909889304	6.435104306803811	1	2	Preserved_psI	0.05844496086224485
DSBA-like_thioredoxin_dom	0.0114220160606514	Inf	Inf	1	1	Preserved_psI	0.039910390748890884
Dynactin	0.0114220160606514	Inf	Inf	1	1	Preserved_psI	0.039910390748890884
Dynamin	0.07727713367475038	14.480118344678743	3.8560014883708726	1	7	Preserved_psI	0.12238953446195033
Dynamin_GTPase	0.07727713367475038	14.480118344678743	3.8560014883708726	1	7	Preserved_psI	0.12238953446195033
Dynamin_GTPase_CS	0.0666127783508136	17.369896032823732	4.118517213738287	1	6	Preserved_psI	0.11036582095762106
Dynamin_N	0.15833799448959712	6.203275667807527	2.6330302383615307	1	15	Preserved_psI	0.206968732244044
Dynamin_stalk	0.0666127783508136	17.369896032823732	4.118517213738287	1	6	Preserved_psI	0.11036582095762106
E3_ubiq-ligase_RNF220-like	0.0114220160606514	Inf	Inf	1	1	Preserved_psI	0.039910390748890884
EF_Hand_1_Ca_BS	1.0000000000000004	0.9559735650624579	-0.06495737007107726	2	183	Preserved_psI	1
EF_hand_dom	0.7502120323194654	1.1356135087628811	0.18347191594783782	3	232	Preserved_psI	0.7752478768962945
EF-hand-dom_pair	1	0.9575665853926622	-0.06255528505518619	3	274	Preserved_psI	1
Endo/exonu/phosph_ase_sf	0.2668255862373026	3.3386654183558906	1.7392715221328108	1	27	Preserved_psI	0.3132148711648337
Endonuclease-V	0.0114220160606514	Inf	Inf	1	1	Preserved_psI	0.039910390748890884
Endophilin_SH3RF	0.1868727746422868	5.108833515822515	2.3529939226605454	1	18	Preserved_psI	0.2360221541895549
Enhancer_polycomb-like_N	0.0878201701176444	12.4078479249894	3.633181004297268	1	8	Preserved_psI	0.1332137039960214
Enolase	0.04491453590822862	28.93080613021652	4.854534618080992	1	4	Preserved_psI	0.08437919089035419
Enolase_C	0.04491453590822862	28.93080613021652	4.854534618080992	1	4	Preserved_psI	0.08437919089035419
Enolase_CS	0.03387782140668871	43.39886975065768	5.439585565521308	1	3	Preserved_psI	0.07384049423108366
Enolase_N	0.04491453590822862	28.93080613021652	4.854534618080992	1	4	Preserved_psI	0.08437919089035419
Enolase-like_C_sf	0.05582571432065141	21.702356245116384	4.439779780810707	1	5	Preserved_psI	0.09810467996075335
Enolase-like_N	0.05582571432065141	21.702356245116384	4.439779780810707	1	5	Preserved_psI	0.09810467996075335
EPHD	0.2234262633876468	4.134492850955627	2.0477103750354027	1	22	Preserved_psI	0.2726043267963408
ERAP1-like_C_dom	0.0878201701176444	12.4078479249894	3.633181004297268	1	8	Preserved_psI	0.1332137039960214
ERCC3_RAD25_C	0.0114220160606514	Inf	Inf	1	1	Preserved_psI	0.039910390748890884
Erythropoietin_rcpt	0.0114220160606514	Inf	Inf	1	1	Preserved_psI	0.039910390748890884
ESCRT_assembly_dom	0.05582571432065141	21.702356245116384	4.439779780810707	1	5	Preserved_psI	0.09810467996075335
ESRP	0.09824326183178346	10.856066223856262	3.4404295214695164	1	9	Preserved_psI	0.1448644484810206
Ets_dom	0.29169705009982333	2.9928408466241088	1.5815155611978151	1	30	Preserved_psI	0.3384288772475986
ETS_fam	0.29169705009982333	2.9928408466241088	1.5815155611978151	1	30	Preserved_psI	0.3384288772475986
F-actin_Monoox_Mical	0.12880637871270312	7.895993532343783	2.981120808074532	1	12	Preserved_psI	0.1763233659817186
F-box_dom	0.5320670387322871	1.3329716590056402	0.4146461068734894	1	66	Preserved_psI	0.5647709229096854
F-box-like_dom_sf	0.5266427588978002	1.353866682642812	0.437085681483371	1	65	Preserved_psI	0.561989497496149
F/V-ATP_Csub_sf	0.05582571432065141	21.702356245116384	4.439779780810707	1	5	Preserved_psI	0.09810467996075335
FAD-bd	0.0666127783508136	17.369896032823732	4.118517213738287	1	6	Preserved_psI	0.11036582095762106
FAD/NAD-bd_sf	0.13423426985446738	3.2246084915590605	1.6891240096604108	2	56	Preserved_psI	0.18263996110501773
FAM65_N	0.03387782140668871	43.39886975065768	5.439585565521308	1	3	Preserved_psI	0.07384049423108366
FANCA	0.0114220160606514	Inf	Inf	1	1	Preserved_psI	0.039910390748890884
FANCA_arcN	0.0114220160606514	Inf	Inf	1	1	Preserved_psI	0.039910390748890884
FANCA_helical	0.0114220160606514	Inf	Inf	1	1	Preserved_psI	0.039910390748890884
Fancl	0.0114220160606514	Inf	Inf	1	1	Preserved_psI	0.039910390748890884
FANCL_C	0.0114220160606514	Inf	Inf	1	1	Preserved_psI	0.039910390748890884
FANCL_d2	0.0114220160606514	Inf	Inf	1	1	Preserved_psI	0.039910390748890884
FANCL_d3	0.0114220160606514	Inf	Inf	1	1	Preserved_psI	0.039910390748890884
FANCL_d3_sf	0.0114220160606514	Inf	Inf	1	1	Preserved_psI	0.039910390748890884
FancL_WD-rpt_cont_dom	0.0114220160606514	Inf	Inf	1	1	Preserved_psI	0.039910390748890884
Fanconi_A_C	0.0114220160606514	Inf	Inf	1	1	Preserved_psI	0.039910390748890884
Fanconi_A_N	0.0114220160606514	Inf	Inf	1	1	Preserved_psI	0.039910390748890884
FAST_2	0.0666127783508136	17.369896032823732	4.118517213738287	1	6	Preserved_psI	0.11036582095762106
FAST_kinase	0.0666127783508136	17.369896032823732	4.118517213738287	1	6	Preserved_psI	0.11036582095762106
FAST_Leu-rich	0.0666127783508136	17.369896032823732	4.118517213738287	1	6	Preserved_psI	0.11036582095762106
FBXL6_F-box	0.0114220160606514	Inf	Inf	1	1	Preserved_psI	0.039910390748890884
FERM_2	0.4501602391650596	1.7000548614761601	0.7655813034820964	1	52	Preserved_psI	0.4905872509347373
FERM_domain	0.4564568489180824	1.667276159146955	0.7374930847888759	1	53	Preserved_psI	0.49504619604883815
FERM_F1	0.04491453590822862	28.93080613021652	4.854534618080992	1	4	Preserved_psI	0.08437919089035419
FERM_F2	0.04491453590822862	28.93080613021652	4.854534618080992	1	4	Preserved_psI	0.08437919089035419
Ferritin	0.04491453590822862	28.93080613021652	4.854534618080992	1	4	Preserved_psI	0.08437919089035419
Ferritin_CS	0.04491453590822862	28.93080613021652	4.854534618080992	1	4	Preserved_psI	0.08437919089035419
Ferritin_DPS_dom	0.04491453590822862	28.93080613021652	4.854534618080992	1	4	Preserved_psI	0.08437919089035419
Ferritin-like	0.04491453590822862	28.93080613021652	4.854534618080992	1	4	Preserved_psI	0.08437919089035419
Ferritin-like_diiron	0.04491453590822862	28.93080613021652	4.854534618080992	1	4	Preserved_psI	0.08437919089035419
Ferritin-like_SF	0.0878201701176444	12.4078479249894	3.633181004297268	1	8	Preserved_psI	0.1332137039960214
FG-GAP	0.21444422461375778	4.341425783734459	2.1181689213143042	1	21	Preserved_psI	0.2623581930560688
FKBP-15_dom	0.0114220160606514	Inf	Inf	1	1	Preserved_psI	0.039910390748890884
Flavin_monoamine_oxidase	0.05582571432065141	21.702356245116384	4.439779780810707	1	5	Preserved_psI	0.09810467996075335
Flotillin_fam	0.022714132896351283	86.52854909889304	6.435104306803811	1	2	Preserved_psI	0.05844496086224485
FMP27/BLTP2/Hobbit_GFWDK_RBG	0.0114220160606514	Inf	Inf	1	1	Preserved_psI	0.039910390748890884
FN3_dom	0.7359470487691064	0.41354592470328516	-1.273880543815636	1	209	Preserved_psI	0.7631413969915214
FN3_sf	0.737514061865228	0.407603488133058	-1.2947616972336544	1	212	Preserved_psI	0.7638842301672143
FtsH	0.03387782140668871	43.39886975065768	5.439585565521308	1	3	Preserved_psI	0.07384049423108366
G_DYNAMIN_dom	0.14860656970610325	6.680684384014732	2.739995903125803	1	14	Preserved_psI	0.19595991130114643
G_OBG	0.0666127783508136	17.369896032823732	4.118517213738287	1	6	Preserved_psI	0.11036582095762106
G_patch_dom	0.025821410362088255	8.71936522760139	3.1242231101942433	2	22	Preserved_psI	0.06568732721007153
G-protein_beta_WD-40_rep	1	0.9405062159929503	-0.08849061604844159	1	93	Preserved_psI	1
GAE_BBS1	1.2989922495154242e-4	Inf	Inf	2	2	Preserved_psI	0.014581188000810636
GAE_dom	0.05582571432065141	21.702356245116384	4.439779780810707	1	5	Preserved_psI	0.09810467996075335
Gal_mutarotase_sf_dom	0.12880637871270312	7.895993532343783	2.981120808074532	1	12	Preserved_psI	0.1763233659817186
GAS8	0.0114220160606514	Inf	Inf	1	1	Preserved_psI	0.039910390748890884
GAS8_dom	0.0114220160606514	Inf	Inf	1	1	Preserved_psI	0.039910390748890884
GCP	0.05582571432065141	21.702356245116384	4.439779780810707	1	5	Preserved_psI	0.09810467996075335
GCP_C	0.05582571432065141	21.702356245116384	4.439779780810707	1	5	Preserved_psI	0.09810467996075335
GCP_C_sf	0.05582571432065141	21.702356245116384	4.439779780810707	1	5	Preserved_psI	0.09810467996075335
GCP_N	0.05582571432065141	21.702356245116384	4.439779780810707	1	5	Preserved_psI	0.09810467996075335
Gcp-like_dom	0.022714132896351283	86.52854909889304	6.435104306803811	1	2	Preserved_psI	0.05844496086224485
GCP6_N	0.0114220160606514	Inf	Inf	1	1	Preserved_psI	0.039910390748890884
GCS_T	1.2989922495154242e-4	Inf	Inf	2	2	Preserved_psI	0.014581188000810636
GCST_C	0.0012698222585373015	58.14922089516087	5.8616879569518465	2	5	Preserved_psI	0.039910390748890884
GCV_T_N	0.0012698222585373015	58.14922089516087	5.8616879569518465	2	5	Preserved_psI	0.039910390748890884
GcvT/YgfZ_C	0.0012698222585373015	58.14922089516087	5.8616879569518465	2	5	Preserved_psI	0.039910390748890884
GcvT/YgfZ/DmdA	0.0012698222585373015	58.14922089516087	5.8616879569518465	2	5	Preserved_psI	0.039910390748890884
GDP_fucose_pyrophosphorylase	0.022714132896351283	86.52854909889304	6.435104306803811	1	2	Preserved_psI	0.05844496086224485
GED	0.0666127783508136	17.369896032823732	4.118517213738287	1	6	Preserved_psI	0.11036582095762106
GED_dom	0.0666127783508136	17.369896032823732	4.118517213738287	1	6	Preserved_psI	0.11036582095762106
Gelsolin-like_dom	0.14860656970610325	6.680684384014732	2.739995903125803	1	14	Preserved_psI	0.19595991130114643
GHMP_kinase_C_dom	0.04491453590822862	28.93080613021652	4.854534618080992	1	4	Preserved_psI	0.08437919089035419
GHMP_kinase_C_sf	0.05582571432065141	21.702356245116384	4.439779780810707	1	5	Preserved_psI	0.09810467996075335
GHMP_kinase_N_dom	0.04491453590822862	28.93080613021652	4.854534618080992	1	4	Preserved_psI	0.08437919089035419
GHMP_Kinase-Related	0.0114220160606514	Inf	Inf	1	1	Preserved_psI	0.039910390748890884
Gln-tRNA-synth	0.0114220160606514	Inf	Inf	1	1	Preserved_psI	0.039910390748890884
Gln-tRNA-synth_Ib_RNA-bd_2	0.0114220160606514	Inf	Inf	1	1	Preserved_psI	0.039910390748890884
Gln-tRNA-synth_Ib_RNA-bd_N	0.0114220160606514	Inf	Inf	1	1	Preserved_psI	0.039910390748890884
Gln-tRNA-synth_Ib_RNA-bd_N_1	0.0114220160606514	Inf	Inf	1	1	Preserved_psI	0.039910390748890884
Gln-tRNA-synth_Ib_RNA-bd_N_2	0.0114220160606514	Inf	Inf	1	1	Preserved_psI	0.039910390748890884
Gln/Glu-tRNA_Ligase	0.022714132896351283	86.52854909889304	6.435104306803811	1	2	Preserved_psI	0.05844496086224485
Glu_tRNA_lig_a-bdl	0.022714132896351283	86.52854909889304	6.435104306803811	1	2	Preserved_psI	0.05844496086224485
Glu/Gln-tRNA-synth	0.03387782140668871	43.39886975065768	5.439585565521308	1	3	Preserved_psI	0.07384049423108366
Glu/Gln-tRNA-synth_Ib_cat-dom	0.03387782140668871	43.39886975065768	5.439585565521308	1	3	Preserved_psI	0.07384049423108366
Glu/Gln-tRNA-synth_Ib_codon-bd	0.022714132896351283	86.52854909889304	6.435104306803811	1	2	Preserved_psI	0.05844496086224485
Glyco_hydro_38_C	0.05582571432065141	21.702356245116384	4.439779780810707	1	5	Preserved_psI	0.09810467996075335
Glyco_hydro_38_cen	0.05582571432065141	21.702356245116384	4.439779780810707	1	5	Preserved_psI	0.09810467996075335
Glyco_hydro_38_cen_sf	0.05582571432065141	21.702356245116384	4.439779780810707	1	5	Preserved_psI	0.09810467996075335
Glyco_hydro_38_N	0.0666127783508136	17.369896032823732	4.118517213738287	1	6	Preserved_psI	0.11036582095762106
Glyco_hydro_38_N_sf	0.0666127783508136	17.369896032823732	4.118517213738287	1	6	Preserved_psI	0.11036582095762106
Glyco_hydro_47	0.07727713367475038	14.480118344678743	3.8560014883708726	1	7	Preserved_psI	0.12238953446195033
Glyco_hydro_57/38_cen_sf	0.05582571432065141	21.702356245116384	4.439779780810707	1	5	Preserved_psI	0.09810467996075335
Glyco_hydro_b	0.24108472846331183	3.774775125768857	1.9163907014969574	1	24	Preserved_psI	0.2882744156591931
Glyco_hydro/deAcase_b/a-brl	0.0878201701176444	12.4078479249894	3.633181004297268	1	8	Preserved_psI	0.1332137039960214
Glycosyl_Hydrlase_38	0.05582571432065141	21.702356245116384	4.439779780810707	1	5	Preserved_psI	0.09810467996075335
Glycosyl_Hydrolase_47	0.04491453590822862	28.93080613021652	4.854534618080992	1	4	Preserved_psI	0.08437919089035419
Glycosyl_transferase_4	0.0114220160606514	Inf	Inf	1	1	Preserved_psI	0.039910390748890884
Glycosyl_Trfase_fam3	0.0114220160606514	Inf	Inf	1	1	Preserved_psI	0.039910390748890884
Glycosyl_Trfase_fam3_N_dom	0.0114220160606514	Inf	Inf	1	1	Preserved_psI	0.039910390748890884
Glycosyl_Trfase_fam3_N_dom_sf	0.0114220160606514	Inf	Inf	1	1	Preserved_psI	0.039910390748890884
GPS	0.3157283592643145	2.711858140040124	1.439281711655112	1	33	Preserved_psI	0.363026973904423
GPT	0.0114220160606514	Inf	Inf	1	1	Preserved_psI	0.039910390748890884
GRAM	0.19616867273059568	4.824086284160589	2.2702557116777435	1	19	Preserved_psI	0.24385416888939387
GRASP_PDZ	0.022714132896351283	86.52854909889304	6.435104306803811	1	2	Preserved_psI	0.05844496086224485
GRASP55_65	0.022714132896351283	86.52854909889304	6.435104306803811	1	2	Preserved_psI	0.05844496086224485
Growth/epo_recpt_lig-bind	0.05582571432065141	21.702356245116384	4.439779780810707	1	5	Preserved_psI	0.09810467996075335
GST_Kappa/NadH	0.0114220160606514	Inf	Inf	1	1	Preserved_psI	0.039910390748890884
GSTK	0.0114220160606514	Inf	Inf	1	1	Preserved_psI	0.039910390748890884
Gtb1-like	0.022714132896351283	86.52854909889304	6.435104306803811	1	2	Preserved_psI	0.05844496086224485
GTP-bd	0.19616867273059568	4.824086284160589	2.2702557116777435	1	19	Preserved_psI	0.24385416888939387
GTP-binding_2	0.022714132896351283	86.52854909889304	6.435104306803811	1	2	Preserved_psI	0.05844496086224485
GTP1-OBG_CS	0.022714132896351283	86.52854909889304	6.435104306803811	1	2	Preserved_psI	0.05844496086224485
GTSE1_N	0.022714132896351283	86.52854909889304	6.435104306803811	1	2	Preserved_psI	0.05844496086224485
HAD_sf	0.22387480230072238	2.2887357534012156	1.1945509057664092	2	78	Preserved_psI	0.27278096671105656
HAD-like_sf	0.2365168397318632	2.201642858148911	1.1385804595626572	2	81	Preserved_psI	0.28624275212831957
HAD-SF_hydro_IG_5-nucl	0.05582571432065141	21.702356245116384	4.439779780810707	1	5	Preserved_psI	0.09810467996075335
HCCAis_GSTk	0.0114220160606514	Inf	Inf	1	1	Preserved_psI	0.039910390748890884
HDAC_PDAC	0.005502711065082051	21.792381635381144	4.445751968523019	2	10	Preserved_psI	0.039910390748890884
HddA/FKP	0.0114220160606514	Inf	Inf	1	1	Preserved_psI	0.039910390748890884
HEAT	0.14860656970610325	6.680684384014732	2.739995903125803	1	14	Preserved_psI	0.19595991130114643
HEAT_Ints3_C	0.0114220160606514	Inf	Inf	1	1	Preserved_psI	0.039910390748890884
Helic_SF1/SF2_ATP-bd_DinG/Rad3	0.04491453590822862	28.93080613021652	4.854534618080992	1	4	Preserved_psI	0.08437919089035419
Helicase_ATP-bd	0.3666513954564811	1.5786256170484738	0.6586690657711006	2	112	Preserved_psI	0.4110523759299876
Helicase_C-like	0.3543044982476504	1.6231379653310054	0.6987856329354354	2	109	Preserved_psI	0.4002080999074089
Helicase-like_DEXD_c2	0.04491453590822862	28.93080613021652	4.854534618080992	1	4	Preserved_psI	0.08437919089035419
Helicase/UvrB_N	0.0878201701176444	12.4078479249894	3.633181004297268	1	8	Preserved_psI	0.1332137039960214
HELP	0.0666127783508136	17.369896032823732	4.118517213738287	1	6	Preserved_psI	0.11036582095762106
Hid-1/Ecm30	0.0114220160606514	Inf	Inf	1	1	Preserved_psI	0.039910390748890884
HIF_prolyl_hydroxylases	0.04491453590822862	28.93080613021652	4.854534618080992	1	4	Preserved_psI	0.08437919089035419
His_deacetylse	0.00795019862801991	17.441960859765356	4.124490334752021	2	12	Preserved_psI	0.039910390748890884
His_deacetylse_1	0.05582571432065141	21.702356245116384	4.439779780810707	1	5	Preserved_psI	0.09810467996075335
His_deacetylse_dom	0.00795019862801991	17.441960859765356	4.124490334752021	2	12	Preserved_psI	0.039910390748890884
His_deacetylse_dom_sf	0.00795019862801991	17.441960859765356	4.124490334752021	2	12	Preserved_psI	0.039910390748890884
His_Pase_clade-2	0.0878201701176444	12.4078479249894	3.633181004297268	1	8	Preserved_psI	0.1332137039960214
His_PPase_superfam	0.2053587563024725	4.5705000343308315	2.1923520115822073	1	20	Preserved_psI	0.2536618475373044
Hist_Lys-spec_deMease	0.0114220160606514	Inf	Inf	1	1	Preserved_psI	0.039910390748890884
Histidine_acid_phosphatase	0.0666127783508136	17.369896032823732	4.118517213738287	1	6	Preserved_psI	0.11036582095762106
Histone_Mod_Regulator	0.10854776747252792	9.651308333755296	3.2707245277359536	1	10	Preserved_psI	0.15671365786226701
Histone-fold	0.6633698675076731	1.344850768922909	0.42744609331758565	2	131	Preserved_psI	0.6928146793339085
HLH_DNA-bd_sf	1	0.7581654076329273	-0.399415461875155	1	115	Preserved_psI	1
Hlx-hairpin-Hlx_DNA-bd_motif	0.03387782140668871	43.39886975065768	5.439585565521308	1	3	Preserved_psI	0.07384049423108366
Hobbit	0.0114220160606514	Inf	Inf	1	1	Preserved_psI	0.039910390748890884
HOIL1_RBR_mRING-HC-C3HC3D	0.0114220160606514	Inf	Inf	1	1	Preserved_psI	0.039910390748890884
Homeodomain-like_sf	0.27163450902141245	0.2815585329053351	-1.8284932210577265	1	305	Preserved_psI	0.31844358890499785
HTTM_dom	0.0114220160606514	Inf	Inf	1	1	Preserved_psI	0.039910390748890884
HTTM-like	0.0114220160606514	Inf	Inf	1	1	Preserved_psI	0.039910390748890884
HUWE1/Rev1_UBM	0.03387782140668871	43.39886975065768	5.439585565521308	1	3	Preserved_psI	0.07384049423108366
Ig_C1-set	0.08647625899742337	4.249637424991878	2.0873397571373755	2	43	Preserved_psI	0.1332137039960214
Ig_I-set	1	0.6078075960472014	-0.7183133899002234	1	143	Preserved_psI	1
Ig_sub	0.14070752898417996	0.2184961534159309	-2.1943202133153057	1	391	Preserved_psI	0.1883090328283064
Ig_sub2	0.5319867482875885	0.3593342009036978	-1.4766018394082383	1	240	Preserved_psI	0.5647709229096854
Ig_V-set	0.7267463730442136	0.4839861411730714	-1.046962358022084	1	179	Preserved_psI	0.7553451886501202
Ig-like_dom	0.49583772770497614	0.588789603422559	-0.7641758977165178	3	440	Preserved_psI	0.5319740495568323
Ig-like_dom_sf	0.383744991827407	0.5371489124945207	-0.8966059963685156	3	481	Preserved_psI	0.4270173515006338
Ig-like_fold	0.5914858810015529	0.7096663879293579	-0.49478711758150645	6	730	Preserved_psI	0.6219605633950755
Ig/MHC_CS	0.3613826071114752	2.283084852777461	1.1909844795391196	1	39	Preserved_psI	0.4056519764826309
Immune_Resp_Modulators	0.022714132896351283	86.52854909889304	6.435104306803811	1	2	Preserved_psI	0.05844496086224485
IMS_HHH_1	0.022714132896351283	86.52854909889304	6.435104306803811	1	2	Preserved_psI	0.05844496086224485
Int_alpha_beta-p	0.19616867273059568	4.824086284160589	2.2702557116777435	1	19	Preserved_psI	0.24385416888939387
Integrin_alpha	0.1868727746422868	5.108833515822515	2.3529939226605454	1	18	Preserved_psI	0.2360221541895549
Integrin_alpha_C_CS	0.16795866930550432	5.789559458319887	2.5334535742114856	1	16	Preserved_psI	0.21795792635309663
Integrin_alpha_Ig-like_1	0.16795866930550432	5.789559458319887	2.5334535742114856	1	16	Preserved_psI	0.21795792635309663
Integrin_alpha_Ig-like_2	0.1868727746422868	5.108833515822515	2.3529939226605454	1	18	Preserved_psI	0.2360221541895549
Integrin_alpha_Ig-like_3	0.1187350303723129	8.685525021636147	3.1186130594385304	1	11	Preserved_psI	0.1660810860970981
Integrin_alpha_N	0.032795173788373794	7.581849636617118	2.9225498452374064	2	25	Preserved_psI	0.07384049423108366
Integrin_dom_sf	0.249763459908101	3.617597241173562	1.8550317969846044	1	25	Preserved_psI	0.29667670237761207
Integrin-bd_ICAP-1	0.0114220160606514	Inf	Inf	1	1	Preserved_psI	0.039910390748890884
Interferon_reg_fac_CS	0.10854776747252792	9.651308333755296	3.2707245277359536	1	10	Preserved_psI	0.15671365786226701
Interferon_reg_fact_DNA-bd_dom	0.10854776747252792	9.651308333755296	3.2707245277359536	1	10	Preserved_psI	0.15671365786226701
Interferon_reg_factor-3	0.0878201701176444	12.4078479249894	3.633181004297268	1	8	Preserved_psI	0.1332137039960214
INTS3	0.0114220160606514	Inf	Inf	1	1	Preserved_psI	0.039910390748890884
INTS3_N	0.0114220160606514	Inf	Inf	1	1	Preserved_psI	0.039910390748890884
Ion_trans_dom	0.35842978665016967	1.6080259238374557	0.6852906651550644	2	110	Preserved_psI	0.40435923167318133
Ion_trans_N	0.04491453590822862	28.93080613021652	4.854534618080992	1	4	Preserved_psI	0.08437919089035419
IPNS-like_FE2OG_OXY	0.03387782140668871	43.39886975065768	5.439585565521308	1	3	Preserved_psI	0.07384049423108366
IPPc	0.10854776747252792	9.651308333755296	3.2707245277359536	1	10	Preserved_psI	0.15671365786226701
IQ_motif_EF-hand-BS	0.49275700520366333	1.4943300250928895	0.5794988047432656	1	59	Preserved_psI	0.5293011850154183
JAK	0.04491453590822862	28.93080613021652	4.854534618080992	1	4	Preserved_psI	0.08437919089035419
JAK1-3/TYK2_PHL_dom	0.04491453590822862	28.93080613021652	4.854534618080992	1	4	Preserved_psI	0.08437919089035419
JAMM/MPN+_dom	0.12880637871270312	7.895993532343783	2.981120808074532	1	12	Preserved_psI	0.1763233659817186
K_chnl_Ca-activ_SK	0.04491453590822862	28.93080613021652	4.854534618080992	1	4	Preserved_psI	0.08437919089035419
K_chnl_dom	0.23230604496672658	3.946420977330625	1.9805448611584096	1	23	Preserved_psI	0.2815260841836983
K_chnl_volt-dep_EAG/ELK/ERG	0.00795019862801991	17.441960859765356	4.124490334752021	2	12	Preserved_psI	0.039910390748890884
K_chnl_volt-dep_ERG	0.03387782140668871	43.39886975065768	5.439585565521308	1	3	Preserved_psI	0.07384049423108366
K/Na_HCN_channel	0.04491453590822862	28.93080613021652	4.854534618080992	1	4	Preserved_psI	0.08437919089035419
KAE1/TsaD	0.022714132896351283	86.52854909889304	6.435104306803811	1	2	Preserved_psI	0.05844496086224485
KANK1-4	0.04491453590822862	28.93080613021652	4.854534618080992	1	4	Preserved_psI	0.08437919089035419
KCNH_animal-type	0.09824326183178346	10.856066223856262	3.4404295214695164	1	9	Preserved_psI	0.1448644484810206
KH_dom	0.35398985698654	2.34486189767704	1.2295029566837086	1	38	Preserved_psI	0.4002080999074089
KH_dom_type_1	0.3157283592643145	2.711858140040124	1.439281711655112	1	33	Preserved_psI	0.363026973904423
KH_dom_type_1_sf	0.4242392129796139	1.8451694540294843	0.8837533145306506	1	48	Preserved_psI	0.4651609441461457
Kinase-like_dom_sf	0.05756576908505136	1.8690745982034724	0.9023241508436249	11	532	Preserved_psI	0.10057210240929206
Kinesin_motor_CS	0.37591635729978984	2.1687913953390066	1.1168912944195932	1	41	Preserved_psI	0.4188249241379792
Kinesin_motor_dom	0.3971017808371756	2.017120199665984	1.0122970563332032	1	44	Preserved_psI	0.4380803429874493
Kinesin_motor_dom_sf	0.6153608443624031	1.055763782244697	0.07828708061900966	1	83	Preserved_psI	0.644800511362238
Kinesin-like_fam	0.30780950916685773	2.7995122579147904	1.4851754970339965	1	32	Preserved_psI	0.35528655428256845
KN_motif	0.04491453590822862	28.93080613021652	4.854534618080992	1	4	Preserved_psI	0.08437919089035419
KRAB	0.09625154702968741	0.21023985669699716	-2.249891897479218	1	406	Preserved_psI	0.1448644484810206
KRAB_dom_sf	0.09618961846934322	0.21077120296136498	-2.246250325553648	1	405	Preserved_psI	0.1448644484810206
KRTDAP	0.022714132896351283	86.52854909889304	6.435104306803811	1	2	Preserved_psI	0.05844496086224485
Krueppel_C2H2_ZnF	0.5295527727572483	0.3671065523795415	-1.4457292299701763	1	235	Preserved_psI	0.564102479164898
Las1	0.0114220160606514	Inf	Inf	1	1	Preserved_psI	0.039910390748890884
LDL_receptor-like_sf	0.4242392129796139	1.8451694540294843	0.8837533145306506	1	48	Preserved_psI	0.4651609441461457
LDLR_class-A_CS	0.37591635729978984	2.1687913953390066	1.1168912944195932	1	41	Preserved_psI	0.4188249241379792
LDrepeatLR_classA_rpt	0.4175710685287126	1.8853352666459897	0.9148210988351824	1	47	Preserved_psI	0.46009671109053246
Lethal2_giant	7.676779020691349e-4	86.89226669588437	6.441155879568543	2	4	Preserved_psI	0.039910390748890884
Leu-rich_rpt	0.5485331632622709	1.342643610700344	0.42507640878004366	4	263	Preserved_psI	0.5808759205300934
Leu-rich_rpt_Cys-con_subtyp	0.19616867273059568	4.824086284160589	2.2702557116777435	1	19	Preserved_psI	0.24385416888939387
Leu-rich_rpt_typical-subtyp	0.46557004813077457	1.4647339837629065	0.5506386747813904	3	181	Preserved_psI	0.5031069834192967
Linker_for_activat_Tcells_prot	0.0114220160606514	Inf	Inf	1	1	Preserved_psI	0.039910390748890884
LisH	0.28350133611229655	3.0998708627002918	1.6322081156212942	1	29	Preserved_psI	0.3297722795710392
LLGL2	7.676779020691349e-4	86.89226669588437	6.441155879568543	2	4	Preserved_psI	0.039910390748890884
Long_hematopoietin_rcpt_CS	0.04491453590822862	28.93080613021652	4.854534618080992	1	4	Preserved_psI	0.08437919089035419
LPLAT_7/PORCN-like	0.0666127783508136	17.369896032823732	4.118517213738287	1	6	Preserved_psI	0.11036582095762106
LRR_dom_sf	0.7927580295351707	1.0597248504886208	0.08368972859552677	4	331	Preserved_psI	0.8154601495104046
LRR_domain-containing	0.0635009932210883	5.12684211188282	2.358070468651709	2	36	Preserved_psI	0.11036582095762106
LRRNT	0.46268166296077895	1.635733376999164	0.7099376095090952	1	54	Preserved_psI	0.5005881124563609
LsmAD_domain	0.022714132896351283	86.52854909889304	6.435104306803811	1	2	Preserved_psI	0.05844496086224485
LUBAC_E3_Ligases	0.03387782140668871	43.39886975065768	5.439585565521308	1	3	Preserved_psI	0.07384049423108366
M1_APN-typ	0.0878201701176444	12.4078479249894	3.633181004297268	1	8	Preserved_psI	0.1332137039960214
MABP	0.05582571432065141	21.702356245116384	4.439779780810707	1	5	Preserved_psI	0.09810467996075335
MABP1	0.022714132896351283	86.52854909889304	6.435104306803811	1	2	Preserved_psI	0.05844496086224485
MAM_dom	0.1868727746422868	5.108833515822515	2.3529939226605454	1	18	Preserved_psI	0.2360221541895549
MAM_domain-containing	0.04491453590822862	28.93080613021652	4.854534618080992	1	4	Preserved_psI	0.08437919089035419
Man6P_isomerase_rcpt-bd_dom_sf	0.0878201701176444	12.4078479249894	3.633181004297268	1	8	Preserved_psI	0.1332137039960214
MAP_kinase	0.1868727746422868	5.108833515822515	2.3529939226605454	1	18	Preserved_psI	0.2360221541895549
MAP_kinase_CS	0.12880637871270312	7.895993532343783	2.981120808074532	1	12	Preserved_psI	0.1763233659817186
MAP65_Ase1_PRC1	0.0114220160606514	Inf	Inf	1	1	Preserved_psI	0.039910390748890884
MAPK_p38-like	0.04491453590822862	28.93080613021652	4.854534618080992	1	4	Preserved_psI	0.08437919089035419
MAPK12	0.0114220160606514	Inf	Inf	1	1	Preserved_psI	0.039910390748890884
MBOAT_fam	0.1187350303723129	8.685525021636147	3.1186130594385304	1	11	Preserved_psI	0.1660810860970981
Mbt	0.006675138474678226	19.379341249200944	4.276447625771234	2	11	Preserved_psI	0.039910390748890884
MBT_L3MBTL1_rpt1	1.2989922495154242e-4	Inf	Inf	2	2	Preserved_psI	0.014581188000810636
MBT_L3MBTL1_rpt3	1.2989922495154242e-4	Inf	Inf	2	2	Preserved_psI	0.014581188000810636
MCRIP	0.022714132896351283	86.52854909889304	6.435104306803811	1	2	Preserved_psI	0.05844496086224485
Med25_PTOV	0.022714132896351283	86.52854909889304	6.435104306803811	1	2	Preserved_psI	0.05844496086224485
Med25_PTOV_sf	0.022714132896351283	86.52854909889304	6.435104306803811	1	2	Preserved_psI	0.05844496086224485
Mediator_Med23	0.0114220160606514	Inf	Inf	1	1	Preserved_psI	0.039910390748890884
Mediator_Med25_SD1	0.0114220160606514	Inf	Inf	1	1	Preserved_psI	0.039910390748890884
Mediator_Med25_VWA	0.0114220160606514	Inf	Inf	1	1	Preserved_psI	0.039910390748890884
Metal_Hydrolase	0.249763459908101	3.617597241173562	1.8550317969846044	1	25	Preserved_psI	0.29667670237761207
MFS	0.19462733659861384	2.5216348657056815	1.3343593876515885	2	71	Preserved_psI	0.24385416888939387
MFS_dom	0.30418478255481435	1.8293593742935346	0.8713385177229195	2	97	Preserved_psI	0.35200764785338057
MFS_Na/Anion_cotransporter	0.09824326183178346	10.856066223856262	3.4404295214695164	1	9	Preserved_psI	0.1448644484810206
MFS_trans_sf	0.6756599875278794	1.256573509570907	0.3294950713708375	2	140	Preserved_psI	0.7038778060325239
MHC_class-I_related	0.23230604496672658	3.946420977330625	1.9805448611584096	1	23	Preserved_psI	0.2815260841836983
MHC_I_a_a1/a2	0.09824326183178346	10.856066223856262	3.4404295214695164	1	9	Preserved_psI	0.1448644484810206
MHC_I-like_Ag-recog	0.24108472846331183	3.774775125768857	1.9163907014969574	1	24	Preserved_psI	0.2882744156591931
MHC_I-like_Ag-recog_sf	0.24108472846331183	3.774775125768857	1.9163907014969574	1	24	Preserved_psI	0.2882744156591931
MHC_I/II-like_Ag-recog	0.3613826071114752	2.283084852777461	1.1909844795391196	1	39	Preserved_psI	0.4056519764826309
MIIP	0.0114220160606514	Inf	Inf	1	1	Preserved_psI	0.039910390748890884
Mit_carrier	0.06982768418650302	4.84091991133235	2.275281226303824	2	38	Preserved_psI	0.11505552366877012
Mitochondrial_sb/sol_carrier	0.13423426985446738	3.2246084915590605	1.6891240096604108	2	56	Preserved_psI	0.18263996110501773
MLKL_N	0.0114220160606514	Inf	Inf	1	1	Preserved_psI	0.039910390748890884
MMS19	0.0114220160606514	Inf	Inf	1	1	Preserved_psI	0.039910390748890884
MMS19_C	0.0114220160606514	Inf	Inf	1	1	Preserved_psI	0.039910390748890884
MMS19_N	0.0114220160606514	Inf	Inf	1	1	Preserved_psI	0.039910390748890884
MMTA2_N	0.0114220160606514	Inf	Inf	1	1	Preserved_psI	0.039910390748890884
MMTAG2-like	0.0114220160606514	Inf	Inf	1	1	Preserved_psI	0.039910390748890884
Mononega_L_MeTrfase	0.0114220160606514	Inf	Inf	1	1	Preserved_psI	0.039910390748890884
Mov-10_helical	0.0114220160606514	Inf	Inf	1	1	Preserved_psI	0.039910390748890884
MOV-10_Ig-like	0.0114220160606514	Inf	Inf	1	1	Preserved_psI	0.039910390748890884
MOV-10_N	0.0114220160606514	Inf	Inf	1	1	Preserved_psI	0.039910390748890884
MOV-10-like_beta-barrel	0.022714132896351283	86.52854909889304	6.435104306803811	1	2	Preserved_psI	0.05844496086224485
MOV-10/SDE3_DEXXQ/H-box	0.0114220160606514	Inf	Inf	1	1	Preserved_psI	0.039910390748890884
MPN	0.1774698490953033	5.428285071598463	2.440496487260462	1	17	Preserved_psI	0.2273436868581774
MRH_dom	0.0878201701176444	12.4078479249894	3.633181004297268	1	8	Preserved_psI	0.1332137039960214
MRNIP	0.0114220160606514	Inf	Inf	1	1	Preserved_psI	0.039910390748890884
MRNIP_N	0.0114220160606514	Inf	Inf	1	1	Preserved_psI	0.039910390748890884
Mss51-like_C	0.022714132896351283	86.52854909889304	6.435104306803811	1	2	Preserved_psI	0.05844496086224485
Mt_carrier_dom_sf	0.13423426985446738	3.2246084915590605	1.6891240096604108	2	56	Preserved_psI	0.18263996110501773
Mt_RNA_Methyltransferase	0.0114220160606514	Inf	Inf	1	1	Preserved_psI	0.039910390748890884
Mtm1-like	0.022714132896351283	86.52854909889304	6.435104306803811	1	2	Preserved_psI	0.05844496086224485
MTR4_beta-barrel	0.022714132896351283	86.52854909889304	6.435104306803811	1	2	Preserved_psI	0.05844496086224485
MTR4-like_stalk	0.022714132896351283	86.52854909889304	6.435104306803811	1	2	Preserved_psI	0.05844496086224485
Myotubularin	0.14860656970610325	6.680684384014732	2.739995903125803	1	14	Preserved_psI	0.19595991130114643
Myotubularin-like_Pase_dom	0.14860656970610325	6.680684384014732	2.739995903125803	1	14	Preserved_psI	0.19595991130114643
N-lys_methylase_SETD6	0.0114220160606514	Inf	Inf	1	1	Preserved_psI	0.039910390748890884
N/Namide_PRibTrfase	0.022714132896351283	86.52854909889304	6.435104306803811	1	2	Preserved_psI	0.05844496086224485
Na/Glc_symporter_sf	0.12880637871270312	7.895993532343783	2.981120808074532	1	12	Preserved_psI	0.1763233659817186
Na/solute_symporter	0.12880637871270312	7.895993532343783	2.981120808074532	1	12	Preserved_psI	0.1763233659817186
Na/solute_symporter_CS	0.0878201701176444	12.4078479249894	3.633181004297268	1	8	Preserved_psI	0.1332137039960214
Nab2/ZC3H14	0.0114220160606514	Inf	Inf	1	1	Preserved_psI	0.039910390748890884
NAD(P)-bd_dom_sf	1	0.5528686025121542	-0.8549914517311281	1	157	Preserved_psI	1
NAD/diacylglycerol_kinase_sf	0.1774698490953033	5.428285071598463	2.440496487260462	1	17	Preserved_psI	0.2273436868581774
NADH-UbQ_OxRdtase_51kDa_CS	0.0114220160606514	Inf	Inf	1	1	Preserved_psI	0.039910390748890884
NADH-UbQ_OxRdtase_suF	0.0114220160606514	Inf	Inf	1	1	Preserved_psI	0.039910390748890884
NAPRTase_C	0.0114220160606514	Inf	Inf	1	1	Preserved_psI	0.039910390748890884
NAPRTase_N	0.0114220160606514	Inf	Inf	1	1	Preserved_psI	0.039910390748890884
NDK-like_dom	0.10854776747252792	9.651308333755296	3.2707245277359536	1	10	Preserved_psI	0.15671365786226701
NDK-like_dom_sf	0.1187350303723129	8.685525021636147	3.1186130594385304	1	11	Preserved_psI	0.1660810860970981
Nic_PRibTrfase_pncB	0.0114220160606514	Inf	Inf	1	1	Preserved_psI	0.039910390748890884
Nic_PRibTrfase-Fam	0.0114220160606514	Inf	Inf	1	1	Preserved_psI	0.039910390748890884
Nicotinate_pribotase-like_C	0.03387782140668871	43.39886975065768	5.439585565521308	1	3	Preserved_psI	0.07384049423108366
NPHP4	0.0114220160606514	Inf	Inf	1	1	Preserved_psI	0.039910390748890884
NPR2-like	0.0114220160606514	Inf	Inf	1	1	Preserved_psI	0.039910390748890884
Nuc_phospho_transferase	0.0114220160606514	Inf	Inf	1	1	Preserved_psI	0.039910390748890884
Nucleobindin	0.022714132896351283	86.52854909889304	6.435104306803811	1	2	Preserved_psI	0.05844496086224485
Nucleoside_diP_kinase	0.09824326183178346	10.856066223856262	3.4404295214695164	1	9	Preserved_psI	0.1448644484810206
Nucleoside_diP_kinase_AS	0.0666127783508136	17.369896032823732	4.118517213738287	1	6	Preserved_psI	0.11036582095762106
Nucleotide_cyclase	0.1868727746422868	5.108833515822515	2.3529939226605454	1	18	Preserved_psI	0.2360221541895549
Nucleotide-bd_a/b_plait_sf	0.22835966330703186	1.7057808062961162	0.7704322715175431	5	261	Preserved_psI	0.2774925272661903
Nucleotide-diphossugar_trans	0.2746021317534224	1.9754764411643337	0.9822006413456773	2	90	Preserved_psI	0.32096060488648526
Nuo51_FMN-bd	0.0114220160606514	Inf	Inf	1	1	Preserved_psI	0.039910390748890884
Nuo51_FMN-bd_sf	0.0114220160606514	Inf	Inf	1	1	Preserved_psI	0.039910390748890884
Nuop51_4Fe4S-bd	0.0114220160606514	Inf	Inf	1	1	Preserved_psI	0.039910390748890884
Nuop51_4Fe4S-bd_sf	0.0114220160606514	Inf	Inf	1	1	Preserved_psI	0.039910390748890884
OCRE	7.676779020691349e-4	86.89226669588437	6.441155879568543	2	4	Preserved_psI	0.039910390748890884
Oligosaccaryltransferase	0.0114220160606514	Inf	Inf	1	1	Preserved_psI	0.039910390748890884
OS9-like_dom	0.03387782140668871	43.39886975065768	5.439585565521308	1	3	Preserved_psI	0.07384049423108366
OST4	0.0114220160606514	Inf	Inf	1	1	Preserved_psI	0.039910390748890884
Ost4p_sf	0.0114220160606514	Inf	Inf	1	1	Preserved_psI	0.039910390748890884
Oxoglu/Fe-dep_dioxygenase_dom	0.025821410362088255	8.71936522760139	3.1242231101942433	2	22	Preserved_psI	0.06568732721007153
P_typ_ATPase	0.3389477737657152	2.4791417075994238	1.3098407381482817	1	36	Preserved_psI	0.38528493777419276
P_typ_ATPase_HD_dom	0.3389477737657152	2.4791417075994238	1.3098407381482817	1	36	Preserved_psI	0.38528493777419276
P-loop_NTPase	0.19633247673388837	1.4131945045883385	0.4989600442233381	14	887	Preserved_psI	0.24385416888939387
P-type_TPase_V	0.05582571432065141	21.702356245116384	4.439779780810707	1	5	Preserved_psI	0.09810467996075335
p53-like_TF_DNA-bd_sf	0.3971017808371756	2.017120199665984	1.0122970563332032	1	44	Preserved_psI	0.4380803429874493
P5A-ATPase_N	0.04491453590822862	28.93080613021652	4.854534618080992	1	4	Preserved_psI	0.08437919089035419
P5B-type_ATPase	0.04491453590822862	28.93080613021652	4.854534618080992	1	4	Preserved_psI	0.08437919089035419
PA_dom_sf	0.19616867273059568	4.824086284160589	2.2702557116777435	1	19	Preserved_psI	0.24385416888939387
PA_domain	0.19616867273059568	4.824086284160589	2.2702557116777435	1	19	Preserved_psI	0.24385416888939387
PAC	0.19616867273059568	4.824086284160589	2.2702557116777435	1	19	Preserved_psI	0.24385416888939387
PAM2_motif	0.09824326183178346	10.856066223856262	3.4404295214695164	1	9	Preserved_psI	0.1448644484810206
Papain-like_cys_pep_sf	0.9999999999999998	0.5675327993273317	-0.817224322643285	1	153	Preserved_psI	1
PAS	0.34651190507074947	2.4103345772653726	1.269233420089602	1	37	Preserved_psI	0.39288849842617807
PAS-assoc_C	0.07727713367475038	14.480118344678743	3.8560014883708726	1	7	Preserved_psI	0.12238953446195033
PAS-like_dom_sf	0.34651190507074947	2.4103345772653726	1.269233420089602	1	37	Preserved_psI	0.39288849842617807
Pase-1_reg_su_16AB	0.022714132896351283	86.52854909889304	6.435104306803811	1	2	Preserved_psI	0.05844496086224485
Paxillin_TGFB1I1_LIM_dom1	0.022714132896351283	86.52854909889304	6.435104306803811	1	2	Preserved_psI	0.05844496086224485
PC1	0.022714132896351283	86.52854909889304	6.435104306803811	1	2	Preserved_psI	0.05844496086224485
PcG_chromatin_remod_factors	0.019546609052725858	10.257882166473742	3.3586609989989533	2	19	Preserved_psI	0.05844496086224485
PDZ	1.0000000000000004	0.5601054815347096	-0.8362295474372193	1	155	Preserved_psI	1
PDZ_6	0.2053587563024725	4.5705000343308315	2.1923520115822073	1	20	Preserved_psI	0.2536618475373044
PDZ_sf	0.7025254896513212	1.1105770224964857	0.1513094524259504	2	158	Preserved_psI	0.731017253426288
PDZ-LIM_domain	0.09824326183178346	10.856066223856262	3.4404295214695164	1	9	Preserved_psI	0.1448644484810206
PE/DAG-bd	0.5320670387322871	1.3329716590056402	0.4146461068734894	1	66	Preserved_psI	0.5647709229096854
Pecanex	0.04491453590822862	28.93080613021652	4.854534618080992	1	4	Preserved_psI	0.08437919089035419
Pecanex_C	0.04491453590822862	28.93080613021652	4.854534618080992	1	4	Preserved_psI	0.08437919089035419
Pentatricopeptide_rpt	0.0878201701176444	12.4078479249894	3.633181004297268	1	8	Preserved_psI	0.1332137039960214
Pept_A22A_PS2	0.0114220160606514	Inf	Inf	1	1	Preserved_psI	0.039910390748890884
Pept_asp_AS	0.10854776747252792	9.651308333755296	3.2707245277359536	1	10	Preserved_psI	0.15671365786226701
Pept_cys_AS	0.21444422461375778	4.341425783734459	2.1181689213143042	1	21	Preserved_psI	0.2623581930560688
Pept_his_AS	0.1187350303723129	8.685525021636147	3.1186130594385304	1	11	Preserved_psI	0.1660810860970981
Pept_M41_FtsH_extracell	0.022714132896351283	86.52854909889304	6.435104306803811	1	2	Preserved_psI	0.05844496086224485
Peptidase_A22A	0.022714132896351283	86.52854909889304	6.435104306803811	1	2	Preserved_psI	0.05844496086224485
Peptidase_C1A	0.13876312569452648	7.238985498606098	2.855787526219561	1	13	Preserved_psI	0.185984010259231
Peptidase_C1A_C	0.13876312569452648	7.238985498606098	2.855787526219561	1	13	Preserved_psI	0.185984010259231
Peptidase_C1A_papain-like	0.0878201701176444	12.4078479249894	3.633181004297268	1	8	Preserved_psI	0.1332137039960214
Peptidase_M1	0.1187350303723129	8.685525021636147	3.1186130594385304	1	11	Preserved_psI	0.1660810860970981
Peptidase_M1_aminopeptidases	0.0878201701176444	12.4078479249894	3.633181004297268	1	8	Preserved_psI	0.1332137039960214
Peptidase_M1_dom	0.12880637871270312	7.895993532343783	2.981120808074532	1	12	Preserved_psI	0.1763233659817186
Peptidase_M28	0.1187350303723129	8.685525021636147	3.1186130594385304	1	11	Preserved_psI	0.1660810860970981
Peptidase_M28B	0.0666127783508136	17.369896032823732	4.118517213738287	1	6	Preserved_psI	0.11036582095762106
Peptidase_M4/M1_CTD_sf	0.13876312569452648	7.238985498606098	2.855787526219561	1	13	Preserved_psI	0.185984010259231
Peptidase_M41	0.03387782140668871	43.39886975065768	5.439585565521308	1	3	Preserved_psI	0.07384049423108366
Peptidase_M41-like	0.03387782140668871	43.39886975065768	5.439585565521308	1	3	Preserved_psI	0.07384049423108366
Peptidase_S1_PA	1	0.696671414638174	-0.5214497260921186	1	125	Preserved_psI	1
Peptidase_S1_PA_chymotrypsin	1	0.7140523998688747	-0.4858981463233197	1	122	Preserved_psI	1
Peptidase_S1C	0.04491453590822862	28.93080613021652	4.854534618080992	1	4	Preserved_psI	0.08437919089035419
Peptidase_S28	0.03387782140668871	43.39886975065768	5.439585565521308	1	3	Preserved_psI	0.07384049423108366
Peptidase_S68_pidd	0.0114220160606514	Inf	Inf	1	1	Preserved_psI	0.039910390748890884
Peregrin_ePHD	0.0114220160606514	Inf	Inf	1	1	Preserved_psI	0.039910390748890884
PGDH	0.0114220160606514	Inf	Inf	1	1	Preserved_psI	0.039910390748890884
PGDH_ASB_dom	0.0114220160606514	Inf	Inf	1	1	Preserved_psI	0.039910390748890884
PH_domain	0.557047512820262	1.2969604169004691	0.3751344493561296	4	272	Preserved_psI	0.5885043135442297
PH_PKB	0.03387782140668871	43.39886975065768	5.439585565521308	1	3	Preserved_psI	0.07384049423108366
PH-like_dom_sf	0.6461950888783509	1.1961851864311608	0.25844075647928366	6	442	Preserved_psI	0.6763207340475047
PI-Interact_SigTrans_Reg	0.003475878574492146	29.053747702698548	4.860652366722547	2	8	Preserved_psI	0.039910390748890884
PINIT	0.04491453590822862	28.93080613021652	4.854534618080992	1	4	Preserved_psI	0.08437919089035419
PINIT_sf	0.04491453590822862	28.93080613021652	4.854534618080992	1	4	Preserved_psI	0.08437919089035419
PKD_dom	0.1187350303723129	8.685525021636147	3.1186130594385304	1	11	Preserved_psI	0.1660810860970981
PKD_dom_sf	0.1187350303723129	8.685525021636147	3.1186130594385304	1	11	Preserved_psI	0.1660810860970981
PKD/Chitinase_dom	0.0878201701176444	12.4078479249894	3.633181004297268	1	8	Preserved_psI	0.1332137039960214
PKD/REJ-like	0.04491453590822862	28.93080613021652	4.854534618080992	1	4	Preserved_psI	0.08437919089035419
PKD1_2_channel	0.10854776747252792	9.651308333755296	3.2707245277359536	1	10	Preserved_psI	0.15671365786226701
Pkinase_C	0.05738299610286479	5.447775908397681	2.4456673600143404	2	34	Preserved_psI	0.10044820760306547
PLAT_polycystin1	0.04491453590822862	28.93080613021652	4.854534618080992	1	4	Preserved_psI	0.08437919089035419
PLAT_RAB6IP1	0.022714132896351283	86.52854909889304	6.435104306803811	1	2	Preserved_psI	0.05844496086224485
PLAT/LH2_dom	0.02155708486493523	9.689529585792977	3.276426626350624	2	20	Preserved_psI	0.05844496086224485
PLAT/LH2_dom_sf	0.02155708486493523	9.689529585792977	3.276426626350624	2	20	Preserved_psI	0.05844496086224485
Plipid/glycerol_acylTrfase	0.1774698490953033	5.428285071598463	2.440496487260462	1	17	Preserved_psI	0.2273436868581774
PLK3_STKc	0.0114220160606514	Inf	Inf	1	1	Preserved_psI	0.039910390748890884
POLO_box_1	0.04491453590822862	28.93080613021652	4.854534618080992	1	4	Preserved_psI	0.08437919089035419
POLO_box_2	0.03387782140668871	43.39886975065768	5.439585565521308	1	3	Preserved_psI	0.07384049423108366
POLO_box_dom	0.05582571432065141	21.702356245116384	4.439779780810707	1	5	Preserved_psI	0.09810467996075335
POLO_box_dom_sf	0.04491453590822862	28.93080613021652	4.854534618080992	1	4	Preserved_psI	0.08437919089035419
Polycystin_cat	0.0114220160606514	Inf	Inf	1	1	Preserved_psI	0.039910390748890884
Polycystin_dom	0.0666127783508136	17.369896032823732	4.118517213738287	1	6	Preserved_psI	0.11036582095762106
PP1_Regulatory_Subunit	0.0666127783508136	17.369896032823732	4.118517213738287	1	6	Preserved_psI	0.11036582095762106
PP2A/SF3B1-like_HEAT	0.03387782140668871	43.39886975065768	5.439585565521308	1	3	Preserved_psI	0.07384049423108366
PPIase_dom_sf	0.19616867273059568	4.824086284160589	2.2702557116777435	1	19	Preserved_psI	0.24385416888939387
PPIase_FKBP_dom	0.16795866930550432	5.789559458319887	2.5334535742114856	1	16	Preserved_psI	0.21795792635309663
Preselin/SPP	0.07727713367475038	14.480118344678743	3.8560014883708726	1	7	Preserved_psI	0.12238953446195033
Presenilin_C	0.03387782140668871	43.39886975065768	5.439585565521308	1	3	Preserved_psI	0.07384049423108366
PRKCSH	0.022714132896351283	86.52854909889304	6.435104306803811	1	2	Preserved_psI	0.05844496086224485
PRMT5	0.0114220160606514	Inf	Inf	1	1	Preserved_psI	0.039910390748890884
PRMT5_C	0.0114220160606514	Inf	Inf	1	1	Preserved_psI	0.039910390748890884
PRMT5_TIM	0.0114220160606514	Inf	Inf	1	1	Preserved_psI	0.039910390748890884
Pro_4_hyd_alph	0.015779792668723397	11.628817594683706	3.539632507518985	2	17	Preserved_psI	0.05450097621736004
Pro_4_hyd_alph_FE2OG_OXY	0.12880637871270312	7.895993532343783	2.981120808074532	1	12	Preserved_psI	0.1763233659817186
Procol_lys_dOase	0.03387782140668871	43.39886975065768	5.439585565521308	1	3	Preserved_psI	0.07384049423108366
Prot_inhib_I29	0.07727713367475038	14.480118344678743	3.8560014883708726	1	7	Preserved_psI	0.12238953446195033
Prot_kinase_dom	0.0783688783449799	1.8398076173037219	0.8795549162428344	10	490	Preserved_psI	0.12390009287639427
Prot-tyrosine_phosphatase-like	0.9999999999999997	0.8395995848986721	-0.2522266415312055	1	104	Preserved_psI	1
Protein_kinase_ATP_BS	0.085297705860057485	1.8769988907521185	0.9084277975812056	8	383	Preserved_psI	0.1332137039960214
PRRT_domain-containing	0.0114220160606514	Inf	Inf	1	1	Preserved_psI	0.039910390748890884
PSS	0.022714132896351283	86.52854909889304	6.435104306803811	1	2	Preserved_psI	0.05844496086224485
PTB/PI_dom	0.37591635729978984	2.1687913953390066	1.1168912944195932	1	41	Preserved_psI	0.4188249241379792
Pur_nucleotidase	0.04491453590822862	28.93080613021652	4.854534618080992	1	4	Preserved_psI	0.08437919089035419
PWI_dom	0.0666127783508136	17.369896032823732	4.118517213738287	1	6	Preserved_psI	0.11036582095762106
PWI_dom_sf	0.03387782140668871	43.39886975065768	5.439585565521308	1	3	Preserved_psI	0.07384049423108366
PWWP_dom	0.025821410362088255	8.71936522760139	3.1242231101942433	2	22	Preserved_psI	0.06568732721007153
PWWP_HDGF	0.0114220160606514	Inf	Inf	1	1	Preserved_psI	0.039910390748890884
PX_dom	0.4242392129796139	1.8451694540294843	0.8837533145306506	1	48	Preserved_psI	0.4651609441461457
PX_dom_sf	0.4564568489180824	1.667276159146955	0.7374930847888759	1	53	Preserved_psI	0.49504619604883815
PYNP_C	0.0114220160606514	Inf	Inf	1	1	Preserved_psI	0.039910390748890884
PYNP-like_C_sf	0.0114220160606514	Inf	Inf	1	1	Preserved_psI	0.039910390748890884
Pyrmidine_PPas_bac/euk	0.0114220160606514	Inf	Inf	1	1	Preserved_psI	0.039910390748890884
Pyrmidine_PPase_CS	0.0114220160606514	Inf	Inf	1	1	Preserved_psI	0.039910390748890884
Quinoprotein_ADH-like_sf	4.0669317551794e-4	8.821461395996549	3.1410176777906096	5	55	Preserved_psI	0.03652104716151101
R2_ABCA1-4-like	0.1187350303723129	8.685525021636147	3.1186130594385304	1	11	Preserved_psI	0.1660810860970981
Rab	0.1774698490953033	5.428285071598463	2.440496487260462	1	17	Preserved_psI	0.2273436868581774
Rab_GAP_TBC_domain	0.28350133611229655	3.0998708627002918	1.6322081156212942	1	29	Preserved_psI	0.3297722795710392
Rab_GTPases_membrane_traffic	0.1774698490953033	5.428285071598463	2.440496487260462	1	17	Preserved_psI	0.2273436868581774
Rab-GAP_TBC_sf	0.4688354963782324	1.6053579480119076	0.682895012142114	1	55	Preserved_psI	0.5054192986166299
Rab-GAP-TBC_dom	0.46268166296077895	1.635733376999164	0.7099376095090952	1	54	Preserved_psI	0.5005881124563609
RabL4_euk	0.0114220160606514	Inf	Inf	1	1	Preserved_psI	0.039910390748890884
RAD3-like_helicase_DEAD	0.04491453590822862	28.93080613021652	4.854534618080992	1	4	Preserved_psI	0.08437919089035419
Rad3/Chl1-like	0.04491453590822862	28.93080613021652	4.854534618080992	1	4	Preserved_psI	0.08437919089035419
RAP	0.0666127783508136	17.369896032823732	4.118517213738287	1	6	Preserved_psI	0.11036582095762106
RBD_domain_sf	0.22569131727409458	1.7193878225716706	0.7818949936787193	5	259	Preserved_psI	0.2746216841627872
RBM25	0.0114220160606514	Inf	Inf	1	1	Preserved_psI	0.039910390748890884
RBM25_RRM	0.0114220160606514	Inf	Inf	1	1	Preserved_psI	0.039910390748890884
RBM5_RRM1	0.0114220160606514	Inf	Inf	1	1	Preserved_psI	0.039910390748890884
RBM5_RRM2	0.0114220160606514	Inf	Inf	1	1	Preserved_psI	0.039910390748890884
RBM6_OCRE	0.0114220160606514	Inf	Inf	1	1	Preserved_psI	0.039910390748890884
RBM6_RRM1	0.0114220160606514	Inf	Inf	1	1	Preserved_psI	0.039910390748890884
RBM6_RRM2	0.0114220160606514	Inf	Inf	1	1	Preserved_psI	0.039910390748890884
Rbsml_bL25/Gln-tRNA_synth_N	0.022714132896351283	86.52854909889304	6.435104306803811	1	2	Preserved_psI	0.05844496086224485
Rcat_RBR_HOIL1	0.0114220160606514	Inf	Inf	1	1	Preserved_psI	0.039910390748890884
REJ_dom	0.05582571432065141	21.702356245116384	4.439779780810707	1	5	Preserved_psI	0.09810467996075335
Rev_trsase/Diguanyl_cyclase	0.07727713367475038	14.480118344678743	3.8560014883708726	1	7	Preserved_psI	0.12238953446195033
REV1	0.0114220160606514	Inf	Inf	1	1	Preserved_psI	0.039910390748890884
Rev1_C	0.0114220160606514	Inf	Inf	1	1	Preserved_psI	0.039910390748890884
Rev1_C_sf	0.0114220160606514	Inf	Inf	1	1	Preserved_psI	0.039910390748890884
Rev1_UBM1/2	0.0114220160606514	Inf	Inf	1	1	Preserved_psI	0.039910390748890884
REX1-B	0.0114220160606514	Inf	Inf	1	1	Preserved_psI	0.039910390748890884
Rho_GTPase_activation_prot	0.9999999999999999	0.930346553631731	-0.10415987536043278	1	94	Preserved_psI	1
Rho-GAP	0.04491453590822862	28.93080613021652	4.854534618080992	1	4	Preserved_psI	0.08437919089035419
RhoGAP_dom	0.5531522552113004	1.2554481033355378	0.32820239292011333	1	70	Preserved_psI	0.5850774148171352
Riboflavin_transptr	0.03387782140668871	43.39886975065768	5.439585565521308	1	3	Preserved_psI	0.07384049423108366
Ribosomal_bL25/Gln-tRNA_synth	0.022714132896351283	86.52854909889304	6.435104306803811	1	2	Preserved_psI	0.05844496086224485
Ribosomal_Rsm22-like	0.0114220160606514	Inf	Inf	1	1	Preserved_psI	0.039910390748890884
Ribosomal_Su5_D2-typ_SF	0.3235570066328431	2.6296031004734557	1.394845062563353	1	34	Preserved_psI	0.37107815064660676
RING-HC_ZNF598/Hel2	0.0114220160606514	Inf	Inf	1	1	Preserved_psI	0.039910390748890884
RIPOR3	0.04491453590822862	28.93080613021652	4.854534618080992	1	4	Preserved_psI	0.08437919089035419
RmlC_Cupin_sf	0.09824326183178346	10.856066223856262	3.4404295214695164	1	9	Preserved_psI	0.1448644484810206
RmlC-like_jellyroll	0.02156036060864623	5.3556386483247955	2.4210586234970806	3	52	Preserved_psI	0.05844496086224485
RNA_methyltr_E_TRM7	0.0114220160606514	Inf	Inf	1	1	Preserved_psI	0.039910390748890884
RNA_methyltr_RlmE	0.03387782140668871	43.39886975065768	5.439585565521308	1	3	Preserved_psI	0.07384049423108366
RNA_MeTrfase_FtsJ_dom	0.05582571432065141	21.702356245116384	4.439779780810707	1	5	Preserved_psI	0.09810467996075335
RNA-DNA_Helicase	0.03387782140668871	43.39886975065768	5.439585565521308	1	3	Preserved_psI	0.07384049423108366
RNase_H2_suB	0.0114220160606514	Inf	Inf	1	1	Preserved_psI	0.039910390748890884
RNase_H2_suB_wHTH	0.0114220160606514	Inf	Inf	1	1	Preserved_psI	0.039910390748890884
RNaseH_sf	0.11521413512543349	3.5542782834802384	1.8295566421092901	2	51	Preserved_psI	0.16580495727987063
RNaseH-like_sf	0.18636215431524208	2.5973063309634203	1.377016178089885	2	69	Preserved_psI	0.2360221541895549
RNF220_mid	0.0114220160606514	Inf	Inf	1	1	Preserved_psI	0.039910390748890884
RNF220_RING	0.0114220160606514	Inf	Inf	1	1	Preserved_psI	0.039910390748890884
Rnh202_N	0.0114220160606514	Inf	Inf	1	1	Preserved_psI	0.039910390748890884
Rossmann-like_a/b/a_fold	0.39012075782113204	2.0652638783121233	1.0463261262503114	1	43	Preserved_psI	0.43303886344051495
RRM_dom	0.1934595503743055	1.9526373602910654	0.9654240398091853	5	229	Preserved_psI	0.24385416888939387
rRNA-MeTfrase_E	0.03387782140668871	43.39886975065768	5.439585565521308	1	3	Preserved_psI	0.07384049423108366
RRP8	0.0114220160606514	Inf	Inf	1	1	Preserved_psI	0.039910390748890884
RRP8_N	0.0114220160606514	Inf	Inf	1	1	Preserved_psI	0.039910390748890884
RTK	0.37591635729978984	2.1687913953390066	1.1168912944195932	1	41	Preserved_psI	0.4188249241379792
Rubisco_LSMT_subst-bd	0.03387782140668871	43.39886975065768	5.439585565521308	1	3	Preserved_psI	0.07384049423108366
Rubisco_LSMT_subst-bd_sf	0.03387782140668871	43.39886975065768	5.439585565521308	1	3	Preserved_psI	0.07384049423108366
Run_dom	0.019546609052725858	10.257882166473742	3.3586609989989533	2	19	Preserved_psI	0.05844496086224485
Run_dom_sf	0.019546609052725858	10.257882166473742	3.3586609989989533	2	19	Preserved_psI	0.05844496086224485
RUN1_DENND5A	0.0114220160606514	Inf	Inf	1	1	Preserved_psI	0.039910390748890884
RUN2_DENND5A	0.0114220160606514	Inf	Inf	1	1	Preserved_psI	0.039910390748890884
RUSC1_2	0.03387782140668871	43.39886975065768	5.439585565521308	1	3	Preserved_psI	0.07384049423108366
RuvA_2-like	0.09824326183178346	10.856066223856262	3.4404295214695164	1	9	Preserved_psI	0.1448644484810206
SAM	0.023544837488210308	3.8537782253638007	1.9462735507789666	4	95	Preserved_psI	0.06040932589832245
SAM-dependent_MTases_sf	0.01788008403472021	3.4608094459470147	1.7911095081154642	5	132	Preserved_psI	0.05844496086224485
SAM/pointed_sf	0.05660575843647537	2.8700761108920116	1.521088995908108	4	126	Preserved_psI	0.09928119350772438
SAP_dom	0.24108472846331183	3.774775125768857	1.9163907014969574	1	24	Preserved_psI	0.2882744156591931
SAP_dom_sf	0.2668255862373026	3.3386654183558906	1.7392715221328108	1	27	Preserved_psI	0.3132148711648337
Sas10/Utp3/C1D	0.03387782140668871	43.39886975065768	5.439585565521308	1	3	Preserved_psI	0.07384049423108366
SBF1/SBF2	0.022714132896351283	86.52854909889304	6.435104306803811	1	2	Preserved_psI	0.05844496086224485
SCO1/SenC	0.022714132896351283	86.52854909889304	6.435104306803811	1	2	Preserved_psI	0.05844496086224485
Scramblase	0.05582571432065141	21.702356245116384	4.439779780810707	1	5	Preserved_psI	0.09810467996075335
Ser_carbopepase_S28_SKS	0.03387782140668871	43.39886975065768	5.439585565521308	1	3	Preserved_psI	0.07384049423108366
Ser-Thr/Tyr_kinase_cat_dom	0.257788371416391	1.7290260729226121	0.7899596243257945	3	154	Preserved_psI	0.3048519690048037
Ser/Thr_kinase_AS	0.1739965106925838	1.7214667360838434	0.7836383039688049	6	311	Preserved_psI	0.22546733997393972
Ser/Thr_Kinases-Pseudokinases	0.1868727746422868	5.108833515822515	2.3529939226605454	1	18	Preserved_psI	0.2360221541895549
Ser/Thr-specific_kinases	0.0114220160606514	Inf	Inf	1	1	Preserved_psI	0.039910390748890884
SERAC1	0.0114220160606514	Inf	Inf	1	1	Preserved_psI	0.039910390748890884
SET_dom	0.4501602391650596	1.7000548614761601	0.7655813034820964	1	52	Preserved_psI	0.4905872509347373
SET_dom_sf	0.4501602391650596	1.7000548614761601	0.7655813034820964	1	52	Preserved_psI	0.4905872509347373
SETD3_SETD6_MTase	0.03387782140668871	43.39886975065768	5.439585565521308	1	3	Preserved_psI	0.07384049423108366
SETD6_SET	0.0114220160606514	Inf	Inf	1	1	Preserved_psI	0.039910390748890884
Seven-hairpin_glycosidases	0.07727713367475038	14.480118344678743	3.8560014883708726	1	7	Preserved_psI	0.12238953446195033
SF1_C_Upf1	0.1187350303723129	8.685525021636147	3.1186130594385304	1	11	Preserved_psI	0.1660810860970981
SF3b_su1	0.0114220160606514	Inf	Inf	1	1	Preserved_psI	0.039910390748890884
SF3b_su1-like	0.0114220160606514	Inf	Inf	1	1	Preserved_psI	0.039910390748890884
SGSM3_SH3	0.0114220160606514	Inf	Inf	1	1	Preserved_psI	0.039910390748890884
SH2	0.13153892451159188	2.4454538960633805	1.2901022659238264	3	110	Preserved_psI	0.17978988464445891
SH2_dom_sf	0.14197551557257201	2.3567530504758483	1.2368005954489196	3	114	Preserved_psI	0.18972323360739532
SH3_domain	0.32908568688114587	1.5837716430264457	0.663364334645374	4	224	Preserved_psI	0.3769374321674349
SH3-like_dom_sf	0.3166500932530529	1.6442125880578857	0.7173968439762116	4	216	Preserved_psI	0.36362120683023214
SH3TC1/SH3TC2	0.022714132896351283	86.52854909889304	6.435104306803811	1	2	Preserved_psI	0.05844496086224485
Ski2_N	0.0114220160606514	Inf	Inf	1	1	Preserved_psI	0.039910390748890884
SKI2-like	0.022714132896351283	86.52854909889304	6.435104306803811	1	2	Preserved_psI	0.05844496086224485
Ski2/MTR4_C	0.022714132896351283	86.52854909889304	6.435104306803811	1	2	Preserved_psI	0.05844496086224485
SKICH	0.05582571432065141	21.702356245116384	4.439779780810707	1	5	Preserved_psI	0.09810467996075335
SLBB_dom	0.0114220160606514	Inf	Inf	1	1	Preserved_psI	0.039910390748890884
SLC17A9-like	0.0114220160606514	Inf	Inf	1	1	Preserved_psI	0.039910390748890884
Sm	0.2668255862373026	3.3386654183558906	1.7392715221328108	1	27	Preserved_psI	0.3132148711648337
SM_dom_ATX	0.022714132896351283	86.52854909889304	6.435104306803811	1	2	Preserved_psI	0.05844496086224485
SMAD_FHA_dom_sf	0.4564568489180824	1.667276159146955	0.7374930847888759	1	53	Preserved_psI	0.49504619604883815
SMAD-like_dom_sf	0.16795866930550432	5.789559458319887	2.5334535742114856	1	16	Preserved_psI	0.21795792635309663
Small_GTP-bd	0.13468345224049955	2.0794680601042086	1.0562145258675846	4	172	Preserved_psI	0.18297388821780422
Small_GTPase	0.6756599875278794	1.256573509570907	0.3294950713708375	2	140	Preserved_psI	0.7038778060325239
Small_GTPase_ARF	0.21444422461375778	4.341425783734459	2.1181689213143042	1	21	Preserved_psI	0.2623581930560688
Small_GTPase_ARF/SAR	0.3157283592643145	2.711858140040124	1.439281711655112	1	33	Preserved_psI	0.363026973904423
Small_GTPase_Rab	0.2053587563024725	4.5705000343308315	2.1923520115822073	1	20	Preserved_psI	0.2536618475373044
SNARE	0.19616867273059568	4.824086284160589	2.2702557116777435	1	19	Preserved_psI	0.24385416888939387
Sodium:Solute_Symporter_SSF	0.04491453590822862	28.93080613021652	4.854534618080992	1	4	Preserved_psI	0.08437919089035419
SoHo_dom	0.03387782140668871	43.39886975065768	5.439585565521308	1	3	Preserved_psI	0.07384049423108366
Sphingomyelin_synth-like	0.03387782140668871	43.39886975065768	5.439585565521308	1	3	Preserved_psI	0.07384049423108366
Sphingomyelin_synth-like_dom	0.03387782140668871	43.39886975065768	5.439585565521308	1	3	Preserved_psI	0.07384049423108366
SPIN-DOC_Znf-C2H2	0.05582571432065141	21.702356245116384	4.439779780810707	1	5	Preserved_psI	0.09810467996075335
SSDP_DNA-bd	0.03387782140668871	43.39886975065768	5.439585565521308	1	3	Preserved_psI	0.07384049423108366
Ssp411	0.0114220160606514	Inf	Inf	1	1	Preserved_psI	0.039910390748890884
Ssp411-like_TRX	0.0114220160606514	Inf	Inf	1	1	Preserved_psI	0.039910390748890884
STAMBP/STALP-like_MPN	0.022714132896351283	86.52854909889304	6.435104306803811	1	2	Preserved_psI	0.05844496086224485
STAT	0.07727713367475038	14.480118344678743	3.8560014883708726	1	7	Preserved_psI	0.12238953446195033
STAT_linker	0.07727713367475038	14.480118344678743	3.8560014883708726	1	7	Preserved_psI	0.12238953446195033
STAT_N_sf	0.07727713367475038	14.480118344678743	3.8560014883708726	1	7	Preserved_psI	0.12238953446195033
STAT_TF_alpha	0.07727713367475038	14.480118344678743	3.8560014883708726	1	7	Preserved_psI	0.12238953446195033
STAT_TF_coiled-coil	0.07727713367475038	14.480118344678743	3.8560014883708726	1	7	Preserved_psI	0.12238953446195033
STAT_TF_DNA-bd	0.07727713367475038	14.480118344678743	3.8560014883708726	1	7	Preserved_psI	0.12238953446195033
STAT_TF_DNA-bd_N	0.07727713367475038	14.480118344678743	3.8560014883708726	1	7	Preserved_psI	0.12238953446195033
STAT_TF_prot_interaction	0.07727713367475038	14.480118344678743	3.8560014883708726	1	7	Preserved_psI	0.12238953446195033
STAT2_C	0.0114220160606514	Inf	Inf	1	1	Preserved_psI	0.039910390748890884
STAT2_SH2	0.0114220160606514	Inf	Inf	1	1	Preserved_psI	0.039910390748890884
STE20_Ser-Thr_kinase	0.04491453590822862	28.93080613021652	4.854534618080992	1	4	Preserved_psI	0.08437919089035419
Sugar_transporter_CS	0.30780950916685773	2.7995122579147904	1.4851754970339965	1	32	Preserved_psI	0.35528655428256845
Surface_Rcpt/Adhesion_Mol	0.04491453590822862	28.93080613021652	4.854534618080992	1	4	Preserved_psI	0.08437919089035419
SWIRM	0.0666127783508136	17.369896032823732	4.118517213738287	1	6	Preserved_psI	0.11036582095762106
Syntaxin	0.14860656970610325	6.680684384014732	2.739995903125803	1	14	Preserved_psI	0.19595991130114643
Syntaxin_N	0.10854776747252792	9.651308333755296	3.2707245277359536	1	10	Preserved_psI	0.15671365786226701
Syntaxin/epimorphin_CS	0.15833799448959712	6.203275667807527	2.6330302383615307	1	15	Preserved_psI	0.206968732244044
Synth_of_cyt-c-oxidase_Sco1/2	0.022714132896351283	86.52854909889304	6.435104306803811	1	2	Preserved_psI	0.05844496086224485
T_SNARE_dom	0.2668255862373026	3.3386654183558906	1.7392715221328108	1	27	Preserved_psI	0.3132148711648337
TAF_TATA-bd_Histone-like_dom	0.16795866930550432	5.789559458319887	2.5334535742114856	1	16	Preserved_psI	0.21795792635309663
TAF6	0.022714132896351283	86.52854909889304	6.435104306803811	1	2	Preserved_psI	0.05844496086224485
TAF6_C	0.022714132896351283	86.52854909889304	6.435104306803811	1	2	Preserved_psI	0.05844496086224485
TAF6_C_sf	0.022714132896351283	86.52854909889304	6.435104306803811	1	2	Preserved_psI	0.05844496086224485
Tafazzin	0.0114220160606514	Inf	Inf	1	1	Preserved_psI	0.039910390748890884
Tapasin	0.0114220160606514	Inf	Inf	1	1	Preserved_psI	0.039910390748890884
Tet-R_TetA/multi-R_MdtG-like	0.09824326183178346	10.856066223856262	3.4404295214695164	1	9	Preserved_psI	0.1448644484810206
TF_DNA-bd_sf	0.2053587563024725	4.5705000343308315	2.1923520115822073	1	20	Preserved_psI	0.2536618475373044
TFR-like_dimer_dom_sf	0.0666127783508136	17.369896032823732	4.118517213738287	1	6	Preserved_psI	0.11036582095762106
TfR1/2_PA	0.022714132896351283	86.52854909889304	6.435104306803811	1	2	Preserved_psI	0.05844496086224485
Tgfb1i1/Leupaxin/TGFB1I1	0.03387782140668871	43.39886975065768	5.439585565521308	1	3	Preserved_psI	0.07384049423108366
TGS	0.07727713367475038	14.480118344678743	3.8560014883708726	1	7	Preserved_psI	0.12238953446195033
TGS-like	0.07727713367475038	14.480118344678743	3.8560014883708726	1	7	Preserved_psI	0.12238953446195033
Thioredoxin_domain	0.36869112200260346	2.22437798987519	1.1534019669203197	1	40	Preserved_psI	0.4128237251350847
Thioredoxin-like_sf	0.18047119192897432	2.0913949308756674	1.064465520567544	3	128	Preserved_psI	0.23085916004589593
Thymidine/pyrmidine_PPase	0.0114220160606514	Inf	Inf	1	1	Preserved_psI	0.039910390748890884
TM_138	0.0114220160606514	Inf	Inf	1	1	Preserved_psI	0.039910390748890884
TMC	0.0878201701176444	12.4078479249894	3.633181004297268	1	8	Preserved_psI	0.1332137039960214
TMC_dom	0.0878201701176444	12.4078479249894	3.633181004297268	1	8	Preserved_psI	0.1332137039960214
TMEM126	0.022714132896351283	86.52854909889304	6.435104306803811	1	2	Preserved_psI	0.05844496086224485
TORC	0.03387782140668871	43.39886975065768	5.439585565521308	1	3	Preserved_psI	0.07384049423108366
TORC_C	0.03387782140668871	43.39886975065768	5.439585565521308	1	3	Preserved_psI	0.07384049423108366
TORC_M	0.03387782140668871	43.39886975065768	5.439585565521308	1	3	Preserved_psI	0.07384049423108366
TORC_N	0.03387782140668871	43.39886975065768	5.439585565521308	1	3	Preserved_psI	0.07384049423108366
TPP1/Est3	0.0114220160606514	Inf	Inf	1	1	Preserved_psI	0.039910390748890884
TPR_IF140_C	0.0114220160606514	Inf	Inf	1	1	Preserved_psI	0.039910390748890884
TPR_IF140/IFT172/WDR19	0.04491453590822862	28.93080613021652	4.854534618080992	1	4	Preserved_psI	0.08437919089035419
TPR_rpt	1	0.6348153104840816	-0.6555911713565291	1	137	Preserved_psI	1
TPR-like_helical_dom_sf	0.746032574989905	1.1665230789142982	0.22221485040469816	3	226	Preserved_psI	0.7718171109918602
TRIAD_supradom	0.14860656970610325	6.680684384014732	2.739995903125803	1	14	Preserved_psI	0.19595991130114643
Tripartite_DENN	0.0016801853525429053	14.598913833580871	3.8677891307599115	3	21	Preserved_psI	0.039910390748890884
TrmE/GcvT_dom1	0.0026266464071933175	34.878190877763664	5.124253304745096	2	7	Preserved_psI	0.039910390748890884
tRNA_splic_suSen54	0.0114220160606514	Inf	Inf	1	1	Preserved_psI	0.039910390748890884
tRNA_splic_suSen54_N	0.0114220160606514	Inf	Inf	1	1	Preserved_psI	0.039910390748890884
tRNA-synt_1c_C2	0.022714132896351283	86.52854909889304	6.435104306803811	1	2	Preserved_psI	0.05844496086224485
tRNAsynth_Ia_anticodon-bd	0.13876312569452648	7.238985498606098	2.855787526219561	1	13	Preserved_psI	0.185984010259231
Trypsin_dom	1	0.7323171313863337	-0.4494595491126634	1	119	Preserved_psI	1
TsaD	0.0114220160606514	Inf	Inf	1	1	Preserved_psI	0.039910390748890884
TXTP-like	0.0114220160606514	Inf	Inf	1	1	Preserved_psI	0.039910390748890884
Type_1_exporter	0.12880637871270312	7.895993532343783	2.981120808074532	1	12	Preserved_psI	0.1763233659817186
Tyr_kinase_AS	0.2999685834335219	1.8488866997591362	0.8866568187367613	2	96	Preserved_psI	0.347576500546197
Tyr_kinase_cat_dom	0.2491965434907304	2.1206628382980592	1.084515266704813	2	84	Preserved_psI	0.29667670237761207
Tyr_kinase_non-rcpt_Jak/Tyk2	0.04491453590822862	28.93080613021652	4.854534618080992	1	4	Preserved_psI	0.08437919089035419
Tyr_kinase_non-rcpt_TYK2_N	0.0114220160606514	Inf	Inf	1	1	Preserved_psI	0.039910390748890884
Tyr_kinase_rcpt_2_CS	0.1187350303723129	8.685525021636147	3.1186130594385304	1	11	Preserved_psI	0.1660810860970981
Ub_conjugating_enzyme	0.24108472846331183	3.774775125768857	1.9163907014969574	1	24	Preserved_psI	0.2882744156591931
UBA_autophagy_assoc_protein	0.03387782140668871	43.39886975065768	5.439585565521308	1	3	Preserved_psI	0.07384049423108366
UbiE/COQ5_MeTrFase_CS	0.022714132896351283	86.52854909889304	6.435104306803811	1	2	Preserved_psI	0.05844496086224485
Ubiquitin-like_dom	0.49856784291293615	1.46893076493408	0.5547663989982352	1	60	Preserved_psI	0.5342648245057477
Ubiquitin-like_domsf	0.728355647308318	0.4580084165656888	-1.1265539847179564	1	189	Preserved_psI	0.7561426257605429
UBQ-conjugat_E2_core	0.3613826071114752	2.283084852777461	1.1909844795391196	1	39	Preserved_psI	0.4056519764826309
UBQ-conjugating_AS	0.2583433723971666	3.4723802347196915	1.7959249353137428	1	26	Preserved_psI	0.3048519690048037
UBQ-conjugating_enzyme/RWD	0.12654170465516837	3.348970068789791	1.743717482105691	2	54	Preserved_psI	0.1763233659817186
uDENN_dom	7.378761405591206e-4	20.217481963440743	4.3375314192760195	3	16	Preserved_psI	0.039910390748890884
UDP-sugar_pyrophosphorylase	0.022714132896351283	86.52854909889304	6.435104306803811	1	2	Preserved_psI	0.05844496086224485
UDPGP_fam	0.03387782140668871	43.39886975065768	5.439585565521308	1	3	Preserved_psI	0.07384049423108366
UIM_dom	0.21444422461375778	4.341425783734459	2.1181689213143042	1	21	Preserved_psI	0.2623581930560688
UmuC	0.04491453590822862	28.93080613021652	4.854534618080992	1	4	Preserved_psI	0.08437919089035419
Ureohydrolase_dom_sf	0.012366622737187175	13.416578308890436	3.7459448762447396	2	15	Preserved_psI	0.04304351634881427
USF	0.022714132896351283	86.52854909889304	6.435104306803811	1	2	Preserved_psI	0.05844496086224485
USP8_dimer	0.03387782140668871	43.39886975065768	5.439585565521308	1	3	Preserved_psI	0.07384049423108366
Villin/Gelsolin	0.0878201701176444	12.4078479249894	3.633181004297268	1	8	Preserved_psI	0.1332137039960214
Vinexin_SH3_1	0.0114220160606514	Inf	Inf	1	1	Preserved_psI	0.039910390748890884
Vinexin_SH3_2	0.0114220160606514	Inf	Inf	1	1	Preserved_psI	0.039910390748890884
Vinexin_SH3_3	0.0114220160606514	Inf	Inf	1	1	Preserved_psI	0.039910390748890884
VKG_COase	0.0114220160606514	Inf	Inf	1	1	Preserved_psI	0.039910390748890884
VKGC_lumenal_dom	0.0114220160606514	Inf	Inf	1	1	Preserved_psI	0.039910390748890884
Volt_channel_dom_sf	0.5266427588978002	1.353866682642812	0.437085681483371	1	65	Preserved_psI	0.561989497496149
Vps28	0.0114220160606514	Inf	Inf	1	1	Preserved_psI	0.039910390748890884
VPS28_C	0.0114220160606514	Inf	Inf	1	1	Preserved_psI	0.039910390748890884
VPS28_C_sf	0.0114220160606514	Inf	Inf	1	1	Preserved_psI	0.039910390748890884
VPS28_N	0.0114220160606514	Inf	Inf	1	1	Preserved_psI	0.039910390748890884
VPS28_N_sf	0.0114220160606514	Inf	Inf	1	1	Preserved_psI	0.039910390748890884
VWF_dom	0.3613826071114752	2.283084852777461	1.1909844795391196	1	39	Preserved_psI	0.4056519764826309
vWFA_dom_sf	1	0.9011374651312718	-0.15018089435808607	1	97	Preserved_psI	1
WD_repeat_EMAP	0.09824326183178346	10.856066223856262	3.4404295214695164	1	9	Preserved_psI	0.1448644484810206
WD40_MABP1-WDR62_1st	0.022714132896351283	86.52854909889304	6.435104306803811	1	2	Preserved_psI	0.05844496086224485
WD40_MABP1-WDR62_2nd	0.022714132896351283	86.52854909889304	6.435104306803811	1	2	Preserved_psI	0.05844496086224485
WD40_repeat_CS	0.08328371213438064	2.4988627497803715	1.321271663469842	4	144	Preserved_psI	0.13143896923844256
WD40_repeat_dom_sf	8.691355663252201e-4	3.316468891637162	1.7296479935094629	11	308	Preserved_psI	0.039910390748890884
WD40_rpt	0.0011602650650913869	3.4214548130041162	1.774609893890172	10	271	Preserved_psI	0.039910390748890884
WD40/YVTN_repeat-like_dom_sf	0.002447031695601492	2.8906930594277087	1.5314154282025167	11	351	Preserved_psI	0.039910390748890884
WDR11	0.0114220160606514	Inf	Inf	1	1	Preserved_psI	0.039910390748890884
WDR62	0.0114220160606514	Inf	Inf	1	1	Preserved_psI	0.039910390748890884
WDR62-MABP1_CC	0.022714132896351283	86.52854909889304	6.435104306803811	1	2	Preserved_psI	0.05844496086224485
WDR91	0.0114220160606514	Inf	Inf	1	1	Preserved_psI	0.039910390748890884
WH_DNA-bd_sf	0.9999999999999999	0.7813586039287398	-0.355943270756502	2	223	Preserved_psI	1
WH-like_DNA-bd_sf	0.7617544310270534	1.064961503152816	0.09080128001511159	3	247	Preserved_psI	0.7862706655888436
WSC_carb-bd	0.05582571432065141	21.702356245116384	4.439779780810707	1	5	Preserved_psI	0.09810467996075335
WW_dom	0.11896028610610508	3.4832681550717877	1.8004415412854384	2	52	Preserved_psI	0.1661373824623365
WW_dom_sf	0.10416827933635861	3.7869836331736546	1.9210491861047647	2	48	Preserved_psI	0.15334936859680331
XPB/Ssl2	0.0114220160606514	Inf	Inf	1	1	Preserved_psI	0.039910390748890884
XPB/Ssl2_N	0.0114220160606514	Inf	Inf	1	1	Preserved_psI	0.039910390748890884
Yif1_fam	0.022714132896351283	86.52854909889304	6.435104306803811	1	2	Preserved_psI	0.05844496086224485
ZF_C2H2_AKAP95	0.03387782140668871	43.39886975065768	5.439585565521308	1	3	Preserved_psI	0.07384049423108366
Zinc_finger_PHD-type_CS	0.5582740397629097	1.2374515986546402	0.30737209711424374	1	71	Preserved_psI	0.5891070360835404
ZMY15	0.0114220160606514	Inf	Inf	1	1	Preserved_psI	0.039910390748890884
Znf_AD	0.022714132896351283	86.52854909889304	6.435104306803811	1	2	Preserved_psI	0.05844496086224485
Znf_C2H2_sf	0.013898114334704425	0.21798470262539454	-2.197701199430301	2	772	Preserved_psI	0.048187284450056274
Znf_C2H2_type	0.3933784653120966	0.6430413420196086	-0.6370166014875873	6	802	Preserved_psI	0.43611587882748487
ZnF_C2H2-type_TF	0.09824326183178346	10.856066223856262	3.4404295214695164	1	9	Preserved_psI	0.1448644484810206
Znf_C2H2C	0.003475878574492146	29.053747702698548	4.860652366722547	2	8	Preserved_psI	0.039910390748890884
Znf_C2H2C_sf	0.0026266464071933175	34.878190877763664	5.124253304745096	2	7	Preserved_psI	0.039910390748890884
Znf_CCCH	0.49275700520366333	1.4943300250928895	0.5794988047432656	1	59	Preserved_psI	0.5293011850154183
Znf_CXXC	0.13876312569452648	7.238985498606098	2.855787526219561	1	13	Preserved_psI	0.185984010259231
Znf_FYVE_PHD	1	0.6255518030894185	-0.6767987333330275	1	139	Preserved_psI	1
Znf_LIM	0.2071088598972615	2.4165332331856595	1.2729388354535998	2	74	Preserved_psI	0.25547219256557807
Znf_MIZ	0.07727713367475038	14.480118344678743	3.8560014883708726	1	7	Preserved_psI	0.12238953446195033
Znf_MYND	0.21444422461375778	4.341425783734459	2.1181689213143042	1	21	Preserved_psI	0.2623581930560688
Znf_PHD	1	0.983453761614372	-0.024070871013754748	1	89	Preserved_psI	1
Znf_PHD-finger	0.6018178790933576	1.095985667742889	0.13222893222959314	1	80	Preserved_psI	0.6320847431881113
Znf_RanBP2	0.032795173788373794	7.581849636617118	2.9225498452374064	2	25	Preserved_psI	0.07384049423108366
Znf_RanBP2_sf	0.028071068647893774	8.303928017602288	3.0537939377831838	2	23	Preserved_psI	0.07120853007290567
Znf_RING	0.9999999999999998	0.8608090198297247	-0.21623489989775466	3	304	Preserved_psI	1
Znf_RING_CS	0.9999999999999998	0.5039877920254319	-0.9885393067924827	1	172	Preserved_psI	1
Znf_RING/FYVE/PHD	0.6634973543732309	1.115000385622729	0.15704420910154657	6	473	Preserved_psI	0.6928146793339085
Znf-C2H2_ZNF598/Hel2	0.0114220160606514	Inf	Inf	1	1	Preserved_psI	0.039910390748890884
Znf-C4pol	3.8675587567629533e-4	173.82870649761506	7.441522541788362	2	3	Preserved_psI	0.03652104716151101
Znf-RING_euk	0.43083134438442716	1.8065017008141315	0.8531986130626109	1	49	Preserved_psI	0.47181286250879956
ZNF598/Hel2	0.0114220160606514	Inf	Inf	1	1	Preserved_psI	0.039910390748890884
ZU5_dom	0.13876312569452648	7.238985498606098	2.855787526219561	1	13	Preserved_psI	0.185984010259231
14-3-3	0.03270576799966266	35.33666737646099	5.143094079707096	1	7	Preserved_psE	0.05488554170058332
14-3-3_CS	0.03270576799966266	35.33666737646099	5.143094079707096	1	7	Preserved_psE	0.05488554170058332
14-3-3_dom_sf	0.03270576799966266	35.33666737646099	5.143094079707096	1	7	Preserved_psE	0.05488554170058332
14-3-3_domain	0.03270576799966266	35.33666737646099	5.143094079707096	1	7	Preserved_psE	0.05488554170058332
A-sol_ELP1	0.0047383909421916314	Inf	Inf	1	1	Preserved_psE	0.016471549465713768
aa-tRNA-synth_I_CS	0.06878932330100912	15.143026050611368	3.9205816246484484	1	15	Preserved_psE	0.09595453377656686
aa-tRNA-synth_Ia	0.028099143173112063	42.34555868952088	5.4041387588342875	1	6	Preserved_psE	0.04962671253960921
aa-tRNA-synth_II	0.0032352824654746522	26.781851695836025	4.743183806858264	2	18	Preserved_psE	0.016471549465713768
aa-tRNA-synth_II/BPL/LPL	0.007219488859977878	17.13040426034512	4.098487292865802	2	27	Preserved_psE	0.024324124005156232
Actin	0.13700792223500072	7.064365635975613	2.8205600156304054	1	31	Preserved_psE	0.16440950668200086
Actin_CS	0.07320506725061504	14.135922428842893	3.8212941230933546	1	16	Preserved_psE	0.10082962093009241
Actin/actin-like_CS	0.08197449191639337	12.46929782442143	3.640308320780894	1	18	Preserved_psE	0.11116045653058915
Actinin_actin-bd_CS	1.7039047797876898e-4	32.45910236378698	5.0205511984941555	3	23	Preserved_psE	0.006427413555266602
ADAM_Cys-rich	0.12043168870322483	8.149607165140855	3.0267305189066307	1	27	Preserved_psE	0.1465252212555902
AKAP95	0.014148624544910374	106.00924153713753	6.728046229455938	1	3	Preserved_psE	0.03278887592947484
Aldolase_TIM	0.204076032603617	4.50462296792421	2.1714063590756494	1	48	Preserved_psE	0.22802373030710266
ALG1-like	0.00945456476803419	210.13823307151745	7.715194863182732	1	2	Preserved_psE	0.02556234178024059
Alkaline_phosphatase_core_sf	0.14517974239992915	6.621153199615948	2.7270825116661563	1	33	Preserved_psE	0.17047916131680688
Alpha_Spectrin_SH3	0.0047383909421916314	Inf	Inf	1	1	Preserved_psE	0.016471549465713768
Aminopeptidase_N-like_N	0.0509172099734542	21.19594272950965	4.405716229288966	1	11	Preserved_psE	0.07716864348917972
Aminopeptidase_N-like_N_sf	0.05989528898122689	17.6573078031613	4.142193487980762	1	13	Preserved_psE	0.08744712191259126
AMP-bd_C	0.09066180468526266	11.157802973126028	3.479981076192974	1	20	Preserved_psE	0.11679373662395603
AMP-bd_C_sf	0.1035404762544546	9.63415341633733	3.2681578978948687	1	23	Preserved_psE	0.12920435498419122
AMP-binding_CS	0.11623864426458617	8.4774066109642785	3.083622986282163	1	26	Preserved_psE	0.14301271401092344
AMP-dep_synth/lig_dom	0.13289307344019674	7.307601494416605	2.8693979615920076	1	30	Preserved_psE	0.1599097971615554
ANL_N_sf	0.13289307344019674	7.307601494416605	2.8693979615920076	1	30	Preserved_psE	0.1599097971615554
Anticodon-bd	7.826785923382895e-4	61.156027703702684	5.934422796578181	2	9	Preserved_psE	0.01558241924746231
Anticodon-bd_dom_sf	0.0011883935084652224	47.62392023842836	5.573614478111192	2	11	Preserved_psE	0.016471549465713768
Apc4-like_WD40_dom	0.0509172099734542	21.19594272950965	4.405716229288966	1	11	Preserved_psE	0.07716864348917972
ARM-like	0.3132341666668269	1.789009679140497	0.8391611928734545	2	239	Preserved_psE	0.33875695061745725
ARM-type_fold	0.08694205907068132	2.469136500987913	1.3040065950286206	4	353	Preserved_psE	0.11470066829204344
ATPase_NBD	0.04025648413763819	6.578500998112606	2.717758883510687	2	67	Preserved_psE	0.06435160603023915
B30.2/SPRY	0.07883580329714925	4.4481158355367	2.153194358470227	2	98	Preserved_psE	0.10723627901910364
B30.2/SPRY_sf	0.08868955863791983	4.144061322672834	2.05104535178446	2	105	Preserved_psE	0.11665473478501168
Bbox_C	0.07320506725061504	14.135922428842893	3.8212941230933546	1	16	Preserved_psE	0.10082962093009241
BIP_NBD	0.0047383909421916314	Inf	Inf	1	1	Preserved_psE	0.016471549465713768
Bromodomain	0.18490434304494793	5.043000306429869	2.334282312958302	1	43	Preserved_psE	0.20927158205087132
Bromodomain-like_sf	0.1887748862525221	4.925728465803303	2.3003371004645015	1	44	Preserved_psE	0.21310154685207391
Butyrophylin_SPRY	0.29344216546444657	2.937298939332666	1.5544901013269312	1	73	Preserved_psE	0.3197205683418597
C11orf54_DUF1907	0.00945456476803419	210.13823307151745	7.715194863182732	1	2	Preserved_psE	0.02556234178024059
CALM/Myosin/TropC-like	0.07320506725061504	14.135922428842893	3.8212941230933546	1	16	Preserved_psE	0.10082962093009241
CatC	0.0047383909421916314	Inf	Inf	1	1	Preserved_psE	0.016471549465713768
CathepsinC_exc	0.0047383909421916314	Inf	Inf	1	1	Preserved_psE	0.016471549465713768
CathepsinC_exc_dom_sf	0.0047383909421916314	Inf	Inf	1	1	Preserved_psE	0.016471549465713768
cDENN_dom	0.002884680998976928	28.561254384871692	4.835987437527942	2	17	Preserved_psE	0.016471549465713768
Cep209_CC5	0.0047383909421916314	Inf	Inf	1	1	Preserved_psE	0.016471549465713768
Cep290	0.0047383909421916314	Inf	Inf	1	1	Preserved_psE	0.016471549465713768
CH_dom	5.954198664386134e-4	11.341451163583693	3.5035333429770725	4	81	Preserved_psE	0.013725994815795403
CH_dom_sf	6.529226669796349e-4	11.053372869052845	3.466414761242735	4	83	Preserved_psE	0.014299006406854005
Chap_CCT_zeta	0.00945456476803419	210.13823307151745	7.715194863182732	1	2	Preserved_psE	0.02556234178024059
Chaperone_TCP-1	0.0509172099734542	21.19594272950965	4.405716229288966	1	11	Preserved_psE	0.07716864348917972
Chaperonin_TCP-1_CS	0.04185430062029609	26.509410623638136	4.728432690411035	1	9	Preserved_psE	0.06594310673269671
CK1_Ser-Thr_kinase	0.05989528898122689	17.6573078031613	4.142193487980762	1	13	Preserved_psE	0.08744712191259126
Clusterin	0.0047383909421916314	Inf	Inf	1	1	Preserved_psE	0.016471549465713768
Clusterin_C	0.00945456476803419	210.13823307151745	7.715194863182732	1	2	Preserved_psE	0.02556234178024059
Clusterin_CS	0.0047383909421916314	Inf	Inf	1	1	Preserved_psE	0.016471549465713768
Clusterin_N	0.00945456476803419	210.13823307151745	7.715194863182732	1	2	Preserved_psE	0.02556234178024059
Clusterin-like	0.00945456476803419	210.13823307151745	7.715194863182732	1	2	Preserved_psE	0.02556234178024059
ConA-like_dom_sf	0.09417446067127593	2.8589700937660556	1.5154955287479321	3	228	Preserved_psE	0.1205768385975203
COX23	0.0047383909421916314	Inf	Inf	1	1	Preserved_psE	0.016471549465713768
COX6B-like	0.01882067286718083	70.57018984211048	6.140986985902981	1	4	Preserved_psE	0.039068505762204754
Cpn60/GroEL/TCP-1	0.06878932330100912	15.143026050611368	3.9205816246484484	1	15	Preserved_psE	0.09595453377656686
Cys_alpha_HP_mot_SF	0.023470811858331657	52.92591853900028	5.725902497573911	1	5	Preserved_psE	0.04450309780930418
CysJ-like_FAD-binding	0.028099143173112063	42.34555868952088	5.4041387588342875	1	6	Preserved_psE	0.04962671253960921
dDENN_dom	0.002553164056920956	30.595079159824042	4.935227726805182	2	16	Preserved_psE	0.016471549465713768
DEAD_box_RNA_helicase	0.05541680399743478	19.27331245673577	4.268532640273796	1	12	Preserved_psE	0.08284150222142128
DEAD/DEAH_box_helicase_dom	0.04814888440196846	5.936952506925728	2.569722572211047	2	74	Preserved_psE	0.07425778650726121
DEN5A/B	0.00945456476803419	210.13823307151745	7.715194863182732	1	2	Preserved_psE	0.02556234178024059
DENN_C	0.002553164056920956	30.595079159824042	4.935227726805182	2	16	Preserved_psE	0.016471549465713768
DENN_Domain_GEFs	0.028099143173112063	42.34555868952088	5.4041387588342875	1	6	Preserved_psE	0.04962671253960921
Disintegrin_CS	0.07320506725061504	14.135922428842893	3.8212941230933546	1	16	Preserved_psE	0.10082962093009241
Disintegrin_dom	0.09497490711448517	10.59980233147345	3.4059654560850823	1	21	Preserved_psE	0.1205768385975203
Disintegrin_dom_sf	0.09497490711448517	10.59980233147345	3.4059654560850823	1	21	Preserved_psE	0.1205768385975203
DNA/RNA_helicase_DEAH_CS	0.09926776630282773	10.092035385501557	3.3351452648158104	1	22	Preserved_psE	0.12458246888435112
DnaJ_domain	0.21536416035490497	4.234239618775935	2.0821029148433627	1	51	Preserved_psE	0.24002417871615364
DSL	0.01882067286718083	70.57018984211048	6.140986985902981	1	4	Preserved_psE	0.039068505762204754
ECM1	0.0047383909421916314	Inf	Inf	1	1	Preserved_psE	0.016471549465713768
EF_Hand_1_Ca_BS	0.056305134686871164	3.5821864841290907	1.84084044417066	3	183	Preserved_psE	0.0838831598396244
EF_hand_dom	0.09794784521246236	2.8084740174675074	1.4897864559184206	3	232	Preserved_psE	0.12399178093369512
EF-hand_Ca_insen	3.291552844295927e-4	107.03713077121701	6.741967538616956	2	6	Preserved_psE	0.008480589092950682
EF-hand-dom_pair	0.14098908739655322	2.3681784518528075	1.243777797986638	3	274	Preserved_psE	0.16703597432490605
EGF_Ca-bd_CS	0.3847286665502527	2.0910029693986854	1.0641951106762804	1	102	Preserved_psE	0.40801732675305247
EGF_extracell	0.0032352824654746522	26.781851695836025	4.743183806858264	2	18	Preserved_psE	0.016471549465713768
EGF-like_Ca-bd_dom	0.45398777096452525	1.6740315705774442	0.7433267359444282	1	127	Preserved_psE	0.47914853899388443
EGF-like_CS	0.1572941195002337	6.052799091871731	2.597602465046013	1	36	Preserved_psE	0.18323091580080417
EGF-like_dom	0.31148908659800617	1.7966629877353344	0.845319818129673	2	238	Preserved_psE	0.33770351467803644
EGF-type_Asp/Asn_hydroxyl_site	0.3788263700610875	2.1334828058449937	1.0932104836245096	1	100	Preserved_psE	0.40273288856008815
eIF3i	0.0047383909421916314	Inf	Inf	1	1	Preserved_psE	0.016471549465713768
Elp1	0.0047383909421916314	Inf	Inf	1	1	Preserved_psE	0.016471549465713768
ELP1_b-prop_2	0.0047383909421916314	Inf	Inf	1	1	Preserved_psE	0.016471549465713768
ELP1_N_b-prop_1	0.0047383909421916314	Inf	Inf	1	1	Preserved_psE	0.016471549465713768
Emp24-like	0.04639640847663704	23.567567262124275	4.558730940450182	1	10	Preserved_psE	0.0718078689497068
EPHD	0.09926776630282773	10.092035385501557	3.3351452648158104	1	22	Preserved_psE	0.12458246888435112
ER_disulfide_reductase	0.0047383909421916314	Inf	Inf	1	1	Preserved_psE	0.016471549465713768
ERdj5	0.0047383909421916314	Inf	Inf	1	1	Preserved_psE	0.016471549465713768
ERdj5_TRX_C	0.0047383909421916314	Inf	Inf	1	1	Preserved_psE	0.016471549465713768
ERdj5_TRX_N	0.0047383909421916314	Inf	Inf	1	1	Preserved_psE	0.016471549465713768
Euk_RNA-bind_prot	0.04185430062029609	26.509410623638136	4.728432690411035	1	9	Preserved_psE	0.06594310673269671
FAD-bd_FR_type	0.09066180468526266	11.157802973126028	3.479981076192974	1	20	Preserved_psE	0.11679373662395603
FAD/NAD-bd_sf	0.2338267245248345	3.8484182626348447	1.944265605926161	1	56	Preserved_psE	0.25604026335469376
Fancl	0.0047383909421916314	Inf	Inf	1	1	Preserved_psE	0.016471549465713768
FANCL_C	0.0047383909421916314	Inf	Inf	1	1	Preserved_psE	0.016471549465713768
FANCL_d2	0.0047383909421916314	Inf	Inf	1	1	Preserved_psE	0.016471549465713768
FANCL_d3	0.0047383909421916314	Inf	Inf	1	1	Preserved_psE	0.016471549465713768
FANCL_d3_sf	0.0047383909421916314	Inf	Inf	1	1	Preserved_psE	0.016471549465713768
FancL_WD-rpt_cont_dom	0.0047383909421916314	Inf	Inf	1	1	Preserved_psE	0.016471549465713768
FAR	0.00945456476803419	210.13823307151745	7.715194863182732	1	2	Preserved_psE	0.02556234178024059
FAR_C	0.00945456476803419	210.13823307151745	7.715194863182732	1	2	Preserved_psE	0.02556234178024059
Far_NAD-bd	0.00945456476803419	210.13823307151745	7.715194863182732	1	2	Preserved_psE	0.02556234178024059
Filamin	6.644521428184084e-5	424.8828386606815	8.730921263058468	2	3	Preserved_psE	0.0032336670950495875
Filamin/ABP280_repeat-like	0.0014216757096683849	42.820184875958226	5.4202191194536695	2	12	Preserved_psE	0.016471549465713768
Filamin/ABP280_rpt	9.753299132279125e-4	53.483400798664405	5.741019298526898	2	10	Preserved_psE	0.016471549465713768
Flavdoxin-like	0.03729078706163412	30.281253636693126	4.920353028678695	1	8	Preserved_psE	0.05982917484613826
Flavodoxin/NO_synth	0.03729078706163412	30.281253636693126	4.920353028678695	1	8	Preserved_psE	0.05982917484613826
Flavoprot_Pyr_Nucl_cyt_Rdtase	0.04639640847663704	23.567567262124275	4.558730940450182	1	10	Preserved_psE	0.0718078689497068
Flavoprotein-like_sf	0.04639640847663704	23.567567262124275	4.558730940450182	1	10	Preserved_psE	0.0718078689497068
FNR_nucleotide-bd	0.09066180468526266	11.157802973126028	3.479981076192974	1	20	Preserved_psE	0.11679373662395603
FYrich_C	0.023470811858331657	52.92591853900028	5.725902497573911	1	5	Preserved_psE	0.04450309780930418
FYrich_N	0.023470811858331657	52.92591853900028	5.725902497573911	1	5	Preserved_psE	0.04450309780930418
GCS_T	2.2217116349062896e-5	Inf	Inf	2	2	Preserved_psE	0.0016218494934815914
GCST_C	2.2011690257762336e-4	142.92271625900017	7.159091427619328	2	5	Preserved_psE	0.006427413555266602
GCV_T_N	2.2011690257762336e-4	142.92271625900017	7.159091427619328	2	5	Preserved_psE	0.006427413555266602
GcvT/YgfZ_C	2.2011690257762336e-4	142.92271625900017	7.159091427619328	2	5	Preserved_psE	0.006427413555266602
GcvT/YgfZ/DmdA	2.2011690257762336e-4	142.92271625900017	7.159091427619328	2	5	Preserved_psE	0.006427413555266602
GIDA_C_N	0.0047383909421916314	Inf	Inf	1	1	Preserved_psE	0.016471549465713768
Glu_transpt_1	0.0047383909421916314	Inf	Inf	1	1	Preserved_psE	0.016471549465713768
GLUT	0.04639640847663704	23.567567262124275	4.558730940450182	1	10	Preserved_psE	0.0718078689497068
Glyco_hydro_13_cat_dom	0.03729078706163412	30.281253636693126	4.920353028678695	1	8	Preserved_psE	0.05982917484613826
Glyco_hydro_27	0.00945456476803419	210.13823307151745	7.715194863182732	1	2	Preserved_psE	0.02556234178024059
Glyco_hydro_27/36_CS	0.00945456476803419	210.13823307151745	7.715194863182732	1	2	Preserved_psE	0.02556234178024059
Glyco_hydro_b	0.005729427648441654	19.470792162883598	4.283239675720876	2	24	Preserved_psE	0.01975975834659405
Glyco_trans_1	0.03270576799966266	35.33666737646099	5.143094079707096	1	7	Preserved_psE	0.05488554170058332
Glycoside_hydrolase_SF	0.026178230007150013	8.38820554357888	3.068362213493251	2	53	Preserved_psE	0.0492105782967026
GOLD_dom	0.08632836457716626	11.776362602370327	3.557822093659508	1	19	Preserved_psE	0.11423511687250401
GRAM	0.08632836457716626	11.776362602370327	3.557822093659508	1	19	Preserved_psE	0.11423511687250401
GroEL-like_apical_dom_sf	0.06878932330100912	15.143026050611368	3.9205816246484484	1	15	Preserved_psE	0.09595453377656686
GROEL-like_equatorial_sf	0.06435276290550239	16.306856573883532	4.027406799540376	1	14	Preserved_psE	0.09121847945828494
Growth_fac_rcpt_cys_sf	0.4990208471670845	1.463434166492013	0.5493578466610601	1	145	Preserved_psE	0.5216494774682172
HATPase_C_sf	0.09497490711448517	10.59980233147345	3.4059654560850823	1	21	Preserved_psE	0.1205768385975203
HATPase_dom	0.05541680399743478	19.27331245673577	4.268532640273796	1	12	Preserved_psE	0.08284150222142128
HB_ELP1	0.0047383909421916314	Inf	Inf	1	1	Preserved_psE	0.016471549465713768
Heat_shock_70_CS	0.06435276290550239	16.306856573883532	4.027406799540376	1	14	Preserved_psE	0.09121847945828494
Heat_shock_protein_90_CS	0.014148624544910374	106.00924153713753	6.728046229455938	1	3	Preserved_psE	0.03278887592947484
Helicase_ATP-bd	0.016196887448560553	5.935382307846661	2.569340959247274	3	112	Preserved_psE	0.036949149492028766
Helicase_C-like	0.015070475282468137	6.104234403425413	2.609810362920541	3	109	Preserved_psE	0.034741411440637075
Heliccase-ass-bd	0.0047383909421916314	Inf	Inf	1	1	Preserved_psE	0.016471549465713768
His-tRNA-ligase	2.2217116349062896e-5	Inf	Inf	2	2	Preserved_psE	0.0016218494934815914
HisRS_anticodon	2.2217116349062896e-5	Inf	Inf	2	2	Preserved_psE	0.0016218494934815914
HisRS-like_core	6.644521428184084e-5	424.8828386606815	8.730921263058468	2	3	Preserved_psE	0.0032336670950495875
HisRS/HisZ	2.2217116349062896e-5	Inf	Inf	2	2	Preserved_psE	0.0016218494934815914
HMG_box_dom	0.028039917399468414	8.072690378744834	3.013049559404743	2	55	Preserved_psE	0.04962671253960921
HMG_box_dom_sf	0.029953277541996542	7.778189256315812	2.959434338375426	2	57	Preserved_psE	0.05247814225357794
HMGI/Y_DNA-bd_CS	0.023470811858331657	52.92591853900028	5.725902497573911	1	5	Preserved_psE	0.04450309780930418
Hook_C	0.014148624544910374	106.00924153713753	6.728046229455938	1	3	Preserved_psE	0.03278887592947484
HOOK_N	0.028099143173112063	42.34555868952088	5.4041387588342875	1	6	Preserved_psE	0.04962671253960921
Hsp_70_fam	0.06435276290550239	16.306856573883532	4.027406799540376	1	14	Preserved_psE	0.09121847945828494
HSP70_C_sf	0.06435276290550239	16.306856573883532	4.027406799540376	1	14	Preserved_psE	0.09121847945828494
HSP70_peptide-bd_sf	0.05989528898122689	17.6573078031613	4.142193487980762	1	13	Preserved_psE	0.08744712191259126
HSP90_C	0.01882067286718083	70.57018984211048	6.140986985902981	1	4	Preserved_psE	0.039068505762204754
Hsp90_fam	0.01882067286718083	70.57018984211048	6.140986985902981	1	4	Preserved_psE	0.039068505762204754
Hsp90_N	0.01882067286718083	70.57018984211048	6.140986985902981	1	4	Preserved_psE	0.039068505762204754
I-EGF_1	0.023470811858331657	52.92591853900028	5.725902497573911	1	5	Preserved_psE	0.04450309780930418
Ig_C1-set	0.18490434304494793	5.043000306429869	2.334282312958302	1	43	Preserved_psE	0.20927158205087132
Ig_E-set	0.09012608760022657	4.103655975228467	2.036909789513303	2	106	Preserved_psE	0.11679373662395603
Ig-like_dom	0.7263083575879845	0.4729200876784342	-1.080331672105035	1	440	Preserved_psE	0.7451389056538136
Ig-like_dom_sf	0.7308503190834238	0.4316170482689075	-1.2121762445024444	1	481	Preserved_psE	0.7477638969831891
Ig-like_fold	1.0000000000000002	0.8624086330495184	-0.21355647478002746	3	730	Preserved_psE	1
Ig/MHC_CS	0.16923859538734456	5.574268619640125	2.478782526461279	1	39	Preserved_psE	0.1940484418315626
ING_fam	0.023470811858331657	52.92591853900028	5.725902497573911	1	5	Preserved_psE	0.04450309780930418
ING_N_histone-binding	0.023470811858331657	52.92591853900028	5.725902497573911	1	5	Preserved_psE	0.04450309780930418
Integrin_b-2_sf	0.00945456476803419	210.13823307151745	7.715194863182732	1	2	Preserved_psE	0.02556234178024059
Integrin_beta_N	0.03729078706163412	30.281253636693126	4.920353028678695	1	8	Preserved_psE	0.05982917484613826
Integrin_bsu	0.04185430062029609	26.509410623638136	4.728432690411035	1	9	Preserved_psE	0.06594310673269671
Integrin_bsu_cyt_dom	0.028099143173112063	42.34555868952088	5.4041387588342875	1	6	Preserved_psE	0.04962671253960921
Integrin_bsu_tail	0.03270576799966266	35.33666737646099	5.143094079707096	1	7	Preserved_psE	0.05488554170058332
Integrin_bsu_tail_dom_sf	0.03270576799966266	35.33666737646099	5.143094079707096	1	7	Preserved_psE	0.05488554170058332
Integrin_bsu_VWA	0.03729078706163412	30.281253636693126	4.920353028678695	1	8	Preserved_psE	0.05982917484613826
Integrin_dom_sf	0.11202582230689312	8.83106197675445	3.1425869391729324	1	25	Preserved_psE	0.13821777512794137
Intracellular_Lectin-GPT	0.01882067286718083	70.57018984211048	6.140986985902981	1	4	Preserved_psE	0.039068505762204754
J_dom_sf	0.21909155333251717	4.1510108016669784	2.0534626860950036	1	52	Preserved_psE	0.24232853626172352
JAG1_1/2_dom	0.00945456476803419	210.13823307151745	7.715194863182732	1	2	Preserved_psE	0.02556234178024059
Jagged/Serrate	0.00945456476803419	210.13823307151745	7.715194863182732	1	2	Preserved_psE	0.02556234178024059
KH_dom	0.1652758351223214	5.725154742872837	2.5173146877524992	1	38	Preserved_psE	0.19151009466554705
KH_dom_type_1	0.14517974239992915	6.621153199615948	2.7270825116661563	1	33	Preserved_psE	0.17047916131680688
KH_dom_type_1_sf	0.204076032603617	4.50462296792421	2.1714063590756494	1	48	Preserved_psE	0.22802373030710266
KH_sf_prok-type	0.028099143173112063	42.34555868952088	5.4041387588342875	1	6	Preserved_psE	0.04962671253960921
KH-I_TDRKH_rpt1	0.0047383909421916314	Inf	Inf	1	1	Preserved_psE	0.016471549465713768
KH-I_TDRKH_rpt2	0.0047383909421916314	Inf	Inf	1	1	Preserved_psE	0.016471549465713768
Kinase-like_dom_sf	0.523405085938959	0.38914138866188785	-1.3616336629144723	1	532	Preserved_psE	0.5458367324792001
KMT2C_ePHD1	0.0047383909421916314	Inf	Inf	1	1	Preserved_psE	0.016471549465713768
KMT2C_ePHD2	0.0047383909421916314	Inf	Inf	1	1	Preserved_psE	0.016471549465713768
KMT2C_PHD2	0.0047383909421916314	Inf	Inf	1	1	Preserved_psE	0.016471549465713768
KMT2C_PHD4	0.0047383909421916314	Inf	Inf	1	1	Preserved_psE	0.016471549465713768
KMT2C_PHD6	0.0047383909421916314	Inf	Inf	1	1	Preserved_psE	0.016471549465713768
KOW	0.04639640847663704	23.567567262124275	4.558730940450182	1	10	Preserved_psE	0.0718078689497068
LARS1_ULD	0.0047383909421916314	Inf	Inf	1	1	Preserved_psE	0.016471549465713768
Lectin_leg	0.01882067286718083	70.57018984211048	6.140986985902981	1	4	Preserved_psE	0.039068505762204754
Leu-rich_rpt	0.3547813300683656	1.622559937074886	0.6982717721064314	2	263	Preserved_psE	0.38086819257339244
Leu-tRNA-synth_Ia_arc/euk	0.0047383909421916314	Inf	Inf	1	1	Preserved_psE	0.016471549465713768
LRP130	0.0047383909421916314	Inf	Inf	1	1	Preserved_psE	0.016471549465713768
LRR_dom_sf	0.671678581630257	1.282785129775279	0.3592795350663433	2	331	Preserved_psE	0.6938566480048408
LSM_dom_sf	0.09926776630282773	10.092035385501557	3.3351452648158104	1	22	Preserved_psE	0.12458246888435112
LTA4H	0.0047383909421916314	Inf	Inf	1	1	Preserved_psE	0.016471549465713768
LTA4H_cat	0.014148624544910374	106.00924153713753	6.728046229455938	1	3	Preserved_psE	0.03278887592947484
M/V/L/I-tRNA-synth_anticd-bd	0.028099143173112063	42.34555868952088	5.4041387588342875	1	6	Preserved_psE	0.04962671253960921
M1_LTA-4_hydro/amino_C_sf	0.01882067286718083	70.57018984211048	6.140986985902981	1	4	Preserved_psE	0.039068505762204754
M1_LTA4H	0.014148624544910374	106.00924153713753	6.728046229455938	1	3	Preserved_psE	0.03278887592947484
MARCHF6-like_C	0.0047383909421916314	Inf	Inf	1	1	Preserved_psE	0.016471549465713768
Mediator_Med17	2.2217116349062896e-5	Inf	Inf	2	2	Preserved_psE	0.0016218494934815914
Melibiase/NAGA_C	0.00945456476803419	210.13823307151745	7.715194863182732	1	2	Preserved_psE	0.02556234178024059
MetalloPept_cat_dom_sf	0.3295465093967819	2.546712215722658	1.3486359409991096	1	84	Preserved_psE	0.3546471034786006
Methionyl/Leucyl_tRNA_Synth	0.01882067286718083	70.57018984211048	6.140986985902981	1	4	Preserved_psE	0.039068505762204754
MFS_dom	0.3698677254220429	2.2003638068978435	1.1377420778475453	1	97	Preserved_psE	0.3941656051942939
MFS_sugar_transport-like	0.16923859538734456	5.574268619640125	2.478782526461279	1	39	Preserved_psE	0.1940484418315626
MFS_trans_sf	0.48689394486627213	1.5164550806906043	0.600702764150876	1	140	Preserved_psE	0.5114137838163721
MHC_class-I_related	0.1035404762544546	9.63415341633733	3.2681578978948687	1	23	Preserved_psE	0.12920435498419122
MHC_I_a_a1/a2	0.04185430062029609	26.509410623638136	4.728432690411035	1	9	Preserved_psE	0.06594310673269671
MHC_I_a_C	0.01882067286718083	70.57018984211048	6.140986985902981	1	4	Preserved_psE	0.039068505762204754
MHC_I-like_Ag-recog	0.1077931305416725	9.21654748986177	3.204226419628318	1	24	Preserved_psE	0.1333711615176626
MHC_I-like_Ag-recog_sf	0.1077931305416725	9.21654748986177	3.204226419628318	1	24	Preserved_psE	0.1333711615176626
MHC_I/II-like_Ag-recog	0.16923859538734456	5.574268619640125	2.478782526461279	1	39	Preserved_psE	0.1940484418315626
Mitochondrial_sb/sol_carrier	0.2338267245248345	3.8484182626348447	1.944265605926161	1	56	Preserved_psE	0.25604026335469376
MnmG	0.0047383909421916314	Inf	Inf	1	1	Preserved_psE	0.016471549465713768
MnmG_C	0.0047383909421916314	Inf	Inf	1	1	Preserved_psE	0.016471549465713768
MnmG_C_subdom	0.0047383909421916314	Inf	Inf	1	1	Preserved_psE	0.016471549465713768
MnmG_C_subdom_sf	0.0047383909421916314	Inf	Inf	1	1	Preserved_psE	0.016471549465713768
MnmG_N	0.0047383909421916314	Inf	Inf	1	1	Preserved_psE	0.016471549465713768
MnmG-rel	0.0047383909421916314	Inf	Inf	1	1	Preserved_psE	0.016471549465713768
MnmG-rel_CS	0.0047383909421916314	Inf	Inf	1	1	Preserved_psE	0.016471549465713768
Mt_carrier_dom_sf	0.2338267245248345	3.8484182626348447	1.944265605926161	1	56	Preserved_psE	0.25604026335469376
Myotubularin	0.06435276290550239	16.306856573883532	4.027406799540376	1	14	Preserved_psE	0.09121847945828494
Myotubularin-like_Pase_dom	0.06435276290550239	16.306856573883532	4.027406799540376	1	14	Preserved_psE	0.09121847945828494
NAD(P)-bd_dom_sf	0.526980534757256	1.3500834958001202	0.43304863338855365	1	157	Preserved_psE	0.5482600337854587
NADPH_Cyt_P450_Rdtase_alpha	0.028099143173112063	42.34555868952088	5.4041387588342875	1	6	Preserved_psE	0.04962671253960921
Ncstrn_small	0.0047383909421916314	Inf	Inf	1	1	Preserved_psE	0.016471549465713768
Nicastrin	0.0047383909421916314	Inf	Inf	1	1	Preserved_psE	0.016471549465713768
Nicolin-1	0.0047383909421916314	Inf	Inf	1	1	Preserved_psE	0.016471549465713768
Notch_Cell-Fate_Det	0.06435276290550239	16.306856573883532	4.027406799540376	1	14	Preserved_psE	0.09121847945828494
NOTCH_homolog	0.028099143173112063	42.34555868952088	5.4041387588342875	1	6	Preserved_psE	0.04962671253960921
Notch_ligand_N	0.023470811858331657	52.92591853900028	5.725902497573911	1	5	Preserved_psE	0.04450309780930418
Notch/Slit_guidance	0.03729078706163412	30.281253636693126	4.920353028678695	1	8	Preserved_psE	0.05982917484613826
NOTCH1_EGF-like	0.3001467167083138	2.8576423698844273	1.514825376378389	1	75	Preserved_psE	0.3262140494249167
NPM1_C	0.0047383909421916314	Inf	Inf	1	1	Preserved_psE	0.016471549465713768
Nucleolin_RRM1	0.0047383909421916314	Inf	Inf	1	1	Preserved_psE	0.016471549465713768
Nucleolin_RRM2	0.0047383909421916314	Inf	Inf	1	1	Preserved_psE	0.016471549465713768
Nucleolin_RRM3	0.0047383909421916314	Inf	Inf	1	1	Preserved_psE	0.016471549465713768
Nucleolin_RRM4	0.0047383909421916314	Inf	Inf	1	1	Preserved_psE	0.016471549465713768
Nucleoplasmin	0.014148624544910374	106.00924153713753	6.728046229455938	1	3	Preserved_psE	0.03278887592947484
Nucleoplasmin_core_dom	0.014148624544910374	106.00924153713753	6.728046229455938	1	3	Preserved_psE	0.03278887592947484
Nucleoplasmin_core_dom_sf	0.014148624544910374	106.00924153713753	6.728046229455938	1	3	Preserved_psE	0.03278887592947484
Nucleotide-bd_a/b_plait_sf	0.008059947951426083	4.274025113654048	2.095595385124001	5	261	Preserved_psE	0.02556234178024059
OxRdtase_FAD/NAD-bd	0.05541680399743478	19.27331245673577	4.268532640273796	1	12	Preserved_psE	0.08284150222142128
P-loop_NTPase	0.31686106128669966	1.45944686214642	0.545421683869686	6	887	Preserved_psE	0.34183533212703066
P450R	0.0047383909421916314	Inf	Inf	1	1	Preserved_psE	0.016471549465713768
PA_dom_sf	0.08632836457716626	11.776362602370327	3.557822093659508	1	19	Preserved_psE	0.11423511687250401
PA_domain	0.08632836457716626	11.776362602370327	3.557822093659508	1	19	Preserved_psE	0.11423511687250401
PABP_1234	0.028099143173112063	42.34555868952088	5.4041387588342875	1	6	Preserved_psE	0.04962671253960921
PABP_HYD_C	0.023470811858331657	52.92591853900028	5.725902497573911	1	5	Preserved_psE	0.04450309780930418
PABP_RRM1	0.03729078706163412	30.281253636693126	4.920353028678695	1	8	Preserved_psE	0.05982917484613826
PABP-dom	0.023470811858331657	52.92591853900028	5.725902497573911	1	5	Preserved_psE	0.04450309780930418
Papain-like_cys_pep_sf	0.16392059153964167	2.820037294432971	1.4957142421055305	2	153	Preserved_psE	0.1904435519744378
PDI_thioredoxin-like_dom	0.023470811858331657	52.92591853900028	5.725902497573911	1	5	Preserved_psE	0.04450309780930418
Pentatricopeptide_rpt	0.03729078706163412	30.281253636693126	4.920353028678695	1	8	Preserved_psE	0.05982917484613826
Pept_A22A_PS1	0.0047383909421916314	Inf	Inf	1	1	Preserved_psE	0.016471549465713768
Pept_asp_AS	9.753299132279125e-4	53.483400798664405	5.741019298526898	2	10	Preserved_psE	0.016471549465713768
Pept_cys_AS	0.0043997561008100655	22.529831286151772	4.493764604930143	2	21	Preserved_psE	0.016471549465713768
Pept_his_AS	0.0011883935084652224	47.62392023842836	5.573614478111192	2	11	Preserved_psE	0.016471549465713768
Peptidase_A22A	0.00945456476803419	210.13823307151745	7.715194863182732	1	2	Preserved_psE	0.02556234178024059
Peptidase_C1A	0.0016749841919287075	38.89888034456543	5.281656724530957	2	13	Preserved_psE	0.016471549465713768
Peptidase_C1A_C	0.0016749841919287075	38.89888034456543	5.281656724530957	2	13	Preserved_psE	0.016471549465713768
Peptidase_C1A_papain-like	0.03729078706163412	30.281253636693126	4.920353028678695	1	8	Preserved_psE	0.05982917484613826
Peptidase_M1	0.0509172099734542	21.19594272950965	4.405716229288966	1	11	Preserved_psE	0.07716864348917972
Peptidase_M1_C	0.01882067286718083	70.57018984211048	6.140986985902981	1	4	Preserved_psE	0.039068505762204754
Peptidase_M1_dom	0.05541680399743478	19.27331245673577	4.268532640273796	1	12	Preserved_psE	0.08284150222142128
Peptidase_M12B	0.17318273998695496	5.431909575300249	2.4414594633175972	1	40	Preserved_psE	0.1980523240581887
Peptidase_M12B_N	0.1532749890896971	6.231094449264457	2.6394855850553354	1	35	Preserved_psE	0.17902518725676622
Peptidase_M28	0.0509172099734542	21.19594272950965	4.405716229288966	1	11	Preserved_psE	0.07716864348917972
Peptidase_M28B	0.028099143173112063	42.34555868952088	5.4041387588342875	1	6	Preserved_psE	0.04962671253960921
Peptidase_M4/M1_CTD_sf	0.05989528898122689	17.6573078031613	4.142193487980762	1	13	Preserved_psE	0.08744712191259126
PH_domain	0.9999999999999999	0.772678818546235	-0.3720592450085249	1	272	Preserved_psE	1
PH-like_dom_sf	0.726425371493558	0.4707271314769323	-1.0870370863064107	1	442	Preserved_psE	0.7451389056538136
PHD3_KMT2C	0.0047383909421916314	Inf	Inf	1	1	Preserved_psE	0.016471549465713768
PI-Interact_SigTrans_Reg	0.03729078706163412	30.281253636693126	4.920353028678695	1	8	Preserved_psE	0.05982917484613826
PLAT_RAB6IP1	0.00945456476803419	210.13823307151745	7.715194863182732	1	2	Preserved_psE	0.02556234178024059
PLAT/LH2_dom	0.09066180468526266	11.157802973126028	3.479981076192974	1	20	Preserved_psE	0.11679373662395603
PLAT/LH2_dom_sf	0.09066180468526266	11.157802973126028	3.479981076192974	1	20	Preserved_psE	0.11679373662395603
Porin_dom_sf	0.023470811858331657	52.92591853900028	5.725902497573911	1	5	Preserved_psE	0.04450309780930418
Porin_Euk	0.014148624544910374	106.00924153713753	6.728046229455938	1	3	Preserved_psE	0.03278887592947484
Porin_Euk/Tom40	0.023470811858331657	52.92591853900028	5.725902497573911	1	5	Preserved_psE	0.04450309780930418
Post-SET_dom	0.06878932330100912	15.143026050611368	3.9205816246484484	1	15	Preserved_psE	0.09595453377656686
PP1-bd	0.00945456476803419	210.13823307151745	7.715194863182732	1	2	Preserved_psE	0.02556234178024059
PP2A/SF3B1-like_HEAT	0.014148624544910374	106.00924153713753	6.728046229455938	1	3	Preserved_psE	0.03278887592947484
Preselin/SPP	0.03270576799966266	35.33666737646099	5.143094079707096	1	7	Preserved_psE	0.05488554170058332
Presenilin_C	0.014148624544910374	106.00924153713753	6.728046229455938	1	3	Preserved_psE	0.03278887592947484
PROP1-like_PPR_dom	0.014148624544910374	106.00924153713753	6.728046229455938	1	3	Preserved_psE	0.03278887592947484
Prot_disulphide_isomerase	0.01882067286718083	70.57018984211048	6.140986985902981	1	4	Preserved_psE	0.039068505762204754
Prot_inhib_I29	0.03270576799966266	35.33666737646099	5.143094079707096	1	7	Preserved_psE	0.05488554170058332
Prot_kinase_dom	0.7323988854013427	0.4234775546213291	-1.2396425897800507	1	490	Preserved_psE	0.7477638969831891
Prot-tyrosine_phosphatase-like	0.3905754651142768	2.050193502988605	1.0357600817440966	1	104	Preserved_psE	0.4132175210629306
Protein_kinase_ATP_BS	1	0.5450713845567231	-0.8754829119666726	1	383	Preserved_psE	1
PRY	0.204076032603617	4.50462296792421	2.1714063590756494	1	48	Preserved_psE	0.22802373030710266
PSI	0.18490434304494793	5.043000306429869	2.334282312958302	1	43	Preserved_psE	0.20927158205087132
PWI_dom	3.291552844295927e-4	107.03713077121701	6.741967538616956	2	6	Preserved_psE	0.008480589092950682
PWI_dom_sf	6.644521428184084e-5	424.8828386606815	8.730921263058468	2	3	Preserved_psE	0.0032336670950495875
Rab	0.07760009139134236	13.244984148322798	3.727374211969773	1	17	Preserved_psE	0.10588423685173816
Rab_GTPases_membrane_traffic	0.07760009139134236	13.244984148322798	3.727374211969773	1	17	Preserved_psE	0.10588423685173816
RBD_domain_sf	0.00781069477933213	4.3080368918352	2.1070306044410345	5	259	Preserved_psE	0.02556234178024059
RBD_LARS1	0.0047383909421916314	Inf	Inf	1	1	Preserved_psE	0.016471549465713768
RBM25	0.0047383909421916314	Inf	Inf	1	1	Preserved_psE	0.016471549465713768
RBM25_RRM	0.0047383909421916314	Inf	Inf	1	1	Preserved_psE	0.016471549465713768
RBM39_linker	0.00945456476803419	210.13823307151745	7.715194863182732	1	2	Preserved_psE	0.02556234178024059
RBM39_SF	0.00945456476803419	210.13823307151745	7.715194863182732	1	2	Preserved_psE	0.02556234178024059
Renin_r_C	0.0047383909421916314	Inf	Inf	1	1	Preserved_psE	0.016471549465713768
Renin_rcpt	0.0047383909421916314	Inf	Inf	1	1	Preserved_psE	0.016471549465713768
Reprolysin_adamalysin	0.08632836457716626	11.776362602370327	3.557822093659508	1	19	Preserved_psE	0.11423511687250401
Rib_uL2_dom2	0.09497490711448517	10.59980233147345	3.4059654560850823	1	21	Preserved_psE	0.1205768385975203
Riboflavin_synthase-like_b-brl	0.09066180468526266	11.157802973126028	3.479981076192974	1	20	Preserved_psE	0.11679373662395603
Ribos_uL4_C_dom	0.0047383909421916314	Inf	Inf	1	1	Preserved_psE	0.016471549465713768
Ribosomal_bL28	0.0047383909421916314	Inf	Inf	1	1	Preserved_psE	0.016471549465713768
Ribosomal_bL28_sf	0.0047383909421916314	Inf	Inf	1	1	Preserved_psE	0.016471549465713768
Ribosomal_bL28/bL31-like_sf	0.0047383909421916314	Inf	Inf	1	1	Preserved_psE	0.016471549465713768
Ribosomal_bS18	0.014148624544910374	106.00924153713753	6.728046229455938	1	3	Preserved_psE	0.03278887592947484
Ribosomal_bS18_sf	0.014148624544910374	106.00924153713753	6.728046229455938	1	3	Preserved_psE	0.03278887592947484
Ribosomal_eS4	0.014148624544910374	106.00924153713753	6.728046229455938	1	3	Preserved_psE	0.03278887592947484
Ribosomal_eS4_C	0.014148624544910374	106.00924153713753	6.728046229455938	1	3	Preserved_psE	0.03278887592947484
Ribosomal_eS4_central_region	0.014148624544910374	106.00924153713753	6.728046229455938	1	3	Preserved_psE	0.03278887592947484
Ribosomal_eS4_central_sf	0.014148624544910374	106.00924153713753	6.728046229455938	1	3	Preserved_psE	0.03278887592947484
Ribosomal_eS4_KOW	0.014148624544910374	106.00924153713753	6.728046229455938	1	3	Preserved_psE	0.03278887592947484
Ribosomal_eS4_N	0.014148624544910374	106.00924153713753	6.728046229455938	1	3	Preserved_psE	0.03278887592947484
Ribosomal_eS4_N_CS	0.014148624544910374	106.00924153713753	6.728046229455938	1	3	Preserved_psE	0.03278887592947484
Ribosomal_mS22	0.0047383909421916314	Inf	Inf	1	1	Preserved_psE	0.016471549465713768
Ribosomal_Su5_D2-typ_SF	0.14923689290312686	6.420217677052934	2.6826222126561365	1	34	Preserved_psE	0.1747747569293304
Ribosomal_uL4	0.00945456476803419	210.13823307151745	7.715194863182732	1	2	Preserved_psE	0.02556234178024059
Ribosomal_uL4_dom_sf	0.00945456476803419	210.13823307151745	7.715194863182732	1	2	Preserved_psE	0.02556234178024059
Ribosomal_uL4_euk/arc_CS	0.0047383909421916314	Inf	Inf	1	1	Preserved_psE	0.016471549465713768
Ribosomal_uL4_euk/arch	0.0047383909421916314	Inf	Inf	1	1	Preserved_psE	0.016471549465713768
RNA_helicase_DEAD_Q_motif	0.011293775794402402	13.375666046398234	3.741538827740295	2	34	Preserved_psE	0.03034769201195247
RNA-helicase_DEAD-box_CS	0.12043168870322483	8.149607165140855	3.0267305189066307	1	27	Preserved_psE	0.1465252212555902
Rossmann-like_a/b/a_fold	0.18490434304494793	5.043000306429869	2.334282312958302	1	43	Preserved_psE	0.20927158205087132
Rpr2/Snm1/Rpp21	2.2217116349062896e-5	Inf	Inf	2	2	Preserved_psE	0.0016218494934815914
RRM_dom	0.00468903003191718	4.892312476324891	2.2905165530164147	5	229	Preserved_psE	0.016471549465713768
RRM_dom_euk	1.9406427158120452e-4	30.915844797561178	4.950274523697715	3	24	Preserved_psE	0.006427413555266602
RRM2_I_PABPs	0.03729078706163412	30.281253636693126	4.920353028678695	1	8	Preserved_psE	0.05982917484613826
RRM2_SRSF4/6	0.00945456476803419	210.13823307151745	7.715194863182732	1	2	Preserved_psE	0.02556234178024059
RRP12	0.0047383909421916314	Inf	Inf	1	1	Preserved_psE	0.016471549465713768
RRP12-like_dom	0.0047383909421916314	Inf	Inf	1	1	Preserved_psE	0.016471549465713768
RRT5_SRSF_SR	7.826785923382895e-4	61.156027703702684	5.934422796578181	2	9	Preserved_psE	0.01558241924746231
Run_dom	0.08632836457716626	11.776362602370327	3.557822093659508	1	19	Preserved_psE	0.11423511687250401
Run_dom_sf	0.08632836457716626	11.776362602370327	3.557822093659508	1	19	Preserved_psE	0.11423511687250401
RUN1_DENND5A	0.0047383909421916314	Inf	Inf	1	1	Preserved_psE	0.016471549465713768
RUN2_DENND5A	0.0047383909421916314	Inf	Inf	1	1	Preserved_psE	0.016471549465713768
S4_RNA-bd	0.01882067286718083	70.57018984211048	6.140986985902981	1	4	Preserved_psE	0.039068505762204754
S4_RNA-bd_sf	0.028099143173112063	42.34555868952088	5.4041387588342875	1	6	Preserved_psE	0.04962671253960921
SAM_O-MeTrfase	0.01882067286718083	70.57018984211048	6.140986985902981	1	4	Preserved_psE	0.039068505762204754
SAM-dependent_MTases_sf	0.46688404628133057	1.6097264749996862	0.6868155661746865	1	132	Preserved_psE	0.4915750294981317
SAP_dom	0.1077931305416725	9.21654748986177	3.204226419628318	1	24	Preserved_psE	0.1333711615176626
SAP_dom_sf	0.12043168870322483	8.149607165140855	3.0267305189066307	1	27	Preserved_psE	0.1465252212555902
SBF1/SBF2	0.00945456476803419	210.13823307151745	7.715194863182732	1	2	Preserved_psE	0.02556234178024059
Ser/Arg_repetitive_matrix	0.0047383909421916314	Inf	Inf	1	1	Preserved_psE	0.016471549465713768
Ser/Thr_kinase_AS	1.0000000000000002	0.674135612965996	-0.5688892535197633	1	311	Preserved_psE	1
Serum_albumin-like	0.023470811858331657	52.92591853900028	5.725902497573911	1	5	Preserved_psE	0.04450309780930418
SET_dom	0.21909155333251717	4.1510108016669784	2.0534626860950036	1	52	Preserved_psE	0.24232853626172352
SET_dom_sf	0.21909155333251717	4.1510108016669784	2.0534626860950036	1	52	Preserved_psE	0.24232853626172352
SF3b_su1	0.0047383909421916314	Inf	Inf	1	1	Preserved_psE	0.016471549465713768
SF3b_su1-like	0.0047383909421916314	Inf	Inf	1	1	Preserved_psE	0.016471549465713768
SH3_domain	1.0000000000000002	0.9412774375847135	-0.08730808092965393	1	224	Preserved_psE	1
SH3-like_dom_sf	0.9999999999999999	0.9766958398285963	-0.03401874322639535	1	216	Preserved_psE	1
Sigma_54_int_dom_ATP-bd_1	0.014148624544910374	106.00924153713753	6.728046229455938	1	3	Preserved_psE	0.03278887592947484
SLC25A3/Pic2/Mir1-like	0.0047383909421916314	Inf	Inf	1	1	Preserved_psE	0.016471549465713768
SLC3A2	0.0047383909421916314	Inf	Inf	1	1	Preserved_psE	0.016471549465713768
SLC3A2_N	0.0047383909421916314	Inf	Inf	1	1	Preserved_psE	0.016471549465713768
Sm	0.12043168870322483	8.149607165140855	3.0267305189066307	1	27	Preserved_psE	0.1465252212555902
Sm_dom_euk/arc	0.08632836457716626	11.776362602370327	3.557822093659508	1	19	Preserved_psE	0.11423511687250401
Small_GTP-bd	0.19615251989183957	2.502530677590008	1.3233877546299786	2	172	Preserved_psE	0.22086067792448774
Small_GTPase	0.14249270674976516	3.087671472260835	1.626519258255569	2	140	Preserved_psE	0.16822589098759336
SNase_OB-fold_sf	0.06435276290550239	16.306856573883532	4.027406799540376	1	14	Preserved_psE	0.09121847945828494
SNF2_N	0.1411034486306284	6.83418575739362	2.772769461643164	1	32	Preserved_psE	0.16703597432490605
SNF2_RAD54_helicase_repair	0.023470811858331657	52.92591853900028	5.725902497573911	1	5	Preserved_psE	0.04450309780930418
SNF2-like_sf	0.1411034486306284	6.83418575739362	2.772769461643164	1	32	Preserved_psE	0.16703597432490605
SNF2/RAD54-like_C	0.1411034486306284	6.83418575739362	2.772769461643164	1	32	Preserved_psE	0.16703597432490605
snRNP-assoc_SmB/SmN	0.00945456476803419	210.13823307151745	7.715194863182732	1	2	Preserved_psE	0.02556234178024059
Spectrin_repeat	0.006208528176379918	18.621353028105162	4.218885997860296	2	25	Preserved_psE	0.021244807353550034
Spectrin/alpha-actinin	0.009447609596076779	14.767918029731478	3.8843945452353057	2	31	Preserved_psE	0.02556234178024059
SPIN/Ssty	0.023470811858331657	52.92591853900028	5.725902497573911	1	5	Preserved_psE	0.04450309780930418
SPIN/Ssty_sf	0.023470811858331657	52.92591853900028	5.725902497573911	1	5	Preserved_psE	0.04450309780930418
SPRY_dom	0.3607812574898124	2.27174611484354	1.1838016115491699	1	94	Preserved_psE	0.3863623246467917
SPRY_hnRNP_U	0.014148624544910374	106.00924153713753	6.728046229455938	1	3	Preserved_psE	0.03278887592947484
Stathmin_CS	0.01882067286718083	70.57018984211048	6.140986985902981	1	4	Preserved_psE	0.039068505762204754
Stathmin_fam	0.023470811858331657	52.92591853900028	5.725902497573911	1	5	Preserved_psE	0.04450309780930418
Stathmin_sf	0.023470811858331657	52.92591853900028	5.725902497573911	1	5	Preserved_psE	0.04450309780930418
Sugar_transporter_CS	0.1411034486306284	6.83418575739362	2.772769461643164	1	32	Preserved_psE	0.16703597432490605
Sugar/inositol_transpt	0.06435276290550239	16.306856573883532	4.027406799540376	1	14	Preserved_psE	0.09121847945828494
SUI1	0.01882067286718083	70.57018984211048	6.140986985902981	1	4	Preserved_psE	0.039068505762204754
SUI1_dom_sf	0.01882067286718083	70.57018984211048	6.140986985902981	1	4	Preserved_psE	0.039068505762204754
SUI1_euk	0.00945456476803419	210.13823307151745	7.715194863182732	1	2	Preserved_psE	0.02556234178024059
TCP-1_chaperonin	0.03729078706163412	30.281253636693126	4.920353028678695	1	8	Preserved_psE	0.05982917484613826
TCP-1-like_intermed_sf	0.06878932330100912	15.143026050611368	3.9205816246484484	1	15	Preserved_psE	0.09595453377656686
TDRD2-like_tudor	0.0047383909421916314	Inf	Inf	1	1	Preserved_psE	0.016471549465713768
Tectonic	0.014148624544910374	106.00924153713753	6.728046229455938	1	3	Preserved_psE	0.03278887592947484
Tectonic_dom	0.014148624544910374	106.00924153713753	6.728046229455938	1	3	Preserved_psE	0.03278887592947484
TFR-like_dimer_dom	0.01882067286718083	70.57018984211048	6.140986985902981	1	4	Preserved_psE	0.039068505762204754
TFR-like_dimer_dom_sf	0.028099143173112063	42.34555868952088	5.4041387588342875	1	6	Preserved_psE	0.04962671253960921
TfR1/2_PA	0.00945456476803419	210.13823307151745	7.715194863182732	1	2	Preserved_psE	0.02556234178024059
Thioredoxin_CS	0.002884680998976928	28.561254384871692	4.835987437527942	2	17	Preserved_psE	0.016471549465713768
Thioredoxin_domain	0.01541695600254264	11.265560457923556	3.493847183849391	2	40	Preserved_psE	0.035354066644574224
Thioredoxin-like_sf	0.12331627496447467	3.383787019109039	1.7586387658145681	2	128	Preserved_psE	0.1496191923391687
TOX_HMG-box_domain	0.01882067286718083	70.57018984211048	6.140986985902981	1	4	Preserved_psE	0.039068505762204754
TPR_ELP1	0.0047383909421916314	Inf	Inf	1	1	Preserved_psE	0.016471549465713768
TPR-like_helical_dom_sf	1.0000000000000004	0.9328163555185282	-0.10033501066004828	1	226	Preserved_psE	1
TRIM/RBCC	0.2866740675345813	3.0215072958035294	1.5952684256076202	1	71	Preserved_psE	0.3131252907235576
TRIM66_Bbox1_Znf	0.0047383909421916314	Inf	Inf	1	1	Preserved_psE	0.016471549465713768
Tripartite_DENN	0.0043997561008100655	22.529831286151772	4.493764604930143	2	21	Preserved_psE	0.016471549465713768
TrmE/GcvT_dom1	4.5939421380823643e-4	85.48059746472956	6.417525086605139	2	7	Preserved_psE	0.011178592536000419
tRNAsynth_Ia_anticodon-bd	0.05989528898122689	17.6573078031613	4.142193487980762	1	13	Preserved_psE	0.08744712191259126
Tudor	0.13289307344019674	7.307601494416605	2.8693979615920076	1	30	Preserved_psE	0.1599097971615554
Tudor_domain_containing	0.03270576799966266	35.33666737646099	5.143094079707096	1	7	Preserved_psE	0.05488554170058332
UBQ-conjugating_enzyme/RWD	0.22649385665283076	3.9941118338003356	1.9978747283277956	1	54	Preserved_psE	0.24988490985879058
uDENN_dom	0.002553164056920956	30.595079159824042	4.935227726805182	2	16	Preserved_psE	0.016471549465713768
uS15_NS1_RNA-bd_sf	0.03270576799966266	35.33666737646099	5.143094079707096	1	7	Preserved_psE	0.05488554170058332
Val/Leu/Ile-tRNA-synth_edit	0.028099143173112063	42.34555868952088	5.4041387588342875	1	6	Preserved_psE	0.04962671253960921
VIP36_lectin	0.0047383909421916314	Inf	Inf	1	1	Preserved_psE	0.016471549465713768
VWF_dom	0.16923859538734456	5.574268619640125	2.478782526461279	1	39	Preserved_psE	0.1940484418315626
vWFA_dom_sf	0.3698677254220429	2.2003638068978435	1.1377420778475453	1	97	Preserved_psE	0.3941656051942939
WD40_repeat_CS	0.4966183726835346	1.473741070429863	0.5594830717729209	1	144	Preserved_psE	0.5203800173095411
WD40_repeat_dom_sf	1.0000000000000002	0.6808270037057162	-0.5546398349790675	1	308	Preserved_psE	1
WD40_rpt	0.9999999999999998	0.7755798848780079	-0.3666527081046823	1	271	Preserved_psE	1
WD40/YVTN_repeat-like_dom_sf	0.6835888802288488	1.2080453007874297	0.272674555653035	2	351	Preserved_psE	0.7044986577417311
WHEP-TRS_dom	0.023470811858331657	52.92591853900028	5.725902497573911	1	5	Preserved_psE	0.04450309780930418
ZF_C2H2_AKAP95	0.014148624544910374	106.00924153713753	6.728046229455938	1	3	Preserved_psE	0.03278887592947484
Zinc_finger_PHD-type_CS	0.004666761517346368	9.531472818855592	3.252699158970961	3	71	Preserved_psE	0.016471549465713768
Znf_B-box	0.059040466967162426	5.27589894993767	2.3994169327054715	2	83	Preserved_psE	0.08744712191259126
Znf_FYVE_PHD	0.028424204708558203	4.750804090032642	2.2481717152383593	3	139	Preserved_psE	0.049999203463246954
Znf_PHD	0.008722850319557413	7.531251615691435	2.9128896457336655	3	89	Preserved_psE	0.02556234178024059
Znf_PHD-finger	0.006506349667842583	8.416924271181708	3.0732931371675623	3	80	Preserved_psE	0.022091326779186442
Znf_RING	0.6569647156536521	1.3993623143013358	0.4847695446124809	2	304	Preserved_psE	0.680261336776122
Znf_RING_CS	0.5597676079234911	1.2307287089708991	0.29951278184148966	1	172	Preserved_psE	0.5809910243376519
Znf_RING-CH	0.07760009139134236	13.244984148322798	3.727374211969773	1	17	Preserved_psE	0.10588423685173816
Znf_RING/FYVE/PHD	0.024973370521997967	2.8128580657103575	1.4920367573942002	6	473	Preserved_psE	0.047148001244116854
