rank	motif_DB	motif_ID	motif_alt_ID	consensus	p-value	adj_p-value	E-value	tests	FASTA_max	pos	neg	PWM_min	TP	%TP	FP	%FP
1	/Users/ranjithpapareddy/Desktop/Desktop-Ranjith-iMac/forGIT/UFMylation_Ribosome_stalling_RNA_Splicing/Part4_Splicing_Analysis/data/motifs/CisBP_Human_All.meme	M00831_2.00	ZCRB1	HUUAAW	1.07e-7	5.41e-5	2.94e-2	508	100	100	1335	1.5	34	34.00	167	12.51
2	/Users/ranjithpapareddy/Desktop/Desktop-Ranjith-iMac/forGIT/UFMylation_Ribosome_stalling_RNA_Splicing/Part4_Splicing_Analysis/data/motifs/CisBP_Human_All.meme	M00694_2.00	ZCRB1	GUAUUAAKKK	8.99e-6	2.23e-3	1.21e0	248	100	100	1335	1.49	23	23.00	106	7.94
3	/Users/ranjithpapareddy/Desktop/Desktop-Ranjith-iMac/forGIT/UFMylation_Ribosome_stalling_RNA_Splicing/Part4_Splicing_Analysis/data/motifs/CisBP_Human_All.meme	M00778_2.00	PUM1	UAAAU	8.84e-6	5.03e-3	2.73e0	570	100	100	1335	1.9	28	28.00	149	11.16
4	/Users/ranjithpapareddy/Desktop/Desktop-Ranjith-iMac/forGIT/UFMylation_Ribosome_stalling_RNA_Splicing/Part4_Splicing_Analysis/data/motifs/CisBP_Human_All.meme	M00729_2.00	FUBP3	UUAAU	1.46e-5	5.83e-3	3.17e0	401	100	100	1335	1.16	39	39.00	262	19.63
5	/Users/ranjithpapareddy/Desktop/Desktop-Ranjith-iMac/forGIT/UFMylation_Ribosome_stalling_RNA_Splicing/Part4_Splicing_Analysis/data/motifs/CisBP_Human_All.meme	M00709_2.00	CELF1	UDUGUYY	2.43e-5	1.65e-2	8.99e0	685	100	100	1335	1.33	37	37.00	247	18.50
6	/Users/ranjithpapareddy/Desktop/Desktop-Ranjith-iMac/forGIT/UFMylation_Ribosome_stalling_RNA_Splicing/Part4_Splicing_Analysis/data/motifs/CisBP_Human_All.meme	M00023_2.00	A1CF	WUAAUUR	7.98e-5	2.79e-2	1.52e1	354	100	100	1335	1.66	21	21.00	106	7.94
7	/Users/ranjithpapareddy/Desktop/Desktop-Ranjith-iMac/forGIT/UFMylation_Ribosome_stalling_RNA_Splicing/Part4_Splicing_Analysis/data/motifs/CisBP_Human_All.meme	M00636_2.00	RBM4	KUGAUUD	7.57e-5	3.09e-2	1.68e1	415	100	100	1335	1.32	23	23.00	123	9.21
8	/Users/ranjithpapareddy/Desktop/Desktop-Ranjith-iMac/forGIT/UFMylation_Ribosome_stalling_RNA_Splicing/Part4_Splicing_Analysis/data/motifs/CisBP_Human_All.meme	M00297_2.00	M00297_2.00	AGAUGAW	6.75e-5	4.00e-2	2.18e1	605	100	100	1335	1.89	23	23.00	122	9.14
9	/Users/ranjithpapareddy/Desktop/Desktop-Ranjith-iMac/forGIT/UFMylation_Ribosome_stalling_RNA_Splicing/Part4_Splicing_Analysis/data/motifs/CisBP_Human_All.meme	M13103_2.00	AP002990.1	CGAUACUDN	6.82e-4	5.12e-2	2.78e1	77	100	100	1335	1.46	8	8.00	22	1.65
10	/Users/ranjithpapareddy/Desktop/Desktop-Ranjith-iMac/forGIT/UFMylation_Ribosome_stalling_RNA_Splicing/Part4_Splicing_Analysis/data/motifs/CisBP_Human_All.meme	M00266_2.00	M00266_2.00	KUAAUUS	2.71e-4	7.24e-2	3.94e1	277	100	100	1335	1.26	25	25.00	154	11.54
11	/Users/ranjithpapareddy/Desktop/Desktop-Ranjith-iMac/forGIT/UFMylation_Ribosome_stalling_RNA_Splicing/Part4_Splicing_Analysis/data/motifs/CisBP_Human_All.meme	M00797_2.00	RBM47	UGAUU	1.92e-4	7.97e-2	4.34e1	432	100	100	1335	1.26	32	32.00	220	16.48
12	/Users/ranjithpapareddy/Desktop/Desktop-Ranjith-iMac/forGIT/UFMylation_Ribosome_stalling_RNA_Splicing/Part4_Splicing_Analysis/data/motifs/CisBP_Human_All.meme	M00210_2.00	PCBP3	HUUUCCCU	1.14e-4	1.03e-1	5.59e1	954	100	100	1335	12.6	6	6.00	7	0.52
13	/Users/ranjithpapareddy/Desktop/Desktop-Ranjith-iMac/forGIT/UFMylation_Ribosome_stalling_RNA_Splicing/Part4_Splicing_Analysis/data/motifs/CisBP_Human_All.meme	M00783_2.00	RBM15B	UUUAA	1.61e-4	1.04e-1	5.66e1	680	100	100	1335	2.42	21	21.00	112	8.39
14	/Users/ranjithpapareddy/Desktop/Desktop-Ranjith-iMac/forGIT/UFMylation_Ribosome_stalling_RNA_Splicing/Part4_Splicing_Analysis/data/motifs/CisBP_Human_All.meme	M00713_2.00	DAZ2	WGUUWW	2.44e-4	1.12e-1	6.11e1	488	100	100	1335	1.35	23	23.00	134	10.04
15	/Users/ranjithpapareddy/Desktop/Desktop-Ranjith-iMac/forGIT/UFMylation_Ribosome_stalling_RNA_Splicing/Part4_Splicing_Analysis/data/motifs/CisBP_Human_All.meme	M00721_2.00	ELAVL4	UAAUU	2.85e-4	1.26e-1	6.87e1	474	100	100	1335	1.52	28	28.00	184	13.78
16	/Users/ranjithpapareddy/Desktop/Desktop-Ranjith-iMac/forGIT/UFMylation_Ribosome_stalling_RNA_Splicing/Part4_Splicing_Analysis/data/motifs/CisBP_Human_All.meme	M00264_2.00	SYNCRIP	CCAAAUU	1.63e-4	1.30e-1	7.10e1	857	100	100	1335	4.32	7	7.00	12	0.90
17	/Users/ranjithpapareddy/Desktop/Desktop-Ranjith-iMac/forGIT/UFMylation_Ribosome_stalling_RNA_Splicing/Part4_Splicing_Analysis/data/motifs/CisBP_Human_All.meme	M00708_2.00	BOLL	GUGUUA	5.72e-4	1.78e-1	9.69e1	343	100	100	1335	1.06	34	34.00	256	19.18
18	/Users/ranjithpapareddy/Desktop/Desktop-Ranjith-iMac/forGIT/UFMylation_Ribosome_stalling_RNA_Splicing/Part4_Splicing_Analysis/data/motifs/CisBP_Human_All.meme	M00753_2.00	KHSRP	UGUWU	3.33e-4	1.87e-1	1.02e2	622	100	100	1335	1.54	29	29.00	196	14.68
19	/Users/ranjithpapareddy/Desktop/Desktop-Ranjith-iMac/forGIT/UFMylation_Ribosome_stalling_RNA_Splicing/Part4_Splicing_Analysis/data/motifs/CisBP_Human_All.meme	M00101_2.00	AC009690.3	UGUUGUG	3.33e-4	1.90e-1	1.03e2	631	100	100	1335	1.7	26	26.00	166	12.43
20	/Users/ranjithpapareddy/Desktop/Desktop-Ranjith-iMac/forGIT/UFMylation_Ribosome_stalling_RNA_Splicing/Part4_Splicing_Analysis/data/motifs/CisBP_Human_All.meme	M00784_2.00	RBM22	ACCGG	2.00e-3	1.92e-1	1.05e2	107	100	100	1335	1.12	15	15.00	82	6.14
21	/Users/ranjithpapareddy/Desktop/Desktop-Ranjith-iMac/forGIT/UFMylation_Ribosome_stalling_RNA_Splicing/Part4_Splicing_Analysis/data/motifs/CisBP_Human_All.meme	M00142_2.00	CPEB3	KUUUGKG	2.84e-4	2.01e-1	1.09e2	791	100	100	1335	2.07	27	27.00	174	13.03
22	/Users/ranjithpapareddy/Desktop/Desktop-Ranjith-iMac/forGIT/UFMylation_Ribosome_stalling_RNA_Splicing/Part4_Splicing_Analysis/data/motifs/CisBP_Human_All.meme	M00093_2.00	SRSF7	GACGACGR	9.74e-3	2.17e-1	1.18e2	25	100	100	1335	1.65	4	4.00	9	0.67
23	/Users/ranjithpapareddy/Desktop/Desktop-Ranjith-iMac/forGIT/UFMylation_Ribosome_stalling_RNA_Splicing/Part4_Splicing_Analysis/data/motifs/CisBP_Human_All.meme	M00233_2.00	PCBP3	VUWUCCC	3.07e-4	2.22e-1	1.21e2	819	100	100	1335	1.92	29	29.00	195	14.61
24	/Users/ranjithpapareddy/Desktop/Desktop-Ranjith-iMac/forGIT/UFMylation_Ribosome_stalling_RNA_Splicing/Part4_Splicing_Analysis/data/motifs/CisBP_Human_All.meme	M00471_2.00	SRSF1	ACGCGCR	5.63e-3	2.50e-1	1.36e2	51	100	100	1335	12.9	3	3.00	3	0.22
25	/Users/ranjithpapareddy/Desktop/Desktop-Ranjith-iMac/forGIT/UFMylation_Ribosome_stalling_RNA_Splicing/Part4_Splicing_Analysis/data/motifs/CisBP_Human_All.meme	M00488_2.00	EIF4B	GUHGGAA	5.60e-4	2.56e-1	1.39e2	528	100	100	1335	1.42	30	30.00	213	15.96
26	/Users/ranjithpapareddy/Desktop/Desktop-Ranjith-iMac/forGIT/UFMylation_Ribosome_stalling_RNA_Splicing/Part4_Splicing_Analysis/data/motifs/CisBP_Human_All.meme	M00696_2.00	ZCRB1	GUMUUAAKG	1.72e-3	2.97e-1	1.61e2	205	100	100	1335	1.29	19	19.00	117	8.76
27	/Users/ranjithpapareddy/Desktop/Desktop-Ranjith-iMac/forGIT/UFMylation_Ribosome_stalling_RNA_Splicing/Part4_Splicing_Analysis/data/motifs/CisBP_Human_All.meme	M00095_2.00	AP002990.1	CGAUACU	4.86e-3	3.13e-1	1.70e2	77	100	100	1335	1.02	12	12.00	64	4.79
28	/Users/ranjithpapareddy/Desktop/Desktop-Ranjith-iMac/forGIT/UFMylation_Ribosome_stalling_RNA_Splicing/Part4_Splicing_Analysis/data/motifs/CisBP_Human_All.meme	M00329_2.00	M00329_2.00	AWGACAA	4.46e-4	3.21e-1	1.74e2	867	100	100	1335	3.69	6	6.00	10	0.75
29	/Users/ranjithpapareddy/Desktop/Desktop-Ranjith-iMac/forGIT/UFMylation_Ribosome_stalling_RNA_Splicing/Part4_Splicing_Analysis/data/motifs/CisBP_Human_All.meme	M00174_2.00	FXR1	AAYGACRA	2.55e-3	3.40e-1	1.85e2	163	100	100	1335	3.48	5	5.00	10	0.75
30	/Users/ranjithpapareddy/Desktop/Desktop-Ranjith-iMac/forGIT/UFMylation_Ribosome_stalling_RNA_Splicing/Part4_Splicing_Analysis/data/motifs/CisBP_Human_All.meme	M00002_2.00	TRIM71	KYWAAGC	9.08e-4	3.43e-1	1.86e2	462	100	100	1335	1.33	25	25.00	168	12.58
31	/Users/ranjithpapareddy/Desktop/Desktop-Ranjith-iMac/forGIT/UFMylation_Ribosome_stalling_RNA_Splicing/Part4_Splicing_Analysis/data/motifs/CisBP_Human_All.meme	M00710_2.00	CELF1	AAUGU	7.99e-4	3.50e-1	1.90e2	539	100	100	1335	1.98	18	18.00	100	7.49
32	/Users/ranjithpapareddy/Desktop/Desktop-Ranjith-iMac/forGIT/UFMylation_Ribosome_stalling_RNA_Splicing/Part4_Splicing_Analysis/data/motifs/CisBP_Human_All.meme	M00829_2.00	UNK	HUUAGBW	2.54e-3	3.62e-1	1.97e2	177	100	100	1335	1.02	21	21.00	141	10.56
33	/Users/ranjithpapareddy/Desktop/Desktop-Ranjith-iMac/forGIT/UFMylation_Ribosome_stalling_RNA_Splicing/Part4_Splicing_Analysis/data/motifs/CisBP_Human_All.meme	M00568_2.00	CSTF2	RAGGCGUAGCGUYD	4.19e-2	3.75e-1	2.04e2	11	100	100	1335	2.27	2	2.00	3	0.22
34	/Users/ranjithpapareddy/Desktop/Desktop-Ranjith-iMac/forGIT/UFMylation_Ribosome_stalling_RNA_Splicing/Part4_Splicing_Analysis/data/motifs/CisBP_Human_All.meme	M00285_2.00	M00285_2.00	MKUGCGW	9.10e-3	4.06e-1	2.21e2	57	100	100	1335	1.15	8	8.00	36	2.70
35	/Users/ranjithpapareddy/Desktop/Desktop-Ranjith-iMac/forGIT/UFMylation_Ribosome_stalling_RNA_Splicing/Part4_Splicing_Analysis/data/motifs/CisBP_Human_All.meme	M00122_2.00	M00122_2.00	UGUAMAK	1.30e-3	4.09e-1	2.22e2	404	100	100	1335	1.69	19	19.00	114	8.54
36	/Users/ranjithpapareddy/Desktop/Desktop-Ranjith-iMac/forGIT/UFMylation_Ribosome_stalling_RNA_Splicing/Part4_Splicing_Analysis/data/motifs/CisBP_Human_All.meme	M00231_2.00	M00231_2.00	GACGACM	2.47e-3	4.17e-1	2.27e2	219	100	100	1335	1.39	15	15.00	84	6.29
37	/Users/ranjithpapareddy/Desktop/Desktop-Ranjith-iMac/forGIT/UFMylation_Ribosome_stalling_RNA_Splicing/Part4_Splicing_Analysis/data/motifs/CisBP_Human_All.meme	M00569_2.00	CSTF2T	CGUAGCGUYD	4.19e-2	4.26e-1	2.32e2	13	100	100	1335	3.36	2	2.00	3	0.22
38	/Users/ranjithpapareddy/Desktop/Desktop-Ranjith-iMac/forGIT/UFMylation_Ribosome_stalling_RNA_Splicing/Part4_Splicing_Analysis/data/motifs/CisBP_Human_All.meme	M00123_2.00	M00123_2.00	UGUAAUU	1.04e-3	4.27e-1	2.32e2	535	100	100	1335	1.63	20	20.00	121	9.06
39	/Users/ranjithpapareddy/Desktop/Desktop-Ranjith-iMac/forGIT/UFMylation_Ribosome_stalling_RNA_Splicing/Part4_Splicing_Analysis/data/motifs/CisBP_Human_All.meme	M00738_2.00	HNRNPDL	UAAUU	1.07e-3	4.57e-1	2.49e2	570	100	100	1335	1.49	30	30.00	222	16.63
40	/Users/ranjithpapareddy/Desktop/Desktop-Ranjith-iMac/forGIT/UFMylation_Ribosome_stalling_RNA_Splicing/Part4_Splicing_Analysis/data/motifs/CisBP_Human_All.meme	M00298_2.00	SF3B6	UUUUUCC	7.52e-4	4.69e-1	2.55e2	843	100	100	1335	3.76	16	16.00	82	6.14
41	/Users/ranjithpapareddy/Desktop/Desktop-Ranjith-iMac/forGIT/UFMylation_Ribosome_stalling_RNA_Splicing/Part4_Splicing_Analysis/data/motifs/CisBP_Human_All.meme	M00257_2.00	M00257_2.00	GAUGAWH	1.79e-3	4.79e-1	2.60e2	364	100	100	1335	1.41	20	20.00	127	9.51
42	/Users/ranjithpapareddy/Desktop/Desktop-Ranjith-iMac/forGIT/UFMylation_Ribosome_stalling_RNA_Splicing/Part4_Splicing_Analysis/data/motifs/CisBP_Human_All.meme	M00684_2.00	ZC3H10	GCGCAUGCGWD	1.38e-2	4.93e-1	2.68e2	49	100	100	1335	82.8	2	2.00	1	0.07
43	/Users/ranjithpapareddy/Desktop/Desktop-Ranjith-iMac/forGIT/UFMylation_Ribosome_stalling_RNA_Splicing/Part4_Splicing_Analysis/data/motifs/CisBP_Human_All.meme	M00772_2.00	ENSG00000238104	AUUAM	1.95e-3	4.97e-1	2.70e2	352	100	100	1335	1.4	18	18.00	109	8.16
44	/Users/ranjithpapareddy/Desktop/Desktop-Ranjith-iMac/forGIT/UFMylation_Ribosome_stalling_RNA_Splicing/Part4_Splicing_Analysis/data/motifs/CisBP_Human_All.meme	M00128_2.00	SRSF1	MAGGACAV	7.96e-4	5.15e-1	2.80e2	908	100	100	1335	16.8	5	5.00	7	0.52
45	/Users/ranjithpapareddy/Desktop/Desktop-Ranjith-iMac/forGIT/UFMylation_Ribosome_stalling_RNA_Splicing/Part4_Splicing_Analysis/data/motifs/CisBP_Human_All.meme	M00634_2.00	RBM4B	NBBBDKGUUGCGCGGGGBSBS	1.38e-2	5.21e-1	2.83e2	53	100	100	1335	233	2	2.00	1	0.07
46	/Users/ranjithpapareddy/Desktop/Desktop-Ranjith-iMac/forGIT/UFMylation_Ribosome_stalling_RNA_Splicing/Part4_Splicing_Analysis/data/motifs/CisBP_Human_All.meme	M00732_2.00	HNRNPA0	VUUAGN	3.44e-3	5.45e-1	2.97e2	229	100	100	1335	1.08	22	22.00	155	11.61
47	/Users/ranjithpapareddy/Desktop/Desktop-Ranjith-iMac/forGIT/UFMylation_Ribosome_stalling_RNA_Splicing/Part4_Splicing_Analysis/data/motifs/CisBP_Human_All.meme	M00107_2.00	ZCRB1	GAMUUAAK	2.66e-3	5.71e-1	3.10e2	318	100	100	1335	1.52	17	17.00	103	7.72
48	/Users/ranjithpapareddy/Desktop/Desktop-Ranjith-iMac/forGIT/UFMylation_Ribosome_stalling_RNA_Splicing/Part4_Splicing_Analysis/data/motifs/CisBP_Human_All.meme	M00573_2.00	DAZ2	NGGUGYGUGCGUUUCCGCBN	6.97e-2	5.80e-1	3.15e2	12	100	100	1335	28.2	1	1.00	0	0.00
49	/Users/ranjithpapareddy/Desktop/Desktop-Ranjith-iMac/forGIT/UFMylation_Ribosome_stalling_RNA_Splicing/Part4_Splicing_Analysis/data/motifs/CisBP_Human_All.meme	M00146_2.00	M00146_2.00	UUUGGUU	1.25e-3	6.02e-1	3.28e2	738	100	100	1335	8	3	3.00	1	0.07
50	/Users/ranjithpapareddy/Desktop/Desktop-Ranjith-iMac/forGIT/UFMylation_Ribosome_stalling_RNA_Splicing/Part4_Splicing_Analysis/data/motifs/CisBP_Human_All.meme	M00073_2.00	RBM41	WUACWUU	2.08e-3	6.04e-1	3.29e2	445	100	100	1335	2.23	11	11.00	49	3.67
51	/Users/ranjithpapareddy/Desktop/Desktop-Ranjith-iMac/forGIT/UFMylation_Ribosome_stalling_RNA_Splicing/Part4_Splicing_Analysis/data/motifs/CisBP_Human_All.meme	M00121_2.00	M00121_2.00	UGUAMAK	2.46e-3	6.22e-1	3.38e2	395	100	100	1335	2.58	9	9.00	35	2.62
52	/Users/ranjithpapareddy/Desktop/Desktop-Ranjith-iMac/forGIT/UFMylation_Ribosome_stalling_RNA_Splicing/Part4_Splicing_Analysis/data/motifs/CisBP_Human_All.meme	M00176_2.00	SRSF1	GGAGGAG	9.21e-4	6.25e-1	3.40e2	1064	100	100	1335	24.3	6	6.00	12	0.90
53	/Users/ranjithpapareddy/Desktop/Desktop-Ranjith-iMac/forGIT/UFMylation_Ribosome_stalling_RNA_Splicing/Part4_Splicing_Analysis/data/motifs/CisBP_Human_All.meme	M00777_2.00	PUM1	UGUAW	2.69e-3	6.43e-1	3.50e2	383	100	100	1335	1.2	26	26.00	193	14.46
54	/Users/ranjithpapareddy/Desktop/Desktop-Ranjith-iMac/forGIT/UFMylation_Ribosome_stalling_RNA_Splicing/Part4_Splicing_Analysis/data/motifs/CisBP_Human_All.meme	M00752_2.00	KHDRBS3	WWUAAA	1.96e-3	7.20e-1	3.92e2	651	100	100	1335	1.55	33	33.00	264	19.78
55	/Users/ranjithpapareddy/Desktop/Desktop-Ranjith-iMac/forGIT/UFMylation_Ribosome_stalling_RNA_Splicing/Part4_Splicing_Analysis/data/motifs/CisBP_Human_All.meme	M00086_2.00	M00086_2.00	DGGAGGA	1.27e-3	7.33e-1	3.99e2	1040	100	100	1335	28.2	6	6.00	13	0.97
56	/Users/ranjithpapareddy/Desktop/Desktop-Ranjith-iMac/forGIT/UFMylation_Ribosome_stalling_RNA_Splicing/Part4_Splicing_Analysis/data/motifs/CisBP_Human_All.meme	M00637_2.00	RBM4	BKBNGUGUUGCGCGRGKBSNN	6.97e-2	8.10e-1	4.41e2	23	100	100	1335	561	1	1.00	0	0.00
57	/Users/ranjithpapareddy/Desktop/Desktop-Ranjith-iMac/forGIT/UFMylation_Ribosome_stalling_RNA_Splicing/Part4_Splicing_Analysis/data/motifs/CisBP_Human_All.meme	M00774_2.00	PTBP3	CUUUCU	1.63e-3	8.14e-1	4.43e2	1033	100	100	1335	1.39	52	52.00	487	36.48
58	/Users/ranjithpapareddy/Desktop/Desktop-Ranjith-iMac/forGIT/UFMylation_Ribosome_stalling_RNA_Splicing/Part4_Splicing_Analysis/data/motifs/CisBP_Human_All.meme	M00751_2.00	KHDRBS2	AAUAAA	2.99e-3	8.41e-1	4.57e2	614	100	100	1335	1.91	16	16.00	95	7.12
59	/Users/ranjithpapareddy/Desktop/Desktop-Ranjith-iMac/forGIT/UFMylation_Ribosome_stalling_RNA_Splicing/Part4_Splicing_Analysis/data/motifs/CisBP_Human_All.meme	M00790_2.00	RBM41	UACWU	6.67e-3	8.54e-1	4.64e2	288	100	100	1335	1.37	16	16.00	104	7.79
60	/Users/ranjithpapareddy/Desktop/Desktop-Ranjith-iMac/forGIT/UFMylation_Ribosome_stalling_RNA_Splicing/Part4_Splicing_Analysis/data/motifs/CisBP_Human_All.meme	M00799_2.00	RBM4B	WCGGGA	9.36e-3	8.60e-1	4.68e2	210	100	100	1335	6.48	3	3.00	4	0.30
61	/Users/ranjithpapareddy/Desktop/Desktop-Ranjith-iMac/forGIT/UFMylation_Ribosome_stalling_RNA_Splicing/Part4_Splicing_Analysis/data/motifs/CisBP_Human_All.meme	M00040_2.00	FUS	UGCGCGC	1.78e-2	8.76e-1	4.77e2	117	100	100	1335	2.86	7	7.00	33	2.47
62	/Users/ranjithpapareddy/Desktop/Desktop-Ranjith-iMac/forGIT/UFMylation_Ribosome_stalling_RNA_Splicing/Part4_Splicing_Analysis/data/motifs/CisBP_Human_All.meme	M13012_2.00	SF3B6	HWUUUUUMC	2.48e-3	8.77e-1	4.77e2	845	100	100	1335	2.75	24	24.00	171	12.81
63	/Users/ranjithpapareddy/Desktop/Desktop-Ranjith-iMac/forGIT/UFMylation_Ribosome_stalling_RNA_Splicing/Part4_Splicing_Analysis/data/motifs/CisBP_Human_All.meme	M00808_2.00	PSPC1	WGUAAK	6.77e-3	8.80e-1	4.79e2	313	100	100	1335	1.28	20	20.00	144	10.79
64	/Users/ranjithpapareddy/Desktop/Desktop-Ranjith-iMac/forGIT/UFMylation_Ribosome_stalling_RNA_Splicing/Part4_Splicing_Analysis/data/motifs/CisBP_Human_All.meme	M00062_2.00	MSI1	UAGUWRG	6.11e-3	9.01e-1	4.90e2	378	100	100	1335	1.2	25	25.00	195	14.61
65	/Users/ranjithpapareddy/Desktop/Desktop-Ranjith-iMac/forGIT/UFMylation_Ribosome_stalling_RNA_Splicing/Part4_Splicing_Analysis/data/motifs/CisBP_Human_All.meme	M00792_2.00	RBM45	ACKAC	4.19e-2	9.05e-1	4.92e2	55	100	100	1335	3.29	2	2.00	3	0.22
66	/Users/ranjithpapareddy/Desktop/Desktop-Ranjith-iMac/forGIT/UFMylation_Ribosome_stalling_RNA_Splicing/Part4_Splicing_Analysis/data/motifs/CisBP_Human_All.meme	M00832_2.00	ZFP36L1	UAUUU	3.95e-3	9.07e-1	4.94e2	603	100	100	1335	2.03	18	18.00	117	8.76
67	/Users/ranjithpapareddy/Desktop/Desktop-Ranjith-iMac/forGIT/UFMylation_Ribosome_stalling_RNA_Splicing/Part4_Splicing_Analysis/data/motifs/CisBP_Human_All.meme	M00686_2.00	ZC3H12A	YUUGCCAWAGUGU	3.76e-3	9.21e-1	5.01e2	674	100	100	1335	10.8	6	6.00	17	1.27
68	/Users/ranjithpapareddy/Desktop/Desktop-Ranjith-iMac/forGIT/UFMylation_Ribosome_stalling_RNA_Splicing/Part4_Splicing_Analysis/data/motifs/CisBP_Human_All.meme	M00484_2.00	M00484_2.00	UGUA	6.04e-3	9.23e-1	5.02e2	425	100	100	1335	1.59	12	12.00	66	4.94
69	/Users/ranjithpapareddy/Desktop/Desktop-Ranjith-iMac/forGIT/UFMylation_Ribosome_stalling_RNA_Splicing/Part4_Splicing_Analysis/data/motifs/CisBP_Human_All.meme	M00070_2.00	RBM3	GAUACGA	2.58e-2	9.25e-1	5.03e2	99	100	100	1335	1.46	5	5.00	20	1.50
70	/Users/ranjithpapareddy/Desktop/Desktop-Ranjith-iMac/forGIT/UFMylation_Ribosome_stalling_RNA_Splicing/Part4_Splicing_Analysis/data/motifs/CisBP_Human_All.meme	M00417_2.00	FUBP1	WAUGUAWD	6.04e-3	9.31e-1	5.06e2	442	100	100	1335	1.96	14	14.00	84	6.29
71	/Users/ranjithpapareddy/Desktop/Desktop-Ranjith-iMac/forGIT/UFMylation_Ribosome_stalling_RNA_Splicing/Part4_Splicing_Analysis/data/motifs/CisBP_Human_All.meme	M00586_2.00	HEXIM2	GGCGACGGKB	8.02e-2	9.37e-1	5.10e2	33	100	100	1335	5.97	2	2.00	5	0.37
72	/Users/ranjithpapareddy/Desktop/Desktop-Ranjith-iMac/forGIT/UFMylation_Ribosome_stalling_RNA_Splicing/Part4_Splicing_Analysis/data/motifs/CisBP_Human_All.meme	M00771_2.00	ENSG00000238104	HAUAAR	6.67e-3	9.37e-1	5.10e2	415	100	100	1335	1.4	16	16.00	104	7.79
73	/Users/ranjithpapareddy/Desktop/Desktop-Ranjith-iMac/forGIT/UFMylation_Ribosome_stalling_RNA_Splicing/Part4_Splicing_Analysis/data/motifs/CisBP_Human_All.meme	M00021_2.00	NUDT21	WWUGUAA	7.88e-3	9.60e-1	5.22e2	409	100	100	1335	3.62	5	5.00	14	1.05
74	/Users/ranjithpapareddy/Desktop/Desktop-Ranjith-iMac/forGIT/UFMylation_Ribosome_stalling_RNA_Splicing/Part4_Splicing_Analysis/data/motifs/CisBP_Human_All.meme	M00125_2.00	SRSF1	GGAGGAN	3.50e-3	9.61e-1	5.23e2	924	100	100	1335	21.6	5	5.00	11	0.82
75	/Users/ranjithpapareddy/Desktop/Desktop-Ranjith-iMac/forGIT/UFMylation_Ribosome_stalling_RNA_Splicing/Part4_Splicing_Analysis/data/motifs/CisBP_Human_All.meme	M00576_2.00	DAZ2	NKGUGUGUGCGUUUCCGSNN	1.95e-1	9.61e-1	5.23e2	15	100	100	1335	5.08	1	1.00	2	0.15
76	/Users/ranjithpapareddy/Desktop/Desktop-Ranjith-iMac/forGIT/UFMylation_Ribosome_stalling_RNA_Splicing/Part4_Splicing_Analysis/data/motifs/CisBP_Human_All.meme	M00581_2.00	ELAVL3	DUUUUKD	4.59e-3	9.71e-1	5.28e2	772	100	100	1335	1.46	30	30.00	245	18.35
77	/Users/ranjithpapareddy/Desktop/Desktop-Ranjith-iMac/forGIT/UFMylation_Ribosome_stalling_RNA_Splicing/Part4_Splicing_Analysis/data/motifs/CisBP_Human_All.meme	M00727_2.00	FUBP3	UAUAU	8.66e-3	9.72e-1	5.29e2	415	100	100	1335	1.22	28	28.00	234	17.53
78	/Users/ranjithpapareddy/Desktop/Desktop-Ranjith-iMac/forGIT/UFMylation_Ribosome_stalling_RNA_Splicing/Part4_Splicing_Analysis/data/motifs/CisBP_Human_All.meme	M00566_2.00	CELF4	UGUGUWGUGU	4.60e-3	9.74e-1	5.30e2	797	100	100	1335	4.36	9	9.00	39	2.92
79	/Users/ranjithpapareddy/Desktop/Desktop-Ranjith-iMac/forGIT/UFMylation_Ribosome_stalling_RNA_Splicing/Part4_Splicing_Analysis/data/motifs/CisBP_Human_All.meme	M00806_2.00	SF1	UUAAYM	1.28e-2	9.75e-1	5.30e2	289	100	100	1335	1.43	13	13.00	83	6.22
80	/Users/ranjithpapareddy/Desktop/Desktop-Ranjith-iMac/forGIT/UFMylation_Ribosome_stalling_RNA_Splicing/Part4_Splicing_Analysis/data/motifs/CisBP_Human_All.meme	M00256_2.00	M00256_2.00	GAUGAWN	8.77e-3	9.75e-1	5.30e2	421	100	100	1335	3.65	6	6.00	21	1.57
81	/Users/ranjithpapareddy/Desktop/Desktop-Ranjith-iMac/forGIT/UFMylation_Ribosome_stalling_RNA_Splicing/Part4_Splicing_Analysis/data/motifs/CisBP_Human_All.meme	M00651_2.00	RBMY1D	NNGCGCAAGAGCV	5.88e-3	9.79e-1	5.33e2	659	100	100	1335	8.27	6	6.00	19	1.42
82	/Users/ranjithpapareddy/Desktop/Desktop-Ranjith-iMac/forGIT/UFMylation_Ribosome_stalling_RNA_Splicing/Part4_Splicing_Analysis/data/motifs/CisBP_Human_All.meme	M00737_2.00	HNRNPD	UAUUAN	7.28e-3	9.82e-1	5.34e2	552	100	100	1335	2.1	7	7.00	27	2.02
83	/Users/ranjithpapareddy/Desktop/Desktop-Ranjith-iMac/forGIT/UFMylation_Ribosome_stalling_RNA_Splicing/Part4_Splicing_Analysis/data/motifs/CisBP_Human_All.meme	M00347_2.00	ENSG00000238104	AUAAGCS	1.34e-2	9.83e-1	5.35e2	302	100	100	1335	2.34	10	10.00	56	4.19
84	/Users/ranjithpapareddy/Desktop/Desktop-Ranjith-iMac/forGIT/UFMylation_Ribosome_stalling_RNA_Splicing/Part4_Splicing_Analysis/data/motifs/CisBP_Human_All.meme	M00828_2.00	TRNAU1AP	AUUUA	8.17e-3	9.87e-1	5.37e2	536	100	100	1335	1.51	24	24.00	189	14.16
85	/Users/ranjithpapareddy/Desktop/Desktop-Ranjith-iMac/forGIT/UFMylation_Ribosome_stalling_RNA_Splicing/Part4_Splicing_Analysis/data/motifs/CisBP_Human_All.meme	M00763_2.00	NUPL2	CAAAGG	5.28e-3	9.88e-1	5.37e2	838	100	100	1335	2.1	24	24.00	182	13.63
86	/Users/ranjithpapareddy/Desktop/Desktop-Ranjith-iMac/forGIT/UFMylation_Ribosome_stalling_RNA_Splicing/Part4_Splicing_Analysis/data/motifs/CisBP_Human_All.meme	M00681_2.00	YBX1	NBGCCAYRHCAUCGYSN	6.00e-2	9.91e-1	5.39e2	76	100	100	1335	15.4	2	2.00	4	0.30
87	/Users/ranjithpapareddy/Desktop/Desktop-Ranjith-iMac/forGIT/UFMylation_Ribosome_stalling_RNA_Splicing/Part4_Splicing_Analysis/data/motifs/CisBP_Human_All.meme	M00795_2.00	RBM4	GCGCGU	3.44e-2	9.92e-1	5.40e2	140	100	100	1335	1.51	11	11.00	76	5.69
88	/Users/ranjithpapareddy/Desktop/Desktop-Ranjith-iMac/forGIT/UFMylation_Ribosome_stalling_RNA_Splicing/Part4_Splicing_Analysis/data/motifs/CisBP_Human_All.meme	M00529_2.00	SRSF7	AGACKACGAU	1.26e-1	9.95e-1	5.41e2	39	100	100	1335	3.49	2	2.00	7	0.52
89	/Users/ranjithpapareddy/Desktop/Desktop-Ranjith-iMac/forGIT/UFMylation_Ribosome_stalling_RNA_Splicing/Part4_Splicing_Analysis/data/motifs/CisBP_Human_All.meme	M00087_2.00	SRSF9	GGRWGGA	4.81e-3	9.95e-1	5.41e2	1101	100	100	1335	26.8	2	2.00	0	0.00
90	/Users/ranjithpapareddy/Desktop/Desktop-Ranjith-iMac/forGIT/UFMylation_Ribosome_stalling_RNA_Splicing/Part4_Splicing_Analysis/data/motifs/CisBP_Human_All.meme	M00758_2.00	MSI1	WWUAGWW	2.61e-2	9.96e-1	5.42e2	212	100	100	1335	1	22	22.00	188	14.08
91	/Users/ranjithpapareddy/Desktop/Desktop-Ranjith-iMac/forGIT/UFMylation_Ribosome_stalling_RNA_Splicing/Part4_Splicing_Analysis/data/motifs/CisBP_Human_All.meme	M00614_2.00	PABPC5	UUAKAAAGUURCU	2.03e-2	9.96e-1	5.42e2	276	100	100	1335	27.4	3	3.00	6	0.45
92	/Users/ranjithpapareddy/Desktop/Desktop-Ranjith-iMac/forGIT/UFMylation_Ribosome_stalling_RNA_Splicing/Part4_Splicing_Analysis/data/motifs/CisBP_Human_All.meme	M00791_2.00	RBM45	ACGCA	6.81e-2	9.97e-1	5.42e2	83	100	100	1335	2.92	3	3.00	11	0.82
93	/Users/ranjithpapareddy/Desktop/Desktop-Ranjith-iMac/forGIT/UFMylation_Ribosome_stalling_RNA_Splicing/Part4_Splicing_Analysis/data/motifs/CisBP_Human_All.meme	M00124_2.00	SRSF1	GGAGGAM	6.14e-3	9.97e-1	5.42e2	959	100	100	1335	16.1	5	5.00	13	0.97
94	/Users/ranjithpapareddy/Desktop/Desktop-Ranjith-iMac/forGIT/UFMylation_Ribosome_stalling_RNA_Splicing/Part4_Splicing_Analysis/data/motifs/CisBP_Human_All.meme	M00767_2.00	PCBP2	UWCCC	6.37e-3	9.98e-1	5.43e2	947	100	100	1335	2.01	33	33.00	285	21.35
95	/Users/ranjithpapareddy/Desktop/Desktop-Ranjith-iMac/forGIT/UFMylation_Ribosome_stalling_RNA_Splicing/Part4_Splicing_Analysis/data/motifs/CisBP_Human_All.meme	M00414_2.00	RBM34	WUUGACR	4.60e-2	9.98e-1	5.43e2	133	100	100	1335	1.14	11	11.00	80	5.99
96	/Users/ranjithpapareddy/Desktop/Desktop-Ranjith-iMac/forGIT/UFMylation_Ribosome_stalling_RNA_Splicing/Part4_Splicing_Analysis/data/motifs/CisBP_Human_All.meme	M00655_2.00	RBMY1D	NNGCGUCGUGGSVN	1.19e-2	9.98e-1	5.43e2	534	100	100	1335	10.1	8	8.00	38	2.85
97	/Users/ranjithpapareddy/Desktop/Desktop-Ranjith-iMac/forGIT/UFMylation_Ribosome_stalling_RNA_Splicing/Part4_Splicing_Analysis/data/motifs/CisBP_Human_All.meme	M00189_2.00	MSI1	UAGUWRG	1.93e-2	9.98e-1	5.43e2	335	100	100	1335	1.1	26	26.00	227	17.00
98	/Users/ranjithpapareddy/Desktop/Desktop-Ranjith-iMac/forGIT/UFMylation_Ribosome_stalling_RNA_Splicing/Part4_Splicing_Analysis/data/motifs/CisBP_Human_All.meme	M00485_2.00	M00485_2.00	UGUAVAUARNKVVBSBBSCCS	1.35e-1	9.99e-1	5.43e2	45	100	100	1335	33.8	1	1.00	1	0.07
99	/Users/ranjithpapareddy/Desktop/Desktop-Ranjith-iMac/forGIT/UFMylation_Ribosome_stalling_RNA_Splicing/Part4_Splicing_Analysis/data/motifs/CisBP_Human_All.meme	M00698_2.00	ZFP36L1	KUAUUUAUGGUGG	1.30e-1	9.99e-1	5.43e2	47	100	100	1335	1.3	5	5.00	34	2.55
100	/Users/ranjithpapareddy/Desktop/Desktop-Ranjith-iMac/forGIT/UFMylation_Ribosome_stalling_RNA_Splicing/Part4_Splicing_Analysis/data/motifs/CisBP_Human_All.meme	M00160_2.00	M00160_2.00	AACUAAG	3.30e-2	9.99e-1	5.43e2	209	100	100	1335	2.56	8	8.00	47	3.52
101	/Users/ranjithpapareddy/Desktop/Desktop-Ranjith-iMac/forGIT/UFMylation_Ribosome_stalling_RNA_Splicing/Part4_Splicing_Analysis/data/motifs/CisBP_Human_All.meme	M00653_2.00	RBMY1D	NNGCGCAAGAGCRN	1.82e-2	9.99e-1	5.44e2	394	100	100	1335	9.15	5	5.00	18	1.35
102	/Users/ranjithpapareddy/Desktop/Desktop-Ranjith-iMac/forGIT/UFMylation_Ribosome_stalling_RNA_Splicing/Part4_Splicing_Analysis/data/motifs/CisBP_Human_All.meme	M00076_2.00	RBM8A	GCGCGCG	2.63e-2	9.99e-1	5.44e2	277	100	100	1335	40.2	2	2.00	2	0.15
103	/Users/ranjithpapareddy/Desktop/Desktop-Ranjith-iMac/forGIT/UFMylation_Ribosome_stalling_RNA_Splicing/Part4_Splicing_Analysis/data/motifs/CisBP_Human_All.meme	M00460_2.00	QKI	UACUAAC	6.97e-2	9.99e-1	5.44e2	109	100	100	1335	19.8	1	1.00	0	0.00
104	/Users/ranjithpapareddy/Desktop/Desktop-Ranjith-iMac/forGIT/UFMylation_Ribosome_stalling_RNA_Splicing/Part4_Splicing_Analysis/data/motifs/CisBP_Human_All.meme	M00042_2.00	FXR2	GGACRRG	1.26e-2	1.00e0	5.44e2	621	100	100	1335	6.67	6	6.00	23	1.72
105	/Users/ranjithpapareddy/Desktop/Desktop-Ranjith-iMac/forGIT/UFMylation_Ribosome_stalling_RNA_Splicing/Part4_Splicing_Analysis/data/motifs/CisBP_Human_All.meme	M00759_2.00	MSI1	UAGMA	1.50e-2	1.00e0	5.44e2	522	100	100	1335	1.32	29	29.00	256	19.18
106	/Users/ranjithpapareddy/Desktop/Desktop-Ranjith-iMac/forGIT/UFMylation_Ribosome_stalling_RNA_Splicing/Part4_Splicing_Analysis/data/motifs/CisBP_Human_All.meme	M00563_2.00	CSDC2	UUGCCUUGUCCCGAU	1.95e-1	1.00e0	5.44e2	36	100	100	1335	87.2	1	1.00	2	0.15
107	/Users/ranjithpapareddy/Desktop/Desktop-Ranjith-iMac/forGIT/UFMylation_Ribosome_stalling_RNA_Splicing/Part4_Splicing_Analysis/data/motifs/CisBP_Human_All.meme	M00627_2.00	RBM14	KGCGUCG	1.41e-1	1.00e0	5.44e2	52	100	100	1335	1.16	5	5.00	35	2.62
108	/Users/ranjithpapareddy/Desktop/Desktop-Ranjith-iMac/forGIT/UFMylation_Ribosome_stalling_RNA_Splicing/Part4_Splicing_Analysis/data/motifs/CisBP_Human_All.meme	M00494_2.00	IGF2BP1	AAGCACCCGUU	2.81e-1	1.00e0	5.44e2	24	100	100	1335	1.98	2	2.00	13	0.97
109	/Users/ranjithpapareddy/Desktop/Desktop-Ranjith-iMac/forGIT/UFMylation_Ribosome_stalling_RNA_Splicing/Part4_Splicing_Analysis/data/motifs/CisBP_Human_All.meme	M00833_2.00	ZFP36L1	UAAUA	2.17e-2	1.00e0	5.44e2	371	100	100	1335	1.72	16	16.00	120	8.99
110	/Users/ranjithpapareddy/Desktop/Desktop-Ranjith-iMac/forGIT/UFMylation_Ribosome_stalling_RNA_Splicing/Part4_Splicing_Analysis/data/motifs/CisBP_Human_All.meme	M00009_2.00	TRIM56	WURUAGG	2.63e-2	1.00e0	5.44e2	318	100	100	1335	4.29	2	2.00	2	0.15
111	/Users/ranjithpapareddy/Desktop/Desktop-Ranjith-iMac/forGIT/UFMylation_Ribosome_stalling_RNA_Splicing/Part4_Splicing_Analysis/data/motifs/CisBP_Human_All.meme	M00526_2.00	ELAVL2	HUYMUUUWUWUUYK	9.74e-3	1.00e0	5.44e2	860	100	100	1335	16.1	4	4.00	9	0.67
112	/Users/ranjithpapareddy/Desktop/Desktop-Ranjith-iMac/forGIT/UFMylation_Ribosome_stalling_RNA_Splicing/Part4_Splicing_Analysis/data/motifs/CisBP_Human_All.meme	M00547_2.00	PABPC4L	ACDAAYM	2.63e-2	1.00e0	5.44e2	319	100	100	1335	4.29	2	2.00	2	0.15
113	/Users/ranjithpapareddy/Desktop/Desktop-Ranjith-iMac/forGIT/UFMylation_Ribosome_stalling_RNA_Splicing/Part4_Splicing_Analysis/data/motifs/CisBP_Human_All.meme	M00715_2.00	DAZ2	ACGUUU	1.95e-1	1.00e0	5.44e2	39	100	100	1335	4.29	1	1.00	2	0.15
114	/Users/ranjithpapareddy/Desktop/Desktop-Ranjith-iMac/forGIT/UFMylation_Ribosome_stalling_RNA_Splicing/Part4_Splicing_Analysis/data/motifs/CisBP_Human_All.meme	M00817_2.00	SRSF5	GCSCC	1.25e-2	1.00e0	5.44e2	706	100	100	1335	3.15	32	32.00	287	21.50
115	/Users/ranjithpapareddy/Desktop/Desktop-Ranjith-iMac/forGIT/UFMylation_Ribosome_stalling_RNA_Splicing/Part4_Splicing_Analysis/data/motifs/CisBP_Human_All.meme	M00804_2.00	RC3H1	YAUAUUW	1.67e-2	1.00e0	5.44e2	530	100	100	1335	1.61	15	15.00	106	7.94
116	/Users/ranjithpapareddy/Desktop/Desktop-Ranjith-iMac/forGIT/UFMylation_Ribosome_stalling_RNA_Splicing/Part4_Splicing_Analysis/data/motifs/CisBP_Human_All.meme	M00591_2.00	HNRNPA3	UWGGUUAGGG	4.36e-2	1.00e0	5.44e2	204	100	100	1335	3.28	8	8.00	50	3.75
117	/Users/ranjithpapareddy/Desktop/Desktop-Ranjith-iMac/forGIT/UFMylation_Ribosome_stalling_RNA_Splicing/Part4_Splicing_Analysis/data/motifs/CisBP_Human_All.meme	M00650_2.00	RBMY1D	NGCNUMGYGCN	1.49e-2	1.00e0	5.44e2	606	100	100	1335	1.62	31	31.00	279	20.90
118	/Users/ranjithpapareddy/Desktop/Desktop-Ranjith-iMac/forGIT/UFMylation_Ribosome_stalling_RNA_Splicing/Part4_Splicing_Analysis/data/motifs/CisBP_Human_All.meme	M00229_2.00	PCBP3	CCUUUCCC	9.27e-3	1.00e0	5.44e2	983	100	100	1335	5.3	17	17.00	118	8.84
119	/Users/ranjithpapareddy/Desktop/Desktop-Ranjith-iMac/forGIT/UFMylation_Ribosome_stalling_RNA_Splicing/Part4_Splicing_Analysis/data/motifs/CisBP_Human_All.meme	M00177_2.00	ZNF638	UGUUSGU	3.79e-2	1.00e0	5.44e2	242	100	100	1335	1.02	23	23.00	207	15.51
120	/Users/ranjithpapareddy/Desktop/Desktop-Ranjith-iMac/forGIT/UFMylation_Ribosome_stalling_RNA_Splicing/Part4_Splicing_Analysis/data/motifs/CisBP_Human_All.meme	M00496_2.00	ENSG00000277564	UGCAUG	1.86e-2	1.00e0	5.44e2	496	100	100	1335	2.76	17	17.00	128	9.59
121	/Users/ranjithpapareddy/Desktop/Desktop-Ranjith-iMac/forGIT/UFMylation_Ribosome_stalling_RNA_Splicing/Part4_Splicing_Analysis/data/motifs/CisBP_Human_All.meme	M00551_2.00	SRSF7	ACGAGAGAH	1.15e-1	1.00e0	5.44e2	76	100	100	1335	1.06	8	8.00	63	4.72
122	/Users/ranjithpapareddy/Desktop/Desktop-Ranjith-iMac/forGIT/UFMylation_Ribosome_stalling_RNA_Splicing/Part4_Splicing_Analysis/data/motifs/CisBP_Human_All.meme	M00440_2.00	SRSF3	AACAACR	4.55e-2	1.00e0	5.44e2	204	100	100	1335	1.32	14	14.00	111	8.31
123	/Users/ranjithpapareddy/Desktop/Desktop-Ranjith-iMac/forGIT/UFMylation_Ribosome_stalling_RNA_Splicing/Part4_Splicing_Analysis/data/motifs/CisBP_Human_All.meme	M00570_2.00	DAZ1	NNNNNUGKWGUUGUAGKKNKK	8.01e-2	1.00e0	5.44e2	116	100	100	1335	3.08	6	6.00	38	2.85
124	/Users/ranjithpapareddy/Desktop/Desktop-Ranjith-iMac/forGIT/UFMylation_Ribosome_stalling_RNA_Splicing/Part4_Splicing_Analysis/data/motifs/CisBP_Human_All.meme	M00543_2.00	SNRPA	GWUWCCWGCUA	6.97e-2	1.00e0	5.44e2	134	100	100	1335	184	1	1.00	0	0.00
125	/Users/ranjithpapareddy/Desktop/Desktop-Ranjith-iMac/forGIT/UFMylation_Ribosome_stalling_RNA_Splicing/Part4_Splicing_Analysis/data/motifs/CisBP_Human_All.meme	M00058_2.00	MATR3	MAUCUUG	2.17e-2	1.00e0	5.44e2	438	100	100	1335	2.29	8	8.00	43	3.22
126	/Users/ranjithpapareddy/Desktop/Desktop-Ranjith-iMac/forGIT/UFMylation_Ribosome_stalling_RNA_Splicing/Part4_Splicing_Analysis/data/motifs/CisBP_Human_All.meme	M00015_2.00	SERBP1	RCGCGCG	9.59e-2	1.00e0	5.44e2	101	100	100	1335	1.78	7	7.00	50	3.75
127	/Users/ranjithpapareddy/Desktop/Desktop-Ranjith-iMac/forGIT/UFMylation_Ribosome_stalling_RNA_Splicing/Part4_Splicing_Analysis/data/motifs/CisBP_Human_All.meme	M00726_2.00	FUBP1	UAUGUAU	1.79e-2	1.00e0	5.44e2	546	100	100	1335	1.31	31	31.00	283	21.20
128	/Users/ranjithpapareddy/Desktop/Desktop-Ranjith-iMac/forGIT/UFMylation_Ribosome_stalling_RNA_Splicing/Part4_Splicing_Analysis/data/motifs/CisBP_Human_All.meme	M00518_2.00	MBNL1	YGCU	1.80e-2	1.00e0	5.44e2	547	100	100	1335	1.35	23	23.00	192	14.38
129	/Users/ranjithpapareddy/Desktop/Desktop-Ranjith-iMac/forGIT/UFMylation_Ribosome_stalling_RNA_Splicing/Part4_Splicing_Analysis/data/motifs/CisBP_Human_All.meme	M00820_2.00	SRSF9	GGGAA	1.14e-2	1.00e0	5.44e2	871	100	100	1335	4.31	18	18.00	131	9.81
130	/Users/ranjithpapareddy/Desktop/Desktop-Ranjith-iMac/forGIT/UFMylation_Ribosome_stalling_RNA_Splicing/Part4_Splicing_Analysis/data/motifs/CisBP_Human_All.meme	M00725_2.00	FUBP1	UDUUU	1.14e-2	1.00e0	5.44e2	884	100	100	1335	2.6	22	22.00	173	12.96
131	/Users/ranjithpapareddy/Desktop/Desktop-Ranjith-iMac/forGIT/UFMylation_Ribosome_stalling_RNA_Splicing/Part4_Splicing_Analysis/data/motifs/CisBP_Human_All.meme	M00809_2.00	PSPC1	UAGUG	3.59e-2	1.00e0	5.44e2	285	100	100	1335	1.31	17	17.00	139	10.41
132	/Users/ranjithpapareddy/Desktop/Desktop-Ranjith-iMac/forGIT/UFMylation_Ribosome_stalling_RNA_Splicing/Part4_Splicing_Analysis/data/motifs/CisBP_Human_All.meme	M00716_2.00	DAZAP1	NAUAUAR	3.07e-2	1.00e0	5.44e2	337	100	100	1335	1.29	18	18.00	147	11.01
133	/Users/ranjithpapareddy/Desktop/Desktop-Ranjith-iMac/forGIT/UFMylation_Ribosome_stalling_RNA_Splicing/Part4_Splicing_Analysis/data/motifs/CisBP_Human_All.meme	M00458_2.00	M00458_2.00	GCCABAMCAYCGC	4.40e-1	1.00e0	5.44e2	18	100	100	1335	3.82	1	1.00	7	0.52
134	/Users/ranjithpapareddy/Desktop/Desktop-Ranjith-iMac/forGIT/UFMylation_Ribosome_stalling_RNA_Splicing/Part4_Splicing_Analysis/data/motifs/CisBP_Human_All.meme	M00528_2.00	ELAVL2	WUUYAUUUU	1.51e-2	1.00e0	5.44e2	737	100	100	1335	9.04	13	13.00	85	6.37
135	/Users/ranjithpapareddy/Desktop/Desktop-Ranjith-iMac/forGIT/UFMylation_Ribosome_stalling_RNA_Splicing/Part4_Splicing_Analysis/data/motifs/CisBP_Human_All.meme	M00609_2.00	MKRN1	NNNNSYGUAAAKUGUAGBBNNN	5.50e-1	1.00e0	5.44e2	14	100	100	1335	1.42	1	1.00	10	0.75
136	/Users/ranjithpapareddy/Desktop/Desktop-Ranjith-iMac/forGIT/UFMylation_Ribosome_stalling_RNA_Splicing/Part4_Splicing_Analysis/data/motifs/CisBP_Human_All.meme	M00824_2.00	AL109811.4	GAGUG	1.38e-2	1.00e0	5.44e2	811	100	100	1335	18	2	2.00	1	0.07
137	/Users/ranjithpapareddy/Desktop/Desktop-Ranjith-iMac/forGIT/UFMylation_Ribosome_stalling_RNA_Splicing/Part4_Splicing_Analysis/data/motifs/CisBP_Human_All.meme	M00433_2.00	M00433_2.00	UUUUUYY	1.23e-2	1.00e0	5.44e2	911	100	100	1335	4.22	24	24.00	196	14.68
138	/Users/ranjithpapareddy/Desktop/Desktop-Ranjith-iMac/forGIT/UFMylation_Ribosome_stalling_RNA_Splicing/Part4_Splicing_Analysis/data/motifs/CisBP_Human_All.meme	M00408_2.00	RBM45	GACAGAC	1.42e-2	1.00e0	5.44e2	791	100	100	1335	14.9	3	3.00	5	0.37
139	/Users/ranjithpapareddy/Desktop/Desktop-Ranjith-iMac/forGIT/UFMylation_Ribosome_stalling_RNA_Splicing/Part4_Splicing_Analysis/data/motifs/CisBP_Human_All.meme	M00706_2.00	A1CF	UAAUUA	2.30e-2	1.00e0	5.44e2	491	100	100	1335	2.11	7	7.00	35	2.62
140	/Users/ranjithpapareddy/Desktop/Desktop-Ranjith-iMac/forGIT/UFMylation_Ribosome_stalling_RNA_Splicing/Part4_Splicing_Analysis/data/motifs/CisBP_Human_All.meme	M00055_2.00	KHDRBS3	GAUAAACV	2.61e-2	1.00e0	5.44e2	433	100	100	1335	4.88	4	4.00	13	0.97
141	/Users/ranjithpapareddy/Desktop/Desktop-Ranjith-iMac/forGIT/UFMylation_Ribosome_stalling_RNA_Splicing/Part4_Splicing_Analysis/data/motifs/CisBP_Human_All.meme	M00816_2.00	SRSF5	GCAGC	1.42e-2	1.00e0	5.44e2	797	100	100	1335	5.35	17	17.00	124	9.29
142	/Users/ranjithpapareddy/Desktop/Desktop-Ranjith-iMac/forGIT/UFMylation_Ribosome_stalling_RNA_Splicing/Part4_Splicing_Analysis/data/motifs/CisBP_Human_All.meme	M00127_2.00	SRSF1	GGAGGRV	1.29e-2	1.00e0	5.44e2	893	100	100	1335	30.9	4	4.00	10	0.75
143	/Users/ranjithpapareddy/Desktop/Desktop-Ranjith-iMac/forGIT/UFMylation_Ribosome_stalling_RNA_Splicing/Part4_Splicing_Analysis/data/motifs/CisBP_Human_All.meme	M00232_2.00	M00232_2.00	UAGAUAG	3.96e-2	1.00e0	5.44e2	297	100	100	1335	1.41	12	12.00	88	6.59
144	/Users/ranjithpapareddy/Desktop/Desktop-Ranjith-iMac/forGIT/UFMylation_Ribosome_stalling_RNA_Splicing/Part4_Splicing_Analysis/data/motifs/CisBP_Human_All.meme	M00489_2.00	EIF4B	GCKGRAM	2.63e-2	1.00e0	5.44e2	448	100	100	1335	13.9	2	2.00	2	0.15
145	/Users/ranjithpapareddy/Desktop/Desktop-Ranjith-iMac/forGIT/UFMylation_Ribosome_stalling_RNA_Splicing/Part4_Splicing_Analysis/data/motifs/CisBP_Human_All.meme	M00803_2.00	RBMS3	NUAUAH	3.78e-2	1.00e0	5.44e2	315	100	100	1335	1.1	25	25.00	230	17.23
146	/Users/ranjithpapareddy/Desktop/Desktop-Ranjith-iMac/forGIT/UFMylation_Ribosome_stalling_RNA_Splicing/Part4_Splicing_Analysis/data/motifs/CisBP_Human_All.meme	M00431_2.00	M00431_2.00	UAGAUAG	4.80e-2	1.00e0	5.44e2	249	100	100	1335	1	24	24.00	224	16.78
147	/Users/ranjithpapareddy/Desktop/Desktop-Ranjith-iMac/forGIT/UFMylation_Ribosome_stalling_RNA_Splicing/Part4_Splicing_Analysis/data/motifs/CisBP_Human_All.meme	M00307_2.00	M00307_2.00	UUUUUCY	1.25e-2	1.00e0	5.44e2	965	100	100	1335	3.76	32	32.00	287	21.50
148	/Users/ranjithpapareddy/Desktop/Desktop-Ranjith-iMac/forGIT/UFMylation_Ribosome_stalling_RNA_Splicing/Part4_Splicing_Analysis/data/motifs/CisBP_Human_All.meme	M00253_2.00	EIF2S1	WGCAUGM	1.80e-2	1.00e0	5.44e2	676	100	100	1335	2.78	14	14.00	97	7.27
149	/Users/ranjithpapareddy/Desktop/Desktop-Ranjith-iMac/forGIT/UFMylation_Ribosome_stalling_RNA_Splicing/Part4_Splicing_Analysis/data/motifs/CisBP_Human_All.meme	M00678_2.00	THUMPD1	UUCGUGGCUUG	1.95e-1	1.00e0	5.44e2	56	100	100	1335	30.1	1	1.00	2	0.15
150	/Users/ranjithpapareddy/Desktop/Desktop-Ranjith-iMac/forGIT/UFMylation_Ribosome_stalling_RNA_Splicing/Part4_Splicing_Analysis/data/motifs/CisBP_Human_All.meme	M00164_2.00	RBM42	AACUAMG	7.41e-2	1.00e0	5.44e2	166	100	100	1335	2.37	5	5.00	28	2.10
151	/Users/ranjithpapareddy/Desktop/Desktop-Ranjith-iMac/forGIT/UFMylation_Ribosome_stalling_RNA_Splicing/Part4_Splicing_Analysis/data/motifs/CisBP_Human_All.meme	M00682_2.00	YBX2	GCCAURWCAUCGC	1.65e-1	1.00e0	5.44e2	69	100	100	1335	2	4	4.00	27	2.02
152	/Users/ranjithpapareddy/Desktop/Desktop-Ranjith-iMac/forGIT/UFMylation_Ribosome_stalling_RNA_Splicing/Part4_Splicing_Analysis/data/motifs/CisBP_Human_All.meme	M00068_2.00	QKI	ACUAACM	7.21e-2	1.00e0	5.44e2	176	100	100	1335	1.4	11	11.00	87	6.52
153	/Users/ranjithpapareddy/Desktop/Desktop-Ranjith-iMac/forGIT/UFMylation_Ribosome_stalling_RNA_Splicing/Part4_Splicing_Analysis/data/motifs/CisBP_Human_All.meme	M00099_2.00	U2AF2	UUUUUUC	1.44e-2	1.00e0	5.44e2	913	100	100	1335	4.24	22	22.00	177	13.26
154	/Users/ranjithpapareddy/Desktop/Desktop-Ranjith-iMac/forGIT/UFMylation_Ribosome_stalling_RNA_Splicing/Part4_Splicing_Analysis/data/motifs/CisBP_Human_All.meme	M00548_2.00	ZFP36L1	UUAUUUAWU	2.69e-2	1.00e0	5.44e2	493	100	100	1335	4.34	15	15.00	113	8.46
155	/Users/ranjithpapareddy/Desktop/Desktop-Ranjith-iMac/forGIT/UFMylation_Ribosome_stalling_RNA_Splicing/Part4_Splicing_Analysis/data/motifs/CisBP_Human_All.meme	M00802_2.00	RBMS2	AUAUAV	4.22e-2	1.00e0	5.44e2	316	100	100	1335	1.27	18	18.00	153	11.46
156	/Users/ranjithpapareddy/Desktop/Desktop-Ranjith-iMac/forGIT/UFMylation_Ribosome_stalling_RNA_Splicing/Part4_Splicing_Analysis/data/motifs/CisBP_Human_All.meme	M00035_2.00	DAZAP1	UAGGUAR	4.04e-2	1.00e0	5.44e2	332	100	100	1335	1.45	14	14.00	109	8.16
157	/Users/ranjithpapareddy/Desktop/Desktop-Ranjith-iMac/forGIT/UFMylation_Ribosome_stalling_RNA_Splicing/Part4_Splicing_Analysis/data/motifs/CisBP_Human_All.meme	M00072_2.00	RBM4	GCGCGGG	6.00e-2	1.00e0	5.44e2	226	100	100	1335	154	2	2.00	4	0.30
158	/Users/ranjithpapareddy/Desktop/Desktop-Ranjith-iMac/forGIT/UFMylation_Ribosome_stalling_RNA_Splicing/Part4_Splicing_Analysis/data/motifs/CisBP_Human_All.meme	M00669_2.00	SART3	DGUUAGCRK	6.97e-2	1.00e0	5.44e2	195	100	100	1335	92.1	1	1.00	0	0.00
159	/Users/ranjithpapareddy/Desktop/Desktop-Ranjith-iMac/forGIT/UFMylation_Ribosome_stalling_RNA_Splicing/Part4_Splicing_Analysis/data/motifs/CisBP_Human_All.meme	M00077_2.00	RBMS3	AUAUAUM	3.46e-2	1.00e0	5.44e2	394	100	100	1335	3.21	6	6.00	30	2.25
160	/Users/ranjithpapareddy/Desktop/Desktop-Ranjith-iMac/forGIT/UFMylation_Ribosome_stalling_RNA_Splicing/Part4_Splicing_Analysis/data/motifs/CisBP_Human_All.meme	M00796_2.00	RBM47	WAAUYA	2.60e-2	1.00e0	5.44e2	531	100	100	1335	2.12	7	7.00	36	2.70
161	/Users/ranjithpapareddy/Desktop/Desktop-Ranjith-iMac/forGIT/UFMylation_Ribosome_stalling_RNA_Splicing/Part4_Splicing_Analysis/data/motifs/CisBP_Human_All.meme	M00640_2.00	RBM6	NNNSGYRYGCUCGUGCYACBNNN	3.04e-1	1.00e0	5.44e2	39	100	100	1335	18.7	1	1.00	4	0.30
162	/Users/ranjithpapareddy/Desktop/Desktop-Ranjith-iMac/forGIT/UFMylation_Ribosome_stalling_RNA_Splicing/Part4_Splicing_Analysis/data/motifs/CisBP_Human_All.meme	M00186_2.00	RBMS3	UAUAUAB	3.41e-2	1.00e0	5.44e2	417	100	100	1335	1.82	13	13.00	96	7.19
163	/Users/ranjithpapareddy/Desktop/Desktop-Ranjith-iMac/forGIT/UFMylation_Ribosome_stalling_RNA_Splicing/Part4_Splicing_Analysis/data/motifs/CisBP_Human_All.meme	M13004_2.00	PPARGC1A	GCGCGCGG	8.01e-2	1.00e0	5.44e2	178	100	100	1335	5.03	6	6.00	38	2.85
164	/Users/ranjithpapareddy/Desktop/Desktop-Ranjith-iMac/forGIT/UFMylation_Ribosome_stalling_RNA_Splicing/Part4_Splicing_Analysis/data/motifs/CisBP_Human_All.meme	M00090_2.00	SNRNP70	RWUCAAG	2.63e-2	1.00e0	5.44e2	550	100	100	1335	8.11	2	2.00	2	0.15
165	/Users/ranjithpapareddy/Desktop/Desktop-Ranjith-iMac/forGIT/UFMylation_Ribosome_stalling_RNA_Splicing/Part4_Splicing_Analysis/data/motifs/CisBP_Human_All.meme	M00606_2.00	MEX3A	UAUUUAU	2.46e-2	1.00e0	5.44e2	607	100	100	1335	1.91	16	16.00	122	9.14
166	/Users/ranjithpapareddy/Desktop/Desktop-Ranjith-iMac/forGIT/UFMylation_Ribosome_stalling_RNA_Splicing/Part4_Splicing_Analysis/data/motifs/CisBP_Human_All.meme	M00645_2.00	RBMS2	CGCUAUAUAG	2.31e-1	1.00e0	5.44e2	58	100	100	1335	1.51	3	3.00	21	1.57
167	/Users/ranjithpapareddy/Desktop/Desktop-Ranjith-iMac/forGIT/UFMylation_Ribosome_stalling_RNA_Splicing/Part4_Splicing_Analysis/data/motifs/CisBP_Human_All.meme	M00578_2.00	DAZ2	KUUKKDGUUD	1.59e-2	1.00e0	5.44e2	963	100	100	1335	2.43	18	18.00	136	10.19
168	/Users/ranjithpapareddy/Desktop/Desktop-Ranjith-iMac/forGIT/UFMylation_Ribosome_stalling_RNA_Splicing/Part4_Splicing_Analysis/data/motifs/CisBP_Human_All.meme	M00066_2.00	PPRC1	SSGCGCS	3.39e-2	1.00e0	5.44e2	452	100	100	1335	1.99	24	24.00	216	16.18
169	/Users/ranjithpapareddy/Desktop/Desktop-Ranjith-iMac/forGIT/UFMylation_Ribosome_stalling_RNA_Splicing/Part4_Splicing_Analysis/data/motifs/CisBP_Human_All.meme	M00119_2.00	M00119_2.00	UGUACAK	4.04e-2	1.00e0	5.44e2	388	100	100	1335	4.25	5	5.00	23	1.72
170	/Users/ranjithpapareddy/Desktop/Desktop-Ranjith-iMac/forGIT/UFMylation_Ribosome_stalling_RNA_Splicing/Part4_Splicing_Analysis/data/motifs/CisBP_Human_All.meme	M00544_2.00	SNRPA	GGGUAUGCUG	5.63e-2	1.00e0	5.44e2	283	100	100	1335	39.8	3	3.00	10	0.75
171	/Users/ranjithpapareddy/Desktop/Desktop-Ranjith-iMac/forGIT/UFMylation_Ribosome_stalling_RNA_Splicing/Part4_Splicing_Analysis/data/motifs/CisBP_Human_All.meme	M00268_2.00	PTBP2	CUYUUCU	1.37e-2	1.00e0	5.44e2	1171	100	100	1335	1.75	41	41.00	397	29.74
172	/Users/ranjithpapareddy/Desktop/Desktop-Ranjith-iMac/forGIT/UFMylation_Ribosome_stalling_RNA_Splicing/Part4_Splicing_Analysis/data/motifs/CisBP_Human_All.meme	M00135_2.00	M00135_2.00	ACUAACM	8.93e-2	1.00e0	5.44e2	181	100	100	1335	1.74	10	10.00	80	5.99
173	/Users/ranjithpapareddy/Desktop/Desktop-Ranjith-iMac/forGIT/UFMylation_Ribosome_stalling_RNA_Splicing/Part4_Splicing_Analysis/data/motifs/CisBP_Human_All.meme	M00798_2.00	RBM4B	GCGCGG	6.97e-2	1.00e0	5.44e2	234	100	100	1335	67.8	1	1.00	0	0.00
174	/Users/ranjithpapareddy/Desktop/Desktop-Ranjith-iMac/forGIT/UFMylation_Ribosome_stalling_RNA_Splicing/Part4_Splicing_Analysis/data/motifs/CisBP_Human_All.meme	M00697_2.00	ZCRB1	GUGGACUUAA	1.95e-1	1.00e0	5.44e2	76	100	100	1335	412	1	1.00	2	0.15
175	/Users/ranjithpapareddy/Desktop/Desktop-Ranjith-iMac/forGIT/UFMylation_Ribosome_stalling_RNA_Splicing/Part4_Splicing_Analysis/data/motifs/CisBP_Human_All.meme	M00652_2.00	RBMY1D	NBGCCCUCAAGGYVN	3.85e-2	1.00e0	5.44e2	430	100	100	1335	7.67	9	9.00	58	4.34
176	/Users/ranjithpapareddy/Desktop/Desktop-Ranjith-iMac/forGIT/UFMylation_Ribosome_stalling_RNA_Splicing/Part4_Splicing_Analysis/data/motifs/CisBP_Human_All.meme	M00747_2.00	IGF2BP1	AUACA	3.46e-2	1.00e0	5.44e2	483	100	100	1335	3.04	6	6.00	30	2.25
177	/Users/ranjithpapareddy/Desktop/Desktop-Ranjith-iMac/forGIT/UFMylation_Ribosome_stalling_RNA_Splicing/Part4_Splicing_Analysis/data/motifs/CisBP_Human_All.meme	M00250_2.00	PTBP1	ACUUUCU	1.77e-2	1.00e0	5.44e2	961	100	100	1335	1.68	40	40.00	391	29.29
178	/Users/ranjithpapareddy/Desktop/Desktop-Ranjith-iMac/forGIT/UFMylation_Ribosome_stalling_RNA_Splicing/Part4_Splicing_Analysis/data/motifs/CisBP_Human_All.meme	M00505_2.00	NONO	AGGGA	1.90e-2	1.00e0	5.44e2	901	100	100	1335	4.91	16	16.00	118	8.84
179	/Users/ranjithpapareddy/Desktop/Desktop-Ranjith-iMac/forGIT/UFMylation_Ribosome_stalling_RNA_Splicing/Part4_Splicing_Analysis/data/motifs/CisBP_Human_All.meme	M00495_2.00	ENSG00000277564	GCAUG	2.43e-2	1.00e0	5.44e2	707	100	100	1335	1.97	24	24.00	209	15.66
180	/Users/ranjithpapareddy/Desktop/Desktop-Ranjith-iMac/forGIT/UFMylation_Ribosome_stalling_RNA_Splicing/Part4_Splicing_Analysis/data/motifs/CisBP_Human_All.meme	M00067_2.00	M00067_2.00	UGUACAK	4.55e-2	1.00e0	5.44e2	378	100	100	1335	6.24	3	3.00	9	0.67
181	/Users/ranjithpapareddy/Desktop/Desktop-Ranjith-iMac/forGIT/UFMylation_Ribosome_stalling_RNA_Splicing/Part4_Splicing_Analysis/data/motifs/CisBP_Human_All.meme	M00131_2.00	RBM4	GCGCGSG	6.00e-2	1.00e0	5.44e2	289	100	100	1335	137	2	2.00	4	0.30
182	/Users/ranjithpapareddy/Desktop/Desktop-Ranjith-iMac/forGIT/UFMylation_Ribosome_stalling_RNA_Splicing/Part4_Splicing_Analysis/data/motifs/CisBP_Human_All.meme	M00607_2.00	MEX3A	DKAGAGUWUAKDK	5.19e-2	1.00e0	5.44e2	341	100	100	1335	1.75	16	16.00	135	10.11
183	/Users/ranjithpapareddy/Desktop/Desktop-Ranjith-iMac/forGIT/UFMylation_Ribosome_stalling_RNA_Splicing/Part4_Splicing_Analysis/data/motifs/CisBP_Human_All.meme	M00761_2.00	NOVA1	AUCAC	3.51e-2	1.00e0	5.44e2	510	100	100	1335	3.72	5	5.00	22	1.65
184	/Users/ranjithpapareddy/Desktop/Desktop-Ranjith-iMac/forGIT/UFMylation_Ribosome_stalling_RNA_Splicing/Part4_Splicing_Analysis/data/motifs/CisBP_Human_All.meme	M00739_2.00	HNRNPDL	UAUAU	4.62e-2	1.00e0	5.44e2	388	100	100	1335	1.41	22	22.00	200	14.98
185	/Users/ranjithpapareddy/Desktop/Desktop-Ranjith-iMac/forGIT/UFMylation_Ribosome_stalling_RNA_Splicing/Part4_Splicing_Analysis/data/motifs/CisBP_Human_All.meme	M00616_2.00	PCBP3	BCCUUDDCCUU	1.64e-2	1.00e0	5.44e2	1103	100	100	1335	4.45	27	27.00	235	17.60
186	/Users/ranjithpapareddy/Desktop/Desktop-Ranjith-iMac/forGIT/UFMylation_Ribosome_stalling_RNA_Splicing/Part4_Splicing_Analysis/data/motifs/CisBP_Human_All.meme	M00734_2.00	HNRNPA2B1	GGGUA	5.73e-2	1.00e0	5.44e2	318	100	100	1335	2.67	9	9.00	63	4.72
187	/Users/ranjithpapareddy/Desktop/Desktop-Ranjith-iMac/forGIT/UFMylation_Ribosome_stalling_RNA_Splicing/Part4_Splicing_Analysis/data/motifs/CisBP_Human_All.meme	M00822_2.00	ENSG00000276833	GGGUA	5.73e-2	1.00e0	5.44e2	318	100	100	1335	2.67	9	9.00	63	4.72
188	/Users/ranjithpapareddy/Desktop/Desktop-Ranjith-iMac/forGIT/UFMylation_Ribosome_stalling_RNA_Splicing/Part4_Splicing_Analysis/data/motifs/CisBP_Human_All.meme	M00490_2.00	EIF4B	GGAA	1.82e-2	1.00e0	5.44e2	1027	100	100	1335	2.58	10	10.00	59	4.42
189	/Users/ranjithpapareddy/Desktop/Desktop-Ranjith-iMac/forGIT/UFMylation_Ribosome_stalling_RNA_Splicing/Part4_Splicing_Analysis/data/motifs/CisBP_Human_All.meme	M00781_2.00	ENSG00000277564	GCAUG	2.81e-2	1.00e0	5.44e2	681	100	100	1335	1.9	24	24.00	212	15.88
190	/Users/ranjithpapareddy/Desktop/Desktop-Ranjith-iMac/forGIT/UFMylation_Ribosome_stalling_RNA_Splicing/Part4_Splicing_Analysis/data/motifs/CisBP_Human_All.meme	M00780_2.00	ENSG00000277564	GCAUG	2.81e-2	1.00e0	5.44e2	689	100	100	1335	1.92	24	24.00	212	15.88
191	/Users/ranjithpapareddy/Desktop/Desktop-Ranjith-iMac/forGIT/UFMylation_Ribosome_stalling_RNA_Splicing/Part4_Splicing_Analysis/data/motifs/CisBP_Human_All.meme	M00120_2.00	M00120_2.00	UGUAYAK	5.63e-2	1.00e0	5.44e2	350	100	100	1335	5.46	3	3.00	10	0.75
192	/Users/ranjithpapareddy/Desktop/Desktop-Ranjith-iMac/forGIT/UFMylation_Ribosome_stalling_RNA_Splicing/Part4_Splicing_Analysis/data/motifs/CisBP_Human_All.meme	M00469_2.00	HNRNPA1	UAGGGW	4.53e-2	1.00e0	5.44e2	439	100	100	1335	1.3	26	26.00	246	18.43
193	/Users/ranjithpapareddy/Desktop/Desktop-Ranjith-iMac/forGIT/UFMylation_Ribosome_stalling_RNA_Splicing/Part4_Splicing_Analysis/data/motifs/CisBP_Human_All.meme	M00585_2.00	HEXIM1	GKDKCGACGGG	4.12e-1	1.00e0	5.44e2	38	100	100	1335	2.66	2	2.00	18	1.35
194	/Users/ranjithpapareddy/Desktop/Desktop-Ranjith-iMac/forGIT/UFMylation_Ribosome_stalling_RNA_Splicing/Part4_Splicing_Analysis/data/motifs/CisBP_Human_All.meme	M00192_2.00	M00192_2.00	UGUGUGA	2.59e-2	1.00e0	5.44e2	786	100	100	1335	2.66	23	23.00	199	14.91
195	/Users/ranjithpapareddy/Desktop/Desktop-Ranjith-iMac/forGIT/UFMylation_Ribosome_stalling_RNA_Splicing/Part4_Splicing_Analysis/data/motifs/CisBP_Human_All.meme	M00582_2.00	ELAVL4	KUUURKUUKD	2.52e-2	1.00e0	5.44e2	807	100	100	1335	2.8	15	15.00	112	8.39
196	/Users/ranjithpapareddy/Desktop/Desktop-Ranjith-iMac/forGIT/UFMylation_Ribosome_stalling_RNA_Splicing/Part4_Splicing_Analysis/data/motifs/CisBP_Human_All.meme	M13086_2.00	PCBP3	CCUUUCCY	2.36e-2	1.00e0	5.44e2	866	100	100	1335	4.65	15	15.00	111	8.31
197	/Users/ranjithpapareddy/Desktop/Desktop-Ranjith-iMac/forGIT/UFMylation_Ribosome_stalling_RNA_Splicing/Part4_Splicing_Analysis/data/motifs/CisBP_Human_All.meme	M00826_2.00	TRA2A	MNGAAGA	2.49e-2	1.00e0	5.44e2	829	100	100	1335	1.53	29	29.00	267	20.00
198	/Users/ranjithpapareddy/Desktop/Desktop-Ranjith-iMac/forGIT/UFMylation_Ribosome_stalling_RNA_Splicing/Part4_Splicing_Analysis/data/motifs/CisBP_Human_All.meme	M00165_2.00	RBMS1	UAUAUAS	9.48e-2	1.00e0	5.44e2	220	100	100	1335	2.93	3	3.00	13	0.97
199	/Users/ranjithpapareddy/Desktop/Desktop-Ranjith-iMac/forGIT/UFMylation_Ribosome_stalling_RNA_Splicing/Part4_Splicing_Analysis/data/motifs/CisBP_Human_All.meme	M00410_2.00	TRNAU1AP	AAUUUUR	2.79e-2	1.00e0	5.44e2	763	100	100	1335	2.47	16	16.00	124	9.29
200	/Users/ranjithpapareddy/Desktop/Desktop-Ranjith-iMac/forGIT/UFMylation_Ribosome_stalling_RNA_Splicing/Part4_Splicing_Analysis/data/motifs/CisBP_Human_All.meme	M00630_2.00	RBM28	GUGGGUCUCGG	1.03e-1	1.00e0	5.44e2	212	100	100	1335	6.58	7	7.00	51	3.82
201	/Users/ranjithpapareddy/Desktop/Desktop-Ranjith-iMac/forGIT/UFMylation_Ribosome_stalling_RNA_Splicing/Part4_Splicing_Analysis/data/motifs/CisBP_Human_All.meme	M00470_2.00	SRSF1	RGAAGRAC	3.26e-2	1.00e0	5.44e2	673	100	100	1335	7.32	7	7.00	38	2.85
202	/Users/ranjithpapareddy/Desktop/Desktop-Ranjith-iMac/forGIT/UFMylation_Ribosome_stalling_RNA_Splicing/Part4_Splicing_Analysis/data/motifs/CisBP_Human_All.meme	M00707_2.00	BOLL	UUUDUUU	2.44e-2	1.00e0	5.44e2	901	100	100	1335	2.32	18	18.00	143	10.71
203	/Users/ranjithpapareddy/Desktop/Desktop-Ranjith-iMac/forGIT/UFMylation_Ribosome_stalling_RNA_Splicing/Part4_Splicing_Analysis/data/motifs/CisBP_Human_All.meme	M00834_2.00	ZNF326	MUAUDW	7.21e-2	1.00e0	5.44e2	307	100	100	1335	1.36	11	11.00	87	6.52
204	/Users/ranjithpapareddy/Desktop/Desktop-Ranjith-iMac/forGIT/UFMylation_Ribosome_stalling_RNA_Splicing/Part4_Splicing_Analysis/data/motifs/CisBP_Human_All.meme	M13119_2.00	MATR3	MAUCUUGB	5.25e-2	1.00e0	5.44e2	422	100	100	1335	2.98	5	5.00	25	1.87
205	/Users/ranjithpapareddy/Desktop/Desktop-Ranjith-iMac/forGIT/UFMylation_Ribosome_stalling_RNA_Splicing/Part4_Splicing_Analysis/data/motifs/CisBP_Human_All.meme	M13034_2.00	SYNCRIP	CAAAAWAG	2.63e-2	1.00e0	5.44e2	863	100	100	1335	12.4	2	2.00	2	0.15
206	/Users/ranjithpapareddy/Desktop/Desktop-Ranjith-iMac/forGIT/UFMylation_Ribosome_stalling_RNA_Splicing/Part4_Splicing_Analysis/data/motifs/CisBP_Human_All.meme	M00094_2.00	SRSF9	AGGAGCA	2.17e-2	1.00e0	5.44e2	1048	100	100	1335	4.24	8	8.00	43	3.22
207	/Users/ranjithpapareddy/Desktop/Desktop-Ranjith-iMac/forGIT/UFMylation_Ribosome_stalling_RNA_Splicing/Part4_Splicing_Analysis/data/motifs/CisBP_Human_All.meme	M00134_2.00	ELAVL1	UUUGUUU	2.61e-2	1.00e0	5.44e2	879	100	100	1335	6.57	4	4.00	13	0.97
208	/Users/ranjithpapareddy/Desktop/Desktop-Ranjith-iMac/forGIT/UFMylation_Ribosome_stalling_RNA_Splicing/Part4_Splicing_Analysis/data/motifs/CisBP_Human_All.meme	M00348_2.00	M00348_2.00	UUACGUA	3.84e-1	1.00e0	5.44e2	48	100	100	1335	1.09	4	4.00	41	3.07
209	/Users/ranjithpapareddy/Desktop/Desktop-Ranjith-iMac/forGIT/UFMylation_Ribosome_stalling_RNA_Splicing/Part4_Splicing_Analysis/data/motifs/CisBP_Human_All.meme	M00167_2.00	RBM5	GAAGGAG	2.33e-2	1.00e0	5.44e2	1019	100	100	1335	8.91	6	6.00	27	2.02
210	/Users/ranjithpapareddy/Desktop/Desktop-Ranjith-iMac/forGIT/UFMylation_Ribosome_stalling_RNA_Splicing/Part4_Splicing_Analysis/data/motifs/CisBP_Human_All.meme	M00639_2.00	RBM6	NNBSGUGCGCUCCUHGCCHBBNN	5.07e-1	1.00e0	5.44e2	34	100	100	1335	1.83	2	2.00	22	1.65
211	/Users/ranjithpapareddy/Desktop/Desktop-Ranjith-iMac/forGIT/UFMylation_Ribosome_stalling_RNA_Splicing/Part4_Splicing_Analysis/data/motifs/CisBP_Human_All.meme	M13070_2.00	ENOX2	MRGACAGA	2.63e-2	1.00e0	5.44e2	926	100	100	1335	11.8	2	2.00	2	0.15
212	/Users/ranjithpapareddy/Desktop/Desktop-Ranjith-iMac/forGIT/UFMylation_Ribosome_stalling_RNA_Splicing/Part4_Splicing_Analysis/data/motifs/CisBP_Human_All.meme	M00610_2.00	MSI1	KUAGUDGUAGK	8.75e-2	1.00e0	5.44e2	280	100	100	1335	3.94	6	6.00	39	2.92
213	/Users/ranjithpapareddy/Desktop/Desktop-Ranjith-iMac/forGIT/UFMylation_Ribosome_stalling_RNA_Splicing/Part4_Splicing_Analysis/data/motifs/CisBP_Human_All.meme	M00770_2.00	PCBP3	GUCGG	2.31e-1	1.00e0	5.44e2	106	100	100	1335	4.38	3	3.00	21	1.57
214	/Users/ranjithpapareddy/Desktop/Desktop-Ranjith-iMac/forGIT/UFMylation_Ribosome_stalling_RNA_Splicing/Part4_Splicing_Analysis/data/motifs/CisBP_Human_All.meme	M00744_2.00	HNRNPK	GCCCA	2.63e-2	1.00e0	5.44e2	936	100	100	1335	45	2	2.00	2	0.15
215	/Users/ranjithpapareddy/Desktop/Desktop-Ranjith-iMac/forGIT/UFMylation_Ribosome_stalling_RNA_Splicing/Part4_Splicing_Analysis/data/motifs/CisBP_Human_All.meme	M00805_2.00	RC3H1	CUAUG	1.12e-1	1.00e0	5.44e2	229	100	100	1335	2.25	6	6.00	42	3.15
216	/Users/ranjithpapareddy/Desktop/Desktop-Ranjith-iMac/forGIT/UFMylation_Ribosome_stalling_RNA_Splicing/Part4_Splicing_Analysis/data/motifs/CisBP_Human_All.meme	M00755_2.00	MBNL1	CGCUU	1.22e-1	1.00e0	5.44e2	212	100	100	1335	1.4	8	8.00	64	4.79
217	/Users/ranjithpapareddy/Desktop/Desktop-Ranjith-iMac/forGIT/UFMylation_Ribosome_stalling_RNA_Splicing/Part4_Splicing_Analysis/data/motifs/CisBP_Human_All.meme	M00731_2.00	HNRNPA0	UAUAG	1.34e-1	1.00e0	5.44e2	199	100	100	1335	1	18	18.00	180	13.48
218	/Users/ranjithpapareddy/Desktop/Desktop-Ranjith-iMac/forGIT/UFMylation_Ribosome_stalling_RNA_Splicing/Part4_Splicing_Analysis/data/motifs/CisBP_Human_All.meme	M00312_2.00	M00312_2.00	UUGCACR	6.66e-2	1.00e0	5.44e2	409	100	100	1335	3.12	6	6.00	36	2.70
219	/Users/ranjithpapareddy/Desktop/Desktop-Ranjith-iMac/forGIT/UFMylation_Ribosome_stalling_RNA_Splicing/Part4_Splicing_Analysis/data/motifs/CisBP_Human_All.meme	M00532_2.00	SRSF6	GAUCAACCHGGCGACAG	1.00e0	1.00e0	5.44e2	1	100	100	1335	0.991	0	0.00	1	0.07
220	/Users/ranjithpapareddy/Desktop/Desktop-Ranjith-iMac/forGIT/UFMylation_Ribosome_stalling_RNA_Splicing/Part4_Splicing_Analysis/data/motifs/CisBP_Human_All.meme	M00691_2.00	ZC3H12C	DUGCGDCAGUCGGUAGC	1.00e0	1.00e0	5.44e2	1	100	100	1335	3.45	0	0.00	1	0.07
221	/Users/ranjithpapareddy/Desktop/Desktop-Ranjith-iMac/forGIT/UFMylation_Ribosome_stalling_RNA_Splicing/Part4_Splicing_Analysis/data/motifs/CisBP_Human_All.meme	M00579_2.00	DAZ2	BDGGUGUGCGCGUUUCCGCCMN	1.00e0	1.00e0	5.44e2	1	100	100	1335	0.389	0	0.00	1	0.07
222	/Users/ranjithpapareddy/Desktop/Desktop-Ranjith-iMac/forGIT/UFMylation_Ribosome_stalling_RNA_Splicing/Part4_Splicing_Analysis/data/motifs/CisBP_Human_All.meme	M00572_2.00	DAZ1	GSGUGYGUGCGUUUCCGCSY	1.00e0	1.00e0	5.44e2	1	100	100	1335	0.64	0	0.00	1	0.07
223	/Users/ranjithpapareddy/Desktop/Desktop-Ranjith-iMac/forGIT/UFMylation_Ribosome_stalling_RNA_Splicing/Part4_Splicing_Analysis/data/motifs/CisBP_Human_All.meme	M00688_2.00	ZC3H12B	UGCGWCAGUCGGUAGCU	1.00e0	1.00e0	5.44e2	1	100	100	1335	0.663	0	0.00	1	0.07
224	/Users/ranjithpapareddy/Desktop/Desktop-Ranjith-iMac/forGIT/UFMylation_Ribosome_stalling_RNA_Splicing/Part4_Splicing_Analysis/data/motifs/CisBP_Human_All.meme	M00443_2.00	NCL	CCGAAAKCCCGAAGUAGG	1.00e0	1.00e0	5.44e2	1	100	100	1335	2.33	0	0.00	1	0.07
225	/Users/ranjithpapareddy/Desktop/Desktop-Ranjith-iMac/forGIT/UFMylation_Ribosome_stalling_RNA_Splicing/Part4_Splicing_Analysis/data/motifs/CisBP_Human_All.meme	M00776_2.00	ENSG00000274081	UCUCU	2.98e-2	1.00e0	5.44e2	928	100	100	1335	4.26	13	13.00	94	7.04
226	/Users/ranjithpapareddy/Desktop/Desktop-Ranjith-iMac/forGIT/UFMylation_Ribosome_stalling_RNA_Splicing/Part4_Splicing_Analysis/data/motifs/CisBP_Human_All.meme	M00773_2.00	ENSG00000238104	AUGAA	4.62e-2	1.00e0	5.44e2	600	100	100	1335	4.25	5	5.00	24	1.80
227	/Users/ranjithpapareddy/Desktop/Desktop-Ranjith-iMac/forGIT/UFMylation_Ribosome_stalling_RNA_Splicing/Part4_Splicing_Analysis/data/motifs/CisBP_Human_All.meme	M00197_2.00	RBM24	WGUGUGA	3.38e-2	1.00e0	5.44e2	834	100	100	1335	2.05	31	31.00	298	22.32
228	/Users/ranjithpapareddy/Desktop/Desktop-Ranjith-iMac/forGIT/UFMylation_Ribosome_stalling_RNA_Splicing/Part4_Splicing_Analysis/data/motifs/CisBP_Human_All.meme	M00043_2.00	G3BP2	AGGAURA	4.53e-2	1.00e0	5.44e2	627	100	100	1335	5.22	4	4.00	16	1.20
229	/Users/ranjithpapareddy/Desktop/Desktop-Ranjith-iMac/forGIT/UFMylation_Ribosome_stalling_RNA_Splicing/Part4_Splicing_Analysis/data/motifs/CisBP_Human_All.meme	M00643_2.00	RBMS1	NNNSGUGCAUAAKGCBNNN	2.81e-1	1.00e0	5.44e2	101	100	100	1335	8.37	2	2.00	13	0.97
230	/Users/ranjithpapareddy/Desktop/Desktop-Ranjith-iMac/forGIT/UFMylation_Ribosome_stalling_RNA_Splicing/Part4_Splicing_Analysis/data/motifs/CisBP_Human_All.meme	M00366_2.00	M00366_2.00	AGAUUAA	5.16e-2	1.00e0	5.44e2	564	100	100	1335	1.61	21	21.00	191	14.31
231	/Users/ranjithpapareddy/Desktop/Desktop-Ranjith-iMac/forGIT/UFMylation_Ribosome_stalling_RNA_Splicing/Part4_Splicing_Analysis/data/motifs/CisBP_Human_All.meme	M00530_2.00	SRSF2	UGUUCSAGAU	1.95e-1	1.00e0	5.44e2	152	100	100	1335	71.1	1	1.00	2	0.15
232	/Users/ranjithpapareddy/Desktop/Desktop-Ranjith-iMac/forGIT/UFMylation_Ribosome_stalling_RNA_Splicing/Part4_Splicing_Analysis/data/motifs/CisBP_Human_All.meme	M00039_2.00	ENSG00000277564	UGCAUGM	5.33e-2	1.00e0	5.44e2	559	100	100	1335	3.4	10	10.00	72	5.39
233	/Users/ranjithpapareddy/Desktop/Desktop-Ranjith-iMac/forGIT/UFMylation_Ribosome_stalling_RNA_Splicing/Part4_Splicing_Analysis/data/motifs/CisBP_Human_All.meme	M13117_2.00	ENSG00000277564	HWGCAUGM	5.40e-2	1.00e0	5.44e2	552	100	100	1335	2.6	14	14.00	114	8.54
234	/Users/ranjithpapareddy/Desktop/Desktop-Ranjith-iMac/forGIT/UFMylation_Ribosome_stalling_RNA_Splicing/Part4_Splicing_Analysis/data/motifs/CisBP_Human_All.meme	M00785_2.00	RBM39	CCYCC	2.90e-2	1.00e0	5.44e2	1047	100	100	1335	8.75	18	18.00	146	10.94
235	/Users/ranjithpapareddy/Desktop/Desktop-Ranjith-iMac/forGIT/UFMylation_Ribosome_stalling_RNA_Splicing/Part4_Splicing_Analysis/data/motifs/CisBP_Human_All.meme	M00765_2.00	PCBP3	HGCCCC	2.92e-2	1.00e0	5.44e2	1041	100	100	1335	4.04	28	28.00	259	19.40
236	/Users/ranjithpapareddy/Desktop/Desktop-Ranjith-iMac/forGIT/UFMylation_Ribosome_stalling_RNA_Splicing/Part4_Splicing_Analysis/data/motifs/CisBP_Human_All.meme	M00633_2.00	RBM46	CGGAACUAAG	2.75e-1	1.00e0	5.44e2	111	100	100	1335	1.67	7	7.00	69	5.17
237	/Users/ranjithpapareddy/Desktop/Desktop-Ranjith-iMac/forGIT/UFMylation_Ribosome_stalling_RNA_Splicing/Part4_Splicing_Analysis/data/motifs/CisBP_Human_All.meme	M00588_2.00	HNRNPA0	KUAGGUKUAGGU	2.22e-1	1.00e0	5.44e2	139	100	100	1335	1.3	10	10.00	99	7.42
238	/Users/ranjithpapareddy/Desktop/Desktop-Ranjith-iMac/forGIT/UFMylation_Ribosome_stalling_RNA_Splicing/Part4_Splicing_Analysis/data/motifs/CisBP_Human_All.meme	M00664_2.00	RC3H2	GNCUYRUAUYRAGNB	2.98e-1	1.00e0	5.44e2	105	100	100	1335	1.2	7	7.00	71	5.32
239	/Users/ranjithpapareddy/Desktop/Desktop-Ranjith-iMac/forGIT/UFMylation_Ribosome_stalling_RNA_Splicing/Part4_Splicing_Analysis/data/motifs/CisBP_Human_All.meme	M00801_2.00	RBM6	CCACC	3.26e-2	1.00e0	5.44e2	962	100	100	1335	15.8	7	7.00	38	2.85
240	/Users/ranjithpapareddy/Desktop/Desktop-Ranjith-iMac/forGIT/UFMylation_Ribosome_stalling_RNA_Splicing/Part4_Splicing_Analysis/data/motifs/CisBP_Human_All.meme	M13006_2.00	SRSF3	AACAACG	2.23e-1	1.00e0	5.44e2	141	100	100	1335	1.03	12	12.00	123	9.21
241	/Users/ranjithpapareddy/Desktop/Desktop-Ranjith-iMac/forGIT/UFMylation_Ribosome_stalling_RNA_Splicing/Part4_Splicing_Analysis/data/motifs/CisBP_Human_All.meme	M00046_2.00	HNRNPA2B1	DUAGGGA	4.93e-2	1.00e0	5.44e2	649	100	100	1335	2.13	21	21.00	190	14.23
242	/Users/ranjithpapareddy/Desktop/Desktop-Ranjith-iMac/forGIT/UFMylation_Ribosome_stalling_RNA_Splicing/Part4_Splicing_Analysis/data/motifs/CisBP_Human_All.meme	M00830_2.00	UNK	YAUAGA	1.17e-1	1.00e0	5.44e2	274	100	100	1335	1.62	9	9.00	74	5.54
243	/Users/ranjithpapareddy/Desktop/Desktop-Ranjith-iMac/forGIT/UFMylation_Ribosome_stalling_RNA_Splicing/Part4_Splicing_Analysis/data/motifs/CisBP_Human_All.meme	M00594_2.00	ENSG00000282559	RUUUUUKKGG	4.39e-2	1.00e0	5.44e2	735	100	100	1335	1.97	27	27.00	257	19.25
244	/Users/ranjithpapareddy/Desktop/Desktop-Ranjith-iMac/forGIT/UFMylation_Ribosome_stalling_RNA_Splicing/Part4_Splicing_Analysis/data/motifs/CisBP_Human_All.meme	M00179_2.00	AC009690.3	UGUGUGU	3.79e-2	1.00e0	5.44e2	853	100	100	1335	2.82	23	23.00	207	15.51
245	/Users/ranjithpapareddy/Desktop/Desktop-Ranjith-iMac/forGIT/UFMylation_Ribosome_stalling_RNA_Splicing/Part4_Splicing_Analysis/data/motifs/CisBP_Human_All.meme	M00044_2.00	HNRNPA1	DUAGGGA	8.10e-2	1.00e0	5.44e2	409	100	100	1335	2.63	11	11.00	89	6.67
246	/Users/ranjithpapareddy/Desktop/Desktop-Ranjith-iMac/forGIT/UFMylation_Ribosome_stalling_RNA_Splicing/Part4_Splicing_Analysis/data/motifs/CisBP_Human_All.meme	M00620_2.00	QKI	WUACUAACAWW	2.02e-1	1.00e0	5.44e2	167	100	100	1335	11.7	2	2.00	10	0.75
247	/Users/ranjithpapareddy/Desktop/Desktop-Ranjith-iMac/forGIT/UFMylation_Ribosome_stalling_RNA_Splicing/Part4_Splicing_Analysis/data/motifs/CisBP_Human_All.meme	M00149_2.00	ELAVL1	UUGGUUU	4.19e-2	1.00e0	5.44e2	800	100	100	1335	8.61	2	2.00	3	0.22
248	/Users/ranjithpapareddy/Desktop/Desktop-Ranjith-iMac/forGIT/UFMylation_Ribosome_stalling_RNA_Splicing/Part4_Splicing_Analysis/data/motifs/CisBP_Human_All.meme	M00717_2.00	EIF4G2	GGUYGC	1.26e-1	1.00e0	5.44e2	269	100	100	1335	1.38	13	13.00	120	8.99
249	/Users/ranjithpapareddy/Desktop/Desktop-Ranjith-iMac/forGIT/UFMylation_Ribosome_stalling_RNA_Splicing/Part4_Splicing_Analysis/data/motifs/CisBP_Human_All.meme	M00589_2.00	HNRNPA1L2	KUAGGUUAGGGW	1.95e-1	1.00e0	5.44e2	174	100	100	1335	48.4	1	1.00	2	0.15
250	/Users/ranjithpapareddy/Desktop/Desktop-Ranjith-iMac/forGIT/UFMylation_Ribosome_stalling_RNA_Splicing/Part4_Splicing_Analysis/data/motifs/CisBP_Human_All.meme	M00571_2.00	DAZ1	SGKCGWAAUGUUAGUAGGBCS	1.00e0	1.00e0	5.44e2	6	100	100	1335	1.27	0	0.00	5	0.37
251	/Users/ranjithpapareddy/Desktop/Desktop-Ranjith-iMac/forGIT/UFMylation_Ribosome_stalling_RNA_Splicing/Part4_Splicing_Analysis/data/motifs/CisBP_Human_All.meme	M00024_2.00	ANKHD1-EIF4EBP3	AGACGUW	7.43e-1	1.00e0	5.44e2	58	100	100	1335	1.48	2	2.00	35	2.62
252	/Users/ranjithpapareddy/Desktop/Desktop-Ranjith-iMac/forGIT/UFMylation_Ribosome_stalling_RNA_Splicing/Part4_Splicing_Analysis/data/motifs/CisBP_Human_All.meme	M00657_2.00	RBPMS2	YAGGCACR	1.35e-1	1.00e0	5.44e2	700	100	100	1335	21.3	1	1.00	1	0.07
253	/Users/ranjithpapareddy/Desktop/Desktop-Ranjith-iMac/forGIT/UFMylation_Ribosome_stalling_RNA_Splicing/Part4_Splicing_Analysis/data/motifs/CisBP_Human_All.meme	M00430_2.00	AL109811.4	UGAAUGA	2.39e-1	1.00e0	5.44e2	580	100	100	1335	3.9	4	4.00	32	2.40
254	/Users/ranjithpapareddy/Desktop/Desktop-Ranjith-iMac/forGIT/UFMylation_Ribosome_stalling_RNA_Splicing/Part4_Splicing_Analysis/data/motifs/CisBP_Human_All.meme	M00656_2.00	RBMY1D	BUGAAUYCGUCRN	5.01e-1	1.00e0	5.44e2	55	100	100	1335	1.54	3	3.00	35	2.62
255	/Users/ranjithpapareddy/Desktop/Desktop-Ranjith-iMac/forGIT/UFMylation_Ribosome_stalling_RNA_Splicing/Part4_Splicing_Analysis/data/motifs/CisBP_Human_All.meme	M00621_2.00	QKI	ACUAACAWUACUAACA	8.80e-1	1.00e0	5.44e2	387	100	100	1335	6.08	3	3.00	67	5.02
256	/Users/ranjithpapareddy/Desktop/Desktop-Ranjith-iMac/forGIT/UFMylation_Ribosome_stalling_RNA_Splicing/Part4_Splicing_Analysis/data/motifs/CisBP_Human_All.meme	M00728_2.00	FUBP3	UUUWU	1.23e-1	1.00e0	5.44e2	805	100	100	1335	2.06	25	25.00	262	19.63
257	/Users/ranjithpapareddy/Desktop/Desktop-Ranjith-iMac/forGIT/UFMylation_Ribosome_stalling_RNA_Splicing/Part4_Splicing_Analysis/data/motifs/CisBP_Human_All.meme	M00180_2.00	ENSG00000282559	AUUUUUU	1.79e-1	1.00e0	5.44e2	903	100	100	1335	9.24	4	4.00	28	2.10
258	/Users/ranjithpapareddy/Desktop/Desktop-Ranjith-iMac/forGIT/UFMylation_Ribosome_stalling_RNA_Splicing/Part4_Splicing_Analysis/data/motifs/CisBP_Human_All.meme	M00181_2.00	ENSG00000277564	WGCAUGM	1.48e-1	1.00e0	5.44e2	547	100	100	1335	2.07	19	19.00	195	14.61
259	/Users/ranjithpapareddy/Desktop/Desktop-Ranjith-iMac/forGIT/UFMylation_Ribosome_stalling_RNA_Splicing/Part4_Splicing_Analysis/data/motifs/CisBP_Human_All.meme	M00595_2.00	ENSG00000282559	GRBRBGGGUCUDAUUUUUAAGYVVV	1.00e0	1.00e0	5.44e2	4	100	100	1335	7.45	0	0.00	1	0.07
260	/Users/ranjithpapareddy/Desktop/Desktop-Ranjith-iMac/forGIT/UFMylation_Ribosome_stalling_RNA_Splicing/Part4_Splicing_Analysis/data/motifs/CisBP_Human_All.meme	M13109_2.00	AC008982.1	ACACACA	3.04e-1	1.00e0	5.44e2	568	100	100	1335	120	1	1.00	4	0.30
261	/Users/ranjithpapareddy/Desktop/Desktop-Ranjith-iMac/forGIT/UFMylation_Ribosome_stalling_RNA_Splicing/Part4_Splicing_Analysis/data/motifs/CisBP_Human_All.meme	M00760_2.00	NOVA1	HUCAUAH	2.53e-1	1.00e0	5.44e2	489	100	100	1335	1.48	7	7.00	67	5.02
262	/Users/ranjithpapareddy/Desktop/Desktop-Ranjith-iMac/forGIT/UFMylation_Ribosome_stalling_RNA_Splicing/Part4_Splicing_Analysis/data/motifs/CisBP_Human_All.meme	M00053_2.00	ELAVL1	UUWUUUU	1.02e-1	1.00e0	5.44e2	898	100	100	1335	13.1	2	2.00	6	0.45
263	/Users/ranjithpapareddy/Desktop/Desktop-Ranjith-iMac/forGIT/UFMylation_Ribosome_stalling_RNA_Splicing/Part4_Splicing_Analysis/data/motifs/CisBP_Human_All.meme	M00754_2.00	KHSRP	UUWUU	2.38e-1	1.00e0	5.44e2	877	100	100	1335	2.85	21	21.00	236	17.68
264	/Users/ranjithpapareddy/Desktop/Desktop-Ranjith-iMac/forGIT/UFMylation_Ribosome_stalling_RNA_Splicing/Part4_Splicing_Analysis/data/motifs/CisBP_Human_All.meme	M00200_2.00	AC009690.3	UGUGDKG	4.60e-2	1.00e0	5.44e2	977	100	100	1335	2.68	24	24.00	223	16.70
265	/Users/ranjithpapareddy/Desktop/Desktop-Ranjith-iMac/forGIT/UFMylation_Ribosome_stalling_RNA_Splicing/Part4_Splicing_Analysis/data/motifs/CisBP_Human_All.meme	M00308_2.00	SRSF3	AWCAACR	2.51e-1	1.00e0	5.44e2	179	100	100	1335	6.4	1	1.00	3	0.22
266	/Users/ranjithpapareddy/Desktop/Desktop-Ranjith-iMac/forGIT/UFMylation_Ribosome_stalling_RNA_Splicing/Part4_Splicing_Analysis/data/motifs/CisBP_Human_All.meme	M00249_2.00	PTBP1	CUUUUCU	8.41e-2	1.00e0	5.44e2	1043	100	100	1335	2.51	29	29.00	299	22.40
267	/Users/ranjithpapareddy/Desktop/Desktop-Ranjith-iMac/forGIT/UFMylation_Ribosome_stalling_RNA_Splicing/Part4_Splicing_Analysis/data/motifs/CisBP_Human_All.meme	M00126_2.00	SRSF1	GGAGGRV	5.25e-2	1.00e0	5.44e2	897	100	100	1335	23.5	5	5.00	25	1.87
268	/Users/ranjithpapareddy/Desktop/Desktop-Ranjith-iMac/forGIT/UFMylation_Ribosome_stalling_RNA_Splicing/Part4_Splicing_Analysis/data/motifs/CisBP_Human_All.meme	M00472_2.00	SRSF2	GUUCGAGUW	5.72e-1	1.00e0	5.44e2	163	100	100	1335	2.45	4	4.00	53	3.97
269	/Users/ranjithpapareddy/Desktop/Desktop-Ranjith-iMac/forGIT/UFMylation_Ribosome_stalling_RNA_Splicing/Part4_Splicing_Analysis/data/motifs/CisBP_Human_All.meme	M00615_2.00	PABPC5	UUAKAAAUUACUACAY	5.71e-1	1.00e0	5.44e2	44	100	100	1335	1.09	3	3.00	39	2.92
270	/Users/ranjithpapareddy/Desktop/Desktop-Ranjith-iMac/forGIT/UFMylation_Ribosome_stalling_RNA_Splicing/Part4_Splicing_Analysis/data/motifs/CisBP_Human_All.meme	M00473_2.00	PABPC4L	AAAAA	1.69e-1	1.00e0	5.44e2	904	100	100	1335	11.4	6	6.00	48	3.60
271	/Users/ranjithpapareddy/Desktop/Desktop-Ranjith-iMac/forGIT/UFMylation_Ribosome_stalling_RNA_Splicing/Part4_Splicing_Analysis/data/motifs/CisBP_Human_All.meme	M00059_2.00	MBNL1	NGCUUGC	1.35e-1	1.00e0	5.44e2	485	100	100	1335	14.7	1	1.00	1	0.07
272	/Users/ranjithpapareddy/Desktop/Desktop-Ranjith-iMac/forGIT/UFMylation_Ribosome_stalling_RNA_Splicing/Part4_Splicing_Analysis/data/motifs/CisBP_Human_All.meme	M00807_2.00	SF1	UAAUC	1.65e-1	1.00e0	5.44e2	263	100	100	1335	2.33	4	4.00	27	2.02
273	/Users/ranjithpapareddy/Desktop/Desktop-Ranjith-iMac/forGIT/UFMylation_Ribosome_stalling_RNA_Splicing/Part4_Splicing_Analysis/data/motifs/CisBP_Human_All.meme	M13102_2.00	ANKHD1-EIF4EBP3	AGACGUW	6.99e-1	1.00e0	5.44e2	58	100	100	1335	1.5	2	2.00	32	2.40
274	/Users/ranjithpapareddy/Desktop/Desktop-Ranjith-iMac/forGIT/UFMylation_Ribosome_stalling_RNA_Splicing/Part4_Splicing_Analysis/data/motifs/CisBP_Human_All.meme	M00663_2.00	RC3H2	DNCYUVURUBARGNN	1.35e-1	1.00e0	5.44e2	829	100	100	1335	20.2	1	1.00	1	0.07
275	/Users/ranjithpapareddy/Desktop/Desktop-Ranjith-iMac/forGIT/UFMylation_Ribosome_stalling_RNA_Splicing/Part4_Splicing_Analysis/data/motifs/CisBP_Human_All.meme	M00662_2.00	RC3H1	NNYRCGUUUUAGKRNN	5.16e-1	1.00e0	5.44e2	64	100	100	1335	3.14	1	1.00	9	0.67
276	/Users/ranjithpapareddy/Desktop/Desktop-Ranjith-iMac/forGIT/UFMylation_Ribosome_stalling_RNA_Splicing/Part4_Splicing_Analysis/data/motifs/CisBP_Human_All.meme	M00722_2.00	ESRP1	GGGKGG	3.52e-1	1.00e0	5.44e2	1067	100	100	1335	29.4	1	1.00	5	0.37
277	/Users/ranjithpapareddy/Desktop/Desktop-Ranjith-iMac/forGIT/UFMylation_Ribosome_stalling_RNA_Splicing/Part4_Splicing_Analysis/data/motifs/CisBP_Human_All.meme	M00723_2.00	EWSR1	GGGDGGGG	1.95e-1	1.00e0	5.44e2	1080	100	100	1335	71.6	1	1.00	2	0.15
278	/Users/ranjithpapareddy/Desktop/Desktop-Ranjith-iMac/forGIT/UFMylation_Ribosome_stalling_RNA_Splicing/Part4_Splicing_Analysis/data/motifs/CisBP_Human_All.meme	M00545_2.00	SNRPA	GVGCAGUAGKS	2.28e-1	1.00e0	5.44e2	207	100	100	1335	57.8	2	2.00	11	0.82
279	/Users/ranjithpapareddy/Desktop/Desktop-Ranjith-iMac/forGIT/UFMylation_Ribosome_stalling_RNA_Splicing/Part4_Splicing_Analysis/data/motifs/CisBP_Human_All.meme	M13043_2.00	SF3B4	NCAAAAGN	1.35e-1	1.00e0	5.44e2	534	100	100	1335	49.1	1	1.00	1	0.07
280	/Users/ranjithpapareddy/Desktop/Desktop-Ranjith-iMac/forGIT/UFMylation_Ribosome_stalling_RNA_Splicing/Part4_Splicing_Analysis/data/motifs/CisBP_Human_All.meme	M00082_2.00	M00082_2.00	UAAAAGG	6.40e-2	1.00e0	5.44e2	609	100	100	1335	2.01	19	19.00	173	12.96
281	/Users/ranjithpapareddy/Desktop/Desktop-Ranjith-iMac/forGIT/UFMylation_Ribosome_stalling_RNA_Splicing/Part4_Splicing_Analysis/data/motifs/CisBP_Human_All.meme	M00083_2.00	SAMD4B	GCUGGMC	4.55e-2	1.00e0	5.44e2	925	100	100	1335	22	3	3.00	9	0.67
282	/Users/ranjithpapareddy/Desktop/Desktop-Ranjith-iMac/forGIT/UFMylation_Ribosome_stalling_RNA_Splicing/Part4_Splicing_Analysis/data/motifs/CisBP_Human_All.meme	M00825_2.00	TIA1	UUUUW	7.68e-2	1.00e0	5.44e2	897	100	100	1335	3.47	16	16.00	143	10.71
283	/Users/ranjithpapareddy/Desktop/Desktop-Ranjith-iMac/forGIT/UFMylation_Ribosome_stalling_RNA_Splicing/Part4_Splicing_Analysis/data/motifs/CisBP_Human_All.meme	M00386_2.00	M00386_2.00	RADCACR	3.87e-1	1.00e0	5.44e2	388	100	100	1335	1.95	6	6.00	66	4.94
284	/Users/ranjithpapareddy/Desktop/Desktop-Ranjith-iMac/forGIT/UFMylation_Ribosome_stalling_RNA_Splicing/Part4_Splicing_Analysis/data/motifs/CisBP_Human_All.meme	M00748_2.00	IGF2BP2	CAACACA	3.98e-1	1.00e0	5.44e2	631	100	100	1335	2.15	9	9.00	105	7.87
285	/Users/ranjithpapareddy/Desktop/Desktop-Ranjith-iMac/forGIT/UFMylation_Ribosome_stalling_RNA_Splicing/Part4_Splicing_Analysis/data/motifs/CisBP_Human_All.meme	M00749_2.00	ILF2	GGGDGGGG	1.41e-1	1.00e0	5.44e2	1084	100	100	1335	36.8	3	3.00	16	1.20
286	/Users/ranjithpapareddy/Desktop/Desktop-Ranjith-iMac/forGIT/UFMylation_Ribosome_stalling_RNA_Splicing/Part4_Splicing_Analysis/data/motifs/CisBP_Human_All.meme	M00172_2.00	ENSG00000282559	UUUUUUG	3.87e-1	1.00e0	5.44e2	863	100	100	1335	7.95	6	6.00	66	4.94
287	/Users/ranjithpapareddy/Desktop/Desktop-Ranjith-iMac/forGIT/UFMylation_Ribosome_stalling_RNA_Splicing/Part4_Splicing_Analysis/data/motifs/CisBP_Human_All.meme	M00173_2.00	HNRNPH1	GGGAGGG	1.41e-1	1.00e0	5.44e2	1061	100	100	1335	56.5	3	3.00	16	1.20
288	/Users/ranjithpapareddy/Desktop/Desktop-Ranjith-iMac/forGIT/UFMylation_Ribosome_stalling_RNA_Splicing/Part4_Splicing_Analysis/data/motifs/CisBP_Human_All.meme	M13120_2.00	ENSG00000282095	VWUUUUUS	1.65e-1	1.00e0	5.44e2	877	100	100	1335	7.49	4	4.00	27	2.02
289	/Users/ranjithpapareddy/Desktop/Desktop-Ranjith-iMac/forGIT/UFMylation_Ribosome_stalling_RNA_Splicing/Part4_Splicing_Analysis/data/motifs/CisBP_Human_All.meme	M13121_2.00	ENSG00000282175	VWUUUUUS	1.65e-1	1.00e0	5.44e2	877	100	100	1335	7.49	4	4.00	27	2.02
290	/Users/ranjithpapareddy/Desktop/Desktop-Ranjith-iMac/forGIT/UFMylation_Ribosome_stalling_RNA_Splicing/Part4_Splicing_Analysis/data/motifs/CisBP_Human_All.meme	M00641_2.00	RBMS1	GUAUUUAUDGGG	1.76e-1	1.00e0	5.44e2	254	100	100	1335	4.93	3	3.00	18	1.35
291	/Users/ranjithpapareddy/Desktop/Desktop-Ranjith-iMac/forGIT/UFMylation_Ribosome_stalling_RNA_Splicing/Part4_Splicing_Analysis/data/motifs/CisBP_Human_All.meme	M00567_2.00	YBX3	UAACAUCR	1.76e-1	1.00e0	5.44e2	242	100	100	1335	5.59	2	2.00	9	0.67
292	/Users/ranjithpapareddy/Desktop/Desktop-Ranjith-iMac/forGIT/UFMylation_Ribosome_stalling_RNA_Splicing/Part4_Splicing_Analysis/data/motifs/CisBP_Human_All.meme	M00700_2.00	ZFR	GUGACGGAUG	6.64e-1	1.00e0	5.44e2	102	100	100	1335	1.09	6	6.00	89	6.67
293	/Users/ranjithpapareddy/Desktop/Desktop-Ranjith-iMac/forGIT/UFMylation_Ribosome_stalling_RNA_Splicing/Part4_Splicing_Analysis/data/motifs/CisBP_Human_All.meme	M00255_2.00	M00255_2.00	AGAYASAK	6.97e-2	1.00e0	5.44e2	744	100	100	1335	41.1	1	1.00	0	0.00
294	/Users/ranjithpapareddy/Desktop/Desktop-Ranjith-iMac/forGIT/UFMylation_Ribosome_stalling_RNA_Splicing/Part4_Splicing_Analysis/data/motifs/CisBP_Human_All.meme	M00254_2.00	ELAVL1	UUUUUUU	4.20e-1	1.00e0	5.44e2	913	100	100	1335	8.61	9	9.00	107	8.01
295	/Users/ranjithpapareddy/Desktop/Desktop-Ranjith-iMac/forGIT/UFMylation_Ribosome_stalling_RNA_Splicing/Part4_Splicing_Analysis/data/motifs/CisBP_Human_All.meme	M00608_2.00	MEX3A	UDURUUUAUU	9.48e-2	1.00e0	5.44e2	728	100	100	1335	10.3	3	3.00	13	0.97
296	/Users/ranjithpapareddy/Desktop/Desktop-Ranjith-iMac/forGIT/UFMylation_Ribosome_stalling_RNA_Splicing/Part4_Splicing_Analysis/data/motifs/CisBP_Human_All.meme	M00793_2.00	RBM45	CUDAC	2.09e-1	1.00e0	5.44e2	409	100	100	1335	1.26	21	21.00	231	17.30
297	/Users/ranjithpapareddy/Desktop/Desktop-Ranjith-iMac/forGIT/UFMylation_Ribosome_stalling_RNA_Splicing/Part4_Splicing_Analysis/data/motifs/CisBP_Human_All.meme	M00223_2.00	SF3B4	WUUUUUU	2.56e-1	1.00e0	5.44e2	888	100	100	1335	3.57	21	21.00	239	17.90
298	/Users/ranjithpapareddy/Desktop/Desktop-Ranjith-iMac/forGIT/UFMylation_Ribosome_stalling_RNA_Splicing/Part4_Splicing_Analysis/data/motifs/CisBP_Human_All.meme	M00045_2.00	HNRNPA1L2	KUAGGGW	1.16e-1	1.00e0	5.44e2	375	100	100	1335	1.2	24	24.00	248	18.58
299	/Users/ranjithpapareddy/Desktop/Desktop-Ranjith-iMac/forGIT/UFMylation_Ribosome_stalling_RNA_Splicing/Part4_Splicing_Analysis/data/motifs/CisBP_Human_All.meme	M00558_2.00	PUM2	UGUAAAUA	1.96e-1	1.00e0	5.44e2	411	100	100	1335	2.19	19	19.00	204	15.28
300	/Users/ranjithpapareddy/Desktop/Desktop-Ranjith-iMac/forGIT/UFMylation_Ribosome_stalling_RNA_Splicing/Part4_Splicing_Analysis/data/motifs/CisBP_Human_All.meme	M00105_2.00	ZC3H10	SCAGCGC	1.95e-1	1.00e0	5.44e2	308	100	100	1335	38.5	1	1.00	2	0.15
301	/Users/ranjithpapareddy/Desktop/Desktop-Ranjith-iMac/forGIT/UFMylation_Ribosome_stalling_RNA_Splicing/Part4_Splicing_Analysis/data/motifs/CisBP_Human_All.meme	M00104_2.00	YBX2	AACAWCD	1.53e-1	1.00e0	5.44e2	412	100	100	1335	1.54	16	16.00	160	11.99
302	/Users/ranjithpapareddy/Desktop/Desktop-Ranjith-iMac/forGIT/UFMylation_Ribosome_stalling_RNA_Splicing/Part4_Splicing_Analysis/data/motifs/CisBP_Human_All.meme	M00130_2.00	ELAVL1	UUUGUUU	6.97e-2	1.00e0	5.44e2	867	100	100	1335	33.8	1	1.00	0	0.00
303	/Users/ranjithpapareddy/Desktop/Desktop-Ranjith-iMac/forGIT/UFMylation_Ribosome_stalling_RNA_Splicing/Part4_Splicing_Analysis/data/motifs/CisBP_Human_All.meme	M12992_2.00	PABPC1L	GAAAAAAR	6.97e-2	1.00e0	5.44e2	907	100	100	1335	33.4	1	1.00	0	0.00
304	/Users/ranjithpapareddy/Desktop/Desktop-Ranjith-iMac/forGIT/UFMylation_Ribosome_stalling_RNA_Splicing/Part4_Splicing_Analysis/data/motifs/CisBP_Human_All.meme	M00356_2.00	M00356_2.00	AUUAGGA	1.13e-1	1.00e0	5.44e2	314	100	100	1335	3.18	4	4.00	23	1.72
305	/Users/ranjithpapareddy/Desktop/Desktop-Ranjith-iMac/forGIT/UFMylation_Ribosome_stalling_RNA_Splicing/Part4_Splicing_Analysis/data/motifs/CisBP_Human_All.meme	M00603_2.00	LARP7	GRUCGUGAUGY	1.52e-1	1.00e0	5.44e2	313	100	100	1335	4.08	5	5.00	36	2.70
306	/Users/ranjithpapareddy/Desktop/Desktop-Ranjith-iMac/forGIT/UFMylation_Ribosome_stalling_RNA_Splicing/Part4_Splicing_Analysis/data/motifs/CisBP_Human_All.meme	M00602_2.00	LARP6	GUGUCUGYUKKBBYGAAGUCH	9.28e-1	1.00e0	5.44e2	188	100	100	1335	3.03	2	2.00	57	4.27
307	/Users/ranjithpapareddy/Desktop/Desktop-Ranjith-iMac/forGIT/UFMylation_Ribosome_stalling_RNA_Splicing/Part4_Splicing_Analysis/data/motifs/CisBP_Human_All.meme	M00038_2.00	FMR1	GGACARG	6.97e-2	1.00e0	5.44e2	715	100	100	1335	43.1	1	1.00	0	0.00
308	/Users/ranjithpapareddy/Desktop/Desktop-Ranjith-iMac/forGIT/UFMylation_Ribosome_stalling_RNA_Splicing/Part4_Splicing_Analysis/data/motifs/CisBP_Human_All.meme	M00178_2.00	TIA1	UUUUUUY	2.64e-1	1.00e0	5.44e2	904	100	100	1335	6.63	7	7.00	68	5.09
309	/Users/ranjithpapareddy/Desktop/Desktop-Ranjith-iMac/forGIT/UFMylation_Ribosome_stalling_RNA_Splicing/Part4_Splicing_Analysis/data/motifs/CisBP_Human_All.meme	M00742_2.00	HNRNPF	WGGGW	6.97e-2	1.00e0	5.44e2	1135	100	100	1335	14.8	1	1.00	0	0.00
310	/Users/ranjithpapareddy/Desktop/Desktop-Ranjith-iMac/forGIT/UFMylation_Ribosome_stalling_RNA_Splicing/Part4_Splicing_Analysis/data/motifs/CisBP_Human_All.meme	M00743_2.00	HNRNPH1	GKGGGG	2.37e-1	1.00e0	5.44e2	993	100	100	1335	3.44	30	30.00	350	26.22
311	/Users/ranjithpapareddy/Desktop/Desktop-Ranjith-iMac/forGIT/UFMylation_Ribosome_stalling_RNA_Splicing/Part4_Splicing_Analysis/data/motifs/CisBP_Human_All.meme	M00217_2.00	SF3B4	NCAAAAG	6.97e-2	1.00e0	5.44e2	547	100	100	1335	55.9	1	1.00	0	0.00
312	/Users/ranjithpapareddy/Desktop/Desktop-Ranjith-iMac/forGIT/UFMylation_Ribosome_stalling_RNA_Splicing/Part4_Splicing_Analysis/data/motifs/CisBP_Human_All.meme	M00071_2.00	M00071_2.00	GUGUGUG	2.97e-1	1.00e0	5.44e2	946	100	100	1335	7.2	8	8.00	83	6.22
313	/Users/ranjithpapareddy/Desktop/Desktop-Ranjith-iMac/forGIT/UFMylation_Ribosome_stalling_RNA_Splicing/Part4_Splicing_Analysis/data/motifs/CisBP_Human_All.meme	M13023_2.00	HNRNPR	CAAAAWRS	1.35e-1	1.00e0	5.44e2	882	100	100	1335	16.5	1	1.00	1	0.07
314	/Users/ranjithpapareddy/Desktop/Desktop-Ranjith-iMac/forGIT/UFMylation_Ribosome_stalling_RNA_Splicing/Part4_Splicing_Analysis/data/motifs/CisBP_Human_All.meme	M00735_2.00	ENSG00000282559	UUUUU	3.16e-1	1.00e0	5.44e2	915	100	100	1335	5.09	9	9.00	97	7.27
315	/Users/ranjithpapareddy/Desktop/Desktop-Ranjith-iMac/forGIT/UFMylation_Ribosome_stalling_RNA_Splicing/Part4_Splicing_Analysis/data/motifs/CisBP_Human_All.meme	M00552_2.00	ENSG00000275272	KMRUVC	1.44e-1	1.00e0	5.44e2	660	100	100	1335	1.17	34	34.00	380	28.46
316	/Users/ranjithpapareddy/Desktop/Desktop-Ranjith-iMac/forGIT/UFMylation_Ribosome_stalling_RNA_Splicing/Part4_Splicing_Analysis/data/motifs/CisBP_Human_All.meme	M00260_2.00	M00260_2.00	GUGUGUG	9.34e-2	1.00e0	5.44e2	762	100	100	1335	2.53	28	28.00	290	21.72
317	/Users/ranjithpapareddy/Desktop/Desktop-Ranjith-iMac/forGIT/UFMylation_Ribosome_stalling_RNA_Splicing/Part4_Splicing_Analysis/data/motifs/CisBP_Human_All.meme	M13114_2.00	HNRNPCL2	VWUUUUUS	1.65e-1	1.00e0	5.44e2	877	100	100	1335	7.49	4	4.00	27	2.02
318	/Users/ranjithpapareddy/Desktop/Desktop-Ranjith-iMac/forGIT/UFMylation_Ribosome_stalling_RNA_Splicing/Part4_Splicing_Analysis/data/motifs/CisBP_Human_All.meme	M13115_2.00	HNRNPCL3	VWUUUUUS	1.65e-1	1.00e0	5.44e2	877	100	100	1335	7.49	4	4.00	27	2.02
319	/Users/ranjithpapareddy/Desktop/Desktop-Ranjith-iMac/forGIT/UFMylation_Ribosome_stalling_RNA_Splicing/Part4_Splicing_Analysis/data/motifs/CisBP_Human_All.meme	M00147_2.00	M00147_2.00	DWGCACA	2.08e-1	1.00e0	5.44e2	683	100	100	1335	2.06	19	19.00	206	15.43
320	/Users/ranjithpapareddy/Desktop/Desktop-Ranjith-iMac/forGIT/UFMylation_Ribosome_stalling_RNA_Splicing/Part4_Splicing_Analysis/data/motifs/CisBP_Human_All.meme	M00674_2.00	SNRPB2	GGGUGUGCAC	1.00e0	1.00e0	5.44e2	122	100	100	1335	1.02	1	1.00	120	8.99
321	/Users/ranjithpapareddy/Desktop/Desktop-Ranjith-iMac/forGIT/UFMylation_Ribosome_stalling_RNA_Splicing/Part4_Splicing_Analysis/data/motifs/CisBP_Human_All.meme	M00413_2.00	ENSG00000277564	WGCAUGM	8.46e-2	1.00e0	5.44e2	580	100	100	1335	2.07	21	21.00	203	15.21
322	/Users/ranjithpapareddy/Desktop/Desktop-Ranjith-iMac/forGIT/UFMylation_Ribosome_stalling_RNA_Splicing/Part4_Splicing_Analysis/data/motifs/CisBP_Human_All.meme	M00675_2.00	SNRPB2	KSCAUUGCACN	5.50e-1	1.00e0	5.44e2	411	100	100	1335	92.3	1	1.00	10	0.75
323	/Users/ranjithpapareddy/Desktop/Desktop-Ranjith-iMac/forGIT/UFMylation_Ribosome_stalling_RNA_Splicing/Part4_Splicing_Analysis/data/motifs/CisBP_Human_All.meme	M00810_2.00	SNRPA	WGCACR	7.01e-2	1.00e0	5.44e2	697	100	100	1335	1.41	34	34.00	355	26.59
324	/Users/ranjithpapareddy/Desktop/Desktop-Ranjith-iMac/forGIT/UFMylation_Ribosome_stalling_RNA_Splicing/Part4_Splicing_Analysis/data/motifs/CisBP_Human_All.meme	M00811_2.00	SRSF10	NAGCAG	1.76e-1	1.00e0	5.44e2	1065	100	100	1335	4.32	9	9.00	82	6.14
325	/Users/ranjithpapareddy/Desktop/Desktop-Ranjith-iMac/forGIT/UFMylation_Ribosome_stalling_RNA_Splicing/Part4_Splicing_Analysis/data/motifs/CisBP_Human_All.meme	M00175_2.00	LIN28B	CGGAGGR	1.95e-1	1.00e0	5.44e2	910	100	100	1335	24.3	1	1.00	2	0.15
326	/Users/ranjithpapareddy/Desktop/Desktop-Ranjith-iMac/forGIT/UFMylation_Ribosome_stalling_RNA_Splicing/Part4_Splicing_Analysis/data/motifs/CisBP_Human_All.meme	M00646_2.00	RBMS2	NNNNSUGCAUAAKGBBBNN	2.28e-1	1.00e0	5.44e2	161	100	100	1335	9.25	2	2.00	11	0.82
327	/Users/ranjithpapareddy/Desktop/Desktop-Ranjith-iMac/forGIT/UFMylation_Ribosome_stalling_RNA_Splicing/Part4_Splicing_Analysis/data/motifs/CisBP_Human_All.meme	M00823_2.00	AL109811.4	GUAUG	8.41e-2	1.00e0	5.44e2	594	100	100	1335	1.3	29	29.00	299	22.40
328	/Users/ranjithpapareddy/Desktop/Desktop-Ranjith-iMac/forGIT/UFMylation_Ribosome_stalling_RNA_Splicing/Part4_Splicing_Analysis/data/motifs/CisBP_Human_All.meme	M00794_2.00	RBM45	ACACC	3.25e-1	1.00e0	5.44e2	621	100	100	1335	1.53	30	30.00	366	27.42
329	/Users/ranjithpapareddy/Desktop/Desktop-Ranjith-iMac/forGIT/UFMylation_Ribosome_stalling_RNA_Splicing/Part4_Splicing_Analysis/data/motifs/CisBP_Human_All.meme	M00561_2.00	BOLL	KUGUUGUGUUKK	6.61e-2	1.00e0	5.44e2	817	100	100	1335	7.76	8	8.00	55	4.12
330	/Users/ranjithpapareddy/Desktop/Desktop-Ranjith-iMac/forGIT/UFMylation_Ribosome_stalling_RNA_Splicing/Part4_Splicing_Analysis/data/motifs/CisBP_Human_All.meme	M13067_2.00	RBM15	YWUUUUUS	9.09e-2	1.00e0	5.44e2	872	100	100	1335	6.65	5	5.00	30	2.25
331	/Users/ranjithpapareddy/Desktop/Desktop-Ranjith-iMac/forGIT/UFMylation_Ribosome_stalling_RNA_Splicing/Part4_Splicing_Analysis/data/motifs/CisBP_Human_All.meme	M00034_2.00	CPEB2	CWUUUUU	8.03e-2	1.00e0	5.44e2	903	100	100	1335	7.11	4	4.00	20	1.50
332	/Users/ranjithpapareddy/Desktop/Desktop-Ranjith-iMac/forGIT/UFMylation_Ribosome_stalling_RNA_Splicing/Part4_Splicing_Analysis/data/motifs/CisBP_Human_All.meme	M13118_2.00	AL109811.4	UGAAUGAR	1.06e-1	1.00e0	5.44e2	659	100	100	1335	2.61	12	12.00	105	7.87
333	/Users/ranjithpapareddy/Desktop/Desktop-Ranjith-iMac/forGIT/UFMylation_Ribosome_stalling_RNA_Splicing/Part4_Splicing_Analysis/data/motifs/CisBP_Human_All.meme	M00517_2.00	SNRPA	AUUGCAC	8.90e-1	1.00e0	5.44e2	254	100	100	1335	6.19	2	2.00	50	3.75
334	/Users/ranjithpapareddy/Desktop/Desktop-Ranjith-iMac/forGIT/UFMylation_Ribosome_stalling_RNA_Splicing/Part4_Splicing_Analysis/data/motifs/CisBP_Human_All.meme	M00516_2.00	SNRPA	AUUGCAC	8.67e-1	1.00e0	5.44e2	310	100	100	1335	3.59	3	3.00	65	4.87
335	/Users/ranjithpapareddy/Desktop/Desktop-Ranjith-iMac/forGIT/UFMylation_Ribosome_stalling_RNA_Splicing/Part4_Splicing_Analysis/data/motifs/CisBP_Human_All.meme	M00103_2.00	YBX1	AACAUCA	4.75e-1	1.00e0	5.44e2	429	100	100	1335	1.53	17	17.00	218	16.33
336	/Users/ranjithpapareddy/Desktop/Desktop-Ranjith-iMac/forGIT/UFMylation_Ribosome_stalling_RNA_Splicing/Part4_Splicing_Analysis/data/motifs/CisBP_Human_All.meme	M00631_2.00	RBM38	UGGUGUGUGUGKKD	4.22e-1	1.00e0	5.44e2	437	100	100	1335	13.3	13	13.00	159	11.91
337	/Users/ranjithpapareddy/Desktop/Desktop-Ranjith-iMac/forGIT/UFMylation_Ribosome_stalling_RNA_Splicing/Part4_Splicing_Analysis/data/motifs/CisBP_Human_All.meme	M13058_2.00	SRSF12	AGAGAAA	3.04e-1	1.00e0	5.44e2	881	100	100	1335	3.67	19	19.00	221	16.55
338	/Users/ranjithpapareddy/Desktop/Desktop-Ranjith-iMac/forGIT/UFMylation_Ribosome_stalling_RNA_Splicing/Part4_Splicing_Analysis/data/motifs/CisBP_Human_All.meme	M00190_2.00	PSPC1	GURGUKU	3.66e-1	1.00e0	5.44e2	906	100	100	1335	1.24	39	39.00	491	36.78
339	/Users/ranjithpapareddy/Desktop/Desktop-Ranjith-iMac/forGIT/UFMylation_Ribosome_stalling_RNA_Splicing/Part4_Splicing_Analysis/data/motifs/CisBP_Human_All.meme	M00191_2.00	HNRNPLL	ACACACA	3.52e-1	1.00e0	5.44e2	708	100	100	1335	78.2	1	1.00	5	0.37
340	/Users/ranjithpapareddy/Desktop/Desktop-Ranjith-iMac/forGIT/UFMylation_Ribosome_stalling_RNA_Splicing/Part4_Splicing_Analysis/data/motifs/CisBP_Human_All.meme	M00258_2.00	SYNCRIP	CAAAAAG	4.19e-2	1.00e0	5.44e2	895	100	100	1335	8.45	2	2.00	3	0.22
341	/Users/ranjithpapareddy/Desktop/Desktop-Ranjith-iMac/forGIT/UFMylation_Ribosome_stalling_RNA_Splicing/Part4_Splicing_Analysis/data/motifs/CisBP_Human_All.meme	M00259_2.00	M00259_2.00	SAACUACD	5.44e-1	1.00e0	5.44e2	146	100	100	1335	1.07	9	9.00	119	8.91
342	/Users/ranjithpapareddy/Desktop/Desktop-Ranjith-iMac/forGIT/UFMylation_Ribosome_stalling_RNA_Splicing/Part4_Splicing_Analysis/data/motifs/CisBP_Human_All.meme	M00604_2.00	MCM3AP	CGCCAGUGCG	1.00e0	1.00e0	5.44e2	14	100	100	1335	4.87	0	0.00	7	0.52
343	/Users/ranjithpapareddy/Desktop/Desktop-Ranjith-iMac/forGIT/UFMylation_Ribosome_stalling_RNA_Splicing/Part4_Splicing_Analysis/data/motifs/CisBP_Human_All.meme	M00605_2.00	MEX3A	UAKAGUUUAU	1.41e-1	1.00e0	5.44e2	367	100	100	1335	3.76	5	5.00	35	2.62
344	/Users/ranjithpapareddy/Desktop/Desktop-Ranjith-iMac/forGIT/UFMylation_Ribosome_stalling_RNA_Splicing/Part4_Splicing_Analysis/data/motifs/CisBP_Human_All.meme	M00523_2.00	NOVA2	DSVUNMVCUUCACMCC	9.28e-1	1.00e0	5.44e2	68	100	100	1335	3.45	1	1.00	35	2.62
345	/Users/ranjithpapareddy/Desktop/Desktop-Ranjith-iMac/forGIT/UFMylation_Ribosome_stalling_RNA_Splicing/Part4_Splicing_Analysis/data/motifs/CisBP_Human_All.meme	M00745_2.00	HNRNPK	CACGC	2.12e-1	1.00e0	5.44e2	321	100	100	1335	5.18	3	3.00	20	1.50
346	/Users/ranjithpapareddy/Desktop/Desktop-Ranjith-iMac/forGIT/UFMylation_Ribosome_stalling_RNA_Splicing/Part4_Splicing_Analysis/data/motifs/CisBP_Human_All.meme	M00733_2.00	HNRNPA2B1	RGGGG	1.59e-1	1.00e0	5.44e2	809	100	100	1335	6.78	16	16.00	161	12.06
347	/Users/ranjithpapareddy/Desktop/Desktop-Ranjith-iMac/forGIT/UFMylation_Ribosome_stalling_RNA_Splicing/Part4_Splicing_Analysis/data/motifs/CisBP_Human_All.meme	M00092_2.00	SRSF2	AGGAGWDR	1.37e-1	1.00e0	5.44e2	1068	100	100	1335	6.6	10	10.00	88	6.59
348	/Users/ranjithpapareddy/Desktop/Desktop-Ranjith-iMac/forGIT/UFMylation_Ribosome_stalling_RNA_Splicing/Part4_Splicing_Analysis/data/motifs/CisBP_Human_All.meme	M00108_2.00	SRSF10	AGAGARR	4.37e-1	1.00e0	5.44e2	1103	100	100	1335	11.9	2	2.00	19	1.42
349	/Users/ranjithpapareddy/Desktop/Desktop-Ranjith-iMac/forGIT/UFMylation_Ribosome_stalling_RNA_Splicing/Part4_Splicing_Analysis/data/motifs/CisBP_Human_All.meme	M00109_2.00	SRSF10	AGAGARR	4.76e-1	1.00e0	5.44e2	1036	100	100	1335	4.98	12	12.00	152	11.39
350	/Users/ranjithpapareddy/Desktop/Desktop-Ranjith-iMac/forGIT/UFMylation_Ribosome_stalling_RNA_Splicing/Part4_Splicing_Analysis/data/motifs/CisBP_Human_All.meme	M00049_2.00	HNRNPL	ACACACA	3.04e-1	1.00e0	5.44e2	858	100	100	1335	51.2	1	1.00	4	0.30
351	/Users/ranjithpapareddy/Desktop/Desktop-Ranjith-iMac/forGIT/UFMylation_Ribosome_stalling_RNA_Splicing/Part4_Splicing_Analysis/data/motifs/CisBP_Human_All.meme	M00048_2.00	HNRNPK	CCAAMCC	1.13e-1	1.00e0	5.44e2	913	100	100	1335	2.61	24	24.00	247	18.50
352	/Users/ranjithpapareddy/Desktop/Desktop-Ranjith-iMac/forGIT/UFMylation_Ribosome_stalling_RNA_Splicing/Part4_Splicing_Analysis/data/motifs/CisBP_Human_All.meme	M13113_2.00	ENSG00000274109	VWUUUUUS	1.65e-1	1.00e0	5.44e2	877	100	100	1335	7.49	4	4.00	27	2.02
353	/Users/ranjithpapareddy/Desktop/Desktop-Ranjith-iMac/forGIT/UFMylation_Ribosome_stalling_RNA_Splicing/Part4_Splicing_Analysis/data/motifs/CisBP_Human_All.meme	M13112_2.00	ENSG00000274081	UUUUUUU	4.16e-1	1.00e0	5.44e2	941	100	100	1335	10.9	7	7.00	81	6.07
354	/Users/ranjithpapareddy/Desktop/Desktop-Ranjith-iMac/forGIT/UFMylation_Ribosome_stalling_RNA_Splicing/Part4_Splicing_Analysis/data/motifs/CisBP_Human_All.meme	M00140_2.00	ENSG00000277564	NUGCAUGV	1.37e-1	1.00e0	5.44e2	539	100	100	1335	3.73	10	10.00	88	6.59
355	/Users/ranjithpapareddy/Desktop/Desktop-Ranjith-iMac/forGIT/UFMylation_Ribosome_stalling_RNA_Splicing/Part4_Splicing_Analysis/data/motifs/CisBP_Human_All.meme	M00415_2.00	ENSG00000274081	UUUUUUU	2.93e-1	1.00e0	5.44e2	956	100	100	1335	8.5	10	10.00	107	8.01
356	/Users/ranjithpapareddy/Desktop/Desktop-Ranjith-iMac/forGIT/UFMylation_Ribosome_stalling_RNA_Splicing/Part4_Splicing_Analysis/data/motifs/CisBP_Human_All.meme	M00673_2.00	SNRPA	DUGCACR	1.98e-1	1.00e0	5.44e2	620	100	100	1335	1.8	18	18.00	192	14.38
357	/Users/ranjithpapareddy/Desktop/Desktop-Ranjith-iMac/forGIT/UFMylation_Ribosome_stalling_RNA_Splicing/Part4_Splicing_Analysis/data/motifs/CisBP_Human_All.meme	M00672_2.00	SNRPA	CAUUGCACN	3.08e-1	1.00e0	5.44e2	498	100	100	1335	9.41	2	2.00	14	1.05
358	/Users/ranjithpapareddy/Desktop/Desktop-Ranjith-iMac/forGIT/UFMylation_Ribosome_stalling_RNA_Splicing/Part4_Splicing_Analysis/data/motifs/CisBP_Human_All.meme	M13088_2.00	RALYL	VWUUUUUB	1.25e-1	1.00e0	5.44e2	877	100	100	1335	7.78	4	4.00	24	1.80
359	/Users/ranjithpapareddy/Desktop/Desktop-Ranjith-iMac/forGIT/UFMylation_Ribosome_stalling_RNA_Splicing/Part4_Splicing_Analysis/data/motifs/CisBP_Human_All.meme	M00711_2.00	CNOT4	ACACAG	3.09e-1	1.00e0	5.44e2	994	100	100	1335	5.2	3	3.00	25	1.87
360	/Users/ranjithpapareddy/Desktop/Desktop-Ranjith-iMac/forGIT/UFMylation_Ribosome_stalling_RNA_Splicing/Part4_Splicing_Analysis/data/motifs/CisBP_Human_All.meme	M00577_2.00	DAZAP1	UUAGGUUAGK	4.30e-1	1.00e0	5.44e2	231	100	100	1335	1.11	14	14.00	173	12.96
361	/Users/ranjithpapareddy/Desktop/Desktop-Ranjith-iMac/forGIT/UFMylation_Ribosome_stalling_RNA_Splicing/Part4_Splicing_Analysis/data/motifs/CisBP_Human_All.meme	M00619_2.00	PUM2	DUGUAAAUAGKK	7.70e-1	1.00e0	5.44e2	266	100	100	1335	4.55	2	2.00	37	2.77
362	/Users/ranjithpapareddy/Desktop/Desktop-Ranjith-iMac/forGIT/UFMylation_Ribosome_stalling_RNA_Splicing/Part4_Splicing_Analysis/data/motifs/CisBP_Human_All.meme	M00618_2.00	PUM2	DDURUAYAGD	2.12e-1	1.00e0	5.44e2	414	100	100	1335	4.62	3	3.00	20	1.50
363	/Users/ranjithpapareddy/Desktop/Desktop-Ranjith-iMac/forGIT/UFMylation_Ribosome_stalling_RNA_Splicing/Part4_Splicing_Analysis/data/motifs/CisBP_Human_All.meme	M12989_2.00	HNRNPH3	DGGGAKGG	9.85e-2	1.00e0	5.44e2	1020	100	100	1335	8.15	24	24.00	243	18.20
364	/Users/ranjithpapareddy/Desktop/Desktop-Ranjith-iMac/forGIT/UFMylation_Ribosome_stalling_RNA_Splicing/Part4_Splicing_Analysis/data/motifs/CisBP_Human_All.meme	M00782_2.00	RBM15B	UUUUWUUU	2.13e-1	1.00e0	5.44e2	879	100	100	1335	2.73	16	16.00	170	12.73
365	/Users/ranjithpapareddy/Desktop/Desktop-Ranjith-iMac/forGIT/UFMylation_Ribosome_stalling_RNA_Splicing/Part4_Splicing_Analysis/data/motifs/CisBP_Human_All.meme	M00162_2.00	ENOX2	MAGACAG	8.24e-2	1.00e0	5.44e2	824	100	100	1335	3.66	7	7.00	48	3.60
366	/Users/ranjithpapareddy/Desktop/Desktop-Ranjith-iMac/forGIT/UFMylation_Ribosome_stalling_RNA_Splicing/Part4_Splicing_Analysis/data/motifs/CisBP_Human_All.meme	M00163_2.00	ESRP2	UGGGGAU	9.15e-2	1.00e0	5.44e2	1053	100	100	1335	3.82	26	26.00	265	19.85
367	/Users/ranjithpapareddy/Desktop/Desktop-Ranjith-iMac/forGIT/UFMylation_Ribosome_stalling_RNA_Splicing/Part4_Splicing_Analysis/data/motifs/CisBP_Human_All.meme	M00436_2.00	M00436_2.00	AUAAWAG	1.02e-1	1.00e0	5.44e2	602	100	100	1335	7.27	2	2.00	6	0.45
368	/Users/ranjithpapareddy/Desktop/Desktop-Ranjith-iMac/forGIT/UFMylation_Ribosome_stalling_RNA_Splicing/Part4_Splicing_Analysis/data/motifs/CisBP_Human_All.meme	M00437_2.00	M00437_2.00	WUUUUUG	6.27e-2	1.00e0	5.44e2	844	100	100	1335	2.61	20	20.00	184	13.78
369	/Users/ranjithpapareddy/Desktop/Desktop-Ranjith-iMac/forGIT/UFMylation_Ribosome_stalling_RNA_Splicing/Part4_Splicing_Analysis/data/motifs/CisBP_Human_All.meme	M00549_2.00	SRSF1	AGGACRGAGC	4.51e-1	1.00e0	5.44e2	483	100	100	1335	5.09	9	9.00	110	8.24
370	/Users/ranjithpapareddy/Desktop/Desktop-Ranjith-iMac/forGIT/UFMylation_Ribosome_stalling_RNA_Splicing/Part4_Splicing_Analysis/data/motifs/CisBP_Human_All.meme	M00626_2.00	RBM14	KGKUGSGUCG	2.70e-1	1.00e0	5.44e2	132	100	100	1335	4.08	4	4.00	34	2.55
371	/Users/ranjithpapareddy/Desktop/Desktop-Ranjith-iMac/forGIT/UFMylation_Ribosome_stalling_RNA_Splicing/Part4_Splicing_Analysis/data/motifs/CisBP_Human_All.meme	M00766_2.00	PCBP2	CCCCNCCCC	1.08e-1	1.00e0	5.44e2	1113	100	100	1335	6.82	26	26.00	270	20.22
372	/Users/ranjithpapareddy/Desktop/Desktop-Ranjith-iMac/forGIT/UFMylation_Ribosome_stalling_RNA_Splicing/Part4_Splicing_Analysis/data/motifs/CisBP_Human_All.meme	M00054_2.00	IGF2BP2	AMAWACA	3.04e-1	1.00e0	5.44e2	952	100	100	1335	10.8	1	1.00	4	0.30
373	/Users/ranjithpapareddy/Desktop/Desktop-Ranjith-iMac/forGIT/UFMylation_Ribosome_stalling_RNA_Splicing/Part4_Splicing_Analysis/data/motifs/CisBP_Human_All.meme	M00409_2.00	ESRP1	GGAUGGGGR	1.35e-1	1.00e0	5.44e2	1055	100	100	1335	115	1	1.00	1	0.07
374	/Users/ranjithpapareddy/Desktop/Desktop-Ranjith-iMac/forGIT/UFMylation_Ribosome_stalling_RNA_Splicing/Part4_Splicing_Analysis/data/motifs/CisBP_Human_All.meme	M00592_2.00	ENSG00000282559	UUUUUGGUGG	2.28e-1	1.00e0	5.44e2	238	100	100	1335	28.3	2	2.00	11	0.82
375	/Users/ranjithpapareddy/Desktop/Desktop-Ranjith-iMac/forGIT/UFMylation_Ribosome_stalling_RNA_Splicing/Part4_Splicing_Analysis/data/motifs/CisBP_Human_All.meme	M00593_2.00	ENSG00000282559	SCGNGGGGUCUWAUUUUUAACNCRS	1.00e0	1.00e0	5.44e2	3	100	100	1335	20.4	0	0.00	1	0.07
376	/Users/ranjithpapareddy/Desktop/Desktop-Ranjith-iMac/forGIT/UFMylation_Ribosome_stalling_RNA_Splicing/Part4_Splicing_Analysis/data/motifs/CisBP_Human_All.meme	M00168_2.00	PABPC4L	ARAAAAA	1.94e-1	1.00e0	5.44e2	942	100	100	1335	20.7	3	3.00	19	1.42
377	/Users/ranjithpapareddy/Desktop/Desktop-Ranjith-iMac/forGIT/UFMylation_Ribosome_stalling_RNA_Splicing/Part4_Splicing_Analysis/data/motifs/CisBP_Human_All.meme	M00169_2.00	CNOT4	GACAGAN	6.97e-2	1.00e0	5.44e2	868	100	100	1335	38.7	1	1.00	0	0.00
378	/Users/ranjithpapareddy/Desktop/Desktop-Ranjith-iMac/forGIT/UFMylation_Ribosome_stalling_RNA_Splicing/Part4_Splicing_Analysis/data/motifs/CisBP_Human_All.meme	M00789_2.00	RBM25	GGGGNG	7.44e-2	1.00e0	5.44e2	963	100	100	1335	8.9	10	10.00	77	5.77
379	/Users/ranjithpapareddy/Desktop/Desktop-Ranjith-iMac/forGIT/UFMylation_Ribosome_stalling_RNA_Splicing/Part4_Splicing_Analysis/data/motifs/CisBP_Human_All.meme	M00788_2.00	RBM24	GGGGG	1.85e-1	1.00e0	5.44e2	683	100	100	1335	14.1	9	9.00	83	6.22
380	/Users/ranjithpapareddy/Desktop/Desktop-Ranjith-iMac/forGIT/UFMylation_Ribosome_stalling_RNA_Splicing/Part4_Splicing_Analysis/data/motifs/CisBP_Human_All.meme	M00613_2.00	NOVA2	UCAUUCAU	8.09e-1	1.00e0	5.44e2	464	100	100	1335	2.6	4	4.00	74	5.54
381	/Users/ranjithpapareddy/Desktop/Desktop-Ranjith-iMac/forGIT/UFMylation_Ribosome_stalling_RNA_Splicing/Part4_Splicing_Analysis/data/motifs/CisBP_Human_All.meme	M00612_2.00	MSI2	GUAGUDKDGUAGK	5.61e-1	1.00e0	5.44e2	558	100	100	1335	2.21	13	13.00	175	13.11
382	/Users/ranjithpapareddy/Desktop/Desktop-Ranjith-iMac/forGIT/UFMylation_Ribosome_stalling_RNA_Splicing/Part4_Splicing_Analysis/data/motifs/CisBP_Human_All.meme	M00680_2.00	YBX1	DUAACAUCGGG	6.30e-1	1.00e0	5.44e2	149	100	100	1335	1.17	8	8.00	114	8.54
383	/Users/ranjithpapareddy/Desktop/Desktop-Ranjith-iMac/forGIT/UFMylation_Ribosome_stalling_RNA_Splicing/Part4_Splicing_Analysis/data/motifs/CisBP_Human_All.meme	M00156_2.00	M00156_2.00	GAUCAAGA	8.10e-2	1.00e0	5.44e2	456	100	100	1335	3.87	3	3.00	12	0.90
384	/Users/ranjithpapareddy/Desktop/Desktop-Ranjith-iMac/forGIT/UFMylation_Ribosome_stalling_RNA_Splicing/Part4_Splicing_Analysis/data/motifs/CisBP_Human_All.meme	M13104_2.00	BCL2L2-PABPN1	RAAAAGAH	6.97e-2	1.00e0	5.44e2	888	100	100	1335	24.4	1	1.00	0	0.00
385	/Users/ranjithpapareddy/Desktop/Desktop-Ranjith-iMac/forGIT/UFMylation_Ribosome_stalling_RNA_Splicing/Part4_Splicing_Analysis/data/motifs/CisBP_Human_All.meme	M00599_2.00	KHDRBS1	UAAUAGU	3.51e-1	1.00e0	5.44e2	393	100	100	1335	1.84	10	10.00	113	8.46
386	/Users/ranjithpapareddy/Desktop/Desktop-Ranjith-iMac/forGIT/UFMylation_Ribosome_stalling_RNA_Splicing/Part4_Splicing_Analysis/data/motifs/CisBP_Human_All.meme	M00665_2.00	RC3H2	NKYURCGUUUUAGKAGBN	1.00e0	1.00e0	5.44e2	30	100	100	1335	1.25	0	0.00	22	1.65
387	/Users/ranjithpapareddy/Desktop/Desktop-Ranjith-iMac/forGIT/UFMylation_Ribosome_stalling_RNA_Splicing/Part4_Splicing_Analysis/data/motifs/CisBP_Human_All.meme	M00800_2.00	RBM6	CGUCCM	4.00e-2	1.00e0	5.44e2	922	100	100	1335	2.99	19	19.00	163	12.21
388	/Users/ranjithpapareddy/Desktop/Desktop-Ranjith-iMac/forGIT/UFMylation_Ribosome_stalling_RNA_Splicing/Part4_Splicing_Analysis/data/motifs/CisBP_Human_All.meme	M00084_2.00	SART3	ARAAAAA	1.94e-1	1.00e0	5.44e2	942	100	100	1335	20.7	3	3.00	19	1.42
389	/Users/ranjithpapareddy/Desktop/Desktop-Ranjith-iMac/forGIT/UFMylation_Ribosome_stalling_RNA_Splicing/Part4_Splicing_Analysis/data/motifs/CisBP_Human_All.meme	M00542_2.00	RBMY1D	CCMB	3.73e-2	1.00e0	5.44e2	1221	100	100	1335	3.23	21	21.00	184	13.78
390	/Users/ranjithpapareddy/Desktop/Desktop-Ranjith-iMac/forGIT/UFMylation_Ribosome_stalling_RNA_Splicing/Part4_Splicing_Analysis/data/motifs/CisBP_Human_All.meme	M00724_2.00	EWSR1	AGGUG	4.53e-1	1.00e0	5.44e2	885	100	100	1335	3.15	16	16.00	202	15.13
391	/Users/ranjithpapareddy/Desktop/Desktop-Ranjith-iMac/forGIT/UFMylation_Ribosome_stalling_RNA_Splicing/Part4_Splicing_Analysis/data/motifs/CisBP_Human_All.meme	M00017_2.00	ENSG00000233801	AGAGWWW	2.81e-1	1.00e0	5.44e2	829	100	100	1335	5.25	2	2.00	13	0.97
392	/Users/ranjithpapareddy/Desktop/Desktop-Ranjith-iMac/forGIT/UFMylation_Ribosome_stalling_RNA_Splicing/Part4_Splicing_Analysis/data/motifs/CisBP_Human_All.meme	M00016_2.00	CNBP	GGAGGWG	4.55e-2	1.00e0	5.44e2	997	100	100	1335	28.6	3	3.00	9	0.67
393	/Users/ranjithpapareddy/Desktop/Desktop-Ranjith-iMac/forGIT/UFMylation_Ribosome_stalling_RNA_Splicing/Part4_Splicing_Analysis/data/motifs/CisBP_Human_All.meme	M00600_2.00	KHDRBS2	UAAACARUAA	5.08e-2	1.00e0	5.44e2	762	100	100	1335	1.54	40	40.00	420	31.46
394	/Users/ranjithpapareddy/Desktop/Desktop-Ranjith-iMac/forGIT/UFMylation_Ribosome_stalling_RNA_Splicing/Part4_Splicing_Analysis/data/motifs/CisBP_Human_All.meme	M00601_2.00	KHDRBS3	UAAWNDDDDDDUAAD	9.56e-2	1.00e0	5.44e2	893	100	100	1335	4.58	13	13.00	114	8.54
395	/Users/ranjithpapareddy/Desktop/Desktop-Ranjith-iMac/forGIT/UFMylation_Ribosome_stalling_RNA_Splicing/Part4_Splicing_Analysis/data/motifs/CisBP_Human_All.meme	M00467_2.00	ZFP36L1	AAHAARBAAAG	7.67e-1	1.00e0	5.44e2	195	100	100	1335	105	1	1.00	19	1.42
396	/Users/ranjithpapareddy/Desktop/Desktop-Ranjith-iMac/forGIT/UFMylation_Ribosome_stalling_RNA_Splicing/Part4_Splicing_Analysis/data/motifs/CisBP_Human_All.meme	M00133_2.00	YBX1	AACAUCA	2.41e-1	1.00e0	5.44e2	417	100	100	1335	1.46	18	18.00	199	14.91
397	/Users/ranjithpapareddy/Desktop/Desktop-Ranjith-iMac/forGIT/UFMylation_Ribosome_stalling_RNA_Splicing/Part4_Splicing_Analysis/data/motifs/CisBP_Human_All.meme	M00355_2.00	AL109811.4	UGAAUGW	2.22e-1	1.00e0	5.44e2	612	100	100	1335	2.6	10	10.00	99	7.42
398	/Users/ranjithpapareddy/Desktop/Desktop-Ranjith-iMac/forGIT/UFMylation_Ribosome_stalling_RNA_Splicing/Part4_Splicing_Analysis/data/motifs/CisBP_Human_All.meme	M00693_2.00	ZC3H6	GCUUGY	1.35e-1	1.00e0	5.44e2	706	100	100	1335	7.82	1	1.00	1	0.07
399	/Users/ranjithpapareddy/Desktop/Desktop-Ranjith-iMac/forGIT/UFMylation_Ribosome_stalling_RNA_Splicing/Part4_Splicing_Analysis/data/motifs/CisBP_Human_All.meme	M00649_2.00	RBMY1D	NWGCUUMGUGCNN	6.81e-1	1.00e0	5.44e2	518	100	100	1335	2.81	10	10.00	148	11.09
400	/Users/ranjithpapareddy/Desktop/Desktop-Ranjith-iMac/forGIT/UFMylation_Ribosome_stalling_RNA_Splicing/Part4_Splicing_Analysis/data/motifs/CisBP_Human_All.meme	M00741_2.00	HNRNPF	GGGDGGGG	2.44e-1	1.00e0	5.44e2	1076	100	100	1335	4.08	33	33.00	390	29.21
401	/Users/ranjithpapareddy/Desktop/Desktop-Ranjith-iMac/forGIT/UFMylation_Ribosome_stalling_RNA_Splicing/Part4_Splicing_Analysis/data/motifs/CisBP_Human_All.meme	M00527_2.00	ELAVL2	UUUUAUUUW	9.57e-2	1.00e0	5.44e2	710	100	100	1335	8.37	11	11.00	92	6.89
402	/Users/ranjithpapareddy/Desktop/Desktop-Ranjith-iMac/forGIT/UFMylation_Ribosome_stalling_RNA_Splicing/Part4_Splicing_Analysis/data/motifs/CisBP_Human_All.meme	M00740_2.00	HNRNPDL	UAAAA	1.22e-1	1.00e0	5.44e2	833	100	100	1335	2.32	29	29.00	311	23.30
403	/Users/ranjithpapareddy/Desktop/Desktop-Ranjith-iMac/forGIT/UFMylation_Ribosome_stalling_RNA_Splicing/Part4_Splicing_Analysis/data/motifs/CisBP_Human_All.meme	M00096_2.00	AL109811.4	DGAAUGAD	1.68e-1	1.00e0	5.44e2	659	100	100	1335	2.35	13	13.00	127	9.51
404	/Users/ranjithpapareddy/Desktop/Desktop-Ranjith-iMac/forGIT/UFMylation_Ribosome_stalling_RNA_Splicing/Part4_Splicing_Analysis/data/motifs/CisBP_Human_All.meme	M00097_2.00	TIA1	UUUUUUG	1.85e-1	1.00e0	5.44e2	868	100	100	1335	5.62	9	9.00	83	6.22
405	/Users/ranjithpapareddy/Desktop/Desktop-Ranjith-iMac/forGIT/UFMylation_Ribosome_stalling_RNA_Splicing/Part4_Splicing_Analysis/data/motifs/CisBP_Human_All.meme	M00459_2.00	SF3B4	GUGUGA	8.81e-2	1.00e0	5.44e2	580	100	100	1335	2.1	18	18.00	169	12.66
406	/Users/ranjithpapareddy/Desktop/Desktop-Ranjith-iMac/forGIT/UFMylation_Ribosome_stalling_RNA_Splicing/Part4_Splicing_Analysis/data/motifs/CisBP_Human_All.meme	M00262_2.00	M00262_2.00	GWGUGUGD	2.29e-1	1.00e0	5.44e2	783	100	100	1335	2.52	22	22.00	247	18.50
407	/Users/ranjithpapareddy/Desktop/Desktop-Ranjith-iMac/forGIT/UFMylation_Ribosome_stalling_RNA_Splicing/Part4_Splicing_Analysis/data/motifs/CisBP_Human_All.meme	M00005_2.00	ARGLU1	CGGRGGS	1.29e-1	1.00e0	5.44e2	837	100	100	1335	11.8	8	8.00	65	4.87
408	/Users/ranjithpapareddy/Desktop/Desktop-Ranjith-iMac/forGIT/UFMylation_Ribosome_stalling_RNA_Splicing/Part4_Splicing_Analysis/data/motifs/CisBP_Human_All.meme	M00550_2.00	SRSF2	AGSAGAGUW	5.76e-1	1.00e0	5.44e2	834	100	100	1335	3.61	15	15.00	204	15.28
409	/Users/ranjithpapareddy/Desktop/Desktop-Ranjith-iMac/forGIT/UFMylation_Ribosome_stalling_RNA_Splicing/Part4_Splicing_Analysis/data/motifs/CisBP_Human_All.meme	M00736_2.00	ENSG00000282559	UUUUU	1.48e-1	1.00e0	5.44e2	907	100	100	1335	3.54	16	16.00	159	11.91
410	/Users/ranjithpapareddy/Desktop/Desktop-Ranjith-iMac/forGIT/UFMylation_Ribosome_stalling_RNA_Splicing/Part4_Splicing_Analysis/data/motifs/CisBP_Human_All.meme	M00677_2.00	TARDBP	GUGUGAGUGUG	5.16e-1	1.00e0	5.44e2	589	100	100	1335	370	1	1.00	9	0.67
411	/Users/ranjithpapareddy/Desktop/Desktop-Ranjith-iMac/forGIT/UFMylation_Ribosome_stalling_RNA_Splicing/Part4_Splicing_Analysis/data/motifs/CisBP_Human_All.meme	M00411_2.00	ELAVL2	UUAUUUU	6.97e-2	1.00e0	5.44e2	870	100	100	1335	31.8	1	1.00	0	0.00
412	/Users/ranjithpapareddy/Desktop/Desktop-Ranjith-iMac/forGIT/UFMylation_Ribosome_stalling_RNA_Splicing/Part4_Splicing_Analysis/data/motifs/CisBP_Human_All.meme	M00676_2.00	TARDBP	GUGUGARUGK	1.35e-1	1.00e0	5.44e2	465	100	100	1335	329	1	1.00	1	0.07
413	/Users/ranjithpapareddy/Desktop/Desktop-Ranjith-iMac/forGIT/UFMylation_Ribosome_stalling_RNA_Splicing/Part4_Splicing_Analysis/data/motifs/CisBP_Human_All.meme	M13116_2.00	ENSG00000277445	NUUUUUUA	2.45e-1	1.00e0	5.44e2	870	100	100	1335	5.83	8	8.00	78	5.84
414	/Users/ranjithpapareddy/Desktop/Desktop-Ranjith-iMac/forGIT/UFMylation_Ribosome_stalling_RNA_Splicing/Part4_Splicing_Analysis/data/motifs/CisBP_Human_All.meme	M00144_2.00	MEX3A	AGAGUAUR	6.81e-2	1.00e0	5.44e2	746	100	100	1335	2.69	3	3.00	11	0.82
415	/Users/ranjithpapareddy/Desktop/Desktop-Ranjith-iMac/forGIT/UFMylation_Ribosome_stalling_RNA_Splicing/Part4_Splicing_Analysis/data/motifs/CisBP_Human_All.meme	M00813_2.00	SRSF2	WGCAGC	1.02e-1	1.00e0	5.44e2	1039	100	100	1335	12.5	2	2.00	6	0.45
416	/Users/ranjithpapareddy/Desktop/Desktop-Ranjith-iMac/forGIT/UFMylation_Ribosome_stalling_RNA_Splicing/Part4_Splicing_Analysis/data/motifs/CisBP_Human_All.meme	M00812_2.00	SRSF11	AGGGG	3.46e-1	1.00e0	5.44e2	1086	100	100	1335	6.12	9	9.00	100	7.49
417	/Users/ranjithpapareddy/Desktop/Desktop-Ranjith-iMac/forGIT/UFMylation_Ribosome_stalling_RNA_Splicing/Part4_Splicing_Analysis/data/motifs/CisBP_Human_All.meme	M00827_2.00	TRNAU1AP	UUUUWUU	1.40e-1	1.00e0	5.44e2	858	100	100	1335	3	12	12.00	111	8.31
418	/Users/ranjithpapareddy/Desktop/Desktop-Ranjith-iMac/forGIT/UFMylation_Ribosome_stalling_RNA_Splicing/Part4_Splicing_Analysis/data/motifs/CisBP_Human_All.meme	M00642_2.00	RBMS1	UUAUAAUCAAC	4.12e-1	1.00e0	5.44e2	84	100	100	1335	4.83	2	2.00	18	1.35
419	/Users/ranjithpapareddy/Desktop/Desktop-Ranjith-iMac/forGIT/UFMylation_Ribosome_stalling_RNA_Splicing/Part4_Splicing_Analysis/data/motifs/CisBP_Human_All.meme	M00171_2.00	CPEB4	CUUUUUU	2.05e-1	1.00e0	5.44e2	884	100	100	1335	6.91	10	10.00	97	7.27
420	/Users/ranjithpapareddy/Desktop/Desktop-Ranjith-iMac/forGIT/UFMylation_Ribosome_stalling_RNA_Splicing/Part4_Splicing_Analysis/data/motifs/CisBP_Human_All.meme	M00317_2.00	ENSG00000282755	UUUUUUA	4.30e-1	1.00e0	5.44e2	888	100	100	1335	6.03	10	10.00	121	9.06
421	/Users/ranjithpapareddy/Desktop/Desktop-Ranjith-iMac/forGIT/UFMylation_Ribosome_stalling_RNA_Splicing/Part4_Splicing_Analysis/data/motifs/CisBP_Human_All.meme	M00170_2.00	BCL2L2-PABPN1	AGAAGAN	4.19e-2	1.00e0	5.44e2	934	100	100	1335	17.6	2	2.00	3	0.22
422	/Users/ranjithpapareddy/Desktop/Desktop-Ranjith-iMac/forGIT/UFMylation_Ribosome_stalling_RNA_Splicing/Part4_Splicing_Analysis/data/motifs/CisBP_Human_All.meme	M13123_2.00	ENSG00000282559	VWUUUUUS	1.65e-1	1.00e0	5.44e2	877	100	100	1335	7.49	4	4.00	27	2.02
423	/Users/ranjithpapareddy/Desktop/Desktop-Ranjith-iMac/forGIT/UFMylation_Ribosome_stalling_RNA_Splicing/Part4_Splicing_Analysis/data/motifs/CisBP_Human_All.meme	M13122_2.00	ENSG00000282530	VWUUUUUS	1.65e-1	1.00e0	5.44e2	877	100	100	1335	7.49	4	4.00	27	2.02
424	/Users/ranjithpapareddy/Desktop/Desktop-Ranjith-iMac/forGIT/UFMylation_Ribosome_stalling_RNA_Splicing/Part4_Splicing_Analysis/data/motifs/CisBP_Human_All.meme	M00699_2.00	ZFP36L1	UUAUUUAUU	4.74e-1	1.00e0	5.44e2	413	100	100	1335	7	8	8.00	99	7.42
425	/Users/ranjithpapareddy/Desktop/Desktop-Ranjith-iMac/forGIT/UFMylation_Ribosome_stalling_RNA_Splicing/Part4_Splicing_Analysis/data/motifs/CisBP_Human_All.meme	M00030_2.00	M00030_2.00	ACACAWA	3.04e-1	1.00e0	5.44e2	798	100	100	1335	26.7	1	1.00	4	0.30
426	/Users/ranjithpapareddy/Desktop/Desktop-Ranjith-iMac/forGIT/UFMylation_Ribosome_stalling_RNA_Splicing/Part4_Splicing_Analysis/data/motifs/CisBP_Human_All.meme	M00564_2.00	CELF1	UGUGUKUGUGU	4.50e-1	1.00e0	5.44e2	806	100	100	1335	2.09	33	33.00	426	31.91
427	/Users/ranjithpapareddy/Desktop/Desktop-Ranjith-iMac/forGIT/UFMylation_Ribosome_stalling_RNA_Splicing/Part4_Splicing_Analysis/data/motifs/CisBP_Human_All.meme	M00565_2.00	CELF3	KGUGUKDGUGK	3.40e-1	1.00e0	5.44e2	873	100	100	1335	6.75	20	20.00	239	17.90
428	/Users/ranjithpapareddy/Desktop/Desktop-Ranjith-iMac/forGIT/UFMylation_Ribosome_stalling_RNA_Splicing/Part4_Splicing_Analysis/data/motifs/CisBP_Human_All.meme	M00139_2.00	M00139_2.00	GUGGUGU	9.09e-2	1.00e0	5.44e2	806	100	100	1335	6.62	5	5.00	30	2.25
429	/Users/ranjithpapareddy/Desktop/Desktop-Ranjith-iMac/forGIT/UFMylation_Ribosome_stalling_RNA_Splicing/Part4_Splicing_Analysis/data/motifs/CisBP_Human_All.meme	M00819_2.00	SRSF9	AGGAR	9.48e-2	1.00e0	5.44e2	1196	100	100	1335	8.5	3	3.00	13	0.97
430	/Users/ranjithpapareddy/Desktop/Desktop-Ranjith-iMac/forGIT/UFMylation_Ribosome_stalling_RNA_Splicing/Part4_Splicing_Analysis/data/motifs/CisBP_Human_All.meme	M00818_2.00	SRSF8	NGCAGC	1.13e-1	1.00e0	5.44e2	990	100	100	1335	6.77	4	4.00	23	1.72
431	/Users/ranjithpapareddy/Desktop/Desktop-Ranjith-iMac/forGIT/UFMylation_Ribosome_stalling_RNA_Splicing/Part4_Splicing_Analysis/data/motifs/CisBP_Human_All.meme	M00047_2.00	ENSG00000282559	AUUUUUK	1.13e-1	1.00e0	5.44e2	902	100	100	1335	8.9	4	4.00	23	1.72
432	/Users/ranjithpapareddy/Desktop/Desktop-Ranjith-iMac/forGIT/UFMylation_Ribosome_stalling_RNA_Splicing/Part4_Splicing_Analysis/data/motifs/CisBP_Human_All.meme	M00775_2.00	ENSG00000274081	UUUYU	6.66e-2	1.00e0	5.44e2	1000	100	100	1335	2.72	21	21.00	197	14.76
433	/Users/ranjithpapareddy/Desktop/Desktop-Ranjith-iMac/forGIT/UFMylation_Ribosome_stalling_RNA_Splicing/Part4_Splicing_Analysis/data/motifs/CisBP_Human_All.meme	M00580_2.00	ELAVL1	UUUWUGDKUU	1.95e-1	1.00e0	5.44e2	833	100	100	1335	23.2	1	1.00	2	0.15
434	/Users/ranjithpapareddy/Desktop/Desktop-Ranjith-iMac/forGIT/UFMylation_Ribosome_stalling_RNA_Splicing/Part4_Splicing_Analysis/data/motifs/CisBP_Human_All.meme	M13087_2.00	PABPC1L2B	GAAAAARR	8.90e-2	1.00e0	5.44e2	888	100	100	1335	12.2	7	7.00	49	3.67
435	/Users/ranjithpapareddy/Desktop/Desktop-Ranjith-iMac/forGIT/UFMylation_Ribosome_stalling_RNA_Splicing/Part4_Splicing_Analysis/data/motifs/CisBP_Human_All.meme	M00452_2.00	M00452_2.00	AACAUC	2.17e-1	1.00e0	5.44e2	397	100	100	1335	1.04	30	30.00	346	25.92
436	/Users/ranjithpapareddy/Desktop/Desktop-Ranjith-iMac/forGIT/UFMylation_Ribosome_stalling_RNA_Splicing/Part4_Splicing_Analysis/data/motifs/CisBP_Human_All.meme	M00635_2.00	RBM4B	BBSSUGAGUGCGGUAGBSNN	8.26e-1	1.00e0	5.44e2	39	100	100	1335	3.02	1	1.00	23	1.72
437	/Users/ranjithpapareddy/Desktop/Desktop-Ranjith-iMac/forGIT/UFMylation_Ribosome_stalling_RNA_Splicing/Part4_Splicing_Analysis/data/motifs/CisBP_Human_All.meme	M00106_2.00	ZC3H14	UUUGUUU	6.97e-2	1.00e0	5.44e2	921	100	100	1335	27.8	1	1.00	0	0.00
438	/Users/ranjithpapareddy/Desktop/Desktop-Ranjith-iMac/forGIT/UFMylation_Ribosome_stalling_RNA_Splicing/Part4_Splicing_Analysis/data/motifs/CisBP_Human_All.meme	M00064_2.00	PABPC4L	AAAAAAA	1.41e-1	1.00e0	5.44e2	894	100	100	1335	44.9	3	3.00	16	1.20
439	/Users/ranjithpapareddy/Desktop/Desktop-Ranjith-iMac/forGIT/UFMylation_Ribosome_stalling_RNA_Splicing/Part4_Splicing_Analysis/data/motifs/CisBP_Human_All.meme	M00065_2.00	PCBP2	CCUYCCC	3.52e-1	1.00e0	5.44e2	1170	100	100	1335	46.7	1	1.00	5	0.37
440	/Users/ranjithpapareddy/Desktop/Desktop-Ranjith-iMac/forGIT/UFMylation_Ribosome_stalling_RNA_Splicing/Part4_Splicing_Analysis/data/motifs/CisBP_Human_All.meme	M00756_2.00	MBNL1	GCGCAGC	5.62e-2	1.00e0	5.44e2	673	100	100	1335	4.35	11	11.00	83	6.22
441	/Users/ranjithpapareddy/Desktop/Desktop-Ranjith-iMac/forGIT/UFMylation_Ribosome_stalling_RNA_Splicing/Part4_Splicing_Analysis/data/motifs/CisBP_Human_All.meme	M00531_2.00	SRSF9	AGGAS	4.36e-2	1.00e0	5.44e2	1083	100	100	1335	3.22	8	8.00	50	3.75
442	/Users/ranjithpapareddy/Desktop/Desktop-Ranjith-iMac/forGIT/UFMylation_Ribosome_stalling_RNA_Splicing/Part4_Splicing_Analysis/data/motifs/CisBP_Human_All.meme	M00757_2.00	MBNL1	UGCUA	1.26e-1	1.00e0	5.44e2	308	100	100	1335	1.41	13	13.00	120	8.99
443	/Users/ranjithpapareddy/Desktop/Desktop-Ranjith-iMac/forGIT/UFMylation_Ribosome_stalling_RNA_Splicing/Part4_Splicing_Analysis/data/motifs/CisBP_Human_All.meme	M00438_2.00	M00438_2.00	GWGUGUGD	1.56e-1	1.00e0	5.44e2	801	100	100	1335	2.06	29	29.00	320	23.97
444	/Users/ranjithpapareddy/Desktop/Desktop-Ranjith-iMac/forGIT/UFMylation_Ribosome_stalling_RNA_Splicing/Part4_Splicing_Analysis/data/motifs/CisBP_Human_All.meme	M00439_2.00	M00439_2.00	AAACCCAA	2.80e-1	1.00e0	5.44e2	799	100	100	1335	4.86	5	5.00	46	3.45
445	/Users/ranjithpapareddy/Desktop/Desktop-Ranjith-iMac/forGIT/UFMylation_Ribosome_stalling_RNA_Splicing/Part4_Splicing_Analysis/data/motifs/CisBP_Human_All.meme	M00685_2.00	ZC3H10	NGCGCAGCGUD	7.67e-1	1.00e0	5.44e2	41	100	100	1335	3.9	1	1.00	19	1.42
446	/Users/ranjithpapareddy/Desktop/Desktop-Ranjith-iMac/forGIT/UFMylation_Ribosome_stalling_RNA_Splicing/Part4_Splicing_Analysis/data/motifs/CisBP_Human_All.meme	M00617_2.00	PUM1	RUGUAAAUAG	8.53e-1	1.00e0	5.44e2	196	100	100	1335	2.75	4	4.00	80	5.99
447	/Users/ranjithpapareddy/Desktop/Desktop-Ranjith-iMac/forGIT/UFMylation_Ribosome_stalling_RNA_Splicing/Part4_Splicing_Analysis/data/motifs/CisBP_Human_All.meme	M00342_2.00	PABPC1L2A	RAAAAAA	1.69e-1	1.00e0	5.44e2	877	100	100	1335	18.6	6	6.00	48	3.60
448	/Users/ranjithpapareddy/Desktop/Desktop-Ranjith-iMac/forGIT/UFMylation_Ribosome_stalling_RNA_Splicing/Part4_Splicing_Analysis/data/motifs/CisBP_Human_All.meme	M00768_2.00	PCBP2	AACCC	6.19e-1	1.00e0	5.44e2	703	100	100	1335	2.38	17	17.00	237	17.75
449	/Users/ranjithpapareddy/Desktop/Desktop-Ranjith-iMac/forGIT/UFMylation_Ribosome_stalling_RNA_Splicing/Part4_Splicing_Analysis/data/motifs/CisBP_Human_All.meme	M00769_2.00	PCBP3	WUCCCCM	3.51e-2	1.00e0	5.44e2	1090	100	100	1335	10.6	5	5.00	22	1.65
450	/Users/ranjithpapareddy/Desktop/Desktop-Ranjith-iMac/forGIT/UFMylation_Ribosome_stalling_RNA_Splicing/Part4_Splicing_Analysis/data/motifs/CisBP_Human_All.meme	M00660_2.00	RBPMS	KCACRKKCACA	6.38e-1	1.00e0	5.44e2	395	100	100	1335	37.7	1	1.00	13	0.97
451	/Users/ranjithpapareddy/Desktop/Desktop-Ranjith-iMac/forGIT/UFMylation_Ribosome_stalling_RNA_Splicing/Part4_Splicing_Analysis/data/motifs/CisBP_Human_All.meme	M00661_2.00	RBPMS	DKCACA	3.07e-1	1.00e0	5.44e2	951	100	100	1335	1.62	29	29.00	350	26.22
452	/Users/ranjithpapareddy/Desktop/Desktop-Ranjith-iMac/forGIT/UFMylation_Ribosome_stalling_RNA_Splicing/Part4_Splicing_Analysis/data/motifs/CisBP_Human_All.meme	M00152_2.00	M00152_2.00	GAAAAHV	1.35e-1	1.00e0	5.44e2	848	100	100	1335	12.7	1	1.00	1	0.07
453	/Users/ranjithpapareddy/Desktop/Desktop-Ranjith-iMac/forGIT/UFMylation_Ribosome_stalling_RNA_Splicing/Part4_Splicing_Analysis/data/motifs/CisBP_Human_All.meme	M13100_2.00	PABPC4L	GAAAAAAR	6.97e-2	1.00e0	5.44e2	907	100	100	1335	33.3	1	1.00	0	0.00
454	/Users/ranjithpapareddy/Desktop/Desktop-Ranjith-iMac/forGIT/UFMylation_Ribosome_stalling_RNA_Splicing/Part4_Splicing_Analysis/data/motifs/CisBP_Human_All.meme	M13101_2.00	MEX3A	AGAGWWW	1.34e-1	1.00e0	5.44e2	775	100	100	1335	1.56	35	35.00	390	29.21
455	/Users/ranjithpapareddy/Desktop/Desktop-Ranjith-iMac/forGIT/UFMylation_Ribosome_stalling_RNA_Splicing/Part4_Splicing_Analysis/data/motifs/CisBP_Human_All.meme	M00720_2.00	ELAVL4	UUWUU	4.83e-2	1.00e0	5.44e2	798	100	100	1335	2	22	22.00	201	15.06
456	/Users/ranjithpapareddy/Desktop/Desktop-Ranjith-iMac/forGIT/UFMylation_Ribosome_stalling_RNA_Splicing/Part4_Splicing_Analysis/data/motifs/CisBP_Human_All.meme	M00546_2.00	SNRPA	AGGAGAU	1.44e-1	1.00e0	5.44e2	719	100	100	1335	3.04	10	10.00	89	6.67
457	/Users/ranjithpapareddy/Desktop/Desktop-Ranjith-iMac/forGIT/UFMylation_Ribosome_stalling_RNA_Splicing/Part4_Splicing_Analysis/data/motifs/CisBP_Human_All.meme	M00629_2.00	RBM28	GRGGCYGAGCGGUGG	3.98e-1	1.00e0	5.44e2	85	100	100	1335	209	1	1.00	6	0.45
458	/Users/ranjithpapareddy/Desktop/Desktop-Ranjith-iMac/forGIT/UFMylation_Ribosome_stalling_RNA_Splicing/Part4_Splicing_Analysis/data/motifs/CisBP_Human_All.meme	M00628_2.00	RBM24	GUGUGDGUGUG	5.83e-1	1.00e0	5.44e2	735	100	100	1335	6.02	17	17.00	232	17.38
459	/Users/ranjithpapareddy/Desktop/Desktop-Ranjith-iMac/forGIT/UFMylation_Ribosome_stalling_RNA_Splicing/Part4_Splicing_Analysis/data/motifs/CisBP_Human_All.meme	M00787_2.00	RBM24	UUUUNUUUU	2.66e-1	1.00e0	5.44e2	956	100	100	1335	3.03	14	14.00	153	11.46
460	/Users/ranjithpapareddy/Desktop/Desktop-Ranjith-iMac/forGIT/UFMylation_Ribosome_stalling_RNA_Splicing/Part4_Splicing_Analysis/data/motifs/CisBP_Human_All.meme	M00786_2.00	RBM24	GUGUG	1.67e-1	1.00e0	5.44e2	806	100	100	1335	1.75	26	26.00	285	21.35
461	/Users/ranjithpapareddy/Desktop/Desktop-Ranjith-iMac/forGIT/UFMylation_Ribosome_stalling_RNA_Splicing/Part4_Splicing_Analysis/data/motifs/CisBP_Human_All.meme	M00026_2.00	CELF4	UGUGUGU	7.72e-2	1.00e0	5.44e2	963	100	100	1335	1.82	36	36.00	383	28.69
462	/Users/ranjithpapareddy/Desktop/Desktop-Ranjith-iMac/forGIT/UFMylation_Ribosome_stalling_RNA_Splicing/Part4_Splicing_Analysis/data/motifs/CisBP_Human_All.meme	M00714_2.00	DAZ2	UUKUUU	6.97e-2	1.00e0	5.44e2	929	100	100	1335	15.9	1	1.00	0	0.00
463	/Users/ranjithpapareddy/Desktop/Desktop-Ranjith-iMac/forGIT/UFMylation_Ribosome_stalling_RNA_Splicing/Part4_Splicing_Analysis/data/motifs/CisBP_Human_All.meme	M00654_2.00	RBMY1D	NNBGYCCUCAAGGYVNN	7.44e-2	1.00e0	5.44e2	567	100	100	1335	6.97	10	10.00	77	5.77
464	/Users/ranjithpapareddy/Desktop/Desktop-Ranjith-iMac/forGIT/UFMylation_Ribosome_stalling_RNA_Splicing/Part4_Splicing_Analysis/data/motifs/CisBP_Human_All.meme	M00166_2.00	PABPC3	GAAAACM	6.97e-2	1.00e0	5.44e2	808	100	100	1335	28.5	1	1.00	0	0.00
465	/Users/ranjithpapareddy/Desktop/Desktop-Ranjith-iMac/forGIT/UFMylation_Ribosome_stalling_RNA_Splicing/Part4_Splicing_Analysis/data/motifs/CisBP_Human_All.meme	M00300_2.00	MBNL2	DGCUUGC	3.52e-1	1.00e0	5.44e2	645	100	100	1335	8.88	1	1.00	5	0.37
466	/Users/ranjithpapareddy/Desktop/Desktop-Ranjith-iMac/forGIT/UFMylation_Ribosome_stalling_RNA_Splicing/Part4_Splicing_Analysis/data/motifs/CisBP_Human_All.meme	M00445_2.00	RBMY1D	CUCAA	3.81e-1	1.00e0	5.44e2	835	100	100	1335	2.15	10	10.00	116	8.69
467	/Users/ranjithpapareddy/Desktop/Desktop-Ranjith-iMac/forGIT/UFMylation_Ribosome_stalling_RNA_Splicing/Part4_Splicing_Analysis/data/motifs/CisBP_Human_All.meme	M00623_2.00	ENSG00000277564	GCAUGKWGCAUG	2.97e-1	1.00e0	5.44e2	639	100	100	1335	7.44	6	6.00	59	4.42
468	/Users/ranjithpapareddy/Desktop/Desktop-Ranjith-iMac/forGIT/UFMylation_Ribosome_stalling_RNA_Splicing/Part4_Splicing_Analysis/data/motifs/CisBP_Human_All.meme	M00622_2.00	ENSG00000282559	KDRRKGGGUCUUWKUYUUAASYBNN	1.00e0	1.00e0	5.44e2	5	100	100	1335	1.47	0	0.00	5	0.37
469	/Users/ranjithpapareddy/Desktop/Desktop-Ranjith-iMac/forGIT/UFMylation_Ribosome_stalling_RNA_Splicing/Part4_Splicing_Analysis/data/motifs/CisBP_Human_All.meme	M00444_2.00	RBMY1D	CUCAA	1.69e-1	1.00e0	5.44e2	767	100	100	1335	2.22	11	11.00	104	7.79
470	/Users/ranjithpapareddy/Desktop/Desktop-Ranjith-iMac/forGIT/UFMylation_Ribosome_stalling_RNA_Splicing/Part4_Splicing_Analysis/data/motifs/CisBP_Human_All.meme	M00111_2.00	HNRNPL	ACACRAV	2.51e-1	1.00e0	5.44e2	534	100	100	1335	1.88	14	14.00	151	11.31
471	/Users/ranjithpapareddy/Desktop/Desktop-Ranjith-iMac/forGIT/UFMylation_Ribosome_stalling_RNA_Splicing/Part4_Splicing_Analysis/data/motifs/CisBP_Human_All.meme	M00110_2.00	SRSF10	AGAGAMA	2.06e-1	1.00e0	5.44e2	926	100	100	1335	3.82	20	20.00	218	16.33
472	/Users/ranjithpapareddy/Desktop/Desktop-Ranjith-iMac/forGIT/UFMylation_Ribosome_stalling_RNA_Splicing/Part4_Splicing_Analysis/data/motifs/CisBP_Human_All.meme	M00183_2.00	RBM6	MAUCCAR	1.18e-1	1.00e0	5.44e2	615	100	100	1335	2.7	11	11.00	96	7.19
473	/Users/ranjithpapareddy/Desktop/Desktop-Ranjith-iMac/forGIT/UFMylation_Ribosome_stalling_RNA_Splicing/Part4_Splicing_Analysis/data/motifs/CisBP_Human_All.meme	M00182_2.00	KHDRBS1	AUAAAAR	1.76e-1	1.00e0	5.44e2	703	100	100	1335	7.81	2	2.00	9	0.67
474	/Users/ranjithpapareddy/Desktop/Desktop-Ranjith-iMac/forGIT/UFMylation_Ribosome_stalling_RNA_Splicing/Part4_Splicing_Analysis/data/motifs/CisBP_Human_All.meme	M00019_2.00	RBM10	GRAAGGG	6.00e-2	1.00e0	5.44e2	1022	100	100	1335	35.3	2	2.00	4	0.30
475	/Users/ranjithpapareddy/Desktop/Desktop-Ranjith-iMac/forGIT/UFMylation_Ribosome_stalling_RNA_Splicing/Part4_Splicing_Analysis/data/motifs/CisBP_Human_All.meme	M00018_2.00	RBM10	GGAAGGG	1.26e-1	1.00e0	5.44e2	995	100	100	1335	39.1	2	2.00	7	0.52
476	/Users/ranjithpapareddy/Desktop/Desktop-Ranjith-iMac/forGIT/UFMylation_Ribosome_stalling_RNA_Splicing/Part4_Splicing_Analysis/data/motifs/CisBP_Human_All.meme	M00158_2.00	M00158_2.00	WUUGCACD	3.03e-1	1.00e0	5.44e2	390	100	100	1335	1.19	23	23.00	272	20.37
477	/Users/ranjithpapareddy/Desktop/Desktop-Ranjith-iMac/forGIT/UFMylation_Ribosome_stalling_RNA_Splicing/Part4_Splicing_Analysis/data/motifs/CisBP_Human_All.meme	M00596_2.00	HNRNPL	ACAUUACAYW	2.72e-1	1.00e0	5.44e2	525	100	100	1335	2.17	6	6.00	57	4.27
478	/Users/ranjithpapareddy/Desktop/Desktop-Ranjith-iMac/forGIT/UFMylation_Ribosome_stalling_RNA_Splicing/Part4_Splicing_Analysis/data/motifs/CisBP_Human_All.meme	M00597_2.00	HNRNPLL	GCAURCAYCM	2.66e-1	1.00e0	5.44e2	519	100	100	1335	6.67	9	9.00	92	6.89
479	/Users/ranjithpapareddy/Desktop/Desktop-Ranjith-iMac/forGIT/UFMylation_Ribosome_stalling_RNA_Splicing/Part4_Splicing_Analysis/data/motifs/CisBP_Human_All.meme	M13091_2.00	PABPC1L2A	GAAAAARR	8.90e-2	1.00e0	5.44e2	888	100	100	1335	12.2	7	7.00	49	3.67
480	/Users/ranjithpapareddy/Desktop/Desktop-Ranjith-iMac/forGIT/UFMylation_Ribosome_stalling_RNA_Splicing/Part4_Splicing_Analysis/data/motifs/CisBP_Human_All.meme	M13003_2.00	CPEB3	YUUUUUUG	1.87e-1	1.00e0	5.44e2	874	100	100	1335	4.45	13	13.00	130	9.74
481	/Users/ranjithpapareddy/Desktop/Desktop-Ranjith-iMac/forGIT/UFMylation_Ribosome_stalling_RNA_Splicing/Part4_Splicing_Analysis/data/motifs/CisBP_Human_All.meme	M00762_2.00	NUPL2	AAAADAA	6.97e-2	1.00e0	5.44e2	942	100	100	1335	14.4	1	1.00	0	0.00
482	/Users/ranjithpapareddy/Desktop/Desktop-Ranjith-iMac/forGIT/UFMylation_Ribosome_stalling_RNA_Splicing/Part4_Splicing_Analysis/data/motifs/CisBP_Human_All.meme	M00659_2.00	RBPMS2	CACAKDGCACA	2.12e-1	1.00e0	5.44e2	375	100	100	1335	24.6	3	3.00	20	1.50
483	/Users/ranjithpapareddy/Desktop/Desktop-Ranjith-iMac/forGIT/UFMylation_Ribosome_stalling_RNA_Splicing/Part4_Splicing_Analysis/data/motifs/CisBP_Human_All.meme	M00658_2.00	RBPMS2	KCACGUGCACR	8.30e-1	1.00e0	5.44e2	264	100	100	1335	5.35	3	3.00	60	4.49
484	/Users/ranjithpapareddy/Desktop/Desktop-Ranjith-iMac/forGIT/UFMylation_Ribosome_stalling_RNA_Splicing/Part4_Splicing_Analysis/data/motifs/CisBP_Human_All.meme	M13031_2.00	ANKRD17	AGACGUW	6.99e-1	1.00e0	5.44e2	58	100	100	1335	1.5	2	2.00	32	2.40
485	/Users/ranjithpapareddy/Desktop/Desktop-Ranjith-iMac/forGIT/UFMylation_Ribosome_stalling_RNA_Splicing/Part4_Splicing_Analysis/data/motifs/CisBP_Human_All.meme	M13030_2.00	GRSF1	DGGGAKGG	8.88e-2	1.00e0	5.44e2	1020	100	100	1335	8.17	24	24.00	240	17.98
486	/Users/ranjithpapareddy/Desktop/Desktop-Ranjith-iMac/forGIT/UFMylation_Ribosome_stalling_RNA_Splicing/Part4_Splicing_Analysis/data/motifs/CisBP_Human_All.meme	M00611_2.00	MSI2	GUAGUGWGUAGK	5.50e-1	1.00e0	5.44e2	104	100	100	1335	12.2	1	1.00	10	0.75
487	/Users/ranjithpapareddy/Desktop/Desktop-Ranjith-iMac/forGIT/UFMylation_Ribosome_stalling_RNA_Splicing/Part4_Splicing_Analysis/data/motifs/CisBP_Human_All.meme	M00683_2.00	YBX2	DUAACAUCWD	3.79e-1	1.00e0	5.44e2	221	100	100	1335	1.18	14	14.00	167	12.51
488	/Users/ranjithpapareddy/Desktop/Desktop-Ranjith-iMac/forGIT/UFMylation_Ribosome_stalling_RNA_Splicing/Part4_Splicing_Analysis/data/motifs/CisBP_Human_All.meme	M00666_2.00	RNPC3	GGGUSUACGGGGU	1.00e0	1.00e0	5.44e2	62	100	100	1335	6.47	0	0.00	22	1.65
489	/Users/ranjithpapareddy/Desktop/Desktop-Ranjith-iMac/forGIT/UFMylation_Ribosome_stalling_RNA_Splicing/Part4_Splicing_Analysis/data/motifs/CisBP_Human_All.meme	M13106_2.00	AC245033.1	NUUUUUUA	2.24e-1	1.00e0	5.44e2	878	100	100	1335	6.27	6	6.00	53	3.97
490	/Users/ranjithpapareddy/Desktop/Desktop-Ranjith-iMac/forGIT/UFMylation_Ribosome_stalling_RNA_Splicing/Part4_Splicing_Analysis/data/motifs/CisBP_Human_All.meme	M00448_2.00	M00448_2.00	AACAUC	1.59e-1	1.00e0	5.44e2	416	100	100	1335	1.58	16	16.00	161	12.06
491	/Users/ranjithpapareddy/Desktop/Desktop-Ranjith-iMac/forGIT/UFMylation_Ribosome_stalling_RNA_Splicing/Part4_Splicing_Analysis/data/motifs/CisBP_Human_All.meme	M13073_2.00	HNRNPH1	DGGGAKGG	4.93e-2	1.00e0	5.44e2	1017	100	100	1335	11	21	21.00	190	14.23
492	/Users/ranjithpapareddy/Desktop/Desktop-Ranjith-iMac/forGIT/UFMylation_Ribosome_stalling_RNA_Splicing/Part4_Splicing_Analysis/data/motifs/CisBP_Human_All.meme	M00712_2.00	ENSG00000282755	UUUUU	1.76e-1	1.00e0	5.44e2	909	100	100	1335	4.02	15	15.00	152	11.39
493	/Users/ranjithpapareddy/Desktop/Desktop-Ranjith-iMac/forGIT/UFMylation_Ribosome_stalling_RNA_Splicing/Part4_Splicing_Analysis/data/motifs/CisBP_Human_All.meme	M00574_2.00	DAZ2	GYUCUAGUUAGYAUC	1.00e0	1.00e0	5.44e2	9	100	100	1335	1.44	0	0.00	7	0.52
494	/Users/ranjithpapareddy/Desktop/Desktop-Ranjith-iMac/forGIT/UFMylation_Ribosome_stalling_RNA_Splicing/Part4_Splicing_Analysis/data/motifs/CisBP_Human_All.meme	M00575_2.00	DAZ2	NNNNNVUGKUGUUGUAGBBNNNN	9.33e-1	1.00e0	5.44e2	39	100	100	1335	1.15	1	1.00	36	2.70
495	/Users/ranjithpapareddy/Desktop/Desktop-Ranjith-iMac/forGIT/UFMylation_Ribosome_stalling_RNA_Splicing/Part4_Splicing_Analysis/data/motifs/CisBP_Human_All.meme	M00069_2.00	RBM28	GWGUAGW	1.08e-1	1.00e0	5.44e2	419	100	100	1335	2.26	8	8.00	62	4.64
496	/Users/ranjithpapareddy/Desktop/Desktop-Ranjith-iMac/forGIT/UFMylation_Ribosome_stalling_RNA_Splicing/Part4_Splicing_Analysis/data/motifs/CisBP_Human_All.meme	M00435_2.00	M00435_2.00	UUUUUUD	3.76e-1	1.00e0	5.44e2	893	100	100	1335	5.56	12	12.00	141	10.56
497	/Users/ranjithpapareddy/Desktop/Desktop-Ranjith-iMac/forGIT/UFMylation_Ribosome_stalling_RNA_Splicing/Part4_Splicing_Analysis/data/motifs/CisBP_Human_All.meme	M00434_2.00	M00434_2.00	VUUUUUUY	1.41e-1	1.00e0	5.44e2	876	100	100	1335	3.05	32	32.00	354	26.52
498	/Users/ranjithpapareddy/Desktop/Desktop-Ranjith-iMac/forGIT/UFMylation_Ribosome_stalling_RNA_Splicing/Part4_Splicing_Analysis/data/motifs/CisBP_Human_All.meme	M00184_2.00	PABPC5	AGAAAAU	8.02e-2	1.00e0	5.44e2	934	100	100	1335	8.75	2	2.00	5	0.37
499	/Users/ranjithpapareddy/Desktop/Desktop-Ranjith-iMac/forGIT/UFMylation_Ribosome_stalling_RNA_Splicing/Part4_Splicing_Analysis/data/motifs/CisBP_Human_All.meme	M00185_2.00	IGF2BP3	AMAHWCA	3.04e-1	1.00e0	5.44e2	999	100	100	1335	12.3	1	1.00	4	0.30
500	/Users/ranjithpapareddy/Desktop/Desktop-Ranjith-iMac/forGIT/UFMylation_Ribosome_stalling_RNA_Splicing/Part4_Splicing_Analysis/data/motifs/CisBP_Human_All.meme	M00624_2.00	ENSG00000277564	NNNNDGKUGCAUGUGNNNNN	7.13e-1	1.00e0	5.44e2	543	100	100	1335	3.48	10	10.00	152	11.39
501	/Users/ranjithpapareddy/Desktop/Desktop-Ranjith-iMac/forGIT/UFMylation_Ribosome_stalling_RNA_Splicing/Part4_Splicing_Analysis/data/motifs/CisBP_Human_All.meme	M00442_2.00	RBM38	GAGUGUG	1.34e-1	1.00e0	5.44e2	783	100	100	1335	3.37	12	12.00	110	8.24
502	/Users/ranjithpapareddy/Desktop/Desktop-Ranjith-iMac/forGIT/UFMylation_Ribosome_stalling_RNA_Splicing/Part4_Splicing_Analysis/data/motifs/CisBP_Human_All.meme	M00625_2.00	ENSG00000277564	DBBBBGGKUGCAUGUGBNBBBK	6.65e-1	1.00e0	5.44e2	306	100	100	1335	4.05	10	10.00	146	10.94
503	/Users/ranjithpapareddy/Desktop/Desktop-Ranjith-iMac/forGIT/UFMylation_Ribosome_stalling_RNA_Splicing/Part4_Splicing_Analysis/data/motifs/CisBP_Human_All.meme	M00057_2.00	LIN28B	HGGAGAA	1.76e-1	1.00e0	5.44e2	895	100	100	1335	9.51	2	2.00	9	0.67
504	/Users/ranjithpapareddy/Desktop/Desktop-Ranjith-iMac/forGIT/UFMylation_Ribosome_stalling_RNA_Splicing/Part4_Splicing_Analysis/data/motifs/CisBP_Human_All.meme	M00764_2.00	PABPN1L	AAAAA	6.97e-2	1.00e0	5.44e2	932	100	100	1335	20.6	1	1.00	0	0.00
505	/Users/ranjithpapareddy/Desktop/Desktop-Ranjith-iMac/forGIT/UFMylation_Ribosome_stalling_RNA_Splicing/Part4_Splicing_Analysis/data/motifs/CisBP_Human_All.meme	M00590_2.00	HNRNPA1	NBUGCAGUWYUAGGGYDBN	9.77e-1	1.00e0	5.44e2	117	100	100	1335	2.02	2	2.00	75	5.62
506	/Users/ranjithpapareddy/Desktop/Desktop-Ranjith-iMac/forGIT/UFMylation_Ribosome_stalling_RNA_Splicing/Part4_Splicing_Analysis/data/motifs/CisBP_Human_All.meme	M00695_2.00	ZCRB1	GUGGAMUUAADDK	5.16e-1	1.00e0	5.44e2	112	100	100	1335	54.4	1	1.00	9	0.67
507	/Users/ranjithpapareddy/Desktop/Desktop-Ranjith-iMac/forGIT/UFMylation_Ribosome_stalling_RNA_Splicing/Part4_Splicing_Analysis/data/motifs/CisBP_Human_All.meme	M00352_2.00	M00352_2.00	WUAGGAA	9.07e-2	1.00e0	5.44e2	488	100	100	1335	3.05	4	4.00	21	1.57
508	/Users/ranjithpapareddy/Desktop/Desktop-Ranjith-iMac/forGIT/UFMylation_Ribosome_stalling_RNA_Splicing/Part4_Splicing_Analysis/data/motifs/CisBP_Human_All.meme	M00074_2.00	RBM46	AAUSAAD	1.50e-1	1.00e0	5.44e2	509	100	100	1335	1.07	37	37.00	420	31.46
509	/Users/ranjithpapareddy/Desktop/Desktop-Ranjith-iMac/forGIT/UFMylation_Ribosome_stalling_RNA_Splicing/Part4_Splicing_Analysis/data/motifs/CisBP_Human_All.meme	M00075_2.00	RBM5	GAAGGAA	5.30e-2	1.00e0	5.44e2	965	100	100	1335	9.87	4	4.00	17	1.27
510	/Users/ranjithpapareddy/Desktop/Desktop-Ranjith-iMac/forGIT/UFMylation_Ribosome_stalling_RNA_Splicing/Part4_Splicing_Analysis/data/motifs/CisBP_Human_All.meme	M00388_2.00	ENSG00000274081	UUUUUUU	3.61e-1	1.00e0	5.44e2	948	100	100	1335	9.21	10	10.00	114	8.54
511	/Users/ranjithpapareddy/Desktop/Desktop-Ranjith-iMac/forGIT/UFMylation_Ribosome_stalling_RNA_Splicing/Part4_Splicing_Analysis/data/motifs/CisBP_Human_All.meme	M00746_2.00	HNRNPL	YACAYA	4.07e-1	1.00e0	5.44e2	678	100	100	1335	3.83	3	3.00	30	2.25
512	/Users/ranjithpapareddy/Desktop/Desktop-Ranjith-iMac/forGIT/UFMylation_Ribosome_stalling_RNA_Splicing/Part4_Splicing_Analysis/data/motifs/CisBP_Human_All.meme	M00521_2.00	NOVA2	GGRGAGUCAUHSC	9.28e-1	1.00e0	5.44e2	39	100	100	1335	1.15	1	1.00	35	2.62
513	/Users/ranjithpapareddy/Desktop/Desktop-Ranjith-iMac/forGIT/UFMylation_Ribosome_stalling_RNA_Splicing/Part4_Splicing_Analysis/data/motifs/CisBP_Human_All.meme	M00265_2.00	SYNCRIP	MAAAAAG	4.19e-2	1.00e0	5.44e2	864	100	100	1335	13.2	2	2.00	3	0.22
514	/Users/ranjithpapareddy/Desktop/Desktop-Ranjith-iMac/forGIT/UFMylation_Ribosome_stalling_RNA_Splicing/Part4_Splicing_Analysis/data/motifs/CisBP_Human_All.meme	M00199_2.00	PCBP3	CCUWWCC	5.85e-2	1.00e0	5.44e2	920	100	100	1335	3.96	19	19.00	171	12.81
515	/Users/ranjithpapareddy/Desktop/Desktop-Ranjith-iMac/forGIT/UFMylation_Ribosome_stalling_RNA_Splicing/Part4_Splicing_Analysis/data/motifs/CisBP_Human_All.meme	M00198_2.00	KHDRBS2	RAUAAAM	1.43e-1	1.00e0	5.44e2	660	100	100	1335	2.93	7	7.00	56	4.19
516	/Users/ranjithpapareddy/Desktop/Desktop-Ranjith-iMac/forGIT/UFMylation_Ribosome_stalling_RNA_Splicing/Part4_Splicing_Analysis/data/motifs/CisBP_Human_All.meme	M00730_2.00	ENSG00000276833	GGKGG	1.95e-1	1.00e0	5.44e2	981	100	100	1335	7.53	14	14.00	143	10.71
517	/Users/ranjithpapareddy/Desktop/Desktop-Ranjith-iMac/forGIT/UFMylation_Ribosome_stalling_RNA_Splicing/Part4_Splicing_Analysis/data/motifs/CisBP_Human_All.meme	M00091_2.00	SNRPA	UUGCACA	2.86e-1	1.00e0	5.44e2	439	100	100	1335	3.12	7	7.00	70	5.24
518	/Users/ranjithpapareddy/Desktop/Desktop-Ranjith-iMac/forGIT/UFMylation_Ribosome_stalling_RNA_Splicing/Part4_Splicing_Analysis/data/motifs/CisBP_Human_All.meme	M00638_2.00	RBM4	RHGVKGAGUGCGGUAGBBGC	1.00e0	1.00e0	5.44e2	14	100	100	1335	3.75	0	0.00	7	0.52
519	/Users/ranjithpapareddy/Desktop/Desktop-Ranjith-iMac/forGIT/UFMylation_Ribosome_stalling_RNA_Splicing/Part4_Splicing_Analysis/data/motifs/CisBP_Human_All.meme	M00779_2.00	ENSG00000282559	UUUUU	1.38e-1	1.00e0	5.44e2	921	100	100	1335	2.56	17	17.00	169	12.66
520	/Users/ranjithpapareddy/Desktop/Desktop-Ranjith-iMac/forGIT/UFMylation_Ribosome_stalling_RNA_Splicing/Part4_Splicing_Analysis/data/motifs/CisBP_Human_All.meme	M12972_2.00	CELF2	UGUKUGUK	9.78e-2	1.00e0	5.44e2	816	100	100	1335	2.21	26	26.00	267	20.00
521	/Users/ranjithpapareddy/Desktop/Desktop-Ranjith-iMac/forGIT/UFMylation_Ribosome_stalling_RNA_Splicing/Part4_Splicing_Analysis/data/motifs/CisBP_Human_All.meme	M00814_2.00	SRSF2	UCCAG	4.41e-2	1.00e0	5.44e2	932	100	100	1335	3.58	19	19.00	165	12.36
522	/Users/ranjithpapareddy/Desktop/Desktop-Ranjith-iMac/forGIT/UFMylation_Ribosome_stalling_RNA_Splicing/Part4_Splicing_Analysis/data/motifs/CisBP_Human_All.meme	M13019_2.00	PSPC1	DGURGKKU	1.08e-1	1.00e0	5.44e2	717	100	100	1335	1.74	19	19.00	186	13.93
523	/Users/ranjithpapareddy/Desktop/Desktop-Ranjith-iMac/forGIT/UFMylation_Ribosome_stalling_RNA_Splicing/Part4_Splicing_Analysis/data/motifs/CisBP_Human_All.meme	M00815_2.00	SRSF6	AGCAG	1.76e-1	1.00e0	5.44e2	933	100	100	1335	4.13	17	17.00	176	13.18
524	/Users/ranjithpapareddy/Desktop/Desktop-Ranjith-iMac/forGIT/UFMylation_Ribosome_stalling_RNA_Splicing/Part4_Splicing_Analysis/data/motifs/CisBP_Human_All.meme	M00670_2.00	SNRNP70	GUUCAMGNGG	7.43e-1	1.00e0	5.44e2	538	100	100	1335	6.57	2	2.00	35	2.62
525	/Users/ranjithpapareddy/Desktop/Desktop-Ranjith-iMac/forGIT/UFMylation_Ribosome_stalling_RNA_Splicing/Part4_Splicing_Analysis/data/motifs/CisBP_Human_All.meme	M00671_2.00	SNRNP70	GUUCAAGGUG	5.50e-1	1.00e0	5.44e2	186	100	100	1335	18.9	1	1.00	10	0.75
526	/Users/ranjithpapareddy/Desktop/Desktop-Ranjith-iMac/forGIT/UFMylation_Ribosome_stalling_RNA_Splicing/Part4_Splicing_Analysis/data/motifs/CisBP_Human_All.meme	M13110_2.00	AC009690.3	GUGUUKKK	4.24e-2	1.00e0	5.44e2	943	100	100	1335	2.96	12	12.00	89	6.67
527	/Users/ranjithpapareddy/Desktop/Desktop-Ranjith-iMac/forGIT/UFMylation_Ribosome_stalling_RNA_Splicing/Part4_Splicing_Analysis/data/motifs/CisBP_Human_All.meme	M13111_2.00	ENSG00000273865	VWUUUUUS	1.65e-1	1.00e0	5.44e2	877	100	100	1335	7.49	4	4.00	27	2.02
528	/Users/ranjithpapareddy/Desktop/Desktop-Ranjith-iMac/forGIT/UFMylation_Ribosome_stalling_RNA_Splicing/Part4_Splicing_Analysis/data/motifs/CisBP_Human_All.meme	M00644_2.00	RBMS2	CAGUGAUUGG	2.35e-1	1.00e0	5.44e2	228	100	100	1335	1.3	15	15.00	161	12.06
529	/Users/ranjithpapareddy/Desktop/Desktop-Ranjith-iMac/forGIT/UFMylation_Ribosome_stalling_RNA_Splicing/Part4_Splicing_Analysis/data/motifs/CisBP_Human_All.meme	M13124_2.00	ENSG00000282755	NUUUUUUA	2.24e-1	1.00e0	5.44e2	878	100	100	1335	6.27	6	6.00	53	3.97
530	/Users/ranjithpapareddy/Desktop/Desktop-Ranjith-iMac/forGIT/UFMylation_Ribosome_stalling_RNA_Splicing/Part4_Splicing_Analysis/data/motifs/CisBP_Human_All.meme	M00382_2.00	DDX53	AGAAUAA	2.05e-1	1.00e0	5.44e2	841	100	100	1335	2.06	17	17.00	181	13.56
531	/Users/ranjithpapareddy/Desktop/Desktop-Ranjith-iMac/forGIT/UFMylation_Ribosome_stalling_RNA_Splicing/Part4_Splicing_Analysis/data/motifs/CisBP_Human_All.meme	M00821_2.00	ENSG00000276833	GGDGGGG	2.36e-1	1.00e0	5.44e2	1015	100	100	1335	16.5	6	6.00	54	4.04
532	/Users/ranjithpapareddy/Desktop/Desktop-Ranjith-iMac/forGIT/UFMylation_Ribosome_stalling_RNA_Splicing/Part4_Splicing_Analysis/data/motifs/CisBP_Human_All.meme	M00705_2.00	ZRANB2	DDAGGUAAGGUAD	1.58e-1	1.00e0	5.44e2	382	100	100	1335	16.6	3	3.00	17	1.27
533	/Users/ranjithpapareddy/Desktop/Desktop-Ranjith-iMac/forGIT/UFMylation_Ribosome_stalling_RNA_Splicing/Part4_Splicing_Analysis/data/motifs/CisBP_Human_All.meme	M00562_2.00	CSDC2	GCCAUGAUCAUGAU	1.00e0	1.00e0	5.44e2	43	100	100	1335	3.53	0	0.00	22	1.65
534	/Users/ranjithpapareddy/Desktop/Desktop-Ranjith-iMac/forGIT/UFMylation_Ribosome_stalling_RNA_Splicing/Part4_Splicing_Analysis/data/motifs/CisBP_Human_All.meme	M00704_2.00	ZRANB2	DDGGUAGGUADK	2.54e-1	1.00e0	5.44e2	739	100	100	1335	8.83	4	4.00	33	2.47
535	/Users/ranjithpapareddy/Desktop/Desktop-Ranjith-iMac/forGIT/UFMylation_Ribosome_stalling_RNA_Splicing/Part4_Splicing_Analysis/data/motifs/CisBP_Human_All.meme	M00587_2.00	HNRNPA0	KUAGKUUAGGU	4.40e-1	1.00e0	5.44e2	169	100	100	1335	1.74	7	7.00	83	6.22
536	/Users/ranjithpapareddy/Desktop/Desktop-Ranjith-iMac/forGIT/UFMylation_Ribosome_stalling_RNA_Splicing/Part4_Splicing_Analysis/data/motifs/CisBP_Human_All.meme	M00148_2.00	SRSF6	GGAGGGV	6.67e-2	1.00e0	5.44e2	887	100	100	1335	9.52	16	16.00	140	10.49
537	/Users/ranjithpapareddy/Desktop/Desktop-Ranjith-iMac/forGIT/UFMylation_Ribosome_stalling_RNA_Splicing/Part4_Splicing_Analysis/data/motifs/CisBP_Human_All.meme	M13081_2.00	HNRNPCL4	VWUUUUUS	1.65e-1	1.00e0	5.44e2	877	100	100	1335	7.49	4	4.00	27	2.02
538	/Users/ranjithpapareddy/Desktop/Desktop-Ranjith-iMac/forGIT/UFMylation_Ribosome_stalling_RNA_Splicing/Part4_Splicing_Analysis/data/motifs/CisBP_Human_All.meme	M00041_2.00	SRSF10	AGAGAAA	2.66e-1	1.00e0	5.44e2	1018	100	100	1335	3.23	23	23.00	266	19.93
539	/Users/ranjithpapareddy/Desktop/Desktop-Ranjith-iMac/forGIT/UFMylation_Ribosome_stalling_RNA_Splicing/Part4_Splicing_Analysis/data/motifs/CisBP_Human_All.meme	M00227_2.00	SF3B4	GAUGGAGU	4.77e-2	1.00e0	5.44e2	876	100	100	1335	6.06	8	8.00	51	3.82
540	/Users/ranjithpapareddy/Desktop/Desktop-Ranjith-iMac/forGIT/UFMylation_Ribosome_stalling_RNA_Splicing/Part4_Splicing_Analysis/data/motifs/CisBP_Human_All.meme	M00514_2.00	ENSG00000276833	GGUG	2.05e-1	1.00e0	5.44e2	970	100	100	1335	3.98	10	10.00	97	7.27
541	/Users/ranjithpapareddy/Desktop/Desktop-Ranjith-iMac/forGIT/UFMylation_Ribosome_stalling_RNA_Splicing/Part4_Splicing_Analysis/data/motifs/CisBP_Human_All.meme	M00515_2.00	SNRPA	AUUGCACH	7.94e-1	1.00e0	5.44e2	314	100	100	1335	8.31	2	2.00	39	2.92
542	/Users/ranjithpapareddy/Desktop/Desktop-Ranjith-iMac/forGIT/UFMylation_Ribosome_stalling_RNA_Splicing/Part4_Splicing_Analysis/data/motifs/CisBP_Human_All.meme	M00454_2.00	ACO1	CAGUGH	3.63e-2	1.00e0	5.44e2	1230	100	100	1335	2.9	8	8.00	48	3.60
543	/Users/ranjithpapareddy/Desktop/Desktop-Ranjith-iMac/forGIT/UFMylation_Ribosome_stalling_RNA_Splicing/Part4_Splicing_Analysis/data/motifs/CisBP_Human_All.meme	M00632_2.00	RBM42	CGGGGURUGY	4.40e-1	1.00e0	5.44e2	162	100	100	1335	62.9	1	1.00	7	0.52
544	/Users/ranjithpapareddy/Desktop/Desktop-Ranjith-iMac/forGIT/UFMylation_Ribosome_stalling_RNA_Splicing/Part4_Splicing_Analysis/data/motifs/CisBP_Human_All.meme	M00100_2.00	M00100_2.00	UUUUUUY	7.44e-2	1.00e0	5.44e2	950	100	100	1335	6.36	10	10.00	77	5.77

# AME (Analysis of Motif Enrichment): Version 5.5.9 compiled on Nov 24 2025 at 04:02:45
# The format of this file is described at https://meme-suite.org/meme/doc/ame-output-format.html.
# ame --evalue-report-threshold 1000 --control hs_RI_direct/human/nucleus/step10_motif_analysis/RI_DeepDive_dPSI_negative/constitutive_introns.intron.fa --oc hs_RI_direct/human/nucleus/step10_motif_analysis/RI_DeepDive_dPSI_negative/ame_UFM1_independent_vs_constitutive hs_RI_direct/human/nucleus/step10_motif_analysis/RI_DeepDive_dPSI_negative/preserved.intron.fa /Users/ranjithpapareddy/Desktop/Desktop-Ranjith-iMac/forGIT/UFMylation_Ribosome_stalling_RNA_Splicing/Part4_Splicing_Analysis/data/motifs/CisBP_Human_All.meme
