Length	GC	MaxEnt5	MaxEnt3	Group
174	0.21839080459770116	8.38	9.01	Constitutive
6832	0.4092505854800937	8.4	6.08	Constitutive
88	0.7045454545454546	8.69	7.0	Constitutive
70702	0.36436027269384175	9.14	9.93	Constitutive
1795	0.40668523676880225	4.78	7.12	Constitutive
7742	0.4549212089899251	8.83	7.27	Constitutive
4499	0.3705267837297177	10.03	10.4	Constitutive
16813	0.38940105870457387	7.43	7.08	Constitutive
23833	0.359795241891495	8.76	10.77	Constitutive
2669	0.5496440614462346	0.49	7.22	Constitutive
893	0.3381858902575588	6.39	7.51	Constitutive
3537	0.3290924512298558	7.88	9.39	Constitutive
3791	0.5149037193352677	8.73	9.94	Constitutive
101	0.7227722772277227	8.28	7.81	Constitutive
1920	0.3723958333333333	10.67	11.21	Constitutive
3702	0.4430037817396002	8.59	7.25	Constitutive
880	0.43636363636363634	8.59	6.73	Constitutive
5263	0.3678510355310659	8.38	10.18	Constitutive
2308	0.3496533795493934	9.66	8.2	Constitutive
103	0.2815533980582524	10.22	10.47	Constitutive
4700	0.3129787234042553	11.01	11.36	Constitutive
112	0.5803571428571429	7.65	2.31	Constitutive
525	0.5942857142857143	7.83	8.95	Constitutive
98	0.3469387755102041	4.85	7.62	Constitutive
1818	0.42684268426842686	8.34	7.8	Constitutive
978	0.5112474437627812	7.65	9.16	Constitutive
1099	0.3903548680618744	7.65	9.9	Constitutive
246	0.6585365853658537	9.22	9.34	Constitutive
2328	0.37328178694158076	6.66	13.3	Constitutive
446	0.6636771300448431	10.53	6.66	Constitutive
948	0.45464135021097046	8.34	10.59	Constitutive
2693	0.5610842926104715	10.03	10.29	Constitutive
2951	0.5574381565570993	10.03	10.43	Constitutive
1583	0.3063802905874921	4.54	3.69	Constitutive
25141	0.3921085080147966	6.38	11.48	Constitutive
5292	0.4996220710506425	6.71	6.56	Constitutive
1863	0.33494363929146537	4.8	8.98	Constitutive
488	0.555327868852459	8.7	12.56	Constitutive
1689	0.3925399644760213	10.47	6.99	Constitutive
32341	0.40162641847809283	11.0	11.24	Constitutive
971	0.48094747682801237	10.86	11.4	Constitutive
1285	0.5774319066147859	8.99	10.15	Constitutive
713	0.38429172510518933	4.19	11.79	Constitutive
4166	0.4409505520883341	9.22	7.87	Constitutive
324	0.47530864197530864	6.99	7.67	Constitutive
2705	0.41922365988909427	7.64	8.57	Constitutive
239	0.606694560669456	8.23	2.18	Constitutive
539	0.7012987012987013	8.07	8.96	Constitutive
2599	0.5325125048095422	8.91	5.52	Constitutive
2160	0.449537037037037	11.01	9.93	Constitutive
7676	0.44254820218863994	10.47	13.23	Constitutive
120	0.6	5.66	8.95	Constitutive
340	0.3911764705882353	10.57	11.2	Constitutive
10557	0.4092071611253197	8.07	12.74	Constitutive
960	0.2760416666666667	7.04	7.91	Constitutive
1742	0.47876004592422505	9.65	9.89	Constitutive
6187	0.4267011475674802	6.18	2.98	Constitutive
2208	0.3446557971014493	5.68	9.57	Constitutive
2780	0.4762589928057554	10.07	9.75	Constitutive
24877	0.3733569160268521	10.03	8.09	Constitutive
3675	0.3980952380952381	10.77	11.77	Constitutive
567	0.582010582010582	9.22	10.53	Constitutive
10417	0.37678794278583083	11.08	6.54	Constitutive
1961	0.36511983681795	5.02	5.65	Constitutive
3300	0.5321212121212121	10.28	11.33	Constitutive
339	0.504424778761062	7.48	8.16	Constitutive
9121	0.37945400723604866	11.0	10.66	Constitutive
662	0.41842900302114805	5.91	6.9	Constitutive
2970	0.37575757575757573	7.52	8.49	Constitutive
404	0.35396039603960394	6.42	7.43	Constitutive
17919	0.38372677046710196	6.69	7.84	Constitutive
76	0.6973684210526315	9.04	6.53	Constitutive
34322	0.36416875473457255	11.11	10.01	Constitutive
1926	0.4158878504672897	7.82	8.06	Constitutive
941	0.38788522848034007	8.55	6.95	Constitutive
69959	0.3439871924984634	10.57	11.64	Constitutive
756	0.5357142857142857	7.82	11.37	Constitutive
1997	0.37105658487731596	9.72	5.35	Constitutive
26959	0.43362142512704477	10.19	4.76	Constitutive
1244	0.4453376205787781	10.44	7.2	Constitutive
4449	0.5122499438075973	8.83	11.21	Constitutive
154	0.6038961038961039	6.35	7.55	Constitutive
231	0.2683982683982684	8.54	10.85	Constitutive
1039	0.5659287776708374	9.88	7.98	Constitutive
257	0.4708171206225681	10.77	6.59	Constitutive
20826	0.45529626428502834	7.21	9.92	Constitutive
102066	0.4330531224893696	9.26	11.02	Constitutive
2143	0.537564162389174	8.41	6.69	Constitutive
3275	0.4122137404580153	3.53	8.09	Constitutive
124	0.49193548387096775	11.81	6.64	Constitutive
506	0.40118577075098816	5.76	9.08	Constitutive
11636	0.4292712272258508	8.82	8.71	Constitutive
4022	0.3774241670810542	8.39	8.02	Constitutive
62339	0.33775004411363674	6.64	1.36	Constitutive
3432	0.3146853146853147	7.76	5.47	Constitutive
439	0.5193621867881549	9.21	6.56	Constitutive
107	0.38317757009345793	8.4	3.93	Constitutive
2055	0.375669099756691	8.63	10.63	Constitutive
1131	0.40848806366047746	7.77	7.63	Constitutive
1959	0.3180193976518632	8.88	9.98	Constitutive
1368	0.5321637426900585	10.51	9.82	Constitutive
2257	0.45148427115640233	6.32	6.39	Constitutive
930	0.3634408602150538	8.24	13.92	Constitutive
916	0.3482532751091703	9.11	8.99	Constitutive
1639	0.3776693105552166	-4.19	9.85	Constitutive
3643	0.34477079330222343	9.45	3.54	Constitutive
4887	0.40045017393083693	7.65	10.94	Constitutive
78	0.6794871794871795	8.63	12.8	Constitutive
124	0.3467741935483871	6.63	8.83	Constitutive
3034	0.494726433750824	7.82	9.87	Constitutive
977	0.4923234390992835	7.65	9.41	Constitutive
8850	0.3840677966101695	9.8	8.03	Constitutive
1629	0.37446286065070594	9.6	6.42	Constitutive
2061	0.3153808830664726	8.76	8.86	Constitutive
5905	0.500592718035563	7.33	9.45	Constitutive
1020	0.403921568627451	7.92	9.21	Constitutive
1253	0.5067837190742218	2.41	9.39	Constitutive
2092	0.515774378585086	4.51	5.38	Constitutive
528	0.2556818181818182	9.81	6.45	Constitutive
25986	0.37762641422304316	8.54	9.44	Constitutive
863	0.5388180764774044	8.91	7.95	Constitutive
721	0.6629680998613038	7.77	10.71	Constitutive
333	0.5975975975975976	2.28	6.58	Constitutive
148	0.6013513513513513	7.68	6.97	Constitutive
470	0.4276595744680851	10.13	10.05	Constitutive
714	0.28711484593837533	8.99	10.07	Constitutive
529	0.6351606805293005	10.28	5.78	Constitutive
51945	0.37193185099624604	8.72	6.82	Constitutive
2831	0.45319675026492406	10.51	5.71	Constitutive
48566	0.36840588065724994	6.84	9.19	Constitutive
1257	0.5568814638027049	8.7	12.76	Constitutive
1230	0.5642276422764227	10.1	7.21	Constitutive
841	0.558858501783591	9.6	6.78	Constitutive
58573	0.38700425110545816	9.78	5.86	Constitutive
5940	0.40723905723905723	9.0	8.72	Constitutive
27066	0.404418828049952	8.27	10.24	Constitutive
1187	0.485256950294861	9.8	11.87	Constitutive
4002	0.39730134932533734	10.77	9.67	Constitutive
1261	0.5218080888183981	7.56	10.93	Constitutive
451	0.43237250554323725	9.6	12.07	Constitutive
1730	0.4913294797687861	9.65	6.39	Constitutive
9801	0.33323130292827263	7.4	7.37	Constitutive
146	0.2534246575342466	7.3	-1.55	Constitutive
1614	0.5	5.67	1.93	Constitutive
501	0.3033932135728543	7.87	7.2	Constitutive
2449	0.38505512454062885	10.13	10.39	Constitutive
1041	0.33429394812680113	8.88	9.42	Constitutive
5735	0.38448125544899736	8.14	9.85	Constitutive
5552	0.4211095100864553	-1.65	7.01	Constitutive
3835	0.38696219035202084	10.57	7.03	Constitutive
31625	0.3872569169960474	7.31	8.85	Constitutive
5567	0.3829710795760733	9.79	5.88	Constitutive
263	0.33840304182509506	8.4	6.91	Constitutive
1199	0.4970809007506255	8.68	7.4	Constitutive
519	0.42196531791907516	10.07	10.45	Constitutive
6012	0.3567864271457086	10.67	8.92	Constitutive
4618	0.3679081853616284	7.84	0.44	Constitutive
3002	0.6189207195203198	5.99	9.34	Constitutive
973	0.37923946557040084	7.54	12.28	Constitutive
1428	0.5168067226890757	7.88	12.04	Constitutive
81	0.5061728395061729	9.26	5.22	Constitutive
7597	0.35171778333552717	9.79	5.21	Constitutive
1205	0.5136929460580912	9.25	8.59	Constitutive
349	0.2636103151862464	8.01	10.41	Constitutive
3007	0.3112736947123379	6.6	9.14	Constitutive
859	0.33993015133876603	6.44	9.76	Constitutive
1130	0.4584070796460177	10.03	8.01	Constitutive
12727	0.4880961734894319	8.27	10.36	Constitutive
888	0.5709459459459459	6.63	4.62	Constitutive
125	0.592	10.13	8.18	Constitutive
6708	0.33050089445438285	8.65	5.65	Constitutive
497	0.5653923541247485	6.55	7.42	Constitutive
3667	0.46932097082083446	9.27	12.37	Constitutive
8321	0.4012738853503185	9.26	9.98	Constitutive
947	0.5469904963041182	9.88	12.29	Constitutive
3978	0.31950729009552536	9.54	12.93	Constitutive
2695	0.33617810760667904	8.54	8.19	Constitutive
380	0.6078947368421053	10.2	9.59	Constitutive
92	0.5652173913043478	7.61	7.64	Constitutive
1234	0.4173419773095624	10.77	6.22	Constitutive
2456	0.36237785016286644	7.68	11.3	Constitutive
1795	0.6038997214484679	9.88	7.77	Constitutive
8285	0.4150875075437538	5.89	7.23	Constitutive
4693	0.40357979970168334	8.35	8.12	Constitutive
2956	0.513531799729364	9.27	0.63	Constitutive
2472	0.4506472491909385	9.63	6.9	Constitutive
1435	0.3554006968641115	7.04	7.93	Constitutive
1677	0.4347048300536673	7.46	9.09	Constitutive
606	0.3118811881188119	8.46	11.68	Constitutive
302	0.5397350993377483	10.65	8.26	Constitutive
2314	0.41789109766637855	7.41	9.94	Constitutive
15410	0.39850746268656717	9.16	6.51	Constitutive
474	0.5864978902953587	3.35	11.74	Constitutive
12115	0.41139083780437474	9.89	7.21	Constitutive
167	0.592814371257485	8.27	11.42	Constitutive
2370	0.5333333333333333	1.79	8.85	Constitutive
98	0.336734693877551	7.0	-3.45	Constitutive
107	0.7009345794392523	7.96	9.19	Constitutive
2308	0.47053726169844023	10.07	8.12	Constitutive
1270	0.3637795275590551	8.14	10.1	Constitutive
95	0.6105263157894737	10.28	2.59	Constitutive
643	0.3048211508553655	8.59	8.81	Constitutive
5834	0.4038395611930065	8.55	10.76	Constitutive
908	0.6651982378854625	8.73	12.05	Constitutive
5492	0.43080844865258555	8.99	11.6	Constitutive
2769	0.3958107620079451	8.04	10.0	Constitutive
1659	0.43520192887281495	9.16	10.74	Constitutive
4446	0.4478182636077373	7.07	10.73	Constitutive
3518	0.3783399658897101	10.65	7.86	Constitutive
5528	0.46273516642547036	8.73	9.99	Constitutive
23285	0.41683487223534466	7.94	13.92	Constitutive
212	0.5943396226415094	6.43	11.8	Constitutive
433	0.5057736720554272	2.88	6.42	Constitutive
1246	0.5088282504012841	7.81	8.83	Constitutive
1944	0.5370370370370371	8.3	10.1	Constitutive
91	0.26373626373626374	11.81	6.62	Constitutive
18115	0.36560861164780567	3.09	5.94	Constitutive
8983	0.4234665479238562	8.94	9.05	Constitutive
1390	0.6064748201438849	10.03	6.06	Constitutive
1486	0.35935397039030953	8.83	4.92	Constitutive
14037	0.36945216214290805	5.75	7.81	Constitutive
1082	0.48613678373382624	8.05	4.62	Constitutive
1025	0.43609756097560975	8.4	2.51	Constitutive
758	0.5461741424802111	9.16	3.77	Constitutive
6438	0.34964274619447033	6.42	10.13	Constitutive
8248	0.4093113482056256	10.22	9.56	Constitutive
11187	0.5950657012603915	8.49	6.58	Constitutive
1337	0.4532535527299925	7.61	8.74	Constitutive
338	0.39349112426035504	9.43	11.91	Constitutive
8138	0.4659621528631113	9.14	7.74	Constitutive
181	0.6022099447513812	7.61	5.63	Constitutive
7868	0.4769954245043213	8.08	11.02	Constitutive
1453	0.2856159669649002	8.37	6.01	Constitutive
1338	0.3692077727952167	6.06	6.34	Constitutive
229	0.4192139737991266	9.72	7.78	Constitutive
418	0.3014354066985646	10.45	9.98	Constitutive
9170	0.4149400218102508	10.22	7.82	Constitutive
2700	0.38222222222222224	8.35	3.77	Constitutive
81	0.2839506172839506	7.0	8.86	Constitutive
175	0.56	7.67	9.23	Constitutive
146	0.5	8.1	11.04	Constitutive
1908	0.3694968553459119	7.67	8.89	Constitutive
566	0.5512367491166078	2.56	7.01	Constitutive
1544	0.4423575129533679	10.29	10.85	Constitutive
176	0.5909090909090909	7.58	10.63	Constitutive
10651	0.3974274715989109	7.12	9.64	Constitutive
91	0.6043956043956044	3.32	8.88	Constitutive
520	0.3596153846153846	9.04	11.37	Constitutive
346	0.2543352601156069	8.59	3.59	Constitutive
848	0.49410377358490565	7.27	8.7	Constitutive
1024	0.5556640625	8.42	4.57	Constitutive
500	0.436	9.48	-11.47	Constitutive
1890	0.5529100529100529	8.31	12.0	Constitutive
92	0.3804347826086957	9.82	9.68	Constitutive
3222	0.3324022346368715	10.15	9.33	Constitutive
2251	0.3909373611728121	8.62	10.14	Constitutive
942	0.5021231422505308	6.91	8.45	Constitutive
6279	0.4097786271699315	4.82	10.19	Constitutive
6782	0.35874373341197285	8.63	5.84	Constitutive
785	0.45095541401273886	7.66	4.68	Constitutive
516	0.35271317829457366	5.84	7.56	Constitutive
4659	0.3314015883236746	9.8	12.4	Constitutive
9274	0.39206383437567394	9.35	8.88	Constitutive
8009	0.40092396054438756	10.86	9.04	Constitutive
1144	0.5148601398601399	7.54	8.19	Constitutive
3227	0.30833591571118685	6.8	9.21	Constitutive
1683	0.3761140819964349	9.45	7.7	Constitutive
19660	0.41414038657171925	10.08	10.8	Constitutive
159	0.5786163522012578	9.6	8.0	Constitutive
5556	0.3939884809215263	9.46	8.7	Constitutive
509	0.3280943025540275	6.84	9.03	Constitutive
4433	0.3525829009699977	10.57	9.2	Constitutive
2748	0.38427947598253276	3.22	11.39	Constitutive
1996	0.5290581162324649	11.08	8.39	Constitutive
276	0.7065217391304348	6.8	1.97	Constitutive
75105	0.4116903002463218	7.13	11.13	Constitutive
15027	0.43122379716510284	8.59	12.18	Constitutive
383	0.4308093994778068	7.39	8.5	Constitutive
8275	0.5406646525679758	8.37	8.32	Constitutive
6669	0.50367371420003	-8.47	-1.77	Constitutive
4521	0.40101747401017473	8.68	10.76	Constitutive
410	0.3780487804878049	10.75	11.0	Constitutive
3746	0.4415376401494928	9.08	11.43	Constitutive
1851	0.3765532144786602	7.37	8.23	Constitutive
3686	0.40260444926749867	7.88	10.61	Constitutive
720	0.5708333333333333	7.09	10.81	Constitutive
2379	0.3467843631778058	9.48	6.57	Constitutive
21481	0.4194404357339044	8.56	10.56	Constitutive
5447	0.40884890765559023	8.5	-2.43	Constitutive
676	0.4541420118343195	7.54	5.11	Constitutive
3177	0.4192634560906516	8.73	6.82	Constitutive
770	0.36623376623376624	9.08	8.05	Constitutive
19902	0.4000100492412823	7.79	6.33	Constitutive
236157	0.3832450446101534	8.84	10.35	Constitutive
1414	0.4957567185289958	9.22	9.01	Constitutive
2869	0.3408853258975253	8.39	4.58	Constitutive
2823	0.41870350690754515	9.72	8.22	Constitutive
845	0.3408284023668639	7.4	4.05	Constitutive
2582	0.3435321456235476	7.44	5.09	Constitutive
1058	0.5	6.99	11.42	Constitutive
10665	0.47219878105954055	6.35	8.55	Constitutive
179	0.2346368715083799	9.8	8.05	Constitutive
12637	0.45999841734588903	7.39	9.27	Constitutive
675	0.56	8.07	7.92	Constitutive
2879	0.5557485237929837	7.0	6.74	Constitutive
500	0.532	8.68	4.66	Constitutive
8294	0.3647214854111406	9.46	7.52	Constitutive
805	0.36645962732919257	9.27	10.35	Constitutive
75833	0.42637110492793373	9.54	10.53	Constitutive
191	0.7015706806282722	8.48	9.67	Constitutive
1692	0.33747044917257685	6.9	9.04	Constitutive
82	0.573170731707317	8.41	7.08	Constitutive
163	0.5153374233128835	8.73	11.18	Constitutive
8696	0.4546918123275069	6.65	11.16	Constitutive
366	0.6010928961748634	7.0	7.79	Constitutive
17803	0.3400550469022075	3.78	11.62	Constitutive
2061	0.45900048520135855	9.88	8.06	Constitutive
3854	0.4566683964711988	7.83	11.46	Constitutive
31267	0.3516167205040458	8.23	10.09	Constitutive
1178	0.4694397283531409	7.14	9.84	Constitutive
843	0.465005931198102	7.96	8.57	Constitutive
173	0.630057803468208	8.41	8.97	Constitutive
14009	0.3571989435362981	8.08	7.82	Constitutive
642	0.5046728971962616	2.53	8.09	Constitutive
1363	0.29126925898752754	10.07	9.06	Constitutive
8860	0.4211060948081264	10.12	9.94	Constitutive
1099	0.41856232939035487	10.1	9.54	Constitutive
2487	0.4809006835544833	8.99	6.16	Constitutive
36635	0.38695236795414223	10.57	9.19	Constitutive
1820	0.567032967032967	2.53	6.96	Constitutive
2795	0.5016100178890877	9.13	8.86	Constitutive
7632	0.3710691823899371	11.08	10.76	Constitutive
2723	0.49320602276900477	7.76	11.7	Constitutive
162	0.5246913580246914	7.09	9.0	Constitutive
954	0.36163522012578614	9.6	12.64	Constitutive
4126	0.3131362094037809	10.86	4.91	Constitutive
115	0.4608695652173913	10.08	9.39	Constitutive
1234	0.3703403565640194	10.57	7.77	Constitutive
1423	0.48278285312719604	10.67	8.85	Constitutive
252	0.5912698412698413	9.09	5.89	Constitutive
2320	0.328448275862069	10.57	4.34	Constitutive
2634	0.4176157934700076	9.82	7.88	Constitutive
830	0.3060240963855422	7.43	8.52	Constitutive
12133	0.5264155608670568	7.93	11.7	Constitutive
51742	0.43104247999690776	8.04	13.03	Constitutive
184	0.6793478260869565	9.65	10.04	Constitutive
6827	0.4729749523949026	11.08	6.29	Constitutive
112	0.35714285714285715	5.91	6.72	Constitutive
1112	0.41906474820143885	10.77	8.38	Constitutive
100	0.25	3.38	6.39	Constitutive
115	0.6869565217391305	6.3	3.25	Constitutive
1474	0.38263229308005425	7.08	8.0	Constitutive
860	0.3244186046511628	5.85	3.81	Constitutive
92	0.7391304347826086	9.46	9.78	Constitutive
4446	0.36774628879892035	10.86	9.13	Constitutive
1804	0.37250554323725055	8.59	6.2	Constitutive
7250	0.38979310344827584	9.65	6.27	Constitutive
9963	0.4321991368061829	9.82	9.02	Constitutive
97	0.6494845360824743	9.99	5.05	Constitutive
291	0.5360824742268041	5.85	11.26	Constitutive
81	0.6790123456790124	6.34	9.94	Constitutive
1442	0.46879334257975036	9.79	8.39	Constitutive
9518	0.3230720739651187	9.07	7.73	Constitutive
853	0.4126611957796014	8.46	11.84	Constitutive
104218	0.40674355677522117	7.83	9.98	Constitutive
896	0.5770089285714286	8.63	7.23	Constitutive
5269	0.31410134750427027	2.31	7.63	Constitutive
1930	0.44248704663212435	8.41	2.0	Constitutive
2091	0.46245815399330464	10.1	13.3	Constitutive
1365	0.46593406593406594	8.92	12.3	Constitutive
2202	0.3801089918256131	10.1	11.05	Constitutive
1255	0.3848605577689243	8.37	12.62	Constitutive
1825	0.3254794520547945	7.93	7.7	Constitutive
2648	0.33534743202416917	7.64	6.63	Constitutive
3036	0.46080368906455865	8.68	3.34	Constitutive
2398	0.35696413678065053	9.06	10.35	Constitutive
6074	0.4967072769180112	7.52	0.03	Constitutive
1406	0.5199146514935988	8.85	6.42	Constitutive
980	0.5051020408163265	10.24	11.08	Constitutive
767	0.28683181225554105	8.62	9.8	Constitutive
1031	0.36954413191076624	9.65	7.46	Constitutive
3258	0.45119705340699817	8.35	6.75	Constitutive
891	0.5196408529741863	9.99	7.93	Constitutive
501	0.5189620758483033	9.09	8.52	Constitutive
3257	0.553269880257906	7.8	12.39	Constitutive
1159	0.40638481449525454	7.3	8.33	Constitutive
2215	0.4781038374717833	7.93	11.32	Constitutive
120	0.5333333333333333	10.03	8.1	Constitutive
2119	0.3586597451628126	10.13	10.74	Constitutive
4923	0.4198659354052407	10.47	9.6	Constitutive
842	0.5	10.36	9.15	Constitutive
3553	0.41683084717140445	7.15	3.0	Constitutive
109	0.6697247706422018	4.44	9.26	Constitutive
3960	0.49343434343434345	10.03	5.92	Constitutive
4549	0.36095845240712243	8.88	5.18	Constitutive
26165	0.44016816357729793	11.08	10.48	Constitutive
158	0.4240506329113924	10.47	11.08	Constitutive
81	0.6049382716049383	8.94	8.67	Constitutive
3827	0.3595505617977528	9.66	6.35	Constitutive
416	0.6129807692307693	10.28	8.41	Constitutive
606	0.42574257425742573	8.63	10.03	Constitutive
279	0.4014336917562724	8.3	5.14	Constitutive
2155	0.37122969837587005	10.45	8.91	Constitutive
6742	0.40002966478789675	9.89	11.16	Constitutive
268	0.6791044776119403	7.93	6.77	Constitutive
1607	0.5158680771624145	8.35	5.06	Constitutive
16000	0.6075	8.41	10.18	Constitutive
2216	0.5284296028880866	9.1	12.15	Constitutive
569	0.28646748681898065	4.51	8.28	Constitutive
109664	0.4596677122847972	10.77	11.72	Constitutive
985	0.483248730964467	7.39	8.59	Constitutive
15037	0.34654518853494715	10.13	11.68	Constitutive
12886	0.42511252522117027	10.06	7.29	Constitutive
1976	0.37449392712550605	6.25	8.08	Constitutive
88	0.5454545454545454	10.17	11.84	Constitutive
1192	0.38171140939597314	9.1	9.41	Constitutive
187	0.45989304812834225	5.59	6.94	Constitutive
89	0.6966292134831461	9.04	7.68	Constitutive
39351	0.40174328479581206	9.08	6.3	Constitutive
8862	0.5463777928232905	9.25	11.37	Constitutive
94	0.6914893617021277	7.29	9.62	Constitutive
1440	0.3861111111111111	5.88	7.75	Constitutive
2212	0.6546112115732369	5.27	8.68	Constitutive
859	0.5564610011641443	8.34	9.71	Constitutive
21570	0.3981455725544738	8.23	9.36	Constitutive
6062	0.3881557241834378	10.08	8.25	Constitutive
85226	0.3272475535634665	8.59	9.86	Constitutive
569	0.39191564147627417	8.88	3.98	Constitutive
118	0.3813559322033898	4.55	7.2	Constitutive
11228	0.3856430352689704	7.83	5.98	Constitutive
1723	0.3441671503192107	11.0	10.8	Constitutive
13370	0.5489154824233359	9.37	6.33	Constitutive
15737	0.5226536188600115	9.57	12.44	Constitutive
3422	0.5023378141437755	6.93	12.77	Constitutive
98	0.5204081632653061	8.73	10.19	Constitutive
4732	0.36496196111580725	6.8	8.44	Constitutive
60941	0.4848624079027256	9.6	9.81	Constitutive
5926	0.4017887276409045	7.76	13.44	Constitutive
667	0.3373313343328336	10.88	8.31	Constitutive
4686	0.41378574477166025	9.11	-2.13	Constitutive
1502	0.2643142476697736	9.99	0.83	Constitutive
411	0.583941605839416	6.25	7.55	Constitutive
786	0.5368956743002544	9.46	10.91	Constitutive
7774	0.3844867507074865	9.22	8.12	Constitutive
1486	0.5679676985195155	10.51	10.82	Constitutive
519	0.2678227360308285	9.37	4.48	Constitutive
1322	0.5514372163388804	9.16	11.29	Constitutive
781	0.322663252240717	8.94	8.9	Constitutive
1200	0.4175	8.35	8.17	Constitutive
66818	0.3982459816217187	6.96	8.74	Constitutive
713	0.3884992987377279	-0.3	0.03	Constitutive
879	0.41751990898748575	6.36	3.66	Constitutive
610	0.660655737704918	7.23	7.99	Constitutive
1508	0.3812997347480106	8.89	8.32	Constitutive
59172	0.39772189549111064	8.05	10.72	Constitutive
100	0.33	9.06	7.13	Constitutive
465	0.6344086021505376	5.4	7.35	Constitutive
1946	0.4311408016443988	6.93	11.66	Constitutive
790	0.5556962025316455	9.48	7.02	Constitutive
50566	0.43452121979195507	10.29	4.6	Constitutive
8487	0.47578649699540476	8.99	9.89	Constitutive
6635	0.47294649585531273	10.65	10.18	Constitutive
17970	0.4461324429604897	9.72	7.15	Constitutive
85	0.6470588235294118	9.89	9.86	Constitutive
1393	0.5915290739411343	9.73	10.99	Constitutive
7706	0.39229172073708796	11.01	9.89	Constitutive
5141	0.3460416261427738	10.77	8.91	Constitutive
943	0.33085896076352067	5.88	9.74	Constitutive
3300	0.35454545454545455	9.43	9.72	Constitutive
761	0.4783180026281209	8.24	2.92	Constitutive
611	0.5400981996726678	7.77	8.34	Constitutive
1800	0.39666666666666667	8.88	9.16	Constitutive
20641	0.34232837556319945	10.28	8.95	Constitutive
6257	0.5708806137126419	8.21	8.39	Constitutive
45641	0.3744221204618654	10.67	9.34	Constitutive
24933	0.4354068904664501	10.1	12.84	Constitutive
8749	0.38072922619727967	6.37	9.18	Constitutive
15972	0.4321938392186326	9.35	7.76	Constitutive
21515	0.39112247269346967	10.24	9.99	Constitutive
577	0.41767764298093585	7.23	9.94	Constitutive
1544	0.44365284974093266	8.14	3.64	Constitutive
4613	0.4133969217429005	9.79	8.07	Constitutive
4104	0.49122807017543857	10.22	11.96	Constitutive
1684	0.3806413301662708	7.79	7.26	Constitutive
948	0.439873417721519	6.41	9.75	Constitutive
225	0.6622222222222223	7.75	10.42	Constitutive
63732	0.40585577104123516	9.11	9.59	Constitutive
5423	0.5681357182371382	9.04	13.32	Constitutive
253	0.48616600790513836	10.17	8.31	Constitutive
2996	0.4248998664886515	7.24	6.65	Constitutive
206	0.45145631067961167	7.66	1.12	Constitutive
2434	0.3578471651602301	6.45	7.85	Constitutive
2102	0.4419600380589914	9.82	9.85	Constitutive
1541	0.3672939649578196	10.57	3.22	Constitutive
1038	0.34971098265895956	7.44	6.71	Constitutive
6689	0.34130662281357455	7.79	7.99	Constitutive
1587	0.4530560806553245	9.04	6.06	Constitutive
12349	0.5515426350311766	10.03	7.15	Constitutive
10730	0.3917986952469711	10.86	9.79	Constitutive
5207	0.35605915114269254	9.22	6.46	Constitutive
435	0.6	7.41	5.0	Constitutive
863	0.507531865585168	8.3	8.79	Constitutive
2403	0.3641281731169372	9.72	9.18	Constitutive
116	0.4396551724137931	8.1	6.28	Constitutive
2819	0.4746363958850656	7.64	10.64	Constitutive
963	0.616822429906542	6.3	11.24	Constitutive
4486	0.41818992420864914	8.33	11.69	Constitutive
15028	0.3728373702422145	8.55	10.41	Constitutive
2026	0.3889437314906219	7.66	8.95	Constitutive
7388	0.5115051434759069	10.47	10.16	Constitutive
1636	0.4297066014669927	8.76	12.1	Constitutive
15622	0.416079887338369	9.25	11.37	Constitutive
4685	0.2975453575240128	8.85	8.93	Constitutive
15543	0.337322267258573	9.35	8.01	Constitutive
1956	0.42535787321063395	8.88	8.87	Constitutive
1514	0.5250990752972259	9.45	5.74	Constitutive
141	0.5815602836879432	5.5	7.12	Constitutive
453	0.271523178807947	6.1	11.65	Constitutive
710	0.5225352112676056	10.03	5.0	Constitutive
27830	0.36360043118936397	9.45	7.97	Constitutive
1673	0.7226539151225344	10.03	-3.1	Constitutive
1320	0.4696969696969697	7.53	10.01	Constitutive
1756	0.4037585421412301	5.77	11.09	Constitutive
162	0.5925925925925926	2.97	10.9	Constitutive
25932	0.5726129878142835	8.7	9.58	Constitutive
415	0.43855421686746987	10.28	9.31	Constitutive
5239	0.482534834892155	8.41	9.44	Constitutive
987	0.3546099290780142	9.72	8.34	Constitutive
102	0.6176470588235294	8.7	10.66	Constitutive
6541	0.39458798348876317	11.0	12.43	Constitutive
649	0.39599383667180277	9.79	9.53	Constitutive
3463	0.374819520646838	10.77	6.44	Constitutive
375	0.5173333333333333	10.17	4.37	Constitutive
389	0.4987146529562982	8.56	6.27	Constitutive
36517	0.4485308212613303	9.06	10.18	Constitutive
285	0.3649122807017544	8.4	8.1	Constitutive
1161	0.4427217915590009	11.0	6.13	Constitutive
2408	0.4846345514950166	7.13	8.53	Constitutive
9801	0.33323130292827263	7.4	7.37	Constitutive
770	0.261038961038961	7.66	9.42	Constitutive
579	0.37823834196891193	7.3	5.93	Constitutive
152	0.4473684210526316	11.01	11.18	Constitutive
3581	0.4208321697849763	7.81	7.66	Constitutive
521	0.345489443378119	8.59	7.86	Constitutive
199	0.5125628140703518	9.25	8.55	Constitutive
2571	0.5597043951769739	9.4	10.15	Constitutive
3805	0.5366622864651774	7.55	6.32	Constitutive
673	0.424962852897474	9.79	11.62	Constitutive
829	0.4077201447527141	7.93	7.96	Constitutive
42825	0.4122124927028605	8.56	7.22	Constitutive
1680	0.3767857142857143	10.47	9.15	Constitutive
2049	0.404099560761347	9.45	10.99	Constitutive
2366	0.5790363482671175	10.19	10.48	Constitutive
8284	0.4479719942056977	9.22	10.73	Constitutive
93	0.24731182795698925	2.93	10.55	Constitutive
366	0.5628415300546448	11.01	2.78	Constitutive
2400	0.6391666666666667	10.1	10.59	Constitutive
325	0.5076923076923077	8.05	11.29	Constitutive
5833	0.40870906908966226	9.01	10.12	Constitutive
3585	0.39497907949790795	9.88	8.89	Constitutive
3814	0.41085474567383323	8.62	9.95	Constitutive
698	0.2593123209169054	8.46	8.12	Constitutive
1689	0.3185316755476613	4.57	9.82	Constitutive
67154	0.37781814932840935	11.81	7.38	Constitutive
371	0.5902964959568733	5.71	9.57	Constitutive
2241	0.39937527889335117	8.31	11.19	Constitutive
2317	0.33534743202416917	4.74	4.03	Constitutive
541	0.49722735674676527	3.53	7.56	Constitutive
4440	0.3952702702702703	8.56	7.86	Constitutive
12182	0.635938269578066	8.73	7.01	Constitutive
2355	0.554140127388535	9.46	8.96	Constitutive
277	0.38267148014440433	7.66	8.29	Constitutive
2621	0.4414345669591759	6.6	9.74	Constitutive
42193	0.46666508662574363	9.85	13.79	Constitutive
601	0.41430948419301167	9.26	9.56	Constitutive
3220	0.3270186335403727	9.1	8.88	Constitutive
24716	0.42842692992393594	9.35	8.64	Constitutive
115	0.6869565217391305	10.03	11.12	Constitutive
1168	0.4957191780821918	5.84	9.89	Constitutive
6174	0.4288953676708779	10.47	8.7	Constitutive
374	0.339572192513369	9.25	7.45	Constitutive
883	0.44960362400906	10.77	8.3	Constitutive
559	0.5062611806797853	7.66	8.67	Constitutive
12854	0.4077330014003423	10.65	10.51	Constitutive
6212	0.39101738570508693	10.77	7.85	Constitutive
107	0.3177570093457944	10.57	3.37	Constitutive
51554	0.3741513752570121	8.55	10.09	Constitutive
701	0.43509272467902993	8.76	8.26	Constitutive
3800	0.5318421052631579	7.68	12.01	Constitutive
87	0.5057471264367817	10.57	6.87	Constitutive
2434	0.48315529991783074	8.05	8.26	Constitutive
3257	0.36905127417869205	8.62	9.9	Constitutive
4063	0.44966773320206743	8.59	5.89	Constitutive
4140	0.3760869565217391	6.93	7.71	Constitutive
2008	0.3296812749003984	10.57	1.34	Constitutive
1956	0.5966257668711656	10.67	7.72	Constitutive
438	0.4771689497716895	7.39	8.24	Constitutive
15135	0.3779319458209448	8.88	7.48	Constitutive
724	0.4447513812154696	9.3	8.86	Constitutive
1287	0.32634032634032634	8.88	7.03	Constitutive
36111	0.3517487746116142	7.81	10.46	Constitutive
5013	0.40554558148813086	9.06	12.93	Constitutive
73	0.7671232876712328	8.02	7.96	Constitutive
587	0.5434412265758092	7.88	7.9	Constitutive
3838	0.3204794163626889	9.8	8.19	Constitutive
5862	0.4706584783350392	8.07	12.96	Constitutive
266	0.7781954887218046	5.03	9.48	Constitutive
3810	0.458005249343832	10.57	11.34	Constitutive
622	0.6720257234726688	-6.91	-2.57	Constitutive
432	0.5578703703703703	8.04	9.02	Constitutive
10823	0.38954079275616743	6.58	10.0	Constitutive
188	0.3670212765957447	9.22	11.9	Constitutive
563	0.6234458259325044	10.03	10.0	Constitutive
1214	0.5313014827018122	9.6	8.41	Constitutive
369	0.5772357723577236	10.67	7.66	Constitutive
6694	0.356139826710487	11.0	11.55	Constitutive
105	0.5523809523809524	9.45	5.25	Constitutive
563	0.5204262877442274	7.48	10.0	Constitutive
7325	0.3369283276450512	10.43	7.34	Constitutive
8042	0.4074857000746083	11.0	9.35	Constitutive
938	0.3464818763326226	8.0	10.97	Constitutive
4631	0.4759231267544807	6.99	11.66	Constitutive
3634	0.5187121629058888	10.07	5.68	Constitutive
603	0.48258706467661694	9.01	7.36	Constitutive
646	0.5340557275541795	9.65	7.21	Constitutive
4124	0.41998060135790494	9.82	9.6	Constitutive
783	0.4827586206896552	8.41	12.16	Constitutive
376	0.6728723404255319	7.13	8.45	Constitutive
298	0.28523489932885904	9.82	1.06	Constitutive
88	0.36363636363636365	6.64	9.32	Constitutive
372	0.5080645161290323	5.61	9.65	Constitutive
967	0.5170630816959669	7.04	10.88	Constitutive
2378	0.45962994112699745	6.77	6.19	Constitutive
1627	0.256299938537185	8.83	5.13	Constitutive
6298	0.30438234360114325	8.76	7.03	Constitutive
3026	0.3734302709847984	9.0	8.15	Constitutive
369	0.5826558265582655	7.87	4.15	Constitutive
1822	0.41657519209659716	9.12	12.81	Constitutive
197	0.6954314720812182	8.73	2.83	Constitutive
2205	0.5038548752834467	9.99	13.4	Constitutive
8035	0.42626011200995645	0.92	6.95	Constitutive
3877	0.5506835181841631	7.0	7.41	Constitutive
5527	0.32874977383752485	9.46	9.07	Constitutive
2043	0.5129711209006363	5.84	10.05	Constitutive
2982	0.54560697518444	8.41	13.08	Constitutive
1999	0.5027513756878439	8.49	10.61	Constitutive
3450	0.5171014492753623	9.89	6.55	Constitutive
1665	0.3099099099099099	10.08	1.35	Constitutive
4516	0.3436669619131975	8.83	8.68	Constitutive
461	0.27765726681127983	10.57	4.12	Constitutive
2956	0.550744248985115	6.33	13.75	Constitutive
1989	0.298139768728004	7.65	4.03	Constitutive
639	0.6697965571205008	-4.71	-11.88	Constitutive
2438	0.41017227235438886	8.38	3.66	Constitutive
2826	0.3623496107572541	7.91	7.99	Constitutive
2031	0.5785327424913835	9.16	13.09	Constitutive
13461	0.3903870440531907	11.37	8.34	Constitutive
596	0.5251677852348994	9.6	6.31	Constitutive
202	0.5346534653465347	6.9	7.98	Constitutive
36014	0.4679569056478036	5.56	8.32	Constitutive
6128	0.6470300261096605	10.07	8.06	Constitutive
4100	0.3873170731707317	10.43	9.81	Constitutive
1910	0.3712041884816754	4.3	6.95	Constitutive
2107	0.37399145704793546	8.57	13.16	Constitutive
339	0.2831858407079646	6.69	6.63	Constitutive
484	0.5165289256198347	7.81	12.07	Constitutive
2922	0.5301163586584531	10.11	8.2	Constitutive
4530	0.4052980132450331	9.8	1.59	Constitutive
943	0.4178154825026511	10.28	6.38	Constitutive
102	0.7941176470588235	9.44	9.25	Constitutive
62	0.43548387096774194	-7.25	6.63	Constitutive
10044	0.40730784547988846	11.11	5.86	Constitutive
1091	0.3620531622364803	6.84	6.45	Constitutive
15069	0.40009290596589026	5.06	10.81	Constitutive
863	0.5573580533024334	9.04	7.07	Constitutive
290	0.6758620689655173	10.67	6.48	Constitutive
120	0.5833333333333334	5.88	10.57	Constitutive
2844	0.4068213783403657	5.67	8.71	Constitutive
1405	0.36725978647686836	9.82	9.52	Constitutive
56535	0.4842663836561422	9.89	11.04	Constitutive
608	0.3569078947368421	6.97	8.77	Constitutive
226	0.5132743362831859	9.16	7.74	Constitutive
6514	0.33773411114522567	10.51	9.58	Constitutive
1883	0.6192246415294742	8.7	12.28	Constitutive
863	0.5805330243337196	10.03	7.47	Constitutive
824	0.42597087378640774	5.2	7.34	Constitutive
5007	0.37287797084082286	6.13	11.2	Constitutive
405	0.5407407407407407	7.33	12.53	Constitutive
1139	0.4828797190517998	-2.65	4.95	Constitutive
5349	0.3881099270891755	5.13	5.45	Constitutive
993	0.4179254783484391	9.46	12.39	Constitutive
1289	0.38557020946470133	5.17	8.72	Constitutive
1156	0.5743944636678201	11.45	11.61	Constitutive
3957	0.3345969168562042	10.67	3.49	Constitutive
3215	0.41119751166407464	8.59	6.59	Constitutive
444	0.6148648648648649	6.18	11.28	Constitutive
9071	0.3548671590783817	7.54	9.79	Constitutive
1871	0.4147514698022448	10.65	10.74	Constitutive
6989	0.43811704106453	8.62	9.44	Constitutive
1376	0.4738372093023256	8.73	11.29	Constitutive
4601	0.5357530971527928	8.6	9.93	Constitutive
88	0.5909090909090909	5.52	9.88	Constitutive
2706	0.4501108647450111	9.16	10.15	Constitutive
2544	0.34827044025157233	8.92	6.68	Constitutive
622	0.454983922829582	11.01	11.06	Constitutive
38	0.631578947368421	-17.33	13.26	Constitutive
3226	0.4473031618102914	10.67	8.28	Constitutive
23833	0.359795241891495	8.76	10.77	Constitutive
8946	0.5565615917728594	8.46	12.82	Constitutive
5420	0.3326568265682657	10.29	7.44	Constitutive
29090	0.4000687521485046	5.88	11.04	Constitutive
372	0.29301075268817206	9.88	4.09	Constitutive
5710	0.487215411558669	6.66	14.13	Constitutive
2843	0.36616250439676395	10.86	9.61	Constitutive
722	0.3490304709141274	9.65	7.56	Constitutive
3730	0.5340482573726542	-4.55	1.23	Constitutive
260	0.5269230769230769	6.23	10.98	Constitutive
1230	0.32926829268292684	7.83	6.11	Constitutive
4837	0.46619805664668185	11.81	8.54	Constitutive
108	0.5462962962962963	9.27	14.04	Constitutive
7292	0.5455293472298409	7.54	10.0	Constitutive
944	0.3442796610169492	7.1	8.89	Constitutive
1817	0.3274628508530545	7.26	8.33	Constitutive
573	0.2547993019197208	9.49	11.84	Constitutive
317	0.637223974763407	9.6	11.5	Constitutive
9429	0.42666242443525293	11.08	11.88	Constitutive
4697	0.4147328081754311	5.45	6.33	Constitutive
132	0.6136363636363636	3.34	2.3	Constitutive
1565	0.33865814696485624	8.68	8.25	Constitutive
1725	0.38956521739130434	8.95	6.97	Constitutive
1719	0.5258871436881908	10.1	7.93	Constitutive
38449	0.5431350620302219	11.08	13.58	Constitutive
2433	0.3921085080147966	6.69	9.03	Constitutive
739	0.36400541271989173	7.46	6.06	Constitutive
244	0.5573770491803278	5.37	0.05	Constitutive
253	0.525691699604743	4.28	13.05	Constitutive
1286	0.36469673405909797	6.28	7.96	Constitutive
78	0.48717948717948717	10.07	9.88	Constitutive
607	0.29983525535420097	1.48	6.38	Constitutive
88	0.4090909090909091	11.08	12.39	Constitutive
115157	0.4052467500890089	10.57	9.67	Constitutive
312	0.5833333333333334	10.22	11.11	Constitutive
128	0.296875	5.46	11.45	Constitutive
76919	0.421885359924076	9.27	10.32	Constitutive
377	0.3156498673740053	7.3	10.35	Constitutive
10853	0.4115912650879941	11.0	6.36	Constitutive
93	0.34408602150537637	8.35	6.44	Constitutive
3062	0.6574134552580013	9.6	11.65	Constitutive
949	0.5226554267650158	9.8	8.28	Constitutive
2110	0.418957345971564	5.88	13.62	Constitutive
16651	0.37997717854783497	8.83	12.41	Constitutive
3484	0.4012629161882893	9.79	8.0	Constitutive
220	0.5681818181818182	9.22	9.93	Constitutive
5519	0.34408407320166695	7.44	8.69	Constitutive
1549	0.4396384764364106	11.0	12.81	Constitutive
1149	0.40644038294168844	9.45	8.1	Constitutive
71954	0.40751035383717377	7.44	6.88	Constitutive
3177	0.4148567831287378	8.04	9.96	Constitutive
8051	0.37572972301577445	8.46	7.93	Constitutive
12916	0.4056983586249613	10.28	9.55	Constitutive
90	0.6444444444444445	8.4	10.05	Constitutive
5135	0.4163583252190847	7.26	10.27	Constitutive
14891	0.42690215566449535	7.3	6.18	Constitutive
169	0.2781065088757396	9.84	13.74	Constitutive
130	0.46923076923076923	10.51	8.16	Constitutive
4827	0.5326289620882536	11.0	4.56	Constitutive
20214	0.3467398832492332	6.53	9.35	Constitutive
2354	0.405267629566695	10.1	12.04	Constitutive
235	0.5148936170212766	8.76	8.64	Constitutive
396	0.5732323232323232	9.65	12.38	Constitutive
177	0.6779661016949152	9.16	13.53	Constitutive
766	0.2650130548302872	5.17	10.22	Constitutive
99	0.6767676767676768	9.26	10.32	Constitutive
69956	0.3524787008977071	6.36	5.87	Constitutive
287	0.5749128919860628	9.27	11.56	Constitutive
2356	0.43081494057724956	9.72	11.13	Constitutive
83	0.6867469879518072	9.16	6.83	Constitutive
7594	0.4051883065578088	4.8	10.22	Constitutive
38622	0.40792812386722593	8.76	8.48	Constitutive
24265	0.3815371934885638	8.66	12.47	Constitutive
5709	0.5272376948677526	10.03	5.57	Constitutive
1230	0.49105691056910566	4.66	8.22	Constitutive
1311	0.32112890922959575	10.47	5.79	Constitutive
3694	0.4133730373578776	10.77	6.88	Constitutive
220	0.5818181818181818	10.1	7.92	Constitutive
697	0.5136298421807748	3.7	9.04	Constitutive
1018	0.5117878192534381	5.07	3.58	Constitutive
1255	0.33067729083665337	8.69	4.54	Constitutive
146	0.3424657534246575	7.96	4.88	Constitutive
229	0.5152838427947598	7.61	12.19	Constitutive
8392	0.39430409914204007	8.76	9.04	Constitutive
34541	0.35829883327060597	9.49	7.2	Constitutive
1425	0.44	9.33	-1.3	Constitutive
230	0.49130434782608695	5.06	5.44	Constitutive
2055	0.375669099756691	9.81	6.89	Constitutive
694	0.28530259365994237	7.76	9.43	Constitutive
1111	0.35103510351035105	9.43	7.91	Constitutive
1151	0.5169417897480452	10.07	7.01	Constitutive
338	0.40532544378698226	9.07	11.2	Constitutive
419	0.38424821002386633	10.65	10.72	Constitutive
2164	0.3632162661737523	9.88	10.56	Constitutive
581	0.5851979345955249	10.38	8.88	Constitutive
40144	0.460566958947788	10.49	11.07	Constitutive
1921	0.5502342529932327	6.51	9.9	Constitutive
148	0.6148648648648649	10.67	5.72	Constitutive
3288	0.5358880778588808	9.79	7.87	Constitutive
1011	0.39465875370919884	5.83	7.53	Constitutive
2454	0.34270578647106764	11.0	11.46	Constitutive
932	0.30579399141630903	5.64	6.46	Constitutive
2567	0.3283989092325672	9.27	-1.82	Constitutive
2224	0.3322841726618705	7.79	9.89	Constitutive
510	0.5019607843137255	8.4	7.34	Constitutive
1883	0.4429102496016994	3.07	3.02	Constitutive
1065	0.5248826291079812	6.6	4.96	Constitutive
81	0.2345679012345679	7.48	10.2	Constitutive
1200	0.37333333333333335	8.83	9.6	Constitutive
11477	0.4758212076326566	10.67	9.87	Constitutive
1006	0.35685884691848907	10.22	9.88	Constitutive
417	0.2949640287769784	8.35	5.67	Constitutive
125	0.672	10.07	10.21	Constitutive
726	0.44214876033057854	10.67	13.13	Constitutive
10006	0.4035578652808315	8.85	8.04	Constitutive
1542	0.3158236057068742	10.77	7.89	Constitutive
139361	0.3969833741147093	10.77	7.7	Constitutive
1035	0.3536231884057971	11.08	8.67	Constitutive
88	0.7045454545454546	8.63	7.04	Constitutive
630	0.37777777777777777	7.04	8.29	Constitutive
2498	0.3510808646917534	10.91	10.87	Constitutive
25345	0.3364766226080095	8.31	7.28	Constitutive
7678	0.48384996092732485	7.94	7.0	Constitutive
1454	0.3108665749656121	9.79	7.38	Constitutive
2872	0.4352367688022284	7.39	4.75	Constitutive
6930	0.49004329004329006	8.95	11.68	Constitutive
567	0.5537918871252204	10.47	10.77	Constitutive
189	0.6031746031746031	7.64	8.24	Constitutive
2790	0.41469534050179213	8.89	10.4	Constitutive
12057	0.43435348760056397	4.33	2.12	Constitutive
879	0.30489192263936293	10.77	7.5	Constitutive
1067	0.3795688847235239	7.79	5.46	Constitutive
317	0.31230283911671924	10.06	6.23	Constitutive
297	0.41414141414141414	11.0	11.31	Constitutive
32542	0.3475508573535738	10.86	7.18	Constitutive
222	0.481981981981982	8.23	9.13	Constitutive
5381	0.35755435792603607	11.08	7.8	Constitutive
898	0.5033407572383074	10.57	11.54	Constitutive
6991	0.5253897868688313	9.1	9.61	Constitutive
10104	0.6154988123515439	8.49	9.68	Constitutive
1122	0.41354723707664887	8.85	5.95	Constitutive
617	0.6628849270664505	8.27	9.34	Constitutive
1930	0.4316062176165803	9.04	9.69	Constitutive
3782	0.48096245372818613	8.89	9.43	Constitutive
1658	0.4662243667068758	7.76	10.11	Constitutive
3905	0.375416133162612	10.47	6.41	Constitutive
9654	0.4604309094675782	10.47	9.6	Constitutive
1731	0.4904679376083189	8.46	9.37	Constitutive
13077	0.4595090617114017	9.65	11.92	Constitutive
701	0.43081312410841655	10.77	5.37	Constitutive
236	0.7542372881355932	5.3	12.68	Constitutive
3421	0.4519146448406899	10.07	11.88	Constitutive
5145	0.34791059280855197	8.55	6.34	Constitutive
410	0.43902439024390244	11.08	9.67	Constitutive
420	0.46190476190476193	10.07	10.08	Constitutive
2728	0.5135630498533724	7.61	10.67	Constitutive
136242	0.3800736924002877	11.0	9.08	Constitutive
224	0.6964285714285714	6.39	9.38	Constitutive
2195	0.5553530751708429	7.2	5.9	Constitutive
9404	0.39238621863037004	7.21	9.13	Constitutive
226	0.5486725663716814	9.25	9.65	Constitutive
625	0.3328	7.09	6.28	Constitutive
339	0.6371681415929203	7.36	9.45	Constitutive
732	0.6147540983606558	5.97	6.49	Constitutive
6405	0.46120218579234973	10.16	9.6	Constitutive
9112	0.4357989464442493	7.0	8.14	Constitutive
88	0.3181818181818182	9.14	9.75	Constitutive
41897	0.4025347876936296	8.73	13.98	Constitutive
109	0.5963302752293578	7.87	3.5	Constitutive
9874	0.4728580109378165	10.47	7.11	Constitutive
1603	0.3867747972551466	7.12	7.78	Constitutive
2119	0.3511090136857008	9.48	10.64	Constitutive
396	0.5909090909090909	5.87	8.47	Constitutive
1639	0.32763880414887125	7.65	8.84	Constitutive
16669	0.4208410822484852	10.53	9.64	Constitutive
315	0.5206349206349207	5.68	6.87	Constitutive
286	0.5524475524475524	5.88	7.4	Constitutive
73	0.7123287671232876	8.7	5.6	Constitutive
491	0.2525458248472505	10.29	7.72	Constitutive
154	0.5974025974025974	11.45	8.13	Constitutive
4012	0.490777666999003	8.08	11.47	Constitutive
12311	0.4178377061164812	10.88	6.8	Constitutive
109	0.26605504587155965	8.24	9.07	Constitutive
2758	0.32849891225525746	8.66	8.34	Constitutive
4504	0.46625222024866786	10.06	6.44	Constitutive
4363	0.443731377492551	9.6	6.97	Constitutive
1215	0.4757201646090535	2.39	6.01	Constitutive
121	0.2727272727272727	9.72	6.85	Constitutive
341	0.6422287390029325	6.74	5.58	Constitutive
1434	0.6366806136680614	9.6	6.37	Constitutive
521	0.6506717850287908	9.65	7.56	Constitutive
999	0.3283283283283283	9.44	6.9	Constitutive
537	0.3687150837988827	9.65	9.38	Constitutive
3165	0.5048973143759874	10.08	6.27	Constitutive
835	0.4431137724550898	10.07	9.45	Constitutive
979	0.5709908069458631	10.13	9.22	Constitutive
446	0.38565022421524664	6.69	7.19	Constitutive
2335	0.39486081370449677	8.73	10.57	Constitutive
234	0.3076923076923077	10.07	10.03	Constitutive
6817	0.49259204928854333	9.88	7.21	Constitutive
27351	0.38291104529998904	10.38	10.1	Constitutive
3636	0.393014301430143	10.47	8.66	Constitutive
518	0.5154440154440154	6.97	9.32	Constitutive
1167	0.4087403598971722	10.86	7.24	Constitutive
1715	0.4110787172011662	6.42	6.75	Constitutive
104	0.5480769230769231	9.37	12.74	Constitutive
4114	0.40811861934856586	10.47	8.14	Constitutive
18987	0.3795228314109654	6.82	5.04	Constitutive
489	0.48261758691206547	10.29	13.49	Constitutive
1270	0.45354330708661417	7.94	13.09	Constitutive
6337	0.3252327599810636	9.35	7.25	Constitutive
4901	0.34503162619873495	10.86	7.43	Constitutive
24777	0.37474270492795736	10.08	7.68	Constitutive
1621	0.3658235657001851	9.39	10.95	Constitutive
5759	0.40753603056086124	3.87	11.02	Constitutive
658	0.5820668693009119	6.9	9.12	Constitutive
1982	0.4399596367305752	6.32	8.38	Constitutive
125	0.336	7.39	10.34	Constitutive
112	0.6160714285714286	8.99	5.55	Constitutive
2776	0.4048991354466859	7.94	9.25	Constitutive
129	0.5426356589147286	9.6	5.04	Constitutive
1042	0.5287907869481766	10.03	7.05	Constitutive
5994	0.37487487487487486	9.14	11.02	Constitutive
429	0.5291375291375291	7.77	8.64	Constitutive
272	0.4264705882352941	7.33	7.16	Constitutive
2167	0.3719427780341486	5.46	5.74	Constitutive
82	0.6707317073170732	3.87	7.59	Constitutive
6326	0.4336073348087259	9.63	11.4	Constitutive
7919	0.40876373279454475	7.96	11.18	Constitutive
4255	0.42232667450058753	9.07	7.48	Constitutive
9816	0.37275876120619394	8.68	10.05	Constitutive
138	0.6666666666666666	5.4	10.81	Constitutive
3179	0.3620635419943378	4.94	4.6	Constitutive
471	0.4267515923566879	11.78	4.58	Constitutive
3390	0.31946902654867254	9.65	6.54	Constitutive
749	0.5020026702269693	8.99	11.44	Constitutive
1835	0.3525885558583106	10.24	9.89	Constitutive
1498	0.3691588785046729	6.95	12.15	Constitutive
1904	0.37815126050420167	8.55	9.89	Constitutive
11103	0.4358281545528236	9.22	10.88	Constitutive
1683	0.5466428995840761	9.2	10.59	Constitutive
572	0.6416083916083916	9.16	10.44	Constitutive
2349	0.3818646232439336	10.47	10.15	Constitutive
44667	0.37634047507108154	10.77	9.16	Constitutive
1892	0.44978858350951373	6.8	7.99	Constitutive
91	0.5164835164835165	10.17	8.93	Constitutive
1189	0.33978132884777124	11.08	9.83	Constitutive
2962	0.4172856178257934	8.11	11.8	Constitutive
8530	0.42708089097303636	10.57	5.61	Constitutive
687	0.27510917030567683	8.4	6.79	Constitutive
350	0.6	5.89	2.15	Constitutive
8913	0.4833389431167957	9.26	8.61	Constitutive
233	0.7339055793991416	9.6	8.05	Constitutive
26116	0.3979169857558585	11.01	12.09	Constitutive
1455	0.35807560137457045	8.24	7.4	Constitutive
1967	0.3274021352313167	9.8	10.28	Constitutive
3624	0.4329470198675497	9.22	7.36	Constitutive
191	0.6492146596858639	6.32	10.39	Constitutive
1932	0.5745341614906833	9.89	5.07	Constitutive
331	0.5438066465256798	8.02	8.56	Constitutive
1502	0.39347536617842876	4.58	9.5	Constitutive
13041	0.4071006824630013	10.03	8.25	Constitutive
1252	0.40814696485623003	8.41	7.26	Constitutive
2151	0.35471873547187355	5.99	7.76	Constitutive
418	0.4138755980861244	8.73	7.98	Constitutive
24957	0.39515967464038143	4.57	13.22	Constitutive
1025	0.4351219512195122	10.47	10.28	Constitutive
7001	0.5172118268818741	10.1	11.37	Constitutive
10600	0.3993396226415094	9.72	5.66	Constitutive
1331	0.29526671675432004	8.34	10.02	Constitutive
7358	0.43734710519162817	8.99	5.56	Constitutive
963	0.4288681204569055	8.31	9.31	Constitutive
597	0.49581239530988275	9.22	9.43	Constitutive
349	0.34097421203438394	9.26	11.97	Constitutive
1206	0.42039800995024873	8.56	10.97	Constitutive
2139	0.33520336605890605	9.81	13.6	Constitutive
105	0.7523809523809524	7.93	7.74	Constitutive
1795	0.5064066852367688	5.0	6.64	Constitutive
437	0.6041189931350115	9.13	9.31	Constitutive
91	0.3516483516483517	7.46	11.81	Constitutive
223	0.3632286995515695	8.38	10.99	Constitutive
133	0.5037593984962406	7.41	9.88	Constitutive
8019	0.37847611921686	9.88	10.06	Constitutive
73	0.684931506849315	8.23	8.96	Constitutive
95	0.6421052631578947	7.93	10.05	Constitutive
2443	0.4310274252967663	10.38	5.34	Constitutive
19723	0.4008517973939056	7.36	14.68	Constitutive
27204	0.5641082193795031	9.6	11.96	Constitutive
2239	0.637338097364895	6.84	10.44	Constitutive
1830	0.43224043715846994	9.26	9.89	Constitutive
7831	0.4346826714340442	9.65	12.32	Constitutive
1778	0.40719910011248595	7.05	7.68	Constitutive
21344	0.3686281859070465	10.57	10.17	Constitutive
1816	0.4063876651982379	5.71	6.94	Constitutive
38609	0.4350022015592219	7.52	11.57	Constitutive
118	0.652542372881356	9.79	7.37	Constitutive
5019	0.44411237298266587	6.62	1.21	Constitutive
200	0.615	8.41	8.2	Constitutive
739	0.6441136671177267	5.39	5.23	Constitutive
265	0.27547169811320754	8.35	9.15	Constitutive
2559	0.34466588511137164	7.77	8.44	Constitutive
12561	0.3967836955656397	10.03	9.98	Constitutive
4265	0.3671746776084408	8.38	6.83	Constitutive
10148	0.40737091052424124	9.24	12.76	Constitutive
971	0.364572605561277	8.07	6.22	Constitutive
174	0.5459770114942529	8.73	9.77	Constitutive
82	0.2926829268292683	7.33	6.56	Constitutive
24171	0.431343345331182	7.67	7.19	Constitutive
2825	0.5493805309734513	10.57	5.57	Constitutive
1376	0.498546511627907	8.76	8.24	Constitutive
1655	0.4030211480362538	6.13	8.44	Constitutive
171	0.6608187134502924	9.6	5.8	Constitutive
3767	0.46854260684895144	9.06	8.61	Constitutive
9917	0.536150045376626	6.86	10.94	Constitutive
555	0.3891891891891892	6.95	7.83	Constitutive
5480	0.5512773722627737	8.77	6.62	Constitutive
1663	0.46001202645820805	7.61	5.43	Constitutive
21379	0.41662378970017305	9.49	10.2	Constitutive
375	0.36	9.14	7.34	Constitutive
22515	0.35434155007772594	7.51	10.73	Constitutive
762	0.2755905511811024	7.46	11.11	Constitutive
161	0.5714285714285714	7.39	6.13	Constitutive
867	0.5086505190311419	8.39	10.55	Constitutive
7354	0.3918955670383465	11.08	7.88	Constitutive
20569	0.3869415139287277	7.64	8.01	Constitutive
626	0.6182108626198083	8.77	4.97	Constitutive
130	0.6307692307692307	8.16	8.55	Constitutive
935	0.42459893048128344	9.08	10.36	Constitutive
2124	0.4383239171374765	8.68	8.9	Constitutive
1179	0.44189991518235794	7.1	11.07	Constitutive
3860	0.4170984455958549	6.95	5.84	Constitutive
30796	0.3981361215742304	8.49	9.34	Constitutive
426	0.43661971830985913	7.65	7.59	Constitutive
3911	0.5377141396062388	7.41	6.66	Constitutive
440	0.3159090909090909	7.24	6.8	Constitutive
63523	0.39207845977047684	10.28	8.51	Constitutive
4989	0.49148125876929244	8.29	11.33	Constitutive
97	0.7422680412371134	9.44	6.9	Constitutive
1114	0.36894075403949733	9.16	8.6	Constitutive
1403	0.5217391304347826	7.21	9.74	Constitutive
956	0.5376569037656904	11.11	8.36	Constitutive
798	0.5551378446115288	6.23	10.4	Constitutive
778	0.38174807197943444	7.67	7.0	Constitutive
1209	0.46980976013234077	10.51	10.48	Constitutive
2766	0.3604483007953724	6.29	6.66	Constitutive
2550	0.42470588235294116	10.16	5.17	Constitutive
7268	0.4155200880572372	5.3	8.14	Constitutive
260	0.4307692307692308	7.66	11.35	Constitutive
1297	0.5250578257517348	4.82	9.54	Constitutive
341	0.375366568914956	8.35	10.81	Constitutive
1069	0.3666978484565014	9.6	7.31	Constitutive
1106	0.38245931283905965	9.72	6.84	Constitutive
702	0.6666666666666666	6.22	4.9	Constitutive
108	0.6851851851851852	7.21	9.43	Constitutive
100201	0.3649264977395435	11.37	11.22	Constitutive
660	0.49696969696969695	3.32	6.76	Constitutive
3048	0.541994750656168	8.27	7.77	Constitutive
50261	0.423827619824516	7.39	10.65	Constitutive
307	0.28013029315960913	10.22	6.5	Constitutive
180	0.5	5.39	11.75	Constitutive
37833	0.39037348346681466	9.31	11.53	Constitutive
570	0.4807017543859649	7.29	11.77	Constitutive
1928	0.43983402489626555	9.04	8.93	Constitutive
357	0.5266106442577031	4.44	12.34	Constitutive
1128	0.2721631205673759	10.51	8.64	Constitutive
2605	0.39232245681381955	8.6	10.74	Constitutive
1146	0.5113438045375218	3.97	4.5	Constitutive
2458	0.49104963384865746	6.99	5.63	Constitutive
656	0.3079268292682927	8.88	8.39	Constitutive
93	0.6129032258064516	10.88	10.08	Constitutive
289	0.5155709342560554	10.77	10.5	Constitutive
81	0.4074074074074074	8.31	7.32	Constitutive
21788	0.4488709381310813	8.56	11.37	Constitutive
1525	0.5554098360655738	8.58	10.27	Constitutive
1589	0.4669603524229075	10.03	9.62	Constitutive
108	0.6388888888888888	9.16	7.7	Constitutive
2509	0.40773216420884817	11.01	8.39	Constitutive
696	0.2959770114942529	10.07	6.41	Constitutive
2956	0.476319350473613	8.99	6.57	Constitutive
2120	0.49198113207547167	10.38	8.7	Constitutive
357	0.2969187675070028	9.09	5.17	Constitutive
7467	0.360653542252578	7.7	5.53	Constitutive
13096	0.4482284667073916	6.12	6.62	Constitutive
41391	0.3456306926626561	9.26	8.19	Constitutive
1120	0.6375	9.79	10.58	Constitutive
2147	0.33395435491383324	11.08	8.53	Constitutive
2041	0.4669279764821166	10.06	9.17	Constitutive
28814	0.40171444436732145	7.88	12.97	Constitutive
5348	0.5549738219895288	5.94	-0.18	Constitutive
249	0.3534136546184739	4.45	10.46	Constitutive
255	0.5333333333333333	7.36	5.47	Constitutive
87	0.39080459770114945	8.38	12.28	Constitutive
1026	0.4853801169590643	8.23	9.21	Constitutive
194514	0.4729531036326434	9.65	12.04	Constitutive
914	0.562363238512035	6.46	8.9	Constitutive
3958	0.4386053562405255	8.02	8.35	Constitutive
2297	0.33217239878101873	9.88	9.34	Constitutive
284	0.5070422535211268	7.13	1.15	Constitutive
59716	0.4027731261303503	9.22	12.06	Constitutive
1281	0.37158469945355194	0.84	7.53	Constitutive
3220	0.43540372670807453	9.35	8.04	Constitutive
209	0.6698564593301436	10.07	1.82	Constitutive
11179	0.3720368548170677	8.56	8.68	Constitutive
2240	0.45714285714285713	5.37	12.89	Constitutive
2665	0.30806754221388366	-0.21	9.21	Constitutive
1122	0.4028520499108734	8.31	12.12	Constitutive
2200	0.5077272727272727	8.15	10.07	Constitutive
754	0.473474801061008	8.23	-1.84	Constitutive
280	0.44642857142857145	8.07	11.21	Constitutive
5354	0.4013821441912589	9.66	4.46	Constitutive
1954	0.3710337768679631	7.41	9.2	Constitutive
849	0.31919905771495877	10.57	4.66	Constitutive
528	0.6136363636363636	7.79	7.96	Constitutive
16668	0.35091192704583635	10.93	6.62	Constitutive
50356	0.3888315195805862	5.12	7.0	Constitutive
82874	0.3711779327654029	10.51	10.11	Constitutive
2725	0.45431192660550457	5.83	4.49	Constitutive
1982	0.33703329969727547	8.99	11.06	Constitutive
1149	0.5117493472584856	8.07	7.3	Constitutive
1151	0.34404865334491747	8.88	10.36	Constitutive
856	0.5151869158878505	8.73	8.73	Constitutive
8898	0.39087435378736796	10.06	9.75	Constitutive
127	0.6062992125984252	9.04	14.9	Constitutive
1676	0.38663484486873506	8.56	10.26	Constitutive
1972	0.5360040567951319	9.79	8.98	Constitutive
1134	0.4559082892416226	8.1	11.34	Constitutive
3031	0.43582975915539424	10.08	11.34	Constitutive
5992	0.5779372496662216	6.92	8.64	Constitutive
2199	0.3933606184629377	9.43	10.25	Constitutive
1703	0.38461538461538464	7.96	7.68	Constitutive
138866	0.3687367678193366	8.56	5.24	Constitutive
1966	0.42675483214649035	2.14	8.02	Constitutive
372	0.5698924731182796	10.1	6.35	Constitutive
3647	0.4957499314505073	1.44	11.75	Constitutive
2528	0.4252373417721519	9.6	7.6	Constitutive
4414	0.45718169460806524	9.73	9.67	Constitutive
2053	0.4729663906478324	9.26	8.31	Constitutive
367	0.33787465940054495	8.59	6.12	Constitutive
2923	0.3862470065001711	8.04	11.49	Constitutive
3702	0.35062128579146407	9.65	10.04	Constitutive
145	0.36551724137931035	9.07	5.19	Constitutive
1478	0.3227334235453315	10.67	7.26	Constitutive
3371	0.4164936220706022	4.9	8.72	Constitutive
14337	0.4052451698402734	8.89	12.94	Constitutive
1202	0.502495840266223	8.68	7.52	Constitutive
2976	0.4801747311827957	10.9	12.43	Constitutive
2718	0.5610743193524651	8.83	6.3	Constitutive
2096	0.5176526717557252	10.77	6.44	Constitutive
375	0.29333333333333333	8.59	5.8	Constitutive
443	0.6772009029345373	6.18	8.24	Constitutive
2245	0.37639198218262804	5.64	10.61	Constitutive
159	0.6163522012578616	8.95	4.25	Constitutive
582	0.5670103092783505	7.81	5.51	Constitutive
1067	0.4076850984067479	9.11	9.13	Constitutive
123	0.4959349593495935	1.0	7.67	Constitutive
3351	0.4882124738883915	6.33	12.12	Constitutive
5942	0.3756311006395153	3.23	10.24	Constitutive
3978	0.31950729009552536	9.54	12.93	Constitutive
13260	0.4246606334841629	7.21	7.6	Constitutive
1364	0.46114369501466274	8.08	11.61	Constitutive
175	0.3314285714285714	9.27	5.27	Constitutive
204	0.24509803921568626	8.07	6.09	Constitutive
1037	0.3548698167791707	9.86	6.54	Constitutive
812	0.40763546798029554	5.19	10.88	Constitutive
1221	0.49221949221949224	9.99	9.48	Constitutive
3405	0.37973568281938325	11.0	6.75	Constitutive
7746	0.4007229537825975	-12.74	2.16	Constitutive
4054	0.44005920078934385	11.08	8.29	Constitutive
28293	0.429187431520164	10.77	11.48	Constitutive
11665	0.36588084012001715	8.88	10.45	Constitutive
1490	0.42348993288590603	9.11	9.1	Constitutive
2598	0.5234795996920708	6.65	4.27	Constitutive
3361	0.4784290389764951	6.23	6.83	Constitutive
731	0.2503419972640219	8.62	8.39	Constitutive
585	0.3282051282051282	7.44	9.71	Constitutive
1976	0.569331983805668	-2.39	6.67	Constitutive
3928	0.3760183299389002	6.91	2.41	Constitutive
11826	0.3828851682732961	7.04	3.3	Constitutive
1801	0.49250416435313715	9.22	9.73	Constitutive
877	0.40820980615735464	11.08	8.82	Constitutive
6219	0.43624376909470974	2.81	11.78	Constitutive
2302	0.38922675933970463	9.24	10.0	Constitutive
2714	0.343036109064112	8.38	7.45	Constitutive
81140	0.356889327088982	9.14	7.04	Constitutive
4926	0.36825010150223303	8.85	2.7	Constitutive
6487	0.39386465238168644	10.57	3.89	Constitutive
716	0.2779329608938548	10.03	7.23	Constitutive
11677	0.4445491136422026	2.5	8.55	Constitutive
6914	0.4370841770321088	8.88	3.23	Constitutive
1436	0.4387186629526462	10.51	10.78	Constitutive
3162	0.48323845667299176	0.84	10.06	Constitutive
2029	0.5214391325776244	9.6	10.15	Constitutive
194	0.711340206185567	8.69	9.56	Constitutive
964	0.36929460580912865	9.43	8.69	Constitutive
1225	0.3363265306122449	7.47	6.21	Constitutive
1767	0.322014714204867	8.35	5.89	Constitutive
1438	0.6592489568845619	7.07	12.07	Constitutive
771	0.44357976653696496	6.59	8.04	Constitutive
637	0.32339089481946626	7.64	8.83	Constitutive
7546	0.45282268751656507	9.8	12.29	Constitutive
86	0.4069767441860465	2.05	7.34	Constitutive
78	0.717948717948718	7.93	9.38	Constitutive
207	0.6618357487922706	7.2	4.19	Constitutive
1314	0.3371385083713851	8.68	2.84	Constitutive
3189	0.3913452492944497	7.44	7.01	Constitutive
2244	0.47549019607843135	6.25	7.13	Constitutive
4252	0.3934619002822201	9.88	12.04	Constitutive
87	0.735632183908046	6.62	11.28	Constitutive
1730	0.42716763005780345	10.08	9.46	Constitutive
9625	0.43574025974025976	8.54	8.02	Constitutive
334	0.38922155688622756	8.68	6.42	Constitutive
5896	0.39993215739484395	5.11	6.6	Constitutive
371	0.3261455525606469	4.8	11.45	Constitutive
668	0.2874251497005988	9.35	6.08	Constitutive
1346	0.36478454680534916	10.24	3.95	Constitutive
50466	0.3811278880830658	4.64	11.34	Constitutive
1109	0.3327321911632101	7.51	4.65	Constitutive
50309	0.38676976286549125	9.79	10.89	Constitutive
2469	0.45970028351559333	4.7	12.5	Constitutive
42837	0.3721082241987067	9.85	10.71	Constitutive
678	0.4351032448377581	10.57	10.49	Constitutive
1079	0.44300278035217794	7.33	7.8	Constitutive
2453	0.588259274357929	4.41	10.04	Constitutive
164	0.5	9.6	8.16	Constitutive
606	0.2739273927392739	10.28	11.01	Constitutive
256	0.30078125	9.06	1.42	Constitutive
111402	0.38012782535322526	8.7	8.57	Constitutive
334	0.5658682634730539	5.49	8.99	Constitutive
89	0.6179775280898876	9.6	8.49	Constitutive
738	0.6029810298102981	9.16	11.9	Constitutive
4563	0.37782160859083935	10.67	10.37	Constitutive
107	0.24299065420560748	7.44	8.72	Constitutive
1734	0.5651672433679354	9.65	11.29	Constitutive
1358	0.3114874815905744	9.27	7.72	Constitutive
1568	0.3475765306122449	10.22	8.58	Constitutive
1060	0.5547169811320755	8.92	10.92	Constitutive
73	0.5342465753424658	10.51	13.6	Constitutive
467	0.5139186295503212	4.86	6.69	Constitutive
115261	0.39610969885737585	7.83	7.69	Constitutive
27630	0.36131017010495836	8.02	10.54	Constitutive
1759	0.42581011938601476	7.52	9.35	Constitutive
1047	0.32951289398280803	8.49	4.69	Constitutive
243	0.6172839506172839	9.1	11.57	Constitutive
8490	0.39564193168433454	10.36	10.28	Constitutive
2039	0.358018636586562	8.73	9.28	Constitutive
982	0.3533604887983707	8.38	5.36	Constitutive
4160	0.5610576923076923	7.16	8.43	Constitutive
4169	0.45046773806668267	10.22	10.67	Constitutive
4540	0.37136563876651985	7.64	4.49	Constitutive
19015	0.388272416513279	9.73	9.38	Constitutive
679	0.32106038291605304	10.08	11.39	Constitutive
11468	0.3806243460062783	7.3	7.25	Constitutive
270	0.5592592592592592	5.83	4.72	Constitutive
587	0.5434412265758092	7.88	7.9	Constitutive
6451	0.3436676484266005	5.56	9.24	Constitutive
5801	0.47871056714359594	8.83	10.28	Constitutive
116	0.6982758620689655	9.22	9.78	Constitutive
1919	0.34861907243355916	10.57	9.24	Constitutive
102	0.28431372549019607	2.88	10.89	Constitutive
2731	0.4529476382277554	8.23	10.19	Constitutive
47641	0.37910623202703553	8.95	8.95	Constitutive
3830	0.4018276762402089	8.35	10.17	Constitutive
930	0.5387096774193548	7.64	4.91	Constitutive
3222	0.4158907510862818	8.07	7.34	Constitutive
3360	0.5178571428571429	10.13	12.86	Constitutive
1957	0.3428717424629535	8.54	9.02	Constitutive
1422	0.4268635724331927	11.08	7.09	Constitutive
36257	0.3885042888269851	9.25	11.13	Constitutive
4264	0.39399624765478425	10.22	7.05	Constitutive
263	0.55893536121673	5.93	10.71	Constitutive
3299	0.47893301000303123	10.49	7.67	Constitutive
848	0.5778301886792453	10.57	10.73	Constitutive
755	0.30596026490066225	0.5	9.11	Constitutive
1717	0.43098427489807806	7.83	6.7	Constitutive
1121	0.36752899197145406	7.94	4.94	Constitutive
85	0.29411764705882354	6.1	4.44	Constitutive
19752	0.3689246658566221	9.89	9.88	Constitutive
660	0.4696969696969697	7.05	13.32	Constitutive
31522	0.45492037307277455	6.66	9.42	Constitutive
1549	0.3892834086507424	5.55	6.86	Constitutive
3766	0.4466277217206585	8.62	6.1	Constitutive
605	0.5504132231404959	9.25	6.34	Constitutive
871	0.4718714121699196	8.66	10.2	Constitutive
309	0.3786407766990291	8.14	3.61	Constitutive
2075	0.3927710843373494	7.3	10.25	Constitutive
4161	0.4405191059841384	7.0	7.07	Constitutive
17290	0.42764603817235397	10.28	8.46	Constitutive
323	0.6656346749226006	7.07	8.43	Constitutive
215	0.3767441860465116	5.88	8.65	Constitutive
944	0.4491525423728814	10.06	5.01	Constitutive
270	0.32592592592592595	8.76	10.24	Constitutive
566	0.519434628975265	8.99	11.23	Constitutive
45667	0.4142378522784505	10.07	8.48	Constitutive
16126	0.4116953987349622	9.06	10.88	Constitutive
2539	0.4631744781410004	7.4	7.3	Constitutive
359	0.5738161559888579	10.67	10.51	Constitutive
5364	0.44407158836689037	8.54	11.0	Constitutive
240	0.6125	8.82	6.75	Constitutive
12448	0.35298843187660667	8.38	6.94	Constitutive
1020	0.5882352941176471	9.81	10.98	Constitutive
1469	0.4309053778080327	9.45	11.39	Constitutive
2643	0.4108967082860386	6.62	9.4	Constitutive
12520	0.3567891373801917	8.82	7.84	Constitutive
859	0.4470314318975553	8.59	7.89	Constitutive
9080	0.5009911894273128	10.1	12.96	Constitutive
1545	0.37216828478964403	8.0	7.66	Constitutive
2028	0.47781065088757396	10.36	6.71	Constitutive
8551	0.45959536896269443	8.34	-2.07	Constitutive
7508	0.373068726691529	9.43	11.5	Constitutive
259	0.2702702702702703	9.63	6.01	Constitutive
137	0.5109489051094891	8.72	11.45	Constitutive
1422	0.5414908579465542	9.6	13.27	Constitutive
3689	0.46543778801843316	10.77	10.78	Constitutive
721	0.5173370319001387	8.4	12.22	Constitutive
1992	0.4342369477911647	8.49	5.1	Constitutive
1093	0.5434583714547118	7.62	10.06	Constitutive
29335	0.4732912902675984	9.11	7.99	Constitutive
8510	0.3829612220916569	4.9	12.43	Constitutive
7673	0.3782093053564447	8.76	12.98	Constitutive
228	0.5043859649122807	9.22	8.91	Constitutive
432	0.7199074074074074	9.93	8.29	Constitutive
3179	0.45548914753067005	5.82	5.45	Constitutive
6842	0.36509792458345514	10.86	6.98	Constitutive
226	0.5929203539823009	6.27	10.87	Constitutive
793	0.587641866330391	8.72	4.3	Constitutive
750	0.3893333333333333	7.09	10.66	Constitutive
36106	0.39616684207610925	10.67	12.26	Constitutive
1447	0.5155494125777471	2.46	7.85	Constitutive
2941	0.4008840530431826	7.79	6.55	Constitutive
132	0.5909090909090909	10.91	8.4	Constitutive
4455	0.392368125701459	9.88	6.87	Constitutive
1109	0.41118124436429215	8.94	8.0	Constitutive
2724	0.3788546255506608	8.59	11.27	Constitutive
2863	0.43031784841075793	9.85	7.9	Constitutive
2113	0.5390440132513015	8.4	9.23	Constitutive
101	0.5643564356435643	5.2	5.34	Constitutive
407	0.41277641277641275	10.67	10.57	Constitutive
774	0.5025839793281653	8.17	6.98	Constitutive
15620	0.40217669654289373	7.81	10.71	Constitutive
291	0.5051546391752577	9.85	7.43	Constitutive
2214	0.44896115627822947	9.72	9.81	Constitutive
734	0.5749318801089919	10.07	11.07	Constitutive
4138	0.35935234412759787	4.06	7.88	Constitutive
10471	0.4238372648266641	9.6	8.46	Constitutive
681	0.5506607929515418	-0.37	7.77	Constitutive
75	0.68	8.73	9.28	Constitutive
1392	0.33261494252873564	9.65	7.8	Constitutive
835	0.3005988023952096	8.46	8.7	Constitutive
2405	0.3762993762993763	8.58	6.64	Constitutive
5282	0.5259371450208254	8.55	9.69	Constitutive
1195	0.34811715481171546	10.1	7.86	Constitutive
1931	0.4619368203003625	9.46	7.2	Constitutive
1033	0.5653436592449177	7.96	3.13	Constitutive
326	0.6687116564417178	7.75	11.09	Constitutive
844	0.476303317535545	5.29	10.88	Constitutive
535	0.41495327102803736	8.69	7.79	Constitutive
284	0.7112676056338029	7.82	5.52	Constitutive
148	0.7094594594594594	10.17	12.45	Constitutive
1258	0.4872813990461049	9.73	12.04	Constitutive
575	0.6156521739130435	8.41	12.22	Constitutive
88	0.7272727272727273	8.48	6.44	Constitutive
1634	0.5324357405140759	10.07	12.34	Constitutive
1156	0.36418685121107264	7.7	5.38	Constitutive
34392	0.3457199348685741	7.51	7.79	Constitutive
3828	0.49216300940438873	10.2	9.81	Constitutive
8054	0.41494909361807797	8.85	10.01	Constitutive
7411	0.4269329375253002	9.89	7.19	Constitutive
594	0.43265993265993263	3.48	8.79	Constitutive
1166	0.6415094339622641	10.03	12.1	Constitutive
14557	0.39493027409493714	6.62	7.35	Constitutive
202	0.5792079207920792	9.6	7.22	Constitutive
11779	0.4152304949486374	8.35	9.68	Constitutive
244	0.36065573770491804	7.3	8.49	Constitutive
1313	0.4699162223914699	9.6	12.15	Constitutive
1377	0.4153957879448075	6.58	7.79	Constitutive
4030	0.4297766749379653	10.67	12.47	Constitutive
15697	0.49767471491367776	6.64	11.19	Constitutive
5455	0.5891842346471128	9.88	6.83	Constitutive
119	0.33613445378151263	6.93	12.81	Constitutive
2014	0.5590863952333665	10.03	10.85	Constitutive
4038	0.3501733531451213	9.07	8.31	Constitutive
534	0.250936329588015	9.07	6.51	Constitutive
118748	0.4284030046821841	8.16	10.82	Constitutive
4607	0.41610592576514	8.73	6.67	Constitutive
118	0.576271186440678	8.49	10.76	Constitutive
1813	0.4379481522338665	11.81	4.48	Constitutive
2301	0.3307257714037375	9.82	8.51	Constitutive
2464	0.36810064935064934	11.01	6.4	Constitutive
3326	0.49879735417919424	8.7	6.09	Constitutive
326	0.5122699386503068	6.14	9.24	Constitutive
840	0.5404761904761904	8.7	5.65	Constitutive
481	0.5114345114345115	7.94	9.39	Constitutive
561	0.6096256684491979	6.22	10.38	Constitutive
218	0.6559633027522935	5.26	4.46	Constitutive
264	0.4166666666666667	8.94	7.46	Constitutive
1126	0.3046181172291297	8.04	4.75	Constitutive
695	0.3669064748201439	7.84	7.0	Constitutive
96	0.7291666666666666	8.17	10.24	Constitutive
2619	0.3757159221076747	10.16	7.16	Constitutive
110	0.6363636363636364	8.83	9.6	Constitutive
955	0.46910994764397906	11.08	8.06	Constitutive
1548	0.37532299741602065	6.41	11.24	Constitutive
1579	0.467384420519316	8.95	3.98	Constitutive
1481	0.36191762322754895	10.67	8.22	Constitutive
4957	0.3473875327819245	9.14	9.14	Constitutive
1035	0.35942028985507246	3.63	5.69	Constitutive
96	0.3958333333333333	7.39	9.11	Constitutive
5519	0.45515491936945096	8.37	9.41	Constitutive
3151	0.45255474452554745	5.4	9.65	Constitutive
411	0.5425790754257908	7.5	8.34	Constitutive
370	0.47297297297297297	11.0	2.25	Constitutive
2748	0.5287481804949054	8.4	9.26	Constitutive
759	0.5665349143610013	9.3	9.78	Constitutive
2130	0.4089201877934272	8.82	11.93	Constitutive
2702	0.4078460399703923	8.14	9.52	Constitutive
129	0.2558139534883721	10.22	9.46	Constitutive
157	0.7006369426751592	10.47	7.94	Constitutive
309	0.6148867313915858	6.03	4.14	Constitutive
4454	0.34553210597215983	11.0	8.38	Constitutive
5527	0.38357155780712865	4.89	6.8	Constitutive
1313	0.39984767707539987	8.01	8.7	Constitutive
1602	0.5112359550561798	10.77	9.44	Constitutive
15449	0.4068871771635705	9.25	9.99	Constitutive
2414	0.4291632145816073	9.82	9.37	Constitutive
8875	0.35819718309859155	10.57	7.36	Constitutive
16788	0.35793423874195857	9.46	7.91	Constitutive
2110	0.42890995260663506	8.98	-0.01	Constitutive
1517	0.4838497033618985	10.43	9.98	Constitutive
198	0.601010101010101	5.73	6.5	Constitutive
1955	0.45626598465473145	7.93	9.58	Constitutive
1332	0.6246246246246246	10.22	3.5	Constitutive
2112	0.43323863636363635	3.1	10.48	Constitutive
3521	0.3606929849474581	8.68	7.45	Constitutive
1437	0.4342379958246347	9.73	7.66	Constitutive
15662	0.3743455497382199	8.76	8.01	Constitutive
732	0.3743169398907104	7.66	-0.59	Constitutive
1033	0.4791868344627299	4.29	12.1	Constitutive
5443	0.3992283667095352	8.59	12.99	Constitutive
1468	0.31471389645776565	10.86	9.85	Constitutive
9265	0.41090124123043714	7.61	6.63	Constitutive
1639	0.5564368517388651	8.41	2.59	Constitutive
107	0.5700934579439252	10.38	9.65	Constitutive
1895	0.33720316622691293	7.57	9.66	Constitutive
257	0.5914396887159533	7.0	4.26	Constitutive
53435	0.3930944137737438	9.27	11.1	Constitutive
112	0.5089285714285714	7.34	8.77	Constitutive
365	0.5452054794520548	9.27	9.24	Constitutive
912	0.5745614035087719	8.7	10.64	Constitutive
14729	0.5456582252698757	8.69	9.57	Constitutive
3499	0.424692769362675	7.93	5.0	Constitutive
208	0.6826923076923077	9.6	7.34	Constitutive
1470	0.43605442176870746	9.79	10.41	Constitutive
8969	0.46292786263797525	9.79	4.93	Constitutive
86	0.4186046511627907	7.07	7.83	Constitutive
215	0.5209302325581395	9.37	5.86	Constitutive
37583	0.47595987547561397	9.4	7.48	Constitutive
1813	0.3485934914506343	8.77	7.27	Constitutive
95	0.3368421052631579	8.88	3.06	Constitutive
89	0.25842696629213485	7.52	10.2	Constitutive
3748	0.5400213447171825	8.44	7.63	Constitutive
1458	0.3683127572016461	5.29	6.04	Constitutive
3896	0.4702258726899384	8.07	12.23	Constitutive
5932	0.5064059339177344	8.15	6.21	Constitutive
437	0.5377574370709383	10.07	8.37	Constitutive
419	0.594272076372315	2.64	6.04	Constitutive
1356	0.46976401179941	10.53	11.69	Constitutive
216	0.5601851851851852	9.43	4.99	Constitutive
10640	0.3469924812030075	6.44	6.56	Constitutive
5198	0.3651404386302424	7.96	9.72	Constitutive
7484	0.380277926242651	9.89	7.95	Constitutive
97	0.6391752577319587	10.29	8.37	Constitutive
3612	0.3164451827242525	7.09	6.54	Constitutive
487	0.27720739219712526	5.73	10.05	Constitutive
12772	0.39296899467585344	8.41	8.28	Constitutive
46428	0.38179546825191696	9.06	10.63	Constitutive
13145	0.46352225180677065	9.6	12.03	Constitutive
1289	0.3630721489526765	10.86	5.5	Constitutive
20378	0.4373343802139562	9.46	7.93	Constitutive
891	0.48148148148148145	8.57	11.49	Constitutive
1474	0.4816824966078697	8.99	11.42	Constitutive
87	0.22988505747126436	7.04	9.39	Constitutive
1920	0.45625	9.6	10.24	Constitutive
1490	0.3959731543624161	9.35	12.51	Constitutive
2771	0.44171779141104295	6.49	7.26	Constitutive
6648	0.4032791817087846	10.57	7.33	Constitutive
3066	0.4817351598173516	8.11	4.97	Constitutive
35241	0.4416446752362305	8.92	1.41	Constitutive
1501	0.5049966688874084	11.45	11.95	Constitutive
456	0.5131578947368421	7.94	10.95	Constitutive
1050	0.3323809523809524	6.96	4.0	Constitutive
1539	0.3001949317738791	8.98	10.52	Constitutive
129	0.6434108527131783	9.88	11.56	Constitutive
235	0.3148936170212766	11.81	10.74	Constitutive
25473	0.4159698504298669	7.23	10.39	Constitutive
1785	0.4072829131652661	8.4	11.18	Constitutive
9203	0.3893295664457242	9.65	7.78	Constitutive
1556	0.4704370179948586	8.7	12.49	Constitutive
575	0.6573913043478261	9.16	7.94	Constitutive
6529	0.41890029100934295	9.11	11.1	Constitutive
1032	0.437015503875969	10.48	9.56	Constitutive
516	0.47674418604651164	4.85	10.82	Constitutive
1615	0.5046439628482973	-6.16	1.78	Constitutive
1871	0.29716729021913413	9.01	9.34	Constitutive
89	0.24719101123595505	11.81	8.82	Constitutive
93	0.5376344086021505	10.67	8.32	Constitutive
1175	0.454468085106383	8.62	5.42	Constitutive
359	0.3565459610027855	9.45	12.52	Constitutive
1048	0.4818702290076336	4.41	12.86	Constitutive
12727	0.4880961734894319	8.27	10.36	Constitutive
560	0.4607142857142857	7.64	8.55	Constitutive
422	0.5	8.92	7.37	Constitutive
443	0.39503386004514673	2.46	8.56	Constitutive
645	0.6372093023255814	9.6	13.9	Constitutive
372	0.6532258064516129	9.22	9.01	Constitutive
1935	0.39689922480620154	10.03	12.07	Constitutive
53950	0.3784430027803522	10.28	5.46	Constitutive
1131	0.4827586206896552	9.48	6.02	Constitutive
4737	0.3251002744352966	8.08	7.44	Constitutive
2440	0.37418032786885247	8.68	7.43	Constitutive
169	0.6449704142011834	7.93	8.5	Constitutive
4172	0.39069990412272293	9.6	8.0	Constitutive
3826	0.3897020386826973	10.28	10.73	Constitutive
709	0.5133991537376587	4.44	9.32	Constitutive
5423	0.41858749769500275	7.43	11.73	Constitutive
542	0.544280442804428	5.39	10.02	Constitutive
1263	0.40380047505938244	7.23	11.73	Constitutive
2544	0.6411163522012578	8.88	8.13	Constitutive
15191	0.32907642683167665	7.88	7.02	Constitutive
1943	0.46937725167267114	9.44	11.92	Constitutive
334	0.39221556886227543	7.44	8.09	Constitutive
101	0.3069306930693069	8.73	4.43	Constitutive
140	0.7571428571428571	9.1	6.38	Constitutive
4089	0.4761555392516508	6.86	9.54	Constitutive
374	0.6524064171122995	2.02	10.48	Constitutive
2756	0.4923802612481858	7.77	3.61	Constitutive
2940	0.4272108843537415	5.31	6.96	Constitutive
6810	0.473568281938326	9.01	8.96	Constitutive
10456	0.46623947972456004	9.16	9.0	Constitutive
26023	0.38308419475079736	9.45	9.29	Constitutive
64005	0.3748457151785017	10.06	7.73	Constitutive
696	0.3764367816091954	9.8	11.93	Constitutive
2589	0.35419080726149094	11.08	5.2	Constitutive
3250	0.3089230769230769	8.23	10.28	Constitutive
632	0.5775316455696202	7.36	8.39	Constitutive
2680	0.40298507462686567	7.82	9.77	Constitutive
94	0.3404255319148936	7.46	8.06	Constitutive
2951	0.5574381565570993	10.03	10.43	Constitutive
10917	0.37491984977557935	8.04	10.09	Constitutive
1724	0.568445475638051	7.41	6.46	Constitutive
2506	0.3515562649640862	9.88	9.48	Constitutive
99	0.5959595959595959	8.56	10.05	Constitutive
1286	0.536547433903577	9.16	12.59	Constitutive
1345	0.4200743494423792	8.6	5.37	Constitutive
181	0.43646408839779005	9.82	10.98	Constitutive
33653	0.40685822957834367	10.77	7.72	Constitutive
245319	0.37745955266408227	11.11	10.43	Constitutive
5231	0.3540432039762952	5.94	9.9	Constitutive
307	0.42996742671009774	5.07	7.87	Constitutive
604	0.6837748344370861	9.88	8.33	Constitutive
1790	0.37206703910614525	9.72	3.15	Constitutive
407	0.4201474201474201	10.65	8.07	Constitutive
2162	0.42876965772432934	9.74	12.31	Constitutive
94	0.648936170212766	3.97	8.18	Constitutive
4581	0.3804846103470858	8.95	5.09	Constitutive
3562	0.5769230769230769	10.51	4.75	Constitutive
168	0.22023809523809523	5.41	8.12	Constitutive
1494	0.4759036144578313	10.91	9.06	Constitutive
277	0.4620938628158845	8.42	6.52	Constitutive
5733	0.39019710448281875	11.08	8.22	Constitutive
1883	0.32979288369622944	0.84	4.78	Constitutive
17389	0.385991143826557	10.74	12.59	Constitutive
1315	0.29885931558935364	5.02	7.68	Constitutive
886	0.45146726862302483	9.26	10.17	Constitutive
3450	0.43855072463768113	11.45	11.92	Constitutive
2530	0.39288537549407115	8.76	6.81	Constitutive
3961	0.44887654632668517	7.23	9.36	Constitutive
207	0.5845410628019324	10.07	7.06	Constitutive
2037	0.32155130093274426	9.81	8.13	Constitutive
4370	0.38100686498855835	7.05	8.52	Constitutive
289	0.6055363321799307	6.74	9.69	Constitutive
1297	0.4009252120277564	10.57	11.4	Constitutive
455	0.34505494505494505	8.68	6.48	Constitutive
1515	0.524092409240924	10.1	9.87	Constitutive
3141	0.3419293218720153	6.66	4.39	Constitutive
2062	0.43161978661493694	7.93	9.02	Constitutive
486	0.28189300411522633	7.76	6.18	Constitutive
1442	0.5319001386962552	10.07	5.26	Constitutive
2983	0.49044585987261147	10.28	11.06	Constitutive
7558	0.44297433183381846	10.08	7.02	Constitutive
711	0.4936708860759494	11.08	12.08	Constitutive
109	0.6422018348623854	8.33	7.65	Constitutive
2206	0.35494106980961015	8.77	8.73	Constitutive
14507	0.34845247122079	7.31	12.59	Constitutive
1171	0.40649017933390263	10.9	9.84	Constitutive
196	0.5255102040816326	10.19	9.48	Constitutive
597	0.46901172529313234	3.43	-0.73	Constitutive
769	0.4174252275682705	11.08	10.0	Constitutive
7485	0.48977955911823645	11.01	10.94	Constitutive
17929	0.34240615762173016	8.59	3.8	Constitutive
201	0.5870646766169154	9.63	7.5	Constitutive
718	0.5626740947075209	8.3	7.14	Constitutive
266	0.650375939849624	9.6	6.8	Constitutive
10448	0.6217457886676876	10.36	14.06	Constitutive
1052	0.3830798479087453	9.43	7.18	Constitutive
7270	0.5305364511691885	9.88	7.17	Constitutive
3260	0.44631901840490795	10.65	4.39	Constitutive
1620	0.46358024691358024	10.88	8.05	Constitutive
463	0.4470842332613391	10.03	9.01	Constitutive
957	0.5841170323928945	7.74	5.27	Constitutive
3689	0.558416915153158	10.1	10.66	Constitutive
2466	0.4083536090835361	5.06	8.71	Constitutive
5888	0.5037364130434783	9.68	7.97	Constitutive
2923	0.3687991789257612	6.64	10.19	Constitutive
123	0.5609756097560976	10.07	13.98	Constitutive
5155	0.3454898157129001	8.27	6.55	Constitutive
1127	0.49245785270629994	7.66	10.54	Constitutive
113	0.6460176991150443	2.53	11.22	Constitutive
645	0.5441860465116279	4.74	8.06	Constitutive
28788	0.3465680144504655	6.38	10.53	Constitutive
4749	0.4539903137502632	4.6	7.79	Constitutive
79748	0.5090159000852686	10.47	9.81	Constitutive
1849	0.4288804759329367	10.67	2.81	Constitutive
2157	0.44506258692628653	6.51	7.24	Constitutive
1874	0.3831376734258271	7.47	10.95	Constitutive
1057	0.45411542100283825	8.49	7.73	Constitutive
731	0.5239398084815321	9.86	10.56	Constitutive
7787	0.3762681392063696	7.33	9.33	Constitutive
840	0.4607142857142857	8.54	9.61	Constitutive
457	0.4288840262582057	8.23	4.62	Constitutive
373	0.6300268096514745	8.76	6.42	Constitutive
62372	0.4157153851087026	10.47	9.86	Constitutive
2610	0.40727969348659004	6.38	3.11	Constitutive
1984	0.4022177419354839	9.16	11.04	Constitutive
77	0.6493506493506493	7.93	8.19	Constitutive
77	0.5974025974025974	8.55	10.56	Constitutive
2049	0.34455832113225965	8.49	6.73	Constitutive
2530	0.3557312252964427	7.23	7.07	Constitutive
4815	0.4984423676012461	10.67	-1.5	Constitutive
4216	0.48719165085388993	5.67	10.38	Constitutive
88	0.5340909090909091	8.27	11.13	Constitutive
1705	0.43284457478005867	8.76	10.33	Constitutive
140	0.4642857142857143	4.79	11.67	Constitutive
18140	0.4421168687982359	8.82	8.98	Constitutive
2359	0.34718100890207715	9.11	7.62	Constitutive
4666	0.4586369481354479	11.08	7.05	Constitutive
635	0.3795275590551181	5.79	9.83	Constitutive
4773	0.3582652419861722	11.37	9.28	Constitutive
4366	0.4688502061383417	10.15	8.48	Constitutive
6473	0.46995210875946236	6.64	4.92	Constitutive
312	0.4166666666666667	8.27	9.57	Constitutive
608	0.6101973684210527	9.16	7.02	Constitutive
77	0.6363636363636364	9.46	11.16	Constitutive
85	0.7176470588235294	8.56	8.16	Constitutive
922	0.4121475054229935	9.16	12.51	Constitutive
473	0.386892177589852	8.68	10.4	Constitutive
18850	0.41114058355437666	8.4	8.43	Constitutive
2400	0.41625	10.29	6.34	Constitutive
2907	0.391812865497076	6.8	9.64	Constitutive
168	0.44642857142857145	7.59	8.99	Constitutive
3960	0.49343434343434345	10.03	5.92	Constitutive
508	0.3484251968503937	6.38	10.86	Constitutive
1901	0.3871646501841136	8.83	1.91	Constitutive
58720	0.4244550408719346	4.82	10.13	Constitutive
568	0.6126760563380281	9.63	7.13	Constitutive
1753	0.47290359383913294	8.66	5.2	Constitutive
12546	0.3891280089271481	7.51	11.48	Constitutive
124	0.6290322580645161	8.62	4.68	Constitutive
411	0.3260340632603406	9.89	9.34	Constitutive
813	0.35301353013530135	5.82	-3.0	Constitutive
254	0.32677165354330706	7.07	9.19	Constitutive
2814	0.4331911869225302	9.79	4.65	Constitutive
1171	0.41588385994876176	-0.89	7.07	Constitutive
448	0.6049107142857143	10.07	11.53	Constitutive
1049	0.37273593898951385	9.72	3.68	Constitutive
193	0.41968911917098445	8.95	8.59	Constitutive
2045	0.36332518337408315	7.45	8.01	Constitutive
1917	0.3077725612936881	6.99	10.37	Constitutive
343	0.34402332361516036	7.53	4.49	Constitutive
196	0.6224489795918368	10.29	10.66	Constitutive
9917	0.3758193001915902	8.82	7.4	Constitutive
1495	0.5531772575250836	10.07	12.56	Constitutive
1644	0.49939172749391725	8.1	3.66	Constitutive
2457	0.48473748473748474	9.99	10.76	Constitutive
10698	0.4133482893998878	-3.09	11.14	Constitutive
2201	0.4284416174466152	9.45	12.54	Constitutive
7581	0.4986149584487535	9.6	-0.21	Constitutive
93	0.34408602150537637	8.55	12.39	Constitutive
5403	0.37349620581158616	9.16	7.56	Constitutive
1221	0.3963963963963964	8.35	11.57	Constitutive
351	0.6438746438746439	8.37	11.84	Constitutive
1505	0.5488372093023256	7.65	5.48	Constitutive
1264	0.4651898734177215	7.77	6.19	Constitutive
2248	0.3625444839857651	6.99	7.41	Constitutive
7008	0.4589041095890411	8.85	7.86	Constitutive
89	0.29213483146067415	5.52	8.71	Constitutive
1300	0.37615384615384617	8.62	6.66	Constitutive
296	0.652027027027027	9.99	10.87	Constitutive
1768	0.3778280542986425	10.51	9.09	Constitutive
849	0.3027090694935218	9.45	9.49	Constitutive
2991	0.3714476763624206	9.99	7.16	Constitutive
10785	0.40927213722763095	6.91	7.42	Constitutive
7271	0.3705129968367487	7.84	9.59	Constitutive
5755	0.4095569070373588	8.68	6.62	Constitutive
2985	0.40435510887772197	6.66	9.29	Constitutive
3218	0.36047234307022996	8.88	9.23	Constitutive
1485	0.4505050505050505	10.2	10.39	Constitutive
4963	0.3507958895829136	5.24	10.53	Constitutive
1421	0.34904996481351164	9.27	10.95	Constitutive
180	0.6277777777777778	3.5	9.49	Constitutive
21402	0.4678067470329876	8.99	11.53	Constitutive
3870	0.3819121447028424	8.02	11.12	Constitutive
395	0.4582278481012658	10.57	7.03	Constitutive
1689	0.2966252220248668	5.19	6.63	Constitutive
1868	0.7275160599571735	5.22	10.5	Constitutive
824	0.5424757281553398	10.51	14.01	Constitutive
1195	0.4610878661087866	10.07	10.05	Constitutive
596	0.3187919463087248	2.81	5.8	Constitutive
1444	0.42382271468144045	8.14	6.97	Constitutive
1176	0.4413265306122449	8.99	-0.06	Constitutive
21182	0.4137475214805023	10.67	10.17	Constitutive
478	0.46443514644351463	-0.56	9.44	Constitutive
94	0.40425531914893614	9.43	6.96	Constitutive
208	0.4951923076923077	10.86	8.97	Constitutive
709	0.5133991537376587	4.44	9.32	Constitutive
650	0.44	6.29	1.39	Constitutive
85	0.38823529411764707	7.35	8.53	Constitutive
2266	0.4730803177405119	8.3	9.0	Constitutive
1955	0.550383631713555	4.82	0.79	Constitutive
6981	0.5153989399799456	8.28	12.66	Constitutive
1214	0.5617792421746294	5.53	8.93	Constitutive
5653	0.40668671501857423	9.88	7.46	Constitutive
13531	0.4720271968073313	8.56	11.15	Constitutive
665	0.6556390977443609	8.61	10.0	Constitutive
692	0.5635838150289018	6.14	5.54	Constitutive
5585	0.5548791405550582	8.94	12.22	Constitutive
157	0.5605095541401274	10.67	8.98	Constitutive
14786	0.39875557960232655	9.65	10.97	Constitutive
1196	0.38210702341137126	8.38	7.93	Constitutive
1925	0.3522077922077922	10.47	9.79	Constitutive
2081	0.5040845747236905	7.21	9.68	Constitutive
3028	0.5056142668428005	9.46	12.36	Constitutive
2497	0.408089707649179	8.49	7.49	Constitutive
2153	0.3924756154203437	10.53	9.15	Constitutive
857	0.34655775962660446	5.17	9.57	Constitutive
576	0.3263888888888889	5.56	6.04	Constitutive
1568	0.4119897959183674	9.16	8.67	Constitutive
480	0.30833333333333335	9.72	10.04	Constitutive
2312	0.319636678200692	10.47	10.2	Constitutive
1811	0.5466593042517945	8.41	8.62	Constitutive
3929	0.3652328836854161	9.06	8.51	Constitutive
79	0.7721518987341772	8.41	6.85	Constitutive
4213	0.48279136007595536	10.67	12.23	Constitutive
10560	0.3452651515151515	10.08	11.36	Constitutive
3646	0.5049369171695008	9.6	9.91	Constitutive
462	0.3787878787878788	7.81	7.96	Constitutive
4685	0.2975453575240128	8.85	8.93	Constitutive
4901	0.34503162619873495	10.86	7.43	Constitutive
6310	0.4231378763866878	10.28	-0.9	Constitutive
1335	0.3550561797752809	7.54	12.38	Constitutive
89	0.6179775280898876	4.89	6.66	Constitutive
2536	0.4444006309148265	10.51	11.32	Constitutive
313	0.6006389776357828	7.91	4.37	Constitutive
1327	0.5938206480783723	10.08	7.37	Constitutive
1161	0.4315245478036176	7.64	-11.78	Constitutive
3616	0.4892146017699115	4.06	7.76	Constitutive
14846	0.4389061026539135	10.06	9.03	Constitutive
76	0.5657894736842105	6.97	11.09	Constitutive
3251	0.47339280221470315	7.3	8.98	Constitutive
3871	0.4660294497545854	8.34	11.96	Constitutive
3227	0.38952587542609235	5.56	8.18	Constitutive
865	0.3791907514450867	2.76	7.75	Constitutive
3011	0.39355695782132183	4.3	3.94	Constitutive
2563	0.4342567303940694	7.4	9.17	Constitutive
2544	0.49056603773584906	6.21	11.16	Constitutive
1774	0.34441939120631343	8.37	6.4	Constitutive
8314	0.4041375992302141	9.49	6.12	Constitutive
1861	0.5335840945728103	9.84	6.4	Constitutive
1568	0.3877551020408163	6.41	9.3	Constitutive
10292	0.4223668869024485	7.64	7.83	Constitutive
1069	0.44059869036482696	7.46	5.76	Constitutive
2596	0.3443759630200308	9.06	11.47	Constitutive
1147	0.4978204010462075	8.63	5.28	Constitutive
1177	0.5641461342395921	9.25	11.44	Constitutive
20061	0.3907083395643288	3.99	10.69	Constitutive
89	0.4943820224719101	8.73	11.12	Constitutive
15036	0.47226656025538705	7.36	10.34	Constitutive
260	0.6576923076923077	5.97	5.5	Constitutive
723	0.49100968188105115	3.32	7.76	Constitutive
89824	0.4337036872105451	7.64	10.98	Constitutive
3639	0.380873866446826	8.92	11.68	Constitutive
106	0.27358490566037735	10.57	8.47	Constitutive
4396	0.4383530482256597	9.99	10.03	Constitutive
253	0.5810276679841897	7.23	6.52	Constitutive
8714	0.3652742712875832	7.67	10.9	Constitutive
606	0.2755775577557756	8.4	-2.61	Constitutive
459	0.3790849673202614	3.35	5.87	Constitutive
46201	0.41665764810285494	11.0	7.57	Constitutive
725	0.49379310344827587	7.2	6.3	Constitutive
3589	0.35998885483421567	5.95	4.32	Constitutive
762	0.36089238845144356	8.55	5.14	Constitutive
98	0.673469387755102	10.67	11.43	Constitutive
33523	0.37180443277749603	8.07	13.88	Constitutive
169	0.2485207100591716	8.55	8.99	Constitutive
298	0.46308724832214765	9.73	8.66	Constitutive
92	0.6739130434782609	6.32	10.76	Constitutive
754	0.506631299734748	8.66	9.54	Constitutive
3866	0.5377651319192964	10.38	9.61	Constitutive
1145	0.4908296943231441	8.76	10.2	Constitutive
1088	0.4016544117647059	6.66	7.09	Constitutive
32834	0.3651093378814643	9.63	6.44	Constitutive
3649	0.32419841052343107	4.68	10.16	Constitutive
768	0.3020833333333333	9.68	4.17	Constitutive
1366	0.513177159590044	9.09	9.08	Constitutive
1856	0.5619612068965517	10.08	11.15	Constitutive
9782	0.4905949703537109	9.06	8.86	Constitutive
2305	0.3275488069414317	8.15	12.63	Constitutive
941	0.31243358129649307	8.55	7.93	Constitutive
19453	0.4027142343083329	10.57	11.84	Constitutive
25834	0.3545327862506774	10.65	7.94	Constitutive
4293	0.3864430468204053	6.02	9.6	Constitutive
3338	0.5272618334331935	9.82	3.55	Constitutive
348	0.5632183908045977	8.28	8.72	Constitutive
1225	0.41877551020408166	9.45	7.61	Constitutive
3336	0.4601318944844125	7.82	14.68	Constitutive
1393	0.33596554199569273	8.46	6.14	Constitutive
486	0.43415637860082307	8.63	8.36	Constitutive
9623	0.37826041774914265	8.49	7.21	Constitutive
215	0.4790697674418605	7.2	11.07	Constitutive
2992	0.5748663101604278	10.13	7.79	Constitutive
16405	0.39262419993904296	9.8	8.89	Constitutive
106	0.27358490566037735	9.66	5.86	Constitutive
977	0.49948822927328557	3.1	9.71	Constitutive
2577	0.4563445867287544	10.1	3.94	Constitutive
2093	0.3707596751075012	9.72	5.41	Constitutive
140	0.5571428571428572	8.51	9.34	Constitutive
4732	0.36496196111580725	6.8	8.44	Constitutive
1206	0.5323383084577115	7.23	11.49	Constitutive
1636	0.49205378973105135	9.85	3.49	Constitutive
998	0.3396793587174349	8.14	10.65	Constitutive
16767	0.44718792866941015	8.56	5.69	Constitutive
1780	0.3831460674157303	8.27	7.27	Constitutive
2771	0.3955250811981234	7.77	6.85	Constitutive
16079	0.41936687604950557	10.24	9.82	Constitutive
843	0.6239620403321471	11.08	10.6	Constitutive
14517	0.3965006544051801	8.55	7.84	Constitutive
3835	0.4192959582790091	9.0	6.0	Constitutive
19448	0.409296585767174	9.08	9.64	Constitutive
139608	0.4345524611770099	10.13	12.29	Constitutive
2510	0.4537848605577689	9.88	7.25	Constitutive
2552	0.3793103448275862	7.04	8.85	Constitutive
1086	0.3434622467771639	8.55	6.18	Constitutive
9416	0.4780161427357689	10.77	8.76	Constitutive
1067	0.6035613870665417	5.87	7.02	Constitutive
1184	0.652027027027027	10.1	9.68	Constitutive
315	0.32063492063492066	9.48	10.33	Constitutive
1067	0.31115276476101217	7.3	12.71	Constitutive
5326	0.39147577919639504	8.39	4.45	Constitutive
655	0.5267175572519084	4.12	9.4	Constitutive
494	0.4230769230769231	4.86	3.83	Constitutive
170	0.5294117647058824	9.26	8.32	Constitutive
690	0.4782608695652174	8.79	10.58	Constitutive
2454	0.35289323553382235	7.39	7.72	Constitutive
10296	0.32643745143745145	9.6	9.13	Constitutive
699	0.45493562231759654	10.06	12.32	Constitutive
9405	0.41594896331738435	8.24	8.12	Constitutive
250	0.62	6.92	5.62	Constitutive
3228	0.4024163568773234	9.88	10.46	Constitutive
2522	0.4512291831879461	9.45	12.01	Constitutive
1112	0.3669064748201439	9.88	8.08	Constitutive
17960	0.38006681514476615	8.88	11.1	Constitutive
308	0.6461038961038961	4.86	12.5	Constitutive
3383	0.5471475022169672	7.07	8.38	Constitutive
265	0.720754716981132	9.35	4.18	Constitutive
276	0.358695652173913	11.08	8.98	Constitutive
402	0.5646766169154229	9.25	4.71	Constitutive
6194	0.44801420729738456	5.59	9.13	Constitutive
115	0.5826086956521739	9.6	9.0	Constitutive
1478	0.37686062246278756	10.67	10.05	Constitutive
1801	0.41865630205441423	4.27	9.31	Constitutive
761	0.5637319316688568	8.85	6.43	Constitutive
671	0.6289120715350224	7.39	6.18	Constitutive
1273	0.4838963079340141	8.69	5.56	Constitutive
8500	0.42305882352941176	8.27	7.72	Constitutive
1295	0.39845559845559847	8.58	10.87	Constitutive
1265	0.35177865612648224	6.86	8.34	Constitutive
1097	0.34184138559708294	9.77	5.04	Constitutive
594	0.5488215488215489	10.07	5.83	Constitutive
859	0.30384167636786963	5.88	7.14	Constitutive
6164	0.5738157040882543	8.94	12.52	Constitutive
810	0.31851851851851853	7.22	6.7	Constitutive
3506	0.403593839132915	8.54	7.97	Constitutive
433	0.6420323325635104	5.67	7.75	Constitutive
3350	0.3871641791044776	10.51	10.69	Constitutive
412	0.5703883495145631	5.64	-1.43	Constitutive
1186	0.2984822934232715	7.97	8.69	Constitutive
577	0.6187175043327556	10.67	11.32	Constitutive
1919	0.4424179260031266	9.88	10.16	Constitutive
211	0.5165876777251185	9.6	8.75	Constitutive
1880	0.40425531914893614	10.47	10.65	Constitutive
1279	0.5207193119624707	6.28	13.22	Constitutive
1925	0.5288311688311689	3.32	11.57	Constitutive
3338	0.4008388256440983	7.26	10.17	Constitutive
5906	0.4558076532339993	10.52	8.02	Constitutive
3416	0.3758782201405152	8.04	6.86	Constitutive
926	0.531317494600432	8.88	7.16	Constitutive
447	0.6554809843400448	-12.74	-8.01	Constitutive
115	0.5739130434782609	10.1	11.04	Constitutive
13624	0.37000880798590724	8.83	7.51	Constitutive
40829	0.4153175439026182	9.94	12.37	Constitutive
3798	0.36729857819905215	10.57	11.96	Constitutive
2373	0.32954066582385166	10.24	8.42	Constitutive
9865	0.37891535732387227	7.51	11.64	Constitutive
780	0.30256410256410254	7.81	6.48	Constitutive
2464	0.349025974025974	6.18	11.29	Constitutive
281	0.6512455516014235	8.14	4.19	Constitutive
175	0.3485714285714286	6.45	8.29	Constitutive
5002	0.5473810475809676	5.87	11.58	Constitutive
333	0.5615615615615616	11.0	10.1	Constitutive
83	0.5421686746987951	9.46	8.92	Constitutive
893	0.6091825307950728	6.64	9.34	Constitutive
461	0.3796095444685466	8.72	11.56	Constitutive
591	0.311336717428088	10.08	4.08	Constitutive
48290	0.5321391592462208	7.44	10.29	Constitutive
2861	0.33379937084935335	10.22	5.71	Constitutive
86	0.7209302325581395	5.26	10.69	Constitutive
4935	0.4763931104356636	9.72	9.2	Constitutive
6246	0.5182516810758886	10.07	9.39	Constitutive
28610	0.3987766515204474	9.04	9.41	Constitutive
446	0.3654708520179372	10.07	4.94	Constitutive
1991	0.5600200904068308	9.6	10.18	Constitutive
305	0.6950819672131148	8.48	5.32	Constitutive
276	0.2826086956521739	9.11	6.6	Constitutive
1061	0.38077285579641845	7.81	5.82	Constitutive
2196	0.5446265938069217	7.23	8.08	Constitutive
16889	0.3909645331280715	11.78	13.83	Constitutive
4130	0.586682808716707	7.75	9.3	Constitutive
2356	0.37860780984719866	1.69	9.18	Constitutive
151	0.6225165562913907	6.92	7.04	Constitutive
4721	0.5460707477229401	10.67	11.82	Constitutive
588	0.5238095238095238	11.11	8.14	Constitutive
265	0.6377358490566037	9.89	7.06	Constitutive
398	0.6231155778894473	9.3	9.95	Constitutive
90	0.5555555555555556	9.6	9.92	Constitutive
1388	0.4812680115273775	7.65	8.76	Constitutive
1769	0.48501978518937255	9.33	5.49	Constitutive
890	0.49887640449438203	5.03	10.16	Constitutive
2824	0.3757082152974504	4.95	7.2	Constitutive
4815	0.39584631360332295	9.81	10.59	Constitutive
7546	0.43692022263450836	9.45	5.57	Constitutive
155	0.6387096774193548	9.6	8.03	Constitutive
479	0.3569937369519833	5.54	10.88	Constitutive
19290	0.38703991705546914	7.3	10.74	Constitutive
1871	0.4152859433458044	10.57	11.66	Constitutive
31058	0.4183785176122094	7.09	11.48	Constitutive
3284	0.3440925700365408	9.39	7.27	Constitutive
92	0.6521739130434783	6.55	7.8	Constitutive
921	0.38327904451682954	0.77	7.78	Constitutive
12322	0.45544554455445546	9.45	5.45	Constitutive
96	0.6979166666666666	7.77	8.98	Constitutive
138	0.41304347826086957	11.08	7.86	Constitutive
179	0.659217877094972	6.05	4.72	Constitutive
3653	0.4013139885026006	9.27	8.66	Constitutive
1006	0.5427435387673957	10.67	3.29	Constitutive
2445	0.5689161554192229	8.62	8.89	Constitutive
2588	0.3624420401854714	10.47	6.24	Constitutive
1379	0.4176939811457578	7.22	10.58	Constitutive
795	0.3723270440251572	10.06	7.13	Constitutive
655	0.4198473282442748	5.68	12.3	Constitutive
521	0.43761996161228406	11.01	9.53	Constitutive
108	0.5740740740740741	11.0	9.35	Constitutive
754	0.5583554376657824	9.25	9.73	Constitutive
362	0.3729281767955801	5.56	6.52	Constitutive
2213	0.5594215996384998	0.87	9.47	Constitutive
188	0.6382978723404256	9.6	7.38	Constitutive
1949	0.530528476141611	9.45	9.67	Constitutive
745	0.5798657718120805	8.27	11.2	Constitutive
1399	0.4746247319513939	9.6	6.92	Constitutive
36111	0.3517487746116142	7.81	10.46	Constitutive
419	0.5369928400954654	10.51	6.4	Constitutive
426	0.30985915492957744	9.48	7.29	Constitutive
420	0.5666666666666667	2.88	12.76	Constitutive
1257	0.40731901352426414	9.15	10.21	Constitutive
1487	0.4821788836583726	7.67	9.89	Constitutive
1373	0.30954115076474875	10.06	6.46	Constitutive
788	0.3197969543147208	9.26	7.68	Constitutive
104	0.5769230769230769	8.3	7.31	Constitutive
2755	0.4108892921960073	7.93	7.69	Constitutive
478	0.5941422594142259	10.07	10.32	Constitutive
257	0.5719844357976653	8.76	5.8	Constitutive
275	0.6509090909090909	6.23	7.42	Constitutive
1890	0.41375661375661377	10.03	12.14	Constitutive
403	0.5136476426799007	8.41	9.05	Constitutive
5168	0.3653250773993808	7.67	3.34	Constitutive
882	0.36621315192743764	-0.56	4.92	Constitutive
1020	0.4068627450980392	8.56	5.15	Constitutive
3903	0.345119139123751	10.86	8.14	Constitutive
192	0.7135416666666666	7.66	4.56	Constitutive
1312	0.30564024390243905	8.83	9.8	Constitutive
12084	0.45994703740483284	10.06	10.9	Constitutive
7220	0.34861495844875345	11.01	10.24	Constitutive
85	0.7529411764705882	5.46	6.29	Constitutive
478	0.5606694560669456	4.95	5.79	Constitutive
105	0.638095238095238	6.14	7.62	Constitutive
28290	0.36875220926122304	10.08	7.71	Constitutive
2950	0.3657627118644068	5.6	12.2	Constitutive
24897	0.3841025023095152	9.09	11.99	Constitutive
238	0.23949579831932774	7.09	6.17	Constitutive
166	0.18674698795180722	7.04	8.41	Constitutive
2564	0.41068642745709827	8.68	3.66	Constitutive
104	0.2403846153846154	7.81	9.86	Constitutive
3840	0.40963541666666664	4.95	8.22	Constitutive
1505	0.4245847176079734	8.49	8.3	Constitutive
1901	0.5176223040504997	8.8	10.68	Constitutive
2724	0.49632892804698975	8.77	10.12	Constitutive
688	0.38953488372093026	8.27	5.58	Constitutive
1139	0.5601404741000878	4.74	10.97	Constitutive
484	0.4214876033057851	6.71	11.54	Constitutive
1593	0.3659761456371626	9.66	11.28	Constitutive
3601	0.4501527353512913	9.14	5.96	Constitutive
2187	0.4046639231824417	6.8	8.42	Constitutive
1277	0.3688332028191073	8.34	10.32	Constitutive
19883	0.46607654780465724	8.55	11.73	Constitutive
16591	0.41420047013441025	9.33	8.91	Constitutive
1713	0.4068884997081144	9.6	3.08	Constitutive
913	0.6429353778751369	5.85	8.9	Constitutive
10026	0.4021543985637343	8.55	9.18	Constitutive
169	0.7100591715976331	9.88	5.14	Constitutive
77	0.5974025974025974	5.97	10.03	Constitutive
5042	0.3722729075763586	6.93	7.49	Constitutive
1407	0.48116560056858565	10.49	9.18	Constitutive
136	0.3602941176470588	10.47	8.22	Constitutive
2055	0.44379562043795623	10.47	6.25	Constitutive
9676	0.4079164944191815	10.65	8.39	Constitutive
322	0.6273291925465838	8.94	10.14	Constitutive
14209	0.5908930959251179	9.89	9.61	Constitutive
847	0.371900826446281	8.7	7.22	Constitutive
573	0.568935427574171	7.43	8.78	Constitutive
9886	0.5413716366579001	8.7	11.29	Constitutive
435	0.3724137931034483	5.99	7.06	Constitutive
3193	0.3717507046664579	3.64	9.08	Constitutive
2540	0.5137795275590551	8.56	7.2	Constitutive
975	0.52	9.6	6.58	Constitutive
3768	0.518312101910828	6.36	1.48	Constitutive
883	0.24575311438278596	8.38	4.95	Constitutive
6682	0.39314576474109547	-1.65	8.75	Constitutive
415	0.42650602409638555	7.77	11.29	Constitutive
2522	0.37866772402854876	9.5	9.43	Constitutive
3619	0.4349267753523073	-1.85	8.98	Constitutive
1520	0.4473684210526316	9.65	9.11	Constitutive
3846	0.44383775351014043	8.55	12.69	Constitutive
3684	0.3585776330076004	8.14	7.37	Constitutive
2324	0.3261617900172117	8.59	8.38	Constitutive
3297	0.40036396724294815	8.39	8.91	Constitutive
21140	0.3773415326395459	9.35	9.32	Constitutive
46310	0.3836752321312891	9.8	5.78	Constitutive
11030	0.357298277425204	7.88	6.81	Constitutive
613	0.3915171288743883	10.22	12.29	Constitutive
3109	0.44419427468639433	5.05	9.53	Constitutive
3412	0.46893317702227433	10.22	3.93	Constitutive
22295	0.3871720116618076	8.55	11.84	Constitutive
7674	0.3773781600208496	10.86	11.07	Constitutive
2640	0.4731060606060606	11.11	12.59	Constitutive
3218	0.42106898694841516	9.88	1.76	Constitutive
25329	0.37763038414465633	8.83	5.79	Constitutive
92	0.5652173913043478	8.7	5.41	Constitutive
631	0.508716323296355	8.57	12.67	Constitutive
648	0.28703703703703703	7.43	8.78	Constitutive
18738	0.40025616394492475	10.9	12.86	Constitutive
103	0.2621359223300971	3.32	8.53	Constitutive
917	0.38386041439476554	8.38	7.92	Constitutive
927	0.42071197411003236	11.08	3.2	Constitutive
2384	0.4979026845637584	8.46	11.32	Constitutive
9228	0.3443866493281318	8.34	7.83	Constitutive
90	0.5555555555555556	6.13	9.31	Constitutive
123	0.5528455284552846	10.08	8.39	Constitutive
572	0.6066433566433567	9.89	11.23	Constitutive
17987	0.3803302385055874	10.77	10.78	Constitutive
105	0.2	4.29	7.62	Constitutive
15174	0.40608936338473706	6.56	10.25	Constitutive
25536	0.3715147243107769	10.67	9.68	Constitutive
952	0.5315126050420168	6.86	1.55	Constitutive
1192	0.4337248322147651	10.9	13.11	Constitutive
298	0.28523489932885904	9.82	1.06	Constitutive
3742	0.42704436130411544	7.39	4.74	Constitutive
35535	0.33051920641620935	9.45	6.34	Constitutive
1094	0.3857404021937843	9.8	5.54	Constitutive
3168	0.32575757575757575	9.49	10.4	Constitutive
289	0.46366782006920415	9.35	12.2	Constitutive
67808	0.35681630486078336	7.87	9.13	Constitutive
5465	0.5231473010064044	7.96	10.83	Constitutive
1153	0.3599306157849089	9.16	9.29	Constitutive
993	0.5417925478348439	9.14	5.37	Constitutive
885	0.5977401129943503	8.56	10.3	Constitutive
483	0.5320910973084886	10.65	3.87	Constitutive
89	0.43820224719101125	9.01	6.24	Constitutive
1591	0.5700817096165933	8.48	9.73	Constitutive
93	0.6236559139784946	8.46	11.22	Constitutive
1815	0.41707988980716254	8.1	8.99	Constitutive
1028	0.42509727626459143	7.46	7.63	Constitutive
6791	0.40597850095714916	9.65	7.9	Constitutive
831	0.41997593261131166	7.43	4.78	Constitutive
19016	0.40755153554901136	9.79	9.45	Constitutive
7019	0.47314432255307026	8.23	5.93	Constitutive
4832	0.3743791390728477	5.64	7.18	Constitutive
930	0.3720430107526882	2.31	7.31	Constitutive
1144	0.4230769230769231	-1.36	6.37	Constitutive
1535	0.38957654723127033	2.89	8.24	Constitutive
1193	0.5088013411567477	10.24	10.85	Constitutive
15703	0.395211106158059	-7.92	4.49	Constitutive
2745	0.4335154826958106	0.52	8.21	Constitutive
6038	0.43143424975157335	8.4	11.72	Constitutive
2130	0.3305164319248826	7.23	7.75	Constitutive
35279	0.4163383315853624	9.8	11.9	Constitutive
251	0.5099601593625498	6.8	6.86	Constitutive
12749	0.47854733704604285	8.76	10.44	Constitutive
4148	0.5392960462873674	7.07	11.14	Constitutive
5367	0.3797279672070058	9.25	10.52	Constitutive
1060	0.5405660377358491	9.54	7.21	Constitutive
9233	0.3909888443626124	7.3	3.95	Constitutive
907	0.42778390297684676	11.0	4.26	Constitutive
1282	0.4344773790951638	6.16	9.66	Constitutive
311	0.5627009646302251	10.51	8.51	Constitutive
1676	0.3681384248210024	8.55	6.66	Constitutive
359	0.6239554317548747	6.54	8.52	Constitutive
71876	0.4815793867215761	8.94	10.63	Constitutive
3261	0.46274149034038636	10.67	9.46	Constitutive
2102	0.38534728829686016	-0.25	6.79	Constitutive
89	0.7078651685393258	6.91	8.18	Constitutive
964	0.491701244813278	7.09	9.17	Constitutive
1501	0.379746835443038	5.66	8.93	Constitutive
1114	0.362657091561939	9.27	12.16	Constitutive
920	0.6826086956521739	6.79	3.39	Constitutive
53821	0.46665799594953644	8.07	11.02	Constitutive
1500	0.4673333333333333	7.44	9.27	Constitutive
2354	0.46346644010195415	9.63	11.51	Constitutive
6307	0.3722847629617885	7.33	2.66	Constitutive
1939	0.4626095925734915	8.98	7.94	Constitutive
2763	0.5826999638074557	4.22	9.11	Constitutive
864	0.35300925925925924	9.01	8.0	Constitutive
1790	0.31899441340782125	9.11	8.38	Constitutive
2371	0.30915225643188526	6.31	3.46	Constitutive
584	0.285958904109589	9.6	7.36	Constitutive
4954	0.37081146548243843	6.97	5.66	Constitutive
1178	0.49151103565365023	8.42	8.22	Constitutive
318	0.5817610062893082	10.86	10.25	Constitutive
4175	0.45868263473053894	9.63	11.48	Constitutive
899	0.41824249165739713	5.24	7.68	Constitutive
39840	0.3993975903614458	10.47	9.95	Constitutive
186	0.6612903225806451	9.22	7.62	Constitutive
39695	0.44486711172691773	9.88	13.72	Constitutive
722	0.4695290858725762	7.82	12.31	Constitutive
100	0.24	8.34	0.58	Constitutive
543	0.3775322283609576	8.41	4.39	Constitutive
11821	0.3827933338973014	7.04	4.45	Constitutive
196	0.6632653061224489	7.61	9.67	Constitutive
640	0.3046875	8.89	2.43	Constitutive
4180	0.4416267942583732	10.86	11.1	Constitutive
9741	0.42962734832152755	7.15	6.65	Constitutive
1053	0.35802469135802467	3.13	8.59	Constitutive
2185	0.1757437070938215	10.08	4.72	Constitutive
303	0.5775577557755776	8.41	6.72	Constitutive
267	0.5730337078651685	6.29	7.1	Constitutive
181	0.5580110497237569	9.07	9.32	Constitutive
354	0.3587570621468927	5.55	8.73	Constitutive
2015	0.33449131513647645	5.95	8.97	Constitutive
1751	0.39291833238149626	8.38	9.6	Constitutive
2269	0.43323049801674746	9.43	8.47	Constitutive
6636	0.452833031946956	8.49	6.12	Constitutive
233	0.6180257510729614	8.73	10.44	Constitutive
15740	0.3935196950444727	9.16	4.96	Constitutive
3862	0.5020714655618851	10.03	9.84	Constitutive
4309	0.4372244140171734	10.67	9.1	Constitutive
1440	0.40208333333333335	8.76	10.56	Constitutive
1040	0.28076923076923077	11.08	8.46	Constitutive
961	0.5119667013527576	9.16	4.51	Constitutive
7863	0.4327864682691085	9.16	9.01	Constitutive
1080	0.5898148148148148	10.1	7.52	Constitutive
319	0.6238244514106583	6.92	7.9	Constitutive
690	0.518840579710145	10.29	7.22	Constitutive
1055	0.4018957345971564	7.77	11.32	Constitutive
4059	0.352549889135255	8.55	5.53	Constitutive
4521	0.45366069453660696	9.45	8.23	Constitutive
2104	0.3916349809885932	7.87	3.91	Constitutive
4589	0.39158858139028113	7.44	5.51	Constitutive
15803	0.3656900588495855	9.63	8.83	Constitutive
418	0.5885167464114832	8.07	11.91	Constitutive
6784	0.3800117924528302	5.94	12.11	Constitutive
4662	0.4335049335049335	9.11	6.73	Constitutive
5949	0.3761976802824004	7.47	9.88	Constitutive
10576	0.3997730711043873	6.06	1.37	Constitutive
96	0.625	7.54	6.0	Constitutive
5524	0.44098479362780596	9.46	8.57	Constitutive
8930	0.34994400895856664	8.49	9.96	Constitutive
274	0.6167883211678832	4.72	12.35	Constitutive
1199	0.4970809007506255	8.68	7.4	Constitutive
1907	0.4252753015207132	7.04	4.41	Constitutive
517	0.6228239845261122	2.54	4.4	Constitutive
27123	0.37632267816981896	10.77	12.27	Constitutive
22508	0.4112759907588413	9.85	6.5	Constitutive
3583	0.39631593636617357	6.65	6.55	Constitutive
233	0.4678111587982833	4.37	9.48	Constitutive
292	0.3493150684931507	8.07	8.64	Constitutive
314	0.5414012738853503	10.1	10.6	Constitutive
118	0.576271186440678	10.07	10.87	Constitutive
3220	0.43540372670807453	9.35	8.04	Constitutive
2958	0.49966193373901285	10.47	9.15	Constitutive
2085	0.373621103117506	9.45	7.64	Constitutive
4517	0.5503652866947089	9.88	11.52	Constitutive
501	0.5349301397205589	8.95	5.4	Constitutive
3358	0.3901131625967838	6.59	6.26	Constitutive
1515	0.524092409240924	10.1	9.87	Constitutive
2528	0.43670886075949367	7.46	9.6	Constitutive
467	0.5974304068522484	6.97	9.12	Constitutive
86	0.5465116279069767	5.03	10.12	Constitutive
1309	0.4430863254392666	-2.93	9.68	Constitutive
532	0.35714285714285715	7.62	7.28	Constitutive
671	0.4068554396423249	4.95	10.69	Constitutive
2116	0.42344045368620037	10.86	7.22	Constitutive
1487	0.5003362474781439	8.4	11.06	Constitutive
2427	0.6555418211784095	10.28	11.68	Constitutive
1825	0.3254794520547945	7.93	7.7	Constitutive
53608	0.34593717355618564	10.77	8.8	Constitutive
4294	0.5449464368886818	10.47	7.64	Constitutive
575	0.42782608695652175	10.16	8.55	Constitutive
7007	0.552162123590695	10.13	12.68	Constitutive
300	0.31666666666666665	9.85	11.05	Constitutive
1150	0.5147826086956522	9.6	9.83	Constitutive
5143	0.3118802255492903	8.68	11.6	Constitutive
195	0.6461538461538462	10.67	8.59	Constitutive
85	0.6470588235294118	7.41	6.64	Constitutive
1134	0.4858906525573192	7.82	5.96	Constitutive
2405	0.4261954261954262	8.94	9.93	Constitutive
288	0.5659722222222222	9.1	7.8	Constitutive
207	0.23671497584541062	8.14	8.81	Constitutive
1891	0.4204124801692226	4.04	9.25	Constitutive
1971	0.3526128868594622	8.62	8.61	Constitutive
1617	0.4013605442176871	8.73	6.24	Constitutive
2461	0.4124339699309224	9.79	9.63	Constitutive
12585	0.41589193484306713	10.67	12.35	Constitutive
1603	0.45477230193387397	7.76	10.78	Constitutive
167	0.6826347305389222	7.39	11.95	Constitutive
1214	0.4827018121911038	10.07	4.9	Constitutive
389	0.583547557840617	10.75	7.08	Constitutive
12787	0.4017361382654258	10.1	8.88	Constitutive
3165	0.4075829383886256	9.16	9.11	Constitutive
844	0.49881516587677727	9.05	6.24	Constitutive
421	0.7030878859857482	7.93	10.34	Constitutive
90	0.43333333333333335	9.37	13.58	Constitutive
100	0.45	10.24	11.73	Constitutive
4799	0.40362575536570117	9.79	6.46	Constitutive
1888	0.3580508474576271	7.09	4.24	Constitutive
1637	0.3127672571777642	8.08	7.06	Constitutive
3003	0.36996336996337	10.47	4.28	Constitutive
42645	0.39430179387970454	10.13	8.57	Constitutive
1040	0.34807692307692306	9.45	7.78	Constitutive
292	0.5993150684931506	4.72	9.19	Constitutive
923	0.5601300108342362	7.0	8.36	Constitutive
1086	0.4880294659300184	6.99	12.31	Constitutive
276	0.4420289855072464	8.7	10.46	Constitutive
12844	0.4718934911242604	9.66	8.74	Constitutive
11253	0.4029147782813472	9.15	10.44	Constitutive
202	0.5841584158415841	3.11	6.57	Constitutive
776	0.5541237113402062	7.75	8.01	Constitutive
630	0.638095238095238	7.8	9.55	Constitutive
190	0.32105263157894737	1.45	8.31	Constitutive
31643	0.40836835951079226	5.56	11.24	Constitutive
406	0.31527093596059114	3.24	7.64	Constitutive
4114	0.5405930967428294	8.95	12.98	Constitutive
627	0.5645933014354066	8.3	8.71	Constitutive
354	0.24858757062146894	10.07	4.92	Constitutive
179	0.5363128491620112	10.08	8.43	Constitutive
4974	0.4919581825492561	4.78	8.31	Constitutive
1394	0.29913916786226685	10.06	7.99	Constitutive
13745	0.35474718079301565	10.36	11.82	Constitutive
9052	0.3894167034909412	10.07	7.91	Constitutive
1578	0.4461343472750317	8.14	10.28	Constitutive
7155	0.4328441649196366	6.23	10.36	Constitutive
1905	0.342257217847769	8.72	8.04	Constitutive
1364	0.501466275659824	9.22	11.52	Constitutive
1581	0.3820366856419987	9.6	6.65	Constitutive
2129	0.5194927195866604	8.55	11.22	Constitutive
699	0.32761087267525035	11.08	9.72	Constitutive
4445	0.4409448818897638	9.99	7.97	Constitutive
14679	0.34150827713059473	9.09	8.98	Constitutive
3760	0.40345744680851064	8.08	8.55	Constitutive
104116	0.3931480272004303	10.29	7.62	Constitutive
2468	0.3346839546191248	8.68	6.86	Constitutive
10446	0.4956921309592188	10.06	10.3	Constitutive
2944	0.31589673913043476	4.86	5.78	Constitutive
249	0.6947791164658634	8.99	8.73	Constitutive
42811	0.3683866296045409	9.8	7.9	Constitutive
3632	0.4479625550660793	8.68	7.65	Constitutive
190	0.3368421052631579	10.51	5.08	Constitutive
614	0.48859934853420195	5.88	0.47	Constitutive
4659	0.38527581025971236	4.19	8.53	Constitutive
15402	0.5061680301259577	10.06	7.85	Constitutive
380	0.46578947368421053	9.09	10.32	Constitutive
5100	0.4350980392156863	8.23	13.08	Constitutive
1153	0.49609713790112747	9.6	11.4	Constitutive
182	0.7692307692307693	7.93	7.99	Constitutive
957	0.36363636363636365	8.68	10.13	Constitutive
1221	0.33988533988533987	10.77	8.3	Constitutive
112	0.6071428571428571	8.41	8.63	Constitutive
537	0.638733705772812	10.22	7.74	Constitutive
379	0.5013192612137203	9.16	7.48	Constitutive
16566	0.4427743571169866	7.43	7.61	Constitutive
101	0.42574257425742573	7.16	9.02	Constitutive
453	0.4304635761589404	7.72	12.3	Constitutive
792	0.3952020202020202	8.61	8.21	Constitutive
1301	0.33973866256725593	10.1	9.45	Constitutive
117	0.5213675213675214	8.49	6.99	Constitutive
188	0.5691489361702128	9.89	9.7	Constitutive
5417	0.4317888129961233	10.93	9.91	Constitutive
2940	0.40034013605442176	5.85	6.99	Constitutive
685	0.5474452554744526	6.03	10.57	Constitutive
1874	0.3858057630736393	8.63	9.95	Constitutive
7145	0.5587123862841148	9.07	7.63	Constitutive
25321	0.39797006437344495	9.31	12.18	Constitutive
1062	0.4190207156308851	2.76	6.99	Constitutive
841	0.4280618311533888	6.49	7.69	Constitutive
554	0.5144404332129964	10.57	9.45	Constitutive
172	0.5697674418604651	6.96	1.92	Constitutive
3089	0.4163159598575591	10.51	8.75	Constitutive
2892	0.3478561549100968	7.03	4.32	Constitutive
6034	0.40851839575737486	7.81	6.69	Constitutive
5494	0.3434655988350928	9.55	5.26	Constitutive
1476	0.489159891598916	7.07	0.53	Constitutive
323	0.6656346749226006	7.07	8.43	Constitutive
5053	0.422719176726697	9.46	10.35	Constitutive
16545	0.3637957086733152	8.07	6.77	Constitutive
94	0.5957446808510638	10.67	9.21	Constitutive
2849	0.36082836082836084	10.36	5.59	Constitutive
1489	0.5473472128945601	8.95	12.4	Constitutive
11379	0.42762984445030316	9.81	8.54	Constitutive
166	0.5481927710843374	5.26	10.2	Constitutive
1429	0.47865640307907625	7.26	8.09	Constitutive
219	0.6529680365296804	9.35	9.41	Constitutive
101	0.6831683168316832	9.99	7.97	Constitutive
3700	0.5167567567567568	8.94	9.68	Constitutive
780	0.6115384615384616	4.74	8.48	Constitutive
3990	0.38220551378446116	5.06	8.7	Constitutive
456	0.3092105263157895	6.43	9.94	Constitutive
2645	0.30434782608695654	8.14	10.02	Constitutive
1736	0.3554147465437788	5.66	7.43	Constitutive
2666	0.5476369092273068	10.9	11.4	Constitutive
13501	0.4023405673653803	10.9	12.91	Constitutive
232	0.7112068965517241	5.5	6.87	Constitutive
563	0.45293072824156305	8.95	7.89	Constitutive
484	0.30578512396694213	6.38	8.07	Constitutive
137	0.5620437956204379	6.13	7.42	Constitutive
278	0.29856115107913667	9.46	10.04	Constitutive
1690	0.3029585798816568	7.98	4.33	Constitutive
812	0.5862068965517241	9.46	9.3	Constitutive
1438	0.5639777468706537	8.55	11.2	Constitutive
1972	0.3869168356997972	6.95	3.5	Constitutive
3186	0.4174513496547395	8.4	12.12	Constitutive
412	0.4587378640776699	6.65	10.01	Constitutive
267	0.6067415730337079	7.39	13.3	Constitutive
7224	0.42441860465116277	10.57	6.91	Constitutive
2263	0.4445426425099426	6.91	10.03	Constitutive
3132	0.5561941251596424	9.48	3.28	Constitutive
10906	0.33137722354667154	10.77	6.23	Constitutive
482	0.3651452282157676	9.26	5.63	Constitutive
1278	0.48200312989045385	7.77	13.09	Constitutive
104	0.36538461538461536	8.4	5.41	Constitutive
98	0.5612244897959183	9.16	2.64	Constitutive
1410	0.38865248226950355	4.17	5.66	Constitutive
563	0.3783303730017762	9.09	7.41	Constitutive
1647	0.5446265938069217	5.22	6.53	Constitutive
12099	0.38730473592858916	8.88	6.52	Constitutive
1196	0.3319397993311037	9.48	8.03	Constitutive
5737	0.4505839288826913	9.89	11.44	Constitutive
4433	0.5346266636589218	10.67	2.56	Constitutive
3740	0.4393048128342246	9.07	2.44	Constitutive
5013	0.40554558148813086	9.06	12.93	Constitutive
113	0.6637168141592921	6.05	12.26	Constitutive
21946	0.3883623439351135	9.63	7.38	Constitutive
1144	0.5218531468531469	8.76	4.21	Constitutive
721	0.43966712898751736	10.13	7.66	Constitutive
138	0.6521739130434783	4.44	8.09	Constitutive
22908	0.3792998079273616	9.88	4.31	Constitutive
1323	0.3469387755102041	7.52	11.71	Constitutive
751	0.4434087882822903	10.06	9.82	Constitutive
1132	0.4549469964664311	9.65	8.16	Constitutive
614	0.5374592833876222	9.21	10.33	Constitutive
435	0.5264367816091954	6.74	-2.99	Constitutive
3235	0.5601236476043276	7.8	10.02	Constitutive
300	0.56	9.88	8.93	Constitutive
460	0.34130434782608693	10.86	9.54	Constitutive
76	0.21052631578947367	9.22	10.22	Constitutive
125	0.648	7.87	10.72	Constitutive
12637	0.45999841734588903	7.39	9.27	Constitutive
1275	0.476078431372549	5.91	8.31	Constitutive
1208	0.6216887417218543	10.26	8.39	Constitutive
857	0.5274212368728122	10.07	7.82	Constitutive
660	0.46515151515151515	8.56	13.04	Constitutive
1740	0.42298850574712643	8.08	9.88	Constitutive
8585	0.40104834012813045	7.52	6.57	Constitutive
567	0.5379188712522046	9.06	8.88	Constitutive
1276	0.414576802507837	9.14	11.91	Constitutive
6270	0.3792663476874003	10.77	5.72	Constitutive
235	0.6723404255319149	6.96	11.59	Constitutive
18331	0.39975996945065734	8.4	10.74	Constitutive
19640	0.3791242362525458	8.59	8.91	Constitutive
11656	0.38958476321207963	8.94	9.59	Constitutive
247	0.6639676113360324	7.35	8.72	Constitutive
395	0.5822784810126582	9.33	10.32	Constitutive
18931	0.5115419153768951	9.79	6.36	Constitutive
2524	0.6283676703645008	7.93	11.11	Constitutive
111	0.6486486486486487	9.16	12.61	Constitutive
666	0.4174174174174174	7.13	10.53	Constitutive
3377	0.45661830026650874	10.51	11.08	Constitutive
3166	0.4311433986102337	10.22	9.51	Constitutive
1265	0.5660079051383399	4.94	0.66	Constitutive
263	0.623574144486692	5.29	5.64	Constitutive
151	0.6622516556291391	8.77	11.35	Constitutive
1526	0.3931847968545216	9.88	6.13	Constitutive
3326	0.3208057726999399	10.51	9.55	Constitutive
485	0.5298969072164949	7.55	10.14	Constitutive
6462	0.43454038997214484	7.7	8.81	Constitutive
1499	0.3855903935957305	7.84	4.84	Constitutive
920	0.35	7.24	8.46	Constitutive
240	0.55	11.08	11.26	Constitutive
225	0.6622222222222223	4.94	10.92	Constitutive
3689	0.46164272160477093	10.9	5.43	Constitutive
4559	0.3796885281860057	8.88	5.37	Constitutive
387	0.3488372093023256	9.65	9.7	Constitutive
376	0.4601063829787234	4.45	9.84	Constitutive
885	0.5084745762711864	2.75	11.37	Constitutive
79	0.6329113924050633	8.68	8.96	Constitutive
594	0.2895622895622896	4.94	8.83	Constitutive
346	0.5953757225433526	9.3	6.68	Constitutive
46310	0.3836752321312891	9.8	5.78	Constitutive
1932	0.44047619047619047	4.14	5.66	Constitutive
5954	0.43752099428955327	10.75	6.57	Constitutive
31486	0.4470875944864384	8.91	9.4	Constitutive
4775	0.38219895287958117	10.28	8.65	Constitutive
605	0.31900826446280994	10.08	8.6	Constitutive
1447	0.34070490670352455	10.06	7.58	Constitutive
1043	0.473633748801534	10.45	8.15	Constitutive
1993	0.38735574510787757	10.22	-9.02	Constitutive
9346	0.47860047078964263	10.22	8.99	Constitutive
17195	0.364175632451294	10.16	9.31	Constitutive
158	0.5443037974683544	5.26	10.16	Constitutive
773	0.3027166882276843	5.2	4.95	Constitutive
3221	0.42005588326606647	5.8	10.36	Constitutive
1015	0.5625615763546798	8.68	10.47	Constitutive
1423	0.5994378074490513	8.28	11.36	Constitutive
101	0.6039603960396039	9.73	5.34	Constitutive
1197	0.5104427736006684	10.45	11.78	Constitutive
383	0.566579634464752	9.26	9.46	Constitutive
2217	0.35588633288227334	6.32	10.27	Constitutive
578	0.5588235294117647	3.25	7.9	Constitutive
3506	0.45236737022247575	8.99	9.3	Constitutive
1888	0.3580508474576271	7.09	4.24	Constitutive
11607	0.38709399500301545	10.06	10.49	Constitutive
3465	0.44155844155844154	9.43	10.46	Constitutive
2322	0.4280792420327304	9.11	8.38	Constitutive
18645	0.43159023866988466	6.38	11.48	Constitutive
2376	0.4217171717171717	1.14	5.55	Constitutive
3029	0.4054143281611093	8.08	7.64	Constitutive
270	0.4740740740740741	10.22	13.25	Constitutive
3762	0.3593833067517278	9.79	7.14	Constitutive
3178	0.3920704845814978	9.72	7.66	Constitutive
98	0.47959183673469385	7.64	11.89	Constitutive
1422	0.29887482419127986	8.4	8.45	Constitutive
8492	0.3927225624116816	10.29	8.91	Constitutive
117	0.6666666666666666	5.84	6.11	Constitutive
2185	0.37894736842105264	9.12	8.97	Constitutive
753	0.5099601593625498	7.65	6.49	Constitutive
5146	0.5909444228527011	4.82	10.1	Constitutive
4843	0.5554408424530249	9.65	6.68	Constitutive
4644	0.39987080103359174	9.79	8.12	Constitutive
1884	0.4416135881104034	10.03	11.55	Constitutive
117	0.29914529914529914	5.13	7.8	Constitutive
1097	0.6043755697356427	9.65	7.47	Constitutive
55349	0.443856257565629	11.45	11.12	Constitutive
926	0.2786177105831533	8.99	12.36	Constitutive
2048	0.41162109375	9.77	6.23	Constitutive
4428	0.4277326106594399	7.72	7.99	Constitutive
549	0.6411657559198543	6.13	8.94	Constitutive
29095	0.49523973191269977	10.07	8.02	Constitutive
12169	0.4287944777713863	6.87	7.2	Constitutive
904	0.6183628318584071	8.49	12.33	Constitutive
2189	0.42256738236637736	10.06	5.2	Constitutive
2963	0.36010799865001686	9.24	9.82	Constitutive
3971	0.4671367413749685	8.7	10.61	Constitutive
252	0.5912698412698413	9.09	5.89	Constitutive
2251	0.5686361617059085	10.29	11.6	Constitutive
365	0.336986301369863	8.85	5.57	Constitutive
150400	0.400625	8.07	12.27	Constitutive
33595	0.4799821401994344	9.88	9.27	Constitutive
80	0.6875	10.47	9.14	Constitutive
2963	0.38305771177860276	7.79	4.77	Constitutive
3063	0.3999347045380346	10.45	9.25	Constitutive
138	0.5942028985507246	5.68	8.46	Constitutive
3423	0.35962605901256206	8.35	9.51	Constitutive
46863	0.5015897403068519	10.05	11.92	Constitutive
8229	0.3872888564831693	5.49	12.44	Constitutive
1712	0.6092289719626168	8.73	11.6	Constitutive
2553	0.36584410497453973	1.91	7.61	Constitutive
241	0.6099585062240664	1.07	12.47	Constitutive
9408	0.390093537414966	9.26	7.02	Constitutive
5571	0.4711900915455035	9.8	6.57	Constitutive
562	0.3861209964412811	7.94	5.63	Constitutive
145	0.7310344827586207	7.13	7.6	Constitutive
120333	0.4978019329693434	5.56	11.06	Constitutive
12296	0.37109629147690304	6.93	9.94	Constitutive
1149	0.32201914708442125	9.45	10.29	Constitutive
1451	0.3370089593383873	10.06	7.19	Constitutive
22380	0.3578194816800715	8.38	7.82	Constitutive
1426	0.41444600280504906	8.55	10.79	Constitutive
144	0.7569444444444444	8.07	6.68	Constitutive
1529	0.4198822759973839	9.21	11.22	Constitutive
142	0.4647887323943662	10.03	14.25	Constitutive
2483	0.4498590414820781	11.0	4.53	Constitutive
103	0.4174757281553398	6.17	12.92	Constitutive
2354	0.42480883602378927	4.24	9.49	Constitutive
189	0.6878306878306878	10.03	7.36	Constitutive
7730	0.44126778783958603	9.88	9.51	Constitutive
1896	0.4831223628691983	8.73	7.58	Constitutive
1053	0.34283000949667614	10.47	8.26	Constitutive
2296	0.3554006968641115	8.4	8.42	Constitutive
919	0.36126224156692055	8.59	5.18	Constitutive
6809	0.3778822147158173	9.26	10.12	Constitutive
3462	0.4248989023685731	8.68	8.09	Constitutive
1508	0.5092838196286472	5.51	10.32	Constitutive
125	0.536	10.07	7.9	Constitutive
5533	0.4209289716247967	8.84	9.07	Constitutive
1437	0.5135699373695198	6.65	6.73	Constitutive
8280	0.3495169082125604	-10.68	7.24	Constitutive
9181	0.32610826707330354	10.57	7.49	Constitutive
1965	0.4076335877862595	10.13	11.2	Constitutive
1929	0.40279937791601866	5.88	10.48	Constitutive
127	0.6535433070866141	8.68	8.09	Constitutive
49420	0.41129097531363823	8.7	10.5	Constitutive
1416	0.3877118644067797	9.72	6.41	Constitutive
1298	0.5238828967642527	8.99	6.56	Constitutive
11869	0.33027213750105316	7.87	11.0	Constitutive
88	0.26136363636363635	8.65	8.55	Constitutive
616	0.38636363636363635	6.64	8.23	Constitutive
2456	0.4727198697068404	7.83	9.71	Constitutive
80	0.3	8.83	6.96	Constitutive
14095	0.4455480666903157	8.19	10.16	Constitutive
828	0.6219806763285024	10.03	8.49	Constitutive
1961	0.5252422233554309	10.86	5.05	Constitutive
969	0.41589267285861714	5.17	8.91	Constitutive
174	0.4885057471264368	7.1	9.03	Constitutive
4264	0.39399624765478425	10.22	7.05	Constitutive
1824	0.4281798245614035	10.22	9.56	Constitutive
182	0.7252747252747253	8.94	7.0	Constitutive
676	0.6789940828402367	10.38	9.95	Constitutive
22282	0.3847949017143883	9.72	7.91	Constitutive
2177	0.48415250344510796	9.88	11.94	Constitutive
986	0.552738336713996	3.27	5.48	Constitutive
4416	0.3439764492753623	10.47	11.03	Constitutive
2432	0.32524671052631576	10.47	8.83	Constitutive
234	0.49572649572649574	3.69	10.25	Constitutive
186	0.6451612903225806	8.18	8.55	Constitutive
2597	0.46245668078552177	7.8	6.66	Constitutive
194	0.634020618556701	6.03	9.81	Constitutive
2568	0.37538940809968846	9.16	6.54	Constitutive
1020	0.47058823529411764	8.14	11.21	Constitutive
134	0.6343283582089553	-5.09	-5.91	Constitutive
1670	0.3538922155688623	8.38	9.79	Constitutive
1803	0.5446478092068774	9.49	4.88	Constitutive
384	0.4609375	11.78	10.91	Constitutive
86	0.7093023255813954	9.16	11.75	Constitutive
897	0.43812709030100333	5.02	7.31	Constitutive
8455	0.4337078651685393	10.57	10.14	Constitutive
1473	0.285132382892057	9.07	4.48	Constitutive
280	0.2714285714285714	9.72	7.64	Constitutive
501	0.5209580838323353	8.59	7.63	Constitutive
1664	0.40084134615384615	9.65	11.93	Constitutive
1008	0.44543650793650796	10.86	6.15	Constitutive
7158	0.38041352333053924	8.55	7.12	Constitutive
67853	0.3934387573136044	11.0	10.3	Constitutive
1236	0.31715210355987056	7.82	6.95	Constitutive
16688	0.39699185043144775	5.56	10.09	Constitutive
87726	0.37190798622985205	6.69	11.07	Constitutive
3859	0.5255247473438714	9.44	10.15	Constitutive
21461	0.36419551745025863	8.56	8.32	Constitutive
2468	0.3346839546191248	8.68	6.86	Constitutive
1169	0.5585970915312233	8.68	4.25	Constitutive
5056	0.32654272151898733	9.45	1.5	Constitutive
668	0.3188622754491018	1.94	9.53	Constitutive
2830	0.384452296819788	7.4	8.24	Constitutive
1973	0.3699949315762798	7.04	6.48	Constitutive
187	0.42245989304812837	6.8	10.14	Constitutive
103	0.34951456310679613	10.57	10.32	Constitutive
4523	0.41189476011496795	9.81	10.35	Constitutive
2929	0.4684192557186753	5.74	8.54	Constitutive
1793	0.2916899051868377	10.91	6.11	Constitutive
1816	0.4063876651982379	5.71	6.94	Constitutive
1225	0.5142857142857142	8.34	9.49	Constitutive
11543	0.4792514944121979	8.73	0.55	Constitutive
1206	0.3988391376451078	9.72	5.45	Constitutive
229	0.48034934497816595	10.05	8.7	Constitutive
5085	0.4823992133726647	8.99	9.27	Constitutive
1494	0.46653279785809904	7.77	9.66	Constitutive
421	0.6294536817102138	4.34	9.73	Constitutive
1599	0.43839899937460913	7.35	9.39	Constitutive
5184	0.4149305555555556	7.3	10.37	Constitutive
1146	0.37783595113438045	9.45	4.08	Constitutive
1590	0.5446540880503145	7.63	9.05	Constitutive
4720	0.3845338983050847	6.86	1.96	Constitutive
10456	0.4455814843152257	9.43	11.21	Constitutive
6360	0.4075471698113208	11.01	3.44	Constitutive
2037	0.49828178694158076	6.23	9.44	Constitutive
13925	0.3791741472172352	8.38	9.49	Constitutive
5743	0.306808288351036	6.32	9.19	Constitutive
3415	0.5411420204978038	9.26	4.63	Constitutive
1889	0.4875595553202753	6.78	10.64	Constitutive
40265	0.42123432261269095	10.45	10.15	Constitutive
214	0.5420560747663551	5.61	9.79	Constitutive
4858	0.32400164676821736	7.84	6.87	Constitutive
583	0.5265866209262435	8.28	4.25	Constitutive
18653	0.4039564681284512	9.6	10.1	Constitutive
6774	0.37629170357248304	9.46	4.46	Constitutive
1927	0.3705241307732226	7.82	9.9	Constitutive
243	0.4691358024691358	7.66	10.48	Constitutive
235	0.4765957446808511	9.79	8.92	Constitutive
2204	0.48139745916515425	4.3	9.31	Constitutive
39291	0.3665215952762719	8.99	5.14	Constitutive
1910	0.5513089005235602	11.45	8.89	Constitutive
165	0.6848484848484848	8.91	9.06	Constitutive
72	0.7361111111111112	8.7	9.31	Constitutive
3119	0.40461686437960886	11.08	8.18	Constitutive
6754	0.3842167604382588	9.8	9.97	Constitutive
6332	0.41882501579279846	11.08	8.52	Constitutive
5543	0.399242287569908	8.27	5.45	Constitutive
366	0.5655737704918032	7.88	5.28	Constitutive
226	0.5575221238938053	3.71	9.41	Constitutive
164	0.4634146341463415	8.7	8.66	Constitutive
436	0.5642201834862385	8.55	6.92	Constitutive
2847	0.339304531085353	8.5	7.24	Constitutive
84	0.6428571428571429	8.63	10.15	Constitutive
9944	0.5170957361222848	9.79	10.4	Constitutive
399	0.6115288220551378	8.95	3.82	Constitutive
132	0.5227272727272727	11.81	6.95	Constitutive
5789	0.38193124892036623	10.47	3.54	Constitutive
560	0.4607142857142857	7.64	8.55	Constitutive
52450	0.3851477597712107	10.86	7.61	Constitutive
166	0.6506024096385542	10.51	11.62	Constitutive
1422	0.49859353023909986	8.91	10.99	Constitutive
26792	0.40127650044789487	7.84	7.77	Constitutive
2476	0.5783521809369951	3.84	10.87	Constitutive
1139	0.31782265144863914	10.07	5.44	Constitutive
370	0.5756756756756757	10.74	10.1	Constitutive
2224	0.4397482014388489	8.76	3.89	Constitutive
179	0.553072625698324	5.97	8.88	Constitutive
5094	0.41539065567334116	9.16	4.84	Constitutive
1014	0.5788954635108481	2.87	8.48	Constitutive
104	0.6346153846153846	7.2	6.88	Constitutive
2615	0.4168260038240918	10.24	10.78	Constitutive
2495	0.35190380761523044	8.27	4.67	Constitutive
142	0.36619718309859156	9.63	8.11	Constitutive
17881	0.420166657345786	10.51	3.01	Constitutive
2891	0.3400207540643376	8.59	11.35	Constitutive
466	0.5278969957081545	3.09	7.31	Constitutive
19984	0.3644415532425941	11.08	11.47	Constitutive
1407	0.417910447761194	10.52	8.53	Constitutive
11303	0.42271963195611784	11.0	8.51	Constitutive
92	0.6086956521739131	10.9	6.8	Constitutive
1142	0.34413309982486867	5.61	10.24	Constitutive
1734	0.4884659746251442	8.7	5.43	Constitutive
449	0.6904231625835189	8.4	8.08	Constitutive
128	0.65625	9.22	8.41	Constitutive
4787	0.4004595780238145	6.23	9.94	Constitutive
1048	0.4666030534351145	10.22	4.85	Constitutive
14837	0.37770438767945	-2.52	2.27	Constitutive
342	0.6228070175438597	10.49	8.49	Constitutive
798	0.32205513784461154	8.76	10.96	Constitutive
106	0.7452830188679245	9.2	4.9	Constitutive
479	0.31524008350730687	5.71	5.73	Constitutive
134	0.6940298507462687	4.41	8.72	Constitutive
352	0.6022727272727273	10.67	7.6	Constitutive
243	0.588477366255144	5.39	9.89	Constitutive
628	0.6767515923566879	6.35	9.04	Constitutive
515	0.2912621359223301	9.66	6.48	Constitutive
31258	0.39260349350566254	9.11	7.78	Constitutive
108414	0.3825520689209881	10.36	8.38	Constitutive
6797	0.376048256583787	8.62	8.8	Constitutive
30554	0.44400078549453426	7.39	13.76	Constitutive
21696	0.445658185840708	9.16	2.71	Constitutive
1132	0.4178445229681979	8.83	8.04	Constitutive
3598	0.4869371873262924	7.47	4.74	Constitutive
3886	0.4379825012866701	7.04	9.6	Constitutive
55210	0.42816518746603877	9.09	9.84	Constitutive
136	0.5073529411764706	11.11	8.34	Constitutive
7671	0.45587276756615824	10.77	9.62	Constitutive
3159	0.3605571383349161	11.08	9.43	Constitutive
434	0.4930875576036866	2.05	10.89	Constitutive
2143	0.49043397106859543	9.99	8.26	Constitutive
5097	0.3972925250147145	9.48	13.92	Constitutive
3410	0.42756598240469207	10.57	5.74	Constitutive
5236	0.42379679144385024	5.89	8.19	Constitutive
410	0.3146341463414634	10.06	9.54	Constitutive
2406	0.4480465502909393	7.61	3.51	Constitutive
5058	0.4829972321075524	8.28	9.16	Constitutive
712	0.5926966292134831	7.87	9.7	Constitutive
1156	0.513840830449827	9.16	10.96	Constitutive
870	0.3931034482758621	10.65	7.52	Constitutive
1959	0.4349157733537519	11.01	7.11	Constitutive
718	0.43175487465181056	2.54	0.33	Constitutive
460	0.5130434782608696	9.45	9.94	Constitutive
1446	0.3367911479944675	4.78	3.26	Constitutive
698	0.4369627507163324	11.01	2.67	Constitutive
2487	0.3578608765581021	8.38	7.09	Constitutive
1455	0.30584192439862545	8.0	6.22	Constitutive
209	0.6028708133971292	9.79	9.5	Constitutive
602	0.6196013289036545	7.85	11.96	Constitutive
1347	0.3370452858203415	8.59	9.46	Constitutive
1227	0.34963325183374083	9.89	9.53	Constitutive
2673	0.31238309016086796	9.22	9.52	Constitutive
811	0.3205918618988903	8.92	2.84	Constitutive
166	0.4578313253012048	8.68	10.58	Constitutive
846	0.5839243498817966	10.03	12.32	Constitutive
2810	0.34839857651245554	6.8	6.24	Constitutive
93	0.8064516129032258	8.66	8.6	Constitutive
1294	0.47372488408037094	8.7	3.28	Constitutive
3347	0.4547355841051688	10.08	8.33	Constitutive
181	0.5911602209944752	10.51	10.39	Constitutive
1007	0.5571002979145978	8.69	5.84	Constitutive
1510	0.35827814569536426	8.88	7.98	Constitutive
846	0.6099290780141844	9.54	10.15	Constitutive
1408	0.3259943181818182	9.45	4.4	Constitutive
807	0.34572490706319703	8.59	8.95	Constitutive
1755	0.4774928774928775	7.81	10.54	Constitutive
50975	0.3946640510053948	8.94	13.29	Constitutive
4915	0.437029501525941	8.88	8.33	Constitutive
68473	0.43024257736626115	10.28	11.14	Constitutive
4167	0.4965202783777298	2.09	10.3	Constitutive
141014	0.5676812231409647	9.45	10.05	Constitutive
138	0.5797101449275363	7.43	5.83	Constitutive
117	0.6068376068376068	8.68	5.43	Constitutive
247	0.6558704453441295	9.16	9.17	Constitutive
3454	0.4400694846554719	8.94	6.88	Constitutive
30641	0.36565386247185144	7.93	6.83	Constitutive
74	0.1891891891891892	7.81	1.7	Constitutive
388	0.6108247422680413	9.22	8.64	Constitutive
218	0.5137614678899083	9.16	13.0	Constitutive
258	0.6201550387596899	5.53	11.53	Constitutive
3691	0.4700623137361149	10.1	7.82	Constitutive
1089	0.3709825528007346	6.06	10.27	Constitutive
20446	0.3717108480876455	9.55	9.05	Constitutive
6777	0.39176626826029215	10.03	6.49	Constitutive
2850	0.44105263157894736	10.77	6.11	Constitutive
1762	0.41827468785471056	9.31	10.92	Constitutive
342	0.6286549707602339	9.22	8.96	Constitutive
2180	0.32614678899082566	9.81	7.15	Constitutive
81	0.5925925925925926	7.77	10.0	Constitutive
19512	0.37843378433784336	4.07	8.66	Constitutive
711	0.34739803094233473	6.25	6.88	Constitutive
825	0.3709090909090909	8.88	9.04	Constitutive
800	0.25	4.14	7.45	Constitutive
22380	0.3790437890974084	8.53	9.45	Constitutive
1768	0.3778280542986425	10.51	9.09	Constitutive
1900	0.3736842105263158	4.9	7.55	Constitutive
190	0.6894736842105263	6.05	9.73	Constitutive
3037	0.4721764899571946	1.08	10.09	Constitutive
6735	0.4191536748329621	9.8	-3.2	Constitutive
1593	0.38731952291274324	8.38	11.11	Constitutive
7309	0.37665891366808046	10.22	10.56	Constitutive
24682	0.36151851551738107	9.14	9.15	Constitutive
185	0.5891891891891892	7.21	9.33	Constitutive
361	0.5844875346260388	7.61	10.02	Constitutive
303	0.6996699669966997	8.41	6.88	Constitutive
1667	0.40791841631673664	8.88	9.05	Constitutive
62167	0.3968343333279714	2.04	7.21	Constitutive
4531	0.41116751269035534	9.09	6.58	Constitutive
1032	0.7374031007751938	6.85	10.63	Constitutive
338	0.39349112426035504	9.43	11.91	Constitutive
1118	0.4445438282647585	10.06	11.85	Constitutive
7331	0.47074069021961534	10.29	7.18	Constitutive
1321	0.44511733535200604	6.43	7.61	Constitutive
7228	0.42114001106806864	8.73	10.12	Constitutive
460	0.5434782608695652	10.07	-1.96	Constitutive
1428	0.40336134453781514	8.68	6.69	Constitutive
1352	0.4341715976331361	9.46	7.72	Constitutive
313	0.610223642172524	6.91	7.87	Constitutive
341	0.5219941348973607	4.3	8.96	Constitutive
7622	0.3657832589871425	10.77	6.69	Constitutive
5782	0.4510549982704946	9.6	5.71	Constitutive
6780	0.4491150442477876	9.48	7.95	Constitutive
1750	0.464	5.95	7.87	Constitutive
1816	0.3838105726872247	9.11	8.52	Constitutive
756	0.3439153439153439	10.47	13.63	Constitutive
114	0.8157894736842105	9.14	11.0	Constitutive
791	0.33375474083438683	8.46	8.62	Constitutive
6166	0.5256243918261434	9.45	9.11	Constitutive
5692	0.3645467322557976	11.0	5.69	Constitutive
1023	0.5933528836754643	7.66	6.98	Constitutive
2307	0.5370611183355006	2.99	13.99	Constitutive
566	0.32685512367491165	9.66	5.68	Constitutive
12837	0.44800186959569993	7.83	11.86	Constitutive
2417	0.43028547786512206	8.63	7.41	Constitutive
3331	0.48543980786550583	9.22	9.64	Constitutive
713	0.4600280504908836	6.64	8.65	Constitutive
1123	0.5138023152270703	8.56	12.02	Constitutive
162	0.2716049382716049	8.88	5.79	Constitutive
3032	0.43172823218997364	9.45	6.88	Constitutive
832	0.39783653846153844	2.68	0.6	Constitutive
2417	0.5200661977658254	10.07	9.78	Constitutive
1370	0.5080291970802919	9.1	12.91	Constitutive
2062	0.5126091173617847	4.43	12.0	Constitutive
76	0.32894736842105265	8.6	9.55	Constitutive
738	0.32926829268292684	8.56	7.15	Constitutive
2327	0.5049419853889128	7.33	-25.29	Constitutive
1735	0.5867435158501441	8.84	9.38	Constitutive
2951	0.44798373432734667	10.93	7.29	Constitutive
6706	0.5334029227557411	11.0	10.35	Constitutive
2069	0.44079265345577573	10.65	8.89	Constitutive
153	0.5359477124183006	8.27	8.57	Constitutive
1420	0.42746478873239435	7.05	9.16	Constitutive
11392	0.3984375	6.77	9.56	Constitutive
123	0.6666666666666666	6.71	9.82	Constitutive
2450	0.3277551020408163	11.01	10.43	Constitutive
1078	0.5306122448979592	10.67	7.85	Constitutive
376	0.27393617021276595	7.76	6.62	Constitutive
2345	0.5232409381663113	8.72	4.05	Constitutive
1803	0.4908485856905158	10.47	6.64	Constitutive
289	0.6089965397923875	7.39	6.13	Constitutive
519	0.4123314065510597	6.23	7.1	Constitutive
19324	0.3782343200165597	10.22	8.85	Constitutive
1312	0.44664634146341464	10.45	9.52	Constitutive
101	0.45544554455445546	8.54	8.12	Constitutive
111	0.5495495495495496	4.67	11.83	Constitutive
9204	0.3859191655801825	10.57	11.48	Constitutive
6300	0.515079365079365	8.73	11.51	Constitutive
19329	0.3990894510838636	2.76	11.16	Constitutive
155	0.7290322580645161	8.05	5.65	Constitutive
83684	0.36190908656373977	9.84	9.63	Constitutive
93	0.6774193548387096	5.91	8.81	Constitutive
1802	0.3379578246392897	6.91	9.28	Constitutive
3778	0.4039174166225516	7.76	5.9	Constitutive
7671	0.4692999608916699	5.56	11.13	Constitutive
41884	0.3883105720561551	11.11	11.48	Constitutive
169	0.7041420118343196	4.87	4.83	Constitutive
15694	0.37581241238689944	10.28	10.91	Constitutive
688	0.5813953488372093	7.67	9.92	Constitutive
8964	0.5860107095046854	9.6	11.09	Constitutive
11070	0.5103884372177055	7.48	6.36	Constitutive
3691	0.3118396098618261	6.69	14.06	Constitutive
143	0.7692307692307693	3.34	10.36	Constitutive
184	0.34782608695652173	8.34	8.59	Constitutive
1569	0.40535372848948376	8.35	3.7	Constitutive
1002	0.4630738522954092	8.56	7.71	Constitutive
8731	0.3756728897033559	10.77	7.99	Constitutive
728	0.32142857142857145	8.57	7.75	Constitutive
900	0.4211111111111111	10.06	8.24	Constitutive
10131	0.44289803573191194	8.48	9.22	Constitutive
23862	0.36040566591232925	11.0	7.77	Constitutive
3593	0.3835235179515725	10.13	9.26	Constitutive
1882	0.5945802337938364	8.3	11.67	Constitutive
567	0.47619047619047616	5.31	11.66	Constitutive
1139	0.437225636523266	10.65	8.22	Constitutive
4137	0.3758762388204013	6.6	8.2	Constitutive
3111	0.4847315975570556	10.13	9.92	Constitutive
115005	0.3912786400591279	9.46	8.25	Constitutive
28137	0.3593844404165334	8.65	8.67	Constitutive
7701	0.37982080249318273	7.75	11.84	Constitutive
1002	0.4940119760479042	7.83	10.71	Constitutive
23375	0.34789304812834226	9.65	8.99	Constitutive
1900	0.3736842105263158	4.9	7.55	Constitutive
6737	0.4064123497105537	9.49	7.18	Constitutive
419	0.5417661097852029	8.14	5.12	Constitutive
3029	0.3724001320567844	10.86	3.01	Constitutive
2168	0.5115313653136532	10.91	9.5	Constitutive
2204	0.39246823956442833	9.11	12.03	Constitutive
381	0.5905511811023622	8.73	2.89	Constitutive
1590	0.5446540880503145	7.63	9.05	Constitutive
3184	0.35050251256281406	9.09	8.94	Constitutive
1481	0.5516542876434841	8.56	8.99	Constitutive
4370	0.38100686498855835	7.05	8.52	Constitutive
997	0.30992978936810434	7.76	12.65	Constitutive
796	0.4949748743718593	9.33	-0.83	Constitutive
467	0.5010706638115632	9.1	5.43	Constitutive
387	0.4754521963824289	8.37	8.87	Constitutive
7271	0.3705129968367487	7.84	9.59	Constitutive
1301	0.5757109915449654	5.01	8.64	Constitutive
212	0.5801886792452831	5.49	6.18	Constitutive
5991	0.34368218995159405	6.75	7.67	Constitutive
543	0.37937384898710863	9.35	8.25	Constitutive
15430	0.45061568373298766	10.08	9.75	Constitutive
449	0.36302895322939865	9.26	5.65	Constitutive
209	0.6794258373205742	4.48	10.9	Constitutive
6876	0.42568353694008143	6.64	10.13	Constitutive
96	0.3854166666666667	8.61	12.73	Constitutive
2256	0.3692375886524823	7.26	10.36	Constitutive
5984	0.5137032085561497	9.49	7.2	Constitutive
133	0.23308270676691728	6.62	6.84	Constitutive
2524	0.35776545166402535	8.56	7.96	Constitutive
587	0.5587734241908007	7.75	7.54	Constitutive
2746	0.3506919155134741	8.31	9.61	Constitutive
9499	0.43057163911990737	8.3	7.74	Constitutive
1821	0.42174629324546953	8.55	8.51	Constitutive
187	0.48128342245989303	9.88	7.89	Constitutive
862	0.3109048723897912	6.56	13.42	Constitutive
1481	0.46522619851451724	9.16	10.81	Constitutive
9986	0.3718205487682756	4.94	6.79	Constitutive
788	0.4746192893401015	4.86	10.75	Constitutive
49514	0.4177606333562225	10.86	10.59	Constitutive
3843	0.46265938069216755	8.91	7.64	Constitutive
53499	0.4566066655451504	9.04	11.99	Constitutive
1932	0.5253623188405797	8.41	11.02	Constitutive
86726	0.3776837395936628	9.81	10.6	Constitutive
2655	0.3630885122410546	8.24	10.54	Constitutive
1913	0.4066910611604809	9.16	0.24	Constitutive
899	0.5650723025583982	8.76	9.02	Constitutive
4300	0.4069767441860465	8.38	10.15	Constitutive
953	0.5330535152151101	7.93	7.75	Constitutive
2465	0.41338742393509126	5.77	7.65	Constitutive
34605	0.423233636757694	10.57	9.76	Constitutive
2340	0.4358974358974359	9.4	5.67	Constitutive
20103	0.4913197035268368	8.62	7.39	Constitutive
1712	0.5257009345794392	8.33	10.24	Constitutive
3160	0.43575949367088607	6.91	7.51	Constitutive
493	0.47058823529411764	6.99	11.68	Constitutive
4572	0.33552055993000873	9.65	7.85	Constitutive
655	0.5404580152671755	4.3	7.39	Constitutive
94	0.6276595744680851	10.65	10.89	Constitutive
49130	0.43244453490738854	10.28	9.09	Constitutive
997	0.5085255767301906	9.12	7.35	Constitutive
123	0.7154471544715447	7.13	9.64	Constitutive
549	0.5956284153005464	5.5	12.23	Constitutive
57769	0.35491353494088523	9.11	10.92	Constitutive
10054	0.38402625820568925	5.06	9.21	Constitutive
481	0.738045738045738	6.86	11.42	Constitutive
654	0.5091743119266054	9.88	8.55	Constitutive
18264	0.4873521681997372	9.45	10.26	Constitutive
578	0.24394463667820068	6.77	8.43	Constitutive
535	0.6	8.23	10.49	Constitutive
2156	0.5853432282003711	10.08	8.58	Constitutive
1249	0.36429143314651724	7.66	11.44	Constitutive
10990	0.37170154686078255	6.86	6.41	Constitutive
715	0.34545454545454546	9.79	6.18	Constitutive
654	0.28593272171253825	8.59	10.54	Constitutive
33773	0.37710597222633463	11.08	7.32	Constitutive
1289	0.3630721489526765	10.86	5.5	Constitutive
168	0.35714285714285715	11.01	5.32	Constitutive
3776	0.3712923728813559	8.62	8.45	Constitutive
4373	0.35193231191401786	10.77	4.56	Constitutive
585	0.5726495726495726	4.8	11.39	Constitutive
1541	0.49772874756651525	9.35	4.53	Constitutive
2284	0.5245183887915937	9.27	6.99	Constitutive
1009	0.4618434093161546	8.19	4.57	Constitutive
1494	0.4759036144578313	10.91	9.06	Constitutive
9142	0.4900459418070444	9.25	7.92	Constitutive
581	0.5421686746987951	10.28	8.17	Constitutive
8023	0.368565374548174	8.92	8.22	Constitutive
12177	0.3505789603350579	9.55	10.91	Constitutive
7553	0.3828942142195154	7.21	11.58	Constitutive
135	0.5333333333333333	10.03	7.56	Constitutive
10096	0.38252773375594296	6.23	10.55	Constitutive
98	0.32653061224489793	8.63	8.82	Constitutive
1512	0.37566137566137564	10.86	7.18	Constitutive
3218	0.516780609073959	9.43	5.85	Constitutive
315	0.5650793650793651	8.05	9.42	Constitutive
94	0.6808510638297872	8.23	6.15	Constitutive
9959	0.46229541118586204	7.39	8.54	Constitutive
1602	0.3913857677902622	11.08	-5.37	Constitutive
607	0.3986820428336079	10.11	6.92	Constitutive
1026	0.48050682261208577	8.73	9.16	Constitutive
253	0.4505928853754941	7.33	10.78	Constitutive
1257	0.45346062052505964	9.65	6.53	Constitutive
33027	0.3856541617464499	7.21	10.73	Constitutive
2565	0.39220272904483433	8.92	6.89	Constitutive
13726	0.38073728690077224	8.62	12.04	Constitutive
1718	0.37951105937136204	10.07	9.89	Constitutive
465	0.3139784946236559	6.14	6.79	Constitutive
1985	0.545088161209068	9.88	11.68	Constitutive
222	0.4369369369369369	9.3	10.94	Constitutive
2907	0.4110767113863089	8.76	4.76	Constitutive
3926	0.3937850229240958	9.55	9.31	Constitutive
2058	0.48931000971817296	2.56	8.72	Constitutive
70251	0.4869966263825426	9.46	10.43	Constitutive
1079	0.3957367933271548	7.07	7.89	Constitutive
1570	0.3197452229299363	8.91	4.14	Constitutive
22608	0.3734961075725407	4.8	11.13	Constitutive
601	0.34442595673876875	8.88	8.59	Constitutive
264	0.5984848484848485	0.1	9.71	Constitutive
1135	0.45638766519823787	10.47	9.73	Constitutive
2807	0.5019593872461703	7.64	9.05	Constitutive
47214	0.4006650569746262	7.64	11.39	Constitutive
877	0.5370581527936146	6.35	12.03	Constitutive
1484	0.45148247978436656	11.01	7.92	Constitutive
2720	0.45551470588235293	10.03	7.9	Constitutive
5431	0.4671331246547597	9.27	11.31	Constitutive
839	0.3432657926102503	9.8	11.21	Constitutive
848	0.3136792452830189	8.38	7.36	Constitutive
94	0.6170212765957447	7.75	5.67	Constitutive
465	0.5161290322580645	11.08	11.66	Constitutive
3692	0.5151679306608884	9.35	8.57	Constitutive
2574	0.3978243978243978	10.77	7.56	Constitutive
221	0.669683257918552	9.04	4.67	Constitutive
4738	0.45821021528070915	3.84	9.11	Constitutive
2310	0.5021645021645021	3.01	8.09	Constitutive
673	0.337295690936107	6.06	9.38	Constitutive
414	0.3647342995169082	5.46	5.52	Constitutive
6931	0.3217428942432549	9.26	6.5	Constitutive
110	0.5727272727272728	11.11	9.99	Constitutive
6256	0.447730179028133	9.04	10.16	Constitutive
6668	0.41946610677864427	10.28	10.51	Constitutive
336	0.30952380952380953	8.38	8.39	Constitutive
999	0.5885885885885885	10.47	5.31	Constitutive
672	0.37648809523809523	9.24	7.35	Constitutive
2264	0.5167844522968198	9.46	7.13	Constitutive
3300	0.5412121212121213	5.31	5.18	Constitutive
1632	0.36825980392156865	11.01	7.33	Constitutive
71	0.704225352112676	8.2	10.2	Constitutive
1354	0.4630723781388479	11.0	8.95	Constitutive
220	0.43636363636363634	9.85	11.4	Constitutive
2919	0.3377869133264817	1.88	12.16	Constitutive
1716	0.40967365967365965	8.68	9.48	Constitutive
114573	0.35460361516238553	8.4	11.35	Constitutive
997	0.5346038114343029	7.23	9.42	Constitutive
421	0.45368171021377673	8.68	8.09	Constitutive
6068	0.5235662491760052	7.4	10.75	Constitutive
137	0.5693430656934306	8.49	6.96	Constitutive
17056	0.39317542213883677	10.28	8.11	Constitutive
2251	0.4931141714793425	8.94	6.03	Constitutive
92	0.5978260869565217	8.31	9.92	Constitutive
1924	0.5135135135135135	9.46	6.43	Constitutive
8249	0.39192629409625407	8.99	9.74	Constitutive
308	0.5876623376623377	8.28	8.85	Constitutive
27742	0.4020618556701031	3.1	8.8	Constitutive
2371	0.3264445381695487	8.55	8.5	Constitutive
1003	0.4596211365902293	10.1	9.89	Constitutive
5045	0.4210109018830525	8.34	3.17	Constitutive
2091	0.4868483978957437	6.66	8.58	Constitutive
3958	0.35371399696816574	9.89	9.3	Constitutive
7946	0.42700729927007297	10.29	9.17	Constitutive
5147	0.4276277443170779	9.94	8.83	Constitutive
403	0.5880893300248139	8.69	9.74	Constitutive
96	0.6666666666666666	3.38	11.17	Constitutive
261	0.26436781609195403	9.81	7.95	Constitutive
1298	0.5577812018489985	5.19	8.95	Constitutive
6035	0.5429991714995858	6.56	10.07	Constitutive
131	0.648854961832061	8.68	6.71	Constitutive
266	0.7781954887218046	5.03	9.48	Constitutive
2972	0.4680349932705249	8.84	11.52	Constitutive
3027	0.40237859266600595	10.67	9.15	Constitutive
5858	0.3675315807442813	8.95	9.61	Constitutive
96	0.53125	6.03	5.78	Constitutive
1723	0.3697040046430644	11.01	5.45	Constitutive
9875	0.4949873417721519	10.28	8.23	Constitutive
343	0.3236151603498542	7.35	6.94	Constitutive
1772	0.4164785553047404	8.99	9.61	Constitutive
32834	0.3651093378814643	9.63	6.44	Constitutive
432	0.6018518518518519	1.02	9.04	Constitutive
3446	0.4007544979686593	4.27	11.49	Constitutive
163	0.5521472392638037	6.43	11.1	Constitutive
684	0.4093567251461988	9.06	7.71	Constitutive
9926	0.3588555309288737	4.07	8.78	Constitutive
83	0.46987951807228917	10.1	10.34	Constitutive
87	0.27586206896551724	8.55	5.4	Constitutive
1084	0.48247232472324725	8.98	10.55	Constitutive
942	0.6008492569002123	6.3	10.3	Constitutive
26492	0.4144647440736826	8.4	7.41	Constitutive
9455	0.4407191961924907	10.86	10.4	Constitutive
2965	0.5052276559865093	5.26	10.17	Constitutive
1943	0.6016469377251673	8.23	10.36	Constitutive
2394	0.4594820384294068	9.45	9.8	Constitutive
2468	0.34157212317666125	9.27	4.74	Constitutive
7329	0.3667621776504298	5.94	1.6	Constitutive
19559	0.40722940845646505	8.68	9.56	Constitutive
2094	0.45463228271251194	10.19	6.6	Constitutive
5399	0.41266901278014445	9.66	8.06	Constitutive
601	0.389351081530782	11.08	11.06	Constitutive
809	0.4907292954264524	10.65	7.46	Constitutive
4029	0.40109208240258126	8.35	8.36	Constitutive
610	0.5950819672131148	9.48	9.62	Constitutive
1055	0.3848341232227488	4.58	9.87	Constitutive
629	0.6724960254372019	4.73	6.0	Constitutive
119	0.6050420168067226	5.26	6.88	Constitutive
1382	0.4312590448625181	6.49	1.35	Constitutive
1451	0.4266023432115782	7.09	6.86	Constitutive
6200	0.3532258064516129	9.22	6.36	Constitutive
5551	0.5752116735723293	9.14	12.53	Constitutive
2057	0.3067574137092854	6.3	4.05	Constitutive
660	0.5303030303030303	10.07	10.85	Constitutive
2205	0.41768707482993195	9.43	6.66	Constitutive
416	0.28365384615384615	4.86	4.18	Constitutive
5130	0.557504873294347	10.28	10.91	Constitutive
8667	0.3934464059074651	7.79	12.01	Constitutive
2282	0.4171779141104294	10.28	11.58	Constitutive
15184	0.458377239199157	9.35	11.49	Constitutive
1845	0.44661246612466127	9.68	6.45	Constitutive
6108	0.3889980353634578	8.28	8.17	Constitutive
131	0.3893129770992366	5.55	9.82	Constitutive
2702	0.4078460399703923	8.14	9.52	Constitutive
1421	0.4180154820548909	8.46	9.75	Constitutive
1618	0.3831891223733004	10.28	9.58	Constitutive
1601	0.4278575890068707	8.28	3.37	Constitutive
1944	0.5452674897119342	9.99	7.18	Constitutive
3184	0.37751256281407036	6.36	5.6	Constitutive
527	0.571157495256167	7.81	9.82	Constitutive
421	0.43705463182897863	7.2	7.78	Constitutive
1893	0.5541468568409932	10.07	5.68	Constitutive
21775	0.3850746268656716	10.77	12.41	Constitutive
8536	0.4571227741330834	10.15	7.7	Constitutive
106	0.7452830188679245	9.33	8.55	Constitutive
5834	0.4628042509427494	6.66	8.0	Constitutive
203	0.5960591133004927	6.6	6.53	Constitutive
1729	0.4719491035280509	6.14	9.16	Constitutive
1662	0.43501805054151627	6.64	8.59	Constitutive
2801	0.37986433416636917	9.43	10.15	Constitutive
1673	0.4100418410041841	8.08	9.64	Constitutive
173	0.5722543352601156	5.87	9.11	Constitutive
4232	0.45888468809073724	11.37	10.4	Constitutive
383	0.7493472584856397	4.3	6.43	Constitutive
749	0.6074766355140186	5.87	9.98	Constitutive
6984	0.43986254295532645	10.47	10.54	Constitutive
7397	0.39191564147627417	8.59	7.56	Constitutive
532	0.3533834586466165	10.65	9.14	Constitutive
3220	0.34596273291925467	9.65	6.25	Constitutive
3532	0.5150056625141562	6.71	11.36	Constitutive
1394	0.35581061692969873	9.04	8.63	Constitutive
17364	0.44263994471319973	6.69	10.44	Constitutive
68212	0.4186506773001818	10.17	8.08	Constitutive
2454	0.34270578647106764	11.0	11.46	Constitutive
9874	0.3726959692120721	8.88	12.78	Constitutive
1110	0.3108108108108108	7.65	11.38	Constitutive
1004	0.45119521912350596	6.99	7.28	Constitutive
233	0.6266094420600858	7.7	10.2	Constitutive
12766	0.5782547391508694	8.88	12.94	Constitutive
105	0.37142857142857144	7.25	1.54	Constitutive
1143	0.399825021872266	9.06	8.15	Constitutive
171	0.6081871345029239	5.01	6.0	Constitutive
1079	0.44300278035217794	7.33	7.8	Constitutive
20220	0.43788328387734915	8.99	12.53	Constitutive
270	0.6185185185185185	6.14	10.49	Constitutive
1704	0.43896713615023475	5.73	11.5	Constitutive
1770	0.496045197740113	11.78	10.03	Constitutive
615	0.4878048780487805	8.4	10.83	Constitutive
933	0.3311897106109325	7.26	9.23	Constitutive
151	0.4105960264900662	9.88	9.57	Constitutive
42743	0.4667664880799195	10.67	11.26	Constitutive
1519	0.3936800526662278	7.43	9.49	Constitutive
1630	0.5791411042944785	9.01	9.19	Constitutive
894	0.3926174496644295	7.46	7.84	Constitutive
3348	0.4572879330943847	8.55	4.63	Constitutive
1931	0.31796996374935266	4.24	9.81	Constitutive
705	0.46099290780141844	10.07	5.05	Constitutive
3428	0.41831971995332556	9.46	6.95	Constitutive
3456	0.38078703703703703	4.36	8.81	Constitutive
1637	0.6664630421502749	9.6	10.59	Constitutive
7114	0.38051728985099803	10.86	8.38	Constitutive
126	0.2619047619047619	6.41	4.66	Constitutive
2073	0.41582247949831164	4.44	7.81	Constitutive
3695	0.3009472259810555	7.64	9.54	Constitutive
8173	0.4053591092622048	9.46	10.87	Constitutive
236	0.5466101694915254	10.86	6.52	Constitutive
1323	0.490551776266062	9.22	4.14	Constitutive
89	0.6629213483146067	8.7	9.32	Constitutive
1507	0.33775713337757135	8.14	8.32	Constitutive
4770	0.4593291404612159	10.13	7.11	Constitutive
51262	0.39331278529905195	7.53	12.44	Constitutive
21570	0.3678720445062587	8.59	9.55	Constitutive
2508	0.3444976076555024	9.63	8.99	Constitutive
1936	0.41838842975206614	9.46	7.11	Constitutive
1971	0.5570776255707762	10.49	11.96	Constitutive
2674	0.36462228870605834	4.94	6.42	Constitutive
757	0.5336856010568032	2.83	5.63	Constitutive
1801	0.5641310383120489	9.8	10.06	Constitutive
4988	0.5032076984763433	10.47	6.53	Constitutive
4364	0.5123739688359303	9.31	10.31	Constitutive
4506	0.520861074123391	10.07	11.14	Constitutive
554	0.3971119133574007	8.99	11.19	Constitutive
262	0.648854961832061	5.56	11.51	Constitutive
1304	0.5345092024539877	7.23	5.63	Constitutive
1019	0.5299313052011776	10.36	9.59	Constitutive
2226	0.5570530098831986	8.3	7.49	Constitutive
28075	0.3871772039180766	8.85	8.96	Constitutive
6481	0.461348557321401	9.43	9.08	Constitutive
64544	0.4046696826970749	1.85	10.93	Constitutive
18528	0.3993415371329879	10.07	11.04	Constitutive
242	0.6859504132231405	6.99	7.99	Constitutive
551	0.4301270417422868	7.8	11.72	Constitutive
975	0.5230769230769231	5.61	7.87	Constitutive
1162	0.5301204819277109	9.6	9.55	Constitutive
3891	0.5314829092778206	10.47	7.02	Constitutive
8350	0.5925748502994012	10.1	11.85	Constitutive
2844	0.38924050632911394	7.1	8.58	Constitutive
295	0.576271186440678	8.07	10.19	Constitutive
139	0.6474820143884892	5.96	8.61	Constitutive
36470	0.4338634494104744	5.59	11.3	Constitutive
1474	0.3093622795115332	8.59	9.6	Constitutive
13094	0.38643653581793186	7.96	6.49	Constitutive
1333	0.5536384096024006	9.79	8.8	Constitutive
1140	0.4710526315789474	10.52	13.28	Constitutive
1919	0.5013027618551329	10.67	11.85	Constitutive
389	0.596401028277635	8.73	10.36	Constitutive
490	0.2612244897959184	10.22	10.97	Constitutive
1418	0.42595204513399154	9.09	9.55	Constitutive
928	0.5678879310344828	-0.18	-0.83	Constitutive
648	0.2716049382716049	2.63	8.15	Constitutive
1840	0.5467391304347826	11.08	8.45	Constitutive
4635	0.42265372168284787	4.41	7.0	Constitutive
20521	0.4230787973295648	10.24	7.7	Constitutive
158	0.4240506329113924	10.47	11.08	Constitutive
2791	0.4743819419562881	9.85	6.87	Constitutive
524	0.3931297709923664	8.17	2.09	Constitutive
1680	0.3761904761904762	8.83	10.04	Constitutive
648	0.33796296296296297	9.35	10.11	Constitutive
773	0.3311772315653299	7.43	9.33	Constitutive
3575	0.4433566433566434	10.08	4.9	Constitutive
2955	0.4230118443316413	9.65	7.6	Constitutive
5458	0.3968486625137413	7.33	10.29	Constitutive
3693	0.4091524505821825	8.16	12.61	Constitutive
1229	0.43938161106590723	10.67	6.96	Constitutive
346	0.2774566473988439	7.96	4.58	Constitutive
5999	0.39606601100183364	7.64	5.76	Constitutive
3460	0.4060693641618497	10.03	10.08	Constitutive
48712	0.3704015437674495	9.14	5.68	Constitutive
175	0.6171428571428571	10.07	6.46	Constitutive
222	0.481981981981982	8.23	9.13	Constitutive
1305	0.3471264367816092	9.55	7.55	Constitutive
965	0.40310880829015544	6.39	7.47	Constitutive
2030	0.41576354679802957	6.43	-3.09	Constitutive
746	0.47989276139410186	5.99	10.41	Constitutive
4910	0.37556008146639513	7.69	7.39	Constitutive
1805	0.3828254847645429	10.07	6.89	Constitutive
227	0.42731277533039647	10.03	9.06	Constitutive
86	0.5465116279069767	7.46	7.95	Constitutive
1054	0.3918406072106262	8.85	4.43	Constitutive
3019	0.3795958926796953	9.88	9.95	Constitutive
1207	0.3396851698425849	10.36	5.17	Constitutive
865	0.5514450867052023	9.6	7.07	Constitutive
794	0.5465994962216625	11.11	10.48	Constitutive
1700	0.35058823529411764	9.72	9.77	Constitutive
1364	0.374633431085044	10.67	5.35	Constitutive
19849	0.3706987757569651	9.49	14.14	Constitutive
6989	0.43811704106453	8.62	9.44	Constitutive
119	0.6050420168067226	9.55	8.84	Constitutive
459	0.25272331154684097	10.28	5.03	Constitutive
1029	0.5413022351797862	9.11	11.36	Constitutive
2640	0.4625	3.45	5.9	Constitutive
88	0.6477272727272727	7.85	5.86	Constitutive
1675	0.3940298507462687	9.55	5.74	Constitutive
1059	0.5014164305949008	8.76	9.93	Constitutive
37067	0.44665065961637035	9.6	8.61	Constitutive
2192	0.4260948905109489	10.77	10.28	Constitutive
438	0.5114155251141552	7.79	11.79	Constitutive
15229	0.33344277365552566	7.22	11.14	Constitutive
4217	0.4384633625800332	2.77	6.26	Constitutive
2112	0.3300189393939394	9.16	7.77	Constitutive
126	0.3492063492063492	5.73	9.08	Constitutive
1049	0.6062917063870352	9.16	4.09	Constitutive
5354	0.3615988046320508	8.99	14.07	Constitutive
267	0.5880149812734082	8.29	8.02	Constitutive
4012	0.5396311066799602	10.65	8.83	Constitutive
6618	0.5225143547899668	8.41	10.66	Constitutive
4133	0.3130897653036535	9.22	7.34	Constitutive
442	0.4796380090497738	9.6	9.72	Constitutive
10117	0.3361668478798063	10.77	8.18	Constitutive
10853	0.4115912650879941	11.0	6.36	Constitutive
256	0.5	10.47	9.22	Constitutive
14330	0.3641311933007676	3.45	10.74	Constitutive
720	0.6236111111111111	6.03	10.88	Constitutive
4474	0.4537326776933393	7.23	9.66	Constitutive
277	0.779783393501805	9.6	10.66	Constitutive
111	0.38738738738738737	8.38	9.78	Constitutive
4593	0.3548878728499891	9.79	9.02	Constitutive
87	0.5862068965517241	4.15	6.43	Constitutive
371	0.5390835579514824	11.11	2.15	Constitutive
552	0.40942028985507245	9.22	5.69	Constitutive
3484	0.3714121699196326	6.82	12.68	Constitutive
5811	0.39580106694200656	7.81	9.44	Constitutive
4838	0.42455560148821825	9.14	11.53	Constitutive
3704	0.3911987041036717	8.88	6.99	Constitutive
3602	0.386729594669628	9.46	9.56	Constitutive
2067	0.47363328495403967	9.79	7.01	Constitutive
2701	0.393557941503147	2.46	9.95	Constitutive
378	0.6190476190476191	9.66	8.14	Constitutive
294	0.5986394557823129	10.49	6.58	Constitutive
910	0.4065934065934066	9.79	7.02	Constitutive
5393	0.39254589282403113	9.6	10.39	Constitutive
2730	0.37435897435897436	10.51	7.89	Constitutive
2839	0.38323353293413176	7.3	11.11	Constitutive
40043	0.34855030841845014	10.51	6.88	Constitutive
560	0.3267857142857143	8.88	5.91	Constitutive
928	0.4525862068965517	7.39	11.61	Constitutive
6057	0.4153871553574377	5.3	9.52	Constitutive
150400	0.400625	8.07	12.27	Constitutive
2635	0.47476280834914614	10.86	9.55	Constitutive
128	0.609375	4.94	12.68	Constitutive
1695	0.49793510324483775	10.57	8.31	Constitutive
640	0.3046875	8.89	2.43	Constitutive
89	0.5168539325842697	9.82	9.24	Constitutive
6641	0.49480499924710136	7.92	8.46	Constitutive
2455	0.4924643584521385	10.77	13.89	Constitutive
1067	0.6710402999062793	8.91	11.43	Constitutive
135	0.6444444444444445	9.49	10.38	Constitutive
1204	0.4393687707641196	5.63	10.31	Constitutive
21655	0.37372431309166476	7.72	9.62	Constitutive
6772	0.5469580626107502	10.47	7.97	Constitutive
11518	0.38496266712971	8.76	8.71	Constitutive
1876	0.5005330490405118	10.67	9.81	Constitutive
1077	0.48746518105849584	8.24	8.94	Constitutive
642	0.42990654205607476	7.75	7.28	Constitutive
3926	0.3769740193581253	3.22	5.84	Constitutive
101	0.6039603960396039	4.95	5.66	Constitutive
1283	0.6492595479345284	8.34	7.31	Constitutive
83	0.30120481927710846	4.24	8.04	Constitutive
2710	0.5029520295202952	11.08	7.07	Constitutive
356	0.5955056179775281	4.72	5.28	Constitutive
434	0.6359447004608295	7.94	9.12	Constitutive
1574	0.3703939008894536	9.14	6.59	Constitutive
1708	0.5544496487119438	8.51	4.88	Constitutive
2552	0.39106583072100315	10.65	10.92	Constitutive
211	0.5687203791469194	7.8	7.35	Constitutive
3538	0.5525720746184285	9.1	6.76	Constitutive
12011	0.5346765464990425	6.57	12.42	Constitutive
2010	0.5313432835820896	5.88	-1.1	Constitutive
969	0.6233230134158927	5.96	6.12	Constitutive
46407	0.48520697308595684	9.6	10.11	Constitutive
196	0.6479591836734694	6.8	2.92	Constitutive
1872	0.33600427350427353	10.75	8.0	Constitutive
2951	0.40494747543205695	8.59	10.34	Constitutive
88	0.6136363636363636	2.57	6.6	Constitutive
1094	0.5374771480804388	9.49	5.47	Constitutive
470	0.4702127659574468	6.97	7.25	Constitutive
7969	0.35474965491278704	3.39	10.27	Constitutive
8450	0.40473372781065087	11.01	9.66	Constitutive
1248	0.3229166666666667	9.09	12.61	Constitutive
133	0.45864661654135336	6.46	10.35	Constitutive
32504	0.38844449913856754	9.82	6.02	Constitutive
9204	0.3859191655801825	10.57	11.48	Constitutive
14166	0.38112381759141606	10.47	8.32	Constitutive
2300	0.48695652173913045	7.92	5.49	Constitutive
45717	0.3792243585537109	7.43	11.68	Constitutive
2001	0.3798100949525237	9.11	6.86	Constitutive
849	0.49469964664310956	3.77	7.29	Constitutive
88	0.6818181818181818	9.16	8.2	Constitutive
565	0.30265486725663715	8.23	7.72	Constitutive
516	0.29069767441860467	7.08	7.79	Constitutive
5666	0.4142252029650547	6.13	11.95	Constitutive
87	0.3103448275862069	9.46	10.03	Constitutive
64409	0.3594994488347902	9.45	12.52	Constitutive
28211	0.4526957569742299	8.34	13.64	Constitutive
3762	0.47527910685805425	8.2	8.22	Constitutive
158	0.6835443037974683	8.76	10.93	Constitutive
105	0.6	10.77	10.6	Constitutive
932	0.3562231759656652	2.95	10.69	Constitutive
2088	0.3773946360153257	8.92	9.37	Constitutive
5793	0.4136026238563784	10.45	9.29	Constitutive
2021	0.38644235526966847	8.62	7.14	Constitutive
699	0.36337625178826893	6.43	12.24	Constitutive
17970	0.4461324429604897	9.72	7.15	Constitutive
93	0.3978494623655914	7.88	8.25	Constitutive
12268	0.49380502119334857	5.82	9.56	Constitutive
1139	0.4424934152765584	9.79	1.69	Constitutive
1303	0.4382194934765925	6.6	10.92	Constitutive
5976	0.5118808567603749	11.01	9.33	Constitutive
1591	0.3802639849151477	9.06	8.98	Constitutive
82	0.5609756097560976	10.47	12.4	Constitutive
5700	0.437719298245614	6.86	13.41	Constitutive
1021	0.3584720861900098	6.3	12.66	Constitutive
802	0.3915211970074813	1.69	10.32	Constitutive
1115	0.379372197309417	8.72	10.21	Constitutive
1210	0.5867768595041323	-18.14	3.24	Constitutive
81	0.4567901234567901	9.26	12.06	Constitutive
1123	0.38646482635796975	5.43	5.84	Constitutive
777	0.42213642213642216	8.98	6.16	Constitutive
243	0.6131687242798354	6.13	11.55	Constitutive
709	0.5133991537376587	4.44	9.32	Constitutive
86	0.3023255813953488	8.56	6.32	Constitutive
1216	0.48519736842105265	9.09	10.17	Constitutive
945	0.3343915343915344	5.94	10.92	Constitutive
631	0.6561014263074485	8.88	7.97	Constitutive
591	0.3993231810490694	7.64	11.0	Constitutive
194	0.5567010309278351	4.5	10.45	Constitutive
124	0.7903225806451613	10.9	7.72	Constitutive
86	0.5465116279069767	7.46	7.95	Constitutive
479	0.5177453027139874	7.4	7.92	Constitutive
14769	0.41898571331843726	10.65	7.24	Constitutive
1961	0.37939826619071904	3.11	9.45	Constitutive
7526	0.3851979803348392	7.87	8.5	Constitutive
167	0.6407185628742516	4.06	11.01	Constitutive
236	0.2923728813559322	10.47	5.98	Constitutive
3081	0.46575787082116193	11.11	6.99	Constitutive
8228	0.355736509479825	3.51	8.52	Constitutive
5298	0.36655341638354094	9.48	9.32	Constitutive
10648	0.418106686701728	9.48	10.66	Constitutive
1886	0.4411452810180276	6.91	1.81	Constitutive
2858	0.4926522043386984	8.24	11.62	Constitutive
49504	0.5415319974143503	8.4	10.47	Constitutive
679	0.3873343151693667	3.1	5.55	Constitutive
16587	0.392114306384518	2.37	4.79	Constitutive
4474	0.4150648189539562	10.13	9.76	Constitutive
993	0.47633434038267874	6.38	0.9	Constitutive
506	0.3201581027667984	10.08	8.35	Constitutive
2461	0.42340511986997154	9.45	7.07	Constitutive
1421	0.39268121041520054	9.6	6.55	Constitutive
13772	0.4483009003775777	10.19	10.36	Constitutive
1026	0.6423001949317739	3.47	11.39	Constitutive
2082	0.5206532180595581	8.38	10.8	Constitutive
84	0.6428571428571429	7.82	11.55	Constitutive
3019	0.5385889367340179	7.23	8.63	Constitutive
993	0.5075528700906344	9.35	9.03	Constitutive
5625	0.4318222222222222	9.22	10.85	Constitutive
975	0.5753846153846154	9.6	12.07	Constitutive
1833	0.4157119476268412	10.47	5.91	Constitutive
85	0.24705882352941178	9.55	7.88	Constitutive
550	0.3981818181818182	2.7	4.67	Constitutive
6324	0.3605313092979127	6.12	9.39	Constitutive
18157	0.4360301811973344	8.76	10.29	Constitutive
5807	0.4856208024797658	10.16	11.31	Constitutive
13273	0.3974233406162887	8.83	8.22	Constitutive
21587	0.4515680733774957	10.1	11.96	Constitutive
405	0.45185185185185184	7.97	9.32	Constitutive
4348	0.5862465501379944	-10.13	12.69	Constitutive
134280	0.39281352397974384	7.81	7.13	Constitutive
7189	0.3762693003199332	8.63	9.47	Constitutive
5777	0.43326986325082223	9.89	5.48	Constitutive
7196	0.3832684824902724	10.57	7.29	Constitutive
458	0.34279475982532753	8.59	9.22	Constitutive
3401	0.4342840341076154	9.65	8.07	Constitutive
2795	0.34239713774597497	8.46	8.03	Constitutive
5931	0.3783510369246333	7.46	11.51	Constitutive
19095	0.40502749410840533	9.65	8.45	Constitutive
368	0.5217391304347826	8.68	7.48	Constitutive
103	0.2815533980582524	10.22	10.47	Constitutive
923	0.4084507042253521	9.37	9.91	Constitutive
287	0.6794425087108014	6.29	5.44	Constitutive
2144	0.35261194029850745	7.46	7.86	Constitutive
1712	0.3744158878504673	9.49	3.96	Constitutive
334	0.437125748502994	8.68	7.16	Constitutive
1990	0.4949748743718593	7.42	9.18	Constitutive
1396	0.42406876790830944	8.14	4.13	Constitutive
13171	0.5104396021562524	8.04	11.22	Constitutive
140305	0.3656676526139482	8.73	10.28	Constitutive
2683	0.5378307864330972	6.46	7.98	Constitutive
67272	0.4476305149244857	8.63	10.01	Constitutive
3413	0.4564898915909757	7.44	5.59	Constitutive
445	0.44719101123595506	8.3	4.35	Constitutive
840	0.28095238095238095	11.08	7.62	Constitutive
977	0.5987717502558854	7.0	10.82	Constitutive
534	0.5318352059925093	10.1	9.67	Constitutive
23721	0.4110282028582269	7.21	12.19	Constitutive
2323	0.38527765820060267	5.77	11.47	Constitutive
3270	0.4452599388379205	10.51	3.76	Constitutive
38449	0.5431350620302219	11.08	13.58	Constitutive
1318	0.3148710166919575	6.77	10.73	Constitutive
382	0.28534031413612565	10.48	10.76	Constitutive
2391	0.437892095357591	10.36	7.93	Constitutive
120133	0.36271465792080443	10.28	10.82	Constitutive
87	0.6781609195402298	-0.45	7.37	Constitutive
12733	0.38074295138616193	5.89	11.15	Constitutive
7908	0.5287051087506323	10.24	12.09	Constitutive
12981	0.4211539942993606	6.82	6.16	Constitutive
1785	0.36694677871148457	9.79	6.73	Constitutive
118	0.2966101694915254	9.37	7.97	Constitutive
3146	0.3795295613477432	3.14	9.37	Constitutive
8083	0.44686378819745143	6.12	-0.06	Constitutive
25532	0.4345135516214946	9.49	7.73	Constitutive
786	0.5661577608142494	6.43	3.33	Constitutive
1775	0.4923943661971831	8.68	8.78	Constitutive
27023	0.42500832624060986	7.77	10.8	Constitutive
1348	0.49258160237388726	8.59	8.53	Constitutive
3027	0.38982490915097456	10.45	10.8	Constitutive
2730	0.37435897435897436	10.51	7.89	Constitutive
5147	0.4276277443170779	9.94	8.83	Constitutive
547	0.5082266910420475	9.85	6.0	Constitutive
3803	0.5374704180909808	10.24	7.5	Constitutive
136	0.625	11.45	8.09	Constitutive
34947	0.44321400978624775	10.45	11.09	Constitutive
2493	0.3862815884476534	5.3	10.97	Constitutive
1850	0.41783783783783784	5.76	5.48	Constitutive
4288	0.34305037313432835	8.35	8.02	Constitutive
1169	0.378956372968349	8.35	7.21	Constitutive
125	0.512	10.19	11.64	Constitutive
10748	0.5096762188314105	9.65	11.16	Constitutive
3292	0.35510328068043745	9.14	11.59	Constitutive
291	0.5360824742268041	5.85	11.26	Constitutive
2144	0.6044776119402985	7.75	8.7	Constitutive
14198	0.4157627834906325	10.9	11.51	Constitutive
1049	0.3746425166825548	8.17	7.31	Constitutive
114	0.5175438596491229	10.1	5.76	Constitutive
1120	0.42410714285714285	9.06	11.05	Constitutive
696	0.6149425287356322	8.3	11.1	Constitutive
2074	0.38042430086788814	6.14	5.03	Constitutive
1168	0.4195205479452055	7.44	10.14	Constitutive
135	0.45185185185185184	7.54	5.94	Constitutive
2181	0.4039431453461715	11.01	8.38	Constitutive
3132	0.36398467432950193	2.81	4.81	Constitutive
134181	0.41686975056080966	9.25	10.46	Constitutive
4158	0.3936988936988937	9.48	10.42	Constitutive
2562	0.3559718969555035	6.82	9.75	Constitutive
3412	0.37485345838218054	8.59	9.63	Constitutive
1641	0.4308348567946374	6.23	5.93	Constitutive
74	0.527027027027027	3.37	10.47	Constitutive
339	0.6076696165191741	2.84	3.3	Constitutive
1973	0.35884439939178914	9.21	6.51	Constitutive
6387	0.4330671676843589	6.02	6.93	Constitutive
204	0.6029411764705882	7.94	11.32	Constitutive
1742	0.3450057405281286	9.27	7.69	Constitutive
1756	0.34738041002277903	-4.71	8.22	Constitutive
629	0.670906200317965	8.76	12.74	Constitutive
5809	0.45240144603201926	10.06	8.51	Constitutive
386	0.6398963730569949	4.07	7.76	Constitutive
6693	0.4552517555655162	10.22	10.01	Constitutive
17111	0.4075740751563322	8.99	11.37	Constitutive
45853	0.4105511089786928	6.39	10.5	Constitutive
1135	0.4986784140969163	10.03	10.1	Constitutive
1924	0.49376299376299376	7.93	10.79	Constitutive
626	0.4169329073482428	8.63	11.4	Constitutive
742	0.568733153638814	10.65	3.88	Constitutive
2243	0.6058849754792688	11.11	9.34	Constitutive
62	0.45161290322580644	10.38	-7.06	Constitutive
1098	0.6621129326047359	4.05	4.81	Constitutive
24206	0.521978021978022	8.95	13.48	Constitutive
4245	0.3792697290930506	7.63	12.75	Constitutive
2066	0.57405614714424	7.13	9.9	Constitutive
633	0.4518167456556082	4.45	8.96	Constitutive
3089	0.3525412754936873	7.4	9.12	Constitutive
471	0.7770700636942676	11.45	10.31	Constitutive
5904	0.4087059620596206	10.28	9.55	Constitutive
25310	0.36179375740813907	10.86	9.48	Constitutive
5897	0.5260301848397491	8.73	6.57	Constitutive
589	0.3633276740237691	11.08	3.17	Constitutive
248	0.6693548387096774	8.95	10.26	Constitutive
191	0.6178010471204188	9.89	6.81	Constitutive
4063	0.41668717696283536	10.08	11.0	Constitutive
165	0.6181818181818182	4.28	4.75	Constitutive
370	0.42702702702702705	11.08	10.89	Constitutive
110	0.5636363636363636	7.43	10.14	Constitutive
819	0.326007326007326	8.46	12.58	Constitutive
587	0.5519591141396933	10.03	9.52	Constitutive
155	0.7483870967741936	6.92	6.24	Constitutive
682	0.3782991202346041	10.13	12.4	Constitutive
736	0.5788043478260869	7.75	12.01	Constitutive
559	0.3076923076923077	7.84	6.23	Constitutive
2704	0.39607988165680474	8.31	8.23	Constitutive
1828	0.41739606126914663	5.94	7.97	Constitutive
1833	0.3938897981451173	4.23	6.21	Constitutive
138	0.5	9.06	10.48	Constitutive
79	0.6708860759493671	9.1	7.94	Constitutive
1020	0.296078431372549	7.31	9.38	Constitutive
314	0.4394904458598726	10.15	-3.25	Constitutive
641	0.6287051482059283	7.97	3.91	Constitutive
1916	0.4848643006263048	5.05	7.36	Constitutive
180	0.2777777777777778	9.08	6.21	Constitutive
4511	0.3569053424961206	7.44	8.04	Constitutive
1935	0.5229974160206718	3.69	3.23	Constitutive
1883	0.3680297397769517	8.38	9.87	Constitutive
440	0.4090909090909091	10.16	7.76	Constitutive
544	0.53125	8.68	7.73	Constitutive
6740	0.40222551928783384	9.72	10.72	Constitutive
483	0.5217391304347826	9.99	6.77	Constitutive
200	0.75	7.81	-3.34	Constitutive
421	0.5486935866983373	0.95	7.75	Constitutive
95	0.6526315789473685	7.0	7.7	Constitutive
468	0.6068376068376068	8.7	5.07	Constitutive
11922	0.3950679416205335	8.39	8.27	Constitutive
13063	0.40633851335834037	7.08	6.78	Constitutive
88	0.6931818181818182	7.61	8.95	Constitutive
6853	0.3783744345542098	11.08	9.05	Constitutive
2174	0.4567617295308188	9.57	8.97	Constitutive
297	0.32996632996632996	9.72	1.22	Constitutive
251	0.3187250996015936	9.14	7.8	Constitutive
160	0.55	2.05	10.88	Constitutive
10020	0.4941117764471058	7.75	9.7	Constitutive
1262	0.5467511885895404	9.16	5.96	Constitutive
1328	0.4992469879518072	4.51	8.29	Constitutive
562	0.7206405693950177	7.66	11.2	Constitutive
3582	0.47738693467336685	7.23	9.59	Constitutive
1486	0.2960969044414536	7.96	9.3	Constitutive
2623	0.515059092642013	10.08	6.35	Constitutive
64569	0.41482754882373896	8.59	8.71	Constitutive
25755	0.3468841001747234	8.1	7.5	Constitutive
7797	0.3641144029755034	10.22	6.37	Constitutive
2508	0.388755980861244	9.26	10.91	Constitutive
7185	0.44370215727209467	9.11	10.86	Constitutive
11190	0.4277033065236819	9.06	10.63	Constitutive
2475	0.45171717171717174	8.49	11.74	Constitutive
2745	0.38907103825136613	11.0	7.8	Constitutive
2920	0.3284246575342466	10.77	6.21	Constitutive
3444	0.38443670150987225	-1.1	8.08	Constitutive
8735	0.4021751574127075	8.38	11.69	Constitutive
2912	0.48592032967032966	8.02	9.78	Constitutive
722	0.6426592797783933	9.1	8.03	Constitutive
1319	0.4723275208491281	9.31	12.23	Constitutive
1859	0.6078536847767617	8.56	10.25	Constitutive
698	0.6117478510028653	8.81	11.32	Constitutive
96067	0.35512715084264107	7.22	10.8	Constitutive
225	0.6	10.13	11.92	Constitutive
1371	0.513493800145879	10.67	10.94	Constitutive
5676	0.39570119802677944	10.36	5.16	Constitutive
6702	0.541480155177559	7.93	8.65	Constitutive
1273	0.34328358208955223	10.29	2.38	Constitutive
4160	0.49254807692307695	10.67	8.85	Constitutive
57543	0.3270076290773856	11.78	8.72	Constitutive
157	0.6305732484076433	9.16	10.42	Constitutive
1901	0.34350341925302474	7.96	7.19	Constitutive
932	0.398068669527897	10.65	7.76	Constitutive
810	0.6296296296296297	7.63	7.8	Constitutive
3218	0.3132380360472343	6.64	6.18	Constitutive
6676	0.4152186938286399	9.8	7.77	Constitutive
748	0.5280748663101604	6.06	10.04	Constitutive
143	0.5384615384615384	1.57	9.52	Constitutive
375	0.5973333333333334	7.93	7.71	Constitutive
40100	0.43339152119700747	10.47	4.75	Constitutive
32907	0.3692831312486705	10.67	10.91	Constitutive
5464	0.46321376281112736	7.05	8.97	Constitutive
215	0.6139534883720931	3.77	7.72	Constitutive
76131	0.3926521390760663	7.83	5.82	Constitutive
922	0.3676789587852495	9.07	6.12	Constitutive
3390	0.41061946902654867	10.29	6.23	Constitutive
1493	0.5371734762223711	5.26	7.6	Constitutive
1076	0.48141263940520446	9.65	9.81	Constitutive
80	0.675	7.36	8.93	Constitutive
1449	0.3712905452035887	8.83	7.42	Constitutive
5449	0.3989722884933015	9.45	9.36	Constitutive
1410	0.4390070921985816	9.49	10.15	Constitutive
697	0.5667144906743186	-11.38	-17.93	Constitutive
319	0.5830721003134797	10.45	11.39	Constitutive
941	0.3475026567481403	7.51	9.57	Constitutive
892	0.5011210762331838	10.86	3.71	Constitutive
10968	0.5042851932895697	7.84	5.04	Constitutive
2710	0.3896678966789668	7.79	5.74	Constitutive
2493	0.5102286401925391	5.84	11.44	Constitutive
4898	0.5859534503879135	9.44	13.71	Constitutive
8723	0.38851312621804424	10.91	3.17	Constitutive
9974	0.4531782634850612	10.53	12.52	Constitutive
809	0.48331273176761436	10.47	8.04	Constitutive
96	0.7291666666666666	8.17	10.24	Constitutive
1881	0.3763955342902711	10.07	7.18	Constitutive
332	0.4608433734939759	10.03	6.57	Constitutive
156	0.5192307692307693	9.45	11.2	Constitutive
8666	0.4060696976690515	10.77	11.68	Constitutive
745	0.574496644295302	10.28	12.48	Constitutive
3061	0.3819013394315583	9.65	8.13	Constitutive
7310	0.3917920656634747	11.0	9.0	Constitutive
3059	0.35861392611964693	8.38	9.58	Constitutive
1328	0.43448795180722893	1.05	8.57	Constitutive
2752	0.3172238372093023	8.35	10.97	Constitutive
347	0.2478386167146974	8.88	10.7	Constitutive
2104	0.33935361216730037	9.65	7.14	Constitutive
145	0.6413793103448275	7.93	9.72	Constitutive
277	0.4296028880866426	5.87	11.16	Constitutive
1071	0.38562091503267976	7.96	9.93	Constitutive
3825	0.47398692810457516	7.2	7.41	Constitutive
741	0.48582995951417	8.55	9.63	Constitutive
6455	0.40759101471727344	9.35	13.27	Constitutive
117	0.46153846153846156	9.26	2.81	Constitutive
989	0.47017189079878663	11.08	4.56	Constitutive
4626	0.4345006485084306	9.22	9.09	Constitutive
3033	0.35047807451368285	10.51	3.54	Constitutive
13764	0.5463528044173206	8.99	9.48	Constitutive
1847	0.5322144017325392	10.65	12.5	Constitutive
79	0.45569620253164556	8.41	9.73	Constitutive
197	0.4416243654822335	9.1	10.24	Constitutive
2534	0.297947908445146	9.72	10.15	Constitutive
7094	0.5528615731604173	10.28	11.25	Constitutive
2036	0.4204322200392927	7.93	8.66	Constitutive
92743	0.4372513289412678	5.37	9.27	Constitutive
3422	0.35943892460549387	10.57	11.08	Constitutive
2195	0.4633257403189066	9.99	5.12	Constitutive
4348	0.3638454461821527	7.21	3.51	Constitutive
2449	0.36831359738668845	10.28	11.61	Constitutive
6933	0.36420020193278524	8.04	10.87	Constitutive
35320	0.34563986409966024	10.65	8.24	Constitutive
1314	0.3637747336377473	6.19	6.93	Constitutive
8643	0.4264722897142196	11.0	12.88	Constitutive
179	0.4972067039106145	9.11	5.03	Constitutive
86	0.7325581395348837	9.35	6.59	Constitutive
560	0.3339285714285714	10.06	9.36	Constitutive
1325	0.4958490566037736	10.52	10.85	Constitutive
4290	0.5328671328671328	7.94	7.0	Constitutive
2046	0.4002932551319648	8.41	8.57	Constitutive
1281	0.34270101483216237	9.65	5.58	Constitutive
692	0.4595375722543353	10.77	7.31	Constitutive
135	0.4074074074074074	10.07	6.37	Constitutive
126	0.5793650793650794	7.39	7.57	Constitutive
2023	0.5239742956005932	9.6	-2.6	Constitutive
672	0.4851190476190476	9.16	9.46	Constitutive
5166	0.4132791327913279	4.79	10.72	Constitutive
19698	0.3392222560666057	7.07	7.02	Constitutive
9581	0.4069512576975264	9.6	8.82	Constitutive
320	0.571875	9.1	10.72	Constitutive
2544	0.5267295597484277	8.4	4.88	Constitutive
176	0.5795454545454546	9.44	13.28	Constitutive
529	0.5652173913043478	10.67	9.57	Constitutive
2359	0.42857142857142855	11.45	7.82	Constitutive
95	0.3894736842105263	8.02	11.26	Constitutive
991	0.3763874873864783	10.1	11.77	Constitutive
1629	0.4794352363413137	5.95	8.43	Constitutive
134	0.6567164179104478	6.46	10.47	Constitutive
1670	0.4497005988023952	7.61	7.58	Constitutive
2241	0.40963855421686746	8.49	7.84	Constitutive
1314	0.3386605783866058	8.07	8.33	Constitutive
48737	0.3868108418655231	8.89	10.43	Constitutive
1422	0.5984528832630098	8.3	10.63	Constitutive
423	0.5626477541371159	7.45	5.16	Constitutive
8105	0.4671190623072178	8.56	9.7	Constitutive
177	0.4519774011299435	8.63	8.59	Constitutive
10026	0.4021543985637343	8.55	9.18	Constitutive
2355	0.459447983014862	9.46	9.69	Constitutive
2076	0.3916184971098266	9.79	7.38	Constitutive
986	0.5578093306288032	9.6	6.13	Constitutive
1155	0.4805194805194805	6.91	12.34	Constitutive
570	0.5701754385964912	9.8	8.47	Constitutive
2648	0.3938821752265861	7.88	11.21	Constitutive
9641	0.47308370500985375	10.47	7.11	Constitutive
838	0.6181384248210023	8.56	8.81	Constitutive
105	0.6571428571428571	9.6	9.85	Constitutive
290	0.5	8.88	10.35	Constitutive
119	0.7142857142857143	3.91	9.06	Constitutive
130	0.6384615384615384	7.15	9.16	Constitutive
2345	0.40213219616204693	10.24	8.65	Constitutive
2415	0.4774327122153209	7.21	7.37	Constitutive
12002	0.4700883186135644	7.7	13.66	Constitutive
5655	0.3510167992926614	8.92	8.94	Constitutive
10702	0.3806765090637264	7.79	11.03	Constitutive
551	0.5226860254083484	8.73	8.85	Constitutive
1911	0.369440083725798	7.27	8.77	Constitutive
116	0.6637931034482759	10.07	10.47	Constitutive
1097	0.4594348222424795	9.89	9.45	Constitutive
246	0.5528455284552846	9.99	6.99	Constitutive
251	0.5816733067729084	7.82	10.36	Constitutive
690	0.4449275362318841	3.5	6.23	Constitutive
1012	0.4031620553359684	2.97	7.83	Constitutive
326	0.2791411042944785	9.99	9.34	Constitutive
2618	0.3559969442322384	8.46	6.33	Constitutive
47494	0.53587821619573	8.53	12.97	Constitutive
509	0.5343811394891945	7.39	11.51	Constitutive
1271	0.5413060582218725	7.81	9.85	Constitutive
549	0.5610200364298725	7.55	2.07	Constitutive
1283	0.37490257209664846	7.96	10.92	Constitutive
1599	0.3233270794246404	8.16	6.54	Constitutive
11093	0.3447218966916073	10.57	7.58	Constitutive
1019	0.5819430814524044	8.14	10.45	Constitutive
258	0.6046511627906976	2.02	6.66	Constitutive
2271	0.5063848524878908	0.62	9.84	Constitutive
4472	0.46288014311270126	2.93	10.93	Constitutive
721	0.6144244105409153	10.28	10.22	Constitutive
1476	0.4024390243902439	11.0	8.14	Constitutive
5198	0.47575990765679105	9.48	8.6	Constitutive
1393	0.3295046661880833	8.55	11.98	Constitutive
597	0.39195979899497485	10.28	7.18	Constitutive
4945	0.3662285136501517	8.14	11.32	Constitutive
640	0.484375	9.46	8.72	Constitutive
1596	0.462406015037594	10.17	10.67	Constitutive
715	0.4783216783216783	10.07	10.98	Constitutive
720	0.2861111111111111	9.22	6.59	Constitutive
1368	0.3406432748538012	8.76	9.86	Constitutive
99	0.5757575757575758	7.61	5.81	Constitutive
6523	0.40594818335121874	9.65	8.58	Constitutive
1678	0.49761620977353993	8.17	12.39	Constitutive
204	0.5588235294117647	6.29	9.91	Constitutive
672	0.5699404761904762	7.46	9.11	Constitutive
294	0.3333333333333333	11.08	9.26	Constitutive
611	0.5368248772504092	9.01	6.32	Constitutive
972	0.3271604938271605	8.76	3.11	Constitutive
336	0.6160714285714286	6.66	6.33	Constitutive
18798	0.4269603149271199	10.67	-0.83	Constitutive
6231	0.45466217300593803	5.06	9.66	Constitutive
1002	0.313373253493014	6.57	9.29	Constitutive
584	0.4965753424657534	7.96	10.35	Constitutive
1221	0.4201474201474201	8.0	8.65	Constitutive
94	0.6170212765957447	8.68	8.74	Constitutive
877	0.5188141391106044	7.64	9.61	Constitutive
334	0.37425149700598803	10.24	9.17	Constitutive
3083	0.5475186506649368	8.23	13.72	Constitutive
3116	0.3308729139922978	8.88	4.97	Constitutive
11460	0.40724258289703313	9.6	10.39	Constitutive
539	0.5528756957328386	8.94	10.98	Constitutive
5884	0.3891910265125765	10.47	6.8	Constitutive
19449	0.3688107357704766	10.51	8.19	Constitutive
4358	0.39674162459843965	7.63	9.27	Constitutive
11698	0.44229782868866474	7.39	10.37	Constitutive
1076	0.3141263940520446	10.67	6.0	Constitutive
1892	0.339323467230444	8.14	8.01	Constitutive
1939	0.3991748323878288	9.22	11.52	Constitutive
1179	0.361323155216285	8.68	9.43	Constitutive
128	0.6328125	2.59	7.92	Constitutive
4950	0.3882828282828283	8.4	12.24	Constitutive
357	0.6442577030812325	8.34	9.29	Constitutive
109	0.3577981651376147	8.4	6.11	Constitutive
186	0.510752688172043	-3.74	7.72	Constitutive
765	0.5790849673202615	7.44	7.07	Constitutive
1406	0.4039829302987198	10.47	9.71	Constitutive
522	0.5459770114942529	10.07	11.57	Constitutive
471	0.37579617834394907	5.77	9.2	Constitutive
5507	0.49809333575449427	9.89	4.1	Constitutive
1326	0.44720965309200605	10.47	9.41	Constitutive
2805	0.42566844919786095	9.14	8.43	Constitutive
1717	0.31857891671520094	7.64	12.31	Constitutive
210	0.5476190476190477	4.87	4.56	Constitutive
721	0.4840499306518724	3.7	7.08	Constitutive
269	0.5799256505576208	6.35	11.87	Constitutive
385	0.412987012987013	7.93	7.58	Constitutive
382	0.4005235602094241	6.62	7.08	Constitutive
816	0.6495098039215687	10.67	10.87	Constitutive
2100	0.4147619047619048	10.75	8.46	Constitutive
128	0.671875	8.95	11.05	Constitutive
1091	0.3290559120073327	9.26	6.63	Constitutive
780	0.30641025641025643	5.19	5.75	Constitutive
2075	0.3253012048192771	10.13	7.59	Constitutive
985	0.4578680203045685	9.6	7.48	Constitutive
1050	0.4742857142857143	11.08	-2.84	Constitutive
652	0.5736196319018405	6.05	5.93	Constitutive
727	0.5928473177441541	6.62	8.37	Constitutive
22043	0.49643877875062375	9.65	11.29	Constitutive
1356	0.3274336283185841	6.62	6.55	Constitutive
464	0.35560344827586204	8.3	10.91	Constitutive
130	0.8076923076923077	8.07	3.77	Constitutive
548	0.5054744525547445	4.63	8.63	Constitutive
535	0.2953271028037383	8.62	0.1	Constitutive
7428	0.38193322563274096	9.85	7.17	Constitutive
1640	0.4658536585365854	9.31	0.63	Constitutive
393	0.6234096692111959	7.26	7.41	Constitutive
29599	0.43805533970742255	10.49	8.36	Constitutive
25713	0.3959475751565356	10.08	9.59	Constitutive
2130	0.4126760563380282	7.52	5.53	Constitutive
391	0.6419437340153452	9.13	7.29	Constitutive
1807	0.32042058660763695	8.35	8.16	Constitutive
1263	0.4164687252573238	8.56	7.88	Constitutive
5008	0.42312300319488816	7.64	7.91	Constitutive
9405	0.39883040935672515	8.37	7.82	Constitutive
4979	0.35308294838320947	10.57	9.0	Constitutive
849	0.3027090694935218	9.45	9.49	Constitutive
97	0.6391752577319587	7.54	7.72	Constitutive
3583	0.39631593636617357	6.65	6.55	Constitutive
5601	0.4508123549366185	8.17	10.31	Constitutive
7360	0.3323369565217391	7.3	9.46	Constitutive
2299	0.393214441061331	9.15	9.97	Constitutive
3448	0.3587587006960557	9.21	11.81	Constitutive
6538	0.43744264301009483	9.25	10.23	Constitutive
1917	0.40271257172665625	10.24	10.02	Constitutive
41684	0.4112849054793206	5.91	10.84	Constitutive
3352	0.32249403341288785	5.46	7.34	Constitutive
1477	0.2985781990521327	9.14	8.88	Constitutive
429	0.28438228438228436	10.51	10.86	Constitutive
2505	0.38802395209580837	7.93	9.41	Constitutive
2728	0.36656891495601174	10.03	9.78	Constitutive
3460	0.4303468208092486	10.91	8.28	Constitutive
1102	0.4646098003629764	9.1	8.64	Constitutive
2448	0.4097222222222222	9.14	13.14	Constitutive
16327	0.369449378330373	8.94	6.18	Constitutive
1028	0.48735408560311283	10.65	10.07	Constitutive
530	0.7264150943396226	4.44	8.57	Constitutive
337545	0.4129227214149225	9.14	11.79	Constitutive
2432	0.3597861842105263	11.01	6.81	Constitutive
663	0.5399698340874811	10.65	9.67	Constitutive
2350	0.3931914893617021	9.49	6.69	Constitutive
464	0.28879310344827586	8.78	9.12	Constitutive
2548	0.42778649921507067	9.11	7.92	Constitutive
6357	0.6042158250747208	8.73	10.92	Constitutive
400	0.5225	7.0	12.01	Constitutive
488	0.5532786885245902	6.06	8.87	Constitutive
1131	0.4155614500442087	6.49	5.86	Constitutive
2755	0.4765880217785844	7.98	13.83	Constitutive
1355	0.5188191881918819	9.6	9.01	Constitutive
902	0.4789356984478936	8.04	12.15	Constitutive
920	0.3065217391304348	8.68	6.81	Constitutive
4914	0.36223036223036226	10.13	6.8	Constitutive
12808	0.3566520924422236	10.47	9.83	Constitutive
232	0.5172413793103449	10.1	9.77	Constitutive
5842	0.530469017459774	10.49	8.82	Constitutive
1815	0.3928374655647383	-2.79	-0.1	Constitutive
5809	0.4670339128937855	8.69	8.97	Constitutive
18043	0.3897910547026548	10.47	7.12	Constitutive
852	0.5469483568075117	10.51	11.94	Constitutive
1085	0.56036866359447	8.07	9.45	Constitutive
2036	0.47986247544204325	10.16	10.94	Constitutive
73	0.6575342465753424	11.11	11.75	Constitutive
2444	0.39198036006546644	7.64	6.38	Constitutive
1384	0.34971098265895956	10.29	12.91	Constitutive
1955	0.37442455242966755	8.02	11.46	Constitutive
1727	0.32136653155761435	7.76	4.9	Constitutive
6155	0.4958570268074736	11.0	11.02	Constitutive
3253	0.4156163541346449	10.47	9.51	Constitutive
237	0.5147679324894515	9.88	3.6	Constitutive
1285	0.36964980544747084	10.47	5.78	Constitutive
2910	0.3945017182130584	10.36	6.36	Constitutive
20390	0.4773418342324669	8.23	9.35	Constitutive
356	0.3792134831460674	7.7	6.74	Constitutive
2140	0.6154205607476636	10.86	8.74	Constitutive
7124	0.37113980909601346	4.86	8.03	Constitutive
227	0.6519823788546255	8.19	7.63	Constitutive
419	0.5465393794749404	6.64	9.78	Constitutive
700	0.6371428571428571	10.03	13.05	Constitutive
11883	0.41210132121518134	7.82	6.71	Constitutive
141	0.5460992907801419	7.21	11.28	Constitutive
1588	0.5031486146095718	-13.7	-2.98	Constitutive
116	0.3879310344827586	9.46	11.81	Constitutive
236	0.6271186440677966	9.85	13.72	Constitutive
2607	0.4426543920214806	6.32	10.18	Constitutive
5621	0.3652375022238036	9.11	9.37	Constitutive
2059	0.4764448761534726	10.28	10.18	Constitutive
443	0.5327313769751693	8.99	10.88	Constitutive
3544	0.3544018058690745	2.06	8.59	Constitutive
2410	0.3821576763485477	9.8	12.41	Constitutive
1377	0.4524328249818446	6.62	12.47	Constitutive
490	0.3469387755102041	9.99	8.55	Constitutive
706	0.43059490084985835	7.53	9.28	Constitutive
1659	0.38155515370705245	10.29	9.25	Constitutive
4992	0.5254407051282052	9.68	10.55	Constitutive
155	0.6967741935483871	7.63	7.85	Constitutive
805	0.5204968944099378	10.77	10.78	Constitutive
1889	0.42456326098464797	8.14	12.34	Constitutive
48057	0.40116944461784965	7.61	7.37	Constitutive
8011	0.4232929721632755	5.11	7.71	Constitutive
7823	0.405854531509651	7.64	7.23	Constitutive
12083	0.4349085492013573	10.28	7.69	Constitutive
519	0.7109826589595376	11.08	7.88	Constitutive
1871	0.5788348476750401	10.47	10.41	Constitutive
552	0.5471014492753623	9.25	0.31	Constitutive
1017	0.6273352999016716	9.79	6.75	Constitutive
3562	0.3368893879842785	9.49	6.11	Constitutive
700	0.6371428571428571	10.03	13.05	Constitutive
273	0.6373626373626373	8.69	11.0	Constitutive
2254	0.49423247559893524	8.54	5.34	Constitutive
11705	0.4086287911149082	10.15	9.48	Constitutive
8913	0.3926848423650847	9.37	7.98	Constitutive
13323	0.5492006304886287	11.08	10.33	Constitutive
409	0.2982885085574572	10.57	12.27	Constitutive
4795	0.5683003128258602	7.46	8.93	Constitutive
113	0.6371681415929203	5.39	8.37	Constitutive
7518	0.5534716679968077	8.69	9.95	Constitutive
2074	0.4710703953712633	6.31	10.73	Constitutive
1608	0.4129353233830846	8.41	11.48	Constitutive
4611	0.4534808067664281	7.39	4.05	Constitutive
369	0.5284552845528455	5.55	5.25	Constitutive
769	0.49934980494148246	10.51	11.85	Constitutive
222	0.35585585585585583	3.51	11.22	Constitutive
568	0.5176056338028169	-1.75	10.89	Constitutive
933	0.3311897106109325	7.26	9.23	Constitutive
116	0.28448275862068967	8.4	4.6	Constitutive
29568	0.37662337662337664	7.52	7.87	Constitutive
3247	0.5275639051432092	6.14	11.03	Constitutive
464	0.6077586206896551	8.56	5.48	Constitutive
13094	0.38643653581793186	7.96	6.49	Constitutive
496	0.45161290322580644	10.75	5.47	Constitutive
1487	0.3402824478816409	8.14	7.31	Constitutive
10762	0.41135476677197547	8.68	12.9	Constitutive
224	0.59375	10.36	5.17	Constitutive
399	0.5639097744360902	6.39	7.31	Constitutive
619	0.6138933764135702	8.95	3.7	Constitutive
87	0.6206896551724138	11.01	8.31	Constitutive
15205	0.4445905951989477	10.24	9.64	Constitutive
142	0.7605633802816901	9.35	9.45	Constitutive
128	0.625	4.47	4.77	Constitutive
7157	0.4250384239206371	11.0	8.47	Constitutive
264	0.6439393939393939	10.17	6.03	Constitutive
5139	0.44172017902315625	10.26	5.99	Constitutive
238	0.6134453781512605	8.54	9.71	Constitutive
169	0.7218934911242604	9.16	8.88	Constitutive
275	0.6509090909090909	6.23	7.42	Constitutive
1279	0.3455824863174355	6.12	9.8	Constitutive
1123	0.41050756901157615	10.28	6.24	Constitutive
3054	0.35003274394237066	10.44	8.04	Constitutive
1487	0.5561533288500337	9.6	8.12	Constitutive
1197	0.41604010025062654	10.07	9.5	Constitutive
87	0.3448275862068966	8.91	8.58	Constitutive
110	0.6727272727272727	5.97	11.11	Constitutive
3956	0.474216380182002	10.2	3.12	Constitutive
16573	0.5420261871719061	9.85	10.8	Constitutive
1316	0.3890577507598784	8.68	7.33	Constitutive
185	0.6270270270270271	9.6	5.03	Constitutive
2663	0.5054449868569283	8.83	7.91	Constitutive
789	0.5183776932826363	7.85	1.73	Constitutive
2915	0.45969125214408235	7.39	8.19	Constitutive
4476	0.45151921358355673	9.22	8.52	Constitutive
228	0.7412280701754386	9.1	10.03	Constitutive
7978	0.34645274504888446	8.73	9.32	Constitutive
19450	0.37645244215938306	9.79	9.52	Constitutive
1414	0.35007072135785006	9.11	6.82	Constitutive
2202	0.3801089918256131	10.1	11.05	Constitutive
4913	0.3800122124974557	10.51	8.78	Constitutive
87	0.5172413793103449	10.47	11.6	Constitutive
467	0.30620985010706636	10.86	9.58	Constitutive
8295	0.4426763110307414	9.22	8.5	Constitutive
3016	0.3693633952254642	5.54	10.23	Constitutive
460	0.6565217391304348	10.07	2.93	Constitutive
1118	0.45348837209302323	7.79	9.99	Constitutive
15257	0.3461361997771515	10.13	10.32	Constitutive
562	0.5391459074733096	9.16	5.99	Constitutive
532	0.5150375939849624	6.32	10.72	Constitutive
11165	0.38110165696372594	7.31	8.0	Constitutive
99	0.6565656565656566	6.23	4.95	Constitutive
543	0.6132596685082873	3.12	9.36	Constitutive
891	0.5420875420875421	9.22	3.9	Constitutive
168	0.6369047619047619	9.04	8.59	Constitutive
21343	0.4190601133861219	9.26	7.88	Constitutive
95	0.6947368421052632	8.76	8.86	Constitutive
14489	0.37483608254537926	6.91	9.01	Constitutive
139	0.38848920863309355	1.2	9.88	Constitutive
3402	0.43209876543209874	10.24	6.35	Constitutive
86190	0.39154194222067523	9.09	12.46	Constitutive
1007	0.5402184707050646	10.47	10.2	Constitutive
369	0.38482384823848237	9.65	11.24	Constitutive
1972	0.5060851926977687	9.27	8.58	Constitutive
5668	0.378969654199012	9.49	6.89	Constitutive
1872	0.5256410256410257	6.6	10.82	Constitutive
1182	0.3587140439932318	3.91	9.42	Constitutive
92	0.717391304347826	6.58	11.95	Constitutive
128	0.578125	9.88	4.57	Constitutive
105	0.6476190476190476	8.94	10.55	Constitutive
555	0.4144144144144144	8.49	9.5	Constitutive
403	0.3920595533498759	8.56	4.54	Constitutive
709	0.4527503526093089	8.34	9.92	Constitutive
6947	0.40722614078019287	9.49	-0.38	Constitutive
7549	0.3889256855212611	5.99	6.31	Constitutive
2808	0.4775641025641026	6.14	10.46	Constitutive
907	0.412348401323043	8.41	12.22	Constitutive
100	0.59	5.95	10.29	Constitutive
830	0.5313253012048192	11.08	8.23	Constitutive
6652	0.4610643415514131	10.77	10.03	Constitutive
6430	0.3807153965785381	10.24	10.55	Constitutive
15205	0.4445905951989477	10.24	9.64	Constitutive
6587	0.35934416274480036	8.55	10.36	Constitutive
3634	0.4933957072096863	9.35	8.61	Constitutive
71	0.7323943661971831	3.94	4.43	Constitutive
5410	0.4042513863216266	10.57	9.17	Constitutive
1692	0.4083924349881797	10.65	11.12	Constitutive
156	0.5769230769230769	7.61	6.95	Constitutive
9076	0.39147201410312915	8.08	3.62	Constitutive
3412	0.3452520515826495	7.31	6.45	Constitutive
8865	0.44117315284827974	9.79	10.98	Constitutive
1142	0.2679509632224168	8.55	6.21	Constitutive
1940	0.40515463917525774	9.16	8.3	Constitutive
90	0.7111111111111111	8.55	10.7	Constitutive
1798	0.39488320355951056	10.24	9.05	Constitutive
3258	0.46286065070595456	8.46	8.69	Constitutive
286	0.6853146853146853	6.03	11.48	Constitutive
2583	0.3259775454897406	6.35	9.51	Constitutive
3557	0.3387686252459938	9.6	11.06	Constitutive
593	0.32040472175379425	4.36	9.31	Constitutive
886	0.3340857787810384	8.6	5.77	Constitutive
434	0.5506912442396313	8.05	10.4	Constitutive
4419	0.48336727766463	10.29	11.45	Constitutive
4097	0.5057359043202343	8.59	9.47	Constitutive
73	0.6575342465753424	11.11	11.75	Constitutive
4856	0.3745881383855025	9.99	6.25	Constitutive
3345	0.35575485799701045	10.06	9.16	Constitutive
158	0.2974683544303797	5.67	4.38	Constitutive
3685	0.43582089552238806	7.64	9.04	Constitutive
6404	0.4113054341036852	9.22	11.44	Constitutive
17309	0.4713732740192963	8.35	11.11	Constitutive
829	0.33775633293124246	7.82	8.77	Constitutive
80	0.5125	7.96	14.08	Constitutive
2206	0.2955575702629193	6.53	11.71	Constitutive
9799	0.4066741504235126	8.65	11.0	Constitutive
154	0.6103896103896104	10.88	8.6	Constitutive
5522	0.35639261137269107	10.06	9.18	Constitutive
8332	0.4273883821411426	8.68	9.4	Constitutive
2110	0.4549763033175355	9.81	9.54	Constitutive
14489	0.37483608254537926	6.91	9.01	Constitutive
1528	0.4430628272251309	9.01	8.17	Constitutive
5756	0.3561501042390549	9.26	6.72	Constitutive
2157	0.5118219749652295	10.65	10.03	Constitutive
19025	0.3633639947437582	8.49	5.17	Constitutive
698	0.4484240687679083	10.65	10.2	Constitutive
3104	0.36694587628865977	8.37	5.74	Constitutive
871	0.3065442020665901	6.64	9.45	Constitutive
1153	0.4137033824804857	7.65	6.63	Constitutive
534	0.45692883895131087	9.79	7.16	Constitutive
1636	0.4400977995110024	7.85	11.28	Constitutive
4899	0.3935497040212288	9.73	9.63	Constitutive
104	0.5865384615384616	7.54	8.45	Constitutive
16891	0.3923983186312237	10.47	9.18	Constitutive
90	0.5888888888888889	4.44	5.96	Constitutive
171	0.6491228070175439	7.2	9.3	Constitutive
1796	0.49498886414253895	5.5	9.44	Constitutive
170	0.3411764705882353	10.28	8.34	Constitutive
350	0.28	7.84	3.35	Constitutive
836	0.5669856459330144	10.49	4.47	Constitutive
3309	0.3898458748866727	10.45	9.44	Constitutive
253	0.4150197628458498	9.1	9.76	Constitutive
127	0.6299212598425197	6.92	6.46	Constitutive
280	0.5714285714285714	8.56	8.63	Constitutive
1249	0.3755004003202562	10.77	9.43	Constitutive
1878	0.39403620873269435	9.73	8.18	Constitutive
102	0.6862745098039216	10.07	9.11	Constitutive
2409	0.44167704441677047	7.79	6.19	Constitutive
6704	0.4019988066825776	9.88	8.56	Constitutive
4348	0.4045538178472861	9.65	7.17	Constitutive
3641	0.5520461411700083	9.57	11.65	Constitutive
979	0.3084780388151175	6.91	8.61	Constitutive
5152	0.4297360248447205	8.76	7.47	Constitutive
13982	0.424831926762981	9.24	7.76	Constitutive
4172	0.437679769894535	8.4	10.35	Constitutive
1638	0.40231990231990233	8.73	11.41	Constitutive
5047	0.46918961759461064	9.65	9.66	Constitutive
75	0.7866666666666666	10.07	10.13	Constitutive
336	0.6279761904761905	6.6	8.77	Constitutive
2713	0.3733873940287505	8.55	5.19	Constitutive
1566	0.35312899106002554	8.59	11.35	Constitutive
4453	0.40556927913766	7.3	6.37	Constitutive
2975	0.45579831932773107	10.57	10.83	Constitutive
668	0.3338323353293413	8.4	9.68	Constitutive
1461	0.5003422313483915	-3.5	2.61	Constitutive
41153	0.4135542973780769	10.47	10.49	Constitutive
14261	0.4874833461889068	7.23	-0.22	Constitutive
2655	0.31337099811676083	8.49	5.92	Constitutive
526	0.5418250950570342	5.46	8.54	Constitutive
769	0.38751625487646296	7.43	13.96	Constitutive
7310	0.4978112175102599	7.07	9.37	Constitutive
89683	0.4286988615456664	7.36	11.51	Constitutive
655	0.3480916030534351	7.61	6.13	Constitutive
154	0.6103896103896104	10.88	8.6	Constitutive
1491	0.4198524480214621	10.13	7.93	Constitutive
156	0.5576923076923077	7.83	8.92	Constitutive
1615	0.426625386996904	4.46	12.12	Constitutive
1049	0.40610104861773116	9.72	2.5	Constitutive
104	0.5480769230769231	8.14	10.64	Constitutive
584	0.5941780821917808	0.89	4.92	Constitutive
1329	0.36267870579382994	6.49	10.67	Constitutive
5965	0.5185247275775356	10.57	12.7	Constitutive
123	0.5447154471544715	4.59	6.68	Constitutive
1387	0.6222062004325883	4.44	9.17	Constitutive
2025	0.40987654320987654	9.79	12.9	Constitutive
7564	0.4016393442622951	6.91	10.59	Constitutive
357	0.6442577030812325	8.7	9.68	Constitutive
1506	0.4721115537848606	9.37	10.14	Constitutive
1065	0.38215962441314555	10.75	6.79	Constitutive
2291	0.48319511130510695	4.29	3.99	Constitutive
1423	0.5418130709768095	7.93	12.52	Constitutive
1051	0.45575642245480497	10.47	8.53	Constitutive
334	0.3323353293413174	11.0	12.19	Constitutive
263	0.6311787072243346	5.85	8.75	Constitutive
1089	0.3709825528007346	6.06	10.27	Constitutive
3997	0.39154365774330746	8.88	8.97	Constitutive
359	0.6740947075208914	9.6	8.12	Constitutive
645	0.5162790697674419	8.7	11.66	Constitutive
464	0.5366379310344828	6.54	11.73	Constitutive
450	0.6733333333333333	5.87	9.89	Constitutive
440	0.5318181818181819	9.49	8.22	Constitutive
23067	0.4150518056097455	8.3	12.99	Constitutive
87	0.1724137931034483	6.91	7.63	Constitutive
6344	0.430327868852459	9.27	7.35	Constitutive
3556	0.41732283464566927	10.07	4.34	Constitutive
2778	0.49352051835853133	8.23	5.32	Constitutive
2841	0.4948961633227737	8.37	7.25	Constitutive
2311	0.40588489831241886	10.93	6.62	Constitutive
15351	0.387140902872777	10.49	9.02	Constitutive
2270	0.34185022026431716	11.08	7.65	Constitutive
1337	0.418848167539267	8.4	9.93	Constitutive
1566	0.5651340996168582	2.74	9.3	Constitutive
248	0.4879032258064516	9.89	8.71	Constitutive
836	0.39832535885167464	7.98	12.23	Constitutive
2707	0.39416328038418913	9.85	8.56	Constitutive
120	0.45	8.88	10.47	Constitutive
32236	0.4410907060429334	9.16	14.06	Constitutive
1013	0.4155972359328727	6.71	11.95	Constitutive
804	0.3843283582089552	7.04	10.28	Constitutive
1344	0.3318452380952381	10.75	8.89	Constitutive
84	0.6309523809523809	9.08	10.49	Constitutive
6630	0.3912518853695324	9.72	11.09	Constitutive
273	0.6813186813186813	5.97	5.97	Constitutive
736	0.5149456521739131	8.17	10.05	Constitutive
525	0.5295238095238095	7.69	8.21	Constitutive
1447	0.3206634416033172	10.75	10.44	Constitutive
232	0.3146551724137931	4.74	9.16	Constitutive
465	0.3634408602150538	10.47	3.03	Constitutive
2077	0.48820414058738565	9.16	9.7	Constitutive
3294	0.3342440801457195	8.76	9.34	Constitutive
716	0.3365921787709497	10.36	4.95	Constitutive
186	0.7526881720430108	6.99	3.82	Constitutive
2990	0.3585284280936455	8.05	9.45	Constitutive
109	0.6513761467889908	10.12	1.46	Constitutive
191	0.5602094240837696	7.21	10.21	Constitutive
261	0.6168582375478927	8.3	11.48	Constitutive
5063	0.49832115346632433	9.6	8.51	Constitutive
264	0.45075757575757575	9.65	7.44	Constitutive
2023	0.43252595155709345	4.94	7.47	Constitutive
331	0.3806646525679758	9.22	10.31	Constitutive
3620	0.4662983425414365	9.79	9.59	Constitutive
5174	0.3749516814843448	9.07	8.81	Constitutive
4001	0.40514871282179454	9.65	9.67	Constitutive
8558	0.38864220612292594	9.06	11.23	Constitutive
489	0.47648261758691207	8.85	8.88	Constitutive
3137	0.40229518648390183	8.14	9.2	Constitutive
1054	0.5094876660341556	7.77	7.65	Constitutive
3399	0.5116210650191233	6.25	10.51	Constitutive
8464	0.38622400756143666	8.17	8.63	Constitutive
12073	0.37356083823407604	5.52	6.05	Constitutive
170	0.5823529411764706	7.98	9.18	Constitutive
2231	0.4034065441506051	7.23	8.22	Constitutive
1691	0.5020697811945595	11.01	2.77	Constitutive
3614	0.5315439955727725	10.4	8.82	Constitutive
3240	0.3425925925925926	6.46	8.34	Constitutive
97	0.6494845360824743	10.13	8.95	Constitutive
839	0.634088200238379	3.82	8.86	Constitutive
6163	0.3908810644166802	9.68	6.04	Constitutive
1124	0.6281138790035588	7.77	10.56	Constitutive
130	0.47692307692307695	3.97	9.32	Constitutive
1780	0.44269662921348313	5.96	10.9	Constitutive
568	0.6390845070422535	9.45	6.89	Constitutive
2159	0.4020379805465493	8.15	2.33	Constitutive
268	0.667910447761194	10.28	11.75	Constitutive
1406	0.38477951635846375	7.26	7.84	Constitutive
2763	0.5182772348896127	3.93	12.23	Constitutive
7715	0.3473752430330525	9.16	7.39	Constitutive
9394	0.33595912284436874	10.77	8.94	Constitutive
506	0.3142292490118577	5.13	3.74	Constitutive
571	0.6409807355516638	8.23	10.77	Constitutive
11363	0.34603537798116696	3.49	10.64	Constitutive
298	0.47315436241610737	8.18	6.64	Constitutive
1591	0.4896291640477687	10.07	3.43	Constitutive
174	0.764367816091954	6.91	9.68	Constitutive
1676	0.3914081145584726	9.25	8.27	Constitutive
809	0.4672435105067985	8.56	7.51	Constitutive
1729	0.43262001156738	11.01	5.33	Constitutive
2329	0.46243022756547875	9.3	9.57	Constitutive
3327	0.34445446348061315	10.06	7.26	Constitutive
385	0.3012987012987013	6.63	10.15	Constitutive
487	0.6119096509240246	6.37	4.34	Constitutive
262	0.5152671755725191	6.1	10.47	Constitutive
4552	0.42376977152899825	10.47	8.33	Constitutive
109	0.47706422018348627	9.89	7.25	Constitutive
6908	0.4222640416907933	10.22	11.82	Constitutive
3326	0.420625375826819	6.36	7.22	Constitutive
472	0.5635593220338984	-1.05	2.79	Constitutive
514	0.48249027237354086	2.37	11.0	Constitutive
997	0.46940822467402205	8.4	5.81	Constitutive
292	0.5	9.08	8.57	Constitutive
2381	0.35741285174296517	9.35	1.95	Constitutive
216	0.5740740740740741	4.72	11.06	Constitutive
209	0.5406698564593302	9.35	10.35	Constitutive
2453	0.30900937627395025	8.27	7.5	Constitutive
92	0.6304347826086957	4.74	11.83	Constitutive
853	0.48651817116060964	7.64	12.71	Constitutive
3027	0.5120581433762802	7.45	8.57	Constitutive
511	0.30724070450097846	5.42	10.02	Constitutive
632	0.6455696202531646	7.38	10.17	Constitutive
363	0.4793388429752066	10.03	7.67	Constitutive
2289	0.400174748798602	7.51	10.59	Constitutive
90	0.6333333333333333	5.29	5.23	Constitutive
6371	0.3737246900015696	8.92	8.76	Constitutive
170	0.4294117647058823	9.72	8.72	Constitutive
114	0.22807017543859648	8.59	8.86	Constitutive
1440	0.325	10.08	6.64	Constitutive
702	0.6025641025641025	9.79	7.33	Constitutive
53612	0.4470827426695516	8.95	5.61	Constitutive
620	0.4096774193548387	8.6	4.33	Constitutive
761	0.4178712220762155	10.24	8.34	Constitutive
10837	0.5113038663836855	9.4	8.69	Constitutive
95	0.6421052631578947	3.34	7.33	Constitutive
1151	0.36750651607298	8.98	10.25	Constitutive
2598	0.3687451886066205	7.3	4.77	Constitutive
2333	0.367766823831976	-9.61	5.27	Constitutive
94	0.574468085106383	6.65	7.15	Constitutive
8030	0.577708592777086	2.57	5.53	Constitutive
1062	0.3634651600753296	8.31	6.89	Constitutive
1297	0.4818812644564379	8.88	6.35	Constitutive
780	0.36025641025641025	9.79	6.68	Constitutive
305	0.5737704918032787	7.75	8.15	Constitutive
443	0.49887133182844245	5.61	7.95	Constitutive
4766	0.334242551405791	8.55	12.3	Constitutive
5417	0.3313642237400775	5.18	8.68	Constitutive
132	0.30303030303030304	7.25	10.43	Constitutive
2371	0.30915225643188526	6.31	3.46	Constitutive
1702	0.4306698002350176	7.93	9.79	Constitutive
641	0.6287051482059283	7.97	3.91	Constitutive
3643	0.328575349986275	8.91	4.84	Constitutive
19501	0.40172298856468897	9.31	9.57	Constitutive
92	0.6413043478260869	9.22	11.64	Constitutive
1600	0.461875	6.74	6.04	Constitutive
1483	0.4052596089008766	5.73	9.24	Constitutive
2967	0.523087293562521	10.07	11.94	Constitutive
56752	0.43492740343952635	8.34	9.12	Constitutive
2036	0.5299607072691552	10.29	5.25	Constitutive
674	0.5623145400593472	9.07	9.45	Constitutive
8841	0.35753873996154284	8.55	-3.3	Constitutive
3071	0.39433409312927387	8.59	0.95	Constitutive
5483	0.4134597847893489	11.34	8.1	Constitutive
186	0.34408602150537637	3.87	10.2	Constitutive
348	0.3218390804597701	4.2	8.49	Constitutive
583	0.4716981132075472	10.86	9.48	Constitutive
19417	0.4432198588865427	9.72	8.65	Constitutive
3297	0.3606308765544434	5.63	8.76	Constitutive
167	0.48502994011976047	0.05	4.98	Constitutive
2291	0.3147097337407246	10.47	10.2	Constitutive
7017	0.4509049451332478	6.85	10.06	Constitutive
1379	0.4844089920232052	10.67	11.51	Constitutive
4532	0.4106354810238305	8.94	7.92	Constitutive
1139	0.5136084284460053	8.94	8.35	Constitutive
469	0.43923240938166314	6.8	5.68	Constitutive
78	0.5512820512820513	10.65	10.6	Constitutive
309	0.5436893203883495	10.07	7.91	Constitutive
78	0.6153846153846154	9.16	4.69	Constitutive
1101	0.36330608537693004	9.22	11.18	Constitutive
931	0.37379162191192267	9.88	10.57	Constitutive
1658	0.49034981905910735	10.65	9.58	Constitutive
45084	0.5391713246384526	7.58	11.01	Constitutive
106	0.4339622641509434	4.69	6.32	Constitutive
1950	0.3148717948717949	8.38	9.16	Constitutive
112	0.5535714285714286	8.27	9.41	Constitutive
4843	0.6339046045839356	9.6	10.26	Constitutive
24367	0.4192145114293922	11.08	12.45	Constitutive
181	0.712707182320442	6.71	5.71	Constitutive
1130	0.5389380530973451	10.91	11.07	Constitutive
1155	0.35844155844155845	7.65	10.34	Constitutive
425	0.5976470588235294	6.05	10.36	Constitutive
1371	0.437636761487965	8.57	11.63	Constitutive
2702	0.5129533678756477	7.21	7.54	Constitutive
14845	0.4789491411249579	9.99	11.89	Constitutive
2017	0.37927615270203274	10.86	10.0	Constitutive
502	0.30876494023904383	7.23	6.56	Constitutive
5787	0.4024537757041645	1.07	8.43	Constitutive
29738	0.4309637500840675	8.73	8.53	Constitutive
2933	0.4128878281622912	8.16	9.97	Constitutive
1807	0.38959601549529604	5.5	6.43	Constitutive
372	0.45698924731182794	6.16	6.3	Constitutive
16069	0.38446698612234737	5.34	10.11	Constitutive
2634	0.4863325740318907	8.62	8.78	Constitutive
855	0.3567251461988304	6.02	8.49	Constitutive
4784	0.38524247491638797	7.87	9.32	Constitutive
3438	0.491564863292612	7.67	11.32	Constitutive
90	0.5444444444444444	9.25	7.93	Constitutive
2466	0.4468775344687753	8.4	6.41	Constitutive
306	0.3366013071895425	9.49	7.97	Constitutive
70308	0.5689395232405985	1.52	7.37	Constitutive
77	0.7012987012987013	9.39	9.23	Constitutive
4181	0.49366180339631666	7.44	12.96	Constitutive
46206	0.33512963684369995	8.35	8.56	Constitutive
3099	0.3472087770248467	9.31	10.72	Constitutive
3158	0.42970234325522483	7.15	5.83	Constitutive
374	0.43315508021390375	8.63	6.77	Constitutive
1521	0.5943458251150558	4.89	7.55	Constitutive
1397	0.47029348604151755	8.88	7.44	Constitutive
385	0.32987012987012987	9.88	8.49	Constitutive
96	0.6979166666666666	10.07	7.58	Constitutive
65135	0.3414293390650188	8.3	11.02	Constitutive
3844	0.3485952133194589	8.24	10.39	Constitutive
30150	0.3780762852404643	8.63	8.08	Constitutive
760	0.6065789473684211	7.07	8.61	Constitutive
552	0.4166666666666667	-5.73	0.66	Constitutive
4132	0.4365924491771539	11.45	6.19	Constitutive
40559	0.348504647550482	8.14	13.42	Constitutive
1204	0.4543189368770764	6.91	10.45	Constitutive
14020	0.32988587731811697	10.29	12.18	Constitutive
33721	0.35390409537083717	8.35	7.6	Constitutive
4756	0.5391084945332212	7.67	9.09	Constitutive
953	0.5445960125918153	8.16	9.94	Constitutive
2343	0.33247972684592403	10.86	7.5	Constitutive
6140	0.354885993485342	7.84	9.87	Constitutive
1503	0.6307385229540918	8.95	9.39	Constitutive
2739	0.3603504928806134	9.8	11.91	Constitutive
2494	0.4759422614274258	8.94	12.65	Constitutive
436	0.5412844036697247	10.4	2.87	Constitutive
194	0.27319587628865977	8.49	7.26	Constitutive
685	0.3532846715328467	6.05	10.03	Constitutive
19696	0.3995735174654752	6.45	11.18	Constitutive
108	0.7777777777777778	10.07	5.02	Constitutive
3313	0.4114095985511621	10.67	7.69	Constitutive
2357	0.4985150615188799	5.02	8.15	Constitutive
466	0.6051502145922747	11.08	8.22	Constitutive
4272	0.448501872659176	9.21	8.29	Constitutive
13738	0.3777842480710438	4.04	6.02	Constitutive
9548	0.4202974444909929	6.57	5.5	Constitutive
310	0.5225806451612903	8.73	11.53	Constitutive
1164	0.35223367697594504	6.33	11.02	Constitutive
5383	0.5307449377670443	10.13	9.29	Constitutive
148055	0.4248083482489615	10.24	4.98	Constitutive
5712	0.39320728291316526	4.82	11.35	Constitutive
405	0.5925925925925926	8.95	13.32	Constitutive
3110	0.48488745980707393	9.6	9.67	Constitutive
306	0.2549019607843137	8.88	6.04	Constitutive
76	0.6578947368421053	6.99	10.82	Constitutive
400	0.5775	7.62	7.6	Constitutive
293	0.6552901023890785	4.48	7.2	Constitutive
1972	0.4731237322515213	9.26	7.43	Constitutive
781	0.6709346991037132	6.66	9.51	Constitutive
2714	0.4491525423728814	11.45	9.96	Constitutive
924	0.37337662337662336	7.76	7.18	Constitutive
26671	0.33227100596153125	8.83	8.25	Constitutive
366	0.5901639344262295	10.67	7.68	Constitutive
96	0.65625	10.07	3.15	Constitutive
664	0.5993975903614458	3.1	6.01	Constitutive
904	0.3174778761061947	8.54	10.04	Constitutive
3470	0.4501440922190202	7.37	6.59	Constitutive
2851	0.46755524377411434	9.4	9.24	Constitutive
2566	0.4353078721745908	2.97	4.58	Constitutive
103	0.6699029126213593	9.6	6.08	Constitutive
20636	0.3486140724946695	8.62	10.47	Constitutive
1641	0.3333333333333333	11.08	5.89	Constitutive
38442	0.40939597315436244	8.16	10.36	Constitutive
33545	0.40125204948576537	10.06	3.02	Constitutive
83	0.5542168674698795	8.69	12.92	Constitutive
1059	0.5722379603399433	8.62	9.99	Constitutive
2568	0.338785046728972	9.8	4.69	Constitutive
3299	0.3240375871476205	7.83	7.2	Constitutive
6489	0.3525967021112652	8.27	11.15	Constitutive
251	0.6095617529880478	8.93	5.51	Constitutive
14904	0.3936527106816962	10.22	5.74	Constitutive
3866	0.37144335230212105	7.82	8.95	Constitutive
5491	0.34656710981606265	9.49	-0.27	Constitutive
54896	0.3899555523171087	5.94	7.47	Constitutive
2436	0.36288998357963875	5.18	11.57	Constitutive
2159	0.5025474756831867	8.95	8.43	Constitutive
2211	0.44640434192673	5.9	8.1	Constitutive
6775	0.4596309963099631	8.98	6.76	Constitutive
10193	0.4839595801039929	6.43	12.0	Constitutive
2305	0.35184381778741863	7.87	7.31	Constitutive
2253	0.3382157123834887	8.7	-1.96	Constitutive
155	0.3870967741935484	9.22	11.34	Constitutive
4732	0.5076077768385461	10.47	-9.85	Constitutive
8841	0.390453568600837	8.92	11.84	Constitutive
856	0.5397196261682243	9.25	9.26	Constitutive
909	0.46094609460946095	4.41	9.18	Constitutive
171	0.4619883040935672	7.9	10.45	Constitutive
2540	0.4933070866141732	10.22	6.26	Constitutive
1550	0.5290322580645161	9.72	11.65	Constitutive
985	0.49238578680203043	9.18	7.79	Constitutive
657	0.45662100456621	6.35	6.77	Constitutive
1661	0.33353401565322094	10.77	10.59	Constitutive
8534	0.44258261073353644	8.55	6.98	Constitutive
4355	0.4553386911595867	9.31	10.59	Constitutive
210	0.638095238095238	4.78	12.23	Constitutive
654	0.3730886850152905	7.82	9.11	Constitutive
1031	0.530552861299709	4.86	6.07	Constitutive
178	0.28651685393258425	9.65	8.03	Constitutive
12802	0.35096078737697234	6.53	10.6	Constitutive
1560	0.40705128205128205	8.39	6.74	Constitutive
850	0.35764705882352943	8.62	12.08	Constitutive
577	0.30329289428076256	8.08	10.37	Constitutive
867	0.38523644752018454	5.01	9.14	Constitutive
396	0.4318181818181818	8.76	10.14	Constitutive
3344	0.44138755980861244	9.6	7.65	Constitutive
3226	0.3592684438933664	4.62	11.43	Constitutive
2513	0.36609629924393156	6.99	6.86	Constitutive
225	0.6088888888888889	2.59	7.67	Constitutive
4028	0.4602780536246276	9.88	8.51	Constitutive
201	0.5323383084577115	8.56	10.14	Constitutive
1611	0.3165735567970205	-0.89	4.33	Constitutive
2103	0.3281027104136947	10.86	7.69	Constitutive
520	0.5057692307692307	5.85	9.84	Constitutive
2934	0.35446489434219497	9.6	10.05	Constitutive
1909	0.3713986380303824	10.29	4.25	Constitutive
1919	0.5252735799895779	7.94	4.28	Constitutive
352	0.30113636363636365	9.8	12.59	Constitutive
616	0.49188311688311687	3.55	8.07	Constitutive
1542	0.3158236057068742	10.77	7.89	Constitutive
2435	0.42546201232032854	9.22	11.43	Constitutive
249	0.5060240963855421	8.41	10.75	Constitutive
588	0.35714285714285715	9.81	6.59	Constitutive
3345	0.3976083707025411	8.55	4.68	Constitutive
5322	0.41619691845170986	9.6	8.52	Constitutive
2825	0.5561061946902655	8.95	3.15	Constitutive
190	0.4631578947368421	5.88	6.23	Constitutive
2516	0.3366454689984102	6.41	8.9	Constitutive
675	0.5407407407407407	10.28	12.21	Constitutive
590	0.5508474576271186	8.69	10.84	Constitutive
1612	0.3219602977667494	7.64	7.8	Constitutive
2442	0.36609336609336607	10.57	10.48	Constitutive
1085	0.56036866359447	8.07	9.45	Constitutive
665	0.5233082706766917	9.4	12.84	Constitutive
9741	0.35376244738733187	8.88	8.75	Constitutive
419	0.6252983293556086	10.07	1.99	Constitutive
800	0.30375	7.98	3.2	Constitutive
2185	0.3340961098398169	8.85	8.07	Constitutive
2671	0.3515537251965556	9.65	5.48	Constitutive
1759	0.44741330301307564	10.47	11.78	Constitutive
642	0.3052959501557632	5.46	8.25	Constitutive
29126	0.3809311268282634	7.33	12.15	Constitutive
2463	0.42752740560292324	9.49	7.71	Constitutive
410	0.6024390243902439	9.99	5.21	Constitutive
2401	0.3669304456476468	10.13	10.58	Constitutive
8851	0.3928369675742854	9.88	6.18	Constitutive
1665	0.35975975975975977	9.6	6.76	Constitutive
355	0.5830985915492958	3.75	8.01	Constitutive
2539	0.28436392280425365	11.08	10.94	Constitutive
1279	0.39796716184519154	7.66	10.2	Constitutive
26446	0.4489147697194283	8.7	11.52	Constitutive
4534	0.32796647551830616	10.36	9.16	Constitutive
11140	0.5817773788150807	8.41	9.58	Constitutive
8855	0.34839073969508755	6.91	9.24	Constitutive
2153	0.34881560613098	8.28	13.02	Constitutive
7318	0.46337797212353105	8.55	11.35	Constitutive
168548	0.35293803545577523	7.22	10.07	Constitutive
155	0.38064516129032255	8.83	7.92	Constitutive
32719	0.36064671903175527	8.76	8.2	Constitutive
2180	0.560091743119266	4.37	7.22	Constitutive
90	0.34444444444444444	5.42	11.3	Constitutive
820	0.37317073170731707	6.99	8.12	Constitutive
123	0.6260162601626016	8.94	11.48	Constitutive
82	0.6585365853658537	10.4	9.54	Constitutive
1478	0.5385656292286874	7.66	12.59	Constitutive
270	0.5740740740740741	7.54	13.85	Constitutive
2070	0.5125603864734299	8.02	6.68	Constitutive
4072	0.4219056974459725	9.55	7.47	Constitutive
25569	0.36360436466033086	8.73	10.39	Constitutive
1516	0.508575197889182	8.54	7.01	Constitutive
1202	0.4367720465890183	9.22	7.11	Constitutive
4676	0.3759623609923011	9.79	9.07	Constitutive
80	0.8125	8.99	11.08	Constitutive
986	0.4259634888438134	11.0	8.74	Constitutive
1188	0.5883838383838383	8.69	8.01	Constitutive
412	0.5825242718446602	10.1	5.59	Constitutive
1529	0.3865271419228254	5.73	6.78	Constitutive
1460	0.3061643835616438	10.08	6.14	Constitutive
994	0.4336016096579477	8.91	9.44	Constitutive
21924	0.3808611567232257	10.67	6.39	Constitutive
8060	0.42344913151364766	8.07	7.65	Constitutive
2111	0.4637612505921364	6.05	9.88	Constitutive
1916	0.4410229645093946	8.41	10.95	Constitutive
5702	0.3667134338828481	6.29	6.75	Constitutive
1297	0.4610639938319198	7.87	10.41	Constitutive
12386	0.4002906507347005	10.47	13.13	Constitutive
445	0.6786516853932584	8.42	8.38	Constitutive
2952	0.5457317073170732	7.54	11.7	Constitutive
108	0.6851851851851852	9.6	12.84	Constitutive
1297	0.5250578257517348	4.82	9.54	Constitutive
361	0.6149584487534626	5.87	11.35	Constitutive
1194	0.4463986599664992	8.66	7.95	Constitutive
5367	0.5166759828582076	10.1	7.99	Constitutive
7275	0.3802061855670103	9.65	12.26	Constitutive
89	0.19101123595505617	6.69	7.42	Constitutive
808	0.4542079207920792	10.08	8.15	Constitutive
614	0.2931596091205212	4.51	0.95	Constitutive
160	0.70625	9.31	4.69	Constitutive
286	0.541958041958042	7.39	8.77	Constitutive
500	0.632	7.93	9.05	Constitutive
507	0.5798816568047337	-1.45	7.45	Constitutive
1168	0.526541095890411	4.22	11.25	Constitutive
884	0.3552036199095023	8.55	9.78	Constitutive
250	0.568	3.95	6.86	Constitutive
1634	0.4455324357405141	9.01	2.42	Constitutive
1311	0.45461479786422576	10.2	2.81	Constitutive
90	0.25555555555555554	9.11	6.0	Constitutive
1057	0.45411542100283825	8.49	7.73	Constitutive
867	0.38523644752018454	5.01	9.14	Constitutive
1161	0.491817398794143	10.67	9.54	Constitutive
2610	0.30421455938697317	10.47	10.32	Constitutive
119	0.33613445378151263	6.52	7.2	Constitutive
201	0.36318407960199006	8.34	8.28	Constitutive
538	0.6412639405204461	7.16	10.65	Constitutive
1080	0.3574074074074074	8.88	9.25	Constitutive
1958	0.41062308478038817	7.87	8.89	Constitutive
673	0.3789004457652303	8.91	11.1	Constitutive
5201	0.38896366083445494	9.25	8.33	Constitutive
5797	0.48300845264792136	9.6	11.44	Constitutive
296	0.7297297297297297	8.41	8.09	Constitutive
6960	0.45229885057471264	10.93	10.74	Constitutive
1695	0.3976401179941003	7.37	6.79	Constitutive
114	0.5877192982456141	8.34	8.63	Constitutive
8967	0.556930969108955	9.89	11.87	Constitutive
9394	0.4214392165211837	8.07	10.56	Constitutive
113	0.4424778761061947	4.48	6.48	Constitutive
2906	0.3100481761871989	11.0	9.92	Constitutive
135	0.4962962962962963	8.56	6.32	Constitutive
3763	0.4262556470900877	8.99	9.3	Constitutive
275	0.5781818181818181	9.37	12.51	Constitutive
98	0.2755102040816326	10.13	8.65	Constitutive
18502	0.3354772457031672	7.46	8.44	Constitutive
1053	0.49667616334283	7.66	10.6	Constitutive
3261	0.4486353879178166	4.57	9.71	Constitutive
1186	0.433389544688027	6.79	9.18	Constitutive
263	0.49429657794676807	7.76	9.29	Constitutive
457	0.3238512035010941	7.73	9.26	Constitutive
4430	0.3593679458239278	0.77	10.85	Constitutive
1988	0.4778672032193159	9.22	12.95	Constitutive
13711	0.545547370724236	10.75	10.32	Constitutive
8205	0.3762340036563071	1.81	8.76	Constitutive
66	0.7424242424242424	9.45	11.46	Constitutive
2434	0.4486442070665571	7.44	8.65	Constitutive
693	0.46320346320346323	7.07	9.87	Constitutive
1747	0.4419004006868918	10.9	11.54	Constitutive
26297	0.47313381754572764	6.57	10.75	Constitutive
1746	0.43241695303550975	10.36	11.93	Constitutive
1529	0.4349247874427731	10.67	10.03	Constitutive
4266	0.4172526957337084	9.8	13.39	Constitutive
1060	0.37641509433962267	10.75	7.71	Constitutive
381	0.6456692913385826	8.66	7.56	Constitutive
1351	0.39896373056994816	9.65	12.32	Constitutive
987	0.5582573454913881	10.24	10.55	Constitutive
9197	0.3593563118408177	1.19	8.24	Constitutive
11122	0.3603668404963136	8.83	11.87	Constitutive
310	0.535483870967742	8.4	9.35	Constitutive
2431	0.3735088440970794	9.65	5.7	Constitutive
1692	0.34278959810874704	4.15	10.0	Constitutive
244	0.3360655737704918	9.22	10.04	Constitutive
598	0.22408026755852842	3.31	4.44	Constitutive
85	0.7176470588235294	8.56	8.16	Constitutive
1331	0.425244177310293	10.65	3.5	Constitutive
2096	0.39837786259541985	7.44	4.28	Constitutive
2096	0.35877862595419846	11.11	10.41	Constitutive
1915	0.33472584856396864	7.63	7.09	Constitutive
444	0.509009009009009	8.91	7.83	Constitutive
801	0.3233458177278402	9.26	10.71	Constitutive
2242	0.5767172167707404	8.63	10.35	Constitutive
849	0.6160188457008245	4.67	7.59	Constitutive
3853	0.47651180898001555	8.41	7.6	Constitutive
1228	0.44625407166123776	9.65	8.82	Constitutive
2008	0.4895418326693227	10.22	11.24	Constitutive
1421	0.4729064039408867	9.86	6.02	Constitutive
3942	0.3967529173008625	8.68	7.26	Constitutive
999	0.4044044044044044	8.62	9.06	Constitutive
1129	0.5323294951284322	7.39	5.28	Constitutive
463	0.3390928725701944	5.07	9.84	Constitutive
8348	0.36379971250598947	9.31	9.43	Constitutive
1836	0.49618736383442263	7.75	10.5	Constitutive
1249	0.5356285028022418	7.76	10.51	Constitutive
2658	0.3660647103085026	7.44	6.42	Constitutive
5656	0.4771923620933522	8.35	9.81	Constitutive
3761	0.34325977133741026	10.48	6.13	Constitutive
176601	0.3513287014229817	10.67	5.35	Constitutive
117	0.6153846153846154	7.96	10.48	Constitutive
398	0.6457286432160804	11.81	10.39	Constitutive
104	0.6153846153846154	6.21	10.66	Constitutive
3734	0.41751472951258706	8.68	10.64	Constitutive
29499	0.35553747584663886	10.08	7.67	Constitutive
13498	0.5319306563935398	6.99	10.14	Constitutive
2199	0.41109595270577537	7.36	8.16	Constitutive
662	0.4818731117824773	8.07	9.99	Constitutive
3177	0.3865281712307208	8.68	11.63	Constitutive
9853	0.3811022023749112	11.01	8.57	Constitutive
637	0.48822605965463106	7.64	12.08	Constitutive
2359	0.34251801610852056	3.89	5.9	Constitutive
3171	0.3383790602333649	5.56	8.56	Constitutive
2687	0.4097506512839598	7.52	11.53	Constitutive
1325	0.3305660377358491	7.93	5.04	Constitutive
4356	0.41391184573002754	10.03	11.03	Constitutive
100	0.49	9.35	8.64	Constitutive
80	0.625	9.08	5.72	Constitutive
4066	0.3263649778652238	7.45	9.11	Constitutive
3683	0.46728210697800704	8.55	2.2	Constitutive
1167	0.29220222793487577	7.12	6.29	Constitutive
20087	0.37277841389953703	7.8	9.1	Constitutive
3637	0.39070662634039044	9.45	10.08	Constitutive
284	0.6549295774647887	10.28	9.43	Constitutive
109	0.30275229357798167	2.7	10.26	Constitutive
615	0.640650406504065	9.85	8.32	Constitutive
8812	0.4095551520653654	10.91	11.35	Constitutive
3323	0.38609690039121275	11.08	5.48	Constitutive
87843	0.4121443939756156	9.39	8.0	Constitutive
91	0.5164835164835165	8.05	0.91	Constitutive
512	0.44921875	10.08	10.91	Constitutive
2040	0.3446078431372549	6.33	8.06	Constitutive
9514	0.38311961320159765	8.92	3.17	Constitutive
1777	0.6601012943162634	9.88	12.01	Constitutive
1103	0.36083408884859475	7.8	10.94	Constitutive
85	0.24705882352941178	9.55	7.88	Constitutive
1055	0.45308056872037916	9.65	9.48	Constitutive
2778	0.4380849532037437	10.9	10.64	Constitutive
105	0.45714285714285713	6.53	9.5	Constitutive
80	0.6	8.95	7.88	Constitutive
106	0.5	9.73	9.28	Constitutive
7141	0.4252905755496429	9.81	7.47	Constitutive
3903	0.345119139123751	10.86	8.14	Constitutive
10269	0.37754406466062906	3.24	7.35	Constitutive
47068	0.5379026089912468	6.92	10.47	Constitutive
2494	0.4759422614274258	8.94	12.65	Constitutive
19025	0.3633639947437582	8.49	5.17	Constitutive
145	0.593103448275862	9.22	9.08	Constitutive
1668	0.447242206235012	7.0	4.92	Constitutive
202	0.5198019801980198	7.51	0.66	Constitutive
401	0.5236907730673317	-12.27	1.1	Constitutive
419	0.7756563245823389	8.73	7.12	Constitutive
107	0.6448598130841121	7.61	10.2	Constitutive
88	0.6818181818181818	8.69	7.48	Constitutive
3059	0.40764955867930697	11.01	8.69	Constitutive
1097	0.45214220601640837	9.45	8.3	Constitutive
853	0.38335287221570924	4.67	9.63	Constitutive
3421	0.36100555393159894	7.82	7.73	Constitutive
86	0.3488372093023256	5.96	8.94	Constitutive
12788	0.4401000938379731	8.55	12.3	Constitutive
658	0.5121580547112462	8.3	7.25	Constitutive
107	0.6261682242990654	7.88	10.16	Constitutive
3773	0.43731778425655976	9.39	0.45	Constitutive
110	0.4090909090909091	5.22	10.43	Constitutive
101	0.4752475247524752	10.22	10.08	Constitutive
1254	0.4154704944178628	8.14	4.45	Constitutive
1960	0.4913265306122449	7.61	7.94	Constitutive
7035	0.4353944562899787	6.05	5.63	Constitutive
1230	0.3642276422764228	4.24	8.59	Constitutive
1677	0.43410852713178294	9.6	13.96	Constitutive
126	0.373015873015873	9.88	7.91	Constitutive
18433	0.3323387403027179	9.21	10.63	Constitutive
1893	0.3195985208663497	5.46	11.2	Constitutive
762	0.5813648293963255	8.27	9.53	Constitutive
1777	0.4631401238041643	11.11	10.12	Constitutive
556	0.3471223021582734	9.65	9.33	Constitutive
3716	0.370021528525296	9.26	3.89	Constitutive
1235	0.2761133603238866	8.83	7.33	Constitutive
1186	0.2588532883642496	8.88	7.34	Constitutive
1879	0.3704097924427887	5.94	4.13	Constitutive
35414	0.4934771559270345	10.51	9.75	Constitutive
351	0.5128205128205128	10.51	9.37	Constitutive
7325	0.3369283276450512	10.43	7.34	Constitutive
1307	0.5371078806426932	10.67	10.53	Constitutive
422	0.43838862559241704	8.1	7.48	Constitutive
42480	0.36282956685499057	8.41	9.23	Constitutive
3518	0.45252984650369527	8.88	6.88	Constitutive
2147	0.4145319049836982	10.44	10.1	Constitutive
813	0.4317343173431734	8.88	9.82	Constitutive
12553	0.35306301282561936	10.77	11.4	Constitutive
3894	0.45839753466872113	9.8	8.2	Constitutive
10281	0.3772006614142593	7.65	6.86	Constitutive
631	0.3359746434231379	10.67	10.59	Constitutive
155	0.49032258064516127	8.49	9.08	Constitutive
889	0.4983127109111361	10.67	10.85	Constitutive
16086	0.43360686311077956	9.09	4.35	Constitutive
2238	0.3092046470062556	8.76	7.95	Constitutive
164	0.6585365853658537	4.48	11.73	Constitutive
608	0.48355263157894735	0.12	10.45	Constitutive
1798	0.5161290322580645	5.28	1.25	Constitutive
269	0.4349442379182156	9.66	6.26	Constitutive
166	0.5	6.66	8.02	Constitutive
545	0.4972477064220184	8.02	11.11	Constitutive
2306	0.37814397224631396	10.28	8.25	Constitutive
1246	0.4478330658105939	9.72	5.95	Constitutive
8574	0.3912992768836016	7.52	9.12	Constitutive
456	0.5701754385964912	8.56	10.86	Constitutive
18422	0.4511996525892954	8.73	9.81	Constitutive
622	0.3890675241157556	-1.77	9.76	Constitutive
22283	0.511780280931652	10.08	6.49	Constitutive
3121	0.3361102210829862	8.99	9.0	Constitutive
1252	0.3562300319488818	-29.22	-27.13	Constitutive
8317	0.3560177948779608	9.88	5.66	Constitutive
871	0.5281285878300803	7.13	6.09	Constitutive
3048	0.4314304461942257	9.1	10.46	Constitutive
551	0.5644283121597096	8.46	11.69	Constitutive
1566	0.3786717752234994	-1.02	5.7	Constitutive
2454	0.38386308068459657	8.63	10.53	Constitutive
5500	0.43654545454545457	6.53	5.47	Constitutive
9456	0.3849407783417936	8.1	0.82	Constitutive
268	0.43283582089552236	7.57	5.65	Constitutive
301	0.5182724252491694	9.89	9.24	Constitutive
3493	0.39994274262811336	11.08	9.61	Constitutive
122	0.5	-2.04	8.85	Constitutive
108818	0.3730540903159404	2.09	8.65	Constitutive
7311	0.363424976063466	6.74	13.04	Constitutive
3382	0.42607924305144884	10.67	10.27	Constitutive
441	0.5714285714285714	1.49	10.87	Constitutive
358	0.5921787709497207	11.11	10.3	Constitutive
4689	0.44785668586052463	7.66	9.76	Constitutive
584	0.4914383561643836	7.4	8.6	Constitutive
41046	0.3906836232519612	10.03	6.41	Constitutive
873	0.4066437571592211	7.83	9.41	Constitutive
86	0.29069767441860467	10.1	10.98	Constitutive
2230	0.3672645739910314	8.63	13.73	Constitutive
1011	0.3273986152324431	5.55	6.97	Constitutive
557	0.6337522441651705	7.21	8.17	Constitutive
4224	0.4277935606060606	7.64	7.09	Constitutive
340	0.5117647058823529	6.74	8.06	Constitutive
575	0.49043478260869566	10.67	11.43	Constitutive
734	0.36239782016348776	9.49	6.58	Constitutive
1771	0.3274985883681536	10.03	12.56	Constitutive
1959	0.4895354772843287	8.4	5.09	Constitutive
1149	0.4734551784160139	9.6	7.12	Constitutive
1339	0.48842419716206126	10.65	9.88	Constitutive
453	0.609271523178808	6.59	-1.37	Constitutive
18995	0.4155830481705712	10.74	7.33	Constitutive
4165	0.5507803121248499	6.46	7.06	Constitutive
543	0.3738489871086556	8.56	8.89	Constitutive
2036	0.4307465618860511	11.08	8.45	Constitutive
437	0.5995423340961098	7.39	8.18	Constitutive
243	0.691358024691358	3.1	9.18	Constitutive
431	0.4385150812064965	7.8	11.11	Constitutive
311	0.4694533762057878	9.21	10.55	Constitutive
4723	0.3859834850730468	7.33	5.54	Constitutive
1972	0.5329614604462475	10.07	11.58	Constitutive
3127	0.3847137831787656	7.88	8.95	Constitutive
89	0.5168539325842697	9.22	11.87	Constitutive
98	0.6122448979591837	6.29	10.18	Constitutive
507	0.5680473372781065	-4.57	7.81	Constitutive
9598	0.41175244842675557	9.89	8.84	Constitutive
534	0.5543071161048689	-2.93	8.57	Constitutive
2013	0.6145057128663686	9.6	11.14	Constitutive
4382	0.5061615700593336	9.16	12.46	Constitutive
4035	0.4247831474597274	7.97	10.15	Constitutive
11801	0.37073129395813914	9.99	6.88	Constitutive
1156	0.3088235294117647	11.01	8.42	Constitutive
665	0.4105263157894737	10.86	11.0	Constitutive
4330	0.45866050808314085	7.09	12.47	Constitutive
208379	0.4276486594138565	10.47	6.43	Constitutive
117	0.46153846153846156	9.26	2.81	Constitutive
475	0.5705263157894737	8.72	6.75	Constitutive
58931	0.4377152941575741	8.34	10.45	Constitutive
714	0.3599439775910364	8.57	11.78	Constitutive
456	0.6469298245614035	10.07	9.26	Constitutive
604	0.2847682119205298	10.08	7.53	Constitutive
239	0.5941422594142259	8.04	10.52	Constitutive
843	0.4744958481613286	6.79	6.7	Constitutive
5916	0.3465179175118323	9.48	11.47	Constitutive
663	0.5067873303167421	7.52	9.08	Constitutive
87	0.7011494252873564	9.89	6.75	Constitutive
1424	0.46207865168539325	-5.4	-30.63	Constitutive
7441	0.4323343636607983	8.14	10.88	Constitutive
1540	0.44415584415584414	7.91	7.68	Constitutive
194	0.3402061855670103	9.22	8.03	Constitutive
4247	0.44761007770190725	7.83	6.9	Constitutive
154	0.577922077922078	8.6	11.25	Constitutive
15342	0.40861686872637204	10.47	9.62	Constitutive
136	0.27205882352941174	8.82	4.37	Constitutive
731	0.6374829001367989	10.19	9.85	Constitutive
94	0.44680851063829785	5.68	10.74	Constitutive
99	0.5252525252525253	9.35	9.96	Constitutive
263	0.5171102661596958	6.18	6.01	Constitutive
1991	0.593169261677549	10.26	11.56	Constitutive
2073	0.4717800289435601	11.45	8.5	Constitutive
2862	0.2966457023060797	6.62	7.96	Constitutive
568	0.6302816901408451	8.17	10.58	Constitutive
985	0.5918781725888325	6.8	12.29	Constitutive
227	0.3303964757709251	5.69	9.51	Constitutive
4016	0.4604083665338645	4.6	7.66	Constitutive
5353	0.45843452269755275	10.06	14.07	Constitutive
2636	0.3611532625189681	10.51	3.73	Constitutive
1572	0.34987277353689566	8.17	4.64	Constitutive
923	0.3380281690140845	7.46	10.0	Constitutive
1563	0.3941138835572617	9.79	5.85	Constitutive
723	0.4785615491009682	9.55	11.61	Constitutive
12871	0.3904902493978712	6.54	4.84	Constitutive
112	0.5357142857142857	7.97	6.84	Constitutive
709	0.5133991537376587	4.44	9.32	Constitutive
1616	0.49195544554455445	10.07	11.26	Constitutive
11087	0.38324163434653197	9.43	10.33	Constitutive
12029	0.39571036661401615	7.33	11.75	Constitutive
5357	0.5006533507560201	7.64	5.9	Constitutive
4045	0.546353522867738	11.78	8.57	Constitutive
640	0.4640625	8.55	10.03	Constitutive
271	0.6346863468634686	10.07	10.53	Constitutive
796	0.4510050251256281	1.56	10.66	Constitutive
3670	0.39455040871934605	10.57	9.53	Constitutive
6334	0.3994316387748658	8.83	9.57	Constitutive
412	0.3058252427184466	9.45	5.41	Constitutive
1110	0.3108108108108108	7.65	11.38	Constitutive
1138	0.46748681898066785	7.76	10.24	Constitutive
2033	0.36891293654697493	7.7	7.97	Constitutive
232	0.34913793103448276	9.49	10.05	Constitutive
3954	0.34446130500758726	8.55	5.14	Constitutive
16290	0.4478207489257213	8.56	9.01	Constitutive
21850	0.37217391304347824	10.77	10.22	Constitutive
972	0.51440329218107	9.45	9.47	Constitutive
110	0.6363636363636364	8.83	9.6	Constitutive
4835	0.3793174767321613	6.06	7.78	Constitutive
1660	0.4295180722891566	6.91	7.25	Constitutive
3534	0.38058856819468023	7.67	5.18	Constitutive
343	0.45481049562682213	-0.98	12.58	Constitutive
2439	0.36572365723657235	7.33	5.71	Constitutive
1393	0.44938980617372576	5.87	10.18	Constitutive
80	0.8125	8.99	11.08	Constitutive
80	0.7	5.93	12.09	Constitutive
2292	0.537521815008726	6.59	9.75	Constitutive
5145	0.397667638483965	9.22	6.81	Constitutive
3586	0.401840490797546	9.11	5.75	Constitutive
302	0.6423841059602649	8.07	3.88	Constitutive
1466	0.46998635743519784	8.79	7.47	Constitutive
2453	0.3730126375866286	9.8	4.58	Constitutive
355	0.4197183098591549	7.33	6.83	Constitutive
11242	0.3563422878491372	9.01	4.29	Constitutive
99129	0.35499198014708105	9.8	10.81	Constitutive
260	0.47307692307692306	8.14	5.53	Constitutive
3381	0.3593611357586513	7.0	5.97	Constitutive
2628	0.4615677321156773	9.79	7.29	Constitutive
104	0.6538461538461539	5.96	8.05	Constitutive
1656	0.4692028985507246	6.86	8.88	Constitutive
438	0.3310502283105023	9.82	8.91	Constitutive
89	0.6292134831460674	4.83	10.38	Constitutive
1356	0.28982300884955753	9.49	7.03	Constitutive
172	0.5058139534883721	8.94	9.15	Constitutive
9725	0.522159383033419	5.89	4.16	Constitutive
3231	0.41225626740947074	8.62	3.87	Constitutive
3351	0.5431214562817069	5.76	6.53	Constitutive
108	0.3148148148148148	8.62	9.31	Constitutive
1052	0.2984790874524715	8.54	9.21	Constitutive
2251	0.46334962239004884	10.06	10.92	Constitutive
50105	0.3898014170242491	10.86	14.18	Constitutive
5335	0.36307403936269916	6.68	10.74	Constitutive
1898	0.5163329820864068	6.6	5.98	Constitutive
2960	0.3614864864864865	10.45	8.56	Constitutive
70	0.5714285714285714	8.95	2.48	Constitutive
323	0.2755417956656347	10.28	6.73	Constitutive
1924	0.3612266112266112	9.11	8.56	Constitutive
4212	0.5952041785375118	6.32	6.8	Constitutive
636	0.3490566037735849	9.11	6.32	Constitutive
1110	0.35585585585585583	8.38	7.5	Constitutive
1232	0.45292207792207795	8.38	4.96	Constitutive
710	0.5521126760563381	7.94	7.15	Constitutive
858	0.2948717948717949	9.65	6.47	Constitutive
5355	0.38412698412698415	8.55	6.61	Constitutive
4753	0.4618135914159478	6.74	7.61	Constitutive
1022	0.4882583170254403	9.57	6.76	Constitutive
368	0.6141304347826086	9.45	9.82	Constitutive
409	0.6112469437652812	10.67	8.13	Constitutive
256936	0.39531634336955507	10.57	6.38	Constitutive
394	0.2715736040609137	6.75	9.17	Constitutive
1161	0.37381567614125755	11.0	8.96	Constitutive
28276	0.3806408261423115	11.11	8.19	Constitutive
2241	0.3596608656849621	7.61	13.23	Constitutive
2366	0.452240067624683	8.95	11.85	Constitutive
943	0.5779427359490986	7.48	12.31	Constitutive
2035	0.35135135135135137	6.33	6.01	Constitutive
4291	0.38126310883243997	11.08	8.76	Constitutive
4692	0.4978687127024723	7.58	6.66	Constitutive
1996	0.4724448897795591	9.39	7.95	Constitutive
10407	0.3757086576342846	10.77	10.73	Constitutive
10157	0.4106527517967904	8.0	9.79	Constitutive
64675	0.3739930421337457	9.82	9.98	Constitutive
88	0.6818181818181818	10.03	7.31	Constitutive
2624	0.5625	10.08	9.65	Constitutive
24281	0.403525390222808	10.86	8.64	Constitutive
1589	0.43171806167400884	7.31	6.72	Constitutive
498	0.7188755020080321	8.68	11.28	Constitutive
171	0.6374269005847953	10.51	9.01	Constitutive
36122	0.4075909418083163	8.17	10.91	Constitutive
702	0.5185185185185185	5.97	11.75	Constitutive
4389	0.3727500569605833	10.16	5.15	Constitutive
1412	0.5524079320113314	8.88	11.13	Constitutive
3347	0.374962653122199	5.94	6.97	Constitutive
296	0.4155405405405405	6.13	10.97	Constitutive
3185	0.2828885400313972	8.55	4.24	Constitutive
4260	0.38192488262910795	7.15	7.12	Constitutive
5316	0.38920240782543264	7.76	5.37	Constitutive
891	0.3434343434343434	7.88	6.18	Constitutive
14337	0.40936039617772196	9.79	6.5	Constitutive
2847	0.3628380751668423	9.11	11.46	Constitutive
55195	0.38197300480115953	8.14	12.25	Constitutive
736	0.3328804347826087	9.55	9.63	Constitutive
506	0.27865612648221344	9.48	10.82	Constitutive
1553	0.3013522215067611	8.73	6.76	Constitutive
7648	0.3921286610878661	9.8	8.22	Constitutive
85	0.5411764705882353	9.25	8.95	Constitutive
39512	0.3730765337112776	11.0	7.44	Constitutive
5636	0.3484740951029099	8.94	9.73	Constitutive
1954	0.33009211873080857	4.46	10.86	Constitutive
96	0.34375	8.49	8.31	Constitutive
5900	0.3822033898305085	10.06	8.11	Constitutive
1697	0.3635827931644078	7.94	10.83	Constitutive
187	0.6310160427807486	6.03	4.7	Constitutive
25491	0.432113294888392	11.0	9.84	Constitutive
3852	0.43665628245067495	10.1	9.9	Constitutive
1412	0.5382436260623229	5.99	8.32	Constitutive
39170	0.42193004850651006	10.51	7.51	Constitutive
11040	0.36875	7.97	6.2	Constitutive
476	0.6890756302521008	8.07	9.51	Constitutive
389	0.5295629820051414	11.0	6.17	Constitutive
3609	0.39456913272374616	-1.33	10.16	Constitutive
5073	0.3510743150009856	9.79	6.88	Constitutive
768	0.6510416666666666	8.23	6.54	Constitutive
539	0.4619666048237477	8.85	12.75	Constitutive
3589	0.40484814711618833	9.33	6.28	Constitutive
1469	0.4309053778080327	9.45	11.39	Constitutive
2438	0.41509433962264153	-17.0	-2.11	Constitutive
568	0.31690140845070425	6.99	10.9	Constitutive
1904	0.3792016806722689	7.81	10.09	Constitutive
499	0.6092184368737475	6.92	11.53	Constitutive
2453	0.38972686506318793	7.3	7.18	Constitutive
2791	0.4177714080974561	11.78	11.56	Constitutive
477	0.5723270440251572	6.62	9.12	Constitutive
1662	0.34115523465703973	6.75	9.81	Constitutive
847	0.3105076741440378	6.99	10.53	Constitutive
908	0.5638766519823789	10.28	10.61	Constitutive
718	0.5682451253481894	10.07	8.78	Constitutive
95	0.6105263157894737	9.65	4.37	Constitutive
7843	0.4194823409409665	9.07	5.95	Constitutive
4685	0.2975453575240128	8.85	8.93	Constitutive
2140	0.4616822429906542	8.66	11.8	Constitutive
2473	0.43348160129397495	5.05	10.37	Constitutive
1392	0.3706896551724138	10.24	10.39	Constitutive
6326	0.40214985773000317	6.8	10.19	Constitutive
2636	0.3611532625189681	10.51	3.73	Constitutive
13129	0.3911950643613375	11.01	8.95	Constitutive
5105	0.4050930460333007	9.48	12.26	Constitutive
7243	0.3970730360347922	4.95	7.81	Constitutive
14655	0.3903104742408734	10.28	9.42	Constitutive
24121	0.37979354089797274	7.47	8.24	Constitutive
1218	0.4458128078817734	7.07	8.98	Constitutive
4912	0.5252442996742671	6.23	10.78	Constitutive
1491	0.4641180415828303	9.45	9.38	Constitutive
552	0.27898550724637683	10.57	4.87	Constitutive
1799	0.3379655364091162	9.89	11.37	Constitutive
1956	0.5644171779141104	10.07	7.9	Constitutive
8116	0.34043863972400196	8.38	12.31	Constitutive
857	0.5274212368728122	10.07	7.82	Constitutive
1680	0.42678571428571427	10.08	4.5	Constitutive
765	0.4718954248366013	9.78	9.74	Constitutive
908	0.3039647577092511	9.16	5.84	Constitutive
106	0.37735849056603776	10.67	9.01	Constitutive
3316	0.3709288299155609	7.12	8.16	Constitutive
365	0.5287671232876713	11.0	6.09	Constitutive
1962	0.6218144750254841	5.34	6.99	Constitutive
3997	0.43857893420065047	4.07	10.61	Constitutive
169	0.2781065088757396	9.84	13.74	Constitutive
1948	0.5749486652977412	10.67	13.62	Constitutive
658	0.38145896656534956	7.3	8.2	Constitutive
1307	0.41469013006885996	8.31	8.43	Constitutive
152	0.618421052631579	9.99	6.09	Constitutive
2677	0.38998879342547627	10.65	7.89	Constitutive
125	0.664	8.3	9.28	Constitutive
25490	0.45888583758336604	7.93	4.0	Constitutive
965	0.44870466321243524	10.03	10.35	Constitutive
12848	0.4639632627646326	4.68	8.09	Constitutive
5503	0.4014174086861712	10.07	7.95	Constitutive
2179	0.547039926571822	2.52	7.59	Constitutive
992	0.5745967741935484	2.08	9.23	UFM1_dependent
229	0.6899563318777293	6.9	9.85	UFM1_dependent
142	0.6830985915492958	0.4	9.85	UFM1_dependent
123	0.6829268292682927	1.71	9.85	UFM1_dependent
259	0.6486486486486487	5.4	8.14	UFM1_dependent
450	0.29333333333333333	8.6	4.37	UFM1_dependent
195	0.5487179487179488	7.65	11.89	UFM1_dependent
159	0.6289308176100629	2.63	11.2	UFM1_dependent
222	0.6036036036036037	7.93	7.02	UFM1_dependent
129	0.6434108527131783	8.51	5.77	UFM1_dependent
1691	0.543465405085748	4.79	11.34	UFM1_dependent
2159	0.5590551181102362	-0.56	9.47	UFM1_dependent
120	0.6583333333333333	9.73	11.67	UFM1_dependent
270	0.7111111111111111	9.13	11.16	UFM1_dependent
93	0.6129032258064516	10.03	6.35	UFM1_dependent
299	0.4916387959866221	5.87	7.92	UFM1_dependent
70	0.7428571428571429	10.49	8.6	UFM1_dependent
1239	0.6682808716707022	6.6	10.86	UFM1_dependent
801	0.519350811485643	10.07	6.07	UFM1_dependent
153	0.673202614379085	0.84	9.49	UFM1_dependent
198	0.6060606060606061	10.51	6.03	UFM1_dependent
310	0.5935483870967742	7.75	12.23	UFM1_dependent
143	0.4965034965034965	7.0	8.51	UFM1_dependent
780	0.541025641025641	10.15	6.48	UFM1_dependent
86	0.627906976744186	2.76	10.47	UFM1_dependent
346	0.5924855491329479	9.25	7.86	UFM1_dependent
81	0.5802469135802469	9.3	9.82	UFM1_dependent
90	0.4444444444444444	1.19	2.24	UFM1_dependent
136	0.6176470588235294	9.74	7.79	UFM1_dependent
177	0.6779661016949152	8.02	-2.9	UFM1_dependent
99	0.7171717171717171	2.93	9.26	UFM1_dependent
104	0.7596153846153846	10.9	4.52	UFM1_dependent
1358	0.5375552282768777	7.75	11.78	UFM1_dependent
90	0.6666666666666666	8.78	9.18	UFM1_dependent
78	0.6666666666666666	10.1	10.38	UFM1_dependent
89	0.5955056179775281	7.93	8.59	UFM1_dependent
434	0.6797235023041475	6.6	10.96	UFM1_dependent
1474	0.5420624151967436	8.56	11.18	UFM1_dependent
92	0.717391304347826	6.64	11.85	UFM1_dependent
2060	0.6422330097087379	9.46	-1.3	UFM1_dependent
608	0.6842105263157895	6.03	8.64	UFM1_dependent
202	0.6782178217821783	6.74	7.36	UFM1_dependent
1510	0.56158940397351	6.64	12.49	UFM1_dependent
395	0.6151898734177215	7.94	7.73	UFM1_dependent
73	0.6575342465753424	5.01	12.51	UFM1_dependent
737	0.6065128900949797	9.45	11.73	UFM1_dependent
325	0.3446153846153846	-1.15	8.2	UFM1_dependent
1251	0.4308553157474021	3.71	2.09	UFM1_dependent
582	0.520618556701031	1.0	13.12	UFM1_dependent
291	0.6597938144329897	5.35	9.41	UFM1_dependent
90	0.6666666666666666	7.54	6.79	UFM1_dependent
323	0.3498452012383901	4.94	8.38	UFM1_dependent
186	0.5268817204301075	6.62	7.84	UFM1_dependent
185	0.6594594594594595	5.5	14.18	UFM1_dependent
3286	0.3484479610468655	3.59	6.99	UFM1_dependent
348	0.603448275862069	8.76	11.25	UFM1_dependent
218	0.5504587155963303	7.31	9.61	UFM1_dependent
96	0.5729166666666666	7.12	12.32	UFM1_dependent
560	0.4767857142857143	5.05	10.67	UFM1_dependent
163	0.49693251533742333	9.16	6.05	UFM1_dependent
102	0.7058823529411765	9.16	10.05	UFM1_dependent
872	0.4243119266055046	10.65	11.93	UFM1_dependent
104	0.6153846153846154	8.94	5.95	UFM1_dependent
101	0.594059405940594	4.04	9.21	UFM1_dependent
423	0.5981087470449172	10.1	8.85	UFM1_dependent
332	0.6686746987951807	1.49	6.84	UFM1_dependent
2196	0.48770491803278687	9.54	8.87	UFM1_dependent
43	0.6046511627906976	9.27	-7.53	UFM1_dependent
108	0.5833333333333334	1.61	0.44	UFM1_dependent
149	0.5369127516778524	9.04	9.88	UFM1_dependent
1077	0.5775301764159703	9.1	8.58	UFM1_dependent
663	0.3665158371040724	9.16	7.36	UFM1_dependent
127	0.6692913385826772	9.22	8.95	UFM1_dependent
97	0.5051546391752577	-1.06	9.29	UFM1_dependent
95	0.5263157894736842	11.08	6.3	UFM1_dependent
325	0.5292307692307693	6.66	12.13	UFM1_dependent
430	0.5093023255813953	1.68	7.5	UFM1_dependent
360	0.6444444444444445	8.5	9.53	UFM1_dependent
2143	0.6136257582827811	9.2	9.19	UFM1_dependent
174	0.6551724137931034	7.16	8.82	UFM1_dependent
203	0.5517241379310345	1.69	6.44	UFM1_dependent
209	0.583732057416268	9.6	8.14	UFM1_dependent
374	0.5962566844919787	9.1	5.92	UFM1_dependent
100	0.66	8.63	11.51	UFM1_dependent
364	0.6098901098901099	8.68	11.0	UFM1_dependent
85	0.6941176470588235	11.01	8.63	UFM1_dependent
150	0.66	7.36	8.86	UFM1_dependent
655	0.6977099236641221	6.3	8.97	UFM1_dependent
302	0.5860927152317881	8.76	6.26	UFM1_dependent
540	0.4759259259259259	7.93	11.96	UFM1_dependent
161	0.5962732919254659	5.29	9.02	UFM1_dependent
84	0.6428571428571429	5.29	5.41	UFM1_dependent
114	0.631578947368421	3.78	6.66	UFM1_dependent
277	0.48736462093862815	-3.25	9.26	UFM1_dependent
71	0.6619718309859155	6.64	8.76	UFM1_dependent
258	0.5271317829457365	9.04	8.24	UFM1_dependent
76	0.5921052631578947	6.71	6.73	UFM1_dependent
229	0.5764192139737991	2.57	7.42	UFM1_dependent
215	0.586046511627907	0.83	6.67	UFM1_dependent
365	0.536986301369863	8.73	8.33	UFM1_dependent
2522	0.3747026169706582	7.15	7.2	UFM1_dependent
116	0.6724137931034483	3.44	11.71	UFM1_dependent
114	0.6491228070175439	7.23	7.25	UFM1_dependent
132	0.5075757575757576	10.47	11.59	UFM1_dependent
88	0.48863636363636365	6.05	8.93	UFM1_dependent
452	0.5221238938053098	10.65	5.19	UFM1_dependent
159	0.6918238993710691	5.99	9.77	UFM1_dependent
106	0.5471698113207547	8.41	-1.12	UFM1_dependent
114	0.6052631578947368	7.93	9.94	UFM1_dependent
175	0.6514285714285715	7.39	11.71	UFM1_dependent
492	0.508130081300813	4.89	7.04	UFM1_dependent
81	0.38271604938271603	8.55	5.72	UFM1_dependent
415	0.41686746987951806	2.81	4.85	UFM1_dependent
87	0.4482758620689655	7.22	6.16	UFM1_dependent
4373	0.3994969128744569	4.39	5.01	UFM1_dependent
1450	0.43724137931034485	9.1	5.84	UFM1_dependent
178	0.24157303370786518	10.1	3.55	UFM1_dependent
102	0.38235294117647056	6.6	-0.05	UFM1_dependent
243	0.6255144032921811	7.3	5.75	UFM1_dependent
975	0.5076923076923077	6.43	11.19	UFM1_dependent
696	0.507183908045977	6.66	7.35	UFM1_dependent
144	0.5972222222222222	8.44	9.59	UFM1_dependent
1866	0.372454448017149	1.6	9.27	UFM1_dependent
221	0.5927601809954751	-5.53	4.59	UFM1_dependent
187	0.5508021390374331	6.52	4.74	UFM1_dependent
784	0.5038265306122449	9.4	7.88	UFM1_dependent
143	0.6293706293706294	6.05	7.88	UFM1_dependent
310	0.535483870967742	9.1	8.16	UFM1_dependent
152	0.6447368421052632	9.27	8.06	UFM1_dependent
330	0.48787878787878786	10.67	9.2	UFM1_dependent
659	0.5644916540212443	8.24	9.09	UFM1_dependent
429	0.5617715617715617	3.97	8.36	UFM1_dependent
321	0.29595015576323985	6.43	8.06	UFM1_dependent
120	0.6083333333333333	3.45	10.22	UFM1_dependent
256	0.57421875	5.12	7.46	UFM1_dependent
259	0.5752895752895753	5.12	-17.98	UFM1_dependent
382	0.4476439790575916	10.1	1.0	UFM1_dependent
364	0.6401098901098901	9.89	9.85	UFM1_dependent
224	0.6116071428571429	9.2	3.15	UFM1_dependent
895	0.32737430167597764	4.78	7.05	UFM1_dependent
3224	0.34305210918114143	3.85	8.23	UFM1_dependent
2543	0.39402280770743214	9.04	10.58	UFM1_dependent
629	0.49761526232114467	10.47	11.1	UFM1_dependent
214	0.48598130841121495	7.13	8.5	UFM1_dependent
146	0.589041095890411	9.46	11.83	UFM1_dependent
352	0.6392045454545454	9.22	12.05	UFM1_dependent
96	0.5	6.46	6.21	UFM1_dependent
75	0.5866666666666667	9.6	6.86	UFM1_dependent
312	0.6217948717948718	0.78	6.83	UFM1_dependent
461	0.5856832971800434	0.98	5.19	UFM1_dependent
85	0.6941176470588235	9.16	6.54	UFM1_dependent
88	0.7613636363636364	8.91	8.9	UFM1_dependent
109	0.7064220183486238	7.77	6.93	UFM1_dependent
789	0.5120405576679341	3.01	10.61	UFM1_dependent
86	0.46511627906976744	-0.19	8.29	UFM1_dependent
262	0.6641221374045801	10.1	12.32	UFM1_dependent
117	0.5726495726495726	4.2	9.33	UFM1_dependent
744	0.5026881720430108	8.94	7.19	UFM1_dependent
490	0.6183673469387755	7.52	8.4	UFM1_dependent
232	0.5991379310344828	9.72	5.98	UFM1_dependent
1419	0.49541930937279777	9.22	10.58	UFM1_dependent
221	0.5067873303167421	9.88	4.46	UFM1_dependent
147	0.6870748299319728	9.3	6.43	UFM1_dependent
146	0.6301369863013698	5.4	6.88	UFM1_dependent
885	0.5491525423728814	9.25	4.27	UFM1_dependent
220	0.6818181818181818	8.48	7.14	UFM1_dependent
100	0.53	9.82	6.56	UFM1_dependent
179	0.49162011173184356	8.94	1.23	UFM1_dependent
170	0.5235294117647059	5.59	9.06	UFM1_dependent
777	0.41827541827541825	10.1	6.33	UFM1_dependent
85	0.7176470588235294	7.09	12.6	UFM1_dependent
240	0.3416666666666667	8.33	4.05	UFM1_dependent
170	0.711764705882353	3.75	-1.03	UFM1_dependent
165	0.7090909090909091	3.75	9.77	UFM1_dependent
81	0.7530864197530864	8.05	9.55	UFM1_dependent
715	0.3384615384615385	-0.56	12.17	UFM1_dependent
91	0.7252747252747253	7.47	9.53	UFM1_dependent
309	0.6828478964401294	9.3	4.4	UFM1_dependent
318	0.6540880503144654	9.6	8.34	UFM1_dependent
142	0.7535211267605634	8.48	3.97	UFM1_dependent
535	0.7046728971962617	9.24	10.57	UFM1_dependent
114	0.5175438596491229	7.94	7.05	UFM1_dependent
192	0.6979166666666666	7.36	7.82	UFM1_dependent
385	0.6207792207792208	6.54	9.1	UFM1_dependent
312	0.33974358974358976	10.07	6.79	UFM1_dependent
199	0.6733668341708543	7.0	8.43	UFM1_dependent
309	0.5145631067961165	7.87	8.17	UFM1_dependent
827	0.44135429262394194	6.91	11.62	UFM1_dependent
83	0.7108433734939759	7.66	7.31	UFM1_dependent
294	0.6326530612244898	9.04	10.55	UFM1_dependent
283	0.5229681978798587	11.08	11.93	UFM1_dependent
261	0.632183908045977	5.52	10.69	UFM1_dependent
494	0.5182186234817814	6.3	10.15	UFM1_dependent
799	0.6170212765957447	6.18	5.4	UFM1_dependent
405	0.5876543209876544	7.88	7.4	UFM1_dependent
165	0.593939393939394	8.41	11.54	UFM1_dependent
308	0.32142857142857145	10.67	2.63	UFM1_dependent
311	0.3247588424437299	10.67	2.98	UFM1_dependent
320	0.61875	11.45	6.36	UFM1_dependent
552	0.5869565217391305	6.64	6.51	UFM1_dependent
113	0.4778761061946903	10.1	1.96	UFM1_dependent
76	0.75	11.11	-3.39	UFM1_dependent
118	0.4830508474576271	8.51	5.97	UFM1_dependent
1301	0.6395080707148347	9.04	7.68	UFM1_dependent
600	0.5	5.91	9.62	UFM1_dependent
1465	0.3795221843003413	6.05	6.5	UFM1_dependent
86	0.3488372093023256	10.45	6.56	UFM1_dependent
86	0.5581395348837209	8.56	8.84	UFM1_dependent
1927	0.3253762324857291	7.51	2.4	UFM1_dependent
126	0.5317460317460317	5.45	5.9	UFM1_dependent
153	0.5359477124183006	7.44	6.73	UFM1_dependent
305	0.4786885245901639	6.03	10.6	UFM1_dependent
1083	0.29916897506925205	7.23	-9.41	UFM1_dependent
104	0.34615384615384615	9.14	8.55	UFM1_dependent
368	0.6711956521739131	10.65	6.93	UFM1_dependent
443	0.5981941309255079	10.28	8.31	UFM1_dependent
336	0.25595238095238093	8.35	4.41	UFM1_dependent
80	0.275	6.64	11.35	UFM1_dependent
351	0.5270655270655271	-1.9	11.4	UFM1_dependent
228	0.6228070175438597	7.13	8.99	UFM1_dependent
146	0.5753424657534246	5.97	8.75	UFM1_dependent
98	0.5510204081632653	2.63	8.75	UFM1_dependent
537	0.41899441340782123	-0.11	7.66	UFM1_dependent
275	0.49454545454545457	1.51	3.67	UFM1_dependent
380	0.4842105263157895	3.55	10.73	UFM1_dependent
87	0.6091954022988506	3.13	6.6	UFM1_dependent
78	0.21794871794871795	4.72	4.83	UFM1_dependent
254	0.35826771653543305	6.74	4.57	UFM1_dependent
404	0.2747524752475248	7.35	6.15	UFM1_dependent
230	0.5391304347826087	6.8	0.77	UFM1_dependent
339	0.30383480825958703	4.94	3.88	UFM1_dependent
2688	0.3288690476190476	6.93	7.9	UFM1_dependent
984	0.4176829268292683	10.1	9.81	UFM1_dependent
1237	0.47291835084882783	5.4	2.04	UFM1_dependent
207	0.5990338164251208	3.75	11.19	UFM1_dependent
308	0.4967532467532468	7.08	10.02	UFM1_dependent
667	0.5667166416791605	8.78	5.08	UFM1_dependent
234	0.4700854700854701	7.12	8.72	UFM1_dependent
852	0.6185446009389671	9.65	8.42	UFM1_dependent
2190	0.5027397260273972	7.23	9.16	UFM1_dependent
856	0.5957943925233645	5.99	10.74	UFM1_dependent
84	0.6904761904761905	7.39	11.76	UFM1_dependent
174	0.5804597701149425	3.9	1.72	UFM1_dependent
102	0.6274509803921569	0.51	-0.67	UFM1_dependent
89	0.6966292134831461	8.48	9.66	UFM1_dependent
113	0.5929203539823009	10.1	4.18	UFM1_dependent
89	0.6404494382022472	8.66	8.31	UFM1_dependent
437	0.2745995423340961	8.24	7.06	UFM1_dependent
234	0.5085470085470085	6.35	5.91	UFM1_dependent
1206	0.48258706467661694	9.3	5.95	UFM1_dependent
228	0.6622807017543859	7.97	7.38	UFM1_dependent
145	0.5862068965517241	9.3	9.85	UFM1_dependent
573	0.5165794066317626	-1.89	2.14	UFM1_dependent
362	0.5386740331491713	10.03	6.17	UFM1_dependent
82	0.524390243902439	-1.42	8.05	UFM1_dependent
386	0.5777202072538861	9.6	6.92	UFM1_dependent
87	0.42528735632183906	-2.51	8.22	UFM1_dependent
734	0.49318801089918257	9.22	7.28	UFM1_dependent
1295	0.4061776061776062	3.97	6.53	UFM1_dependent
234	0.6367521367521367	5.37	7.57	UFM1_dependent
74	0.7297297297297297	1.98	3.66	UFM1_dependent
89	0.7752808988764045	6.79	8.88	UFM1_dependent
250	0.512	8.92	8.55	UFM1_dependent
205	0.7024390243902439	8.68	6.76	UFM1_dependent
73	0.2876712328767123	6.12	8.27	UFM1_dependent
179	0.6145251396648045	7.68	8.88	UFM1_dependent
1205	0.5161825726141079	4.4	5.33	UFM1_dependent
82	0.6463414634146342	5.87	5.49	UFM1_dependent
79	0.379746835443038	10.22	9.7	UFM1_dependent
360	0.6361111111111111	10.67	10.08	UFM1_dependent
153	0.5555555555555556	4.22	9.44	UFM1_dependent
281	0.6334519572953736	7.03	6.35	UFM1_dependent
418	0.5143540669856459	7.83	9.1	UFM1_dependent
569	0.28822495606326887	8.88	6.65	UFM1_dependent
1119	0.4110813226094727	7.83	11.22	UFM1_dependent
2346	0.3576300085251492	6.49	6.65	UFM1_dependent
742	0.5067385444743935	8.7	12.67	UFM1_dependent
528	0.5700757575757576	9.25	10.22	UFM1_dependent
528	0.6647727272727273	5.06	7.81	UFM1_dependent
1778	0.4415073115860517	8.88	9.94	UFM1_dependent
199	0.5025125628140703	7.36	3.25	UFM1_dependent
389	0.5501285347043702	8.23	-0.73	UFM1_dependent
384	0.5520833333333334	8.23	6.27	UFM1_dependent
4124	0.4224054316197866	10.57	10.75	UFM1_dependent
178	0.5617977528089888	7.59	8.96	UFM1_dependent
610	0.31311475409836065	8.55	5.72	UFM1_dependent
475	0.27578947368421053	10.65	10.36	UFM1_dependent
259	0.6911196911196911	7.22	3.36	UFM1_dependent
100	0.47	5.39	11.54	UFM1_dependent
261	0.5019157088122606	8.41	6.49	UFM1_dependent
914	0.4562363238512035	8.59	6.86	UFM1_dependent
1396	0.5064469914040115	10.53	7.65	UFM1_dependent
263	0.5247148288973384	5.12	8.98	UFM1_dependent
287	0.5296167247386759	9.22	2.87	UFM1_dependent
323	0.6130030959752322	6.52	8.59	UFM1_dependent
451	0.5254988913525499	10.28	1.21	UFM1_dependent
101	0.5841584158415841	10.67	7.88	UFM1_dependent
548	0.4835766423357664	5.67	8.25	UFM1_dependent
572	0.35664335664335667	8.82	7.84	UFM1_dependent
78	0.6666666666666666	5.59	7.25	UFM1_dependent
611	0.5106382978723404	9.09	5.91	UFM1_dependent
179	0.5418994413407822	9.46	11.75	UFM1_dependent
83	0.3253012048192771	9.01	5.47	UFM1_dependent
54	0.5740740740740741	-2.9	10.02	UFM1_dependent
90	0.8	8.76	7.75	UFM1_dependent
317	0.5899053627760252	10.75	7.82	UFM1_dependent
200	0.525	8.56	9.86	UFM1_dependent
408	0.46078431372549017	2.48	4.82	UFM1_dependent
292	0.4965753424657534	6.84	5.83	UFM1_dependent
333	0.5195195195195195	8.55	10.63	UFM1_dependent
147	0.5170068027210885	-2.12	-3.29	UFM1_dependent
77	0.36363636363636365	10.28	8.23	UFM1_dependent
86	0.5581395348837209	10.03	10.05	UFM1_dependent
280	0.6071428571428571	11.08	8.02	UFM1_dependent
143	0.4125874125874126	0.5	6.11	UFM1_dependent
362	0.6132596685082873	6.92	9.56	UFM1_dependent
330	0.5787878787878787	8.85	-0.2	UFM1_dependent
157	0.6050955414012739	8.88	8.31	UFM1_dependent
522	0.5766283524904214	7.83	4.13	UFM1_dependent
485	0.44948453608247424	9.6	8.88	UFM1_dependent
1294	0.366306027820711	6.63	8.63	UFM1_dependent
213	0.6431924882629108	9.6	7.92	UFM1_dependent
2415	0.44679089026915114	3.63	12.34	UFM1_dependent
165	0.3393939393939394	0.86	5.68	UFM1_dependent
80	0.4	10.07	4.94	UFM1_dependent
86	0.32558139534883723	8.4	8.72	UFM1_dependent
94	0.5851063829787234	7.94	8.02	UFM1_dependent
395	0.6860759493670886	6.64	5.03	UFM1_dependent
352	0.6136363636363636	7.09	10.48	UFM1_dependent
387	0.3152454780361757	10.47	9.52	UFM1_dependent
79	0.5443037974683544	2.37	6.68	UFM1_dependent
545	0.3559633027522936	8.55	9.23	UFM1_dependent
93	0.3870967741935484	1.75	9.05	UFM1_dependent
107	0.6074766355140186	10.07	6.69	UFM1_dependent
241	0.7427385892116183	8.06	9.91	UFM1_dependent
2148	0.5088454376163873	9.6	10.12	UFM1_dependent
122	0.47540983606557374	7.04	8.45	UFM1_dependent
382	0.7041884816753927	10.9	7.51	UFM1_dependent
256	0.765625	7.06	12.16	UFM1_dependent
114	0.5701754385964912	6.43	9.91	UFM1_dependent
511	0.31702544031311153	8.95	3.18	UFM1_dependent
278	0.6366906474820144	6.43	5.12	UFM1_dependent
84	0.6904761904761905	10.51	10.75	UFM1_dependent
136	0.5955882352941176	3.41	5.73	UFM1_dependent
284	0.44014084507042256	0.77	8.17	UFM1_dependent
85	0.7411764705882353	4.44	9.21	UFM1_dependent
321	0.6137071651090342	7.2	10.69	UFM1_dependent
95	0.3368421052631579	7.76	5.63	UFM1_dependent
599	0.5525876460767947	9.24	2.98	UFM1_dependent
539	0.47680890538033394	6.99	6.87	UFM1_dependent
101	0.4752475247524752	6.04	7.15	UFM1_dependent
405	0.6222222222222222	1.7	9.85	UFM1_dependent
5665	0.442188879082083	11.08	10.06	UFM1_dependent
1026	0.48050682261208577	6.23	9.09	UFM1_dependent
159	0.6792452830188679	3.58	8.91	UFM1_dependent
492	0.4186991869918699	10.06	3.01	UFM1_dependent
80	0.575	7.36	7.82	UFM1_dependent
68	0.6764705882352942	8.16	7.9	UFM1_dependent
2190	0.4552511415525114	6.44	4.73	UFM1_dependent
431	0.5498839907192575	8.66	9.89	UFM1_dependent
475	0.4421052631578947	7.82	10.85	UFM1_dependent
284	0.5598591549295775	2.69	5.93	UFM1_dependent
1111	0.41944194419441944	9.16	3.6	UFM1_dependent
1621	0.3701418877236274	10.77	-0.13	UFM1_dependent
890	0.4640449438202247	9.16	5.52	UFM1_dependent
379	0.5620052770448549	0.43	9.05	UFM1_dependent
1981	0.5820292781423524	7.77	9.11	UFM1_dependent
105	0.7238095238095238	4.36	6.13	UFM1_dependent
764	0.45549738219895286	10.06	9.32	UFM1_dependent
705	0.6510638297872341	3.68	10.22	UFM1_dependent
85	0.2823529411764706	5.46	9.76	UFM1_dependent
3738	0.39539860888175493	5.19	5.25	UFM1_dependent
90	0.4777777777777778	9.14	9.33	UFM1_dependent
813	0.6260762607626076	9.27	7.53	UFM1_dependent
128	0.78125	10.03	8.51	UFM1_dependent
170	0.5823529411764706	7.75	8.36	UFM1_dependent
947	0.4530095036958817	-6.21	-6.29	UFM1_dependent
415	0.4530120481927711	9.43	10.8	UFM1_dependent
378	0.5158730158730159	10.24	7.8	UFM1_dependent
687	0.33478893740902477	9.88	6.95	UFM1_dependent
510	0.6	7.0	10.73	UFM1_dependent
301	0.3023255813953488	5.2	4.87	UFM1_dependent
1288	0.42080745341614906	9.46	13.3	UFM1_dependent
219	0.639269406392694	3.28	11.13	UFM1_dependent
558	0.6129032258064516	7.73	10.72	UFM1_dependent
596	0.46812080536912754	9.26	11.5	UFM1_dependent
1299	0.43494996150885296	-7.1	10.27	UFM1_dependent
853	0.36811254396248533	10.86	6.71	UFM1_dependent
73	0.7397260273972602	5.88	9.85	UFM1_dependent
1195	0.47782426778242676	11.81	7.52	UFM1_dependent
695	0.5453237410071943	9.88	7.14	UFM1_dependent
1479	0.33198106828938473	7.15	7.74	UFM1_dependent
1219	0.31747333880229694	8.88	7.16	UFM1_dependent
190	0.7421052631578947	4.09	8.95	UFM1_dependent
1692	0.4373522458628842	7.79	3.54	UFM1_dependent
179	0.30726256983240224	8.07	9.15	UFM1_dependent
1103	0.514959202175884	7.4	9.4	UFM1_dependent
88	0.7727272727272727	8.23	9.92	UFM1_dependent
177	0.6497175141242938	10.77	-7.19	UFM1_dependent
269	0.5799256505576208	10.03	6.81	UFM1_dependent
182	0.7362637362637363	10.03	8.9	UFM1_dependent
561	0.27450980392156865	7.8	6.49	UFM1_dependent
432	0.5254629629629629	3.53	4.9	UFM1_dependent
230	0.6826086956521739	7.75	9.89	UFM1_dependent
847	0.4025974025974026	8.55	9.07	UFM1_dependent
528	0.3522727272727273	10.9	5.21	UFM1_dependent
197	0.6091370558375635	8.27	10.55	UFM1_dependent
217	0.5253456221198156	9.68	10.39	UFM1_dependent
471	0.47983014861995754	2.57	10.63	UFM1_dependent
378	0.5529100529100529	7.7	10.13	UFM1_dependent
89	0.8089887640449438	8.7	7.6	UFM1_dependent
219	0.6164383561643836	3.56	8.92	UFM1_dependent
336	0.30654761904761907	7.44	11.6	UFM1_dependent
77	0.2077922077922078	10.47	11.61	UFM1_dependent
257	0.6536964980544747	3.35	9.79	UFM1_dependent
108	0.6481481481481481	10.51	8.68	UFM1_dependent
653	0.47320061255742724	8.02	7.79	UFM1_dependent
892	0.5100896860986547	5.88	7.79	UFM1_dependent
2720	0.5084558823529411	9.6	5.74	UFM1_dependent
88	0.7272727272727273	6.37	9.8	UFM1_dependent
136	0.3897058823529412	7.13	9.84	UFM1_dependent
173	0.3699421965317919	3.26	5.74	UFM1_dependent
627	0.45454545454545453	1.65	10.06	UFM1_dependent
591	0.45346869712351945	1.69	10.06	UFM1_dependent
143	0.5664335664335665	8.14	3.83	UFM1_dependent
851	0.5417156286721504	5.86	6.96	UFM1_dependent
120	0.2	10.15	9.26	UFM1_dependent
941	0.47927736450584485	8.63	10.73	UFM1_dependent
103	0.6796116504854369	7.03	9.09	UFM1_dependent
191	0.4397905759162304	2.59	9.52	UFM1_dependent
265	0.660377358490566	7.23	5.01	UFM1_dependent
136	0.6617647058823529	2.57	11.78	UFM1_dependent
81	0.5679012345679012	6.36	8.84	UFM1_dependent
159	0.5408805031446541	7.84	9.47	UFM1_dependent
4630	0.3930885529157667	2.7	8.52	UFM1_dependent
223	0.57847533632287	4.95	7.28	UFM1_dependent
510	0.44509803921568625	8.04	7.67	UFM1_dependent
334	0.6107784431137725	8.56	11.73	UFM1_dependent
276	0.6195652173913043	7.23	6.72	UFM1_dependent
1236	0.5048543689320388	6.71	-2.33	UFM1_dependent
745	0.5315436241610738	8.68	2.48	UFM1_dependent
607	0.6128500823723229	5.87	3.43	UFM1_dependent
603	0.32338308457711445	11.08	9.14	UFM1_dependent
83	0.7108433734939759	7.93	6.58	UFM1_dependent
725	0.670344827586207	8.19	3.1	UFM1_dependent
220	0.6409090909090909	3.82	8.38	UFM1_dependent
605	0.4512396694214876	4.05	10.12	UFM1_dependent
723	0.4384508990318119	6.3	9.65	UFM1_dependent
74	0.32432432432432434	10.57	9.23	UFM1_dependent
81	0.5679012345679012	9.48	10.23	UFM1_dependent
699	0.5579399141630901	7.41	9.41	UFM1_dependent
4243	0.38816874852698563	9.45	7.88	UFM1_dependent
183	0.5628415300546448	9.14	11.55	UFM1_dependent
122	0.3360655737704918	-0.15	10.65	UFM1_dependent
446	0.3901345291479821	5.19	11.02	UFM1_dependent
277	0.5523465703971119	5.49	6.21	UFM1_dependent
87	0.5057471264367817	7.93	6.94	UFM1_dependent
503	0.5566600397614314	10.67	10.66	UFM1_dependent
118	0.5	2.95	10.96	UFM1_dependent
564	0.4432624113475177	8.83	7.96	UFM1_dependent
117	0.6837606837606838	9.1	8.34	UFM1_independent
2236	0.5	5.84	5.36	UFM1_independent
1387	0.5169430425378515	8.76	13.32	UFM1_independent
82	0.6585365853658537	9.85	5.81	UFM1_independent
302	0.6158940397350994	7.22	4.0	UFM1_independent
90	0.6444444444444445	10.17	6.41	UFM1_independent
73	0.7534246575342466	9.6	8.41	UFM1_independent
71	0.704225352112676	9.25	7.95	UFM1_independent
604	0.6440397350993378	10.07	10.05	UFM1_independent
114	0.631578947368421	8.44	9.98	UFM1_independent
361	0.6426592797783933	9.16	6.18	UFM1_independent
569	0.671353251318102	4.94	7.9	UFM1_independent
502	0.5697211155378487	5.49	9.31	UFM1_independent
978	0.5879345603271984	8.93	12.19	UFM1_independent
75	0.6933333333333334	9.89	11.96	UFM1_independent
239	0.6317991631799164	9.88	10.61	UFM1_independent
443	0.5733634311512416	8.37	8.86	UFM1_independent
1174	0.5468483816013628	5.01	8.44	UFM1_independent
209	0.5550239234449761	9.46	5.9	UFM1_independent
114	0.7017543859649122	8.49	-0.13	UFM1_independent
71	0.704225352112676	10.03	7.37	UFM1_independent
180	0.6	6.99	9.76	UFM1_independent
236	0.7245762711864406	4.66	9.59	UFM1_independent
80	0.6375	10.07	4.3	UFM1_independent
447	0.3087248322147651	8.39	10.01	UFM1_independent
831	0.37184115523465705	7.76	7.3	UFM1_independent
202	0.7029702970297029	10.27	6.26	UFM1_independent
95	0.6842105263157895	9.1	10.09	UFM1_independent
541	0.5878003696857671	9.46	5.58	UFM1_independent
465	0.44516129032258067	2.62	6.02	UFM1_independent
267	0.6217228464419475	10.86	8.56	UFM1_independent
208	0.5625	6.15	5.97	UFM1_independent
645	0.5193798449612403	4.05	10.36	UFM1_independent
76	0.6447368421052632	8.73	7.77	UFM1_independent
414	0.5869565217391305	6.13	9.76	UFM1_independent
73	0.6164383561643836	9.27	9.5	UFM1_independent
667	0.5697151424287856	7.66	9.34	UFM1_independent
111	0.5405405405405406	8.02	4.96	UFM1_independent
88	0.625	10.49	5.12	UFM1_independent
76	0.75	8.7	6.31	UFM1_independent
108	0.6759259259259259	6.78	10.62	UFM1_independent
72	0.8055555555555556	9.6	5.95	UFM1_independent
1209	0.3854425144747725	9.25	8.96	UFM1_independent
946	0.39957716701902746	6.54	4.44	UFM1_independent
327	0.48623853211009177	9.48	11.07	UFM1_independent
633	0.6587677725118484	1.07	9.36	UFM1_independent
446	0.594170403587444	6.92	4.95	UFM1_independent
103	0.7087378640776699	6.03	5.24	UFM1_independent
541	0.6876155268022182	8.3	8.97	UFM1_independent
380	0.6605263157894737	8.05	12.62	UFM1_independent
465	0.3763440860215054	9.04	7.1	UFM1_independent
78	0.34615384615384615	7.56	6.42	UFM1_independent
103	0.47572815533980584	-3.12	10.18	UFM1_independent
76	0.6578947368421053	10.17	8.26	UFM1_independent
331	0.6858006042296072	7.81	5.4	UFM1_independent
81	0.5925925925925926	9.2	6.91	UFM1_independent
76	0.75	10.13	8.31	UFM1_independent
2372	0.342327150084317	9.79	9.52	UFM1_independent
412	0.5194174757281553	9.45	7.87	UFM1_independent
271	0.5535055350553506	4.22	9.03	UFM1_independent
251	0.5737051792828686	4.85	6.61	UFM1_independent
302	0.48013245033112584	6.14	11.95	UFM1_independent
274	0.5072992700729927	8.34	13.7	UFM1_independent
232	0.5129310344827587	-8.44	9.23	UFM1_independent
135	0.45185185185185184	8.68	6.04	UFM1_independent
236	0.5084745762711864	7.04	6.85	UFM1_independent
267	0.27340823970037453	10.08	12.17	UFM1_independent
122	0.5327868852459017	10.65	7.61	UFM1_independent
132	0.6136363636363636	3.59	11.18	UFM1_independent
424	0.5966981132075472	9.08	7.54	UFM1_independent
71	0.6056338028169014	6.71	5.7	UFM1_independent
1706	0.45838218053927315	9.48	8.02	UFM1_independent
71	0.704225352112676	9.6	9.86	UFM1_independent
242	0.6115702479338843	10.28	9.59	UFM1_independent
297	0.696969696969697	5.26	4.6	UFM1_independent
308	0.5974025974025974	2.91	4.91	UFM1_independent
257	0.45525291828793774	10.9	8.43	UFM1_independent
133	0.6390977443609023	10.67	9.83	UFM1_independent
476	0.6533613445378151	8.17	9.94	UFM1_independent
208	0.6346153846153846	10.08	7.33	UFM1_independent
238	0.6638655462184874	6.91	9.58	UFM1_independent
108	0.6944444444444444	5.42	8.98	UFM1_independent
152	0.6776315789473685	4.51	7.13	UFM1_independent
774	0.6524547803617571	7.81	8.72	UFM1_independent
304	0.569078947368421	4.41	9.73	UFM1_independent
86	0.4883720930232558	8.14	4.9	UFM1_independent
349	0.6848137535816619	7.36	10.55	UFM1_independent
237	0.6666666666666666	8.38	2.99	UFM1_independent
254	0.49606299212598426	5.73	7.98	UFM1_independent
110	0.6636363636363637	7.42	4.63	UFM1_independent
228	0.618421052631579	10.07	-3.21	UFM1_independent
223	0.6188340807174888	10.07	9.23	UFM1_independent
414	0.39371980676328505	10.67	5.64	UFM1_independent
108	0.5648148148148148	6.14	10.18	UFM1_independent
304	0.5230263157894737	8.68	4.9	UFM1_independent
1429	0.40447865640307906	8.88	-2.63	UFM1_independent
122	0.3360655737704918	1.5	9.25	UFM1_independent
519	0.51252408477842	10.86	5.66	UFM1_independent
102	0.6470588235294118	9.07	4.56	UFM1_independent
722	0.628808864265928	8.19	7.61	UFM1_independent
249	0.3614457831325301	8.54	5.2	UFM1_independent
143	0.6293706293706294	7.43	5.51	UFM1_independent
153	0.5686274509803921	10.44	6.12	UFM1_independent
372	0.34139784946236557	7.7	4.42	UFM1_independent
2477	0.398465886152604	-0.98	9.18	UFM1_independent
104	0.7596153846153846	8.27	12.39	UFM1_independent
235	0.5276595744680851	7.52	7.72	UFM1_independent
478	0.6422594142259415	5.84	8.99	UFM1_independent
201	0.5174129353233831	7.13	7.02	UFM1_independent
783	0.5517241379310345	6.84	8.55	UFM1_independent
79	0.3291139240506329	9.65	7.02	UFM1_independent
210	0.4857142857142857	10.86	3.44	UFM1_independent
187	0.49732620320855614	6.35	8.26	UFM1_independent
254	0.4645669291338583	9.31	1.96	UFM1_independent
194	0.6804123711340206	4.57	3.78	UFM1_independent
352	0.5028409090909091	0.88	9.14	UFM1_independent
685	0.6773722627737226	10.28	11.5	UFM1_independent
93	0.5376344086021505	3.9	10.43	UFM1_independent
82	0.6219512195121951	7.93	11.89	UFM1_independent
172	0.7151162790697675	-1.88	4.46	UFM1_independent
537	0.48417132216014896	6.64	2.26	UFM1_independent
76	0.3157894736842105	7.84	8.07	UFM1_independent
280	0.5142857142857142	6.66	7.53	UFM1_independent
78	0.717948717948718	3.22	9.12	UFM1_independent
440	0.5795454545454546	11.08	8.61	UFM1_independent
170	0.5823529411764706	3.9	5.4	UFM1_independent
746	0.613941018766756	8.3	13.85	UFM1_independent
75	0.5333333333333333	8.68	7.78	UFM1_independent
262	0.6221374045801527	3.33	11.2	UFM1_independent
302	0.6125827814569537	7.15	7.49	UFM1_independent
307	0.2996742671009772	5.37	9.94	UFM1_independent
205	0.47804878048780486	8.62	4.42	UFM1_independent
403	0.5806451612903226	5.46	5.93	UFM1_independent
1618	0.43819530284301605	11.08	7.75	UFM1_independent
73	0.6164383561643836	5.84	10.12	UFM1_independent
225	0.5022222222222222	10.1	8.94	UFM1_independent
327	0.672782874617737	7.39	5.39	UFM1_independent
202	0.599009900990099	3.48	5.62	UFM1_independent
571	0.4448336252189142	7.93	7.62	UFM1_independent
239	0.698744769874477	6.34	8.64	UFM1_independent
83	0.40963855421686746	9.22	12.21	UFM1_independent
135	0.5925925925925926	8.92	1.48	UFM1_independent
909	0.5698569856985699	2.86	11.81	UFM1_independent
144	0.7638888888888888	4.8	6.17	UFM1_independent
95	0.6736842105263158	8.17	6.92	UFM1_independent
668	0.44011976047904194	10.16	8.27	UFM1_independent
2986	0.5371734762223711	8.68	10.66	UFM1_independent
104	0.5288461538461539	10.51	12.27	UFM1_independent
613	0.4437194127243067	8.73	7.31	UFM1_independent
679	0.5434462444771723	8.49	9.21	UFM1_independent
315	0.5619047619047619	5.73	9.7	UFM1_independent
127	0.5433070866141733	5.19	10.0	UFM1_independent
100	0.5	7.61	7.86	UFM1_independent
75	0.5466666666666666	10.67	9.2	UFM1_independent
292	0.4794520547945205	8.92	4.89	UFM1_independent
67	0.7611940298507462	7.23	7.58	UFM1_independent
543	0.49171270718232046	7.54	8.12	UFM1_independent
137	0.7591240875912408	7.41	11.13	UFM1_independent
842	0.39667458432304037	8.92	7.62	UFM1_independent
787	0.5527318932655655	9.14	7.49	UFM1_independent
525	0.42095238095238097	7.07	7.98	UFM1_independent
187	0.6844919786096256	5.84	8.41	UFM1_independent
283	0.7243816254416962	8.07	6.28	UFM1_independent
191	0.7277486910994765	3.27	9.32	UFM1_independent
521	0.2571976967370441	9.55	7.75	UFM1_independent
192	0.5208333333333334	8.39	10.6	UFM1_independent
1614	0.5142503097893433	10.17	4.54	UFM1_independent
86	0.6976744186046512	-24.06	-15.03	UFM1_independent
148	0.6013513513513513	9.72	12.77	UFM1_independent
131	0.6259541984732825	9.45	9.55	UFM1_independent
555	0.4846846846846847	6.03	6.87	UFM1_independent
166	0.4819277108433735	8.92	11.23	UFM1_independent
76	0.8157894736842105	10.07	10.98	UFM1_independent
258	0.5038759689922481	4.34	11.6	UFM1_independent
298	0.46308724832214765	8.93	5.92	UFM1_independent
50	0.66	8.16	8.19	UFM1_independent
210	0.5619047619047619	4.94	10.01	UFM1_independent
87	0.6666666666666666	3.13	7.19	UFM1_independent
583	0.5094339622641509	7.53	11.3	UFM1_independent
390	0.6435897435897436	10.03	5.73	UFM1_independent
150	0.6333333333333333	9.22	9.82	UFM1_independent
165	0.6121212121212121	9.85	10.15	UFM1_independent
209	0.4880382775119617	8.34	1.05	UFM1_independent
245	0.5877551020408164	-1.17	8.43	UFM1_independent
79	0.6075949367088608	10.77	10.06	UFM1_independent
246	0.6056910569105691	8.41	8.6	UFM1_independent
304	0.625	6.43	14.34	UFM1_independent
283	0.49469964664310956	6.84	6.72	UFM1_independent
536	0.292910447761194	6.38	1.86	UFM1_independent
273	0.5384615384615384	-4.38	6.4	UFM1_independent
162	0.5	1.88	5.33	UFM1_independent
545	0.3192660550458716	9.79	7.37	UFM1_independent
88	0.5454545454545454	8.98	3.19	UFM1_independent
107	0.5046728971962616	7.9	9.1	UFM1_independent
1444	0.40443213296398894	8.92	7.9	UFM1_independent
801	0.5031210986267166	3.33	7.0	UFM1_independent
79	0.6708860759493671	7.07	7.29	UFM1_independent
414	0.644927536231884	9.79	9.66	UFM1_independent
266	0.6466165413533834	3.77	9.24	UFM1_independent
695	0.5582733812949641	10.1	7.31	UFM1_independent
124	0.6451612903225806	6.71	5.9	UFM1_independent
302	0.6622516556291391	5.03	8.35	UFM1_independent
1254	0.474481658692185	10.08	10.13	UFM1_independent
178	0.5842696629213483	7.93	8.57	UFM1_independent
1034	0.7678916827852998	5.3	11.71	UFM1_independent
460	0.5782608695652174	10.03	7.32	UFM1_independent
79	0.7721518987341772	7.23	9.46	UFM1_independent
131	0.6870229007633588	6.53	6.79	UFM1_independent
76	0.7105263157894737	9.88	9.84	UFM1_independent
1263	0.4758511480601742	10.08	5.46	UFM1_independent
798	0.5288220551378446	5.91	7.89	UFM1_independent
80	0.7125	10.9	12.14	UFM1_independent
1045	0.5578947368421052	9.81	9.08	UFM1_independent
472	0.7563559322033898	9.89	6.77	UFM1_independent
227	0.5066079295154186	9.16	7.91	UFM1_independent
228	0.6096491228070176	7.82	9.87	UFM1_independent
285	0.4	3.94	-6.01	UFM1_independent
126	0.6666666666666666	9.01	6.83	UFM1_independent
98	0.7448979591836735	2.4	6.39	UFM1_independent
194	0.5979381443298969	6.25	9.64	UFM1_independent
1227	0.3284433577832111	7.96	9.3	UFM1_independent
81	0.32098765432098764	7.23	9.87	UFM1_independent
359	0.28690807799442897	6.56	4.89	UFM1_independent
280	0.5892857142857143	0.61	5.15	UFM1_independent
269	0.6394052044609665	8.28	5.29	UFM1_independent
445	0.6359550561797753	0.35	9.15	UFM1_independent
118	0.7372881355932204	4.29	6.12	UFM1_independent
449	0.6726057906458798	7.09	6.12	UFM1_independent
407	0.6609336609336609	10.03	3.23	UFM1_independent
302	0.7086092715231788	9.25	8.96	UFM1_independent
287	0.3867595818815331	8.23	-4.09	UFM1_independent
217	0.5529953917050692	8.05	5.36	UFM1_independent
243	0.5967078189300411	8.17	5.86	UFM1_independent
297	0.4006734006734007	5.52	8.09	UFM1_independent
373	0.6890080428954424	3.44	8.64	UFM1_independent
87	0.7126436781609196	7.93	-1.65	UFM1_independent
572	0.6171328671328671	7.66	9.84	UFM1_independent
73	0.6438356164383562	10.49	10.69	UFM1_independent
337	0.5905044510385756	0.6	10.87	UFM1_independent
450	0.6044444444444445	8.3	10.93	UFM1_independent
409	0.5501222493887531	4.08	11.76	UFM1_independent
171	0.4269005847953216	8.62	10.31	UFM1_independent
126	0.5079365079365079	3.93	10.96	UFM1_independent
754	0.41379310344827586	7.82	4.49	UFM1_independent
6230	0.36918138041733545	8.14	9.88	UFM1_independent
249	0.6746987951807228	9.35	10.45	UFM1_independent
116	0.6379310344827587	5.27	9.55	UFM1_independent
89	0.651685393258427	2.22	2.65	UFM1_independent
340	0.6794117647058824	10.07	8.46	UFM1_independent
