ID...1.WT	GeneID	geneSymbol	chr.WT	strand.WT	longExonStart_0base.WT	longExonEnd.WT	shortES.WT	shortEE.WT	flankingES.WT	flankingEE.WT	ID...12.WT	IJC_SAMPLE_1.WT	SJC_SAMPLE_1.WT	IJC_SAMPLE_2.WT	SJC_SAMPLE_2.WT	IncFormLen.WT	SkipFormLen.WT	PValue.WT	FDR.WT	IncLevel1.WT	IncLevel2.WT	IncLevelDifference.WT	across_short_boundary_count.WT	long_to_flanking_count.WT	exclusive_to_long_count.WT	short_to_flanking_count.WT	event_type	ID	FDR_num.WT	dPSI_num.WT	mean_psi_ctrl.WT	mean_psi_case.WT	total_reads.WT	1stExonStart_0base.WT	1stExonEnd.WT	2ndExonStart_0base.WT	2ndExonEnd.WT	upstreamES.WT	upstreamEE.WT	downstreamES.WT	downstreamEE.WT	ID...14.WT	upstream_to_first_count.WT	first_to_downstream_count.WT	first_count.WT	upstream_to_second_count.WT	second_to_downstream_count.WT	second_count.WT	riExonStart_0base.WT	riExonEnd.WT	upstream_to_intron_count.WT	intron_to_downstream_count.WT	intron_count.WT	upstream_to_downstream_count.WT	exonStart_0base.WT	exonEnd.WT	upstream_to_target_count.WT	target_to_downstream_count.WT	target_count.WT	ID...1.UFM	chr.UFM	strand.UFM	longExonStart_0base.UFM	longExonEnd.UFM	shortES.UFM	shortEE.UFM	flankingES.UFM	flankingEE.UFM	ID...12.UFM	IJC_SAMPLE_1.UFM	SJC_SAMPLE_1.UFM	IJC_SAMPLE_2.UFM	SJC_SAMPLE_2.UFM	IncFormLen.UFM	SkipFormLen.UFM	PValue.UFM	FDR.UFM	IncLevel1.UFM	IncLevel2.UFM	IncLevelDifference.UFM	across_short_boundary_count.UFM	long_to_flanking_count.UFM	exclusive_to_long_count.UFM	short_to_flanking_count.UFM	FDR_num.UFM	dPSI_num.UFM	mean_psi_ctrl.UFM	mean_psi_case.UFM	total_reads.UFM	1stExonStart_0base.UFM	1stExonEnd.UFM	2ndExonStart_0base.UFM	2ndExonEnd.UFM	upstreamES.UFM	upstreamEE.UFM	downstreamES.UFM	downstreamEE.UFM	ID...14.UFM	upstream_to_first_count.UFM	first_to_downstream_count.UFM	first_count.UFM	upstream_to_second_count.UFM	second_to_downstream_count.UFM	second_count.UFM	riExonStart_0base.UFM	riExonEnd.UFM	upstream_to_intron_count.UFM	intron_to_downstream_count.UFM	intron_count.UFM	upstream_to_downstream_count.UFM	exonStart_0base.UFM	exonEnd.UFM	upstream_to_target_count.UFM	target_to_downstream_count.UFM	target_count.UFM	FDR	IncLevelDifference	chr	strand	riExonStart_0base	riExonEnd	upstreamES	upstreamEE	downstreamES	downstreamEE	inc_len_bp	exc_len_bp	inc_cds_overlap_bp	exc_cds_overlap_bp	inc_touches_cds	exc_touches_cds	inc_cds_overlap_mod3	exc_cds_overlap_mod3	delta_cds_overlap_bp	delta_cds_overlap_mod3	frameshift_candidate_inc	frameshift_candidate_delta	cds_overlap_bp	touches_cds	cds_overlap_mod3	frameshift_candidate	advanced_n_transcripts_matched	advanced_any_protein_pair	advanced_transcript_ids	inclusion_transcript_ids	exclusion_transcript_ids	advanced_overlaps_start_codon_any	advanced_overlaps_stop_codon_any	advanced_frameshift_any	advanced_frameshift_frac	advanced_nmd_proxy_any	RI_Position	Event_Position	dataset
14	ENSG00000102125	TAFAZZIN	chrX	+							14	46,21,72	46,37,93	7,15,18	46,19,63	266	149	0.00158052042713	0.0080563185861688	0.359,0.241,0.302	0.079,0.307,0.138	0.126					RI	chrX|+|154420031|154420264|154420031|154420094|154420211|154420264	0.0080563185861688	0.126	0.3006666666666666	0.1746666666666666	483					154420031	154420094	154420211	154420264								154420031	154420264	24,8,45,5,13,10	22,15,31,3,3,8	0,0,0,0,0,0	46,37,93,46,19,63						14	chrX	+							14	35,37,77	23,37,54	13,46,20	68,46,29	266	149	0.00159727994729	0.0078587566769137	0.46,0.359,0.444	0.097,0.359,0.279	0.176					0.0078587566769137	0.176	0.421	0.245	485					154420031	154420094	154420211	154420264								154420031	154420264	7,22,54,9,22,7	28,15,29,6,25,16	0,0,0,0,0,0	23,37,54,68,46,29						0.0080563185861688	0.126	X	+	154420031	154420264	154420031	154420094	154420211	154420264	233	0	1572	0	True	False	0.0		1572	0	False	False	1572	True	0.0	False	1	True	ENST00000369776	ENST00000369776	ENST00000426231;ENST00000439735;ENST00000470127;ENST00000475699;ENST00000483674;ENST00000494912;ENST00000498029;ENST00000601016;ENST00000612012;ENST00000612460;ENST00000613002;ENST00000613634;ENST00000614595;ENST00000615658;ENST00000615986;ENST00000616020;ENST00000617701;ENST00000620808;ENST00000652354;ENST00000652358;ENST00000652390;ENST00000652476;ENST00000652644;ENST00000652682;ENST00000652685;ENST00000698234;ENST00000698317;ENST00000698318;ENST00000698319;ENST00000698320	False	False	True	1.0	True	CDS	CDS	UFM1_independent
19	ENSG00000196924	FLNA	chrX	-							19	6290,5734,6868	1184,1023,1340	10138,9613,11286	1070,960,1152	850	149	2.1368462555e-12	1.2599174268005768e-10	0.482,0.496,0.473	0.624,0.637,0.632	-0.147					RI	chrX|-|154350030|154351696|154350030|154350207|154350908|154351696	1.2599174268005768e-10	-0.147	0.4836666666666666	0.631	56658					154350030	154350207	154350908	154351696								154350030	154351696	1175,1125,1314,1847,1666,2075	960,801,919,1393,1457,1624	4155,3808,4635,6898,6490,7587	1184,1023,1340,1070,960,1152						19	chrX	-							19	5038,6085,7345	931,1474,1542	8945,7875,8977	957,932,1100	850	149	2.31314967181e-12	1.2253606024614548e-10	0.487,0.42,0.455	0.621,0.597,0.589	-0.148					1.2253606024614548e-10	-0.148	0.454	0.6023333333333333	51201					154350030	154350207	154350908	154351696								154350030	154351696	944,1020,1386,1653,1467,1764	718,859,1000,1318,1066,1202	3376,4206,4959,5974,5342,6011	931,1474,1542,957,932,1100						1.2599174268005768e-10	-0.147	X	-	154350030	154351696	154350030	154350207	154350908	154351696	1666	0	1820	0	True	False	2.0		1820	2	True	True	1820	True	2.0	True	1	False	ENST00000490936	ENST00000490936	ENST00000360319;ENST00000369850;ENST00000369856;ENST00000420627;ENST00000422373;ENST00000444578;ENST00000462590;ENST00000498411;ENST00000498491;ENST00000610817;ENST00000673639;ENST00000676696;ENST00000678304	False	False	False	0.0	False	3UTR	3UTR	UFM1_independent
85	ENSG00000001497	LAS1L	chrX	-							85	633,678,839	14,10,19	538,489,754	54,26,48	2385	149	3.04985137145e-09	9.122774931576293e-08	0.739,0.809,0.734	0.384,0.54,0.495	0.288					RI	chrX|-|65517986|65522285|65517986|65518465|65520701|65522285	9.122774931576293e-08	0.288	0.7606666666666667	0.473	4102					65517986	65518465	65520701	65522285								65517986	65522285	51,44,53,56,25,41	122,106,173,123,88,117	460,528,613,359,376,596	14,10,19,54,26,48						85	chrX	-							85	677,736,848	6,9,26	556,635,596	43,33,57	2385	149	1.59607267403e-08	3.934156276925376e-07	0.876,0.836,0.671	0.447,0.546,0.395	0.332					3.934156276925376e-07	0.332	0.7943333333333333	0.4626666666666666	4222					65517986	65518465	65520701	65522285								65517986	65522285	56,51,76,41,39,34	156,166,232,134,146,123	465,519,540,381,450,439	6,9,26,43,33,57						9.122774931576293e-08	0.288	X	-	65517986	65522285	65517986	65518465	65520701	65522285	4299	0	2612	0	True	False	2.0		2612	2	True	True	2612	True	2.0	True	2	False	ENST00000679056;ENST00000679277	ENST00000679056;ENST00000679277	ENST00000374804;ENST00000374807;ENST00000374811;ENST00000469091;ENST00000484069;ENST00000676986;ENST00000677056;ENST00000677087;ENST00000677154;ENST00000677834;ENST00000677969;ENST00000677986;ENST00000678074;ENST00000678173;ENST00000678547;ENST00000678570;ENST00000678705;ENST00000678823;ENST00000678848;ENST00000678956;ENST00000679116;ENST00000679261	False	False	False	0.0	False	Stop_Codon	Stop_Codon	UFM1_independent
97	ENSG00000186787	SPIN2B	chrX	-							97	31,48,17	2,0,4	41,2,7	0,0,0	452	149	0.00316983308644	0.0142712309001836	0.836,1.0,0.584	1.0,1.0,1.0	-0.193					RI	chrX|-|57119681|57120631|57119681|57120101|57120404|57120631	0.0142712309001836	-0.193	0.8066666666666666	1.0	152					57119681	57120101	57120404	57120631								57119681	57120631	4,3,0,6,0,1	2,0,0,0,1,0	25,45,17,35,1,6	2,0,4,0,0,0						97	chrX	-							97	24,13,45	7,0,1	11,10,5	0,0,0	452	149	0.000256308307762	0.0016643503984674	0.531,1.0,0.937	1.0,1.0,1.0	-0.177					0.0016643503984674	-0.177	0.8226666666666667	1.0	116					57119681	57120101	57120404	57120631								57119681	57120631	5,1,5,2,4,2	0,1,0,0,3,0	19,11,40,9,3,3	7,0,1,0,0,0						0.0142712309001836	-0.193	X	-	57119681	57120631	57119681	57120101	57120404	57120631	950	0	2979	0	True	False	0.0		2979	0	False	False	2979	True	0.0	False	1	True	ENST00000434397	ENST00000434397	ENST00000275988;ENST00000333933;ENST00000374910;ENST00000460948	True	True	False	0.0	False	CDS	CDS	UFM1_independent
118	ENSG00000102312	PORCN	chrX	+							118	231,147,192	0,0,0	150,163,105	3,0,4	1536	149	0.000763332979749	0.0044834845132383	1.0,1.0,1.0	0.829,1.0,0.718	0.151					RI	chrX|+|48512834|48514365|48512834|48512852|48514239|48514365	0.0044834845132383	0.151	1.0	0.849	995					48512834	48512852	48514239	48514365								48512834	48514365	21,13,9,22,12,7	41,16,27,8,18,16	169,118,156,120,133,82	0,0,0,3,0,4						118	chrX	+							118	317,208,297	0,2,2	141,122,88	0,8,2	1536	149	0.00333926410635	0.0145706762559592	1.0,0.91,0.935	1.0,0.597,0.81	0.146					0.0145706762559592	0.146	0.9483333333333334	0.8023333333333333	1187					48512834	48512852	48514239	48514365								48512834	48514365	5,44,1,3,13,7	19,6,14,8,8,8	293,158,282,130,101,73	0,2,2,0,8,2						0.0044834845132383	0.151	X	+	48512834	48514365	48512834	48512852	48514239	48514365	1531	0	948	0	True	False	0.0		948	0	False	False	948	True	0.0	False	1	False	ENST00000684722	ENST00000684722	ENST00000326194;ENST00000355961;ENST00000359882;ENST00000361988;ENST00000367574;ENST00000472520;ENST00000485288;ENST00000491243;ENST00000537758;ENST00000682661;ENST00000683923	False	False	False	0.0	False	CDS	CDS	UFM1_independent
130	ENSG00000215301	DDX3X	chrX	+							130	559,473,599	460,491,547	1066,860,1233	431,420,463	1027	149	1.11022302463e-16	1.2377977430965744e-14	0.15,0.123,0.137	0.264,0.229,0.279	-0.121					RI	chrX|+|41341483|41342653|41341483|41341616|41342494|41342653	1.2377977430965744e-14	-0.121	0.1366666666666666	0.2573333333333333	7602					41341483	41341616	41342494	41342653								41341483	41342653	94,92,89,209,131,214	66,81,93,199,138,200	399,300,417,658,591,819	460,491,547,431,420,463						130	chrX	+							130	454,354,713	508,586,400	1014,866,1104	363,321,316	1027	149	0.0	0.0	0.115,0.081,0.205	0.288,0.281,0.336	-0.168					0.0	-0.168	0.1336666666666666	0.3016666666666667	6999					41341483	41341616	41342494	41342653								41341483	41342653	104,52,128,181,151,292	69,30,83,183,96,188	281,272,502,650,619,624	508,586,400,363,321,316						1.2377977430965744e-14	-0.121	X	+	41341483	41342653	41341483	41341616	41342494	41342653	1170	0	7332	0	True	False	0.0		7332	0	False	False	7332	True	0.0	False	3	False	ENST00000642722;ENST00000645561;ENST00000646196	ENST00000642722;ENST00000645561;ENST00000646196	ENST00000399959;ENST00000441189;ENST00000457138;ENST00000478993;ENST00000542215;ENST00000610559;ENST00000611546;ENST00000615313;ENST00000615742;ENST00000622198;ENST00000625837;ENST00000626301;ENST00000629496;ENST00000629785;ENST00000630255;ENST00000630370;ENST00000630858;ENST00000631641;ENST00000642161;ENST00000642322;ENST00000642424;ENST00000642589;ENST00000642597;ENST00000642624;ENST00000642687;ENST00000642763;ENST00000642793;ENST00000643963;ENST00000644073;ENST00000644074;ENST00000644109;ENST00000644260;ENST00000644307;ENST00000644513;ENST00000644677;ENST00000644876;ENST00000644958;ENST00000645080;ENST00000645120;ENST00000645253;ENST00000645338;ENST00000645380;ENST00000645574;ENST00000645589;ENST00000645783;ENST00000646107;ENST00000646122;ENST00000646223;ENST00000646319;ENST00000646390;ENST00000646627;ENST00000646679;ENST00000646822;ENST00000646940;ENST00000647219;ENST00000647286	False	False	False	0.0	False	Stop_Codon	Stop_Codon	UFM1_independent
144	ENSG00000182220	ATP6AP2	chrX	+							144	49,40,27	0,8,0	24,62,64	0,0,0	1189	149	0.00231342677758	0.0110224809635746	1.0,0.385,1.0	1.0,1.0,1.0	-0.205					RI	chrX|+|40599591|40600881|40599591|40599741|40600781|40600881	0.0110224809635746	-0.205	0.795	1.0	274					40599591	40599741	40600781	40600881								40599591	40600881	4,3,7,10,24,11	14,11,2,6,24,11	31,26,18,8,14,42	0,8,0,0,0,0						144	chrX	+							144	31,72,53	0,0,0	24,48,41	10,0,0	1189	149	0.0052323153403	0.0210092768218561	1.0,1.0,1.0	0.231,1.0,1.0	0.256					0.0210092768218561	0.256	1.0	0.7436666666666667	279					40599591	40599741	40600781	40600881								40599591	40600881	0,6,0,5,22,15	9,22,6,0,0,0	22,44,47,19,26,26	0,0,0,10,0,0						0.0110224809635746	-0.205	X	+	40599591	40600881	40599591	40599741	40600781	40600881	1290	0	4076	0	True	False	2.0		4076	2	True	True	4076	True	2.0	True	1	False	ENST00000635829	ENST00000635829	ENST00000378438;ENST00000423649;ENST00000447485;ENST00000486558;ENST00000635734;ENST00000635774;ENST00000636196;ENST00000636251;ENST00000636287;ENST00000636409;ENST00000636574;ENST00000636580;ENST00000636639;ENST00000636787;ENST00000636970;ENST00000637019;ENST00000637140;ENST00000637165;ENST00000637327;ENST00000637482;ENST00000637526;ENST00000637614;ENST00000637793;ENST00000637930;ENST00000637955;ENST00000638046;ENST00000638153	False	False	False	0.0	False	CDS	CDS	UFM1_independent
159	ENSG00000100429	HDAC10	chr22	-							159	259,349,279	161,198,214	139,154,135	156,154,221	231	149	1.19758495776e-06	1.7743269750364057e-05	0.509,0.532,0.457	0.365,0.392,0.283	0.153					RI	chr22|-|50245674|50246092|50245674|50245827|50245909|50246092	1.7743269750364057e-05	0.153	0.4993333333333333	0.3466666666666667	2419					50245674	50245827	50245909	50246092								50245674	50246092	218,237,215,96,91,94	66,138,86,50,69,46	0,0,0,0,6,0	161,198,214,156,154,221						159	chr22	-							159	212,318,336	132,221,249	126,152,168	160,243,169	231	149	1.29357167933e-06	1.9099949563505796e-05	0.509,0.481,0.465	0.337,0.287,0.391	0.147					1.9099949563505796e-05	0.147	0.485	0.3383333333333333	2486					50245674	50245827	50245909	50246092								50245674	50246092	139,240,263,98,123,135	82,101,124,45,39,55	0,0,2,0,0,0	132,221,249,160,243,169						1.7743269750364057e-05	0.153	22	-	50245674	50246092	50245674	50245827	50245909	50246092	418	0	1008	0	True	False	0.0		1008	0	False	False	1008	True	0.0	False	2	False	ENST00000454936;ENST00000477814	ENST00000454936;ENST00000477814	ENST00000216271;ENST00000349505;ENST00000415993;ENST00000429374;ENST00000448072;ENST00000483222;ENST00000496235;ENST00000497952;ENST00000498366;ENST00000626012	False	False	False	0.0	False	3UTR	3UTR	UFM1_independent
160	ENSG00000100429	HDAC10	chr22	-							160	602,506,549	346,544,533	109,116,115	309,302,441	451	149	0.0	0.0	0.365,0.235,0.254	0.104,0.113,0.079	0.186					RI	chr22|-|50246297|50246735|50246297|50246376|50246678|50246735	0.0	0.186	0.2846666666666667	0.0986666666666666	4472					50246297	50246376	50246678	50246735								50246297	50246735	231,105,154,27,35,15	95,50,78,24,27,36	276,351,317,58,54,64	346,544,533,309,302,441						160	chr22	-							160	478,625,533	363,488,522	90,128,132	251,362,414	451	149	0.0	0.0	0.303,0.297,0.252	0.106,0.105,0.095	0.182					0.0	0.182	0.284	0.102	4386					50246297	50246376	50246678	50246735								50246297	50246735	141,189,154,30,55,37	90,107,90,14,5,22	247,329,289,46,68,73	363,488,522,251,362,414						0.0	0.186	22	-	50246297	50246735	50246297	50246376	50246678	50246735	438	0	408	0	True	False	0.0		408	0	False	False	408	True	0.0	False	1	False	ENST00000497952	ENST00000497952	ENST00000216271;ENST00000349505;ENST00000415993;ENST00000429374;ENST00000448072;ENST00000454936;ENST00000471375;ENST00000477814;ENST00000483222;ENST00000496235;ENST00000498366;ENST00000626012	False	False	False	0.0	False	3UTR	3UTR	UFM1_independent
175	ENSG00000100359	SGSM3	chr22	+							175	117,194,209	342,350,343	51,77,81	251,376,358	239	149	2.44535725002e-10	9.58505909036744e-09	0.176,0.257,0.275	0.112,0.113,0.124	0.12					RI	chr22|+|40408793|40409372|40408793|40408842|40408932|40409372	9.58505909036744e-09	0.12	0.236	0.1163333333333333	2749					40408793	40408842	40408932	40409372								40408793	40409372	28,121,118,33,23,18	111,126,144,32,71,76	0,0,0,0,0,0	342,350,343,251,376,358						175	chr22	+							175	90,231,347	222,365,445	84,90,101	262,250,438	239	149	2.91229053317e-07	5.313390492390825e-06	0.202,0.283,0.327	0.167,0.183,0.126	0.112					5.313390492390825e-06	0.112	0.2706666666666666	0.1586666666666666	2925					40408793	40408842	40408932	40409372								40408793	40409372	50,81,160,43,42,39	65,204,257,52,67,79	0,0,0,0,0,0	222,365,445,262,250,438						9.58505909036744e-09	0.12	22	+	40408793	40409372	40408793	40408842	40408932	40409372	579	0	684	0	True	False	0.0		684	0	False	False	684	True	0.0	False	1	False	ENST00000478085	ENST00000478085	ENST00000248929;ENST00000417424;ENST00000427834;ENST00000462457;ENST00000469719;ENST00000470518;ENST00000485962	False	False	False	0.0	False	3UTR	3UTR	UFM1_independent
263	ENSG00000125520	SLC2A4RG	chr20	+							263	54,113,121	134,164,208	5,4,27	87,143,174	222	149	0.0	0.0	0.213,0.316,0.281	0.037,0.018,0.094	0.22					RI	chr20|+|63741868|63742230|63741868|63742056|63742129|63742230	0.0	0.22	0.27	0.0496666666666666	1234					63741868	63742056	63742129	63742230								63741868	63742230	45,46,84,2,2,18	38,86,78,3,2,25	0,0,0,0,0,0	134,164,208,87,143,174						263	chr20	+							263	69,139,116	90,168,150	24,23,26	68,100,108	222	149	2.77656786452e-11	1.2329186274879615e-09	0.34,0.357,0.342	0.192,0.134,0.139	0.191					1.2329186274879615e-09	0.191	0.3463333333333333	0.155	1081					63741868	63742056	63742129	63742230								63741868	63742230	47,74,80,19,12,11	45,105,82,9,19,25	0,0,1,0,0,0	90,168,150,68,100,108						0.0	0.22	20	+	63741868	63742230	63741868	63742056	63742129	63742230	362	0	289	0	True	False	1.0		289	1	True	True	289	True	1.0	True	1	False	ENST00000491109	ENST00000491109	ENST00000266077;ENST00000473157;ENST00000474248;ENST00000482718;ENST00000485897;ENST00000493772	False	False	False	0.0	False	NonCoding	NonCoding	UFM1_independent
267	ENSG00000101246	ARFRP1	chr20	-							267	195,287,319	250,248,327	105,88,159	170,180,288	220	149	5.30432332513e-06	6.656464853498626e-05	0.346,0.439,0.398	0.295,0.249,0.272	0.122					RI	chr20|-|63698642|63700702|63698642|63700530|63700601|63700702	6.656464853498626e-05	0.122	0.3943333333333333	0.272	2616					63698642	63700530	63700601	63700702								63698642	63700702	104,188,213,73,58,111	147,201,196,67,55,85	0,0,0,0,0,0	250,248,327,170,180,288						267	chr20	-							267	194,230,315	213,196,356	73,113,78	160,174,192	220	149	1.56339118207e-07	3.075348321993723e-06	0.382,0.443,0.375	0.236,0.305,0.216	0.148					3.075348321993723e-06	0.148	0.4	0.2523333333333333	2294					63698642	63700530	63700601	63700702								63698642	63700702	125,149,192,33,62,45	128,165,220,57,81,38	0,0,0,0,0,0	213,196,356,160,174,192						6.656464853498626e-05	0.122	20	-	63698642	63700702	63698642	63700530	63700601	63700702	2060	0	1066	0	True	False	1.0		1066	1	True	True	1066	True	1.0	True	1	True	ENST00000614942	ENST00000614942	ENST00000607873;ENST00000609188;ENST00000610414;ENST00000610774;ENST00000612157;ENST00000612256;ENST00000612772;ENST00000618568;ENST00000618838;ENST00000619493;ENST00000622789	False	True	True	1.0	False	Stop_Codon	Stop_Codon	UFM1_independent
282	ENSG00000101194	SLC17A9	chr20	+							282	2905,2823,2423	491,563,574	1289,1861,1758	471,659,685	753	149	5.66213742559e-11	2.4382377981444e-09	0.539,0.498,0.455	0.351,0.358,0.337	0.149					RI	chr20|+|62966702|62968597|62966702|62966732|62967336|62968597	2.4382377981444e-09	0.149	0.4973333333333333	0.3486666666666667	16502					62966702	62966732	62967336	62968597								62966702	62968597	586,530,419,229,359,257	372,458,453,206,288,319	1947,1835,1551,854,1214,1182	491,563,574,471,659,685						282	chr20	+							282	2908,3598,3722	414,536,758	1435,2030,1875	538,633,508	753	149	4.42790248911e-11	1.8569516063705062e-09	0.582,0.57,0.493	0.345,0.388,0.422	0.163					1.8569516063705062e-09	0.163	0.5483333333333333	0.385	18955					62966702	62966732	62967336	62968597								62966702	62968597	514,659,734,276,339,291	409,627,526,262,347,300	1985,2312,2462,897,1344,1284	414,536,758,538,633,508						2.4382377981444e-09	0.149	20	+	62966702	62968597	62966702	62966732	62967336	62968597	1895	0	382	0	True	False	1.0		382	1	True	True	382	True	1.0	True	1	False	ENST00000488738	ENST00000488738	ENST00000370349;ENST00000370351;ENST00000459704;ENST00000483113	False	False	False	0.0	False	3UTR	3UTR	UFM1_independent
317	ENSG00000166913	YWHAB	chr20	+							317	832,806,1038	82,110,104	1326,1448,2010	40,66,82	2308	149	1.1657341758599999e-14	1.035982893677322e-12	0.396,0.321,0.392	0.682,0.586,0.613	-0.257					RI	chr20|+|44901530|44904116|44901530|44901833|44903992|44904116	1.035982893677322e-12	-0.257	0.3696666666666667	0.627	7944					44901530	44901833	44903992	44904116								44901530	44904116	17,28,37,60,54,72	40,19,52,85,85,114	775,759,949,1181,1309,1824	82,110,104,40,66,82						317	chr20	+							317	501,771,894	100,139,115	1297,1060,1492	62,40,96	2308	149	2.33146835171e-15	2.011391053710956e-13	0.244,0.264,0.334	0.575,0.631,0.501	-0.288					2.011391053710956e-13	-0.288	0.2806666666666667	0.569	6567					44901530	44901833	44903992	44904116								44901530	44904116	32,38,28,57,41,70	30,22,46,109,74,72	439,711,820,1131,945,1350	100,139,115,62,40,96						1.035982893677322e-12	-0.257	20	+	44901530	44904116	44901530	44901833	44903992	44904116	2586	0	2059	0	True	False	1.0		2059	1	True	True	2059	True	1.0	True	1	False	ENST00000631616	ENST00000631616	ENST00000353703;ENST00000372839;ENST00000428262;ENST00000445830;ENST00000477896;ENST00000479421;ENST00000633979	False	False	False	0.0	False	Stop_Codon	Stop_Codon	UFM1_independent
329	ENSG00000185513	L3MBTL1	chr20	+							329	0,8,1	17,11,24	0,0,0	7,4,6	263	149	0.0023833420136	0.0112767386013851	0.0,0.292,0.023	0.0,0.0,0.0	0.105					RI	chr20|+|43536096|43536458|43536096|43536294|43536408|43536458	0.0112767386013851	0.105	0.105	0.0	78					43536096	43536294	43536408	43536458								43536096	43536458	0,6,1,0,0,0	0,2,0,0,0,0	0,0,0,0,0,0	17,11,24,7,4,6						329	chr20	+							329	10,10,2	21,9,27	0,0,0	13,5,13	263	149	8.94419808772e-07	1.3779084758097216e-05	0.212,0.386,0.04	0.0,0.0,0.0	0.213					1.3779084758097216e-05	0.213	0.2126666666666666	0.0	110					43536096	43536294	43536408	43536458								43536096	43536458	2,10,2,0,0,0	8,3,1,0,0,0	0,0,0,0,0,0	21,9,27,13,5,13						0.0112767386013851	0.105	20	+	43536096	43536458	43536096	43536294	43536408	43536458	362	0	2547	0	True	False	0.0		2547	0	False	False	2547	True	0.0	False	1	False	ENST00000648421	ENST00000648421	ENST00000373133;ENST00000373134;ENST00000373135;ENST00000418998;ENST00000422861;ENST00000427442;ENST00000434666;ENST00000439769;ENST00000445228;ENST00000473981;ENST00000497347;ENST00000647827;ENST00000647860;ENST00000648570;ENST00000648715;ENST00000648774;ENST00000648786;ENST00000649084;ENST00000649501;ENST00000649698;ENST00000649917;ENST00000650349;ENST00000650484;ENST00000704961	False	False	False	0.0	False	3UTR	3UTR	UFM1_independent
342	ENSG00000101384	JAG1	chr20	-							342	46,16,27	2,9,0	9,6,28	0,0,0	533	149	7.05593215591e-05	0.00060176600806731	0.865,0.332,1.0	1.0,1.0,1.0	-0.268					RI	chr20|-|10648548|10649107|10648548|10648676|10649060|10649107	0.00060176600806731	-0.268	0.7323333333333333	1.0	143					10648548	10648676	10649060	10649107								10648548	10649107	13,6,17,3,0,7	7,0,0,0,0,5	26,10,10,6,6,16	2,9,0,0,0,0						342	chr20	-							342	18,6,2	0,0,0	17,4,7	0,4,2	533	149	4.58241267092e-05	0.00039533128742408	1.0,1.0,1.0	1.0,0.218,0.495	0.429					0.00039533128742408	0.429	1.0	0.571	60					10648548	10648676	10649060	10649107								10648548	10649107	18,6,2,17,3,3	0,0,0,0,1,2	0,0,0,0,0,2	0,0,0,0,4,2						0.00060176600806731	-0.268	20	-	10648548	10649107	10648548	10648676	10649060	10649107	559	0	316	0	True	False	1.0		316	1	True	True	316	True	1.0	True	1	False	ENST00000620743	ENST00000620743	ENST00000254958;ENST00000423891;ENST00000617965;ENST00000622545	False	False	False	0.0	False	CDS	CDS	UFM1_independent
377	ENSG00000125826	RBCK1	chr20	+							377	565,508,595	158,173,197	263,266,333	118,151,141	510	149	0.000284790814015	0.0019688131584441	0.511,0.462,0.469	0.394,0.34,0.408	0.1					RI	chr20|+|428490|429094|428490|428589|428950|429094	0.0019688131584441	0.1	0.4806666666666667	0.3806666666666666	3468					428490	428589	428950	429094								428490	429094	181,166,169,90,78,83	93,78,134,17,42,65	291,264,292,156,146,185	158,173,197,118,151,141						377	chr20	+							377	566,614,530	107,192,255	283,313,286	124,169,163	510	149	0.0083895602936	0.0309307415220087	0.607,0.483,0.378	0.4,0.351,0.339	0.126					0.0309307415220087	0.126	0.4893333333333333	0.3633333333333333	3602					428490	428589	428950	429094								428490	429094	136,231,114,106,106,53	84,108,153,57,60,57	346,275,263,120,147,176	107,192,255,124,169,163						0.0019688131584441	0.1	20	+	428490	429094	428490	428589	428950	429094	604	0	729	0	True	False	0.0		729	0	False	False	729	True	0.0	False	2	False	ENST00000468272;ENST00000697808	ENST00000468272;ENST00000697808	ENST00000353660;ENST00000356286;ENST00000382181;ENST00000382214;ENST00000415942;ENST00000621487;ENST00000697804;ENST00000697805;ENST00000697807;ENST00000697809;ENST00000697810	False	False	False	0.0	False	3UTR	3UTR	UFM1_independent
412	ENSG00000062822	POLD1	chr19	+							412	1188,829,999	108,84,119	369,625,570	172,197,194	718	149	0.0	0.0	0.695,0.672,0.635	0.308,0.397,0.379	0.306					RI	chr19|+|50415723|50416528|50415723|50415826|50416395|50416528	0.0	0.306	0.6673333333333333	0.3613333333333333	5454					50415723	50415826	50416395	50416528								50415723	50416528	132,83,74,29,35,58	378,257,370,115,185,188	678,489,555,225,405,324	108,84,119,172,197,194						412	chr19	+							412	691,1065,1167	166,143,172	351,571,450	101,108,166	718	149	0.00877205698931	0.0318739182662112	0.463,0.607,0.585	0.419,0.523,0.36	0.118					0.0318739182662112	0.118	0.5516666666666666	0.434	5151					50415723	50415826	50416395	50416528								50415723	50416528	76,129,105,34,52,67	293,306,425,138,194,159	322,630,637,179,325,224	166,143,172,101,108,166						0.0	0.306	19	+	50415723	50416528	50415723	50415826	50416395	50416528	805	0	2493	0	True	False	0.0		2493	0	False	False	2493	True	0.0	False	1	False	ENST00000596648	ENST00000596648	ENST00000440232;ENST00000593407;ENST00000593887;ENST00000593981;ENST00000595904;ENST00000597963;ENST00000599857;ENST00000600746;ENST00000600859;ENST00000601098;ENST00000613923;ENST00000643407;ENST00000644560;ENST00000687454	False	False	False	0.0	False	3UTR	3UTR	UFM1_independent
433	ENSG00000104805	NUCB1	chr19	+							433	206,216,136	53,153,119	61,51,59	37,128,45	651	149	0.0149532963939	0.049086516856207	0.471,0.244,0.207	0.274,0.084,0.231	0.111					RI	chr19|+|48921153|48921932|48921153|48921324|48921826|48921932	0.049086516856207	0.111	0.3073333333333333	0.1963333333333333	1264					48921153	48921324	48921826	48921932								48921153	48921932	12,8,17,1,2,7	51,41,32,2,3,13	143,167,87,58,46,39	53,153,119,37,128,45						433	chr19	+							433	193,200,221	75,106,88	32,46,66	57,54,50	651	149	1.68405003276e-08	4.134137458470586e-07	0.371,0.302,0.365	0.114,0.163,0.232	0.176					4.134137458470586e-07	0.176	0.346	0.1696666666666667	1188					48921153	48921324	48921826	48921932								48921153	48921932	32,32,16,3,11,8	42,41,40,6,11,8	119,127,165,23,24,50	75,106,88,57,54,50						0.049086516856207	0.111	19	+	48921153	48921932	48921153	48921324	48921826	48921932	779	0	3483	0	True	False	0.0		3483	0	False	False	3483	True	0.0	False	1	True	ENST00000706758	ENST00000706758	ENST00000405315;ENST00000407032;ENST00000411700;ENST00000424608;ENST00000451312;ENST00000452087;ENST00000465524;ENST00000469291;ENST00000485798;ENST00000492367;ENST00000706746;ENST00000706748;ENST00000706749;ENST00000706750;ENST00000706751;ENST00000706752;ENST00000706753;ENST00000706754;ENST00000706755;ENST00000706756;ENST00000706757;ENST00000706759;ENST00000706760	False	True	False	0.0	False	Stop_Codon	Stop_Codon	UFM1_independent
453	ENSG00000187244	BCAM	chr19	+							453	417,388,564	4,7,1	215,322,311	7,7,12	1127	149	0.000218367748754	0.0015672142435814	0.932,0.88,0.987	0.802,0.859,0.774	0.121					RI	chr19|+|44819581|44820822|44819581|44819726|44820704|44820822	0.0015672142435814	0.121	0.933	0.8116666666666666	2255					44819581	44819726	44820704	44820822								44819581	44820822	23,6,25,23,17,24	42,86,81,33,63,64	352,296,458,159,242,223	4,7,1,7,7,12						453	chr19	+							453	388,497,584	14,2,7	194,245,266	7,11,21	1127	149	8.4917771475e-05	0.00066341322372254	0.786,0.97,0.917	0.786,0.746,0.626	0.172					0.00066341322372254	0.172	0.891	0.7193333333333334	2236					44819581	44819726	44820704	44820822								44819581	44820822	27,13,23,13,4,25	13,37,96,17,36,42	348,447,465,164,205,199	14,2,7,7,11,21						0.0015672142435814	0.121	19	+	44819581	44820822	44819581	44819726	44820704	44820822	1241	0	409	0	True	False	1.0		409	1	True	True	409	True	1.0	True	1	True	ENST00000611077	ENST00000611077	ENST00000270233;ENST00000588714	False	True	True	1.0	True	Stop_Codon	Stop_Codon	UFM1_independent
491	ENSG00000167645	YIF1B	chr19	-							491	51,56,23	7,12,32	7,11,10	22,12,38	224	149	0.00014340764613	0.0011117265310608	0.829,0.756,0.323	0.175,0.379,0.149	0.402					RI	chr19|-|38307427|38307752|38307427|38307521|38307596|38307752	0.0011117265310608	0.402	0.636	0.2343333333333333	281					38307427	38307521	38307596	38307752								38307427	38307752	28,52,11,7,10,9	40,20,22,1,8,5	0,0,0,0,0,0	7,12,32,22,12,38						491	chr19	-							491	23,74,73	46,26,41	2,7,17	16,21,42	224	149	0.000215129539164	0.001449963489968	0.25,0.654,0.542	0.077,0.181,0.212	0.325					0.001449963489968	0.325	0.482	0.1566666666666666	388					38307427	38307521	38307596	38307752								38307427	38307752	17,50,44,1,7,8	13,51,50,1,4,12	0,0,0,0,0,0	46,26,41,16,21,42						0.0011117265310608	0.402	19	-	38307427	38307752	38307427	38307521	38307596	38307752	325	0	2301	0	True	False	0.0		2301	0	False	False	2301	True	0.0	False	2	False	ENST00000585563;ENST00000586319	ENST00000585563;ENST00000586319	ENST00000329420;ENST00000337679;ENST00000339413;ENST00000392124;ENST00000588002;ENST00000589151;ENST00000589247;ENST00000589644;ENST00000591755;ENST00000591784;ENST00000592246;ENST00000592694	False	False	False	0.0	False	3UTR	3UTR	UFM1_independent
499	ENSG00000075702	WDR62	chr19	+							499	197,310,298	100,170,133	93,86,99	109,97,125	388	149	2.09280370811e-11	9.722024498583726e-10	0.431,0.412,0.462	0.247,0.254,0.233	0.19					RI	chr19|+|36101663|36102851|36101663|36101774|36102013|36102851	9.722024498583726e-10	0.19	0.435	0.2446666666666666	1817					36101663	36101774	36102013	36102851								36101663	36102851	92,104,47,21,15,38	94,191,220,66,64,59	11,15,31,6,7,2	100,170,133,109,97,125						499	chr19	+							499	212,265,235	68,110,140	74,90,117	111,147,162	388	149	3.619327060279999e-14	2.5714254255330495e-12	0.545,0.481,0.392	0.204,0.19,0.217	0.269					2.5714254255330495e-12	0.269	0.4726666666666667	0.2036666666666666	1731					36101663	36101774	36102013	36102851								36101663	36102851	78,79,57,27,30,47	117,171,145,47,60,56	17,15,33,0,0,14	68,110,140,111,147,162						9.722024498583726e-10	0.19	19	+	36101663	36102851	36101663	36101774	36102013	36102851	1188	0	3223	0	True	False	1.0		3223	1	True	True	3223	True	1.0	True	1	False	ENST00000680773	ENST00000680773	ENST00000270301;ENST00000401500;ENST00000587391;ENST00000679357;ENST00000679422;ENST00000679598;ENST00000679682;ENST00000679714;ENST00000679757;ENST00000679858;ENST00000680211;ENST00000680280;ENST00000680349;ENST00000680403;ENST00000680564;ENST00000680590;ENST00000680597;ENST00000680739;ENST00000680806;ENST00000680997;ENST00000681088;ENST00000681608;ENST00000681625;ENST00000681648	False	False	False	0.0	False	3UTR	3UTR	UFM1_independent
543	ENSG00000105698	USF2	chr19	+							543	201,374,279	25,30,40	50,92,48	15,23,14	592	149	6.80085164753e-05	0.00058653758512874	0.669,0.758,0.637	0.456,0.502,0.463	0.214					RI	chr19|+|35269802|35270597|35269802|35270003|35270446|35270597	0.00058653758512874	0.214	0.6880000000000001	0.4736666666666667	1191					35269802	35270003	35270446	35270597								35269802	35270597	3,21,21,0,5,7	70,110,66,14,10,12	128,243,192,36,77,29	25,30,40,15,23,14						543	chr19	+							543	293,251,281	34,39,26	32,77,85	12,14,30	592	149	0.000592501981052	0.003410981376142	0.684,0.618,0.731	0.402,0.581,0.416	0.211					0.003410981376142	0.211	0.6776666666666666	0.4663333333333333	1174					35269802	35270003	35270446	35270597								35269802	35270597	16,13,7,2,1,0	63,47,103,7,28,29	214,191,171,23,48,56	34,39,26,12,14,30						0.00058653758512874	0.214	19	+	35269802	35270597	35269802	35270003	35270446	35270597	795	0	1994	0	True	False	2.0		1994	2	True	True	1994	True	2.0	True	1	False	ENST00000607959	ENST00000607959	ENST00000222305;ENST00000343550;ENST00000379134;ENST00000593708;ENST00000594064;ENST00000595068;ENST00000596380;ENST00000597671;ENST00000598058;ENST00000599471;ENST00000602164	False	False	False	0.0	False	Start_Codon	Start_Codon	UFM1_independent
558	ENSG00000006015	REX1BD	chr19	+							558	708,647,899	120,200,192	254,305,329	99,142,175	1323	149	1.56438372478e-07	3.026120189385161e-06	0.399,0.267,0.345	0.224,0.195,0.175	0.139					RI	chr19|+|18590853|18592336|18590853|18590933|18592107|18592336	3.026120189385161e-06	0.139	0.337	0.198	4070					18590853	18590933	18592107	18592336								18590853	18592336	78,61,82,28,14,60	58,97,170,42,57,12	572,489,647,184,234,257	120,200,192,99,142,175						558	chr19	+							558	658,783,854	149,117,254	159,332,440	123,153,244	1323	149	1.6544254855e-10	6.055197276930001e-09	0.332,0.43,0.275	0.127,0.196,0.169	0.182					6.055197276930001e-09	0.182	0.3456666666666667	0.164	4266					18590853	18590933	18592107	18592336								18590853	18592336	66,84,99,10,27,20	38,75,114,16,41,82	554,624,641,133,264,338	149,117,254,123,153,244						3.026120189385161e-06	0.139	19	+	18590853	18592336	18590853	18590933	18592107	18592336	1483	0	412	0	True	False	1.0		412	1	True	True	412	True	1.0	True	1	False	ENST00000600997	ENST00000600997	ENST00000358607;ENST00000450195;ENST00000595077;ENST00000595490;ENST00000597371;ENST00000598375;ENST00000601736	False	False	False	0.0	False	Stop_Codon	Stop_Codon	UFM1_independent
614	ENSG00000269858	EGLN2	chr19	+							614	122,78,80	56,65,80	26,42,31	44,52,49	358	149	0.00108566873423	0.00596000060725	0.476,0.333,0.294	0.197,0.252,0.208	0.149					RI	chr19|+|40807137|40807551|40807137|40807274|40807483|40807551	0.00596000060725	0.149	0.3676666666666666	0.219	725					40807137	40807274	40807483	40807551								40807137	40807551	53,28,40,11,16,12	39,35,33,12,20,7	30,15,7,3,6,12	56,65,80,44,52,49						614	chr19	+							614	121,123,137	74,66,107	32,29,26	35,47,60	358	149	1.14467856205e-06	1.7110677812425616e-05	0.405,0.437,0.348	0.276,0.204,0.153	0.186					1.7110677812425616e-05	0.186	0.3966666666666666	0.211	857					40807137	40807274	40807483	40807551								40807137	40807551	35,45,24,3,21,3	62,70,92,26,8,18	24,8,21,3,0,5	74,66,107,35,47,60						0.00596000060725	0.149	19	+	40807137	40807551	40807137	40807274	40807483	40807551	414	0	1326	0	True	False	0.0		1326	0	False	False	1326	True	0.0	False	1	False	ENST00000593477	ENST00000593477	ENST00000303961;ENST00000406058;ENST00000593445;ENST00000593726;ENST00000594140;ENST00000595051;ENST00000595621;ENST00000597746;ENST00000599579;ENST00000602166	False	False	False	0.0	False	3UTR	3UTR	UFM1_independent
617	ENSG00000187266	EPOR	chr19	-							617	59,34,32	3,0,1	41,43,53	0,12,6	263	149	0.00305368938613	0.0137989854942882	0.918,1.0,0.948	1.0,0.67,0.833	0.121					RI	chr19|-|11382846|11383232|11382846|11382982|11383096|11383232	0.0137989854942882	0.121	0.9553333333333334	0.8343333333333334	284					11382846	11382982	11383096	11383232								11382846	11383232	45,20,31,24,37,19	14,21,1,19,7,34	0,0,0,0,0,0	3,0,1,0,12,6						617	chr19	-							617	61,66,111	0,1,0	18,65,57	6,8,0	263	149	4.15742710769e-06	5.187335186640477e-05	1.0,0.974,1.0	0.63,0.822,1.0	0.174					5.187335186640477e-05	0.174	0.9913333333333332	0.8173333333333334	393					11382846	11382982	11383096	11383232								11382846	11383232	31,60,75,7,48,41	30,6,41,12,22,18	0,0,0,0,0,0	0,1,0,6,8,0						0.0137989854942882	0.121	19	-	11382846	11383232	11382846	11382982	11383096	11383232	386	0	919	0	True	False	1.0		919	1	True	True	919	True	1.0	True	2	False	ENST00000588681;ENST00000589402	ENST00000588681;ENST00000589402	ENST00000222139;ENST00000586890;ENST00000588859;ENST00000591958;ENST00000592375	False	False	False	0.0	False	NonCoding	NonCoding	UFM1_independent
800	ENSG00000141577	CEP131	chr17	-							800	46,159,55	161,179,97	21,45,15	70,101,110	220	149	0.0065447296424	0.0252563135098784	0.162,0.376,0.277	0.169,0.232,0.085	0.11					RI	chr17|-|81189596|81189975|81189596|81189843|81189914|81189975	0.0252563135098784	0.11	0.2716666666666666	0.162	1059					81189596	81189843	81189914	81189975								81189596	81189975	43,91,46,19,39,15	21,119,30,14,21,4	0,0,0,0,0,0	161,179,97,70,101,110						800	chr17	-							800	46,80,113	92,100,193	16,20,20	63,118,102	220	149	4.85190776445e-10	1.6011295622685e-08	0.253,0.351,0.284	0.147,0.103,0.117	0.174					1.6011295622685e-08	0.174	0.296	0.1223333333333333	963					81189596	81189843	81189914	81189975								81189596	81189975	34,62,107,11,12,15	32,44,41,9,9,10	0,0,0,0,0,0	92,100,193,63,118,102						0.0252563135098784	0.11	17	-	81189596	81189975	81189596	81189843	81189914	81189975	379	0	882	0	True	False	0.0		882	0	False	False	882	True	0.0	False	1	True	ENST00000570817	ENST00000570817	ENST00000269392;ENST00000374782;ENST00000450824;ENST00000571292;ENST00000573053;ENST00000575907	False	True	True	1.0	False	CDS	CDS	UFM1_independent
809	ENSG00000141524	TMC6	chr17	-							809	126,128,91	71,54,71	18,81,36	40,65,46	329	149	0.00104375051826	0.0057982379316925	0.446,0.518,0.367	0.169,0.361,0.262	0.18					RI	chr17|-|78120176|78121164|78120176|78120832|78121012|78121164	0.0057982379316925	0.18	0.4436666666666666	0.264	827					78120176	78120832	78121012	78121164								78120176	78121164	63,84,51,10,48,17	38,33,13,6,20,12	25,11,27,2,13,7	71,54,71,40,65,46						809	chr17	-							809	112,130,140	72,101,113	17,75,24	55,53,69	329	149	0.00128655328042	0.0065731770393031	0.413,0.368,0.359	0.123,0.391,0.136	0.163					0.0065731770393031	0.163	0.38	0.2166666666666666	961					78120176	78120832	78121012	78121164								78120176	78121164	41,64,60,14,28,8	61,33,57,3,24,8	10,33,23,0,23,8	72,101,113,55,53,69						0.0057982379316925	0.18	17	-	78120176	78121164	78120176	78120832	78121012	78121164	988	0	2476	0	True	False	1.0		2476	1	True	True	2476	True	1.0	True	1	False	ENST00000589553	ENST00000589553	ENST00000306591;ENST00000322914;ENST00000392467;ENST00000588087;ENST00000589271;ENST00000590602;ENST00000590934;ENST00000591756;ENST00000592063;ENST00000592076;ENST00000593044;ENST00000698545;ENST00000698546;ENST00000698547;ENST00000698548;ENST00000698549;ENST00000698550;ENST00000698551	False	False	False	0.0	False	3UTR	3UTR	UFM1_independent
820	ENSG00000100360	IFT27	chr22	-							820	6,34,2	0,0,0	11,20,21	1,4,6	385	149	5.67022988562e-08	1.2242904809373888e-06	1.0,1.0,1.0	0.81,0.659,0.575	0.319					RI	chr22|-|36775673|36776125|36775673|36775794|36776030|36776125	1.2242904809373888e-06	0.319	1.0	0.6813333333333333	105					36775673	36775794	36776030	36776125								36775673	36776125	0,0,2,5,2,11	4,33,0,6,16,8	2,1,0,0,2,2	0,0,0,1,4,6						820	chr22	-							820	2,2,23	0,18,2	8,40,30	0,0,0	385	149	1.96640239852e-05	0.00019726086519372	1.0,0.041,0.817	1.0,1.0,1.0	-0.381					0.00019726086519372	-0.381	0.6193333333333333	1.0	125					36775673	36775794	36776030	36776125								36775673	36776125	0,1,3,0,16,7	1,1,16,8,24,15	1,0,4,0,0,8	0,18,2,0,0,0						1.2242904809373888e-06	0.319	22	-	36775673	36776125	36775673	36775794	36776030	36776125	452	0	136	0	True	False	1.0		136	1	True	True	136	True	1.0	True	1	False	ENST00000471809	ENST00000471809	ENST00000340630;ENST00000417951;ENST00000430701;ENST00000433985;ENST00000465023;ENST00000476548	False	False	False	0.0	False	5UTR	5UTR	UFM1_independent
885	ENSG00000006282	SPATA20	chr17	+							885	46,74,87	105,103,121	33,39,27	116,119,130	229	149	1.47787349558e-06	2.1474692594541612e-05	0.222,0.319,0.319	0.156,0.176,0.119	0.136					RI	chr17|+|50550707|50551190|50550707|50550917|50550997|50551190	2.1474692594541612e-05	0.136	0.2866666666666667	0.1503333333333333	1000					50550707	50550917	50550997	50551190								50550707	50551190	29,43,55,23,16,19	17,41,54,14,30,13	0,0,0,0,0,0	105,103,121,116,119,130						885	chr17	+							885	63,69,82	70,146,127	13,50,44	100,113,137	229	149	0.0001196339115	0.00089193727351666	0.369,0.235,0.296	0.078,0.224,0.173	0.142					0.00089193727351666	0.142	0.3	0.1583333333333333	1014					50550707	50550917	50550997	50551190								50550707	50551190	28,25,61,12,30,27	49,56,48,12,25,28	0,0,0,0,0,4	70,146,127,100,113,137						2.1474692594541612e-05	0.136	17	+	50550707	50551190	50550707	50550917	50550997	50551190	483	0	1822	0	True	False	1.0		1822	1	True	True	1822	True	1.0	True	1	False	ENST00000515619	ENST00000515619	ENST00000006658;ENST00000356488;ENST00000503063;ENST00000503127;ENST00000504265;ENST00000504271;ENST00000504334;ENST00000505559;ENST00000505656;ENST00000508528;ENST00000511347;ENST00000511937;ENST00000512181;ENST00000513618;ENST00000634597;ENST00000635113	False	False	False	0.0	False	3UTR	3UTR	UFM1_independent
900	ENSG00000141279	NPEPPS	chr17	+							900	162,168,114	13,15,72	60,69,101	45,44,80	596	149	0.000742128757257	0.0043841363578997	0.757,0.737,0.284	0.25,0.282,0.24	0.335					RI	chr17|+|47585499|47586244|47585499|47585700|47586147|47586244	0.0043841363578997	0.335	0.5926666666666667	0.2573333333333333	943					47585499	47585700	47586147	47586244								47585499	47586244	50,26,24,11,15,39	33,34,17,4,16,12	79,108,73,45,38,50	13,15,72,45,44,80						900	chr17	+							900	110,137,211	17,52,56	54,86,86	27,46,61	596	149	0.00037026765498	0.002302828391786	0.618,0.397,0.485	0.333,0.319,0.261	0.196					0.002302828391786	0.196	0.5	0.3043333333333333	943					47585499	47585700	47586147	47586244								47585499	47586244	22,44,53,24,17,18	18,20,16,5,11,19	70,73,142,25,58,49	17,52,56,27,46,61						0.0043841363578997	0.335	17	+	47585499	47586244	47585499	47585700	47586147	47586244	745	0	2621	0	True	False	2.0		2621	2	True	True	2621	True	2.0	True	1	False	ENST00000700480	ENST00000700480	ENST00000322157;ENST00000525037;ENST00000525401;ENST00000527298;ENST00000527824;ENST00000528751;ENST00000530173;ENST00000532729;ENST00000534691;ENST00000534814;ENST00000602788;ENST00000676492;ENST00000677120;ENST00000677226;ENST00000677370;ENST00000677664;ENST00000677710;ENST00000678262;ENST00000678461;ENST00000678496;ENST00000678909;ENST00000700479;ENST00000700481;ENST00000700497;ENST00000700498;ENST00000700499	False	False	False	0.0	False	Stop_Codon	Stop_Codon	UFM1_independent
905	ENSG00000141279	NPEPPS	chr17	+							905	81,91,99	53,52,52	37,28,50	52,72,58	980	149	4.94042340371e-09	1.4289941656391376e-07	0.189,0.21,0.224	0.098,0.056,0.116	0.118					RI	chr17|+|47585499|47587344|47585499|47586398|47587229|47587344	1.4289941656391376e-07	0.118	0.2076666666666666	0.09	725					47585499	47586398	47587229	47587344								47585499	47587344	2,1,23,0,0,3	5,6,29,7,7,3	74,84,47,30,21,44	53,52,52,52,72,58						905	chr17	+							905	50,95,55	23,58,87	31,34,37	114,67,81	980	149	2.38597465119e-08	5.717817824816036e-07	0.248,0.199,0.088	0.04,0.072,0.065	0.119					5.717817824816036e-07	0.119	0.1783333333333333	0.059	732					47585499	47586398	47587229	47587344								47585499	47587344	1,1,11,6,1,1	4,12,2,3,6,1	45,82,42,22,27,35	23,58,87,114,67,81						1.4289941656391376e-07	0.118	17	+	47585499	47587344	47585499	47586398	47587229	47587344	1845	0	3957	0	True	False	0.0		3957	0	False	False	3957	True	0.0	False	1	False	ENST00000700481	ENST00000700481	ENST00000322157;ENST00000525021;ENST00000525037;ENST00000525401;ENST00000527298;ENST00000527360;ENST00000527824;ENST00000527964;ENST00000528751;ENST00000530173;ENST00000530514;ENST00000532729;ENST00000533538;ENST00000534691;ENST00000534814;ENST00000602788;ENST00000676492;ENST00000677120;ENST00000677226;ENST00000677370;ENST00000677664;ENST00000677710;ENST00000678262;ENST00000678461;ENST00000678496;ENST00000678909;ENST00000700479;ENST00000700480;ENST00000700497;ENST00000700498;ENST00000700499	False	False	False	0.0	False	3UTR	3UTR	UFM1_independent
918	ENSG00000159314	ARHGAP27	chr17	-							918	10,12,10	8,19,6	8,1,1	14,8,6	351	149	0.00856996990252	0.0314300570826869	0.347,0.211,0.414	0.195,0.05,0.066	0.22					RI	chr17|-|45396206|45396585|45396206|45396284|45396486|45396585	0.0314300570826869	0.22	0.3239999999999999	0.1036666666666666	103					45396206	45396284	45396486	45396585								45396206	45396585	0,6,2,0,0,0	10,4,8,8,1,1	0,2,0,0,0,0	8,19,6,14,8,6						918	chr17	-							918	19,6,13	13,11,17	0,9,11	13,17,41	351	149	0.00168291743919	0.0081894749518681	0.383,0.188,0.245	0.0,0.183,0.102	0.177					0.0081894749518681	0.177	0.272	0.095	170					45396206	45396284	45396486	45396585								45396206	45396585	2,0,0,0,0,0	17,5,13,0,8,11	0,1,0,0,1,0	13,11,17,13,17,41						0.0314300570826869	0.22	17	-	45396206	45396585	45396206	45396284	45396486	45396585	379	0	1239	0	True	False	0.0		1239	0	False	False	1239	True	0.0	False	1	False	ENST00000581638	ENST00000581638	ENST00000376922;ENST00000528384;ENST00000528677;ENST00000531735;ENST00000532038;ENST00000532891;ENST00000685559;ENST00000691061;ENST00000703659;ENST00000703660;ENST00000703662	False	False	False	0.0	False	3UTR	3UTR	UFM1_independent
980	ENSG00000130511	SSBP4	chr19	+							980	100,132,62	220,234,186	18,11,17	58,93,129	244	149	8.43501534176e-08	1.7415324604603476e-06	0.217,0.256,0.169	0.159,0.067,0.074	0.114					RI	chr19|+|18432558|18432735|18432558|18432604|18432699|18432735	1.7415324604603476e-06	0.114	0.214	0.1	1260					18432558	18432604	18432699	18432735								18432558	18432735	22,50,12,18,5,8	79,83,50,0,6,11	0,0,0,0,0,0	220,234,186,58,93,129						980	chr19	+							980	84,65,117	128,155,210	0,9,16	81,139,176	244	149	0.0	0.0	0.286,0.204,0.254	0.0,0.038,0.053	0.218					0.0	0.218	0.248	0.0303333333333333	1180					18432558	18432604	18432699	18432735								18432558	18432735	16,33,37,0,4,0	69,32,80,0,5,16	0,0,0,0,0,0	128,155,210,81,139,176						1.7415324604603476e-06	0.114	19	+	18432558	18432735	18432558	18432604	18432699	18432735	177	0	267	0	True	False	0.0		267	0	False	False	267	True	0.0	False	1	False	ENST00000601919	ENST00000601919	ENST00000270061;ENST00000348495;ENST00000593641;ENST00000600244;ENST00000601444;ENST00000602088	False	False	False	0.0	False	3UTR	3UTR	UFM1_independent
1046	ENSG00000131899	LLGL1	chr17	+							1046	509,469,509	20,33,18	134,253,202	19,45,44	690	149	7.0694561316e-12	3.5826367767744793e-10	0.846,0.754,0.859	0.604,0.548,0.498	0.27					RI	chr17|+|18236834|18237773|18236834|18236939|18237480|18237773	3.5826367767744793e-10	0.27	0.8196666666666667	0.55	2255					18236834	18236939	18237480	18237773								18236834	18237773	97,142,115,26,81,53	64,53,74,16,21,30	348,274,320,92,151,119	20,33,18,19,45,44						1046	chr17	+							1046	406,580,604	24,29,31	123,163,156	30,23,47	690	149	6.52768950005e-11	2.7000491021097222e-09	0.785,0.812,0.808	0.47,0.605,0.418	0.304					2.7000491021097222e-09	0.304	0.8016666666666667	0.4976666666666666	2216					18236834	18236939	18237480	18237773								18236834	18237773	87,131,126,30,57,37	53,67,79,4,28,27	266,382,399,89,78,92	24,29,31,30,23,47						3.5826367767744793e-10	0.27	17	+	18236834	18237773	18236834	18236939	18237480	18237773	939	0	796	0	True	False	1.0		796	1	True	True	796	True	1.0	True	1	False	ENST00000479155	ENST00000479155	ENST00000316843;ENST00000711517	False	False	False	0.0	False	NonCoding	NonCoding	UFM1_independent
1071	ENSG00000170037	CNTROB	chr17	+							1071	1052,783,917	167,187,197	367,391,478	163,124,181	614	149	2.07182561773e-07	3.885148222605615e-06	0.605,0.504,0.53	0.353,0.433,0.391	0.154					RI	chr17|+|7948486|7949137|7948486|7948619|7949084|7949137	3.885148222605615e-06	0.154	0.5463333333333333	0.3923333333333333	5007					7948486	7948619	7949084	7949137								7948486	7949137	194,185,101,55,71,84	214,228,196,115,62,112	644,370,620,197,258,282	167,187,197,163,124,181						1071	chr17	+							1071	675,782,855	114,130,226	316,497,408	127,157,121	614	149	0.00011810326135	0.00088270494466912	0.59,0.593,0.479	0.376,0.434,0.45	0.134					0.00088270494466912	0.134	0.5539999999999999	0.42	4408					7948486	7948619	7949084	7949137								7948486	7949137	114,120,215,51,68,46	147,130,177,59,89,92	414,532,463,206,340,270	114,130,226,127,157,121						3.885148222605615e-06	0.154	17	+	7948486	7949137	7948486	7948619	7949084	7949137	651	0	813	0	True	False	0.0		813	0	False	False	813	True	0.0	False	1	False	ENST00000576723	ENST00000576723	ENST00000380262;ENST00000563694;ENST00000565740;ENST00000571632;ENST00000576536	False	False	False	0.0	False	CDS	CDS	UFM1_independent
1082	ENSG00000187838	PLSCR3	chr17	-							1082	22,26,24	33,33,23	3,10,13	33,30,29	416	149	8.98000957327e-05	0.00074039633253189	0.193,0.22,0.272	0.032,0.107,0.138	0.136					RI	chr17|-|7393600|7394159|7393600|7393836|7394103|7394159	0.00074039633253189	0.136	0.2283333333333333	0.0923333333333333	279					7393600	7393836	7394103	7394159								7393600	7394159	16,6,23,3,0,5	4,12,1,0,6,5	2,8,0,0,4,3	33,33,23,33,30,29						1082	chr17	-							1082	26,29,19	11,21,14	5,14,12	23,27,29	416	149	1.50594877879e-06	2.1861597776713484e-05	0.458,0.331,0.327	0.072,0.157,0.129	0.253					2.1861597776713484e-05	0.253	0.372	0.1193333333333333	230					7393600	7393836	7394103	7394159								7393600	7394159	3,13,3,2,11,3	10,8,12,3,2,2	13,8,4,0,1,7	11,21,14,23,27,29						0.00074039633253189	0.136	17	-	7393600	7394159	7393600	7393836	7394103	7394159	559	0	1701	0	True	False	0.0		1701	0	False	False	1701	True	0.0	False	1	False	ENST00000575543	ENST00000575543	ENST00000324822;ENST00000571078;ENST00000571541;ENST00000571802;ENST00000573070;ENST00000573213;ENST00000573774;ENST00000574401;ENST00000576201;ENST00000576362;ENST00000619711	False	False	False	0.0	False	5UTR	5UTR	UFM1_independent
1110	ENSG00000141503	MINK1	chr17	+							1110	303,302,283	22,26,17	129,175,140	17,29,39	357	149	1.63229802163e-05	0.00017227627312625	0.852,0.829,0.874	0.76,0.716,0.6	0.16					RI	chr17|+|4890221|4890735|4890221|4890308|4890516|4890735	0.00017227627312625	0.16	0.8516666666666667	0.692	1482					4890221	4890308	4890516	4890735								4890221	4890735	68,64,72,39,30,52	152,191,160,72,104,55	83,47,51,18,41,33	22,26,17,17,29,39						1110	chr17	+							1110	214,228,315	19,23,19	120,136,160	27,34,12	357	149	0.00466226834366	0.0190189256527757	0.825,0.805,0.874	0.65,0.625,0.848	0.127					0.0190189256527757	0.127	0.8346666666666667	0.7076666666666667	1307					4890221	4890308	4890516	4890735								4890221	4890735	72,71,51,27,37,23	107,127,191,72,95,75	35,30,73,21,4,62	19,23,19,27,34,12						0.00017227627312625	0.16	17	+	4890221	4890735	4890221	4890308	4890516	4890735	514	0	1170	0	True	False	0.0		1170	0	False	False	1170	True	0.0	False	1	True	ENST00000571207	ENST00000571207	ENST00000347992;ENST00000355280;ENST00000453408;ENST00000572330;ENST00000574453;ENST00000664602	False	True	False	0.0	False	Stop_Codon	Stop_Codon	UFM1_independent
1119	ENSG00000141013	GAS8	chr16	+							1119	156,191,221	125,96,105	107,140,197	144,159,190	794	149	7.67540009883e-07	1.2353163623628756e-05	0.19,0.272,0.283	0.122,0.142,0.163	0.106					RI	chr16|+|90036380|90037399|90036380|90036586|90037231|90037399	1.2353163623628756e-05	0.106	0.2483333333333333	0.1423333333333333	1831					90036380	90036586	90037231	90037399								90036380	90037399	22,2,24,12,10,23	21,12,22,23,10,19	113,177,175,72,120,155	125,96,105,144,159,190						1119	chr16	+							1119	239,269,315	109,108,144	153,98,161	131,137,144	794	149	1.6568413308e-11	7.580049088409997e-10	0.292,0.319,0.291	0.18,0.118,0.173	0.144					7.580049088409997e-10	0.144	0.3006666666666666	0.157	2008					90036380	90036586	90037231	90037399								90036380	90037399	19,26,51,22,6,18	83,49,40,31,10,34	137,194,224,100,82,109	109,108,144,131,137,144						1.2353163623628756e-05	0.106	16	+	90036380	90037399	90036380	90036586	90037231	90037399	1019	0	1122	0	True	False	0.0		1122	0	False	False	1122	True	0.0	False	1	False	ENST00000569558	ENST00000569558	ENST00000268699;ENST00000536122;ENST00000537797;ENST00000540721;ENST00000564802;ENST00000565000;ENST00000565062;ENST00000566266;ENST00000569399;ENST00000620723	False	False	False	0.0	False	3UTR	3UTR	UFM1_independent
1120	ENSG00000158805	ZNF276	chr16	+							1120	79,24,49	75,40,43	26,27,22	56,36,76	225	149	0.00380048073878	0.0164716948008622	0.411,0.284,0.43	0.235,0.332,0.161	0.132					RI	chr16|+|89723136|89723709|89723136|89723183|89723259|89723709	0.0164716948008622	0.132	0.375	0.2426666666666666	553					89723136	89723183	89723259	89723709								89723136	89723709	36,16,44,24,17,15	58,9,18,3,12,11	0,0,0,0,0,0	75,40,43,56,36,76						1120	chr16	+							1120	62,51,39	29,38,113	9,21,31	64,36,84	225	149	0.00385043126523	0.0162834414640924	0.586,0.471,0.186	0.085,0.279,0.196	0.228					0.0162834414640924	0.228	0.4143333333333333	0.1866666666666666	577					89723136	89723183	89723259	89723709								89723136	89723709	55,41,35,9,10,28	43,21,9,1,14,15	0,0,0,0,0,0	29,38,113,64,36,84						0.0164716948008622	0.132	16	+	89723136	89723709	89723136	89723183	89723259	89723709	573	0	2687	0	True	False	2.0		2687	2	True	True	2687	True	2.0	True	1	False	ENST00000563983	ENST00000563983	ENST00000289816;ENST00000443381;ENST00000561536;ENST00000562530;ENST00000563541;ENST00000568064;ENST00000568295;ENST00000569426	False	False	False	0.0	False	5UTR	5UTR	UFM1_independent
1158	ENSG00000157353	FCSK	chr16	+							1158	36,51,62	14,14,15	20,32,33	19,12,41	563	149	0.00106709545692	0.0058843789045264	0.405,0.491,0.522	0.218,0.414,0.176	0.203					RI	chr16|+|70466881|70467966|70466881|70467471|70467885|70467966	0.0058843789045264	0.203	0.4726666666666667	0.2693333333333333	349					70466881	70467471	70467885	70467966								70466881	70467966	4,7,13,15,5,6	20,7,30,2,20,14	12,37,19,3,7,13	14,14,15,19,12,41						1158	chr16	+							1158	60,90,66	15,23,38	6,15,12	21,37,21	563	149	1.37998501515e-11	6.561991737394367e-10	0.514,0.509,0.315	0.07,0.097,0.131	0.347					6.561991737394367e-10	0.347	0.446	0.0993333333333333	404					70466881	70467471	70467885	70467966								70466881	70467966	4,20,6,0,8,0	24,19,18,3,3,0	32,51,42,3,4,12	15,23,38,21,37,21						0.0058843789045264	0.203	16	+	70466881	70467966	70466881	70467471	70467885	70467966	1085	0	589	0	True	False	1.0		589	1	True	True	589	True	1.0	True	1	False	ENST00000571487	ENST00000571487	ENST00000288078;ENST00000378912;ENST00000464499;ENST00000571514;ENST00000574784;ENST00000576453	False	False	False	0.0	False	3UTR	3UTR	UFM1_independent
1174	ENSG00000103067	ESRP2	chr16	-							1174	150,88,43	111,170,163	7,11,7	86,53,59	222	149	1.43573822187e-06	2.0911987592652822e-05	0.476,0.258,0.15	0.052,0.122,0.074	0.212					RI	chr16|-|68232576|68232815|68232576|68232687|68232760|68232815	2.0911987592652822e-05	0.212	0.2946666666666666	0.0826666666666666	948					68232576	68232687	68232760	68232815								68232576	68232815	116,68,28,5,9,2	78,47,19,4,2,7	0,0,0,0,0,0	111,170,163,86,53,59						1174	chr16	-							1174	165,107,97	82,118,97	8,54,25	28,47,76	222	149	0.00604656693282	0.0236152064137545	0.575,0.378,0.402	0.161,0.435,0.181	0.193					0.0236152064137545	0.193	0.4516666666666666	0.259	904					68232576	68232687	68232760	68232815								68232576	68232815	137,72,58,2,51,23	66,72,58,8,17,3	0,0,0,0,0,0	82,118,97,28,47,76						2.0911987592652822e-05	0.212	16	-	68232576	68232815	68232576	68232687	68232760	68232815	239	0	528	0	True	False	0.0		528	0	False	False	528	True	0.0	False	1	False	ENST00000251366	ENST00000251366	ENST00000473183;ENST00000562738;ENST00000565858;ENST00000566774	False	False	False	0.0	False	CDS	CDS	UFM1_independent
1186	ENSG00000102901	CENPT	chr16	-							1186	1812,2250,1865	150,278,249	883,1135,1241	194,270,236	816	149	5.84158662553e-08	1.2524688527185302e-06	0.688,0.596,0.578	0.454,0.434,0.49	0.161					RI	chr16|-|67829764|67831358|67829764|67830548|67831215|67831358	1.2524688527185302e-06	0.161	0.6206666666666666	0.4593333333333333	10563					67829764	67830548	67831215	67831358								67829764	67831358	145,273,273,112,149,153	227,281,232,74,104,129	1440,1696,1360,697,882,959	150,278,249,194,270,236						1186	chr16	-							1186	1530,2033,2022	142,318,331	895,1203,1090	205,270,247	816	149	0.00017921444595	0.0012425672090609	0.663,0.539,0.527	0.444,0.449,0.446	0.13					0.0012425672090609	0.13	0.5763333333333334	0.4463333333333333	10286					67829764	67830548	67831215	67831358								67829764	67831358	173,232,233,137,152,123	130,174,310,118,141,96	1227,1627,1479,640,910,871	142,318,331,205,270,247						1.2524688527185302e-06	0.161	16	-	67829764	67831358	67829764	67830548	67831215	67831358	1594	0	2159	0	True	False	2.0		2159	2	True	True	2159	True	2.0	True	1	False	ENST00000569862	ENST00000569862	ENST00000436104;ENST00000440851;ENST00000562462;ENST00000562513;ENST00000562787;ENST00000562947;ENST00000563885;ENST00000564128;ENST00000564817;ENST00000565157;ENST00000565713;ENST00000566758;ENST00000568069;ENST00000568495;ENST00000626059	False	False	False	0.0	False	3UTR	3UTR	UFM1_independent
1197	ENSG00000102977	ACD	chr16	-							1197	113,212,228	77,166,57	32,40,54	38,66,86	260	149	5.18822720912e-05	0.00046376398318256	0.457,0.423,0.696	0.326,0.258,0.265	0.242					RI	chr16|-|67658719|67659613|67658719|67658816|67658927|67659613	0.00046376398318256	0.242	0.5253333333333333	0.283	1169					67658719	67658816	67658927	67659613								67658719	67659613	53,164,148,24,28,18	67,62,96,12,14,44	0,0,0,0,0,0	77,166,57,38,66,86						1197	chr16	-							1197	69,195,164	86,118,93	28,44,46	39,56,53	260	149	0.0139299914063	0.0464512524034487	0.315,0.486,0.503	0.292,0.31,0.332	0.123					0.0464512524034487	0.123	0.4346666666666666	0.3113333333333333	991					67658719	67658816	67658927	67659613								67658719	67659613	58,163,84,10,22,29	22,46,94,18,24,18	0,0,0,0,0,0	86,118,93,39,56,53						0.00046376398318256	0.242	16	-	67658719	67659613	67658719	67658816	67658927	67659613	894	0	5803	0	True	False	1.0		5803	1	True	True	5803	True	1.0	True	1	False	ENST00000695660	ENST00000695660	ENST00000219251;ENST00000602320;ENST00000602382;ENST00000602423;ENST00000602519;ENST00000602622;ENST00000602780;ENST00000602850;ENST00000602860;ENST00000602945;ENST00000620761;ENST00000695641;ENST00000695648;ENST00000695649;ENST00000695650;ENST00000695656;ENST00000695657;ENST00000695658;ENST00000695659;ENST00000695661;ENST00000695662;ENST00000695663;ENST00000695694;ENST00000695695;ENST00000695696;ENST00000695697;ENST00000695698;ENST00000695699;ENST00000695700;ENST00000695701;ENST00000695702;ENST00000695709;ENST00000695710;ENST00000695711;ENST00000695712;ENST00000695713;ENST00000695731;ENST00000695732;ENST00000695733;ENST00000695734;ENST00000695735;ENST00000695736	False	False	False	0.0	False	CDS	CDS	UFM1_independent
1204	ENSG00000102977	ACD	chr16	-							1204	219,212,187	54,57,97	38,83,95	34,32,64	237	149	0.0145188067975	0.0478652275711129	0.718,0.7,0.548	0.413,0.62,0.483	0.15					RI	chr16|-|67657985|67659795|67657985|67659613|67659701|67659795	0.0478652275711129	0.15	0.6553333333333333	0.5053333333333333	1172					67657985	67659613	67659701	67659795								67657985	67659795	98,69,81,14,35,50	139,166,124,31,51,63	0,0,0,0,6,0	54,57,97,34,32,64						1204	chr16	-							1204	131,181,209	34,112,82	31,45,65	20,43,55	237	149	0.0016949786458	0.0082348962526035	0.708,0.504,0.616	0.494,0.397,0.426	0.17					0.0082348962526035	0.17	0.6093333333333333	0.439	1008					67657985	67659613	67659701	67659795								67657985	67659795	73,42,119,18,21,15	71,149,107,15,33,53	0,0,0,0,0,0	34,112,82,20,43,55						0.0478652275711129	0.15	16	-	67657985	67659795	67657985	67659613	67659701	67659795	1810	0	11427	0	True	False	0.0		11427	0	False	False	11427	True	0.0	False	2	False	ENST00000602622;ENST00000602780	ENST00000602622;ENST00000602780	ENST00000219251;ENST00000602320;ENST00000602382;ENST00000602423;ENST00000602519;ENST00000602656;ENST00000602850;ENST00000602860;ENST00000602945;ENST00000620761;ENST00000695641;ENST00000695648;ENST00000695649;ENST00000695650;ENST00000695656;ENST00000695657;ENST00000695658;ENST00000695659;ENST00000695660;ENST00000695661;ENST00000695662;ENST00000695663;ENST00000695694;ENST00000695695;ENST00000695696;ENST00000695697;ENST00000695698;ENST00000695699;ENST00000695700;ENST00000695701;ENST00000695702;ENST00000695709;ENST00000695710;ENST00000695711;ENST00000695712;ENST00000695713;ENST00000695731;ENST00000695732;ENST00000695733;ENST00000695734;ENST00000695735;ENST00000695736	False	False	False	0.0	False	3UTR	3UTR	UFM1_independent
1205	ENSG00000102977	ACD	chr16	-							1205	131,210,91	178,216,210	32,52,46	82,107,149	225	149	0.00151164283641	0.0077568149563733	0.328,0.392,0.223	0.205,0.243,0.17	0.108					RI	chr16|-|67659902|67660290|67659902|67660045|67660121|67660290	0.0077568149563733	0.108	0.3143333333333333	0.206	1504					67659902	67660045	67660121	67660290								67659902	67660290	63,82,48,17,25,18	108,172,82,20,40,37	0,0,0,0,0,0	178,216,210,82,107,149						1205	chr16	-							1205	99,158,182	203,195,223	49,46,37	136,128,153	225	149	5.16796531569e-07	8.669261817069973e-06	0.244,0.349,0.351	0.193,0.192,0.138	0.14					8.669261817069973e-06	0.14	0.3146666666666666	0.1743333333333333	1609					67659902	67660045	67660121	67660290								67659902	67660290	60,53,64,35,24,12	63,134,152,32,34,29	0,0,0,4,0,0	203,195,223,136,128,153						0.0077568149563733	0.108	16	-	67659902	67660290	67659902	67660045	67660121	67660290	388	0	4327	0	True	False	1.0		4327	1	True	True	4327	True	1.0	True	1	False	ENST00000695695	ENST00000695695	ENST00000219251;ENST00000602320;ENST00000602382;ENST00000602423;ENST00000602519;ENST00000602622;ENST00000602780;ENST00000602850;ENST00000602860;ENST00000602945;ENST00000620761;ENST00000695641;ENST00000695648;ENST00000695649;ENST00000695650;ENST00000695656;ENST00000695657;ENST00000695658;ENST00000695659;ENST00000695660;ENST00000695661;ENST00000695662;ENST00000695663;ENST00000695694;ENST00000695696;ENST00000695697;ENST00000695698;ENST00000695699;ENST00000695700;ENST00000695701;ENST00000695710;ENST00000695711;ENST00000695712;ENST00000695732;ENST00000695733;ENST00000695734	False	False	False	0.0	False	5UTR	5UTR	UFM1_independent
1209	ENSG00000039523	RIPOR1	chr16	+							1209	77,72,50	110,144,98	5,7,28	27,39,67	257	149	0.00145039252106	0.0075116612661654	0.289,0.225,0.228	0.097,0.094,0.195	0.119					RI	chr16|+|67545948|67546231|67545948|67546032|67546140|67546231	0.0075116612661654	0.119	0.2473333333333333	0.1286666666666666	724					67545948	67546032	67546140	67546231								67545948	67546231	14,34,3,3,1,6	63,39,41,2,7,23	0,0,6,0,0,0	110,144,98,27,39,67						1209	chr16	+							1209	52,124,65	59,165,120	10,10,8	51,64,94	257	149	6.3282712403599986e-15	5.235127400073156e-13	0.338,0.303,0.239	0.102,0.083,0.047	0.216					5.235127400073156e-13	0.216	0.2933333333333333	0.0773333333333333	822					67545948	67546032	67546140	67546231								67545948	67546231	8,22,13,0,6,5	44,102,52,10,4,5	0,0,0,0,0,0	59,165,120,51,64,94						0.0075116612661654	0.119	16	+	67545948	67546231	67545948	67546032	67546140	67546231	283	0	875	0	True	False	2.0		875	2	True	True	875	True	2.0	True	1	False	ENST00000569733	ENST00000569733	ENST00000042381;ENST00000379312;ENST00000422602;ENST00000428437;ENST00000540839;ENST00000565190;ENST00000565679	False	False	False	0.0	False	3UTR	3UTR	UFM1_independent
1228	ENSG00000103037	SETD6	chr16	+							1228	274,310,187	3,20,33	105,77,113	16,29,14	221	149	0.000450085766774	0.0028990818506913	0.984,0.913,0.793	0.816,0.642,0.845	0.129					RI	chr16|+|58515790|58516097|58515790|58515880|58515952|58516097	0.0028990818506913	0.129	0.8966666666666667	0.7676666666666666	1181					58515790	58515880	58515952	58516097								58515790	58516097	178,195,141,74,59,85	172,194,136,74,54,74	0,0,0,0,0,0	3,20,33,16,29,14						1228	chr16	+							1228	228,204,206	31,22,21	116,102,76	25,36,20	221	149	1.58300742319e-05	0.00016313620867993	0.832,0.862,0.869	0.758,0.656,0.719	0.143					0.00016313620867993	0.143	0.8543333333333333	0.711	1087					58515790	58515880	58515952	58516097								58515790	58516097	137,141,166,78,68,59	180,133,148,86,77,44	0,0,0,0,0,0	31,22,21,25,36,20						0.0028990818506913	0.129	16	+	58515790	58516097	58515790	58515880	58515952	58516097	307	0	1409	0	True	False	2.0		1409	2	True	True	1409	True	2.0	True	2	True	ENST00000219315;ENST00000422445	ENST00000219315;ENST00000422445	ENST00000310682;ENST00000394266;ENST00000418480;ENST00000427443;ENST00000447443;ENST00000468223;ENST00000470003;ENST00000492050	False	False	True	1.0	True	CDS	CDS	UFM1_independent
1241	ENSG00000125124	BBS2	chr16	-							1241	149,153,190	21,37,44	24,33,53	9,14,22	1358	149	0.00267629258465	0.01234840190299	0.438,0.312,0.321	0.226,0.205,0.209	0.144					RI	chr16|-|56498436|56499907|56498436|56498568|56499777|56499907	0.01234840190299	0.144	0.357	0.2133333333333333	749					56498436	56498568	56499777	56499907								56498436	56499907	41,34,38,1,1,14	7,25,19,6,0,0	101,94,133,17,32,39	21,37,44,9,14,22						1241	chr16	-							1241	100,162,182	17,22,56	18,19,64	25,19,48	1358	149	1.10092490679e-10	4.261849687246673e-09	0.392,0.447,0.263	0.073,0.099,0.128	0.267					4.261849687246673e-09	0.267	0.3673333333333333	0.1	732					56498436	56498568	56499777	56499907								56498436	56499907	7,28,28,0,9,14	18,27,15,0,6,6	75,107,139,18,4,44	17,22,56,25,19,48						0.01234840190299	0.144	16	-	56498436	56499907	56498436	56498568	56499777	56499907	1471	0	4632	0	True	False	0.0		4632	0	False	False	4632	True	0.0	False	14	False	ENST00000682096;ENST00000682113;ENST00000682735;ENST00000682960;ENST00000683170;ENST00000683248;ENST00000683396;ENST00000683485;ENST00000683504;ENST00000683609;ENST00000683690;ENST00000684076;ENST00000684194;ENST00000684531	ENST00000682096;ENST00000682113;ENST00000682735;ENST00000682960;ENST00000683170;ENST00000683248;ENST00000683396;ENST00000683485;ENST00000683504;ENST00000683609;ENST00000683690;ENST00000684076;ENST00000684194;ENST00000684531	ENST00000245157;ENST00000561877;ENST00000562012;ENST00000562813;ENST00000564459;ENST00000565781;ENST00000565859;ENST00000566210;ENST00000566410;ENST00000566452;ENST00000566495;ENST00000568104;ENST00000569192;ENST00000618027;ENST00000682000;ENST00000682001;ENST00000682005;ENST00000682038;ENST00000682047;ENST00000682088;ENST00000682146;ENST00000682187;ENST00000682188;ENST00000682201;ENST00000682205;ENST00000682348;ENST00000682360;ENST00000682370;ENST00000682420;ENST00000682429;ENST00000682449;ENST00000682470;ENST00000682473;ENST00000682482;ENST00000682492;ENST00000682493;ENST00000682543;ENST00000682597;ENST00000682623;ENST00000682658;ENST00000682705;ENST00000682723;ENST00000682737;ENST00000682757;ENST00000682855;ENST00000682857;ENST00000682875;ENST00000682930;ENST00000682948;ENST00000683008;ENST00000683020;ENST00000683099;ENST00000683212;ENST00000683343;ENST00000683347;ENST00000683384;ENST00000683410;ENST00000683443;ENST00000683533;ENST00000683644;ENST00000683660;ENST00000683669;ENST00000683719;ENST00000683757;ENST00000683858;ENST00000683875;ENST00000683904;ENST00000683910;ENST00000683959;ENST00000683976;ENST00000683978;ENST00000683992;ENST00000684020;ENST00000684044;ENST00000684057;ENST00000684128;ENST00000684205;ENST00000684246;ENST00000684402;ENST00000684446;ENST00000684635;ENST00000684640;ENST00000684673;ENST00000684684	False	False	False	0.0	False	Stop_Codon	Stop_Codon	UFM1_independent
1244	ENSG00000125124	BBS2	chr16	-							1244	75,49,76	46,42,18	7,39,8	16,47,36	1095	149	2.12663533916e-06	2.990946765992917e-05	0.182,0.137,0.365	0.056,0.101,0.029	0.166					RI	chr16|-|56498436|56501025|56498436|56499907|56500853|56501025	2.990946765992917e-05	0.166	0.228	0.062	459					56498436	56499907	56500853	56501025								56498436	56501025	8,1,9,0,3,0	23,4,19,0,8,4	44,44,48,7,28,4	46,42,18,16,47,36						1244	chr16	-							1244	93,67,95	42,48,39	21,5,26	27,6,29	1095	149	0.000112544419679	0.00085228429118783	0.232,0.16,0.249	0.096,0.102,0.109	0.111					0.00085228429118783	0.111	0.2136666666666666	0.1023333333333333	498					56498436	56499907	56500853	56501025								56498436	56501025	10,3,11,5,2,8	23,15,12,0,0,5	60,49,72,16,3,13	42,48,39,27,6,29						2.990946765992917e-05	0.166	16	-	56498436	56501025	56498436	56499907	56500853	56501025	2589	0	7701	0	True	False	0.0		7701	0	False	False	7701	True	0.0	False	1	False	ENST00000683008	ENST00000683008	ENST00000245157;ENST00000561877;ENST00000562012;ENST00000562059;ENST00000562813;ENST00000564459;ENST00000565781;ENST00000565859;ENST00000566210;ENST00000566410;ENST00000566452;ENST00000566495;ENST00000568104;ENST00000569192;ENST00000569342;ENST00000618027;ENST00000682000;ENST00000682001;ENST00000682005;ENST00000682021;ENST00000682038;ENST00000682047;ENST00000682088;ENST00000682096;ENST00000682113;ENST00000682146;ENST00000682187;ENST00000682188;ENST00000682201;ENST00000682205;ENST00000682348;ENST00000682360;ENST00000682370;ENST00000682420;ENST00000682429;ENST00000682449;ENST00000682470;ENST00000682473;ENST00000682482;ENST00000682492;ENST00000682493;ENST00000682543;ENST00000682561;ENST00000682597;ENST00000682623;ENST00000682658;ENST00000682705;ENST00000682723;ENST00000682735;ENST00000682737;ENST00000682757;ENST00000682855;ENST00000682857;ENST00000682875;ENST00000682919;ENST00000682930;ENST00000682948;ENST00000682960;ENST00000683020;ENST00000683099;ENST00000683170;ENST00000683212;ENST00000683248;ENST00000683343;ENST00000683347;ENST00000683384;ENST00000683396;ENST00000683410;ENST00000683443;ENST00000683485;ENST00000683504;ENST00000683533;ENST00000683609;ENST00000683644;ENST00000683660;ENST00000683669;ENST00000683690;ENST00000683719;ENST00000683757;ENST00000683858;ENST00000683875;ENST00000683904;ENST00000683910;ENST00000683959;ENST00000683976;ENST00000683978;ENST00000683992;ENST00000684020;ENST00000684044;ENST00000684057;ENST00000684076;ENST00000684128;ENST00000684194;ENST00000684205;ENST00000684246;ENST00000684402;ENST00000684446;ENST00000684531;ENST00000684635;ENST00000684640;ENST00000684673;ENST00000684684	False	False	False	0.0	False	3UTR	3UTR	UFM1_independent
1246	ENSG00000125124	BBS2	chr16	-							1246	46,30,43	12,35,20	7,13,8	31,13,27	476	149	3.99802582897e-05	0.00037089098915649	0.545,0.212,0.402	0.066,0.238,0.085	0.257					RI	chr16|-|56500853|56501497|56500853|56501025|56501352|56501497	0.00037089098915649	0.257	0.3863333333333333	0.1296666666666666	285					56500853	56501025	56501352	56501497								56500853	56501497	18,26,27,1,0,2	12,2,9,0,13,6	16,2,7,6,0,0	12,35,20,31,13,27						1246	chr16	-							1246	50,65,56	12,44,34	2,18,11	13,9,22	476	149	0.00421589144785	0.0175584610024594	0.566,0.316,0.34	0.046,0.385,0.135	0.219					0.0175584610024594	0.219	0.4073333333333333	0.1886666666666666	336					56500853	56501025	56501352	56501497								56500853	56501497	26,31,14,1,18,1	5,11,30,0,0,10	19,23,12,1,0,0	12,44,34,13,9,22						0.00037089098915649	0.257	16	-	56500853	56501497	56500853	56501025	56501352	56501497	644	0	6114	0	True	False	0.0		6114	0	False	False	6114	True	0.0	False	1	False	ENST00000683248	ENST00000683248	ENST00000245157;ENST00000561877;ENST00000562012;ENST00000562059;ENST00000562813;ENST00000565781;ENST00000565859;ENST00000566210;ENST00000566410;ENST00000566495;ENST00000568104;ENST00000569342;ENST00000682000;ENST00000682001;ENST00000682005;ENST00000682021;ENST00000682038;ENST00000682047;ENST00000682088;ENST00000682096;ENST00000682113;ENST00000682146;ENST00000682187;ENST00000682188;ENST00000682201;ENST00000682205;ENST00000682348;ENST00000682360;ENST00000682370;ENST00000682420;ENST00000682429;ENST00000682449;ENST00000682470;ENST00000682473;ENST00000682482;ENST00000682492;ENST00000682493;ENST00000682543;ENST00000682561;ENST00000682597;ENST00000682658;ENST00000682705;ENST00000682723;ENST00000682735;ENST00000682737;ENST00000682757;ENST00000682855;ENST00000682857;ENST00000682875;ENST00000682919;ENST00000682930;ENST00000682948;ENST00000682960;ENST00000683008;ENST00000683020;ENST00000683099;ENST00000683170;ENST00000683212;ENST00000683343;ENST00000683347;ENST00000683384;ENST00000683396;ENST00000683410;ENST00000683443;ENST00000683485;ENST00000683504;ENST00000683533;ENST00000683609;ENST00000683644;ENST00000683660;ENST00000683669;ENST00000683690;ENST00000683719;ENST00000683757;ENST00000683858;ENST00000683875;ENST00000683904;ENST00000683910;ENST00000683959;ENST00000683976;ENST00000683978;ENST00000683992;ENST00000684020;ENST00000684044;ENST00000684057;ENST00000684076;ENST00000684128;ENST00000684194;ENST00000684205;ENST00000684246;ENST00000684402;ENST00000684446;ENST00000684531;ENST00000684635;ENST00000684640;ENST00000684673;ENST00000684684	False	False	False	0.0	False	3UTR	3UTR	UFM1_independent
1312	ENSG00000100241	SBF1	chr22	-							1312	441,445,337	130,76,167	152,245,161	161,144,147	782	149	2.42630735248e-06	3.34339700795671e-05	0.393,0.527,0.278	0.152,0.245,0.173	0.209					RI	chr22|-|50455480|50456395|50455480|50455582|50456215|50456395	3.34339700795671e-05	0.209	0.3993333333333334	0.19	2606					50455480	50455582	50456215	50456395								50455480	50456395	80,74,31,19,41,16	110,93,104,29,58,31	251,278,202,104,146,114	130,76,167,161,144,147						1312	chr22	-							1312	255,324,364	46,168,109	173,218,123	99,138,143	782	149	8.59806231811e-05	0.00067084881575021	0.514,0.269,0.389	0.25,0.231,0.141	0.183					0.00067084881575021	0.183	0.3906666666666666	0.2073333333333333	2160					50455480	50455582	50456215	50456395								50455480	50456395	60,55,35,30,46,24	77,80,98,31,34,19	118,189,231,112,138,80	46,168,109,99,138,143						3.34339700795671e-05	0.209	22	-	50455480	50456395	50455480	50455582	50456215	50456395	915	0	5684	0	True	False	2.0		5684	2	True	True	5684	True	2.0	True	3	False	ENST00000689177;ENST00000691959;ENST00000693591	ENST00000689177;ENST00000691959;ENST00000693591	ENST00000348911;ENST00000380817;ENST00000470434;ENST00000684986;ENST00000685180;ENST00000685390;ENST00000685411;ENST00000685592;ENST00000685809;ENST00000686029;ENST00000686191;ENST00000686222;ENST00000686321;ENST00000686427;ENST00000686758;ENST00000686801;ENST00000686826;ENST00000687016;ENST00000687704;ENST00000688066;ENST00000688124;ENST00000688848;ENST00000688985;ENST00000689129;ENST00000689849;ENST00000689981;ENST00000690369;ENST00000690590;ENST00000690990;ENST00000691233;ENST00000691306;ENST00000691345;ENST00000691792;ENST00000692844;ENST00000692946;ENST00000693052;ENST00000693289;ENST00000693440;ENST00000693499	False	False	False	0.0	False	3UTR	3UTR	UFM1_independent
1321	ENSG00000100241	SBF1	chr22	-							1321	194,174,43	80,78,111	54,31,27	65,131,83	595	149	5.16358255365e-05	0.00046291064647634	0.378,0.358,0.088	0.172,0.056,0.075	0.174					RI	chr22|-|50460533|50461286|50460533|50460712|50461158|50461286	0.00046291064647634	0.174	0.2746666666666666	0.1009999999999999	1071					50460533	50460712	50461158	50461286								50460533	50461286	70,23,19,13,8,14	26,16,3,2,1,0	98,135,21,39,22,13	80,78,111,65,131,83						1321	chr22	-							1321	73,155,91	63,87,113	59,28,44	69,93,76	595	149	3.18734506031e-05	0.00029750196011146	0.225,0.309,0.168	0.176,0.07,0.127	0.11					0.00029750196011146	0.11	0.234	0.1243333333333333	951					50460533	50460712	50461158	50461286								50460533	50461286	13,59,22,36,7,4	0,18,16,4,1,1	60,78,53,19,20,39	63,87,113,69,93,76						0.00046291064647634	0.174	22	-	50460533	50461286	50460533	50460712	50461158	50461286	753	0	5058	0	True	False	0.0		5058	0	False	False	5058	True	0.0	False	1	False	ENST00000693499	ENST00000693499	ENST00000348911;ENST00000380817;ENST00000684986;ENST00000685180;ENST00000685386;ENST00000685390;ENST00000685809;ENST00000686222;ENST00000686427;ENST00000686801;ENST00000687016;ENST00000687704;ENST00000688030;ENST00000688066;ENST00000688124;ENST00000688848;ENST00000688985;ENST00000689129;ENST00000689177;ENST00000689981;ENST00000690369;ENST00000690990;ENST00000691233;ENST00000691345;ENST00000691792;ENST00000691959;ENST00000692006;ENST00000692844;ENST00000693052;ENST00000693440	False	False	False	0.0	False	3UTR	3UTR	UFM1_independent
1329	ENSG00000100241	SBF1	chr22	-							1329	4,4,4	113,58,104	22,19,16	37,97,93	232	149	1.39137724675e-08	3.454220759947773e-07	0.022,0.042,0.024	0.276,0.112,0.099	-0.133					RI	chr22|-|50467337|50467693|50467337|50467448|50467531|50467693	3.454220759947773e-07	-0.133	0.0293333333333333	0.1623333333333333	571					50467337	50467448	50467531	50467693								50467337	50467693	3,2,4,2,15,8	1,2,3,21,4,12	0,0,0,0,0,0	113,58,104,37,97,93						1329	chr22	-							1329	22,30,54	105,124,104	11,3,0	61,77,129	232	149	1.54035117994e-10	5.6720614485717445e-09	0.119,0.134,0.25	0.104,0.024,0.0	0.125					5.6720614485717445e-09	0.125	0.1676666666666666	0.0426666666666666	720					50467337	50467448	50467531	50467693								50467337	50467693	16,1,37,4,2,0	13,30,27,7,1,0	0,0,0,0,0,0	105,124,104,61,77,129						3.454220759947773e-07	-0.133	22	-	50467337	50467693	50467337	50467448	50467531	50467693	356	0	5875	0	True	False	1.0		5875	1	True	True	5875	True	1.0	True	1	False	ENST00000685180	ENST00000685180	ENST00000348911;ENST00000380817;ENST00000399627;ENST00000477234;ENST00000684986;ENST00000685809;ENST00000685960;ENST00000686222;ENST00000686421;ENST00000686427;ENST00000686801;ENST00000687016;ENST00000687340;ENST00000687704;ENST00000687878;ENST00000688066;ENST00000688124;ENST00000688848;ENST00000689129;ENST00000689981;ENST00000690155;ENST00000690369;ENST00000690990;ENST00000691233;ENST00000691344;ENST00000691792;ENST00000692076;ENST00000693052;ENST00000693440	False	False	False	0.0	False	3UTR	3UTR	UFM1_independent
1399	ENSG00000262152	GREP1	chr16	+							1399	0,0,6	12,4,4	9,12,7	0,0,2	578	149	4.93013707636e-09	1.4289941656391376e-07	0.0,0.0,0.279	1.0,1.0,0.474	-0.732					RI	chr16|+|2990086|2990587|2990086|2990122|2990551|2990587	1.4289941656391376e-07	-0.732	0.093	0.8246666666666667	56					2990086	2990122	2990551	2990587								2990086	2990587	0,0,2,3,0,5	0,0,0,6,2,2	0,0,4,0,10,0	12,4,4,0,0,2						1399	chr16	+							1399	7,7,13	0,8,0	2,4,3	7,8,2	578	149	0.000551029666558	0.0032120348999457	1.0,0.184,1.0	0.069,0.114,0.279	0.574					0.0032120348999457	0.574	0.728	0.154	61					2990086	2990122	2990551	2990587								2990086	2990587	0,0,0,0,2,0	7,2,9,2,2,3	0,5,4,0,0,0	0,8,0,7,8,2						1.4289941656391376e-07	-0.732	16	+	2990086	2990587	2990086	2990122	2990551	2990587	501	0	105	0	True	False	0.0		105	0	False	False	105	True	0.0	False	1	False	ENST00000572266	ENST00000572266	ENST00000571152;ENST00000573315;ENST00000573465	False	False	False	0.0	False	CDS	CDS	UFM1_independent
1409	ENSG00000167964	RAB26	chr16	+							1409	44,27,46	67,69,36	2,21,0	18,22,48	252	149	0.00245683850458	0.0115443170192218	0.28,0.188,0.43	0.062,0.361,0.0	0.158					RI	chr16|+|2152819|2153222|2152819|2152885|2152988|2153222	0.0115443170192218	0.158	0.2993333333333333	0.141	400					2152819	2152885	2152988	2153222								2152819	2153222	35,25,30,2,17,0	26,17,23,2,4,0	0,0,0,0,0,0	67,69,36,18,22,48						1409	chr16	+							1409	30,64,44	30,69,56	19,49,14	34,61,71	252	149	0.00963553865037	0.0343703590724066	0.372,0.354,0.317	0.248,0.322,0.104	0.123					0.0343703590724066	0.123	0.3476666666666667	0.2246666666666666	541					2152819	2152885	2152988	2153222								2152819	2153222	30,50,42,19,49,10	20,23,19,7,6,13	0,2,0,0,0,0	30,69,56,34,61,71						0.0115443170192218	0.158	16	+	2152819	2153222	2152819	2152885	2152988	2153222	403	0	481	0	True	False	1.0		481	1	True	True	481	True	1.0	True	1	False	ENST00000564426	ENST00000564426	ENST00000210187;ENST00000541451;ENST00000561600;ENST00000562735;ENST00000565592;ENST00000566724;ENST00000567145	False	False	False	0.0	False	3UTR	3UTR	UFM1_independent
1429	ENSG00000187535	IFT140	chr16	-							1429	42,57,96	0,2,1	35,71,29	6,1,3	690	149	0.00107414704257	0.0059126298608969	1.0,0.86,0.954	0.557,0.939,0.676	0.214					RI	chr16|-|1525886|1526796|1525886|1526077|1526618|1526796	0.0059126298608969	0.214	0.938	0.724	343					1525886	1526077	1526618	1526796								1525886	1526796	16,9,30,15,8,3	7,0,17,3,3,6	19,48,49,17,60,20	0,2,1,6,1,3						1429	chr16	-							1429	48,63,69	6,5,4	53,61,95	3,0,2	690	149	0.00407668383803	0.0170492338627861	0.633,0.731,0.788	0.792,1.0,0.911	-0.184					0.0170492338627861	-0.184	0.7173333333333334	0.901	409					1525886	1526077	1526618	1526796								1525886	1526796	9,17,13,33,20,17	4,0,12,10,3,1	35,46,44,10,38,77	6,5,4,3,0,2						0.0059126298608969	0.214	16	-	1525886	1526796	1525886	1526077	1526618	1526796	910	0	719	0	True	False	2.0		719	2	True	True	719	True	2.0	True	1	False	ENST00000565298	ENST00000565298	ENST00000361339;ENST00000397417;ENST00000426508;ENST00000566818	False	False	False	0.0	False	3UTR	3UTR	UFM1_independent
1440	ENSG00000103275	UBE2I	chr16	+							1440	190,201,187	8,8,4	364,272,261	30,30,13	529	149	0.000735115223976	0.0043468915654974	0.87,0.876,0.929	0.774,0.719,0.85	0.111					RI	chr16|+|1314292|1315726|1314292|1314376|1314756|1315726	0.0043468915654974	0.111	0.8916666666666667	0.781	1568					1314292	1314376	1314756	1315726								1314292	1315726	29,50,25,72,91,69	97,62,96,153,58,107	64,89,66,139,123,85	8,8,4,30,30,13						1440	chr16	+							1440	141,139,199	22,20,11	264,278,281	19,9,16	529	149	0.00673251665304	0.0257980127333176	0.644,0.662,0.836	0.796,0.897,0.832	-0.128					0.0257980127333176	-0.128	0.714	0.8416666666666667	1399					1314292	1314376	1314756	1315726								1314292	1315726	15,26,81,63,71,28	74,49,50,100,97,129	52,64,68,101,110,124	22,20,11,19,9,16						0.0043468915654974	0.111	16	+	1314292	1315726	1314292	1314376	1314756	1315726	1434	0	9832	0	True	False	1.0		9832	1	True	True	9832	True	1.0	True	1	False	ENST00000679137	ENST00000679137	ENST00000325437;ENST00000355803;ENST00000397514;ENST00000397515;ENST00000402301;ENST00000403747;ENST00000406620;ENST00000473256;ENST00000562470;ENST00000562482;ENST00000566159;ENST00000566587;ENST00000566775;ENST00000567074;ENST00000567383;ENST00000568209;ENST00000568288;ENST00000677314;ENST00000677987;ENST00000678584;ENST00000679082;ENST00000711294;ENST00000711295;ENST00000711296;ENST00000711297;ENST00000711298;ENST00000711299;ENST00000711300;ENST00000711301;ENST00000711302;ENST00000711303;ENST00000711304;ENST00000711305;ENST00000711306;ENST00000711307;ENST00000711308;ENST00000711309;ENST00000711310;ENST00000711311;ENST00000711312;ENST00000711313;ENST00000711314;ENST00000711315;ENST00000711316;ENST00000711317;ENST00000711319;ENST00000711320;ENST00000711321;ENST00000711322;ENST00000711323;ENST00000711324;ENST00000711330;ENST00000711331;ENST00000711332;ENST00000711333;ENST00000711334;ENST00000711335;ENST00000711336;ENST00000711337;ENST00000711338;ENST00000711339;ENST00000711340;ENST00000711341;ENST00000711342;ENST00000711343;ENST00000711344;ENST00000711345;ENST00000711346;ENST00000711347;ENST00000711348;ENST00000711349;ENST00000711350;ENST00000711351;ENST00000711353;ENST00000713916;ENST00000713917;ENST00000713920;ENST00000713921;ENST00000713922	False	False	False	0.0	False	5UTR	5UTR	UFM1_independent
1477	ENSG00000284946	ENSG00000284946	chr15	-							1477	393,400,457	107,101,151	148,193,307	74,80,130	614	149	0.000459159008781	0.0029482335516702	0.471,0.49,0.423	0.327,0.369,0.364	0.108					RI	chr15|-|90980883|90981669|90980883|90981033|90981498|90981669	0.0029482335516702	0.108	0.4613333333333333	0.3533333333333333	2541					90980883	90981033	90981498	90981669								90980883	90981669	78,83,90,29,39,59	155,79,129,39,70,106	160,238,238,80,84,142	107,101,151,74,80,130						1477	chr15	-							1477	298,288,285	59,140,90	82,141,102	61,77,142	614	149	1.82916260073e-05	0.00018441257004688	0.551,0.333,0.435	0.246,0.308,0.148	0.206					0.00018441257004688	0.206	0.4396666666666667	0.2339999999999999	1765					90980883	90981033	90981498	90981669								90980883	90981669	93,30,53,20,41,13	87,91,94,31,44,54	118,167,138,31,56,35	59,140,90,61,77,142						0.0029482335516702	0.108	15	-	90980883	90981669	90980883	90981033	90981498	90981669	786	0	0	0	False	False			0	0		False	0	False			1	False	ENST00000647331	ENST00000647331	ENST00000643536	False	False	False	0.0	False	3UTR	3UTR	UFM1_independent
1478	ENSG00000198901	PRC1	chr15	-							1478	178,121,106	129,102,89	67,76,105	76,105,131	227	149	0.000972573657569	0.0054966098324544	0.475,0.438,0.439	0.367,0.322,0.345	0.106					RI	chr15|-|90981498|90981981|90981498|90981669|90981747|90981981	0.0054966098324544	0.106	0.4506666666666666	0.3446666666666667	1285					90981498	90981669	90981747	90981981								90981498	90981981	105,93,70,56,62,76	131,67,52,48,38,50	0,0,0,0,0,0	129,102,89,76,105,131						1478	chr15	-							1478	128,100,112	31,74,102	30,79,20	48,58,43	227	149	0.0136363243083	0.0456231371179078	0.73,0.47,0.419	0.291,0.472,0.234	0.207					0.0456231371179078	0.207	0.5396666666666666	0.3323333333333333	825					90981498	90981669	90981747	90981981								90981498	90981981	79,76,83,14,45,10	101,49,80,16,48,19	0,0,0,0,0,0	31,74,102,48,58,43						0.0054966098324544	0.106	15	-	90981498	90981981	90981498	90981669	90981747	90981981	483	0	1553	0	True	False	2.0		1553	2	True	True	1553	True	2.0	True	1	False	ENST00000557763	ENST00000557763	ENST00000361188;ENST00000394249;ENST00000417173;ENST00000442656;ENST00000553494;ENST00000555745;ENST00000555791;ENST00000557905;ENST00000559811;ENST00000560605	False	False	False	0.0	False	3UTR	3UTR	UFM1_independent
1523	ENSG00000157601	MX1	chr21	+							1523	14,15,11	4,0,0	14,0,9	4,15,7	252	149	4.05348729293e-05	0.00037271151097103	0.674,1.0,1.0	0.674,0.0,0.432	0.523					RI	chr21|+|41421837|41422095|41421837|41421871|41421974|41422095	0.00037271151097103	0.523	0.8913333333333333	0.3686666666666667	93					41421837	41421871	41421974	41422095								41421837	41422095	7,7,4,11,0,6	11,9,7,9,0,3	0,0,0,0,0,0	4,0,0,4,15,7						1523	chr21	+							1523	3,9,12	1,0,4	11,11,8	0,0,0	252	149	0.00966450462351	0.034431743391214	0.639,1.0,0.639	1.0,1.0,1.0	-0.241					0.034431743391214	-0.241	0.7593333333333333	1.0	59					41421837	41421871	41421974	41422095								41421837	41422095	0,4,9,7,7,8	3,5,3,4,4,2	0,0,0,0,0,0	1,0,4,0,0,0						0.00037271151097103	0.523	21	+	41421837	41422095	41421837	41421871	41421974	41422095	258	0	0	0	False	False			0	0		False	0	False			4	False	ENST00000398600;ENST00000679464;ENST00000679626;ENST00000681415	ENST00000398600;ENST00000679464;ENST00000679626;ENST00000681415	ENST00000413778;ENST00000468506;ENST00000486275;ENST00000679445;ENST00000679911;ENST00000680182;ENST00000680347;ENST00000681191;ENST00000681857;ENST00000681867	False	False	False	0.0	False	5UTR	5UTR	UFM1_independent
1539	ENSG00000174444	RPL4	chr15	-							1539	1373,1492,1609	436,562,699	1265,1612,2251	281,443,502	418	149	1.31492674937e-06	1.9243748990780047e-05	0.529,0.486,0.451	0.616,0.565,0.615	-0.11					RI	chr15|-|66500948|66501504|66500948|66501105|66501374|66501504	1.9243748990780047e-05	-0.11	0.4886666666666667	0.5986666666666667	12525					66500948	66501105	66501374	66501504								66500948	66501504	577,574,543,454,515,761	323,300,393,289,339,611	473,618,673,522,758,879	436,562,699,281,443,502						1539	chr15	-							1539	1011,1349,1780	514,595,660	1405,1546,1508	284,366,506	418	149	5.63800454356e-06	6.795989907895975e-05	0.412,0.447,0.49	0.638,0.601,0.515	-0.135					6.795989907895975e-05	-0.135	0.4496666666666666	0.5846666666666667	11524					66500948	66501105	66501374	66501504								66500948	66501504	295,452,586,429,469,572	233,317,437,399,377,338	483,580,757,577,700,598	514,595,660,284,366,506						1.9243748990780047e-05	-0.11	15	-	66500948	66501504	66500948	66501105	66501374	66501504	556	0	574	0	True	False	1.0		574	1	True	True	574	True	1.0	True	1	False	ENST00000567229	ENST00000567229	ENST00000307961;ENST00000561775;ENST00000563473;ENST00000564439;ENST00000564647;ENST00000566039;ENST00000568588;ENST00000569696	False	False	False	0.0	False	3UTR	3UTR	UFM1_independent
1637	ENSG00000196118	CFAP119	chr16	-							1637	45,44,20	13,17,31	18,28,29	20,43,51	225	149	0.0102862371108	0.0364807437613797	0.696,0.632,0.299	0.373,0.301,0.274	0.226					RI	chr16|-|30759011|30759247|30759011|30759101|30759177|30759247	0.0364807437613797	0.226	0.5423333333333333	0.316	359					30759011	30759101	30759177	30759247								30759011	30759247	42,22,12,13,28,24	20,24,12,8,5,18	0,0,0,0,0,2	13,17,31,20,43,51						1637	chr16	-							1637	22,40,37	18,11,48	14,18,29	46,21,55	225	149	0.00586857668169	0.0230731344926601	0.447,0.707,0.338	0.168,0.362,0.259	0.234					0.0230731344926601	0.234	0.4973333333333333	0.263	359					30759011	30759101	30759177	30759247								30759011	30759247	13,19,23,9,15,21	19,25,22,6,13,10	0,0,0,0,0,0	18,11,48,46,21,55						0.0364807437613797	0.226	16	-	30759011	30759247	30759011	30759101	30759177	30759247	236	0	409	0	True	False	1.0		409	1	True	True	409	True	1.0	True	1	False	ENST00000544487	ENST00000544487	ENST00000433909;ENST00000535476;ENST00000537986;ENST00000541260;ENST00000543128;ENST00000543610;ENST00000544613;ENST00000544643;ENST00000546006	False	False	False	0.0	False	3UTR	3UTR	UFM1_independent
1644	ENSG00000142208	AKT1	chr14	-							1644	601,610,668	173,106,107	311,473,401	143,191,189	480	149	1.25514091343e-07	2.4747665855796655e-06	0.519,0.641,0.66	0.403,0.435,0.397	0.195					RI	chr14|-|104773454|104773980|104773454|104773580|104773911|104773980	2.4747665855796655e-06	0.195	0.6066666666666667	0.4116666666666667	3973					104773454	104773580	104773911	104773980								104773454	104773980	160,187,191,90,142,88	87,40,42,28,23,29	354,383,435,193,308,284	173,106,107,143,191,189						1644	chr14	-							1644	463,562,663	133,174,188	228,308,385	113,149,167	480	149	3.41018750174e-05	0.00031537706467087	0.519,0.501,0.523	0.385,0.391,0.417	0.117					0.00031537706467087	0.117	0.5143333333333333	0.3976666666666666	3533					104773454	104773580	104773911	104773980								104773454	104773980	178,174,210,67,108,136	16,35,54,26,26,34	269,353,399,135,174,215	133,174,188,113,149,167						2.4747665855796655e-06	0.195	14	-	104773454	104773980	104773454	104773580	104773911	104773980	526	0	2340	0	True	False	0.0		2340	0	False	False	2340	True	0.0	False	2	False	ENST00000554826;ENST00000610370	ENST00000554826;ENST00000610370	ENST00000349310;ENST00000402615;ENST00000407796;ENST00000544168;ENST00000553506;ENST00000553797;ENST00000554192;ENST00000554581;ENST00000554585;ENST00000554848;ENST00000555458;ENST00000555528;ENST00000557552;ENST00000649815;ENST00000682269;ENST00000683058;ENST00000683722;ENST00000684058	False	False	False	0.0	False	NonCoding	NonCoding	UFM1_independent
1698	ENSG00000086504	MRPL28	chr16	-							1698	189,126,243	97,141,140	177,194,216	64,78,47	859	149	2.60081280032e-05	0.00025974241191469	0.253,0.134,0.231	0.324,0.301,0.444	-0.15					RI	chr16|-|368500|370225|368500|369220|369930|370225	0.00025974241191469	-0.15	0.206	0.3563333333333333	1712					368500	369220	369930	370225								368500	370225	38,0,19,16,23,24	22,50,19,33,26,36	129,76,205,128,145,156	97,141,140,64,78,47						1698	chr16	-							1698	114,177,175	93,150,154	123,213,211	76,60,89	859	149	3.02569522748e-05	0.00028508106403479	0.175,0.17,0.165	0.219,0.381,0.291	-0.127					0.00028508106403479	-0.127	0.17	0.297	1635					368500	369220	369930	370225								368500	370225	16,15,21,17,57,32	23,48,50,25,20,23	75,114,104,81,136,156	93,150,154,76,60,89						0.00025974241191469	-0.15	16	-	368500	370225	368500	369220	369930	370225	1725	0	3456	0	True	False	0.0		3456	0	False	False	3456	True	0.0	False	1	False	ENST00000481453	ENST00000481453	ENST00000199706;ENST00000389675;ENST00000441883;ENST00000447696;ENST00000450882;ENST00000461550;ENST00000469744;ENST00000483764;ENST00000648346	False	False	False	0.0	False	NonCoding	NonCoding	UFM1_independent
1700	ENSG00000080815	PSEN1	chr14	+							1700	355,407,535	25,41,61	618,518,721	33,15,26	5445	149	5.18494191826e-06	6.569021455117835e-05	0.28,0.214,0.194	0.339,0.486,0.431	-0.189					RI	chr14|+|73206385|73211942|73206385|73206472|73211768|73211942	6.569021455117835e-05	-0.189	0.2293333333333333	0.4186666666666667	3355					73206385	73206472	73211768	73211942								73206385	73211942	0,23,16,5,0,11	5,1,4,17,17,27	350,383,515,596,501,683	25,41,61,33,15,26						1700	chr14	+							1700	339,391,358	52,43,79	563,538,474	11,27,30	5445	149	1.09751899946e-06	1.644644475865742e-05	0.151,0.199,0.11	0.583,0.353,0.302	-0.259					1.644644475865742e-05	-0.259	0.1533333333333333	0.4126666666666666	2905					73206385	73206472	73211768	73211942								73206385	73211942	0,0,6,17,20,6	0,9,28,19,16,31	339,382,324,527,502,437	52,43,79,11,27,30						6.569021455117835e-05	-0.189	14	+	73206385	73211942	73206385	73206472	73211768	73211942	5557	0	9329	0	True	False	2.0		9329	2	True	True	9329	True	2.0	True	1	False	ENST00000697913	ENST00000697913	ENST00000324501;ENST00000357710;ENST00000394164;ENST00000406768;ENST00000553599;ENST00000553855;ENST00000554131;ENST00000554995;ENST00000555386;ENST00000555867;ENST00000556066;ENST00000556951;ENST00000557293;ENST00000557511;ENST00000559361;ENST00000697912;ENST00000700265;ENST00000700266;ENST00000700267;ENST00000700268;ENST00000700269;ENST00000700270;ENST00000700271;ENST00000700272;ENST00000700273;ENST00000700302;ENST00000700303;ENST00000700304;ENST00000700305;ENST00000700306;ENST00000700307;ENST00000700308;ENST00000700309;ENST00000700310;ENST00000700311;ENST00000700312;ENST00000700313;ENST00000700314;ENST00000700315;ENST00000700316;ENST00000700317;ENST00000700318;ENST00000700319;ENST00000700320;ENST00000700321;ENST00000700322;ENST00000700323;ENST00000700324;ENST00000700375;ENST00000700377;ENST00000700378;ENST00000700379;ENST00000700389;ENST00000700390;ENST00000700391;ENST00000700404;ENST00000700433;ENST00000700434;ENST00000700435;ENST00000700436;ENST00000700437;ENST00000700467;ENST00000700468;ENST00000700469	False	False	False	0.0	False	CDS	CDS	UFM1_independent
1835	ENSG00000213983	AP1G2	chr14	-							1835	74,61,79	54,95,105	15,31,19	30,73,81	230	149	0.000132788840583	0.0010413945766997	0.47,0.294,0.328	0.245,0.216,0.132	0.166					RI	chr14|-|23563379|23563638|23563379|23563502|23563583|23563638	0.0010413945766997	0.166	0.364	0.1976666666666666	717					23563379	23563502	23563583	23563638								23563379	23563638	18,28,31,12,26,10	72,54,70,3,19,12	0,0,0,0,0,0	54,95,105,30,73,81						1835	chr14	-							1835	63,82,139	55,72,99	35,26,33	30,56,75	230	149	0.00266579837035	0.0120770865405428	0.426,0.425,0.476	0.43,0.231,0.222	0.148					0.0120770865405428	0.148	0.4423333333333333	0.2943333333333333	765					23563379	23563502	23563583	23563638								23563379	23563638	4,30,38,7,11,22	63,75,129,30,22,33	0,0,0,0,0,0	55,72,99,30,56,75						0.0010413945766997	0.166	14	-	23563379	23563638	23563379	23563502	23563583	23563638	259	0	402	0	True	False	0.0		402	0	False	False	402	True	0.0	False	2	False	ENST00000554982;ENST00000557132	ENST00000554982;ENST00000557132	ENST00000308724;ENST00000397120;ENST00000460049;ENST00000465445;ENST00000535852;ENST00000554554;ENST00000554977;ENST00000555118;ENST00000555789;ENST00000555974;ENST00000556741;ENST00000557162	False	False	False	0.0	False	3UTR	3UTR	UFM1_independent
1911	ENSG00000185624	P4HB	chr17	-							1911	2579,2361,2461	713,1524,1007	3311,3696,4937	579,648,876	1200	149	1.72990510805e-11	8.22308381594e-10	0.31,0.161,0.233	0.415,0.415,0.412	-0.179					RI	chr17|-|81843168|81845742|81843168|81844092|81845143|81845742	8.22308381594e-10	-0.179	0.2346666666666666	0.414	24692					81843168	81844092	81845143	81845742								81843168	81845742	176,171,211,267,242,370	216,201,272,319,370,405	2187,1989,1978,2725,3084,4162	713,1524,1007,579,648,876						1911	chr17	-							1911	2194,2641,3053	715,2096,1179	3113,3598,4013	741,624,807	1200	149	7.77361508497e-11	3.150661845512337e-09	0.276,0.135,0.243	0.343,0.417,0.382	-0.163					3.150661845512337e-09	-0.163	0.218	0.3806666666666666	24774					81843168	81844092	81845143	81845742								81843168	81845742	207,181,245,253,261,339	145,186,231,314,288,383	1842,2274,2577,2546,3049,3291	715,2096,1179,741,624,807						8.22308381594e-10	-0.179	17	-	81843168	81845742	81843168	81844092	81845143	81845742	2574	0	6212	0	True	False	2.0		6212	2	True	True	6212	True	2.0	True	1	False	ENST00000680368	ENST00000680368	ENST00000331483;ENST00000415593;ENST00000439918;ENST00000466567;ENST00000472244;ENST00000473021;ENST00000474712;ENST00000476482;ENST00000477607;ENST00000484286;ENST00000570907;ENST00000571507;ENST00000571617;ENST00000574914;ENST00000575069;ENST00000576390;ENST00000679366;ENST00000679396;ENST00000679439;ENST00000679455;ENST00000679470;ENST00000679628;ENST00000679688;ENST00000679889;ENST00000680076;ENST00000680083;ENST00000680105;ENST00000680191;ENST00000680208;ENST00000680226;ENST00000680259;ENST00000680400;ENST00000680416;ENST00000680547;ENST00000680559;ENST00000680593;ENST00000680719;ENST00000680732;ENST00000680799;ENST00000680838;ENST00000680846;ENST00000680847;ENST00000680884;ENST00000680909;ENST00000680914;ENST00000681020;ENST00000681030;ENST00000681031;ENST00000681068;ENST00000681161;ENST00000681259;ENST00000681420;ENST00000681485;ENST00000681515;ENST00000681566;ENST00000681571;ENST00000681614;ENST00000681693;ENST00000681760;ENST00000681835;ENST00000681872;ENST00000681933;ENST00000681954	False	False	False	0.0	False	Stop_Codon	Stop_Codon	UFM1_independent
1913	ENSG00000185624	P4HB	chr17	-							1913	957,899,1124	533,1059,758	1056,1427,1481	481,499,658	479	149	5.37240747989e-06	6.715642678657391e-05	0.358,0.209,0.316	0.406,0.471,0.412	-0.135					RI	chr17|-|81845143|81845742|81845143|81845230|81845560|81845742	6.715642678657391e-05	-0.135	0.2943333333333333	0.4296666666666666	10932					81845143	81845230	81845560	81845742								81845143	81845742	256,370,414,288,362,488	240,158,294,252,378,325	461,371,416,516,687,668	533,1059,758,481,499,658						1913	chr17	-							1913	1013,1019,1098	504,1612,880	1168,1301,1441	393,590,577	479	149	1.36287611411e-05	0.00014363715275934	0.385,0.164,0.28	0.48,0.407,0.437	-0.165					0.00014363715275934	-0.165	0.2763333333333333	0.4413333333333333	11596					81845143	81845230	81845560	81845742								81845143	81845742	329,315,348,374,375,415	215,289,259,291,342,328	469,415,491,503,584,698	504,1612,880,393,590,577						6.715642678657391e-05	-0.135	17	-	81845143	81845742	81845143	81845230	81845560	81845742	599	0	4781	0	True	False	2.0		4781	2	True	True	4781	True	2.0	True	4	False	ENST00000679366;ENST00000679396;ENST00000680105;ENST00000680719	ENST00000679366;ENST00000679396;ENST00000680105;ENST00000680719	ENST00000331483;ENST00000415593;ENST00000439918;ENST00000466567;ENST00000472244;ENST00000473021;ENST00000474712;ENST00000476482;ENST00000477607;ENST00000484286;ENST00000570907;ENST00000571507;ENST00000571617;ENST00000574914;ENST00000575069;ENST00000576390;ENST00000679439;ENST00000679455;ENST00000679470;ENST00000679628;ENST00000679688;ENST00000679889;ENST00000680076;ENST00000680083;ENST00000680191;ENST00000680208;ENST00000680226;ENST00000680259;ENST00000680368;ENST00000680400;ENST00000680416;ENST00000680547;ENST00000680559;ENST00000680593;ENST00000680732;ENST00000680799;ENST00000680838;ENST00000680846;ENST00000680847;ENST00000680884;ENST00000680909;ENST00000680914;ENST00000681020;ENST00000681030;ENST00000681031;ENST00000681068;ENST00000681161;ENST00000681259;ENST00000681420;ENST00000681485;ENST00000681515;ENST00000681566;ENST00000681571;ENST00000681614;ENST00000681693;ENST00000681760;ENST00000681835;ENST00000681872;ENST00000681933;ENST00000681954	False	False	False	0.0	False	CDS	CDS	UFM1_independent
1917	ENSG00000185624	P4HB	chr17	-							1917	198,145,266	367,761,477	248,369,391	264,324,400	277	149	3.16769943609e-11	1.417834521321451e-09	0.225,0.093,0.231	0.336,0.38,0.345	-0.171					RI	chr17|-|81845143|81845991|81845143|81845742|81845870|81845991	1.417834521321451e-09	-0.171	0.183	0.3536666666666667	4210					81845143	81845742	81845870	81845991								81845143	81845991	148,86,164,132,226,275	66,76,119,99,144,134	2,0,14,28,2,13	367,761,477,264,324,400						1917	chr17	-							1917	196,418,253	340,1030,601	264,331,288	257,375,394	277	149	3.15304893306e-10	1.1006510119508289e-08	0.237,0.179,0.185	0.356,0.322,0.282	-0.12					1.1006510119508289e-08	-0.12	0.2003333333333333	0.32	4747					81845143	81845742	81845870	81845991								81845143	81845991	114,200,147,136,177,181	85,183,121,139,169,130	15,56,0,0,0,4	340,1030,601,257,375,394						1.417834521321451e-09	-0.171	17	-	81845143	81845991	81845143	81845742	81845870	81845991	848	0	6891	0	True	False	0.0		6891	0	False	False	6891	True	0.0	False	7	False	ENST00000679628;ENST00000680208;ENST00000680547;ENST00000680559;ENST00000681259;ENST00000681835;ENST00000681954	ENST00000679628;ENST00000680208;ENST00000680547;ENST00000680559;ENST00000681259;ENST00000681835;ENST00000681954	ENST00000331483;ENST00000415593;ENST00000439918;ENST00000466567;ENST00000472244;ENST00000473021;ENST00000474712;ENST00000476482;ENST00000477607;ENST00000484286;ENST00000570907;ENST00000571507;ENST00000571617;ENST00000574007;ENST00000574914;ENST00000575069;ENST00000576390;ENST00000679366;ENST00000679396;ENST00000679439;ENST00000679455;ENST00000679470;ENST00000679688;ENST00000679889;ENST00000680076;ENST00000680083;ENST00000680105;ENST00000680191;ENST00000680226;ENST00000680259;ENST00000680368;ENST00000680400;ENST00000680416;ENST00000680593;ENST00000680719;ENST00000680732;ENST00000680799;ENST00000680838;ENST00000680846;ENST00000680847;ENST00000680884;ENST00000680909;ENST00000680914;ENST00000681020;ENST00000681030;ENST00000681031;ENST00000681068;ENST00000681161;ENST00000681420;ENST00000681485;ENST00000681515;ENST00000681566;ENST00000681571;ENST00000681614;ENST00000681693;ENST00000681760;ENST00000681872;ENST00000681933	False	False	False	0.0	False	CDS	CDS	UFM1_independent
1919	ENSG00000185624	P4HB	chr17	-							1919	790,853,594	244,488,243	1141,1013,1126	286,209,213	1088	149	1.12952733833e-08	2.8980174220249205e-07	0.307,0.193,0.251	0.353,0.399,0.42	-0.14					RI	chr17|-|81859180|81860520|81859180|81859387|81860326|81860520	2.8980174220249205e-07	-0.14	0.2503333333333333	0.3906666666666666	7200					81859180	81859387	81860326	81860520								81859180	81860520	193,253,169,226,221,202	32,38,9,44,30,35	565,562,416,871,762,889	244,488,243,286,209,213						1919	chr17	-							1919	854,1047,868	216,544,276	1281,1121,1212	144,227,233	1088	149	1.08011989324e-05	0.00011859716427775	0.351,0.209,0.301	0.549,0.403,0.416	-0.169					0.00011859716427775	-0.169	0.287	0.456	8023					81859180	81859387	81860326	81860520								81859180	81860520	176,223,169,243,283,192	24,26,27,53,44,32	654,798,672,985,794,988	216,544,276,144,227,233						2.8980174220249205e-07	-0.14	17	-	81859180	81860520	81859180	81859387	81860326	81860520	1340	0	11701	0	True	False	1.0		11701	1	True	True	11701	True	1.0	True	1	False	ENST00000680559	ENST00000680559	ENST00000331483;ENST00000415593;ENST00000439918;ENST00000466567;ENST00000467086;ENST00000471535;ENST00000472244;ENST00000570907;ENST00000571617;ENST00000573778;ENST00000574007;ENST00000574914;ENST00000575069;ENST00000576052;ENST00000576380;ENST00000576390;ENST00000576541;ENST00000679366;ENST00000679396;ENST00000679439;ENST00000679455;ENST00000679470;ENST00000679628;ENST00000679688;ENST00000679889;ENST00000680076;ENST00000680083;ENST00000680105;ENST00000680191;ENST00000680208;ENST00000680226;ENST00000680259;ENST00000680400;ENST00000680416;ENST00000680593;ENST00000680719;ENST00000680732;ENST00000680799;ENST00000680838;ENST00000680846;ENST00000680847;ENST00000680884;ENST00000680909;ENST00000680914;ENST00000681020;ENST00000681030;ENST00000681031;ENST00000681068;ENST00000681161;ENST00000681420;ENST00000681485;ENST00000681515;ENST00000681566;ENST00000681693;ENST00000681760;ENST00000681872;ENST00000681933	False	False	False	0.0	False	Stop_Codon	Stop_Codon	UFM1_independent
2032	ENSG00000103024	NME3	chr16	-							2032	258,166,104	131,189,116	61,69,114	109,129,203	225	149	0.000280912221966	0.0019507969933131	0.566,0.368,0.373	0.27,0.262,0.271	0.168					RI	chr16|-|1770880|1771410|1770880|1770993|1771069|1771410	0.0019507969933131	0.168	0.4356666666666666	0.2676666666666666	1649					1770880	1770993	1771069	1771410								1770880	1771410	102,83,57,7,40,48	185,101,77,53,48,78	0,0,0,4,0,0	131,189,116,109,129,203						2032	chr16	-							2032	121,206,147	105,167,311	56,84,105	158,159,235	225	149	0.001182850704	0.0061210243371516	0.433,0.45,0.238	0.19,0.259,0.228	0.148					0.0061210243371516	0.148	0.3736666666666666	0.2256666666666666	1854					1770880	1770993	1771069	1771410								1770880	1771410	44,71,51,30,40,62	94,180,111,46,62,81	0,0,0,0,0,0	105,167,311,158,159,235						0.0019507969933131	0.168	16	-	1770880	1771410	1770880	1770993	1771069	1771410	530	0	1126	0	True	False	1.0		1126	1	True	True	1126	True	1.0	True	1	False	ENST00000563367	ENST00000563367	ENST00000219302;ENST00000561637;ENST00000563498;ENST00000563854;ENST00000564252;ENST00000564628;ENST00000565379;ENST00000566600;ENST00000567271;ENST00000568561	False	False	False	0.0	False	3UTR	3UTR	UFM1_independent
2066	ENSG00000198707	CEP290	chr12	-							2066	427,352,328	18,34,58	523,547,720	11,8,24	3812	149	1.3485283388e-05	0.00014532822097577	0.481,0.288,0.181	0.65,0.728,0.54	-0.323					RI	chr12|-|88102837|88106905|88102837|88103011|88106674|88106905	0.00014532822097577	-0.323	0.3166666666666666	0.6393333333333333	3050					88102837	88103011	88106674	88106905								88102837	88106905	20,9,12,15,45,37	16,3,10,10,4,15	391,340,306,498,498,668	18,34,58,11,8,24						2066	chr12	-							2066	328,381,465	12,28,23	450,519,562	10,6,2	3812	149	7.05377896992e-06	8.271411883368326e-05	0.517,0.347,0.441	0.638,0.772,0.917	-0.341					8.271411883368326e-05	-0.341	0.435	0.7756666666666667	2786					88102837	88103011	88106674	88106905								88102837	88106905	2,39,16,27,9,49	12,5,7,4,17,24	314,337,442,419,493,489	12,28,23,10,6,2						0.00014532822097577	-0.323	12	-	88102837	88106905	88102837	88103011	88106674	88106905	4068	0	4499	0	True	False	2.0		4499	2	True	True	4499	True	2.0	True	1	False	ENST00000676363	ENST00000676363	ENST00000309041;ENST00000547691;ENST00000552810;ENST00000604024;ENST00000672414;ENST00000672647;ENST00000673058;ENST00000674971;ENST00000675089;ENST00000675230;ENST00000675408;ENST00000675476;ENST00000675628;ENST00000675794;ENST00000675833;ENST00000676074;ENST00000676181;ENST00000676448	False	False	False	0.0	False	3UTR	3UTR	UFM1_independent
2096	ENSG00000136104	RNASEH2B	chr13	+							2096	498,562,668	43,83,54	297,526,666	58,103,78	2521	149	0.00849934748667	0.0312458026308515	0.406,0.286,0.422	0.232,0.232,0.335	0.105					RI	chr13|+|50953904|50956503|50953904|50953985|50956357|50956503	0.0312458026308515	0.105	0.3713333333333333	0.2663333333333333	3636					50953904	50953985	50956357	50956503								50953904	50956503	59,52,21,16,22,25	16,37,43,6,17,17	423,473,604,275,487,624	43,83,54,58,103,78						2096	chr13	+							2096	438,460,624	25,31,77	302,435,409	72,68,65	2521	149	5.69020050747e-05	0.00047660361809447	0.509,0.467,0.324	0.199,0.274,0.271	0.185					0.00047660361809447	0.185	0.4333333333333333	0.248	3006					50953904	50953985	50956357	50956503								50953904	50956503	27,42,48,7,24,6	11,12,42,16,3,2	400,406,534,279,408,401	25,31,77,72,68,65						0.0312458026308515	0.105	13	+	50953904	50956503	50953904	50953985	50956357	50956503	2599	0	2599	0	True	False	1.0		2599	1	True	True	2599	True	1.0	True	1	True	ENST00000616907	ENST00000616907	ENST00000336617;ENST00000422660;ENST00000459681;ENST00000495244;ENST00000611510;ENST00000613449;ENST00000621641;ENST00000642207;ENST00000642454;ENST00000642721;ENST00000642995;ENST00000643159;ENST00000643215;ENST00000643405;ENST00000643529;ENST00000643682;ENST00000643774;ENST00000644034;ENST00000644183;ENST00000644297;ENST00000644420;ENST00000644425;ENST00000645188;ENST00000645333;ENST00000645370;ENST00000645618;ENST00000645712;ENST00000645912;ENST00000645955;ENST00000645990;ENST00000646092;ENST00000646279;ENST00000646339;ENST00000646709;ENST00000646731;ENST00000646960;ENST00000646964;ENST00000647387	False	True	False	0.0	False	Stop_Codon	Stop_Codon	UFM1_independent
2165	ENSG00000170581	STAT2	chr12	-							2165	437,407,357	94,47,80	141,130,122	52,52,97	561	149	3.55859032264e-06	4.7130185439370366e-05	0.553,0.697,0.542	0.419,0.399,0.25	0.241					RI	chr12|-|56354777|56355351|56354777|56354863|56355275|56355351	4.7130185439370366e-05	0.241	0.5973333333333334	0.356	2016					56354777	56354863	56355275	56355351								56354777	56355351	80,77,90,23,21,31	112,46,68,46,16,15	245,284,199,72,93,76	94,47,80,52,52,97						2165	chr12	-							2165	464,443,387	55,56,62	244,207,182	50,56,106	561	149	0.000140388786324	0.0010129126411118	0.691,0.678,0.624	0.564,0.495,0.313	0.207					0.0010129126411118	0.207	0.6643333333333333	0.4573333333333333	2312					56354777	56354863	56355275	56355351								56354777	56355351	124,90,88,64,57,61	59,119,98,40,49,28	281,234,201,140,101,93	55,56,62,50,56,106						4.7130185439370366e-05	0.241	12	-	56354777	56355351	56354777	56354863	56355275	56355351	574	0	1986	0	True	False	0.0		1986	0	False	False	1986	True	0.0	False	17	False	ENST00000556140;ENST00000557417;ENST00000651078;ENST00000651805;ENST00000651934;ENST00000651967;ENST00000652091;ENST00000698178;ENST00000698181;ENST00000698182;ENST00000698183;ENST00000698184;ENST00000698185;ENST00000698189;ENST00000698190;ENST00000698191;ENST00000698194	ENST00000556140;ENST00000557417;ENST00000651078;ENST00000651805;ENST00000651934;ENST00000651967;ENST00000652091;ENST00000698178;ENST00000698181;ENST00000698182;ENST00000698183;ENST00000698184;ENST00000698185;ENST00000698189;ENST00000698190;ENST00000698191;ENST00000698194	ENST00000314128;ENST00000418572;ENST00000555646;ENST00000557156;ENST00000557235;ENST00000650805;ENST00000651301;ENST00000651915;ENST00000652398;ENST00000652624;ENST00000652741;ENST00000698180;ENST00000698186;ENST00000698187;ENST00000698188;ENST00000698192;ENST00000698193;ENST00000698195	False	False	False	0.0	False	Stop_Codon	Stop_Codon	UFM1_independent
2197	ENSG00000065357	DGKA	chr12	+							2197	180,140,197	62,50,65	49,132,77	26,51,75	420	149	0.0122931114585	0.0420914120435531	0.507,0.498,0.518	0.401,0.479,0.267	0.125					RI	chr12|+|55940896|55941325|55940896|55940980|55941251|55941325	0.0420914120435531	0.125	0.5076666666666667	0.3823333333333333	1104					55940896	55940980	55941251	55941325								55940896	55941325	99,66,107,25,71,52	81,74,90,20,50,25	0,0,0,4,11,0	62,50,65,26,51,75						2197	chr12	+							2197	64,209,195	45,77,99	33,110,63	48,69,84	420	149	0.000806895787055	0.0044178093001134	0.335,0.491,0.411	0.196,0.361,0.21	0.157					0.0044178093001134	0.157	0.4123333333333333	0.2556666666666666	1096					55940896	55940980	55941251	55941325								55940896	55941325	34,120,85,25,49,31	30,85,82,8,61,32	0,4,28,0,0,0	45,77,99,48,69,84						0.0420914120435531	0.125	12	+	55940896	55941325	55940896	55940980	55941251	55941325	429	0	712	0	True	False	1.0		712	1	True	True	712	True	1.0	True	1	False	ENST00000552478	ENST00000552478	ENST00000331886;ENST00000394147;ENST00000402956;ENST00000547358;ENST00000548047;ENST00000549079;ENST00000551156;ENST00000551296;ENST00000551585;ENST00000551739;ENST00000552652;ENST00000552903;ENST00000553084;ENST00000554434;ENST00000555218;ENST00000557180	False	False	False	0.0	False	3UTR	3UTR	UFM1_independent
2199	ENSG00000065357	DGKA	chr12	+							2199	204,125,99	171,165,205	13,31,9	36,94,110	400	149	1.17743514938e-09	3.8611724455955936e-08	0.308,0.22,0.152	0.119,0.109,0.03	0.141					RI	chr12|+|55951622|55952099|55951622|55951783|55952034|55952099	3.8611724455955936e-08	0.141	0.2266666666666666	0.086	1262					55951622	55951783	55952034	55952099								55951622	55952099	68,28,14,2,7,3	110,70,58,1,24,6	26,27,27,10,0,0	171,165,205,36,94,110						2199	chr12	+							2199	70,125,123	71,169,214	25,25,9	99,101,133	400	149	3.33066907388e-16	3.35231842286022e-14	0.269,0.216,0.176	0.086,0.084,0.025	0.155					3.35231842286022e-14	0.155	0.2203333333333333	0.065	1164					55951622	55951783	55952034	55952099								55951622	55952099	23,31,30,4,10,5	40,83,66,15,14,4	7,11,27,6,1,0	71,169,214,99,101,133						3.8611724455955936e-08	0.141	12	+	55951622	55952099	55951622	55951783	55952034	55952099	477	0	1130	0	True	False	2.0		1130	2	True	True	1130	True	2.0	True	1	False	ENST00000551739	ENST00000551739	ENST00000331886;ENST00000394147;ENST00000402956;ENST00000549079;ENST00000551156;ENST00000551296;ENST00000551585;ENST00000552478;ENST00000552903;ENST00000553084;ENST00000555218	False	False	False	0.0	False	3UTR	3UTR	UFM1_independent
2201	ENSG00000065357	DGKA	chr12	+							2201	173,97,199	74,144,114	34,50,16	37,78,58	451	149	0.000593636905138	0.0036474764552166	0.436,0.182,0.366	0.233,0.175,0.084	0.164					RI	chr12|+|55952340|55952932|55952340|55952431|55952733|55952932	0.0036474764552166	0.164	0.328	0.164	1074					55952340	55952431	55952733	55952932								55952340	55952932	60,50,82,12,17,3	60,18,31,6,6,0	53,29,86,16,27,13	74,144,114,37,78,58						2201	chr12	+							2201	68,132,173	79,129,77	24,20,41	55,47,77	451	149	1.33861943202e-05	0.00014157482924638	0.221,0.253,0.426	0.126,0.123,0.15	0.167					0.00014157482924638	0.167	0.3	0.133	922					55952340	55952431	55952733	55952932								55952340	55952932	9,35,23,1,7,6	22,36,46,5,2,0	37,61,104,18,11,35	79,129,77,55,47,77						0.0036474764552166	0.164	12	+	55952340	55952932	55952340	55952431	55952733	55952932	592	0	1222	0	True	False	1.0		1222	1	True	True	1222	True	1.0	True	1	False	ENST00000551739	ENST00000551739	ENST00000331886;ENST00000394147;ENST00000402956;ENST00000549079;ENST00000550957;ENST00000551156;ENST00000551296;ENST00000551585;ENST00000552478;ENST00000552903;ENST00000555218	False	False	False	0.0	False	3UTR	3UTR	UFM1_independent
2202	ENSG00000065357	DGKA	chr12	+							2202	109,109,133	126,109,97	14,26,7	24,40,71	423	149	1.05470386058e-06	1.608816933601134e-05	0.234,0.26,0.326	0.17,0.186,0.034	0.143					RI	chr12|+|55953349|55954021|55953349|55953410|55953684|55954021	1.608816933601134e-05	0.143	0.2733333333333333	0.13	865					55953349	55953410	55953684	55954021								55953349	55954021	23,24,60,4,4,3	22,21,17,0,8,2	64,64,56,10,14,2	126,109,97,24,40,71						2202	chr12	+							2202	44,43,94	25,137,133	8,28,16	86,49,47	423	149	0.00235750238011	0.0108928514716788	0.383,0.1,0.199	0.032,0.168,0.107	0.125					0.0108928514716788	0.125	0.2273333333333333	0.1023333333333333	710					55953349	55953410	55953684	55954021								55953349	55954021	12,29,41,2,18,14	0,8,25,0,2,2	32,6,28,6,8,0	25,137,133,86,49,47						1.608816933601134e-05	0.143	12	+	55953349	55954021	55953349	55953410	55953684	55954021	672	0	426	0	True	False	0.0		426	0	False	False	426	True	0.0	False	1	False	ENST00000552478	ENST00000552478	ENST00000331886;ENST00000394147;ENST00000402956;ENST00000548491;ENST00000549079;ENST00000550957;ENST00000551156;ENST00000551296;ENST00000551739	False	False	False	0.0	False	3UTR	3UTR	UFM1_independent
2204	ENSG00000075415	SLC25A3	chr12	+							2204	2583,2106,2668	136,180,176	2440,2718,3304	97,93,169	1740	149	0.000333714474997	0.0022600483283099	0.619,0.5,0.565	0.683,0.715,0.626	-0.113					RI	chr12|+|98593974|98595848|98593974|98594135|98595726|98595848	0.0022600483283099	-0.113	0.5613333333333334	0.6746666666666666	16670					98593974	98594135	98595726	98595848								98593974	98595848	130,125,114,123,93,195	243,235,357,261,311,296	2210,1746,2197,2056,2314,2813	136,180,176,97,93,169						2204	chr12	+							2204	1521,2495,2417	108,131,143	2422,2281,2525	100,86,83	1740	149	3.14093375176e-05	0.0002940790531299	0.547,0.62,0.591	0.675,0.694,0.723	-0.111					0.0002940790531299	-0.111	0.586	0.6973333333333334	14312					98593974	98594135	98595726	98595848								98593974	98595848	83,87,103,126,117,134	55,281,275,282,224,182	1383,2127,2039,2014,1940,2209	108,131,143,100,86,83						0.0022600483283099	-0.113	12	+	98593974	98595848	98593974	98594135	98595726	98595848	1874	0	3198	0	True	False	0.0		3198	0	False	False	3198	True	0.0	False	1	False	ENST00000546766	ENST00000546766	ENST00000188376;ENST00000228318;ENST00000401722;ENST00000547534;ENST00000547908;ENST00000548847;ENST00000549338;ENST00000550695;ENST00000551123;ENST00000551265;ENST00000551917;ENST00000552981	False	False	False	0.0	False	Stop_Codon	Stop_Codon	UFM1_independent
2217	ENSG00000012822	CALCOCO1	chr12	-							2217	163,176,185	17,4,24	112,136,80	12,27,16	381	149	0.0115358990357	0.0399876387150437	0.789,0.945,0.751	0.785,0.663,0.662	0.125					RI	chr12|-|53713700|53714241|53713700|53713900|53714132|53714241	0.0399876387150437	0.125	0.8283333333333334	0.7033333333333334	952					53713700	53713900	53714132	53714241								53713700	53714241	99,61,96,36,38,32	43,52,44,34,65,40	21,63,45,42,33,8	17,4,24,12,27,16						2217	chr12	-							2217	155,194,259	19,11,23	87,110,143	44,12,25	381	149	0.00527173117484	0.0210974052782364	0.761,0.873,0.815	0.436,0.782,0.691	0.18					0.0210974052782364	0.18	0.8163333333333334	0.6363333333333333	1082					53713700	53713900	53714132	53714241								53713700	53714241	39,88,147,39,50,47	78,57,74,29,49,55	38,49,38,19,11,41	19,11,23,44,12,25						0.0399876387150437	0.125	12	-	53713700	53714241	53713700	53713900	53714132	53714241	541	0	1545	0	True	False	0.0		1545	0	False	False	1545	True	0.0	False	1	False	ENST00000549935	ENST00000549935	ENST00000262059;ENST00000430117;ENST00000546443;ENST00000548263;ENST00000549613;ENST00000550804	False	False	False	0.0	False	3UTR	3UTR	UFM1_independent
2271	ENSG00000131051	RBM39	chr20	-							2271	5405,4434,5641	141,62,172	7948,7062,10023	42,64,70	1955	149	1.22124532709e-15	1.227651859953423e-13	0.745,0.845,0.714	0.935,0.894,0.916	-0.147					RI	chr20|-|35738967|35740887|35738967|35739017|35740823|35740887	1.227651859953423e-13	-0.147	0.768	0.915	41064					35738967	35739017	35740823	35740887								35738967	35740887	636,562,860,1045,1053,1464	172,187,140,181,183,159	4597,3685,4641,6722,5826,8400	141,62,172,42,64,70						2271	chr20	-							2271	3433,4242,5221	87,163,190	7826,6402,7536	45,69,72	1955	149	0.0	0.0	0.75,0.665,0.677	0.93,0.876,0.889	-0.201					0.0	-0.201	0.6973333333333334	0.8983333333333333	35286					35738967	35739017	35740823	35740887								35738967	35740887	397,491,845,1190,877,1039	132,132,136,123,136,128	2904,3619,4240,6513,5389,6369	87,163,190,45,69,72						1.227651859953423e-13	-0.147	20	-	35738967	35740887	35738967	35739017	35740823	35740887	1920	0	2188	0	True	False	1.0		2188	1	True	True	2188	True	1.0	True	1	False	ENST00000463004	ENST00000463004	ENST00000253363;ENST00000338163;ENST00000361162;ENST00000374038;ENST00000397370;ENST00000403542;ENST00000412738;ENST00000416108;ENST00000416529;ENST00000425184;ENST00000426951;ENST00000429968;ENST00000433027;ENST00000434927;ENST00000442447;ENST00000444878;ENST00000449489;ENST00000453310;ENST00000455343;ENST00000461283;ENST00000461849;ENST00000463098;ENST00000477334;ENST00000481037;ENST00000487604;ENST00000493853;ENST00000528062;ENST00000639702;ENST00000656873;ENST00000665058	False	False	False	0.0	False	Stop_Codon	Stop_Codon	UFM1_independent
2280	ENSG00000064763	FAR2	chr12	+							2280	2,0,19	15,2,69	7,27,27	19,30,11	885	149	3.65862226098e-05	0.00034409005681486	0.022,0.0,0.044	0.058,0.132,0.292	-0.139					RI	chr12|+|29309185|29311950|29309185|29311146|29311882|29311950	0.00034409005681486	-0.139	0.022	0.1606666666666666	228					29309185	29311146	29311882	29311950								29309185	29311950	2,0,0,2,6,14	0,0,0,4,0,0	0,0,19,1,21,13	15,2,69,19,30,11						2280	chr12	+							2280	2,4,10	26,26,14	26,7,20	0,7,20	885	149	0.00145616483691	0.0072938376659434	0.013,0.025,0.107	1.0,0.144,0.144	-0.381					0.0072938376659434	-0.381	0.0483333333333333	0.4293333333333333	162					29309185	29311146	29311882	29311950								29309185	29311950	2,0,1,3,3,10	0,4,0,6,0,0	0,0,9,17,4,10	26,26,14,0,7,20						0.00034409005681486	-0.139	12	+	29309185	29311950	29309185	29311146	29311882	29311950	2765	0	2320	0	True	False	1.0		2320	1	True	True	2320	True	1.0	True	2	False	ENST00000689380;ENST00000690002	ENST00000689380;ENST00000690002	ENST00000182377;ENST00000536681;ENST00000547116;ENST00000547759;ENST00000551193;ENST00000551451;ENST00000685369;ENST00000686305;ENST00000686316;ENST00000686419;ENST00000686974;ENST00000689798;ENST00000690162;ENST00000691273;ENST00000691325;ENST00000692223;ENST00000693163	False	False	False	0.0	False	3UTR	3UTR	UFM1_independent
2316	ENSG00000111665	CDCA3	chr12	-							2316	103,122,140	41,35,24	22,33,21	63,21,39	284	149	9.1477936115e-08	1.882358067977114e-06	0.569,0.646,0.754	0.155,0.452,0.22	0.381					RI	chr12|-|6849322|6849858|6849322|6849429|6849564|6849858	1.882358067977114e-06	0.381	0.6563333333333333	0.2756666666666666	664					6849322	6849429	6849564	6849858								6849322	6849858	68,91,80,8,28,11	39,36,61,14,4,10	0,0,0,0,4,0	41,35,24,63,21,39						2316	chr12	-							2316	71,103,200	53,25,48	27,36,19	35,45,31	284	149	4.81482566295e-06	5.9151388957682194e-05	0.413,0.684,0.686	0.288,0.296,0.243	0.319					5.9151388957682194e-05	0.319	0.5943333333333334	0.2756666666666666	693					6849322	6849429	6849564	6849858								6849322	6849858	51,81,121,26,3,9	22,25,63,1,26,10	0,0,16,0,7,0	53,25,48,35,45,31						1.882358067977114e-06	0.381	12	-	6849322	6849858	6849322	6849429	6849564	6849858	536	0	1716	0	True	False	0.0		1716	0	False	False	1716	True	0.0	False	1	False	ENST00000536241	ENST00000536241	ENST00000229265;ENST00000422785;ENST00000535406;ENST00000535871;ENST00000538862;ENST00000540683;ENST00000544610;ENST00000545368	False	False	False	0.0	False	NonCoding	NonCoding	UFM1_independent
2317	ENSG00000111665	CDCA3	chr12	-							2317	207,183,258	100,78,58	40,49,40	54,54,50	385	149	6.59466559139e-09	1.854976578275389e-07	0.445,0.476,0.633	0.223,0.26,0.236	0.278					RI	chr12|-|6850466|6851009|6850466|6850596|6850832|6851009	1.854976578275389e-07	0.278	0.518	0.2396666666666666	1171					6850466	6850596	6850832	6851009								6850466	6851009	47,57,85,4,21,7	19,10,45,6,0,12	141,116,128,30,28,21	100,78,58,54,54,50						2317	chr12	-							2317	159,262,172	29,41,56	46,36,36	24,42,46	385	149	1.58763655556e-08	3.929400475011e-07	0.68,0.712,0.543	0.426,0.249,0.232	0.343					3.929400475011e-07	0.343	0.645	0.3023333333333333	949					6850466	6850596	6850832	6851009								6850466	6851009	46,68,70,16,22,1	38,21,11,0,12,4	75,173,91,30,2,31	29,41,56,24,42,46						1.854976578275389e-07	0.278	12	-	6850466	6851009	6850466	6850596	6850832	6851009	543	0	1250	0	True	False	2.0		1250	2	True	True	1250	True	2.0	True	1	False	ENST00000536241	ENST00000536241	ENST00000229265;ENST00000422785;ENST00000446553;ENST00000535406;ENST00000535871;ENST00000538862;ENST00000540683;ENST00000545368	False	False	False	0.0	False	NonCoding	NonCoding	UFM1_independent
2321	ENSG00000111653	ING4	chr12	-							2321	161,62,128	12,34,21	29,52,63	1,4,0	501	149	0.000192257466714	0.0014169745022719	0.8,0.352,0.644	0.896,0.795,1.0	-0.298					RI	chr12|-|6652270|6652770|6652270|6652309|6652661|6652770	0.0014169745022719	-0.298	0.5986666666666667	0.897	567					6652270	6652309	6652661	6652770								6652270	6652770	92,23,45,21,35,42	20,16,50,5,0,10	49,23,33,3,17,11	12,34,21,1,4,0						2321	chr12	-							2321	73,117,136	1,3,15	16,43,12	8,9,5	501	149	1.15908327036e-05	0.00012609190678084	0.956,0.921,0.729	0.373,0.587,0.416	0.41					0.00012609190678084	0.41	0.8686666666666667	0.4586666666666666	438					6652270	6652309	6652661	6652770								6652270	6652770	28,30,74,14,17,12	11,53,23,2,6,0	34,34,39,0,20,0	1,3,15,8,9,5						0.0014169745022719	-0.298	12	-	6652270	6652770	6652270	6652309	6652661	6652770	500	0	1584	0	True	False	0.0		1584	0	False	False	1584	True	0.0	False	1	False	ENST00000484795	ENST00000484795	ENST00000341550;ENST00000396807;ENST00000412586;ENST00000423703;ENST00000437149;ENST00000444704;ENST00000446105;ENST00000467678;ENST00000469749;ENST00000472002;ENST00000479301;ENST00000482489;ENST00000486287;ENST00000488381;ENST00000493873;ENST00000619641	False	False	False	0.0	False	Start_Codon	Start_Codon	UFM1_independent
2432	ENSG00000042429	MED17	chr11	+							2432	569,524,729	98,96,154	669,647,1044	54,55,128	2125	149	7.20354112915e-07	1.177923045438608e-05	0.289,0.277,0.249	0.465,0.452,0.364	-0.155					RI	chr11|+|93809716|93812378|93809716|93809876|93811852|93812378	1.177923045438608e-05	-0.155	0.2716666666666666	0.427	4767					93809716	93809876	93811852	93812378								93809716	93812378	26,13,28,32,32,53	46,46,47,32,47,72	497,465,654,605,568,919	98,96,154,54,55,128						2432	chr11	+							2432	385,441,789	41,165,144	859,781,813	70,60,81	2125	149	6.24354919742e-05	0.00051509280878715	0.397,0.158,0.278	0.462,0.477,0.413	-0.173					0.00051509280878715	-0.173	0.2776666666666667	0.4506666666666666	4629					93809716	93809876	93811852	93812378								93809716	93812378	15,12,11,27,53,30	19,23,33,66,43,45	351,406,745,766,685,738	41,165,144,70,60,81						1.177923045438608e-05	-0.155	11	+	93809716	93812378	93809716	93809876	93811852	93812378	2662	0	1331	0	True	False	2.0		1331	2	True	True	1331	True	2.0	True	1	False	ENST00000640411	ENST00000640411	ENST00000251871;ENST00000507258;ENST00000525026;ENST00000525613;ENST00000529626;ENST00000533133;ENST00000638270;ENST00000638487;ENST00000638518;ENST00000638790;ENST00000639189;ENST00000639457;ENST00000639523;ENST00000639596;ENST00000639724;ENST00000640027;ENST00000640077;ENST00000640451;ENST00000640521;ENST00000640583;ENST00000640804	False	False	False	0.0	False	3UTR	3UTR	UFM1_independent
2434	ENSG00000109861	CTSC	chr11	-							2434	798,799,833	84,190,111	686,651,760	22,48,54	4414	149	6.59768574085e-06	7.886356522980935e-05	0.243,0.124,0.202	0.513,0.314,0.322	-0.193					RI	chr11|-|88296132|88300645|88296132|88296264|88300529|88300645	7.886356522980935e-05	-0.193	0.1896666666666666	0.383	5036					88296132	88296264	88300529	88300645								88296132	88300645	12,40,24,8,12,28	18,32,0,9,18,9	768,727,809,669,621,723	84,190,111,22,48,54						2434	chr11	-							2434	619,832,872	86,394,156	529,516,673	31,67,48	4414	149	2.0281977875e-08	4.947999661374133e-07	0.195,0.067,0.159	0.365,0.206,0.321	-0.157					4.947999661374133e-07	-0.157	0.1403333333333333	0.2973333333333333	4823					88296132	88296264	88300529	88300645								88296132	88300645	10,41,48,19,36,32	2,4,35,27,15,27	607,787,789,483,465,614	86,394,156,31,67,48						7.886356522980935e-05	-0.193	11	-	88296132	88300645	88296132	88296264	88300529	88300645	4513	0	1604	0	True	False	2.0		1604	2	True	True	1604	True	2.0	True	1	False	ENST00000533897	ENST00000533897	ENST00000227266;ENST00000527018;ENST00000676612;ENST00000677208;ENST00000677661;ENST00000677802;ENST00000678065;ENST00000678395;ENST00000678464;ENST00000678506;ENST00000678520;ENST00000678554;ENST00000678915;ENST00000679224	False	False	False	0.0	False	3UTR	3UTR	UFM1_independent
2435	ENSG00000109861	CTSC	chr11	-							2435	1148,993,1006	63,152,104	3191,2739,3861	24,57,58	6889	149	1.11022302463e-16	1.2377977430965744e-14	0.283,0.124,0.173	0.742,0.51,0.59	-0.421					RI	chr11|-|88328111|88335082|88328111|88328196|88334936|88335082	1.2377977430965744e-14	-0.421	0.1933333333333333	0.614	13396					88328111	88328196	88334936	88335082								88328111	88335082	32,73,49,106,108,177	23,3,8,33,48,45	1093,917,949,3052,2583,3639	63,152,104,24,57,58						2435	chr11	-							2435	847,915,1194	25,145,71	3393,2601,2754	53,110,32	6889	149	0.000462868347678	0.0027778932366859	0.423,0.12,0.267	0.581,0.338,0.651	-0.253					0.0027778932366859	-0.253	0.27	0.5233333333333333	12140					88328111	88328196	88334936	88335082								88328111	88335082	23,57,51,193,116,90	11,7,3,37,55,47	813,851,1140,3163,2430,2617	25,145,71,53,110,32						1.2377977430965744e-14	-0.421	11	-	88328111	88335082	88328111	88328196	88334936	88335082	6971	0	3194	0	True	False	2.0		3194	2	True	True	3194	True	2.0	True	1	False	ENST00000533865	ENST00000533865	ENST00000227266;ENST00000393301;ENST00000524463;ENST00000527018;ENST00000528020;ENST00000529974;ENST00000533897;ENST00000534131;ENST00000676529;ENST00000676612;ENST00000677106;ENST00000677208;ENST00000677468;ENST00000677661;ENST00000677796;ENST00000677802;ENST00000677877;ENST00000677976;ENST00000678395;ENST00000678464;ENST00000678506;ENST00000678520;ENST00000678554;ENST00000678915;ENST00000679032;ENST00000679199;ENST00000679224	False	False	False	0.0	False	3UTR	3UTR	UFM1_independent
2437	ENSG00000171204	TMEM126B	chr11	+							2437	257,304,454	40,64,49	50,95,83	23,30,23	416	149	0.000236143641159	0.0016783953558906	0.697,0.63,0.768	0.438,0.531,0.564	0.187					RI	chr11|+|85635666|85636536|85635666|85635778|85636045|85636536	0.0016783953558906	0.187	0.6983333333333334	0.511	1472					85635666	85635778	85636045	85636536								85635666	85636536	13,37,41,8,6,12	124,175,251,18,55,29	120,92,162,24,34,42	40,64,49,23,30,23						2437	chr11	+							2437	172,269,364	28,38,52	63,95,132	14,37,38	416	149	0.000266445898996	0.001713596149134	0.688,0.717,0.715	0.617,0.479,0.554	0.157					0.001713596149134	0.157	0.7066666666666667	0.55	1302					85635666	85635778	85636045	85636536								85635666	85636536	16,29,62,3,5,5	97,169,194,29,68,85	59,71,108,31,22,42	28,38,52,14,37,38						0.0016783953558906	0.187	11	+	85635666	85636536	85635666	85635778	85636045	85636536	870	0	925	0	True	False	1.0		925	1	True	True	925	True	1.0	True	1	True	ENST00000534341	ENST00000534341	ENST00000358867;ENST00000393375;ENST00000526822;ENST00000529197;ENST00000530783;ENST00000531274;ENST00000531477;ENST00000531718	False	True	True	1.0	False	Stop_Codon	Stop_Codon	UFM1_independent
2464	ENSG00000094914	AAAS	chr12	-							2464	103,80,117	153,121,88	45,42,64	98,83,124	271	149	0.0053961795654	0.0216695305141013	0.27,0.267,0.422	0.202,0.218,0.221	0.106					RI	chr12|-|53307844|53308133|53307844|53307929|53308051|53308133	0.0216695305141013	0.106	0.3196666666666666	0.2136666666666666	1118					53307844	53307929	53308051	53308133								53307844	53308133	45,15,47,12,5,33	61,69,90,44,37,35	0,0,0,0,0,0	153,121,88,98,83,124						2464	chr12	-							2464	56,129,105	96,81,163	39,47,51	97,92,99	271	149	0.012496895202	0.042613636434149	0.243,0.467,0.262	0.181,0.219,0.221	0.117					0.042613636434149	0.117	0.324	0.207	1055					53307844	53307929	53308051	53308133								53307844	53308133	23,67,51,26,17,34	33,71,69,28,34,23	0,0,0,0,0,0	96,81,163,97,92,99						0.0216695305141013	0.106	12	-	53307844	53308133	53307844	53307929	53308051	53308133	289	0	666	0	True	False	0.0		666	0	False	False	666	True	0.0	False	2	False	ENST00000547520;ENST00000552161	ENST00000547520;ENST00000552161	ENST00000209873;ENST00000394384;ENST00000546562;ENST00000547238;ENST00000547757;ENST00000548880;ENST00000548931;ENST00000549450;ENST00000550033;ENST00000550286;ENST00000552876;ENST00000672797;ENST00000672900	False	False	False	0.0	False	Stop_Codon	Stop_Codon	UFM1_independent
2481	ENSG00000165458	INPPL1	chr11	+							2481	396,462,285	275,376,368	177,190,174	274,347,330	281	149	2.23724057424e-06	3.1178998184635634e-05	0.433,0.395,0.291	0.255,0.225,0.218	0.14					RI	chr11|+|72233440|72233744|72233440|72233522|72233654|72233744	3.1178998184635634e-05	0.14	0.373	0.2326666666666666	3654					72233440	72233522	72233654	72233744								72233440	72233744	170,216,121,82,91,72	243,253,159,100,100,106	0,4,12,0,0,0	275,376,368,274,347,330						2481	chr11	+							2481	366,383,428	238,364,497	128,130,195	272,286,315	281	149	2.3742524502e-08	5.71239464014255e-07	0.449,0.358,0.313	0.2,0.194,0.247	0.16					5.71239464014255e-07	0.16	0.3733333333333333	0.2136666666666666	3602					72233440	72233522	72233654	72233744								72233440	72233744	175,146,146,61,40,82	197,260,284,61,96,106	0,0,0,6,0,10	238,364,497,272,286,315						3.1178998184635634e-05	0.14	11	+	72233440	72233744	72233440	72233522	72233654	72233744	304	0	409	0	True	False	1.0		409	1	True	True	409	True	1.0	True	1	False	ENST00000545355	ENST00000545355	ENST00000298229;ENST00000535985;ENST00000538751;ENST00000541303	False	False	False	0.0	False	3UTR	3UTR	UFM1_independent
2482	ENSG00000184154	LRRC51	chr11	+							2482	6,7,33	5,0,5	60,40,49	0,0,2	431	149	6.99221981262e-05	0.00059839872537044	0.293,1.0,0.695	1.0,1.0,0.894	-0.302					RI	chr11|+|72094947|72096895|72094947|72095096|72095378|72096895	0.00059839872537044	-0.302	0.6626666666666666	0.9646666666666668	207					72094947	72095096	72095378	72096895								72094947	72096895	3,3,16,24,6,15	0,1,9,0,4,16	3,3,8,36,30,18	5,0,5,0,0,2						2482	chr11	+							2482	13,5,25	0,0,0	35,53,109	0,22,0	431	149	0.00133468377078	0.006784642501465	1.0,1.0,1.0	1.0,0.454,1.0	0.182					0.006784642501465	0.182	1.0	0.8180000000000001	262					72094947	72095096	72095378	72096895								72094947	72096895	0,3,6,8,32,36	13,2,9,15,11,23	0,0,10,12,10,50	0,0,0,0,22,0						0.00059839872537044	-0.302	11	+	72094947	72096895	72094947	72095096	72095378	72096895	1948	0	2723	0	True	False	2.0		2723	2	True	True	2723	True	2.0	True	1	True	ENST00000324866	ENST00000324866	ENST00000289488;ENST00000412777;ENST00000423494;ENST00000440313;ENST00000535883;ENST00000536917;ENST00000538413;ENST00000538478;ENST00000539271;ENST00000539587;ENST00000541614;ENST00000542846;ENST00000642478;ENST00000642510;ENST00000642648;ENST00000644745;ENST00000645358;ENST00000647530	False	True	False	0.0	False	Stop_Codon	Stop_Codon	UFM1_independent
2501	ENSG00000167792	NDUFV1	chr11	+							2501	1222,1371,1435	148,249,217	686,795,706	167,175,192	573	149	1.37788646088e-05	0.00014745549350988	0.682,0.589,0.632	0.516,0.542,0.489	0.119					RI	chr11|+|67610380|67611207|67610380|67610570|67610994|67611207	0.00014745549350988	0.119	0.6343333333333333	0.5156666666666667	7363					67610380	67610570	67610994	67611207								67610380	67611207	274,357,358,162,165,154	397,401,497,207,237,173	551,613,580,317,393,379	148,249,217,167,175,192						2501	chr11	+							2501	888,1364,1271	123,190,232	569,744,804	130,219,161	573	149	0.000114635019305	0.00086235972782473	0.652,0.651,0.588	0.532,0.469,0.565	0.108					0.00086235972782473	0.108	0.6303333333333333	0.522	6695					67610380	67610570	67610994	67611207								67610380	67611207	218,289,308,106,228,264	357,412,409,212,231,160	313,663,554,251,285,380	123,190,232,130,219,161						0.00014745549350988	0.119	11	+	67610380	67611207	67610380	67610570	67610994	67611207	827	0	3037	0	True	False	1.0		3037	1	True	True	3037	True	1.0	True	1	False	ENST00000526770	ENST00000526770	ENST00000322776;ENST00000415352;ENST00000526169;ENST00000527355;ENST00000527923;ENST00000529867;ENST00000529927;ENST00000530638;ENST00000532244;ENST00000532303;ENST00000532343;ENST00000533075;ENST00000533919;ENST00000647561	False	False	False	0.0	False	CDS	CDS	UFM1_independent
2630	ENSG00000168003	SLC3A2	chr11	+							2630	392,532,576	375,382,415	1366,1274,1548	462,515,588	990	149	3.9968028886499995e-15	3.7133932292730003e-13	0.136,0.173,0.173	0.308,0.271,0.284	-0.127					RI	chr11|+|62881892|62882999|62881892|62882066|62882907|62882999	3.7133932292730003e-13	-0.127	0.1606666666666666	0.2876666666666667	8425					62881892	62882066	62882907	62882999								62881892	62882999	55,67,51,104,136,106	118,168,131,299,304,400	219,297,394,963,834,1042	375,382,415,462,515,588						2630	chr11	+							2630	390,642,702	310,423,444	1483,1069,1296	424,420,441	990	149	7.79376563287e-14	5.2883764783035874e-12	0.159,0.186,0.192	0.345,0.277,0.307	-0.131					5.2883764783035874e-12	-0.131	0.179	0.3096666666666666	8044					62881892	62882066	62882907	62882999								62881892	62882999	31,70,53,144,84,136	96,180,212,367,249,343	263,392,437,972,736,817	310,423,444,424,420,441						3.7133932292730003e-13	-0.127	11	+	62881892	62882999	62881892	62882066	62882907	62882999	1107	0	6224	0	True	False	2.0		6224	2	True	True	6224	True	2.0	True	1	False	ENST00000681563	ENST00000681563	ENST00000338663;ENST00000377889;ENST00000377890;ENST00000377891;ENST00000457660;ENST00000535296;ENST00000535768;ENST00000536981;ENST00000537508;ENST00000537839;ENST00000538084;ENST00000538682;ENST00000539458;ENST00000539891;ENST00000541425;ENST00000541649;ENST00000544377;ENST00000546253;ENST00000546312;ENST00000679594;ENST00000679908;ENST00000680002;ENST00000680134;ENST00000680297;ENST00000680610;ENST00000680631;ENST00000680654;ENST00000680725;ENST00000680729;ENST00000681107;ENST00000681215;ENST00000681232;ENST00000681467;ENST00000681569;ENST00000681657;ENST00000700482	False	False	False	0.0	False	Stop_Codon	Stop_Codon	UFM1_independent
2646	ENSG00000149499	EML3	chr11	-							2646	251,252,357	362,431,440	59,105,100	258,318,495	220	149	0.0	0.0	0.32,0.284,0.355	0.134,0.183,0.12	0.174					RI	chr11|-|62603943|62604201|62603943|62604041|62604112|62604201	0.0	0.174	0.3196666666666666	0.1456666666666666	3428					62603943	62604041	62604112	62604201								62603943	62604201	139,146,248,49,62,74	166,163,222,36,91,61	4,6,0,0,0,0	362,431,440,258,318,495						2646	chr11	-							2646	233,387,368	251,350,406	73,184,182	237,375,255	220	149	2.27871471381e-06	3.0854614701117915e-05	0.386,0.428,0.38	0.173,0.249,0.326	0.149					3.0854614701117915e-05	0.149	0.398	0.2493333333333333	3301					62603943	62604041	62604112	62604201								62603943	62604201	162,254,229,45,131,79	141,233,209,44,119,144	0,0,0,0,0,0	251,350,406,237,375,255						0.0	0.174	11	-	62603943	62604201	62603943	62604041	62604112	62604201	258	0	1122	0	True	False	0.0		1122	0	False	False	1122	True	0.0	False	1	False	ENST00000460939	ENST00000460939	ENST00000278845;ENST00000394773;ENST00000394776;ENST00000483199;ENST00000494176;ENST00000494448;ENST00000529309;ENST00000531557;ENST00000533165	False	False	False	0.0	False	3UTR	3UTR	UFM1_independent
2663	ENSG00000149483	TMEM138	chr11	+							2663	1503,1039,1333	22,46,30	789,854,1082	46,23,62	1855	149	0.0142010617146	0.0470968752997544	0.846,0.645,0.781	0.579,0.749,0.584	0.12					RI	chr11|+|61366044|61367998|61366044|61366216|61367922|61367998	0.0470968752997544	0.12	0.7573333333333333	0.6373333333333333	6829					61366044	61366216	61367922	61367998								61366044	61367998	77,2,94,31,60,75	172,161,272,118,149,141	1254,876,967,640,645,866	22,46,30,46,23,62						2663	chr11	+							2663	988,1221,1503	39,72,54	864,959,1208	22,24,29	1855	149	0.00076552258045	0.0042335081166094	0.67,0.577,0.691	0.759,0.762,0.77	-0.118					0.0042335081166094	-0.118	0.646	0.7636666666666667	6983					61366044	61366216	61367922	61367998								61366044	61367998	11,38,86,20,27,79	154,190,159,64,138,141	823,993,1258,780,794,988	39,72,54,22,24,29						0.0470968752997544	0.12	11	+	61366044	61367998	61366044	61366216	61367922	61367998	1954	0	3113	0	True	False	2.0		3113	2	True	True	3113	True	2.0	True	1	True	ENST00000689076	ENST00000689076	ENST00000278826;ENST00000381787;ENST00000423772;ENST00000451389;ENST00000507563;ENST00000534963;ENST00000539776;ENST00000540194;ENST00000542946;ENST00000543594;ENST00000543833;ENST00000545420;ENST00000685597;ENST00000686820;ENST00000688279;ENST00000688430;ENST00000689882;ENST00000691720;ENST00000692219;ENST00000692667;ENST00000692785;ENST00000693557	False	True	True	1.0	True	Stop_Codon	Stop_Codon	UFM1_independent
2777	ENSG00000166436	TRIM66	chr11	-							2777	14,24,8	27,17,31	54,22,31	11,5,12	478	149	7.82210208827e-08	1.6370351537635372e-06	0.139,0.306,0.074	0.605,0.578,0.446	-0.37					RI	chr11|-|8647969|8648548|8647969|8648086|8648415|8648548	1.6370351537635372e-06	-0.37	0.173	0.5429999999999999	256					8647969	8648086	8648415	8648548								8647969	8648548	5,12,1,27,15,15	0,2,0,12,3,3	9,10,7,15,4,13	27,17,31,11,5,12						2777	chr11	-							2777	32,35,10	12,14,8	48,39,21	2,9,3	478	149	0.00200521097286	0.0094920218022793	0.454,0.438,0.28	0.882,0.575,0.686	-0.324					0.0094920218022793	-0.324	0.3906666666666666	0.7143333333333334	233					8647969	8648086	8648415	8648548								8647969	8648548	0,11,5,13,13,4	21,6,3,10,16,7	11,18,2,25,10,10	12,14,8,2,9,3						1.6370351537635372e-06	-0.37	11	-	8647969	8648548	8647969	8648086	8648415	8648548	579	0	1000	0	True	False	1.0		1000	1	True	True	1000	True	1.0	True	1	False	ENST00000705691	ENST00000705691	ENST00000481014;ENST00000525788;ENST00000529057;ENST00000531498;ENST00000646038;ENST00000705689;ENST00000705690	False	False	False	0.0	False	3UTR	3UTR	UFM1_independent
2820	ENSG00000103496	STX4	chr16	+							2820	112,152,185	103,111,153	22,65,78	89,86,126	220	149	1.77747339257e-05	0.000186315672534	0.424,0.481,0.45	0.143,0.339,0.295	0.193					RI	chr16|+|31039540|31039818|31039540|31039651|31039722|31039818	0.000186315672534	0.193	0.4516666666666666	0.259	1282					31039540	31039651	31039722	31039818								31039540	31039818	89,117,138,13,41,58	70,92,87,12,33,42	0,0,0,0,0,0	103,111,153,89,86,126						2820	chr16	+							2820	99,132,139	166,80,111	80,25,47	97,69,123	220	149	0.00356874846744	0.0153611347076765	0.288,0.528,0.459	0.358,0.197,0.206	0.171					0.0153611347076765	0.171	0.425	0.2536666666666666	1168					31039540	31039651	31039722	31039818								31039540	31039818	53,83,80,40,13,35	52,90,88,50,21,34	0,0,0,0,0,0	166,80,111,97,69,123						0.000186315672534	0.193	16	+	31039540	31039818	31039540	31039651	31039722	31039818	278	0	378	0	True	False	0.0		378	0	False	False	378	True	0.0	False	1	False	ENST00000468583	ENST00000468583	ENST00000313843;ENST00000394998;ENST00000475862;ENST00000486660;ENST00000487411;ENST00000493902;ENST00000503629;ENST00000564368;ENST00000566353	False	False	False	0.0	False	3UTR	3UTR	UFM1_independent
2853	ENSG00000168488	ATXN2L	chr16	+							2853	2031,1897,2226	115,87,96	942,1186,1261	125,170,139	391	149	0.0	0.0	0.871,0.893,0.898	0.742,0.727,0.776	0.139					RI	chr16|+|28835932|28837237|28835932|28836485|28836727|28837237	0.0	0.139	0.8873333333333333	0.7483333333333333	10275					28835932	28836485	28836727	28837237								28835932	28837237	638,535,582,251,367,369	816,862,1025,409,467,478	577,500,619,282,352,414	115,87,96,125,170,139						2853	chr16	+							2853	1378,1916,2179	145,54,159	766,928,1120	107,167,98	391	149	1.39502606998e-05	0.00014600628139704	0.784,0.931,0.839	0.732,0.679,0.813	0.11					0.00014600628139704	0.11	0.8513333333333334	0.7413333333333333	9017					28835932	28836485	28836727	28837237								28835932	28837237	443,494,677,245,245,283	611,881,920,243,432,482	324,541,582,278,251,355	145,54,159,107,167,98						0.0	0.139	16	+	28835932	28837237	28835932	28836485	28836727	28837237	1305	0	3368	0	True	False	2.0		3368	2	True	True	3368	True	2.0	True	2	False	ENST00000563314;ENST00000565971	ENST00000563314;ENST00000565971	ENST00000325215;ENST00000336783;ENST00000340394;ENST00000382686;ENST00000395547;ENST00000562583;ENST00000564162;ENST00000564304;ENST00000566007;ENST00000566946;ENST00000567024;ENST00000569318;ENST00000570200	False	False	False	0.0	False	3UTR	3UTR	UFM1_independent
2860	ENSG00000064687	ABCA7	chr19	+							2860	52,116,67	6,3,4	60,48,37	16,4,9	446	149	0.0019652723183	0.0096100876043186	0.743,0.928,0.848	0.556,0.8,0.579	0.195					RI	chr19|+|1063759|1064253|1063759|1063863|1064160|1064253	0.0096100876043186	0.195	0.8396666666666667	0.645	422					1063759	1063863	1064160	1064253								1063759	1064253	9,19,12,14,10,6	27,75,49,36,17,18	16,22,6,10,21,13	6,3,4,16,4,9						2860	chr19	+							2860	72,89,149	9,10,13	56,30,105	0,1,4	446	149	0.000123173003268	0.00091606128908306	0.728,0.748,0.793	1.0,0.909,0.898	-0.179					0.00091606128908306	-0.179	0.7563333333333333	0.9356666666666666	538					1063759	1063863	1064160	1064253								1063759	1064253	13,3,41,23,2,33	28,57,77,18,23,49	31,29,31,15,5,23	9,10,13,0,1,4						0.0096100876043186	0.195	19	+	1063759	1064253	1063759	1063863	1064160	1064253	494	0	591	0	True	False	0.0		591	0	False	False	591	True	0.0	False	1	False	ENST00000673773	ENST00000673773	ENST00000263094;ENST00000433129;ENST00000435683;ENST00000525073;ENST00000531478;ENST00000612569	False	False	False	0.0	False	3UTR	3UTR	UFM1_independent
2910	ENSG00000111674	ENO2	chr12	+							2910	635,774,755	287,253,255	161,239,249	197,207,301	457	149	0.0	0.0	0.419,0.499,0.491	0.21,0.273,0.212	0.238					RI	chr12|+|6916670|6917107|6916670|6916729|6917037|6917107	0.0	0.238	0.4696666666666667	0.2316666666666666	4313					6916670	6916729	6917037	6917107								6916670	6917107	227,349,241,57,74,41	214,200,278,55,90,75	194,225,236,49,75,133	287,253,255,197,207,301						2910	chr12	+							2910	567,627,711	355,234,299	163,290,175	181,183,231	457	149	6.01595291738e-06	7.167164421710289e-05	0.342,0.466,0.437	0.227,0.341,0.198	0.16					7.167164421710289e-05	0.16	0.415	0.2553333333333333	4016					6916670	6916729	6917037	6917107								6916670	6917107	163,157,328,84,98,81	230,299,197,42,82,52	174,171,186,37,110,42	355,234,299,181,183,231						0.0	0.238	12	+	6916670	6917107	6916670	6916729	6917037	6917107	437	0	645	0	True	False	0.0		645	0	False	False	645	True	0.0	False	1	False	ENST00000542509	ENST00000542509	ENST00000229277;ENST00000535366;ENST00000536199;ENST00000537688;ENST00000537838;ENST00000538763;ENST00000539713;ENST00000541477;ENST00000545045	False	False	False	0.0	False	5UTR	5UTR	UFM1_independent
2923	ENSG00000165792	METTL17	chr14	+							2923	760,678,696	552,550,470	214,276,337	444,469,608	406	149	0.0	0.0	0.336,0.311,0.352	0.15,0.178,0.169	0.167					RI	chr14|+|20995900|20996292|20995900|20995951|20996208|20996292	0.0	0.167	0.333	0.1656666666666666	6054					20995900	20995951	20996208	20996292								20995900	20996292	263,264,293,77,125,103	148,181,167,54,62,95	349,233,236,83,89,139	552,550,470,444,469,608						2923	chr14	+							2923	531,759,798	369,683,596	208,192,265	386,462,406	406	149	0.0	0.0	0.346,0.29,0.329	0.165,0.132,0.193	0.158					0.0	0.158	0.3216666666666666	0.1633333333333333	5655					20995900	20995951	20996208	20996292								20995900	20996292	184,279,300,91,67,101	131,97,172,42,52,62	216,383,326,75,73,102	369,683,596,386,462,406						0.0	0.167	14	+	20995900	20996292	20995900	20995951	20996208	20996292	392	0	511	0	True	False	1.0		511	1	True	True	511	True	1.0	True	2	False	ENST00000554849;ENST00000555640	ENST00000554849;ENST00000555640	ENST00000339374;ENST00000382985;ENST00000553389;ENST00000554354;ENST00000555533;ENST00000556670;ENST00000556733;ENST00000557550	False	False	False	0.0	False	3UTR	3UTR	UFM1_independent
2982	ENSG00000077232	DNAJC10	chr2	+							2982	186,163,150	0,18,2	121,115,142	3,0,0	1233	149	0.0048566535499	0.0199604554745219	1.0,0.523,0.901	0.83,1.0,1.0	-0.135					RI	chr2|+|182717015|182718290|182717015|182717072|182718156|182718290	0.0199604554745219	-0.135	0.808	0.9433333333333334	900					182717015	182717072	182718156	182718290								182717015	182718290	13,0,0,0,6,0	93,67,80,34,45,67	80,96,70,87,64,75	0,18,2,3,0,0						2982	chr2	+							2982	114,212,184	12,24,3	114,121,124	1,4,1	1233	149	0.00158929918961	0.0078349206580039	0.534,0.516,0.881	0.932,0.785,0.937	-0.241					0.0078349206580039	-0.241	0.6436666666666667	0.8846666666666667	914					182717015	182717072	182718156	182718290								182717015	182718290	3,0,9,4,0,0	55,96,94,49,54,44	56,116,81,61,67,80	12,24,3,1,4,1						0.0199604554745219	-0.135	2	+	182717015	182718290	182717015	182717072	182718156	182718290	1275	0	2760	0	True	False	0.0		2760	0	False	False	2760	True	0.0	False	1	False	ENST00000640034	ENST00000640034	ENST00000264065;ENST00000418559;ENST00000469118;ENST00000491074;ENST00000537515;ENST00000616986;ENST00000650903;ENST00000679491;ENST00000679526;ENST00000679884;ENST00000680060;ENST00000680258;ENST00000680480;ENST00000680484;ENST00000680667;ENST00000681139;ENST00000681146;ENST00000681873	False	False	False	0.0	False	Start_Codon	Start_Codon	UFM1_independent
3009	ENSG00000116691	MIIP	chr1	+							3009	133,162,100	89,86,100	54,46,80	91,55,124	282	149	2.39667019216e-05	0.00024251454815718	0.441,0.499,0.346	0.239,0.306,0.254	0.162					RI	chr1|+|12029222|12030124|12029222|12029894|12030027|12030124	0.00024251454815718	0.162	0.4286666666666666	0.2663333333333333	1120					12029222	12029894	12030027	12030124								12029222	12030124	57,47,47,29,19,38	77,115,54,25,27,45	0,0,0,0,0,0	89,86,100,91,55,124						3009	chr1	+							3009	175,264,198	134,64,98	34,87,92	60,85,62	282	149	0.00446671752824	0.0183983392336045	0.408,0.685,0.516	0.23,0.351,0.439	0.196					0.0183983392336045	0.196	0.5363333333333333	0.3399999999999999	1353					12029222	12029894	12030027	12030124								12029222	12030124	83,147,101,10,50,31	94,114,90,24,39,61	0,4,7,0,0,0	134,64,98,60,85,62						0.00024251454815718	0.162	1	+	12029222	12030124	12029222	12029894	12030027	12030124	902	0	286	0	True	False	1.0		286	1	True	True	286	True	1.0	True	1	False	ENST00000466860	ENST00000466860	ENST00000235332;ENST00000460823;ENST00000478749;ENST00000492256;ENST00000498685	False	False	False	0.0	False	NonCoding	NonCoding	UFM1_independent
3016	ENSG00000169689	CENPX	chr17	-							3016	477,513,508	41,125,69	161,212,215	69,58,85	625	149	5.54761178841e-05	0.00049087958855021	0.735,0.495,0.637	0.357,0.466,0.376	0.223					RI	chr17|-|82019292|82019909|82019292|82019381|82019857|82019909	0.00049087958855021	0.223	0.6223333333333333	0.3996666666666666	2533					82019292	82019381	82019857	82019909								82019292	82019909	132,146,133,52,54,63	4,12,3,0,5,0	341,355,372,109,153,152	41,125,69,69,58,85						3016	chr17	-							3016	423,457,432	55,59,119	137,178,157	64,81,64	625	149	1.56997457335e-06	2.266885607522821e-05	0.647,0.649,0.464	0.338,0.344,0.369	0.236					2.266885607522821e-05	0.236	0.5866666666666667	0.3503333333333333	2226					82019292	82019381	82019857	82019909								82019292	82019909	66,142,129,43,33,44	4,6,0,1,1,3	353,309,303,93,144,110	55,59,119,64,81,64						0.00049087958855021	0.223	17	-	82019292	82019909	82019292	82019381	82019857	82019909	617	0	1109	0	True	False	2.0		1109	2	True	True	1109	True	2.0	True	1	False	ENST00000585091	ENST00000585091	ENST00000306704;ENST00000392359;ENST00000577379;ENST00000579520;ENST00000580090;ENST00000580435;ENST00000583767;ENST00000584347;ENST00000584514;ENST00000584600	False	False	False	0.0	False	CDS	CDS	UFM1_independent
3019	ENSG00000174483	BBS1	chr11	+							3019	52,66,72	3,3,6	102,109,75	10,28,9	357	149	0.00466524956888	0.0193554197269094	0.879,0.902,0.834	0.81,0.619,0.777	0.136					RI	chr11|+|66531655|66532219|66531655|66531742|66531950|66532219	0.0193554197269094	0.136	0.8716666666666667	0.7353333333333334	535					66531655	66531742	66531950	66532219								66531655	66532219	31,28,49,42,72,29	21,38,23,56,32,34	0,0,0,4,5,12	3,3,6,10,28,9						3019	chr11	+							3019	82,56,71	11,13,23	87,74,74	6,8,10	357	149	0.00859447677085	0.0314939594776475	0.757,0.643,0.563	0.858,0.794,0.755	-0.148					0.0314939594776475	-0.148	0.6543333333333333	0.8023333333333333	515					66531655	66531742	66531950	66532219								66531655	66532219	52,30,49,68,42,38	24,26,15,19,32,35	6,0,7,0,0,1	11,13,23,6,8,10						0.0193554197269094	0.136	11	+	66531655	66532219	66531655	66531742	66531950	66532219	564	0	459	0	True	False	0.0		459	0	False	False	459	True	0.0	False	1	True	ENST00000393994	ENST00000393994	ENST00000318312;ENST00000455748;ENST00000526760;ENST00000529955;ENST00000630659	False	True	False	0.0	False	Stop_Codon	Stop_Codon	UFM1_independent
3023	ENSG00000172366	MCRIP2	chr16	+							3023	166,179,182	51,68,68	18,30,37	26,41,45	387	149	4.65516514225e-13	3.102768766551848e-11	0.556,0.503,0.508	0.21,0.22,0.24	0.299					RI	chr16|+|647416|647884|647416|647544|647782|647884	3.102768766551848e-11	0.299	0.5223333333333333	0.2233333333333333	911					647416	647544	647782	647884								647416	647884	77,71,57,7,9,8	52,46,36,4,17,6	37,62,89,7,4,23	51,68,68,26,41,45						3023	chr16	+							3023	139,183,150	32,64,59	18,43,25	52,58,101	387	149	0.0	0.0	0.626,0.524,0.495	0.118,0.222,0.087	0.406					0.0	0.406	0.5483333333333333	0.1423333333333333	924					647416	647544	647782	647884								647416	647884	60,81,53,15,10,3	35,32,20,1,7,4	44,70,77,2,26,18	32,64,59,52,58,101						3.102768766551848e-11	0.299	16	+	647416	647884	647416	647544	647782	647884	468	0	273	0	True	False	0.0		273	0	False	False	273	True	0.0	False	2	False	ENST00000619674;ENST00000620462	ENST00000619674;ENST00000620462	ENST00000307650;ENST00000474840;ENST00000491999;ENST00000575894;ENST00000611328;ENST00000615744	False	False	False	0.0	False	3UTR	3UTR	UFM1_independent
3038	ENSG00000109736	MFSD10	chr4	-							3038	565,729,654	699,676,613	316,415,421	684,651,813	257	149	2.25223062422e-10	9.02658705079545e-09	0.319,0.385,0.382	0.211,0.27,0.231	0.125					RI	chr4|-|2931824|2932153|2931824|2931936|2932044|2932153	9.02658705079545e-09	0.125	0.362	0.2373333333333333	7236					2931824	2931936	2932044	2932153								2931824	2932153	310,413,370,197,261,246	318,415,355,165,220,212	4,6,6,2,4,2	699,676,613,684,651,813						3038	chr4	-							3038	538,678,820	497,560,787	241,300,337	542,617,699	257	149	0.0	0.0	0.386,0.412,0.377	0.205,0.22,0.218	0.177					0.0	0.177	0.3916666666666666	0.2143333333333333	6616					2931824	2931936	2932044	2932153								2931824	2932153	311,404,506,157,179,178	273,359,407,118,162,176	26,12,0,2,0,14	497,560,787,542,617,699						9.02658705079545e-09	0.125	4	-	2931824	2932153	2931824	2931936	2932044	2932153	329	0	1241	0	True	False	2.0		1241	2	True	True	1241	True	2.0	True	1	False	ENST00000512781	ENST00000512781	ENST00000329687;ENST00000355443;ENST00000503596;ENST00000507272;ENST00000507555;ENST00000508221;ENST00000508276;ENST00000509676;ENST00000514031;ENST00000514800	False	False	False	0.0	False	3UTR	3UTR	UFM1_independent
3047	ENSG00000170445	HARS1	chr5	-							3047	1276,1277,1582	198,191,232	1230,1591,1557	87,145,107	1669	149	4.98642238611e-10	1.85313588312888e-08	0.365,0.374,0.378	0.558,0.495,0.565	-0.167					RI	chr5|-|140675016|140676896|140675016|140675133|140676653|140676896	1.85313588312888e-08	-0.167	0.3723333333333333	0.5393333333333333	9473					140675016	140675133	140676653	140676896								140675016	140676896	113,188,198,210,218,248	127,118,161,98,94,107	1036,971,1223,922,1279,1202	198,191,232,87,145,107						3047	chr5	-							3047	1072,1377,1751	211,239,295	1167,1318,1173	85,128,143	1669	149	2.1515403017e-06	2.9462929437565303e-05	0.312,0.34,0.346	0.551,0.479,0.423	-0.152					2.9462929437565303e-05	-0.152	0.3326666666666666	0.4843333333333333	8959					140675016	140675133	140676653	140676896								140675016	140676896	159,181,176,159,233,160	43,119,169,119,98,91	870,1077,1406,889,987,922	211,239,295,85,128,143						1.85313588312888e-08	-0.167	5	-	140675016	140676896	140675016	140675133	140676653	140676896	1880	0	4320	0	True	False	0.0		4320	0	False	False	4320	True	0.0	False	1	False	ENST00000506579	ENST00000506579	ENST00000307633;ENST00000415192;ENST00000431330;ENST00000438307;ENST00000457527;ENST00000504156;ENST00000504366;ENST00000507746;ENST00000509087;ENST00000512396;ENST00000643686;ENST00000645491;ENST00000646229;ENST00000674523;ENST00000675094;ENST00000675204;ENST00000675355;ENST00000675366;ENST00000675698;ENST00000675763;ENST00000675827;ENST00000675851;ENST00000675898;ENST00000675967;ENST00000676327	False	False	False	0.0	False	3UTR	3UTR	UFM1_independent
3084	ENSG00000130304	SLC27A1	chr19	+							3084	48,26,25	16,0,1	12,20,68	0,0,0	365	149	1.24332553783e-05	0.00013446335446161	0.55,1.0,0.911	1.0,1.0,1.0	-0.18					RI	chr19|+|17486562|17487335|17486562|17486957|17487173|17487335	0.00013446335446161	-0.18	0.8203333333333334	1.0	216					17486562	17486957	17487173	17487335								17486562	17487335	21,5,4,6,5,1	22,17,16,6,15,66	5,4,5,0,0,1	16,0,1,0,0,0						3084	chr19	+							3084	31,25,78	0,0,2	39,43,36	2,0,10	365	149	0.000373319471654	0.0023170362685698	1.0,1.0,0.941	0.888,1.0,0.595	0.153					0.0023170362685698	0.153	0.9803333333333332	0.8276666666666667	266					17486562	17486957	17487173	17487335								17486562	17487335	17,11,14,35,25,9	12,12,53,4,18,21	2,2,11,0,0,6	0,0,2,2,0,10						0.00013446335446161	-0.18	19	+	17486562	17487335	17486562	17486957	17487173	17487335	773	0	1754	0	True	False	2.0		1754	2	True	True	1754	True	2.0	True	2	True	ENST00000600277;ENST00000600297	ENST00000600277;ENST00000600297	ENST00000252595;ENST00000598424;ENST00000599380	False	True	True	1.0	True	Start_Codon	Start_Codon	UFM1_independent
3088	ENSG00000167962	ZNF598	chr16	-							3088	54,83,74	61,93,50	15,20,15	31,44,69	301	149	7.24928632234e-07	1.180095124698468e-05	0.305,0.306,0.423	0.193,0.184,0.097	0.187					RI	chr16|-|1999495|2000481|1999495|2000256|2000408|2000481	1.180095124698468e-05	0.187	0.3446666666666667	0.158	609					1999495	2000256	2000408	2000481								1999495	2000481	4,4,3,0,1,3	50,79,71,15,19,12	0,0,0,0,0,0	61,93,50,31,44,69						3088	chr16	-							3088	64,77,81	32,64,80	18,55,41	35,52,85	301	149	0.0035752728946	0.0153782571299782	0.497,0.373,0.334	0.203,0.344,0.193	0.155					0.0153782571299782	0.155	0.4013333333333333	0.2466666666666666	684					1999495	2000256	2000408	2000481								1999495	2000481	1,8,8,2,1,2	63,69,73,16,54,39	0,0,0,0,0,0	32,64,80,35,52,85						1.180095124698468e-05	0.187	16	-	1999495	2000481	1999495	2000256	2000408	2000481	986	0	1766	0	True	False	2.0		1766	2	True	True	1766	True	2.0	True	1	False	ENST00000565396	ENST00000565396	ENST00000561787;ENST00000562103;ENST00000562988;ENST00000564556;ENST00000564824;ENST00000567625;ENST00000652647	False	False	False	0.0	False	CDS	CDS	UFM1_independent
3099	ENSG00000011243	AKAP8L	chr19	-							3099	698,702,753	97,89,59	469,494,517	62,80,138	923	149	0.0144553231432	0.0477586430571672	0.537,0.56,0.673	0.55,0.499,0.377	0.115					RI	chr19|-|15397713|15398766|15397713|15397855|15398629|15398766	0.0477586430571672	0.115	0.5900000000000001	0.4753333333333333	4158					15397713	15397855	15398629	15398766								15397713	15398766	164,169,154,86,73,114	82,129,89,56,82,74	452,404,510,327,339,329	97,89,59,62,80,138						3099	chr19	-							3099	704,719,894	60,102,68	489,548,533	100,86,108	923	149	5.96079054764e-05	0.00049514737437686	0.654,0.532,0.68	0.441,0.507,0.443	0.158					0.00049514737437686	0.158	0.622	0.4636666666666666	4411					15397713	15397855	15398629	15398766								15397713	15398766	102,157,165,101,132,94	89,107,120,87,71,76	513,455,609,301,345,363	60,102,68,100,86,108						0.0477586430571672	0.115	19	-	15397713	15398766	15397713	15397855	15398629	15398766	1053	0	1286	0	True	False	2.0		1286	2	True	True	1286	True	2.0	True	1	False	ENST00000679634	ENST00000679634	ENST00000397410;ENST00000593845;ENST00000594594;ENST00000595087;ENST00000595465;ENST00000595879;ENST00000596213;ENST00000596750;ENST00000599137;ENST00000600065;ENST00000609519;ENST00000679638;ENST00000680017;ENST00000680103;ENST00000680302;ENST00000680303;ENST00000680323;ENST00000680363;ENST00000680642;ENST00000680649;ENST00000680703;ENST00000680774;ENST00000680803;ENST00000680865;ENST00000680957;ENST00000681170;ENST00000681405;ENST00000681459;ENST00000681744	False	False	False	0.0	False	3UTR	3UTR	UFM1_independent
3104	ENSG00000011243	AKAP8L	chr19	-							3104	1033,1160,1121	251,222,276	1325,1128,1416	85,115,169	1033	149	5.59747803663e-10	2.0190432541538328e-08	0.373,0.43,0.369	0.692,0.586,0.547	-0.218					RI	chr19|-|15397713|15400358|15397713|15399410|15400294|15400358	2.0190432541538328e-08	-0.218	0.3906666666666666	0.6083333333333333	8301					15397713	15399410	15400294	15400358								15397713	15400358	109,143,164,128,121,144	281,291,260,401,295,424	643,726,697,796,712,848	251,222,276,85,115,169						3104	chr19	-							3104	1140,1314,1561	208,199,332	1202,1180,1263	106,158,135	1033	149	1.52563260221e-05	0.00015803250917231	0.442,0.488,0.404	0.621,0.519,0.574	-0.127					0.00015803250917231	-0.127	0.4446666666666666	0.5713333333333334	8798					15397713	15399410	15400294	15400358								15397713	15400358	177,190,224,116,178,184	304,284,362,287,251,297	659,840,975,799,751,782	208,199,332,106,158,135						2.0190432541538328e-08	-0.218	19	-	15397713	15400358	15397713	15399410	15400294	15400358	2645	0	3072	0	True	False	0.0		3072	0	False	False	3072	True	0.0	False	1	False	ENST00000681405	ENST00000681405	ENST00000397410;ENST00000593845;ENST00000594594;ENST00000594893;ENST00000595087;ENST00000595465;ENST00000595879;ENST00000596213;ENST00000596750;ENST00000599137;ENST00000600065;ENST00000609519;ENST00000679634;ENST00000679638;ENST00000680017;ENST00000680103;ENST00000680302;ENST00000680303;ENST00000680323;ENST00000680363;ENST00000680642;ENST00000680649;ENST00000680703;ENST00000680774;ENST00000680803;ENST00000680865;ENST00000680957;ENST00000681170;ENST00000681459;ENST00000681744	False	False	False	0.0	False	Stop_Codon	Stop_Codon	UFM1_independent
3137	ENSG00000187741	FANCA	chr16	-							3137	385,270,237	190,183,186	94,125,116	271,354,339	453	149	0.0	0.0	0.4,0.327,0.295	0.102,0.104,0.101	0.238					RI	chr16|-|89770165|89770634|89770165|89770259|89770563|89770634	0.0	0.238	0.3406666666666667	0.1023333333333333	2750					89770165	89770259	89770563	89770634								89770165	89770634	148,98,21,27,22,17	144,68,135,30,39,43	93,104,81,37,64,56	190,183,186,271,354,339						3137	chr16	-							3137	319,289,340	210,202,272	101,172,104	182,216,219	453	149	4.5408121707200003e-13	2.6367273749017377e-11	0.333,0.32,0.291	0.154,0.208,0.135	0.149					2.6367273749017377e-11	0.149	0.3146666666666666	0.1656666666666666	2626					89770165	89770259	89770563	89770634								89770165	89770634	92,68,118,40,54,28	117,120,119,38,61,32	110,101,103,23,57,44	210,202,272,182,216,219						0.0	0.238	16	-	89770165	89770634	89770165	89770259	89770563	89770634	469	0	990	0	True	False	0.0		990	0	False	False	990	True	0.0	False	2	False	ENST00000561667;ENST00000696291	ENST00000561667;ENST00000696291	ENST00000389301;ENST00000564475;ENST00000567205;ENST00000567284;ENST00000567510;ENST00000568369;ENST00000696274;ENST00000696275;ENST00000696276;ENST00000696286;ENST00000696287	False	False	False	0.0	False	3UTR	3UTR	UFM1_independent
3140	ENSG00000187741	FANCA	chr16	-							3140	104,94,150	34,83,51	70,68,76	79,55,95	235	149	0.00134308985803	0.0070137628306525	0.66,0.418,0.651	0.36,0.439,0.337	0.198					RI	chr16|-|89798950|89799232|89798950|89799079|89799165|89799232	0.0070137628306525	0.198	0.5763333333333334	0.3786666666666666	959					89798950	89799079	89799165	89799232								89798950	89799232	29,43,73,30,36,52	85,55,98,54,34,34	0,0,0,0,0,0	34,83,51,79,55,95						3140	chr16	-							3140	104,81,76	9,22,61	54,36,78	39,32,81	235	149	0.00207281358713	0.0097566026910974	0.88,0.7,0.441	0.467,0.416,0.379	0.253					0.0097566026910974	0.253	0.6736666666666666	0.4206666666666667	673					89798950	89799079	89799165	89799232								89798950	89799232	69,22,44,35,13,51	46,70,57,25,28,47	0,0,0,0,0,0	9,22,61,39,32,81						0.0070137628306525	0.198	16	-	89798950	89799232	89798950	89799079	89799165	89799232	282	0	1459	0	True	False	1.0		1459	1	True	True	1459	True	1.0	True	2	True	ENST00000566409;ENST00000696292	ENST00000566409;ENST00000696292	ENST00000389301;ENST00000389302;ENST00000534992;ENST00000543736;ENST00000561667;ENST00000563673;ENST00000563767;ENST00000564475;ENST00000565582;ENST00000566889;ENST00000567205;ENST00000567284;ENST00000567621;ENST00000568369;ENST00000696274;ENST00000696275;ENST00000696276;ENST00000696277;ENST00000696286;ENST00000696287;ENST00000696288;ENST00000696291;ENST00000696293;ENST00000696294;ENST00000696295	False	True	True	0.5	False	Stop_Codon	Stop_Codon	UFM1_independent
3151	ENSG00000073350	LLGL2	chr17	+							3151	32,57,65	27,7,30	10,14,37	7,25,33	498	149	0.0139162401694	0.0463773829993265	0.262,0.709,0.393	0.299,0.144,0.251	0.223					RI	chr17|+|75574212|75574668|75574212|75574260|75574609|75574668	0.0463773829993265	0.223	0.4546666666666666	0.2313333333333333	344					75574212	75574260	75574609	75574668								75574212	75574668	0,17,15,0,2,0	6,9,12,4,6,2	26,31,38,6,6,35	27,7,30,7,25,33						3151	chr17	+							3151	47,79,68	6,20,36	13,25,10	20,17,30	498	149	1.60435362012e-05	0.00016505436987912	0.701,0.542,0.361	0.163,0.306,0.091	0.348					0.00016505436987912	0.348	0.5346666666666666	0.1866666666666666	371					75574212	75574260	75574609	75574668								75574212	75574668	4,17,25,3,4,0	11,28,27,0,15,1	32,34,16,10,6,9	6,20,36,20,17,30						0.0463773829993265	0.223	17	+	75574212	75574668	75574212	75574260	75574609	75574668	456	0	407	0	True	False	2.0		407	2	True	True	407	True	2.0	True	1	False	ENST00000578034	ENST00000578034	ENST00000167462;ENST00000392550;ENST00000545227;ENST00000577200;ENST00000577211;ENST00000577500;ENST00000578638;ENST00000582393;ENST00000583514	False	False	False	0.0	False	CDS	CDS	UFM1_independent
3159	ENSG00000196547	MAN2A2	chr15	+							3159	412,401,464	34,49,59	206,338,359	51,63,46	386	149	0.00464716331003	0.0193040015599148	0.824,0.76,0.752	0.609,0.674,0.751	0.101					RI	chr15|+|90912042|90912664|90912042|90912279|90912516|90912664	0.0193040015599148	0.101	0.7786666666666666	0.678	2482					90912042	90912279	90912516	90912664								90912042	90912664	72,70,111,46,102,55	104,116,165,82,93,114	236,215,188,78,143,190	34,49,59,51,63,46						3159	chr15	+							3159	422,469,484	58,68,33	177,309,261	43,49,63	386	149	0.000668360936694	0.0037827850953093	0.737,0.727,0.85	0.614,0.709,0.615	0.125					0.0037827850953093	0.125	0.7713333333333333	0.646	2436					90912042	90912279	90912516	90912664								90912042	90912664	91,113,83,36,71,26	145,182,164,71,118,90	186,174,237,70,120,145	58,68,33,43,49,63						0.0193040015599148	0.101	15	+	90912042	90912664	90912042	90912279	90912516	90912664	622	0	2088	0	True	False	0.0		2088	0	False	False	2088	True	0.0	False	1	False	ENST00000559374	ENST00000559374	ENST00000360468;ENST00000557865;ENST00000558161;ENST00000558171;ENST00000559717;ENST00000560451;ENST00000560616;ENST00000561047;ENST00000561240;ENST00000561448	False	False	False	0.0	False	3UTR	3UTR	UFM1_independent
3172	ENSG00000138095	LRPPRC	chr2	-							3172	1278,1153,1329	245,267,356	1418,1618,2213	155,237,293	1863	149	7.33717864243e-09	2.0358180739991296e-07	0.294,0.257,0.23	0.423,0.353,0.377	-0.124					RI	chr2|-|43899465|43901524|43899465|43899605|43901319|43901524	2.0358180739991296e-07	-0.124	0.2603333333333333	0.3843333333333333	10562					43899465	43899605	43901319	43901524								43899465	43901524	457,323,351,419,398,656	59,89,80,123,86,112	762,741,898,876,1134,1445	245,267,356,155,237,293						3172	chr2	-							3172	774,1297,1383	167,310,286	1476,1563,1922	216,137,167	1863	149	4.02339090932e-08	9.192375598367852e-07	0.27,0.251,0.279	0.353,0.477,0.479	-0.17					9.192375598367852e-07	-0.17	0.2666666666666666	0.4363333333333333	9698					43899465	43899605	43901319	43901524								43899465	43901524	230,357,454,404,447,562	58,75,143,83,95,116	486,865,786,989,1021,1244	167,310,286,216,137,167						2.0358180739991296e-07	-0.124	2	-	43899465	43901524	43899465	43899605	43901319	43901524	2059	0	6211	0	True	False	1.0		6211	1	True	True	6211	True	1.0	True	1	False	ENST00000684743	ENST00000684743	ENST00000260665;ENST00000419884;ENST00000463456;ENST00000472420;ENST00000483489;ENST00000681993;ENST00000682303;ENST00000682308;ENST00000682434;ENST00000682480;ENST00000682546;ENST00000682585;ENST00000682595;ENST00000682607;ENST00000682612;ENST00000682779;ENST00000682845;ENST00000682885;ENST00000682933;ENST00000683002;ENST00000683072;ENST00000683080;ENST00000683125;ENST00000683213;ENST00000683220;ENST00000683329;ENST00000683346;ENST00000683409;ENST00000683459;ENST00000683528;ENST00000683590;ENST00000683623;ENST00000683645;ENST00000683796;ENST00000683802;ENST00000683833;ENST00000683994;ENST00000684290;ENST00000684306;ENST00000684341;ENST00000684383;ENST00000684418;ENST00000684454;ENST00000684619	False	False	False	0.0	False	Stop_Codon	Stop_Codon	UFM1_independent
3174	ENSG00000138095	LRPPRC	chr2	-							3174	761,636,617	78,67,80	1386,1126,1525	84,40,100	3238	149	1.03594540543e-05	0.00011466457086817	0.31,0.304,0.262	0.432,0.564,0.412	-0.177					RI	chr2|-|43957384|43960634|43957384|43957451|43960540|43960634	0.00011466457086817	-0.177	0.292	0.4693333333333333	6500					43957384	43957451	43960540	43960634								43957384	43960634	69,62,17,78,45,79	69,34,17,71,35,70	623,540,583,1237,1046,1376	78,67,80,84,40,100						3174	chr2	-							3174	506,760,578	56,134,104	1284,1207,1144	47,88,83	3238	149	2.43539978184e-07	4.525347471548234e-06	0.294,0.207,0.204	0.557,0.387,0.388	-0.209					4.525347471548234e-06	-0.209	0.235	0.444	5991					43957384	43957451	43960540	43960634								43957384	43960634	23,46,14,60,57,50	40,36,30,64,75,24	443,678,534,1160,1075,1070	56,134,104,47,88,83						0.00011466457086817	-0.177	2	-	43957384	43960634	43957384	43957451	43960540	43960634	3250	0	3501	0	True	False	0.0		3501	0	False	False	3501	True	0.0	False	1	False	ENST00000683802	ENST00000683802	ENST00000260665;ENST00000409659;ENST00000409946;ENST00000447246;ENST00000467058;ENST00000681959;ENST00000681961;ENST00000682104;ENST00000682303;ENST00000682308;ENST00000682480;ENST00000682546;ENST00000682585;ENST00000682595;ENST00000682607;ENST00000682779;ENST00000682885;ENST00000682933;ENST00000683072;ENST00000683082;ENST00000683125;ENST00000683213;ENST00000683220;ENST00000683329;ENST00000683346;ENST00000683459;ENST00000683590;ENST00000683623;ENST00000683645;ENST00000683694;ENST00000683796;ENST00000683833;ENST00000683934;ENST00000683989;ENST00000683994;ENST00000684290;ENST00000684306;ENST00000684341;ENST00000684383;ENST00000684482;ENST00000684619;ENST00000684743	False	False	False	0.0	False	Stop_Codon	Stop_Codon	UFM1_independent
3238	ENSG00000141551	CSNK1D	chr17	-							3238	5312,4992,4968	366,411,433	4232,4269,4282	178,210,196	2984	149	1.12555631482e-08	2.8980174220249205e-07	0.42,0.378,0.364	0.543,0.504,0.522	-0.136					RI	chr17|-|82245975|82249014|82245975|82246039|82248874|82249014	2.8980174220249205e-07	-0.136	0.3873333333333333	0.523	29849					82245975	82246039	82248874	82249014								82245975	82249014	284,218,156,145,150,195	172,113,169,162,118,135	4856,4661,4643,3925,4001,3952	366,411,433,178,210,196						3238	chr17	-							3238	3853,4826,5212	394,386,451	3982,3898,3474	193,252,185	2984	149	6.64779967852e-07	1.0705616602288606e-05	0.328,0.384,0.366	0.507,0.436,0.484	-0.116					1.0705616602288606e-05	-0.116	0.3593333333333333	0.4756666666666667	27106					82245975	82246039	82248874	82249014								82245975	82249014	140,215,121,156,103,111	131,122,137,143,114,98	3582,4489,4954,3683,3681,3265	394,386,451,193,252,185						2.8980174220249205e-07	-0.136	17	-	82245975	82249014	82245975	82246039	82248874	82249014	3039	0	556	0	True	False	1.0		556	1	True	True	556	True	1.0	True	1	False	ENST00000581241	ENST00000581241	ENST00000269361;ENST00000314028;ENST00000392334;ENST00000398519;ENST00000403276;ENST00000577578;ENST00000578501;ENST00000580565;ENST00000580784;ENST00000581737;ENST00000584377;ENST00000584672	False	False	False	0.0	False	3UTR	3UTR	UFM1_independent
3250	ENSG00000168404	MLKL	chr16	-							3250	98,178,155	69,112,131	59,17,44	46,46,87	403	149	0.000474486960247	0.0030162310644497	0.344,0.37,0.304	0.322,0.12,0.158	0.139					RI	chr16|-|74674959|74675404|74674959|74675100|74675354|74675404	0.0030162310644497	0.139	0.3393333333333333	0.2	1042					74674959	74675100	74675354	74675404								74674959	74675404	16,41,41,6,1,6	46,97,60,41,14,28	36,40,54,12,2,10	69,112,131,46,46,87						3250	chr16	-							3250	69,97,93	59,109,162	15,11,18	43,62,38	403	149	3.30253435166e-06	4.270664871450694e-05	0.302,0.248,0.175	0.114,0.062,0.149	0.133					4.270664871450694e-05	0.133	0.2416666666666666	0.1083333333333333	776					74674959	74675100	74675354	74675404								74674959	74675404	29,18,20,2,2,1	39,46,56,8,3,9	1,33,17,5,6,8	59,109,162,43,62,38						0.0030162310644497	0.139	16	-	74674959	74675404	74674959	74675100	74675354	74675404	445	0	635	0	True	False	2.0		635	2	True	True	635	True	2.0	True	1	False	ENST00000575695	ENST00000575695	ENST00000306247;ENST00000308807;ENST00000570846;ENST00000576529	False	False	False	0.0	False	CDS	CDS	UFM1_independent
3290	ENSG00000168268	NT5DC2	chr3	-							3290	333,271,402	144,197,144	120,111,185	124,160,148	259	149	3.67044815655e-05	0.00034467363087235	0.571,0.442,0.616	0.358,0.285,0.418	0.189					RI	chr3|-|52527616|52527931|52527616|52527718|52527828|52527931	0.00034467363087235	0.189	0.5429999999999999	0.3536666666666666	2339					52527616	52527718	52527828	52527931								52527616	52527931	214,173,166,76,84,118	166,102,293,56,39,93	0,8,0,0,0,0	144,197,144,124,160,148						3290	chr3	-							3290	273,221,428	146,129,221	86,149,224	75,153,138	259	149	0.00457217697436	0.0187195774563796	0.518,0.496,0.527	0.397,0.359,0.483	0.101					0.0187195774563796	0.101	0.5136666666666667	0.413	2243					52527616	52527718	52527828	52527931								52527616	52527931	164,138,253,50,92,146	144,109,211,39,104,116	0,0,0,0,0,1	146,129,221,75,153,138						0.00034467363087235	0.189	3	-	52527616	52527931	52527616	52527718	52527828	52527931	315	0	888	0	True	False	0.0		888	0	False	False	888	True	0.0	False	1	False	ENST00000478091	ENST00000478091	ENST00000307076;ENST00000422318;ENST00000459839;ENST00000463947;ENST00000466112;ENST00000489316;ENST00000492555	False	False	False	0.0	False	3UTR	3UTR	UFM1_independent
3316	ENSG00000181163	NPM1	chr5	+							3316	4490,4077,5381	399,360,535	5024,5523,7516	265,322,454	2445	149	2.49657913676e-07	4.556256924587e-06	0.407,0.408,0.38	0.536,0.511,0.502	-0.118					RI	chr5|+|171405301|171407774|171405301|171405403|171407699|171407774	4.556256924587e-06	-0.118	0.3983333333333333	0.5163333333333333	34346					171405301	171405403	171407699	171407774								171405301	171407774	126,92,155,175,128,228	254,186,260,202,240,402	4110,3799,4966,4647,5155,6886	399,360,535,265,322,454						3316	chr5	+							3316	2991,4275,4854	341,496,524	4913,5445,5990	263,294,460	2445	149	5.35755495523e-09	1.4573997466051337e-07	0.348,0.344,0.361	0.532,0.53,0.442	-0.15					1.4573997466051337e-07	-0.15	0.351	0.5013333333333334	30846					171405301	171405403	171407699	171407774								171405301	171407774	75,124,113,159,205,182	214,203,199,201,358,333	2702,3948,4542,4553,4882,5475	341,496,524,263,294,460						4.556256924587e-06	-0.118	5	+	171405301	171407774	171405301	171405403	171407699	171407774	2473	0	1825	0	True	False	1.0		1825	1	True	True	1825	True	1.0	True	1	False	ENST00000676625	ENST00000676625	ENST00000296930;ENST00000351986;ENST00000393820;ENST00000517671;ENST00000518587;ENST00000519955;ENST00000521260;ENST00000521672;ENST00000524204;ENST00000676504;ENST00000676589;ENST00000676613;ENST00000677297;ENST00000677325;ENST00000677357;ENST00000677467;ENST00000677600;ENST00000677672;ENST00000677682;ENST00000677741;ENST00000677904;ENST00000677907;ENST00000678186;ENST00000678267;ENST00000678280;ENST00000678774;ENST00000679006;ENST00000679190;ENST00000679233	False	False	False	0.0	False	Stop_Codon	Stop_Codon	UFM1_independent
3319	ENSG00000090097	PCBP4	chr3	-							3319	150,119,189	3,0,5	61,49,77	12,8,10	377	149	3.50357298728e-10	1.3511892803774188e-08	0.952,1.0,0.937	0.668,0.708,0.753	0.253					RI	chr3|-|51960525|51960898|51960525|51960637|51960865|51960898	1.3511892803774188e-08	0.253	0.963	0.7096666666666667	683					51960525	51960637	51960865	51960898								51960525	51960898	42,13,60,11,22,9	44,41,53,17,7,22	64,65,76,33,20,46	3,0,5,12,8,10						3319	chr3	-							3319	96,184,138	0,3,2	17,74,41	8,25,2	377	149	7.47600603646e-09	2.0065600201858637e-07	1.0,0.96,0.965	0.456,0.539,0.89	0.347					2.0065600201858637e-07	0.347	0.975	0.6283333333333334	590					51960525	51960637	51960865	51960898								51960525	51960898	22,37,53,3,16,16	49,44,30,5,13,7	25,103,55,9,45,18	0,3,2,8,25,2						1.3511892803774188e-08	0.253	3	-	51960525	51960898	51960525	51960637	51960865	51960898	373	0	1868	0	True	False	2.0		1868	2	True	True	1868	True	2.0	True	3	False	ENST00000492809;ENST00000497390;ENST00000498822	ENST00000492809;ENST00000497390;ENST00000498822	ENST00000322099;ENST00000355852;ENST00000428823;ENST00000461544;ENST00000461554;ENST00000466412;ENST00000468324;ENST00000471308;ENST00000471358;ENST00000471622;ENST00000483411;ENST00000484633;ENST00000489595;ENST00000490063;ENST00000497653	False	False	False	0.0	False	CDS	CDS	UFM1_independent
3320	ENSG00000090097	PCBP4	chr3	-							3320	148,119,182	70,90,125	61,49,77	80,51,94	372	149	7.01369896365e-05	0.00059899724296799	0.459,0.346,0.368	0.234,0.278,0.247	0.138					RI	chr3|-|51960525|51960898|51960525|51960642|51960865|51960898	0.00059899724296799	0.138	0.391	0.253	1146					51960525	51960642	51960865	51960898								51960525	51960898	42,13,54,11,22,11	44,41,53,17,7,22	62,65,75,33,20,44	70,90,125,80,51,94						3320	chr3	-							3320	94,184,134	84,113,67	17,74,41	49,91,46	372	149	6.05188394883e-05	0.00050064831735595	0.309,0.395,0.445	0.122,0.246,0.263	0.173					0.00050064831735595	0.173	0.383	0.2103333333333333	994					51960525	51960642	51960865	51960898								51960525	51960898	20,37,49,3,16,16	49,44,30,5,13,7	25,103,55,9,45,18	84,113,67,49,91,46						0.00059899724296799	0.138	3	-	51960525	51960898	51960525	51960642	51960865	51960898	373	0	1868	0	True	False	2.0		1868	2	True	True	1868	True	2.0	True	3	False	ENST00000492809;ENST00000497390;ENST00000498822	ENST00000492809;ENST00000497390;ENST00000498822	ENST00000322099;ENST00000355852;ENST00000428823;ENST00000461544;ENST00000461554;ENST00000466412;ENST00000468324;ENST00000471308;ENST00000471358;ENST00000471622;ENST00000483411;ENST00000484633;ENST00000489595;ENST00000490063;ENST00000497653	False	False	False	0.0	False	3UTR	3UTR	UFM1_independent
3326	ENSG00000004534	RBM6	chr3	+							3326	974,1122,958	47,92,109	511,750,851	84,82,117	563	149	0.000684603539469	0.0040995985390858	0.846,0.763,0.699	0.617,0.708,0.658	0.108					RI	chr3|+|50061461|50062108|50061461|50061547|50061961|50062108	0.0040995985390858	0.108	0.7693333333333333	0.661	5697					50061461	50061547	50061961	50062108								50061461	50062108	54,29,34,40,45,40	342,383,361,193,262,364	578,710,563,278,443,447	47,92,109,84,82,117						3326	chr3	+							3326	888,1142,1106	63,96,121	566,733,639	114,99,77	563	149	0.000232694492857	0.0015461604805205	0.789,0.759,0.708	0.568,0.662,0.687	0.113					0.0015461604805205	0.113	0.752	0.639	5644					50061461	50061547	50061961	50062108								50061461	50062108	35,36,46,39,51,42	333,465,427,140,304,271	520,641,633,387,378,326	63,96,121,114,99,77						0.0040995985390858	0.108	3	+	50061461	50062108	50061461	50061547	50061961	50062108	647	0	1299	0	True	False	0.0		1299	0	False	False	1299	True	0.0	False	1	True	ENST00000454079	ENST00000454079	ENST00000266022;ENST00000419610;ENST00000422955;ENST00000434592;ENST00000438912;ENST00000441115;ENST00000442092;ENST00000443081	False	True	True	1.0	True	Stop_Codon	Stop_Codon	UFM1_independent
3342	ENSG00000153187	HNRNPU	chr1	-							3342	3098,2736,3106	304,232,315	5124,4679,6523	151,150,203	2135	149	0.0	0.0	0.416,0.451,0.408	0.703,0.685,0.692	-0.268					RI	chr1|-|244860334|244862534|244860334|244860474|244862460|244862534	0.0	-0.268	0.425	0.6933333333333334	26621					244860334	244860474	244862460	244862534								244860334	244862534	429,336,442,625,606,879	161,89,127,258,214,263	2508,2311,2537,4241,3859,5381	304,232,315,151,150,203						3342	chr1	-							3342	1858,2505,3018	273,291,410	4677,4138,4392	164,131,207	2135	149	0.0	0.0	0.322,0.375,0.339	0.666,0.688,0.597	-0.305					0.0	-0.305	0.3453333333333333	0.6503333333333333	22064					244860334	244860474	244862460	244862534								244860334	244862534	230,324,451,573,465,557	85,131,171,262,154,164	1543,2050,2396,3842,3519,3671	273,291,410,164,131,207						0.0	-0.268	1	-	244860334	244862534	244860334	244860474	244862460	244862534	2200	0	2855	0	True	False	2.0		2855	2	True	True	2855	True	2.0	True	2	False	ENST00000476241;ENST00000638952	ENST00000476241;ENST00000638952	ENST00000283179;ENST00000366525;ENST00000440865;ENST00000444376;ENST00000465881;ENST00000638230;ENST00000638301;ENST00000638475;ENST00000638589;ENST00000638716;ENST00000639628;ENST00000639667;ENST00000639880;ENST00000640001;ENST00000640056;ENST00000640218;ENST00000640306;ENST00000640440;ENST00000649899;ENST00000704074	False	False	False	0.0	False	Start_Codon	Start_Codon	UFM1_independent
3350	ENSG00000145020	AMT	chr3	-							3350	54,35,41	42,17,30	6,7,16	10,32,12	257	149	0.00598431486727	0.0234917595792694	0.427,0.544,0.442	0.258,0.113,0.436	0.202					RI	chr3|-|49418970|49419405|49418970|49419151|49419259|49419405	0.0234917595792694	0.202	0.471	0.269	302					49418970	49419151	49419259	49419405								49418970	49419405	22,21,25,4,5,9	32,19,17,5,2,7	0,0,0,0,0,0	42,17,30,10,32,12						3350	chr3	-							3350	18,26,46	30,20,32	8,12,4	22,14,33	257	149	0.00193057026421	0.0092175638618809	0.258,0.43,0.455	0.174,0.332,0.066	0.19					0.0092175638618809	0.19	0.381	0.1906666666666666	265					49418970	49419151	49419259	49419405								49418970	49419405	9,8,41,2,4,3	9,18,5,6,8,1	0,0,0,0,0,0	30,20,32,22,14,33						0.0234917595792694	0.202	3	-	49418970	49419405	49418970	49419151	49419259	49419405	435	0	4083	0	True	False	0.0		4083	0	False	False	4083	True	0.0	False	6	False	ENST00000636978;ENST00000637114;ENST00000637684;ENST00000637821;ENST00000637994;ENST00000638092	ENST00000636978;ENST00000637114;ENST00000637684;ENST00000637821;ENST00000637994;ENST00000638092	ENST00000273588;ENST00000395338;ENST00000399379;ENST00000427987;ENST00000430521;ENST00000458307;ENST00000461210;ENST00000465925;ENST00000473163;ENST00000476127;ENST00000476226;ENST00000476828;ENST00000478594;ENST00000480957;ENST00000487589;ENST00000491800;ENST00000493046;ENST00000495436;ENST00000538581;ENST00000635772;ENST00000635798;ENST00000635808;ENST00000635889;ENST00000635907;ENST00000635936;ENST00000636023;ENST00000636070;ENST00000636148;ENST00000636188;ENST00000636199;ENST00000636522;ENST00000636587;ENST00000636597;ENST00000636725;ENST00000636803;ENST00000636865;ENST00000636871;ENST00000636991;ENST00000637059;ENST00000637268;ENST00000637291;ENST00000637455;ENST00000637457;ENST00000637682;ENST00000637914;ENST00000637982;ENST00000638063	False	False	False	0.0	False	3UTR	3UTR	UFM1_independent
3352	ENSG00000145020	AMT	chr3	-							3352	58,30,44	93,20,65	4,24,18	29,54,26	453	149	0.011400995452	0.0396320318093333	0.17,0.33,0.182	0.043,0.128,0.185	0.109					RI	chr3|-|49418970|49420342|49418970|49419405|49419709|49420342	0.0396320318093333	0.109	0.2273333333333333	0.1186666666666666	465					49418970	49419405	49419709	49420342								49418970	49420342	23,10,33,1,14,8	8,3,9,3,5,9	27,17,2,0,5,1	93,20,65,29,54,26						3352	chr3	-							3352	12,40,41	20,38,81	12,14,15	45,46,104	453	149	9.13508201861e-07	1.4037343590428954e-05	0.165,0.257,0.143	0.081,0.091,0.045	0.116					1.4037343590428954e-05	0.116	0.1883333333333333	0.0723333333333333	468					49418970	49419405	49419709	49420342								49418970	49420342	8,26,8,7,5,9	3,3,11,0,4,0	1,11,22,5,5,6	20,38,81,45,46,104						0.0396320318093333	0.109	3	-	49418970	49420342	49418970	49419405	49419709	49420342	1372	0	7134	0	True	False	0.0		7134	0	False	False	7134	True	0.0	False	3	False	ENST00000635772;ENST00000637268;ENST00000637457	ENST00000635772;ENST00000637268;ENST00000637457	ENST00000273588;ENST00000395338;ENST00000399379;ENST00000427987;ENST00000430521;ENST00000458307;ENST00000461210;ENST00000462048;ENST00000465925;ENST00000473163;ENST00000476127;ENST00000476226;ENST00000476828;ENST00000478594;ENST00000480957;ENST00000487589;ENST00000491800;ENST00000493046;ENST00000495436;ENST00000538581;ENST00000635798;ENST00000635808;ENST00000635889;ENST00000635907;ENST00000635936;ENST00000636023;ENST00000636070;ENST00000636148;ENST00000636188;ENST00000636199;ENST00000636522;ENST00000636587;ENST00000636597;ENST00000636725;ENST00000636803;ENST00000636865;ENST00000636871;ENST00000636978;ENST00000636991;ENST00000637059;ENST00000637114;ENST00000637291;ENST00000637455;ENST00000637682;ENST00000637684;ENST00000637821;ENST00000637914;ENST00000637982;ENST00000637994;ENST00000638063;ENST00000638092	False	False	False	0.0	False	3UTR	3UTR	UFM1_independent
3356	ENSG00000145020	AMT	chr3	-							3356	34,30,46	10,0,0	28,40,41	0,0,0	238	149	0.000477350940164	0.0030301407506062	0.68,1.0,1.0	1.0,1.0,1.0	-0.107					RI	chr3|-|49422103|49422451|49422103|49422271|49422360|49422451	0.0030301407506062	-0.107	0.8933333333333333	1.0	229					49422103	49422271	49422360	49422451								49422103	49422451	25,24,30,18,34,28	10,6,20,12,6,13	0,0,0,0,0,0	10,0,0,0,0,0						3356	chr3	-							3356	40,24,45	7,0,10	12,29,57	0,0,0	238	149	4.68513197238e-07	7.992517508814357e-06	0.782,1.0,0.738	1.0,1.0,1.0	-0.16					7.992517508814357e-06	-0.16	0.84	1.0	224					49422103	49422271	49422360	49422451								49422103	49422451	37,15,40,6,22,33	3,9,10,6,10,26	0,0,0,0,0,0	7,0,10,0,0,0						0.0030301407506062	-0.107	3	-	49422103	49422451	49422103	49422271	49422360	49422451	348	0	3222	0	True	False	0.0		3222	0	False	False	3222	True	0.0	False	1	False	ENST00000495436	ENST00000495436	ENST00000273588;ENST00000395338;ENST00000399379;ENST00000427987;ENST00000430521;ENST00000458307;ENST00000462048;ENST00000465925;ENST00000473163;ENST00000476127;ENST00000476226;ENST00000478594;ENST00000480957;ENST00000487589;ENST00000491800;ENST00000493046;ENST00000498571;ENST00000538581;ENST00000635772;ENST00000635808;ENST00000635889;ENST00000635936;ENST00000636023;ENST00000636070;ENST00000636148;ENST00000636199;ENST00000636522;ENST00000636587;ENST00000636597;ENST00000636725;ENST00000636803;ENST00000636865;ENST00000636871;ENST00000636978;ENST00000636991;ENST00000637059;ENST00000637114;ENST00000637268;ENST00000637291;ENST00000637455;ENST00000637457;ENST00000637682;ENST00000637684;ENST00000637821;ENST00000637914;ENST00000637982;ENST00000637994;ENST00000638063;ENST00000638092	False	False	False	0.0	False	5UTR	5UTR	UFM1_independent
3361	ENSG00000119321	FKBP15	chr9	-							3361	1203,880,1130	123,134,190	1095,614,814	345,182,289	1578	149	5.68604052731e-11	2.4382377981444e-09	0.48,0.383,0.36	0.231,0.242,0.21	0.18					RI	chr9|-|113186248|113187899|113186248|113186363|113187792|113187899	2.4382377981444e-09	0.18	0.4076666666666667	0.2276666666666666	6999					113186248	113186363	113187792	113187899								113186248	113187899	86,41,20,46,39,14	49,41,83,50,43,52	1068,798,1027,999,532,748	123,134,190,345,182,289						3361	chr9	-							3361	651,826,966	116,131,156	800,782,683	270,213,223	1578	149	3.20038928692e-09	9.073779766999944e-08	0.346,0.373,0.369	0.219,0.257,0.224	0.129					9.073779766999944e-08	0.129	0.3626666666666666	0.2333333333333333	5817					113186248	113186363	113187792	113187899								113186248	113187899	56,40,38,63,27,21	24,36,39,63,40,24	571,750,889,674,715,638	116,131,156,270,213,223						2.4382377981444e-09	0.18	9	-	113186248	113187899	113186248	113186363	113187792	113187899	1651	0	1916	0	True	False	2.0		1916	2	True	True	1916	True	2.0	True	3	False	ENST00000686727;ENST00000690399;ENST00000690630	ENST00000686727;ENST00000690399;ENST00000690630	ENST00000238256;ENST00000414250;ENST00000446284;ENST00000489645;ENST00000685068;ENST00000685945;ENST00000687395;ENST00000688113;ENST00000688949;ENST00000689059;ENST00000689480;ENST00000691776;ENST00000691917;ENST00000693271;ENST00000693409	False	False	False	0.0	False	Stop_Codon	Stop_Codon	UFM1_independent
3363	ENSG00000100722	ZC3H14	chr14	+							3363	7,36,25	1,0,2	13,7,13	8,2,0	271	149	0.00249448034785	0.0116764530481039	0.794,1.0,0.873	0.472,0.658,1.0	0.179					RI	chr14|+|88567857|88568153|88567857|88567916|88568038|88568153	0.0116764530481039	0.179	0.889	0.71	114					88567857	88567916	88568038	88568153								88567857	88568153	4,11,16,6,7,7	3,25,9,7,0,6	0,0,0,0,0,0	1,0,2,8,2,0						3363	chr14	+							3363	13,29,11	2,16,11	3,20,12	4,0,0	271	149	0.0121402367656	0.0416089045558787	0.781,0.499,0.355	0.292,1.0,1.0	-0.219					0.0416089045558787	-0.219	0.545	0.764	121					88567857	88567916	88568038	88568153								88567857	88568153	8,18,8,3,12,7	6,17,3,0,8,6	0,0,0,0,0,0	2,16,11,4,0,0						0.0116764530481039	0.179	14	+	88567857	88568153	88567857	88567916	88568038	88568153	296	0	1418	0	True	False	2.0		1418	2	True	True	1418	True	2.0	True	2	True	ENST00000554602;ENST00000555120	ENST00000554602;ENST00000555120	ENST00000251038;ENST00000302216;ENST00000336693;ENST00000393514;ENST00000553495;ENST00000555755;ENST00000555799;ENST00000556158;ENST00000556945;ENST00000557607;ENST00000557693;ENST00000649731	True	False	True	1.0	True	5UTR	5UTR	UFM1_independent
3389	ENSG00000131788	PIAS3	chr1	-							3389	551,428,595	58,13,35	150,205,176	23,14,30	668	149	0.0122665603847	0.0420685393059174	0.679,0.88,0.791	0.593,0.766,0.567	0.141					RI	chr1|-|145848521|145850269|145848521|145849712|145850231|145850269	0.0420685393059174	0.141	0.7833333333333333	0.642	2278					145848521	145849712	145850231	145850269								145848521	145850269	110,77,63,21,18,30	106,59,81,26,43,29	335,292,451,103,144,117	58,13,35,23,14,30						3389	chr1	-							3389	381,441,616	32,76,35	153,207,128	27,28,64	668	149	0.00763864608972	0.0286698469458167	0.726,0.564,0.797	0.558,0.622,0.308	0.2					0.0286698469458167	0.2	0.6956666666666667	0.496	2188					145848521	145849712	145850231	145850269								145848521	145850269	104,101,96,38,41,25	66,48,92,10,66,25	211,292,428,105,100,78	32,76,35,27,28,64						0.0420685393059174	0.141	1	-	145848521	145850269	145848521	145849712	145850231	145850269	1748	0	604	0	True	False	1.0		604	1	True	True	604	True	1.0	True	1	False	ENST00000472114	ENST00000472114	ENST00000369298;ENST00000393045;ENST00000475261	False	False	False	0.0	False	3UTR	3UTR	UFM1_independent
3425	ENSG00000132141	CCT6B	chr17	-							3425	0,0,17	1,9,10	21,11,17	6,1,8	435	149	0.00109604036973	0.0059794657893099	0.0,0.0,0.368	0.545,0.79,0.421	-0.463					RI	chr17|-|34939182|34939713|34939182|34939330|34939616|34939713	0.0059794657893099	-0.463	0.1226666666666666	0.5853333333333334	101					34939182	34939330	34939616	34939713								34939182	34939713	0,0,0,3,0,5	0,0,14,10,5,2	0,0,3,8,6,10	1,9,10,6,1,8						3425	chr17	-							3425	0,0,11	2,15,12	12,32,28	11,10,22	435	149	0.000218342002485	0.0014683378095845	0.0,0.0,0.239	0.272,0.523,0.304	-0.287					0.0014683378095845	-0.287	0.0796666666666666	0.3663333333333333	155					34939182	34939330	34939616	34939713								34939182	34939713	0,0,1,0,4,0	0,0,0,10,18,4	0,0,10,2,10,24	2,15,12,11,10,22						0.0059794657893099	-0.463	17	-	34939182	34939713	34939182	34939330	34939616	34939713	531	0	735	0	True	False	0.0		735	0	False	False	735	True	0.0	False	1	False	ENST00000577307	ENST00000577307	ENST00000314144;ENST00000421975;ENST00000436961	False	False	False	0.0	False	3UTR	3UTR	UFM1_independent
3488	ENSG00000156983	BRPF1	chr3	+							3488	97,122,99	30,18,28	53,56,66	28,19,37	251	149	0.00363705750618	0.0158849263731451	0.657,0.801,0.677	0.529,0.636,0.514	0.152					RI	chr3|+|9745572|9745930|9745572|9745709|9745811|9745930	0.0158849263731451	0.152	0.7116666666666667	0.5596666666666666	653					9745572	9745709	9745811	9745930								9745572	9745930	65,75,79,39,37,34	32,63,40,33,35,49	0,0,0,0,0,0	30,18,28,28,19,37						3488	chr3	+							3488	52,124,102	14,23,39	62,26,52	43,38,22	251	149	0.000893098597183	0.0048241703295063	0.688,0.762,0.608	0.461,0.289,0.584	0.241					0.0048241703295063	0.241	0.6859999999999999	0.4446666666666666	597					9745572	9745709	9745811	9745930								9745572	9745930	30,95,60,26,19,40	32,54,56,41,15,16	0,0,0,0,0,0	14,23,39,43,38,22						0.0158849263731451	0.152	3	+	9745572	9745930	9745572	9745709	9745811	9745930	358	0	3634	0	True	False	1.0		3634	1	True	True	3634	True	1.0	True	3	True	ENST00000672515;ENST00000682208;ENST00000683639	ENST00000672515;ENST00000682208;ENST00000683639	ENST00000383829;ENST00000424362;ENST00000433861;ENST00000457855;ENST00000497565;ENST00000672126;ENST00000673551;ENST00000682980;ENST00000683423;ENST00000683743;ENST00000683986;ENST00000684199;ENST00000684206;ENST00000684333;ENST00000684573;ENST00000684608	False	False	True	1.0	True	CDS	CDS	UFM1_independent
3493	ENSG00000125089	SH3TC1	chr4	+							3493	80,105,63	17,34,25	2,83,23	20,22,20	871	149	0.00277699511797	0.0127554562272599	0.446,0.346,0.301	0.017,0.392,0.164	0.173					RI	chr4|+|8235432|8237670|8235432|8235555|8236277|8237670	0.0127554562272599	0.173	0.3643333333333333	0.191	494					8235432	8235555	8236277	8237670								8235432	8237670	1,10,7,0,17,0	9,6,13,0,7,2	70,89,43,2,59,21	17,34,25,20,22,20						3493	chr4	+							3493	48,130,108	26,34,35	11,37,42	6,17,39	871	149	0.00627818054741	0.0243193921268819	0.24,0.395,0.345	0.239,0.271,0.156	0.105					0.0243193921268819	0.105	0.3266666666666666	0.222	533					8235432	8235555	8236277	8237670								8235432	8237670	17,12,11,0,6,6	0,24,17,1,3,22	31,94,80,10,28,14	26,34,35,6,17,39						0.0127554562272599	0.173	4	+	8235432	8237670	8235432	8235555	8236277	8237670	2238	0	2355	0	True	False	0.0		2355	0	False	False	2355	True	0.0	False	1	False	ENST00000502559	ENST00000502559	ENST00000245105;ENST00000457650;ENST00000502350;ENST00000502669;ENST00000506360;ENST00000508183;ENST00000508641;ENST00000511002;ENST00000513495;ENST00000515682;ENST00000682056;ENST00000682862;ENST00000684537;ENST00000684698	False	False	False	0.0	False	3UTR	3UTR	UFM1_independent
3501	ENSG00000129460	NGDN	chr14	+							3501	93,75,121	49,67,68	43,66,65	43,67,82	398	149	0.00249885810566	0.0116880228099978	0.415,0.295,0.4	0.272,0.269,0.229	0.113					RI	chr14|+|23475170|23475642|23475170|23475308|23475557|23475642	0.0116880228099978	0.113	0.37	0.2566666666666667	839					23475170	23475308	23475557	23475642								23475170	23475642	27,23,32,16,5,6	43,23,34,13,50,38	23,29,55,14,11,21	49,67,68,43,67,82						3501	chr14	+							3501	46,73,87	26,86,89	57,85,88	21,44,31	398	149	0.000185291151684	0.0012802897769103	0.398,0.241,0.268	0.504,0.42,0.515	-0.177					0.0012802897769103	-0.177	0.3023333333333333	0.4796666666666667	733					23475170	23475308	23475557	23475642								23475170	23475642	21,10,16,5,20,32	15,42,46,41,41,41	10,21,25,11,24,15	26,86,89,21,44,31						0.0116880228099978	0.113	14	+	23475170	23475642	23475170	23475308	23475557	23475642	472	0	1476	0	True	False	0.0		1476	0	False	False	1476	True	0.0	False	2	False	ENST00000553336;ENST00000703188	ENST00000553336;ENST00000703188	ENST00000397154;ENST00000408901;ENST00000553439;ENST00000555128;ENST00000556103;ENST00000556483;ENST00000556699;ENST00000703184;ENST00000703185;ENST00000703186;ENST00000703187;ENST00000703189;ENST00000703190;ENST00000703192;ENST00000703193;ENST00000703194;ENST00000703195;ENST00000703196;ENST00000703197;ENST00000703256;ENST00000703257;ENST00000703258	False	False	False	0.0	False	NonCoding	NonCoding	UFM1_independent
3546	ENSG00000141497	ZMYND15	chr17	+							3546	16,9,3	4,2,26	4,2,0	18,4,18	292	149	0.00121495634453	0.0065066483010113	0.671,0.697,0.056	0.102,0.203,0.0	0.373					RI	chr17|+|4743766|4744107|4743766|4743847|4743990|4744107	0.0065066483010113	0.373	0.4746666666666667	0.1016666666666666	106					4743766	4743847	4743990	4744107								4743766	4744107	11,0,3,0,0,0	5,9,0,4,2,0	0,0,0,0,0,0	4,2,26,18,4,18						3546	chr17	+							3546	0,15,29	5,10,27	1,3,1	9,7,6	292	149	0.0069509754448	0.0264504982426888	0.0,0.434,0.354	0.054,0.179,0.078	0.159					0.0264504982426888	0.159	0.2626666666666666	0.1036666666666666	113					4743766	4743847	4743990	4744107								4743766	4744107	0,11,19,1,0,1	0,4,4,0,3,0	0,0,6,0,0,0	5,10,27,9,7,6						0.0065066483010113	0.373	17	+	4743766	4744107	4743766	4743847	4743990	4744107	341	0	675	0	True	False	0.0		675	0	False	False	675	True	0.0	False	1	False	ENST00000574829	ENST00000574829	ENST00000269289;ENST00000433935;ENST00000571782;ENST00000573751;ENST00000592813	False	False	False	0.0	False	NonCoding	NonCoding	UFM1_independent
3554	ENSG00000155363	MOV10	chr1	+							3554	214,119,156	30,54,48	39,67,93	25,39,56	302	149	0.0015662747082	0.008003663758902	0.779,0.521,0.616	0.435,0.459,0.45	0.191					RI	chr1|+|112696147|112696534|112696147|112696283|112696436|112696534	0.008003663758902	0.191	0.6386666666666667	0.448	940					112696147	112696283	112696436	112696534								112696147	112696534	72,32,54,12,17,3	142,87,100,27,50,90	0,0,2,0,0,0	30,54,48,25,39,56						3554	chr1	+							3554	223,266,214	29,49,47	32,108,34	18,46,25	302	149	1.55277957492e-07	3.0726506054915e-06	0.791,0.728,0.692	0.467,0.537,0.402	0.268					3.0726506054915e-06	0.268	0.737	0.4686666666666667	1091					112696147	112696283	112696436	112696534								112696147	112696534	81,68,46,6,41,9	142,198,151,26,67,25	0,0,17,0,0,0	29,49,47,18,46,25						0.008003663758902	0.191	1	+	112696147	112696534	112696147	112696283	112696436	112696534	387	0	1212	0	True	False	0.0		1212	0	False	False	1212	True	0.0	False	1	False	ENST00000687333	ENST00000687333	ENST00000357443;ENST00000369644;ENST00000369645;ENST00000413052;ENST00000468624;ENST00000496577;ENST00000685268;ENST00000686097;ENST00000686428;ENST00000686923;ENST00000687509;ENST00000688698;ENST00000689955;ENST00000690243	False	False	False	0.0	False	3UTR	3UTR	UFM1_independent
3563	ENSG00000117632	STMN1	chr1	-							3563	1111,1316,1795	81,89,78	1293,1470,2556	58,40,91	2107	149	0.00146844033416	0.0075731506552305	0.492,0.511,0.619	0.612,0.722,0.665	-0.126					RI	chr1|-|25901490|25903813|25901490|25901682|25903640|25903813	0.0075731506552305	-0.126	0.5406666666666666	0.6663333333333333	9978					25901490	25901682	25903640	25903813								25901490	25903813	87,104,105,128,104,291	81,36,58,56,78,109	943,1176,1632,1109,1288,2156	81,89,78,58,40,91						3563	chr1	-							3563	790,1139,1687	65,71,125	1546,1283,1930	42,36,63	2107	149	1.57440727122e-11	7.32719564409758e-10	0.462,0.531,0.488	0.722,0.716,0.684	-0.214					7.32719564409758e-10	-0.214	0.4936666666666667	0.7073333333333334	8777					25901490	25901682	25903640	25903813								25901490	25903813	129,79,190,65,116,198	26,47,81,72,59,50	635,1013,1416,1409,1108,1682	65,71,125,42,36,63						0.0075731506552305	-0.126	1	-	25901490	25903813	25901490	25901682	25903640	25903813	2323	0	2069	0	True	False	2.0		2069	2	True	True	2069	True	2.0	True	1	False	ENST00000465604	ENST00000465604	ENST00000357865;ENST00000374291;ENST00000399728;ENST00000426559;ENST00000446334;ENST00000455785;ENST00000485226	False	False	False	0.0	False	NonCoding	NonCoding	UFM1_independent
3601	ENSG00000119707	RBM25	chr14	+							3601	12105,9951,11925	140,166,267	13959,12810,18646	46,32,81	3590	149	0.0	0.0	0.782,0.713,0.65	0.926,0.943,0.905	-0.21					RI	chr14|+|73099666|73103478|73099666|73099750|73103191|73103478	0.0	-0.21	0.715	0.9246666666666666	80128					73099666	73099750	73103191	73103478								73099666	73103478	485,250,311,429,304,458	889,895,1199,1140,1178,1634	10731,8806,10415,12390,11328,16554	140,166,267,46,32,81						3601	chr14	+							3601	7616,9095,11774	102,249,176	13491,12380,13039	54,84,50	3590	149	3.33066907388e-16	3.35231842286022e-14	0.756,0.603,0.735	0.912,0.859,0.915	-0.197					3.35231842286022e-14	-0.197	0.698	0.8953333333333333	68110					73099666	73099750	73103191	73103478								73099666	73103478	232,212,303,339,352,300	791,973,1262,1276,1158,1287	6593,7910,10209,11876,10870,11452	102,249,176,54,84,50						0.0	-0.21	14	+	73099666	73103478	73099666	73099750	73103191	73103478	3812	0	1057	0	True	False	1.0		1057	1	True	True	1057	True	1.0	True	1	False	ENST00000532683	ENST00000532683	ENST00000261973;ENST00000525321;ENST00000526754;ENST00000527432;ENST00000528081;ENST00000532192	False	False	False	0.0	False	Stop_Codon	Stop_Codon	UFM1_independent
3602	ENSG00000119707	RBM25	chr14	+							3602	1909,1647,2207	448,472,759	1531,1778,2339	713,691,1121	521	149	9.07466033717e-06	0.00010277013581943	0.549,0.499,0.454	0.38,0.424,0.374	0.108					RI	chr14|+|73110830|73111802|73110830|73111155|73111527|73111802	0.00010277013581943	0.108	0.5006666666666667	0.3926666666666666	15615					73110830	73111155	73111527	73111802								73110830	73111802	303,246,339,218,327,404	1031,814,1134,745,824,981	575,587,734,568,627,954	448,472,759,713,691,1121						3602	chr14	+							3602	1256,1681,2258	434,533,761	1587,1502,1615	752,772,848	521	149	4.14012752814e-06	5.176445164065726e-05	0.453,0.474,0.459	0.376,0.357,0.353	0.1					5.176445164065726e-05	0.1	0.462	0.362	13999					73110830	73111155	73111527	73111802								73110830	73111802	179,209,379,286,225,271	701,778,1168,776,700,838	376,694,711,525,577,506	434,533,761,752,772,848						0.00010277013581943	0.108	14	+	73110830	73111802	73110830	73111155	73111527	73111802	972	0	1200	0	True	False	0.0		1200	0	False	False	1200	True	0.0	False	2	False	ENST00000527449;ENST00000532683	ENST00000527449;ENST00000532683	ENST00000261973;ENST00000527432;ENST00000528081;ENST00000530978;ENST00000532483	False	False	False	0.0	False	3UTR	3UTR	UFM1_independent
3658	ENSG00000072274	TFRC	chr3	-							3658	249,202,163	114,123,83	513,317,522	162,66,106	1976	149	1.60680935224e-09	5.158615155987267e-08	0.141,0.11,0.129	0.193,0.266,0.271	-0.117					RI	chr3|-|196069454|196071498|196069454|196069568|196071395|196071498	5.158615155987267e-08	-0.117	0.1266666666666666	0.2433333333333333	2620					196069454	196069568	196071395	196071498								196069454	196071498	17,17,20,46,41,68	24,21,31,45,17,51	208,164,112,422,259,403	114,123,83,162,66,106						3658	chr3	-							3658	241,182,263	87,200,110	553,240,419	84,108,77	1976	149	5.49491095514e-06	6.650053558735564e-05	0.173,0.064,0.153	0.332,0.144,0.291	-0.126					6.650053558735564e-05	-0.126	0.13	0.2556666666666666	2564					196069454	196069568	196071395	196071498								196069454	196071498	38,26,26,33,33,54	25,27,22,94,17,58	178,129,215,426,190,307	87,200,110,84,108,77						5.158615155987267e-08	-0.117	3	-	196069454	196071498	196069454	196069568	196071395	196071498	2044	0	2081	0	True	False	2.0		2081	2	True	True	2081	True	2.0	True	1	False	ENST00000698292	ENST00000698292	ENST00000360110;ENST00000392396;ENST00000420415;ENST00000421258;ENST00000426789;ENST00000475593;ENST00000477148;ENST00000491658;ENST00000698274;ENST00000698275;ENST00000698280;ENST00000698281;ENST00000698282;ENST00000698283;ENST00000698284;ENST00000698285;ENST00000698286;ENST00000698287;ENST00000698288;ENST00000698289;ENST00000698290;ENST00000698291;ENST00000698293;ENST00000698294;ENST00000698295;ENST00000698296	False	False	False	0.0	False	Stop_Codon	Stop_Codon	UFM1_independent
3691	ENSG00000136068	FLNB	chr3	+							3691	759,543,937	79,115,197	807,665,1067	53,61,75	2048	149	3.65576731343e-06	4.810550464796729e-05	0.411,0.256,0.257	0.526,0.442,0.509	-0.184					RI	chr3|+|58130740|58132931|58130740|58130908|58132807|58132931	4.810550464796729e-05	-0.184	0.308	0.4923333333333333	5358					58130740	58130908	58132807	58132931								58130740	58132931	47,14,26,31,13,17	85,60,100,76,58,130	627,469,811,700,594,920	79,115,197,53,61,75						3691	chr3	+							3691	575,711,1064	189,200,171	846,804,880	38,44,66	2048	149	0.0	0.0	0.181,0.205,0.312	0.618,0.571,0.492	-0.328					0.0	-0.328	0.2326666666666666	0.5603333333333333	5588					58130740	58130908	58132807	58132931								58130740	58132931	6,19,33,26,25,29	59,63,121,80,82,124	510,629,910,740,697,727	189,200,171,38,44,66						4.810550464796729e-05	-0.184	3	+	58130740	58132931	58130740	58130908	58132807	58132931	2191	0	2323	0	True	False	1.0		2323	1	True	True	2323	True	1.0	True	1	False	ENST00000682868	ENST00000682868	ENST00000295956;ENST00000358537;ENST00000429972;ENST00000481470;ENST00000490882;ENST00000493452;ENST00000682297;ENST00000682871;ENST00000684506;ENST00000684607	False	False	False	0.0	False	CDS	CDS	UFM1_independent
3828	ENSG00000003756	RBM5	chr3	+							3828	1764,1620,1500	43,63,62	1212,1074,1208	96,89,81	2626	149	1.32146094955e-07	2.5806364785479616e-06	0.699,0.593,0.579	0.417,0.406,0.458	0.197					RI	chr3|+|50100531|50103166|50100531|50100605|50103082|50103166	2.5806364785479616e-06	0.197	0.6236666666666666	0.427	8812					50100531	50100605	50103082	50103166								50100531	50103166	146,150,96,85,74,91	90,64,100,37,62,73	1528,1406,1304,1090,938,1044	43,63,62,96,89,81						3828	chr3	+							3828	1294,1656,1550	50,62,49	1137,953,1085	78,72,92	2626	149	8.22084089691e-09	2.1870333998431497e-07	0.595,0.602,0.642	0.453,0.429,0.401	0.185					2.1870333998431497e-07	0.185	0.613	0.4276666666666667	8078					50100531	50100605	50103082	50103166								50100531	50103166	76,127,101,60,69,46	59,50,75,87,55,32	1159,1479,1374,990,829,1007	50,62,49,78,72,92						2.5806364785479616e-06	0.197	3	+	50100531	50103166	50100531	50100605	50103082	50103166	2635	0	257	0	True	False	2.0		257	2	True	True	257	True	2.0	True	1	False	ENST00000464087	ENST00000464087	ENST00000347869;ENST00000395174;ENST00000404526;ENST00000462025;ENST00000469838;ENST00000496179	False	False	False	0.0	False	3UTR	3UTR	UFM1_independent
3843	ENSG00000025708	TYMP	chr22	-							3843	16,12,15	4,8,21	5,4,0	12,14,27	253	149	8.70389702468e-06	9.957518014055552e-05	0.702,0.469,0.296	0.197,0.144,0.0	0.375					RI	chr22|-|50526000|50526476|50526000|50526141|50526245|50526476	9.957518014055552e-05	0.375	0.489	0.1136666666666666	138					50526000	50526141	50526245	50526476								50526000	50526476	8,4,8,5,2,0	8,8,8,0,2,0	0,0,0,0,0,0	4,8,21,12,14,27						3843	chr22	-							3843	22,3,20	41,28,27	2,0,3	11,9,22	253	149	0.00073550942704	0.0040787340954036	0.24,0.059,0.304	0.097,0.0,0.074	0.144					0.0040787340954036	0.144	0.2009999999999999	0.057	188					50526000	50526141	50526245	50526476								50526000	50526476	6,2,16,2,0,0	16,1,6,2,0,3	0,0,0,0,0,0	41,28,27,11,9,22						9.957518014055552e-05	0.375	22	-	50526000	50526476	50526000	50526141	50526245	50526476	476	0	2974	0	True	False	1.0		2974	1	True	True	2974	True	1.0	True	1	False	ENST00000476284	ENST00000476284	ENST00000252029;ENST00000395678;ENST00000395680;ENST00000395681;ENST00000425169;ENST00000487577;ENST00000650719;ENST00000651401;ENST00000651490;ENST00000652401	False	False	False	0.0	False	CDS	CDS	UFM1_independent
3862	ENSG00000115657	ABCB6	chr2	-							3862	244,265,208	54,65,57	15,21,76	43,44,68	384	149	0.0	0.0	0.637,0.613,0.586	0.119,0.156,0.302	0.42					RI	chr2|-|219210380|219210823|219210380|219210475|219210710|219210823	0.0	0.42	0.612	0.1923333333333333	1160					219210380	219210475	219210710	219210823								219210380	219210823	117,163,80,7,8,35	66,33,54,5,9,17	61,69,74,3,4,24	54,65,57,43,44,68						3862	chr2	-							3862	152,308,225	59,85,81	38,76,88	41,47,53	384	149	2.83878263052e-05	0.00026955044505833	0.5,0.584,0.519	0.265,0.386,0.392	0.187					0.00026955044505833	0.187	0.5343333333333333	0.3476666666666667	1253					219210380	219210475	219210710	219210823								219210380	219210823	81,128,95,8,33,25	43,66,60,25,19,24	28,114,70,5,24,39	59,85,81,41,47,53						0.0	0.42	2	-	219210380	219210823	219210380	219210475	219210710	219210823	443	0	416	0	True	False	2.0		416	2	True	True	416	True	2.0	True	1	False	ENST00000485773	ENST00000485773	ENST00000265316;ENST00000295750;ENST00000443805;ENST00000487380;ENST00000492543;ENST00000497882	False	False	False	0.0	False	3UTR	3UTR	UFM1_independent
3876	ENSG00000175110	MRPS22	chr3	+							3876	585,420,443	69,32,55	508,399,667	18,32,30	2003	149	0.00132498329937	0.006932421153359	0.387,0.494,0.375	0.677,0.481,0.623	-0.175					RI	chr3|+|139348159|139351060|139348159|139348324|139350178|139351060	0.006932421153359	-0.175	0.4186666666666667	0.5936666666666667	3258					139348159	139348324	139350178	139351060								139348159	139351060	71,17,52,23,28,21	66,61,50,21,30,64	448,342,341,464,341,582	69,32,55,18,32,30						3876	chr3	+							3876	255,363,463	26,83,53	411,494,502	5,25,36	2003	149	0.00019623072928	0.001340540015975	0.422,0.245,0.394	0.859,0.595,0.509	-0.301					0.001340540015975	-0.301	0.3536666666666667	0.6543333333333333	2716					139348159	139348324	139350178	139351060								139348159	139351060	4,28,32,19,12,28	50,17,37,56,28,30	201,318,394,336,454,444	26,83,53,5,25,36						0.006932421153359	-0.175	3	+	139348159	139351060	139348159	139348324	139350178	139351060	2901	0	4928	0	True	False	2.0		4928	2	True	True	4928	True	2.0	True	1	False	ENST00000692727	ENST00000692727	ENST00000310776;ENST00000465373;ENST00000466690;ENST00000478464;ENST00000480644;ENST00000480938;ENST00000483545;ENST00000486705;ENST00000492644;ENST00000495075;ENST00000498505;ENST00000680020;ENST00000684961;ENST00000686433;ENST00000687538;ENST00000688697;ENST00000689286;ENST00000689925;ENST00000690298;ENST00000691070;ENST00000693155	False	False	False	0.0	False	Stop_Codon	Stop_Codon	UFM1_independent
3938	ENSG00000174915	PTDSS2	chr11	+							3938	7,18,13	5,4,33	4,4,4	16,8,31	627	149	0.00046775101851	0.0029939971247425	0.25,0.517,0.086	0.056,0.106,0.03	0.22					RI	chr11|+|490419|491399|490419|490642|491120|491399	0.0029939971247425	0.22	0.2843333333333333	0.064	147					490419	490642	491120	491399								490419	491399	6,18,11,4,2,1	0,0,0,0,0,1	1,0,2,0,2,2	5,4,33,16,8,31						3938	chr11	+							3938	14,12,23	6,23,16	4,0,5	21,6,10	627	149	9.46648927854e-05	0.00072825641723698	0.357,0.11,0.255	0.043,0.0,0.106	0.191					0.00072825641723698	0.191	0.2406666666666666	0.0496666666666666	140					490419	490642	491120	491399								490419	491399	8,10,19,4,0,3	0,0,0,0,0,2	6,2,4,0,0,0	6,23,16,21,6,10						0.0029939971247425	0.22	11	+	490419	491399	490419	490642	491120	491399	980	0	160	0	True	False	1.0		160	1	True	True	160	True	1.0	True	1	True	ENST00000308020	ENST00000308020	ENST00000526878;ENST00000530029;ENST00000531411	False	True	True	1.0	False	3UTR	3UTR	UFM1_independent
3962	ENSG00000115486	GGCX	chr2	-							3962	77,104,111	29,72,36	27,24,60	38,46,40	350	149	0.000395606578752	0.0026112589245503	0.531,0.381,0.568	0.232,0.182,0.39	0.225					RI	chr2|-|85551479|85552567|85551479|85551610|85551811|85552567	0.0026112589245503	0.225	0.4933333333333333	0.268	664					85551479	85551610	85551811	85552567								85551479	85552567	77,92,102,27,23,55	0,12,9,0,1,3	0,0,0,0,0,2	29,72,36,38,46,40						3962	chr2	-							3962	100,105,107	52,67,84	42,19,40	53,27,31	350	149	0.0078510490291	0.0292593500944407	0.45,0.4,0.352	0.252,0.231,0.355	0.121					0.0292593500944407	0.121	0.4006666666666666	0.2793333333333333	727					85551479	85551610	85551811	85552567								85551479	85552567	88,104,107,36,19,28	12,1,0,6,0,12	0,0,0,0,0,0	52,67,84,53,27,31						0.0026112589245503	0.225	2	-	85551479	85552567	85551479	85551610	85551811	85552567	1088	0	2895	0	True	False	0.0		2895	0	False	False	2895	True	0.0	False	1	False	ENST00000685865	ENST00000685865	ENST00000233838;ENST00000430215;ENST00000465637;ENST00000473665;ENST00000482662;ENST00000687250;ENST00000687995;ENST00000688205;ENST00000688788;ENST00000689276;ENST00000689576;ENST00000690108;ENST00000690468;ENST00000690595;ENST00000691348;ENST00000691410;ENST00000693287;ENST00000693354;ENST00000693681	False	False	False	0.0	False	3UTR	3UTR	UFM1_independent
3992	ENSG00000135297	MTO1	chr6	+							3992	27,36,29	8,0,0	17,36,33	0,0,0	315	149	0.00169465999483	0.0085038094012254	0.615,1.0,1.0	1.0,1.0,1.0	-0.128					RI	chr6|+|73479935|73480367|73479935|73480126|73480292|73480367	0.0085038094012254	-0.128	0.8716666666666667	1.0	186					73479935	73480126	73480292	73480367								73479935	73480367	8,9,16,3,4,16	4,19,8,3,6,11	15,8,5,11,26,6	8,0,0,0,0,0						3992	chr6	+							3992	21,39,47	7,0,12	39,38,10	0,0,0	315	149	4.22616926232e-07	7.312847041590396e-06	0.587,1.0,0.649	1.0,1.0,1.0	-0.255					7.312847041590396e-06	-0.255	0.7453333333333333	1.0	213					73479935	73480126	73480292	73480367								73479935	73480367	5,14,24,17,8,8	16,19,10,2,7,2	0,6,13,20,23,0	7,0,12,0,0,0						0.0085038094012254	-0.128	6	+	73479935	73480367	73479935	73480126	73480292	73480367	432	0	5660	0	True	False	2.0		5660	2	True	True	5660	True	2.0	True	14	False	ENST00000462039;ENST00000487960;ENST00000679352;ENST00000679411;ENST00000679612;ENST00000679730;ENST00000679993;ENST00000680266;ENST00000680350;ENST00000680570;ENST00000680758;ENST00000680794;ENST00000681212;ENST00000681284	ENST00000462039;ENST00000487960;ENST00000679352;ENST00000679411;ENST00000679612;ENST00000679730;ENST00000679993;ENST00000680266;ENST00000680350;ENST00000680570;ENST00000680758;ENST00000680794;ENST00000681212;ENST00000681284	ENST00000370300;ENST00000370305;ENST00000370308;ENST00000415228;ENST00000415954;ENST00000442897;ENST00000445187;ENST00000466977;ENST00000498286;ENST00000521156;ENST00000522205;ENST00000523763;ENST00000524046;ENST00000679364;ENST00000679418;ENST00000679524;ENST00000679591;ENST00000679592;ENST00000679604;ENST00000679627;ENST00000679675;ENST00000679808;ENST00000679870;ENST00000679900;ENST00000679905;ENST00000679947;ENST00000680034;ENST00000680131;ENST00000680195;ENST00000680238;ENST00000680289;ENST00000680405;ENST00000680428;ENST00000680544;ENST00000680563;ENST00000680601;ENST00000680609;ENST00000680686;ENST00000680775;ENST00000680841;ENST00000680875;ENST00000680902;ENST00000681094;ENST00000681141;ENST00000681165;ENST00000681204;ENST00000681254;ENST00000681267;ENST00000681294;ENST00000681337;ENST00000681438;ENST00000681500;ENST00000681509;ENST00000681579;ENST00000681610;ENST00000681620;ENST00000681624;ENST00000681691;ENST00000681705;ENST00000681890;ENST00000681932	False	False	False	0.0	False	3UTR	3UTR	UFM1_independent
3996	ENSG00000232859	LYRM9	chr17	-							3996	26,18,34	0,0,0	31,37,20	3,0,9	932	149	2.70703000671e-06	3.705247321684312e-05	1.0,1.0,1.0	0.623,1.0,0.262	0.372					RI	chr17|-|27878357|27880366|27878357|27879490|27880273|27880366	3.705247321684312e-05	0.372	1.0	0.6283333333333333	178					27878357	27879490	27880273	27880366								27878357	27880366	4,0,1,4,0,4	8,0,0,6,9,8	14,18,33,21,28,8	0,0,0,3,0,9						3996	chr17	-							3996	28,57,60	4,0,6	6,66,19	4,6,10	932	149	0.0130569612732	0.0441989849376988	0.528,1.0,0.615	0.193,0.637,0.233	0.36					0.0441989849376988	0.36	0.7143333333333334	0.3543333333333333	266					27878357	27879490	27880273	27880366								27878357	27880366	0,0,7,0,0,0	8,9,10,1,3,0	20,48,43,5,63,19	4,0,6,4,6,10						3.705247321684312e-05	0.372	17	-	27878357	27880366	27878357	27879490	27880273	27880366	2009	0	630	0	True	False	0.0		630	0	False	False	630	True	0.0	False	1	True	ENST00000460380	ENST00000460380	ENST00000379102;ENST00000379103;ENST00000503642;ENST00000508862	False	True	False	0.0	False	Stop_Codon	Stop_Codon	UFM1_independent
4019	ENSG00000119977	TCTN3	chr10	-							4019	17,20,33	16,41,9	16,19,37	0,2,1	490	149	6.68582633701e-09	1.8720313743628e-07	0.244,0.129,0.527	1.0,0.743,0.918	-0.587					RI	chr10|-|95683100|95683629|95683100|95683180|95683521|95683629	1.8720313743628e-07	-0.587	0.3	0.887	211					95683100	95683180	95683521	95683629								95683100	95683629	9,5,13,11,10,13	3,0,0,0,4,7	5,15,20,5,5,17	16,41,9,0,2,1						4019	chr10	-							4019	16,26,9	6,20,4	10,17,14	0,0,0	490	149	9.27036225562e-12	4.4786974129351336e-10	0.448,0.283,0.406	1.0,1.0,1.0	-0.621					4.4786974129351336e-10	-0.621	0.379	1.0	122					95683100	95683180	95683521	95683629								95683100	95683629	4,1,0,7,10,11	0,10,2,0,2,0	12,15,7,3,5,3	6,20,4,0,0,0						1.8720313743628e-07	-0.587	10	-	95683100	95683629	95683100	95683180	95683521	95683629	529	0	1515	0	True	False	0.0		1515	0	False	False	1515	True	0.0	False	1	False	ENST00000681739	ENST00000681739	ENST00000265993;ENST00000371209;ENST00000371217;ENST00000430368;ENST00000614499;ENST00000679485;ENST00000679984;ENST00000680144;ENST00000680353;ENST00000680697;ENST00000680709;ENST00000681928	False	False	False	0.0	False	Stop_Codon	Stop_Codon	UFM1_independent
4036	ENSG00000072110	ACTN1	chr14	-							4036	3596,2501,3586	423,362,394	4006,3562,4474	241,193,295	1897	149	5.5622173533699996e-14	4.547668908115312e-12	0.4,0.352,0.417	0.566,0.592,0.544	-0.178					RI	chr14|-|68877081|68879069|68877081|68877240|68878988|68879069	4.547668908115312e-12	-0.178	0.3896666666666666	0.5673333333333334	23633					68877081	68877240	68878988	68879069								68877081	68879069	341,240,304,321,297,298	166,50,119,129,165,163	3089,2211,3163,3556,3100,4013	423,362,394,241,193,295						4036	chr14	-							4036	2905,2710,3929	516,534,526	3511,3004,3512	226,122,227	1897	149	0.0	0.0	0.307,0.285,0.37	0.55,0.659,0.549	-0.265					0.0	-0.265	0.3206666666666666	0.5860000000000001	21722					68877081	68877240	68878988	68879069								68877081	68879069	218,231,280,268,309,335	119,103,125,153,135,113	2568,2376,3524,3090,2560,3064	516,534,526,226,122,227						4.547668908115312e-12	-0.178	14	-	68877081	68879069	68877081	68877240	68878988	68879069	1988	0	4089	0	True	False	0.0		4089	0	False	False	4089	True	0.0	False	1	False	ENST00000682378	ENST00000682378	ENST00000193403;ENST00000376839;ENST00000394419;ENST00000438964;ENST00000538545;ENST00000544964;ENST00000553290;ENST00000553882;ENST00000555075;ENST00000556083;ENST00000679147;ENST00000682130;ENST00000682291;ENST00000682298;ENST00000682331;ENST00000682381;ENST00000682522;ENST00000682559;ENST00000683069;ENST00000683198;ENST00000683225;ENST00000683267;ENST00000683342;ENST00000683780;ENST00000684146;ENST00000684182;ENST00000684287;ENST00000684340;ENST00000684598;ENST00000684638;ENST00000684639;ENST00000684713	False	False	False	0.0	False	CDS	CDS	UFM1_independent
4065	ENSG00000117155	SSX2IP	chr1	-							4065	44,5,15	19,27,16	3,6,1	21,11,9	228	149	0.0121870748903	0.0419273050862692	0.602,0.108,0.38	0.085,0.263,0.068	0.225					RI	chr1|-|84662197|84662530|84662197|84662375|84662454|84662530	0.0419273050862692	0.225	0.3633333333333333	0.1386666666666666	177					84662197	84662375	84662454	84662530								84662197	84662530	33,2,11,2,6,1	15,5,4,1,5,0	0,0,0,0,0,0	19,27,16,21,11,9						4065	chr1	-							4065	2,4,24	10,26,31	7,0,0	18,10,21	228	149	0.014370259998	0.0475778509473256	0.116,0.091,0.336	0.203,0.0,0.0	0.113					0.0475778509473256	0.113	0.181	0.0676666666666666	153					84662197	84662375	84662454	84662530								84662197	84662530	0,4,10,6,0,0	2,3,19,4,0,0	0,0,0,0,0,0	10,26,31,18,10,21						0.0419273050862692	0.225	1	-	84662197	84662530	84662197	84662375	84662454	84662530	333	0	1270	0	True	False	1.0		1270	1	True	True	1270	True	1.0	True	1	False	ENST00000460500	ENST00000460500	ENST00000342203;ENST00000437941;ENST00000476905;ENST00000481102;ENST00000603677;ENST00000605755	False	False	False	0.0	False	3UTR	3UTR	UFM1_independent
4106	ENSG00000117410	ATP6V0B	chr1	+							4106	451,544,447	74,112,122	185,157,238	64,73,94	359	149	1.05017546482e-05	0.0001158574383195	0.717,0.668,0.603	0.545,0.472,0.512	0.153					RI	chr1|+|43976301|43976659|43976301|43976379|43976589|43976659	0.0001158574383195	0.153	0.6626666666666666	0.5096666666666667	2561					43976301	43976379	43976589	43976659								43976301	43976659	117,172,97,23,28,50	151,282,224,116,88,120	183,90,126,46,41,68	74,112,122,64,73,94						4106	chr1	+							4106	347,416,417	40,202,74	135,100,202	47,60,102	359	149	0.0078098371538	0.0291493242100112	0.783,0.461,0.7	0.544,0.409,0.451	0.18					0.0291493242100112	0.18	0.648	0.468	2142					43976301	43976379	43976589	43976659								43976301	43976659	108,89,120,42,28,27	170,212,202,55,60,97	69,115,95,38,12,78	40,202,74,47,60,102						0.0001158574383195	0.153	1	+	43976301	43976659	43976301	43976379	43976589	43976659	358	0	888	0	True	False	0.0		888	0	False	False	888	True	0.0	False	1	False	ENST00000496131	ENST00000496131	ENST00000236067;ENST00000461670;ENST00000468183;ENST00000471859;ENST00000472174;ENST00000472277;ENST00000472505;ENST00000473485;ENST00000498208;ENST00000498664;ENST00000532072;ENST00000532642	False	False	False	0.0	False	3UTR	3UTR	UFM1_independent
4144	ENSG00000163161	ERCC3	chr2	-							4144	311,348,228	101,90,81	152,132,187	73,95,101	336	149	1.0669158321e-05	0.00011745651494501	0.577,0.632,0.555	0.48,0.381,0.451	0.151					RI	chr2|-|127289336|127289824|127289336|127289501|127289688|127289824	0.00011745651494501	0.151	0.588	0.4373333333333333	1899					127289336	127289501	127289688	127289824								127289336	127289824	91,134,94,96,57,95	161,167,109,49,62,74	59,47,25,7,13,18	101,90,81,73,95,101						4144	chr2	-							4144	262,329,414	78,155,126	148,184,163	92,123,135	336	149	1.83577054724e-06	2.5842000780378465e-05	0.598,0.485,0.593	0.416,0.399,0.349	0.171					2.5842000780378465e-05	0.171	0.5586666666666666	0.388	2209					127289336	127289501	127289688	127289824								127289336	127289824	93,131,199,60,103,79	141,127,174,62,61,71	28,71,41,26,20,13	78,155,126,92,123,135						0.00011745651494501	0.151	2	-	127289336	127289824	127289336	127289501	127289688	127289824	488	0	1833	0	True	False	0.0		1833	0	False	False	1833	True	0.0	False	1	False	ENST00000494464	ENST00000494464	ENST00000285398;ENST00000426778;ENST00000445889;ENST00000456257;ENST00000460485;ENST00000462306;ENST00000642308;ENST00000643982;ENST00000644317;ENST00000645233;ENST00000645467;ENST00000645736;ENST00000646042;ENST00000646654;ENST00000647169;ENST00000647496	False	False	False	0.0	False	CDS	CDS	UFM1_independent
4161	ENSG00000197841	ZNF181	chr19	+							4161	19,41,10	7,4,0	28,8,25	8,9,28	403	149	0.00380095370894	0.0164716948008622	0.501,0.791,1.0	0.564,0.247,0.248	0.411					RI	chr19|+|34739147|34739621|34739147|34739268|34739522|34739621	0.0164716948008622	0.411	0.764	0.353	187					34739147	34739268	34739522	34739621								34739147	34739621	12,9,4,11,1,9	5,5,6,17,3,5	2,27,0,0,4,11	7,4,0,8,9,28						4161	chr19	+							4161	0,17,9	15,4,23	14,6,39	2,0,12	403	149	0.000555772470716	0.0032365573294637	0.0,0.611,0.126	0.721,1.0,0.546	-0.51					0.0032365573294637	-0.51	0.2456666666666666	0.7556666666666667	141					34739147	34739268	34739522	34739621								34739147	34739621	0,0,0,12,3,9	0,15,5,2,2,15	0,2,4,0,1,15	15,4,23,2,0,12						0.0164716948008622	0.411	19	+	34739147	34739621	34739147	34739268	34739522	34739621	474	0	1298	0	True	False	2.0		1298	2	True	True	1298	True	2.0	True	1	False	ENST00000448715	ENST00000448715	ENST00000392232;ENST00000459757;ENST00000492450;ENST00000593781;ENST00000595708;ENST00000599244	False	False	False	0.0	False	NonCoding	NonCoding	UFM1_independent
4166	ENSG00000167861	HID1	chr17	-							4166	66,68,87	17,8,28	20,49,63	20,21,24	343	149	0.010562059132	0.0373079185469032	0.628,0.787,0.574	0.303,0.503,0.533	0.217					RI	chr17|-|74958326|74958763|74958326|74958478|74958672|74958763	0.0373079185469032	0.217	0.663	0.4463333333333333	471					74958326	74958478	74958672	74958763								74958326	74958763	11,24,33,4,2,21	55,22,51,16,25,34	0,22,3,0,22,8	17,8,28,20,21,24						4166	chr17	-							4166	51,71,137	19,25,48	32,49,66	41,20,45	343	149	0.00862265260784	0.0315568779325502	0.538,0.552,0.554	0.253,0.516,0.389	0.162					0.0315568779325502	0.162	0.548	0.386	604					74958326	74958478	74958672	74958763								74958326	74958763	0,11,63,9,8,9	51,58,51,15,32,45	0,2,23,8,9,12	19,25,48,41,20,45						0.0373079185469032	0.217	17	-	74958326	74958763	74958326	74958478	74958672	74958763	437	0	486	0	True	False	0.0		486	0	False	False	486	True	0.0	False	1	False	ENST00000532894	ENST00000532894	ENST00000318565;ENST00000425042;ENST00000534480;ENST00000583244	False	False	False	0.0	False	3UTR	3UTR	UFM1_independent
4172	ENSG00000095066	HOOK2	chr19	-							4172	14,3,6	25,16,23	11,29,18	25,15,15	219	149	0.00615074683687	0.0240538135227594	0.276,0.113,0.151	0.23,0.568,0.449	-0.236					RI	chr19|-|12774668|12774897|12774668|12774741|12774811|12774897	0.0240538135227594	-0.236	0.18	0.4156666666666666	200					12774668	12774741	12774811	12774897								12774668	12774897	14,2,6,10,19,17	11,3,0,2,16,8	0,0,0,0,0,0	25,16,23,25,15,15						4172	chr19	-							4172	7,20,42	21,13,23	7,8,5	28,18,10	219	149	0.0099252225395	0.0351133092654015	0.185,0.511,0.554	0.145,0.232,0.254	0.206					0.0351133092654015	0.206	0.4166666666666667	0.2103333333333333	202					12774668	12774741	12774811	12774897								12774668	12774897	7,20,24,6,2,2	5,2,19,2,7,5	0,0,0,0,0,0	21,13,23,28,18,10						0.0240538135227594	-0.236	19	-	12774668	12774897	12774668	12774741	12774811	12774897	229	0	636	0	True	False	0.0		636	0	False	False	636	True	0.0	False	1	False	ENST00000586284	ENST00000586284	ENST00000264827;ENST00000397668;ENST00000586719;ENST00000587178;ENST00000589134;ENST00000589400;ENST00000589765;ENST00000589965;ENST00000590839;ENST00000591251;ENST00000591641;ENST00000592079;ENST00000592512;ENST00000592808;ENST00000593143;ENST00000678590	False	False	False	0.0	False	5UTR	5UTR	UFM1_independent
4199	ENSG00000138074	SLC5A6	chr2	-							4199	776,855,814	185,183,153	324,451,290	150,220,199	501	149	1.55431223448e-15	1.5372649390050581e-13	0.555,0.582,0.613	0.391,0.379,0.302	0.226					RI	chr2|-|27202812|27203345|27202812|27202880|27203232|27203345	1.5372649390050581e-13	0.226	0.5833333333333334	0.3573333333333333	4600					27202812	27202880	27203232	27203345								27202812	27203345	244,211,214,92,97,107	156,278,229,101,104,83	376,366,371,131,250,100	185,183,153,150,220,199						4199	chr2	-							4199	648,811,867	177,123,260	226,438,338	152,142,148	501	149	0.000767934963078	0.0042429636249112	0.521,0.662,0.498	0.307,0.478,0.404	0.164					0.0042429636249112	0.164	0.5603333333333333	0.3963333333333333	4330					27202812	27202880	27203232	27203345								27202812	27203345	158,224,170,60,111,100	170,179,189,62,117,82	320,408,508,104,210,156	177,123,260,152,142,148						1.5372649390050581e-13	0.226	2	-	27202812	27203345	27202812	27202880	27203232	27203345	533	0	362	0	True	False	2.0		362	2	True	True	362	True	2.0	True	1	False	ENST00000488743	ENST00000488743	ENST00000310574;ENST00000408041;ENST00000461319;ENST00000461757;ENST00000476319;ENST00000481751;ENST00000492069	False	False	False	0.0	False	3UTR	3UTR	UFM1_independent
4211	ENSG00000090539	CHRD	chr3	+							4211	34,9,37	4,0,0	17,2,14	6,3,10	834	149	9.71765449709e-06	0.00010834301341119	0.603,1.0,1.0	0.336,0.106,0.2	0.654					RI	chr3|+|184386045|184386938|184386045|184386159|184386844|184386938	0.00010834301341119	0.654	0.8676666666666667	0.214	136					184386045	184386159	184386844	184386938								184386045	184386938	0,1,4,0,0,8	0,4,0,0,0,0	34,4,33,17,2,6	4,0,0,6,3,10						4211	chr3	+							4211	15,14,39	0,0,0	6,15,17	0,6,0	834	149	0.00767983332249	0.028788648935144	1.0,1.0,1.0	1.0,0.309,1.0	0.23					0.028788648935144	0.23	1.0	0.7696666666666667	112					184386045	184386159	184386844	184386938								184386045	184386938	0,0,2,0,0,2	0,5,0,0,12,1	15,9,37,6,3,14	0,0,0,0,6,0						0.00010834301341119	0.654	3	+	184386045	184386938	184386045	184386159	184386844	184386938	893	0	1416	0	True	False	0.0		1416	0	False	False	1416	True	0.0	False	1	False	ENST00000460627	ENST00000460627	ENST00000204604;ENST00000348986;ENST00000420973;ENST00000448472;ENST00000450923;ENST00000464833;ENST00000470150	False	False	False	0.0	False	CDS	CDS	UFM1_independent
4222	ENSG00000132275	RRP8	chr11	-							4222	12,27,62	7,29,28	33,28,22	43,41,66	242	149	0.000659340082373	0.0039637974363835	0.513,0.364,0.577	0.321,0.296,0.17	0.222					RI	chr11|-|6600925|6601602|6600925|6601055|6601148|6601602	0.0039637974363835	0.222	0.4846666666666666	0.2623333333333333	398					6600925	6601055	6601148	6601602								6600925	6601602	7,16,53,21,25,21	5,19,27,5,3,4	0,0,0,10,0,0	7,29,28,43,41,66						4222	chr11	-							4222	18,10,8	37,62,53	16,13,32	38,36,29	242	149	0.00621561413206	0.0241700539237027	0.23,0.09,0.085	0.206,0.182,0.405	-0.129					0.0241700539237027	-0.129	0.135	0.2643333333333333	352					6600925	6601055	6601148	6601602								6600925	6601602	9,9,2,8,9,22	9,6,8,8,9,17	0,0,0,0,0,0	37,62,53,38,36,29						0.0039637974363835	0.222	11	-	6600925	6601602	6600925	6601055	6601148	6601602	677	0	1039	0	True	False	1.0		1039	1	True	True	1039	True	1.0	True	1	True	ENST00000533907	ENST00000533907	ENST00000254605;ENST00000526352;ENST00000530762;ENST00000534343	False	True	True	1.0	False	Stop_Codon	Stop_Codon	UFM1_independent
4312	ENSG00000135424	ITGA7	chr12	-							4312	54,27,75	125,135,144	19,4,13	107,154,158	231	149	1.67885705338e-11	8.106103504981228e-10	0.218,0.114,0.251	0.103,0.016,0.05	0.138					RI	chr12|-|55694614|55694997|55694614|55694695|55694777|55694997	8.106103504981228e-10	0.138	0.1943333333333333	0.0563333333333333	1015					55694614	55694695	55694777	55694997								55694614	55694997	49,20,57,16,2,12	5,7,21,3,2,1	0,0,0,0,0,0	125,135,144,107,154,158						4312	chr12	-							4312	25,82,39	82,132,189	0,8,7	118,103,141	231	149	1.11022302463e-15	1.01585406753645e-13	0.164,0.286,0.117	0.0,0.048,0.031	0.163					1.01585406753645e-13	0.163	0.189	0.0263333333333333	926					55694614	55694695	55694777	55694997								55694614	55694997	18,72,37,0,8,7	7,15,2,0,0,0	0,0,0,0,0,0	82,132,189,118,103,141						8.106103504981228e-10	0.138	12	-	55694614	55694997	55694614	55694695	55694777	55694997	383	0	2256	0	True	False	0.0		2256	0	False	False	2256	True	0.0	False	1	False	ENST00000687390	ENST00000687390	ENST00000257879;ENST00000347027;ENST00000452168;ENST00000553804;ENST00000553893;ENST00000554327;ENST00000555728;ENST00000557058;ENST00000557257;ENST00000557555;ENST00000686981;ENST00000689678;ENST00000691052;ENST00000691846;ENST00000691973	False	False	False	0.0	False	3UTR	3UTR	UFM1_independent
4322	ENSG00000096080	MRPS18A	chr6	-							4322	12,0,16	31,25,42	13,21,31	33,16,44	371	149	0.00262890251485	0.0121663624309888	0.135,0.0,0.133	0.137,0.345,0.221	-0.145					RI	chr6|-|43675201|43675617|43675201|43675271|43675493|43675617	0.0121663624309888	-0.145	0.0893333333333333	0.2343333333333333	284					43675201	43675271	43675493	43675617								43675201	43675617	0,0,16,0,3,6	12,0,0,2,18,20	0,0,0,11,0,5	31,25,42,33,16,44						4322	chr6	-							4322	12,20,5	21,14,10	10,4,8	51,18,27	371	149	0.000536838567778	0.0031414419678404	0.187,0.365,0.167	0.073,0.082,0.106	0.153					0.0031414419678404	0.153	0.2396666666666666	0.087	200					43675201	43675271	43675493	43675617								43675201	43675617	6,0,0,6,0,1	6,15,5,2,4,7	0,5,0,2,0,0	21,14,10,51,18,27						0.0121663624309888	-0.145	6	-	43675201	43675617	43675201	43675271	43675493	43675617	416	0	734	0	True	False	2.0		734	2	True	True	734	True	2.0	True	1	True	ENST00000427312	ENST00000427312	ENST00000372116;ENST00000372133	False	False	True	1.0	False	CDS	CDS	UFM1_independent
4348	ENSG00000159363	ATP13A2	chr1	-							4348	6,20,7	10,16,6	0,3,4	23,25,16	321	149	8.12425722252e-08	1.694487934982743e-06	0.218,0.367,0.351	0.0,0.053,0.104	0.26					RI	chr1|-|16986462|16986956|16986462|16986632|16986804|16986956	1.694487934982743e-06	0.26	0.312	0.0523333333333333	136					16986462	16986632	16986804	16986956								16986462	16986956	2,11,2,0,1,4	4,9,5,0,2,0	0,0,0,0,0,0	10,16,6,23,25,16						4348	chr1	-							4348	3,9,11	9,2,12	0,0,7	8,19,24	321	149	0.000490979076544	0.0029068849443619	0.134,0.676,0.298	0.0,0.0,0.119	0.33					0.0029068849443619	0.33	0.3693333333333333	0.0396666666666666	104					16986462	16986632	16986804	16986956								16986462	16986956	3,9,0,0,0,7	0,0,11,0,0,0	0,0,0,0,0,0	9,2,12,8,19,24						1.694487934982743e-06	0.26	1	-	16986462	16986956	16986462	16986632	16986804	16986956	494	0	948	0	True	False	0.0		948	0	False	False	948	True	0.0	False	1	False	ENST00000466561	ENST00000466561	ENST00000326735;ENST00000341676;ENST00000452699;ENST00000502418	False	False	False	0.0	False	3UTR	3UTR	UFM1_independent
4349	ENSG00000184840	TMED9	chr5	+							4349	141,210,211	95,228,207	138,150,147	41,83,97	512	149	0.00117041649671	0.0062963595767652	0.302,0.211,0.229	0.495,0.345,0.306	-0.135					RI	chr5|+|177593649|177594285|177593649|177593775|177594138|177594285	0.0062963595767652	-0.135	0.2473333333333333	0.382	1748					177593649	177593775	177594138	177594285								177593649	177594285	9,22,37,15,16,12	9,42,13,16,15,24	123,146,161,107,119,111	95,228,207,41,83,97						4349	chr5	+							4349	170,204,328	96,342,229	154,229,182	46,56,161	512	149	0.00914091490105	0.0329171050014555	0.34,0.148,0.294	0.493,0.543,0.248	-0.167					0.0329171050014555	-0.167	0.2606666666666666	0.428	2197					177593649	177593775	177594138	177594285								177593649	177594285	4,20,57,6,13,11	42,44,24,26,36,47	124,140,247,122,180,124	96,342,229,46,56,161						0.0062963595767652	-0.135	5	+	177593649	177594285	177593649	177593775	177594138	177594285	636	0	273	0	True	False	0.0		273	0	False	False	273	True	0.0	False	1	False	ENST00000507723	ENST00000507723	ENST00000332598;ENST00000505521;ENST00000507578;ENST00000510499;ENST00000513799	False	False	False	0.0	False	NonCoding	NonCoding	UFM1_independent
4356	ENSG00000011143	MKS1	chr17	-							4356	282,355,303	1,12,9	136,183,270	9,4,20	686	149	0.00719803012377	0.0271955149223398	0.984,0.865,0.88	0.766,0.909,0.746	0.103					RI	chr17|-|58206464|58207218|58206464|58206547|58207084|58207218	0.0271955149223398	0.103	0.9096666666666666	0.807	1584					58206464	58206547	58207084	58207218								58206464	58207218	62,60,59,40,27,45	38,68,24,15,37,31	182,227,220,81,119,194	1,12,9,9,4,20						4356	chr17	-							4356	380,325,326	4,4,3	109,135,163	7,16,5	686	149	6.63480950513e-07	1.0705616602288606e-05	0.954,0.946,0.959	0.772,0.647,0.876	0.188					1.0705616602288606e-05	0.188	0.953	0.765	1477					58206464	58206547	58207084	58207218								58206464	58207218	60,58,50,17,19,27	49,51,50,3,5,34	271,216,226,89,111,102	4,4,3,7,16,5						0.0271955149223398	0.103	17	-	58206464	58207218	58206464	58206547	58207084	58207218	754	0	785	0	True	False	2.0		785	2	True	True	785	True	2.0	True	3	False	ENST00000677111;ENST00000678011;ENST00000678763	ENST00000677111;ENST00000678011;ENST00000678763	ENST00000313863;ENST00000393119;ENST00000393120;ENST00000537529;ENST00000583577;ENST00000675753;ENST00000676787;ENST00000677160;ENST00000677416;ENST00000677486;ENST00000677709;ENST00000678432;ENST00000678463;ENST00000678568;ENST00000678641	False	False	False	0.0	False	3UTR	3UTR	UFM1_independent
4408	ENSG00000128694	OSGEPL1	chr2	-							4408	16,5,18	3,0,0	16,0,28	3,8,3	225	149	0.00154637881068	0.007908586211084	0.779,1.0,1.0	0.779,0.0,0.861	0.38					RI	chr2|-|189753915|189754345|189753915|189754064|189754140|189754345	0.007908586211084	0.38	0.9263333333333332	0.5466666666666666	100					189753915	189754064	189754140	189754345								189753915	189754345	5,5,18,11,0,25	15,1,2,11,0,15	0,0,0,0,0,0	3,0,0,3,8,3						4408	chr2	-							4408	9,18,8	0,7,5	3,7,5	0,0,1	225	149	0.000134683826577	0.00098112862327925	1.0,0.63,0.514	1.0,1.0,0.768	-0.208					0.00098112862327925	-0.208	0.7146666666666667	0.9226666666666666	63					189753915	189754064	189754140	189754345								189753915	189754345	8,17,7,3,2,5	4,8,3,3,5,0	0,0,0,0,0,0	0,7,5,0,0,1						0.007908586211084	0.38	2	-	189753915	189754345	189753915	189754064	189754140	189754345	430	0	1475	0	True	False	2.0		1475	2	True	True	1475	True	2.0	True	1	False	ENST00000524043	ENST00000524043	ENST00000264151;ENST00000517895;ENST00000518114;ENST00000519810;ENST00000520350;ENST00000522700	False	False	False	0.0	False	3UTR	3UTR	UFM1_independent
4436	ENSG00000137312	FLOT1	chr6	-							4436	42,51,55	14,13,11	13,27,34	20,12,14	429	149	0.00802084166312	0.0298083642898496	0.51,0.577,0.635	0.184,0.439,0.458	0.214					RI	chr6|-|30741189|30741704|30741189|30741333|30741613|30741704	0.0298083642898496	0.214	0.574	0.3603333333333333	306					30741189	30741333	30741613	30741704								30741189	30741704	16,13,26,0,20,19	10,25,12,11,6,13	16,13,17,2,1,2	14,13,11,20,12,14						4436	chr6	-							4436	54,60,110	29,41,41	9,35,15	15,35,18	429	149	0.000497339633911	0.0029387808700474	0.393,0.337,0.482	0.172,0.258,0.224	0.186					0.0029387808700474	0.186	0.404	0.218	462					30741189	30741333	30741613	30741704								30741189	30741704	16,19,40,1,27,9	36,21,50,8,2,1	2,20,20,0,6,5	29,41,41,15,35,18						0.0298083642898496	0.214	6	-	30741189	30741704	30741189	30741333	30741613	30741704	515	0	1271	0	True	False	2.0		1271	2	True	True	1271	True	2.0	True	1	False	ENST00000484168	ENST00000484168	ENST00000376389;ENST00000413165;ENST00000416018;ENST00000418160;ENST00000438162;ENST00000445853;ENST00000454845;ENST00000470643;ENST00000484693	False	False	False	0.0	False	NonCoding	NonCoding	UFM1_independent
4441	ENSG00000104973	MED25	chr19	+							4441	34,66,29	55,68,71	8,29,6	22,55,56	227	149	0.00743774565732	0.0279462355212538	0.289,0.389,0.211	0.193,0.257,0.066	0.124					RI	chr19|+|49831935|49832157|49831935|49832021|49832099|49832157	0.0279462355212538	0.124	0.2963333333333333	0.172	499					49831935	49832021	49832099	49832157								49831935	49832157	22,40,21,8,15,0	17,59,16,3,19,6	0,0,0,0,0,0	55,68,71,22,55,56						4441	chr19	+							4441	37,47,22	51,37,79	3,4,22	18,43,57	227	149	0.00203492881942	0.0096082370136648	0.323,0.455,0.155	0.099,0.058,0.202	0.191					0.0096082370136648	0.191	0.311	0.1196666666666666	420					49831935	49832021	49832099	49832157								49831935	49832157	34,22,16,3,2,21	5,26,14,0,4,6	0,0,0,0,0,0	51,37,79,18,43,57						0.0279462355212538	0.124	19	+	49831935	49832157	49831935	49832021	49832099	49832157	222	0	432	0	True	False	0.0		432	0	False	False	432	True	0.0	False	1	False	ENST00000599722	ENST00000599722	ENST00000312865;ENST00000538643;ENST00000593767;ENST00000595185	False	False	False	0.0	False	NonCoding	NonCoding	UFM1_independent
4442	ENSG00000104973	MED25	chr19	+							4442	284,260,241	32,14,10	39,92,79	15,12,10	589	149	0.0044564608334	0.018678754497887	0.692,0.825,0.859	0.397,0.66,0.666	0.218					RI	chr19|+|49836225|49836979|49836225|49836406|49836846|49836979	0.018678754497887	0.218	0.7919999999999999	0.5743333333333334	1088					49836225	49836406	49836846	49836979								49836225	49836979	51,17,49,7,8,3	61,56,55,5,28,31	172,187,137,27,56,45	32,14,10,15,12,10						4442	chr19	+							4442	242,198,272	30,12,33	43,37,54	18,9,26	589	149	7.53224273731e-07	1.2001903401217702e-05	0.671,0.807,0.676	0.377,0.51,0.344	0.308					1.2001903401217702e-05	0.308	0.7180000000000001	0.4103333333333333	974					49836225	49836406	49836846	49836979								49836225	49836979	52,31,59,6,0,11	56,39,48,9,5,1	134,128,165,28,32,42	30,12,33,18,9,26						0.018678754497887	0.218	19	+	49836225	49836979	49836225	49836406	49836846	49836979	754	0	805	0	True	False	1.0		805	1	True	True	805	True	1.0	True	1	False	ENST00000594998	ENST00000594998	ENST00000312865;ENST00000538643;ENST00000593767;ENST00000595185	False	False	False	0.0	False	NonCoding	NonCoding	UFM1_independent
4462	ENSG00000114388	NPRL2	chr3	-							4462	139,157,146	10,20,10	12,13,40	7,5,15	319	149	1.88965986414e-06	2.676072583581173e-05	0.867,0.786,0.872	0.445,0.548,0.555	0.326					RI	chr3|-|50349385|50349828|50349385|50349494|50349664|50349828	2.676072583581173e-05	0.326	0.8416666666666667	0.516	574					50349385	50349494	50349664	50349828								50349385	50349828	78,72,79,8,3,22	59,75,53,4,9,18	2,10,14,0,1,0	10,20,10,7,5,15						4462	chr3	-							4462	83,135,155	0,41,27	5,43,20	15,7,10	319	149	0.0100397000675	0.0354559933962763	1.0,0.606,0.728	0.135,0.742,0.483	0.325					0.0354559933962763	0.325	0.778	0.4533333333333333	541					50349385	50349494	50349664	50349828								50349385	50349828	48,76,93,1,25,6	31,59,53,4,18,14	4,0,9,0,0,0	0,41,27,15,7,10						2.676072583581173e-05	0.326	3	-	50349385	50349828	50349385	50349494	50349664	50349828	443	0	853	0	True	False	1.0		853	1	True	True	853	True	1.0	True	2	True	ENST00000451194;ENST00000461020	ENST00000451194;ENST00000461020	ENST00000232501;ENST00000418825;ENST00000429366;ENST00000433381;ENST00000433999;ENST00000448302;ENST00000467294;ENST00000469839;ENST00000476064;ENST00000479512;ENST00000480296;ENST00000487632;ENST00000493907;ENST00000667046;ENST00000667631;ENST00000671487	False	True	True	0.5	False	3UTR	3UTR	UFM1_independent
4474	ENSG00000187147	RNF220	chr1	+							4474	469,549,674	107,57,105	223,329,359	120,72,100	895	149	0.00153540487868	0.0078590172922084	0.422,0.616,0.517	0.236,0.432,0.374	0.171					RI	chr1|+|44649882|44651723|44649882|44649957|44650703|44651723	0.0078590172922084	0.171	0.5183333333333333	0.3473333333333333	3164					44649882	44649957	44650703	44651723								44649882	44651723	116,94,128,33,90,108	60,48,86,18,43,30	293,407,460,172,196,221	107,57,105,120,72,100						4474	chr1	+							4474	500,678,618	64,95,88	260,401,351	80,116,104	895	149	5.57118018385e-10	1.8284976701233775e-08	0.565,0.543,0.539	0.351,0.365,0.36	0.19					1.8284976701233775e-08	0.19	0.549	0.3586666666666666	3355					44649882	44649957	44650703	44651723								44649882	44651723	74,127,115,64,70,41	34,113,101,48,36,50	392,438,402,148,295,260	64,95,88,80,116,104						0.0078590172922084	0.171	1	+	44649882	44651723	44649882	44649957	44650703	44651723	1841	0	363	0	True	False	0.0		363	0	False	False	363	True	0.0	False	3	False	ENST00000474064;ENST00000474956;ENST00000480686	ENST00000474064;ENST00000474956;ENST00000480686	ENST00000355387;ENST00000361799;ENST00000440132;ENST00000474394;ENST00000475378;ENST00000484745	False	False	False	0.0	False	3UTR	3UTR	UFM1_independent
4490	ENSG00000184661	CDCA2	chr8	+							4490	2,5,2	31,26,30	4,6,5	12,4,16	232	149	0.00280420379017	0.0128419549225709	0.04,0.11,0.041	0.176,0.491,0.167	-0.214					RI	chr8|+|25460239|25460554|25460239|25460300|25460383|25460554	0.0128419549225709	-0.214	0.0636666666666666	0.278	143					25460239	25460300	25460383	25460554								25460239	25460554	0,1,2,4,6,3	2,5,0,0,6,2	0,0,0,0,0,0	31,26,30,12,4,16						4490	chr8	+							4490	30,7,17	76,7,9	4,5,7	36,21,9	232	149	0.0107598775918	0.0376471035787255	0.202,0.391,0.548	0.067,0.133,0.333	0.203					0.0376471035787255	0.203	0.3803333333333333	0.1776666666666666	228					25460239	25460300	25460383	25460554								25460239	25460554	10,4,7,4,0,5	30,6,11,0,5,4	0,0,0,0,0,0	76,7,9,36,21,9						0.0128419549225709	-0.214	8	+	25460239	25460554	25460239	25460300	25460383	25460554	315	0	419	0	True	False	2.0		419	2	True	True	419	True	2.0	True	1	True	ENST00000380665	ENST00000380665	ENST00000330560;ENST00000518225	True	False	True	1.0	True	Start_Codon	Start_Codon	UFM1_independent
4529	ENSG00000013573	DDX11	chr12	+							4529	489,603,684	339,333,312	145,297,325	195,266,316	224	149	8.06290664346e-07	1.2909071419764155e-05	0.49,0.546,0.593	0.331,0.426,0.406	0.155					RI	chr12|+|31103576|31104791|31103576|31103731|31103806|31104791	1.2909071419764155e-05	0.155	0.543	0.3876666666666666	4304					31103576	31103731	31103806	31104791								31103576	31104791	286,279,346,92,163,184	319,435,497,93,196,205	0,0,0,0,0,0	339,333,312,195,266,316						4529	chr12	+							4529	460,544,529	271,298,312	212,260,240	200,298,288	224	149	8.66437255276e-10	2.7980826655677883e-08	0.53,0.548,0.53	0.414,0.367,0.357	0.157					2.7980826655677883e-08	0.157	0.536	0.3793333333333333	3912					31103576	31103731	31103806	31104791								31103576	31104791	246,312,228,115,163,114	301,370,409,164,176,186	0,0,0,0,0,0	271,298,312,200,298,288						1.2909071419764155e-05	0.155	12	+	31103576	31104791	31103576	31103731	31103806	31104791	1215	0	1143	0	True	False	0.0		1143	0	False	False	1143	True	0.0	False	1	False	ENST00000435753	ENST00000435753	ENST00000228264;ENST00000350437;ENST00000536265;ENST00000538345;ENST00000539049;ENST00000539702;ENST00000542838;ENST00000545115;ENST00000545668	False	False	False	0.0	False	3UTR	3UTR	UFM1_independent
4542	ENSG00000116337	AMPD2	chr1	+							4542	458,364,483	39,39,14	193,179,266	32,28,67	411	149	7.28250436621e-07	1.181384041629622e-05	0.81,0.772,0.926	0.686,0.699,0.59	0.178					RI	chr1|+|109626725|109627316|109626725|109626912|109627174|109627316	1.181384041629622e-05	0.178	0.8360000000000001	0.6583333333333333	2162					109626725	109626912	109627174	109627316								109626725	109627316	167,175,221,83,65,124	133,106,142,64,75,87	158,83,120,46,39,55	39,39,14,32,28,67						4542	chr1	+							4542	351,600,393	25,32,27	94,186,188	7,27,41	411	149	0.000366159314075	0.0022796248429885	0.836,0.872,0.841	0.83,0.714,0.624	0.127					0.0022796248429885	0.127	0.8496666666666667	0.7226666666666667	1971					109626725	109626912	109627174	109627316								109626725	109627316	108,261,159,38,60,66	127,191,127,41,77,72	116,148,107,15,49,50	25,32,27,7,27,41						1.181384041629622e-05	0.178	1	+	109626725	109627316	109626725	109626912	109627174	109627316	591	0	4537	0	True	False	1.0		4537	1	True	True	4537	True	1.0	True	6	False	ENST00000474459;ENST00000525415;ENST00000679880;ENST00000679981;ENST00000680832;ENST00000681834	ENST00000474459;ENST00000525415;ENST00000679880;ENST00000679981;ENST00000680832;ENST00000681834	ENST00000256578;ENST00000342115;ENST00000358729;ENST00000369840;ENST00000476688;ENST00000486282;ENST00000524975;ENST00000526301;ENST00000527846;ENST00000528454;ENST00000528667;ENST00000531203;ENST00000531734;ENST00000534144;ENST00000652975;ENST00000654851;ENST00000655992;ENST00000659122;ENST00000663749;ENST00000667949;ENST00000668421;ENST00000679379;ENST00000679593;ENST00000679892;ENST00000680132;ENST00000680148;ENST00000680170;ENST00000680192;ENST00000680519;ENST00000680531;ENST00000680820;ENST00000680929;ENST00000681108;ENST00000681121;ENST00000681132;ENST00000681181;ENST00000681218;ENST00000681246;ENST00000681496;ENST00000681862	False	False	False	0.0	False	3UTR	3UTR	UFM1_independent
4552	ENSG00000116337	AMPD2	chr1	+							4552	342,395,349	232,196,262	81,121,102	122,149,203	451	149	1.95776728162e-12	1.1769636245974352e-10	0.328,0.4,0.306	0.18,0.212,0.142	0.167					RI	chr1|+|109628082|109629235|109628082|109628806|109629108|109629235	1.1769636245974352e-10	0.167	0.3446666666666667	0.178	2554					109628082	109628806	109629108	109629235								109628082	109629235	129,82,177,23,18,42	117,126,102,23,58,36	96,187,70,35,45,24	232,196,262,122,149,203						4552	chr1	+							4552	289,340,295	139,227,239	81,124,57	107,183,166	451	149	2.15215623101e-11	9.772083818849163e-10	0.407,0.331,0.29	0.2,0.183,0.102	0.181					9.772083818849163e-10	0.181	0.3426666666666667	0.1616666666666666	2247					109628082	109628806	109629108	109629235								109628082	109629235	74,102,132,36,31,10	96,134,103,16,45,24	119,104,60,29,48,23	139,227,239,107,183,166						1.1769636245974352e-10	0.167	1	+	109628082	109629235	109628082	109628806	109629108	109629235	1153	0	7743	0	True	False	0.0		7743	0	False	False	7743	True	0.0	False	3	False	ENST00000486282;ENST00000680192;ENST00000681181	ENST00000486282;ENST00000680192;ENST00000681181	ENST00000256578;ENST00000342115;ENST00000358729;ENST00000369840;ENST00000467071;ENST00000474459;ENST00000476688;ENST00000479919;ENST00000524975;ENST00000525415;ENST00000526301;ENST00000527846;ENST00000528454;ENST00000528667;ENST00000529299;ENST00000531203;ENST00000531734;ENST00000532851;ENST00000533132;ENST00000652975;ENST00000654851;ENST00000655992;ENST00000659122;ENST00000663749;ENST00000667949;ENST00000668421;ENST00000679379;ENST00000679593;ENST00000679880;ENST00000679892;ENST00000679981;ENST00000680132;ENST00000680148;ENST00000680170;ENST00000680519;ENST00000680531;ENST00000680820;ENST00000680832;ENST00000680929;ENST00000681108;ENST00000681121;ENST00000681132;ENST00000681218;ENST00000681246;ENST00000681496;ENST00000681834;ENST00000681862	False	False	False	0.0	False	3UTR	3UTR	UFM1_independent
4614	ENSG00000115524	SF3B1	chr2	-							4614	491,378,405	23,37,34	468,480,574	79,49,100	456	149	7.50961927362e-05	0.000635158419115	0.875,0.769,0.796	0.659,0.762,0.652	0.122					RI	chr2|-|197418508|197420542|197418508|197418588|197418895|197420542	0.000635158419115	0.122	0.8133333333333334	0.6910000000000001	3118					197418508	197418588	197418895	197420542								197418508	197420542	189,152,187,214,197,216	178,127,143,159,140,220	124,99,75,95,143,138	23,37,34,79,49,100						4614	chr2	-							4614	222,276,477	31,2,86	533,395,439	91,103,111	456	149	0.00138173671057	0.0069885326592397	0.701,0.978,0.644	0.657,0.556,0.564	0.182					0.0069885326592397	0.182	0.7743333333333333	0.5923333333333334	2766					197418508	197418588	197418895	197420542								197418508	197420542	82,126,232,176,130,223	86,112,163,235,131,117	54,38,82,122,134,99	31,2,86,91,103,111						0.000635158419115	0.122	2	-	197418508	197420542	197418508	197418588	197418895	197420542	2034	0	966	0	True	False	0.0		966	0	False	False	966	True	0.0	False	1	False	ENST00000470268	ENST00000470268	ENST00000335508;ENST00000409915;ENST00000414174;ENST00000414963;ENST00000482158;ENST00000487698;ENST00000652026;ENST00000652738	False	False	False	0.0	False	3UTR	3UTR	UFM1_independent
4615	ENSG00000115524	SF3B1	chr2	-							4615	1943,1487,1976	137,153,146	2856,2407,3308	52,51,143	1988	149	1.99480765239e-10	8.10076855924204e-09	0.515,0.421,0.504	0.805,0.78,0.634	-0.26					RI	chr2|-|197418508|197420542|197418508|197418588|197420427|197420542	8.10076855924204e-09	-0.26	0.48	0.7396666666666667	14659					197418508	197418588	197420427	197420542								197418508	197420542	189,152,187,214,197,216	130,93,158,241,185,287	1624,1242,1631,2401,2025,2805	137,153,146,52,51,143						4615	chr2	-							4615	1285,1424,1889	122,122,162	2722,1909,2360	112,61,85	1988	149	1.6209256159499997e-14	1.2390847841420316e-12	0.441,0.467,0.466	0.646,0.701,0.675	-0.216					1.2390847841420316e-12	-0.216	0.458	0.674	12253					197418508	197418588	197420427	197420542								197418508	197420542	82,126,232,176,130,223	83,122,121,217,202,217	1120,1176,1536,2329,1577,1920	122,122,162,112,61,85						8.10076855924204e-09	-0.26	2	-	197418508	197420542	197418508	197418588	197420427	197420542	2034	0	966	0	True	False	0.0		966	0	False	False	966	True	0.0	False	1	False	ENST00000470268	ENST00000470268	ENST00000335508;ENST00000409915;ENST00000414174;ENST00000414963;ENST00000482158;ENST00000487698;ENST00000652026;ENST00000652738	False	False	False	0.0	False	Stop_Codon	Stop_Codon	UFM1_independent
4624	ENSG00000155229	MMS19	chr10	-							4624	128,165,202	104,79,140	29,32,44	17,63,71	354	149	0.00686582757832	0.0262149780263127	0.341,0.468,0.378	0.418,0.176,0.207	0.129					RI	chr10|-|97461495|97461896|97461495|97461622|97461827|97461896	0.0262149780263127	0.129	0.3956666666666666	0.267	1074					97461495	97461622	97461827	97461896								97461495	97461896	47,67,64,13,12,21	34,91,96,15,10,15	47,7,42,1,10,8	104,79,140,17,63,71						4624	chr10	-							4624	78,109,115	60,72,51	52,59,38	46,47,95	354	149	0.00366595536884	0.0156900811285788	0.354,0.389,0.487	0.322,0.346,0.144	0.139					0.0156900811285788	0.139	0.41	0.2706666666666666	822					97461495	97461622	97461827	97461896								97461495	97461896	36,37,81,16,32,19	30,52,16,34,24,12	12,20,18,2,3,7	60,72,51,46,47,95						0.0262149780263127	0.129	10	-	97461495	97461896	97461495	97461622	97461827	97461896	401	0	980	0	True	False	2.0		980	2	True	True	980	True	2.0	True	1	False	ENST00000495415	ENST00000495415	ENST00000327238;ENST00000355839;ENST00000370782;ENST00000415383;ENST00000434538;ENST00000438925;ENST00000478452	False	False	False	0.0	False	3UTR	3UTR	UFM1_independent
4707	ENSG00000135047	CTSL	chr9	+							4707	607,648,857	39,68,86	806,856,1063	15,16,52	1344	149	6.99014903738e-08	1.4729757352994557e-06	0.633,0.514,0.525	0.856,0.856,0.694	-0.245					RI	chr9|+|87726212|87727729|87726212|87726398|87727593|87727729	1.4729757352994557e-06	-0.245	0.5573333333333333	0.8019999999999999	5113					87726212	87726398	87727593	87727729								87726212	87727729	83,34,93,107,112,164	110,111,119,121,142,139	414,503,645,578,602,760	39,68,86,15,16,52						4707	chr9	+							4707	551,608,789	22,112,75	744,736,929	21,34,34	1344	149	0.00277197191406	0.0124831755324446	0.735,0.376,0.538	0.797,0.706,0.752	-0.202					0.0124831755324446	-0.202	0.5496666666666666	0.7516666666666667	4655					87726212	87726398	87727593	87727729								87726212	87727729	60,76,93,105,92,115	81,123,113,139,145,134	410,409,583,500,499,680	22,112,75,21,34,34						1.4729757352994557e-06	-0.245	9	+	87726212	87727729	87726212	87726398	87727593	87727729	1517	0	3024	0	True	False	0.0		3024	0	False	False	3024	True	0.0	False	1	False	ENST00000679252	ENST00000679252	ENST00000340342;ENST00000342020;ENST00000343150;ENST00000375894;ENST00000482054;ENST00000495822;ENST00000676466;ENST00000676480;ENST00000676531;ENST00000676576;ENST00000676769;ENST00000676881;ENST00000676909;ENST00000676946;ENST00000676961;ENST00000677019;ENST00000677262;ENST00000677345;ENST00000677349;ENST00000677523;ENST00000677615;ENST00000677638;ENST00000677761;ENST00000677821;ENST00000677864;ENST00000677935;ENST00000677955;ENST00000678259;ENST00000678367;ENST00000678442;ENST00000678596;ENST00000678599;ENST00000678649;ENST00000678654;ENST00000678752;ENST00000678965;ENST00000679025;ENST00000679028;ENST00000679030;ENST00000679141;ENST00000679149;ENST00000679157	False	False	False	0.0	False	5UTR	5UTR	UFM1_independent
4711	ENSG00000135047	CTSL	chr9	+							4711	594,503,714	319,594,524	748,732,904	208,265,409	912	149	1.0484196844e-09	3.558132668043514e-08	0.233,0.122,0.182	0.37,0.311,0.265	-0.136					RI	chr9|+|87728584|87729735|87728584|87728809|87729572|87729735	3.558132668043514e-08	-0.136	0.179	0.3153333333333333	6514					87728584	87728809	87729572	87729735								87728584	87729735	129,178,275,173,156,296	113,65,113,129,163,120	352,260,326,446,413,488	319,594,524,208,265,409						4711	chr9	+							4711	489,599,675	282,841,448	540,581,753	158,199,253	912	149	4.718447854659999e-14	3.26089155678075e-12	0.221,0.104,0.198	0.358,0.323,0.327	-0.162					3.26089155678075e-12	-0.162	0.1743333333333333	0.336	5818					87728584	87728809	87729572	87729735								87728584	87729735	200,184,152,148,125,214	77,112,73,102,118,138	212,303,450,290,338,401	282,841,448,158,199,253						3.558132668043514e-08	-0.136	9	+	87728584	87729735	87728584	87728809	87729572	87729735	1151	0	7892	0	True	False	2.0		7892	2	True	True	7892	True	2.0	True	2	False	ENST00000677349;ENST00000677935	ENST00000677349;ENST00000677935	ENST00000340342;ENST00000342020;ENST00000343150;ENST00000375894;ENST00000482054;ENST00000495822;ENST00000676466;ENST00000676480;ENST00000676531;ENST00000676576;ENST00000676769;ENST00000676881;ENST00000676909;ENST00000676946;ENST00000676961;ENST00000677019;ENST00000677262;ENST00000677345;ENST00000677523;ENST00000677615;ENST00000677638;ENST00000677761;ENST00000677821;ENST00000677864;ENST00000677955;ENST00000678259;ENST00000678367;ENST00000678442;ENST00000678596;ENST00000678599;ENST00000678649;ENST00000678654;ENST00000678752;ENST00000678965;ENST00000679025;ENST00000679028;ENST00000679030;ENST00000679141;ENST00000679149;ENST00000679157;ENST00000679252	False	False	False	0.0	False	Stop_Codon	Stop_Codon	UFM1_independent
4755	ENSG00000143630	HCN3	chr1	+							4755	4,12,27	0,0,0	4,4,6	0,0,8	552	149	0.00882810966168	0.032165162474998	1.0,1.0,1.0	1.0,1.0,0.168	0.277					RI	chr1|+|155283973|155284757|155283973|155284135|155284538|155284757	0.032165162474998	0.277	1.0	0.7226666666666667	65					155283973	155284135	155284538	155284757								155283973	155284757	1,12,18,4,4,6	0,0,2,0,0,0	3,0,7,0,0,0	0,0,0,0,0,8						4755	chr1	+							4755	7,7,10	0,0,0	0,1,7	6,0,0	552	149	0.00816089318445	0.0302539189324085	1.0,1.0,1.0	0.0,1.0,1.0	0.333					0.0302539189324085	0.333	1.0	0.6666666666666666	38					155283973	155284135	155284538	155284757								155283973	155284757	1,5,7,0,1,7	0,0,3,0,0,0	6,2,0,0,0,0	0,0,0,6,0,0						0.032165162474998	0.277	1	+	155283973	155284757	155283973	155284135	155284538	155284757	784	0	381	0	True	False	0.0		381	0	False	False	381	True	0.0	False	1	False	ENST00000496230	ENST00000496230	ENST00000368358;ENST00000467204	False	False	False	0.0	False	NonCoding	NonCoding	UFM1_independent
4759	ENSG00000127948	POR	chr7	+							4759	43,54,62	64,71,119	44,36,83	51,30,43	244	149	0.00151814341098	0.0077836583579676	0.291,0.317,0.241	0.345,0.423,0.541	-0.153					RI	chr7|+|75986158|75986855|75986158|75986241|75986336|75986855	0.0077836583579676	-0.153	0.283	0.4363333333333333	700					75986158	75986241	75986336	75986855								75986158	75986855	20,42,39,32,23,48	25,27,34,25,23,51	0,0,0,0,0,0	64,71,119,51,30,43						4759	chr7	+							4759	12,49,96	98,83,127	49,61,65	62,37,46	244	149	0.00019564482325	0.0013380510618422	0.07,0.265,0.316	0.326,0.502,0.463	-0.213					0.0013380510618422	-0.213	0.217	0.4303333333333333	785					75986158	75986241	75986336	75986855								75986158	75986855	4,36,68,34,35,44	8,24,54,33,28,38	0,0,0,0,0,0	98,83,127,62,37,46						0.0077836583579676	-0.153	7	+	75986158	75986855	75986158	75986241	75986336	75986855	697	0	1866	0	True	False	0.0		1866	0	False	False	1866	True	0.0	False	1	True	ENST00000394893	ENST00000394893	ENST00000412064;ENST00000439269;ENST00000447222;ENST00000454934;ENST00000461988;ENST00000475509;ENST00000493973;ENST00000706544;ENST00000706545;ENST00000706546;ENST00000706547	False	True	False	0.0	False	Stop_Codon	Stop_Codon	UFM1_independent
4842	ENSG00000117394	SLC2A1	chr1	-							4842	58,32,51	63,63,76	113,103,144	27,49,63	427	149	2.29442687072e-10	9.13599063068509e-09	0.243,0.151,0.19	0.594,0.423,0.444	-0.292					RI	chr1|-|42929209|42929780|42929209|42929314|42929592|42929780	9.13599063068509e-09	-0.292	0.1946666666666666	0.487	842					42929209	42929314	42929592	42929780								42929209	42929780	7,5,5,24,23,28	5,3,4,8,6,15	46,24,42,81,74,101	63,63,76,27,49,63						4842	chr1	-							4842	32,20,76	38,99,44	75,45,178	36,23,29	427	149	5.71987311812e-05	0.00047737205370217	0.227,0.066,0.376	0.421,0.406,0.682	-0.28					0.00047737205370217	-0.28	0.223	0.503	695					42929209	42929314	42929592	42929780								42929209	42929780	9,5,5,22,26,33	1,10,6,11,2,12	22,5,65,42,17,133	38,99,44,36,23,29						9.13599063068509e-09	-0.292	1	-	42929209	42929780	42929209	42929314	42929592	42929780	571	0	589	0	True	False	1.0		589	1	True	True	589	True	1.0	True	1	False	ENST00000675112	ENST00000675112	ENST00000426263;ENST00000475162;ENST00000630287;ENST00000669445;ENST00000674545;ENST00000674765;ENST00000676254	False	False	False	0.0	False	3UTR	3UTR	UFM1_independent
4855	ENSG00000143624	INTS3	chr1	+							4855	91,79,84	0,0,0	94,61,55	6,0,1	1767	149	0.000112550724114	0.00090572314995675	1.0,1.0,1.0	0.569,1.0,0.823	0.203					RI	chr1|+|153746956|153748755|153746956|153747070|153748688|153748755	0.00090572314995675	0.203	1.0	0.7973333333333333	471					153746956	153747070	153748688	153748755								153746956	153748755	22,14,9,24,14,17	44,36,38,50,24,20	25,29,37,20,23,18	0,0,0,6,0,1						4855	chr1	+							4855	114,92,128	0,0,0	103,58,104	5,10,0	1767	149	6.75290755203e-07	1.0817190638384397e-05	1.0,1.0,1.0	0.635,0.328,1.0	0.346					1.0817190638384397e-05	0.346	1.0	0.6543333333333333	614					153746956	153747070	153748688	153748755								153746956	153748755	13,28,32,17,11,9	75,45,58,54,25,68	26,19,38,32,22,27	0,0,0,5,10,0						0.00090572314995675	0.203	1	+	153746956	153748755	153746956	153747070	153748688	153748755	1799	0	532	0	True	False	1.0		532	1	True	True	532	True	1.0	True	1	False	ENST00000481797	ENST00000481797	ENST00000318967;ENST00000435409	False	False	False	0.0	False	CDS	CDS	UFM1_independent
4880	ENSG00000062524	LTK	chr15	-							4880	85,109,158	115,262,175	10,58,47	123,113,132	222	149	0.000386482424774	0.0025537825740454	0.332,0.218,0.377	0.052,0.256,0.193	0.142					RI	chr15|-|41504341|41504640|41504341|41504432|41504505|41504640	0.0025537825740454	0.142	0.309	0.167	1387					41504341	41504432	41504505	41504640								41504341	41504640	64,85,109,9,52,37	44,54,87,1,14,32	0,0,0,0,0,0	115,262,175,123,113,132						4880	chr15	-							4880	128,84,111	93,241,213	25,33,19	144,142,149	222	149	2.1157911867e-06	2.9105382634353757e-05	0.48,0.19,0.259	0.104,0.135,0.079	0.204					2.9105382634353757e-05	0.204	0.3096666666666666	0.106	1382					41504341	41504432	41504505	41504640								41504341	41504640	84,66,95,21,30,9	56,37,44,8,15,12	0,0,0,0,0,0	93,241,213,144,142,149						0.0025537825740454	0.142	15	-	41504341	41504640	41504341	41504432	41504505	41504640	299	0	904	0	True	False	1.0		904	1	True	True	904	True	1.0	True	1	False	ENST00000563518	ENST00000563518	ENST00000263800;ENST00000355166;ENST00000453182;ENST00000561619	False	False	False	0.0	False	NonCoding	NonCoding	UFM1_independent
4992	ENSG00000115317	HTRA2	chr2	+							4992	141,103,107	17,42,27	36,24,20	7,41,33	374	149	0.0094285890106	0.0341269288885027	0.768,0.494,0.612	0.672,0.189,0.194	0.273					RI	chr2|+|74531338|74531702|74531338|74531371|74531596|74531702	0.0341269288885027	0.273	0.6246666666666667	0.3516666666666667	598					74531338	74531371	74531596	74531702								74531338	74531702	56,52,48,25,7,3	52,30,35,2,6,5	33,21,24,9,11,12	17,42,27,7,41,33						4992	chr2	+							4992	87,134,131	47,68,33	26,37,33	43,47,28	374	149	9.07883172252e-06	0.00010228929994831	0.424,0.44,0.613	0.194,0.239,0.32	0.241					0.00010228929994831	0.241	0.4923333333333333	0.251	714					74531338	74531371	74531596	74531702								74531338	74531702	24,18,30,10,16,8	37,74,60,2,11,7	26,42,41,14,10,18	47,68,33,43,47,28						0.0341269288885027	0.273	2	+	74531338	74531702	74531338	74531371	74531596	74531702	364	0	619	0	True	False	1.0		619	1	True	True	619	True	1.0	True	1	False	ENST00000484352	ENST00000484352	ENST00000258080;ENST00000352222;ENST00000437202;ENST00000462909;ENST00000465521;ENST00000467961;ENST00000482331;ENST00000484881;ENST00000696725;ENST00000696726;ENST00000696727;ENST00000696728;ENST00000696729;ENST00000696730;ENST00000696731	False	False	False	0.0	False	CDS	CDS	UFM1_independent
5003	ENSG00000055118	KCNH2	chr7	-							5003	20,23,16	22,31,38	1,2,5	9,15,26	476	149	2.86014173523e-05	0.00028106392821202	0.222,0.188,0.116	0.034,0.04,0.057	0.132					RI	chr7|-|150950920|150951835|150950920|150951120|150951447|150951835	0.00028106392821202	0.132	0.1753333333333333	0.0436666666666666	208					150950920	150951120	150951447	150951835								150950920	150951835	9,12,5,0,0,0	1,3,11,1,0,1	10,8,0,0,2,4	22,31,38,9,15,26						5003	chr7	-							5003	26,35,9	66,21,30	1,7,0	21,42,32	476	149	1.61686181332e-07	3.1396233088872927e-06	0.11,0.343,0.086	0.015,0.05,0.0	0.158					3.1396233088872927e-06	0.158	0.1796666666666666	0.0216666666666666	290					150950920	150951120	150951447	150951835								150950920	150951835	12,19,7,1,1,0	10,16,2,0,6,0	4,0,0,0,0,0	66,21,30,21,42,32						0.00028106392821202	0.132	7	-	150950920	150951835	150950920	150951120	150951447	150951835	915	0	1176	0	True	False	0.0		1176	0	False	False	1176	True	0.0	False	1	False	ENST00000473610	ENST00000473610	ENST00000262186;ENST00000330883;ENST00000461280;ENST00000532957;ENST00000683359;ENST00000684116;ENST00000684241	False	False	False	0.0	False	NonCoding	NonCoding	UFM1_independent
5048	ENSG00000013306	SLC25A39	chr17	-							5048	1336,1856,1548	119,57,103	788,866,859	103,124,122	351	149	3.14168691062e-11	1.416531186464841e-09	0.827,0.933,0.864	0.765,0.748,0.749	0.121					RI	chr17|-|44321057|44321558|44321057|44321231|44321433|44321558	1.416531186464841e-09	0.121	0.8746666666666667	0.754	7881					44321057	44321231	44321433	44321558								44321057	44321558	611,810,682,333,366,417	507,637,584,288,287,272	218,409,282,167,213,170	119,57,103,103,124,122						5048	chr17	-							5048	1327,1474,1567	110,112,176	511,894,707	119,117,169	351	149	6.25010414534e-08	1.3725228703166638e-06	0.837,0.848,0.791	0.646,0.764,0.64	0.142					1.3725228703166638e-06	0.142	0.8253333333333334	0.6833333333333333	7283					44321057	44321231	44321433	44321558								44321057	44321558	647,798,790,278,392,305	503,445,560,159,327,186	177,231,217,74,175,216	110,112,176,119,117,169						1.416531186464841e-09	0.121	17	-	44321057	44321558	44321057	44321231	44321433	44321558	501	0	2180	0	True	False	2.0		2180	2	True	True	2180	True	2.0	True	1	False	ENST00000591006	ENST00000591006	ENST00000225308;ENST00000377095;ENST00000537904;ENST00000585636;ENST00000585695;ENST00000586016;ENST00000588049;ENST00000588315;ENST00000588767;ENST00000590194;ENST00000592372;ENST00000593166	False	False	False	0.0	False	Stop_Codon	Stop_Codon	UFM1_independent
5058	ENSG00000115661	STK16	chr2	+							5058	108,141,153	7,0,0	110,146,147	4,9,6	720	149	0.0122325022332	0.0420222429658164	0.761,1.0,1.0	0.851,0.77,0.835	0.102					RI	chr2|+|219245895|219246876|219245895|219246085|219246656|219246876	0.0420222429658164	0.102	0.9203333333333332	0.8186666666666667	831					219245895	219246085	219246656	219246876								219245895	219246876	25,18,27,25,4,48	10,26,33,35,37,43	73,97,93,50,105,56	7,0,0,4,9,6						5058	chr2	+							5058	118,109,103	4,0,1	75,136,135	2,5,9	720	149	0.00563741625936	0.0222657663768966	0.859,1.0,0.955	0.886,0.849,0.756	0.108					0.0222657663768966	0.108	0.938	0.8303333333333334	697					219245895	219246085	219246656	219246876								219245895	219246876	43,18,13,2,33,11	20,33,20,17,51,36	55,58,70,56,52,88	4,0,1,2,5,9						0.0420222429658164	0.102	2	+	219245895	219246876	219245895	219246085	219246656	219246876	981	0	1445	0	True	False	2.0		1445	2	True	True	1445	True	2.0	True	1	False	ENST00000496443	ENST00000496443	ENST00000396738;ENST00000409260;ENST00000409516;ENST00000409638;ENST00000409743;ENST00000461417;ENST00000475342;ENST00000475696;ENST00000478018;ENST00000486813;ENST00000491697;ENST00000496800	False	False	False	0.0	False	CDS	CDS	UFM1_independent
5111	ENSG00000133226	SRRM1	chr1	+							5111	1438,1105,1230	152,258,277	1388,1183,1637	103,114,60	2218	149	2.60635280549e-05	0.00025987244558153	0.389,0.223,0.23	0.475,0.411,0.647	-0.23					RI	chr1|+|24646666|24649029|24646666|24646789|24648858|24649029	0.00025987244558153	-0.23	0.2806666666666667	0.511	8945					24646666	24646789	24648858	24649029								24646666	24649029	38,41,35,31,49,50	106,106,109,121,84,202	1294,958,1086,1236,1050,1385	152,258,277,103,114,60						5111	chr1	+							5111	1154,1144,1327	140,227,282	1494,1339,1148	83,55,91	2218	149	1.16645693105e-10	4.4583755738043984e-09	0.356,0.253,0.24	0.547,0.621,0.459	-0.259					4.4583755738043984e-09	-0.259	0.283	0.5423333333333333	8484					24646666	24646789	24648858	24649029								24646666	24649029	33,28,57,47,37,31	70,104,145,130,94,102	1051,1012,1125,1317,1208,1015	140,227,282,83,55,91						0.00025987244558153	-0.23	1	+	24646666	24649029	24646666	24646789	24648858	24649029	2363	0	2466	0	True	False	0.0		2466	0	False	False	2466	True	0.0	False	1	False	ENST00000462710	ENST00000462710	ENST00000323848;ENST00000374389;ENST00000466910;ENST00000468822;ENST00000478890;ENST00000479034;ENST00000490543;ENST00000494934;ENST00000495561;ENST00000593639;ENST00000596378;ENST00000600523;ENST00000705662;ENST00000705663;ENST00000705681;ENST00000705682	False	False	False	0.0	False	Stop_Codon	Stop_Codon	UFM1_independent
5138	ENSG00000163050	COQ8A	chr1	+							5138	59,137,117	23,34,60	27,17,25	22,22,13	388	149	0.00443911901527	0.0186315385363693	0.496,0.607,0.428	0.32,0.229,0.425	0.186					RI	chr1|+|226983760|226984235|226983760|226983854|226984093|226984235	0.0186315385363693	0.186	0.5103333333333333	0.3246666666666666	556					226983760	226983854	226984093	226984235								226983760	226984235	30,60,80,17,10,12	25,51,29,5,7,8	4,26,8,5,0,5	23,34,60,22,22,13						5138	chr1	+							5138	110,130,138	14,2,31	17,31,24	12,12,17	388	149	4.21119071115e-06	5.2435836504401746e-05	0.751,0.961,0.631	0.352,0.498,0.352	0.38					5.2435836504401746e-05	0.38	0.781	0.4006666666666666	538					226983760	226983854	226984093	226984235								226983760	226984235	49,81,59,8,9,23	38,27,69,8,22,1	23,22,10,1,0,0	14,2,31,12,12,17						0.0186315385363693	0.186	1	+	226983760	226984235	226983760	226983854	226984093	226984235	475	0	472	0	True	False	1.0		472	1	True	True	472	True	1.0	True	1	False	ENST00000479852	ENST00000479852	ENST00000366777;ENST00000366778;ENST00000478406;ENST00000485462	False	False	False	0.0	False	NonCoding	NonCoding	UFM1_independent
5150	ENSG00000004487	KDM1A	chr1	+							5150	56,81,92	6,0,10	27,34,16	16,10,8	232	149	1.58626697888e-07	3.058801608330868e-06	0.857,1.0,0.855	0.52,0.686,0.562	0.315					RI	chr1|+|23082219|23083632|23082219|23082366|23082449|23083632	3.058801608330868e-06	0.315	0.904	0.5893333333333334	356					23082219	23082366	23082449	23083632								23082219	23083632	24,47,76,22,19,12	34,34,16,5,15,4	0,0,0,0,0,0	6,0,10,16,10,8						5150	chr1	+							5150	120,84,89	7,6,3	15,20,15	2,2,16	232	149	0.00428259853826	0.0177384174022991	0.917,0.9,0.95	0.828,0.865,0.376	0.233					0.0177384174022991	0.233	0.9223333333333332	0.6896666666666667	379					23082219	23082366	23082449	23083632								23082219	23083632	84,74,70,15,16,15	38,10,19,0,4,0	0,0,0,0,0,0	7,6,3,2,2,16						3.058801608330868e-06	0.315	1	+	23082219	23083632	23082219	23082366	23082449	23083632	1413	0	4885	0	True	False	1.0		4885	1	True	True	4885	True	1.0	True	3	True	ENST00000688235;ENST00000691404;ENST00000692975	ENST00000688235;ENST00000691404;ENST00000692975	ENST00000356634;ENST00000400181;ENST00000465864;ENST00000494920;ENST00000602503;ENST00000685102;ENST00000685243;ENST00000686270;ENST00000686339;ENST00000686771;ENST00000686793;ENST00000686934;ENST00000687202;ENST00000688122;ENST00000688943;ENST00000689366;ENST00000689677;ENST00000689853;ENST00000689971;ENST00000690391;ENST00000690627;ENST00000690907;ENST00000691256;ENST00000691682;ENST00000691813;ENST00000692056;ENST00000692209;ENST00000692214;ENST00000692853;ENST00000693156	False	True	False	0.0	False	CDS	CDS	UFM1_independent
5206	ENSG00000198563	DDX39B	chr6	-							5206	788,614,400	83,122,102	715,678,922	53,37,103	2604	149	0.00013447361313	0.0010517757598382	0.352,0.224,0.183	0.436,0.512,0.339	-0.176					RI	chr6|-|31532779|31535485|31532779|31532911|31535366|31535485	0.0010517757598382	-0.176	0.253	0.429	4617					31532779	31532911	31535366	31535485								31532779	31535485	193,168,187,164,173,254	406,297,90,384,334,415	189,149,123,167,171,253	83,122,102,53,37,103						5206	chr6	-							5206	631,797,1039	87,134,166	811,390,878	30,63,64	2604	149	0.0123639051627	0.0422555875934042	0.293,0.254,0.264	0.607,0.262,0.44	-0.166					0.0422555875934042	-0.166	0.2703333333333333	0.4363333333333333	5090					31532779	31532911	31535366	31535485								31532779	31535485	126,197,279,238,226,238	349,415,479,386,78,382	156,185,281,187,86,258	87,134,166,30,63,64						0.0010517757598382	-0.176	6	-	31532779	31535485	31532779	31532911	31535366	31535485	2706	0	1922	0	True	False	2.0		1922	2	True	True	1922	True	2.0	True	1	False	ENST00000462256	ENST00000462256	ENST00000376177;ENST00000396172;ENST00000417023;ENST00000419338;ENST00000427214;ENST00000428098;ENST00000431908;ENST00000456662;ENST00000458640;ENST00000481456;ENST00000482195;ENST00000484566	False	False	False	0.0	False	CDS	CDS	UFM1_independent
5225	ENSG00000143578	CREB3L4	chr1	+							5225	24,45,28	3,0,0	12,7,17	0,4,12	284	149	0.000155681654526	0.0011903240717623	0.808,1.0,1.0	1.0,0.479,0.426	0.301					RI	chr1|+|153972743|153973078|153972743|153972836|153972971|153973078	0.0011903240717623	0.301	0.936	0.635	152					153972743	153972836	153972971	153973078								153972743	153973078	10,30,9,5,6,8	14,20,21,9,2,9	0,0,0,0,0,0	3,0,0,0,4,12						5225	chr1	+							5225	46,45,46	0,0,9	4,29,26	2,14,4	284	149	0.00059767804183	0.0034342318692781	1.0,1.0,0.728	0.512,0.521,0.773	0.307					0.0034342318692781	0.307	0.9093333333333332	0.602	225					153972743	153972836	153972971	153973078								153972743	153973078	19,15,21,3,2,9	27,40,30,3,27,18	0,0,0,0,0,0	0,0,9,2,14,4						0.0011903240717623	0.301	1	+	153972743	153973078	153972743	153972836	153972971	153973078	335	0	1108	0	True	False	1.0		1108	1	True	True	1108	True	1.0	True	1	False	ENST00000468845	ENST00000468845	ENST00000271889;ENST00000368600;ENST00000368601;ENST00000368603;ENST00000368607;ENST00000449724;ENST00000461688;ENST00000492729	False	False	False	0.0	False	Stop_Codon	Stop_Codon	UFM1_independent
5232	ENSG00000084623	EIF3I	chr1	+							5232	162,85,167	159,178,162	435,441,570	245,170,207	437	149	1.37845290737e-11	6.70847081586733e-10	0.258,0.14,0.26	0.377,0.469,0.484	-0.224					RI	chr1|+|32224033|32224475|32224033|32224121|32224409|32224475	6.70847081586733e-10	-0.224	0.2193333333333333	0.4433333333333333	2981					32224033	32224121	32224409	32224475								32224033	32224475	27,33,39,93,106,130	27,13,22,79,87,92	108,39,106,263,248,348	159,178,162,245,170,207						5232	chr1	+							5232	145,172,180	94,154,224	434,357,349	210,169,255	437	149	0.000900129271498	0.0048534648844432	0.345,0.276,0.215	0.413,0.419,0.318	-0.105					0.0048534648844432	-0.105	0.2786666666666667	0.3833333333333333	2743					32224033	32224121	32224409	32224475								32224033	32224475	30,27,46,134,48,48	29,38,32,58,71,109	86,107,102,242,238,192	94,154,224,210,169,255						6.70847081586733e-10	-0.224	1	+	32224033	32224475	32224033	32224121	32224409	32224475	442	0	4986	0	True	False	0.0		4986	0	False	False	4986	True	0.0	False	1	False	ENST00000677183	ENST00000677183	ENST00000355082;ENST00000373586;ENST00000471486;ENST00000474371;ENST00000483517;ENST00000489353;ENST00000676554;ENST00000676679;ENST00000676801;ENST00000676837;ENST00000676957;ENST00000676998;ENST00000677053;ENST00000677198;ENST00000677202;ENST00000677353;ENST00000677378;ENST00000677540;ENST00000677580;ENST00000677640;ENST00000677676;ENST00000677701;ENST00000677711;ENST00000677760;ENST00000677767;ENST00000677772;ENST00000677844;ENST00000678063;ENST00000678150;ENST00000678162;ENST00000678420;ENST00000678534;ENST00000678689;ENST00000678711;ENST00000678842;ENST00000678883;ENST00000678889;ENST00000678968;ENST00000679270;ENST00000679290	False	False	False	0.0	False	NonCoding	NonCoding	UFM1_independent
5243	ENSG00000182134	TDRKH	chr1	-							5243	30,56,39	2,0,5	11,25,26	0,0,0	334	149	0.00297022014485	0.0134416161831883	0.87,1.0,0.777	1.0,1.0,1.0	-0.118					RI	chr1|-|151773493|151774504|151773493|151774227|151774412|151774504	0.0134416161831883	-0.118	0.8823333333333333	1.0	194					151773493	151774227	151774412	151774504								151773493	151774504	21,12,26,5,20,2	7,37,13,4,2,18	2,7,0,2,3,6	2,0,5,0,0,0						5243	chr1	-							5243	29,31,44	10,0,3	22,11,5	0,0,0	334	149	2.0735825278e-05	0.00020595994877276	0.564,1.0,0.867	1.0,1.0,1.0	-0.19					0.00020595994877276	-0.19	0.8103333333333333	1.0	155					151773493	151774227	151774412	151774504								151773493	151774504	14,15,20,11,9,3	12,12,24,11,2,2	3,4,0,0,0,0	10,0,3,0,0,0						0.0134416161831883	-0.118	1	-	151773493	151774504	151773493	151774227	151774412	151774504	1011	0	300	0	True	False	0.0		300	0	False	False	300	True	0.0	False	1	True	ENST00000368824	ENST00000368824	ENST00000368822;ENST00000368823;ENST00000368825;ENST00000368827;ENST00000458431;ENST00000525790;ENST00000526413	False	True	True	1.0	False	3UTR	3UTR	UFM1_independent
5317	ENSG00000116350	SRSF4	chr1	-							5317	1292,1149,1381	223,317,327	1408,1650,1893	170,245,335	1037	149	0.000747362619522	0.0044065649835662	0.454,0.342,0.378	0.543,0.492,0.448	-0.103					RI	chr1|-|29159373|29160517|29159373|29159486|29160374|29160517	0.0044065649835662	-0.103	0.3913333333333333	0.4943333333333333	10390					29159373	29159486	29160374	29160517								29159373	29160517	481,347,540,622,732,623	194,188,232,108,202,288	617,614,609,678,716,982	223,317,327,170,245,335						5317	chr1	-							5317	819,1134,1033	279,306,446	1394,1375,1340	170,134,272	1037	149	2.53112516502e-08	5.994299949629718e-07	0.297,0.347,0.25	0.541,0.596,0.414	-0.219					5.994299949629718e-07	-0.219	0.298	0.517	8702					29159373	29159486	29160374	29160517								29159373	29160517	347,494,390,553,523,596	83,82,116,221,161,113	389,558,527,620,691,631	279,306,446,170,134,272						0.0044065649835662	-0.103	1	-	29159373	29160517	29159373	29159486	29160374	29160517	1144	0	512	0	True	False	2.0		512	2	True	True	512	True	2.0	True	1	False	ENST00000634348	ENST00000634348	ENST00000373795;ENST00000466448;ENST00000477193;ENST00000497015;ENST00000605204;ENST00000622143;ENST00000691479	False	False	False	0.0	False	3UTR	3UTR	UFM1_independent
5336	ENSG00000092621	PHGDH	chr1	+							5336	233,217,280	62,20,57	18,44,106	14,26,40	1058	149	0.000151758515439	0.0011646848769361	0.346,0.604,0.409	0.153,0.192,0.272	0.247					RI	chr1|+|119741766|119743044|119741766|119741897|119742806|119743044	0.0011646848769361	0.247	0.4529999999999999	0.2056666666666666	1117					119741766	119741897	119742806	119743044								119741766	119743044	13,31,43,1,30,26	42,38,11,0,3,6	178,148,226,17,11,74	62,20,57,14,26,40						5336	chr1	+							5336	139,268,208	32,48,82	70,88,50	33,65,47	1058	149	1.6123916079e-06	2.311093016350315e-05	0.38,0.44,0.263	0.23,0.16,0.13	0.188					2.311093016350315e-05	0.188	0.361	0.1733333333333333	1130					119741766	119741897	119742806	119743044								119741766	119743044	14,18,30,10,2,1	16,43,11,8,19,0	109,207,167,52,67,49	32,48,82,33,65,47						0.0011646848769361	0.247	1	+	119741766	119743044	119741766	119741897	119742806	119743044	1278	0	1902	0	True	False	0.0		1902	0	False	False	1902	True	0.0	False	1	False	ENST00000642021	ENST00000642021	ENST00000369407;ENST00000369409;ENST00000482968;ENST00000641023;ENST00000641074;ENST00000641115;ENST00000641213;ENST00000641314;ENST00000641375;ENST00000641597;ENST00000641756;ENST00000641811;ENST00000641891;ENST00000641927;ENST00000641939;ENST00000641947	False	False	False	0.0	False	3UTR	3UTR	UFM1_independent
5342	ENSG00000143793	C1orf35	chr1	-							5342	189,256,174	45,29,74	35,20,64	12,28,37	293	149	0.0041209465302	0.0176095080997814	0.681,0.818,0.545	0.597,0.266,0.468	0.238					RI	chr1|-|228102079|228102382|228102079|228102165|228102309|228102382	0.0176095080997814	0.238	0.6813333333333333	0.4436666666666666	963					228102079	228102165	228102309	228102382								228102079	228102382	126,152,89,24,14,25	64,104,85,12,4,39	1,0,0,0,2,0	45,29,74,12,28,37						5342	chr1	-							5342	99,140,177	35,37,46	26,47,28	15,71,37	293	149	6.04790246772e-08	1.332966532940185e-06	0.59,0.658,0.662	0.468,0.252,0.278	0.304					1.332966532940185e-06	0.304	0.6366666666666667	0.3326666666666666	758					228102079	228102165	228102309	228102382								228102079	228102382	36,73,88,7,19,10	63,65,88,19,28,18	0,4,2,0,0,0	35,37,46,15,71,37						0.0176095080997814	0.238	1	-	228102079	228102382	228102079	228102165	228102309	228102382	303	0	159	0	True	False	0.0		159	0	False	False	159	True	0.0	False	1	False	ENST00000485896	ENST00000485896	ENST00000272139;ENST00000465199;ENST00000469781;ENST00000472617;ENST00000491293;ENST00000492757	False	False	False	0.0	False	NonCoding	NonCoding	UFM1_independent
5343	ENSG00000143793	C1orf35	chr1	-							5343	116,138,120	42,42,42	12,18,33	13,15,52	244	149	3.08919226866e-08	6.951013448596307e-07	0.628,0.667,0.636	0.36,0.423,0.279	0.29					RI	chr1|-|228102309|228102560|228102309|228102382|228102477|228102560	6.951013448596307e-07	0.29	0.6436666666666667	0.354	643					228102309	228102382	228102477	228102560								228102309	228102560	104,131,103,12,18,33	13,7,17,1,0,0	0,0,0,0,0,0	42,42,42,13,15,52						5343	chr1	-							5343	139,68,91	63,70,99	5,41,18	58,45,29	244	149	0.00145659351302	0.0072938376659434	0.574,0.372,0.36	0.05,0.357,0.275	0.208					0.0072938376659434	0.208	0.4353333333333333	0.2273333333333333	726					228102309	228102382	228102477	228102560								228102309	228102560	126,53,91,4,37,18	17,23,3,1,8,0	0,0,0,0,0,0	63,70,99,58,45,29						6.951013448596307e-07	0.29	1	-	228102309	228102560	228102309	228102382	228102477	228102560	251	0	156	0	True	False	0.0		156	0	False	False	156	True	0.0	False	1	False	ENST00000492757	ENST00000492757	ENST00000272139;ENST00000465199;ENST00000469781;ENST00000472617;ENST00000485896;ENST00000491293	False	False	False	0.0	False	NonCoding	NonCoding	UFM1_independent
5354	ENSG00000085978	ATG16L1	chr2	+							5354	27,12,7	15,7,17	4,2,5	23,32,37	817	149	1.88706916759e-09	5.99560007029113e-08	0.247,0.238,0.07	0.031,0.011,0.024	0.163					RI	chr2|+|233272965|233273777|233272965|233273052|233273720|233273777	5.99560007029113e-08	0.163	0.185	0.022	188					233272965	233273052	233273720	233273777								233272965	233273777	27,6,3,4,2,3	0,4,0,0,0,0	0,2,4,0,0,2	15,7,17,23,32,37						5354	chr2	+							5354	48,10,4	7,26,27	3,9,6	35,21,36	817	149	0.00948296192143	0.0339464179273952	0.556,0.066,0.026	0.015,0.072,0.029	0.177					0.0339464179273952	0.177	0.216	0.0386666666666666	232					233272965	233273052	233273720	233273777								233272965	233273777	21,8,3,3,1,1	18,2,0,0,8,0	9,0,1,0,0,5	7,26,27,35,21,36						5.99560007029113e-08	0.163	2	+	233272965	233273777	233272965	233273052	233273720	233273777	812	0	943	0	True	False	1.0		943	1	True	True	943	True	1.0	True	1	False	ENST00000474148	ENST00000474148	ENST00000347464;ENST00000373525;ENST00000392017;ENST00000392018;ENST00000392020;ENST00000392021;ENST00000417017;ENST00000419681;ENST00000444735;ENST00000479942;ENST00000498620	False	False	False	0.0	False	3UTR	3UTR	UFM1_independent
5370	ENSG00000161010	MRNIP	chr5	-							5370	39,32,52	0,0,2	43,29,54	7,5,0	3135	149	0.00165616555075	0.0083310969296136	1.0,1.0,0.553	0.226,0.216,1.0	0.37					RI	chr5|-|179837275|179840959|179837275|179837885|179840871|179840959	0.0083310969296136	0.37	0.851	0.4806666666666667	263					179837275	179837885	179840871	179840959								179837275	179840959	0,0,14,4,0,3	22,21,11,22,18,29	17,11,27,17,11,22	0,0,2,7,5,0						5370	chr5	-							5370	54,87,63	9,2,0	38,47,57	0,2,0	3135	149	0.00535005873076	0.02136239221396	0.222,0.674,1.0	1.0,0.528,1.0	-0.211					0.02136239221396	-0.211	0.632	0.8426666666666667	359					179837275	179837885	179840871	179840959								179837275	179840959	0,3,3,4,3,1	31,45,29,24,30,26	23,39,31,10,14,30	9,2,0,0,2,0						0.0083310969296136	0.37	5	-	179837275	179840959	179837275	179837885	179840871	179840959	3684	0	2364	0	True	False	0.0		2364	0	False	False	2364	True	0.0	False	1	True	ENST00000518219	ENST00000518219	ENST00000292586;ENST00000376931;ENST00000518235;ENST00000518950;ENST00000519208;ENST00000520150;ENST00000520698;ENST00000520900;ENST00000520995;ENST00000521299;ENST00000521333;ENST00000522663;ENST00000523084;ENST00000523267;ENST00000523737	False	True	True	1.0	False	Stop_Codon	Stop_Codon	UFM1_independent
5399	ENSG00000134222	PSRC1	chr1	-							5399	107,92,213	153,194,166	7,11,5	40,48,94	253	149	8.2958084846e-12	4.169663739964525e-10	0.292,0.218,0.43	0.093,0.119,0.03	0.233					RI	chr1|-|109282517|109282731|109282517|109282575|109282679|109282731	4.169663739964525e-10	0.233	0.3133333333333333	0.0806666666666666	1130					109282517	109282575	109282679	109282731								109282517	109282731	58,48,141,6,2,1	62,58,84,1,10,5	0,0,0,0,0,0	153,194,166,40,48,94						5399	chr1	-							5399	132,147,116	69,165,149	4,19,2	16,42,22	253	149	1.18097329447e-05	0.00012712830169882	0.53,0.344,0.314	0.128,0.21,0.051	0.266					0.00012712830169882	0.266	0.396	0.1296666666666666	883					109282517	109282575	109282679	109282731								109282517	109282731	66,97,63,4,5,2	95,63,62,0,19,0	0,6,0,0,0,0	69,165,149,16,42,22						4.169663739964525e-10	0.233	1	-	109282517	109282731	109282517	109282575	109282679	109282731	214	0	616	0	True	False	1.0		616	1	True	True	616	True	1.0	True	1	False	ENST00000471740	ENST00000471740	ENST00000369903;ENST00000369904;ENST00000369907;ENST00000369909;ENST00000409138;ENST00000409267;ENST00000418914;ENST00000429031;ENST00000459765	False	False	False	0.0	False	5UTR	5UTR	UFM1_independent
5425	ENSG00000090621	PABPC4	chr1	-							5425	1065,959,984	514,565,634	2249,1960,2530	495,549,660	1104	149	0.0	0.0	0.219,0.186,0.173	0.38,0.325,0.341	-0.156					RI	chr1|-|39567750|39568939|39567750|39567846|39568801|39568939	0.0	-0.156	0.1926666666666666	0.3486666666666667	13164					39567750	39567846	39568801	39568939								39567750	39568939	251,266,226,590,473,684	192,181,241,419,385,446	622,512,517,1240,1102,1400	514,565,634,495,549,660						5425	chr1	-							5425	929,853,1181	513,646,711	1875,1678,2121	420,501,547	1104	149	0.0	0.0	0.196,0.151,0.183	0.376,0.311,0.344	-0.167					0.0	-0.167	0.1766666666666666	0.3436666666666667	11975					39567750	39567846	39568801	39568939								39567750	39568939	235,167,266,445,396,425	143,170,259,384,362,505	551,516,656,1046,920,1191	513,646,711,420,501,547						0.0	-0.156	1	-	39567750	39568939	39567750	39567846	39568801	39568939	1189	0	2147	0	True	False	2.0		2147	2	True	True	2147	True	2.0	True	4	False	ENST00000677548;ENST00000678287;ENST00000678894;ENST00000679246	ENST00000677548;ENST00000678287;ENST00000678894;ENST00000679246	ENST00000372856;ENST00000372857;ENST00000372858;ENST00000372862;ENST00000421687;ENST00000470443;ENST00000474378;ENST00000513632;ENST00000525669;ENST00000525751;ENST00000527718;ENST00000529216;ENST00000676523;ENST00000676863;ENST00000677006;ENST00000677244;ENST00000677609;ENST00000677644;ENST00000677860;ENST00000678625;ENST00000678980	False	False	False	0.0	False	3UTR	3UTR	UFM1_independent
5437	ENSG00000184014	DENND5A	chr11	-							5437	171,179,111	61,109,103	129,124,98	143,137,153	762	149	4.33132444441e-05	0.00039523335555241	0.354,0.243,0.174	0.15,0.15,0.111	0.12					RI	chr11|-|9141939|9143485|9141939|9142108|9142721|9143485	0.00039523335555241	0.12	0.257	0.137	1518					9141939	9142108	9142721	9143485								9141939	9143485	38,54,35,22,15,22	10,23,19,11,17,12	123,102,57,96,92,64	61,109,103,143,137,153						5437	chr11	-							5437	125,144,152	48,150,70	124,122,71	139,76,117	762	149	0.00497414893329	0.0201063490014312	0.337,0.158,0.298	0.149,0.239,0.106	0.1					0.0201063490014312	0.1	0.2643333333333333	0.1646666666666666	1338					9141939	9142108	9142721	9143485								9141939	9143485	31,44,22,23,20,16	14,13,16,15,0,6	80,87,114,86,102,49	48,150,70,139,76,117						0.00039523335555241	0.12	11	-	9141939	9143485	9141939	9142108	9142721	9143485	1546	0	2533	0	True	False	1.0		2533	1	True	True	2533	True	1.0	True	1	False	ENST00000681639	ENST00000681639	ENST00000328194;ENST00000525784;ENST00000527700;ENST00000528725;ENST00000529977;ENST00000530044;ENST00000530780;ENST00000531747;ENST00000533737;ENST00000679446;ENST00000679458;ENST00000679460;ENST00000679568;ENST00000679745;ENST00000679773;ENST00000679926;ENST00000679999;ENST00000680252;ENST00000680294;ENST00000680358;ENST00000680470;ENST00000680554;ENST00000680576;ENST00000680599;ENST00000680742;ENST00000680791;ENST00000680885;ENST00000681158;ENST00000681203;ENST00000681371;ENST00000681425	False	False	False	0.0	False	3UTR	3UTR	UFM1_independent
5443	ENSG00000184014	DENND5A	chr11	-							5443	301,292,336	24,7,29	253,343,348	3,2,19	1400	149	0.00822193326579	0.0303533382214474	0.572,0.816,0.552	0.9,0.948,0.661	-0.19					RI	chr11|-|9142721|9144278|9142721|9142845|9144096|9144278	0.0303533382214474	-0.19	0.6466666666666666	0.8363333333333334	1957					9142721	9142845	9144096	9144278								9142721	9144278	28,27,16,27,39,53	9,13,36,17,19,25	264,252,284,209,285,270	24,7,29,3,2,19						5443	chr11	-							5443	238,226,320	11,14,7	243,325,323	0,6,2	1400	149	3.09259756396e-05	0.0002900030541732	0.697,0.632,0.83	1.0,0.852,0.945	-0.213					0.0002900030541732	-0.213	0.7196666666666667	0.9323333333333332	1715					9142721	9142845	9144096	9144278								9142721	9144278	30,20,26,41,39,48	11,32,18,10,19,26	197,174,276,192,267,249	11,14,7,0,6,2						0.0303533382214474	-0.19	11	-	9142721	9144278	9142721	9142845	9144096	9144278	1557	0	2923	0	True	False	1.0		2923	1	True	True	2923	True	1.0	True	1	False	ENST00000681371	ENST00000681371	ENST00000328194;ENST00000525784;ENST00000527700;ENST00000528725;ENST00000529977;ENST00000530044;ENST00000530780;ENST00000531747;ENST00000533737;ENST00000679446;ENST00000679458;ENST00000679460;ENST00000679568;ENST00000679745;ENST00000679773;ENST00000679926;ENST00000679999;ENST00000680252;ENST00000680294;ENST00000680358;ENST00000680470;ENST00000680554;ENST00000680576;ENST00000680599;ENST00000680742;ENST00000680791;ENST00000680885;ENST00000681158;ENST00000681203;ENST00000681425;ENST00000681639	False	False	False	0.0	False	Stop_Codon	Stop_Codon	UFM1_independent
5451	ENSG00000162836	ACP6	chr1	-							5451	109,84,140	35,2,3	47,22,47	7,26,20	828	149	0.00151061911794	0.0077568149563733	0.359,0.883,0.894	0.547,0.132,0.297	0.387					RI	chr1|-|147647367|147648411|147647367|147647566|147648245|147648411	0.0077568149563733	0.387	0.712	0.3253333333333333	542					147647367	147647566	147648245	147648411								147647367	147648411	7,19,30,1,6,1	22,36,12,4,6,1	80,29,98,42,10,45	35,2,3,7,26,20						5451	chr1	-							5451	120,112,186	0,21,15	16,35,46	2,22,6	828	149	0.0140188379323	0.0466702107349281	1.0,0.49,0.691	0.59,0.223,0.58	0.263					0.0466702107349281	0.263	0.727	0.4643333333333333	581					147647367	147647566	147648245	147648411								147647367	147648411	17,20,13,2,9,4	16,18,46,2,0,6	87,74,127,12,26,36	0,21,15,2,22,6						0.0077568149563733	0.387	1	-	147647367	147648411	147647367	147647566	147648245	147648411	1044	0	307	0	True	False	1.0		307	1	True	True	307	True	1.0	True	1	False	ENST00000613673	ENST00000613673	ENST00000460583;ENST00000583509;ENST00000609196	False	False	False	0.0	False	3UTR	3UTR	UFM1_independent
5497	ENSG00000197448	GSTK1	chr7	+							5497	932,1074,1053	283,263,146	413,535,584	131,153,242	464	149	0.0115447682684	0.0399957734586603	0.514,0.567,0.698	0.503,0.529,0.437	0.103					RI	chr7|+|143264547|143265092|143264547|143264676|143264991|143265092	0.0399957734586603	0.103	0.593	0.4896666666666667	5809					143264547	143264676	143264991	143265092								143264547	143265092	226,313,314,136,165,162	304,272,262,101,178,159	402,489,477,176,192,263	283,263,146,131,153,242						5497	chr7	+							5497	751,856,1082	158,217,407	293,428,565	195,151,204	464	149	0.00942097884227	0.033764564527281	0.604,0.559,0.461	0.325,0.476,0.471	0.117					0.033764564527281	0.117	0.5413333333333333	0.424	5307					143264547	143264676	143264991	143265092								143264547	143265092	246,278,250,52,110,183	169,263,328,115,151,188	336,315,504,126,167,194	158,217,407,195,151,204						0.0399957734586603	0.103	7	+	143264547	143265092	143264547	143264676	143264991	143265092	545	0	1251	0	True	False	0.0		1251	0	False	False	1251	True	0.0	False	1	False	ENST00000473649	ENST00000473649	ENST00000358406;ENST00000409500;ENST00000436038;ENST00000442394;ENST00000443571;ENST00000479303;ENST00000489654;ENST00000494735	False	False	False	0.0	False	NonCoding	NonCoding	UFM1_independent
5502	ENSG00000115053	NCL	chr2	-							5502	2423,2305,3023	704,889,1107	1916,2646,3352	364,450,773	667	149	2.45410025634e-10	9.58505909036744e-09	0.435,0.367,0.379	0.54,0.568,0.492	-0.14					RI	chr2|-|231457000|231457800|231457000|231457124|231457642|231457800	9.58505909036744e-09	-0.14	0.3936666666666666	0.5333333333333333	19952					231457000	231457124	231457642	231457800								231457000	231457800	416,420,532,288,366,468	563,515,680,481,693,773	1444,1370,1811,1147,1587,2111	704,889,1107,364,450,773						5502	chr2	-							5502	1607,2549,2939	763,1032,1296	1895,2183,2402	373,530,698	667	149	1.83080794969e-09	5.446428181368429e-08	0.32,0.356,0.336	0.532,0.479,0.435	-0.145					5.446428181368429e-08	-0.145	0.3373333333333333	0.482	18267					231457000	231457124	231457642	231457800								231457000	231457800	235,474,502,302,377,433	391,533,656,449,456,472	981,1542,1781,1144,1350,1497	763,1032,1296,373,530,698						9.58505909036744e-09	-0.14	2	-	231457000	231457800	231457000	231457124	231457642	231457800	800	0	3862	0	True	False	1.0		3862	1	True	True	3862	True	1.0	True	1	False	ENST00000676798	ENST00000676798	ENST00000322723;ENST00000356936;ENST00000417652;ENST00000436894;ENST00000453992;ENST00000454824;ENST00000461347;ENST00000466274;ENST00000494618;ENST00000676514;ENST00000676690;ENST00000676913;ENST00000677703;ENST00000677786;ENST00000678131;ENST00000678246;ENST00000678364;ENST00000678405;ENST00000678729;ENST00000678828;ENST00000678849;ENST00000679348	False	False	False	0.0	False	CDS	CDS	UFM1_independent
5505	ENSG00000115053	NCL	chr2	-							5505	1485,1400,1871	861,896,1157	1286,1433,2023	508,450,757	760	149	3.24080329239e-09	9.646896014046349e-08	0.253,0.234,0.241	0.332,0.384,0.344	-0.111					RI	chr2|-|231458265|231459125|231458265|231458389|231459000|231459125	9.646896014046349e-08	-0.111	0.2426666666666666	0.3533333333333333	14127					231458265	231458389	231459000	231459125								231458265	231459125	376,324,453,241,285,429	269,220,361,262,252,409	840,856,1057,783,896,1185	861,896,1157,508,450,757						5505	chr2	-							5505	1010,1515,1492	927,1049,1300	1452,1329,1658	520,582,746	760	149	2.1649348980199997e-14	1.5943953474564365e-12	0.176,0.221,0.184	0.354,0.309,0.303	-0.128					1.5943953474564365e-12	-0.128	0.1936666666666666	0.322	13580					231458265	231458389	231459000	231459125								231458265	231459125	294,362,318,341,345,385	180,169,367,220,298,373	536,984,807,891,686,900	927,1049,1300,520,582,746						9.646896014046349e-08	-0.111	2	-	231458265	231459125	231458265	231458389	231459000	231459125	860	0	3444	0	True	False	0.0		3444	0	False	False	3444	True	0.0	False	2	False	ENST00000461347;ENST00000677786	ENST00000461347;ENST00000677786	ENST00000322723;ENST00000356936;ENST00000417652;ENST00000436894;ENST00000453992;ENST00000454824;ENST00000494618;ENST00000676514;ENST00000676690;ENST00000676798;ENST00000676913;ENST00000677703;ENST00000678131;ENST00000678246;ENST00000678364;ENST00000678405;ENST00000678729;ENST00000678828;ENST00000678849;ENST00000679348	False	False	False	0.0	False	Stop_Codon	Stop_Codon	UFM1_independent
5580	ENSG00000171720	HDAC3	chr5	-							5580	292,265,258	33,47,64	45,76,109	26,43,31	276	149	6.64668882577e-05	0.00057567084575736	0.827,0.753,0.685	0.483,0.488,0.655	0.213					RI	chr5|-|141629859|141630125|141629859|141629916|141630043|141630125	0.00057567084575736	0.213	0.755	0.542	1289					141629859	141629916	141630043	141630125								141629859	141630125	209,143,131,21,62,83	92,125,144,24,14,30	8,0,0,0,0,0	33,47,64,26,43,31						5580	chr5	-							5580	192,323,329	29,48,69	88,85,52	38,15,22	276	149	0.00873479810618	0.0317767745561572	0.781,0.784,0.72	0.556,0.754,0.561	0.138					0.0317767745561572	0.138	0.7616666666666667	0.6236666666666667	1290					141629859	141629916	141630043	141630125								141629859	141630125	118,228,192,46,60,33	85,107,149,50,27,18	0,0,8,0,0,1	29,48,69,38,15,22						0.00057567084575736	0.213	5	-	141629859	141630125	141629859	141629916	141630043	141630125	266	0	217	0	True	False	1.0		217	1	True	True	217	True	1.0	True	1	False	ENST00000495485	ENST00000495485	ENST00000305264;ENST00000467533;ENST00000469550;ENST00000471968;ENST00000519474;ENST00000523088	False	False	False	0.0	False	3UTR	3UTR	UFM1_independent
5584	ENSG00000178149	DALRD3	chr3	-							5584	138,147,165	36,44,39	38,62,67	17,29,52	249	149	0.000236518339666	0.0016786232162406	0.696,0.667,0.717	0.572,0.561,0.435	0.171					RI	chr3|-|49015818|49016086|49015818|49015872|49015972|49016086	0.0016786232162406	0.171	0.6933333333333334	0.5226666666666666	834					49015818	49015872	49015972	49016086								49015818	49016086	76,76,110,30,40,39	54,51,63,13,30,28	22,26,10,0,0,2	36,44,39,17,29,52						5584	chr3	-							5584	102,182,236	24,43,24	28,63,97	18,20,35	249	149	0.00163403394288	0.0080031881435947	0.718,0.717,0.855	0.482,0.653,0.624	0.177					0.0080031881435947	0.177	0.7633333333333333	0.5863333333333334	872					49015818	49015872	49015972	49016086								49015818	49016086	60,128,123,17,34,53	42,83,125,10,38,34	4,6,2,2,0,10	24,43,24,18,20,35						0.0016786232162406	0.171	3	-	49015818	49016086	49015818	49015872	49015972	49016086	268	0	914	0	True	False	2.0		914	2	True	True	914	True	2.0	True	1	True	ENST00000440857	ENST00000440857	ENST00000313778;ENST00000341949;ENST00000438585;ENST00000441576;ENST00000460505;ENST00000467457;ENST00000472331;ENST00000481001;ENST00000484831;ENST00000498498;ENST00000498794	False	False	True	1.0	False	CDS	CDS	UFM1_independent
5604	ENSG00000150093	ITGB1	chr10	-							5604	262,194,256	109,134,77	494,373,448	92,87,91	899	149	2.38271208841e-06	3.290718586966243e-05	0.285,0.194,0.355	0.471,0.415,0.449	-0.167					RI	chr10|-|32932514|32933583|32932514|32932600|32933350|32933583	3.290718586966243e-05	-0.167	0.2779999999999999	0.445	2617					32932514	32932600	32933350	32933583								32932514	32933583	23,9,17,65,36,84	40,16,48,111,62,53	199,169,191,318,275,311	109,134,77,92,87,91						5604	chr10	-							5604	91,183,137	36,99,90	571,427,313	70,91,60	899	149	1.47950540708e-11	6.980260276059466e-10	0.295,0.235,0.201	0.575,0.437,0.464	-0.248					6.980260276059466e-10	-0.248	0.2436666666666666	0.492	2168					32932514	32932600	32933350	32933583								32932514	32933583	19,54,18,80,55,59	18,34,23,105,79,67	54,95,96,386,293,187	36,99,90,70,91,60						3.290718586966243e-05	-0.167	10	-	32932514	32933583	32932514	32932600	32933350	32933583	1069	0	2412	0	True	False	0.0		2412	0	False	False	2412	True	0.0	False	2	True	ENST00000474568;ENST00000677363	ENST00000474568;ENST00000677363	ENST00000302278;ENST00000396033;ENST00000414670;ENST00000417122;ENST00000423113;ENST00000437302;ENST00000464001;ENST00000472147;ENST00000475184;ENST00000480226;ENST00000484088;ENST00000488427;ENST00000488494;ENST00000528877;ENST00000534049;ENST00000609742;ENST00000676460;ENST00000676623;ENST00000676659;ENST00000676895;ENST00000676964;ENST00000677310;ENST00000677999;ENST00000678120;ENST00000678479;ENST00000678591;ENST00000678701;ENST00000678766;ENST00000678943;ENST00000678952;ENST00000678989;ENST00000679187	True	False	False	0.0	False	Start_Codon	Start_Codon	UFM1_independent
5606	ENSG00000160741	CRTC2	chr1	-							5606	74,100,98	113,79,74	17,34,33	30,46,72	224	149	0.00672864814182	0.0258036712980864	0.303,0.457,0.468	0.274,0.33,0.234	0.13					RI	chr1|-|153954872|153955166|153954872|153954989|153955064|153955166	0.0258036712980864	0.13	0.4093333333333333	0.2793333333333333	770					153954872	153954989	153955064	153955166								153954872	153955166	38,41,40,2,20,19	36,76,90,15,27,19	0,0,0,0,0,0	113,79,74,30,46,72						5606	chr1	-							5606	57,118,73	104,77,92	20,14,32	50,66,44	224	149	0.00635970727389	0.024603633713659	0.267,0.505,0.345	0.21,0.124,0.326	0.152					0.024603633713659	0.152	0.3723333333333333	0.22	747					153954872	153954989	153955064	153955166								153954872	153955166	13,61,40,4,7,5	50,75,47,16,14,32	0,0,0,0,0,0	104,77,92,50,66,44						0.0258036712980864	0.13	1	-	153954872	153955166	153954872	153954989	153955064	153955166	294	0	336	0	True	False	0.0		336	0	False	False	336	True	0.0	False	1	False	ENST00000487235	ENST00000487235	ENST00000303569;ENST00000368630;ENST00000368633;ENST00000461638;ENST00000476883;ENST00000492073	False	False	False	0.0	False	5UTR	5UTR	UFM1_independent
5614	ENSG00000128596	CCDC136	chr7	+							5614	95,108,100	38,61,40	91,73,54	45,65,65	441	149	0.00722204043755	0.0272526473618809	0.458,0.374,0.458	0.406,0.275,0.219	0.13					RI	chr7|+|128806236|128806858|128806236|128806395|128806687|128806858	0.0272526473618809	0.13	0.43	0.3	835					128806236	128806395	128806687	128806858								128806236	128806858	30,23,34,14,31,19	15,12,17,9,11,16	50,73,49,68,31,19	38,61,40,45,65,65						5614	chr7	+							5614	168,196,134	27,26,46	79,89,87	54,51,38	441	149	1.7476223965e-05	0.00017707871900106	0.678,0.718,0.496	0.331,0.371,0.436	0.251					0.00017707871900106	0.251	0.6306666666666667	0.3793333333333333	995					128806236	128806395	128806687	128806858								128806236	128806858	53,46,36,11,36,27	22,37,40,27,10,34	93,113,58,41,43,26	27,26,46,54,51,38						0.0272526473618809	0.13	7	+	128806236	128806858	128806236	128806395	128806687	128806858	622	0	1023	0	True	False	0.0		1023	0	False	False	1023	True	0.0	False	1	False	ENST00000480137	ENST00000480137	ENST00000297788;ENST00000378685;ENST00000464672;ENST00000464832;ENST00000485832;ENST00000487361;ENST00000494552;ENST00000528772	False	False	False	0.0	False	3UTR	3UTR	UFM1_independent
5702	ENSG00000160972	PPP1R16A	chr8	+							5702	831,766,715	678,548,750	325,455,492	572,675,809	216	149	3.62355478956e-10	1.380101737241113e-08	0.458,0.491,0.397	0.282,0.317,0.296	0.15					RI	chr8|+|144500095|144500391|144500095|144500199|144500266|144500391	1.380101737241113e-08	0.15	0.4486666666666666	0.2983333333333333	7616					144500095	144500199	144500266	144500391								144500095	144500391	468,408,376,174,252,291	704,677,618,279,373,410	0,0,0,0,0,0	678,548,750,572,675,809						5702	chr8	+							5702	607,764,711	474,709,846	354,414,432	526,697,558	216	149	4.6679624996e-05	0.00040099325085468	0.469,0.426,0.367	0.317,0.291,0.348	0.102					0.00040099325085468	0.102	0.4206666666666666	0.3186666666666666	7092					144500095	144500199	144500266	144500391								144500095	144500391	304,368,418,226,250,218	495,678,598,273,366,354	0,0,0,0,0,0	474,709,846,526,697,558						1.380101737241113e-08	0.15	8	+	144500095	144500391	144500095	144500199	144500266	144500391	296	0	458	0	True	False	2.0		458	2	True	True	458	True	2.0	True	1	False	ENST00000532806	ENST00000532806	ENST00000292539;ENST00000435887;ENST00000526183;ENST00000526564	False	False	False	0.0	False	3UTR	3UTR	UFM1_independent
5727	ENSG00000119185	ITGB1BP1	chr2	-							5727	341,444,444	84,107,80	93,138,153	36,35,59	692	149	0.00888699091851	0.0323220808495274	0.466,0.472,0.544	0.357,0.459,0.358	0.103					RI	chr2|-|9406660|9407598|9406660|9406905|9407448|9407598	0.0323220808495274	0.103	0.494	0.3913333333333333	2014					9406660	9406905	9407448	9407598								9406660	9407598	78,88,56,34,15,20	66,100,118,25,15,41	197,256,270,34,108,92	84,107,80,36,35,59						5727	chr2	-							5727	547,341,431	36,42,69	92,122,103	51,55,57	692	149	3.01980662698e-14	2.171025264325264e-12	0.766,0.636,0.574	0.28,0.323,0.28	0.364					2.171025264325264e-12	0.364	0.6586666666666666	0.2943333333333333	1946					9406660	9406905	9407448	9407598								9406660	9407598	86,47,54,10,10,21	164,68,97,26,10,27	297,226,280,56,102,55	36,42,69,51,55,57						0.0323220808495274	0.103	2	-	9406660	9407598	9406660	9406905	9407448	9407598	938	0	945	0	True	False	0.0		945	0	False	False	945	True	0.0	False	1	True	ENST00000359712	ENST00000359712	ENST00000238091;ENST00000355346;ENST00000360635;ENST00000456913;ENST00000460720;ENST00000464228;ENST00000465527;ENST00000470507;ENST00000482798;ENST00000483795;ENST00000488451;ENST00000490426;ENST00000492079;ENST00000497031	False	True	False	0.0	False	Stop_Codon	Stop_Codon	UFM1_independent
5730	ENSG00000228474	OST4	chr2	-							5730	20,37,26	10,88,21	2,24,19	46,59,73	286	149	0.000151484382234	0.0011640378845349	0.51,0.18,0.392	0.022,0.175,0.119	0.255					RI	chr2|-|27071325|27071649|27071325|27071463|27071600|27071649	0.0011640378845349	0.255	0.3606666666666667	0.1053333333333333	425					27071325	27071463	27071600	27071649								27071325	27071649	18,30,17,0,19,13	2,5,9,2,5,9	0,2,1,0,0,0	10,88,21,46,59,73						5730	chr2	-							5730	2,30,42	34,69,77	38,9,40	29,18,66	286	149	0.0136260502058	0.0456140339206353	0.03,0.185,0.221	0.406,0.207,0.24	-0.139					0.0456140339206353	-0.139	0.1453333333333333	0.2843333333333333	454					27071325	27071463	27071600	27071649								27071325	27071649	1,14,27,27,2,22	1,15,17,9,7,18	0,1,0,2,0,0	34,69,77,29,18,66						0.0011640378845349	0.255	2	-	27071325	27071649	27071325	27071463	27071600	27071649	324	0	333	0	True	False	0.0		333	0	False	False	333	True	0.0	False	1	True	ENST00000429985	ENST00000429985	ENST00000447619;ENST00000456793	True	True	False	0.0	False	5UTR	5UTR	UFM1_independent
5750	ENSG00000177409	SAMD9L	chr7	-							5750	58,22,2	0,1,0	0,6,10	4,0,3	991	149	1.56251846106e-06	2.2544384007576283e-05	1.0,0.768,1.0	0.0,1.0,0.334	0.478					RI	chr7|-|93145384|93147146|93145384|93146040|93146882|93147146	2.2544384007576283e-05	0.478	0.9226666666666666	0.4446666666666666	106					93145384	93146040	93146882	93147146								93145384	93147146	6,0,0,0,0,4	0,0,0,0,6,2	52,22,2,0,0,4	0,1,0,4,0,3						5750	chr7	-							5750	10,2,8	6,0,6	22,16,24	0,0,0	991	149	3.77460459555e-08	8.733654081427758e-07	0.2,1.0,0.167	1.0,1.0,1.0	-0.544					8.733654081427758e-07	-0.544	0.4556666666666666	1.0	94					93145384	93146040	93146882	93147146								93145384	93147146	0,0,2,0,7,1	0,1,0,0,0,0	10,1,6,22,9,23	6,0,6,0,0,0						2.2544384007576283e-05	0.478	7	-	93145384	93147146	93145384	93146040	93146882	93147146	1762	0	0	0	False	False			0	0		False	0	False			1	False	ENST00000699641	ENST00000699641	ENST00000318238;ENST00000411955;ENST00000414791;ENST00000437805;ENST00000439952;ENST00000446033;ENST00000446959;ENST00000477816	False	False	False	0.0	False	5UTR	5UTR	UFM1_independent
5759	ENSG00000103811	CTSH	chr15	-							5759	64,64,92	60,20,35	16,23,14	9,41,72	936	149	7.65408370351e-07	1.2351274018400871e-05	0.145,0.337,0.295	0.221,0.082,0.03	0.148					RI	chr15|-|78921771|78923118|78921771|78922205|78922992|78923118	1.2351274018400871e-05	0.148	0.259	0.111	510					78921771	78922205	78922992	78923118								78921771	78923118	10,1,15,6,10,3	15,6,2,1,0,3	39,57,75,9,13,8	60,20,35,9,41,72						5759	chr15	-							5759	41,79,88	20,45,58	13,21,43	11,40,68	936	149	1.82531021686e-06	2.5754785980414817e-05	0.246,0.218,0.195	0.158,0.077,0.091	0.111					2.5754785980414817e-05	0.111	0.2196666666666666	0.1086666666666666	527					78921771	78922205	78922992	78923118								78921771	78923118	7,5,23,4,1,15	8,7,20,6,1,5	26,67,45,3,19,23	20,45,58,11,40,68						1.2351274018400871e-05	0.148	15	-	78921771	78923118	78921771	78922205	78922992	78923118	1347	0	2190	0	True	False	0.0		2190	0	False	False	2190	True	0.0	False	1	False	ENST00000678817	ENST00000678817	ENST00000220166;ENST00000525807;ENST00000527715;ENST00000528191;ENST00000528741;ENST00000530010;ENST00000533777;ENST00000534237;ENST00000534533;ENST00000615999;ENST00000649928;ENST00000676486;ENST00000676510;ENST00000676588;ENST00000676596;ENST00000676639;ENST00000676671;ENST00000676763;ENST00000676808;ENST00000676865;ENST00000676880;ENST00000677011;ENST00000677049;ENST00000677102;ENST00000677207;ENST00000677238;ENST00000677254;ENST00000677316;ENST00000677367;ENST00000677448;ENST00000677534;ENST00000677789;ENST00000677810;ENST00000677874;ENST00000677921;ENST00000677936;ENST00000678031;ENST00000678033;ENST00000678114;ENST00000678281;ENST00000678283;ENST00000678397;ENST00000678415;ENST00000678487;ENST00000678644;ENST00000678727;ENST00000678799;ENST00000678841;ENST00000678886;ENST00000678940;ENST00000679017;ENST00000679047;ENST00000679125;ENST00000679172;ENST00000679211;ENST00000679334	False	False	False	0.0	False	Stop_Codon	Stop_Codon	UFM1_independent
5837	ENSG00000143801	PSEN2	chr1	+							5837	325,285,228	0,6,7	198,243,211	8,4,19	674	149	0.0019987870813	0.009750646286819	1.0,0.913,0.878	0.845,0.931,0.711	0.101					RI	chr1|+|226897719|226899555|226897719|226897829|226898354|226899555	0.009750646286819	0.101	0.9303333333333332	0.829	1534					226897719	226897829	226898354	226899555								226897719	226899555	81,81,72,46,71,87	78,100,73,76,81,71	166,104,83,76,91,53	0,6,7,8,4,19						5837	chr1	+							5837	196,262,324	1,11,9	106,160,250	2,10,25	674	149	0.00881800283686	0.0320215989968716	0.977,0.84,0.888	0.921,0.78,0.689	0.105					0.0320215989968716	0.105	0.9016666666666666	0.7966666666666666	1356					226897719	226897829	226898354	226899555								226897719	226899555	49,81,69,57,24,87	78,88,157,27,73,80	69,93,98,22,63,83	1,11,9,2,10,25						0.009750646286819	0.101	1	+	226897719	226899555	226897719	226897829	226898354	226899555	1836	0	56	0	True	False	2.0		56	2	True	True	56	True	2.0	True	3	True	ENST00000676747;ENST00000678820;ENST00000679098	ENST00000676747;ENST00000678820;ENST00000679098	ENST00000485677;ENST00000676616;ENST00000676945;ENST00000677599;ENST00000678233;ENST00000678655;ENST00000678784;ENST00000678835	False	True	False	0.0	False	3UTR	3UTR	UFM1_independent
5856	ENSG00000128159	TUBGCP6	chr22	-							5856	207,273,167	184,143,141	45,62,47	174,179,194	336	149	0.0	0.0	0.333,0.458,0.344	0.103,0.133,0.097	0.267					RI	chr22|-|50219287|50219791|50219287|50219456|50219643|50219791	0.0	0.267	0.3783333333333333	0.111	1816					50219287	50219456	50219643	50219791								50219287	50219791	73,75,92,2,22,25	109,146,63,36,33,19	25,52,12,7,7,3	184,143,141,174,179,194						5856	chr22	-							5856	100,144,178	119,163,184	21,67,81	153,191,159	336	149	3.9388270423e-11	1.6751110217218095e-09	0.271,0.281,0.3	0.057,0.135,0.184	0.159					1.6751110217218095e-09	0.159	0.284	0.1253333333333333	1560					50219287	50219456	50219643	50219791								50219287	50219791	29,72,89,11,27,12	68,62,76,10,40,48	3,10,13,0,0,21	119,163,184,153,191,159						0.0	0.267	22	-	50219287	50219791	50219287	50219456	50219643	50219791	504	0	887	0	True	False	2.0		887	2	True	True	887	True	2.0	True	1	False	ENST00000498611	ENST00000498611	ENST00000248846;ENST00000425018;ENST00000439308;ENST00000491449	False	False	False	0.0	False	3UTR	3UTR	UFM1_independent
5865	ENSG00000241370	RPP21	chr6	+							5865	11,19,35	2,4,13	15,17,15	1,0,2	217	149	0.000255210605899	0.0017926133280328	0.791,0.765,0.649	0.912,1.0,0.837	-0.181					RI	chr6|+|30345297|30345573|30345297|30345398|30345466|30345573	0.0017926133280328	-0.181	0.735	0.9163333333333332	134					30345297	30345398	30345466	30345573								30345297	30345573	2,6,9,7,4,11	9,14,28,11,13,7	0,0,0,0,0,0	2,4,13,1,0,2						5865	chr6	+							5865	23,38,28	0,0,0	18,9,37	1,8,0	217	149	0.000850616297448	0.0046319854105396	1.0,1.0,1.0	0.925,0.436,1.0	0.213					0.0046319854105396	0.213	1.0	0.787	162					30345297	30345398	30345466	30345573								30345297	30345573	15,22,11,2,2,16	8,20,17,16,9,24	0,0,0,0,0,0	0,0,0,1,8,0						0.0017926133280328	-0.181	6	+	30345297	30345573	30345297	30345398	30345466	30345573	276	0	760	0	True	False	1.0		760	1	True	True	760	True	1.0	True	1	False	ENST00000473266	ENST00000473266	ENST00000428040;ENST00000433076;ENST00000436442;ENST00000442966;ENST00000466327;ENST00000489124;ENST00000491477;ENST00000498414	False	False	False	0.0	False	NonCoding	NonCoding	UFM1_independent
5953	ENSG00000177685	CRACR2B	chr11	+							5953	272,249,281	47,23,20	141,203,253	48,44,36	432	149	0.00419960126495	0.0178605659544728	0.666,0.789,0.829	0.503,0.614,0.708	0.153					RI	chr11|+|830249|830713|830249|830337|830620|830713	0.0178605659544728	0.153	0.7613333333333333	0.6083333333333333	1617					830249	830337	830620	830713								830249	830713	88,71,47,20,39,90	107,111,126,49,70,99	77,67,108,72,94,64	47,23,20,48,44,36						5953	chr11	+							5953	158,213,306	41,12,22	123,189,218	59,31,42	432	149	0.0142711463112	0.0472885998927309	0.571,0.86,0.828	0.418,0.678,0.642	0.174					0.0472885998927309	0.174	0.753	0.5793333333333334	1414					830249	830337	830620	830713								830249	830713	34,60,79,41,50,70	86,110,122,46,66,89	38,43,105,36,73,59	41,12,22,59,31,42						0.0178605659544728	0.153	11	+	830249	830713	830249	830337	830620	830713	464	0	543	0	True	False	0.0		543	0	False	False	543	True	0.0	False	1	False	ENST00000527763	ENST00000527763	ENST00000450448;ENST00000525077;ENST00000526531;ENST00000528542;ENST00000528694;ENST00000530688	False	False	False	0.0	False	3UTR	3UTR	UFM1_independent
5955	ENSG00000177685	CRACR2B	chr11	+							5955	123,125,183	55,69,62	68,108,122	67,85,104	340	149	2.42757217034e-05	0.00024483343007442	0.495,0.443,0.564	0.308,0.358,0.34	0.165					RI	chr11|+|830865|831295|830865|831032|831223|831295	0.00024483343007442	0.165	0.5006666666666666	0.3353333333333333	1171					830865	831032	831223	831295								830865	831295	46,36,61,33,22,68	70,77,83,25,79,35	7,12,39,10,7,19	55,69,62,67,85,104						5955	chr11	+							5955	73,133,194	89,61,99	42,58,117	75,128,96	340	149	0.00237337614714	0.0109494412166374	0.264,0.489,0.462	0.197,0.166,0.348	0.168					0.0109494412166374	0.168	0.405	0.237	1165					830865	831032	831223	831295								830865	831295	25,61,67,10,21,39	41,53,108,26,29,69	7,19,19,6,8,9	89,61,99,75,128,96						0.00024483343007442	0.165	11	+	830865	831295	830865	831032	831223	831295	430	0	383	0	True	False	2.0		383	2	True	True	383	True	2.0	True	1	False	ENST00000527763	ENST00000527763	ENST00000450448;ENST00000525077;ENST00000526531;ENST00000528542;ENST00000528694;ENST00000530688	False	False	False	0.0	False	3UTR	3UTR	UFM1_independent
5982	ENSG00000066279	ASPM	chr1	-							5982	22,50,61	52,36,48	15,10,25	59,38,54	670	149	7.67288967063e-06	8.97903806494335e-05	0.086,0.236,0.22	0.054,0.055,0.093	0.113					RI	chr1|-|197128489|197129317|197128489|197128665|197129186|197129317	8.97903806494335e-05	0.113	0.1806666666666666	0.0673333333333333	470					197128489	197128665	197129186	197129317								197128489	197129317	9,23,5,5,2,13	8,13,9,8,4,3	5,14,47,2,4,9	52,36,48,59,38,54						5982	chr1	-							5982	18,16,30	38,38,76	18,62,13	32,26,15	670	149	0.00090831935904	0.0048932565648907	0.095,0.086,0.081	0.111,0.347,0.162	-0.119					0.0048932565648907	-0.119	0.0873333333333333	0.2066666666666666	382					197128489	197128665	197129186	197129317								197128489	197129317	2,0,4,0,18,5	8,4,9,10,17,3	8,12,17,8,27,5	38,38,76,32,26,15						8.97903806494335e-05	0.113	1	-	197128489	197129317	197128489	197128665	197129186	197129317	828	0	1535	0	True	False	2.0		1535	2	True	True	1535	True	2.0	True	1	False	ENST00000367408	ENST00000367408	ENST00000294732;ENST00000367409;ENST00000680112;ENST00000680265;ENST00000680710;ENST00000681879	False	False	False	0.0	False	NonCoding	NonCoding	UFM1_independent
6013	ENSG00000172053	QARS1	chr3	-							6013	241,418,395	288,280,328	115,110,214	180,173,351	341	149	6.06294856675e-06	7.390861834703167e-05	0.268,0.395,0.345	0.218,0.217,0.21	0.121					RI	chr3|-|49098599|49098989|49098599|49098692|49098884|49098989	7.390861834703167e-05	0.121	0.336	0.215	3093					49098599	49098692	49098884	49098989								49098599	49098989	64,126,153,45,18,48	94,213,121,50,68,105	83,79,121,20,24,61	288,280,328,180,173,351						6013	chr3	-							6013	381,265,279	226,326,360	87,124,161	139,242,221	341	149	0.00382800758677	0.0162113168418681	0.424,0.262,0.253	0.215,0.183,0.241	0.1					0.0162113168418681	0.1	0.313	0.213	2811					49098599	49098692	49098884	49098989								49098599	49098989	142,77,71,30,42,52	143,117,139,45,27,60	96,71,69,12,55,49	226,326,360,139,242,221						7.390861834703167e-05	0.121	3	-	49098599	49098989	49098599	49098692	49098884	49098989	390	0	1477	0	True	False	1.0		1477	1	True	True	1477	True	1.0	True	1	False	ENST00000459870	ENST00000459870	ENST00000306125;ENST00000414533;ENST00000430182;ENST00000453392;ENST00000464962;ENST00000466179;ENST00000470113;ENST00000482248;ENST00000494984;ENST00000634336;ENST00000634473;ENST00000636018;ENST00000636669;ENST00000637113;ENST00000637281;ENST00000637543;ENST00000637908	False	False	False	0.0	False	3UTR	3UTR	UFM1_independent
6081	ENSG00000092203	TOX4	chr14	+							6081	275,326,357	11,39,58	346,283,583	7,5,23	1045	149	8.52392994358e-05	0.00070920947644548	0.781,0.544,0.467	0.876,0.89,0.783	-0.252					RI	chr14|+|21487450|21488850|21487450|21487693|21488589|21488850	0.00070920947644548	-0.252	0.5973333333333334	0.8496666666666667	2313					21487450	21487693	21488589	21488850								21487450	21488850	32,31,30,33,10,60	9,22,0,16,19,30	234,273,327,297,254,493	11,39,58,7,5,23						6081	chr14	+							6081	172,230,269	23,25,8	381,306,337	6,4,6	1045	149	3.66661200202e-06	4.691243618686182e-05	0.516,0.567,0.827	0.901,0.916,0.889	-0.265					4.691243618686182e-05	-0.265	0.6366666666666666	0.902	1767					21487450	21487693	21488589	21488850								21487450	21488850	7,39,32,32,39,46	8,10,3,29,29,23	157,181,234,320,238,268	23,25,8,6,4,6						0.00070920947644548	-0.252	14	+	21487450	21488850	21487450	21487693	21488589	21488850	1400	0	2599	0	True	False	1.0		2599	1	True	True	2599	True	1.0	True	1	False	ENST00000613005	ENST00000613005	ENST00000416256;ENST00000447695;ENST00000448790;ENST00000455138;ENST00000455393;ENST00000457430;ENST00000473176;ENST00000487242;ENST00000494242;ENST00000613569;ENST00000673643;ENST00000673911	False	False	False	0.0	False	3UTR	3UTR	UFM1_independent
6164	ENSG00000135749	PCNX2	chr1	-							6164	436,385,608	5,16,24	336,412,509	24,47,26	1763	149	0.00123882196244	0.0065998751291764	0.881,0.67,0.682	0.542,0.426,0.623	0.214					RI	chr1|-|232984135|232986540|232984135|232984477|232986091|232986540	0.0065998751291764	0.214	0.7443333333333334	0.5303333333333333	2828					232984135	232984477	232986091	232986540								232984135	232986540	54,33,99,13,26,36	24,15,16,15,14,14	358,337,493,308,372,459	5,16,24,24,47,26						6164	chr1	-							6164	362,581,471	10,30,28	303,303,359	27,29,52	1763	149	0.000141085778728	0.0010160981742464	0.754,0.621,0.587	0.487,0.469,0.368	0.213					0.0010160981742464	0.213	0.654	0.4413333333333333	2555					232984135	232984477	232986091	232986540								232984135	232986540	43,44,21,23,34,58	5,38,22,25,12,10	314,499,428,255,257,291	10,30,28,27,29,52						0.0065998751291764	0.214	1	-	232984135	232986540	232984135	232984477	232986091	232986540	2405	0	1204	0	True	False	1.0		1204	1	True	True	1204	True	1.0	True	1	True	ENST00000344698	ENST00000344698	ENST00000258229;ENST00000462233;ENST00000462762;ENST00000496675	False	True	True	1.0	False	Stop_Codon	Stop_Codon	UFM1_independent
6184	ENSG00000143369	ECM1	chr1	+							6184	241,278,289	79,124,100	283,288,350	89,48,34	308	149	0.000351990013928	0.0023589101261273	0.596,0.52,0.583	0.606,0.744,0.833	-0.161					RI	chr1|+|150509660|150510002|150509660|150509762|150509921|150510002	0.0023589101261273	-0.161	0.5663333333333334	0.7276666666666667	2203					150509660	150509762	150509921	150510002								150509660	150510002	143,171,137,118,119,189	92,79,147,141,148,140	6,28,5,24,21,21	79,124,100,89,48,34						6184	chr1	+							6184	171,292,361	67,130,63	228,316,288	42,62,41	308	149	0.005626891557	0.0222387422203684	0.553,0.521,0.735	0.724,0.711,0.773	-0.133					0.0222387422203684	-0.133	0.603	0.736	2061					150509660	150509762	150509921	150510002								150509660	150510002	66,158,183,129,170,204	99,125,160,97,139,80	6,9,18,2,7,4	67,130,63,42,62,41						0.0023589101261273	-0.161	1	+	150509660	150510002	150509660	150509762	150509921	150510002	342	0	630	0	True	False	0.0		630	0	False	False	630	True	0.0	False	3	False	ENST00000490346;ENST00000496744;ENST00000498579	ENST00000490346;ENST00000496744;ENST00000498579	ENST00000346569;ENST00000369047;ENST00000369049;ENST00000470432	False	False	False	0.0	False	CDS	CDS	UFM1_independent
6215	ENSG00000167996	FTH1	chr11	-							6215	99,147,82	3,4,0	85,149,127	27,0,5	235	149	0.00449998394301	0.0188482934006402	0.954,0.959,1.0	0.666,1.0,0.942	0.102					RI	chr11|-|61967311|61967631|61967311|61967371|61967457|61967631	0.0188482934006402	0.102	0.971	0.8693333333333333	728					61967311	61967371	61967457	61967631								61967311	61967631	66,85,53,49,107,66	46,97,44,48,86,88	0,0,0,0,0,0	3,4,0,27,0,5						6215	chr11	-							6215	92,198,228	0,0,0	113,66,125	0,15,5	235	149	2.16705644207e-07	4.076901512043841e-06	1.0,1.0,1.0	1.0,0.736,0.941	0.108					4.076901512043841e-06	0.108	1.0	0.8923333333333333	842					61967311	61967371	61967457	61967631								61967311	61967631	59,86,124,48,25,63	46,154,122,82,46,83	0,0,0,0,0,0	0,0,0,0,15,5						0.0188482934006402	0.102	11	-	61967311	61967631	61967311	61967371	61967457	61967631	320	0	822	0	True	False	0.0		822	0	False	False	822	True	0.0	False	4	True	ENST00000529191;ENST00000529631;ENST00000530019;ENST00000532829	ENST00000529191;ENST00000529631;ENST00000530019;ENST00000532829	ENST00000273550;ENST00000526640;ENST00000529548;ENST00000533138;ENST00000534180;ENST00000534719;ENST00000620041	True	False	False	0.0	False	Start_Codon	Start_Codon	UFM1_independent
6218	ENSG00000075785	RAB7A	chr3	+							6218	357,228,321	61,103,108	725,465,794	111,88,96	1101	149	0.000869957573357	0.0049855886353505	0.442,0.231,0.287	0.469,0.417,0.528	-0.151					RI	chr3|+|128806371|128807671|128806371|128806590|128807542|128807671	0.0049855886353505	-0.151	0.32	0.4713333333333333	3457					128806371	128806590	128807542	128807671								128806371	128807671	30,14,36,90,54,51	65,82,82,108,38,161	262,132,203,527,373,582	61,103,108,111,88,96						6218	chr3	+							6218	235,221,301	37,64,129	752,495,695	73,48,101	1101	149	3.17041668551e-05	0.00029637997467174	0.462,0.318,0.24	0.582,0.583,0.482	-0.209					0.00029637997467174	-0.209	0.34	0.5489999999999999	3151					128806371	128806590	128807542	128807671								128806371	128807671	13,37,15,93,30,95	27,47,72,141,140,110	195,137,214,518,325,490	37,64,129,73,48,101						0.0049855886353505	-0.151	3	+	128806371	128807671	128806371	128806590	128807542	128807671	1300	0	3733	0	True	False	1.0		3733	1	True	True	3733	True	1.0	True	1	False	ENST00000675712	ENST00000675712	ENST00000265062;ENST00000464496;ENST00000482525;ENST00000483906;ENST00000485280;ENST00000490093;ENST00000493186;ENST00000674589;ENST00000674593;ENST00000674748;ENST00000675342;ENST00000675497;ENST00000675864;ENST00000676147;ENST00000676214;ENST00000676425	False	False	False	0.0	False	CDS	CDS	UFM1_independent
6276	ENSG00000162736	NCSTN	chr1	+							6276	249,193,270	66,106,120	234,270,242	62,49,57	1029	149	0.000595038753327	0.0036524300654666	0.353,0.209,0.246	0.353,0.444,0.381	-0.123					RI	chr1|+|160353159|160354290|160353159|160353237|160354117|160354290	0.0036524300654666	-0.123	0.2693333333333333	0.3926666666666666	1918					160353159	160353237	160354117	160354290								160353159	160354290	25,18,52,28,70,41	27,16,35,13,31,34	197,159,183,193,169,167	66,106,120,62,49,57						6276	chr1	+							6276	159,250,237	77,122,76	269,204,266	49,62,54	1029	149	8.09849443171e-05	0.00064182162563119	0.23,0.229,0.311	0.443,0.323,0.416	-0.137					0.00064182162563119	-0.137	0.2566666666666666	0.394	1825					160353159	160353237	160354117	160354290								160353159	160354290	51,26,52,60,38,46	20,18,24,48,35,37	88,206,161,161,131,183	77,122,76,49,62,54						0.0036524300654666	-0.123	1	+	160353159	160354290	160353159	160353237	160354117	160354290	1131	0	3075	0	True	False	0.0		3075	0	False	False	3075	True	0.0	False	3	False	ENST00000699526;ENST00000699534;ENST00000699539	ENST00000699526;ENST00000699534;ENST00000699539	ENST00000294785;ENST00000368063;ENST00000421914;ENST00000424645;ENST00000424754;ENST00000435149;ENST00000459963;ENST00000491390;ENST00000699527;ENST00000699528;ENST00000699529;ENST00000699530;ENST00000699531;ENST00000699532;ENST00000699533;ENST00000699535;ENST00000699536;ENST00000699537;ENST00000699538;ENST00000699540;ENST00000699541;ENST00000699542;ENST00000699543;ENST00000699544;ENST00000699545;ENST00000699546;ENST00000699547;ENST00000699548;ENST00000699549;ENST00000699550;ENST00000699551;ENST00000699552;ENST00000699553;ENST00000699554;ENST00000699556	False	False	False	0.0	False	Stop_Codon	Stop_Codon	UFM1_independent
6283	ENSG00000162736	NCSTN	chr1	+							6283	443,477,444	46,124,60	381,472,453	28,47,45	435	149	0.00698619185032	0.026549940957744	0.767,0.569,0.717	0.823,0.775,0.775	-0.107					RI	chr1|+|160355862|160357253|160355862|160356754|160357040|160357253	0.026549940957744	-0.107	0.6843333333333333	0.791	3020					160355862	160356754	160357040	160357253								160355862	160357253	82,117,112,75,106,144	239,201,160,150,160,166	122,159,172,156,206,143	46,124,60,28,47,45						6283	chr1	+							6283	418,388,530	64,107,77	353,415,491	32,50,37	435	149	0.000175227018429	0.0012177168749053	0.691,0.554,0.702	0.791,0.74,0.82	-0.135					0.0012177168749053	-0.135	0.649	0.7836666666666666	2962					160355862	160356754	160357040	160357253								160355862	160357253	49,54,85,70,98,53	179,223,241,143,172,235	190,111,204,140,145,203	64,107,77,32,50,37						0.026549940957744	-0.107	1	+	160355862	160357253	160355862	160356754	160357040	160357253	1391	0	3768	0	True	False	0.0		3768	0	False	False	3768	True	0.0	False	1	False	ENST00000699534	ENST00000699534	ENST00000294785;ENST00000368063;ENST00000421914;ENST00000435149;ENST00000459963;ENST00000491390;ENST00000699526;ENST00000699527;ENST00000699528;ENST00000699529;ENST00000699530;ENST00000699531;ENST00000699532;ENST00000699533;ENST00000699535;ENST00000699536;ENST00000699537;ENST00000699538;ENST00000699539;ENST00000699540;ENST00000699541;ENST00000699542;ENST00000699543;ENST00000699544;ENST00000699545;ENST00000699546;ENST00000699547;ENST00000699548;ENST00000699549;ENST00000699550;ENST00000699551;ENST00000699552;ENST00000699553;ENST00000699554;ENST00000699556;ENST00000699557	False	False	False	0.0	False	3UTR	3UTR	UFM1_independent
6342	ENSG00000173846	PLK3	chr1	+							6342	68,85,106	25,26,37	42,41,34	34,34,29	297	149	6.80757247296e-06	8.089929148098978e-05	0.577,0.621,0.59	0.383,0.377,0.37	0.219					RI	chr1|+|44804338|44804779|44804338|44804501|44804649|44804779	8.089929148098978e-05	0.219	0.596	0.3766666666666666	561					44804338	44804501	44804649	44804779								44804338	44804779	30,52,37,28,32,8	38,33,69,14,9,26	0,0,0,0,0,0	25,26,37,34,34,29						6342	chr1	+							6342	126,94,100	32,23,54	62,77,53	46,67,47	297	149	4.85599042316e-05	0.00041361531968213	0.664,0.672,0.482	0.403,0.366,0.361	0.229					0.00041361531968213	0.229	0.606	0.3766666666666666	781					44804338	44804501	44804649	44804779								44804338	44804779	46,68,41,33,18,8	80,30,60,29,59,45	0,0,0,0,0,0	32,23,54,46,67,47						8.089929148098978e-05	0.219	1	+	44804338	44804779	44804338	44804501	44804649	44804779	441	0	293	0	True	False	2.0		293	2	True	True	293	True	2.0	True	1	False	ENST00000465443	ENST00000465443	ENST00000372201;ENST00000461358;ENST00000461769;ENST00000492398;ENST00000493100	False	False	False	0.0	False	NonCoding	NonCoding	UFM1_independent
6413	ENSG00000145495	MARCHF6	chr5	+							6413	3506,2847,2892	59,82,49	2522,2716,4129	19,25,16	1365	149	1.0862422072900002e-12	6.796772668471715e-11	0.866,0.791,0.866	0.935,0.922,0.966	-0.1					RI	chr5|+|10400783|10402139|10400783|10400842|10402058|10402139	6.796772668471715e-11	-0.1	0.841	0.941	18862					10400783	10400842	10402058	10402139								10400783	10402139	471,370,262,339,324,404	321,299,351,255,293,390	2714,2178,2279,1928,2099,3335	59,82,49,19,25,16						6413	chr5	+							6413	2028,2794,3075	79,103,51	2916,2822,2736	67,20,14	1365	149	3.30223483558e-07	5.952894379721677e-06	0.737,0.748,0.868	0.826,0.939,0.955	-0.122					5.952894379721677e-06	-0.122	0.7843333333333333	0.9066666666666666	16705					10400783	10400842	10402058	10402139								10400783	10402139	212,268,405,333,332,331	244,263,330,320,308,253	1572,2263,2340,2263,2182,2152	79,103,51,67,20,14						6.796772668471715e-11	-0.1	5	+	10400783	10402139	10400783	10400842	10402058	10402139	1356	0	567	0	True	False	0.0		567	0	False	False	567	True	0.0	False	1	False	ENST00000511802	ENST00000511802	ENST00000274140;ENST00000449913;ENST00000503788;ENST00000510792;ENST00000514961	False	False	False	0.0	False	Start_Codon	Start_Codon	UFM1_independent
6436	ENSG00000125835	SNRPB	chr20	-							6436	2515,2230,2917	385,340,517	4698,4689,5944	342,303,507	1936	149	0.0	0.0	0.335,0.335,0.303	0.514,0.544,0.474	-0.186					RI	chr20|-|2465707|2467758|2465707|2465819|2467606|2467758	0.0	-0.186	0.3243333333333333	0.5106666666666667	25387					2465707	2465819	2467606	2467758								2465707	2467758	180,161,166,422,409,599	169,119,103,245,184,241	2166,1950,2648,4031,4096,5104	385,340,517,342,303,507						6436	chr20	-							6436	2091,2145,2855	345,430,536	4056,4287,5259	208,269,404	1936	149	0.0	0.0	0.318,0.277,0.291	0.6,0.551,0.5	-0.255					0.0	-0.255	0.2953333333333333	0.5503333333333333	22885					2465707	2465819	2467606	2467758								2465707	2467758	179,183,211,321,330,449	154,121,173,207,179,193	1758,1841,2471,3528,3778,4617	345,430,536,208,269,404						0.0	-0.186	20	-	2465707	2467758	2465707	2465819	2467606	2467758	2051	0	735	0	True	False	0.0		735	0	False	False	735	True	0.0	False	3	False	ENST00000688423;ENST00000688775;ENST00000693393	ENST00000688423;ENST00000688775;ENST00000693393	ENST00000381342;ENST00000438552;ENST00000474384;ENST00000689440;ENST00000690623	False	False	False	0.0	False	Stop_Codon	Stop_Codon	UFM1_independent
6440	ENSG00000173818	ENDOV	chr17	+							6440	12,29,18	0,0,0	3,13,11	0,1,5	280	149	0.00126836497228	0.0067213043844226	1.0,1.0,1.0	1.0,0.874,0.539	0.196					RI	chr17|+|80415452|80415821|80415452|80415518|80415649|80415821	0.0067213043844226	0.196	1.0	0.8043333333333333	92					80415452	80415518	80415649	80415821								80415452	80415821	10,6,0,0,6,8	6,23,18,3,8,5	0,0,0,0,0,0	0,0,0,0,1,5						6440	chr17	+							6440	53,9,25	0,0,0	6,15,22	4,3,0	280	149	0.000141644463736	0.0010171740541081	1.0,1.0,1.0	0.444,0.727,1.0	0.276					0.0010171740541081	0.276	1.0	0.7236666666666667	137					80415452	80415518	80415649	80415821								80415452	80415821	11,9,14,6,6,4	53,3,11,0,9,18	0,0,0,0,0,0	0,0,0,4,3,0						0.0067213043844226	0.196	17	+	80415452	80415821	80415452	80415518	80415649	80415821	369	0	1032	0	True	False	0.0		1032	0	False	False	1032	True	0.0	False	1	False	ENST00000522200	ENST00000522200	ENST00000323854;ENST00000517295;ENST00000517795;ENST00000518137;ENST00000518644;ENST00000518901;ENST00000518907;ENST00000519117;ENST00000520118;ENST00000520136;ENST00000520284;ENST00000520367;ENST00000520484;ENST00000520537;ENST00000521330;ENST00000521565;ENST00000521830;ENST00000521847;ENST00000522577;ENST00000522751;ENST00000523165;ENST00000523228;ENST00000523828;ENST00000523999	False	False	False	0.0	False	5UTR	5UTR	UFM1_independent
6465	ENSG00000108591	DRG2	chr17	+							6465	276,308,317	180,101,109	122,144,164	116,123,125	704	149	2.02075338781e-05	0.00020860706690321	0.245,0.392,0.381	0.182,0.199,0.217	0.14					RI	chr17|+|18099016|18100435|18099016|18099077|18099632|18100435	0.00020860706690321	0.14	0.3393333333333333	0.1993333333333333	2085					18099016	18099077	18099632	18100435								18099016	18100435	21,49,26,12,22,7	94,83,106,29,47,32	161,176,185,81,75,125	180,101,109,116,123,125						6465	chr17	+							6465	255,269,311	93,161,151	111,127,141	82,178,111	704	149	1.59103830921e-06	2.28768579745695e-05	0.367,0.261,0.304	0.223,0.131,0.212	0.122					2.28768579745695e-05	0.122	0.3106666666666666	0.1886666666666666	1990					18099016	18099077	18099632	18100435								18099016	18100435	27,27,16,16,8,3	41,64,80,14,23,39	187,178,215,81,96,99	93,161,151,82,178,111						0.00020860706690321	0.14	17	+	18099016	18100435	18099016	18099077	18099632	18100435	1419	0	988	0	True	False	1.0		988	1	True	True	988	True	1.0	True	1	False	ENST00000582528	ENST00000582528	ENST00000225729;ENST00000395726;ENST00000467099;ENST00000496428;ENST00000577450;ENST00000577771;ENST00000578767;ENST00000579224;ENST00000579601;ENST00000580055;ENST00000580929;ENST00000582314;ENST00000582419;ENST00000583162;ENST00000583355	False	False	False	0.0	False	3UTR	3UTR	UFM1_independent
6502	ENSG00000172269	DPAGT1	chr11	-							6502	161,186,241	92,115,65	56,28,43	36,42,32	315	149	0.013105888405	0.0441601342029692	0.453,0.433,0.637	0.424,0.24,0.389	0.157					RI	chr11|-|119097141|119097551|119097141|119097297|119097463|119097551	0.0441601342029692	0.157	0.5076666666666667	0.351	1097					119097141	119097297	119097463	119097551								119097141	119097551	82,96,110,13,10,31	58,87,93,42,16,10	21,3,38,1,2,2	92,115,65,36,42,32						6502	chr11	-							6502	121,304,219	70,113,98	16,64,32	33,60,36	315	149	1.20743997079e-06	1.795992606798229e-05	0.45,0.56,0.514	0.187,0.335,0.296	0.235					1.795992606798229e-05	0.235	0.508	0.2726666666666666	1166					119097141	119097297	119097463	119097551								119097141	119097551	42,83,115,8,47,16	69,189,103,8,17,14	10,32,1,0,0,2	70,113,98,33,60,36						0.0441601342029692	0.157	11	-	119097141	119097551	119097141	119097297	119097463	119097551	410	0	1153	0	True	False	1.0		1153	1	True	True	1153	True	1.0	True	4	False	ENST00000445653;ENST00000684142;ENST00000684255;ENST00000684499	ENST00000445653;ENST00000684142;ENST00000684255;ENST00000684499	ENST00000354202;ENST00000392834;ENST00000409993;ENST00000414373;ENST00000442480;ENST00000461999;ENST00000481084;ENST00000524658;ENST00000525456;ENST00000530052;ENST00000636404;ENST00000638850;ENST00000639704;ENST00000640102;ENST00000640747;ENST00000682191;ENST00000682192;ENST00000682232;ENST00000682326;ENST00000682404;ENST00000682517;ENST00000682652;ENST00000682665;ENST00000682691;ENST00000682791;ENST00000682811;ENST00000682883;ENST00000682946;ENST00000683143;ENST00000683373;ENST00000683558;ENST00000683567;ENST00000683955;ENST00000684252;ENST00000684315;ENST00000684345;ENST00000684682	False	False	False	0.0	False	Stop_Codon	Stop_Codon	UFM1_independent
6594	ENSG00000198034	RPS4X	chrX	-							6594	6916,6311,7863	901,851,1149	10238,10630,15432	619,700,990	1229	149	0.0	0.0	0.482,0.473,0.453	0.667,0.648,0.654	-0.187					RI	chrX|-|72273800|72275150|72273800|72273972|72275052|72275150	0.0	-0.187	0.4693333333333333	0.6563333333333333	62600					72273800	72273972	72275052	72275150								72273800	72275150	739,860,1029,1327,1425,1939	476,372,620,779,680,933	5701,5079,6214,8132,8525,12560	901,851,1149,619,700,990						6594	chrX	-							6594	4363,6200,7651	878,1020,1320	9501,10387,11992	584,591,984	1229	149	0.0	0.0	0.376,0.424,0.413	0.664,0.681,0.596	-0.243					0.0	-0.243	0.4043333333333333	0.647	55471					72273800	72273972	72275052	72275150								72273800	72275150	536,974,1060,1355,1477,1604	275,339,544,672,659,832	3552,4887,6047,7474,8251,9556	878,1020,1320,584,591,984						0.0	-0.187	X	-	72273800	72275150	72273800	72273972	72275052	72275150	1350	0	270	0	True	False	0.0		270	0	False	False	270	True	0.0	False	1	False	ENST00000486733	ENST00000486733	ENST00000316084;ENST00000373626	False	False	False	0.0	False	NonCoding	NonCoding	UFM1_independent
6599	ENSG00000100075	SLC25A1	chr22	-							6599	52,39,83	41,28,27	11,10,7	8,21,24	225	149	0.00237971773381	0.0112750637098281	0.456,0.48,0.671	0.477,0.24,0.162	0.243					RI	chr22|-|19177726|19178041|19177726|19177865|19177941|19178041	0.0112750637098281	0.243	0.5356666666666667	0.293	351					19177726	19177865	19177941	19178041								19177726	19178041	23,26,57,9,5,2	35,24,41,2,7,6	0,0,0,0,0,0	41,28,27,8,21,24						6599	chr22	-							6599	102,50,126	47,32,54	29,23,18	42,26,54	225	149	1.65613244896e-07	3.2055717497658463e-06	0.59,0.509,0.607	0.314,0.369,0.181	0.281					3.2055717497658463e-06	0.281	0.5686666666666667	0.288	603					19177726	19177865	19177941	19178041								19177726	19178041	77,28,74,14,15,5	65,31,67,15,8,17	0,0,0,0,0,0	47,32,54,42,26,54						0.0112750637098281	0.243	22	-	19177726	19178041	19177726	19177865	19177941	19178041	315	0	371	0	True	False	2.0		371	2	True	True	371	True	2.0	True	1	False	ENST00000470922	ENST00000470922	ENST00000215882;ENST00000451283;ENST00000461267;ENST00000468824	False	False	False	0.0	False	5UTR	5UTR	UFM1_independent
6618	ENSG00000007202	BLTP2	chr17	-							6618	174,93,91	111,107,38	55,42,20	51,48,47	407	149	0.0112902251582	0.0392692346398652	0.365,0.241,0.467	0.283,0.243,0.135	0.137					RI	chr17|-|28639574|28640025|28639574|28639642|28639900|28640025	0.0392692346398652	0.137	0.3576666666666667	0.2203333333333333	877					28639574	28639642	28639900	28640025								28639574	28640025	70,29,40,12,9,0	45,19,9,8,11,8	59,45,42,35,22,12	111,107,38,51,48,47						6618	chr17	-							6618	88,92,54	57,112,93	25,32,18	56,56,83	407	149	0.000137513454983	0.00099871206149304	0.361,0.231,0.175	0.14,0.173,0.074	0.127					0.00099871206149304	0.127	0.2556666666666666	0.129	766					28639574	28639642	28639900	28640025								28639574	28640025	54,24,24,3,12,0	14,30,10,2,7,18	20,38,20,20,13,0	57,112,93,56,56,83						0.0392692346398652	0.137	17	-	28639574	28640025	28639574	28639642	28639900	28640025	451	0	386	0	True	False	2.0		386	2	True	True	386	True	2.0	True	1	False	ENST00000577417	ENST00000577417	ENST00000389003;ENST00000528896;ENST00000577580;ENST00000580882;ENST00000581267;ENST00000583403	False	False	False	0.0	False	3UTR	3UTR	UFM1_independent
6619	ENSG00000007202	BLTP2	chr17	-							6619	139,142,108	129,86,97	40,14,21	139,86,60	447	149	0.0	0.0	0.264,0.355,0.271	0.088,0.051,0.104	0.216					RI	chr17|-|28643163|28643659|28643163|28643311|28643609|28643659	0.0	0.216	0.2966666666666667	0.0809999999999999	1061					28643163	28643311	28643609	28643659								28643163	28643659	36,22,19,14,0,4	31,60,28,5,1,5	72,60,61,21,13,12	129,86,97,139,86,60						6619	chr17	-							6619	133,118,138	147,90,153	36,27,5	134,86,56	447	149	0.0	0.0	0.232,0.304,0.231	0.082,0.095,0.029	0.187					0.0	0.187	0.2556666666666666	0.0686666666666666	1123					28643163	28643311	28643609	28643659								28643163	28643659	10,41,29,5,6,0	62,40,45,14,11,0	61,37,64,17,10,5	147,90,153,134,86,56						0.0	0.216	17	-	28643163	28643659	28643163	28643311	28643609	28643659	496	0	258	0	True	False	0.0		258	0	False	False	258	True	0.0	False	1	False	ENST00000577417	ENST00000577417	ENST00000389003;ENST00000528896;ENST00000580882;ENST00000582901;ENST00000583403	False	False	False	0.0	False	5UTR	5UTR	UFM1_independent
6629	ENSG00000169223	LMAN2	chr5	-							6629	361,471,606	98,182,91	623,684,766	64,45,78	2881	149	5.77493719511e-10	2.0708722152289193e-08	0.16,0.118,0.256	0.335,0.44,0.337	-0.193					RI	chr5|-|177334283|177337250|177334283|177334403|177337135|177337250	2.0708722152289193e-08	-0.193	0.178	0.3706666666666667	4069					177334283	177334403	177337135	177337250								177334283	177337250	27,17,54,47,54,65	13,2,13,52,14,44	321,452,539,524,616,657	98,182,91,64,45,78						6629	chr5	-							6629	331,480,593	114,225,149	612,699,760	70,89,122	2881	149	3.33066907388e-16	3.35231842286022e-14	0.131,0.099,0.171	0.311,0.289,0.244	-0.148					3.35231842286022e-14	-0.148	0.1336666666666666	0.2813333333333333	4244					177334283	177334403	177337135	177337250								177334283	177337250	20,60,35,69,82,66	8,21,11,29,14,12	303,399,547,514,603,682	114,225,149,70,89,122						2.0708722152289193e-08	-0.193	5	-	177334283	177337250	177334283	177334403	177337135	177337250	2967	0	1081	0	True	False	1.0		1081	1	True	True	1081	True	1.0	True	1	False	ENST00000502721	ENST00000502721	ENST00000303127;ENST00000502560;ENST00000504071;ENST00000513877;ENST00000514458;ENST00000515209;ENST00000694903;ENST00000694904;ENST00000694905	False	False	False	0.0	False	3UTR	3UTR	UFM1_independent
6637	ENSG00000182325	FBXL6	chr8	-							6637	201,178,175	14,8,21	73,111,88	20,32,27	199	149	6.2423710645e-10	2.2126138362724853e-08	0.915,0.943,0.862	0.732,0.722,0.709	0.186					RI	chr8|-|144356299|144356713|144356299|144356549|144356599|144356713	2.2126138362724853e-08	0.186	0.9066666666666666	0.721	948					144356299	144356549	144356599	144356713								144356299	144356713	126,71,75,37,64,48	144,151,162,49,93,65	0,0,0,0,0,0	14,8,21,20,32,27						6637	chr8	-							6637	141,161,182	1,33,34	56,106,87	17,20,27	199	149	0.00589380059693	0.0231421728250066	0.991,0.785,0.8	0.712,0.799,0.707	0.119					0.0231421728250066	0.119	0.8586666666666667	0.7393333333333333	865					144356299	144356549	144356599	144356713								144356299	144356713	78,72,91,28,36,46	114,145,144,48,101,80	0,0,0,0,0,0	1,33,34,17,20,27						2.2126138362724853e-08	0.186	8	-	144356299	144356713	144356299	144356549	144356599	144356713	414	0	692	0	True	False	2.0		692	2	True	True	692	True	2.0	True	1	False	ENST00000527000	ENST00000527000	ENST00000331890;ENST00000455319;ENST00000524492;ENST00000524909;ENST00000526524;ENST00000530142	False	False	False	0.0	False	NonCoding	NonCoding	UFM1_independent
6643	ENSG00000133706	LARS1	chr5	-							6643	1228,1024,1272	199,189,251	1167,1197,1497	131,116,182	1937	149	2.74314575199e-06	3.746318430111955e-05	0.322,0.294,0.28	0.407,0.443,0.388	-0.114					RI	chr5|-|146130017|146133081|146130017|146131109|146132897|146133081	3.746318430111955e-05	-0.114	0.2986666666666667	0.4126666666666667	8453					146130017	146131109	146132897	146133081								146130017	146133081	62,37,125,97,54,88	86,22,72,50,68,74	1080,965,1075,1020,1075,1335	199,189,251,131,116,182						6643	chr5	-							6643	1024,1031,1421	188,265,222	1025,1123,1258	121,120,187	1937	149	0.00011905936106	0.00088875090413021	0.295,0.23,0.33	0.395,0.419,0.341	-0.1					0.00088875090413021	-0.1	0.285	0.385	7985					146130017	146131109	146132897	146133081								146130017	146133081	71,76,101,49,91,105	27,54,61,51,41,117	926,901,1259,925,991,1036	188,265,222,121,120,187						3.746318430111955e-05	-0.114	5	-	146130017	146133081	146130017	146131109	146132897	146133081	3064	0	4901	0	True	False	2.0		4901	2	True	True	4901	True	2.0	True	1	False	ENST00000506231	ENST00000506231	ENST00000394434;ENST00000504323;ENST00000508709;ENST00000510191;ENST00000512412;ENST00000674158;ENST00000674170;ENST00000674174;ENST00000674181;ENST00000674191;ENST00000674218;ENST00000674270;ENST00000674277;ENST00000674290;ENST00000674309;ENST00000674310;ENST00000674383;ENST00000674398;ENST00000674447;ENST00000674467;ENST00000674471;ENST00000674479	False	False	False	0.0	False	3UTR	3UTR	UFM1_independent
6658	ENSG00000106290	TAF6	chr7	-							6658	264,189,252	52,19,55	48,130,121	30,42,40	359	149	0.000443330752759	0.0028615833430717	0.678,0.805,0.655	0.399,0.562,0.557	0.207					RI	chr7|-|100113348|100113769|100113348|100113405|100113615|100113769	0.0028615833430717	0.207	0.7126666666666667	0.506	1242					100113348	100113405	100113615	100113769								100113348	100113769	146,104,147,34,66,46	27,32,59,9,40,45	91,53,46,5,24,30	52,19,55,30,42,40						6658	chr7	-							6658	282,241,311	42,63,85	68,38,85	70,39,22	359	149	0.0011880971678	0.0061345206527634	0.736,0.614,0.603	0.287,0.288,0.616	0.254					0.0061345206527634	0.254	0.651	0.3969999999999999	1346					100113348	100113405	100113615	100113769								100113348	100113769	152,105,173,28,14,51	30,59,54,13,11,1	100,77,84,27,13,33	42,63,85,70,39,22						0.0028615833430717	0.207	7	-	100113348	100113769	100113348	100113405	100113615	100113769	421	0	9245	0	True	False	2.0		9245	2	True	True	9245	True	2.0	True	8	False	ENST00000487288;ENST00000684951;ENST00000687768;ENST00000688962;ENST00000689052;ENST00000690291;ENST00000692175;ENST00000693256	ENST00000487288;ENST00000684951;ENST00000687768;ENST00000688962;ENST00000689052;ENST00000690291;ENST00000692175;ENST00000693256	ENST00000344095;ENST00000421980;ENST00000437822;ENST00000440225;ENST00000449571;ENST00000451699;ENST00000452041;ENST00000452438;ENST00000453269;ENST00000460673;ENST00000472509;ENST00000493322;ENST00000523306;ENST00000684938;ENST00000685054;ENST00000685258;ENST00000685280;ENST00000685713;ENST00000686096;ENST00000686141;ENST00000686172;ENST00000686580;ENST00000686777;ENST00000687137;ENST00000687151;ENST00000687216;ENST00000687410;ENST00000687447;ENST00000687641;ENST00000687672;ENST00000687969;ENST00000688086;ENST00000688091;ENST00000688197;ENST00000688343;ENST00000688498;ENST00000688640;ENST00000689284;ENST00000689347;ENST00000689536;ENST00000689684;ENST00000689754;ENST00000689866;ENST00000690206;ENST00000690335;ENST00000690367;ENST00000690602;ENST00000690962;ENST00000691010;ENST00000691370;ENST00000691413;ENST00000691534;ENST00000691681;ENST00000692029;ENST00000692408;ENST00000692466;ENST00000692927;ENST00000693225;ENST00000693374	False	False	False	0.0	False	3UTR	3UTR	UFM1_independent
6661	ENSG00000106327	TFR2	chr7	-							6661	123,125,128	127,49,101	29,72,52	54,68,90	236	149	0.00506469346017	0.02059462884467	0.379,0.617,0.444	0.253,0.401,0.267	0.173					RI	chr7|-|100628072|100628306|100628072|100628136|100628223|100628306	0.02059462884467	0.173	0.48	0.307	1018					100628072	100628136	100628223	100628306								100628072	100628306	77,93,65,22,52,38	54,50,80,10,26,24	0,0,0,0,0,0	127,49,101,54,68,90						6661	chr7	-							6661	150,218,198	81,71,110	27,70,58	46,70,74	236	149	1.55693175241e-07	3.0726506054915e-06	0.539,0.66,0.532	0.27,0.387,0.331	0.248					3.0726506054915e-06	0.248	0.5770000000000001	0.3293333333333333	1173					100628072	100628136	100628223	100628306								100628072	100628306	90,139,129,11,40,39	86,111,85,18,42,36	0,0,0,0,0,0	81,71,110,46,70,74						0.02059462884467	0.173	7	-	100628072	100628306	100628072	100628136	100628223	100628306	234	0	294	0	True	False	0.0		294	0	False	False	294	True	0.0	False	2	False	ENST00000462090;ENST00000465294	ENST00000462090;ENST00000465294	ENST00000223051;ENST00000431692;ENST00000462107;ENST00000473374;ENST00000473963;ENST00000476304;ENST00000490084	False	False	False	0.0	False	3UTR	3UTR	UFM1_independent
6675	ENSG00000102393	GLA	chrX	-							6675	270,304,359	102,142,151	328,307,448	44,86,96	1023	149	3.14376008947e-05	0.00030454244658183	0.278,0.238,0.257	0.521,0.342,0.405	-0.165					RI	chrX|-|101400665|101401809|101400665|101400757|101401631|101401809	0.00030454244658183	-0.165	0.2576666666666666	0.4226666666666667	2637					101400665	101400757	101401631	101401809								101400665	101401809	43,26,58,52,54,64	29,77,45,69,59,83	198,201,256,207,194,301	102,142,151,44,86,96						6675	chrX	-							6675	209,415,375	82,180,132	222,396,351	59,72,56	1023	149	3.35129995965e-06	4.315245299856365e-05	0.271,0.251,0.293	0.354,0.445,0.477	-0.154					4.315245299856365e-05	-0.154	0.2716666666666666	0.4253333333333333	2549					101400665	101400757	101401631	101401809								101400665	101401809	42,51,39,31,61,63	44,70,76,38,75,51	123,294,260,153,260,237	82,180,132,59,72,56						0.00030454244658183	-0.165	X	-	101400665	101401809	101400665	101400757	101401631	101401809	1144	0	3074	0	True	False	2.0		3074	2	True	True	3074	True	2.0	True	1	False	ENST00000468823	ENST00000468823	ENST00000218516;ENST00000466414;ENST00000479445;ENST00000480513;ENST00000486121;ENST00000493905;ENST00000649178;ENST00000674127;ENST00000674142;ENST00000674634;ENST00000675592;ENST00000675799;ENST00000675968;ENST00000676156;ENST00000676372;ENST00000710365	False	False	False	0.0	False	CDS	CDS	UFM1_independent
6695	ENSG00000107104	KANK1	chr9	+							6695	88,27,87	14,6,17	16,16,41	26,21,27	732	149	2.02712291397e-11	9.48879214386568e-10	0.561,0.478,0.51	0.111,0.134,0.236	0.356					RI	chr9|+|744490|746090|744490|744589|745172|746090	9.48879214386568e-10	0.356	0.5163333333333333	0.1603333333333333	386					744490	744589	745172	746090								744490	746090	24,7,16,4,3,4	12,4,4,2,7,8	52,16,67,10,6,29	14,6,17,26,21,27						6695	chr9	+							6695	69,62,81	8,27,18	23,42,75	20,27,26	732	149	0.0134230374678	0.0449843081398691	0.637,0.319,0.478	0.19,0.24,0.37	0.211					0.0449843081398691	0.211	0.478	0.2666666666666666	478					744490	744589	745172	746090								744490	746090	6,25,14,0,23,8	31,6,12,2,8,20	32,31,55,21,11,47	8,27,18,20,27,26						9.48879214386568e-10	0.356	9	+	744490	746090	744490	744589	745172	746090	1600	0	3642	0	True	False	0.0		3642	0	False	False	3642	True	0.0	False	3	True	ENST00000687662;ENST00000688321;ENST00000692757	ENST00000687662;ENST00000688321;ENST00000692757	ENST00000382286;ENST00000382289;ENST00000382293;ENST00000382297;ENST00000382303;ENST00000489369;ENST00000619269;ENST00000674102;ENST00000685049;ENST00000685380;ENST00000685590;ENST00000685947;ENST00000687796;ENST00000688039;ENST00000689214;ENST00000689779;ENST00000689926;ENST00000690348;ENST00000690372;ENST00000691319;ENST00000691645;ENST00000692130;ENST00000692345;ENST00000693021;ENST00000693088;ENST00000693143	False	True	False	0.0	False	Stop_Codon	Stop_Codon	UFM1_independent
6712	ENSG00000170791	CHCHD7	chr8	+							6712	410,340,382	25,32,41	568,469,755	14,3,23	2909	149	9.68245193245e-07	1.5065526843384242e-05	0.457,0.352,0.323	0.675,0.889,0.627	-0.353					RI	chr8|+|56211788|56214667|56211788|56211837|56214597|56214667	1.5065526843384242e-05	-0.353	0.3773333333333333	0.7303333333333334	3062					56211788	56211837	56214597	56214667								56211788	56214667	13,12,15,13,31,31	47,13,38,22,46,67	350,315,329,533,392,657	25,32,41,14,3,23						6712	chr8	+							6712	415,290,489	24,18,18	776,562,641	9,14,6	2909	149	5.97602540198e-06	7.146379683674698e-05	0.47,0.452,0.582	0.815,0.673,0.845	-0.276					7.146379683674698e-05	-0.276	0.5013333333333333	0.7776666666666666	3262					56211788	56211837	56214597	56214667								56211788	56214667	26,6,7,24,18,16	22,28,26,43,43,56	367,256,456,709,501,569	24,18,18,9,14,6						1.5065526843384242e-05	-0.353	8	+	56211788	56214667	56211788	56211837	56214597	56214667	2879	0	1047	0	True	False	0.0		1047	0	False	False	1047	True	0.0	False	1	False	ENST00000522166	ENST00000522166	ENST00000303759;ENST00000355315;ENST00000396723;ENST00000517636;ENST00000517933;ENST00000518169;ENST00000518801;ENST00000518944;ENST00000519367;ENST00000521524;ENST00000521831;ENST00000521982;ENST00000522366;ENST00000523061;ENST00000523532;ENST00000523667;ENST00000523975	False	False	False	0.0	False	Start_Codon	Start_Codon	UFM1_independent
6719	ENSG00000008710	PKD1	chr16	-							6719	129,85,70	47,66,30	49,78,61	66,55,72	539	149	0.000723460003839	0.0042862383995562	0.431,0.263,0.392	0.17,0.282,0.19	0.148					RI	chr16|-|2105321|2106024|2105321|2105474|2105864|2106024	0.0042862383995562	0.148	0.362	0.214	808					2105321	2105474	2105864	2106024								2105321	2106024	53,31,31,18,35,19	31,13,20,4,14,6	45,41,19,27,29,36	47,66,30,66,55,72						6719	chr16	-							6719	126,100,109	18,54,38	52,69,62	58,64,33	539	149	0.00120631509651	0.0062211245668863	0.659,0.339,0.442	0.199,0.23,0.342	0.223					0.0062211245668863	0.223	0.48	0.257	783					2105321	2105474	2105864	2106024								2105321	2106024	41,48,64,25,14,37	17,22,11,7,19,0	68,30,34,20,36,25	18,54,38,58,64,33						0.0042862383995562	0.148	16	-	2105321	2106024	2105321	2105474	2105864	2106024	703	0	1016	0	True	False	2.0		1016	2	True	True	1016	True	2.0	True	1	False	ENST00000486339	ENST00000486339	ENST00000262304;ENST00000415938;ENST00000423118;ENST00000483731;ENST00000487932;ENST00000496574;ENST00000561991;ENST00000564865;ENST00000564890;ENST00000565639;ENST00000567946	False	False	False	0.0	False	3UTR	3UTR	UFM1_independent
6773	ENSG00000197694	SPTAN1	chr9	+							6773	529,405,277	375,245,318	533,375,599	150,144,201	1242	149	3.33066907388e-16	3.5213211656952e-14	0.145,0.165,0.095	0.299,0.238,0.263	-0.132					RI	chr9|+|128598962|128600115|128598962|128598986|128600079|128600115	3.5213211656952e-14	-0.132	0.135	0.2666666666666666	4151					128598962	128598986	128600079	128600115								128598962	128600115	218,31,63,178,117,188	58,78,94,51,69,80	253,296,120,304,189,331	375,245,318,150,144,201						6773	chr9	+							6773	353,505,365	332,436,365	605,400,396	152,178,181	1242	149	2.34579022873e-12	1.23184584272178e-10	0.113,0.122,0.107	0.323,0.212,0.208	-0.134					1.23184584272178e-10	-0.134	0.114	0.2476666666666666	4268					128598962	128598986	128600079	128600115								128598962	128600115	115,160,167,191,101,100	38,56,57,113,73,66	200,289,141,301,226,230	332,436,365,152,178,181						3.5213211656952e-14	-0.132	9	+	128598962	128600115	128598962	128598986	128600079	128600115	1153	0	720	0	True	False	0.0		720	0	False	False	720	True	0.0	False	1	False	ENST00000635853	ENST00000635853	ENST00000358161;ENST00000372731;ENST00000372739;ENST00000461855;ENST00000475367;ENST00000625282;ENST00000627441;ENST00000630804;ENST00000630866;ENST00000635806;ENST00000704202;ENST00000704203;ENST00000704204;ENST00000704206;ENST00000706487	False	False	False	0.0	False	3UTR	3UTR	UFM1_independent
6829	ENSG00000075624	ACTB	chr7	-							6829	2001,2060,2719	553,570,846	4389,4622,6137	679,726,1026	590	149	2.60129695562e-11	1.1903845471538686e-09	0.477,0.477,0.448	0.62,0.617,0.602	-0.146					RI	chr7|-|5528280|5529400|5528280|5528719|5529160|5529400	1.1903845471538686e-09	-0.146	0.4673333333333333	0.613	26328					5528280	5528719	5529160	5529400								5528280	5529400	419,500,622,974,1044,1522	273,189,322,554,608,880	1309,1371,1775,2861,2970,3735	553,570,846,679,726,1026						6829	chr7	-							6829	1707,1712,2810	728,685,956	3667,4099,4976	549,680,1055	590	149	0.0	0.0	0.372,0.387,0.426	0.628,0.604,0.544	-0.197					0.0	-0.197	0.395	0.592	23624					5528280	5528719	5529160	5529400								5528280	5529400	431,417,601,768,976,1095	206,225,373,403,456,725	1070,1070,1836,2496,2667,3156	728,685,956,549,680,1055						1.1903845471538686e-09	-0.146	7	-	5528280	5529400	5528280	5528719	5529160	5529400	1120	0	7545	0	True	False	0.0		7545	0	False	False	7545	True	0.0	False	1	False	ENST00000462494	ENST00000462494	ENST00000414620;ENST00000417101;ENST00000425660;ENST00000432588;ENST00000443528;ENST00000473257;ENST00000477812;ENST00000480301;ENST00000484841;ENST00000493945;ENST00000642480;ENST00000645025;ENST00000645576;ENST00000646664;ENST00000647275;ENST00000674681;ENST00000675515;ENST00000676189;ENST00000676319;ENST00000676397	False	False	False	0.0	False	Stop_Codon	Stop_Codon	UFM1_independent
6835	ENSG00000143321	HDGF	chr1	-							6835	236,196,265	89,217,209	41,44,82	51,100,74	299	149	0.0108964591218	0.0382686639947752	0.569,0.31,0.387	0.286,0.18,0.356	0.148					RI	chr1|-|156745007|156745373|156745007|156745146|156745296|156745373	0.0382686639947752	0.148	0.422	0.2739999999999999	1604					156745007	156745146	156745296	156745373								156745007	156745373	147,72,165,11,24,20	82,115,100,30,20,60	7,9,0,0,0,2	89,217,209,51,100,74						6835	chr1	-							6835	132,241,286	128,175,217	54,42,28	61,63,80	299	149	4.93031691464e-05	0.00041935470207761	0.339,0.407,0.396	0.306,0.249,0.149	0.146					0.00041935470207761	0.146	0.3806666666666666	0.2346666666666666	1507					156745007	156745146	156745296	156745373								156745007	156745373	78,141,126,33,35,8	52,99,150,21,7,20	2,1,10,0,0,0	128,175,217,61,63,80						0.0382686639947752	0.148	1	-	156745007	156745373	156745007	156745146	156745296	156745373	366	0	864	0	True	False	0.0		864	0	False	False	864	True	0.0	False	1	False	ENST00000495212	ENST00000495212	ENST00000357325;ENST00000368206;ENST00000368209;ENST00000465180;ENST00000469145;ENST00000471377;ENST00000482651;ENST00000710272	False	False	False	0.0	False	NonCoding	NonCoding	UFM1_independent
6872	ENSG00000112855	HARS2	chr5	+							6872	24,12,38	8,0,3	30,29,24	3,0,0	240	149	0.00329205710013	0.0147112922342057	0.651,1.0,0.887	0.861,1.0,1.0	-0.108					RI	chr5|+|140691452|140691756|140691452|140691515|140691606|140691756	0.0147112922342057	-0.108	0.846	0.9536666666666668	171					140691452	140691515	140691606	140691756								140691452	140691756	5,12,17,12,8,8	21,12,38,25,29,23	0,0,0,0,0,0	8,0,3,3,0,0						6872	chr5	+							6872	47,21,19	4,0,5	52,16,27	0,0,0	240	149	7.19606986578e-05	0.00058331632106638	0.879,1.0,0.702	1.0,1.0,1.0	-0.14					0.00058331632106638	-0.14	0.8603333333333333	1.0	191					140691452	140691515	140691606	140691756								140691452	140691756	23,14,11,8,11,15	43,19,17,52,16,27	0,0,0,0,0,0	4,0,5,0,0,0						0.0147112922342057	-0.108	5	+	140691452	140691756	140691452	140691515	140691606	140691756	304	0	1154	0	True	False	2.0		1154	2	True	True	1154	True	2.0	True	1	True	ENST00000642752	ENST00000642752	ENST00000230771;ENST00000448069;ENST00000502303;ENST00000503873;ENST00000506318;ENST00000508522;ENST00000509299;ENST00000510104;ENST00000511913;ENST00000513912;ENST00000520095;ENST00000642452;ENST00000642970;ENST00000643996;ENST00000645065;ENST00000645749;ENST00000646468;ENST00000647484	True	False	False	0.0	False	5UTR	5UTR	UFM1_independent
6885	ENSG00000042493	CAPG	chr2	-							6885	27,36,15	23,13,28	7,6,1	28,29,22	314	149	1.23119858508e-06	1.8192071623398935e-05	0.358,0.568,0.203	0.106,0.089,0.021	0.304					RI	chr2|-|85401784|85402158|85401784|85401957|85402122|85402158	1.8192071623398935e-05	0.304	0.3763333333333333	0.072	235					85401784	85401957	85402122	85402158								85401784	85402158	14,8,1,4,6,1	12,25,6,3,0,0	1,3,8,0,0,0	23,13,28,28,29,22						6885	chr2	-							6885	40,44,28	62,23,62	16,5,5	25,39,43	314	149	0.000627529313298	0.0035756227404034	0.234,0.476,0.176	0.233,0.057,0.052	0.181					0.0035756227404034	0.181	0.2953333333333333	0.114	392					85401784	85401957	85402122	85402158								85401784	85402158	2,19,11,12,0,2	32,16,17,4,5,3	6,9,0,0,0,0	62,23,62,25,39,43						1.8192071623398935e-05	0.304	2	-	85401784	85402158	85401784	85401957	85402122	85402158	374	0	1568	0	True	False	2.0		1568	2	True	True	1568	True	2.0	True	1	False	ENST00000459793	ENST00000459793	ENST00000263867;ENST00000409275;ENST00000409670;ENST00000409724;ENST00000409921;ENST00000415012;ENST00000439385;ENST00000447219;ENST00000449030;ENST00000479651;ENST00000491267	False	False	False	0.0	False	5UTR	5UTR	UFM1_independent
6890	ENSG00000010704	HFE	chr6	+							6890	79,79,77	2,22,12	22,22,14	6,9,13	358	149	0.00369331482071	0.0160733899791296	0.943,0.599,0.728	0.604,0.504,0.309	0.284					RI	chr6|+|26090840|26091589|26090840|26091104|26091313|26091589	0.0160733899791296	0.284	0.7566666666666666	0.4723333333333333	357					26090840	26091104	26091313	26091589								26090840	26091589	26,26,20,8,13,5	37,42,50,10,9,7	16,11,7,4,0,2	2,22,12,6,9,13						6890	chr6	+							6890	46,46,69	0,25,12	17,18,30	0,0,0	358	149	7.9220615079e-07	1.245867954328336e-05	1.0,0.434,0.705	1.0,1.0,1.0	-0.287					1.245867954328336e-05	-0.287	0.713	1.0	263					26090840	26091104	26091313	26091589								26090840	26091589	6,25,9,5,8,7	28,14,50,10,10,21	12,7,10,2,0,2	0,25,12,0,0,0						0.0160733899791296	0.284	6	+	26090840	26091589	26090840	26091104	26091313	26091589	749	0	4251	0	True	False	0.0		4251	0	False	False	4251	True	0.0	False	1	False	ENST00000483782	ENST00000483782	ENST00000309234;ENST00000317896;ENST00000336625;ENST00000349999;ENST00000352392;ENST00000353147;ENST00000357618;ENST00000397022;ENST00000461397;ENST00000470149;ENST00000485729;ENST00000486147;ENST00000488199	False	False	False	0.0	False	NonCoding	NonCoding	UFM1_independent
6966	ENSG00000204351	SKIC2	chr6	+							6966	64,125,190	85,74,100	33,80,102	73,114,143	394	149	0.000246496042785	0.0017393713859121	0.222,0.39,0.418	0.146,0.21,0.212	0.154					RI	chr6|+|31967955|31968538|31967955|31968082|31968327|31968538	0.0017393713859121	0.154	0.3433333333333333	0.1893333333333333	1183					31967955	31968082	31968327	31968538								31967955	31968538	54,109,144,29,69,85	7,13,28,4,9,9	3,3,18,0,2,8	85,74,100,73,114,143						6966	chr6	+							6966	77,98,120	41,67,115	56,54,39	74,91,67	394	149	1.78816143976e-05	0.00018058038352358	0.415,0.356,0.283	0.223,0.183,0.18	0.156					0.00018058038352358	0.156	0.3513333333333333	0.1953333333333333	899					31967955	31968082	31968327	31968538								31967955	31968538	69,70,109,46,45,29	3,18,7,5,9,8	5,10,4,5,0,2	41,67,115,74,91,67						0.0017393713859121	0.154	6	+	31967955	31968538	31967955	31968082	31968327	31968538	583	0	2362	0	True	False	1.0		2362	1	True	True	2362	True	1.0	True	7	False	ENST00000485349;ENST00000494058;ENST00000697834;ENST00000697836;ENST00000697839;ENST00000697841;ENST00000697842	ENST00000485349;ENST00000494058;ENST00000697834;ENST00000697836;ENST00000697839;ENST00000697841;ENST00000697842	ENST00000375394;ENST00000461073;ENST00000461915;ENST00000465703;ENST00000470453;ENST00000471818;ENST00000474839;ENST00000483553;ENST00000484835;ENST00000491994;ENST00000697831;ENST00000697832;ENST00000697833;ENST00000697835;ENST00000697837;ENST00000697838;ENST00000697840	False	False	False	0.0	False	3UTR	3UTR	UFM1_independent
7027	ENSG00000231925	TAPBP	chr6	-							7027	3,3,8	18,12,12	0,1,0	22,18,6	228	149	5.8407599749e-06	7.177462959135632e-05	0.098,0.14,0.303	0.0,0.035,0.0	0.169					RI	chr6|-|33304127|33305387|33304127|33304217|33304296|33305387	7.177462959135632e-05	0.169	0.1803333333333333	0.0116666666666666	103					33304127	33304217	33304296	33305387								33304127	33305387	3,3,1,0,1,0	2,0,7,0,0,0	0,0,0,0,0,0	18,12,12,22,18,6						7027	chr6	-							7027	14,1,0	7,17,10	0,0,0	20,2,47	228	149	0.000625979703619	0.0035730542818101	0.567,0.037,0.0	0.0,0.0,0.0	0.201					0.0035730542818101	0.201	0.2013333333333333	0.0	118					33304127	33304217	33304296	33305387								33304127	33305387	7,0,0,0,0,0	7,1,0,0,0,0	0,0,0,0,0,0	7,17,10,20,2,47						7.177462959135632e-05	0.169	6	-	33304127	33305387	33304127	33304217	33304296	33305387	1260	0	10352	0	True	False	2.0		10352	2	True	True	10352	True	2.0	True	1	False	ENST00000699660	ENST00000699660	ENST00000426633;ENST00000434618;ENST00000437116;ENST00000467025;ENST00000475304;ENST00000480730;ENST00000489157;ENST00000699647;ENST00000699648;ENST00000699649;ENST00000699650;ENST00000699651;ENST00000699652;ENST00000699653;ENST00000699654;ENST00000699655;ENST00000699656;ENST00000699657;ENST00000699658;ENST00000699659;ENST00000699661;ENST00000699662;ENST00000699663;ENST00000699664	False	False	False	0.0	False	NonCoding	NonCoding	UFM1_independent
7080	ENSG00000213658	LAT	chr16	+							7080	50,56,36	39,29,30	11,8,13	37,40,41	395	149	4.99966734679e-12	2.598132217840363e-10	0.326,0.421,0.312	0.101,0.07,0.107	0.26					RI	chr16|+|28985853|28986216|28985853|28985888|28986134|28986216	2.598132217840363e-10	0.26	0.353	0.0926666666666666	390					28985853	28985888	28986134	28986216								28985853	28986216	16,14,7,2,3,10	20,32,9,8,5,3	14,10,20,1,0,0	39,29,30,37,40,41						7080	chr16	+							7080	74,61,85	12,20,30	19,25,20	21,59,23	395	149	1.8257761969e-10	6.6420858151078915e-09	0.699,0.535,0.517	0.254,0.138,0.247	0.371					6.6420858151078915e-09	0.371	0.5836666666666667	0.213	449					28985853	28985888	28986134	28986216								28985853	28986216	45,19,40,1,4,0	21,20,24,6,15,1	8,22,21,12,6,19	12,20,30,21,59,23						2.598132217840363e-10	0.26	16	+	28985853	28986216	28985853	28985888	28986134	28986216	363	0	824	0	True	False	2.0		824	2	True	True	824	True	2.0	True	1	False	ENST00000697038	ENST00000697038	ENST00000360872;ENST00000395456;ENST00000395461;ENST00000454369;ENST00000562472;ENST00000562701;ENST00000563964;ENST00000564277;ENST00000566177;ENST00000566270;ENST00000568440;ENST00000568899;ENST00000570232	False	False	False	0.0	False	5UTR	5UTR	UFM1_independent
7170	ENSG00000182150	ERCC6L2	chr9	+							7170	71,16,63	20,38,51	109,54,106	17,28,48	1425	149	0.00825312899658	0.0304501726877428	0.271,0.042,0.114	0.401,0.168,0.188	-0.11					RI	chr9|+|95970575|95973088|95970575|95970656|95971932|95973088	0.0304501726877428	-0.11	0.1423333333333333	0.2523333333333333	621					95970575	95970656	95971932	95973088								95970575	95973088	0,0,5,0,2,1	8,8,16,4,3,21	63,8,42,105,49,84	20,38,51,17,28,48						7170	chr9	+							7170	35,41,68	50,35,37	125,23,59	9,23,11	1425	149	0.00365917521974	0.0156777386268647	0.068,0.109,0.161	0.592,0.095,0.359	-0.236					0.0156777386268647	-0.236	0.1126666666666666	0.3486666666666667	516					95970575	95970656	95971932	95973088								95970575	95973088	0,0,6,5,3,10	12,12,5,10,10,3	23,29,57,110,10,46	50,35,37,9,23,11						0.0304501726877428	-0.11	9	+	95970575	95973088	95970575	95970656	95971932	95973088	2513	0	8779	0	True	False	1.0		8779	1	True	True	8779	True	1.0	True	2	False	ENST00000683176;ENST00000683227	ENST00000683176;ENST00000683227	ENST00000402838;ENST00000456993;ENST00000479391;ENST00000653324;ENST00000653738;ENST00000659728;ENST00000661047;ENST00000670016;ENST00000682394;ENST00000682748;ENST00000682951;ENST00000682983;ENST00000683128;ENST00000683350;ENST00000683937;ENST00000683991	False	False	False	0.0	False	Stop_Codon	Stop_Codon	UFM1_independent
7204	ENSG00000131697	NPHP4	chr1	-							7204	56,78,45	46,21,38	16,21,19	40,37,88	453	149	1.11881208964e-07	2.2642098130932276e-06	0.286,0.55,0.28	0.116,0.157,0.066	0.259					RI	chr1|-|5862810|5866458|5862810|5864033|5864337|5866458	2.2642098130932276e-06	0.259	0.372	0.113	505					5862810	5864033	5864337	5866458								5862810	5866458	19,37,9,0,12,2	10,26,6,0,6,3	27,15,30,16,3,14	46,21,38,40,37,88						7204	chr1	-							7204	78,88,36	43,71,37	7,5,3	79,22,23	453	149	0.0	0.0	0.374,0.29,0.242	0.028,0.07,0.041	0.256					0.0	0.256	0.302	0.0463333333333333	492					5862810	5864033	5864337	5866458								5862810	5866458	69,24,13,0,1,0	9,26,16,1,4,0	0,38,7,6,0,3	43,71,37,79,22,23						2.2642098130932276e-06	0.259	1	-	5862810	5866458	5862810	5864033	5864337	5866458	3648	0	720	0	True	False	0.0		720	0	False	False	720	True	0.0	False	1	False	ENST00000378161	ENST00000378161	ENST00000378156;ENST00000378169;ENST00000460696;ENST00000478423;ENST00000489180	False	False	False	0.0	False	3UTR	3UTR	UFM1_independent
7211	ENSG00000135596	MICAL1	chr6	-							7211	443,554,337	175,243,176	136,152,217	117,153,185	432	149	1.07827413665e-09	3.5740416248312435e-08	0.466,0.44,0.398	0.286,0.255,0.288	0.158					RI	chr6|-|109446135|109446772|109446135|109446412|109446695|109446772	3.5740416248312435e-08	0.158	0.4346666666666667	0.2763333333333333	2888					109446135	109446412	109446695	109446772								109446135	109446772	74,128,61,13,23,44	63,90,48,32,15,37	306,336,228,91,114,136	175,243,176,117,153,185						7211	chr6	-							7211	410,465,446	175,232,349	106,128,187	138,139,156	432	149	2.36484210285e-05	0.0002303432493405	0.447,0.409,0.306	0.209,0.241,0.293	0.14					0.0002303432493405	0.14	0.3873333333333333	0.2476666666666666	2931					109446135	109446412	109446695	109446772								109446135	109446772	54,64,97,7,17,54	68,78,45,9,30,34	288,323,304,90,81,99	175,232,349,138,139,156						3.5740416248312435e-08	0.158	6	-	109446135	109446772	109446135	109446412	109446695	109446772	637	0	1062	0	True	False	0.0		1062	0	False	False	1062	True	0.0	False	1	False	ENST00000465904	ENST00000465904	ENST00000358577;ENST00000358807;ENST00000456101;ENST00000630715	False	False	False	0.0	False	3UTR	3UTR	UFM1_independent
7226	ENSG00000114857	NKTR	chr3	+							7226	125,169,120	51,22,51	50,65,58	52,24,38	685	149	0.0123497438717	0.0422121680163123	0.348,0.626,0.339	0.173,0.371,0.249	0.173					RI	chr3|+|42619019|42619708|42619019|42619127|42619663|42619708	0.0422121680163123	0.173	0.4376666666666666	0.2643333333333333	825					42619019	42619127	42619663	42619708								42619019	42619708	9,41,16,5,11,23	54,41,27,10,16,5	62,87,77,35,38,30	51,22,51,52,24,38						7226	chr3	+							7226	83,81,123	51,49,57	35,35,36	98,40,64	685	149	2.15027995409e-12	1.1594232716740636e-10	0.261,0.264,0.319	0.072,0.16,0.109	0.168					1.1594232716740636e-10	0.168	0.2813333333333333	0.1136666666666666	752					42619019	42619127	42619663	42619708								42619019	42619708	13,27,19,6,4,2	38,10,22,7,1,22	32,44,82,22,30,12	51,49,57,98,40,64						0.0422121680163123	0.173	3	+	42619019	42619708	42619019	42619127	42619663	42619708	689	0	612	0	True	False	0.0		612	0	False	False	612	True	0.0	False	1	False	ENST00000468735	ENST00000468735	ENST00000232978;ENST00000429888;ENST00000442970;ENST00000445842;ENST00000478488;ENST00000487466	False	False	False	0.0	False	NonCoding	NonCoding	UFM1_independent
7238	ENSG00000204843	DCTN1	chr2	-							7238	261,266,367	120,134,191	79,83,89	61,75,96	422	149	4.07533228663e-06	5.317007996088332e-05	0.434,0.412,0.404	0.314,0.281,0.247	0.136					RI	chr2|-|74365074|74365657|74365074|74365241|74365514|74365657	5.317007996088332e-05	0.136	0.4166666666666667	0.2806666666666667	1822					74365074	74365241	74365514	74365657								74365074	74365657	34,91,114,12,32,16	65,69,96,13,17,21	162,106,157,54,34,52	120,134,191,61,75,96						7238	chr2	-							7238	200,232,263	181,120,151	57,85,107	75,99,113	422	149	0.000156601642032	0.0011035207890679	0.281,0.406,0.381	0.212,0.233,0.251	0.124					0.0011035207890679	0.124	0.356	0.232	1683					74365074	74365241	74365514	74365657								74365074	74365657	65,53,60,17,26,19	55,90,47,14,28,15	80,89,156,26,31,73	181,120,151,75,99,113						5.317007996088332e-05	0.136	2	-	74365074	74365657	74365074	74365241	74365514	74365657	583	0	2790	0	True	False	0.0		2790	0	False	False	2790	True	0.0	False	1	False	ENST00000466110	ENST00000466110	ENST00000361874;ENST00000394003;ENST00000409240;ENST00000409438;ENST00000409567;ENST00000409868;ENST00000434055;ENST00000495895;ENST00000497666;ENST00000628224;ENST00000633691;ENST00000680606	False	False	False	0.0	False	3UTR	3UTR	UFM1_independent
7240	ENSG00000204843	DCTN1	chr2	-							7240	120,139,107	93,134,120	30,21,31	40,63,76	311	149	9.49391260441e-06	0.00010662394155722	0.382,0.332,0.299	0.264,0.138,0.163	0.149					RI	chr2|-|74366458|74366932|74366458|74366620|74366782|74366932	0.00010662394155722	0.149	0.3376666666666666	0.1883333333333333	974					74366458	74366620	74366782	74366932								74366458	74366932	83,74,66,26,7,11	35,47,37,4,13,20	2,18,4,0,1,0	93,134,120,40,63,76						7240	chr2	-							7240	124,125,133	74,71,114	3,29,18	35,77,36	311	149	1.04251052235e-11	4.99660400354893e-10	0.445,0.458,0.359	0.039,0.153,0.193	0.292					4.99660400354893e-10	0.292	0.4206666666666667	0.1283333333333333	839					74366458	74366620	74366782	74366932								74366458	74366932	87,86,95,0,18,9	33,39,38,3,11,9	4,0,0,0,0,0	74,71,114,35,77,36						0.00010662394155722	0.149	2	-	74366458	74366932	74366458	74366620	74366782	74366932	474	0	3120	0	True	False	0.0		3120	0	False	False	3120	True	0.0	False	1	False	ENST00000466110	ENST00000466110	ENST00000361874;ENST00000394003;ENST00000409240;ENST00000409438;ENST00000409567;ENST00000409868;ENST00000434055;ENST00000495643;ENST00000497666;ENST00000628224;ENST00000633691;ENST00000680606	False	False	False	0.0	False	3UTR	3UTR	UFM1_independent
7250	ENSG00000112282	MED23	chr6	-							7250	423,277,290	35,40,55	201,294,290	41,52,93	694	149	0.0122436602368	0.0420370238365384	0.722,0.598,0.531	0.513,0.548,0.401	0.13					RI	chr6|-|131592387|131593171|131592387|131592460|131593005|131593171	0.0420370238365384	0.13	0.617	0.4873333333333333	2091					131592387	131592460	131593005	131593171								131592387	131593171	100,42,66,27,48,94	61,63,31,58,45,57	262,172,193,116,201,139	35,40,55,41,52,93						7250	chr6	-							7250	168,258,434	16,43,63	154,175,228	53,49,50	694	149	0.00023579145222	0.0015630566190522	0.693,0.563,0.597	0.384,0.434,0.495	0.18					0.0015630566190522	0.18	0.6176666666666666	0.4376666666666666	1691					131592387	131592460	131593005	131593171								131592387	131593171	40,63,136,22,46,53	31,25,32,21,24,48	97,170,266,111,105,127	16,43,63,53,49,50						0.0420370238365384	0.13	6	-	131592387	131593171	131592387	131592460	131593005	131593171	784	0	956	0	True	False	2.0		956	2	True	True	956	True	2.0	True	1	False	ENST00000479213	ENST00000479213	ENST00000354577;ENST00000368058;ENST00000368060;ENST00000368068	False	False	False	0.0	False	3UTR	3UTR	UFM1_independent
7251	ENSG00000198837	DENND4B	chr1	-							7251	127,126,199	357,274,307	41,81,40	186,307,296	237	149	1.68133140743e-09	5.3697521824795624e-08	0.183,0.224,0.29	0.122,0.142,0.078	0.118					RI	chr1|-|153930538|153931064|153930538|153930603|153930691|153931064	5.3697521824795624e-08	0.118	0.2323333333333333	0.1139999999999999	2341					153930538	153930603	153930691	153931064								153930538	153931064	98,60,139,18,52,30	77,106,109,34,57,22	0,0,0,0,0,0	357,274,307,186,307,296						7251	chr1	-							7251	102,208,164	271,300,405	40,34,71	226,284,210	237	149	5.48113352483e-08	1.212474921481625e-06	0.191,0.304,0.203	0.1,0.07,0.175	0.118					1.212474921481625e-06	0.118	0.2326666666666666	0.115	2315					153930538	153930603	153930691	153931064								153930538	153931064	69,131,120,23,24,53	64,147,90,27,24,50	2,0,0,0,0,0	271,300,405,226,284,210						5.3697521824795624e-08	0.118	1	-	153930538	153931064	153930538	153930603	153930691	153931064	526	0	349	0	True	False	1.0		349	1	True	True	349	True	1.0	True	1	False	ENST00000480340	ENST00000480340	ENST00000361217;ENST00000474386;ENST00000492898	False	False	False	0.0	False	3UTR	3UTR	UFM1_independent
7257	ENSG00000118515	SGK1	chr6	-							7257	16,10,31	0,2,1	15,2,22	10,14,7	256	149	5.63976591095e-07	9.507173343125538e-06	1.0,0.744,0.947	0.466,0.077,0.647	0.5					RI	chr6|-|134170825|134171178|134170825|134170915|134171022|134171178	9.507173343125538e-06	0.5	0.897	0.3966666666666666	130					134170825	134170915	134171022	134171178								134170825	134171178	5,5,10,3,0,11	11,9,25,13,2,18	0,0,0,0,0,0	0,2,1,10,14,7						7257	chr6	-							7257	28,13,21	0,13,13	4,2,7	18,8,9	256	149	0.000434619703321	0.0026431705824325	1.0,0.368,0.485	0.115,0.127,0.312	0.433					0.0026431705824325	0.433	0.6176666666666667	0.1846666666666666	136					134170825	134170915	134171022	134171178								134170825	134171178	3,4,8,4,1,0	25,13,20,1,2,7	0,0,0,0,0,0	0,13,13,18,8,9						9.507173343125538e-06	0.5	6	-	134170825	134171178	134170825	134170915	134171022	134171178	353	0	1476	0	True	False	0.0		1476	0	False	False	1476	True	0.0	False	1	False	ENST00000367855	ENST00000367855	ENST00000237305;ENST00000367857;ENST00000367858;ENST00000413996;ENST00000473704;ENST00000474427;ENST00000475719;ENST00000477460;ENST00000528577;ENST00000531782	False	False	False	0.0	False	3UTR	3UTR	UFM1_independent
7322	ENSG00000122335	SERAC1	chr6	-							7322	76,25,65	16,24,16	26,13,28	33,21,35	1593	149	4.38036351635e-06	5.678729192866427e-05	0.308,0.089,0.275	0.069,0.055,0.07	0.159					RI	chr6|-|158116184|158117821|158116184|158116282|158117726|158117821	5.678729192866427e-05	0.159	0.224	0.0646666666666666	378					158116184	158116282	158117726	158117821								158116184	158117821	0,7,7,8,0,6	0,0,2,0,1,0	76,18,56,18,12,22	16,24,16,33,21,35						7322	chr6	-							7322	33,55,35	19,13,13	10,14,30	13,23,23	1593	149	6.76253309242e-05	0.00055262432131426	0.14,0.284,0.201	0.067,0.054,0.109	0.132					0.00055262432131426	0.132	0.2083333333333333	0.0766666666666666	281					158116184	158116282	158117726	158117821								158116184	158117821	0,5,1,1,0,20	0,3,6,0,0,0	33,47,28,9,14,10	19,13,13,13,23,23						5.678729192866427e-05	0.159	6	-	158116184	158117821	158116184	158116282	158117726	158117821	1637	0	1428	0	True	False	0.0		1428	0	False	False	1428	True	0.0	False	1	False	ENST00000607742	ENST00000607742	ENST00000367101;ENST00000435180;ENST00000606965;ENST00000607071;ENST00000642244;ENST00000642903;ENST00000644972;ENST00000645077;ENST00000645172;ENST00000646190;ENST00000646208;ENST00000646410;ENST00000646562;ENST00000647468;ENST00000648111	False	False	False	0.0	False	CDS	CDS	UFM1_independent
7388	ENSG00000197912	SPG7	chr16	+							7388	246,397,424	5,41,23	226,274,258	23,31,38	950	149	0.00564620046583	0.0224238997775061	0.885,0.603,0.743	0.606,0.581,0.516	0.176					RI	chr16|+|89554485|89557747|89554485|89556085|89556886|89557747	0.0224238997775061	0.176	0.7436666666666667	0.5676666666666667	1986					89554485	89556085	89556886	89557747								89554485	89557747	21,23,34,28,65,43	39,81,37,23,16,36	186,293,353,175,193,179	5,41,23,23,31,38						7388	chr16	+							7388	384,349,543	8,17,49	248,281,264	14,32,61	950	149	0.01314223358	0.0443354534404603	0.883,0.763,0.635	0.735,0.579,0.404	0.188					0.0443354534404603	0.188	0.7603333333333333	0.5726666666666667	2250					89554485	89556085	89556886	89557747								89554485	89557747	30,29,62,16,13,48	59,32,71,25,31,48	295,288,410,207,237,168	8,17,49,14,32,61						0.0224238997775061	0.176	16	+	89554485	89557747	89554485	89556085	89556886	89557747	3262	0	3545	0	True	False	2.0		3545	2	True	True	3545	True	2.0	True	1	False	ENST00000647476	ENST00000647476	ENST00000268704;ENST00000561702;ENST00000561911;ENST00000565891;ENST00000566682;ENST00000569720;ENST00000569820;ENST00000642226;ENST00000642334;ENST00000642814;ENST00000642984;ENST00000643105;ENST00000643350;ENST00000643409;ENST00000643496;ENST00000643649;ENST00000643668;ENST00000643724;ENST00000643954;ENST00000644171;ENST00000644210;ENST00000644225;ENST00000644281;ENST00000644464;ENST00000644498;ENST00000644671;ENST00000644751;ENST00000644781;ENST00000644901;ENST00000645042;ENST00000645063;ENST00000645354;ENST00000645392;ENST00000645742;ENST00000645818;ENST00000645842;ENST00000645886;ENST00000645897;ENST00000645952;ENST00000645977;ENST00000646005;ENST00000646263;ENST00000646303;ENST00000646399;ENST00000646445;ENST00000646531;ENST00000646589;ENST00000646716;ENST00000646826;ENST00000646930;ENST00000647032;ENST00000647079;ENST00000647123;ENST00000647227;ENST00000647302;ENST00000647491	False	False	False	0.0	False	3UTR	3UTR	UFM1_independent
7503	ENSG00000198720	ANKRD13B	chr17	+							7503	42,32,24	166,114,239	2,0,0	153,148,156	228	149	0.0	0.0	0.142,0.155,0.062	0.008,0.0,0.0	0.117					RI	chr17|+|29609085|29609421|29609085|29609275|29609354|29609421	0.0	0.117	0.1196666666666666	0.0026666666666666	1076					29609085	29609275	29609354	29609421								29609085	29609421	25,15,12,1,0,0	30,24,22,2,0,0	0,0,0,0,0,0	166,114,239,153,148,156						7503	chr17	+							7503	50,59,33	152,153,190	0,7,1	111,88,149	228	149	0.0	0.0	0.177,0.201,0.102	0.0,0.049,0.004	0.142					0.0	0.142	0.16	0.0176666666666666	993					29609085	29609275	29609354	29609421								29609085	29609421	29,34,26,0,7,0	43,43,16,0,3,1	0,0,0,0,0,0	152,153,190,111,88,149						0.0	0.117	17	+	29609085	29609421	29609085	29609275	29609354	29609421	336	0	808	0	True	False	1.0		808	1	True	True	808	True	1.0	True	1	False	ENST00000578943	ENST00000578943	ENST00000394859;ENST00000487527;ENST00000488766;ENST00000493506;ENST00000583728;ENST00000614878	False	False	False	0.0	False	3UTR	3UTR	UFM1_independent
7510	ENSG00000106009	BRAT1	chr7	-							7510	101,126,130	98,57,90	38,61,42	41,70,79	563	149	0.000262462267032	0.0018353963956111	0.214,0.369,0.277	0.197,0.187,0.123	0.118					RI	chr7|-|2537880|2539351|2537880|2538764|2539178|2539351	0.0018353963956111	0.118	0.2866666666666667	0.169	933					2537880	2538764	2539178	2539351								2537880	2539351	27,57,57,10,29,9	15,3,8,16,9,9	59,66,65,12,23,24	98,57,90,41,70,79						7510	chr7	-							7510	116,99,106	25,59,117	16,19,57	19,68,37	563	149	0.00754391416891	0.0283671841009013	0.551,0.308,0.193	0.182,0.069,0.29	0.17					0.0283671841009013	0.17	0.3506666666666667	0.1803333333333333	738					2537880	2538764	2539178	2539351								2537880	2539351	15,46,45,4,15,15	30,9,21,1,0,22	71,44,40,11,4,20	25,59,117,19,68,37						0.0018353963956111	0.118	7	-	2537880	2539351	2537880	2538764	2539178	2539351	1471	0	866	0	True	False	2.0		866	2	True	True	866	True	2.0	True	1	False	ENST00000467558	ENST00000467558	ENST00000340611;ENST00000469750;ENST00000473879;ENST00000493232	False	False	False	0.0	False	3UTR	3UTR	UFM1_independent
7513	ENSG00000106009	BRAT1	chr7	-							7513	327,445,431	37,54,46	147,189,206	40,46,54	415	149	1.0639645065e-07	2.160341176774172e-06	0.76,0.747,0.771	0.569,0.596,0.578	0.178					RI	chr7|-|2543203|2543962|2543203|2543323|2543589|2543962	2.160341176774172e-06	0.178	0.7593333333333333	0.581	2022					2543203	2543323	2543589	2543962								2543203	2543962	77,140,119,42,72,50	102,179,173,54,47,88	148,126,139,51,70,68	37,54,46,40,46,54						7513	chr7	-							7513	272,312,352	50,80,61	109,157,135	24,62,47	415	149	0.0133698324045	0.044880721451237	0.661,0.583,0.674	0.62,0.476,0.508	0.105					0.044880721451237	0.105	0.6393333333333333	0.5346666666666666	1661					2543203	2543323	2543589	2543962								2543203	2543962	92,88,125,37,45,42	54,123,81,19,36,32	126,101,146,53,76,61	50,80,61,24,62,47						2.160341176774172e-06	0.178	7	-	2543203	2543962	2543203	2543323	2543589	2543962	759	0	715	0	True	False	1.0		715	1	True	True	715	True	1.0	True	1	False	ENST00000467558	ENST00000467558	ENST00000340611;ENST00000421712;ENST00000469750;ENST00000493232	False	False	False	0.0	False	3UTR	3UTR	UFM1_independent
7540	ENSG00000117266	CDK18	chr1	+							7540	30,11,14	0,0,3	8,24,15	16,6,3	844	149	0.00023852249709	0.0016908901180992	1.0,1.0,0.452	0.081,0.414,0.469	0.496					RI	chr1|+|205529520|205530349|205529520|205529563|205530258|205530349	0.0016908901180992	0.496	0.8173333333333334	0.3213333333333333	130					205529520	205529563	205530258	205530349								205529520	205530349	0,0,3,0,2,3	15,0,2,0,3,0	15,11,9,8,19,12	0,0,3,16,6,3						7540	chr1	+							7540	19,14,17	19,1,2	5,6,7	2,0,0	844	149	0.00692625379746	0.0264007705436411	0.15,0.712,0.6	0.306,1.0,1.0	-0.281					0.0264007705436411	-0.281	0.4873333333333333	0.7686666666666666	92					205529520	205529563	205530258	205530349								205529520	205530349	0,0,0,0,2,1	1,8,3,0,2,1	18,6,14,5,2,5	19,1,2,2,0,0						0.0016908901180992	0.496	1	+	205529520	205530349	205529520	205529563	205530258	205530349	829	0	402	0	True	False	0.0		402	0	False	False	402	True	0.0	False	1	False	ENST00000489617	ENST00000489617	ENST00000360066;ENST00000429964;ENST00000459862;ENST00000468954;ENST00000484080;ENST00000504648;ENST00000505932;ENST00000506784;ENST00000512008;ENST00000515494;ENST00000515514	False	False	False	0.0	False	3UTR	3UTR	UFM1_independent
7566	ENSG00000166598	HSP90B1	chr12	+							7566	2792,2668,2460	843,1532,941	2083,2159,2843	226,319,516	567	149	3.2981395392500004e-12	1.8554304270349542e-10	0.465,0.314,0.407	0.708,0.64,0.591	-0.251					RI	chr12|+|103943073|103943874|103943073|103943319|103943737|103943874	1.8554304270349542e-10	-0.251	0.3953333333333333	0.6463333333333333	19382					103943073	103943319	103943737	103943874								103943073	103943874	923,905,812,686,742,919	883,955,736,715,662,884	986,808,912,682,755,1040	843,1532,941,226,319,516						7566	chr12	+							7566	1729,2691,2397	784,2721,1300	2031,2564,2155	265,472,331	567	149	0.0	0.0	0.367,0.206,0.326	0.668,0.588,0.631	-0.329					0.0	-0.329	0.2996666666666666	0.629	19440					103943073	103943319	103943737	103943874								103943073	103943874	600,924,826,658,793,616	586,814,793,675,825,831	543,953,778,698,946,708	784,2721,1300,265,472,331						1.8554304270349542e-10	-0.251	12	+	103943073	103943874	103943073	103943319	103943737	103943874	801	0	3403	0	True	False	1.0		3403	1	True	True	3403	True	1.0	True	4	False	ENST00000680281;ENST00000680653;ENST00000680989;ENST00000681245	ENST00000680281;ENST00000680653;ENST00000680989;ENST00000681245	ENST00000299767;ENST00000548462;ENST00000550595;ENST00000551983;ENST00000552051;ENST00000614327;ENST00000679538;ENST00000679779;ENST00000679861;ENST00000680316;ENST00000680370;ENST00000680391;ENST00000680478;ENST00000680663;ENST00000680762;ENST00000680899;ENST00000681172;ENST00000681174;ENST00000681698;ENST00000681704;ENST00000681861;ENST00000681910;ENST00000681941;ENST00000681949	False	False	False	0.0	False	Stop_Codon	Stop_Codon	UFM1_independent
7623	ENSG00000077454	LRCH4	chr7	-							7623	245,253,366	92,37,88	159,186,187	55,67,89	273	149	0.0122824089071	0.0420914120435531	0.592,0.789,0.694	0.612,0.602,0.534	0.109					RI	chr7|-|100576693|100577005|100576693|100576777|100576901|100577005	0.0420914120435531	0.109	0.6916666666666667	0.5826666666666667	1824					100576693	100576777	100576901	100577005								100576693	100577005	196,184,241,109,110,136	50,68,127,52,86,57	1,1,7,0,0,1	92,37,88,55,67,89						7623	chr7	-							7623	267,308,249	59,56,78	190,212,188	66,95,79	273	149	0.000285309038416	0.0018213332801207	0.712,0.75,0.635	0.611,0.549,0.565	0.124					0.0018213332801207	0.124	0.699	0.575	1847					100576693	100576777	100576901	100577005								100576693	100577005	183,209,147,135,143,139	86,111,113,54,83,56	0,2,4,1,2,0	59,56,78,66,95,79						0.0420914120435531	0.109	7	-	100576693	100577005	100576693	100576777	100576901	100577005	312	0	376	0	True	False	1.0		376	1	True	True	376	True	1.0	True	1	False	ENST00000467201	ENST00000467201	ENST00000310300;ENST00000476881;ENST00000485554;ENST00000490359;ENST00000497245;ENST00000498539	False	False	False	0.0	False	NonCoding	NonCoding	UFM1_independent
7631	ENSG00000106397	PLOD3	chr7	-							7631	203,322,260	153,149,210	131,134,82	111,181,108	451	149	0.000293776858795	0.0020172896955553	0.305,0.417,0.29	0.281,0.197,0.201	0.111					RI	chr7|-|101211845|101212374|101211845|101211950|101212252|101212374	0.0020172896955553	0.111	0.3373333333333333	0.2263333333333333	2044					101211845	101211950	101212252	101212374								101211845	101212374	28,63,49,21,35,11	96,128,107,30,21,43	79,131,104,80,78,28	153,149,210,111,181,108						7631	chr7	-							7631	225,362,298	141,226,232	139,107,111	127,126,164	451	149	7.62847086255e-06	8.84229089039145e-05	0.345,0.346,0.298	0.266,0.219,0.183	0.107					8.84229089039145e-05	0.107	0.3296666666666666	0.2226666666666666	2258					101211845	101211950	101212252	101212374								101211845	101212374	65,103,82,38,30,24	79,100,118,26,23,27	81,159,98,75,54,60	141,226,232,127,126,164						0.0020172896955553	0.111	7	-	101211845	101212374	101211845	101211950	101212252	101212374	529	0	524	0	True	False	2.0		524	2	True	True	524	True	2.0	True	1	False	ENST00000460475	ENST00000460475	ENST00000223127;ENST00000421736;ENST00000440925;ENST00000463479;ENST00000478082	False	False	False	0.0	False	3UTR	3UTR	UFM1_independent
7682	ENSG00000140682	TGFB1I1	chr16	+							7682	928,925,1279	56,120,76	138,281,377	35,72,39	1403	149	0.00106100664561	0.005866630072931	0.638,0.45,0.641	0.295,0.293,0.507	0.211					RI	chr16|+|31474562|31476185|31474562|31474757|31476011|31476185	0.005866630072931	0.211	0.5763333333333334	0.365	4326					31474562	31474757	31476011	31476185								31474562	31476185	60,44,91,8,27,33	63,50,57,17,24,45	805,831,1131,113,230,299	56,120,76,35,72,39						7682	chr16	+							7682	835,851,1199	79,50,104	149,182,171	37,50,33	1403	149	2.83989498584e-11	1.237198437222546e-09	0.529,0.644,0.55	0.3,0.279,0.355	0.263					1.237198437222546e-09	0.263	0.5743333333333334	0.3113333333333333	3740					31474562	31474757	31476011	31476185								31474562	31476185	41,86,83,5,7,21	41,61,63,16,26,24	753,704,1053,128,149,126	79,50,104,37,50,33						0.005866630072931	0.211	16	+	31474562	31476185	31474562	31474757	31476011	31476185	1623	0	1701	0	True	False	0.0		1701	0	False	False	1701	True	0.0	False	1	False	ENST00000568142	ENST00000568142	ENST00000361773;ENST00000394858;ENST00000394863;ENST00000563712;ENST00000564176;ENST00000564804;ENST00000565360;ENST00000565454;ENST00000567066;ENST00000567607;ENST00000569703	False	False	False	0.0	False	CDS	CDS	UFM1_independent
7689	ENSG00000174233	ADCY6	chr12	-							7689	107,94,31	56,46,63	12,18,12	32,22,39	327	149	0.00200110903608	0.0097542135208605	0.465,0.482,0.183	0.146,0.272,0.123	0.196					RI	chr12|-|48777103|48777521|48777103|48777231|48777409|48777521	0.0097542135208605	0.196	0.3766666666666666	0.1803333333333333	532					48777103	48777231	48777409	48777521								48777103	48777521	52,55,8,10,2,2	55,32,15,2,16,4	0,7,8,0,0,6	56,46,63,32,22,39						7689	chr12	-							7689	47,109,98	62,100,54	22,8,15	22,40,48	327	149	0.0004515557351	0.0027269450842689	0.257,0.332,0.453	0.313,0.084,0.125	0.173					0.0027269450842689	0.173	0.3473333333333333	0.174	625					48777103	48777231	48777409	48777521								48777103	48777521	27,64,26,17,4,0	20,45,69,5,4,15	0,0,3,0,0,0	62,100,54,22,40,48						0.0097542135208605	0.196	12	-	48777103	48777521	48777103	48777231	48777409	48777521	418	0	720	0	True	False	0.0		720	0	False	False	720	True	0.0	False	1	False	ENST00000551435	ENST00000551435	ENST00000307885;ENST00000357869;ENST00000550422	False	False	False	0.0	False	3UTR	3UTR	UFM1_independent
7691	ENSG00000224940	PRRT4	chr7	-							7691	19,16,37	0,0,0	2,5,1	10,0,0	1183	149	0.00254206813249	0.0118539633372081	1.0,1.0,1.0	0.025,1.0,1.0	0.325					RI	chr7|-|128350324|128352678|128350324|128351414|128352448|128352678	0.0118539633372081	0.325	1.0	0.675	90					128350324	128351414	128352448	128352678								128350324	128352678	0,4,3,0,0,1	3,8,6,0,0,0	16,4,28,2,5,0	0,0,0,10,0,0						7691	chr7	-							7691	2,11,6	0,0,0	6,12,9	2,6,0	1183	149	8.59730961533e-07	1.327855569487925e-05	1.0,1.0,1.0	0.274,0.201,1.0	0.508					1.327855569487925e-05	0.508	1.0	0.4916666666666667	54					128350324	128351414	128352448	128352678								128350324	128352678	0,0,0,0,0,3	0,0,3,0,0,2	2,11,3,6,12,4	0,0,0,2,6,0						0.0118539633372081	0.325	7	-	128350324	128352678	128350324	128351414	128352448	128352678	2354	0	5403	0	True	False	0.0		5403	0	False	False	5403	True	0.0	False	1	True	ENST00000446477	ENST00000446477	ENST00000480290;ENST00000489517;ENST00000489835;ENST00000535159	False	True	True	1.0	False	CDS	CDS	UFM1_independent
7694	ENSG00000052749	RRP12	chr10	-							7694	465,567,517	118,72,133	1275,914,1153	176,139,108	1140	149	0.0111807699225	0.0390213324785258	0.34,0.507,0.337	0.486,0.462,0.583	-0.116					RI	chr10|-|97370922|97372166|97370922|97371081|97372072|97372166	0.0390213324785258	-0.116	0.3946666666666666	0.5103333333333333	5637					97370922	97371081	97372072	97372166								97370922	97372166	45,56,48,126,89,88	39,42,49,151,111,160	381,469,420,998,714,905	118,72,133,176,139,108						7694	chr10	-							7694	488,534,551	121,207,148	1152,929,1174	244,100,154	1140	149	1.19784522381e-05	0.00012780542944502	0.345,0.252,0.327	0.382,0.548,0.499	-0.168					0.00012780542944502	-0.168	0.308	0.4763333333333333	5802					97370922	97371081	97372072	97372166								97370922	97372166	68,37,44,96,85,151	66,48,41,136,111,145	354,449,466,920,733,878	121,207,148,244,100,154						0.0390213324785258	-0.116	10	-	97370922	97372166	97370922	97371081	97372072	97372166	1244	0	1012	0	True	False	1.0		1012	1	True	True	1012	True	1.0	True	1	False	ENST00000479481	ENST00000479481	ENST00000315563;ENST00000370992;ENST00000414986;ENST00000536831	False	False	False	0.0	False	3UTR	3UTR	UFM1_independent
7699	ENSG00000128604	IRF5	chr7	+							7699	268,322,235	36,23,51	90,63,103	34,19,52	609	149	9.36030730447e-06	0.00010531633833212	0.646,0.774,0.53	0.393,0.448,0.326	0.261					RI	chr7|+|128946500|128947535|128946500|128946562|128947022|128947535	0.00010531633833212	0.261	0.65	0.389	1296					128946500	128946562	128947022	128947535								128946500	128947535	37,52,35,26,15,13	82,90,61,17,10,41	149,180,139,47,38,49	36,23,51,34,19,52						7699	chr7	+							7699	165,298,256	15,63,48	51,75,50	20,25,51	609	149	4.59654471311e-05	0.00039569063031903	0.729,0.536,0.566	0.384,0.423,0.193	0.277					0.00039569063031903	0.277	0.6103333333333333	0.3333333333333333	1117					128946500	128946562	128947022	128947535								128946500	128947535	46,53,43,8,9,13	21,96,76,20,30,8	98,149,137,23,36,29	15,63,48,20,25,51						0.00010531633833212	0.261	7	+	128946500	128947535	128946500	128946562	128947022	128947535	1035	0	1732	0	True	False	1.0		1732	1	True	True	1732	True	1.0	True	1	False	ENST00000700151	ENST00000700151	ENST00000357234;ENST00000402030;ENST00000461416;ENST00000465603;ENST00000473745;ENST00000473787;ENST00000477535;ENST00000479582;ENST00000488569;ENST00000489702;ENST00000650798;ENST00000652142;ENST00000700148;ENST00000700152;ENST00000700153	False	False	False	0.0	False	3UTR	3UTR	UFM1_independent
7706	ENSG00000090581	GNPTG	chr16	+							7706	82,48,109	63,79,50	35,36,37	110,84,64	228	149	0.000171004788306	0.0012819087553696	0.46,0.284,0.588	0.172,0.219,0.274	0.222					RI	chr16|+|1352101|1352306|1352101|1352159|1352238|1352306	0.0012819087553696	0.222	0.444	0.2216666666666666	797					1352101	1352159	1352238	1352306								1352101	1352306	43,29,60,24,26,18	69,28,81,32,17,32	0,0,0,0,0,0	63,79,50,110,84,64						7706	chr16	+							7706	96,63,77	87,84,103	14,19,20	57,26,79	228	149	0.000174943224807	0.0012171453163703	0.419,0.329,0.328	0.138,0.323,0.142	0.158					0.0012171453163703	0.158	0.3586666666666667	0.201	725					1352101	1352159	1352238	1352306								1352101	1352306	57,44,56,9,8,16	62,45,56,6,11,12	0,0,0,0,0,0	87,84,103,57,26,79						0.0012819087553696	0.222	16	+	1352101	1352306	1352101	1352159	1352238	1352306	205	0	756	0	True	False	0.0		756	0	False	False	756	True	0.0	False	2	False	ENST00000527168;ENST00000534197	ENST00000527168;ENST00000534197	ENST00000204679;ENST00000526820;ENST00000527137;ENST00000527876;ENST00000529110;ENST00000529957;ENST00000683366;ENST00000683887;ENST00000684126	False	False	False	0.0	False	NonCoding	NonCoding	UFM1_independent
7707	ENSG00000090581	GNPTG	chr16	+							7707	143,166,236	119,129,165	46,109,78	104,132,118	280	149	1.33874289865e-06	1.954564632029e-05	0.39,0.406,0.432	0.191,0.305,0.26	0.157					RI	chr16|+|1362205|1362742|1362205|1362320|1362451|1362742	1.954564632029e-05	0.157	0.4093333333333333	0.252	1545					1362205	1362320	1362451	1362742								1362205	1362742	105,97,142,29,51,17	51,82,115,18,58,63	0,0,0,0,0,0	119,129,165,104,132,118						7707	chr16	+							7707	184,204,163	108,103,183	61,92,96	75,141,151	280	149	0.000112231859078	0.00085146758413573	0.476,0.513,0.322	0.302,0.258,0.253	0.166					0.00085146758413573	0.166	0.437	0.271	1561					1362205	1362320	1362451	1362742								1362205	1362742	98,108,89,45,59,70	86,99,76,16,35,26	0,0,0,0,0,0	108,103,183,75,141,151						1.954564632029e-05	0.157	16	+	1362205	1362742	1362205	1362320	1362451	1362742	537	0	990	0	True	False	0.0		990	0	False	False	990	True	0.0	False	1	False	ENST00000527076	ENST00000527076	ENST00000204679;ENST00000527168;ENST00000529110;ENST00000529957;ENST00000683366;ENST00000683887;ENST00000684100;ENST00000684126;ENST00000684688	False	False	False	0.0	False	3UTR	3UTR	UFM1_independent
7708	ENSG00000090581	GNPTG	chr16	+							7708	145,166,251	106,136,159	47,57,101	62,104,97	225	149	0.000296892370165	0.0020341273897785	0.475,0.447,0.511	0.334,0.266,0.408	0.142					RI	chr16|+|1362451|1362742|1362451|1362534|1362610|1362742	0.0020341273897785	0.142	0.4776666666666667	0.336	1431					1362451	1362534	1362610	1362742								1362451	1362742	74,125,161,32,45,82	119,100,197,40,37,61	0,0,0,0,0,0	106,136,159,62,104,97						7708	chr16	+							7708	164,186,207	91,76,133	54,126,97	73,155,108	225	149	2.5185361352e-08	5.987968393886929e-07	0.544,0.618,0.508	0.329,0.35,0.373	0.206					5.987968393886929e-07	0.206	0.5566666666666666	0.3506666666666667	1470					1362451	1362534	1362610	1362742								1362451	1362742	140,140,140,40,76,79	107,113,142,41,102,81	0,8,0,0,0,0	91,76,133,73,155,108						0.0020341273897785	0.142	16	+	1362451	1362742	1362451	1362534	1362610	1362742	291	0	645	0	True	False	0.0		645	0	False	False	645	True	0.0	False	1	False	ENST00000684126	ENST00000684126	ENST00000204679;ENST00000527076;ENST00000527168;ENST00000529110;ENST00000529957;ENST00000683366;ENST00000683887;ENST00000684100;ENST00000684688	False	False	False	0.0	False	3UTR	3UTR	UFM1_independent
7710	ENSG00000105875	WDR91	chr7	-							7710	554,459,637	60,68,85	167,165,239	43,61,91	1412	149	4.72410999208e-12	2.4972622820202206e-10	0.494,0.416,0.442	0.291,0.222,0.217	0.207					RI	chr7|-|135186971|135188545|135186971|135187169|135188432|135188545	2.4972622820202206e-10	0.207	0.4506666666666666	0.2433333333333333	2629					135186971	135187169	135188432	135188545								135186971	135188545	18,47,33,17,15,10	40,33,48,9,9,26	496,379,556,141,141,203	60,68,85,43,61,91						7710	chr7	-							7710	462,705,595	36,39,67	143,218,178	32,50,60	1412	149	7.03989533335e-10	2.29805015773517e-08	0.575,0.656,0.484	0.32,0.315,0.238	0.281					2.29805015773517e-08	0.281	0.5716666666666667	0.291	2585					135186971	135187169	135188432	135188545								135186971	135188545	21,38,42,0,5,14	49,54,43,27,34,9	392,613,510,116,179,155	36,39,67,32,50,60						2.4972622820202206e-10	0.207	7	-	135186971	135188545	135186971	135187169	135188432	135188545	1574	0	1384	0	True	False	1.0		1384	1	True	True	1384	True	1.0	True	1	False	ENST00000682759	ENST00000682759	ENST00000354475;ENST00000423565;ENST00000462707;ENST00000466182;ENST00000474411;ENST00000485942;ENST00000497853;ENST00000682160;ENST00000682250;ENST00000682339;ENST00000682534;ENST00000682802;ENST00000683628;ENST00000683848;ENST00000683947;ENST00000684322;ENST00000684339;ENST00000684486	False	False	False	0.0	False	3UTR	3UTR	UFM1_independent
7712	ENSG00000105875	WDR91	chr7	-							7712	132,91,141	83,57,104	27,66,29	64,77,101	947	149	3.1616931295300007e-12	1.8119161000259774e-10	0.2,0.201,0.176	0.062,0.119,0.043	0.118					RI	chr7|-|135186971|135189452|135186971|135188545|135189343|135189452	1.8119161000259774e-10	0.118	0.1923333333333333	0.0746666666666666	972					135186971	135188545	135189343	135189452								135186971	135189452	20,24,17,4,0,0	10,8,13,4,1,0	102,59,111,19,65,29	83,57,104,64,77,101						7712	chr7	-							7712	145,105,120	59,97,127	58,36,23	66,66,83	947	149	1.92102379148e-06	2.6854311751730832e-05	0.279,0.146,0.129	0.121,0.079,0.042	0.104					2.6854311751730832e-05	0.104	0.1846666666666666	0.0806666666666666	985					135186971	135188545	135189343	135189452								135186971	135189452	22,20,19,33,5,1	5,1,16,2,5,3	118,84,85,23,26,19	59,97,127,66,66,83						1.8119161000259774e-10	0.118	7	-	135186971	135189452	135186971	135188545	135189343	135189452	2481	0	2015	0	True	False	2.0		2015	2	True	True	2015	True	2.0	True	2	False	ENST00000682339;ENST00000683628	ENST00000682339;ENST00000683628	ENST00000354475;ENST00000423565;ENST00000462707;ENST00000466182;ENST00000474411;ENST00000485942;ENST00000497853;ENST00000682160;ENST00000682250;ENST00000682534;ENST00000682759;ENST00000682802;ENST00000683848;ENST00000683947;ENST00000684322;ENST00000684339;ENST00000684486	False	False	False	0.0	False	3UTR	3UTR	UFM1_independent
7767	ENSG00000164896	FASTK	chr7	-							7767	361,415,364	313,296,479	138,294,267	260,326,465	229	149	0.00195624257584	0.0095812136382195	0.429,0.477,0.331	0.257,0.37,0.272	0.113					RI	chr7|-|151076625|151077027|151076625|151076832|151076912|151077027	0.0095812136382195	0.113	0.4123333333333333	0.2996666666666667	3978					151076625	151076832	151076912	151077027								151076625	151077027	222,279,241,94,209,161	276,289,273,103,194,194	0,0,0,0,0,0	313,296,479,260,326,465						7767	chr7	-							7767	200,332,358	172,313,451	90,170,169	223,372,352	229	149	4.3074654954e-11	1.8190758130573847e-09	0.431,0.408,0.341	0.208,0.229,0.238	0.168					1.8190758130573847e-09	0.168	0.3933333333333333	0.225	3202					151076625	151076832	151076912	151077027								151076625	151077027	146,211,225,52,119,127	175,233,262,73,119,104	0,0,0,0,0,0	172,313,451,223,372,352						0.0095812136382195	0.113	7	-	151076625	151077027	151076625	151076832	151076912	151077027	402	0	660	0	True	False	0.0		660	0	False	False	660	True	0.0	False	1	False	ENST00000465272	ENST00000465272	ENST00000297532;ENST00000353841;ENST00000459800;ENST00000460980;ENST00000466855;ENST00000467237;ENST00000469237;ENST00000482571;ENST00000482806;ENST00000483953;ENST00000489884	False	False	False	0.0	False	NonCoding	NonCoding	UFM1_independent
7779	ENSG00000055609	KMT2C	chr7	-							7779	183,116,123	38,82,142	219,275,338	40,88,88	1613	149	0.000511719987075	0.0032117369096662	0.308,0.116,0.074	0.336,0.224,0.262	-0.108					RI	chr7|-|152154266|152156057|152154266|152154445|152155909|152156057	0.0032117369096662	-0.108	0.166	0.274	1732					152154266	152154445	152155909	152156057								152154266	152156057	8,11,27,16,17,52	10,5,1,7,25,19	165,100,95,196,233,267	38,82,142,40,88,88						7779	chr7	-							7779	96,88,144	84,87,71	316,336,278	43,105,46	1613	149	1.4220846722400002e-12	7.951823458942001e-11	0.095,0.085,0.158	0.404,0.228,0.358	-0.217					7.951823458942001e-11	-0.217	0.1126666666666666	0.33	1694					152154266	152154445	152155909	152156057								152154266	152156057	14,8,3,31,69,22	0,11,0,23,2,9	82,69,141,262,265,247	84,87,71,43,105,46						0.0032117369096662	-0.108	7	-	152154266	152156057	152154266	152154445	152155909	152156057	1791	0	4905	0	True	False	0.0		4905	0	False	False	4905	True	0.0	False	2	False	ENST00000683337;ENST00000684330	ENST00000683337;ENST00000684330	ENST00000262189;ENST00000360104;ENST00000418061;ENST00000424877;ENST00000473186;ENST00000485241;ENST00000679393;ENST00000679560;ENST00000679882;ENST00000680029;ENST00000680877;ENST00000681923;ENST00000682040;ENST00000682283;ENST00000683120;ENST00000683178;ENST00000683200;ENST00000683502;ENST00000683886;ENST00000684069;ENST00000684261;ENST00000684649	False	False	False	0.0	False	3UTR	3UTR	UFM1_independent
7798	ENSG00000105397	TYK2	chr19	-							7798	1394,1617,1202	357,472,495	531,583,699	372,438,489	1194	149	3.1086244689499997e-15	2.978450819312719e-13	0.328,0.299,0.233	0.151,0.142,0.151	0.139					RI	chr19|-|10356567|10357918|10356567|10356718|10357763|10357918	2.978450819312719e-13	0.139	0.2866666666666667	0.148	8649					10356567	10356718	10357763	10357918								10356567	10357918	119,122,68,24,56,81	113,127,91,34,53,57	1162,1368,1043,473,474,561	357,472,495,372,438,489						7798	chr19	-							7798	1087,1467,1397	324,400,415	656,716,693	324,458,377	1194	149	6.02817795681e-12	3.008608816626082e-10	0.295,0.314,0.296	0.202,0.163,0.187	0.118					3.008608816626082e-10	0.118	0.3016666666666666	0.184	8314					10356567	10356718	10357763	10357918								10356567	10357918	126,80,55,18,48,48	93,71,149,34,90,93	868,1316,1193,604,578,552	324,400,415,324,458,377						2.978450819312719e-13	0.139	19	-	10356567	10357918	10356567	10356718	10357763	10357918	1351	0	2188	0	True	False	1.0		2188	1	True	True	2188	True	1.0	True	4	False	ENST00000529370;ENST00000534228;ENST00000699355;ENST00000699357	ENST00000529370;ENST00000534228;ENST00000699355;ENST00000699357	ENST00000524462;ENST00000524470;ENST00000525621;ENST00000525976;ENST00000527481;ENST00000529739;ENST00000530560;ENST00000530829;ENST00000531836;ENST00000533334;ENST00000699354;ENST00000699356;ENST00000699358;ENST00000699360	False	False	False	0.0	False	3UTR	3UTR	UFM1_independent
7817	ENSG00000111144	LTA4H	chr12	-							7817	1645,1269,1807	53,73,137	1754,1775,2510	25,36,68	4188	149	1.82255041978e-05	0.00019038976446492	0.525,0.382,0.319	0.714,0.637,0.568	-0.231					RI	chr12|-|96009093|96013258|96009093|96009148|96013187|96013258	0.00019038976446492	-0.231	0.4086666666666667	0.6396666666666666	11152					96009093	96009148	96013187	96013258								96009093	96013258	62,56,81,60,71,141	62,21,26,30,29,39	1521,1192,1700,1664,1675,2330	53,73,137,25,36,68						7817	chr12	-							7817	1195,1690,1769	75,106,170	1986,1981,1796	70,40,76	4188	149	5.5106820005e-06	6.6558017202039e-05	0.362,0.362,0.27	0.502,0.638,0.457	-0.201					6.6558017202039e-05	-0.201	0.3313333333333333	0.5323333333333333	10954					96009093	96009148	96013187	96013258								96009093	96013258	45,52,95,55,109,61	11,39,18,25,28,40	1139,1599,1656,1906,1844,1695	75,106,170,70,40,76						0.00019038976446492	-0.231	12	-	96009093	96013258	96009093	96009148	96013187	96013258	4165	0	378	0	True	False	0.0		378	0	False	False	378	True	0.0	False	1	False	ENST00000553041	ENST00000553041	ENST00000228740;ENST00000413268;ENST00000537111;ENST00000547393;ENST00000547982;ENST00000548375;ENST00000548852;ENST00000552091;ENST00000552789	False	False	False	0.0	False	3UTR	3UTR	UFM1_independent
7826	ENSG00000160014	CALM3	chr19	+							7826	705,754,674	62,69,60	669,616,689	39,14,45	2488	149	0.00731189523884	0.0275408732214784	0.405,0.396,0.402	0.507,0.725,0.478	-0.169					RI	chr19|+|46605826|46608340|46605826|46605857|46608196|46608340	0.0275408732214784	-0.169	0.401	0.57	4396					46605826	46605857	46608196	46608340								46605826	46608340	20,45,50,51,61,32	48,73,60,64,55,35	637,636,564,554,500,622	62,69,60,39,14,45						7826	chr19	+							7826	613,715,794	64,59,83	550,645,553	24,40,38	2488	149	0.00154704480738	0.0076515999932578	0.365,0.421,0.364	0.578,0.491,0.466	-0.128					0.0076515999932578	-0.128	0.3833333333333333	0.5116666666666667	4178					46605826	46605857	46608196	46608340								46605826	46608340	30,31,47,29,46,23	35,116,67,57,43,52	548,568,680,464,556,478	64,59,83,24,40,38						0.0275408732214784	-0.169	19	+	46605826	46608340	46605826	46605857	46608196	46608340	2514	0	900	0	True	False	0.0		900	0	False	False	900	True	0.0	False	1	False	ENST00000595072	ENST00000595072	ENST00000291295;ENST00000391918;ENST00000477244;ENST00000482455;ENST00000486500;ENST00000594523;ENST00000596362;ENST00000597743;ENST00000597868;ENST00000598871;ENST00000599839;ENST00000602169	False	False	False	0.0	False	Start_Codon	Start_Codon	UFM1_independent
7837	ENSG00000120896	SORBS3	chr8	+							7837	800,726,733	44,28,47	136,351,356	32,47,26	621	149	0.000204531556564	0.001487893129207	0.814,0.862,0.789	0.505,0.642,0.767	0.184					RI	chr8|+|22565825|22566484|22565825|22565872|22566344|22566484	0.001487893129207	0.184	0.8216666666666667	0.638	3326					22565825	22565872	22566344	22566484								22565825	22566484	102,37,53,11,18,33	154,85,135,15,75,48	544,604,545,110,258,275	44,28,47,32,47,26						7837	chr8	+							7837	653,772,808	36,37,59	145,263,257	30,43,22	621	149	4.27967729605e-05	0.00037565365102973	0.813,0.834,0.767	0.537,0.595,0.737	0.182					0.00037565365102973	0.182	0.8046666666666666	0.623	3125					22565825	22565872	22566344	22566484								22565825	22566484	67,63,104,4,12,31	105,189,144,40,41,34	481,520,560,101,210,192	36,37,59,30,43,22						0.001487893129207	0.184	8	+	22565825	22566484	22565825	22565872	22566344	22566484	659	0	460	0	True	False	1.0		460	1	True	True	460	True	1.0	True	1	False	ENST00000517535	ENST00000517535	ENST00000240123;ENST00000517500;ENST00000518512;ENST00000519453;ENST00000521554;ENST00000521787;ENST00000522315;ENST00000522721;ENST00000523740;ENST00000523900;ENST00000523965	False	False	False	0.0	False	3UTR	3UTR	UFM1_independent
7847	ENSG00000120885	CLU	chr8	-							7847	20,0,45	11,37,33	161,135,310	25,22,87	1293	149	2.42583730881e-13	1.7708612354313002e-11	0.173,0.0,0.136	0.426,0.414,0.291	-0.274					RI	chr8|-|27598459|27600009|27598459|27598635|27599779|27600009	1.7708612354313002e-11	-0.274	0.103	0.377	886					27598459	27598635	27599779	27600009								27598459	27600009	4,0,4,8,32,41	0,0,5,16,5,16	16,0,36,137,98,253	11,37,33,25,22,87						7847	chr8	-							7847	38,56,34	29,125,25	222,106,228	47,11,23	1293	149	0.0	0.0	0.131,0.049,0.135	0.352,0.526,0.533	-0.365					0.0	-0.365	0.105	0.4703333333333333	944					27598459	27598635	27599779	27600009								27598459	27600009	0,10,9,18,5,23	0,3,0,43,1,20	38,43,25,161,100,185	29,125,25,47,11,23						1.7708612354313002e-11	-0.274	8	-	27598459	27600009	27598459	27598635	27599779	27600009	1550	0	1953	0	True	False	0.0		1953	0	False	False	1953	True	0.0	False	1	False	ENST00000522299	ENST00000522299	ENST00000316403;ENST00000405140;ENST00000521770;ENST00000522098;ENST00000523500	False	False	False	0.0	False	3UTR	3UTR	UFM1_independent
7875	ENSG00000079616	KIF22	chr16	+							7875	163,198,178	122,120,154	65,86,38	57,88,113	376	149	0.00182273290031	0.0090648808959455	0.346,0.395,0.314	0.311,0.279,0.118	0.116					RI	chr16|+|29798592|29799184|29798592|29798747|29798974|29799184	0.0090648808959455	0.116	0.3516666666666667	0.236	1382					29798592	29798747	29798974	29799184								29798592	29799184	35,17,37,8,6,10	64,59,96,25,53,18	64,122,45,32,27,10	122,120,154,57,88,113						7875	chr16	+							7875	163,184,199	96,102,146	47,62,60	67,98,87	376	149	1.60534474603e-09	4.873674307849688e-08	0.402,0.417,0.351	0.218,0.2,0.215	0.179					4.873674307849688e-08	0.179	0.39	0.211	1311					29798592	29798747	29798974	29799184								29798592	29799184	19,15,32,8,7,12	64,85,108,12,39,10	80,84,59,27,16,38	96,102,146,67,98,87						0.0090648808959455	0.116	16	+	29798592	29799184	29798592	29798747	29798974	29799184	592	0	6818	0	True	False	2.0		6818	2	True	True	6818	True	2.0	True	1	False	ENST00000563666	ENST00000563666	ENST00000160827;ENST00000400751;ENST00000561482;ENST00000563263;ENST00000569382;ENST00000569636;ENST00000570173;ENST00000685401;ENST00000685526;ENST00000685961;ENST00000686384;ENST00000687634;ENST00000688492;ENST00000689089;ENST00000689107;ENST00000689172;ENST00000689660;ENST00000689743;ENST00000690258;ENST00000690419;ENST00000690510;ENST00000691128;ENST00000691169;ENST00000691203;ENST00000691486;ENST00000691895;ENST00000693260	False	False	False	0.0	False	3UTR	3UTR	UFM1_independent
7890	ENSG00000130816	DNMT1	chr19	-							7890	851,873,919	209,173,244	446,625,672	313,275,250	377	149	6.98937539512e-07	1.1459585540875892e-05	0.617,0.666,0.598	0.36,0.473,0.515	0.178					RI	chr19|-|10139675|10140328|10139675|10139817|10140045|10140328	1.1459585540875892e-05	0.178	0.627	0.4493333333333333	5850					10139675	10139817	10140045	10140328								10139675	10140328	374,321,392,134,229,221	243,275,297,178,244,224	234,277,230,134,152,227	209,173,244,313,275,250						7890	chr19	-							7890	766,804,1046	180,214,203	420,582,720	242,218,327	377	149	2.24336538235e-09	6.576545409714393e-08	0.627,0.598,0.671	0.407,0.513,0.465	0.17					6.576545409714393e-08	0.17	0.632	0.4616666666666666	5722					10139675	10139817	10140045	10140328								10139675	10140328	284,302,413,158,245,301	250,247,368,165,173,208	232,255,265,97,164,211	180,214,203,242,218,327						1.1459585540875892e-05	0.178	19	-	10139675	10140328	10139675	10139817	10140045	10140328	653	0	3486	0	True	False	0.0		3486	0	False	False	3486	True	0.0	False	1	False	ENST00000678957	ENST00000678957	ENST00000340748;ENST00000359526;ENST00000586588;ENST00000586667;ENST00000587197;ENST00000588913;ENST00000589351;ENST00000589538;ENST00000592705;ENST00000593049;ENST00000676604;ENST00000676610;ENST00000676820;ENST00000676868;ENST00000677013;ENST00000677250;ENST00000677616;ENST00000677634;ENST00000677685;ENST00000677783;ENST00000677946;ENST00000678024;ENST00000678107;ENST00000678239;ENST00000678647;ENST00000678694;ENST00000678804;ENST00000679100;ENST00000679103;ENST00000679313	False	False	False	0.0	False	Stop_Codon	Stop_Codon	UFM1_independent
7902	ENSG00000168615	ADAM9	chr8	+							7902	92,35,81	65,99,110	135,109,168	59,91,62	1173	149	6.84526294537e-08	1.4524274180279877e-06	0.152,0.043,0.086	0.225,0.132,0.256	-0.111					RI	chr8|+|39016117|39017414|39016117|39016194|39017218|39017414	1.4524274180279877e-06	-0.111	0.0936666666666666	0.2043333333333333	1106					39016117	39016194	39017218	39017414								39016117	39017414	4,12,6,24,4,36	4,0,19,18,17,15	84,23,56,93,88,117	65,99,110,59,91,62						7902	chr8	+							7902	67,51,39	82,129,101	119,81,195	68,70,47	1173	149	2.38479014314e-10	8.572468853822892e-09	0.094,0.048,0.047	0.182,0.128,0.345	-0.155					8.572468853822892e-09	-0.155	0.063	0.2183333333333333	1049					39016117	39016194	39017218	39017414								39016117	39017414	0,1,10,7,12,11	0,1,6,16,0,49	67,49,23,96,69,135	82,129,101,68,70,47						1.4524274180279877e-06	-0.111	8	+	39016117	39017414	39016117	39016194	39017218	39017414	1297	0	4914	0	True	False	0.0		4914	0	False	False	4914	True	0.0	False	1	False	ENST00000676489	ENST00000676489	ENST00000379917;ENST00000468065;ENST00000481058;ENST00000481873;ENST00000487273;ENST00000676617;ENST00000676643;ENST00000676669;ENST00000676765;ENST00000676919;ENST00000676936;ENST00000677004;ENST00000677137;ENST00000677165;ENST00000677359;ENST00000677582;ENST00000677908;ENST00000678253;ENST00000678474;ENST00000678540;ENST00000678730;ENST00000679268	False	False	False	0.0	False	3UTR	3UTR	UFM1_independent
7939	ENSG00000100462	PRMT5	chr14	-							7939	371,271,337	18,53,77	188,218,258	52,52,95	434	149	0.00382243598474	0.0165180954604832	0.876,0.637,0.6	0.554,0.59,0.483	0.162					RI	chr14|-|22928125|22928615|22928125|22928211|22928496|22928615	0.0165180954604832	0.162	0.7043333333333334	0.5423333333333333	1990					22928125	22928211	22928496	22928615								22928125	22928615	130,117,135,57,91,82	73,35,77,42,47,58	168,119,125,89,80,118	18,53,77,52,52,95						7939	chr14	-							7939	199,255,399	58,62,73	270,229,292	31,33,46	434	149	0.00159803828436	0.0078587566769137	0.541,0.585,0.652	0.749,0.704,0.685	-0.12					0.0078587566769137	-0.12	0.5926666666666667	0.7126666666666667	1947					22928125	22928211	22928496	22928615								22928125	22928615	80,89,136,76,93,82	49,89,120,65,59,119	70,77,143,129,77,91	58,62,73,31,33,46						0.0165180954604832	0.162	14	-	22928125	22928615	22928125	22928211	22928496	22928615	490	0	1968	0	True	False	0.0		1968	0	False	False	1968	True	0.0	False	1	False	ENST00000556032	ENST00000556032	ENST00000216350;ENST00000324366;ENST00000397440;ENST00000397441;ENST00000421938;ENST00000553550;ENST00000553641;ENST00000553787;ENST00000553897;ENST00000553915;ENST00000554716;ENST00000554867;ENST00000554910;ENST00000555530;ENST00000556426;ENST00000556616;ENST00000557015;ENST00000557415;ENST00000627278	False	False	False	0.0	False	CDS	CDS	UFM1_independent
7995	ENSG00000148399	DPH7	chr9	-							7995	163,226,235	108,97,193	92,71,144	96,118,175	275	149	3.35631472065e-05	0.00032157690417227	0.45,0.558,0.397	0.342,0.246,0.308	0.17					RI	chr9|-|137564892|137565154|137564892|137564958|137565084|137565154	0.00032157690417227	0.17	0.4683333333333334	0.2986666666666667	1718					137564892	137564958	137565084	137565154								137564892	137565154	101,100,114,48,47,55	74,131,134,48,24,98	4,0,2,2,0,0	108,97,193,96,118,175						7995	chr9	-							7995	176,219,242	58,113,100	103,127,174	102,156,97	275	149	0.000145410474718	0.0010404429583199	0.622,0.512,0.567	0.354,0.306,0.493	0.183					0.0010404429583199	0.183	0.567	0.3843333333333333	1667					137564892	137564958	137565084	137565154								137564892	137565154	109,148,140,70,66,129	66,85,109,33,69,46	1,0,2,0,0,0	58,113,100,102,156,97						0.00032157690417227	0.17	9	-	137564892	137565154	137564892	137564958	137565084	137565154	262	0	136	0	True	False	1.0		136	1	True	True	136	True	1.0	True	1	False	ENST00000479650	ENST00000479650	ENST00000277540;ENST00000467243;ENST00000467768;ENST00000472113;ENST00000475100;ENST00000477690;ENST00000485189;ENST00000497237	False	False	False	0.0	False	NonCoding	NonCoding	UFM1_independent
7997	ENSG00000182173	TSEN54	chr17	+							7997	45,26,19	57,18,39	6,17,3	26,38,30	247	149	0.000523093860348	0.0032764162938242	0.323,0.466,0.227	0.122,0.213,0.057	0.208					RI	chr17|+|75516745|75517072|75516745|75516910|75517008|75517072	0.0032764162938242	0.208	0.3386666666666666	0.1306666666666666	324					75516745	75516910	75517008	75517072								75516745	75517072	11,4,2,4,5,1	40,22,17,2,13,2	0,0,0,0,0,0	57,18,39,26,38,30						7997	chr17	+							7997	30,30,43	31,59,19	2,15,6	11,16,35	247	149	0.0114478150549	0.0395726131176537	0.369,0.235,0.577	0.099,0.361,0.094	0.209					0.0395726131176537	0.209	0.3936666666666666	0.1846666666666666	297					75516745	75516910	75517008	75517072								75516745	75517072	12,3,12,0,0,0	19,27,31,2,15,6	0,0,0,0,0,0	31,59,19,11,16,35						0.0032764162938242	0.208	17	+	75516745	75517072	75516745	75516910	75517008	75517072	327	0	1896	0	True	False	0.0		1896	0	False	False	1896	True	0.0	False	1	False	ENST00000583454	ENST00000583454	ENST00000333213;ENST00000434205;ENST00000545228;ENST00000578415;ENST00000579449;ENST00000580013;ENST00000583173;ENST00000583634;ENST00000583818;ENST00000679370;ENST00000679429;ENST00000679443;ENST00000679782;ENST00000679919;ENST00000679928;ENST00000680528;ENST00000680999;ENST00000681282	False	False	False	0.0	False	5UTR	5UTR	UFM1_independent
7999	ENSG00000182173	TSEN54	chr17	+							7999	267,190,339	142,100,95	39,75,102	52,57,74	343	149	0.000614870426449	0.0037464399673629	0.45,0.452,0.608	0.246,0.364,0.375	0.175					RI	chr17|+|75521408|75522333|75521408|75521510|75521704|75522333	0.0037464399673629	0.175	0.5033333333333333	0.3283333333333333	1532					75521408	75521510	75521704	75522333								75521408	75522333	134,58,163,8,24,26	82,79,100,26,34,63	51,53,76,5,17,13	142,100,95,52,57,74						7999	chr17	+							7999	168,207,230	104,106,101	56,57,75	57,49,67	343	149	0.000126385368001	0.00093305774738146	0.412,0.459,0.497	0.299,0.336,0.327	0.135					0.00093305774738146	0.135	0.456	0.3206666666666666	1277					75521408	75521510	75521704	75522333								75521408	75522333	101,107,120,19,16,40	38,87,70,23,31,28	29,13,40,14,10,7	104,106,101,57,49,67						0.0037464399673629	0.175	17	+	75521408	75522333	75521408	75521510	75521704	75522333	925	0	4110	0	True	False	0.0		4110	0	False	False	4110	True	0.0	False	1	False	ENST00000679443	ENST00000679443	ENST00000333213;ENST00000434205;ENST00000545228;ENST00000578415;ENST00000579449;ENST00000580013;ENST00000583173;ENST00000583818;ENST00000679370;ENST00000679429;ENST00000679782;ENST00000679919;ENST00000679928;ENST00000680528;ENST00000680999;ENST00000681282	False	False	False	0.0	False	CDS	CDS	UFM1_independent
8018	ENSG00000115392	FANCL	chr2	-							8018	849,804,858	295,214,291	222,267,397	160,209,391	1376	149	0.0	0.0	0.238,0.289,0.242	0.131,0.122,0.099	0.139					RI	chr2|-|58161521|58163517|58161521|58161638|58162865|58163517	0.0	0.139	0.2563333333333333	0.1173333333333333	4957					58161521	58161638	58162865	58163517								58161521	58163517	68,120,99,31,16,44	106,89,51,21,38,76	675,595,708,170,213,277	295,214,291,160,209,391						8018	chr2	-							8018	460,507,917	169,265,266	159,251,236	168,203,214	1376	149	2.0694557179e-13	1.3155203242524316e-11	0.228,0.172,0.272	0.093,0.118,0.107	0.118					1.3155203242524316e-11	0.118	0.224	0.106	3815					58161521	58161638	58162865	58163517								58161521	58163517	71,123,119,25,17,27	62,63,88,26,65,28	327,321,710,108,169,181	169,265,266,168,203,214						0.0	0.139	2	-	58161521	58163517	58161521	58161638	58162865	58163517	1996	0	8467	0	True	False	1.0		8467	1	True	True	8467	True	1.0	True	7	False	ENST00000696320;ENST00000696342;ENST00000696373;ENST00000696376;ENST00000696399;ENST00000696622;ENST00000696636	ENST00000696320;ENST00000696342;ENST00000696373;ENST00000696376;ENST00000696399;ENST00000696622;ENST00000696636	ENST00000233741;ENST00000402135;ENST00000403295;ENST00000403676;ENST00000417361;ENST00000427708;ENST00000446381;ENST00000449070;ENST00000470506;ENST00000696305;ENST00000696306;ENST00000696307;ENST00000696314;ENST00000696315;ENST00000696316;ENST00000696317;ENST00000696318;ENST00000696319;ENST00000696324;ENST00000696325;ENST00000696326;ENST00000696338;ENST00000696339;ENST00000696340;ENST00000696341;ENST00000696343;ENST00000696344;ENST00000696345;ENST00000696358;ENST00000696359;ENST00000696360;ENST00000696361;ENST00000696362;ENST00000696363;ENST00000696364;ENST00000696371;ENST00000696372;ENST00000696374;ENST00000696375;ENST00000696377;ENST00000696378;ENST00000696394;ENST00000696395;ENST00000696396;ENST00000696397;ENST00000696398;ENST00000696400;ENST00000696401;ENST00000696402;ENST00000696409;ENST00000696410;ENST00000696411;ENST00000696412;ENST00000696413;ENST00000696414;ENST00000696415;ENST00000696416;ENST00000696417;ENST00000696432;ENST00000696433;ENST00000696434;ENST00000696435;ENST00000696436;ENST00000696437;ENST00000696438;ENST00000696439;ENST00000696440;ENST00000696454;ENST00000696455;ENST00000696456;ENST00000696457;ENST00000696458;ENST00000696459;ENST00000696460;ENST00000696467;ENST00000696468;ENST00000696469;ENST00000696470;ENST00000696471;ENST00000696472;ENST00000696473;ENST00000696474;ENST00000696475;ENST00000696492;ENST00000696493;ENST00000696494;ENST00000696495;ENST00000696496;ENST00000696497;ENST00000696498;ENST00000696499;ENST00000696508;ENST00000696509;ENST00000696510;ENST00000696527;ENST00000696528;ENST00000696529;ENST00000696530;ENST00000696531;ENST00000696532;ENST00000696542;ENST00000696543;ENST00000696544;ENST00000696545;ENST00000696546;ENST00000696547;ENST00000696548;ENST00000696564;ENST00000696565;ENST00000696566;ENST00000696567;ENST00000696569;ENST00000696570;ENST00000696619;ENST00000696620;ENST00000696621;ENST00000696623;ENST00000696624;ENST00000696625;ENST00000696634;ENST00000696635;ENST00000696637;ENST00000696638;ENST00000696639	False	False	False	0.0	False	3UTR	3UTR	UFM1_independent
8021	ENSG00000115392	FANCL	chr2	-							8021	315,287,292	84,66,124	105,146,178	58,56,156	230	149	0.00189382113653	0.0093652509751628	0.708,0.738,0.604	0.54,0.628,0.425	0.152					RI	chr2|-|58162865|58163074|58162865|58162947|58163028|58163074	0.0093652509751628	0.152	0.6833333333333333	0.531	1867					58162865	58162947	58163028	58163074								58162865	58163074	273,242,221,102,130,137	177,178,197,78,73,121	0,0,0,0,0,0	84,66,124,58,56,156						8021	chr2	-							8021	195,222,257	62,50,105	75,117,109	49,86,72	230	149	1.87316707823e-06	2.630710694286272e-05	0.671,0.742,0.613	0.498,0.468,0.495	0.188					2.630710694286272e-05	0.188	0.6753333333333333	0.487	1399					58162865	58162947	58163028	58163074								58162865	58163074	155,170,183,63,100,100	131,142,175,64,56,61	0,8,0,0,0,0	62,50,105,49,86,72						0.0093652509751628	0.152	2	-	58162865	58163074	58162865	58162947	58163028	58163074	209	0	2694	0	True	False	0.0		2694	0	False	False	2694	True	0.0	False	6	False	ENST00000696338;ENST00000696360;ENST00000696372;ENST00000696411;ENST00000696569;ENST00000696623	ENST00000696338;ENST00000696360;ENST00000696372;ENST00000696411;ENST00000696569;ENST00000696623	ENST00000233741;ENST00000402135;ENST00000403295;ENST00000403676;ENST00000417361;ENST00000427708;ENST00000446381;ENST00000449070;ENST00000470506;ENST00000696305;ENST00000696306;ENST00000696307;ENST00000696314;ENST00000696315;ENST00000696316;ENST00000696317;ENST00000696318;ENST00000696319;ENST00000696320;ENST00000696324;ENST00000696325;ENST00000696326;ENST00000696339;ENST00000696340;ENST00000696341;ENST00000696342;ENST00000696343;ENST00000696344;ENST00000696345;ENST00000696358;ENST00000696359;ENST00000696361;ENST00000696362;ENST00000696363;ENST00000696364;ENST00000696371;ENST00000696373;ENST00000696374;ENST00000696375;ENST00000696376;ENST00000696377;ENST00000696378;ENST00000696394;ENST00000696395;ENST00000696396;ENST00000696397;ENST00000696398;ENST00000696399;ENST00000696400;ENST00000696401;ENST00000696402;ENST00000696409;ENST00000696410;ENST00000696412;ENST00000696413;ENST00000696414;ENST00000696415;ENST00000696416;ENST00000696417;ENST00000696432;ENST00000696433;ENST00000696434;ENST00000696435;ENST00000696436;ENST00000696437;ENST00000696438;ENST00000696439;ENST00000696440;ENST00000696454;ENST00000696455;ENST00000696456;ENST00000696457;ENST00000696458;ENST00000696459;ENST00000696460;ENST00000696467;ENST00000696468;ENST00000696469;ENST00000696470;ENST00000696471;ENST00000696472;ENST00000696473;ENST00000696474;ENST00000696475;ENST00000696492;ENST00000696493;ENST00000696494;ENST00000696495;ENST00000696496;ENST00000696497;ENST00000696498;ENST00000696499;ENST00000696508;ENST00000696509;ENST00000696510;ENST00000696527;ENST00000696528;ENST00000696529;ENST00000696530;ENST00000696531;ENST00000696532;ENST00000696542;ENST00000696543;ENST00000696544;ENST00000696545;ENST00000696546;ENST00000696547;ENST00000696548;ENST00000696564;ENST00000696565;ENST00000696566;ENST00000696567;ENST00000696570;ENST00000696619;ENST00000696620;ENST00000696621;ENST00000696622;ENST00000696624;ENST00000696625;ENST00000696634;ENST00000696635;ENST00000696636;ENST00000696637;ENST00000696638;ENST00000696639	False	False	False	0.0	False	3UTR	3UTR	UFM1_independent
8025	ENSG00000115392	FANCL	chr2	-							8025	627,574,682	86,85,122	169,307,378	83,82,157	508	149	1.53815804538e-08	3.71337997412211e-07	0.681,0.665,0.621	0.374,0.523,0.414	0.219					RI	chr2|-|58162865|58163517|58162865|58163074|58163433|58163517	3.71337997412211e-07	0.219	0.6556666666666667	0.437	3352					58162865	58163074	58163433	58163517								58162865	58163517	99,82,137,46,47,74	185,110,193,48,123,91	343,382,352,75,137,213	86,85,122,83,82,157						8025	chr2	-							8025	374,601,479	78,71,142	198,260,220	65,99,92	508	149	0.000909131510668	0.0048932666603601	0.584,0.713,0.497	0.472,0.435,0.412	0.158					0.0048932666603601	0.158	0.598	0.4396666666666666	2679					58162865	58163074	58163433	58163517								58162865	58163517	53,94,85,38,53,29	107,186,157,63,78,72	214,321,237,97,129,119	78,71,142,65,99,92						3.71337997412211e-07	0.219	2	-	58162865	58163517	58162865	58163074	58163433	58163517	652	0	5442	0	True	False	0.0		5442	0	False	False	5442	True	0.0	False	18	False	ENST00000470506;ENST00000696306;ENST00000696341;ENST00000696361;ENST00000696364;ENST00000696375;ENST00000696378;ENST00000696394;ENST00000696396;ENST00000696397;ENST00000696414;ENST00000696416;ENST00000696460;ENST00000696496;ENST00000696509;ENST00000696542;ENST00000696548;ENST00000696619	ENST00000470506;ENST00000696306;ENST00000696341;ENST00000696361;ENST00000696364;ENST00000696375;ENST00000696378;ENST00000696394;ENST00000696396;ENST00000696397;ENST00000696414;ENST00000696416;ENST00000696460;ENST00000696496;ENST00000696509;ENST00000696542;ENST00000696548;ENST00000696619	ENST00000233741;ENST00000402135;ENST00000403295;ENST00000403676;ENST00000417361;ENST00000427708;ENST00000446381;ENST00000449070;ENST00000696305;ENST00000696307;ENST00000696314;ENST00000696315;ENST00000696316;ENST00000696317;ENST00000696318;ENST00000696319;ENST00000696320;ENST00000696324;ENST00000696325;ENST00000696326;ENST00000696338;ENST00000696339;ENST00000696340;ENST00000696342;ENST00000696343;ENST00000696344;ENST00000696345;ENST00000696358;ENST00000696359;ENST00000696360;ENST00000696362;ENST00000696363;ENST00000696371;ENST00000696372;ENST00000696373;ENST00000696374;ENST00000696376;ENST00000696377;ENST00000696395;ENST00000696398;ENST00000696399;ENST00000696400;ENST00000696401;ENST00000696402;ENST00000696409;ENST00000696410;ENST00000696411;ENST00000696412;ENST00000696413;ENST00000696415;ENST00000696417;ENST00000696432;ENST00000696433;ENST00000696434;ENST00000696435;ENST00000696436;ENST00000696437;ENST00000696438;ENST00000696439;ENST00000696440;ENST00000696454;ENST00000696455;ENST00000696456;ENST00000696457;ENST00000696458;ENST00000696459;ENST00000696467;ENST00000696468;ENST00000696469;ENST00000696470;ENST00000696471;ENST00000696472;ENST00000696473;ENST00000696474;ENST00000696475;ENST00000696492;ENST00000696493;ENST00000696494;ENST00000696495;ENST00000696497;ENST00000696498;ENST00000696499;ENST00000696508;ENST00000696510;ENST00000696527;ENST00000696528;ENST00000696529;ENST00000696530;ENST00000696531;ENST00000696532;ENST00000696543;ENST00000696544;ENST00000696545;ENST00000696546;ENST00000696547;ENST00000696564;ENST00000696565;ENST00000696566;ENST00000696567;ENST00000696569;ENST00000696570;ENST00000696620;ENST00000696621;ENST00000696622;ENST00000696623;ENST00000696624;ENST00000696625;ENST00000696634;ENST00000696635;ENST00000696636;ENST00000696637;ENST00000696638;ENST00000696639	False	False	False	0.0	False	3UTR	3UTR	UFM1_independent
8032	ENSG00000115392	FANCL	chr2	-							8032	105,68,52	16,7,0	52,78,69	0,0,1	3180	149	1.46983211832e-05	0.00015647587759615	0.235,0.313,1.0	1.0,1.0,0.764	-0.405					RI	chr2|-|58226727|58229874|58226727|58226782|58229813|58229874	0.00015647587759615	-0.405	0.516	0.9213333333333332	448					58226727	58226782	58229813	58229874								58226727	58229874	0,1,1,6,8,0	0,0,0,3,4,8	105,67,51,43,66,61	16,7,0,0,0,1						8032	chr2	-							8032	57,89,112	0,0,0	36,79,40	0,16,0	3180	149	0.0033561924682	0.0146234100400142	1.0,1.0,1.0	1.0,0.188,1.0	0.271					0.0146234100400142	0.271	1.0	0.7293333333333334	429					58226727	58226782	58229813	58229874								58226727	58229874	8,1,0,2,10,0	0,1,3,0,0,0	49,87,109,34,69,40	0,0,0,0,16,0						0.00015647587759615	-0.405	2	-	58226727	58229874	58226727	58226782	58229813	58229874	3147	0	6109	0	True	False	1.0		6109	1	True	True	6109	True	1.0	True	2	False	ENST00000696325;ENST00000696394	ENST00000696325;ENST00000696394	ENST00000233741;ENST00000402135;ENST00000403295;ENST00000403676;ENST00000417361;ENST00000427708;ENST00000446381;ENST00000449070;ENST00000470506;ENST00000481670;ENST00000696305;ENST00000696306;ENST00000696307;ENST00000696308;ENST00000696314;ENST00000696315;ENST00000696316;ENST00000696317;ENST00000696318;ENST00000696319;ENST00000696320;ENST00000696321;ENST00000696324;ENST00000696326;ENST00000696338;ENST00000696340;ENST00000696341;ENST00000696342;ENST00000696343;ENST00000696344;ENST00000696345;ENST00000696346;ENST00000696347;ENST00000696358;ENST00000696361;ENST00000696362;ENST00000696364;ENST00000696371;ENST00000696373;ENST00000696374;ENST00000696377;ENST00000696378;ENST00000696379;ENST00000696380;ENST00000696395;ENST00000696398;ENST00000696399;ENST00000696400;ENST00000696403;ENST00000696404;ENST00000696409;ENST00000696410;ENST00000696411;ENST00000696415;ENST00000696416;ENST00000696417;ENST00000696418;ENST00000696433;ENST00000696434;ENST00000696435;ENST00000696438;ENST00000696454;ENST00000696455;ENST00000696457;ENST00000696458;ENST00000696459;ENST00000696460;ENST00000696461;ENST00000696467;ENST00000696468;ENST00000696469;ENST00000696472;ENST00000696473;ENST00000696476;ENST00000696477;ENST00000696478;ENST00000696492;ENST00000696493;ENST00000696495;ENST00000696496;ENST00000696499;ENST00000696508;ENST00000696509;ENST00000696510;ENST00000696511;ENST00000696527;ENST00000696528;ENST00000696530;ENST00000696531;ENST00000696542;ENST00000696543;ENST00000696544;ENST00000696545;ENST00000696546;ENST00000696547;ENST00000696548;ENST00000696549;ENST00000696550;ENST00000696551;ENST00000696564;ENST00000696565;ENST00000696566;ENST00000696567;ENST00000696569;ENST00000696570;ENST00000696594;ENST00000696595;ENST00000696596;ENST00000696597;ENST00000696598;ENST00000696620;ENST00000696621;ENST00000696622;ENST00000696623;ENST00000696624;ENST00000696625;ENST00000696634;ENST00000696635	False	False	False	0.0	False	Stop_Codon	Stop_Codon	UFM1_independent
8035	ENSG00000068438	FTSJ1	chrX	+							8035	355,289,268	38,66,45	75,42,61	24,12,56	429	149	0.000540449485252	0.0033645038005738	0.764,0.603,0.674	0.52,0.549,0.274	0.233					RI	chrX|+|48477960|48478518|48477960|48478168|48478448|48478518	0.0033645038005738	0.233	0.6803333333333333	0.4476666666666667	1331					48477960	48478168	48478448	48478518								48477960	48478518	136,70,97,9,14,22	91,76,61,29,5,19	128,143,110,37,23,20	38,66,45,24,12,56						8035	chrX	+							8035	325,404,345	29,46,62	45,98,62	16,27,69	429	149	1.24390009308e-05	0.00013201955469437	0.796,0.753,0.659	0.494,0.558,0.238	0.306					0.00013201955469437	0.306	0.736	0.43	1528					48477960	48478168	48478448	48478518								48477960	48478518	79,160,94,11,25,16	152,116,136,24,37,31	94,128,115,10,36,15	29,46,62,16,27,69						0.0033645038005738	0.233	X	+	48477960	48478518	48477960	48478168	48478448	48478518	558	0	382	0	True	False	1.0		382	1	True	True	382	True	1.0	True	1	False	ENST00000487353	ENST00000487353	ENST00000019019;ENST00000348411;ENST00000396894;ENST00000473235;ENST00000485486;ENST00000492562	False	False	False	0.0	False	5UTR	5UTR	UFM1_independent
8042	ENSG00000033011	ALG1	chr16	+							8042	164,108,152	0,0,14	48,65,103	0,0,0	2290	149	0.000998262700339	0.0056056290095959	1.0,1.0,0.414	1.0,1.0,1.0	-0.195					RI	chr16|+|5073152|5075536|5073152|5073256|5075397|5075536	0.0056056290095959	-0.195	0.8046666666666666	1.0	654					5073152	5073256	5075397	5075536								5073152	5075536	11,17,24,2,3,9	24,20,22,13,8,8	129,71,106,33,54,86	0,0,14,0,0,0						8042	chr16	+							8042	91,86,166	4,4,1	44,92,79	0,0,2	2290	149	0.00143223921559	0.0071837978595913	0.597,0.583,0.915	1.0,1.0,0.72	-0.208					0.0071837978595913	-0.208	0.6983333333333334	0.9066666666666666	569					5073152	5073256	5075397	5075536								5073152	5075536	1,9,4,0,3,15	14,42,41,3,7,26	76,35,121,41,82,38	4,4,1,0,0,2						0.0056056290095959	-0.195	16	+	5073152	5075536	5073152	5073256	5075397	5075536	2384	0	2992	0	True	False	1.0		2992	1	True	True	2992	True	1.0	True	3	False	ENST00000592793;ENST00000682349;ENST00000682703	ENST00000592793;ENST00000682349;ENST00000682703	ENST00000262374;ENST00000544428;ENST00000586840;ENST00000588623;ENST00000591783;ENST00000591822;ENST00000650085;ENST00000682020;ENST00000682206;ENST00000682314;ENST00000682327;ENST00000682797;ENST00000682985;ENST00000683433;ENST00000683685;ENST00000683710;ENST00000683739;ENST00000683772;ENST00000684008;ENST00000684190;ENST00000684335	False	False	False	0.0	False	Stop_Codon	Stop_Codon	UFM1_independent
8071	ENSG00000147813	NAPRT	chr8	-							8071	286,416,416	199,195,210	140,223,292	204,150,244	418	149	0.000600264544348	0.003677145040901	0.339,0.432,0.414	0.197,0.346,0.299	0.114					RI	chr8|-|143576077|143576572|143576077|143576162|143576431|143576572	0.003677145040901	0.114	0.395	0.2806666666666667	2975					143576077	143576162	143576431	143576572								143576077	143576572	155,261,240,90,136,203	60,85,98,27,46,53	71,70,78,23,41,36	199,195,210,204,150,244						8071	chr8	-							8071	303,487,413	155,182,253	133,221,219	152,179,192	418	149	2.09712875188e-06	2.891452176393452e-05	0.411,0.488,0.368	0.238,0.306,0.289	0.145					2.891452176393452e-05	0.145	0.4223333333333333	0.2776666666666667	2889					143576077	143576162	143576431	143576572								143576077	143576572	179,348,245,85,139,126	57,56,86,26,39,45	67,83,82,22,43,48	155,182,253,152,179,192						0.003677145040901	0.114	8	-	143576077	143576572	143576077	143576162	143576431	143576572	495	0	989	0	True	False	2.0		989	2	True	True	989	True	2.0	True	1	False	ENST00000464332	ENST00000464332	ENST00000340490;ENST00000426292;ENST00000435154;ENST00000449291;ENST00000460623;ENST00000480946;ENST00000488096;ENST00000525583;ENST00000532645	False	False	False	0.0	False	3UTR	3UTR	UFM1_independent
8088	ENSG00000206503	HLA-A	chr6	+							8088	583,465,539	218,496,391	462,595,760	183,203,347	390	149	0.0110363351797	0.0386518142030999	0.505,0.264,0.345	0.491,0.528,0.456	-0.12					RI	chr6|+|29942756|29943543|29942756|29943026|29943267|29943543	0.0386518142030999	-0.12	0.3713333333333333	0.4916666666666667	5242					29942756	29943026	29943267	29943543								29942756	29943543	288,217,291,237,290,391	84,51,88,66,114,149	211,197,160,159,191,220	218,496,391,183,203,347						8088	chr6	+							8088	428,547,737	269,802,457	525,546,658	190,286,248	390	149	8.30853980808e-05	0.00065247427699603	0.378,0.207,0.381	0.514,0.422,0.503	-0.158					0.00065247427699603	-0.158	0.322	0.4796666666666667	5693					29942756	29943026	29943267	29943543								29942756	29943543	225,270,373,266,274,360	60,94,121,69,83,69	143,183,243,190,189,229	269,802,457,190,286,248						0.0386518142030999	-0.12	6	+	29942756	29943543	29942756	29943026	29943267	29943543	787	0	7633	0	True	False	1.0		7633	1	True	True	7633	True	1.0	True	3	False	ENST00000461903;ENST00000479320;ENST00000495183	ENST00000461903;ENST00000479320;ENST00000495183	ENST00000376802;ENST00000376806;ENST00000376809;ENST00000396634;ENST00000496081;ENST00000638375;ENST00000706892;ENST00000706893;ENST00000706894;ENST00000706895;ENST00000706896;ENST00000706897;ENST00000706898;ENST00000706899;ENST00000706900;ENST00000706901;ENST00000706902;ENST00000706903;ENST00000706904;ENST00000706905	False	False	False	0.0	False	NonCoding	NonCoding	UFM1_independent
8090	ENSG00000206503	HLA-A	chr6	+							8090	743,608,740	371,749,531	734,892,1222	304,350,530	727	149	4.61887525816e-06	5.950198126688471e-05	0.291,0.143,0.222	0.331,0.343,0.321	-0.113					RI	chr6|+|29943267|29944397|29943267|29943543|29944121|29944397	5.950198126688471e-05	-0.113	0.2186666666666666	0.3316666666666666	7774					29943267	29943543	29944121	29944397								29943267	29944397	189,186,195,180,234,276	53,40,63,65,73,142	501,382,482,489,585,804	371,749,531,304,350,530						8090	chr6	+							8090	494,739,874	404,1094,750	715,733,817	414,332,490	727	149	1.28134947097e-10	4.866710349174736e-09	0.2,0.122,0.193	0.261,0.312,0.255	-0.104					4.866710349174736e-09	-0.104	0.1716666666666666	0.276	7856					29943267	29943543	29944121	29944397								29943267	29944397	129,145,213,166,178,208	66,103,102,56,63,57	299,491,559,493,492,552	404,1094,750,414,332,490						5.950198126688471e-05	-0.113	6	+	29943267	29944397	29943267	29943543	29944121	29944397	1130	0	7728	0	True	False	0.0		7728	0	False	False	7728	True	0.0	False	2	False	ENST00000706896;ENST00000706899	ENST00000706896;ENST00000706899	ENST00000376802;ENST00000376806;ENST00000376809;ENST00000396634;ENST00000461903;ENST00000479320;ENST00000495183;ENST00000496081;ENST00000638375;ENST00000706892;ENST00000706893;ENST00000706894;ENST00000706895;ENST00000706897;ENST00000706898;ENST00000706900;ENST00000706901;ENST00000706902;ENST00000706903;ENST00000706904;ENST00000706905	False	False	False	0.0	False	NonCoding	NonCoding	UFM1_independent
8093	ENSG00000206503	HLA-A	chr6	+							8093	926,1092,1051	381,842,679	1133,1315,1497	309,369,556	591	149	3.29234826846e-07	5.903122684852843e-06	0.38,0.246,0.281	0.48,0.473,0.404	-0.15					RI	chr6|+|29944499|29945091|29944499|29944616|29945058|29945091	5.903122684852843e-06	-0.15	0.3023333333333333	0.4523333333333333	10150					29944499	29944616	29945058	29945091								29944499	29945091	80,137,121,101,117,139	199,217,299,266,344,394	647,738,631,766,854,964	381,842,679,309,369,556						8093	chr6	+							8093	858,1128,1243	349,1117,717	1060,1060,1229	299,428,482	591	149	0.000538842893286	0.0031501183277387	0.383,0.203,0.304	0.472,0.384,0.391	-0.119					0.0031501183277387	-0.119	0.2966666666666667	0.4156666666666667	9970					29944499	29944616	29945058	29945091								29944499	29945091	86,108,131,105,135,124	178,279,328,274,276,278	594,741,784,681,649,827	349,1117,717,299,428,482						5.903122684852843e-06	-0.15	6	+	29944499	29945091	29944499	29944616	29945058	29945091	592	0	1855	0	True	False	1.0		1855	1	True	True	1855	True	1.0	True	3	False	ENST00000496081;ENST00000706896;ENST00000706897	ENST00000496081;ENST00000706896;ENST00000706897	ENST00000376802;ENST00000376806;ENST00000376809;ENST00000396634;ENST00000461903;ENST00000479320;ENST00000495183;ENST00000638375;ENST00000706892;ENST00000706893;ENST00000706894;ENST00000706895;ENST00000706898;ENST00000706899;ENST00000706900;ENST00000706901;ENST00000706902;ENST00000706903;ENST00000706904;ENST00000706905	False	False	False	0.0	False	CDS	CDS	UFM1_independent
8103	ENSG00000185803	SLC52A2	chr8	+							8103	83,128,75	0,0,1	59,85,48	2,1,3	594	149	0.00867649277316	0.0316880605628452	1.0,1.0,0.95	0.881,0.955,0.801	0.104					RI	chr8|+|144359622|144360493|144359622|144359726|144360171|144360493	0.0316880605628452	0.104	0.9833333333333332	0.879	485					144359622	144359726	144360171	144360493								144359622	144360493	65,101,57,38,68,24	7,11,4,2,1,13	11,16,14,19,16,11	0,0,1,2,1,3						8103	chr8	+							8103	91,83,117	5,0,5	53,74,82	0,0,0	594	149	6.22485449142e-05	0.0005142530269998	0.82,1.0,0.854	1.0,1.0,1.0	-0.109					0.0005142530269998	-0.109	0.8913333333333333	1.0	510					144359622	144359726	144360171	144360493								144359622	144360493	62,41,61,33,41,57	8,24,25,9,12,6	21,18,31,11,21,19	5,0,5,0,0,0						0.0316880605628452	0.104	8	+	144359622	144360493	144359622	144359726	144360171	144360493	871	0	14960	0	True	False	2.0		14960	2	True	True	14960	True	2.0	True	16	True	ENST00000329994;ENST00000402965;ENST00000526891;ENST00000527078;ENST00000530047;ENST00000532815;ENST00000533662;ENST00000534725;ENST00000643944;ENST00000674821;ENST00000674870;ENST00000675121;ENST00000675280;ENST00000675292;ENST00000675787;ENST00000675888	ENST00000329994;ENST00000402965;ENST00000526891;ENST00000527078;ENST00000530047;ENST00000532815;ENST00000533662;ENST00000534725;ENST00000643944;ENST00000674821;ENST00000674870;ENST00000675121;ENST00000675280;ENST00000675292;ENST00000675787;ENST00000675888	ENST00000524541;ENST00000526338;ENST00000526752;ENST00000526779;ENST00000674779;ENST00000674929;ENST00000675597;ENST00000675998;ENST00000676094;ENST00000676358	True	True	True	0.9375	True	Start_Codon	Start_Codon	UFM1_independent
8105	ENSG00000160948	VPS28	chr8	-							8105	58,42,72	37,16,44	13,23,31	18,158,19	267	149	0.000812458327522	0.0047267499661906	0.467,0.594,0.477	0.287,0.075,0.477	0.233					RI	chr8|-|144423616|144424132|144423616|144423922|144424040|144424132	0.0047267499661906	0.233	0.5126666666666666	0.2796666666666667	531					144423616	144423922	144424040	144424132								144423616	144424132	7,3,12,1,6,3	53,41,68,13,21,31	0,0,0,0,0,0	37,16,44,18,158,19						8105	chr8	-							8105	68,68,59	22,21,44	40,39,25	23,22,181	267	149	0.00887093729246	0.0321751293148143	0.633,0.644,0.428	0.493,0.497,0.072	0.214					0.0321751293148143	0.214	0.5683333333333334	0.354	612					144423616	144423922	144424040	144424132								144423616	144424132	4,14,9,6,7,3	67,58,55,40,32,24	0,0,0,0,0,0	22,21,44,23,22,181						0.0047267499661906	0.233	8	-	144423616	144424132	144423616	144423922	144424040	144424132	516	0	1079	0	True	False	2.0		1079	2	True	True	1079	True	2.0	True	1	True	ENST00000529182	ENST00000529182	ENST00000292510;ENST00000377348;ENST00000526054;ENST00000526204;ENST00000526977;ENST00000527797;ENST00000528142;ENST00000530836;ENST00000530983;ENST00000531032;ENST00000533806	False	True	False	0.0	False	CDS	CDS	UFM1_independent
8106	ENSG00000160948	VPS28	chr8	-							8106	853,792,905	62,131,92	328,429,423	67,116,101	598	149	3.09717568792e-06	4.155772717357864e-05	0.774,0.601,0.71	0.55,0.48,0.511	0.181					RI	chr8|-|144424214|144424819|144424214|144424268|144424717|144424819	4.155772717357864e-05	0.181	0.695	0.5136666666666667	4299					144424214	144424268	144424717	144424819								144424214	144424819	187,134,193,30,78,81	35,53,94,12,28,40	631,605,618,286,323,302	62,131,92,67,116,101						8106	chr8	-							8106	777,927,1056	106,166,137	360,369,346	68,82,112	598	149	0.000930239417456	0.0049846635687815	0.646,0.582,0.658	0.569,0.529,0.435	0.118					0.0049846635687815	0.118	0.6286666666666667	0.511	4506					144424214	144424268	144424717	144424819								144424214	144424819	155,175,249,108,97,65	35,72,63,22,15,42	587,680,744,230,257,239	106,166,137,68,82,112						4.155772717357864e-05	0.181	8	-	144424214	144424819	144424214	144424268	144424717	144424819	605	0	936	0	True	False	0.0		936	0	False	False	936	True	0.0	False	2	False	ENST00000526204;ENST00000530983	ENST00000526204;ENST00000530983	ENST00000292510;ENST00000377348;ENST00000526054;ENST00000526977;ENST00000527797;ENST00000528142;ENST00000529182;ENST00000530836;ENST00000531032;ENST00000533806	False	False	False	0.0	False	3UTR	3UTR	UFM1_independent
8111	ENSG00000160948	VPS28	chr8	-							8111	170,101,134	1,3,3	29,41,68	6,0,7	556	149	0.00356902500984	0.0156435034741521	0.979,0.9,0.923	0.564,1.0,0.722	0.172					RI	chr8|-|144424945|144426208|144424945|144425772|144426179|144426208	0.0156435034741521	0.172	0.934	0.762	563					144424945	144425772	144426179	144426208								144424945	144426208	10,7,28,3,11,10	122,52,59,11,12,19	38,42,47,15,18,39	1,3,3,6,0,7						8111	chr8	-							8111	64,131,93	2,1,2	27,54,56	10,5,1	556	149	0.000805774514109	0.004415673585031	0.896,0.972,0.926	0.42,0.743,0.938	0.231					0.004415673585031	0.231	0.9313333333333332	0.7003333333333333	446					144424945	144425772	144426179	144426208								144424945	144426208	9,19,23,5,9,20	25,61,30,13,25,10	30,51,40,9,20,26	2,1,2,10,5,1						0.0156435034741521	0.172	8	-	144424945	144426208	144424945	144425772	144426179	144426208	1263	0	1785	0	True	False	0.0		1785	0	False	False	1785	True	0.0	False	1	False	ENST00000530983	ENST00000530983	ENST00000292510;ENST00000377348;ENST00000526054;ENST00000526204;ENST00000526734;ENST00000526977;ENST00000527797;ENST00000528142;ENST00000529182;ENST00000530790;ENST00000530836;ENST00000531032;ENST00000531924;ENST00000533806	False	False	False	0.0	False	Stop_Codon	Stop_Codon	UFM1_independent
8208	ENSG00000177943	MAMDC4	chr9	+							8208	107,82,157	24,24,29	81,81,54	23,43,55	451	149	0.00194001627109	0.0095403125242443	0.596,0.53,0.641	0.538,0.384,0.245	0.2					RI	chr9|+|136857978|136858546|136857978|136858097|136858399|136858546	0.0095403125242443	0.2	0.589	0.389	760					136857978	136858097	136858399	136858546								136857978	136858546	33,20,44,12,29,18	40,23,54,18,24,13	34,39,59,51,28,23	24,24,29,23,43,55						8208	chr9	+							8208	69,154,128	12,17,38	97,100,93	40,29,31	451	149	0.0128163475048	0.0435619888060527	0.655,0.75,0.527	0.445,0.533,0.498	0.152					0.0435619888060527	0.152	0.644	0.492	808					136857978	136858097	136858399	136858546								136857978	136858546	28,55,31,32,31,10	14,33,42,42,25,20	27,66,55,23,44,63	12,17,38,40,29,31						0.0095403125242443	0.2	9	+	136857978	136858546	136857978	136858097	136858399	136858546	568	0	893	0	True	False	2.0		893	2	True	True	893	True	2.0	True	1	True	ENST00000479475	ENST00000479475	ENST00000317446;ENST00000445819;ENST00000485732	False	True	True	1.0	True	Stop_Codon	Stop_Codon	UFM1_independent
8217	ENSG00000124356	STAMBP	chr2	+							8217	31,21,26	5,1,3	44,28,29	6,10,22	436	149	0.0129790612052	0.0438740922327929	0.679,0.878,0.748	0.715,0.489,0.311	0.263					RI	chr2|+|73844812|73845262|73844812|73844888|73845175|73845262	0.0438740922327929	0.263	0.7683333333333333	0.505	226					73844812	73844888	73845175	73845262								73844812	73845262	29,11,17,22,16,9	2,5,0,16,8,4	0,5,9,6,4,16	5,1,3,6,10,22						8217	chr2	+							8217	36,31,26	0,0,0	27,55,87	9,7,9	436	149	7.23725712692e-09	1.951151597744191e-07	1.0,1.0,1.0	0.506,0.729,0.768	0.332					1.951151597744191e-07	0.332	1.0	0.6676666666666666	287					73844812	73844888	73845175	73845262								73844812	73845262	21,12,8,17,37,45	5,5,11,9,13,29	10,14,7,1,5,13	0,0,0,9,7,9						0.0438740922327929	0.263	2	+	73844812	73845262	73844812	73844888	73845175	73845262	450	0	9034	0	True	False	1.0		9034	1	True	True	9034	True	1.0	True	2	False	ENST00000683465;ENST00000684174	ENST00000683465;ENST00000684174	ENST00000339566;ENST00000394070;ENST00000394073;ENST00000409707;ENST00000424659;ENST00000432295;ENST00000452725;ENST00000478946;ENST00000486458;ENST00000536064;ENST00000682105;ENST00000682157;ENST00000682329;ENST00000682351;ENST00000682352;ENST00000682379;ENST00000682387;ENST00000682423;ENST00000682558;ENST00000682592;ENST00000682683;ENST00000682747;ENST00000682784;ENST00000682799;ENST00000682847;ENST00000682848;ENST00000682851;ENST00000682998;ENST00000683016;ENST00000683027;ENST00000683036;ENST00000683149;ENST00000683205;ENST00000683247;ENST00000683304;ENST00000683314;ENST00000683317;ENST00000683349;ENST00000683391;ENST00000683417;ENST00000683434;ENST00000683518;ENST00000683530;ENST00000683582;ENST00000683594;ENST00000683718;ENST00000683728;ENST00000683818;ENST00000683852;ENST00000683877;ENST00000683902;ENST00000683928;ENST00000684095;ENST00000684200;ENST00000684312;ENST00000684321;ENST00000684337;ENST00000684355;ENST00000684426;ENST00000684585;ENST00000684671;ENST00000684697;ENST00000684703;ENST00000684716;ENST00000684758;ENST00000684774	False	False	False	0.0	False	Stop_Codon	Stop_Codon	UFM1_independent
8224	ENSG00000173812	EIF1	chr17	+							8224	220,296,431	173,277,334	499,512,809	261,229,479	295	149	7.75000224273e-06	9.017649668390962e-05	0.391,0.351,0.395	0.491,0.53,0.46	-0.115					RI	chr17|+|41689777|41690189|41689777|41689941|41690087|41690189	9.017649668390962e-05	-0.115	0.379	0.4936666666666667	4520					41689777	41689941	41690087	41690189								41689777	41690189	94,97,175,250,199,366	122,165,255,246,309,423	4,34,1,4,4,24	173,277,334,261,229,479						8224	chr17	+							8224	162,307,300	234,356,428	401,397,631	211,225,328	295	149	0.0	0.0	0.259,0.303,0.261	0.49,0.471,0.493	-0.21					0.0	-0.21	0.2743333333333333	0.4846666666666666	3980					41689777	41689941	41690087	41690189								41689777	41690189	66,130,118,141,142,256	86,177,178,254,243,325	10,0,4,6,12,50	234,356,428,211,225,328						9.017649668390962e-05	-0.115	17	+	41689777	41690189	41689777	41689941	41690087	41690189	412	0	673	0	True	False	1.0		673	1	True	True	673	True	1.0	True	1	False	ENST00000482111	ENST00000482111	ENST00000310837;ENST00000462917;ENST00000469257;ENST00000469308;ENST00000586699;ENST00000591776	False	False	False	0.0	False	NonCoding	NonCoding	UFM1_independent
8228	ENSG00000102103	PQBP1	chrX	+							8228	40,42,12	17,16,5	7,3,12	3,5,27	366	149	0.00349233961936	0.0153954180775812	0.489,0.517,0.494	0.487,0.196,0.153	0.221					RI	chrX|+|48901189|48902042|48901189|48901301|48901518|48902042	0.0153954180775812	0.221	0.5	0.2786666666666667	189					48901189	48901301	48901518	48902042								48901189	48902042	32,40,12,7,3,11	3,2,0,0,0,1	5,0,0,0,0,0	17,16,5,3,5,27						8228	chrX	+							8228	35,63,28	14,3,13	9,12,6	17,14,11	366	149	2.82004866889e-05	0.00026854110690003	0.504,0.895,0.467	0.177,0.259,0.182	0.416					0.00026854110690003	0.416	0.622	0.206	225					48901189	48901301	48901518	48902042								48901189	48902042	35,63,26,8,10,6	0,0,2,0,2,0	0,0,0,1,0,0	14,3,13,17,14,11						0.0153954180775812	0.221	X	+	48901189	48902042	48901189	48901301	48901518	48902042	853	0	2609	0	True	False	2.0		2609	2	True	True	2609	True	2.0	True	2	False	ENST00000474671;ENST00000477997	ENST00000474671;ENST00000477997	ENST00000218224;ENST00000247140;ENST00000376563;ENST00000376566;ENST00000396763;ENST00000443648;ENST00000447146;ENST00000456306;ENST00000463529;ENST00000465859;ENST00000470059;ENST00000470062;ENST00000472742;ENST00000473764;ENST00000486150;ENST00000651767;ENST00000692023	False	False	False	0.0	False	5UTR	5UTR	UFM1_independent
8269	ENSG00000114745	GORASP1	chr3	-							8269	277,265,271	11,6,11	124,205,212	21,7,15	392	149	0.00462889304637	0.0192697706451736	0.905,0.944,0.904	0.692,0.918,0.843	0.1					RI	chr3|-|39100304|39100877|39100304|39100503|39100746|39100877	0.0192697706451736	0.1	0.9176666666666666	0.8176666666666667	1425					39100304	39100503	39100746	39100877								39100304	39100877	50,121,122,46,47,71	64,36,45,6,44,15	163,108,104,72,114,126	11,6,11,21,7,15						8269	chr3	-							8269	201,221,214	0,2,12	67,80,96	1,20,5	392	149	0.00241406159695	0.0111116752926684	1.0,0.977,0.871	0.962,0.603,0.879	0.135					0.0111116752926684	0.135	0.9493333333333334	0.8146666666666667	919					39100304	39100503	39100746	39100877								39100304	39100877	65,73,83,28,22,25	24,34,29,0,22,8	112,114,102,39,36,63	0,2,12,1,20,5						0.0192697706451736	0.1	3	-	39100304	39100877	39100304	39100503	39100746	39100877	573	0	5699	0	True	False	2.0		5699	2	True	True	5699	True	2.0	True	3	False	ENST00000441302;ENST00000492064;ENST00000695446	ENST00000441302;ENST00000492064;ENST00000695446	ENST00000319283;ENST00000411813;ENST00000419156;ENST00000422110;ENST00000427459;ENST00000431601;ENST00000437458;ENST00000441081;ENST00000452389;ENST00000453680;ENST00000466443;ENST00000469471;ENST00000470910;ENST00000473827;ENST00000476334;ENST00000479124;ENST00000479927;ENST00000488479;ENST00000489587;ENST00000493751;ENST00000695412;ENST00000695414;ENST00000695415;ENST00000695416;ENST00000695417;ENST00000695424;ENST00000695425;ENST00000695426;ENST00000695427;ENST00000695428;ENST00000695429;ENST00000695430;ENST00000695431;ENST00000695441;ENST00000695442;ENST00000695443;ENST00000695444;ENST00000695445;ENST00000695587;ENST00000695588;ENST00000695589;ENST00000695590;ENST00000695591;ENST00000695592;ENST00000695593;ENST00000695594;ENST00000695595;ENST00000695596;ENST00000695597	False	False	False	0.0	False	3UTR	3UTR	UFM1_independent
8287	ENSG00000070061	ELP1	chr9	-							8287	28,3,21	16,5,18	14,9,3	1,1,1	395	149	0.000220351084718	0.001577726535845	0.398,0.185,0.306	0.841,0.772,0.531	-0.418					RI	chr9|-|108896495|108897038|108896495|108896644|108896890|108897038	0.001577726535845	-0.418	0.2963333333333333	0.7146666666666667	120					108896495	108896644	108896890	108897038								108896495	108897038	26,1,7,14,1,1	2,2,0,0,1,0	0,0,14,0,7,2	16,5,18,1,1,1						8287	chr9	-							8287	11,18,37	15,2,0	2,1,5	12,14,10	395	149	1.93527841985e-06	2.6991100178924136e-05	0.217,0.772,1.0	0.059,0.026,0.159	0.582					2.6991100178924136e-05	0.582	0.663	0.0813333333333333	127					108896495	108896644	108896890	108897038								108896495	108897038	0,11,3,0,1,0	1,4,7,2,0,3	10,3,27,0,0,2	15,2,0,12,14,10						0.001577726535845	-0.418	9	-	108896495	108897038	108896495	108896644	108896890	108897038	543	0	3700	0	True	False	1.0		3700	1	True	True	3700	True	1.0	True	1	False	ENST00000674836	ENST00000674836	ENST00000374647;ENST00000495759;ENST00000537196;ENST00000674535;ENST00000674704;ENST00000674890;ENST00000674938;ENST00000674948;ENST00000675052;ENST00000675078;ENST00000675215;ENST00000675233;ENST00000675321;ENST00000675325;ENST00000675335;ENST00000675400;ENST00000675406;ENST00000675458;ENST00000675507;ENST00000675535;ENST00000675566;ENST00000675602;ENST00000675647;ENST00000675711;ENST00000675727;ENST00000675748;ENST00000675765;ENST00000675825;ENST00000675877;ENST00000675893;ENST00000675943;ENST00000675979;ENST00000676044;ENST00000676086;ENST00000676121;ENST00000676237;ENST00000676416;ENST00000676424;ENST00000676429	False	False	False	0.0	False	3UTR	3UTR	UFM1_independent
8330	ENSG00000044574	HSPA5	chr9	-							8330	341,310,352	684,1481,1274	489,660,847	537,540,884	430	149	0.0	0.0	0.147,0.068,0.087	0.24,0.298,0.249	-0.162					RI	chr9|-|125238140|125238827|125238140|125238308|125238589|125238827	0.0	-0.162	0.1006666666666666	0.2623333333333333	8399					125238140	125238308	125238589	125238827								125238140	125238827	57,117,100,145,198,276	57,78,72,141,116,154	227,115,180,203,346,417	684,1481,1274,537,540,884						8330	chr9	-							8330	265,314,438	818,2400,1223	452,656,645	386,675,686	430	149	0.0	0.0	0.101,0.043,0.11	0.289,0.252,0.246	-0.178					0.0	-0.178	0.0846666666666666	0.2623333333333333	8958					125238140	125238308	125238589	125238827								125238140	125238827	52,94,128,161,208,151	90,80,97,112,151,134	123,140,213,179,297,360	818,2400,1223,386,675,686						0.0	-0.162	9	-	125238140	125238827	125238140	125238308	125238589	125238827	687	0	1104	0	True	False	0.0		1104	0	False	False	1104	True	0.0	False	3	False	ENST00000680257;ENST00000680640;ENST00000681045	ENST00000680257;ENST00000680640;ENST00000681045	ENST00000324460;ENST00000679355;ENST00000679475;ENST00000680032;ENST00000680234;ENST00000680272;ENST00000680494;ENST00000681424;ENST00000681540;ENST00000681544;ENST00000681675;ENST00000681774	False	False	False	0.0	False	NonCoding	NonCoding	UFM1_independent
8333	ENSG00000044574	HSPA5	chr9	-							8333	176,139,145	727,1534,1209	273,311,389	374,640,965	238	149	0.0	0.0	0.132,0.054,0.07	0.314,0.233,0.202	-0.164					RI	chr9|-|125238940|125239533|125238940|125239331|125239420|125239533	0.0	-0.164	0.0853333333333333	0.2496666666666666	6882					125238940	125239331	125239420	125239533								125238940	125239533	114,70,87,181,254,274	122,105,89,181,150,227	0,0,0,0,0,0	727,1534,1209,374,640,965						8333	chr9	-							8333	119,165,225	813,2502,1322	198,265,420	355,613,645	238	149	0.0	0.0	0.084,0.04,0.096	0.259,0.213,0.29	-0.181					0.0	-0.181	0.0733333333333333	0.254	7642					125238940	125239331	125239420	125239533								125238940	125239533	58,107,128,122,184,262	80,124,162,144,164,276	0,0,0,0,0,6	813,2502,1322,355,613,645						0.0	-0.164	9	-	125238940	125239533	125238940	125239331	125239420	125239533	593	0	1512	0	True	False	0.0		1512	0	False	False	1512	True	0.0	False	1	False	ENST00000681544	ENST00000681544	ENST00000324460;ENST00000679355;ENST00000679475;ENST00000680032;ENST00000680234;ENST00000680257;ENST00000680272;ENST00000680494;ENST00000680640;ENST00000681045;ENST00000681424;ENST00000681540;ENST00000681675;ENST00000681774	False	False	False	0.0	False	NonCoding	NonCoding	UFM1_independent
8335	ENSG00000044574	HSPA5	chr9	-							8335	273,273,235	396,813,588	430,540,565	239,334,441	515	149	0.0	0.0	0.166,0.089,0.104	0.342,0.319,0.27	-0.191					RI	chr9|-|125239420|125240907|125239420|125240309|125240675|125240907	0.0	-0.191	0.1196666666666666	0.3103333333333333	5127					125239420	125240309	125240675	125240907								125239420	125240907	26,38,42,88,90,94	20,49,49,52,78,57	227,186,144,290,372,414	396,813,588,239,334,441						8335	chr9	-							8335	257,259,374	400,1091,671	429,622,593	168,335,416	515	149	0.0	0.0	0.157,0.064,0.139	0.425,0.349,0.292	-0.235					0.0	-0.235	0.12	0.3553333333333333	5615					125239420	125240309	125240675	125240907								125239420	125240907	27,14,33,59,126,74	28,21,40,44,52,61	202,224,301,326,444,458	400,1091,671,168,335,416						0.0	-0.191	9	-	125239420	125240907	125239420	125240309	125240675	125240907	1487	0	1449	0	True	False	0.0		1449	0	False	False	1449	True	0.0	False	1	False	ENST00000681774	ENST00000681774	ENST00000324460;ENST00000679355;ENST00000679475;ENST00000680032;ENST00000680234;ENST00000680257;ENST00000680272;ENST00000680494;ENST00000680640;ENST00000681045;ENST00000681424;ENST00000681540;ENST00000681544;ENST00000681675	False	False	False	0.0	False	NonCoding	NonCoding	UFM1_independent
8361	ENSG00000135945	REV1	chr2	-							8361	232,185,226	37,47,76	56,65,113	34,80,68	446	149	2.2842989178e-07	4.239631789091238e-06	0.677,0.568,0.498	0.355,0.213,0.357	0.273					RI	chr2|-|99402243|99402800|99402243|99402346|99402643|99402800	4.239631789091238e-06	0.273	0.581	0.3083333333333333	1219					99402243	99402346	99402643	99402800								99402243	99402800	32,17,29,12,13,22	49,85,84,13,14,23	151,83,113,31,38,68	37,47,76,34,80,68						8361	chr2	-							8361	77,131,198	35,34,72	48,113,96	35,63,60	446	149	0.00189538555319	0.0090915276852378	0.424,0.563,0.479	0.314,0.375,0.348	0.143					0.0090915276852378	0.143	0.4886666666666666	0.3456666666666667	962					99402243	99402346	99402643	99402800								99402243	99402800	22,64,41,7,28,19	13,22,48,12,33,28	42,45,109,29,52,49	35,34,72,35,63,60						4.239631789091238e-06	0.273	2	-	99402243	99402800	99402243	99402346	99402643	99402800	557	0	520	0	True	False	1.0		520	1	True	True	520	True	1.0	True	1	False	ENST00000413697	ENST00000413697	ENST00000258428;ENST00000393445;ENST00000465086;ENST00000482595	False	False	False	0.0	False	3UTR	3UTR	UFM1_independent
8374	ENSG00000177239	MAN1B1	chr9	+							8374	236,204,199	66,137,105	50,67,86	144,69,109	522	149	3.09462927506e-08	6.951013448596307e-07	0.505,0.298,0.351	0.09,0.217,0.184	0.221					RI	chr9|+|137106124|137106809|137106124|137106315|137106688|137106809	6.951013448596307e-07	0.221	0.3846666666666666	0.1636666666666666	1472					137106124	137106315	137106688	137106809								137106124	137106809	50,18,36,6,8,9	109,103,90,24,25,46	77,83,73,20,34,31	66,137,105,144,69,109						8374	chr9	+							8374	125,155,237	92,97,181	47,79,44	69,111,67	522	149	6.32218283836e-07	1.0251107806213352e-05	0.279,0.313,0.272	0.163,0.169,0.158	0.125					1.0251107806213352e-05	0.125	0.288	0.1633333333333333	1304					137106124	137106315	137106688	137106809								137106124	137106809	30,29,22,17,12,12	52,70,127,21,53,10	43,56,88,9,14,22	92,97,181,69,111,67						6.951013448596307e-07	0.221	9	+	137106124	137106809	137106124	137106315	137106688	137106809	685	0	4434	0	True	False	0.0		4434	0	False	False	4434	True	0.0	False	1	False	ENST00000682964	ENST00000682964	ENST00000371587;ENST00000371589;ENST00000474902;ENST00000475449;ENST00000480100;ENST00000535028;ENST00000535144;ENST00000536268;ENST00000536349;ENST00000540391;ENST00000542372;ENST00000544448;ENST00000545539;ENST00000682117;ENST00000682212;ENST00000682425;ENST00000682502;ENST00000682881;ENST00000683135;ENST00000683324;ENST00000683355;ENST00000683475;ENST00000683529;ENST00000683979;ENST00000683987;ENST00000684138;ENST00000684144;ENST00000684229;ENST00000684272;ENST00000684297;ENST00000684336;ENST00000684366;ENST00000684645;ENST00000684759	False	False	False	0.0	False	3UTR	3UTR	UFM1_independent
8376	ENSG00000177239	MAN1B1	chr9	+							8376	76,58,60	4,0,1	20,5,11	3,5,9	236	149	1.18338486566e-07	2.363685992256391e-06	0.923,1.0,0.974	0.808,0.387,0.436	0.422					RI	chr9|+|137107249|137107662|137107249|137107447|137107534|137107662	2.363685992256391e-06	0.422	0.9656666666666668	0.5436666666666667	252					137107249	137107447	137107534	137107662								137107249	137107662	25,14,36,10,3,2	60,34,39,10,3,10	0,10,0,0,0,0	4,0,1,3,5,9						8376	chr9	+							8376	27,71,39	7,0,12	6,27,4	0,0,0	236	149	7.89419236258e-06	9.080576700499166e-05	0.709,1.0,0.672	1.0,1.0,1.0	-0.206					9.080576700499166e-05	-0.206	0.7936666666666666	1.0	193					137107249	137107447	137107534	137107662								137107249	137107662	1,34,22,0,10,4	26,38,27,6,21,0	0,0,0,0,0,0	7,0,12,0,0,0						2.363685992256391e-06	0.422	9	+	137107249	137107662	137107249	137107447	137107534	137107662	413	0	3974	0	True	False	2.0		3974	2	True	True	3974	True	2.0	True	1	False	ENST00000684229	ENST00000684229	ENST00000371587;ENST00000371589;ENST00000474902;ENST00000475449;ENST00000480100;ENST00000535028;ENST00000535144;ENST00000536268;ENST00000536349;ENST00000540391;ENST00000542372;ENST00000544448;ENST00000545539;ENST00000550113;ENST00000682117;ENST00000682212;ENST00000682425;ENST00000682502;ENST00000682881;ENST00000682964;ENST00000683135;ENST00000683324;ENST00000683355;ENST00000683475;ENST00000683529;ENST00000683979;ENST00000683987;ENST00000684138;ENST00000684144;ENST00000684272;ENST00000684297;ENST00000684336;ENST00000684366;ENST00000684645;ENST00000684759	False	False	False	0.0	False	CDS	CDS	UFM1_independent
8422	ENSG00000197355	UAP1L1	chr9	+							8422	802,740,761	158,141,171	85,216,245	46,72,68	721	149	0.000558252241893	0.0034647801085909	0.512,0.52,0.479	0.276,0.383,0.427	0.142					RI	chr9|+|137081997|137084538|137081997|137082064|137082636|137084538	0.0034647801085909	0.142	0.5036666666666667	0.362	3505					137081997	137082064	137082636	137084538								137081997	137084538	167,258,173,35,55,44	68,66,95,2,17,8	567,416,493,48,144,193	158,141,171,46,72,68						8422	chr9	+							8422	647,1045,767	125,208,194	87,229,258	58,97,62	721	149	0.00174198042031	0.0084496544242988	0.517,0.509,0.45	0.237,0.328,0.462	0.15					0.0084496544242988	0.15	0.492	0.3423333333333333	3777					137081997	137082064	137082636	137084538								137081997	137084538	132,226,155,1,69,54	61,76,78,22,39,14	454,743,534,64,121,190	125,208,194,58,97,62						0.0034647801085909	0.142	9	+	137081997	137084538	137081997	137082064	137082636	137084538	2541	0	314	0	True	False	2.0		314	2	True	True	314	True	2.0	True	1	False	ENST00000474787	ENST00000474787	ENST00000360271;ENST00000409858	False	False	False	0.0	False	3UTR	3UTR	UFM1_independent
8429	ENSG00000176978	DPP7	chr9	-							8429	686,738,789	553,631,691	342,487,468	647,639,769	222	149	1.91123783466e-11	9.015161847796247e-10	0.454,0.44,0.434	0.262,0.338,0.29	0.146					RI	chr9|-|137113205|137113496|137113205|137113287|137113360|137113496	9.015161847796247e-10	0.146	0.4426666666666666	0.2966666666666667	7440					137113205	137113287	137113360	137113496								137113205	137113496	473,503,563,226,297,354	435,494,551,228,319,272	0,0,0,0,4,0	553,631,691,647,639,769						8429	chr9	-							8429	563,756,907	435,556,852	290,476,451	509,632,600	222	149	1.59927593391e-09	4.873674307849688e-08	0.465,0.477,0.417	0.277,0.336,0.335	0.137					4.873674307849688e-08	0.137	0.453	0.316	7027					137113205	137113287	137113360	137113496								137113205	137113496	364,534,663,195,353,304	379,521,540,215,268,294	0,0,0,0,0,0	435,556,852,509,632,600						9.015161847796247e-10	0.146	9	-	137113205	137113496	137113205	137113287	137113360	137113496	291	0	708	0	True	False	0.0		708	0	False	False	708	True	0.0	False	2	False	ENST00000706874;ENST00000706875	ENST00000706874;ENST00000706875	ENST00000371579;ENST00000460830;ENST00000472306;ENST00000473532;ENST00000473703;ENST00000478597;ENST00000482088;ENST00000485456;ENST00000491807;ENST00000497375;ENST00000706871;ENST00000706872;ENST00000706873;ENST00000706876;ENST00000706877;ENST00000706878;ENST00000706879;ENST00000706880;ENST00000706881	False	False	False	0.0	False	CDS	CDS	UFM1_independent
8462	ENSG00000108963	DPH1	chr17	+							8462	39,66,67	0,0,0	24,66,39	1,1,4	486	149	0.006571657073	0.0253283476880175	1.0,1.0,1.0	0.88,0.953,0.749	0.139					RI	chr17|+|2035969|2036686|2035969|2036091|2036428|2036686	0.0253283476880175	0.139	1.0	0.8606666666666667	307					2035969	2036091	2036428	2036686								2035969	2036686	10,7,8,9,1,2	5,9,4,6,24,12	24,50,55,9,41,25	0,0,0,1,1,4						8462	chr17	+							8462	53,103,111	10,0,0	29,65,65	0,0,1	486	149	0.0030129485314	0.0134083980700991	0.619,1.0,1.0	1.0,1.0,0.952	-0.111					0.0134083980700991	-0.111	0.873	0.984	437					2035969	2036091	2036428	2036686								2035969	2036686	4,24,37,0,15,32	7,17,35,13,8,26	42,62,39,16,42,7	10,0,0,0,0,1						0.0253283476880175	0.139	17	+	2035969	2036686	2035969	2036091	2036428	2036686	717	0	1369	0	True	False	1.0		1369	1	True	True	1369	True	1.0	True	1	False	ENST00000572819	ENST00000572819	ENST00000263083;ENST00000570477;ENST00000570833;ENST00000571418;ENST00000575667;ENST00000576129;ENST00000576891;ENST00000674200	False	False	False	0.0	False	5UTR	5UTR	UFM1_independent
8470	ENSG00000099246	RAB18	chr10	+							8470	1180,1184,1183	83,61,62	1253,1056,1422	50,25,60	5766	149	0.0039249313464	0.0169014599832337	0.269,0.334,0.33	0.393,0.522,0.38	-0.121					RI	chr10|+|27526827|27532579|27526827|27526889|27532506|27532579	0.0169014599832337	-0.121	0.311	0.4316666666666667	7619					27526827	27526889	27532506	27532579								27526827	27532579	17,7,23,13,30,10	81,38,44,66,66,52	1082,1139,1116,1174,960,1360	83,61,62,50,25,60						8470	chr10	+							8470	741,998,939	84,69,87	1023,891,1044	42,59,25	5766	149	0.000410387494552	0.0025135193505066	0.186,0.272,0.218	0.386,0.281,0.519	-0.17					0.0025135193505066	-0.17	0.2253333333333333	0.3953333333333333	6002					27526827	27526889	27532506	27532579								27526827	27532579	13,7,8,19,12,10	21,56,79,38,73,38	707,935,852,966,806,996	84,69,87,42,59,25						0.0169014599832337	-0.121	10	+	27526827	27532579	27526827	27526889	27532506	27532579	5752	0	1335	0	True	False	0.0		1335	0	False	False	1335	True	0.0	False	1	False	ENST00000682138	ENST00000682138	ENST00000356940;ENST00000375802;ENST00000423465;ENST00000465772;ENST00000535776;ENST00000611151;ENST00000621805;ENST00000682082;ENST00000682173;ENST00000682181;ENST00000682368;ENST00000682389;ENST00000682518;ENST00000682668;ENST00000682681;ENST00000682777;ENST00000682821;ENST00000682852;ENST00000682963;ENST00000683042;ENST00000683088;ENST00000683385;ENST00000683419;ENST00000683446;ENST00000683538;ENST00000683574;ENST00000683755;ENST00000683797;ENST00000683816;ENST00000683866;ENST00000683924;ENST00000684134;ENST00000684393;ENST00000684501	False	False	False	0.0	False	Start_Codon	Start_Codon	UFM1_independent
8500	ENSG00000104783	KCNN4	chr19	-							8500	176,89,249	132,78,147	8,18,13	63,70,137	599	149	0.0	0.0	0.249,0.221,0.296	0.031,0.06,0.023	0.217					RI	chr19|-|43766532|43767707|43766532|43767089|43767539|43767707	0.0	0.217	0.2553333333333333	0.038	1180					43766532	43767089	43767539	43767707								43766532	43767707	55,29,56,1,0,3	35,37,111,3,8,2	86,23,82,4,10,8	132,78,147,63,70,137						8500	chr19	-							8500	95,144,173	106,146,226	16,23,14	76,73,135	599	149	0.0	0.0	0.182,0.197,0.16	0.05,0.073,0.025	0.13					0.0	0.13	0.1796666666666666	0.0493333333333333	1227					43766532	43767089	43767539	43767707								43766532	43767707	18,78,86,0,5,0	20,12,48,7,0,3	57,54,39,9,18,11	106,146,226,76,73,135						0.0	0.217	19	-	43766532	43767707	43766532	43767089	43767539	43767707	1175	0	486	0	True	False	0.0		486	0	False	False	486	True	0.0	False	1	True	ENST00000600909	ENST00000600909	ENST00000597184;ENST00000598836;ENST00000599720;ENST00000600408;ENST00000601549;ENST00000648053;ENST00000648319	False	True	False	0.0	False	3UTR	3UTR	UFM1_independent
8502	ENSG00000104783	KCNN4	chr19	-							8502	281,335,309	135,99,106	19,61,34	39,63,98	558	149	0.0	0.0	0.357,0.475,0.438	0.115,0.205,0.085	0.288					RI	chr19|-|43768962|43769560|43768962|43769032|43769441|43769560	0.0	0.288	0.4233333333333333	0.135	1579					43768962	43769032	43769441	43769560								43768962	43769560	85,172,124,8,16,11	115,86,78,9,9,6	81,77,107,2,36,17	135,99,106,39,63,98						8502	chr19	-							8502	220,295,321	63,91,159	41,26,25	67,105,103	558	149	0.0	0.0	0.483,0.464,0.35	0.14,0.062,0.061	0.345					0.0	0.345	0.4323333333333333	0.0876666666666666	1516					43768962	43769032	43769441	43769560								43768962	43769560	104,94,124,9,2,15	58,65,100,22,20,8	58,136,97,10,4,2	63,91,159,67,105,103						0.0	0.288	19	-	43768962	43769560	43768962	43769032	43769441	43769560	598	0	546	0	True	False	0.0		546	0	False	False	546	True	0.0	False	1	False	ENST00000601549	ENST00000601549	ENST00000597184;ENST00000598836;ENST00000599720;ENST00000600408;ENST00000600909;ENST00000648053;ENST00000648319	False	False	False	0.0	False	Stop_Codon	Stop_Codon	UFM1_independent
8539	ENSG00000156671	SAMD8	chr10	+							8539	11,18,8	3,3,7	7,3,5	20,4,11	320	149	0.00015001556054	0.0011556475090845	0.631,0.736,0.347	0.14,0.259,0.175	0.38					RI	chr10|+|75176065|75182123|75176065|75176216|75176387|75182123	0.0011556475090845	0.38	0.5713333333333334	0.1913333333333333	100					75176065	75176216	75176387	75182123								75176065	75182123	2,1,8,1,1,3	3,10,0,6,2,2	6,7,0,0,0,0	3,3,7,20,4,11						8539	chr10	+							8539	10,14,5	11,12,14	0,10,0	12,14,15	320	149	0.00331136472391	0.0144803269860191	0.297,0.352,0.143	0.0,0.25,0.0	0.181					0.0144803269860191	0.181	0.264	0.0833333333333333	117					75176065	75176216	75176387	75182123								75176065	75182123	0,7,0,0,2,0	10,7,5,0,8,0	0,0,0,0,0,0	11,12,14,12,14,15						0.0011556475090845	0.38	10	+	75176065	75182123	75176065	75176216	75176387	75182123	6058	0	1606	0	True	False	1.0		1606	1	True	True	1606	True	1.0	True	1	True	ENST00000372687	ENST00000372687	ENST00000542569;ENST00000649316;ENST00000671730;ENST00000671800	False	True	False	0.0	False	Stop_Codon	Stop_Codon	UFM1_independent
8543	ENSG00000165637	VDAC2	chr10	+							8543	176,169,244	95,152,150	118,183,285	71,78,88	237	149	0.0120175790612	0.0414610221893672	0.538,0.411,0.506	0.511,0.596,0.671	-0.108					RI	chr10|+|75219062|75219356|75219062|75219215|75219303|75219356	0.0414610221893672	-0.108	0.485	0.5926666666666667	1809					75219062	75219215	75219303	75219356								75219062	75219356	109,108,165,85,108,157	134,125,168,83,133,227	0,0,0,0,0,0	95,152,150,71,78,88						8543	chr10	+							8543	101,161,255	105,230,135	151,147,198	74,68,101	237	149	0.00325195765562	0.0142929929274302	0.377,0.306,0.543	0.562,0.576,0.552	-0.155					0.0142929929274302	-0.155	0.4086666666666667	0.5633333333333334	1726					75219062	75219215	75219303	75219356								75219062	75219356	65,94,147,75,93,116	79,125,202,126,109,153	0,0,0,0,0,0	105,230,135,74,68,101						0.0414610221893672	-0.108	10	+	75219062	75219356	75219062	75219215	75219303	75219356	294	0	1370	0	True	False	2.0		1370	2	True	True	1370	True	2.0	True	2	False	ENST00000475142;ENST00000481876	ENST00000475142;ENST00000481876	ENST00000298468;ENST00000313132;ENST00000332211;ENST00000344036;ENST00000413289;ENST00000447677;ENST00000468285;ENST00000472137;ENST00000498394;ENST00000543351	False	False	False	0.0	False	3UTR	3UTR	UFM1_independent
8620	ENSG00000161249	DMKN	chr19	-							8620	52,45,33	28,14,16	2,15,13	11,41,14	275	149	1.69936558703e-06	2.4461290562600844e-05	0.502,0.635,0.528	0.09,0.165,0.335	0.358					RI	chr19|-|35510183|35510510|35510183|35510252|35510378|35510510	2.4461290562600844e-05	0.358	0.555	0.1966666666666666	284					35510183	35510252	35510378	35510510								35510183	35510510	31,38,30,0,13,5	26,10,14,2,2,10	0,0,0,0,0,0	28,14,16,11,41,14						8620	chr19	-							8620	81,49,19	27,19,31	2,12,39	22,50,20	275	149	0.00774402997931	0.028960339220447	0.619,0.583,0.249	0.047,0.115,0.514	0.258					0.028960339220447	0.258	0.4836666666666666	0.2253333333333333	371					35510183	35510252	35510378	35510510								35510183	35510510	60,38,15,2,12,31	22,11,4,0,0,15	0,0,0,0,0,0	27,19,31,22,50,20						2.4461290562600844e-05	0.358	19	-	35510183	35510510	35510183	35510252	35510378	35510510	327	0	3847	0	True	False	1.0		3847	1	True	True	3847	True	1.0	True	1	False	ENST00000461300	ENST00000461300	ENST00000339686;ENST00000392206;ENST00000402589;ENST00000414866;ENST00000418261;ENST00000419602;ENST00000424570;ENST00000429837;ENST00000434389;ENST00000436012;ENST00000443640;ENST00000447113;ENST00000450261;ENST00000451297;ENST00000458071;ENST00000460051;ENST00000462126;ENST00000462538;ENST00000462721;ENST00000463292;ENST00000464709;ENST00000464894;ENST00000465927;ENST00000467532;ENST00000467637;ENST00000470746;ENST00000470857;ENST00000471786;ENST00000472065;ENST00000472252;ENST00000474928;ENST00000474992;ENST00000476051;ENST00000476246;ENST00000480502;ENST00000480507;ENST00000482321;ENST00000483855;ENST00000486450;ENST00000488542;ENST00000488762;ENST00000488892;ENST00000490622;ENST00000492341;ENST00000493517;ENST00000493979;ENST00000498211;ENST00000498269;ENST00000498593;ENST00000595571;ENST00000597212;ENST00000602679;ENST00000602781	False	False	False	0.0	False	CDS	CDS	UFM1_independent
8627	ENSG00000120008	WDR11	chr10	+							8627	853,1090,1222	69,31,39	665,902,1093	75,72,86	903	149	0.000274543687001	0.0019152467448124	0.671,0.853,0.838	0.594,0.674,0.677	0.139					RI	chr10|+|120905875|120906855|120905875|120906021|120906775|120906855	0.0019152467448124	0.139	0.7873333333333333	0.6483333333333333	6197					120905875	120906021	120906775	120906855								120905875	120906855	139,180,174,62,66,76	179,177,221,114,152,222	535,733,827,489,684,795	69,31,39,75,72,86						8627	chr10	+							8627	762,1061,1129	6,44,34	642,800,914	48,59,68	903	149	4.02786763942e-08	9.192375598367852e-07	0.954,0.799,0.846	0.688,0.691,0.689	0.177					9.192375598367852e-07	0.177	0.8663333333333333	0.6893333333333332	5567					120905875	120906021	120906775	120906855								120905875	120906855	128,168,131,71,75,116	98,204,239,114,211,135	536,689,759,457,514,663	6,44,34,48,59,68						0.0019152467448124	0.139	10	+	120905875	120906855	120905875	120906021	120906775	120906855	980	0	226	0	True	False	1.0		226	1	True	True	226	True	1.0	True	1	False	ENST00000497136	ENST00000497136	ENST00000263461;ENST00000604509;ENST00000605543	False	False	False	0.0	False	3UTR	3UTR	UFM1_independent
8630	ENSG00000107679	PLEKHA1	chr10	+							8630	383,429,316	16,29,16	101,218,203	16,24,19	6379	149	0.000347598645063	0.0023371435214104	0.359,0.257,0.316	0.128,0.175,0.2	0.143					RI	chr10|+|122417899|122424263|122417899|122417968|122424198|122424263	0.0023371435214104	0.143	0.3106666666666666	0.1676666666666666	1770					122417899	122417968	122424198	122424263								122417899	122424263	9,0,13,2,11,1	4,0,0,0,0,0	370,429,303,99,207,202	16,29,16,16,24,19						8630	chr10	+							8630	283,350,394	9,5,50	147,181,132	17,16,44	6379	149	0.00133091424793	0.006772912802787	0.423,0.621,0.155	0.168,0.209,0.065	0.252					0.006772912802787	0.252	0.3996666666666666	0.1473333333333333	1628					122417899	122417968	122424198	122424263								122417899	122424263	3,0,1,5,0,0	0,4,1,0,0,0	280,346,392,142,181,132	9,5,50,17,16,44						0.0023371435214104	0.143	10	+	122417899	122424263	122417899	122417968	122424198	122424263	6364	0	670	0	True	False	1.0		670	1	True	True	670	True	1.0	True	1	False	ENST00000481451	ENST00000481451	ENST00000368988;ENST00000368989;ENST00000368990;ENST00000392799;ENST00000433307	False	False	False	0.0	False	3UTR	3UTR	UFM1_independent
8661	ENSG00000177595	PIDD1	chr11	-							8661	273,378,235	233,348,210	47,90,132	123,154,156	398	149	4.69725434349e-06	6.025850132694703e-05	0.305,0.289,0.295	0.125,0.18,0.241	0.114					RI	chr11|-|799184|800244|799184|799565|799814|800244	6.025850132694703e-05	0.114	0.2963333333333333	0.182	2379					799184	799565	799814	800244								799184	800244	89,153,67,11,18,58	110,153,114,18,48,45	74,72,54,18,24,29	233,348,210,123,154,156						8661	chr11	-							8661	201,187,355	194,316,278	67,115,64	125,207,163	398	149	4.10127465893e-05	0.00036263155914982	0.279,0.181,0.323	0.167,0.172,0.128	0.105					0.00036263155914982	0.105	0.261	0.1556666666666666	2272					799184	799565	799814	800244								799184	800244	68,59,157,26,39,15	81,95,127,24,41,23	52,33,71,17,35,26	194,316,278,125,207,163						6.025850132694703e-05	0.114	11	-	799184	800244	799184	799565	799814	800244	1060	0	1140	0	True	False	0.0		1140	0	False	False	1140	True	0.0	False	1	False	ENST00000527357	ENST00000527357	ENST00000347755;ENST00000411829;ENST00000524486;ENST00000525028;ENST00000527812;ENST00000531286;ENST00000534525;ENST00000534649	False	False	False	0.0	False	3UTR	3UTR	UFM1_independent
8662	ENSG00000177595	PIDD1	chr11	-							8662	518,517,539	236,316,258	93,136,174	152,155,267	265	149	0.0	0.0	0.552,0.479,0.54	0.256,0.33,0.268	0.239					RI	chr11|-|799814|800244|799814|800014|800130|800244	0.0	0.239	0.5236666666666667	0.2846666666666667	3361					799814	800014	800130	800244								799814	800244	166,195,168,36,45,88	384,327,396,60,90,99	0,4,0,0,4,6	236,316,258,152,155,267						8662	chr11	-							8662	408,498,692	154,198,272	125,164,112	141,220,203	265	149	0.0	0.0	0.598,0.586,0.589	0.333,0.295,0.237	0.303					0.0	0.303	0.591	0.2883333333333333	3187					799814	800014	800130	800244								799814	800244	119,193,203,53,61,28	301,334,525,87,115,86	0,0,0,0,0,0	154,198,272,141,220,203						0.0	0.239	11	-	799814	800244	799814	800014	800130	800244	430	0	628	0	True	False	1.0		628	1	True	True	628	True	1.0	True	2	False	ENST00000534525;ENST00000534649	ENST00000534525;ENST00000534649	ENST00000347755;ENST00000411829;ENST00000524486;ENST00000525028;ENST00000527357;ENST00000527812;ENST00000531286	False	False	False	0.0	False	3UTR	3UTR	UFM1_independent
8664	ENSG00000177595	PIDD1	chr11	-							8664	197,263,307	52,49,54	86,104,186	48,64,45	238	149	0.0008459016623	0.0048826262856891	0.703,0.771,0.781	0.529,0.504,0.721	0.167					RI	chr11|-|800761|801120|800761|800912|801001|801120	0.0048826262856891	0.167	0.7516666666666667	0.5846666666666667	1455					800761	800912	801001	801120								800761	801120	133,180,232,55,51,107	96,156,105,55,75,129	0,0,0,0,0,0	52,49,54,48,64,45						8664	chr11	-							8664	307,272,281	30,33,55	120,156,122	31,30,36	238	149	0.00148558206213	0.0074021700273952	0.865,0.838,0.762	0.708,0.765,0.68	0.104					0.0074021700273952	0.104	0.8216666666666667	0.7176666666666667	1473					800761	800912	801001	801120								800761	801120	253,185,176,81,114,88	70,146,158,50,84,84	0,0,1,0,1,0	30,33,55,31,30,36						0.0048826262856891	0.167	11	-	800761	801120	800761	800912	801001	801120	359	0	807	0	True	False	0.0		807	0	False	False	807	True	0.0	False	2	False	ENST00000527357;ENST00000534525	ENST00000527357;ENST00000534525	ENST00000347755;ENST00000411829;ENST00000524486;ENST00000525028;ENST00000527812;ENST00000531286;ENST00000534649	False	False	False	0.0	False	CDS	CDS	UFM1_independent
8666	ENSG00000177595	PIDD1	chr11	-							8666	167,190,142	115,150,72	39,31,49	73,98,115	489	149	2.22044604925e-16	2.3887324866668423e-14	0.307,0.278,0.375	0.14,0.088,0.115	0.206					RI	chr11|-|801444|802090|801444|801624|801964|802090	2.3887324866668423e-14	0.206	0.32	0.1143333333333333	1241					801444	801624	801964	802090								801444	802090	20,9,6,0,0,3	37,84,73,14,14,16	110,97,63,25,17,30	115,150,72,73,98,115						8666	chr11	-							8666	115,168,172	104,113,150	30,49,42	51,96,85	489	149	1.27364750968e-08	3.231746769309883e-07	0.252,0.312,0.259	0.152,0.135,0.131	0.135					3.231746769309883e-07	0.135	0.2743333333333333	0.1393333333333333	1175					801444	801624	801964	802090								801444	802090	2,3,7,0,2,2	50,62,92,17,23,22	63,103,73,13,24,18	104,113,150,51,96,85						2.3887324866668423e-14	0.206	11	-	801444	802090	801444	801624	801964	802090	646	0	918	0	True	False	0.0		918	0	False	False	918	True	0.0	False	1	False	ENST00000527357	ENST00000527357	ENST00000347755;ENST00000411829;ENST00000524486;ENST00000525028;ENST00000527812;ENST00000531286;ENST00000534525;ENST00000534649	False	False	False	0.0	False	3UTR	3UTR	UFM1_independent
