ID...1.WT	GeneID	geneSymbol	chr.WT	strand.WT	longExonStart_0base.WT	longExonEnd.WT	shortES.WT	shortEE.WT	flankingES.WT	flankingEE.WT	ID...12.WT	IJC_SAMPLE_1.WT	SJC_SAMPLE_1.WT	IJC_SAMPLE_2.WT	SJC_SAMPLE_2.WT	IncFormLen.WT	SkipFormLen.WT	PValue.WT	FDR.WT	IncLevel1.WT	IncLevel2.WT	IncLevelDifference.WT	across_short_boundary_count.WT	long_to_flanking_count.WT	exclusive_to_long_count.WT	short_to_flanking_count.WT	event_type	ID	FDR_num.WT	dPSI_num.WT	mean_psi_ctrl.WT	mean_psi_case.WT	total_reads.WT	1stExonStart_0base.WT	1stExonEnd.WT	2ndExonStart_0base.WT	2ndExonEnd.WT	upstreamES.WT	upstreamEE.WT	downstreamES.WT	downstreamEE.WT	ID...14.WT	upstream_to_first_count.WT	first_to_downstream_count.WT	first_count.WT	upstream_to_second_count.WT	second_to_downstream_count.WT	second_count.WT	riExonStart_0base.WT	riExonEnd.WT	upstream_to_intron_count.WT	intron_to_downstream_count.WT	intron_count.WT	upstream_to_downstream_count.WT	exonStart_0base.WT	exonEnd.WT	upstream_to_target_count.WT	target_to_downstream_count.WT	target_count.WT	ID...1.UFM	chr.UFM	strand.UFM	longExonStart_0base.UFM	longExonEnd.UFM	shortES.UFM	shortEE.UFM	flankingES.UFM	flankingEE.UFM	ID...12.UFM	IJC_SAMPLE_1.UFM	SJC_SAMPLE_1.UFM	IJC_SAMPLE_2.UFM	SJC_SAMPLE_2.UFM	IncFormLen.UFM	SkipFormLen.UFM	PValue.UFM	FDR.UFM	IncLevel1.UFM	IncLevel2.UFM	IncLevelDifference.UFM	across_short_boundary_count.UFM	long_to_flanking_count.UFM	exclusive_to_long_count.UFM	short_to_flanking_count.UFM	FDR_num.UFM	dPSI_num.UFM	mean_psi_ctrl.UFM	mean_psi_case.UFM	total_reads.UFM	1stExonStart_0base.UFM	1stExonEnd.UFM	2ndExonStart_0base.UFM	2ndExonEnd.UFM	upstreamES.UFM	upstreamEE.UFM	downstreamES.UFM	downstreamEE.UFM	ID...14.UFM	upstream_to_first_count.UFM	first_to_downstream_count.UFM	first_count.UFM	upstream_to_second_count.UFM	second_to_downstream_count.UFM	second_count.UFM	riExonStart_0base.UFM	riExonEnd.UFM	upstream_to_intron_count.UFM	intron_to_downstream_count.UFM	intron_count.UFM	upstream_to_downstream_count.UFM	exonStart_0base.UFM	exonEnd.UFM	upstream_to_target_count.UFM	target_to_downstream_count.UFM	target_count.UFM	FDR	IncLevelDifference	chr	strand	riExonStart_0base	riExonEnd	upstreamES	upstreamEE	downstreamES	downstreamEE	inc_len_bp	exc_len_bp	inc_cds_overlap_bp	exc_cds_overlap_bp	inc_touches_cds	exc_touches_cds	inc_cds_overlap_mod3	exc_cds_overlap_mod3	delta_cds_overlap_bp	delta_cds_overlap_mod3	frameshift_candidate_inc	frameshift_candidate_delta	cds_overlap_bp	touches_cds	cds_overlap_mod3	frameshift_candidate	advanced_n_transcripts_matched	advanced_any_protein_pair	advanced_transcript_ids	inclusion_transcript_ids	exclusion_transcript_ids	advanced_overlaps_start_codon_any	advanced_overlaps_stop_codon_any	advanced_frameshift_any	advanced_frameshift_frac	advanced_nmd_proxy_any	RI_Position	Event_Position	dataset
50	ENSG00000196440	ARMCX4	chrX	+							50	20,44,15	17,11,12	51,41,11	0,0,17	1220	149	0.00456969569173	0.0190621591712165	0.126,0.328,0.132	1.0,1.0,0.073	-0.496					RI	chrX|+|101531643|101533459|101531643|101532012|101533083|101533459	0.0190621591712165	-0.496	0.1953333333333333	0.691	239					101531643	101532012	101533083	101533459								101531643	101533459	0,0,7,2,10,2	1,6,0,4,1,2	19,38,8,45,30,7	17,11,12,0,0,17						50	chrX	+							50	16,43,12	0,0,5	25,38,31	0,3,0	1220	149	0.226380084351	0.413774010107654	1.0,1.0,0.227	1.0,0.607,1.0	-0.127					0.413774010107654	-0.127	0.7423333333333333	0.869	173					101531643	101532012	101533083	101533459								101531643	101533459	0,3,2,0,7,5	0,0,1,0,0,0	16,40,9,25,31,26	0,0,5,0,3,0						0.0190621591712165	-0.496	X	+	101531643	101533459	101531643	101532012	101533083	101533459	1816	0	0	0	False	False			0	0		False	0	False			1	False	ENST00000433011	ENST00000433011	ENST00000354842;ENST00000442270;ENST00000452188	False	False	False	0.0	False	3UTR	3UTR	UFM1_dependent
136	ENSG00000215301	DDX3X	chrX	+							136	19,14,14	2,11,4	47,38,56	0,7,0	232	149	0.000400313496676	0.0026394864103411	0.859,0.45,0.692	1.0,0.777,1.0	-0.259					RI	chrX|+|41346228|41346622|41346228|41346410|41346493|41346622	0.0026394864103411	-0.259	0.667	0.9256666666666666	212					41346228	41346410	41346493	41346622								41346228	41346622	14,12,4,30,19,27	15,4,10,29,22,54	0,0,0,0,0,0	2,11,4,0,7,0						136	chrX	+							136	20,39,24	0,0,0	44,58,33	0,2,0	232	149	1.0	1.0	1.0,1.0,1.0	1.0,0.949,1.0	0.017					1.0	0.017	1.0	0.983	220					41346228	41346410	41346493	41346622								41346228	41346622	17,20,13,19,37,13	3,23,14,37,37,25	0,0,0,0,0,0	0,0,0,0,2,0						0.0026394864103411	-0.259	X	+	41346228	41346622	41346228	41346410	41346493	41346622	394	0	7903	0	True	False	1.0		7903	1	True	True	7903	True	1.0	True	1	False	ENST00000643820	ENST00000643820	ENST00000399959;ENST00000441189;ENST00000457138;ENST00000478993;ENST00000542215;ENST00000611968;ENST00000616050;ENST00000625837;ENST00000626301;ENST00000629496;ENST00000629785;ENST00000630255;ENST00000630370;ENST00000630858;ENST00000642161;ENST00000642322;ENST00000642424;ENST00000642589;ENST00000642597;ENST00000642687;ENST00000642722;ENST00000642763;ENST00000642793;ENST00000642801;ENST00000643963;ENST00000644073;ENST00000644074;ENST00000644109;ENST00000644307;ENST00000644513;ENST00000644677;ENST00000644876;ENST00000644958;ENST00000645080;ENST00000645120;ENST00000645338;ENST00000645380;ENST00000645561;ENST00000645574;ENST00000645589;ENST00000646093;ENST00000646107;ENST00000646122;ENST00000646196;ENST00000646223;ENST00000646319;ENST00000646390;ENST00000646627;ENST00000646679;ENST00000646822;ENST00000646940;ENST00000647286;ENST00000647477	False	False	False	0.0	False	3UTR	3UTR	UFM1_dependent
145	ENSG00000156313	RPGR	chrX	-							145	246,165,271	27,48,36	258,246,337	19,26,23	764	149	0.00585858836023	0.0230731302664934	0.64,0.401,0.595	0.726,0.649,0.741	-0.16					RI	chrX|-|38287093|38288041|38287093|38287245|38287860|38288041	0.0230731302664934	-0.16	0.5453333333333333	0.7053333333333334	1702					38287093	38287245	38287860	38288041								38287093	38288041	76,62,110,80,84,74	16,22,24,43,15,22	154,81,137,135,147,241	27,48,36,19,26,23						145	chrX	-							145	164,246,419	27,10,59	304,243,421	66,46,24	764	149	0.470599187051	0.7050231929052316	0.542,0.828,0.581	0.473,0.507,0.774	0.066					0.7050231929052316	0.066	0.6503333333333333	0.5846666666666667	2029					38287093	38287245	38287860	38288041								38287093	38288041	51,77,141,96,76,123	11,15,42,21,15,28	102,154,236,187,152,270	27,10,59,66,46,24						0.0230731302664934	-0.16	X	-	38287093	38288041	38287093	38287245	38287860	38288041	948	0	2505	0	True	False	0.0		2505	0	False	False	2505	True	0.0	False	1	True	ENST00000339363	ENST00000339363	ENST00000474584;ENST00000482855;ENST00000494707;ENST00000642170;ENST00000642395;ENST00000642739;ENST00000644238;ENST00000644337;ENST00000645032;ENST00000645124;ENST00000646020	False	False	False	0.0	False	CDS	CDS	UFM1_dependent
193	ENSG00000241878	PISD	chr22	-							193	235,264,309	121,142,164	384,335,377	108,117,127	340	149	2.50161616802e-05	0.0002510623623944	0.46,0.449,0.452	0.609,0.556,0.565	-0.123					RI	chr22|-|31620995|31621472|31620995|31621142|31621333|31621472	0.0002510623623944	-0.123	0.4536666666666666	0.5766666666666667	2683					31620995	31621142	31621333	31621472								31620995	31621472	182,181,224,276,194,219	53,79,64,100,134,155	0,4,21,8,7,3	121,142,164,108,117,127						193	chr22	-							193	231,278,358	132,107,165	354,219,279	98,90,124	340	149	0.114635304353	0.2471555169538618	0.434,0.532,0.487	0.613,0.516,0.496	-0.057					0.2471555169538618	-0.057	0.4843333333333333	0.5416666666666666	2435					31620995	31621142	31621333	31621472								31620995	31621472	147,188,199,188,168,170	80,73,153,153,51,108	4,17,6,13,0,1	132,107,165,98,90,124						0.0002510623623944	-0.123	22	-	31620995	31621472	31620995	31621142	31621333	31621472	477	0	1658	0	True	False	2.0		1658	2	True	True	1658	True	2.0	True	1	False	ENST00000473770	ENST00000473770	ENST00000266095;ENST00000382151;ENST00000397500;ENST00000422020;ENST00000435900;ENST00000437808;ENST00000439502;ENST00000460723;ENST00000474017;ENST00000478893;ENST00000491342	False	False	False	0.0	False	3UTR	3UTR	UFM1_dependent
197	ENSG00000185133	INPP5J	chr22	+							197	0,0,3	29,8,7	0,4,8	8,11,4	347	149	0.00119271295633	0.0064043045956353	0.0,0.0,0.155	0.0,0.135,0.462	-0.147					RI	chr22|+|31133609|31134696|31133609|31133714|31133912|31134696	0.0064043045956353	-0.147	0.0516666666666666	0.199	82					31133609	31133714	31133912	31134696								31133609	31134696	0,0,0,0,0,8	0,0,3,0,0,0	0,0,0,0,4,0	29,8,7,8,11,4						197	chr22	+							197	0,10,3	13,26,31	0,4,0	22,3,13	347	149	0.113724639	0.245630577582618	0.0,0.142,0.04	0.0,0.364,0.0	-0.061					0.245630577582618	-0.061	0.0606666666666666	0.1213333333333333	125					31133609	31133714	31133912	31134696								31133609	31134696	0,10,1,0,4,0	0,0,2,0,0,0	0,0,0,0,0,0	13,26,31,22,3,13						0.0064043045956353	-0.147	22	+	31133609	31134696	31133609	31133714	31133912	31134696	1087	0	5481	0	True	False	0.0		5481	0	False	False	5481	True	0.0	False	1	False	ENST00000461241	ENST00000461241	ENST00000331075;ENST00000400294;ENST00000401755;ENST00000402238;ENST00000404390;ENST00000404453;ENST00000405300;ENST00000412277;ENST00000620191	False	False	False	0.0	False	3UTR	3UTR	UFM1_dependent
318	ENSG00000166913	YWHAB	chr20	+							318	494,456,699	122,81,108	702,817,1071	99,50,137	1018	149	0.00352204324408	0.0154929477565986	0.372,0.452,0.486	0.509,0.705,0.534	-0.146					RI	chr20|+|44904967|44906096|44904967|44905131|44906000|44906096	0.0154929477565986	-0.146	0.4366666666666666	0.5826666666666667	4836					44904967	44905131	44906000	44906096								44904967	44906096	90,48,57,65,108,125	70,105,86,80,141,165	334,303,556,557,568,781	122,81,108,99,50,137						318	chr20	+							318	311,612,673	79,67,77	770,667,795	79,115,64	1018	149	0.29283997091	0.502818178591627	0.366,0.572,0.561	0.588,0.459,0.645	-0.064					0.502818178591627	-0.064	0.4996666666666666	0.5640000000000001	4309					44904967	44905131	44906000	44906096								44904967	44906096	36,68,64,97,50,104	45,111,127,121,133,98	230,433,482,552,484,593	79,67,77,79,115,64						0.0154929477565986	-0.146	20	+	44904967	44906096	44904967	44905131	44906000	44906096	1129	0	520	0	True	False	1.0		520	1	True	True	520	True	1.0	True	1	False	ENST00000631616	ENST00000631616	ENST00000353703;ENST00000372839;ENST00000477896;ENST00000479421;ENST00000633979	False	False	False	0.0	False	3UTR	3UTR	UFM1_dependent
514	ENSG00000167595	PROSER3	chr19	+							514	16,4,11	39,78,34	31,16,19	36,23,45	265	149	0.000140362356508	0.0010922613833845	0.187,0.028,0.154	0.326,0.281,0.192	-0.143					RI	chr19|+|35766767|35768065|35766767|35766955|35767071|35768065	0.0010922613833845	-0.143	0.123	0.2663333333333333	352					35766767	35766955	35767071	35768065								35766767	35768065	9,1,5,21,15,12	7,3,6,10,1,7	0,0,0,0,0,0	39,78,34,36,23,45						514	chr19	+							514	6,48,32	31,61,34	7,0,17	22,17,16	265	149	0.172685431261	0.338476896911775	0.098,0.307,0.346	0.152,0.0,0.374	0.075					0.338476896911775	0.075	0.2503333333333333	0.1753333333333333	291					35766767	35766955	35767071	35768065								35766767	35768065	6,8,15,3,0,9	0,40,17,4,0,8	0,0,0,0,0,0	31,61,34,22,17,16						0.0010922613833845	-0.143	19	+	35766767	35768065	35766767	35766955	35767071	35768065	1298	0	5459	0	True	False	2.0		5459	2	True	True	5459	True	2.0	True	1	True	ENST00000620918	ENST00000620918	ENST00000396908;ENST00000542591;ENST00000544876;ENST00000646935;ENST00000696040;ENST00000696041;ENST00000696042	False	True	True	1.0	True	Stop_Codon	Stop_Codon	UFM1_dependent
526	ENSG00000161265	U2AF1L4	chr19	-							526	57,102,111	3,14,24	58,60,29	0,2,0	535	149	1.69285541141e-07	3.203885611964852e-06	0.841,0.67,0.563	1.0,0.893,1.0	-0.273					RI	chr19|-|35744322|35745187|35744322|35744738|35745124|35745187	3.203885611964852e-06	-0.273	0.6913333333333334	0.9643333333333334	460					35744322	35744738	35745124	35745187								35744322	35745187	15,20,29,11,1,13	27,62,38,20,34,12	15,20,44,27,25,4	3,14,24,0,2,0						526	chr19	-							526	49,107,59	0,1,0	21,36,72	0,0,6	535	149	0.00866321862415	0.0316306996803155	1.0,0.968,1.0	1.0,1.0,0.77	0.066					0.0316306996803155	0.066	0.9893333333333332	0.9233333333333332	351					35744322	35744738	35745124	35745187								35744322	35745187	23,31,18,10,5,15	18,54,29,6,15,42	8,22,12,5,16,15	0,1,0,0,0,6						3.203885611964852e-06	-0.273	19	-	35744322	35745187	35744322	35744738	35745124	35745187	865	0	1482	0	True	False	0.0		1482	0	False	False	1482	True	0.0	False	1	False	ENST00000586476	ENST00000586476	ENST00000292879;ENST00000378975;ENST00000412391;ENST00000585554;ENST00000585771;ENST00000587886;ENST00000587987;ENST00000588100;ENST00000588892;ENST00000588980;ENST00000589429;ENST00000590135;ENST00000590650;ENST00000591057;ENST00000591084;ENST00000591855;ENST00000592913;ENST00000594792;ENST00000600296;ENST00000601236	False	False	False	0.0	False	5UTR	5UTR	UFM1_dependent
621	ENSG00000129347	KRI1	chr19	-							621	286,387,305	82,108,135	183,250,252	31,30,66	235	149	0.000544657350024	0.0033872605175934	0.689,0.694,0.589	0.789,0.841,0.708	-0.122					RI	chr19|-|10557551|10557895|10557551|10557682|10557768|10557895	0.0033872605175934	-0.122	0.6573333333333333	0.7793333333333333	2115					10557551	10557682	10557768	10557895								10557551	10557895	147,257,167,91,103,138	235,226,246,140,201,193	0,0,0,0,0,0	82,108,135,31,30,66						621	chr19	-							621	340,306,438	79,80,121	223,236,241	49,66,77	235	149	0.672444270364	0.8861374468259371	0.732,0.708,0.697	0.743,0.694,0.665	0.012					0.8861374468259371	0.012	0.7123333333333333	0.7006666666666667	2256					10557551	10557682	10557768	10557895								10557551	10557895	189,165,256,143,125,111	244,233,346,191,194,201	0,0,0,0,0,0	79,80,121,49,66,77						0.0033872605175934	-0.122	19	-	10557551	10557895	10557551	10557682	10557768	10557895	344	0	669	0	True	False	0.0		669	0	False	False	669	True	0.0	False	4	False	ENST00000478863;ENST00000536689;ENST00000537433;ENST00000543842	ENST00000478863;ENST00000536689;ENST00000537433;ENST00000543842	ENST00000312962;ENST00000536714;ENST00000537363;ENST00000539027;ENST00000612875;ENST00000618579;ENST00000652042	False	False	False	0.0	False	3UTR	3UTR	UFM1_dependent
626	ENSG00000130734	ATG4D	chr19	+							626	50,89,57	23,9,3	44,43,38	5,1,0	266	149	0.00453776132397	0.018964159548763	0.549,0.847,0.914	0.831,0.96,1.0	-0.16					RI	chr19|+|10546838|10547253|10546838|10547071|10547188|10547253	0.018964159548763	-0.16	0.77	0.9303333333333332	362					10546838	10547071	10547188	10547253								10546838	10547253	29,30,41,29,10,19	26,59,21,21,36,19	0,0,0,0,0,0	23,9,3,5,1,0						626	chr19	+							626	59,74,76	0,17,5	52,29,42	3,8,6	266	149	0.350884264049	0.5713716564537452	1.0,0.709,0.895	0.907,0.67,0.797	0.077					0.5713716564537452	0.077	0.868	0.7913333333333333	371					10546838	10547071	10547188	10547253								10546838	10547253	47,34,47,16,18,21	38,44,37,36,17,21	0,0,0,0,0,0	0,17,5,3,8,6						0.018964159548763	-0.16	19	+	10546838	10547253	10546838	10547071	10547188	10547253	415	0	1251	0	True	False	0.0		1251	0	False	False	1251	True	0.0	False	1	False	ENST00000590096	ENST00000590096	ENST00000309469;ENST00000585752;ENST00000586417;ENST00000586477;ENST00000586863;ENST00000587256;ENST00000588667;ENST00000588857;ENST00000589753	False	False	False	0.0	False	CDS	CDS	UFM1_dependent
805	ENSG00000147274	RBMX	chrX	-							805	5,8,6	9,7,13	29,27,19	5,2,8	309	149	6.1231005859e-06	7.435020354997784e-05	0.211,0.355,0.182	0.737,0.867,0.534	-0.463					RI	chrX|-|136879016|136879453|136879016|136879158|136879318|136879453	7.435020354997784e-05	-0.463	0.2493333333333333	0.7126666666666667	138					136879016	136879158	136879318	136879453								136879016	136879453	4,2,0,8,25,16	1,6,6,9,2,3	0,0,0,12,0,0	9,7,13,5,2,8						805	chrX	-							805	12,10,18	5,5,5	5,7,6	8,0,0	309	149	0.144611653738	0.2953364142454454	0.536,0.491,0.634	0.232,1.0,1.0	-0.19					0.2953364142454454	-0.19	0.5536666666666666	0.744	81					136879016	136879158	136879318	136879453								136879016	136879453	12,8,14,5,1,6	0,0,4,0,0,0	0,2,0,0,6,0	5,5,5,8,0,0						7.435020354997784e-05	-0.463	X	-	136879016	136879453	136879016	136879158	136879318	136879453	437	0	1411	0	True	False	1.0		1411	1	True	True	1411	True	1.0	True	1	False	ENST00000565907	ENST00000565907	ENST00000320676;ENST00000419968;ENST00000431446;ENST00000464781;ENST00000562646;ENST00000563370;ENST00000565438;ENST00000567262;ENST00000568578	False	False	False	0.0	False	5UTR	5UTR	UFM1_dependent
909	ENSG00000141279	NPEPPS	chr17	+							909	246,283,268	101,88,87	252,346,348	48,51,90	721	149	0.00035694527024	0.002386901196414	0.335,0.399,0.389	0.52,0.584,0.444	-0.142					RI	chr17|+|47619008|47619784|47619008|47619164|47619736|47619784	0.002386901196414	-0.142	0.3743333333333333	0.516	2208					47619008	47619164	47619736	47619784								47619008	47619784	79,103,79,78,96,111	70,92,110,75,118,82	97,88,79,99,132,155	101,88,87,48,51,90						909	chr17	+							909	144,273,314	53,81,94	204,243,201	25,71,53	721	149	0.0930193621396	0.2112613493648155	0.36,0.411,0.408	0.628,0.414,0.439	-0.101					0.2112613493648155	-0.101	0.3929999999999999	0.4936666666666666	1756					47619008	47619164	47619736	47619784								47619008	47619784	57,86,91,65,28,56	32,54,100,66,76,75	55,133,123,73,139,70	53,81,94,25,71,53						0.002386901196414	-0.142	17	+	47619008	47619784	47619008	47619164	47619736	47619784	776	0	1664	0	True	False	2.0		1664	2	True	True	1664	True	2.0	True	4	False	ENST00000677710;ENST00000678496;ENST00000678909;ENST00000700481	ENST00000677710;ENST00000678496;ENST00000678909;ENST00000700481	ENST00000322157;ENST00000528565;ENST00000530173;ENST00000530514;ENST00000531486;ENST00000676492;ENST00000677120;ENST00000677226;ENST00000677370;ENST00000677664;ENST00000678262;ENST00000678461;ENST00000678902;ENST00000700479;ENST00000700480;ENST00000700497;ENST00000700499	False	False	False	0.0	False	Stop_Codon	Stop_Codon	UFM1_dependent
922	ENSG00000159314	ARHGAP27	chr17	-							922	22,22,11	5,0,1	7,13,11	1,0,0	495	149	0.00252129052175	0.0117749836095742	0.57,1.0,0.768	0.678,1.0,1.0	-0.113					RI	chr17|-|45404600|45405106|45404600|45404681|45405027|45405106	0.0117749836095742	-0.113	0.7793333333333333	0.8926666666666667	93					45404600	45404681	45405027	45405106								45404600	45405106	6,3,4,0,11,0	14,14,7,7,2,5	2,5,0,0,0,6	5,0,1,1,0,0						922	chr17	-							922	9,24,26	2,2,2	6,14,4	1,1,10	495	149	0.0677435432053	0.1646527606546473	0.575,0.783,0.796	0.644,0.808,0.107	0.198					0.1646527606546473	0.198	0.718	0.5196666666666667	101					45404600	45404681	45405027	45405106								45404600	45405106	1,10,14,1,8,0	7,14,6,5,2,3	1,0,6,0,4,1	2,2,2,1,1,10						0.0117749836095742	-0.113	17	-	45404600	45405106	45404600	45404681	45405027	45405106	506	0	1927	0	True	False	1.0		1927	1	True	True	1927	True	1.0	True	1	False	ENST00000527678	ENST00000527678	ENST00000376922;ENST00000524404;ENST00000528384;ENST00000528677;ENST00000529357;ENST00000531735;ENST00000532038;ENST00000532667;ENST00000532891;ENST00000685559;ENST00000691061;ENST00000703660;ENST00000703662	False	False	False	0.0	False	CDS	CDS	UFM1_dependent
924	ENSG00000006062	MAP3K14	chr17	-							924	42,12,39	11,9,25	72,41,86	13,12,20	643	149	0.0152084634962	0.0497908692785362	0.469,0.236,0.266	0.562,0.442,0.499	-0.177					RI	chr17|-|45270412|45271221|45270412|45270563|45271057|45271221	0.0497908692785362	-0.177	0.3236666666666666	0.501	382					45270412	45270563	45271057	45271221								45270412	45271221	8,1,9,16,7,8	11,11,10,6,8,29	23,0,20,50,26,49	11,9,25,13,12,20						924	chr17	-							924	34,18,51	11,12,9	77,69,40	17,7,26	643	149	0.570846442553	0.800906048632938	0.417,0.258,0.568	0.512,0.696,0.263	-0.076					0.800906048632938	-0.076	0.4143333333333333	0.4903333333333333	371					45270412	45270563	45271057	45271221								45270412	45271221	0,5,2,18,12,8	9,2,2,6,23,7	25,11,47,53,34,25	11,12,9,17,7,26						0.0497908692785362	-0.177	17	-	45270412	45271221	45270412	45270563	45271057	45271221	809	0	1238	0	True	False	2.0		1238	2	True	True	1238	True	2.0	True	1	False	ENST00000586644	ENST00000586644	ENST00000344686;ENST00000376926;ENST00000592267;ENST00000617331;ENST00000680632	False	False	False	0.0	False	Stop_Codon	Stop_Codon	UFM1_dependent
935	ENSG00000141349	G6PC3	chr17	+							935	55,141,94	21,20,31	127,65,116	16,9,15	371	149	0.0122938789658	0.0420914120435531	0.513,0.739,0.549	0.761,0.744,0.756	-0.153					RI	chr17|+|44074968|44075451|44074968|44075087|44075309|44075451	0.0420914120435531	-0.153	0.6003333333333334	0.7536666666666667	710					44074968	44075087	44075309	44075451								44074968	44075451	12,16,20,11,7,15	19,55,22,24,14,17	24,70,52,92,44,84	21,20,31,16,9,15						935	chr17	+							935	134,62,76	11,14,14	31,117,112	22,16,14	371	149	0.306094347039	0.5195345030265658	0.83,0.64,0.686	0.361,0.746,0.763	0.095					0.5195345030265658	0.095	0.7186666666666667	0.6233333333333333	623					44074968	44075087	44075309	44075451								44074968	44075451	78,17,17,4,46,19	10,7,21,22,5,17	46,38,38,5,66,76	11,14,14,22,16,14						0.0420914120435531	-0.153	17	+	44074968	44075451	44074968	44075087	44075309	44075451	483	0	2013	0	True	False	0.0		2013	0	False	False	2013	True	0.0	False	1	False	ENST00000590639	ENST00000590639	ENST00000269097;ENST00000585361;ENST00000588558;ENST00000590253;ENST00000591696;ENST00000593115;ENST00000696383;ENST00000696384;ENST00000696385;ENST00000696386;ENST00000696387;ENST00000696388;ENST00000696389;ENST00000696390;ENST00000696391;ENST00000696392;ENST00000696393;ENST00000696405	False	False	False	0.0	False	3UTR	3UTR	UFM1_dependent
985	ENSG00000076604	TRAF4	chr17	+							985	270,246,320	257,255,185	191,261,236	92,146,145	218	149	0.00815920095298	0.030230948787718	0.418,0.397,0.542	0.587,0.55,0.527	-0.102					RI	chr17|+|28747842|28748178|28747842|28747947|28748016|28748178	0.030230948787718	-0.102	0.4523333333333333	0.5546666666666666	2604					28747842	28747947	28748016	28748178								28747842	28748178	126,123,144,96,117,92	209,170,261,136,198,190	0,0,0,0,0,0	257,255,185,92,146,145						985	chr17	+							985	227,231,242	165,173,262	132,161,173	89,184,131	218	149	0.989797255602	1.0	0.485,0.477,0.387	0.503,0.374,0.474	-0.001					1.0	-0.001	0.4496666666666666	0.4503333333333333	2170					28747842	28747947	28748016	28748178								28747842	28748178	79,131,128,48,78,64	201,175,196,120,125,147	0,0,0,0,0,0	165,173,262,89,184,131						0.030230948787718	-0.102	17	+	28747842	28748178	28747842	28747947	28748016	28748178	336	0	1570	0	True	False	1.0		1570	1	True	True	1570	True	1.0	True	1	False	ENST00000461195	ENST00000461195	ENST00000262395;ENST00000262396;ENST00000422344;ENST00000444415;ENST00000454852;ENST00000469529;ENST00000473421;ENST00000475329;ENST00000578917;ENST00000580073;ENST00000584944;ENST00000586813	False	False	False	0.0	False	3UTR	3UTR	UFM1_dependent
1042	ENSG00000177731	FLII	chr17	-							1042	156,160,257	129,162,155	141,185,196	71,72,101	232	149	0.000411732701702	0.0027060502967166	0.437,0.388,0.516	0.561,0.623,0.555	-0.133					RI	chr17|-|18245743|18246062|18245743|18245850|18245933|18246062	0.0027060502967166	-0.133	0.447	0.5796666666666667	1785					18245743	18245850	18245933	18246062								18245743	18246062	63,82,151,76,116,103	114,101,157,102,100,135	0,0,0,0,0,0	129,162,155,71,72,101						1042	chr17	-							1042	169,206,266	176,166,160	131,192,136	67,180,81	232	149	0.366227029464	0.5904017701369716	0.381,0.444,0.516	0.557,0.407,0.519	-0.047					0.5904017701369716	-0.047	0.447	0.4943333333333333	1930					18245743	18245850	18245933	18246062								18245743	18246062	109,118,181,80,105,69	81,118,140,69,122,88	0,0,0,0,1,0	176,166,160,67,180,81						0.0027060502967166	-0.133	17	-	18245743	18246062	18245743	18245850	18245933	18246062	319	0	1142	0	True	False	2.0		1142	2	True	True	1142	True	2.0	True	1	False	ENST00000487693	ENST00000487693	ENST00000327031;ENST00000465046;ENST00000474265;ENST00000487369;ENST00000493401;ENST00000493600;ENST00000545457;ENST00000577398;ENST00000577485;ENST00000578101;ENST00000578558;ENST00000579294;ENST00000581858	False	False	False	0.0	False	3UTR	3UTR	UFM1_dependent
1108	ENSG00000141503	MINK1	chr17	+							1108	125,83,140	4,15,3	25,93,119	1,1,0	607	149	2.8083714244e-05	0.0002773097193948	0.885,0.576,0.92	0.86,0.958,1.0	-0.146					RI	chr17|+|4889646|4890735|4889646|4889763|4890221|4890735	0.0002773097193948	-0.146	0.7936666666666666	0.9393333333333334	609					4889646	4889763	4890221	4890735								4889646	4890735	29,10,7,1,18,18	52,49,45,15,17,36	44,24,88,9,58,65	4,15,3,1,1,0						1108	chr17	+							1108	108,130,141	7,0,3	89,100,107	7,2,4	607	149	0.252187661991	0.4470094777703695	0.791,1.0,0.92	0.757,0.925,0.868	0.054					0.4470094777703695	0.054	0.9036666666666668	0.85	698					4889646	4889763	4890221	4890735								4889646	4890735	36,3,22,3,26,8	30,71,36,38,18,18	42,56,83,48,56,81	7,0,3,7,2,4						0.0002773097193948	-0.146	17	+	4889646	4890735	4889646	4889763	4890221	4890735	1089	0	1755	0	True	False	0.0		1755	0	False	False	1755	True	0.0	False	1	False	ENST00000572330	ENST00000572330	ENST00000347992;ENST00000355280;ENST00000453408;ENST00000571207;ENST00000574453;ENST00000664602	False	False	False	0.0	False	3UTR	3UTR	UFM1_dependent
1145	ENSG00000214087	ARL16	chr17	-							1145	338,303,434	16,13,15	463,431,635	0,2,4	490	149	2.03292938039e-12	1.2102837825778138e-10	0.865,0.876,0.898	1.0,0.985,0.98	-0.109					RI	chr17|-|81682033|81682675|81682033|81682149|81682490|81682675	1.2102837825778138e-10	-0.109	0.8796666666666667	0.9883333333333332	2654					81682033	81682149	81682490	81682675								81682033	81682675	121,72,151,150,116,139	55,66,74,108,75,141	162,165,209,205,240,355	16,13,15,0,2,4						1145	chr17	-							1145	366,431,449	3,6,10	444,395,539	5,6,19	490	149	0.204645112761	0.3848806714306069	0.974,0.956,0.932	0.964,0.952,0.896	0.017					0.3848806714306069	0.017	0.954	0.9373333333333334	2673					81682033	81682149	81682490	81682675								81682033	81682675	131,158,152,136,144,169	113,92,77,75,90,119	122,181,220,233,161,251	3,6,10,5,6,19						1.2102837825778138e-10	-0.109	17	-	81682033	81682675	81682033	81682149	81682490	81682675	642	0	708	0	True	False	0.0		708	0	False	False	708	True	0.0	False	1	False	ENST00000571082	ENST00000571082	ENST00000570561;ENST00000570910;ENST00000572704;ENST00000573392;ENST00000573569;ENST00000573715;ENST00000574938;ENST00000576135;ENST00000576914;ENST00000577142;ENST00000622299	False	False	False	0.0	False	3UTR	3UTR	UFM1_dependent
1146	ENSG00000214087	ARL16	chr17	-							1146	575,441,776	10,13,25	646,662,873	10,1,0	1012	149	1.78226061687e-08	4.219622433454378e-07	0.894,0.833,0.82	0.905,0.99,1.0	-0.116					RI	chr17|-|81682033|81683126|81682033|81682149|81683012|81683126	4.219622433454378e-07	-0.116	0.849	0.965	4032					81682033	81682149	81683012	81683126								81682033	81683126	121,72,151,150,116,139	41,30,70,21,57,50	413,339,555,475,489,684	10,13,25,10,1,0						1146	chr17	-							1146	566,708,791	5,11,10	654,619,851	12,9,1	1012	149	0.557391577987	0.7910899505202099	0.943,0.905,0.921	0.889,0.91,0.992	-0.007					0.7910899505202099	-0.007	0.923	0.9303333333333332	4237					81682033	81682149	81683012	81683126								81682033	81683126	131,158,152,136,144,169	45,79,84,35,54,43	390,471,555,483,421,639	5,11,10,12,9,1						4.219622433454378e-07	-0.116	17	-	81682033	81683126	81682033	81682149	81683012	81683126	1093	0	1032	0	True	False	0.0		1032	0	False	False	1032	True	0.0	False	1	False	ENST00000570910	ENST00000570910	ENST00000570561;ENST00000571082;ENST00000572704;ENST00000572937;ENST00000573392;ENST00000573569;ENST00000573715;ENST00000574938;ENST00000576135;ENST00000576914;ENST00000577142;ENST00000622299	False	False	False	0.0	False	Stop_Codon	Stop_Codon	UFM1_dependent
1179	ENSG00000124067	SLC12A4	chr16	-							1179	42,19,22	72,80,112	84,101,43	137,109,51	228	149	1.53283361495e-05	0.0001623374046092	0.276,0.134,0.114	0.286,0.377,0.355	-0.165					RI	chr16|-|67950961|67951304|67950961|67951060|67951139|67951304	0.0001623374046092	-0.165	0.1746666666666667	0.3393333333333333	872					67950961	67951060	67951139	67951304								67950961	67951304	31,9,12,37,45,16	28,10,14,56,59,29	0,0,0,0,0,0	72,80,112,137,109,51						1179	chr16	-							1179	12,55,54	85,91,86	56,23,66	118,81,103	228	149	0.660217347962	0.8761137516530487	0.084,0.283,0.291	0.237,0.157,0.295	-0.01					0.8761137516530487	-0.01	0.2193333333333333	0.2296666666666666	830					67950961	67951060	67951139	67951304								67950961	67951304	6,32,32,28,8,45	9,32,37,34,18,28	0,0,0,0,0,0	85,91,86,118,81,103						0.0001623374046092	-0.165	16	-	67950961	67951304	67950961	67951060	67951139	67951304	343	0	1056	0	True	False	0.0		1056	0	False	False	1056	True	0.0	False	1	False	ENST00000573702	ENST00000573702	ENST00000316341;ENST00000537830;ENST00000541864;ENST00000570802;ENST00000572010;ENST00000572037;ENST00000572766;ENST00000573023;ENST00000574665;ENST00000576377;ENST00000576616	False	False	False	0.0	False	3UTR	3UTR	UFM1_dependent
1461	ENSG00000162004	CCDC78	chr16	-							1461	81,55,30	2,8,11	52,64,57	2,0,4	225	149	0.00185280703122	0.0091929660528741	0.964,0.82,0.644	0.945,1.0,0.904	-0.14					RI	chr16|-|722921|723161|722921|723018|723094|723161	0.0091929660528741	-0.14	0.8093333333333333	0.9496666666666668	366					722921	723018	723094	723161								722921	723161	61,34,15,22,53,41	49,38,19,36,44,41	0,0,0,0,0,0	2,8,11,2,0,4						1461	chr16	-							1461	54,85,82	4,7,2	33,31,46	0,1,10	225	149	0.562859330996	0.7952989003006187	0.899,0.889,0.964	1.0,0.954,0.753	0.015					0.7952989003006187	0.015	0.9173333333333332	0.9023333333333332	355					722921	723018	723094	723161								722921	723161	30,67,52,22,26,16	37,49,52,21,16,39	0,0,0,0,0,0	4,7,2,0,1,10						0.0091929660528741	-0.14	16	-	722921	723161	722921	723018	723094	723161	240	0	332	0	True	False	2.0		332	2	True	True	332	True	2.0	True	2	False	ENST00000482152;ENST00000485091	ENST00000482152;ENST00000485091	ENST00000293889;ENST00000345165;ENST00000463539;ENST00000466708;ENST00000478979;ENST00000481804;ENST00000482878;ENST00000682391	False	False	False	0.0	False	CDS	CDS	UFM1_dependent
1498	ENSG00000041357	PSMA4	chr15	+							1498	222,236,283	217,242,390	199,274,312	121,148,254	412	149	4.92059609547e-06	6.272992777010819e-05	0.27,0.261,0.208	0.373,0.401,0.308	-0.114					RI	chr15|+|78542176|78542645|78542176|78542219|78542482|78542645	6.272992777010819e-05	-0.114	0.2463333333333333	0.3606666666666667	2898					78542176	78542219	78542482	78542645								78542176	78542645	66,79,95,44,63,102	83,70,88,72,90,78	73,87,100,83,121,132	217,242,390,121,148,254						1498	chr15	+							1498	197,233,308	248,380,360	159,200,180	187,126,178	412	149	0.00548781787592	0.021788910028061	0.223,0.182,0.236	0.235,0.365,0.268	-0.076					0.021788910028061	-0.076	0.2136666666666666	0.2893333333333333	2756					78542176	78542219	78542482	78542645								78542176	78542645	64,91,81,59,37,67	69,56,90,51,50,25	64,86,137,49,113,88	248,380,360,187,126,178						6.272992777010819e-05	-0.114	15	+	78542176	78542645	78542176	78542219	78542482	78542645	469	0	1898	0	True	False	2.0		1898	2	True	True	1898	True	2.0	True	1	False	ENST00000558639	ENST00000558639	ENST00000044462;ENST00000413382;ENST00000557929;ENST00000558281;ENST00000558341;ENST00000558635;ENST00000559082;ENST00000559146;ENST00000559365;ENST00000559437;ENST00000559934;ENST00000559948;ENST00000560033;ENST00000560099;ENST00000560217;ENST00000560737;ENST00000560842	False	False	False	0.0	False	5UTR	5UTR	UFM1_dependent
1573	ENSG00000166762	CATSPER2	chr15	-							1573	674,531,622	7,7,40	601,668,674	0,0,8	3145	149	0.000144867914674	0.0011216288545214	0.82,0.782,0.424	1.0,1.0,0.8	-0.258					RI	chr15|-|43632198|43635416|43632198|43632363|43635359|43635416	0.0011216288545214	-0.258	0.6753333333333333	0.9333333333333332	3832					43632198	43632363	43635359	43635416								43632198	43635416	19,29,48,27,18,35	16,49,19,14,11,35	639,453,555,560,639,604	7,7,40,0,0,8						1573	chr15	-							1573	693,789,704	7,6,46	597,678,537	0,4,11	3145	149	0.0603196023699	0.1507740392019148	0.824,0.862,0.42	1.0,0.889,0.698	-0.16					0.1507740392019148	-0.16	0.702	0.8623333333333333	4072					43632198	43632363	43635359	43635416								43632198	43635416	9,45,39,15,48,14	16,23,25,26,53,21	668,721,640,556,577,502	7,6,46,0,4,11						0.0011216288545214	-0.258	15	-	43632198	43635416	43632198	43632363	43635359	43635416	3218	0	1652	0	True	False	2.0		1652	2	True	True	1652	True	2.0	True	1	False	ENST00000469461	ENST00000469461	ENST00000321596;ENST00000381761;ENST00000396879;ENST00000419262;ENST00000433380;ENST00000450810;ENST00000472960	False	False	False	0.0	False	Stop_Codon	Stop_Codon	UFM1_dependent
1588	ENSG00000092529	CAPN3	chr15	+							1588	6,13,0	9,21,36	10,8,18	16,6,18	581	149	0.00189074038499	0.0093575625833403	0.146,0.137,0.0	0.138,0.255,0.204	-0.105					RI	chr15|+|42409930|42410496|42409930|42409995|42410427|42410496	0.0093575625833403	-0.105	0.0943333333333333	0.199	161					42409930	42409995	42410427	42410496								42409930	42410496	0,1,0,2,0,5	0,12,0,0,0,0	6,0,0,8,8,13	9,21,36,16,6,18						1588	chr15	+							1588	10,2,2	15,8,14	11,1,21	11,14,18	581	149	0.0878445314523	0.2016317466516304	0.146,0.06,0.035	0.204,0.018,0.23	-0.07					0.2016317466516304	-0.07	0.0803333333333333	0.1506666666666666	127					42409930	42409995	42410427	42410496								42409930	42410496	0,0,0,6,1,6	0,0,2,0,0,3	10,2,0,5,0,12	15,8,14,11,14,18						0.0093575625833403	-0.105	15	+	42409930	42410496	42409930	42409995	42410427	42410496	566	0	5053	0	True	False	1.0		5053	1	True	True	5053	True	1.0	True	1	False	ENST00000673774	ENST00000673774	ENST00000318023;ENST00000337571;ENST00000349748;ENST00000357568;ENST00000397163;ENST00000397200;ENST00000397204;ENST00000466222;ENST00000561817;ENST00000562199;ENST00000564503;ENST00000565274;ENST00000565559;ENST00000567071;ENST00000568153;ENST00000569136;ENST00000569827;ENST00000638141;ENST00000673646;ENST00000673684;ENST00000673687;ENST00000673692;ENST00000673705;ENST00000673743;ENST00000673750;ENST00000673771;ENST00000673839;ENST00000673851;ENST00000673854;ENST00000673886;ENST00000673890;ENST00000673893;ENST00000673928;ENST00000673936;ENST00000673939;ENST00000673950;ENST00000673978;ENST00000673987;ENST00000674011;ENST00000674018;ENST00000674027;ENST00000674041;ENST00000674052;ENST00000674093;ENST00000674119;ENST00000674130;ENST00000674135;ENST00000674139;ENST00000674146;ENST00000674149	False	False	False	0.0	False	Stop_Codon	Stop_Codon	UFM1_dependent
1590	ENSG00000092529	CAPN3	chr15	+							1590	0,12,4	6,34,28	19,4,8	12,1,14	240	149	0.00114754133994	0.0062052235418977	0.0,0.18,0.081	0.496,0.713,0.262	-0.403					RI	chr15|+|42410427|42410666|42410427|42410496|42410587|42410666	0.0062052235418977	-0.403	0.087	0.4903333333333333	142					42410427	42410496	42410587	42410666								42410427	42410666	0,12,4,19,0,2	0,0,4,10,4,6	0,0,0,0,0,0	6,34,28,12,1,14						1590	chr15	+							1590	0,0,0	17,2,24	6,0,0	5,20,26	240	149	0.0608719266124	0.1517776898481765	0.0,0.0,0.0	0.427,0.0,0.0	-0.142					0.1517776898481765	-0.142	0.0	0.1423333333333333	100					42410427	42410496	42410587	42410666								42410427	42410666	0,0,0,0,0,0	0,0,0,6,0,0	0,0,0,0,0,0	17,2,24,5,20,26						0.0062052235418977	-0.403	15	+	42410427	42410666	42410427	42410496	42410587	42410666	239	0	5451	0	True	False	0.0		5451	0	False	False	5451	True	0.0	False	2	False	ENST00000466222;ENST00000674027	ENST00000466222;ENST00000674027	ENST00000318023;ENST00000337571;ENST00000349748;ENST00000357568;ENST00000397163;ENST00000397200;ENST00000397204;ENST00000561817;ENST00000562199;ENST00000564503;ENST00000565274;ENST00000565559;ENST00000567817;ENST00000568153;ENST00000569136;ENST00000569827;ENST00000638141;ENST00000673646;ENST00000673684;ENST00000673687;ENST00000673692;ENST00000673705;ENST00000673743;ENST00000673750;ENST00000673771;ENST00000673774;ENST00000673839;ENST00000673851;ENST00000673854;ENST00000673886;ENST00000673890;ENST00000673893;ENST00000673928;ENST00000673936;ENST00000673939;ENST00000673950;ENST00000673978;ENST00000673987;ENST00000674011;ENST00000674018;ENST00000674041;ENST00000674052;ENST00000674093;ENST00000674119;ENST00000674135;ENST00000674139;ENST00000674146;ENST00000674149	False	False	False	0.0	False	3UTR	3UTR	UFM1_dependent
1650	ENSG00000104936	DMPK	chr19	-							1650	31,41,72	8,15,26	68,135,110	9,6,18	438	149	8.92204420256e-05	0.000737331200136	0.569,0.482,0.485	0.72,0.884,0.675	-0.248					RI	chr19|-|45770970|45771396|45770970|45771060|45771349|45771396	0.000737331200136	-0.248	0.512	0.7596666666666667	539					45770970	45771060	45771349	45771396								45770970	45771396	5,12,11,6,38,31	4,10,22,20,29,26	22,19,39,42,68,53	8,15,26,9,6,18						1650	chr19	-							1650	50,68,55	12,6,0	72,120,89	9,2,7	438	149	0.549295464554	0.7830961544951855	0.586,0.794,1.0	0.731,0.953,0.812	-0.039					0.7830961544951855	-0.039	0.7933333333333333	0.832	490					45770970	45771060	45771349	45771396								45770970	45771396	0,16,16,6,59,26	5,16,20,39,25,29	45,36,19,27,36,34	12,6,0,9,2,7						0.000737331200136	-0.248	19	-	45770970	45771396	45770970	45771060	45771349	45771396	426	0	776	0	True	False	2.0		776	2	True	True	776	True	2.0	True	1	False	ENST00000683830	ENST00000683830	ENST00000291270;ENST00000343373;ENST00000354227;ENST00000447742;ENST00000458663;ENST00000588522;ENST00000593574;ENST00000596686;ENST00000597660;ENST00000598272;ENST00000600370;ENST00000600757;ENST00000674226;ENST00000682259;ENST00000682335;ENST00000682436;ENST00000682529;ENST00000682994;ENST00000683086;ENST00000684007;ENST00000684672	False	False	False	0.0	False	Stop_Codon	Stop_Codon	UFM1_dependent
1689	ENSG00000162066	AMDHD2	chr16	+							1689	50,11,23	122,125,132	24,32,36	34,39,99	227	149	6.51588534848e-05	0.0005667433894592	0.212,0.055,0.103	0.317,0.35,0.193	-0.163					RI	chr16|+|2520768|2521123|2520768|2520905|2520983|2521123	0.0005667433894592	-0.163	0.1233333333333333	0.2866666666666667	727					2520768	2520905	2520983	2521123								2520768	2521123	41,1,16,22,26,15	17,11,15,10,8,26	0,0,0,0,0,0	122,125,132,34,39,99						1689	chr16	+							1689	24,27,33	90,134,129	37,8,6	42,84,45	227	149	0.943047133664	1.0	0.149,0.117,0.144	0.366,0.059,0.08	-0.032					1.0	-0.032	0.1366666666666666	0.1683333333333333	659					2520768	2520905	2520983	2521123								2520768	2521123	18,26,24,18,8,6	6,1,12,23,2,0	0,0,0,0,0,0	90,134,129,42,84,45						0.0005667433894592	-0.163	16	+	2520768	2521123	2520768	2520905	2520983	2521123	355	0	2216	0	True	False	2.0		2216	2	True	True	2216	True	2.0	True	1	False	ENST00000565963	ENST00000565963	ENST00000293971;ENST00000302956;ENST00000413459;ENST00000563556;ENST00000563633;ENST00000566706;ENST00000567475;ENST00000568263;ENST00000569219;ENST00000569879;ENST00000648227	False	False	False	0.0	False	5UTR	5UTR	UFM1_dependent
1713	ENSG00000054654	SYNE2	chr14	+							1713	5,0,0	7,1,3	7,2,25	4,0,4	1542	149	0.00547782332647	0.021925595716654	0.065,0.0,0.0	0.145,1.0,0.377	-0.486					RI	chr14|+|64022750|64024459|64022750|64022863|64024256|64024459	0.021925595716654	-0.486	0.0216666666666666	0.5073333333333333	58					64022750	64022863	64024256	64024459								64022750	64024459	1,0,0,1,0,0	4,0,0,0,0,0	0,0,0,6,2,25	7,1,3,4,0,4						1713	chr14	+							1713	6,0,0	4,3,11	0,2,0	8,12,8	1542	149	0.58704945524	0.8141294112586056	0.127,0.0,0.0	0.0,0.016,0.0	0.037					0.8141294112586056	0.037	0.0423333333333333	0.0053333333333333	54					64022750	64022863	64024256	64024459								64022750	64024459	0,0,0,0,0,0	6,0,0,0,0,0	0,0,0,0,2,0	4,3,11,8,12,8						0.021925595716654	-0.486	14	+	64022750	64024459	64022750	64022863	64024256	64024459	1709	0	1264	0	True	False	1.0		1264	1	True	True	1264	True	1.0	True	1	False	ENST00000557005	ENST00000557005	ENST00000344113;ENST00000358025;ENST00000554584;ENST00000555002;ENST00000674144	False	False	False	0.0	False	3UTR	3UTR	UFM1_dependent
1768	ENSG00000182093	GET1	chr21	+							1768	13,36,2	11,1,0	5,17,22	0,0,2	652	149	0.00464970813829	0.0193040015599148	0.213,0.892,1.0	1.0,1.0,0.715	-0.203					RI	chr21|+|39405913|39406731|39405913|39406058|39406561|39406731	0.0193040015599148	-0.203	0.7016666666666667	0.905	109					39405913	39406058	39406561	39406731								39405913	39406731	6,2,0,3,1,2	0,19,1,0,12,1	7,15,1,2,4,19	11,1,0,0,0,2						1768	chr21	+							1768	10,5,37	4,0,0	14,8,10	1,0,2	652	149	0.831269598598	1.0	0.364,1.0,1.0	0.762,1.0,0.533	0.023					1.0	0.023	0.788	0.765	91					39405913	39406058	39406561	39406731								39405913	39406731	0,0,9,1,0,2	5,0,13,4,5,0	5,5,15,9,3,8	4,0,0,1,0,2						0.0193040015599148	-0.203	21	+	39405913	39406731	39405913	39406058	39406561	39406731	818	0	201	0	True	False	0.0		201	0	False	False	201	True	0.0	False	1	False	ENST00000649100	ENST00000649100	ENST00000415847;ENST00000623703;ENST00000647911;ENST00000649499;ENST00000650208	False	False	False	0.0	False	3UTR	3UTR	UFM1_dependent
1822	ENSG00000092010	PSME1	chr14	+							1822	75,93,43	0,0,8	12,17,30	0,0,0	452	149	0.00374321727081	0.0162559548899482	1.0,1.0,0.639	1.0,1.0,1.0	-0.12					RI	chr14|+|24136984|24137431|24136984|24137017|24137320|24137431	0.0162559548899482	-0.12	0.8796666666666667	1.0	278					24136984	24137017	24137320	24137431								24136984	24137431	25,47,20,2,13,13	43,38,16,10,2,13	7,8,7,0,2,4	0,0,8,0,0,0						1822	chr14	+							1822	59,94,89	0,0,0	12,34,16	0,1,0	452	149	1.0	1.0	1.0,1.0,1.0	1.0,0.918,1.0	0.027					1.0	0.027	1.0	0.9726666666666668	305					24136984	24137017	24137320	24137431								24136984	24137431	34,30,17,6,11,6	6,52,68,6,16,10	19,12,4,0,7,0	0,0,0,0,1,0						0.0162559548899482	-0.12	14	+	24136984	24137431	24136984	24137017	24137320	24137431	447	0	621	0	True	False	0.0		621	0	False	False	621	True	0.0	False	1	False	ENST00000561059	ENST00000561059	ENST00000206451;ENST00000382708;ENST00000470718;ENST00000559123;ENST00000559741;ENST00000561142;ENST00000561435	False	False	False	0.0	False	CDS	CDS	UFM1_dependent
1883	ENSG00000134901	POGLUT2	chr13	-							1883	41,34,52	11,8,38	35,21,42	6,0,3	2059	149	0.00943332427691	0.0341269288885027	0.212,0.235,0.09	0.297,1.0,0.503	-0.421					RI	chr13|-|102791257|102793418|102791257|102791430|102793340|102793418	0.0341269288885027	-0.421	0.179	0.6	291					102791257	102791430	102793340	102793418								102791257	102793418	2,2,0,0,0,0	0,0,0,0,0,6	39,32,52,35,21,36	11,8,38,6,0,3						1883	chr13	-							1883	45,65,33	3,41,20	20,22,3	4,5,0	2059	149	0.640597406518	0.8600639702005785	0.52,0.103,0.107	0.266,0.242,1.0	-0.259					0.8600639702005785	-0.259	0.2433333333333333	0.5026666666666667	261					102791257	102791430	102793340	102793418								102791257	102793418	0,9,0,0,2,2	0,0,0,0,0,0	45,56,33,20,20,1	3,41,20,4,5,0						0.0341269288885027	-0.421	13	-	102791257	102793418	102791257	102791430	102793340	102793418	2161	0	840	0	True	False	0.0		840	0	False	False	840	True	0.0	False	2	False	ENST00000486540;ENST00000706518	ENST00000486540;ENST00000706518	ENST00000376004;ENST00000460338;ENST00000484943;ENST00000706516;ENST00000706517;ENST00000706519;ENST00000706520;ENST00000706521;ENST00000706522	False	False	False	0.0	False	Stop_Codon	Stop_Codon	UFM1_dependent
1897	ENSG00000123191	ATP7B	chr13	-							1897	1,0,2	4,22,33	0,3,12	25,8,14	231	149	0.000486579560556	0.0030759854281746	0.139,0.0,0.038	0.0,0.195,0.356	-0.125					RI	chr13|-|51937275|51937679|51937275|51937393|51937475|51937679	0.0030759854281746	-0.125	0.059	0.1836666666666666	124					51937275	51937393	51937475	51937679								51937275	51937679	1,0,0,0,0,0	0,0,2,0,3,12	0,0,0,0,0,0	4,22,33,25,8,14						1897	chr13	-							1897	2,4,0	9,20,12	0,1,7	5,25,5	231	149	0.607983326152	0.8329284271436407	0.125,0.114,0.0	0.0,0.025,0.475	-0.087					0.8329284271436407	-0.087	0.0796666666666666	0.1666666666666666	90					51937275	51937393	51937475	51937679								51937275	51937679	2,4,0,0,0,3	2,2,0,0,1,4	0,0,0,0,0,0	9,20,12,5,25,5						0.0030759854281746	-0.125	13	-	51937275	51937679	51937275	51937393	51937475	51937679	404	0	2576	0	True	False	2.0		2576	2	True	True	2576	True	2.0	True	1	False	ENST00000673696	ENST00000673696	ENST00000242839;ENST00000400366;ENST00000400370;ENST00000418097;ENST00000448424;ENST00000634296;ENST00000634308;ENST00000634620;ENST00000634810;ENST00000634844;ENST00000673772;ENST00000673864;ENST00000673867;ENST00000673923;ENST00000674147	False	False	False	0.0	False	3UTR	3UTR	UFM1_dependent
1901	ENSG00000160298	C21orf58	chr21	-							1901	42,30,76	3,7,0	50,35,38	0,0,1	573	149	0.000121777698359	0.0009685354686606	0.785,0.527,1.0	1.0,1.0,0.908	-0.199					RI	chr21|-|46314870|46315547|46314870|46315049|46315473|46315547	0.0009685354686606	-0.199	0.7706666666666667	0.9693333333333334	282					46314870	46315049	46315473	46315547								46314870	46315547	2,2,15,5,14,15	15,8,4,14,8,6	25,20,57,31,13,17	3,7,0,0,0,1						1901	chr21	-							1901	59,54,104	0,1,5	27,29,24	0,1,10	573	149	0.115055779325	0.2479735372389989	1.0,0.934,0.844	1.0,0.883,0.384	0.17					0.2479735372389989	0.17	0.926	0.7556666666666667	314					46314870	46315049	46315473	46315547								46314870	46315547	4,28,49,12,4,0	13,2,22,8,3,6	42,24,33,7,22,18	0,1,5,0,1,10						0.0009685354686606	-0.199	21	-	46314870	46315547	46314870	46315049	46315473	46315547	677	0	932	0	True	False	2.0		932	2	True	True	932	True	2.0	True	1	False	ENST00000475776	ENST00000475776	ENST00000291691;ENST00000397679;ENST00000397680;ENST00000397682;ENST00000397683;ENST00000417060;ENST00000445935;ENST00000491666	False	False	False	0.0	False	5UTR	5UTR	UFM1_dependent
2018	ENSG00000123066	MED13L	chr12	-							2018	137,134,180	37,13,16	200,117,313	19,1,5	1594	149	0.00128028258201	0.0067662580456004	0.257,0.491,0.513	0.496,0.916,0.854	-0.335					RI	chr12|-|115980749|115982603|115980749|115980938|115982383|115982603	0.0067662580456004	-0.335	0.4203333333333333	0.7553333333333333	1172					115980749	115980938	115982383	115982603								115980749	115982603	7,10,10,11,3,28	14,10,13,11,7,4	116,114,157,178,107,281	37,13,16,19,1,5						2018	chr12	-							2018	116,83,145	6,14,7	179,175,144	6,27,3	1594	149	0.462899095623	0.6978151868365694	0.644,0.357,0.659	0.736,0.377,0.818	-0.09					0.6978151868365694	-0.09	0.5533333333333333	0.6436666666666666	905					115980749	115980938	115982383	115982603								115980749	115982603	9,14,2,9,21,11	6,10,16,17,0,12	101,59,127,153,154,121	6,14,7,6,27,3						0.0067662580456004	-0.335	12	-	115980749	115982603	115980749	115980938	115982383	115982603	1854	0	1508	0	True	False	2.0		1508	2	True	True	1508	True	2.0	True	1	False	ENST00000648825	ENST00000648825	ENST00000281928;ENST00000548694;ENST00000549786;ENST00000552340;ENST00000648379;ENST00000648737;ENST00000648916;ENST00000649146;ENST00000649378;ENST00000649607;ENST00000649775;ENST00000650226	False	False	False	0.0	False	Stop_Codon	Stop_Codon	UFM1_dependent
2153	ENSG00000170581	STAT2	chr12	-							2153	340,285,343	44,22,10	100,95,248	0,1,7	642	149	4.09565765193e-05	0.0003759666575095	0.642,0.75,0.888	1.0,0.957,0.892	-0.19					RI	chr12|-|56348751|56349509|56348751|56348851|56349344|56349509	0.0003759666575095	-0.19	0.76	0.9496666666666668	1495					56348751	56348851	56349344	56349509								56348751	56349509	40,70,16,27,14,34	106,100,149,31,34,115	194,115,178,42,47,99	44,22,10,0,1,7						2153	chr12	-							2153	252,316,471	25,5,20	140,180,157	20,9,0	642	149	0.973697884936	1.0	0.701,0.936,0.845	0.619,0.823,1.0	0.013					1.0	0.013	0.8273333333333334	0.814	1595					56348751	56348851	56349344	56349509								56348751	56349509	36,42,76,36,11,13	100,167,152,51,56,64	116,107,243,53,113,80	25,5,20,20,9,0						0.0003759666575095	-0.19	12	-	56348751	56349509	56348751	56348851	56349344	56349509	758	0	2184	0	True	False	0.0		2184	0	False	False	2184	True	0.0	False	2	False	ENST00000698179;ENST00000698194	ENST00000698179;ENST00000698194	ENST00000314128;ENST00000418572;ENST00000555519;ENST00000556140;ENST00000556539;ENST00000557199;ENST00000557235;ENST00000650805;ENST00000651078;ENST00000651301;ENST00000651339;ENST00000651805;ENST00000651915;ENST00000651934;ENST00000651967;ENST00000652091;ENST00000652398;ENST00000652624;ENST00000652741;ENST00000698178;ENST00000698180;ENST00000698181;ENST00000698182;ENST00000698183;ENST00000698184;ENST00000698185;ENST00000698186;ENST00000698187;ENST00000698188;ENST00000698189;ENST00000698190;ENST00000698191;ENST00000698192;ENST00000698193	False	False	False	0.0	False	CDS	CDS	UFM1_dependent
2174	ENSG00000139641	ESYT1	chr12	+							2174	16,23,14	126,123,138	21,34,47	58,46,104	279	149	2.28393204349e-09	7.182087841374707e-08	0.064,0.091,0.051	0.162,0.283,0.194	-0.144					RI	chr12|+|56131039|56131316|56131039|56131113|56131243|56131316	7.182087841374707e-08	-0.144	0.0686666666666666	0.213	750					56131039	56131113	56131243	56131316								56131039	56131316	9,19,6,13,9,17	7,4,8,8,25,30	0,0,0,0,0,0	126,123,138,58,46,104						2174	chr12	+							2174	50,82,32	159,128,117	22,23,62	41,63,124	279	149	0.415660486983	0.6451230225881103	0.144,0.255,0.127	0.223,0.163,0.211	-0.024					0.6451230225881103	-0.024	0.1753333333333333	0.199	903					56131039	56131113	56131243	56131316								56131039	56131316	8,25,19,7,8,20	22,63,13,15,15,42	20,0,0,0,0,0	159,128,117,41,63,124						7.182087841374707e-08	-0.144	12	+	56131039	56131316	56131039	56131113	56131243	56131316	277	0	354	0	True	False	0.0		354	0	False	False	354	True	0.0	False	1	False	ENST00000550179	ENST00000550179	ENST00000267113;ENST00000394048;ENST00000550986;ENST00000551790	False	False	False	0.0	False	3UTR	3UTR	UFM1_dependent
2232	ENSG00000111077	TNS2	chr12	+							2232	0,5,33	6,22,0	0,23,8	1,1,0	540	149	0.00399364086678	0.0171611813560581	0.0,0.059,1.0	0.0,0.864,1.0	-0.268					RI	chr12|+|53062619|53063257|53062619|53062697|53063088|53063257	0.0171611813560581	-0.268	0.353	0.6213333333333333	99					53062619	53062697	53063088	53063257								53062619	53063257	0,0,1,0,12,4	0,5,24,0,5,0	0,0,8,0,6,4	6,22,0,1,1,0						2232	chr12	+							2232	32,8,9	6,0,20	8,8,20	10,2,2	540	149	0.826786597781	1.0	0.595,1.0,0.11	0.181,0.525,0.734	0.088					1.0	0.088	0.5683333333333334	0.48	125					53062619	53062697	53063088	53063257								53062619	53063257	10,0,1,0,0,3	20,0,2,0,0,9	2,8,6,8,8,8	6,0,20,10,2,2						0.0171611813560581	-0.268	12	+	53062619	53063257	53062619	53062697	53063088	53063257	638	0	1476	0	True	False	0.0		1476	0	False	False	1476	True	0.0	False	1	False	ENST00000552168	ENST00000552168	ENST00000314250;ENST00000314276;ENST00000379902;ENST00000546602;ENST00000549311;ENST00000549700;ENST00000550048;ENST00000550660;ENST00000552570	False	False	False	0.0	False	3UTR	3UTR	UFM1_dependent
2340	ENSG00000139192	TAPBPL	chr12	+							2340	4,12,5	2,3,6	4,17,2	1,0,0	274	149	5.21232596851e-06	6.590099554413055e-05	0.521,0.685,0.312	0.685,1.0,1.0	-0.389					RI	chr12|+|6457405|6457744|6457405|6457543|6457668|6457744	6.590099554413055e-05	-0.389	0.506	0.895	56					6457405	6457543	6457668	6457744								6457405	6457744	2,11,2,4,16,0	4,1,5,0,1,2	0,0,0,0,0,0	2,3,6,1,0,0						2340	chr12	+							2340	9,3,9	0,7,0	4,4,5	0,4,0	274	149	0.867844093749	1.0	1.0,0.189,1.0	1.0,0.352,1.0	-0.054					1.0	-0.054	0.7296666666666667	0.784	45					6457405	6457543	6457668	6457744								6457405	6457744	9,3,8,0,0,5	4,0,1,4,4,1	0,0,0,0,0,0	0,7,0,0,4,0						6.590099554413055e-05	-0.389	12	+	6457405	6457744	6457405	6457543	6457668	6457744	339	0	553	0	True	False	1.0		553	1	True	True	553	True	1.0	True	3	True	ENST00000266556;ENST00000539384;ENST00000543567	ENST00000266556;ENST00000539384;ENST00000543567	ENST00000542160;ENST00000544021;ENST00000545700	False	False	False	0.0	False	CDS	CDS	UFM1_dependent
2352	ENSG00000134909	ARHGAP32	chr11	-							2352	24,10,29	24,13,23	32,35,47	18,16,7	840	149	0.00433686093818	0.0182899802427233	0.151,0.12,0.183	0.24,0.28,0.544	-0.203					RI	chr11|-|128972452|128975002|128972452|128973432|128974123|128975002	0.0182899802427233	-0.203	0.1513333333333333	0.3546666666666667	278					128972452	128973432	128974123	128975002								128972452	128975002	9,5,9,12,4,14	1,0,3,0,8,24	14,5,17,20,23,9	24,13,23,18,16,7						2352	chr11	-							2352	12,20,33	8,2,29	8,24,31	28,11,10	840	149	0.338704093339	0.558073249607266	0.21,0.639,0.168	0.048,0.279,0.355	0.112					0.558073249607266	0.112	0.339	0.2273333333333333	216					128972452	128973432	128974123	128975002								128972452	128975002	0,12,3,2,15,9	2,1,0,0,2,4	10,7,30,6,7,18	8,2,29,28,11,10						0.0182899802427233	-0.203	11	-	128972452	128975002	128972452	128973432	128974123	128975002	2550	0	8344	0	True	False	1.0		8344	1	True	True	8344	True	1.0	True	1	False	ENST00000526162	ENST00000526162	ENST00000310343;ENST00000392657;ENST00000524655;ENST00000527272;ENST00000682385	False	False	False	0.0	False	Stop_Codon	Stop_Codon	UFM1_dependent
2365	ENSG00000168701	TMEM208	chr16	+							2365	68,65,132	5,4,8	70,94,92	0,0,0	288	149	6.24323594267e-07	1.03190088410923e-05	0.876,0.894,0.895	1.0,1.0,1.0	-0.112					RI	chr16|+|67228796|67229278|67228796|67228836|67228975|67229278	1.03190088410923e-05	-0.112	0.8883333333333333	1.0	538					67228796	67228836	67228975	67229278								67228796	67229278	27,49,80,41,86,53	41,16,56,29,11,40	0,4,0,0,0,0	5,4,8,0,0,0						2365	chr16	+							2365	110,50,60	0,9,0	53,49,75	4,0,0	288	149	0.106843494177	0.2342722003543862	1.0,0.742,1.0	0.873,1.0,1.0	-0.044					0.2342722003543862	-0.044	0.914	0.9576666666666668	410					67228796	67228836	67228975	67229278								67228796	67229278	62,37,39,30,32,50	50,13,25,23,22,25	0,0,0,0,2,0	0,9,0,4,0,0						1.03190088410923e-05	-0.112	16	+	67228796	67229278	67228796	67228836	67228975	67229278	482	0	561	0	True	False	0.0		561	0	False	False	561	True	0.0	False	1	True	ENST00000565201	ENST00000565201	ENST00000304800;ENST00000561586;ENST00000562235;ENST00000563168;ENST00000563271;ENST00000563426;ENST00000563953;ENST00000564649;ENST00000567193	False	True	True	1.0	False	Stop_Codon	Stop_Codon	UFM1_dependent
2399	ENSG00000167257	RNF214	chr11	+							2399	226,205,254	20,4,5	153,130,158	0,0,0	1303	149	1.31697246442e-08	3.282794777164e-07	0.564,0.854,0.853	1.0,1.0,1.0	-0.243					RI	chr11|+|117238600|117239860|117238600|117238646|117239800|117239860	3.282794777164e-07	-0.243	0.757	1.0	1155					117238600	117238646	117239800	117239860								117238600	117239860	40,20,18,18,29,39	11,24,19,15,16,11	175,161,217,120,85,108	20,4,5,0,0,0						2399	chr11	+							2399	264,123,205	2,0,2	168,121,71	1,0,7	1303	149	0.0770139516573	0.181816752954822	0.938,1.0,0.921	0.951,1.0,0.537	0.124					0.181816752954822	0.124	0.953	0.8293333333333334	964					117238600	117238646	117239800	117239860								117238600	117239860	75,35,49,5,23,9	23,0,8,2,15,1	166,88,148,161,83,61	2,0,2,1,0,7						3.282794777164e-07	-0.243	11	+	117238600	117239860	117238600	117238646	117239800	117239860	1260	0	1687	0	True	False	1.0		1687	1	True	True	1687	True	1.0	True	1	False	ENST00000529869	ENST00000529869	ENST00000300650;ENST00000530849;ENST00000531287;ENST00000531452;ENST00000534428	False	False	False	0.0	False	CDS	CDS	UFM1_dependent
2415	ENSG00000089916	GPATCH2L	chr14	+							2415	364,363,362	67,32,92	936,698,833	81,48,90	3146	149	0.00130683137899	0.0068608647396975	0.205,0.349,0.157	0.354,0.408,0.305	-0.119					RI	chr14|+|76173545|76176690|76173545|76173625|76176622|76176690	0.0068608647396975	-0.119	0.237	0.3556666666666666	3966					76173545	76173625	76176622	76176690								76173545	76176690	20,4,8,40,43,36	13,17,21,81,67,52	331,342,333,815,588,745	67,32,92,81,48,90						2415	chr14	+							2415	371,284,500	45,75,85	883,765,590	113,68,77	3146	149	0.0044863472273	0.0184431932645777	0.281,0.152,0.218	0.27,0.348,0.266	-0.078					0.0184431932645777	-0.078	0.217	0.2946666666666667	3856					76173545	76173625	76176622	76176690								76173545	76176690	7,1,18,38,27,17	32,16,24,51,37,34	332,267,458,794,701,539	45,75,85,113,68,77						0.0068608647396975	-0.119	14	+	76173545	76176690	76173545	76173625	76176622	76176690	3145	0	890	0	True	False	2.0		890	2	True	True	890	True	2.0	True	1	False	ENST00000554125	ENST00000554125	ENST00000261530;ENST00000312858;ENST00000554375;ENST00000554799;ENST00000556663;ENST00000557263;ENST00000621494	False	False	False	0.0	False	Stop_Codon	Stop_Codon	UFM1_dependent
2452	ENSG00000099341	PSMD8	chr19	+							2452	449,373,461	207,195,257	579,624,863	164,166,163	1266	149	8.04374344909e-11	3.3783722486178e-09	0.203,0.184,0.174	0.294,0.307,0.384	-0.141					RI	chr19|+|38380898|38382228|38380898|38380999|38382116|38382228	3.3783722486178e-09	-0.141	0.187	0.3283333333333333	4501					38380898	38380999	38382116	38382228								38380898	38382228	13,11,32,44,42,36	113,87,68,87,114,184	323,275,361,448,468,643	207,195,257,164,166,163						2452	chr19	+							2452	318,482,470	182,205,259	492,480,737	205,119,200	1266	149	2.3498117685e-05	0.0002292490027459	0.171,0.217,0.176	0.22,0.322,0.303	-0.094					0.0002292490027459	-0.094	0.188	0.2816666666666667	4149					38380898	38380999	38382116	38382228								38380898	38382228	41,29,21,66,7,54	67,72,54,129,92,117	210,381,395,297,381,566	182,205,259,205,119,200						3.3783722486178e-09	-0.141	19	+	38380898	38382228	38380898	38380999	38382116	38382228	1330	0	1680	0	True	False	0.0		1680	0	False	False	1680	True	0.0	False	1	False	ENST00000592001	ENST00000592001	ENST00000215071;ENST00000585598;ENST00000590331;ENST00000591216;ENST00000592035;ENST00000592561;ENST00000602911;ENST00000700293;ENST00000700294;ENST00000700295;ENST00000700296;ENST00000700297	False	False	False	0.0	False	Stop_Codon	Stop_Codon	UFM1_dependent
2453	ENSG00000149243	KLHL35	chr11	-							2453	183,77,136	9,0,23	11,52,64	0,0,0	1087	149	1.13672113278e-06	1.7000912161480392e-05	0.736,1.0,0.448	1.0,1.0,1.0	-0.272					RI	chr11|-|75425392|75426638|75425392|75425581|75426519|75426638	1.7000912161480392e-05	-0.272	0.728	1.0	555					75425392	75425581	75426519	75426638								75425392	75426638	16,3,43,0,2,9	30,23,6,0,15,19	137,51,87,11,35,36	9,0,23,0,0,0						2453	chr11	-							2453	158,145,152	3,0,4	77,34,69	0,1,4	1087	149	0.403188949181	0.632102301169278	0.878,1.0,0.839	1.0,0.823,0.703	0.064					0.632102301169278	0.064	0.9056666666666666	0.842	647					75425392	75425581	75426519	75426638								75425392	75426638	38,9,15,15,2,37	13,26,25,4,6,1	107,110,112,58,26,31	3,0,4,0,1,4						1.7000912161480392e-05	-0.272	11	-	75425392	75426638	75425392	75425581	75426519	75426638	1246	0	616	0	True	False	1.0		616	1	True	True	616	True	1.0	True	1	False	ENST00000460787	ENST00000460787	ENST00000376292;ENST00000527491;ENST00000539798	False	False	False	0.0	False	NonCoding	NonCoding	UFM1_dependent
2529	ENSG00000174744	BRMS1	chr11	-							2529	231,283,197	59,90,84	165,257,197	11,10,50	587	149	0.000204019847926	0.0014875739684687	0.498,0.444,0.373	0.792,0.867,0.5	-0.281					RI	chr11|-|66338242|66338785|66338242|66338282|66338720|66338785	0.0014875739684687	-0.281	0.4383333333333333	0.7196666666666667	1634					66338242	66338282	66338720	66338785								66338242	66338785	46,57,23,23,38,38	77,31,48,47,67,43	108,195,126,95,152,116	59,90,84,11,10,50						2529	chr11	-							2529	142,261,200	45,80,23	178,245,190	21,45,31	587	149	0.142164961094	0.2916216712115034	0.445,0.453,0.688	0.683,0.58,0.609	-0.095					0.2916216712115034	-0.095	0.5286666666666666	0.624	1461					66338242	66338282	66338720	66338785								66338242	66338785	20,25,20,47,43,32	24,71,65,32,43,20	98,165,115,99,159,138	45,80,23,21,45,31						0.0014875739684687	-0.281	11	-	66338242	66338785	66338242	66338282	66338720	66338785	543	0	380	0	True	False	2.0		380	2	True	True	380	True	2.0	True	1	False	ENST00000530238	ENST00000530238	ENST00000359957;ENST00000425825;ENST00000524699;ENST00000527375;ENST00000530756	False	False	False	0.0	False	3UTR	3UTR	UFM1_dependent
2533	ENSG00000174851	YIF1A	chr11	-							2533	59,51,43	30,45,76	60,64,82	22,46,21	238	149	0.0135187009578	0.0452987291110544	0.552,0.415,0.262	0.631,0.466,0.71	-0.193					RI	chr11|-|66284579|66284966|66284579|66284783|66284872|66284966	0.0452987291110544	-0.193	0.4096666666666667	0.6023333333333334	599					66284579	66284783	66284872	66284966								66284579	66284966	30,24,21,33,36,50	30,35,24,27,35,47	0,0,0,0,0,0	30,45,76,22,46,21						2533	chr11	-							2533	139,84,109	31,43,55	49,89,67	49,34,17	238	149	0.585229747024	0.8130210357207122	0.737,0.55,0.554	0.385,0.621,0.712	0.041					0.8130210357207122	0.041	0.6136666666666667	0.5726666666666667	766					66284579	66284783	66284872	66284966								66284579	66284966	62,37,60,30,32,28	99,50,51,30,65,52	0,0,0,0,0,0	31,43,55,49,34,17						0.0452987291110544	-0.193	11	-	66284579	66284966	66284579	66284783	66284872	66284966	387	0	975	0	True	False	0.0		975	0	False	False	975	True	0.0	False	2	True	ENST00000471387;ENST00000485820	ENST00000471387;ENST00000485820	ENST00000359461;ENST00000376901;ENST00000484814;ENST00000494836;ENST00000496746;ENST00000526497	False	True	True	0.5	False	CDS	CDS	UFM1_dependent
2553	ENSG00000173039	RELA	chr11	-							2553	117,42,46	135,90,99	50,62,57	57,52,58	239	149	0.00494778922435	0.0202400557196225	0.351,0.225,0.225	0.354,0.426,0.38	-0.12					RI	chr11|-|65661936|65662205|65661936|65662088|65662178|65662205	0.0202400557196225	-0.12	0.267	0.3866666666666666	865					65661936	65662088	65662178	65662205								65661936	65662205	49,17,9,33,35,24	76,31,39,26,36,42	0,0,0,0,0,0	135,90,99,57,52,58						2553	chr11	-							2553	50,58,72	53,126,77	39,52,43	35,62,121	239	149	0.75139088258	0.949299066924816	0.37,0.223,0.368	0.41,0.343,0.181	0.009					0.949299066924816	0.009	0.3203333333333333	0.3113333333333333	788					65661936	65662088	65662178	65662205								65661936	65662205	21,40,38,19,28,19	40,47,44,28,41,38	0,0,0,0,0,0	53,126,77,35,62,121						0.0202400557196225	-0.12	11	-	65661936	65662205	65661936	65662088	65662178	65662205	269	0	2335	0	True	False	1.0		2335	1	True	True	2335	True	1.0	True	1	False	ENST00000534305	ENST00000534305	ENST00000308639;ENST00000406246;ENST00000525301;ENST00000525658;ENST00000525693;ENST00000525858;ENST00000526283;ENST00000527074;ENST00000527749;ENST00000527874;ENST00000527909;ENST00000529389;ENST00000531238;ENST00000531484;ENST00000532776;ENST00000532879;ENST00000532999;ENST00000533187;ENST00000533546;ENST00000534283;ENST00000534558;ENST00000612991	False	False	False	0.0	False	5UTR	5UTR	UFM1_dependent
2571	ENSG00000149823	VPS51	chr11	+							2571	49,78,84	3,11,1	61,83,84	0,1,2	357	149	0.000236004574792	0.0016783953558906	0.872,0.747,0.972	1.0,0.972,0.946	-0.109					RI	chr11|+|65107186|65107727|65107186|65107372|65107580|65107727	0.0016783953558906	-0.109	0.8636666666666667	0.9726666666666668	457					65107186	65107372	65107580	65107727								65107186	65107727	1,18,16,19,19,17	7,44,33,15,26,29	41,16,35,27,38,38	3,11,1,0,1,2						2571	chr11	+							2571	53,98,101	0,7,0	53,119,72	0,14,0	357	149	0.186400051737	0.3591799337714559	1.0,0.854,1.0	1.0,0.78,1.0	0.025					0.3591799337714559	0.025	0.9513333333333334	0.9266666666666666	517					65107186	65107372	65107580	65107727								65107186	65107727	21,50,44,10,38,21	27,40,28,24,31,30	5,8,29,19,50,21	0,7,0,0,14,0						0.0016783953558906	-0.109	11	+	65107186	65107727	65107186	65107372	65107580	65107727	541	0	782	0	True	False	2.0		782	2	True	True	782	True	2.0	True	1	False	ENST00000533656	ENST00000533656	ENST00000279281;ENST00000526578;ENST00000527646;ENST00000528588;ENST00000529180;ENST00000530773;ENST00000533487;ENST00000534124;ENST00000534557	False	False	False	0.0	False	3UTR	3UTR	UFM1_dependent
2702	ENSG00000134575	ACP2	chr11	-							2702	5,25,13	11,33,38	11,19,30	20,14,12	459	149	0.0123241125015	0.0421480523475727	0.129,0.197,0.1	0.151,0.306,0.448	-0.16					RI	chr11|-|47247640|47248133|47247640|47247727|47248037|47248133	0.0421480523475727	-0.16	0.142	0.3016666666666666	231					47247640	47247727	47248037	47248133								47247640	47248133	2,4,1,7,1,4	0,21,12,3,8,6	3,0,0,1,10,20	11,33,38,20,14,12						2702	chr11	-							2702	7,6,10	48,25,10	22,8,6	32,25,14	459	149	0.125714080682	0.2652646167849748	0.045,0.072,0.245	0.182,0.094,0.122	-0.012					0.2652646167849748	-0.012	0.1206666666666666	0.1326666666666666	213					47247640	47247727	47248037	47248133								47247640	47248133	4,0,5,17,3,4	3,2,5,2,1,2	0,4,0,3,4,0	48,25,10,32,25,14						0.0421480523475727	-0.16	11	-	47247640	47248133	47247640	47247727	47248037	47248133	493	0	1734	0	True	False	0.0		1734	0	False	False	1734	True	0.0	False	1	False	ENST00000673184	ENST00000673184	ENST00000256997;ENST00000527256;ENST00000529444;ENST00000533929;ENST00000672073;ENST00000672075;ENST00000672166;ENST00000672636;ENST00000672787;ENST00000673511;ENST00000673562;ENST00000673604	False	False	False	0.0	False	NonCoding	NonCoding	UFM1_dependent
2704	ENSG00000149179	CSTPP1	chr11	+							2704	33,64,32	7,0,10	17,18,19	0,0,1	422	149	5.07666429913e-05	0.0004577956688568	0.625,1.0,0.53	1.0,1.0,0.87	-0.238					RI	chr11|+|47161126|47162247|47161126|47161190|47161463|47162247	0.0004577956688568	-0.238	0.7183333333333334	0.9566666666666668	201					47161126	47161190	47161463	47162247								47161126	47162247	10,19,13,5,12,1	13,39,1,2,1,13	10,6,18,10,5,5	7,0,10,0,0,1						2704	chr11	+							2704	12,34,53	1,0,0	29,28,73	0,0,0	422	149	1.0	1.0	0.809,1.0,1.0	1.0,1.0,1.0	-0.064					1.0	-0.064	0.9363333333333334	1.0	230					47161126	47161190	47161463	47162247								47161126	47162247	9,14,22,16,14,50	0,10,8,1,2,23	3,10,23,12,12,0	1,0,0,0,0,0						0.0004577956688568	-0.238	11	+	47161126	47162247	47161126	47161190	47161463	47162247	1121	0	619	0	True	False	1.0		619	1	True	True	619	True	1.0	True	1	True	ENST00000395460	ENST00000395460	ENST00000278460;ENST00000378615;ENST00000378618;ENST00000525895;ENST00000527234;ENST00000527784;ENST00000528488;ENST00000534249;ENST00000534581;ENST00000624693	False	True	True	1.0	False	Stop_Codon	Stop_Codon	UFM1_dependent
2712	ENSG00000242612	DECR2	chr16	+							2712	6,0,0	8,15,7	7,15,9	10,15,16	205	149	0.00210082927544	0.0101355508394949	0.353,0.0,0.0	0.337,0.421,0.29	-0.232					RI	chr16|+|406684|406952|406684|406833|406889|406952	0.0101355508394949	-0.232	0.1176666666666666	0.3493333333333333	108					406684	406833	406889	406952								406684	406952	6,0,0,7,15,9	6,0,0,4,5,5	0,0,0,0,0,0	8,15,7,10,15,16						2712	chr16	+							2712	5,0,12	7,1,34	3,3,7	29,7,0	205	149	0.471962087513	0.7068896444670156	0.342,0.0,0.204	0.07,0.238,1.0	-0.254					0.7068896444670156	-0.254	0.182	0.436	108					406684	406833	406889	406952								406684	406952	5,0,12,3,3,7	1,0,9,1,0,3	0,0,0,0,0,0	7,1,34,29,7,0						0.0101355508394949	-0.232	16	+	406684	406952	406684	406833	406889	406952	268	0	213	0	True	False	0.0		213	0	False	False	213	True	0.0	False	1	True	ENST00000445291	ENST00000445291	ENST00000219481;ENST00000424398;ENST00000437024;ENST00000439661;ENST00000461802;ENST00000461947;ENST00000465166;ENST00000627716;ENST00000631605;ENST00000632744;ENST00000633025;ENST00000633348;ENST00000633923	False	True	False	0.0	False	3UTR	3UTR	UFM1_dependent
2794	ENSG00000166340	TPP1	chr11	-							2794	302,237,309	24,32,46	164,203,188	9,9,4	296	149	1.2368140041e-06	1.823111411812789e-05	0.864,0.789,0.772	0.902,0.919,0.959	-0.118					RI	chr11|-|6616974|6617428|6616974|6617153|6617300|6617428	1.823111411812789e-05	-0.118	0.8083333333333333	0.9266666666666666	1527					6616974	6617153	6617300	6617428								6616974	6617428	186,194,242,117,133,126	116,43,65,47,70,62	0,0,2,0,0,0	24,32,46,9,9,4						2794	chr11	-							2794	398,321,374	12,22,38	163,215,103	10,11,15	296	149	0.624505236489	0.8459846665250975	0.943,0.88,0.832	0.891,0.908,0.776	0.027					0.8459846665250975	0.027	0.885	0.8583333333333334	1682					6616974	6617153	6617300	6617428								6616974	6617428	257,216,290,137,180,72	141,105,84,26,35,31	0,0,0,0,0,0	12,22,38,10,11,15						1.823111411812789e-05	-0.118	11	-	6616974	6617428	6616974	6617153	6617300	6617428	454	0	1462	0	True	False	1.0		1462	1	True	True	1462	True	1.0	True	6	False	ENST00000524788;ENST00000524903;ENST00000644151;ENST00000644831;ENST00000646777;ENST00000647016	ENST00000524788;ENST00000524903;ENST00000644151;ENST00000644831;ENST00000646777;ENST00000647016	ENST00000299427;ENST00000428886;ENST00000436873;ENST00000528571;ENST00000528807;ENST00000530040;ENST00000533371;ENST00000534644;ENST00000642892;ENST00000643439;ENST00000643479;ENST00000643516;ENST00000644218;ENST00000644683;ENST00000644810;ENST00000644933;ENST00000645020;ENST00000645285;ENST00000645331;ENST00000645620;ENST00000647152;ENST00000647209;ENST00000647346;ENST00000682424	False	False	False	0.0	False	3UTR	3UTR	UFM1_dependent
2807	ENSG00000179532	DNHD1	chr11	+							2807	0,0,4	16,1,3	20,21,7	4,8,10	336	149	7.77225425823e-05	0.0006555634540779	0.0,0.0,0.372	0.689,0.538,0.237	-0.364					RI	chr11|+|6556682|6558693|6556682|6558297|6558484|6558693	0.0006555634540779	-0.364	0.124	0.488	94					6556682	6558297	6558484	6558693								6556682	6558693	0,0,0,8,20,3	0,0,4,11,0,1	0,0,0,1,1,3	16,1,3,4,8,10						2807	chr11	+							2807	10,18,0	1,10,10	6,0,0	1,11,0	336	149	1.0	1.0	0.816,0.444,0.0	0.727,0.0,NA	0.056					1.0	0.056	0.42	0.3635	67					6556682	6558297	6558484	6558693								6556682	6558693	10,14,0,4,0,0	0,4,0,1,0,0	0,0,0,1,0,0	1,10,10,1,11,0						0.0006555634540779	-0.364	11	+	6556682	6558693	6556682	6558297	6558484	6558693	2011	0	2277	0	True	False	0.0		2277	0	False	False	2277	True	0.0	False	1	False	ENST00000534210	ENST00000534210	ENST00000254579;ENST00000524401;ENST00000531903	False	False	False	0.0	False	3UTR	3UTR	UFM1_dependent
2949	ENSG00000010318	PHF7	chr3	+							2949	49,24,39	6,0,0	29,47,16	0,0,0	1154	149	0.00368649941682	0.0160551238806393	0.513,1.0,1.0	1.0,1.0,1.0	-0.162					RI	chr3|+|52421647|52422881|52421647|52421754|52422759|52422881	0.0160551238806393	-0.162	0.8376666666666667	1.0	210					52421647	52421754	52422759	52422881								52421647	52422881	12,9,5,0,0,4	12,3,0,10,0,4	25,12,34,19,47,8	6,0,0,0,0,0						2949	chr3	+							2949	18,42,44	0,0,2	8,31,1	2,1,0	1154	149	0.474290960345	0.7086202646025371	1.0,1.0,0.74	0.341,0.8,1.0	0.2					0.7086202646025371	0.2	0.9133333333333332	0.7136666666666667	149					52421647	52421754	52422759	52422881								52421647	52422881	2,18,4,5,0,1	8,10,6,3,5,0	8,14,34,0,26,0	0,0,2,2,1,0						0.0160551238806393	-0.162	3	+	52421647	52422881	52421647	52421754	52422759	52422881	1234	0	1212	0	True	False	0.0		1212	0	False	False	1212	True	0.0	False	1	False	ENST00000498509	ENST00000498509	ENST00000327906;ENST00000347025;ENST00000459935;ENST00000461861;ENST00000465863;ENST00000614886	False	False	False	0.0	False	CDS	CDS	UFM1_dependent
2969	ENSG00000165533	TTC8	chr14	+							2969	56,41,54	4,0,8	26,49,34	0,0,0	377	149	9.61951727851e-06	0.0001076402918828	0.847,1.0,0.727	1.0,1.0,1.0	-0.142					RI	chr14|+|88841036|88841514|88841036|88841196|88841424|88841514	0.0001076402918828	-0.142	0.858	1.0	272					88841036	88841196	88841424	88841514								88841036	88841514	16,14,32,14,10,15	24,15,17,12,39,17	16,12,5,0,0,2	4,0,8,0,0,0						2969	chr14	+							2969	32,84,21	5,3,5	54,45,39	0,6,5	377	149	0.515870456429	0.750503899391648	0.717,0.917,0.624	1.0,0.748,0.755	-0.082					0.750503899391648	-0.082	0.7526666666666667	0.8343333333333334	299					88841036	88841196	88841424	88841514								88841036	88841514	10,22,6,30,25,17	15,55,15,24,12,17	7,7,0,0,8,5	5,3,5,0,6,5						0.0001076402918828	-0.142	14	+	88841036	88841514	88841036	88841196	88841424	88841514	478	0	1780	0	True	False	1.0		1780	1	True	True	1780	True	1.0	True	1	False	ENST00000556567	ENST00000556567	ENST00000338104;ENST00000346301;ENST00000354441;ENST00000380656;ENST00000554686;ENST00000555057;ENST00000556077;ENST00000556133;ENST00000556651;ENST00000557580;ENST00000622513	False	False	False	0.0	False	3UTR	3UTR	UFM1_dependent
2997	ENSG00000188603	CLN3	chr16	-							2997	62,104,57	2,14,1	15,5,14	0,0,0	1198	149	8.55482067852e-07	1.359019699499602e-05	0.794,0.48,0.876	1.0,1.0,1.0	-0.283					RI	chr16|-|28487455|28488662|28487455|28487541|28488590|28488662	1.359019699499602e-05	-0.283	0.7166666666666667	1.0	274					28487455	28487541	28488590	28488662								28487455	28488662	9,13,1,1,0,6	8,5,6,1,5,6	45,86,50,13,0,2	2,14,1,0,0,0						2997	chr16	-							2997	52,76,30	9,7,4	23,18,11	2,2,0	1198	149	0.245125932774	0.4384820817601261	0.418,0.575,0.483	0.589,0.528,1.0	-0.214					0.4384820817601261	-0.214	0.492	0.7056666666666667	234					28487455	28487541	28488590	28488662								28487455	28488662	0,14,4,7,2,0	16,25,0,1,6,0	36,37,26,15,10,11	9,7,4,2,2,0						1.359019699499602e-05	-0.283	16	-	28487455	28488662	28487455	28487541	28488590	28488662	1207	0	5914	0	True	False	1.0		5914	1	True	True	5914	True	1.0	True	1	False	ENST00000636977	ENST00000636977	ENST00000333496;ENST00000355477;ENST00000357806;ENST00000357857;ENST00000359984;ENST00000360019;ENST00000395653;ENST00000561505;ENST00000561689;ENST00000563874;ENST00000564574;ENST00000565047;ENST00000565140;ENST00000565316;ENST00000565688;ENST00000565778;ENST00000566057;ENST00000566083;ENST00000566824;ENST00000567495;ENST00000567963;ENST00000568076;ENST00000568422;ENST00000568443;ENST00000568452;ENST00000568472;ENST00000568497;ENST00000568558;ENST00000569030;ENST00000569430;ENST00000628023;ENST00000635861;ENST00000635958;ENST00000635973;ENST00000636147;ENST00000636172;ENST00000636228;ENST00000636351;ENST00000636839;ENST00000636853;ENST00000637100;ENST00000637107;ENST00000637184;ENST00000637578;ENST00000637699;ENST00000637871;ENST00000637985	False	False	False	0.0	False	CDS	CDS	UFM1_dependent
3114	ENSG00000125755	SYMPK	chr19	-							3114	321,461,276	0,21,19	131,272,231	5,0,1	1285	149	0.00765132101439	0.0285388688930897	1.0,0.718,0.627	0.752,1.0,0.964	-0.124					RI	chr19|-|45827836|45829205|45827836|45827918|45829054|45829205	0.0285388688930897	-0.124	0.7816666666666666	0.9053333333333332	1738					45827836	45827918	45829054	45829205								45827836	45829205	24,38,41,10,8,25	46,72,67,31,66,51	251,351,168,90,198,155	0,21,19,5,0,1						3114	chr19	-							3114	270,272,364	9,0,6	216,211,198	0,6,0	1285	149	0.136579047648	0.28363166050422	0.777,1.0,0.876	1.0,0.803,1.0	-0.05					0.28363166050422	-0.05	0.8843333333333333	0.9343333333333332	1552					45827836	45827918	45829054	45829205								45827836	45829205	28,15,25,5,10,4	62,36,69,40,45,54	180,221,270,171,156,140	9,0,6,0,6,0						0.0285388688930897	-0.124	19	-	45827836	45829205	45827836	45827918	45829054	45829205	1369	0	1187	0	True	False	2.0		1187	2	True	True	1187	True	2.0	True	1	False	ENST00000593504	ENST00000593504	ENST00000245934;ENST00000599460;ENST00000599814;ENST00000600237	False	False	False	0.0	False	CDS	CDS	UFM1_dependent
3341	ENSG00000153187	HNRNPU	chr1	-							3341	497,308,376	9,19,9	598,522,818	4,2,10	1132	149	2.52349637365e-05	0.0002528444405755	0.879,0.681,0.846	0.952,0.972,0.915	-0.144					RI	chr1|-|244859274|244862381|244859274|244859374|244860357|244862381	0.0002528444405755	-0.144	0.802	0.9463333333333334	3172					244859274	244859374	244860357	244862381								244859274	244862381	68,30,25,44,55,88	225,137,192,223,196,298	204,141,159,331,271,432	9,19,9,4,2,10						3341	chr1	-							3341	237,325,485	5,8,7	589,540,649	9,1,7	1132	149	0.0491316581345	0.127341666727144	0.862,0.842,0.901	0.896,0.986,0.924	-0.067					0.127341666727144	-0.067	0.8683333333333333	0.9353333333333332	2862					244859274	244859374	244860357	244862381								244859274	244862381	8,18,33,62,43,75	142,134,257,231,183,201	87,173,195,296,314,373	5,8,7,9,1,7						0.0002528444405755	-0.144	1	-	244859274	244862381	244859274	244859374	244860357	244862381	3107	0	3651	0	True	False	0.0		3651	0	False	False	3651	True	0.0	False	1	False	ENST00000639667	ENST00000639667	ENST00000283179;ENST00000366525;ENST00000440865;ENST00000444376;ENST00000465881;ENST00000468690;ENST00000476241;ENST00000483966;ENST00000638230;ENST00000638301;ENST00000638475;ENST00000638589;ENST00000638716;ENST00000638952;ENST00000639628;ENST00000639880;ENST00000640001;ENST00000640056;ENST00000640218;ENST00000640306;ENST00000640440;ENST00000649899;ENST00000704074	False	False	False	0.0	False	Stop_Codon	Stop_Codon	UFM1_dependent
3384	ENSG00000120318	ARAP3	chr5	-							3384	256,300,226	15,29,36	269,240,302	12,9,14	402	149	0.000308467798838	0.0021087230127922	0.863,0.793,0.699	0.893,0.908,0.889	-0.112					RI	chr5|-|141661683|141662255|141661683|141661789|141662042|141662255	0.0021087230127922	-0.112	0.785	0.8966666666666667	1708					141661683	141661789	141662042	141662255								141661683	141662255	141,129,109,112,74,115	77,95,82,84,91,113	38,76,35,73,75,74	15,29,36,12,9,14						3384	chr5	-							3384	355,321,250	11,27,43	258,254,253	22,29,19	402	149	0.734137702174	0.934810548222503	0.923,0.815,0.683	0.813,0.765,0.832	0.004					0.934810548222503	0.004	0.807	0.8033333333333333	1842					141661683	141661789	141662042	141662255								141661683	141662255	159,125,138,91,87,117	101,116,73,120,114,87	95,80,39,47,53,49	11,27,43,22,29,19						0.0021087230127922	-0.112	5	-	141661683	141662255	141661683	141661789	141662042	141662255	572	0	850	0	True	False	1.0		850	1	True	True	850	True	1.0	True	1	False	ENST00000512390	ENST00000512390	ENST00000239440;ENST00000508305;ENST00000513878;ENST00000626478	False	False	False	0.0	False	3UTR	3UTR	UFM1_dependent
3417	ENSG00000173531	MST1	chr3	-							3417	1,0,0	14,5,30	0,4,11	10,24,20	227	149	2.65086370546e-05	0.0002634537478424	0.045,0.0,0.0	0.0,0.099,0.265	-0.106					RI	chr3|-|49687148|49687478|49687148|49687285|49687363|49687478	0.0002634537478424	-0.106	0.015	0.1213333333333333	119					49687148	49687285	49687363	49687478								49687148	49687478	0,0,0,0,0,0	1,0,0,0,4,11	0,0,0,0,0,0	14,5,30,10,24,20						3417	chr3	-							3417	0,2,0	11,26,9	0,6,1	5,11,8	227	149	0.00477867753547	0.0194385113658313	0.0,0.048,0.0	0.0,0.264,0.076	-0.097					0.0194385113658313	-0.097	0.016	0.1133333333333333	79					49687148	49687285	49687363	49687478								49687148	49687478	0,0,0,0,0,0	0,2,0,0,6,1	0,0,0,0,0,0	11,26,9,5,11,8						0.0002634537478424	-0.106	3	-	49687148	49687478	49687148	49687285	49687363	49687478	330	0	252	0	True	False	0.0		252	0	False	False	252	True	0.0	False	1	False	ENST00000488350	ENST00000488350	ENST00000449682;ENST00000481055;ENST00000484269;ENST00000484673;ENST00000490966;ENST00000492370;ENST00000494828	False	False	False	0.0	False	5UTR	5UTR	UFM1_dependent
3482	ENSG00000163702	IL17RC	chr3	+							3482	46,23,77	12,0,4	30,43,39	0,0,0	243	149	5.42503781764e-06	6.747734664861761e-05	0.702,1.0,0.922	1.0,1.0,1.0	-0.125					RI	chr3|+|9923880|9924291|9923880|9924137|9924231|9924291	6.747734664861761e-05	-0.125	0.8746666666666667	1.0	274					9923880	9924137	9924231	9924291								9923880	9924291	18,20,38,20,31,33	29,12,63,16,13,31	0,0,0,0,0,0	12,0,4,0,0,0						3482	chr3	+							3482	26,58,67	0,1,0	37,62,58	0,0,0	243	149	1.0	1.0	1.0,0.973,1.0	1.0,1.0,1.0	-0.009					1.0	-0.009	0.991	1.0	309					9923880	9924137	9924231	9924291								9923880	9924291	19,28,25,19,46,41	20,40,50,22,40,25	0,0,0,0,0,0	0,1,0,0,0,0						6.747734664861761e-05	-0.125	3	+	9923880	9924291	9923880	9924137	9924231	9924291	411	0	4758	0	True	False	0.0		4758	0	False	False	4758	True	0.0	False	6	False	ENST00000466046;ENST00000469686;ENST00000494365;ENST00000696817;ENST00000696820;ENST00000696821	ENST00000466046;ENST00000469686;ENST00000494365;ENST00000696817;ENST00000696820;ENST00000696821	ENST00000295981;ENST00000383812;ENST00000403601;ENST00000412901;ENST00000413608;ENST00000416074;ENST00000424206;ENST00000434756;ENST00000436503;ENST00000438091;ENST00000451165;ENST00000451231;ENST00000451271;ENST00000455057;ENST00000464406;ENST00000476810;ENST00000478206;ENST00000483582;ENST00000490512;ENST00000498214;ENST00000696815;ENST00000696816;ENST00000696818;ENST00000696819;ENST00000696822;ENST00000696823;ENST00000696824;ENST00000696825;ENST00000696826;ENST00000696827;ENST00000696828;ENST00000696829;ENST00000696830;ENST00000696832	False	False	False	0.0	False	3UTR	3UTR	UFM1_dependent
3585	ENSG00000123983	ACSL3	chr2	+							3585	78,23,48	8,0,6	98,34,41	0,0,0	1722	149	1.19246867381e-07	2.3740967233126364e-06	0.458,1.0,0.409	1.0,1.0,1.0	-0.378					RI	chr2|+|222916318|222918155|222916318|222916496|222918069|222918155	2.3740967233126364e-06	-0.378	0.6223333333333333	1.0	336					222916318	222916496	222918069	222918155								222916318	222918155	8,0,4,21,2,3	7,5,10,16,10,10	63,18,34,61,22,28	8,0,6,0,0,0						3585	chr2	+							3585	55,50,94	4,0,0	46,63,84	0,0,2	1722	149	0.237817129277	0.429607431559618	0.543,1.0,1.0	1.0,1.0,0.784	-0.08					0.429607431559618	-0.08	0.8476666666666667	0.928	398					222916318	222916496	222918069	222918155								222916318	222918155	0,0,3,4,0,2	4,19,35,5,21,15	51,31,56,37,42,67	4,0,0,0,0,2						2.3740967233126364e-06	-0.378	2	+	222916318	222918155	222916318	222916496	222918069	222918155	1837	0	6156	0	True	False	0.0		6156	0	False	False	6156	True	0.0	False	1	False	ENST00000681017	ENST00000681017	ENST00000357430;ENST00000392066;ENST00000407441;ENST00000463813;ENST00000535678;ENST00000540115;ENST00000542810;ENST00000679514;ENST00000679541;ENST00000679545;ENST00000679558;ENST00000679932;ENST00000680100;ENST00000680147;ENST00000680251;ENST00000680382;ENST00000680395;ENST00000680420;ENST00000680424;ENST00000680475;ENST00000680525;ENST00000680684;ENST00000680736;ENST00000680921;ENST00000681009;ENST00000681292;ENST00000681326;ENST00000681383;ENST00000681697;ENST00000681906	False	False	False	0.0	False	CDS	CDS	UFM1_dependent
3599	ENSG00000135924	DNAJB2	chr2	+							3599	285,382,379	54,30,38	750,635,881	56,24,46	1179	149	0.00145609532931	0.0075221369497295	0.4,0.617,0.558	0.629,0.77,0.708	-0.177					RI	chr2|+|219280577|219281771|219280577|219280687|219281717|219281771	0.0075221369497295	-0.177	0.525	0.7023333333333334	3560					219280577	219280687	219281717	219281771								219280577	219281771	19,34,50,62,35,30	40,53,21,92,96,107	226,295,308,596,504,744	54,30,38,56,24,46						3599	chr2	+							3599	400,436,507	16,19,37	639,566,805	44,41,57	1179	149	0.107542675996	0.2351376612381767	0.76,0.744,0.634	0.647,0.636,0.641	0.071					0.2351376612381767	0.071	0.7126666666666667	0.6413333333333333	3567					219280577	219280687	219281717	219281771								219280577	219281771	13,33,34,42,51,96	55,45,61,73,72,123	332,358,412,524,443,586	16,19,37,44,41,57						0.0075221369497295	-0.177	2	+	219280577	219281771	219280577	219280687	219281717	219281771	1194	0	1148	0	True	False	2.0		1148	2	True	True	1148	True	2.0	True	1	False	ENST00000477917	ENST00000477917	ENST00000336576;ENST00000392086;ENST00000392087;ENST00000421532;ENST00000425450;ENST00000439026;ENST00000442681;ENST00000463463;ENST00000480537;ENST00000481815;ENST00000485220;ENST00000487855;ENST00000683651;ENST00000684599	False	False	False	0.0	False	NonCoding	NonCoding	UFM1_dependent
3636	ENSG00000213930	GALT	chr9	+							3636	86,174,126	5,16,10	51,90,101	0,0,0	431	149	5.57691670622e-10	2.0190432541538328e-08	0.856,0.79,0.813	1.0,1.0,1.0	-0.18					RI	chr9|+|34647088|34647567|34647088|34647258|34647540|34647567	2.0190432541538328e-08	-0.18	0.8196666666666667	1.0	659					34647088	34647258	34647540	34647567								34647088	34647567	21,15,15,19,9,26	50,92,42,28,46,38	15,67,69,4,35,37	5,16,10,0,0,0						3636	chr9	+							3636	153,161,217	0,0,0	15,50,87	0,3,2	431	149	0.110984013916	0.2410041208337734	1.0,1.0,1.0	1.0,0.852,0.938	0.07					0.2410041208337734	0.07	1.0	0.93	688					34647088	34647258	34647540	34647567								34647088	34647567	51,13,59,5,16,11	57,76,109,3,20,38	45,72,49,7,14,38	0,0,0,0,3,2						2.0190432541538328e-08	-0.18	9	+	34647088	34647567	34647088	34647258	34647540	34647567	479	0	1196	0	True	False	2.0		1196	2	True	True	1196	True	2.0	True	1	False	ENST00000487381	ENST00000487381	ENST00000378842;ENST00000450095;ENST00000465543;ENST00000468099;ENST00000472111;ENST00000473506;ENST00000473529;ENST00000485531;ENST00000489643;ENST00000554085;ENST00000554139;ENST00000554330;ENST00000554550;ENST00000554638;ENST00000554897;ENST00000554944;ENST00000555020;ENST00000555086;ENST00000555214;ENST00000556157;ENST00000556244;ENST00000556403;ENST00000556494;ENST00000557541;ENST00000557706;ENST00000605275	False	False	False	0.0	False	Stop_Codon	Stop_Codon	UFM1_dependent
3656	ENSG00000072274	TFRC	chr3	-							3656	641,557,495	93,94,60	1022,944,958	103,71,100	1518	149	0.00058362337873	0.0035967623702234	0.404,0.368,0.447	0.493,0.566,0.485	-0.108					RI	chr3|-|196062581|196064428|196062581|196062939|196064308|196064428	0.0035967623702234	-0.108	0.4063333333333333	0.5146666666666666	5138					196062581	196062939	196064308	196064428								196062581	196064428	43,31,79,142,100,153	63,39,35,65,70,73	535,487,381,815,774,732	93,94,60,103,71,100						3656	chr3	-							3656	512,477,566	65,162,100	923,747,739	104,65,134	1518	149	0.0310501837712	0.0879512475582911	0.436,0.224,0.357	0.466,0.53,0.351	-0.11					0.0879512475582911	-0.11	0.3389999999999999	0.449	4594					196062581	196062939	196064308	196064428								196062581	196064428	84,43,70,62,83,41	34,38,29,80,50,64	394,396,467,781,614,634	65,162,100,104,65,134						0.0035967623702234	-0.108	3	-	196062581	196064428	196062581	196062939	196064308	196064428	1847	0	3240	0	True	False	0.0		3240	0	False	False	3240	True	0.0	False	1	False	ENST00000475593	ENST00000475593	ENST00000360110;ENST00000392396;ENST00000420415;ENST00000426789;ENST00000464368;ENST00000465288;ENST00000477148;ENST00000491658;ENST00000698274;ENST00000698275;ENST00000698277;ENST00000698278;ENST00000698279;ENST00000698280;ENST00000698281;ENST00000698282;ENST00000698283;ENST00000698284;ENST00000698285;ENST00000698286;ENST00000698287;ENST00000698288;ENST00000698289;ENST00000698290;ENST00000698291;ENST00000698292;ENST00000698293;ENST00000698294;ENST00000698295;ENST00000698296	False	False	False	0.0	False	3UTR	3UTR	UFM1_dependent
3679	ENSG00000115415	STAT1	chr2	-							3679	76,21,64	4,8,0	16,22,14	0,0,0	572	149	3.13574604199e-05	0.0003042467520487	0.832,0.406,1.0	1.0,1.0,1.0	-0.254					RI	chr2|-|190974829|190975887|190974829|190975388|190975811|190975887	0.0003042467520487	-0.254	0.746	1.0	225					190974829	190975388	190975811	190975887								190974829	190975887	19,6,48,7,10,3	17,4,3,0,7,5	40,11,13,9,5,6	4,8,0,0,0,0						3679	chr2	-							3679	30,41,27	4,0,1	12,31,39	2,1,1	572	149	0.830241989295	1.0	0.661,1.0,0.876	0.61,0.89,0.91	0.042					1.0	0.042	0.8456666666666667	0.8033333333333333	189					190974829	190975388	190975811	190975887								190974829	190975887	8,22,3,4,14,26	14,3,12,7,1,1	8,16,12,1,16,12	4,0,1,2,1,1						0.0003042467520487	-0.254	2	-	190974829	190975887	190974829	190975388	190975811	190975887	1058	0	2455	0	True	False	1.0		2455	1	True	True	2455	True	1.0	True	3	False	ENST00000698146;ENST00000698147;ENST00000698148	ENST00000698146;ENST00000698147;ENST00000698148	ENST00000361099;ENST00000392322;ENST00000392323;ENST00000409465;ENST00000415035;ENST00000423282;ENST00000452281;ENST00000540176;ENST00000673734;ENST00000673762;ENST00000673777;ENST00000673816;ENST00000673832;ENST00000673841;ENST00000673847;ENST00000673858;ENST00000673863;ENST00000673885;ENST00000673942;ENST00000673952;ENST00000674028;ENST00000674080;ENST00000674081;ENST00000674153;ENST00000698141;ENST00000698142;ENST00000698143;ENST00000698144;ENST00000698145;ENST00000698149;ENST00000698150	False	False	False	0.0	False	Stop_Codon	Stop_Codon	UFM1_dependent
3734	ENSG00000139044	B4GALNT3	chr12	+							3734	423,308,387	34,21,28	336,353,465	23,2,20	811	149	0.00620860231662	0.024202892184052	0.696,0.729,0.717	0.729,0.97,0.81	-0.122					RI	chr12|+|552466|553983|552466|552528|553190|553983	0.024202892184052	-0.122	0.714	0.8363333333333334	2400					552466	552528	553190	553983								552466	553983	54,62,33,43,75,63	77,79,83,35,56,124	292,167,271,258,222,278	34,21,28,23,2,20						3734	chr12	+							3734	264,528,505	37,47,8	381,403,379	42,26,31	811	149	0.388886018023	0.6168853855636713	0.567,0.674,0.921	0.625,0.74,0.692	0.035					0.6168853855636713	0.035	0.7206666666666667	0.6856666666666666	2651					552466	552528	553190	553983								552466	553983	27,48,70,33,47,81	77,72,118,87,90,70	160,408,317,261,266,228	37,47,8,42,26,31						0.024202892184052	-0.122	12	+	552466	553983	552466	552528	553190	553983	1517	0	1707	0	True	False	0.0		1707	0	False	False	1707	True	0.0	False	2	False	ENST00000535402;ENST00000647602	ENST00000535402;ENST00000647602	ENST00000266383;ENST00000322843	False	False	False	0.0	False	NonCoding	NonCoding	UFM1_dependent
3824	ENSG00000014914	MTMR11	chr1	-							3824	46,25,32	12,6,3	12,2,25	3,0,0	305	149	0.00681048373325	0.0260364230281811	0.652,0.671,0.839	0.661,1.0,1.0	-0.166					RI	chr1|-|149933609|149933942|149933609|149933698|149933854|149933942	0.0260364230281811	-0.166	0.7206666666666667	0.887	166					149933609	149933698	149933854	149933942								149933609	149933942	18,4,29,7,2,14	28,21,3,5,0,11	0,0,0,0,0,0	12,6,3,3,0,0						3824	chr1	-							3824	8,19,51	6,3,0	21,18,15	6,15,3	305	149	0.0654824705403	0.1607514795092974	0.394,0.756,1.0	0.631,0.37,0.71	0.146					0.1607514795092974	0.146	0.7166666666666667	0.5703333333333334	165					149933609	149933698	149933854	149933942								149933609	149933942	3,12,23,8,1,9	5,7,28,13,17,6	0,0,0,0,0,0	6,3,0,6,15,3						0.0260364230281811	-0.166	1	-	149933609	149933942	149933609	149933698	149933854	149933942	333	0	354	0	True	False	0.0		354	0	False	False	354	True	0.0	False	2	False	ENST00000482025;ENST00000492824	ENST00000482025;ENST00000492824	ENST00000369140;ENST00000439741;ENST00000466496;ENST00000482343;ENST00000493562	False	False	False	0.0	False	NonCoding	NonCoding	UFM1_dependent
3956	ENSG00000183207	RUVBL2	chr19	+							3956	477,353,482	98,86,110	240,328,410	35,45,35	570	149	5.18579871606e-05	0.0004637639831825	0.56,0.518,0.534	0.642,0.656,0.754	-0.147					RI	chr19|+|49009972|49010611|49009972|49010066|49010487|49010611	0.0004637639831825	-0.147	0.5373333333333333	0.684	2699					49009972	49010066	49010487	49010611								49009972	49010611	158,138,164,94,93,122	65,41,82,47,42,62	254,174,236,99,193,226	98,86,110,35,45,35						3956	chr19	+							3956	278,437,587	109,90,121	220,429,245	52,58,72	570	149	0.395475770492	0.6237341807263483	0.4,0.559,0.559	0.525,0.659,0.471	-0.046					0.6237341807263483	-0.046	0.506	0.5516666666666666	2698					49009972	49010066	49010487	49010611								49009972	49010611	99,100,180,62,113,67	45,79,93,18,89,45	134,258,314,140,227,133	109,90,121,52,58,72						0.0004637639831825	-0.147	19	+	49009972	49010611	49009972	49010066	49010487	49010611	639	0	872	0	True	False	2.0		872	2	True	True	872	True	2.0	True	1	False	ENST00000594338	ENST00000594338	ENST00000221413;ENST00000594017;ENST00000595090;ENST00000596247;ENST00000601968;ENST00000627972	False	False	False	0.0	False	3UTR	3UTR	UFM1_dependent
3989	ENSG00000135297	MTO1	chr6	+							3989	1,1,2	5,0,2	4,3,9	0,0,0	233	149	5.50604206462e-06	6.8346254939777e-05	0.113,1.0,0.39	1.0,1.0,1.0	-0.499					RI	chr6|+|73466208|73466606|73466208|73466408|73466492|73466606	6.8346254939777e-05	-0.499	0.501	1.0	27					73466208	73466408	73466492	73466606								73466208	73466606	0,1,1,4,1,3	1,1,2,4,2,9	0,0,0,0,0,0	5,0,2,0,0,0						3989	chr6	+							3989	19,15,6	0,0,0	6,6,0	0,9,0	233	149	1.0	1.0	1.0,1.0,1.0	1.0,0.299,NA	0.351					1.0	0.351	1.0	0.6495	61					73466208	73466408	73466492	73466606								73466208	73466606	18,13,3,6,6,0	12,14,6,3,6,0	0,0,0,0,0,0	0,0,0,0,9,0						6.8346254939777e-05	-0.499	6	+	73466208	73466606	73466208	73466408	73466492	73466606	398	0	17231	0	True	False	2.0		17231	2	True	True	17231	True	2.0	True	1	False	ENST00000680195	ENST00000680195	ENST00000370300;ENST00000370305;ENST00000370308;ENST00000415228;ENST00000415954;ENST00000442897;ENST00000445187;ENST00000462039;ENST00000485082;ENST00000487960;ENST00000498286;ENST00000518210;ENST00000521032;ENST00000521156;ENST00000522205;ENST00000523763;ENST00000524046;ENST00000679352;ENST00000679364;ENST00000679411;ENST00000679418;ENST00000679524;ENST00000679591;ENST00000679592;ENST00000679604;ENST00000679612;ENST00000679627;ENST00000679675;ENST00000679730;ENST00000679808;ENST00000679870;ENST00000679900;ENST00000679905;ENST00000679947;ENST00000679993;ENST00000680034;ENST00000680131;ENST00000680238;ENST00000680266;ENST00000680289;ENST00000680350;ENST00000680405;ENST00000680428;ENST00000680544;ENST00000680563;ENST00000680570;ENST00000680601;ENST00000680609;ENST00000680686;ENST00000680758;ENST00000680775;ENST00000680794;ENST00000680841;ENST00000680875;ENST00000680902;ENST00000681094;ENST00000681141;ENST00000681165;ENST00000681204;ENST00000681212;ENST00000681254;ENST00000681267;ENST00000681284;ENST00000681294;ENST00000681337;ENST00000681438;ENST00000681500;ENST00000681509;ENST00000681579;ENST00000681610;ENST00000681620;ENST00000681624;ENST00000681691;ENST00000681705;ENST00000681890;ENST00000681932	False	False	False	0.0	False	CDS	CDS	UFM1_dependent
3993	ENSG00000135297	MTO1	chr6	+							3993	28,54,44	1,2,8	18,60,42	0,0,2	340	149	0.000417040576835	0.0027292345967473	0.925,0.922,0.707	1.0,1.0,0.902	-0.116					RI	chr6|+|73479935|73480367|73479935|73480126|73480317|73480367	0.0027292345967473	-0.116	0.8513333333333334	0.9673333333333334	259					73479935	73480126	73480317	73480367								73479935	73480367	8,9,16,3,4,16	4,36,22,3,27,20	16,9,6,12,29,6	1,2,8,0,0,2						3993	chr6	+							3993	37,73,67	0,0,2	49,64,26	0,0,1	340	149	1.0	1.0	1.0,1.0,0.936	1.0,1.0,0.919	0.006					1.0	0.006	0.9786666666666668	0.973	319					73479935	73480126	73480317	73480367								73479935	73480367	5,14,24,17,8,8	20,51,26,12,33,18	12,8,17,20,23,0	0,0,2,0,0,1						0.0027292345967473	-0.116	6	+	73479935	73480367	73479935	73480126	73480317	73480367	432	0	5660	0	True	False	2.0		5660	2	True	True	5660	True	2.0	True	14	False	ENST00000462039;ENST00000487960;ENST00000679352;ENST00000679411;ENST00000679612;ENST00000679730;ENST00000679993;ENST00000680266;ENST00000680350;ENST00000680570;ENST00000680758;ENST00000680794;ENST00000681212;ENST00000681284	ENST00000462039;ENST00000487960;ENST00000679352;ENST00000679411;ENST00000679612;ENST00000679730;ENST00000679993;ENST00000680266;ENST00000680350;ENST00000680570;ENST00000680758;ENST00000680794;ENST00000681212;ENST00000681284	ENST00000370300;ENST00000370305;ENST00000370308;ENST00000415228;ENST00000415954;ENST00000442897;ENST00000445187;ENST00000466977;ENST00000498286;ENST00000521156;ENST00000522205;ENST00000523763;ENST00000524046;ENST00000679364;ENST00000679418;ENST00000679524;ENST00000679591;ENST00000679592;ENST00000679604;ENST00000679627;ENST00000679675;ENST00000679808;ENST00000679870;ENST00000679900;ENST00000679905;ENST00000679947;ENST00000680034;ENST00000680131;ENST00000680195;ENST00000680238;ENST00000680289;ENST00000680405;ENST00000680428;ENST00000680544;ENST00000680563;ENST00000680601;ENST00000680609;ENST00000680686;ENST00000680775;ENST00000680841;ENST00000680875;ENST00000680902;ENST00000681094;ENST00000681141;ENST00000681165;ENST00000681204;ENST00000681254;ENST00000681267;ENST00000681294;ENST00000681337;ENST00000681438;ENST00000681500;ENST00000681509;ENST00000681579;ENST00000681610;ENST00000681620;ENST00000681624;ENST00000681691;ENST00000681705;ENST00000681890;ENST00000681932	False	False	False	0.0	False	CDS	CDS	UFM1_dependent
4083	ENSG00000073584	SMARCE1	chr17	-							4083	185,110,70	91,124,136	116,102,168	64,42,94	650	149	0.00109476971851	0.0059794657893099	0.318,0.169,0.106	0.294,0.358,0.291	-0.117					RI	chr17|-|40630713|40632367|40630713|40631693|40632194|40632367	0.0059794657893099	-0.117	0.1976666666666666	0.3143333333333333	1302					40630713	40631693	40632194	40632367								40630713	40632367	66,39,22,39,19,50	13,4,13,8,12,22	106,67,35,69,71,96	91,124,136,64,42,94						4083	chr17	-							4083	90,98,135	75,93,97	102,101,129	46,68,86	650	149	0.0358292214468	0.0986651474314752	0.216,0.195,0.242	0.337,0.254,0.256	-0.065					0.0986651474314752	-0.065	0.2176666666666666	0.2823333333333333	1120					40630713	40631693	40632194	40632367								40630713	40632367	37,17,41,49,22,54	17,21,28,14,16,11	36,60,66,39,63,64	75,93,97,46,68,86						0.0059794657893099	-0.117	17	-	40630713	40632367	40630713	40631693	40632194	40632367	1654	0	9440	0	True	False	2.0		9440	2	True	True	9440	True	2.0	True	3	False	ENST00000642576;ENST00000646401;ENST00000646448	ENST00000642576;ENST00000646401;ENST00000646448	ENST00000264640;ENST00000348513;ENST00000377808;ENST00000400122;ENST00000431889;ENST00000447024;ENST00000469334;ENST00000478349;ENST00000578044;ENST00000578112;ENST00000580419;ENST00000580654;ENST00000642459;ENST00000643030;ENST00000643318;ENST00000643378;ENST00000643580;ENST00000643683;ENST00000643893;ENST00000644443;ENST00000644523;ENST00000644527;ENST00000644701;ENST00000644909;ENST00000645104;ENST00000645152;ENST00000645227;ENST00000645478;ENST00000645663;ENST00000646242;ENST00000646283;ENST00000646482;ENST00000646856;ENST00000647294;ENST00000647508;ENST00000647515	False	False	False	0.0	False	CDS	CDS	UFM1_dependent
4183	ENSG00000064703	DDX20	chr1	+							4183	31,35,57	52,54,122	39,22,31	27,22,40	272	149	0.00450722196424	0.018863423083602	0.246,0.262,0.204	0.442,0.354,0.298	-0.127					RI	chr1|+|111760705|111763007|111760705|111762782|111762905|111763007	0.018863423083602	-0.127	0.2373333333333333	0.3646666666666666	532					111760705	111762782	111762905	111763007								111760705	111763007	4,0,4,1,1,2	27,35,52,38,21,29	0,0,1,0,0,0	52,54,122,27,22,40						4183	chr1	+							4183	23,26,28	36,39,110	13,25,37	26,45,39	272	149	0.123624627809	0.2614953160555345	0.259,0.268,0.122	0.215,0.233,0.342	-0.047					0.2614953160555345	-0.047	0.2163333333333333	0.2633333333333333	447					111760705	111762782	111762905	111763007								111760705	111763007	4,0,0,0,0,0	19,26,28,13,25,37	0,0,0,0,0,0	36,39,110,26,45,39						0.018863423083602	-0.127	1	+	111760705	111763007	111760705	111762782	111762905	111763007	2302	0	3242	0	True	False	2.0		3242	2	True	True	3242	True	2.0	True	2	False	ENST00000475700;ENST00000679498	ENST00000475700;ENST00000679498	ENST00000369702;ENST00000524894;ENST00000533164;ENST00000534200;ENST00000679381;ENST00000679576;ENST00000679724;ENST00000679774;ENST00000680038;ENST00000680317;ENST00000680383;ENST00000680415;ENST00000680518;ENST00000680627;ENST00000680936;ENST00000680983;ENST00000681529;ENST00000681559;ENST00000681747	False	False	False	0.0	False	3UTR	3UTR	UFM1_dependent
4272	ENSG00000009830	POMT2	chr14	-							4272	110,112,122	12,10,7	69,118,116	1,0,0	262	149	2.98423807887e-09	8.970268578250411e-08	0.839,0.864,0.908	0.975,1.0,1.0	-0.121					RI	chr14|-|77283796|77285041|77283796|77283987|77284100|77285041	8.970268578250411e-08	-0.121	0.8703333333333333	0.9916666666666668	677					77283796	77283987	77284100	77285041								77283796	77285041	60,57,77,42,71,78	60,60,53,33,60,51	0,0,0,0,0,0	12,10,7,1,0,0						4272	chr14	-							4272	54,96,190	0,4,19	79,54,132	4,2,17	262	149	0.425387972421	0.6560056091548567	1.0,0.932,0.85	0.918,0.939,0.815	0.037					0.6560056091548567	0.037	0.9273333333333332	0.8906666666666666	651					77283796	77283987	77284100	77285041								77283796	77285041	48,72,126,46,24,76	22,39,71,40,32,60	0,0,0,0,0,0	0,4,19,4,2,17						8.970268578250411e-08	-0.121	14	-	77283796	77285041	77283796	77283987	77284100	77285041	1245	0	1115	0	True	False	2.0		1115	2	True	True	1115	True	2.0	True	1	False	ENST00000682382	ENST00000682382	ENST00000261534;ENST00000452340;ENST00000554564;ENST00000554767;ENST00000554884;ENST00000555134;ENST00000556171;ENST00000556394;ENST00000682247;ENST00000682395;ENST00000682459;ENST00000682467;ENST00000682560;ENST00000682729;ENST00000682795;ENST00000682891;ENST00000682895;ENST00000682925;ENST00000682955;ENST00000683188;ENST00000683380;ENST00000683585;ENST00000683801;ENST00000683828;ENST00000684009;ENST00000684259;ENST00000684444;ENST00000684549	False	False	False	0.0	False	3UTR	3UTR	UFM1_dependent
4305	ENSG00000117054	ACADM	chr1	+							4305	75,110,85	0,0,9	55,62,49	0,0,0	2017	149	0.00161312760402	0.008161467382715	1.0,1.0,0.411	1.0,1.0,1.0	-0.196					RI	chr1|+|75732852|75734871|75732852|75732922|75734790|75734871	0.008161467382715	-0.196	0.8036666666666666	1.0	445					75732852	75732922	75734790	75734871								75732852	75734871	10,2,14,11,0,7	4,4,6,0,0,5	61,104,65,44,62,37	0,0,9,0,0,0						4305	chr1	+							4305	100,90,107	0,5,3	52,77,79	0,2,1	2017	149	0.047358896265	0.123542278420879	1.0,0.571,0.725	1.0,0.74,0.854	-0.099					0.123542278420879	-0.099	0.7653333333333333	0.8646666666666667	516					75732852	75732922	75734790	75734871								75732852	75734871	7,3,5,2,0,0	3,2,9,1,0,3	90,85,93,49,77,76	0,5,3,0,2,1						0.008161467382715	-0.196	1	+	75732852	75734871	75732852	75732922	75734790	75734871	2019	0	3927	0	True	False	0.0		3927	0	False	False	3927	True	0.0	False	6	False	ENST00000473018;ENST00000679615;ENST00000680166;ENST00000681680;ENST00000681913;ENST00000681930	ENST00000473018;ENST00000679615;ENST00000680166;ENST00000681680;ENST00000681913;ENST00000681930	ENST00000370834;ENST00000370841;ENST00000420607;ENST00000525808;ENST00000525881;ENST00000526129;ENST00000526196;ENST00000526930;ENST00000529059;ENST00000530953;ENST00000532509;ENST00000534146;ENST00000534334;ENST00000541113;ENST00000679509;ENST00000679530;ENST00000679687;ENST00000679704;ENST00000679709;ENST00000679804;ENST00000679976;ENST00000680517;ENST00000680582;ENST00000680613;ENST00000680662;ENST00000680691;ENST00000680694;ENST00000680743;ENST00000680749;ENST00000680798;ENST00000680805;ENST00000680844;ENST00000680948;ENST00000680964;ENST00000681037;ENST00000681063;ENST00000681209;ENST00000681278;ENST00000681289;ENST00000681361;ENST00000681430;ENST00000681446;ENST00000681450;ENST00000681548;ENST00000681616;ENST00000681621;ENST00000681720;ENST00000681730;ENST00000681790;ENST00000681837;ENST00000681916	False	False	False	0.0	False	CDS	CDS	UFM1_dependent
4326	ENSG00000152332	UHMK1	chr1	+							4326	6,7,1	13,10,22	16,27,18	15,8,25	814	149	0.00015389495713	0.0011781321811749	0.078,0.114,0.008	0.163,0.382,0.116	-0.154					RI	chr1|+|162499954|162501104|162499954|162500247|162500912|162501104	0.0011781321811749	-0.154	0.0666666666666666	0.2203333333333333	168					162499954	162500247	162500912	162501104								162499954	162501104	0,1,0,1,0,3	3,0,0,5,11,6	3,6,1,10,16,9	13,10,22,15,8,25						4326	chr1	+							4326	24,16,16	49,5,42	27,62,3	33,0,46	814	149	0.363602656941	0.5872088659696677	0.082,0.369,0.065	0.13,1.0,0.012	-0.209					0.5872088659696677	-0.209	0.172	0.3806666666666666	323					162499954	162500247	162500912	162501104								162499954	162501104	2,0,0,2,10,0	0,0,8,0,0,3	22,16,8,25,52,0	49,5,42,33,0,46						0.0011781321811749	-0.154	1	+	162499954	162501104	162499954	162500247	162500912	162501104	1150	0	1455	0	True	False	0.0		1455	0	False	False	1455	True	0.0	False	1	False	ENST00000282169	ENST00000282169	ENST00000489294;ENST00000538489;ENST00000545294	False	False	False	0.0	False	NonCoding	NonCoding	UFM1_dependent
4404	ENSG00000132155	RAF1	chr3	-							4404	149,122,198	105,126,117	169,149,154	59,44,85	882	149	6.41872625696e-05	0.0005598809304079	0.193,0.141,0.222	0.326,0.364,0.234	-0.123					RI	chr3|-|12590797|12591792|12590797|12590974|12591707|12591792	0.0005598809304079	-0.123	0.1853333333333333	0.308	1477					12590797	12590974	12591707	12591792								12590797	12591792	24,6,39,13,10,19	34,26,26,10,10,2	91,90,133,146,129,133	105,126,117,59,44,85						4404	chr3	-							4404	238,105,173	75,107,184	119,77,123	65,106,109	882	149	0.331022314908	0.5473832857966626	0.349,0.142,0.137	0.236,0.109,0.16	0.041					0.5473832857966626	0.041	0.2093333333333333	0.1683333333333333	1481					12590797	12590974	12591707	12591792								12590797	12591792	18,6,25,6,10,2	17,9,23,4,9,5	203,90,125,109,58,116	75,107,184,65,106,109						0.0005598809304079	-0.123	3	-	12590797	12591792	12590797	12590974	12591707	12591792	995	0	4536	0	True	False	0.0		4536	0	False	False	4536	True	0.0	False	1	False	ENST00000690625	ENST00000690625	ENST00000251849;ENST00000423275;ENST00000432427;ENST00000442415;ENST00000460610;ENST00000465826;ENST00000475353;ENST00000491290;ENST00000494557;ENST00000684903;ENST00000685348;ENST00000685437;ENST00000685653;ENST00000685738;ENST00000686409;ENST00000686455;ENST00000686762;ENST00000687257;ENST00000687326;ENST00000687486;ENST00000687505;ENST00000687923;ENST00000687940;ENST00000688269;ENST00000688326;ENST00000688444;ENST00000688543;ENST00000688625;ENST00000688803;ENST00000688914;ENST00000689097;ENST00000689389;ENST00000689418;ENST00000689481;ENST00000689540;ENST00000689876;ENST00000689914;ENST00000690397;ENST00000690460;ENST00000690585;ENST00000691396;ENST00000691724;ENST00000691779;ENST00000691888;ENST00000691899;ENST00000692069;ENST00000692093;ENST00000692311;ENST00000692558;ENST00000692773;ENST00000692830;ENST00000693069;ENST00000693312;ENST00000693664;ENST00000693705	False	False	False	0.0	False	3UTR	3UTR	UFM1_dependent
4428	ENSG00000179364	PACS2	chr14	+							4428	190,87,218	32,31,24	173,218,279	5,15,17	988	149	5.92796755837e-05	0.0005192899581132	0.472,0.297,0.578	0.839,0.687,0.712	-0.297					RI	chr14|+|105383358|105384463|105383358|105383513|105384352|105384463	0.0005192899581132	-0.297	0.4489999999999999	0.746	1289					105383358	105383513	105384352	105384463								105383358	105384463	3,16,7,12,21,24	12,12,13,46,20,54	175,59,198,115,177,201	32,31,24,5,15,17						4428	chr14	+							4428	132,204,300	22,11,16	235,197,197	6,10,21	988	149	0.339119884897	0.5583509347791469	0.475,0.737,0.739	0.855,0.748,0.586	-0.079					0.5583509347791469	-0.079	0.6503333333333333	0.7296666666666667	1351					105383358	105383513	105384352	105384463								105383358	105384463	18,22,19,22,5,11	13,36,21,23,31,26	101,146,260,190,161,160	22,11,16,6,10,21						0.0005192899581132	-0.297	14	+	105383358	105384463	105383358	105383513	105384352	105384463	1105	0	1330	0	True	False	1.0		1330	1	True	True	1330	True	1.0	True	1	False	ENST00000551692	ENST00000551692	ENST00000325438;ENST00000430725;ENST00000447393;ENST00000547217;ENST00000547903;ENST00000551743;ENST00000685365;ENST00000686173;ENST00000686461;ENST00000693530	False	False	False	0.0	False	3UTR	3UTR	UFM1_dependent
4480	ENSG00000115211	EIF2B4	chr2	-							4480	97,136,93	119,146,116	61,59,57	40,28,57	475	149	0.0069614410832	0.0264811145919245	0.204,0.226,0.201	0.324,0.398,0.239	-0.11					RI	chr2|-|27369413|27369919|27369413|27369549|27369875|27369919	0.0264811145919245	-0.11	0.2103333333333333	0.3203333333333333	1009					27369413	27369549	27369875	27369919								27369413	27369919	57,84,41,34,20,29	22,27,23,5,13,20	18,25,29,22,26,8	119,146,116,40,28,57						4480	chr2	-							4480	129,66,168	127,141,137	53,86,62	67,66,54	475	149	0.246132494428	0.4395015179925168	0.242,0.128,0.278	0.199,0.29,0.265	-0.035					0.4395015179925168	-0.035	0.216	0.2513333333333333	1156					27369413	27369549	27369875	27369919								27369413	27369919	64,22,65,22,32,40	31,18,39,18,33,9	34,26,64,13,21,13	127,141,137,67,66,54						0.0264811145919245	-0.11	2	-	27369413	27369919	27369413	27369549	27369875	27369919	506	0	900	0	True	False	0.0		900	0	False	False	900	True	0.0	False	1	False	ENST00000462749	ENST00000462749	ENST00000347454;ENST00000405940;ENST00000418146;ENST00000445933;ENST00000451130;ENST00000475582;ENST00000493344	False	False	False	0.0	False	3UTR	3UTR	UFM1_dependent
4519	ENSG00000115282	TTC31	chr2	+							4519	18,12,25	52,91,100	31,13,17	29,18,64	232	149	0.00242731428663	0.0114416621704532	0.182,0.078,0.138	0.407,0.317,0.146	-0.157					RI	chr2|+|74492003|74494559|74492003|74492055|74492138|74494559	0.0114416621704532	-0.157	0.1326666666666666	0.29	470					74492003	74492055	74492138	74494559								74492003	74494559	12,5,22,12,6,9	6,10,6,23,10,8	0,0,0,0,0,0	52,91,100,29,18,64						4519	chr2	+							4519	15,13,25	41,94,129	17,5,10	42,15,74	232	149	0.575396168553	0.8040938243064385	0.19,0.082,0.111	0.206,0.176,0.08	-0.026					0.8040938243064385	-0.026	0.1276666666666666	0.154	480					74492003	74492055	74492138	74494559								74492003	74494559	4,3,6,13,5,5	11,10,21,6,1,6	0,0,0,0,0,0	41,94,129,42,15,74						0.0114416621704532	-0.157	2	+	74492003	74494559	74492003	74492055	74492138	74494559	2556	0	1496	0	True	False	2.0		1496	2	True	True	1496	True	2.0	True	1	False	ENST00000489152	ENST00000489152	ENST00000233623;ENST00000410003;ENST00000414247;ENST00000424122;ENST00000442235;ENST00000449459;ENST00000464241;ENST00000487623;ENST00000491252	False	False	False	0.0	False	3UTR	3UTR	UFM1_dependent
4538	ENSG00000169714	CNBP	chr3	-							4538	358,307,518	73,111,143	411,431,513	53,88,98	317	149	0.00295993076754	0.0134148525251701	0.697,0.565,0.63	0.785,0.697,0.711	-0.1					RI	chr3|-|129171078|129171538|129171078|129171277|129171445|129171538	0.0134148525251701	-0.1	0.6306666666666666	0.731	3104					129171078	129171277	129171445	129171538								129171078	129171538	158,132,270,171,200,197	150,147,203,193,172,249	50,28,45,47,59,67	73,111,143,53,88,98						4538	chr3	-							4538	245,337,496	72,203,124	379,336,355	100,60,93	317	149	0.0420350388754	0.1123228317559914	0.615,0.438,0.653	0.64,0.725,0.642	-0.1					0.1123228317559914	-0.1	0.5686666666666667	0.669	2800					129171078	129171277	129171445	129171538								129171078	129171538	111,121,235,195,132,158	116,188,220,137,141,146	18,28,41,47,63,51	72,203,124,100,60,93						0.0134148525251701	-0.1	3	-	129171078	129171538	129171078	129171277	129171445	129171538	460	0	2234	0	True	False	2.0		2234	2	True	True	2234	True	2.0	True	1	False	ENST00000502372	ENST00000502372	ENST00000422453;ENST00000441626;ENST00000446936;ENST00000451728;ENST00000500450;ENST00000502976;ENST00000504813;ENST00000507573;ENST00000512338	False	False	False	0.0	False	CDS	CDS	UFM1_dependent
4553	ENSG00000116337	AMPD2	chr1	+							4553	172,172,154	23,19,26	32,47,58	0,2,4	458	149	0.000585988786974	0.003607714098117	0.709,0.747,0.658	1.0,0.884,0.825	-0.198					RI	chr1|+|109629326|109629916|109629326|109629486|109629795|109629916	0.003607714098117	-0.198	0.7046666666666667	0.903	709					109629326	109629486	109629795	109629916								109629326	109629916	26,66,66,10,21,8	15,24,35,2,5,6	131,82,53,20,21,44	23,19,26,0,2,4						4553	chr1	+							4553	111,172,126	14,6,3	47,22,77	5,1,11	458	149	0.112527647144	0.2436552388320602	0.721,0.903,0.932	0.754,0.877,0.695	0.077					0.2436552388320602	0.077	0.852	0.7753333333333333	595					109629326	109629486	109629795	109629916								109629326	109629916	24,71,55,6,3,15	32,37,20,6,6,3	55,64,51,35,13,59	14,6,3,5,1,11						0.003607714098117	-0.198	1	+	109629326	109629916	109629326	109629486	109629795	109629916	590	0	3222	0	True	False	0.0		3222	0	False	False	3222	True	0.0	False	1	False	ENST00000681834	ENST00000681834	ENST00000256578;ENST00000342115;ENST00000358729;ENST00000369840;ENST00000467071;ENST00000474459;ENST00000476688;ENST00000479919;ENST00000486282;ENST00000524975;ENST00000525415;ENST00000526301;ENST00000527846;ENST00000528454;ENST00000528667;ENST00000531203;ENST00000531734;ENST00000532851;ENST00000533132;ENST00000652975;ENST00000654851;ENST00000655992;ENST00000659122;ENST00000663749;ENST00000667949;ENST00000668421;ENST00000679379;ENST00000679593;ENST00000679880;ENST00000679892;ENST00000679981;ENST00000680132;ENST00000680148;ENST00000680170;ENST00000680192;ENST00000680519;ENST00000680531;ENST00000680820;ENST00000680832;ENST00000680929;ENST00000681108;ENST00000681121;ENST00000681132;ENST00000681181;ENST00000681218;ENST00000681246;ENST00000681496;ENST00000681862	False	False	False	0.0	False	CDS	CDS	UFM1_dependent
4564	ENSG00000122966	CIT	chr12	-							4564	608,445,776	21,15,51	648,693,923	17,5,11	1706	149	1.37232555363e-05	0.000147117138022	0.717,0.722,0.571	0.769,0.924,0.88	-0.188					RI	chr12|-|119710539|119712347|119710539|119710620|119712177|119712347	0.000147117138022	-0.188	0.6699999999999999	0.8576666666666667	4213					119710539	119710620	119712177	119712347								119710539	119712347	51,33,118,80,30,58	68,44,73,52,84,93	489,368,585,516,579,772	21,15,51,17,5,11						4564	chr12	-							4564	554,660,645	43,19,34	791,678,619	9,22,25	1706	149	0.0206243103188	0.0635460255179761	0.529,0.752,0.624	0.885,0.729,0.684	-0.131					0.0635460255179761	-0.131	0.635	0.766	4099					119710539	119710620	119712177	119712347								119710539	119712347	38,47,45,82,61,35	62,65,49,118,65,57	454,548,551,591,552,527	43,19,34,9,22,25						0.000147117138022	-0.188	12	-	119710539	119712347	119710539	119710620	119712177	119712347	1808	0	2161	0	True	False	1.0		2161	1	True	True	2161	True	1.0	True	2	False	ENST00000545913;ENST00000678236	ENST00000545913;ENST00000678236	ENST00000261833;ENST00000392520;ENST00000392521;ENST00000537607;ENST00000538073;ENST00000543239;ENST00000543324;ENST00000544800;ENST00000676693;ENST00000676833;ENST00000676849;ENST00000677438;ENST00000677738;ENST00000677742;ENST00000677812;ENST00000677849;ENST00000677993;ENST00000678087;ENST00000678494;ENST00000678652;ENST00000678677;ENST00000679120;ENST00000679249;ENST00000679285	False	False	False	0.0	False	3UTR	3UTR	UFM1_dependent
4568	ENSG00000122966	CIT	chr12	-							4568	51,25,10	45,41,31	63,60,40	12,25,19	1765	149	1.8965876647e-08	4.422005916327149e-07	0.087,0.049,0.027	0.307,0.168,0.151	-0.154					RI	chr12|-|119718698|119720585|119718698|119718861|119720477|119720585	4.422005916327149e-07	-0.154	0.0543333333333333	0.2086666666666666	422					119718698	119718861	119720477	119720585								119718698	119720585	19,0,0,14,3,3	2,0,0,4,1,8	30,25,10,45,56,29	45,41,31,12,25,19						4568	chr12	-							4568	11,68,47	32,16,17	29,46,64	23,23,4	1765	149	0.243675861406	0.436818042730423	0.028,0.264,0.189	0.096,0.144,0.575	-0.111					0.436818042730423	-0.111	0.1603333333333333	0.2716666666666666	380					119718698	119718861	119720477	119720585								119718698	119720585	5,0,0,0,2,1	0,3,3,0,4,0	6,65,44,29,40,63	32,16,17,23,23,4						4.422005916327149e-07	-0.154	12	-	119718698	119720585	119718698	119718861	119720477	119720585	1887	0	2174	0	True	False	2.0		2174	2	True	True	2174	True	2.0	True	2	False	ENST00000545913;ENST00000678236	ENST00000545913;ENST00000678236	ENST00000261833;ENST00000392520;ENST00000392521;ENST00000536325;ENST00000537607;ENST00000543324;ENST00000544588;ENST00000676693;ENST00000676833;ENST00000676849;ENST00000677438;ENST00000677738;ENST00000677812;ENST00000677849;ENST00000677993;ENST00000678087;ENST00000678494;ENST00000678652;ENST00000678677;ENST00000679120;ENST00000679249;ENST00000679285	False	False	False	0.0	False	3UTR	3UTR	UFM1_dependent
4600	ENSG00000121940	CLCC1	chr1	-							4600	76,68,85	9,7,27	125,78,93	2,0,15	1040	149	0.00464681480476	0.0193040015599148	0.547,0.582,0.311	0.9,1.0,0.47	-0.31					RI	chr1|-|108962308|108963453|108962308|108962469|108963360|108963453	0.0193040015599148	-0.31	0.48	0.79	585					108962308	108962469	108963360	108963453								108962308	108963453	12,7,21,50,16,24	3,20,0,30,26,19	61,41,64,45,36,50	9,7,27,2,0,15						4600	chr1	-							4600	39,126,88	0,1,2	63,99,49	1,3,0	1040	149	0.485635164448	0.7203772318761137	1.0,0.948,0.863	0.9,0.825,1.0	0.029					0.7203772318761137	0.029	0.937	0.9083333333333332	471					108962308	108962469	108963360	108963453								108962308	108963453	12,28,12,1,20,16	3,10,24,23,36,15	24,88,52,39,43,18	0,1,2,1,3,0						0.0193040015599148	-0.31	1	-	108962308	108963453	108962308	108962469	108963360	108963453	1145	0	0	0	False	False			0	0		False	0	False			1	False	ENST00000676306	ENST00000676306	ENST00000302500;ENST00000356970;ENST00000369968;ENST00000369969;ENST00000369970;ENST00000674527;ENST00000674561;ENST00000674849;ENST00000674992;ENST00000675001;ENST00000675018;ENST00000675128;ENST00000675508;ENST00000675571;ENST00000675584;ENST00000675650;ENST00000675654;ENST00000675790;ENST00000675956;ENST00000676059;ENST00000676391;ENST00000676392;ENST00000676454;ENST00000685014;ENST00000685104;ENST00000685497;ENST00000685540;ENST00000685628;ENST00000685791;ENST00000686078;ENST00000686434;ENST00000686576;ENST00000686776;ENST00000686821;ENST00000687099;ENST00000687134;ENST00000687226;ENST00000687328;ENST00000687449;ENST00000687591;ENST00000687646;ENST00000687734;ENST00000687865;ENST00000687998;ENST00000688070;ENST00000688168;ENST00000688285;ENST00000688610;ENST00000688778;ENST00000689103;ENST00000689189;ENST00000689351;ENST00000689359;ENST00000689479;ENST00000689991;ENST00000690509;ENST00000690756;ENST00000690781;ENST00000690874;ENST00000691342;ENST00000691513;ENST00000691556;ENST00000691731;ENST00000691777;ENST00000691876;ENST00000692342;ENST00000692404;ENST00000692511;ENST00000692584;ENST00000692732;ENST00000692775;ENST00000692795;ENST00000693089;ENST00000693336;ENST00000693673	False	False	False	0.0	False	5UTR	5UTR	UFM1_dependent
4601	ENSG00000121940	CLCC1	chr1	-							4601	76,68,85	0,8,0	129,78,93	0,0,0	1060	149	0.00124126480762	0.0066071491322272	1.0,0.544,1.0	1.0,1.0,1.0	-0.152					RI	chr1|-|108962308|108963467|108962308|108962469|108963380|108963467	0.0066071491322272	-0.152	0.848	1.0	537					108962308	108962469	108963380	108963467								108962308	108963467	12,7,21,50,16,24	0,20,0,33,24,19	64,41,64,46,38,50	0,8,0,0,0,0						4601	chr1	-							4601	39,126,104	0,0,4	63,101,49	0,0,0	1060	149	0.321883210448	0.5373805227121915	1.0,1.0,0.785	1.0,1.0,1.0	-0.072					0.5373805227121915	-0.072	0.9283333333333332	1.0	486					108962308	108962469	108963380	108963467								108962308	108963467	12,28,12,1,20,16	3,10,31,23,38,15	24,88,61,39,43,18	0,0,4,0,0,0						0.0066071491322272	-0.152	1	-	108962308	108963467	108962308	108962469	108963380	108963467	1159	0	0	0	False	False			0	0		False	0	False			1	False	ENST00000689103	ENST00000689103	ENST00000302500;ENST00000356970;ENST00000369968;ENST00000369969;ENST00000369970;ENST00000674527;ENST00000674561;ENST00000674849;ENST00000674992;ENST00000675001;ENST00000675018;ENST00000675128;ENST00000675508;ENST00000675571;ENST00000675584;ENST00000675650;ENST00000675654;ENST00000675790;ENST00000675956;ENST00000676059;ENST00000676306;ENST00000676391;ENST00000676392;ENST00000676454;ENST00000685014;ENST00000685104;ENST00000685497;ENST00000685540;ENST00000685628;ENST00000685791;ENST00000686078;ENST00000686434;ENST00000686576;ENST00000686776;ENST00000686821;ENST00000687099;ENST00000687134;ENST00000687226;ENST00000687328;ENST00000687449;ENST00000687591;ENST00000687646;ENST00000687734;ENST00000687865;ENST00000687998;ENST00000688070;ENST00000688168;ENST00000688285;ENST00000688610;ENST00000688778;ENST00000689189;ENST00000689351;ENST00000689359;ENST00000689479;ENST00000689991;ENST00000690509;ENST00000690756;ENST00000690781;ENST00000690874;ENST00000691342;ENST00000691513;ENST00000691556;ENST00000691731;ENST00000691777;ENST00000691876;ENST00000692342;ENST00000692404;ENST00000692511;ENST00000692584;ENST00000692732;ENST00000692775;ENST00000692795;ENST00000693089;ENST00000693336;ENST00000693673	False	False	False	0.0	False	5UTR	5UTR	UFM1_dependent
4681	ENSG00000124155	PIGT	chr20	+							4681	484,316,330	98,164,138	283,359,353	49,76,54	838	149	0.000814335030042	0.0047331776343294	0.468,0.255,0.298	0.507,0.456,0.538	-0.16					RI	chr20|+|45420527|45421583|45420527|45420693|45421382|45421583	0.0047331776343294	-0.16	0.3403333333333333	0.5003333333333333	2704					45420527	45420693	45421382	45421583								45420527	45421583	83,89,69,49,61,61	80,26,82,70,50,60	321,201,179,164,248,232	98,164,138,49,76,54						4681	chr20	+							4681	318,363,388	130,258,137	222,240,200	76,61,67	838	149	0.00555051433156	0.0219800367529776	0.303,0.2,0.335	0.342,0.412,0.347	-0.088					0.0219800367529776	-0.088	0.2793333333333333	0.367	2460					45420527	45420693	45421382	45421583								45420527	45421583	62,107,106,71,48,42	57,41,58,12,35,26	199,215,224,139,157,132	130,258,137,76,61,67						0.0047331776343294	-0.16	20	+	45420527	45421583	45420527	45420693	45421382	45421583	1056	0	9048	0	True	False	0.0		9048	0	False	False	9048	True	0.0	False	2	False	ENST00000639250;ENST00000640364	ENST00000639250;ENST00000640364	ENST00000279035;ENST00000279036;ENST00000372689;ENST00000424705;ENST00000432270;ENST00000455050;ENST00000543458;ENST00000545755;ENST00000638246;ENST00000638277;ENST00000638353;ENST00000638383;ENST00000638387;ENST00000638415;ENST00000638445;ENST00000638478;ENST00000638489;ENST00000638537;ENST00000638594;ENST00000638612;ENST00000638641;ENST00000638671;ENST00000638689;ENST00000638691;ENST00000638710;ENST00000638714;ENST00000638745;ENST00000638927;ENST00000638938;ENST00000638962;ENST00000638978;ENST00000639235;ENST00000639239;ENST00000639286;ENST00000639292;ENST00000639382;ENST00000639417;ENST00000639499;ENST00000639664;ENST00000639783;ENST00000639872;ENST00000639932;ENST00000639984;ENST00000640107;ENST00000640108;ENST00000640175;ENST00000640194;ENST00000640210;ENST00000640272;ENST00000640324;ENST00000640542;ENST00000640549;ENST00000640585;ENST00000640649;ENST00000640666;ENST00000640692;ENST00000640940;ENST00000640986;ENST00000640996;ENST00000689203;ENST00000692236	False	False	False	0.0	False	3UTR	3UTR	UFM1_dependent
4684	ENSG00000121022	COPS5	chr8	-							4684	2683,2605,2746	40,85,86	2111,2314,2845	28,11,21	2643	149	5.91004389872e-08	1.2627313305557853e-06	0.791,0.633,0.643	0.81,0.922,0.884	-0.183					RI	chr8|-|67043081|67045960|67043081|67043317|67045811|67045960	1.2627313305557853e-06	-0.183	0.6890000000000001	0.872	15575					67043081	67043317	67045811	67045960								67043081	67045960	137,92,76,60,76,50	133,105,137,103,125,137	2413,2408,2533,1948,2113,2658	40,85,86,28,11,21						4684	chr8	-							4684	1809,2553,3075	22,69,47	2010,2070,2515	10,31,50	2643	149	0.136706775605	0.2837017930854278	0.823,0.676,0.787	0.919,0.79,0.739	-0.054					0.2837017930854278	-0.054	0.762	0.8160000000000001	14261					67043081	67043317	67045811	67045960								67043081	67045960	42,72,117,25,68,75	96,93,150,115,116,114	1671,2388,2808,1870,1886,2326	22,69,47,10,31,50						1.2627313305557853e-06	-0.183	8	-	67043081	67045960	67043081	67043317	67045811	67045960	2879	0	231	0	True	False	0.0		231	0	False	False	231	True	0.0	False	1	False	ENST00000521386	ENST00000521386	ENST00000357849;ENST00000517736;ENST00000518374;ENST00000521509;ENST00000523086;ENST00000523890	False	False	False	0.0	False	3UTR	3UTR	UFM1_dependent
4708	ENSG00000135047	CTSL	chr9	+							4708	238,148,240	773,1391,1099	244,261,410	519,538,764	249	149	0.0	0.0	0.156,0.06,0.116	0.22,0.225,0.243	-0.119					RI	chr9|+|87728026|87728396|87728026|87728149|87728249|87728396	0.0	-0.119	0.1106666666666666	0.2293333333333333	6625					87728026	87728149	87728249	87728396								87728026	87728396	129,94,139,150,152,236	138,84,146,137,138,249	0,0,0,4,0,0	773,1391,1099,519,538,764						4708	chr9	+							4708	191,268,294	668,2005,1170	138,255,292	632,660,706	249	149	1.26870482573e-05	0.0001344159375891	0.146,0.074,0.131	0.116,0.188,0.198	-0.05					0.0001344159375891	-0.05	0.1169999999999999	0.1673333333333333	7279					87728026	87728149	87728249	87728396								87728026	87728396	122,151,171,75,162,169	77,139,181,82,144,178	0,0,0,0,0,0	668,2005,1170,632,660,706						0.0	-0.119	9	+	87728026	87728396	87728026	87728149	87728249	87728396	370	0	5799	0	True	False	0.0		5799	0	False	False	5799	True	0.0	False	2	False	ENST00000676576;ENST00000679252	ENST00000676576;ENST00000679252	ENST00000340342;ENST00000342020;ENST00000343150;ENST00000375894;ENST00000482054;ENST00000495822;ENST00000676466;ENST00000676480;ENST00000676531;ENST00000676769;ENST00000676881;ENST00000676909;ENST00000676946;ENST00000676961;ENST00000677019;ENST00000677262;ENST00000677345;ENST00000677349;ENST00000677523;ENST00000677615;ENST00000677638;ENST00000677761;ENST00000677821;ENST00000677864;ENST00000677935;ENST00000677955;ENST00000678259;ENST00000678367;ENST00000678442;ENST00000678596;ENST00000678599;ENST00000678649;ENST00000678654;ENST00000678752;ENST00000678965;ENST00000679025;ENST00000679028;ENST00000679030;ENST00000679141;ENST00000679149;ENST00000679157	False	False	False	0.0	False	3UTR	3UTR	UFM1_dependent
4710	ENSG00000135047	CTSL	chr9	+							4710	188,127,176	354,503,519	193,241,266	204,314,345	337	149	8.91842155681e-13	5.756606419616729e-11	0.19,0.1,0.13	0.295,0.253,0.254	-0.127					RI	chr9|+|87728026|87728809|87728026|87728396|87728584|87728809	5.756606419616729e-11	-0.127	0.14	0.2673333333333333	3430					87728026	87728396	87728584	87728809								87728026	87728809	109,56,96,119,133,137	67,58,62,47,92,99	12,13,18,27,16,30	354,503,519,204,314,345						4710	chr9	+							4710	139,248,194	292,718,488	135,217,204	281,270,324	337	149	5.10341974747e-05	0.0004322517791721	0.174,0.132,0.149	0.175,0.262,0.218	-0.067					0.0004322517791721	-0.067	0.1516666666666666	0.2183333333333333	3510					87728026	87728396	87728584	87728809								87728026	87728809	79,88,120,78,111,110	50,92,50,50,93,74	10,68,24,7,13,20	292,718,488,281,270,324						5.756606419616729e-11	-0.127	9	+	87728026	87728809	87728026	87728396	87728584	87728809	783	0	10299	0	True	False	0.0		10299	0	False	False	10299	True	0.0	False	1	False	ENST00000676466	ENST00000676466	ENST00000340342;ENST00000342020;ENST00000343150;ENST00000375894;ENST00000482054;ENST00000495822;ENST00000676480;ENST00000676531;ENST00000676576;ENST00000676769;ENST00000676881;ENST00000676909;ENST00000676946;ENST00000676961;ENST00000677019;ENST00000677262;ENST00000677345;ENST00000677349;ENST00000677523;ENST00000677615;ENST00000677638;ENST00000677761;ENST00000677821;ENST00000677864;ENST00000677935;ENST00000677955;ENST00000678259;ENST00000678367;ENST00000678442;ENST00000678596;ENST00000678599;ENST00000678649;ENST00000678654;ENST00000678752;ENST00000678965;ENST00000679025;ENST00000679028;ENST00000679030;ENST00000679141;ENST00000679149;ENST00000679157;ENST00000679252	False	False	False	0.0	False	3UTR	3UTR	UFM1_dependent
4715	ENSG00000135047	CTSL	chr9	+							4715	681,543,585	344,539,362	589,666,869	206,272,319	794	149	3.58619873575e-07	6.411245086769387e-06	0.271,0.159,0.233	0.349,0.315,0.338	-0.113					RI	chr9|+|87728584|87730498|87728584|87729735|87730380|87730498	6.411245086769387e-06	-0.113	0.221	0.334	5975					87728584	87729735	87730380	87730498								87728584	87730498	145,54,152,79,84,99	144,108,127,187,209,268	392,381,306,323,373,502	344,539,362,206,272,319						4715	chr9	+							4715	394,652,649	147,704,392	546,572,541	221,200,328	794	149	0.0409080694525	0.1099928011681422	0.335,0.148,0.237	0.317,0.349,0.236	-0.061					0.1099928011681422	-0.061	0.24	0.3006666666666666	5346					87728584	87729735	87730380	87730498								87728584	87730498	58,115,75,62,58,75	109,185,165,126,122,174	227,352,409,358,392,292	147,704,392,221,200,328						6.411245086769387e-06	-0.113	9	+	87728584	87730498	87728584	87729735	87730380	87730498	1914	0	10134	0	True	False	0.0		10134	0	False	False	10134	True	0.0	False	1	False	ENST00000676909	ENST00000676909	ENST00000340342;ENST00000342020;ENST00000343150;ENST00000375894;ENST00000482054;ENST00000495822;ENST00000676466;ENST00000676480;ENST00000676531;ENST00000676576;ENST00000676769;ENST00000676881;ENST00000676946;ENST00000676961;ENST00000677019;ENST00000677262;ENST00000677345;ENST00000677349;ENST00000677523;ENST00000677615;ENST00000677638;ENST00000677761;ENST00000677821;ENST00000677864;ENST00000677935;ENST00000677955;ENST00000678259;ENST00000678367;ENST00000678442;ENST00000678596;ENST00000678599;ENST00000678649;ENST00000678654;ENST00000678752;ENST00000678965;ENST00000679025;ENST00000679028;ENST00000679030;ENST00000679141;ENST00000679149;ENST00000679157;ENST00000679252	False	False	False	0.0	False	3UTR	3UTR	UFM1_dependent
4779	ENSG00000115266	APC2	chr19	+							4779	20,19,53	0,6,0	20,4,23	0,0,0	870	149	0.0086710765726	0.0316871522903356	1.0,0.352,1.0	1.0,1.0,1.0	-0.216					RI	chr19|+|1456852|1458060|1456852|1457243|1457964|1458060	0.0316871522903356	-0.216	0.784	1.0	145					1456852	1457243	1457964	1458060								1456852	1458060	0,0,0,2,0,1	10,10,27,4,2,2	10,9,26,14,2,20	0,6,0,0,0,0						4779	chr19	+							4779	14,11,16	0,0,0	37,23,58	0,0,2	870	149	1.0	1.0	1.0,1.0,1.0	1.0,1.0,0.832	0.056					1.0	0.056	1.0	0.944	161					1456852	1457243	1457964	1458060								1456852	1458060	0,4,0,0,1,2	2,3,10,33,6,34	12,4,6,4,16,22	0,0,0,0,0,2						0.0316871522903356	-0.216	19	+	1456852	1458060	1456852	1457243	1457964	1458060	1208	0	1948	0	True	False	1.0		1948	1	True	True	1948	True	1.0	True	1	False	ENST00000593146	ENST00000593146	ENST00000233607;ENST00000238483;ENST00000535453;ENST00000590469	False	False	False	0.0	False	3UTR	3UTR	UFM1_dependent
4906	ENSG00000158796	DEDD	chr1	-							4906	139,143,182	4,12,21	99,119,125	0,8,0	352	149	0.000427788044929	0.0027758690915392	0.936,0.835,0.786	1.0,0.863,1.0	-0.102					RI	chr1|-|161124137|161124526|161124137|161124210|161124413|161124526	0.0027758690915392	-0.102	0.8523333333333334	0.9543333333333334	852					161124137	161124210	161124413	161124526								161124137	161124526	43,49,39,31,50,31	83,82,76,58,58,72	13,12,67,10,11,22	4,12,21,0,8,0						4906	chr1	-							4906	131,144,173	22,5,12	101,187,79	1,2,10	352	149	0.0170023561968	0.0546737109012115	0.716,0.924,0.859	0.977,0.975,0.77	-0.074					0.0546737109012115	-0.074	0.833	0.9073333333333332	867					161124137	161124210	161124413	161124526								161124137	161124526	38,71,51,36,58,26	63,54,109,46,85,39	30,19,13,19,44,14	22,5,12,1,2,10						0.0027758690915392	-0.102	1	-	161124137	161124526	161124137	161124210	161124413	161124526	389	0	1950	0	True	False	0.0		1950	0	False	False	1950	True	0.0	False	7	True	ENST00000368005;ENST00000368006;ENST00000458050;ENST00000463227;ENST00000464113;ENST00000490843;ENST00000545495	ENST00000368005;ENST00000368006;ENST00000458050;ENST00000463227;ENST00000464113;ENST00000490843;ENST00000545495	ENST00000472996;ENST00000473679;ENST00000486041;ENST00000489249;ENST00000496632	True	False	True	0.8571428571428571	False	CDS	CDS	UFM1_dependent
4979	ENSG00000215883	CYB5RL	chr1	-							4979	87,108,109	18,0,0	61,84,78	0,0,0	2064	149	0.00296945455915	0.0134416161831883	0.259,1.0,1.0	1.0,1.0,1.0	-0.247					RI	chr1|-|54184160|54186286|54184160|54184265|54186180|54186286	0.0134416161831883	-0.247	0.753	1.0	545					54184160	54184265	54186180	54186286								54184160	54186286	0,6,5,17,0,4	1,2,34,6,7,16	86,100,70,38,77,58	18,0,0,0,0,0						4979	chr1	-							4979	108,114,113	0,4,0	82,34,92	0,0,0	2064	149	0.372336060002	0.5975385241435233	1.0,0.673,1.0	1.0,1.0,1.0	-0.109					0.5975385241435233	-0.109	0.891	1.0	547					54184160	54184265	54186180	54186286								54184160	54186286	4,14,0,0,0,4	6,7,12,0,2,29	98,93,101,82,32,59	0,4,0,0,0,0						0.0134416161831883	-0.247	1	-	54184160	54186286	54184160	54184265	54186180	54186286	2126	0	315	0	True	False	0.0		315	0	False	False	315	True	0.0	False	1	False	ENST00000490863	ENST00000490863	ENST00000287899;ENST00000420054;ENST00000421415;ENST00000462299;ENST00000493530;ENST00000528287;ENST00000534324	False	False	False	0.0	False	3UTR	3UTR	UFM1_dependent
4985	ENSG00000069424	KCNAB2	chr1	+							4985	531,646,597	24,39,56	665,738,788	23,28,25	986	149	0.00107965076571	0.0059375950630795	0.77,0.715,0.617	0.814,0.799,0.826	-0.112					RI	chr1|+|6094399|6095443|6094399|6094485|6095322|6095443	0.0059375950630795	-0.112	0.7006666666666667	0.813	4160					6094399	6094485	6095322	6095443								6094399	6095443	91,72,84,105,163,138	63,36,48,68,79,51	377,538,465,492,496,599	24,39,56,23,28,25						4985	chr1	+							4985	546,604,759	13,22,34	636,713,791	79,23,18	986	149	0.358294595059	0.5807141866777512	0.864,0.806,0.771	0.549,0.824,0.869	0.066					0.5807141866777512	0.066	0.8136666666666666	0.7473333333333333	4238					6094399	6094485	6095322	6095443								6094399	6095443	139,113,141,141,136,161	40,68,95,67,60,53	367,423,523,428,517,577	13,22,34,79,23,18						0.0059375950630795	-0.112	1	+	6094399	6095443	6094399	6094485	6095322	6095443	1044	0	3597	0	True	False	0.0		3597	0	False	False	3597	True	0.0	False	2	False	ENST00000653635;ENST00000654144	ENST00000653635;ENST00000654144	ENST00000164247;ENST00000341524;ENST00000352527;ENST00000378083;ENST00000378092;ENST00000378097;ENST00000389632;ENST00000428161;ENST00000458166;ENST00000481789;ENST00000602612;ENST00000652911;ENST00000653262;ENST00000662363;ENST00000662815;ENST00000663419;ENST00000665338;ENST00000666163;ENST00000668559;ENST00000669250;ENST00000671076;ENST00000671676	False	False	False	0.0	False	Stop_Codon	Stop_Codon	UFM1_dependent
5010	ENSG00000127463	EMC1	chr1	-							5010	174,125,139	37,30,43	66,109,95	12,3,3	664	149	0.000206711498156	0.0015000649783344	0.513,0.483,0.42	0.552,0.891,0.877	-0.301					RI	chr1|-|19239230|19239985|19239230|19239302|19239817|19239985	0.0015000649783344	-0.301	0.472	0.7733333333333333	836					19239230	19239302	19239817	19239985								19239230	19239985	42,19,27,5,29,36	23,18,24,17,9,15	109,88,88,44,71,44	37,30,43,12,3,3						5010	chr1	-							5010	185,103,143	11,63,24	81,90,74	14,12,13	664	149	0.678981029745	0.8894862490102419	0.791,0.268,0.572	0.565,0.627,0.561	-0.041					0.8894862490102419	-0.041	0.5436666666666666	0.5843333333333334	813					19239230	19239302	19239817	19239985								19239230	19239985	14,10,14,21,13,7	56,31,56,13,32,12	115,62,73,47,45,55	11,63,24,14,12,13						0.0015000649783344	-0.301	1	-	19239230	19239985	19239230	19239302	19239817	19239985	755	0	2160	0	True	False	0.0		2160	0	False	False	2160	True	0.0	False	2	False	ENST00000685099;ENST00000690451	ENST00000685099;ENST00000690451	ENST00000375199;ENST00000375208;ENST00000467423;ENST00000477853;ENST00000486405;ENST00000685594;ENST00000688219;ENST00000688332;ENST00000688667;ENST00000690732;ENST00000690823;ENST00000692207	False	False	False	0.0	False	3UTR	3UTR	UFM1_dependent
5051	ENSG00000072682	P4HA2	chr5	-							5051	2,1,0	10,58,52	4,18,16	12,21,37	552	149	4.853117907540001e-12	2.5435315392337847e-10	0.051,0.005,0.0	0.083,0.188,0.105	-0.107					RI	chr5|-|132217196|132217848|132217196|132217348|132217751|132217848	2.5435315392337847e-10	-0.107	0.0186666666666666	0.1253333333333333	231					132217196	132217348	132217751	132217848								132217196	132217848	0,1,0,0,6,12	0,0,0,0,0,0	2,0,0,4,12,4	10,58,52,12,21,37						5051	chr5	-							5051	27,8,0	31,52,37	0,15,0	12,27,33	552	149	0.301755911424	0.5139041029581319	0.19,0.04,0.0	0.0,0.13,0.0	0.033					0.5139041029581319	0.033	0.0766666666666666	0.0433333333333333	242					132217196	132217348	132217751	132217848								132217196	132217848	16,0,0,0,12,0	0,8,0,0,1,0	11,0,0,0,2,0	31,52,37,12,27,33						2.5435315392337847e-10	-0.107	5	-	132217196	132217848	132217196	132217348	132217751	132217848	652	0	3530	0	True	False	2.0		3530	2	True	True	3530	True	2.0	True	1	False	ENST00000478055	ENST00000478055	ENST00000166534;ENST00000360568;ENST00000379086;ENST00000379100;ENST00000379104;ENST00000395164;ENST00000401867;ENST00000416053;ENST00000417528;ENST00000418055;ENST00000428369;ENST00000428841;ENST00000431054;ENST00000439698;ENST00000453286	False	False	False	0.0	False	3UTR	3UTR	UFM1_dependent
5084	ENSG00000143669	LYST	chr1	-							5084	33,26,35	8,3,0	23,16,60	0,0,0	1335	149	8.34623249735e-07	1.332789001920578e-05	0.315,0.492,1.0	1.0,1.0,1.0	-0.398					RI	chr1|-|235826339|235830424|235826339|235829039|235830225|235830424	1.332789001920578e-05	-0.398	0.6023333333333334	1.0	204					235826339	235829039	235830225	235830424								235826339	235830424	2,2,5,0,0,1	0,8,0,0,0,4	31,16,30,23,16,55	8,3,0,0,0,0						5084	chr1	-							5084	72,19,66	14,6,3	9,14,14	6,1,0	1335	149	0.804670506547	0.9898971662329056	0.365,0.261,0.711	0.143,0.61,1.0	-0.139					0.9898971662329056	-0.139	0.4456666666666666	0.5843333333333334	224					235826339	235829039	235830225	235830424								235826339	235830424	4,0,0,1,2,0	9,3,6,1,7,0	59,16,60,7,5,14	14,6,3,6,1,0						1.332789001920578e-05	-0.398	1	-	235826339	235830424	235826339	235829039	235830225	235830424	4085	0	2052	0	True	False	0.0		2052	0	False	False	2052	True	0.0	False	1	True	ENST00000697182	ENST00000697182	ENST00000389793;ENST00000465349;ENST00000468107;ENST00000468626;ENST00000489585;ENST00000697178;ENST00000697181;ENST00000697183;ENST00000697184;ENST00000697242	True	True	False	0.0	False	Stop_Codon	Stop_Codon	UFM1_dependent
5095	ENSG00000023191	RNH1	chr11	-							5095	57,73,65	44,33,40	92,102,135	29,14,15	792	149	7.94757497335e-06	9.19519428992117e-05	0.196,0.294,0.234	0.374,0.578,0.629	-0.286					RI	chr11|-|499014|499999|499014|499185|499828|499999	9.19519428992117e-05	-0.286	0.2413333333333333	0.527	699					499014	499185	499828	499999								499014	499999	15,30,27,41,36,68	7,8,12,30,31,40	35,35,26,21,35,27	44,33,40,29,14,15						5095	chr11	-							5095	52,142,96	10,36,14	65,91,77	25,16,21	792	149	0.287577455249	0.4952039498855749	0.495,0.426,0.563	0.328,0.517,0.408	0.077					0.4952039498855749	0.077	0.4946666666666666	0.4176666666666667	645					499014	499185	499828	499999								499014	499999	24,49,44,33,49,30	9,43,34,14,19,24	19,50,18,18,23,23	10,36,14,25,16,21						9.19519428992117e-05	-0.286	11	-	499014	499999	499014	499185	499828	499999	985	0	3938	0	True	False	2.0		3938	2	True	True	3938	True	2.0	True	1	False	ENST00000525522	ENST00000525522	ENST00000354420;ENST00000356187;ENST00000397604;ENST00000397614;ENST00000397615;ENST00000438658;ENST00000524464;ENST00000524780;ENST00000525701;ENST00000527485;ENST00000528713;ENST00000529115;ENST00000529306;ENST00000529368;ENST00000531149;ENST00000531223;ENST00000533410;ENST00000534797	False	False	False	0.0	False	CDS	CDS	UFM1_dependent
5117	ENSG00000183735	TBK1	chr12	+							5117	158,248,221	45,40,52	419,343,426	22,36,60	2430	149	0.000371208186597	0.0024661414953551	0.177,0.275,0.207	0.539,0.369,0.303	-0.184					RI	chr12|+|64481841|64484499|64481841|64482021|64484302|64484499	0.0024661414953551	-0.184	0.2196666666666666	0.4036666666666667	2070					64481841	64482021	64484302	64484499								64481841	64484499	0,3,0,17,14,12	23,15,15,21,19,46	135,230,206,381,310,368	45,40,52,22,36,60						5117	chr12	+							5117	163,212,189	6,38,66	324,377,295	28,30,41	2430	149	0.366722262229	0.5907270583091306	0.625,0.255,0.149	0.415,0.435,0.306	-0.042					0.5907270583091306	-0.042	0.3429999999999999	0.3853333333333333	1769					64481841	64482021	64484302	64484499								64481841	64484499	2,2,20,6,7,39	0,20,3,15,24,12	161,190,166,303,346,244	6,38,66,28,30,41						0.0024661414953551	-0.184	12	+	64481841	64484499	64481841	64482021	64484302	64484499	2658	0	7252	0	True	False	1.0		7252	1	True	True	7252	True	1.0	True	1	False	ENST00000677686	ENST00000677686	ENST00000331710;ENST00000536906;ENST00000545025;ENST00000650708;ENST00000650762;ENST00000650786;ENST00000650790;ENST00000650997;ENST00000651014;ENST00000651262;ENST00000651878;ENST00000651889;ENST00000651947;ENST00000652389;ENST00000652537;ENST00000652657;ENST00000676490;ENST00000676551;ENST00000676654;ENST00000676684;ENST00000676809;ENST00000676912;ENST00000676930;ENST00000676983;ENST00000677499;ENST00000677549;ENST00000677632;ENST00000677641;ENST00000677670;ENST00000677831;ENST00000677858;ENST00000677973;ENST00000678180;ENST00000678197;ENST00000678235	False	False	False	0.0	False	3UTR	3UTR	UFM1_dependent
5480	ENSG00000144061	NPHP1	chr2	-							5480	71,20,136	0,4,8	53,87,103	0,0,0	1704	149	1.70880458483e-06	2.4539554365755412e-05	1.0,0.304,0.598	1.0,1.0,1.0	-0.366					RI	chr2|-|110163047|110164730|110163047|110163132|110164687|110164730	2.4539554365755412e-05	-0.366	0.634	1.0	482					110163047	110163132	110164687	110164730								110163047	110164730	10,1,41,25,21,10	6,1,31,16,27,23	55,18,64,12,39,70	0,4,8,0,0,0						5480	chr2	-							5480	89,105,176	0,0,1	47,78,83	0,0,0	1704	149	1.0	1.0	1.0,1.0,0.939	1.0,1.0,1.0	-0.02					1.0	-0.02	0.9796666666666668	1.0	579					110163047	110163132	110164687	110164730								110163047	110164730	15,13,44,13,16,7	24,13,36,7,19,23	50,79,96,27,43,53	0,0,1,0,0,0						2.4539554365755412e-05	-0.366	2	-	110163047	110164730	110163047	110163132	110164687	110164730	1683	0	1385	0	True	False	2.0		1385	2	True	True	1385	True	2.0	True	5	True	ENST00000461707;ENST00000496524;ENST00000675067;ENST00000675752;ENST00000676165	ENST00000461707;ENST00000496524;ENST00000675067;ENST00000675752;ENST00000676165	ENST00000316534;ENST00000355301;ENST00000393272;ENST00000417665;ENST00000445609;ENST00000674677;ENST00000675356;ENST00000676028;ENST00000676053;ENST00000676091;ENST00000676258	True	False	True	0.2	False	CDS	CDS	UFM1_dependent
5488	ENSG00000114391	RPL24	chr3	-							5488	53,75,104	502,515,750	177,202,172	413,471,674	263	149	0.0	0.0	0.056,0.076,0.073	0.195,0.195,0.126	-0.104					RI	chr3|-|101686481|101686712|101686481|101686557|101686671|101686712	0.0	-0.104	0.0683333333333333	0.172	4108					101686481	101686557	101686671	101686712								101686481	101686712	45,53,102,169,176,168	18,33,14,34,57,21	0,0,2,8,0,0	502,515,750,413,471,674						5488	chr3	-							5488	32,60,165	417,678,834	118,134,155	329,559,625	263	149	7.52973239315e-11	3.0724360758265443e-09	0.042,0.048,0.101	0.169,0.12,0.123	-0.074					3.0724360758265443e-09	-0.074	0.0636666666666666	0.1373333333333333	4106					101686481	101686557	101686671	101686712								101686481	101686712	32,60,154,106,134,151	8,14,49,24,20,22	0,0,0,0,0,0	417,678,834,329,559,625						0.0	-0.104	3	-	101686481	101686712	101686481	101686557	101686671	101686712	231	0	324	0	True	False	0.0		324	0	False	False	324	True	0.0	False	1	False	ENST00000464595	ENST00000464595	ENST00000394077;ENST00000469605;ENST00000470961;ENST00000488288;ENST00000495401;ENST00000704284;ENST00000704285;ENST00000704286;ENST00000704287;ENST00000704288	False	False	False	0.0	False	NonCoding	NonCoding	UFM1_dependent
5496	ENSG00000106976	DNM1	chr9	+							5496	0,0,0	2,12,23	4,8,4	1,6,10	796	149	1.19793112796e-06	1.7743269750364057e-05	0.0,0.0,0.0	0.428,0.2,0.07	-0.233					RI	chr9|+|128247923|128248753|128247923|128247935|128248582|128248753	1.7743269750364057e-05	-0.233	0.0	0.2326666666666666	70					128247923	128247935	128248582	128248753								128247923	128248753	0,0,0,0,0,4	0,0,0,0,0,0	0,0,0,4,8,0	2,12,23,1,6,10						5496	chr9	+							5496	0,0,4	0,2,11	0,0,12	0,22,8	796	149	1.0	1.0	NA,0.0,0.064	NA,0.0,0.219	-0.077					1.0	-0.077	0.032	0.1095	59					128247923	128247935	128248582	128248753								128247923	128248753	0,0,0,0,0,2	0,0,4,0,0,5	0,0,0,0,0,5	0,2,11,0,22,8						1.7743269750364057e-05	-0.233	9	+	128247923	128248753	128247923	128247935	128248582	128248753	830	0	2013	0	True	False	0.0		2013	0	False	False	2013	True	0.0	False	1	False	ENST00000441149	ENST00000441149	ENST00000341179;ENST00000372923;ENST00000393594;ENST00000475805;ENST00000486160;ENST00000627061;ENST00000627543;ENST00000628346;ENST00000634267;ENST00000706053;ENST00000706054	False	False	False	0.0	False	3UTR	3UTR	UFM1_dependent
5534	ENSG00000159352	PSMD4	chr1	+							5534	163,180,140	18,50,16	135,135,201	8,6,4	335	149	4.81143672237e-07	8.344659218183186e-06	0.801,0.616,0.796	0.882,0.909,0.957	-0.178					RI	chr1|+|151266003|151266439|151266003|151266121|151266307|151266439	8.344659218183186e-06	-0.178	0.7376666666666667	0.916	1056					151266003	151266121	151266307	151266439								151266003	151266439	71,65,42,51,38,80	72,93,76,49,72,93	20,22,22,35,25,28	18,50,16,8,6,4						5534	chr1	+							5534	117,226,236	4,9,22	105,116,134	11,5,5	335	149	0.860844233057	1.0	0.929,0.918,0.827	0.809,0.912,0.923	0.01					1.0	0.01	0.8913333333333333	0.8813333333333334	990					151266003	151266121	151266307	151266439								151266003	151266439	54,56,107,23,53,46	33,96,80,54,40,75	30,74,49,28,23,13	4,9,22,11,5,5						8.344659218183186e-06	-0.178	1	+	151266003	151266439	151266003	151266121	151266307	151266439	436	0	848	0	True	False	2.0		848	2	True	True	848	True	2.0	True	1	False	ENST00000476855	ENST00000476855	ENST00000368881;ENST00000368884;ENST00000427779;ENST00000445776;ENST00000470396;ENST00000491857	False	False	False	0.0	False	Stop_Codon	Stop_Codon	UFM1_dependent
5574	ENSG00000145916	RMND5B	chr5	+							5574	38,8,6	62,96,73	17,53,23	57,43,42	272	149	0.000825546872311	0.0047938005880786	0.251,0.044,0.043	0.14,0.403,0.231	-0.145					RI	chr5|+|178142582|178142992|178142582|178142728|178142851|178142992	0.0047938005880786	-0.145	0.1126666666666666	0.258	518					178142582	178142728	178142851	178142992								178142582	178142992	24,4,4,11,35,20	14,4,6,6,30,3	0,0,0,0,0,0	62,96,73,57,43,42						5574	chr5	+							5574	11,8,11	36,85,73	16,12,18	72,90,56	272	149	0.224870844347	0.4120130549185476	0.143,0.049,0.076	0.109,0.068,0.15	-0.02					0.4120130549185476	-0.02	0.0893333333333333	0.109	488					178142582	178142728	178142851	178142992								178142582	178142992	4,4,7,16,7,16	7,6,6,1,5,10	0,0,0,0,0,0	36,85,73,72,90,56						0.0047938005880786	-0.145	5	+	178142582	178142992	178142582	178142728	178142851	178142992	410	0	1429	0	True	False	1.0		1429	1	True	True	1429	True	1.0	True	1	False	ENST00000507575	ENST00000507575	ENST00000313386;ENST00000502814;ENST00000507457;ENST00000508647;ENST00000512663;ENST00000512811;ENST00000513162;ENST00000515098;ENST00000515360;ENST00000542098	False	False	False	0.0	False	3UTR	3UTR	UFM1_dependent
5591	ENSG00000160695	VPS11	chr11	+							5591	9,20,27	0,7,6	8,12,7	0,0,2	609	149	0.00462721990954	0.0192697706451736	1.0,0.411,0.524	1.0,1.0,0.461	-0.175					RI	chr11|+|119078172|119078997|119078172|119078334|119078794|119078997	0.0192697706451736	-0.175	0.645	0.8203333333333334	98					119078172	119078334	119078794	119078997								119078172	119078997	0,1,14,2,0,3	1,6,6,1,6,2	8,13,7,5,6,2	0,7,6,0,0,2						5591	chr11	+							5591	12,5,26	0,0,2	6,18,5	0,4,0	609	149	0.152976042547	0.3080434547987106	1.0,1.0,0.761	1.0,0.524,1.0	0.079					0.3080434547987106	0.079	0.9203333333333332	0.8413333333333334	78					119078172	119078334	119078794	119078997								119078172	119078997	7,1,7,0,3,1	2,4,3,0,1,3	3,0,16,6,14,1	0,0,2,0,4,0						0.0192697706451736	-0.175	11	+	119078172	119078997	119078172	119078334	119078794	119078997	825	0	1010	0	True	False	2.0		1010	2	True	True	1010	True	2.0	True	1	False	ENST00000622309	ENST00000622309	ENST00000534551;ENST00000614944;ENST00000621676	False	False	False	0.0	False	CDS	CDS	UFM1_dependent
5605	ENSG00000150093	ITGB1	chr10	-							5605	425,318,360	22,22,37	648,487,585	25,15,33	1030	149	0.0104658251346	0.0370573721356147	0.736,0.676,0.585	0.789,0.824,0.719	-0.112					RI	chr10|-|32932514|32933583|32932514|32932600|32933481|32933583	0.0370573721356147	-0.112	0.6656666666666666	0.7773333333333333	2977					32932514	32932600	32933481	32933583								32932514	32933583	23,9,17,65,36,84	175,127,92,170,128,143	227,182,251,413,323,358	22,22,37,25,15,33						5605	chr10	-							5605	139,253,228	2,22,24	704,494,480	26,9,35	1030	149	0.212512434363	0.3954892422552101	0.91,0.625,0.579	0.797,0.888,0.665	-0.079					0.3954892422552101	-0.079	0.7046666666666667	0.7833333333333333	2416					32932514	32932600	32933481	32933583								32932514	32933583	19,54,18,80,55,59	48,87,92,149,83,176	72,112,118,475,356,245	2,22,24,26,9,35						0.0370573721356147	-0.112	10	-	32932514	32933583	32932514	32932600	32933481	32933583	1069	0	2412	0	True	False	0.0		2412	0	False	False	2412	True	0.0	False	2	True	ENST00000474568;ENST00000677363	ENST00000474568;ENST00000677363	ENST00000302278;ENST00000396033;ENST00000414670;ENST00000417122;ENST00000423113;ENST00000437302;ENST00000464001;ENST00000472147;ENST00000475184;ENST00000480226;ENST00000484088;ENST00000488427;ENST00000488494;ENST00000528877;ENST00000534049;ENST00000609742;ENST00000676460;ENST00000676623;ENST00000676659;ENST00000676895;ENST00000676964;ENST00000677310;ENST00000677999;ENST00000678120;ENST00000678479;ENST00000678591;ENST00000678701;ENST00000678766;ENST00000678943;ENST00000678952;ENST00000678989;ENST00000679187	True	False	False	0.0	False	Start_Codon	Start_Codon	UFM1_dependent
5650	ENSG00000125459	MSTO1	chr1	+							5650	330,259,270	107,65,65	130,163,195	6,24,26	342	149	9.02200791464e-06	0.0001027701358194	0.573,0.635,0.644	0.904,0.747,0.766	-0.188					RI	chr1|+|155611215|155611603|155611215|155611355|155611548|155611603	0.0001027701358194	-0.188	0.6173333333333333	0.8056666666666666	1640					155611215	155611355	155611548	155611603								155611215	155611603	152,127,111,98,75,98	86,26,74,19,35,60	92,106,85,13,53,37	107,65,65,6,24,26						5650	chr1	+							5650	279,282,263	43,112,37	128,88,146	35,44,56	342	149	0.0252032911062	0.0740285384194269	0.739,0.523,0.756	0.614,0.466,0.532	0.135					0.0740285384194269	0.135	0.6726666666666666	0.5373333333333333	1513					155611215	155611355	155611548	155611603								155611215	155611603	130,135,143,76,40,76	82,45,54,21,24,53	67,102,66,31,24,17	43,112,37,35,44,56						0.0001027701358194	-0.188	1	+	155611215	155611603	155611215	155611355	155611548	155611603	388	0	295	0	True	False	1.0		295	1	True	True	295	True	1.0	True	1	False	ENST00000478756	ENST00000478756	ENST00000245564;ENST00000368341;ENST00000460199;ENST00000465137;ENST00000473327;ENST00000482284;ENST00000483734;ENST00000483832;ENST00000488901;ENST00000490642;ENST00000490743;ENST00000491308;ENST00000494995;ENST00000649846;ENST00000697770	False	False	False	0.0	False	5UTR	5UTR	UFM1_dependent
5659	ENSG00000143303	METTL25B	chr1	+							5659	49,11,32	0,7,4	79,53,97	0,0,0	314	149	6.26892985833e-06	7.567141317181016e-05	1.0,0.427,0.792	1.0,1.0,1.0	-0.26					RI	chr1|+|156731990|156732473|156731990|156732115|156732280|156732473	7.567141317181016e-05	-0.26	0.7396666666666667	1.0	332					156731990	156732115	156732280	156732473								156731990	156732473	17,5,22,34,33,47	28,6,6,26,11,45	4,0,4,19,9,5	0,7,4,0,0,0						5659	chr1	+							5659	27,55,58	8,0,4	42,70,49	4,0,10	314	149	0.986718842372	1.0	0.616,1.0,0.873	0.833,1.0,0.699	-0.014					1.0	-0.014	0.8296666666666667	0.844	327					156731990	156732115	156732280	156732473								156731990	156732473	4,17,22,22,26,9	9,37,34,20,18,20	14,1,2,0,26,20	8,0,4,4,0,10						7.567141317181016e-05	-0.26	1	+	156731990	156732473	156731990	156732115	156732280	156732473	483	0	1460	0	True	False	2.0		1460	2	True	True	1460	True	2.0	True	1	True	ENST00000484742	ENST00000484742	ENST00000368216;ENST00000368218;ENST00000476229;ENST00000517871;ENST00000519086;ENST00000522237;ENST00000524343	True	False	False	0.0	False	5UTR	5UTR	UFM1_dependent
5805	ENSG00000077782	FGFR1	chr8	-							5805	69,76,39	109,90,85	135,61,68	92,53,70	407	149	9.44608727527e-05	0.0007774953982812	0.188,0.236,0.144	0.349,0.296,0.262	-0.113					RI	chr8|-|38427920|38428435|38427920|38428093|38428351|38428435	0.0007774953982812	-0.113	0.1893333333333333	0.3023333333333333	947					38427920	38428093	38428351	38428435								38427920	38428435	32,17,4,26,5,14	26,58,35,99,48,40	11,1,0,10,8,14	109,90,85,92,53,70						5805	chr8	-							5805	77,65,77	87,69,103	140,68,34	47,62,115	407	149	0.643610956424	0.8629588290063358	0.245,0.256,0.215	0.522,0.286,0.098	-0.063					0.8629588290063358	-0.063	0.2386666666666666	0.302	944					38427920	38428093	38428351	38428435								38427920	38428435	18,18,13,41,20,7	49,24,31,84,27,27	10,23,33,15,21,0	87,69,103,47,62,115						0.0007774953982812	-0.113	8	-	38427920	38428435	38427920	38428093	38428351	38428435	515	0	5813	0	True	False	2.0		5813	2	True	True	5813	True	2.0	True	3	False	ENST00000474970;ENST00000683276;ENST00000683948	ENST00000474970;ENST00000683276;ENST00000683948	ENST00000326324;ENST00000335922;ENST00000341462;ENST00000356207;ENST00000397091;ENST00000397103;ENST00000397108;ENST00000397113;ENST00000425967;ENST00000434187;ENST00000447712;ENST00000470826;ENST00000484370;ENST00000487647;ENST00000496296;ENST00000525001;ENST00000526570;ENST00000526742;ENST00000527203;ENST00000529552;ENST00000530568;ENST00000530701;ENST00000532386;ENST00000532791;ENST00000533668;ENST00000619564;ENST00000649678;ENST00000674189;ENST00000674235;ENST00000674380;ENST00000674474;ENST00000683765;ENST00000683795;ENST00000683815;ENST00000684654;ENST00000703405	False	False	False	0.0	False	CDS	CDS	UFM1_dependent
6098	ENSG00000076685	NT5C2	chr10	-							6098	825,567,643	16,24,22	654,788,952	10,10,14	1705	149	0.00115360410688	0.0062325113510027	0.818,0.674,0.719	0.851,0.873,0.856	-0.123					RI	chr10|-|103097290|103098984|103097290|103097374|103098930|103098984	0.0062325113510027	-0.123	0.737	0.86	4525					103097290	103097374	103098930	103098984								103097290	103098984	84,23,46,42,81,34	65,42,87,99,74,75	676,502,510,513,633,843	16,24,22,10,10,14						6098	chr10	-							6098	503,780,782	21,13,15	647,569,898	15,23,1	1705	149	0.291694729434	0.5012932473113051	0.677,0.84,0.82	0.79,0.684,0.987	-0.041					0.5012932473113051	-0.041	0.779	0.8203333333333334	4267					103097290	103097374	103098930	103098984								103097290	103098984	44,100,85,67,64,85	14,64,88,68,40,122	445,616,609,512,465,691	21,13,15,15,23,1						0.0062325113510027	-0.123	10	-	103097290	103098984	103097290	103097374	103098930	103098984	1694	0	1242	0	True	False	0.0		1242	0	False	False	1242	True	0.0	False	1	False	ENST00000674728	ENST00000674728	ENST00000343289;ENST00000369857;ENST00000404739;ENST00000452156;ENST00000458345;ENST00000461461;ENST00000470228;ENST00000470299;ENST00000552185;ENST00000674696;ENST00000674860;ENST00000675020;ENST00000675040;ENST00000675164;ENST00000675326;ENST00000675436;ENST00000675645;ENST00000675811;ENST00000675985;ENST00000676428;ENST00000676449	False	False	False	0.0	False	3UTR	3UTR	UFM1_dependent
6169	ENSG00000082512	TRAF5	chr1	+							6169	158,207,202	0,0,9	32,38,65	0,0,0	4382	149	0.00129520476146	0.0068173352766289	1.0,1.0,0.433	1.0,1.0,1.0	-0.189					RI	chr1|+|211356366|211360779|211356366|211356468|211360701|211360779	0.0068173352766289	-0.189	0.8109999999999999	1.0	711					211356366	211356468	211360701	211360779								211356366	211360779	2,0,1,0,0,0	11,10,30,14,0,2	145,197,171,18,38,63	0,0,9,0,0,0						6169	chr1	+							6169	152,168,265	0,0,4	50,40,46	0,8,0	4382	149	0.496646587797	0.7304378807416216	1.0,1.0,0.693	1.0,0.145,1.0	0.183					0.7304378807416216	0.183	0.8976666666666666	0.715	733					211356366	211356468	211360701	211360779								211356366	211360779	5,4,1,0,4,10	9,13,21,0,0,1	138,151,243,50,36,35	0,0,4,0,8,0						0.0068173352766289	-0.189	1	+	211356366	211360779	211356366	211356468	211360701	211360779	4413	0	1035	0	True	False	0.0		1035	0	False	False	1035	True	0.0	False	1	False	ENST00000462410	ENST00000462410	ENST00000261464;ENST00000336184;ENST00000367004;ENST00000488428	False	False	False	0.0	False	CDS	CDS	UFM1_dependent
6205	ENSG00000122515	ZMIZ2	chr7	+							6205	116,108,142	71,68,103	100,101,122	62,33,39	250	149	0.0147376475032	0.0484564367236581	0.493,0.486,0.451	0.49,0.646,0.651	-0.119					RI	chr7|+|44761448|44761905|44761448|44761593|44761694|44761905	0.0484564367236581	-0.119	0.4766666666666667	0.5956666666666667	1065					44761448	44761593	44761694	44761905								44761448	44761905	71,61,90,51,52,85	84,71,94,59,63,53	0,0,0,0,0,0	71,68,103,62,33,39						6205	chr7	+							6205	139,72,154	57,56,62	91,96,76	27,48,60	250	149	0.996841869059	1.0	0.592,0.434,0.597	0.668,0.544,0.43	-0.006					1.0	-0.006	0.5409999999999999	0.5473333333333333	938					44761448	44761593	44761694	44761905								44761448	44761905	59,48,110,27,71,54	100,37,78,68,54,42	0,0,0,0,0,0	57,56,62,27,48,60						0.0484564367236581	-0.119	7	+	44761448	44761905	44761448	44761593	44761694	44761905	457	0	1780	0	True	False	1.0		1780	1	True	True	1780	True	1.0	True	1	False	ENST00000478045	ENST00000478045	ENST00000265346;ENST00000309315;ENST00000413916;ENST00000433667;ENST00000441627;ENST00000463056;ENST00000480964	False	False	False	0.0	False	3UTR	3UTR	UFM1_dependent
6223	ENSG00000204348	DXO	chr6	-							6223	9,0,0	7,6,7	3,8,3	2,4,1	235	149	0.00252328708251	0.01177533971838	0.449,0.0,0.0	0.487,0.559,0.655	-0.417					RI	chr6|-|31970605|31971147|31970605|31970825|31970911|31971147	0.01177533971838	-0.417	0.1496666666666666	0.5670000000000001	50					31970605	31970825	31970911	31971147								31970605	31971147	3,0,0,1,8,1	8,0,0,2,5,3	0,0,0,0,0,0	7,6,7,2,4,1						6223	chr6	-							6223	8,0,16	1,0,0	0,2,5	0,3,4	235	149	1.0	1.0	0.835,NA,1.0	NA,0.297,0.442	0.548					1.0	0.548	0.9175	0.3695	39					31970605	31970825	31970911	31971147								31970605	31971147	3,0,3,0,1,0	5,0,14,0,2,5	0,0,0,0,0,0	1,0,0,0,3,4						0.01177533971838	-0.417	6	-	31970605	31971147	31970605	31970825	31970911	31971147	542	0	1874	0	True	False	2.0		1874	2	True	True	1874	True	2.0	True	1	False	ENST00000485557	ENST00000485557	ENST00000337523;ENST00000375349;ENST00000375356;ENST00000460058;ENST00000473976;ENST00000474587;ENST00000477826;ENST00000478221;ENST00000480240;ENST00000487914;ENST00000491327;ENST00000492946;ENST00000495340;ENST00000498357	False	False	False	0.0	False	NonCoding	NonCoding	UFM1_dependent
6476	ENSG00000086189	DIMT1	chr5	-							6476	31,14,20	75,46,70	22,27,33	35,29,39	229	149	0.000123085031286	0.0009751387749945	0.212,0.165,0.157	0.29,0.377,0.355	-0.163					RI	chr5|-|62398645|62398881|62398645|62398739|62398819|62398881	0.0009751387749945	-0.163	0.178	0.3406666666666667	441					62398645	62398739	62398819	62398881								62398645	62398881	2,7,14,7,18,6	30,11,12,22,18,29	0,0,0,0,0,0	75,46,70,35,29,39						6476	chr5	-							6476	29,27,31	99,60,44	46,26,27	46,38,45	229	149	0.0207236586724	0.0637481341711668	0.16,0.226,0.314	0.394,0.308,0.281	-0.094					0.0637481341711668	-0.094	0.2333333333333333	0.3276666666666666	518					62398645	62398739	62398819	62398881								62398645	62398881	12,13,18,36,14,17	22,23,22,29,14,21	0,0,0,0,0,0	99,60,44,46,38,45						0.0009751387749945	-0.163	5	-	62398645	62398881	62398645	62398739	62398819	62398881	236	0	1432	0	True	False	1.0		1432	1	True	True	1432	True	1.0	True	1	False	ENST00000680267	ENST00000680267	ENST00000199320;ENST00000506390;ENST00000509182;ENST00000514911;ENST00000651114;ENST00000679751;ENST00000680062;ENST00000680214;ENST00000680785;ENST00000680836;ENST00000680960;ENST00000681192;ENST00000681244;ENST00000681272;ENST00000681393;ENST00000681672	False	False	False	0.0	False	3UTR	3UTR	UFM1_dependent
6521	ENSG00000100099	HPS4	chr22	-							6521	4,0,2	49,45,47	27,8,5	21,26,35	562	149	5.65838176314e-09	1.6138231149569525e-07	0.021,0.0,0.011	0.254,0.075,0.036	-0.111					RI	chr22|-|26470689|26472939|26470689|26472418|26472831|26472939	1.6138231149569525e-07	-0.111	0.0106666666666666	0.1216666666666666	269					26470689	26472418	26472831	26472939								26470689	26472939	0,0,1,10,0,1	3,0,0,3,5,0	1,0,1,14,3,4	49,45,47,21,26,35						6521	chr22	-							6521	20,12,6	14,97,42	12,6,0	4,22,21	562	149	0.856410490556	1.0	0.275,0.032,0.036	0.443,0.067,0.0	-0.056					1.0	-0.056	0.1143333333333333	0.17	256					26470689	26472418	26472831	26472939								26470689	26472939	0,10,0,11,0,0	4,0,0,0,0,0	16,2,6,1,6,0	14,97,42,4,22,21						1.6138231149569525e-07	-0.111	22	-	26470689	26472939	26470689	26472418	26472831	26472939	2250	0	7480	0	True	False	1.0		7480	1	True	True	7480	True	1.0	True	1	False	ENST00000699254	ENST00000699254	ENST00000336873;ENST00000398145;ENST00000402105;ENST00000422379;ENST00000429411;ENST00000439453;ENST00000459918;ENST00000464362;ENST00000466781;ENST00000473782;ENST00000483631;ENST00000485842;ENST00000491142;ENST00000496385;ENST00000699227;ENST00000699228;ENST00000699233;ENST00000699234;ENST00000699235;ENST00000699236;ENST00000699237;ENST00000699238;ENST00000699239;ENST00000699240;ENST00000699241;ENST00000699242;ENST00000699243;ENST00000699244;ENST00000699246;ENST00000699247;ENST00000699248;ENST00000699249;ENST00000699250;ENST00000699251;ENST00000699252;ENST00000699253;ENST00000699255	False	False	False	0.0	False	5UTR	5UTR	UFM1_dependent
6550	ENSG00000168944	CEP120	chr5	-							6550	177,65,143	1,14,10	77,75,138	1,0,0	1253	149	1.71807998628e-06	2.461510858847888e-05	0.955,0.356,0.63	0.902,1.0,1.0	-0.32					RI	chr5|-|123389923|123391337|123389923|123390005|123391109|123391337	2.461510858847888e-05	-0.32	0.647	0.9673333333333334	701					123389923	123390005	123391109	123391337								123389923	123391337	60,20,59,57,33,50	6,3,2,1,1,12	111,42,82,19,41,76	1,14,10,1,0,0						6550	chr5	-							6550	148,91,134	3,3,0	115,149,145	0,10,3	1253	149	0.188870269871	0.3626259919021888	0.854,0.783,1.0	1.0,0.639,0.852	0.049					0.3626259919021888	0.049	0.879	0.8303333333333334	801					123389923	123390005	123391109	123391337								123389923	123391337	37,44,44,64,66,92	0,5,24,5,0,4	111,42,66,46,83,49	3,3,0,0,10,3						2.461510858847888e-05	-0.32	5	-	123389923	123391337	123389923	123390005	123391109	123391337	1414	0	4065	0	True	False	0.0		4065	0	False	False	4065	True	0.0	False	1	False	ENST00000675852	ENST00000675852	ENST00000306467;ENST00000306481;ENST00000328236;ENST00000503049;ENST00000508138;ENST00000508442;ENST00000513565;ENST00000674620;ENST00000674667;ENST00000674684;ENST00000675003;ENST00000675104;ENST00000675283;ENST00000675330;ENST00000675409;ENST00000675442;ENST00000675444;ENST00000675686;ENST00000675814	False	False	False	0.0	False	Stop_Codon	Stop_Codon	UFM1_dependent
6638	ENSG00000182325	FBXL6	chr8	-							6638	346,417,428	46,58,82	354,436,574	27,42,35	466	149	4.01779587089e-06	5.2531181834322985e-05	0.706,0.697,0.625	0.807,0.768,0.84	-0.129					RI	chr8|-|144356989|144357502|144356989|144357121|144357438|144357502	5.2531181834322985e-05	-0.129	0.6759999999999999	0.805	2845					144356989	144357121	144357438	144357502								144356989	144357502	217,214,231,181,228,311	55,116,77,95,99,164	74,87,120,78,109,99	46,58,82,27,42,35						6638	chr8	-							6638	306,346,511	23,57,34	326,366,456	11,39,29	466	149	0.112048333142	0.2429658469818807	0.81,0.66,0.828	0.905,0.75,0.834	-0.064					0.2429658469818807	-0.064	0.766	0.8296666666666667	2504					144356989	144357121	144357438	144357502								144356989	144357502	209,163,303,185,206,240	51,113,93,85,101,90	46,70,115,56,59,126	23,57,34,11,39,29						5.2531181834322985e-05	-0.129	8	-	144356989	144357502	144356989	144357121	144357438	144357502	513	0	374	0	True	False	2.0		374	2	True	True	374	True	2.0	True	1	False	ENST00000530142	ENST00000530142	ENST00000331890;ENST00000455319;ENST00000524492;ENST00000526524;ENST00000529279;ENST00000530687	False	False	False	0.0	False	NonCoding	NonCoding	UFM1_dependent
6686	ENSG00000100823	APEX1	chr14	+							6686	46,45,83	0,8,5	15,27,23	0,0,0	289	149	5.11730480387e-05	0.0004601072295796	1.0,0.744,0.895	1.0,1.0,1.0	-0.12					RI	chr14|+|20455577|20456101|20455577|20455773|20455913|20456101	0.0004601072295796	-0.12	0.8796666666666667	1.0	252					20455577	20455773	20455913	20456101								20455577	20456101	17,17,49,4,11,9	29,28,35,11,18,20	0,0,0,0,0,0	0,8,5,0,0,0						6686	chr14	+							6686	48,70,66	0,23,5	28,17,41	11,2,0	289	149	0.954834618964	1.0	1.0,0.611,0.872	0.568,0.814,1.0	0.034					1.0	0.034	0.8276666666666667	0.7939999999999999	311					20455577	20455773	20455913	20456101								20455577	20456101	10,21,19,13,6,18	38,49,47,15,13,23	0,0,0,0,0,0	0,23,5,11,2,0						0.0004601072295796	-0.12	14	+	20455577	20456101	20455577	20455773	20455913	20456101	524	0	2752	0	True	False	1.0		2752	1	True	True	2752	True	1.0	True	1	False	ENST00000555306	ENST00000555306	ENST00000216714;ENST00000398030;ENST00000438886;ENST00000553368;ENST00000553555;ENST00000553681;ENST00000554325;ENST00000554813;ENST00000555414;ENST00000555839;ENST00000556054;ENST00000556296;ENST00000557054;ENST00000557150;ENST00000557159;ENST00000557181;ENST00000557344;ENST00000557365;ENST00000557592	False	False	False	0.0	False	5UTR	5UTR	UFM1_dependent
6764	ENSG00000186862	PDZD7	chr10	-							6764	18,0,0	1,2,4	11,19,6	0,0,0	466	149	1.92729321391e-09	6.09183607613202e-08	0.852,0.0,0.0	1.0,1.0,1.0	-0.716					RI	chr10|-|101023435|101024068|101023435|101023610|101023927|101024068	6.09183607613202e-08	-0.716	0.284	1.0	61					101023435	101023610	101023927	101024068								101023435	101024068	9,0,0,0,8,0	0,0,0,5,5,0	9,0,0,6,6,6	1,2,4,0,0,0						6764	chr10	-							6764	16,11,4	0,2,0	28,2,13	2,0,0	466	149	1.0	1.0	1.0,0.637,1.0	0.817,1.0,1.0	-0.06					1.0	-0.06	0.879	0.939	78					101023435	101023610	101023927	101024068								101023435	101024068	0,5,0,0,0,4	0,1,4,0,2,0	16,5,0,28,0,9	0,2,0,2,0,0						6.09183607613202e-08	-0.716	10	-	101023435	101024068	101023435	101023610	101023927	101024068	633	0	1437	0	True	False	0.0		1437	0	False	False	1437	True	0.0	False	1	True	ENST00000474125	ENST00000474125	ENST00000370215;ENST00000470414;ENST00000619208;ENST00000644782;ENST00000645349	False	True	True	1.0	False	Stop_Codon	Stop_Codon	UFM1_dependent
6808	ENSG00000182481	KPNA2	chr17	+							6808	94,121,133	409,408,609	174,222,332	228,246,360	700	149	0.0	0.0	0.047,0.059,0.044	0.14,0.161,0.164	-0.105					RI	chr17|+|68042084|68042999|68042084|68042353|68042904|68042999	0.0	-0.105	0.0499999999999999	0.155	3336					68042084	68042353	68042904	68042999								68042084	68042999	26,5,16,48,62,74	18,27,33,13,15,20	50,89,84,113,145,238	409,408,609,228,246,360						6808	chr17	+							6808	92,111,147	247,327,568	239,243,148	221,205,407	700	149	4.68642014084e-10	1.555016001677624e-08	0.073,0.067,0.052	0.187,0.201,0.072	-0.089					1.555016001677624e-08	-0.089	0.064	0.1533333333333333	2955					68042084	68042353	68042904	68042999								68042084	68042999	25,11,51,90,66,54	0,18,12,1,25,17	67,82,84,148,152,77	247,327,568,221,205,407						0.0	-0.105	17	+	68042084	68042999	68042084	68042353	68042904	68042999	915	0	3640	0	True	False	1.0		3640	1	True	True	3640	True	1.0	True	1	False	ENST00000677419	ENST00000677419	ENST00000330459;ENST00000537025;ENST00000579754;ENST00000583269;ENST00000583392;ENST00000584026;ENST00000676594;ENST00000676622;ENST00000676857;ENST00000676902;ENST00000677086;ENST00000677223;ENST00000677695;ENST00000677827;ENST00000677918;ENST00000678054;ENST00000678388;ENST00000679078;ENST00000679346	False	False	False	0.0	False	3UTR	3UTR	UFM1_dependent
6811	ENSG00000182481	KPNA2	chr17	+							6811	163,146,118	899,763,1217	239,272,335	446,504,821	398	149	0.0	0.0	0.064,0.067,0.035	0.167,0.168,0.133	-0.101					RI	chr17|+|68043837|68044503|68043837|68044071|68044320|68044503	0.0	-0.101	0.0553333333333333	0.156	5923					68043837	68044071	68044320	68044503								68043837	68044503	46,14,64,98,88,99	42,44,30,78,82,135	75,88,24,63,102,101	899,763,1217,446,504,821						6811	chr17	+							6811	81,158,196	590,668,1192	187,196,299	378,418,721	398	149	0.0	0.0	0.049,0.081,0.058	0.156,0.149,0.134	-0.084					0.0	-0.084	0.0626666666666666	0.1463333333333333	5084					68043837	68044071	68044320	68044503								68043837	68044503	19,42,41,47,62,56	18,76,92,100,86,129	44,40,63,40,48,114	590,668,1192,378,418,721						0.0	-0.101	17	+	68043837	68044503	68043837	68044071	68044320	68044503	666	0	4020	0	True	False	0.0		4020	0	False	False	4020	True	0.0	False	2	False	ENST00000676902;ENST00000677223	ENST00000676902;ENST00000677223	ENST00000330459;ENST00000537025;ENST00000579754;ENST00000583392;ENST00000584026;ENST00000676594;ENST00000676622;ENST00000676857;ENST00000677086;ENST00000677419;ENST00000677695;ENST00000677827;ENST00000677918;ENST00000678054;ENST00000678388;ENST00000679078;ENST00000679346	False	False	False	0.0	False	3UTR	3UTR	UFM1_dependent
6842	ENSG00000092108	SCFD1	chr14	+							6842	100,93,102	46,105,62	148,198,181	41,29,45	2186	149	1.69420033558e-11	8.116278482637938e-10	0.129,0.057,0.101	0.197,0.318,0.215	-0.148					RI	chr14|+|30700187|30702375|30700187|30700258|30702295|30702375	8.116278482637938e-10	-0.148	0.0956666666666666	0.2433333333333333	1150					30700187	30700258	30702295	30702375								30700187	30702375	5,8,5,19,10,14	2,10,10,12,16,9	93,75,87,117,172,158	46,105,62,41,29,45						6842	chr14	+							6842	85,151,219	22,40,62	276,169,233	49,63,33	2186	149	0.224071649893	0.4111724988464986	0.208,0.205,0.194	0.277,0.155,0.325	-0.05					0.4111724988464986	-0.05	0.2023333333333333	0.2523333333333333	1402					30700187	30700258	30702295	30702375								30700187	30702375	17,20,11,5,8,20	0,5,18,21,10,17	68,126,190,250,151,196	22,40,62,49,63,33						8.116278482637938e-10	-0.148	14	+	30700187	30702375	30700187	30700258	30702295	30702375	2188	0	3218	0	True	False	2.0		3218	2	True	True	3218	True	2.0	True	1	False	ENST00000678802	ENST00000678802	ENST00000311943;ENST00000396629;ENST00000458591;ENST00000463622;ENST00000484733;ENST00000544052;ENST00000553693;ENST00000554437;ENST00000554486;ENST00000555259;ENST00000556768;ENST00000557076;ENST00000676465;ENST00000676473;ENST00000676509;ENST00000676520;ENST00000676658;ENST00000676674;ENST00000676750;ENST00000676812;ENST00000676817;ENST00000676834;ENST00000676876;ENST00000676914;ENST00000676954;ENST00000677027;ENST00000677176;ENST00000677340;ENST00000677413;ENST00000677456;ENST00000677617;ENST00000677637;ENST00000677690;ENST00000677974;ENST00000678104;ENST00000678124;ENST00000678185;ENST00000678396;ENST00000678399;ENST00000678402;ENST00000678475;ENST00000678516;ENST00000678579;ENST00000678637;ENST00000678669;ENST00000678716;ENST00000678735;ENST00000678760;ENST00000678858;ENST00000679075;ENST00000679096;ENST00000679102;ENST00000679153;ENST00000679165;ENST00000679342	False	False	False	0.0	False	3UTR	3UTR	UFM1_dependent
6923	ENSG00000204536	CCHCR1	chr6	-							6923	25,16,6	9,16,12	6,29,7	2,0,2	335	149	0.000506273489304	0.003187339873113	0.553,0.308,0.182	0.572,1.0,0.609	-0.379					RI	chr6|-|31156730|31157089|31156730|31156836|31157022|31157089	0.003187339873113	-0.379	0.3476666666666667	0.727	130					31156730	31156836	31157022	31157089								31156730	31157089	22,9,6,6,29,5	3,7,0,0,0,2	0,0,0,0,0,0	9,16,12,2,0,2						6923	chr6	-							6923	25,44,3	8,0,4	25,4,1	0,3,6	335	149	0.412611467376	0.6418754898206245	0.582,1.0,0.25	1.0,0.372,0.069	0.13					0.6418754898206245	0.13	0.6106666666666667	0.4803333333333333	123					31156730	31156836	31157022	31157089								31156730	31157089	25,44,1,25,4,1	0,0,2,0,0,0	0,0,0,0,0,0	8,0,4,0,3,6						0.003187339873113	-0.379	6	-	31156730	31157089	31156730	31156836	31157022	31157089	359	0	4904	0	True	False	2.0		4904	2	True	True	4904	True	2.0	True	1	True	ENST00000428174	ENST00000428174	ENST00000376266;ENST00000396263;ENST00000396268;ENST00000426967;ENST00000448141;ENST00000448162;ENST00000451521;ENST00000455279;ENST00000475684;ENST00000480060;ENST00000488920;ENST00000502557;ENST00000503420;ENST00000503934;ENST00000505392;ENST00000506831;ENST00000507226;ENST00000507459;ENST00000507751;ENST00000507829;ENST00000507892;ENST00000508683;ENST00000508852;ENST00000509552;ENST00000512418;ENST00000513222;ENST00000652427;ENST00000652535	True	False	True	1.0	False	Start_Codon	Start_Codon	UFM1_dependent
7075	ENSG00000171680	PLEKHG5	chr1	-							7075	242,187,204	179,227,181	263,267,285	136,107,189	608	149	1.12996866295e-05	0.0001230722529522	0.249,0.168,0.216	0.322,0.379,0.27	-0.113					RI	chr1|-|6474450|6475138|6474450|6474587|6475046|6475138	0.0001230722529522	-0.113	0.211	0.3236666666666666	2467					6474450	6474587	6475046	6475138								6474450	6475138	12,25,28,16,27,19	79,49,60,65,61,100	151,113,116,182,179,166	179,227,181,136,107,189						7075	chr1	-							7075	243,266,327	180,254,263	202,221,212	193,157,173	608	149	0.939662424566	1.0	0.249,0.204,0.234	0.204,0.256,0.231	-0.001					1.0	-0.001	0.229	0.2303333333333333	2691					6474450	6474587	6475046	6475138								6474450	6475138	28,31,18,22,18,9	74,46,58,27,76,43	141,189,251,153,127,160	180,254,263,193,157,173						0.0001230722529522	-0.113	1	-	6474450	6475138	6474450	6474587	6475046	6475138	688	0	3305	0	True	False	2.0		3305	2	True	True	3305	True	2.0	True	1	False	ENST00000489097	ENST00000489097	ENST00000340850;ENST00000377725;ENST00000377728;ENST00000377732;ENST00000377740;ENST00000377748;ENST00000400913;ENST00000400915;ENST00000535355;ENST00000537245;ENST00000673471;ENST00000674790;ENST00000675093;ENST00000675123;ENST00000675548;ENST00000675655;ENST00000675694;ENST00000676255;ENST00000676287;ENST00000676362	False	False	False	0.0	False	Stop_Codon	Stop_Codon	UFM1_dependent
7301	ENSG00000099622	CIRBP	chr19	+							7301	156,114,184	41,32,92	280,309,444	38,43,62	232	149	1.02647385614e-06	1.5814918808669547e-05	0.71,0.696,0.562	0.826,0.822,0.821	-0.167					RI	chr19|+|1271139|1271632|1271139|1271467|1271550|1271632	1.5814918808669547e-05	-0.167	0.656	0.823	1795					1271139	1271467	1271550	1271632								1271139	1271632	98,28,87,80,138,184	87,104,136,223,250,369	0,0,0,2,0,2	41,32,92,38,43,62						7301	chr19	+							7301	161,184,234	41,52,56	182,316,408	51,33,45	232	149	0.00541854981225	0.021584843216476	0.716,0.694,0.729	0.696,0.86,0.853	-0.09					0.021584843216476	-0.09	0.713	0.8029999999999999	1763					1271139	1271467	1271550	1271632								1271139	1271632	52,86,74,88,133,150	136,139,203,127,238,334	0,0,0,0,0,4	41,52,56,51,33,45						1.5814918808669547e-05	-0.167	19	+	1271139	1271632	1271139	1271467	1271550	1271632	493	0	8382	0	True	False	0.0		8382	0	False	False	8382	True	0.0	False	1	False	ENST00000593283	ENST00000593283	ENST00000320936;ENST00000413636;ENST00000585630;ENST00000585913;ENST00000585914;ENST00000586472;ENST00000586548;ENST00000586636;ENST00000586773;ENST00000587169;ENST00000587323;ENST00000587896;ENST00000588030;ENST00000588090;ENST00000588230;ENST00000588344;ENST00000588411;ENST00000589235;ENST00000589266;ENST00000589686;ENST00000589710;ENST00000590171;ENST00000590347;ENST00000590704;ENST00000591055;ENST00000591097;ENST00000591376;ENST00000591659;ENST00000591935;ENST00000592234;ENST00000592412;ENST00000592815;ENST00000593048;ENST00000593093;ENST00000593128;ENST00000628979	False	False	False	0.0	False	CDS	CDS	UFM1_dependent
7341	ENSG00000164877	MICALL2	chr7	-							7341	206,170,220	52,63,97	375,237,322	37,91,20	1656	149	0.00545320866262	0.0218556049145005	0.263,0.195,0.169	0.477,0.19,0.592	-0.211					RI	chr7|-|1440590|1442484|1440590|1440684|1442191|1442484	0.0218556049145005	-0.211	0.209	0.4196666666666666	1890					1440590	1440684	1442191	1442484								1440590	1442484	28,16,20,46,27,37	32,7,23,38,28,27	146,147,177,291,182,258	52,63,97,37,91,20						7341	chr7	-							7341	124,203,223	33,30,76	402,200,402	26,82,59	1656	149	0.22785604318	0.4158424432650408	0.253,0.378,0.209	0.582,0.18,0.38	-0.101					0.4158424432650408	-0.101	0.28	0.3806666666666666	1860					1440590	1440684	1442191	1442484								1440590	1442484	32,51,29,56,20,43	5,12,14,30,13,67	87,140,180,316,167,292	33,30,76,26,82,59						0.0218556049145005	-0.211	7	-	1440590	1442484	1440590	1440684	1442191	1442484	1894	0	774	0	True	False	0.0		774	0	False	False	774	True	0.0	False	1	False	ENST00000472100	ENST00000472100	ENST00000297508;ENST00000413446;ENST00000467394;ENST00000487156	False	False	False	0.0	False	NonCoding	NonCoding	UFM1_dependent
7460	ENSG00000100889	PCK2	chr14	+							7460	0,2,3	20,18,12	4,3,3	6,5,12	236	149	0.00860065181431	0.0315048966101248	0.0,0.066,0.136	0.296,0.275,0.136	-0.168					RI	chr14|+|24098202|24098678|24098202|24098387|24098474|24098678	0.0315048966101248	-0.168	0.0673333333333333	0.2356666666666666	88					24098202	24098387	24098474	24098678								24098202	24098678	0,0,0,4,2,2	0,2,3,0,1,1	0,0,0,0,0,0	20,18,12,6,5,12						7460	chr14	+							7460	5,6,6	29,18,16	0,0,13	30,12,39	236	149	0.13356060652	0.2790908314097855	0.098,0.174,0.191	0.0,0.0,0.174	0.096					0.2790908314097855	0.096	0.1543333333333333	0.0579999999999999	174					24098202	24098387	24098474	24098678								24098202	24098678	2,6,0,0,0,12	3,2,6,0,0,10	0,0,0,0,0,0	29,18,16,30,12,39						0.0315048966101248	-0.168	14	+	24098202	24098678	24098202	24098387	24098474	24098678	476	0	2644	0	True	False	1.0		2644	1	True	True	2644	True	1.0	True	1	False	ENST00000558674	ENST00000558674	ENST00000216780;ENST00000396973;ENST00000545054;ENST00000558096;ENST00000559250;ENST00000559503;ENST00000559584;ENST00000559837;ENST00000560106;ENST00000560736;ENST00000561050;ENST00000561286	False	False	False	0.0	False	3UTR	3UTR	UFM1_dependent
7464	ENSG00000122678	POLM	chr7	-							7464	145,149,129	20,7,10	104,109,148	0,0,3	313	149	4.98944985328e-09	1.436399366211876e-07	0.775,0.91,0.86	1.0,1.0,0.959	-0.138					RI	chr7|-|44074130|44074530|44074130|44074233|44074397|44074530	1.436399366211876e-07	-0.138	0.8483333333333334	0.9863333333333332	824					44074130	44074233	44074397	44074530								44074130	44074530	46,46,69,31,55,49	63,103,40,45,30,67	36,0,20,28,24,32	20,7,10,0,0,3						7464	chr7	-							7464	97,175,192	6,6,3	90,104,103	1,4,6	313	149	0.951333731748	1.0	0.885,0.933,0.968	0.977,0.925,0.891	-0.002					1.0	-0.002	0.9286666666666666	0.931	787					44074130	44074233	44074397	44074530								44074130	44074530	31,67,115,28,44,49	32,75,61,46,46,38	34,33,16,16,14,16	6,6,3,1,4,6						1.436399366211876e-07	-0.138	7	-	44074130	44074530	44074130	44074233	44074397	44074530	400	0	649	0	True	False	1.0		649	1	True	True	649	True	1.0	True	2	True	ENST00000434229;ENST00000435068	ENST00000434229;ENST00000435068	ENST00000242248;ENST00000335195;ENST00000395831;ENST00000430942;ENST00000458246;ENST00000492971	False	True	True	0.5	False	Stop_Codon	Stop_Codon	UFM1_dependent
7501	ENSG00000100867	DHRS2	chr14	+							7501	44,25,41	5,0,0	139,55,120	0,0,0	3405	149	0.00987003668297	0.0353729193103284	0.278,1.0,1.0	1.0,1.0,1.0	-0.241					RI	chr14|+|23639793|23643219|23639793|23639895|23643151|23643219	0.0353729193103284	-0.241	0.7593333333333333	1.0	429					23639793	23639895	23643151	23643219								23639793	23643219	0,0,0,1,1,0	0,0,0,9,7,7	44,25,41,129,47,113	5,0,0,0,0,0						7501	chr14	+							7501	56,72,86	0,6,0	94,85,130	0,0,2	3405	149	0.0354630749417	0.0979247871846942	1.0,0.344,1.0	1.0,1.0,0.74	-0.132					0.0979247871846942	-0.132	0.7813333333333333	0.9133333333333332	531					23639793	23639895	23643151	23643219								23639793	23643219	4,4,6,12,0,0	12,0,4,9,1,16	40,68,76,73,84,114	0,6,0,0,0,2						0.0353729193103284	-0.241	14	+	23639793	23643219	23639793	23639895	23643151	23643219	3426	0	1020	0	True	False	0.0		1020	0	False	False	1020	True	0.0	False	1	False	ENST00000556729	ENST00000556729	ENST00000250383;ENST00000344777;ENST00000432832;ENST00000553600;ENST00000553896;ENST00000556550;ENST00000556701;ENST00000557535;ENST00000611765	False	False	False	0.0	False	NonCoding	NonCoding	UFM1_dependent
7562	ENSG00000166598	HSP90B1	chr12	+							7562	364,276,317	79,48,41	286,285,350	23,5,25	806	149	4.8784462211e-06	6.23221504745525e-05	0.46,0.515,0.588	0.697,0.913,0.721	-0.256					RI	chr12|+|103931520|103932418|103931520|103931623|103932280|103932418	6.23221504745525e-05	-0.256	0.521	0.777	2099					103931520	103931623	103932280	103932418								103931520	103932418	73,68,61,78,46,70	95,47,57,66,63,58	196,161,199,142,176,222	79,48,41,23,5,25						7562	chr12	+							7562	285,279,237	25,110,36	260,365,281	14,32,43	806	149	0.0649781294115	0.1599033918158307	0.678,0.319,0.549	0.774,0.678,0.547	-0.151					0.1599033918158307	-0.151	0.5153333333333334	0.6663333333333333	1967					103931520	103931623	103932280	103932418								103931520	103932418	28,56,52,62,67,59	61,79,54,61,56,59	196,144,131,137,242,163	25,110,36,14,32,43						6.23221504745525e-05	-0.256	12	+	103931520	103932418	103931520	103931623	103932280	103932418	898	0	3330	0	True	False	0.0		3330	0	False	False	3330	True	0.0	False	4	False	ENST00000679377;ENST00000680653;ENST00000681704;ENST00000681910	ENST00000679377;ENST00000680653;ENST00000681704;ENST00000681910	ENST00000299767;ENST00000540297;ENST00000548462;ENST00000548622;ENST00000549334;ENST00000550595;ENST00000614327;ENST00000640977;ENST00000679538;ENST00000679779;ENST00000679861;ENST00000680242;ENST00000680281;ENST00000680316;ENST00000680370;ENST00000680391;ENST00000680663;ENST00000680762;ENST00000680899;ENST00000680989;ENST00000681172;ENST00000681174;ENST00000681698;ENST00000681861;ENST00000681941;ENST00000681949	False	False	False	0.0	False	Stop_Codon	Stop_Codon	UFM1_dependent
7590	ENSG00000197102	DYNC1H1	chr14	+							7590	167,100,109	8,3,19	107,85,35	0,4,0	364	149	0.000181323872434	0.0013477308918367	0.895,0.932,0.701	1.0,0.897,1.0	-0.123					RI	chr14|+|102050070|102050773|102050070|102050198|102050413|102050773	0.0013477308918367	-0.123	0.8426666666666667	0.9656666666666668	637					102050070	102050198	102050413	102050773								102050070	102050773	37,23,40,24,36,13	99,46,33,59,29,12	31,31,36,24,20,10	8,3,19,0,4,0						7590	chr14	+							7590	64,108,158	0,0,0	29,51,92	2,0,0	364	149	1.0	1.0	1.0,1.0,1.0	0.856,1.0,1.0	0.048					1.0	0.048	1.0	0.952	504					102050070	102050198	102050413	102050773								102050070	102050773	10,39,51,11,25,23	26,42,69,18,23,55	28,27,38,0,3,14	0,0,0,2,0,0						0.0013477308918367	-0.123	14	+	102050070	102050773	102050070	102050198	102050413	102050773	703	0	1195	0	True	False	1.0		1195	1	True	True	1195	True	1.0	True	1	False	ENST00000643591	ENST00000643591	ENST00000360184;ENST00000555062;ENST00000556229;ENST00000643437;ENST00000643729;ENST00000643829;ENST00000644239;ENST00000644881;ENST00000645039;ENST00000645085;ENST00000645149;ENST00000645978;ENST00000647143;ENST00000647204;ENST00000647366;ENST00000679720;ENST00000679910;ENST00000680120;ENST00000680178;ENST00000680200;ENST00000680313;ENST00000680423;ENST00000680715;ENST00000681066;ENST00000681283;ENST00000681536;ENST00000681574;ENST00000681822;ENST00000684561	False	False	False	0.0	False	Stop_Codon	Stop_Codon	UFM1_dependent
7660	ENSG00000105835	NAMPT	chr7	-							7660	215,135,191	42,44,87	362,292,435	70,35,56	3366	149	9.4939878903e-07	1.4851309628397858e-05	0.185,0.12,0.089	0.186,0.27,0.256	-0.106					RI	chr7|-|106269153|106272658|106269153|106269312|106272529|106272658	1.4851309628397858e-05	-0.106	0.1313333333333333	0.2373333333333333	1964					106269153	106269312	106272529	106272658								106269153	106272658	5,27,4,10,2,12	5,2,15,17,7,8	205,106,172,335,283,415	42,44,87,70,35,56						7660	chr7	-							7660	202,202,242	41,50,45	417,298,248	43,57,40	3366	149	0.0304492786867	0.0865740084693885	0.179,0.152,0.192	0.3,0.188,0.215	-0.06					0.0865740084693885	-0.06	0.1743333333333333	0.2343333333333333	1885					106269153	106269312	106272529	106272658								106269153	106272658	1,2,0,24,2,8	4,7,11,25,10,17	197,193,231,368,286,223	41,50,45,43,57,40						1.4851309628397858e-05	-0.106	7	-	106269153	106272658	106269153	106269312	106272529	106272658	3505	0	6283	0	True	False	1.0		6283	1	True	True	6283	True	1.0	True	1	False	ENST00000680669	ENST00000680669	ENST00000222553;ENST00000354289;ENST00000393618;ENST00000417537;ENST00000424768;ENST00000441045;ENST00000467730;ENST00000484527;ENST00000486949;ENST00000489358;ENST00000489732;ENST00000491027;ENST00000679461;ENST00000679643;ENST00000679717;ENST00000679873;ENST00000679894;ENST00000679951;ENST00000680077;ENST00000680129;ENST00000680152;ENST00000680468;ENST00000680516;ENST00000680584;ENST00000680675;ENST00000680708;ENST00000680786;ENST00000680823;ENST00000680864;ENST00000680991;ENST00000681223;ENST00000681255;ENST00000681297;ENST00000681391;ENST00000681456;ENST00000681491;ENST00000681494;ENST00000681550;ENST00000681653;ENST00000681878;ENST00000681887;ENST00000681936	False	False	False	0.0	False	Stop_Codon	Stop_Codon	UFM1_dependent
7780	ENSG00000055609	KMT2C	chr7	-							7780	539,427,424	75,57,61	662,536,935	46,66,50	3193	149	0.00230058552544	0.0109698214945552	0.251,0.259,0.245	0.402,0.275,0.466	-0.129					RI	chr7|-|152158862|152163826|152158862|152159072|152162116|152163826	0.0109698214945552	-0.129	0.2516666666666666	0.381	3878					152158862	152159072	152162116	152163826								152158862	152163826	54,68,46,87,43,58	28,22,17,30,29,26	457,337,361,545,464,851	75,57,61,46,66,50						7780	chr7	-							7780	446,501,519	62,95,94	608,468,577	59,97,58	3193	149	0.0869990220191	0.1999950871615321	0.251,0.197,0.205	0.325,0.184,0.317	-0.058					0.1999950871615321	-0.058	0.2176666666666666	0.2753333333333333	3584					152158862	152159072	152162116	152163826								152158862	152163826	48,63,46,66,64,75	26,1,17,22,27,8	372,437,456,520,377,494	62,95,94,59,97,58						0.0109698214945552	-0.129	7	-	152158862	152163826	152158862	152159072	152162116	152163826	4964	0	33573	0	True	False	0.0		33573	0	False	False	33573	True	0.0	False	1	False	ENST00000683120	ENST00000683120	ENST00000262189;ENST00000360104;ENST00000418061;ENST00000424877;ENST00000473186;ENST00000679393;ENST00000679560;ENST00000679882;ENST00000680029;ENST00000680877;ENST00000680969;ENST00000681923;ENST00000682283;ENST00000683178;ENST00000683200;ENST00000683397;ENST00000683502;ENST00000683625;ENST00000683670;ENST00000683886;ENST00000684261;ENST00000684307;ENST00000684398;ENST00000684649	False	False	False	0.0	False	CDS	CDS	UFM1_dependent
7783	ENSG00000055609	KMT2C	chr7	-							7783	24,51,11	31,11,37	29,81,93	33,8,21	2190	149	0.00292039588089	0.0132847682059476	0.05,0.24,0.02	0.056,0.408,0.232	-0.129					RI	chr7|-|152202933|152205225|152202933|152203064|152205105|152205225	0.0132847682059476	-0.129	0.1033333333333333	0.2319999999999999	430					152202933	152203064	152205105	152205225								152202933	152205225	2,1,1,4,14,15	0,0,0,0,0,4	22,50,10,25,67,74	31,11,37,33,8,21						7783	chr7	-							7783	37,25,21	36,20,23	46,40,34	25,54,19	2190	149	0.415919450032	0.6453590849802795	0.065,0.078,0.058	0.111,0.048,0.109	-0.022					0.6453590849802795	-0.022	0.067	0.0893333333333333	380					152202933	152203064	152205105	152205225								152202933	152205225	0,0,0,6,0,9	1,0,4,0,0,0	36,25,17,40,40,25	36,20,23,25,54,19						0.0132847682059476	-0.129	7	-	152202933	152205225	152202933	152203064	152205105	152205225	2292	0	2268	0	True	False	0.0		2268	0	False	False	2268	True	0.0	False	1	False	ENST00000683254	ENST00000683254	ENST00000262189;ENST00000473186;ENST00000489110;ENST00000679645;ENST00000679882;ENST00000680969;ENST00000681033;ENST00000681838;ENST00000682176;ENST00000682283;ENST00000683200;ENST00000683490;ENST00000684550;ENST00000684623	False	False	False	0.0	False	Stop_Codon	Stop_Codon	UFM1_dependent
7803	ENSG00000175265	GOLGA8A	chr15	-							7803	96,77,68	14,19,27	52,92,93	1,7,13	236	149	0.000472804625927	0.0030133067528643	0.812,0.719,0.614	0.97,0.892,0.819	-0.179					RI	chr15|-|34391122|34391426|34391122|34391265|34391352|34391426	0.0030133067528643	-0.179	0.715	0.8936666666666666	559					34391122	34391265	34391352	34391426								34391122	34391426	28,28,39,15,49,42	72,64,46,41,76,65	0,0,0,0,0,0	14,19,27,1,7,13						7803	chr15	-							7803	60,88,92	0,3,14	79,72,65	0,1,24	236	149	0.953362641082	1.0	1.0,0.949,0.806	1.0,0.978,0.631	0.049					1.0	0.049	0.9183333333333332	0.8696666666666667	498					34391122	34391265	34391352	34391426								34391122	34391426	20,17,38,23,27,27	53,82,85,70,52,53	0,0,0,0,0,0	0,3,14,0,1,24						0.0030133067528643	-0.179	15	-	34391122	34391426	34391122	34391265	34391352	34391426	304	0	0	0	False	False			0	0		False	0	False			2	False	ENST00000359187;ENST00000699472	ENST00000359187;ENST00000699472	ENST00000473125	False	False	False	0.0	False	5UTR	5UTR	UFM1_dependent
7872	ENSG00000085998	POMGNT1	chr1	-							7872	199,184,224	4,21,0	73,88,74	1,0,0	850	149	6.92033137959e-05	0.0005943343420118	0.897,0.606,1.0	0.928,1.0,1.0	-0.142					RI	chr1|-|46196011|46196849|46196011|46196077|46196778|46196849	0.0005943343420118	-0.142	0.8343333333333334	0.976	868					46196011	46196077	46196778	46196849								46196011	46196849	38,27,47,2,6,1	38,32,29,22,14,20	123,125,148,49,68,53	4,21,0,1,0,0						7872	chr1	-							7872	165,183,156	0,0,4	106,80,64	0,6,0	850	149	0.0687949827259	0.166514188649984	1.0,1.0,0.872	1.0,0.7,1.0	0.057					0.166514188649984	0.057	0.9573333333333334	0.9	764					46196011	46196077	46196778	46196849								46196011	46196849	5,20,18,26,9,5	50,38,32,21,8,12	110,125,106,59,63,47	0,0,4,0,6,0						0.0005943343420118	-0.142	1	-	46196011	46196849	46196011	46196077	46196778	46196849	838	0	3156	0	True	False	0.0		3156	0	False	False	3156	True	0.0	False	1	False	ENST00000688919	ENST00000688919	ENST00000371984;ENST00000371992;ENST00000396420;ENST00000477114;ENST00000489985;ENST00000497439;ENST00000684817;ENST00000684898;ENST00000685230;ENST00000685275;ENST00000685444;ENST00000685704;ENST00000685775;ENST00000685833;ENST00000686252;ENST00000686379;ENST00000686724;ENST00000686737;ENST00000687112;ENST00000687149;ENST00000687197;ENST00000687235;ENST00000687613;ENST00000687683;ENST00000688032;ENST00000688596;ENST00000688608;ENST00000689031;ENST00000689717;ENST00000689756;ENST00000690377;ENST00000690678;ENST00000691209;ENST00000691243;ENST00000692169;ENST00000692202;ENST00000692322;ENST00000692369;ENST00000692599;ENST00000692635;ENST00000693168;ENST00000693218;ENST00000693223;ENST00000693365	False	False	False	0.0	False	CDS	CDS	UFM1_dependent
7962	ENSG00000107862	GBF1	chr10	+							7962	74,33,45	7,16,6	63,78,71	0,1,9	299	149	0.00100455237691	0.0056306354435211	0.84,0.507,0.789	1.0,0.975,0.797	-0.212					RI	chr10|+|102376559|102377128|102376559|102376784|102376934|102377128	0.0056306354435211	-0.212	0.712	0.924	403					102376559	102376784	102376934	102377128								102376559	102377128	20,12,13,22,14,18	54,21,32,41,64,53	0,0,0,0,0,0	7,16,6,0,1,9						7962	chr10	+							7962	87,49,152	0,4,2	68,53,53	0,4,8	299	149	0.0146574545929	0.0484755576596512	1.0,0.859,0.974	1.0,0.868,0.768	0.066					0.0484755576596512	0.066	0.9443333333333334	0.8786666666666667	480					102376559	102376784	102376934	102377128								102376559	102377128	17,20,44,15,15,12	70,29,107,53,38,41	0,0,1,0,0,0	0,4,2,0,4,8						0.0056306354435211	-0.212	10	+	102376559	102377128	102376559	102376784	102376934	102377128	569	0	8603	0	True	False	2.0		8603	2	True	True	8603	True	2.0	True	1	False	ENST00000676560	ENST00000676560	ENST00000369983;ENST00000673650;ENST00000674034;ENST00000676513;ENST00000676558;ENST00000676682;ENST00000676877;ENST00000676939;ENST00000676993;ENST00000677100;ENST00000677240;ENST00000677247;ENST00000677269;ENST00000677439;ENST00000677487;ENST00000677506;ENST00000677618;ENST00000677642;ENST00000677655;ENST00000677811;ENST00000678036;ENST00000678319;ENST00000678344;ENST00000678351;ENST00000678417;ENST00000678476;ENST00000678504;ENST00000678514;ENST00000678558;ENST00000678571;ENST00000678585;ENST00000678665;ENST00000678666;ENST00000678742;ENST00000679013;ENST00000679155;ENST00000679186;ENST00000679238;ENST00000679280	False	False	False	0.0	False	CDS	CDS	UFM1_dependent
7963	ENSG00000107862	GBF1	chr10	+							7963	59,22,32	127,81,148	50,71,66	92,69,122	283	149	9.69510550308e-05	0.0007947912693166	0.197,0.125,0.102	0.222,0.351,0.222	-0.124					RI	chr10|+|102376559|102377128|102376559|102376800|102376934|102377128	0.0007947912693166	-0.124	0.1413333333333333	0.265	939					102376559	102376800	102376934	102377128								102376559	102377128	5,1,0,9,12,13	54,21,32,41,64,53	0,0,0,0,0,0	127,81,148,92,69,122						7963	chr10	+							7963	80,38,131	151,116,199	54,48,44	117,95,74	283	149	0.973494204655	1.0	0.218,0.147,0.257	0.195,0.21,0.238	-0.007					1.0	-0.007	0.2073333333333333	0.2143333333333333	1147					102376559	102376800	102376934	102377128								102376559	102377128	10,12,24,3,12,3	70,29,107,53,38,41	0,0,0,0,0,0	151,116,199,117,95,74						0.0007947912693166	-0.124	10	+	102376559	102377128	102376559	102376800	102376934	102377128	569	0	8603	0	True	False	2.0		8603	2	True	True	8603	True	2.0	True	1	False	ENST00000676560	ENST00000676560	ENST00000369983;ENST00000673650;ENST00000674034;ENST00000676513;ENST00000676558;ENST00000676682;ENST00000676877;ENST00000676939;ENST00000676993;ENST00000677100;ENST00000677240;ENST00000677247;ENST00000677269;ENST00000677439;ENST00000677487;ENST00000677506;ENST00000677618;ENST00000677642;ENST00000677655;ENST00000677811;ENST00000678036;ENST00000678319;ENST00000678344;ENST00000678351;ENST00000678417;ENST00000678476;ENST00000678504;ENST00000678514;ENST00000678558;ENST00000678571;ENST00000678585;ENST00000678665;ENST00000678666;ENST00000678742;ENST00000679013;ENST00000679155;ENST00000679186;ENST00000679238;ENST00000679280	False	False	False	0.0	False	CDS	CDS	UFM1_dependent
7980	ENSG00000104381	GDAP1	chr8	+							7980	57,66,138	17,6,20	165,192,220	3,15,1	1109	149	3.30545521475e-05	0.00031797124437	0.311,0.596,0.481	0.881,0.632,0.967	-0.364					RI	chr8|+|74361883|74363053|74361883|74361978|74362938|74363053	0.00031797124437	-0.364	0.4626666666666666	0.8266666666666667	900					74361883	74361978	74362938	74363053								74361883	74363053	1,6,27,47,31,28	18,15,39,20,19,28	38,45,72,98,142,164	17,6,20,3,15,1						7980	chr8	+							7980	101,94,100	0,5,2	214,171,141	6,15,10	1109	149	0.0177042758921	0.0564499060783484	1.0,0.716,0.87	0.827,0.605,0.655	0.166					0.0564499060783484	0.166	0.862	0.6956666666666667	859					74361883	74361978	74362938	74363053								74361883	74363053	14,6,23,17,5,33	13,9,14,52,49,31	74,79,63,145,117,77	0,5,2,6,15,10						0.00031797124437	-0.364	8	+	74361883	74363053	74361883	74361978	74362938	74363053	1170	0	4983	0	True	False	0.0		4983	0	False	False	4983	True	0.0	False	1	False	ENST00000674926	ENST00000674926	ENST00000220822;ENST00000434412;ENST00000520797;ENST00000521096;ENST00000522568;ENST00000523640;ENST00000524195;ENST00000674612;ENST00000674710;ENST00000674754;ENST00000674756;ENST00000674806;ENST00000674865;ENST00000674934;ENST00000674944;ENST00000674946;ENST00000674973;ENST00000675007;ENST00000675060;ENST00000675165;ENST00000675220;ENST00000675265;ENST00000675336;ENST00000675376;ENST00000675463;ENST00000675472;ENST00000675474;ENST00000675560;ENST00000675565;ENST00000675625;ENST00000675633;ENST00000675661;ENST00000675706;ENST00000675821;ENST00000675832;ENST00000675928;ENST00000675944;ENST00000675999;ENST00000676049;ENST00000676112;ENST00000676120;ENST00000676143;ENST00000676207;ENST00000676377;ENST00000676415;ENST00000676443	False	False	False	0.0	False	CDS	CDS	UFM1_dependent
8116	ENSG00000197363	ZNF517	chr8	+							8116	76,26,40	12,14,5	15,29,33	0,0,0	1326	149	1.4260415071e-10	5.908436838876486e-09	0.416,0.173,0.473	1.0,1.0,1.0	-0.646					RI	chr8|+|144802869|144804238|144802869|144802947|144804124|144804238	5.908436838876486e-09	-0.646	0.354	1.0	250					144802869	144802947	144804124	144804238								144802869	144804238	13,3,0,0,10,11	0,0,6,0,0,1	63,23,34,15,19,21	12,14,5,0,0,0						8116	chr8	+							8116	14,21,63	0,1,0	37,8,42	3,0,0	1326	149	0.401324364476	0.630652572748	1.0,0.702,1.0	0.581,1.0,1.0	0.04					0.630652572748	0.04	0.9006666666666666	0.8603333333333333	189					144802869	144802947	144804124	144804238								144802869	144804238	8,2,5,11,0,0	0,0,0,0,0,0	6,19,58,26,8,42	0,1,0,3,0,0						5.908436838876486e-09	-0.646	8	+	144802869	144804238	144802869	144802947	144804124	144804238	1369	0	1249	0	True	False	1.0		1249	1	True	True	1249	True	1.0	True	1	False	ENST00000530879	ENST00000530879	ENST00000359971;ENST00000525105;ENST00000526178;ENST00000528012;ENST00000529429;ENST00000533965	False	False	False	0.0	False	CDS	CDS	UFM1_dependent
8190	ENSG00000064545	TMEM161A	chr19	-							8190	218,271,180	57,94,94	146,180,192	27,56,35	252	149	0.0134252541428	0.0450348240720183	0.693,0.63,0.531	0.762,0.655,0.764	-0.109					RI	chr19|-|19121307|19121668|19121307|19121421|19121524|19121668	0.0450348240720183	-0.109	0.618	0.727	1550					19121307	19121421	19121524	19121668								19121307	19121668	137,208,124,104,146,171	84,66,54,45,35,35	0,0,12,0,8,0	57,94,94,27,56,35						8190	chr19	-							8190	149,186,403	57,59,67	174,209,153	18,20,44	252	149	0.0171501912275	0.0550026578984984	0.607,0.651,0.781	0.851,0.861,0.673	-0.115					0.0550026578984984	-0.115	0.6796666666666666	0.795	1539					19121307	19121421	19121524	19121668								19121307	19121668	95,126,322,140,174,121	60,88,102,40,36,40	6,0,0,0,0,0	57,59,67,18,20,44						0.0450348240720183	-0.109	19	-	19121307	19121668	19121307	19121421	19121524	19121668	361	0	1424	0	True	False	2.0		1424	2	True	True	1424	True	2.0	True	1	False	ENST00000587406	ENST00000587406	ENST00000162044;ENST00000450333;ENST00000587096;ENST00000587583;ENST00000587925;ENST00000587985;ENST00000589448;ENST00000590216;ENST00000591031	False	False	False	0.0	False	3UTR	3UTR	UFM1_dependent
8265	ENSG00000114745	GORASP1	chr3	-							8265	182,237,312	24,7,1	161,103,114	0,0,5	686	149	0.00885942574618	0.0322409487688876	0.622,0.88,0.985	1.0,1.0,0.832	-0.115					RI	chr3|-|39098740|39099503|39098740|39098815|39099352|39099503	0.0322409487688876	-0.115	0.829	0.944	1146					39098740	39098815	39099352	39099503								39098740	39099503	89,77,90,50,25,52	13,34,22,13,10,12	80,126,200,98,68,50	24,7,1,0,0,5						8265	chr3	-							8265	151,224,308	3,7,0	133,100,95	0,10,0	686	149	0.37792074103	0.6039596223374694	0.916,0.874,1.0	1.0,0.685,1.0	0.035					0.6039596223374694	0.035	0.93	0.895	1031					39098740	39098815	39099352	39099503								39098740	39099503	60,94,120,32,47,31	26,14,23,19,21,21	65,116,165,82,32,43	3,7,0,0,10,0						0.0322409487688876	-0.115	3	-	39098740	39099503	39098740	39098815	39099352	39099503	763	0	4838	0	True	False	2.0		4838	2	True	True	4838	True	2.0	True	6	False	ENST00000473827;ENST00000476334;ENST00000695415;ENST00000695429;ENST00000695446;ENST00000695596	ENST00000473827;ENST00000476334;ENST00000695415;ENST00000695429;ENST00000695446;ENST00000695596	ENST00000319283;ENST00000411813;ENST00000419156;ENST00000422110;ENST00000427459;ENST00000431601;ENST00000437458;ENST00000441081;ENST00000441302;ENST00000452389;ENST00000453680;ENST00000469471;ENST00000470910;ENST00000479124;ENST00000479927;ENST00000489587;ENST00000492064;ENST00000695412;ENST00000695414;ENST00000695416;ENST00000695424;ENST00000695425;ENST00000695426;ENST00000695427;ENST00000695428;ENST00000695430;ENST00000695431;ENST00000695441;ENST00000695442;ENST00000695443;ENST00000695444;ENST00000695445;ENST00000695587;ENST00000695588;ENST00000695589;ENST00000695590;ENST00000695591;ENST00000695592;ENST00000695593;ENST00000695594;ENST00000695595;ENST00000695597	False	False	False	0.0	False	CDS	CDS	UFM1_dependent
8315	ENSG00000106948	AKNA	chr9	-							8315	126,106,212	18,15,47	127,247,249	19,11,15	2208	149	0.00503999148811	0.0205350350864388	0.321,0.323,0.233	0.311,0.602,0.528	-0.188					RI	chr9|-|114343707|114346009|114343707|114343803|114345862|114346009	0.0205350350864388	-0.188	0.2923333333333333	0.4803333333333333	1192					114343707	114343803	114345862	114346009								114343707	114346009	11,4,8,10,23,7	0,0,0,1,3,7	115,102,204,116,221,235	18,15,47,19,11,15						8315	chr9	-							8315	135,169,160	2,13,27	161,238,183	2,19,13	2208	149	0.574903957597	0.803667824057473	0.82,0.467,0.286	0.845,0.458,0.487	-0.072					0.803667824057473	-0.072	0.5243333333333333	0.5966666666666667	1122					114343707	114343803	114345862	114346009								114343707	114346009	11,7,10,11,1,30	0,3,0,0,5,0	124,159,150,150,232,153	2,13,27,2,19,13						0.0205350350864388	-0.188	9	-	114343707	114346009	114343707	114343803	114345862	114346009	2302	0	1215	0	True	False	0.0		1215	0	False	False	1215	True	0.0	False	1	False	ENST00000492875	ENST00000492875	ENST00000223791;ENST00000307564;ENST00000374075;ENST00000374079;ENST00000374088	False	False	False	0.0	False	3UTR	3UTR	UFM1_dependent
8389	ENSG00000130713	EXOSC2	chr9	+							8389	2118,2151,2662	171,209,196	1386,1515,1958	84,92,83	1347	149	0.000156280212295	0.0011919281863096	0.578,0.532,0.6	0.646,0.646,0.723	-0.102					RI	chr9|+|130700866|130702310|130700866|130700935|130702133|130702310	0.0011919281863096	-0.102	0.57	0.6716666666666666	12625					130700866	130700935	130702133	130702310								130700866	130702310	391,313,335,223,305,263	329,340,411,224,244,283	1398,1498,1916,939,966,1412	171,209,196,84,92,83						8389	chr9	+							8389	1989,2381,2623	155,125,191	1443,1700,1740	101,63,138	1347	149	0.501214046553	0.735560541223224	0.587,0.678,0.603	0.612,0.749,0.582	-0.025					0.735560541223224	-0.025	0.6226666666666667	0.6476666666666666	12649					130700866	130700935	130702133	130702310								130700866	130702310	341,406,341,223,239,274	287,335,450,212,293,203	1361,1640,1832,1008,1168,1263	155,125,191,101,63,138						0.0011919281863096	-0.102	9	+	130700866	130702310	130700866	130700935	130702133	130702310	1444	0	1644	0	True	False	0.0		1644	0	False	False	1644	True	0.0	False	2	False	ENST00000687420;ENST00000688967	ENST00000687420;ENST00000688967	ENST00000372350;ENST00000372351;ENST00000372352;ENST00000372358;ENST00000430138;ENST00000467138;ENST00000491115;ENST00000495699;ENST00000546165;ENST00000685137;ENST00000685277;ENST00000686102;ENST00000686106;ENST00000687051;ENST00000688258;ENST00000688350;ENST00000688364;ENST00000689662;ENST00000689890;ENST00000691104;ENST00000691284;ENST00000691425;ENST00000691926;ENST00000692794;ENST00000693011;ENST00000693435;ENST00000693610	False	False	False	0.0	False	Stop_Codon	Stop_Codon	UFM1_dependent
8499	ENSG00000160753	RUSC1	chr1	+							8499	622,714,583	16,9,20	161,297,321	0,0,0	1136	149	5.8856763907e-10	2.0983120713821163e-08	0.836,0.912,0.793	1.0,1.0,1.0	-0.153					RI	chr1|+|155325863|155327132|155325863|155325910|155326897|155327132	2.0983120713821163e-08	-0.153	0.847	1.0	2743					155325863	155325910	155326897	155327132								155325863	155327132	27,29,37,2,13,12	119,222,193,58,59,114	476,463,353,101,225,195	16,9,20,0,0,0						8499	chr1	+							8499	429,624,577	5,10,10	194,180,270	6,0,0	1136	149	0.0800515758606	0.1870864808909301	0.918,0.891,0.883	0.809,1.0,1.0	-0.039					0.1870864808909301	-0.039	0.8973333333333333	0.9363333333333334	2305					155325863	155325910	155326897	155327132								155325863	155327132	17,34,30,0,11,0	114,144,164,62,59,87	298,446,383,132,110,183	5,10,10,6,0,0						2.0983120713821163e-08	-0.153	1	+	155325863	155327132	155325863	155325910	155326897	155327132	1269	0	4954	0	True	False	1.0		4954	1	True	True	4954	True	1.0	True	1	False	ENST00000462780	ENST00000462780	ENST00000292254;ENST00000368347;ENST00000368349;ENST00000368352;ENST00000368354;ENST00000467820;ENST00000468764;ENST00000471876;ENST00000473331;ENST00000479924;ENST00000485924;ENST00000489860;ENST00000490373;ENST00000492536;ENST00000497930;ENST00000696599	False	False	False	0.0	False	Start_Codon	Start_Codon	UFM1_dependent
8512	ENSG00000118873	RAB3GAP2	chr1	-							8512	397,412,285	9,12,28	240,302,384	2,8,4	2646	149	0.00994553251123	0.0355603529789284	0.713,0.659,0.364	0.871,0.68,0.844	-0.22					RI	chr1|-|220164732|220167399|220164732|220164795|220167292|220167399	0.0355603529789284	-0.22	0.5786666666666667	0.7983333333333333	2083					220164732	220164795	220167292	220167399								220164732	220167399	20,16,8,14,6,24	17,5,11,13,13,7	360,391,266,213,283,353	9,12,28,2,8,4						8512	chr1	-							8512	318,443,340	0,12,3	347,402,308	1,11,4	2646	149	0.667506584744	0.8814940444498176	1.0,0.675,0.865	0.951,0.673,0.813	0.034					0.8814940444498176	0.034	0.8466666666666667	0.8123333333333334	2189					220164732	220164795	220167292	220167399								220164732	220167399	22,27,8,16,20,5	14,6,0,10,2,14	282,410,332,321,380,289	0,12,3,1,11,4						0.0355603529789284	-0.22	1	-	220164732	220167399	220164732	220164795	220167292	220167399	2667	0	1914	0	True	False	0.0		1914	0	False	False	1914	True	0.0	False	1	False	ENST00000693602	ENST00000693602	ENST00000358951;ENST00000685286;ENST00000685664;ENST00000686381;ENST00000687065;ENST00000687394;ENST00000687647;ENST00000688035;ENST00000690315;ENST00000690373;ENST00000690824;ENST00000691661;ENST00000691862;ENST00000692813;ENST00000692972	False	False	False	0.0	False	CDS	CDS	UFM1_dependent
8569	ENSG00000148688	RPP30	chr10	+							8569	183,246,234	26,13,39	100,107,124	7,4,3	711	149	0.00264877994463	0.0122398783876949	0.596,0.799,0.557	0.75,0.849,0.897	-0.181					RI	chr10|+|90894774|90895483|90894774|90894891|90895453|90895483	0.0122398783876949	-0.181	0.6506666666666667	0.832	1086					90894774	90894891	90895453	90895483								90894774	90895483	30,51,32,29,6,14	25,42,33,12,10,26	128,153,169,59,91,84	26,13,39,7,4,3						8569	chr10	+							8569	130,198,160	12,1,39	32,95,38	8,8,6	711	149	0.189427932012	0.363506603565449	0.694,0.976,0.462	0.456,0.713,0.57	0.131					0.363506603565449	0.131	0.7106666666666667	0.5796666666666667	727					90894774	90894891	90895453	90895483								90894774	90895483	20,12,26,4,22,6	30,85,29,5,21,4	80,101,105,23,52,28	12,1,39,8,8,6						0.0122398783876949	-0.181	10	+	90894774	90895483	90894774	90894891	90895453	90895483	709	0	558	0	True	False	0.0		558	0	False	False	558	True	0.0	False	1	False	ENST00000487998	ENST00000487998	ENST00000277882;ENST00000371703;ENST00000413330;ENST00000414836;ENST00000466462;ENST00000480406;ENST00000489806	False	False	False	0.0	False	NonCoding	NonCoding	UFM1_dependent
8587	ENSG00000075826	SEC31B	chr10	-							8587	69,89,132	7,2,8	60,67,102	0,0,2	423	149	2.48637453059e-05	0.0002500364841903	0.776,0.94,0.853	1.0,1.0,0.947	-0.126					RI	chr10|-|100488857|100489398|100488857|100488977|100489251|100489398	0.0002500364841903	-0.126	0.8563333333333333	0.9823333333333332	538					100488857	100488977	100489251	100489398								100488857	100489398	19,9,68,24,15,24	15,33,24,30,28,37	35,47,40,6,24,41	7,2,8,0,0,2						8587	chr10	-							8587	83,151,152	0,3,4	130,92,45	6,2,5	423	149	0.0213490286423	0.0652463481633854	1.0,0.947,0.93	0.884,0.942,0.76	0.097					0.0652463481633854	0.097	0.959	0.862	673					100488857	100488977	100489251	100489398								100488857	100489398	35,41,49,15,5,13	35,63,46,80,29,15	13,47,57,35,58,17	0,3,4,6,2,5						0.0002500364841903	-0.126	10	-	100488857	100489398	100488857	100488977	100489251	100489398	541	0	264	0	True	False	0.0		264	0	False	False	264	True	0.0	False	1	False	ENST00000485800	ENST00000485800	ENST00000370345;ENST00000462434;ENST00000469546;ENST00000479697;ENST00000482456;ENST00000492667	False	False	False	0.0	False	3UTR	3UTR	UFM1_dependent
