rank	motif_DB	motif_ID	motif_alt_ID	consensus	p-value	adj_p-value	E-value	tests	FASTA_max	pos	neg	PWM_min	TP	%TP	FP	%FP
1	/Users/ranjithpapareddy/Desktop/Desktop-Ranjith-iMac/forGIT/UFMylation_Ribosome_stalling_RNA_Splicing/Part4_Splicing_Analysis/data/motifs/CisBP_Human_All.meme	M00065_2.00	PCBP2	CCUYCCC	1.45e-10	1.64e-7	8.92e-5	1128	150	150	1335	8	43	28.67	120	8.99
2	/Users/ranjithpapareddy/Desktop/Desktop-Ranjith-iMac/forGIT/UFMylation_Ribosome_stalling_RNA_Splicing/Part4_Splicing_Analysis/data/motifs/CisBP_Human_All.meme	M00767_2.00	PCBP2	UWCCC	5.68e-9	4.84e-6	2.63e-3	852	150	150	1335	1.98	54	36.00	205	15.36
3	/Users/ranjithpapareddy/Desktop/Desktop-Ranjith-iMac/forGIT/UFMylation_Ribosome_stalling_RNA_Splicing/Part4_Splicing_Analysis/data/motifs/CisBP_Human_All.meme	M00518_2.00	MBNL1	YGCU	1.19e-7	5.25e-5	2.85e-2	440	150	150	1335	1.26	46	30.67	174	13.03
4	/Users/ranjithpapareddy/Desktop/Desktop-Ranjith-iMac/forGIT/UFMylation_Ribosome_stalling_RNA_Splicing/Part4_Splicing_Analysis/data/motifs/CisBP_Human_All.meme	M00229_2.00	PCBP3	CCUUUCCC	6.76e-8	6.36e-5	3.46e-2	941	150	150	1335	2.71	54	36.00	222	16.63
5	/Users/ranjithpapareddy/Desktop/Desktop-Ranjith-iMac/forGIT/UFMylation_Ribosome_stalling_RNA_Splicing/Part4_Splicing_Analysis/data/motifs/CisBP_Human_All.meme	M00233_2.00	PCBP3	VUWUCCC	1.01e-7	7.44e-5	4.05e-2	740	150	150	1335	2.28	33	22.00	97	7.27
6	/Users/ranjithpapareddy/Desktop/Desktop-Ranjith-iMac/forGIT/UFMylation_Ribosome_stalling_RNA_Splicing/Part4_Splicing_Analysis/data/motifs/CisBP_Human_All.meme	M00755_2.00	MBNL1	CGCUU	1.09e-6	1.97e-4	1.07e-1	181	150	150	1335	1.01	38	25.33	139	10.41
7	/Users/ranjithpapareddy/Desktop/Desktop-Ranjith-iMac/forGIT/UFMylation_Ribosome_stalling_RNA_Splicing/Part4_Splicing_Analysis/data/motifs/CisBP_Human_All.meme	M00210_2.00	PCBP3	HUUUCCCU	7.69e-7	7.43e-4	4.04e-1	967	150	150	1335	3.84	30	20.00	91	6.82
8	/Users/ranjithpapareddy/Desktop/Desktop-Ranjith-iMac/forGIT/UFMylation_Ribosome_stalling_RNA_Splicing/Part4_Splicing_Analysis/data/motifs/CisBP_Human_All.meme	M00552_2.00	ENSG00000275272	KMRUVC	2.79e-6	1.24e-3	6.77e-1	446	150	150	1335	1.06	59	39.33	288	21.57
9	/Users/ranjithpapareddy/Desktop/Desktop-Ranjith-iMac/forGIT/UFMylation_Ribosome_stalling_RNA_Splicing/Part4_Splicing_Analysis/data/motifs/CisBP_Human_All.meme	M00300_2.00	MBNL2	DGCUUGC	4.78e-6	2.68e-3	1.46e0	561	150	150	1335	2.8	17	11.33	35	2.62
10	/Users/ranjithpapareddy/Desktop/Desktop-Ranjith-iMac/forGIT/UFMylation_Ribosome_stalling_RNA_Splicing/Part4_Splicing_Analysis/data/motifs/CisBP_Human_All.meme	M00199_2.00	PCBP3	CCUWWCC	3.58e-6	2.91e-3	1.58e0	813	150	150	1335	3.12	41	27.33	166	12.43
11	/Users/ranjithpapareddy/Desktop/Desktop-Ranjith-iMac/forGIT/UFMylation_Ribosome_stalling_RNA_Splicing/Part4_Splicing_Analysis/data/motifs/CisBP_Human_All.meme	M00800_2.00	RBM6	CGUCCM	4.37e-6	3.37e-3	1.83e0	773	150	150	1335	2.76	32	21.33	112	8.39
12	/Users/ranjithpapareddy/Desktop/Desktop-Ranjith-iMac/forGIT/UFMylation_Ribosome_stalling_RNA_Splicing/Part4_Splicing_Analysis/data/motifs/CisBP_Human_All.meme	M00657_2.00	RBPMS2	YAGGCACR	5.39e-6	3.41e-3	1.86e0	634	150	150	1335	2.72	29	19.33	96	7.19
13	/Users/ranjithpapareddy/Desktop/Desktop-Ranjith-iMac/forGIT/UFMylation_Ribosome_stalling_RNA_Splicing/Part4_Splicing_Analysis/data/motifs/CisBP_Human_All.meme	M00059_2.00	MBNL1	NGCUUGC	8.79e-6	3.82e-3	2.08e0	436	150	150	1335	2.71	20	13.33	51	3.82
14	/Users/ranjithpapareddy/Desktop/Desktop-Ranjith-iMac/forGIT/UFMylation_Ribosome_stalling_RNA_Splicing/Part4_Splicing_Analysis/data/motifs/CisBP_Human_All.meme	M13086_2.00	PCBP3	CCUUUCCY	5.34e-6	4.40e-3	2.39e0	826	150	150	1335	2.76	41	27.33	169	12.66
15	/Users/ranjithpapareddy/Desktop/Desktop-Ranjith-iMac/forGIT/UFMylation_Ribosome_stalling_RNA_Splicing/Part4_Splicing_Analysis/data/motifs/CisBP_Human_All.meme	M00542_2.00	RBMY1D	CCMB	6.79e-6	7.76e-3	4.22e0	1147	150	150	1335	2.59	43	28.67	184	13.78
16	/Users/ranjithpapareddy/Desktop/Desktop-Ranjith-iMac/forGIT/UFMylation_Ribosome_stalling_RNA_Splicing/Part4_Splicing_Analysis/data/motifs/CisBP_Human_All.meme	M00734_2.00	HNRNPA2B1	GGGUA	3.15e-5	9.21e-3	5.01e0	294	150	150	1335	7.51	8	5.33	7	0.52
17	/Users/ranjithpapareddy/Desktop/Desktop-Ranjith-iMac/forGIT/UFMylation_Ribosome_stalling_RNA_Splicing/Part4_Splicing_Analysis/data/motifs/CisBP_Human_All.meme	M00822_2.00	ENSG00000276833	GGGUA	3.15e-5	9.21e-3	5.01e0	294	150	150	1335	7.51	8	5.33	7	0.52
18	/Users/ranjithpapareddy/Desktop/Desktop-Ranjith-iMac/forGIT/UFMylation_Ribosome_stalling_RNA_Splicing/Part4_Splicing_Analysis/data/motifs/CisBP_Human_All.meme	M00785_2.00	RBM39	CCYCC	1.07e-5	1.06e-2	5.75e0	998	150	150	1335	6.5	35	23.33	136	10.19
19	/Users/ranjithpapareddy/Desktop/Desktop-Ranjith-iMac/forGIT/UFMylation_Ribosome_stalling_RNA_Splicing/Part4_Splicing_Analysis/data/motifs/CisBP_Human_All.meme	M00793_2.00	RBM45	CUDAC	3.34e-5	1.28e-2	6.96e0	386	150	150	1335	1.84	25	16.67	84	6.29
20	/Users/ranjithpapareddy/Desktop/Desktop-Ranjith-iMac/forGIT/UFMylation_Ribosome_stalling_RNA_Splicing/Part4_Splicing_Analysis/data/motifs/CisBP_Human_All.meme	M00083_2.00	SAMD4B	GCUGGMC	1.90e-5	1.61e-2	8.75e0	852	150	150	1335	14.9	9	6.00	9	0.67
21	/Users/ranjithpapareddy/Desktop/Desktop-Ranjith-iMac/forGIT/UFMylation_Ribosome_stalling_RNA_Splicing/Part4_Splicing_Analysis/data/motifs/CisBP_Human_All.meme	M00579_2.00	DAZ2	BDGGUGUGCGCGUUUCCGCCMN	1.01e-2	2.02e-2	1.10e1	2	150	150	1335	4.27	2	1.33	0	0.00
22	/Users/ranjithpapareddy/Desktop/Desktop-Ranjith-iMac/forGIT/UFMylation_Ribosome_stalling_RNA_Splicing/Part4_Splicing_Analysis/data/motifs/CisBP_Human_All.meme	M00817_2.00	SRSF5	GCSCC	3.59e-5	2.04e-2	1.11e1	573	150	150	1335	3.74	37	24.67	158	11.84
23	/Users/ranjithpapareddy/Desktop/Desktop-Ranjith-iMac/forGIT/UFMylation_Ribosome_stalling_RNA_Splicing/Part4_Splicing_Analysis/data/motifs/CisBP_Human_All.meme	M00769_2.00	PCBP3	WUCCCCM	2.08e-5	2.04e-2	1.11e1	993	150	150	1335	1.94	66	44.00	362	27.12
24	/Users/ranjithpapareddy/Desktop/Desktop-Ranjith-iMac/forGIT/UFMylation_Ribosome_stalling_RNA_Splicing/Part4_Splicing_Analysis/data/motifs/CisBP_Human_All.meme	M13119_2.00	MATR3	MAUCUUGB	5.76e-5	2.78e-2	1.51e1	489	150	150	1335	5.58	8	5.33	8	0.60
25	/Users/ranjithpapareddy/Desktop/Desktop-Ranjith-iMac/forGIT/UFMylation_Ribosome_stalling_RNA_Splicing/Part4_Splicing_Analysis/data/motifs/CisBP_Human_All.meme	M00814_2.00	SRSF2	UCCAG	4.05e-5	3.65e-2	1.98e1	916	150	150	1335	3.37	35	23.33	146	10.94
26	/Users/ranjithpapareddy/Desktop/Desktop-Ranjith-iMac/forGIT/UFMylation_Ribosome_stalling_RNA_Splicing/Part4_Splicing_Analysis/data/motifs/CisBP_Human_All.meme	M00414_2.00	RBM34	WUUGACR	2.18e-4	4.43e-2	2.41e1	208	150	150	1335	1.94	10	6.67	18	1.35
27	/Users/ranjithpapareddy/Desktop/Desktop-Ranjith-iMac/forGIT/UFMylation_Ribosome_stalling_RNA_Splicing/Part4_Splicing_Analysis/data/motifs/CisBP_Human_All.meme	M00048_2.00	HNRNPK	CCAAMCC	6.12e-5	4.61e-2	2.51e1	771	150	150	1335	4.46	20	13.33	60	4.49
28	/Users/ranjithpapareddy/Desktop/Desktop-Ranjith-iMac/forGIT/UFMylation_Ribosome_stalling_RNA_Splicing/Part4_Splicing_Analysis/data/motifs/CisBP_Human_All.meme	M00490_2.00	EIF4B	GGAA	6.44e-5	6.11e-2	3.32e1	979	150	150	1335	2.18	25	16.67	88	6.59
29	/Users/ranjithpapareddy/Desktop/Desktop-Ranjith-iMac/forGIT/UFMylation_Ribosome_stalling_RNA_Splicing/Part4_Splicing_Analysis/data/motifs/CisBP_Human_All.meme	M00650_2.00	RBMY1D	NGCNUMGYGCN	1.65e-4	6.63e-2	3.61e1	416	150	150	1335	1.07	56	37.33	309	23.15
30	/Users/ranjithpapareddy/Desktop/Desktop-Ranjith-iMac/forGIT/UFMylation_Ribosome_stalling_RNA_Splicing/Part4_Splicing_Analysis/data/motifs/CisBP_Human_All.meme	M00765_2.00	PCBP3	HGCCCC	7.99e-5	7.03e-2	3.82e1	912	150	150	1335	4.38	34	22.67	145	10.86
31	/Users/ranjithpapareddy/Desktop/Desktop-Ranjith-iMac/forGIT/UFMylation_Ribosome_stalling_RNA_Splicing/Part4_Splicing_Analysis/data/motifs/CisBP_Human_All.meme	M00120_2.00	M00120_2.00	UGUAYAK	1.75e-4	7.44e-2	4.05e1	441	150	150	1335	12.1	5	3.33	2	0.15
32	/Users/ranjithpapareddy/Desktop/Desktop-Ranjith-iMac/forGIT/UFMylation_Ribosome_stalling_RNA_Splicing/Part4_Splicing_Analysis/data/motifs/CisBP_Human_All.meme	M00119_2.00	M00119_2.00	UGUACAK	1.75e-4	7.91e-2	4.30e1	470	150	150	1335	12.6	5	3.33	2	0.15
33	/Users/ranjithpapareddy/Desktop/Desktop-Ranjith-iMac/forGIT/UFMylation_Ribosome_stalling_RNA_Splicing/Part4_Splicing_Analysis/data/motifs/CisBP_Human_All.meme	M00616_2.00	PCBP3	BCCUUDDCCUU	8.80e-5	8.86e-2	4.82e1	1055	150	150	1335	13.1	9	6.00	12	0.90
34	/Users/ranjithpapareddy/Desktop/Desktop-Ranjith-iMac/forGIT/UFMylation_Ribosome_stalling_RNA_Splicing/Part4_Splicing_Analysis/data/motifs/CisBP_Human_All.meme	M00645_2.00	RBMS2	CGCUAUAUAG	1.27e-3	9.44e-2	5.13e1	78	150	150	1335	1.52	10	6.67	24	1.80
35	/Users/ranjithpapareddy/Desktop/Desktop-Ranjith-iMac/forGIT/UFMylation_Ribosome_stalling_RNA_Splicing/Part4_Splicing_Analysis/data/motifs/CisBP_Human_All.meme	M00768_2.00	PCBP2	AACCC	1.67e-4	1.01e-1	5.49e1	638	150	150	1335	4.04	21	14.00	71	5.32
36	/Users/ranjithpapareddy/Desktop/Desktop-Ranjith-iMac/forGIT/UFMylation_Ribosome_stalling_RNA_Splicing/Part4_Splicing_Analysis/data/motifs/CisBP_Human_All.meme	M00805_2.00	RC3H1	CUAUG	4.35e-4	1.04e-1	5.67e1	253	150	150	1335	1.66	22	14.67	83	6.22
37	/Users/ranjithpapareddy/Desktop/Desktop-Ranjith-iMac/forGIT/UFMylation_Ribosome_stalling_RNA_Splicing/Part4_Splicing_Analysis/data/motifs/CisBP_Human_All.meme	M00073_2.00	RBM41	WUACWUU	2.30e-4	1.24e-1	6.72e1	574	150	150	1335	2.77	17	11.33	51	3.82
38	/Users/ranjithpapareddy/Desktop/Desktop-Ranjith-iMac/forGIT/UFMylation_Ribosome_stalling_RNA_Splicing/Part4_Splicing_Analysis/data/motifs/CisBP_Human_All.meme	M00170_2.00	BCL2L2-PABPN1	AGAAGAN	1.44e-4	1.29e-1	7.04e1	963	150	150	1335	11.5	6	4.00	4	0.30
39	/Users/ranjithpapareddy/Desktop/Desktop-Ranjith-iMac/forGIT/UFMylation_Ribosome_stalling_RNA_Splicing/Part4_Splicing_Analysis/data/motifs/CisBP_Human_All.meme	M00799_2.00	RBM4B	WCGGGA	9.81e-4	1.42e-1	7.72e1	156	150	150	1335	2.63	10	6.67	23	1.72
40	/Users/ranjithpapareddy/Desktop/Desktop-Ranjith-iMac/forGIT/UFMylation_Ribosome_stalling_RNA_Splicing/Part4_Splicing_Analysis/data/motifs/CisBP_Human_All.meme	M00459_2.00	SF3B4	GUGUGA	2.78e-4	1.46e-1	7.92e1	565	150	150	1335	3.65	17	11.33	52	3.90
41	/Users/ranjithpapareddy/Desktop/Desktop-Ranjith-iMac/forGIT/UFMylation_Ribosome_stalling_RNA_Splicing/Part4_Splicing_Analysis/data/motifs/CisBP_Human_All.meme	M00663_2.00	RC3H2	DNCYUVURUBARGNN	2.57e-4	1.58e-1	8.59e1	668	150	150	1335	2.32	28	18.67	116	8.69
42	/Users/ranjithpapareddy/Desktop/Desktop-Ranjith-iMac/forGIT/UFMylation_Ribosome_stalling_RNA_Splicing/Part4_Splicing_Analysis/data/motifs/CisBP_Human_All.meme	M00776_2.00	ENSG00000274081	UCUCU	1.85e-4	1.62e-1	8.80e1	953	150	150	1335	3.38	32	21.33	139	10.41
43	/Users/ranjithpapareddy/Desktop/Desktop-Ranjith-iMac/forGIT/UFMylation_Ribosome_stalling_RNA_Splicing/Part4_Splicing_Analysis/data/motifs/CisBP_Human_All.meme	M00693_2.00	ZC3H6	GCUUGY	2.92e-4	1.62e-1	8.81e1	605	150	150	1335	2.3	16	10.67	47	3.52
44	/Users/ranjithpapareddy/Desktop/Desktop-Ranjith-iMac/forGIT/UFMylation_Ribosome_stalling_RNA_Splicing/Part4_Splicing_Analysis/data/motifs/CisBP_Human_All.meme	M00067_2.00	M00067_2.00	UGUACAK	4.29e-4	1.78e-1	9.66e1	455	150	150	1335	11.9	5	3.33	3	0.22
45	/Users/ranjithpapareddy/Desktop/Desktop-Ranjith-iMac/forGIT/UFMylation_Ribosome_stalling_RNA_Splicing/Part4_Splicing_Analysis/data/motifs/CisBP_Human_All.meme	M00058_2.00	MATR3	MAUCUUG	4.88e-4	2.25e-1	1.22e2	521	150	150	1335	2.09	20	13.33	72	5.39
46	/Users/ranjithpapareddy/Desktop/Desktop-Ranjith-iMac/forGIT/UFMylation_Ribosome_stalling_RNA_Splicing/Part4_Splicing_Analysis/data/motifs/CisBP_Human_All.meme	M00573_2.00	DAZ2	NGGUGYGUGCGUUUCCGCBN	2.84e-2	2.50e-1	1.36e2	10	150	150	1335	7.63	2	1.33	1	0.07
47	/Users/ranjithpapareddy/Desktop/Desktop-Ranjith-iMac/forGIT/UFMylation_Ribosome_stalling_RNA_Splicing/Part4_Splicing_Analysis/data/motifs/CisBP_Human_All.meme	M00603_2.00	LARP7	GRUCGUGAUGY	1.18e-3	2.53e-1	1.38e2	247	150	150	1335	5.12	8	5.33	15	1.12
48	/Users/ranjithpapareddy/Desktop/Desktop-Ranjith-iMac/forGIT/UFMylation_Ribosome_stalling_RNA_Splicing/Part4_Splicing_Analysis/data/motifs/CisBP_Human_All.meme	M00770_2.00	PCBP3	GUCGG	3.42e-3	2.78e-1	1.51e2	95	150	150	1335	1.05	18	12.00	74	5.54
49	/Users/ranjithpapareddy/Desktop/Desktop-Ranjith-iMac/forGIT/UFMylation_Ribosome_stalling_RNA_Splicing/Part4_Splicing_Analysis/data/motifs/CisBP_Human_All.meme	M00801_2.00	RBM6	CCACC	3.56e-4	2.79e-1	1.52e2	919	150	150	1335	9.76	16	10.67	48	3.60
50	/Users/ranjithpapareddy/Desktop/Desktop-Ranjith-iMac/forGIT/UFMylation_Ribosome_stalling_RNA_Splicing/Part4_Splicing_Analysis/data/motifs/CisBP_Human_All.meme	M00789_2.00	RBM25	GGGGNG	3.71e-4	2.81e-1	1.53e2	890	150	150	1335	1.88	73	48.67	456	34.16
51	/Users/ranjithpapareddy/Desktop/Desktop-Ranjith-iMac/forGIT/UFMylation_Ribosome_stalling_RNA_Splicing/Part4_Splicing_Analysis/data/motifs/CisBP_Human_All.meme	M00142_2.00	CPEB3	KUUUGKG	3.95e-4	2.91e-1	1.58e2	869	150	150	1335	6.41	8	5.33	12	0.90
52	/Users/ranjithpapareddy/Desktop/Desktop-Ranjith-iMac/forGIT/UFMylation_Ribosome_stalling_RNA_Splicing/Part4_Splicing_Analysis/data/motifs/CisBP_Human_All.meme	M00488_2.00	EIF4B	GUHGGAA	7.57e-4	3.12e-1	1.70e2	494	150	150	1335	2.01	22	14.67	87	6.52
53	/Users/ranjithpapareddy/Desktop/Desktop-Ranjith-iMac/forGIT/UFMylation_Ribosome_stalling_RNA_Splicing/Part4_Splicing_Analysis/data/motifs/CisBP_Human_All.meme	M00717_2.00	EIF4G2	GGUYGC	1.75e-3	3.25e-1	1.77e2	225	150	150	1335	1.33	23	15.33	100	7.49
54	/Users/ranjithpapareddy/Desktop/Desktop-Ranjith-iMac/forGIT/UFMylation_Ribosome_stalling_RNA_Splicing/Part4_Splicing_Analysis/data/motifs/CisBP_Human_All.meme	M00489_2.00	EIF4B	GCKGRAM	1.10e-3	3.36e-1	1.83e2	373	150	150	1335	1.09	48	32.00	272	20.37
55	/Users/ranjithpapareddy/Desktop/Desktop-Ranjith-iMac/forGIT/UFMylation_Ribosome_stalling_RNA_Splicing/Part4_Splicing_Analysis/data/motifs/CisBP_Human_All.meme	M00711_2.00	CNOT4	ACACAG	4.17e-4	3.38e-1	1.84e2	992	150	150	1335	5.75	10	6.67	20	1.50
56	/Users/ranjithpapareddy/Desktop/Desktop-Ranjith-iMac/forGIT/UFMylation_Ribosome_stalling_RNA_Splicing/Part4_Splicing_Analysis/data/motifs/CisBP_Human_All.meme	M00569_2.00	CSTF2T	CGUAGCGUYD	5.31e-2	3.53e-1	1.92e2	8	150	150	1335	3.45	2	1.33	2	0.15
57	/Users/ranjithpapareddy/Desktop/Desktop-Ranjith-iMac/forGIT/UFMylation_Ribosome_stalling_RNA_Splicing/Part4_Splicing_Analysis/data/motifs/CisBP_Human_All.meme	M00531_2.00	SRSF9	AGGAS	4.62e-4	3.79e-1	2.06e2	1031	150	150	1335	5.95	4	2.67	1	0.07
58	/Users/ranjithpapareddy/Desktop/Desktop-Ranjith-iMac/forGIT/UFMylation_Ribosome_stalling_RNA_Splicing/Part4_Splicing_Analysis/data/motifs/CisBP_Human_All.meme	M00766_2.00	PCBP2	CCCCNCCCC	4.96e-4	3.98e-1	2.17e2	1023	150	150	1335	4.57	46	30.67	247	18.50
59	/Users/ranjithpapareddy/Desktop/Desktop-Ranjith-iMac/forGIT/UFMylation_Ribosome_stalling_RNA_Splicing/Part4_Splicing_Analysis/data/motifs/CisBP_Human_All.meme	M00595_2.00	ENSG00000282559	GRBRBGGGUCUDAUUUUUAAGYVVV	1.01e-1	4.13e-1	2.25e2	5	150	150	1335	87.2	1	0.67	0	0.00
60	/Users/ranjithpapareddy/Desktop/Desktop-Ranjith-iMac/forGIT/UFMylation_Ribosome_stalling_RNA_Splicing/Part4_Splicing_Analysis/data/motifs/CisBP_Human_All.meme	M00090_2.00	SNRNP70	RWUCAAG	1.01e-3	4.42e-1	2.40e2	576	150	150	1335	20.1	3	2.00	0	0.00
61	/Users/ranjithpapareddy/Desktop/Desktop-Ranjith-iMac/forGIT/UFMylation_Ribosome_stalling_RNA_Splicing/Part4_Splicing_Analysis/data/motifs/CisBP_Human_All.meme	M00268_2.00	PTBP2	CUYUUCU	4.97e-4	4.53e-1	2.46e2	1211	150	150	1335	2.75	27	18.00	115	8.61
62	/Users/ranjithpapareddy/Desktop/Desktop-Ranjith-iMac/forGIT/UFMylation_Ribosome_stalling_RNA_Splicing/Part4_Splicing_Analysis/data/motifs/CisBP_Human_All.meme	M00774_2.00	PTBP3	CUUUCU	5.62e-4	4.62e-1	2.51e2	1102	150	150	1335	4.21	10	6.67	21	1.57
63	/Users/ranjithpapareddy/Desktop/Desktop-Ranjith-iMac/forGIT/UFMylation_Ribosome_stalling_RNA_Splicing/Part4_Splicing_Analysis/data/motifs/CisBP_Human_All.meme	M00069_2.00	RBM28	GWGUAGW	1.47e-3	4.63e-1	2.52e2	424	150	150	1335	3.61	9	6.00	20	1.50
64	/Users/ranjithpapareddy/Desktop/Desktop-Ranjith-iMac/forGIT/UFMylation_Ribosome_stalling_RNA_Splicing/Part4_Splicing_Analysis/data/motifs/CisBP_Human_All.meme	M00163_2.00	ESRP2	UGGGGAU	6.50e-4	4.85e-1	2.64e2	1019	150	150	1335	4.12	35	23.33	171	12.81
65	/Users/ranjithpapareddy/Desktop/Desktop-Ranjith-iMac/forGIT/UFMylation_Ribosome_stalling_RNA_Splicing/Part4_Splicing_Analysis/data/motifs/CisBP_Human_All.meme	M00546_2.00	SNRPA	AGGAGAU	9.81e-4	4.95e-1	2.69e2	696	150	150	1335	6.07	10	6.67	23	1.72
66	/Users/ranjithpapareddy/Desktop/Desktop-Ranjith-iMac/forGIT/UFMylation_Ribosome_stalling_RNA_Splicing/Part4_Splicing_Analysis/data/motifs/CisBP_Human_All.meme	M13058_2.00	SRSF12	AGAGAAA	8.21e-4	5.13e-1	2.79e2	876	150	150	1335	9.81	9	6.00	18	1.35
67	/Users/ranjithpapareddy/Desktop/Desktop-Ranjith-iMac/forGIT/UFMylation_Ribosome_stalling_RNA_Splicing/Part4_Splicing_Analysis/data/motifs/CisBP_Human_All.meme	M00661_2.00	RBPMS	DKCACA	8.08e-4	5.24e-1	2.85e2	920	150	150	1335	1.97	30	20.00	139	10.41
68	/Users/ranjithpapareddy/Desktop/Desktop-Ranjith-iMac/forGIT/UFMylation_Ribosome_stalling_RNA_Splicing/Part4_Splicing_Analysis/data/motifs/CisBP_Human_All.meme	M00637_2.00	RBM4	BKBNGUGUUGCGCGRGKBSNN	3.87e-2	5.27e-1	2.87e2	19	150	150	1335	8.81	3	2.00	5	0.37
69	/Users/ranjithpapareddy/Desktop/Desktop-Ranjith-iMac/forGIT/UFMylation_Ribosome_stalling_RNA_Splicing/Part4_Splicing_Analysis/data/motifs/CisBP_Human_All.meme	M00742_2.00	HNRNPF	WGGGW	6.86e-4	5.30e-1	2.89e2	1101	150	150	1335	2	62	41.33	375	28.09
70	/Users/ranjithpapareddy/Desktop/Desktop-Ranjith-iMac/forGIT/UFMylation_Ribosome_stalling_RNA_Splicing/Part4_Splicing_Analysis/data/motifs/CisBP_Human_All.meme	M00792_2.00	RBM45	ACKAC	1.61e-2	5.55e-1	3.02e2	50	150	150	1335	2.87	3	2.00	3	0.22
71	/Users/ranjithpapareddy/Desktop/Desktop-Ranjith-iMac/forGIT/UFMylation_Ribosome_stalling_RNA_Splicing/Part4_Splicing_Analysis/data/motifs/CisBP_Human_All.meme	M00812_2.00	SRSF11	AGGGG	7.61e-4	5.66e-1	3.08e2	1096	150	150	1335	13.8	7	4.67	10	0.75
72	/Users/ranjithpapareddy/Desktop/Desktop-Ranjith-iMac/forGIT/UFMylation_Ribosome_stalling_RNA_Splicing/Part4_Splicing_Analysis/data/motifs/CisBP_Human_All.meme	M00568_2.00	CSTF2	RAGGCGUAGCGUYD	1.01e-1	5.73e-1	3.12e2	8	150	150	1335	13.3	1	0.67	0	0.00
73	/Users/ranjithpapareddy/Desktop/Desktop-Ranjith-iMac/forGIT/UFMylation_Ribosome_stalling_RNA_Splicing/Part4_Splicing_Analysis/data/motifs/CisBP_Human_All.meme	M00797_2.00	RBM47	UGAUU	1.62e-3	5.87e-1	3.19e2	546	150	150	1335	3.59	8	5.33	16	1.20
74	/Users/ranjithpapareddy/Desktop/Desktop-Ranjith-iMac/forGIT/UFMylation_Ribosome_stalling_RNA_Splicing/Part4_Splicing_Analysis/data/motifs/CisBP_Human_All.meme	M00780_2.00	ENSG00000277564	GCAUG	1.53e-3	6.07e-1	3.30e2	609	150	150	1335	2.96	18	12.00	68	5.09
75	/Users/ranjithpapareddy/Desktop/Desktop-Ranjith-iMac/forGIT/UFMylation_Ribosome_stalling_RNA_Splicing/Part4_Splicing_Analysis/data/motifs/CisBP_Human_All.meme	M00791_2.00	RBM45	ACGCA	1.35e-2	6.10e-1	3.32e2	69	150	150	1335	1.23	10	6.67	36	2.70
76	/Users/ranjithpapareddy/Desktop/Desktop-Ranjith-iMac/forGIT/UFMylation_Ribosome_stalling_RNA_Splicing/Part4_Splicing_Analysis/data/motifs/CisBP_Human_All.meme	M00452_2.00	M00452_2.00	AACAUC	2.23e-3	6.11e-1	3.32e2	424	150	150	1335	5.63	6	4.00	9	0.67
77	/Users/ranjithpapareddy/Desktop/Desktop-Ranjith-iMac/forGIT/UFMylation_Ribosome_stalling_RNA_Splicing/Part4_Splicing_Analysis/data/motifs/CisBP_Human_All.meme	M00731_2.00	HNRNPA0	UAUAG	3.15e-3	6.42e-1	3.49e2	326	150	150	1335	1.83	9	6.00	23	1.72
78	/Users/ranjithpapareddy/Desktop/Desktop-Ranjith-iMac/forGIT/UFMylation_Ribosome_stalling_RNA_Splicing/Part4_Splicing_Analysis/data/motifs/CisBP_Human_All.meme	M00781_2.00	ENSG00000277564	GCAUG	1.76e-3	6.54e-1	3.56e2	601	150	150	1335	2.92	18	12.00	69	5.17
79	/Users/ranjithpapareddy/Desktop/Desktop-Ranjith-iMac/forGIT/UFMylation_Ribosome_stalling_RNA_Splicing/Part4_Splicing_Analysis/data/motifs/CisBP_Human_All.meme	M00636_2.00	RBM4	KUGAUUD	2.00e-3	6.74e-1	3.67e2	559	150	150	1335	1.68	19	12.67	76	5.69
80	/Users/ranjithpapareddy/Desktop/Desktop-Ranjith-iMac/forGIT/UFMylation_Ribosome_stalling_RNA_Splicing/Part4_Splicing_Analysis/data/motifs/CisBP_Human_All.meme	M00285_2.00	M00285_2.00	MKUGCGW	2.72e-2	6.78e-1	3.69e2	41	150	150	1335	1.24	8	5.33	29	2.17
81	/Users/ranjithpapareddy/Desktop/Desktop-Ranjith-iMac/forGIT/UFMylation_Ribosome_stalling_RNA_Splicing/Part4_Splicing_Analysis/data/motifs/CisBP_Human_All.meme	M00818_2.00	SRSF8	NGCAGC	1.28e-3	6.78e-1	3.69e2	887	150	150	1335	11.1	4	2.67	2	0.15
82	/Users/ranjithpapareddy/Desktop/Desktop-Ranjith-iMac/forGIT/UFMylation_Ribosome_stalling_RNA_Splicing/Part4_Splicing_Analysis/data/motifs/CisBP_Human_All.meme	M00386_2.00	M00386_2.00	RADCACR	3.21e-3	6.82e-1	3.71e2	357	150	150	1335	3.36	7	4.67	14	1.05
83	/Users/ranjithpapareddy/Desktop/Desktop-Ranjith-iMac/forGIT/UFMylation_Ribosome_stalling_RNA_Splicing/Part4_Splicing_Analysis/data/motifs/CisBP_Human_All.meme	M00826_2.00	TRA2A	MNGAAGA	1.28e-3	6.83e-1	3.72e2	900	150	150	1335	4.27	4	2.67	2	0.15
84	/Users/ranjithpapareddy/Desktop/Desktop-Ranjith-iMac/forGIT/UFMylation_Ribosome_stalling_RNA_Splicing/Part4_Splicing_Analysis/data/motifs/CisBP_Human_All.meme	M00634_2.00	RBM4B	NBBBDKGUUGCGCGGGGBSBS	3.87e-2	7.17e-1	3.90e2	32	150	150	1335	23.1	3	2.00	5	0.37
85	/Users/ranjithpapareddy/Desktop/Desktop-Ranjith-iMac/forGIT/UFMylation_Ribosome_stalling_RNA_Splicing/Part4_Splicing_Analysis/data/motifs/CisBP_Human_All.meme	M00125_2.00	SRSF1	GGAGGAN	1.46e-3	7.21e-1	3.92e2	876	150	150	1335	18.3	6	4.00	8	0.60
86	/Users/ranjithpapareddy/Desktop/Desktop-Ranjith-iMac/forGIT/UFMylation_Ribosome_stalling_RNA_Splicing/Part4_Splicing_Analysis/data/motifs/CisBP_Human_All.meme	M00249_2.00	PTBP1	CUUUUCU	1.17e-3	7.31e-1	3.98e2	1121	150	150	1335	4.36	24	16.00	103	7.72
87	/Users/ranjithpapareddy/Desktop/Desktop-Ranjith-iMac/forGIT/UFMylation_Ribosome_stalling_RNA_Splicing/Part4_Splicing_Analysis/data/motifs/CisBP_Human_All.meme	M00124_2.00	SRSF1	GGAGGAM	1.46e-3	7.37e-1	4.01e2	918	150	150	1335	14.3	6	4.00	8	0.60
88	/Users/ranjithpapareddy/Desktop/Desktop-Ranjith-iMac/forGIT/UFMylation_Ribosome_stalling_RNA_Splicing/Part4_Splicing_Analysis/data/motifs/CisBP_Human_All.meme	M00635_2.00	RBM4B	BBSSUGAGUGCGGUAGBSNN	3.87e-2	7.38e-1	4.02e2	34	150	150	1335	12.5	3	2.00	5	0.37
89	/Users/ranjithpapareddy/Desktop/Desktop-Ranjith-iMac/forGIT/UFMylation_Ribosome_stalling_RNA_Splicing/Part4_Splicing_Analysis/data/motifs/CisBP_Human_All.meme	M00110_2.00	SRSF10	AGAGAMA	1.47e-3	7.44e-1	4.05e2	928	150	150	1335	9.89	9	6.00	20	1.50
90	/Users/ranjithpapareddy/Desktop/Desktop-Ranjith-iMac/forGIT/UFMylation_Ribosome_stalling_RNA_Splicing/Part4_Splicing_Analysis/data/motifs/CisBP_Human_All.meme	M00819_2.00	SRSF9	AGGAR	1.13e-3	7.45e-1	4.05e2	1211	150	150	1335	2.77	49	32.67	280	20.97
91	/Users/ranjithpapareddy/Desktop/Desktop-Ranjith-iMac/forGIT/UFMylation_Ribosome_stalling_RNA_Splicing/Part4_Splicing_Analysis/data/motifs/CisBP_Human_All.meme	M00761_2.00	NOVA1	AUCAC	2.75e-3	7.56e-1	4.11e2	513	150	150	1335	5.62	5	3.33	6	0.45
92	/Users/ranjithpapareddy/Desktop/Desktop-Ranjith-iMac/forGIT/UFMylation_Ribosome_stalling_RNA_Splicing/Part4_Splicing_Analysis/data/motifs/CisBP_Human_All.meme	M00495_2.00	ENSG00000277564	GCAUG	2.33e-3	7.70e-1	4.19e2	632	150	150	1335	3.1	17	11.33	65	4.87
93	/Users/ranjithpapareddy/Desktop/Desktop-Ranjith-iMac/forGIT/UFMylation_Ribosome_stalling_RNA_Splicing/Part4_Splicing_Analysis/data/motifs/CisBP_Human_All.meme	M00618_2.00	PUM2	DDURUAYAGD	2.75e-3	7.77e-1	4.22e2	545	150	150	1335	8.1	5	3.33	6	0.45
94	/Users/ranjithpapareddy/Desktop/Desktop-Ranjith-iMac/forGIT/UFMylation_Ribosome_stalling_RNA_Splicing/Part4_Splicing_Analysis/data/motifs/CisBP_Human_All.meme	M00783_2.00	RBM15B	UUUAA	1.91e-3	7.80e-1	4.24e2	792	150	150	1335	4.4	13	8.67	41	3.07
95	/Users/ranjithpapareddy/Desktop/Desktop-Ranjith-iMac/forGIT/UFMylation_Ribosome_stalling_RNA_Splicing/Part4_Splicing_Analysis/data/motifs/CisBP_Human_All.meme	M00830_2.00	UNK	YAUAGA	4.18e-3	7.88e-1	4.29e2	372	150	150	1335	2.41	12	8.00	40	3.00
96	/Users/ranjithpapareddy/Desktop/Desktop-Ranjith-iMac/forGIT/UFMylation_Ribosome_stalling_RNA_Splicing/Part4_Splicing_Analysis/data/motifs/CisBP_Human_All.meme	M00613_2.00	NOVA2	UCAUUCAU	3.20e-3	8.04e-1	4.37e2	509	150	150	1335	4.36	10	6.67	28	2.10
97	/Users/ranjithpapareddy/Desktop/Desktop-Ranjith-iMac/forGIT/UFMylation_Ribosome_stalling_RNA_Splicing/Part4_Splicing_Analysis/data/motifs/CisBP_Human_All.meme	M00005_2.00	ARGLU1	CGGRGGS	2.19e-3	8.07e-1	4.39e2	751	150	150	1335	3.14	40	26.67	221	16.55
98	/Users/ranjithpapareddy/Desktop/Desktop-Ranjith-iMac/forGIT/UFMylation_Ribosome_stalling_RNA_Splicing/Part4_Splicing_Analysis/data/motifs/CisBP_Human_All.meme	M00454_2.00	ACO1	CAGUGH	1.44e-3	8.21e-1	4.47e2	1198	150	150	1335	1.66	47	31.33	268	20.07
99	/Users/ranjithpapareddy/Desktop/Desktop-Ranjith-iMac/forGIT/UFMylation_Ribosome_stalling_RNA_Splicing/Part4_Splicing_Analysis/data/motifs/CisBP_Human_All.meme	M00823_2.00	AL109811.4	GUAUG	3.30e-3	8.52e-1	4.63e2	579	150	150	1335	1.58	33	22.00	175	13.11
100	/Users/ranjithpapareddy/Desktop/Desktop-Ranjith-iMac/forGIT/UFMylation_Ribosome_stalling_RNA_Splicing/Part4_Splicing_Analysis/data/motifs/CisBP_Human_All.meme	M00733_2.00	HNRNPA2B1	RGGGG	2.59e-3	8.53e-1	4.64e2	740	150	150	1335	9.2	19	12.67	78	5.84
101	/Users/ranjithpapareddy/Desktop/Desktop-Ranjith-iMac/forGIT/UFMylation_Ribosome_stalling_RNA_Splicing/Part4_Splicing_Analysis/data/motifs/CisBP_Human_All.meme	M00586_2.00	HEXIM2	GGCGACGGKB	8.26e-2	8.62e-1	4.69e2	23	150	150	1335	6.75	2	1.33	3	0.22
102	/Users/ranjithpapareddy/Desktop/Desktop-Ranjith-iMac/forGIT/UFMylation_Ribosome_stalling_RNA_Splicing/Part4_Splicing_Analysis/data/motifs/CisBP_Human_All.meme	M00094_2.00	SRSF9	AGGAGCA	1.92e-3	8.65e-1	4.70e2	1043	150	150	1335	4.75	9	6.00	21	1.57
103	/Users/ranjithpapareddy/Desktop/Desktop-Ranjith-iMac/forGIT/UFMylation_Ribosome_stalling_RNA_Splicing/Part4_Splicing_Analysis/data/motifs/CisBP_Human_All.meme	M00231_2.00	M00231_2.00	GACGACM	1.53e-2	8.77e-1	4.77e2	137	150	150	1335	1.38	13	8.67	55	4.12
104	/Users/ranjithpapareddy/Desktop/Desktop-Ranjith-iMac/forGIT/UFMylation_Ribosome_stalling_RNA_Splicing/Part4_Splicing_Analysis/data/motifs/CisBP_Human_All.meme	M00505_2.00	NONO	AGGGA	2.42e-3	8.79e-1	4.78e2	872	150	150	1335	5.41	21	14.00	90	6.74
105	/Users/ranjithpapareddy/Desktop/Desktop-Ranjith-iMac/forGIT/UFMylation_Ribosome_stalling_RNA_Splicing/Part4_Splicing_Analysis/data/motifs/CisBP_Human_All.meme	M00544_2.00	SNRPA	GGGUAUGCUG	8.67e-3	8.93e-1	4.86e2	258	150	150	1335	313	3	2.00	2	0.15
106	/Users/ranjithpapareddy/Desktop/Desktop-Ranjith-iMac/forGIT/UFMylation_Ribosome_stalling_RNA_Splicing/Part4_Splicing_Analysis/data/motifs/CisBP_Human_All.meme	M00177_2.00	ZNF638	UGUUSGU	8.00e-3	8.95e-1	4.87e2	282	150	150	1335	1.16	28	18.67	150	11.24
107	/Users/ranjithpapareddy/Desktop/Desktop-Ranjith-iMac/forGIT/UFMylation_Ribosome_stalling_RNA_Splicing/Part4_Splicing_Analysis/data/motifs/CisBP_Human_All.meme	M00044_2.00	HNRNPA1	DUAGGGA	5.81e-3	8.95e-1	4.87e2	388	150	150	1335	4.75	10	6.67	31	2.32
108	/Users/ranjithpapareddy/Desktop/Desktop-Ranjith-iMac/forGIT/UFMylation_Ribosome_stalling_RNA_Splicing/Part4_Splicing_Analysis/data/motifs/CisBP_Human_All.meme	M00570_2.00	DAZ1	NNNNNUGKWGUUGUAGKKNKK	1.98e-2	8.99e-1	4.89e2	116	150	150	1335	4.6	8	5.33	27	2.02
109	/Users/ranjithpapareddy/Desktop/Desktop-Ranjith-iMac/forGIT/UFMylation_Ribosome_stalling_RNA_Splicing/Part4_Splicing_Analysis/data/motifs/CisBP_Human_All.meme	M13006_2.00	SRSF3	AACAACG	1.61e-2	9.09e-1	4.94e2	149	150	150	1335	7.3	3	2.00	3	0.22
110	/Users/ranjithpapareddy/Desktop/Desktop-Ranjith-iMac/forGIT/UFMylation_Ribosome_stalling_RNA_Splicing/Part4_Splicing_Analysis/data/motifs/CisBP_Human_All.meme	M00183_2.00	RBM6	MAUCCAR	3.96e-3	9.09e-1	4.95e2	606	150	150	1335	2.2	25	16.67	121	9.06
111	/Users/ranjithpapareddy/Desktop/Desktop-Ranjith-iMac/forGIT/UFMylation_Ribosome_stalling_RNA_Splicing/Part4_Splicing_Analysis/data/motifs/CisBP_Human_All.meme	M00794_2.00	RBM45	ACACC	4.25e-3	9.13e-1	4.97e2	576	150	150	1335	2.73	21	14.00	95	7.12
112	/Users/ranjithpapareddy/Desktop/Desktop-Ranjith-iMac/forGIT/UFMylation_Ribosome_stalling_RNA_Splicing/Part4_Splicing_Analysis/data/motifs/CisBP_Human_All.meme	M00043_2.00	G3BP2	AGGAURA	4.31e-3	9.38e-1	5.10e2	646	150	150	1335	5.45	7	4.67	15	1.12
113	/Users/ranjithpapareddy/Desktop/Desktop-Ranjith-iMac/forGIT/UFMylation_Ribosome_stalling_RNA_Splicing/Part4_Splicing_Analysis/data/motifs/CisBP_Human_All.meme	M00144_2.00	MEX3A	AGAGUAUR	3.27e-3	9.40e-1	5.11e2	862	150	150	1335	3.12	6	4.00	10	0.75
114	/Users/ranjithpapareddy/Desktop/Desktop-Ranjith-iMac/forGIT/UFMylation_Ribosome_stalling_RNA_Splicing/Part4_Splicing_Analysis/data/motifs/CisBP_Human_All.meme	M00041_2.00	SRSF10	AGAGAAA	2.75e-3	9.41e-1	5.12e2	1026	150	150	1335	11.5	5	3.33	6	0.45
115	/Users/ranjithpapareddy/Desktop/Desktop-Ranjith-iMac/forGIT/UFMylation_Ribosome_stalling_RNA_Splicing/Part4_Splicing_Analysis/data/motifs/CisBP_Human_All.meme	M13070_2.00	ENOX2	MRGACAGA	3.20e-3	9.41e-1	5.12e2	884	150	150	1335	5.47	10	6.67	28	2.10
116	/Users/ranjithpapareddy/Desktop/Desktop-Ranjith-iMac/forGIT/UFMylation_Ribosome_stalling_RNA_Splicing/Part4_Splicing_Analysis/data/motifs/CisBP_Human_All.meme	M00673_2.00	SNRPA	DUGCACR	6.01e-3	9.52e-1	5.18e2	504	150	150	1335	2.8	13	8.67	48	3.60
117	/Users/ranjithpapareddy/Desktop/Desktop-Ranjith-iMac/forGIT/UFMylation_Ribosome_stalling_RNA_Splicing/Part4_Splicing_Analysis/data/motifs/CisBP_Human_All.meme	M00057_2.00	LIN28B	HGGAGAA	3.52e-3	9.55e-1	5.19e2	879	150	150	1335	3.81	16	10.67	62	4.64
118	/Users/ranjithpapareddy/Desktop/Desktop-Ranjith-iMac/forGIT/UFMylation_Ribosome_stalling_RNA_Splicing/Part4_Splicing_Analysis/data/motifs/CisBP_Human_All.meme	M00448_2.00	M00448_2.00	AACAUC	6.59e-3	9.57e-1	5.20e2	477	150	150	1335	2.22	19	12.67	86	6.44
119	/Users/ranjithpapareddy/Desktop/Desktop-Ranjith-iMac/forGIT/UFMylation_Ribosome_stalling_RNA_Splicing/Part4_Splicing_Analysis/data/motifs/CisBP_Human_All.meme	M00440_2.00	SRSF3	AACAACR	1.61e-2	9.62e-1	5.23e2	203	150	150	1335	11.2	3	2.00	3	0.22
120	/Users/ranjithpapareddy/Desktop/Desktop-Ranjith-iMac/forGIT/UFMylation_Ribosome_stalling_RNA_Splicing/Part4_Splicing_Analysis/data/motifs/CisBP_Human_All.meme	M00347_2.00	ENSG00000238104	AUAAGCS	1.12e-2	9.62e-1	5.23e2	291	150	150	1335	4.53	6	4.00	14	1.05
121	/Users/ranjithpapareddy/Desktop/Desktop-Ranjith-iMac/forGIT/UFMylation_Ribosome_stalling_RNA_Splicing/Part4_Splicing_Analysis/data/motifs/CisBP_Human_All.meme	M00086_2.00	M00086_2.00	DGGAGGA	3.21e-3	9.63e-1	5.24e2	1024	150	150	1335	20	7	4.67	14	1.05
122	/Users/ranjithpapareddy/Desktop/Desktop-Ranjith-iMac/forGIT/UFMylation_Ribosome_stalling_RNA_Splicing/Part4_Splicing_Analysis/data/motifs/CisBP_Human_All.meme	M00165_2.00	RBMS1	UAUAUAS	1.01e-2	9.63e-1	5.24e2	325	150	150	1335	10.1	2	1.33	0	0.00
123	/Users/ranjithpapareddy/Desktop/Desktop-Ranjith-iMac/forGIT/UFMylation_Ribosome_stalling_RNA_Splicing/Part4_Splicing_Analysis/data/motifs/CisBP_Human_All.meme	M00680_2.00	YBX1	DUAACAUCGGG	2.61e-2	9.67e-1	5.26e2	131	150	150	1335	13.1	3	2.00	4	0.30
124	/Users/ranjithpapareddy/Desktop/Desktop-Ranjith-iMac/forGIT/UFMylation_Ribosome_stalling_RNA_Splicing/Part4_Splicing_Analysis/data/motifs/CisBP_Human_All.meme	M00820_2.00	SRSF9	GGGAA	4.12e-3	9.69e-1	5.27e2	840	150	150	1335	2.94	39	26.00	222	16.63
125	/Users/ranjithpapareddy/Desktop/Desktop-Ranjith-iMac/forGIT/UFMylation_Ribosome_stalling_RNA_Splicing/Part4_Splicing_Analysis/data/motifs/CisBP_Human_All.meme	M00104_2.00	YBX2	AACAWCD	8.41e-3	9.74e-1	5.30e2	434	150	150	1335	7.59	4	2.67	5	0.37
126	/Users/ranjithpapareddy/Desktop/Desktop-Ranjith-iMac/forGIT/UFMylation_Ribosome_stalling_RNA_Splicing/Part4_Splicing_Analysis/data/motifs/CisBP_Human_All.meme	M00627_2.00	RBM14	KGCGUCG	9.95e-2	9.74e-1	5.30e2	35	150	150	1335	1.24	5	3.33	20	1.50
127	/Users/ranjithpapareddy/Desktop/Desktop-Ranjith-iMac/forGIT/UFMylation_Ribosome_stalling_RNA_Splicing/Part4_Splicing_Analysis/data/motifs/CisBP_Human_All.meme	M00684_2.00	ZC3H10	GCGCAUGCGWD	1.17e-1	9.76e-1	5.31e2	30	150	150	1335	1.74	4	2.67	15	1.12
128	/Users/ranjithpapareddy/Desktop/Desktop-Ranjith-iMac/forGIT/UFMylation_Ribosome_stalling_RNA_Splicing/Part4_Splicing_Analysis/data/motifs/CisBP_Human_All.meme	M00622_2.00	ENSG00000282559	KDVRKGGGUCUUWKUYUUAASYBNN	4.13e-1	9.76e-1	5.31e2	7	150	150	1335	4.03	1	0.67	4	0.30
129	/Users/ranjithpapareddy/Desktop/Desktop-Ranjith-iMac/forGIT/UFMylation_Ribosome_stalling_RNA_Splicing/Part4_Splicing_Analysis/data/motifs/CisBP_Human_All.meme	M00121_2.00	M00121_2.00	UGUAMAK	7.61e-3	9.80e-1	5.33e2	514	150	150	1335	3.61	8	5.33	22	1.65
130	/Users/ranjithpapareddy/Desktop/Desktop-Ranjith-iMac/forGIT/UFMylation_Ribosome_stalling_RNA_Splicing/Part4_Splicing_Analysis/data/motifs/CisBP_Human_All.meme	M00743_2.00	HNRNPH1	GKGGGG	4.43e-3	9.82e-1	5.34e2	912	150	150	1335	1.81	71	47.33	480	35.96
131	/Users/ranjithpapareddy/Desktop/Desktop-Ranjith-iMac/forGIT/UFMylation_Ribosome_stalling_RNA_Splicing/Part4_Splicing_Analysis/data/motifs/CisBP_Human_All.meme	M00651_2.00	RBMY1D	NNGCGCAAGAGCV	8.67e-3	9.83e-1	5.35e2	469	150	150	1335	13.5	3	2.00	2	0.15
132	/Users/ranjithpapareddy/Desktop/Desktop-Ranjith-iMac/forGIT/UFMylation_Ribosome_stalling_RNA_Splicing/Part4_Splicing_Analysis/data/motifs/CisBP_Human_All.meme	M00669_2.00	SART3	DGUUAGCRK	2.14e-2	9.84e-1	5.35e2	192	150	150	1335	1.82	15	10.00	71	5.32
133	/Users/ranjithpapareddy/Desktop/Desktop-Ranjith-iMac/forGIT/UFMylation_Ribosome_stalling_RNA_Splicing/Part4_Splicing_Analysis/data/motifs/CisBP_Human_All.meme	M00811_2.00	SRSF10	NAGCAG	4.23e-3	9.86e-1	5.36e2	1007	150	150	1335	2.07	51	34.00	315	23.60
134	/Users/ranjithpapareddy/Desktop/Desktop-Ranjith-iMac/forGIT/UFMylation_Ribosome_stalling_RNA_Splicing/Part4_Splicing_Analysis/data/motifs/CisBP_Human_All.meme	M00670_2.00	SNRNP70	GUUCAMGNGG	8.32e-3	9.87e-1	5.37e2	519	150	150	1335	5.87	10	6.67	33	2.47
135	/Users/ranjithpapareddy/Desktop/Desktop-Ranjith-iMac/forGIT/UFMylation_Ribosome_stalling_RNA_Splicing/Part4_Splicing_Analysis/data/motifs/CisBP_Human_All.meme	M00760_2.00	NOVA1	HUCAUAH	7.86e-3	9.91e-1	5.39e2	602	150	150	1335	1.47	21	14.00	101	7.57
136	/Users/ranjithpapareddy/Desktop/Desktop-Ranjith-iMac/forGIT/UFMylation_Ribosome_stalling_RNA_Splicing/Part4_Splicing_Analysis/data/motifs/CisBP_Human_All.meme	M00574_2.00	DAZ2	GYUCUAGUUAGYAUC	3.07e-1	9.91e-1	5.39e2	13	150	150	1335	1.12	2	1.33	9	0.67
137	/Users/ranjithpapareddy/Desktop/Desktop-Ranjith-iMac/forGIT/UFMylation_Ribosome_stalling_RNA_Splicing/Part4_Splicing_Analysis/data/motifs/CisBP_Human_All.meme	M00308_2.00	SRSF3	AWCAACR	2.61e-2	9.93e-1	5.40e2	190	150	150	1335	6.52	3	2.00	4	0.30
138	/Users/ranjithpapareddy/Desktop/Desktop-Ranjith-iMac/forGIT/UFMylation_Ribosome_stalling_RNA_Splicing/Part4_Splicing_Analysis/data/motifs/CisBP_Human_All.meme	M00745_2.00	HNRNPK	CACGC	1.98e-2	9.94e-1	5.40e2	255	150	150	1335	3.4	8	5.33	27	2.02
139	/Users/ranjithpapareddy/Desktop/Desktop-Ranjith-iMac/forGIT/UFMylation_Ribosome_stalling_RNA_Splicing/Part4_Splicing_Analysis/data/motifs/CisBP_Human_All.meme	M00111_2.00	HNRNPL	ACACRAV	1.04e-2	9.96e-1	5.42e2	521	150	150	1335	2.12	21	14.00	104	7.79
140	/Users/ranjithpapareddy/Desktop/Desktop-Ranjith-iMac/forGIT/UFMylation_Ribosome_stalling_RNA_Splicing/Part4_Splicing_Analysis/data/motifs/CisBP_Human_All.meme	M00715_2.00	DAZ2	ACGUUU	1.13e-1	9.96e-1	5.42e2	46	150	150	1335	2.38	3	2.00	9	0.67
141	/Users/ranjithpapareddy/Desktop/Desktop-Ranjith-iMac/forGIT/UFMylation_Ribosome_stalling_RNA_Splicing/Part4_Splicing_Analysis/data/motifs/CisBP_Human_All.meme	M00638_2.00	RBM4	RHGVKGAGUGCGGUAGBBGC	3.46e-1	9.96e-1	5.42e2	13	150	150	1335	1.21	2	1.33	10	0.75
142	/Users/ranjithpapareddy/Desktop/Desktop-Ranjith-iMac/forGIT/UFMylation_Ribosome_stalling_RNA_Splicing/Part4_Splicing_Analysis/data/motifs/CisBP_Human_All.meme	M00592_2.00	ENSG00000282559	UUUUUGGUGG	2.23e-2	9.97e-1	5.42e2	257	150	150	1335	29.1	5	3.33	12	0.90
143	/Users/ranjithpapareddy/Desktop/Desktop-Ranjith-iMac/forGIT/UFMylation_Ribosome_stalling_RNA_Splicing/Part4_Splicing_Analysis/data/motifs/CisBP_Human_All.meme	M00021_2.00	NUDT21	WWUGUAA	1.12e-2	9.97e-1	5.42e2	522	150	150	1335	4.77	6	4.00	14	1.05
144	/Users/ranjithpapareddy/Desktop/Desktop-Ranjith-iMac/forGIT/UFMylation_Ribosome_stalling_RNA_Splicing/Part4_Splicing_Analysis/data/motifs/CisBP_Human_All.meme	M00040_2.00	FUS	UGCGCGC	7.13e-2	9.97e-1	5.43e2	80	150	150	1335	6.48	3	2.00	7	0.52
145	/Users/ranjithpapareddy/Desktop/Desktop-Ranjith-iMac/forGIT/UFMylation_Ribosome_stalling_RNA_Splicing/Part4_Splicing_Analysis/data/motifs/CisBP_Human_All.meme	M00723_2.00	EWSR1	GGGDGGGG	5.82e-3	9.97e-1	5.43e2	1021	150	150	1335	2.24	76	50.67	528	39.55
146	/Users/ranjithpapareddy/Desktop/Desktop-Ranjith-iMac/forGIT/UFMylation_Ribosome_stalling_RNA_Splicing/Part4_Splicing_Analysis/data/motifs/CisBP_Human_All.meme	M00093_2.00	SRSF7	GACGACGR	3.47e-1	9.97e-1	5.43e2	14	150	150	1335	2.16	1	0.67	3	0.22
147	/Users/ranjithpapareddy/Desktop/Desktop-Ranjith-iMac/forGIT/UFMylation_Ribosome_stalling_RNA_Splicing/Part4_Splicing_Analysis/data/motifs/CisBP_Human_All.meme	M00821_2.00	ENSG00000276833	GGDGGGG	6.32e-3	9.98e-1	5.43e2	950	150	150	1335	1.9	75	50.00	521	39.03
148	/Users/ranjithpapareddy/Desktop/Desktop-Ranjith-iMac/forGIT/UFMylation_Ribosome_stalling_RNA_Splicing/Part4_Splicing_Analysis/data/motifs/CisBP_Human_All.meme	M00127_2.00	SRSF1	GGAGGRV	7.36e-3	9.98e-1	5.43e2	831	150	150	1335	20.3	7	4.67	17	1.27
149	/Users/ranjithpapareddy/Desktop/Desktop-Ranjith-iMac/forGIT/UFMylation_Ribosome_stalling_RNA_Splicing/Part4_Splicing_Analysis/data/motifs/CisBP_Human_All.meme	M00649_2.00	RBMY1D	NWGCUUMGUGCNN	1.61e-2	9.98e-1	5.43e2	387	150	150	1335	17.3	3	2.00	3	0.22
150	/Users/ranjithpapareddy/Desktop/Desktop-Ranjith-iMac/forGIT/UFMylation_Ribosome_stalling_RNA_Splicing/Part4_Splicing_Analysis/data/motifs/CisBP_Human_All.meme	M00484_2.00	M00484_2.00	UGUA	1.12e-2	9.98e-1	5.43e2	574	150	150	1335	1.41	30	20.00	169	12.66
151	/Users/ranjithpapareddy/Desktop/Desktop-Ranjith-iMac/forGIT/UFMylation_Ribosome_stalling_RNA_Splicing/Part4_Splicing_Analysis/data/motifs/CisBP_Human_All.meme	M00806_2.00	SF1	UUAAYM	1.51e-2	9.99e-1	5.43e2	435	150	150	1335	2.08	9	6.00	31	2.32
152	/Users/ranjithpapareddy/Desktop/Desktop-Ranjith-iMac/forGIT/UFMylation_Ribosome_stalling_RNA_Splicing/Part4_Splicing_Analysis/data/motifs/CisBP_Human_All.meme	M00585_2.00	HEXIM1	GKDKCGACGGG	1.92e-1	9.99e-1	5.43e2	31	150	150	1335	165	1	0.67	1	0.07
153	/Users/ranjithpapareddy/Desktop/Desktop-Ranjith-iMac/forGIT/UFMylation_Ribosome_stalling_RNA_Splicing/Part4_Splicing_Analysis/data/motifs/CisBP_Human_All.meme	M00529_2.00	SRSF7	AGACKACGAU	1.61e-1	9.99e-1	5.43e2	39	150	150	1335	1.94	3	2.00	11	0.82
154	/Users/ranjithpapareddy/Desktop/Desktop-Ranjith-iMac/forGIT/UFMylation_Ribosome_stalling_RNA_Splicing/Part4_Splicing_Analysis/data/motifs/CisBP_Human_All.meme	M00494_2.00	IGF2BP1	AAGCACCCGUU	2.68e-1	9.99e-1	5.43e2	22	150	150	1335	4.79	2	1.33	8	0.60
155	/Users/ranjithpapareddy/Desktop/Desktop-Ranjith-iMac/forGIT/UFMylation_Ribosome_stalling_RNA_Splicing/Part4_Splicing_Analysis/data/motifs/CisBP_Human_All.meme	M13103_2.00	AP002990.1	CGAUACUDN	6.29e-2	9.99e-1	5.43e2	109	150	150	1335	1.75	5	3.33	17	1.27
156	/Users/ranjithpapareddy/Desktop/Desktop-Ranjith-iMac/forGIT/UFMylation_Ribosome_stalling_RNA_Splicing/Part4_Splicing_Analysis/data/motifs/CisBP_Human_All.meme	M00192_2.00	M00192_2.00	UGUGUGA	8.97e-3	9.99e-1	5.43e2	765	150	150	1335	7.65	9	6.00	28	2.10
157	/Users/ranjithpapareddy/Desktop/Desktop-Ranjith-iMac/forGIT/UFMylation_Ribosome_stalling_RNA_Splicing/Part4_Splicing_Analysis/data/motifs/CisBP_Human_All.meme	M00772_2.00	ENSG00000238104	AUUAM	1.28e-2	9.99e-1	5.43e2	540	150	150	1335	4.34	5	3.33	10	0.75
158	/Users/ranjithpapareddy/Desktop/Desktop-Ranjith-iMac/forGIT/UFMylation_Ribosome_stalling_RNA_Splicing/Part4_Splicing_Analysis/data/motifs/CisBP_Human_All.meme	M00122_2.00	M00122_2.00	UGUAMAK	1.38e-2	9.99e-1	5.44e2	527	150	150	1335	2.84	12	8.00	48	3.60
159	/Users/ranjithpapareddy/Desktop/Desktop-Ranjith-iMac/forGIT/UFMylation_Ribosome_stalling_RNA_Splicing/Part4_Splicing_Analysis/data/motifs/CisBP_Human_All.meme	M00200_2.00	AC009690.3	UGUGDKG	7.61e-3	9.99e-1	5.44e2	964	150	150	1335	8.49	8	5.33	22	1.65
160	/Users/ranjithpapareddy/Desktop/Desktop-Ranjith-iMac/forGIT/UFMylation_Ribosome_stalling_RNA_Splicing/Part4_Splicing_Analysis/data/motifs/CisBP_Human_All.meme	M00445_2.00	RBMY1D	CUCAA	8.86e-3	9.99e-1	5.44e2	828	150	150	1335	2.87	11	7.33	39	2.92
161	/Users/ranjithpapareddy/Desktop/Desktop-Ranjith-iMac/forGIT/UFMylation_Ribosome_stalling_RNA_Splicing/Part4_Splicing_Analysis/data/motifs/CisBP_Human_All.meme	M00639_2.00	RBM6	NNBSGUGCGCUCCUHGCCHBBNN	2.74e-1	9.99e-1	5.44e2	23	150	150	1335	52.7	1	0.67	2	0.15
162	/Users/ranjithpapareddy/Desktop/Desktop-Ranjith-iMac/forGIT/UFMylation_Ribosome_stalling_RNA_Splicing/Part4_Splicing_Analysis/data/motifs/CisBP_Human_All.meme	M00630_2.00	RBM28	GUGGGUCUCGG	4.39e-2	9.99e-1	5.44e2	172	150	150	1335	5.46	10	6.67	45	3.37
163	/Users/ranjithpapareddy/Desktop/Desktop-Ranjith-iMac/forGIT/UFMylation_Ribosome_stalling_RNA_Splicing/Part4_Splicing_Analysis/data/motifs/CisBP_Human_All.meme	M00746_2.00	HNRNPL	YACAYA	1.08e-2	1.00e0	5.44e2	707	150	150	1335	4.05	9	6.00	29	2.17
164	/Users/ranjithpapareddy/Desktop/Desktop-Ranjith-iMac/forGIT/UFMylation_Ribosome_stalling_RNA_Splicing/Part4_Splicing_Analysis/data/motifs/CisBP_Human_All.meme	M00710_2.00	CELF1	AAUGU	1.18e-2	1.00e0	5.44e2	650	150	150	1335	4.04	7	4.67	19	1.42
165	/Users/ranjithpapareddy/Desktop/Desktop-Ranjith-iMac/forGIT/UFMylation_Ribosome_stalling_RNA_Splicing/Part4_Splicing_Analysis/data/motifs/CisBP_Human_All.meme	M00255_2.00	M00255_2.00	AGAYASAK	1.01e-2	1.00e0	5.44e2	756	150	150	1335	42.1	2	1.33	0	0.00
166	/Users/ranjithpapareddy/Desktop/Desktop-Ranjith-iMac/forGIT/UFMylation_Ribosome_stalling_RNA_Splicing/Part4_Splicing_Analysis/data/motifs/CisBP_Human_All.meme	M00604_2.00	MCM3AP	CGCCAGUGCG	4.73e-1	1.00e0	5.44e2	12	150	150	1335	4.58	1	0.67	5	0.37
167	/Users/ranjithpapareddy/Desktop/Desktop-Ranjith-iMac/forGIT/UFMylation_Ribosome_stalling_RNA_Splicing/Part4_Splicing_Analysis/data/motifs/CisBP_Human_All.meme	M00197_2.00	RBM24	WGUGUGA	9.39e-3	1.00e0	5.44e2	837	150	150	1335	7.3	8	5.33	23	1.72
168	/Users/ranjithpapareddy/Desktop/Desktop-Ranjith-iMac/forGIT/UFMylation_Ribosome_stalling_RNA_Splicing/Part4_Splicing_Analysis/data/motifs/CisBP_Human_All.meme	M00162_2.00	ENOX2	MAGACAG	1.02e-2	1.00e0	5.44e2	775	150	150	1335	2.59	17	11.33	77	5.77
169	/Users/ranjithpapareddy/Desktop/Desktop-Ranjith-iMac/forGIT/UFMylation_Ribosome_stalling_RNA_Splicing/Part4_Splicing_Analysis/data/motifs/CisBP_Human_All.meme	M00076_2.00	RBM8A	GCGCGCG	4.72e-2	1.00e0	5.44e2	170	150	150	1335	1.45	17	11.33	94	7.04
170	/Users/ranjithpapareddy/Desktop/Desktop-Ranjith-iMac/forGIT/UFMylation_Ribosome_stalling_RNA_Splicing/Part4_Splicing_Analysis/data/motifs/CisBP_Human_All.meme	M00810_2.00	SNRPA	WGCACR	1.38e-2	1.00e0	5.44e2	585	150	150	1335	2.92	12	8.00	48	3.60
171	/Users/ranjithpapareddy/Desktop/Desktop-Ranjith-iMac/forGIT/UFMylation_Ribosome_stalling_RNA_Splicing/Part4_Splicing_Analysis/data/motifs/CisBP_Human_All.meme	M00176_2.00	SRSF1	GGAGGAG	7.82e-3	1.00e0	5.44e2	1034	150	150	1335	8.55	15	10.00	62	4.64
172	/Users/ranjithpapareddy/Desktop/Desktop-Ranjith-iMac/forGIT/UFMylation_Ribosome_stalling_RNA_Splicing/Part4_Splicing_Analysis/data/motifs/CisBP_Human_All.meme	M00588_2.00	HNRNPA0	KUAGGUKUAGGU	5.31e-2	1.00e0	5.44e2	154	150	150	1335	17.3	2	1.33	2	0.15
173	/Users/ranjithpapareddy/Desktop/Desktop-Ranjith-iMac/forGIT/UFMylation_Ribosome_stalling_RNA_Splicing/Part4_Splicing_Analysis/data/motifs/CisBP_Human_All.meme	M00640_2.00	RBM6	NNNSGYRYGCUCGUGCYACBNNN	2.74e-1	1.00e0	5.44e2	26	150	150	1335	11.3	1	0.67	2	0.15
174	/Users/ranjithpapareddy/Desktop/Desktop-Ranjith-iMac/forGIT/UFMylation_Ribosome_stalling_RNA_Splicing/Part4_Splicing_Analysis/data/motifs/CisBP_Human_All.meme	M00790_2.00	RBM41	UACWU	1.98e-2	1.00e0	5.44e2	421	150	150	1335	2.41	8	5.33	27	2.02
175	/Users/ranjithpapareddy/Desktop/Desktop-Ranjith-iMac/forGIT/UFMylation_Ribosome_stalling_RNA_Splicing/Part4_Splicing_Analysis/data/motifs/CisBP_Human_All.meme	M00256_2.00	M00256_2.00	GAUGAWN	1.71e-2	1.00e0	5.44e2	491	150	150	1335	5.36	5	3.33	11	0.82
176	/Users/ranjithpapareddy/Desktop/Desktop-Ranjith-iMac/forGIT/UFMylation_Ribosome_stalling_RNA_Splicing/Part4_Splicing_Analysis/data/motifs/CisBP_Human_All.meme	M00784_2.00	RBM22	ACCGG	9.98e-2	1.00e0	5.44e2	81	150	150	1335	3.07	4	2.67	14	1.05
177	/Users/ranjithpapareddy/Desktop/Desktop-Ranjith-iMac/forGIT/UFMylation_Ribosome_stalling_RNA_Splicing/Part4_Splicing_Analysis/data/motifs/CisBP_Human_All.meme	M00644_2.00	RBMS2	CAGUGAUUGG	3.55e-2	1.00e0	5.44e2	242	150	150	1335	6.91	5	3.33	14	1.05
178	/Users/ranjithpapareddy/Desktop/Desktop-Ranjith-iMac/forGIT/UFMylation_Ribosome_stalling_RNA_Splicing/Part4_Splicing_Analysis/data/motifs/CisBP_Human_All.meme	M00185_2.00	IGF2BP3	AMAHWCA	8.41e-3	1.00e0	5.44e2	1029	150	150	1335	9.22	4	2.67	5	0.37
179	/Users/ranjithpapareddy/Desktop/Desktop-Ranjith-iMac/forGIT/UFMylation_Ribosome_stalling_RNA_Splicing/Part4_Splicing_Analysis/data/motifs/CisBP_Human_All.meme	M00015_2.00	SERBP1	RCGCGCG	1.36e-1	1.00e0	5.44e2	60	150	150	1335	5.76	3	2.00	10	0.75
180	/Users/ranjithpapareddy/Desktop/Desktop-Ranjith-iMac/forGIT/UFMylation_Ribosome_stalling_RNA_Splicing/Part4_Splicing_Analysis/data/motifs/CisBP_Human_All.meme	M00146_2.00	M00146_2.00	UUUGGUU	1.01e-2	1.00e0	5.44e2	866	150	150	1335	11	2	1.33	0	0.00
181	/Users/ranjithpapareddy/Desktop/Desktop-Ranjith-iMac/forGIT/UFMylation_Ribosome_stalling_RNA_Splicing/Part4_Splicing_Analysis/data/motifs/CisBP_Human_All.meme	M00809_2.00	PSPC1	UAGUG	2.84e-2	1.00e0	5.44e2	312	150	150	1335	10.6	2	1.33	1	0.07
182	/Users/ranjithpapareddy/Desktop/Desktop-Ranjith-iMac/forGIT/UFMylation_Ribosome_stalling_RNA_Splicing/Part4_Splicing_Analysis/data/motifs/CisBP_Human_All.meme	M00816_2.00	SRSF5	GCAGC	1.26e-2	1.00e0	5.44e2	707	150	150	1335	5.89	15	10.00	66	4.94
183	/Users/ranjithpapareddy/Desktop/Desktop-Ranjith-iMac/forGIT/UFMylation_Ribosome_stalling_RNA_Splicing/Part4_Splicing_Analysis/data/motifs/CisBP_Human_All.meme	M00563_2.00	CSDC2	UUGCCUUGUCCCGAU	2.74e-1	1.00e0	5.44e2	28	150	150	1335	32.4	1	0.67	2	0.15
184	/Users/ranjithpapareddy/Desktop/Desktop-Ranjith-iMac/forGIT/UFMylation_Ribosome_stalling_RNA_Splicing/Part4_Splicing_Analysis/data/motifs/CisBP_Human_All.meme	M00437_2.00	M00437_2.00	WUUUUUG	9.71e-3	1.00e0	5.44e2	942	150	150	1335	4.24	23	15.33	117	8.76
185	/Users/ranjithpapareddy/Desktop/Desktop-Ranjith-iMac/forGIT/UFMylation_Ribosome_stalling_RNA_Splicing/Part4_Splicing_Analysis/data/motifs/CisBP_Human_All.meme	M00741_2.00	HNRNPF	GGGDGGGG	9.07e-3	1.00e0	5.44e2	1013	150	150	1335	12.6	14	9.33	57	4.27
186	/Users/ranjithpapareddy/Desktop/Desktop-Ranjith-iMac/forGIT/UFMylation_Ribosome_stalling_RNA_Splicing/Part4_Splicing_Analysis/data/motifs/CisBP_Human_All.meme	M00655_2.00	RBMY1D	NNGCGUCGUGGSVN	2.39e-2	1.00e0	5.44e2	386	150	150	1335	5.28	10	6.67	40	3.00
187	/Users/ranjithpapareddy/Desktop/Desktop-Ranjith-iMac/forGIT/UFMylation_Ribosome_stalling_RNA_Splicing/Part4_Splicing_Analysis/data/motifs/CisBP_Human_All.meme	M00747_2.00	IGF2BP1	AUACA	1.61e-2	1.00e0	5.44e2	580	150	150	1335	7.58	3	2.00	3	0.22
188	/Users/ranjithpapareddy/Desktop/Desktop-Ranjith-iMac/forGIT/UFMylation_Ribosome_stalling_RNA_Splicing/Part4_Splicing_Analysis/data/motifs/CisBP_Human_All.meme	M00134_2.00	ELAVL1	UUUGUUU	1.01e-2	1.00e0	5.44e2	960	150	150	1335	20	2	1.33	0	0.00
189	/Users/ranjithpapareddy/Desktop/Desktop-Ranjith-iMac/forGIT/UFMylation_Ribosome_stalling_RNA_Splicing/Part4_Splicing_Analysis/data/motifs/CisBP_Human_All.meme	M00444_2.00	RBMY1D	CUCAA	1.28e-2	1.00e0	5.44e2	764	150	150	1335	3.14	9	6.00	30	2.25
190	/Users/ranjithpapareddy/Desktop/Desktop-Ranjith-iMac/forGIT/UFMylation_Ribosome_stalling_RNA_Splicing/Part4_Splicing_Analysis/data/motifs/CisBP_Human_All.meme	M00753_2.00	KHSRP	UGUWU	1.28e-2	1.00e0	5.44e2	768	150	150	1335	4.93	5	3.33	10	0.75
191	/Users/ranjithpapareddy/Desktop/Desktop-Ranjith-iMac/forGIT/UFMylation_Ribosome_stalling_RNA_Splicing/Part4_Splicing_Analysis/data/motifs/CisBP_Human_All.meme	M00698_2.00	ZFP36L1	KUAUUUAUGGUGG	1.52e-1	1.00e0	5.44e2	61	150	150	1335	8.3	2	1.33	5	0.37
192	/Users/ranjithpapareddy/Desktop/Desktop-Ranjith-iMac/forGIT/UFMylation_Ribosome_stalling_RNA_Splicing/Part4_Splicing_Analysis/data/motifs/CisBP_Human_All.meme	M00175_2.00	LIN28B	CGGAGGR	1.23e-2	1.00e0	5.44e2	822	150	150	1335	2.51	37	24.67	223	16.70
193	/Users/ranjithpapareddy/Desktop/Desktop-Ranjith-iMac/forGIT/UFMylation_Ribosome_stalling_RNA_Splicing/Part4_Splicing_Analysis/data/motifs/CisBP_Human_All.meme	M00704_2.00	ZRANB2	DDGGUAGGUADK	1.46e-2	1.00e0	5.44e2	697	150	150	1335	9.45	7	4.67	20	1.50
194	/Users/ranjithpapareddy/Desktop/Desktop-Ranjith-iMac/forGIT/UFMylation_Ribosome_stalling_RNA_Splicing/Part4_Splicing_Analysis/data/motifs/CisBP_Human_All.meme	M00019_2.00	RBM10	GRAAGGG	1.02e-2	1.00e0	5.44e2	1007	150	150	1335	5.78	20	13.33	97	7.27
195	/Users/ranjithpapareddy/Desktop/Desktop-Ranjith-iMac/forGIT/UFMylation_Ribosome_stalling_RNA_Splicing/Part4_Splicing_Analysis/data/motifs/CisBP_Human_All.meme	M00682_2.00	YBX2	GCCAURWCAUCGC	2.28e-1	1.00e0	5.44e2	40	150	150	1335	3.68	2	1.33	7	0.52
196	/Users/ranjithpapareddy/Desktop/Desktop-Ranjith-iMac/forGIT/UFMylation_Ribosome_stalling_RNA_Splicing/Part4_Splicing_Analysis/data/motifs/CisBP_Human_All.meme	M13019_2.00	PSPC1	DGURGKKU	1.57e-2	1.00e0	5.44e2	712	150	150	1335	2.83	12	8.00	49	3.67
197	/Users/ranjithpapareddy/Desktop/Desktop-Ranjith-iMac/forGIT/UFMylation_Ribosome_stalling_RNA_Splicing/Part4_Splicing_Analysis/data/motifs/CisBP_Human_All.meme	M00471_2.00	SRSF1	ACGCGCR	2.88e-1	1.00e0	5.44e2	33	150	150	1335	1.44	4	2.67	23	1.72
198	/Users/ranjithpapareddy/Desktop/Desktop-Ranjith-iMac/forGIT/UFMylation_Ribosome_stalling_RNA_Splicing/Part4_Splicing_Analysis/data/motifs/CisBP_Human_All.meme	M00576_2.00	DAZ2	NKGUGUGUGCGUUUCCGSNN	5.26e-1	1.00e0	5.44e2	15	150	150	1335	2.28	1	0.67	6	0.45
199	/Users/ranjithpapareddy/Desktop/Desktop-Ranjith-iMac/forGIT/UFMylation_Ribosome_stalling_RNA_Splicing/Part4_Splicing_Analysis/data/motifs/CisBP_Human_All.meme	M00002_2.00	TRIM71	KYWAAGC	2.15e-2	1.00e0	5.44e2	548	150	150	1335	1.54	24	16.00	134	10.04
200	/Users/ranjithpapareddy/Desktop/Desktop-Ranjith-iMac/forGIT/UFMylation_Ribosome_stalling_RNA_Splicing/Part4_Splicing_Analysis/data/motifs/CisBP_Human_All.meme	M00795_2.00	RBM4	GCGCGU	1.20e-1	1.00e0	5.44e2	100	150	150	1335	2.23	6	4.00	28	2.10
201	/Users/ranjithpapareddy/Desktop/Desktop-Ranjith-iMac/forGIT/UFMylation_Ribosome_stalling_RNA_Splicing/Part4_Splicing_Analysis/data/motifs/CisBP_Human_All.meme	M00470_2.00	SRSF1	RGAAGRAC	1.93e-2	1.00e0	5.44e2	632	150	150	1335	4.66	15	10.00	70	5.24
202	/Users/ranjithpapareddy/Desktop/Desktop-Ranjith-iMac/forGIT/UFMylation_Ribosome_stalling_RNA_Splicing/Part4_Splicing_Analysis/data/motifs/CisBP_Human_All.meme	M00250_2.00	PTBP1	ACUUUCU	1.15e-2	1.00e0	5.44e2	1061	150	150	1335	2.94	23	15.33	119	8.91
203	/Users/ranjithpapareddy/Desktop/Desktop-Ranjith-iMac/forGIT/UFMylation_Ribosome_stalling_RNA_Splicing/Part4_Splicing_Analysis/data/motifs/CisBP_Human_All.meme	M00062_2.00	MSI1	UAGUWRG	2.84e-2	1.00e0	5.44e2	432	150	150	1335	1.94	12	8.00	54	4.04
204	/Users/ranjithpapareddy/Desktop/Desktop-Ranjith-iMac/forGIT/UFMylation_Ribosome_stalling_RNA_Splicing/Part4_Splicing_Analysis/data/motifs/CisBP_Human_All.meme	M00066_2.00	PPRC1	SSGCGCS	3.94e-2	1.00e0	5.44e2	314	150	150	1335	1.91	22	14.67	128	9.59
205	/Users/ranjithpapareddy/Desktop/Desktop-Ranjith-iMac/forGIT/UFMylation_Ribosome_stalling_RNA_Splicing/Part4_Splicing_Analysis/data/motifs/CisBP_Human_All.meme	M00523_2.00	NOVA2	DSVUNMVCUUCACMCC	1.92e-1	1.00e0	5.44e2	59	150	150	1335	164	1	0.67	1	0.07
206	/Users/ranjithpapareddy/Desktop/Desktop-Ranjith-iMac/forGIT/UFMylation_Ribosome_stalling_RNA_Splicing/Part4_Splicing_Analysis/data/motifs/CisBP_Human_All.meme	M00763_2.00	NUPL2	CAAAGG	1.41e-2	1.00e0	5.44e2	897	150	150	1335	2.88	15	10.00	67	5.02
207	/Users/ranjithpapareddy/Desktop/Desktop-Ranjith-iMac/forGIT/UFMylation_Ribosome_stalling_RNA_Splicing/Part4_Splicing_Analysis/data/motifs/CisBP_Human_All.meme	M13073_2.00	HNRNPH1	DGGGAKGG	1.28e-2	1.00e0	5.44e2	990	150	150	1335	66.8	5	3.33	10	0.75
208	/Users/ranjithpapareddy/Desktop/Desktop-Ranjith-iMac/forGIT/UFMylation_Ribosome_stalling_RNA_Splicing/Part4_Splicing_Analysis/data/motifs/CisBP_Human_All.meme	M00807_2.00	SF1	UAAUC	3.65e-2	1.00e0	5.44e2	351	150	150	1335	2.59	8	5.33	31	2.32
209	/Users/ranjithpapareddy/Desktop/Desktop-Ranjith-iMac/forGIT/UFMylation_Ribosome_stalling_RNA_Splicing/Part4_Splicing_Analysis/data/motifs/CisBP_Human_All.meme	M12989_2.00	HNRNPH3	DGGGAKGG	1.28e-2	1.00e0	5.44e2	1001	150	150	1335	59.7	5	3.33	10	0.75
210	/Users/ranjithpapareddy/Desktop/Desktop-Ranjith-iMac/forGIT/UFMylation_Ribosome_stalling_RNA_Splicing/Part4_Splicing_Analysis/data/motifs/CisBP_Human_All.meme	M00749_2.00	ILF2	GGGDGGGG	1.24e-2	1.00e0	5.44e2	1035	150	150	1335	3.23	54	36.00	358	26.82
211	/Users/ranjithpapareddy/Desktop/Desktop-Ranjith-iMac/forGIT/UFMylation_Ribosome_stalling_RNA_Splicing/Part4_Splicing_Analysis/data/motifs/CisBP_Human_All.meme	M00756_2.00	MBNL1	GCGCAGC	2.65e-2	1.00e0	5.44e2	526	150	150	1335	4.21	11	7.33	47	3.52
212	/Users/ranjithpapareddy/Desktop/Desktop-Ranjith-iMac/forGIT/UFMylation_Ribosome_stalling_RNA_Splicing/Part4_Splicing_Analysis/data/motifs/CisBP_Human_All.meme	M00046_2.00	HNRNPA2B1	DUAGGGA	2.34e-2	1.00e0	5.44e2	599	150	150	1335	4.27	11	7.33	46	3.45
213	/Users/ranjithpapareddy/Desktop/Desktop-Ranjith-iMac/forGIT/UFMylation_Ribosome_stalling_RNA_Splicing/Part4_Splicing_Analysis/data/motifs/CisBP_Human_All.meme	M00610_2.00	MSI1	KUAGUDGUAGK	4.74e-2	1.00e0	5.44e2	297	150	150	1335	5.47	6	4.00	21	1.57
214	/Users/ranjithpapareddy/Desktop/Desktop-Ranjith-iMac/forGIT/UFMylation_Ribosome_stalling_RNA_Splicing/Part4_Splicing_Analysis/data/motifs/CisBP_Human_All.meme	M00757_2.00	MBNL1	UGCUA	4.18e-2	1.00e0	5.44e2	343	150	150	1335	2.75	8	5.33	32	2.40
215	/Users/ranjithpapareddy/Desktop/Desktop-Ranjith-iMac/forGIT/UFMylation_Ribosome_stalling_RNA_Splicing/Part4_Splicing_Analysis/data/motifs/CisBP_Human_All.meme	M00545_2.00	SNRPA	GVGCAGUAGKS	8.26e-2	1.00e0	5.44e2	175	150	150	1335	173	2	1.33	3	0.22
216	/Users/ranjithpapareddy/Desktop/Desktop-Ranjith-iMac/forGIT/UFMylation_Ribosome_stalling_RNA_Splicing/Part4_Splicing_Analysis/data/motifs/CisBP_Human_All.meme	M00164_2.00	RBM42	AACUAMG	7.40e-2	1.00e0	5.44e2	198	150	150	1335	2.83	6	4.00	24	1.80
217	/Users/ranjithpapareddy/Desktop/Desktop-Ranjith-iMac/forGIT/UFMylation_Ribosome_stalling_RNA_Splicing/Part4_Splicing_Analysis/data/motifs/CisBP_Human_All.meme	M00075_2.00	RBM5	GAAGGAA	1.57e-2	1.00e0	5.44e2	936	150	150	1335	5.34	15	10.00	68	5.09
218	/Users/ranjithpapareddy/Desktop/Desktop-Ranjith-iMac/forGIT/UFMylation_Ribosome_stalling_RNA_Splicing/Part4_Splicing_Analysis/data/motifs/CisBP_Human_All.meme	M00802_2.00	RBMS2	AUAUAV	2.98e-2	1.00e0	5.44e2	500	150	150	1335	2.21	11	7.33	48	3.60
219	/Users/ranjithpapareddy/Desktop/Desktop-Ranjith-iMac/forGIT/UFMylation_Ribosome_stalling_RNA_Splicing/Part4_Splicing_Analysis/data/motifs/CisBP_Human_All.meme	M00562_2.00	CSDC2	GCCAUGAUCAUGAU	3.00e-1	1.00e0	5.44e2	42	150	150	1335	5.32	3	2.00	16	1.20
220	/Users/ranjithpapareddy/Desktop/Desktop-Ranjith-iMac/forGIT/UFMylation_Ribosome_stalling_RNA_Splicing/Part4_Splicing_Analysis/data/motifs/CisBP_Human_All.meme	M00430_2.00	AL109811.4	UGAAUGA	2.40e-2	1.00e0	5.44e2	630	150	150	1335	4.16	9	6.00	34	2.55
221	/Users/ranjithpapareddy/Desktop/Desktop-Ranjith-iMac/forGIT/UFMylation_Ribosome_stalling_RNA_Splicing/Part4_Splicing_Analysis/data/motifs/CisBP_Human_All.meme	M00068_2.00	QKI	ACUAACM	8.26e-2	1.00e0	5.44e2	184	150	150	1335	7.71	2	1.33	3	0.22
222	/Users/ranjithpapareddy/Desktop/Desktop-Ranjith-iMac/forGIT/UFMylation_Ribosome_stalling_RNA_Splicing/Part4_Splicing_Analysis/data/motifs/CisBP_Human_All.meme	M00653_2.00	RBMY1D	NNGCGCAAGAGCRN	5.24e-2	1.00e0	5.44e2	294	150	150	1335	2.79	13	8.67	67	5.02
223	/Users/ranjithpapareddy/Desktop/Desktop-Ranjith-iMac/forGIT/UFMylation_Ribosome_stalling_RNA_Splicing/Part4_Splicing_Analysis/data/motifs/CisBP_Human_All.meme	M00716_2.00	DAZAP1	NAUAUAR	2.98e-2	1.00e0	5.44e2	522	150	150	1335	2.06	13	8.67	61	4.57
224	/Users/ranjithpapareddy/Desktop/Desktop-Ranjith-iMac/forGIT/UFMylation_Ribosome_stalling_RNA_Splicing/Part4_Splicing_Analysis/data/motifs/CisBP_Human_All.meme	M00189_2.00	MSI1	UAGUWRG	4.08e-2	1.00e0	5.44e2	385	150	150	1335	1.59	15	10.00	78	5.84
225	/Users/ranjithpapareddy/Desktop/Desktop-Ranjith-iMac/forGIT/UFMylation_Ribosome_stalling_RNA_Splicing/Part4_Splicing_Analysis/data/motifs/CisBP_Human_All.meme	M00551_2.00	SRSF7	ACGAGAGAH	1.96e-1	1.00e0	5.44e2	72	150	150	1335	2.42	4	2.67	19	1.42
226	/Users/ranjithpapareddy/Desktop/Desktop-Ranjith-iMac/forGIT/UFMylation_Ribosome_stalling_RNA_Splicing/Part4_Splicing_Analysis/data/motifs/CisBP_Human_All.meme	M00798_2.00	RBM4B	GCGCGG	9.16e-2	1.00e0	5.44e2	178	150	150	1335	1.28	19	12.67	119	8.91
227	/Users/ranjithpapareddy/Desktop/Desktop-Ranjith-iMac/forGIT/UFMylation_Ribosome_stalling_RNA_Splicing/Part4_Splicing_Analysis/data/motifs/CisBP_Human_All.meme	M00834_2.00	ZNF326	MUAUDW	3.38e-2	1.00e0	5.44e2	500	150	150	1335	1.87	14	9.33	69	5.17
228	/Users/ranjithpapareddy/Desktop/Desktop-Ranjith-iMac/forGIT/UFMylation_Ribosome_stalling_RNA_Splicing/Part4_Splicing_Analysis/data/motifs/CisBP_Human_All.meme	M00626_2.00	RBM14	KGKUGSGUCG	1.62e-1	1.00e0	5.44e2	96	150	150	1335	1.01	13	8.67	83	6.22
229	/Users/ranjithpapareddy/Desktop/Desktop-Ranjith-iMac/forGIT/UFMylation_Ribosome_stalling_RNA_Splicing/Part4_Splicing_Analysis/data/motifs/CisBP_Human_All.meme	M00045_2.00	HNRNPA1L2	KUAGGGW	4.76e-2	1.00e0	5.44e2	357	150	150	1335	3.67	8	5.33	33	2.47
230	/Users/ranjithpapareddy/Desktop/Desktop-Ranjith-iMac/forGIT/UFMylation_Ribosome_stalling_RNA_Splicing/Part4_Splicing_Analysis/data/motifs/CisBP_Human_All.meme	M00589_2.00	HNRNPA1L2	KUAGGUUAGGGW	1.01e-1	1.00e0	5.44e2	169	150	150	1335	191	1	0.67	0	0.00
231	/Users/ranjithpapareddy/Desktop/Desktop-Ranjith-iMac/forGIT/UFMylation_Ribosome_stalling_RNA_Splicing/Part4_Splicing_Analysis/data/motifs/CisBP_Human_All.meme	M13030_2.00	GRSF1	DGGGAKGG	1.71e-2	1.00e0	5.44e2	1000	150	150	1335	59.5	5	3.33	11	0.82
232	/Users/ranjithpapareddy/Desktop/Desktop-Ranjith-iMac/forGIT/UFMylation_Ribosome_stalling_RNA_Splicing/Part4_Splicing_Analysis/data/motifs/CisBP_Human_All.meme	M00526_2.00	ELAVL2	HUYMUUUWUWUUYK	1.87e-2	1.00e0	5.44e2	934	150	150	1335	30.2	4	2.67	7	0.52
233	/Users/ranjithpapareddy/Desktop/Desktop-Ranjith-iMac/forGIT/UFMylation_Ribosome_stalling_RNA_Splicing/Part4_Splicing_Analysis/data/motifs/CisBP_Human_All.meme	M00788_2.00	RBM24	GGGGG	2.86e-2	1.00e0	5.44e2	615	150	150	1335	3.96	34	22.67	214	16.03
234	/Users/ranjithpapareddy/Desktop/Desktop-Ranjith-iMac/forGIT/UFMylation_Ribosome_stalling_RNA_Splicing/Part4_Splicing_Analysis/data/motifs/CisBP_Human_All.meme	M00130_2.00	ELAVL1	UUUGUUU	1.87e-2	1.00e0	5.44e2	941	150	150	1335	12.9	4	2.67	7	0.52
235	/Users/ranjithpapareddy/Desktop/Desktop-Ranjith-iMac/forGIT/UFMylation_Ribosome_stalling_RNA_Splicing/Part4_Splicing_Analysis/data/motifs/CisBP_Human_All.meme	M00469_2.00	HNRNPA1	UAGGGW	4.39e-2	1.00e0	5.44e2	433	150	150	1335	3.56	10	6.67	45	3.37
236	/Users/ranjithpapareddy/Desktop/Desktop-Ranjith-iMac/forGIT/UFMylation_Ribosome_stalling_RNA_Splicing/Part4_Splicing_Analysis/data/motifs/CisBP_Human_All.meme	M00126_2.00	SRSF1	GGAGGRV	2.27e-2	1.00e0	5.44e2	839	150	150	1335	21.1	6	4.00	17	1.27
237	/Users/ranjithpapareddy/Desktop/Desktop-Ranjith-iMac/forGIT/UFMylation_Ribosome_stalling_RNA_Splicing/Part4_Splicing_Analysis/data/motifs/CisBP_Human_All.meme	M00633_2.00	RBM46	CGGAACUAAG	1.55e-1	1.00e0	5.44e2	123	150	150	1335	9.1	4	2.67	17	1.27
238	/Users/ranjithpapareddy/Desktop/Desktop-Ranjith-iMac/forGIT/UFMylation_Ribosome_stalling_RNA_Splicing/Part4_Splicing_Analysis/data/motifs/CisBP_Human_All.meme	M00729_2.00	FUBP3	UUAAU	3.49e-2	1.00e0	5.44e2	556	150	150	1335	3.14	10	6.67	43	3.22
239	/Users/ranjithpapareddy/Desktop/Desktop-Ranjith-iMac/forGIT/UFMylation_Ribosome_stalling_RNA_Splicing/Part4_Splicing_Analysis/data/motifs/CisBP_Human_All.meme	M00356_2.00	M00356_2.00	AUUAGGA	5.40e-2	1.00e0	5.44e2	362	150	150	1335	3.1	8	5.33	34	2.55
240	/Users/ranjithpapareddy/Desktop/Desktop-Ranjith-iMac/forGIT/UFMylation_Ribosome_stalling_RNA_Splicing/Part4_Splicing_Analysis/data/motifs/CisBP_Human_All.meme	M00671_2.00	SNRNP70	GUUCAAGGUG	1.13e-1	1.00e0	5.44e2	179	150	150	1335	3.47	9	6.00	48	3.60
241	/Users/ranjithpapareddy/Desktop/Desktop-Ranjith-iMac/forGIT/UFMylation_Ribosome_stalling_RNA_Splicing/Part4_Splicing_Analysis/data/motifs/CisBP_Human_All.meme	M00355_2.00	AL109811.4	UGAAUGW	3.16e-2	1.00e0	5.44e2	646	150	150	1335	4.94	8	5.33	30	2.25
242	/Users/ranjithpapareddy/Desktop/Desktop-Ranjith-iMac/forGIT/UFMylation_Ribosome_stalling_RNA_Splicing/Part4_Splicing_Analysis/data/motifs/CisBP_Human_All.meme	M00135_2.00	M00135_2.00	ACUAACM	1.16e-1	1.00e0	5.44e2	178	150	150	1335	8.92	2	1.33	4	0.30
243	/Users/ranjithpapareddy/Desktop/Desktop-Ranjith-iMac/forGIT/UFMylation_Ribosome_stalling_RNA_Splicing/Part4_Splicing_Analysis/data/motifs/CisBP_Human_All.meme	M00173_2.00	HNRNPH1	GGGAGGG	2.05e-2	1.00e0	5.44e2	1014	150	150	1335	7.12	32	21.33	193	14.46
244	/Users/ranjithpapareddy/Desktop/Desktop-Ranjith-iMac/forGIT/UFMylation_Ribosome_stalling_RNA_Splicing/Part4_Splicing_Analysis/data/motifs/CisBP_Human_All.meme	M00722_2.00	ESRP1	GGGKGG	2.08e-2	1.00e0	5.44e2	1020	150	150	1335	2.16	64	42.67	452	33.86
245	/Users/ranjithpapareddy/Desktop/Desktop-Ranjith-iMac/forGIT/UFMylation_Ribosome_stalling_RNA_Splicing/Part4_Splicing_Analysis/data/motifs/CisBP_Human_All.meme	M00591_2.00	HNRNPA3	UWGGUUAGGG	1.01e-1	1.00e0	5.44e2	211	150	150	1335	106	1	0.67	0	0.00
246	/Users/ranjithpapareddy/Desktop/Desktop-Ranjith-iMac/forGIT/UFMylation_Ribosome_stalling_RNA_Splicing/Part4_Splicing_Analysis/data/motifs/CisBP_Human_All.meme	M00786_2.00	RBM24	GUGUG	2.76e-2	1.00e0	5.44e2	775	150	150	1335	4.54	9	6.00	35	2.62
247	/Users/ranjithpapareddy/Desktop/Desktop-Ranjith-iMac/forGIT/UFMylation_Ribosome_stalling_RNA_Splicing/Part4_Splicing_Analysis/data/motifs/CisBP_Human_All.meme	M00641_2.00	RBMS1	GUAUUUAUDGGG	7.13e-2	1.00e0	5.44e2	309	150	150	1335	11.2	3	2.00	7	0.52
248	/Users/ranjithpapareddy/Desktop/Desktop-Ranjith-iMac/forGIT/UFMylation_Ribosome_stalling_RNA_Splicing/Part4_Splicing_Analysis/data/motifs/CisBP_Human_All.meme	M00683_2.00	YBX2	DUAACAUCWD	8.40e-2	1.00e0	5.44e2	266	150	150	1335	8.17	4	2.67	13	0.97
249	/Users/ranjithpapareddy/Desktop/Desktop-Ranjith-iMac/forGIT/UFMylation_Ribosome_stalling_RNA_Splicing/Part4_Splicing_Analysis/data/motifs/CisBP_Human_All.meme	M00759_2.00	MSI1	UAGMA	3.74e-2	1.00e0	5.44e2	605	150	150	1335	2.14	17	11.33	91	6.82
250	/Users/ranjithpapareddy/Desktop/Desktop-Ranjith-iMac/forGIT/UFMylation_Ribosome_stalling_RNA_Splicing/Part4_Splicing_Analysis/data/motifs/CisBP_Human_All.meme	M00413_2.00	ENSG00000277564	WGCAUGM	4.14e-2	1.00e0	5.44e2	547	150	150	1335	3.77	11	7.33	51	3.82
251	/Users/ranjithpapareddy/Desktop/Desktop-Ranjith-iMac/forGIT/UFMylation_Ribosome_stalling_RNA_Splicing/Part4_Splicing_Analysis/data/motifs/CisBP_Human_All.meme	M00629_2.00	RBM28	GRGGCYGAGCGGUGG	2.74e-1	1.00e0	5.44e2	71	150	150	1335	465	1	0.67	2	0.15
252	/Users/ranjithpapareddy/Desktop/Desktop-Ranjith-iMac/forGIT/UFMylation_Ribosome_stalling_RNA_Splicing/Part4_Splicing_Analysis/data/motifs/CisBP_Human_All.meme	M00103_2.00	YBX1	AACAUCA	5.38e-2	1.00e0	5.44e2	433	150	150	1335	10	3	2.00	6	0.45
253	/Users/ranjithpapareddy/Desktop/Desktop-Ranjith-iMac/forGIT/UFMylation_Ribosome_stalling_RNA_Splicing/Part4_Splicing_Analysis/data/motifs/CisBP_Human_All.meme	M00191_2.00	HNRNPLL	ACACACA	3.36e-2	1.00e0	5.44e2	699	150	150	1335	19.5	6	4.00	19	1.42
254	/Users/ranjithpapareddy/Desktop/Desktop-Ranjith-iMac/forGIT/UFMylation_Ribosome_stalling_RNA_Splicing/Part4_Splicing_Analysis/data/motifs/CisBP_Human_All.meme	M00169_2.00	CNOT4	GACAGAN	2.78e-2	1.00e0	5.44e2	849	150	150	1335	9.5	6	4.00	18	1.35
255	/Users/ranjithpapareddy/Desktop/Desktop-Ranjith-iMac/forGIT/UFMylation_Ribosome_stalling_RNA_Splicing/Part4_Splicing_Analysis/data/motifs/CisBP_Human_All.meme	M00018_2.00	RBM10	GGAAGGG	2.43e-2	1.00e0	5.44e2	975	150	150	1335	5.84	21	14.00	114	8.54
256	/Users/ranjithpapareddy/Desktop/Desktop-Ranjith-iMac/forGIT/UFMylation_Ribosome_stalling_RNA_Splicing/Part4_Splicing_Analysis/data/motifs/CisBP_Human_All.meme	M00666_2.00	RNPC3	GGGUSUACGGGGU	3.47e-1	1.00e0	5.44e2	57	150	150	1335	48.1	1	0.67	3	0.22
257	/Users/ranjithpapareddy/Desktop/Desktop-Ranjith-iMac/forGIT/UFMylation_Ribosome_stalling_RNA_Splicing/Part4_Splicing_Analysis/data/motifs/CisBP_Human_All.meme	M00184_2.00	PABPC5	AGAAAAU	2.58e-2	1.00e0	5.44e2	975	150	150	1335	7.02	7	4.67	23	1.72
258	/Users/ranjithpapareddy/Desktop/Desktop-Ranjith-iMac/forGIT/UFMylation_Ribosome_stalling_RNA_Splicing/Part4_Splicing_Analysis/data/motifs/CisBP_Human_All.meme	M00152_2.00	M00152_2.00	GAAAAHV	2.84e-2	1.00e0	5.44e2	886	150	150	1335	16.2	2	1.33	1	0.07
259	/Users/ranjithpapareddy/Desktop/Desktop-Ranjith-iMac/forGIT/UFMylation_Ribosome_stalling_RNA_Splicing/Part4_Splicing_Analysis/data/motifs/CisBP_Human_All.meme	M00808_2.00	PSPC1	WGUAAK	5.38e-2	1.00e0	5.44e2	470	150	150	1335	3.42	3	2.00	6	0.45
260	/Users/ranjithpapareddy/Desktop/Desktop-Ranjith-iMac/forGIT/UFMylation_Ribosome_stalling_RNA_Splicing/Part4_Splicing_Analysis/data/motifs/CisBP_Human_All.meme	M13004_2.00	PPARGC1A	GCGCGCGG	2.27e-1	1.00e0	5.44e2	112	150	150	1335	3.28	6	4.00	35	2.62
261	/Users/ranjithpapareddy/Desktop/Desktop-Ranjith-iMac/forGIT/UFMylation_Ribosome_stalling_RNA_Splicing/Part4_Splicing_Analysis/data/motifs/CisBP_Human_All.meme	M00107_2.00	ZCRB1	GAMUUAAK	5.31e-2	1.00e0	5.44e2	480	150	150	1335	7.92	2	1.33	2	0.15
262	/Users/ranjithpapareddy/Desktop/Desktop-Ranjith-iMac/forGIT/UFMylation_Ribosome_stalling_RNA_Splicing/Part4_Splicing_Analysis/data/motifs/CisBP_Human_All.meme	M00054_2.00	IGF2BP2	AMAWACA	2.60e-2	1.00e0	5.44e2	991	150	150	1335	8.7	4	2.67	8	0.60
263	/Users/ranjithpapareddy/Desktop/Desktop-Ranjith-iMac/forGIT/UFMylation_Ribosome_stalling_RNA_Splicing/Part4_Splicing_Analysis/data/motifs/CisBP_Human_All.meme	M00038_2.00	FMR1	GGACARG	4.08e-2	1.00e0	5.44e2	632	150	150	1335	3.22	16	10.67	85	6.37
264	/Users/ranjithpapareddy/Desktop/Desktop-Ranjith-iMac/forGIT/UFMylation_Ribosome_stalling_RNA_Splicing/Part4_Splicing_Analysis/data/motifs/CisBP_Human_All.meme	M00106_2.00	ZC3H14	UUUGUUU	2.61e-2	1.00e0	5.44e2	997	150	150	1335	18.3	3	2.00	4	0.30
265	/Users/ranjithpapareddy/Desktop/Desktop-Ranjith-iMac/forGIT/UFMylation_Ribosome_stalling_RNA_Splicing/Part4_Splicing_Analysis/data/motifs/CisBP_Human_All.meme	M00662_2.00	RC3H1	NNYRCGUUUUAGKRNN	3.00e-1	1.00e0	5.44e2	73	150	150	1335	2.29	3	2.00	16	1.20
266	/Users/ranjithpapareddy/Desktop/Desktop-Ranjith-iMac/forGIT/UFMylation_Ribosome_stalling_RNA_Splicing/Part4_Splicing_Analysis/data/motifs/CisBP_Human_All.meme	M00072_2.00	RBM4	GCGCGGG	1.62e-1	1.00e0	5.44e2	162	150	150	1335	1.84	13	8.67	83	6.22
267	/Users/ranjithpapareddy/Desktop/Desktop-Ranjith-iMac/forGIT/UFMylation_Ribosome_stalling_RNA_Splicing/Part4_Splicing_Analysis/data/motifs/CisBP_Human_All.meme	M00096_2.00	AL109811.4	DGAAUGAD	3.87e-2	1.00e0	5.44e2	690	150	150	1335	9.01	3	2.00	5	0.37
268	/Users/ranjithpapareddy/Desktop/Desktop-Ranjith-iMac/forGIT/UFMylation_Ribosome_stalling_RNA_Splicing/Part4_Splicing_Analysis/data/motifs/CisBP_Human_All.meme	M00123_2.00	M00123_2.00	UGUAAUU	3.87e-2	1.00e0	5.44e2	702	150	150	1335	6.49	3	2.00	5	0.37
269	/Users/ranjithpapareddy/Desktop/Desktop-Ranjith-iMac/forGIT/UFMylation_Ribosome_stalling_RNA_Splicing/Part4_Splicing_Analysis/data/motifs/CisBP_Human_All.meme	M00348_2.00	M00348_2.00	UUACGUA	3.47e-1	1.00e0	5.44e2	64	150	150	1335	5.2	1	0.67	3	0.22
270	/Users/ranjithpapareddy/Desktop/Desktop-Ranjith-iMac/forGIT/UFMylation_Ribosome_stalling_RNA_Splicing/Part4_Splicing_Analysis/data/motifs/CisBP_Human_All.meme	M00567_2.00	YBX3	UAACAUCR	9.95e-2	1.00e0	5.44e2	276	150	150	1335	4.71	5	3.33	20	1.50
271	/Users/ranjithpapareddy/Desktop/Desktop-Ranjith-iMac/forGIT/UFMylation_Ribosome_stalling_RNA_Splicing/Part4_Splicing_Analysis/data/motifs/CisBP_Human_All.meme	M00532_2.00	SRSF6	GAUCAACCHGGCGACAG	1.00e0	1.00e0	5.44e2	1	150	150	1335	0.787	0	0.00	1	0.07
272	/Users/ranjithpapareddy/Desktop/Desktop-Ranjith-iMac/forGIT/UFMylation_Ribosome_stalling_RNA_Splicing/Part4_Splicing_Analysis/data/motifs/CisBP_Human_All.meme	M00691_2.00	ZC3H12C	DUGCGKCAGUCGGUAGC	1.00e0	1.00e0	5.44e2	1	150	150	1335	2.29	0	0.00	1	0.07
273	/Users/ranjithpapareddy/Desktop/Desktop-Ranjith-iMac/forGIT/UFMylation_Ribosome_stalling_RNA_Splicing/Part4_Splicing_Analysis/data/motifs/CisBP_Human_All.meme	M00572_2.00	DAZ1	GSGUGYGUGCGUUUCCGCSY	1.00e0	1.00e0	5.44e2	1	150	150	1335	0.624	0	0.00	1	0.07
274	/Users/ranjithpapareddy/Desktop/Desktop-Ranjith-iMac/forGIT/UFMylation_Ribosome_stalling_RNA_Splicing/Part4_Splicing_Analysis/data/motifs/CisBP_Human_All.meme	M00688_2.00	ZC3H12B	UGCGWCAGUCGGUAGCU	1.00e0	1.00e0	5.44e2	1	150	150	1335	0.493	0	0.00	1	0.07
275	/Users/ranjithpapareddy/Desktop/Desktop-Ranjith-iMac/forGIT/UFMylation_Ribosome_stalling_RNA_Splicing/Part4_Splicing_Analysis/data/motifs/CisBP_Human_All.meme	M00443_2.00	NCL	CCGAAAKCCCGAAGUAGG	1.00e0	1.00e0	5.44e2	1	150	150	1335	1.37	0	0.00	1	0.07
276	/Users/ranjithpapareddy/Desktop/Desktop-Ranjith-iMac/forGIT/UFMylation_Ribosome_stalling_RNA_Splicing/Part4_Splicing_Analysis/data/motifs/CisBP_Human_All.meme	M00174_2.00	FXR1	AAYGACRA	1.36e-1	1.00e0	5.44e2	204	150	150	1335	3.82	3	2.00	10	0.75
277	/Users/ranjithpapareddy/Desktop/Desktop-Ranjith-iMac/forGIT/UFMylation_Ribosome_stalling_RNA_Splicing/Part4_Splicing_Analysis/data/motifs/CisBP_Human_All.meme	M00186_2.00	RBMS3	UAUAUAB	5.28e-2	1.00e0	5.44e2	548	150	150	1335	4.97	5	3.33	16	1.20
278	/Users/ranjithpapareddy/Desktop/Desktop-Ranjith-iMac/forGIT/UFMylation_Ribosome_stalling_RNA_Splicing/Part4_Splicing_Analysis/data/motifs/CisBP_Human_All.meme	M00694_2.00	ZCRB1	GUAUUAAKKK	8.26e-2	1.00e0	5.44e2	353	150	150	1335	11.7	2	1.33	3	0.22
279	/Users/ranjithpapareddy/Desktop/Desktop-Ranjith-iMac/forGIT/UFMylation_Ribosome_stalling_RNA_Splicing/Part4_Splicing_Analysis/data/motifs/CisBP_Human_All.meme	M00632_2.00	RBM42	CGGGGURUGY	2.28e-1	1.00e0	5.44e2	128	150	150	1335	35.2	2	1.33	7	0.52
280	/Users/ranjithpapareddy/Desktop/Desktop-Ranjith-iMac/forGIT/UFMylation_Ribosome_stalling_RNA_Splicing/Part4_Splicing_Analysis/data/motifs/CisBP_Human_All.meme	M00024_2.00	ANKHD1-EIF4EBP3	AGACGUW	4.13e-1	1.00e0	5.44e2	55	150	150	1335	3.01	1	0.67	4	0.30
281	/Users/ranjithpapareddy/Desktop/Desktop-Ranjith-iMac/forGIT/UFMylation_Ribosome_stalling_RNA_Splicing/Part4_Splicing_Analysis/data/motifs/CisBP_Human_All.meme	M00095_2.00	AP002990.1	CGAUACU	2.42e-1	1.00e0	5.44e2	122	150	150	1335	1.73	3	2.00	14	1.05
282	/Users/ranjithpapareddy/Desktop/Desktop-Ranjith-iMac/forGIT/UFMylation_Ribosome_stalling_RNA_Splicing/Part4_Splicing_Analysis/data/motifs/CisBP_Human_All.meme	M00813_2.00	SRSF2	WGCAGC	2.92e-2	1.00e0	5.44e2	1015	150	150	1335	2.83	36	24.00	230	17.23
283	/Users/ranjithpapareddy/Desktop/Desktop-Ranjith-iMac/forGIT/UFMylation_Ribosome_stalling_RNA_Splicing/Part4_Splicing_Analysis/data/motifs/CisBP_Human_All.meme	M00042_2.00	FXR2	GGACRRG	6.01e-2	1.00e0	5.44e2	499	150	150	1335	3.36	10	6.67	48	3.60
284	/Users/ranjithpapareddy/Desktop/Desktop-Ranjith-iMac/forGIT/UFMylation_Ribosome_stalling_RNA_Splicing/Part4_Splicing_Analysis/data/motifs/CisBP_Human_All.meme	M00030_2.00	M00030_2.00	ACACAWA	3.59e-2	1.00e0	5.44e2	868	150	150	1335	9.27	7	4.67	25	1.87
285	/Users/ranjithpapareddy/Desktop/Desktop-Ranjith-iMac/forGIT/UFMylation_Ribosome_stalling_RNA_Splicing/Part4_Splicing_Analysis/data/motifs/CisBP_Human_All.meme	M00623_2.00	ENSG00000277564	GCAUGKWGCAUG	5.73e-2	1.00e0	5.44e2	548	150	150	1335	3.09	18	12.00	104	7.79
286	/Users/ranjithpapareddy/Desktop/Desktop-Ranjith-iMac/forGIT/UFMylation_Ribosome_stalling_RNA_Splicing/Part4_Splicing_Analysis/data/motifs/CisBP_Human_All.meme	M00217_2.00	SF3B4	NCAAAAG	5.64e-2	1.00e0	5.44e2	558	150	150	1335	10	4	2.67	11	0.82
287	/Users/ranjithpapareddy/Desktop/Desktop-Ranjith-iMac/forGIT/UFMylation_Ribosome_stalling_RNA_Splicing/Part4_Splicing_Analysis/data/motifs/CisBP_Human_All.meme	M00023_2.00	A1CF	WUAAUUR	6.44e-2	1.00e0	5.44e2	492	150	150	1335	4.1	6	4.00	23	1.72
288	/Users/ranjithpapareddy/Desktop/Desktop-Ranjith-iMac/forGIT/UFMylation_Ribosome_stalling_RNA_Splicing/Part4_Splicing_Analysis/data/motifs/CisBP_Human_All.meme	M13087_2.00	PABPC1L2B	GAAAAARR	3.46e-2	1.00e0	5.44e2	929	150	150	1335	33.5	4	2.67	9	0.67
289	/Users/ranjithpapareddy/Desktop/Desktop-Ranjith-iMac/forGIT/UFMylation_Ribosome_stalling_RNA_Splicing/Part4_Splicing_Analysis/data/motifs/CisBP_Human_All.meme	M13091_2.00	PABPC1L2A	GAAAAARR	3.46e-2	1.00e0	5.44e2	929	150	150	1335	33.5	4	2.67	9	0.67
290	/Users/ranjithpapareddy/Desktop/Desktop-Ranjith-iMac/forGIT/UFMylation_Ribosome_stalling_RNA_Splicing/Part4_Splicing_Analysis/data/motifs/CisBP_Human_All.meme	M00460_2.00	QKI	UACUAAC	2.74e-1	1.00e0	5.44e2	119	150	150	1335	13.5	1	0.67	2	0.15
291	/Users/ranjithpapareddy/Desktop/Desktop-Ranjith-iMac/forGIT/UFMylation_Ribosome_stalling_RNA_Splicing/Part4_Splicing_Analysis/data/motifs/CisBP_Human_All.meme	M12992_2.00	PABPC1L	GAAAAAAR	3.46e-2	1.00e0	5.44e2	945	150	150	1335	31.1	4	2.67	9	0.67
292	/Users/ranjithpapareddy/Desktop/Desktop-Ranjith-iMac/forGIT/UFMylation_Ribosome_stalling_RNA_Splicing/Part4_Splicing_Analysis/data/motifs/CisBP_Human_All.meme	M13100_2.00	PABPC4L	GAAAAAAR	3.46e-2	1.00e0	5.44e2	945	150	150	1335	31	4	2.67	9	0.67
293	/Users/ranjithpapareddy/Desktop/Desktop-Ranjith-iMac/forGIT/UFMylation_Ribosome_stalling_RNA_Splicing/Part4_Splicing_Analysis/data/motifs/CisBP_Human_All.meme	M00257_2.00	M00257_2.00	GAUGAWH	7.13e-2	1.00e0	5.44e2	465	150	150	1335	4.74	3	2.00	7	0.52
294	/Users/ranjithpapareddy/Desktop/Desktop-Ranjith-iMac/forGIT/UFMylation_Ribosome_stalling_RNA_Splicing/Part4_Splicing_Analysis/data/motifs/CisBP_Human_All.meme	M00258_2.00	SYNCRIP	CAAAAAG	3.60e-2	1.00e0	5.44e2	936	150	150	1335	6	9	6.00	37	2.77
295	/Users/ranjithpapareddy/Desktop/Desktop-Ranjith-iMac/forGIT/UFMylation_Ribosome_stalling_RNA_Splicing/Part4_Splicing_Analysis/data/motifs/CisBP_Human_All.meme	M00017_2.00	ENSG00000233801	AGAGWWW	3.89e-2	1.00e0	5.44e2	866	150	150	1335	3.65	12	8.00	57	4.27
296	/Users/ranjithpapareddy/Desktop/Desktop-Ranjith-iMac/forGIT/UFMylation_Ribosome_stalling_RNA_Splicing/Part4_Splicing_Analysis/data/motifs/CisBP_Human_All.meme	M13102_2.00	ANKHD1-EIF4EBP3	AGACGUW	4.73e-1	1.00e0	5.44e2	55	150	150	1335	3.02	1	0.67	5	0.37
297	/Users/ranjithpapareddy/Desktop/Desktop-Ranjith-iMac/forGIT/UFMylation_Ribosome_stalling_RNA_Splicing/Part4_Splicing_Analysis/data/motifs/CisBP_Human_All.meme	M00824_2.00	AL109811.4	GAGUG	4.44e-2	1.00e0	5.44e2	774	150	150	1335	3.35	20	13.33	115	8.61
298	/Users/ranjithpapareddy/Desktop/Desktop-Ranjith-iMac/forGIT/UFMylation_Ribosome_stalling_RNA_Splicing/Part4_Splicing_Analysis/data/motifs/CisBP_Human_All.meme	M00070_2.00	RBM3	GAUACGA	2.42e-1	1.00e0	5.44e2	144	150	150	1335	1.71	3	2.00	14	1.05
299	/Users/ranjithpapareddy/Desktop/Desktop-Ranjith-iMac/forGIT/UFMylation_Ribosome_stalling_RNA_Splicing/Part4_Splicing_Analysis/data/motifs/CisBP_Human_All.meme	M13101_2.00	MEX3A	AGAGWWW	4.37e-2	1.00e0	5.44e2	809	150	150	1335	4.92	5	3.33	15	1.12
300	/Users/ranjithpapareddy/Desktop/Desktop-Ranjith-iMac/forGIT/UFMylation_Ribosome_stalling_RNA_Splicing/Part4_Splicing_Analysis/data/motifs/CisBP_Human_All.meme	M00547_2.00	PABPC4L	ACDAAYM	8.26e-2	1.00e0	5.44e2	424	150	150	1335	4.35	2	1.33	3	0.22
301	/Users/ranjithpapareddy/Desktop/Desktop-Ranjith-iMac/forGIT/UFMylation_Ribosome_stalling_RNA_Splicing/Part4_Splicing_Analysis/data/motifs/CisBP_Human_All.meme	M13031_2.00	ANKRD17	AGACGUW	4.73e-1	1.00e0	5.44e2	55	150	150	1335	3.02	1	0.67	5	0.37
302	/Users/ranjithpapareddy/Desktop/Desktop-Ranjith-iMac/forGIT/UFMylation_Ribosome_stalling_RNA_Splicing/Part4_Splicing_Analysis/data/motifs/CisBP_Human_All.meme	M00571_2.00	DAZ1	SGKCGWAAUGUUAGUAGGBCS	1.00e0	1.00e0	5.44e2	10	150	150	1335	1.68	0	0.00	6	0.45
303	/Users/ranjithpapareddy/Desktop/Desktop-Ranjith-iMac/forGIT/UFMylation_Ribosome_stalling_RNA_Splicing/Part4_Splicing_Analysis/data/motifs/CisBP_Human_All.meme	M00431_2.00	M00431_2.00	UAGAUAG	3.47e-1	1.00e0	5.44e2	380	150	150	1335	5.79	1	0.67	3	0.22
304	/Users/ranjithpapareddy/Desktop/Desktop-Ranjith-iMac/forGIT/UFMylation_Ribosome_stalling_RNA_Splicing/Part4_Splicing_Analysis/data/motifs/CisBP_Human_All.meme	M00656_2.00	RBMY1D	BUGAAUYCGUCRN	9.95e-1	1.00e0	5.44e2	50	150	150	1335	1.02	1	0.67	48	3.60
305	/Users/ranjithpapareddy/Desktop/Desktop-Ranjith-iMac/forGIT/UFMylation_Ribosome_stalling_RNA_Splicing/Part4_Splicing_Analysis/data/motifs/CisBP_Human_All.meme	M00298_2.00	SF3B6	UUUUUCC	7.41e-2	1.00e0	5.44e2	935	150	150	1335	8.34	5	3.33	18	1.35
306	/Users/ranjithpapareddy/Desktop/Desktop-Ranjith-iMac/forGIT/UFMylation_Ribosome_stalling_RNA_Splicing/Part4_Splicing_Analysis/data/motifs/CisBP_Human_All.meme	M00833_2.00	ZFP36L1	UAAUA	2.62e-1	1.00e0	5.44e2	516	150	150	1335	2.37	15	10.00	109	8.16
307	/Users/ranjithpapareddy/Desktop/Desktop-Ranjith-iMac/forGIT/UFMylation_Ribosome_stalling_RNA_Splicing/Part4_Splicing_Analysis/data/motifs/CisBP_Human_All.meme	M00832_2.00	ZFP36L1	UAUUU	4.76e-2	1.00e0	5.44e2	764	150	150	1335	3.79	8	5.33	33	2.47
308	/Users/ranjithpapareddy/Desktop/Desktop-Ranjith-iMac/forGIT/UFMylation_Ribosome_stalling_RNA_Splicing/Part4_Splicing_Analysis/data/motifs/CisBP_Human_All.meme	M00620_2.00	QKI	WUACUAACAWW	7.93e-1	1.00e0	5.44e2	227	150	150	1335	5.61	2	1.33	26	1.95
309	/Users/ranjithpapareddy/Desktop/Desktop-Ranjith-iMac/forGIT/UFMylation_Ribosome_stalling_RNA_Splicing/Part4_Splicing_Analysis/data/motifs/CisBP_Human_All.meme	M00621_2.00	QKI	ACUAACAWUACUAACA	2.83e-1	1.00e0	5.44e2	490	150	150	1335	9	10	6.67	70	5.24
310	/Users/ranjithpapareddy/Desktop/Desktop-Ranjith-iMac/forGIT/UFMylation_Ribosome_stalling_RNA_Splicing/Part4_Splicing_Analysis/data/motifs/CisBP_Human_All.meme	M00728_2.00	FUBP3	UUUWU	1.75e-1	1.00e0	5.44e2	943	150	150	1335	4.59	7	4.67	39	2.92
311	/Users/ranjithpapareddy/Desktop/Desktop-Ranjith-iMac/forGIT/UFMylation_Ribosome_stalling_RNA_Splicing/Part4_Splicing_Analysis/data/motifs/CisBP_Human_All.meme	M00180_2.00	ENSG00000282559	AUUUUUU	1.52e-1	1.00e0	5.44e2	947	150	150	1335	26.3	2	1.33	5	0.37
312	/Users/ranjithpapareddy/Desktop/Desktop-Ranjith-iMac/forGIT/UFMylation_Ribosome_stalling_RNA_Splicing/Part4_Splicing_Analysis/data/motifs/CisBP_Human_All.meme	M00181_2.00	ENSG00000277564	WGCAUGM	1.08e-1	1.00e0	5.44e2	514	150	150	1335	5.83	6	4.00	27	2.02
313	/Users/ranjithpapareddy/Desktop/Desktop-Ranjith-iMac/forGIT/UFMylation_Ribosome_stalling_RNA_Splicing/Part4_Splicing_Analysis/data/motifs/CisBP_Human_All.meme	M13109_2.00	AC008982.1	ACACACA	1.89e-1	1.00e0	5.44e2	583	150	150	1335	16.6	7	4.67	40	3.00
314	/Users/ranjithpapareddy/Desktop/Desktop-Ranjith-iMac/forGIT/UFMylation_Ribosome_stalling_RNA_Splicing/Part4_Splicing_Analysis/data/motifs/CisBP_Human_All.meme	M00594_2.00	ENSG00000282559	RUUUUUKKGG	1.78e-1	1.00e0	5.44e2	837	150	150	1335	5.23	6	4.00	32	2.40
315	/Users/ranjithpapareddy/Desktop/Desktop-Ranjith-iMac/forGIT/UFMylation_Ribosome_stalling_RNA_Splicing/Part4_Splicing_Analysis/data/motifs/CisBP_Human_All.meme	M00053_2.00	ELAVL1	UUWUUUU	3.47e-1	1.00e0	5.44e2	958	150	150	1335	30.1	1	0.67	3	0.22
316	/Users/ranjithpapareddy/Desktop/Desktop-Ranjith-iMac/forGIT/UFMylation_Ribosome_stalling_RNA_Splicing/Part4_Splicing_Analysis/data/motifs/CisBP_Human_All.meme	M00754_2.00	KHSRP	UUWUU	2.74e-1	1.00e0	5.44e2	973	150	150	1335	15.4	1	0.67	2	0.15
317	/Users/ranjithpapareddy/Desktop/Desktop-Ranjith-iMac/forGIT/UFMylation_Ribosome_stalling_RNA_Splicing/Part4_Splicing_Analysis/data/motifs/CisBP_Human_All.meme	M13034_2.00	SYNCRIP	CAAAAWAG	4.47e-2	1.00e0	5.44e2	912	150	150	1335	9.31	4	2.67	10	0.75
318	/Users/ranjithpapareddy/Desktop/Desktop-Ranjith-iMac/forGIT/UFMylation_Ribosome_stalling_RNA_Splicing/Part4_Splicing_Analysis/data/motifs/CisBP_Human_All.meme	M00686_2.00	ZC3H12A	YUUGCCAWAGUGU	9.22e-1	1.00e0	5.44e2	582	150	150	1335	3.85	5	3.33	75	5.62
319	/Users/ranjithpapareddy/Desktop/Desktop-Ranjith-iMac/forGIT/UFMylation_Ribosome_stalling_RNA_Splicing/Part4_Splicing_Analysis/data/motifs/CisBP_Human_All.meme	M00472_2.00	SRSF2	GUUCGAGUW	2.64e-1	1.00e0	5.44e2	156	150	150	1335	5.01	4	2.67	22	1.65
320	/Users/ranjithpapareddy/Desktop/Desktop-Ranjith-iMac/forGIT/UFMylation_Ribosome_stalling_RNA_Splicing/Part4_Splicing_Analysis/data/motifs/CisBP_Human_All.meme	M00614_2.00	PABPC5	UUAKAAAGUURCU	9.30e-1	1.00e0	5.44e2	381	150	150	1335	1.63	20	13.33	236	17.68
321	/Users/ranjithpapareddy/Desktop/Desktop-Ranjith-iMac/forGIT/UFMylation_Ribosome_stalling_RNA_Splicing/Part4_Splicing_Analysis/data/motifs/CisBP_Human_All.meme	M00615_2.00	PABPC5	UUAKAAAUUACUACAY	1.00e0	1.00e0	5.44e2	53	150	150	1335	3.68	0	0.00	22	1.65
322	/Users/ranjithpapareddy/Desktop/Desktop-Ranjith-iMac/forGIT/UFMylation_Ribosome_stalling_RNA_Splicing/Part4_Splicing_Analysis/data/motifs/CisBP_Human_All.meme	M00473_2.00	PABPC4L	AAAAA	5.38e-2	1.00e0	5.44e2	944	150	150	1335	30.6	3	2.00	6	0.45
323	/Users/ranjithpapareddy/Desktop/Desktop-Ranjith-iMac/forGIT/UFMylation_Ribosome_stalling_RNA_Splicing/Part4_Splicing_Analysis/data/motifs/CisBP_Human_All.meme	M00496_2.00	ENSG00000277564	UGCAUG	2.43e-1	1.00e0	5.44e2	481	150	150	1335	3.07	14	9.33	99	7.42
324	/Users/ranjithpapareddy/Desktop/Desktop-Ranjith-iMac/forGIT/UFMylation_Ribosome_stalling_RNA_Splicing/Part4_Splicing_Analysis/data/motifs/CisBP_Human_All.meme	M13043_2.00	SF3B4	NCAAAAGN	1.75e-1	1.00e0	5.44e2	548	150	150	1335	9.19	4	2.67	18	1.35
325	/Users/ranjithpapareddy/Desktop/Desktop-Ranjith-iMac/forGIT/UFMylation_Ribosome_stalling_RNA_Splicing/Part4_Splicing_Analysis/data/motifs/CisBP_Human_All.meme	M00082_2.00	M00082_2.00	UAAAAGG	4.13e-1	1.00e0	5.44e2	726	150	150	1335	9.51	1	0.67	4	0.30
326	/Users/ranjithpapareddy/Desktop/Desktop-Ranjith-iMac/forGIT/UFMylation_Ribosome_stalling_RNA_Splicing/Part4_Splicing_Analysis/data/motifs/CisBP_Human_All.meme	M00825_2.00	TIA1	UUUUW	2.74e-1	1.00e0	5.44e2	974	150	150	1335	14.2	1	0.67	2	0.15
327	/Users/ranjithpapareddy/Desktop/Desktop-Ranjith-iMac/forGIT/UFMylation_Ribosome_stalling_RNA_Splicing/Part4_Splicing_Analysis/data/motifs/CisBP_Human_All.meme	M00748_2.00	IGF2BP2	CAACACA	7.72e-2	1.00e0	5.44e2	675	150	150	1335	1.76	27	18.00	178	13.33
328	/Users/ranjithpapareddy/Desktop/Desktop-Ranjith-iMac/forGIT/UFMylation_Ribosome_stalling_RNA_Splicing/Part4_Splicing_Analysis/data/motifs/CisBP_Human_All.meme	M00172_2.00	ENSG00000282559	UUUUUUG	5.31e-2	1.00e0	5.44e2	915	150	150	1335	30.1	2	1.33	2	0.15
329	/Users/ranjithpapareddy/Desktop/Desktop-Ranjith-iMac/forGIT/UFMylation_Ribosome_stalling_RNA_Splicing/Part4_Splicing_Analysis/data/motifs/CisBP_Human_All.meme	M13120_2.00	ENSG00000282095	VWUUUUUS	1.87e-1	1.00e0	5.44e2	935	150	150	1335	14.2	3	2.00	12	0.90
330	/Users/ranjithpapareddy/Desktop/Desktop-Ranjith-iMac/forGIT/UFMylation_Ribosome_stalling_RNA_Splicing/Part4_Splicing_Analysis/data/motifs/CisBP_Human_All.meme	M13121_2.00	ENSG00000282175	VWUUUUUS	1.87e-1	1.00e0	5.44e2	935	150	150	1335	14.2	3	2.00	12	0.90
331	/Users/ranjithpapareddy/Desktop/Desktop-Ranjith-iMac/forGIT/UFMylation_Ribosome_stalling_RNA_Splicing/Part4_Splicing_Analysis/data/motifs/CisBP_Human_All.meme	M00700_2.00	ZFR	GUGACGGAUG	4.71e-1	1.00e0	5.44e2	78	150	150	1335	2.95	3	2.00	22	1.65
332	/Users/ranjithpapareddy/Desktop/Desktop-Ranjith-iMac/forGIT/UFMylation_Ribosome_stalling_RNA_Splicing/Part4_Splicing_Analysis/data/motifs/CisBP_Human_All.meme	M00566_2.00	CELF4	UGUGUWGUGU	1.97e-1	1.00e0	5.44e2	855	150	150	1335	3.61	11	7.33	71	5.32
333	/Users/ranjithpapareddy/Desktop/Desktop-Ranjith-iMac/forGIT/UFMylation_Ribosome_stalling_RNA_Splicing/Part4_Splicing_Analysis/data/motifs/CisBP_Human_All.meme	M00254_2.00	ELAVL1	UUUUUUU	2.74e-1	1.00e0	5.44e2	969	150	150	1335	43.3	1	0.67	2	0.15
334	/Users/ranjithpapareddy/Desktop/Desktop-Ranjith-iMac/forGIT/UFMylation_Ribosome_stalling_RNA_Splicing/Part4_Splicing_Analysis/data/motifs/CisBP_Human_All.meme	M00609_2.00	MKRN1	NNNNSYGUAAAKUGUAGBBNNN	1.00e0	1.00e0	5.44e2	14	150	150	1335	1.19	0	0.00	14	1.05
335	/Users/ranjithpapareddy/Desktop/Desktop-Ranjith-iMac/forGIT/UFMylation_Ribosome_stalling_RNA_Splicing/Part4_Splicing_Analysis/data/motifs/CisBP_Human_All.meme	M00608_2.00	MEX3A	UDURUUUAUU	5.31e-2	1.00e0	5.44e2	835	150	150	1335	29.3	2	1.33	2	0.15
336	/Users/ranjithpapareddy/Desktop/Desktop-Ranjith-iMac/forGIT/UFMylation_Ribosome_stalling_RNA_Splicing/Part4_Splicing_Analysis/data/motifs/CisBP_Human_All.meme	M00777_2.00	PUM1	UGUAW	1.48e-1	1.00e0	5.44e2	550	150	150	1335	2.43	6	4.00	30	2.25
337	/Users/ranjithpapareddy/Desktop/Desktop-Ranjith-iMac/forGIT/UFMylation_Ribosome_stalling_RNA_Splicing/Part4_Splicing_Analysis/data/motifs/CisBP_Human_All.meme	M00223_2.00	SF3B4	WUUUUUU	1.90e-1	1.00e0	5.44e2	958	150	150	1335	18.5	2	1.33	6	0.45
338	/Users/ranjithpapareddy/Desktop/Desktop-Ranjith-iMac/forGIT/UFMylation_Ribosome_stalling_RNA_Splicing/Part4_Splicing_Analysis/data/motifs/CisBP_Human_All.meme	M00582_2.00	ELAVL4	KUUURKUUKD	1.01e-1	1.00e0	5.44e2	920	150	150	1335	19.7	1	0.67	0	0.00
339	/Users/ranjithpapareddy/Desktop/Desktop-Ranjith-iMac/forGIT/UFMylation_Ribosome_stalling_RNA_Splicing/Part4_Splicing_Analysis/data/motifs/CisBP_Human_All.meme	M00558_2.00	PUM2	UGUAAAUA	1.63e-1	1.00e0	5.44e2	460	150	150	1335	13.3	6	4.00	31	2.32
340	/Users/ranjithpapareddy/Desktop/Desktop-Ranjith-iMac/forGIT/UFMylation_Ribosome_stalling_RNA_Splicing/Part4_Splicing_Analysis/data/motifs/CisBP_Human_All.meme	M00105_2.00	ZC3H10	SCAGCGC	2.35e-1	1.00e0	5.44e2	210	150	150	1335	2.82	7	4.67	43	3.22
341	/Users/ranjithpapareddy/Desktop/Desktop-Ranjith-iMac/forGIT/UFMylation_Ribosome_stalling_RNA_Splicing/Part4_Splicing_Analysis/data/motifs/CisBP_Human_All.meme	M00131_2.00	RBM4	GCGCGSG	4.63e-1	1.00e0	5.44e2	225	150	150	1335	9.21	5	3.33	39	2.92
342	/Users/ranjithpapareddy/Desktop/Desktop-Ranjith-iMac/forGIT/UFMylation_Ribosome_stalling_RNA_Splicing/Part4_Splicing_Analysis/data/motifs/CisBP_Human_All.meme	M00602_2.00	LARP6	GUGUCUGYUKKBBYGAAGUCH	3.58e-1	1.00e0	5.44e2	138	150	150	1335	7.71	3	2.00	18	1.35
343	/Users/ranjithpapareddy/Desktop/Desktop-Ranjith-iMac/forGIT/UFMylation_Ribosome_stalling_RNA_Splicing/Part4_Splicing_Analysis/data/motifs/CisBP_Human_All.meme	M00039_2.00	ENSG00000277564	UGCAUGM	8.66e-2	1.00e0	5.44e2	521	150	150	1335	4.26	9	6.00	45	3.37
344	/Users/ranjithpapareddy/Desktop/Desktop-Ranjith-iMac/forGIT/UFMylation_Ribosome_stalling_RNA_Splicing/Part4_Splicing_Analysis/data/motifs/CisBP_Human_All.meme	M00178_2.00	TIA1	UUUUUUY	5.74e-1	1.00e0	5.44e2	958	150	150	1335	23.6	1	0.67	7	0.52
345	/Users/ranjithpapareddy/Desktop/Desktop-Ranjith-iMac/forGIT/UFMylation_Ribosome_stalling_RNA_Splicing/Part4_Splicing_Analysis/data/motifs/CisBP_Human_All.meme	M00179_2.00	AC009690.3	UGUGUGU	2.51e-1	1.00e0	5.44e2	885	150	150	1335	7.88	7	4.67	44	3.30
346	/Users/ranjithpapareddy/Desktop/Desktop-Ranjith-iMac/forGIT/UFMylation_Ribosome_stalling_RNA_Splicing/Part4_Splicing_Analysis/data/motifs/CisBP_Human_All.meme	M00071_2.00	M00071_2.00	GUGUGUG	2.55e-1	1.00e0	5.44e2	905	150	150	1335	3.69	24	16.00	183	13.71
347	/Users/ranjithpapareddy/Desktop/Desktop-Ranjith-iMac/forGIT/UFMylation_Ribosome_stalling_RNA_Splicing/Part4_Splicing_Analysis/data/motifs/CisBP_Human_All.meme	M13023_2.00	HNRNPR	CAAAAWRS	5.55e-2	1.00e0	5.44e2	930	150	150	1335	6.3	6	4.00	22	1.65
348	/Users/ranjithpapareddy/Desktop/Desktop-Ranjith-iMac/forGIT/UFMylation_Ribosome_stalling_RNA_Splicing/Part4_Splicing_Analysis/data/motifs/CisBP_Human_All.meme	M00735_2.00	ENSG00000282559	UUUUU	1.92e-1	1.00e0	5.44e2	990	150	150	1335	20	1	0.67	1	0.07
349	/Users/ranjithpapareddy/Desktop/Desktop-Ranjith-iMac/forGIT/UFMylation_Ribosome_stalling_RNA_Splicing/Part4_Splicing_Analysis/data/motifs/CisBP_Human_All.meme	M00260_2.00	M00260_2.00	GUGUGUG	1.75e-1	1.00e0	5.44e2	756	150	150	1335	9.29	7	4.67	39	2.92
350	/Users/ranjithpapareddy/Desktop/Desktop-Ranjith-iMac/forGIT/UFMylation_Ribosome_stalling_RNA_Splicing/Part4_Splicing_Analysis/data/motifs/CisBP_Human_All.meme	M13114_2.00	HNRNPCL2	VWUUUUUS	1.87e-1	1.00e0	5.44e2	935	150	150	1335	14.2	3	2.00	12	0.90
351	/Users/ranjithpapareddy/Desktop/Desktop-Ranjith-iMac/forGIT/UFMylation_Ribosome_stalling_RNA_Splicing/Part4_Splicing_Analysis/data/motifs/CisBP_Human_All.meme	M13115_2.00	HNRNPCL3	VWUUUUUS	1.87e-1	1.00e0	5.44e2	935	150	150	1335	14.2	3	2.00	12	0.90
352	/Users/ranjithpapareddy/Desktop/Desktop-Ranjith-iMac/forGIT/UFMylation_Ribosome_stalling_RNA_Splicing/Part4_Splicing_Analysis/data/motifs/CisBP_Human_All.meme	M00147_2.00	M00147_2.00	DWGCACA	1.02e-1	1.00e0	5.44e2	593	150	150	1335	3.65	11	7.33	61	4.57
353	/Users/ranjithpapareddy/Desktop/Desktop-Ranjith-iMac/forGIT/UFMylation_Ribosome_stalling_RNA_Splicing/Part4_Splicing_Analysis/data/motifs/CisBP_Human_All.meme	M00674_2.00	SNRPB2	GGGUGUGCAC	4.13e-1	1.00e0	5.44e2	114	150	150	1335	69.4	1	0.67	4	0.30
354	/Users/ranjithpapareddy/Desktop/Desktop-Ranjith-iMac/forGIT/UFMylation_Ribosome_stalling_RNA_Splicing/Part4_Splicing_Analysis/data/motifs/CisBP_Human_All.meme	M00675_2.00	SNRPB2	KSCAUUGCACN	2.42e-1	1.00e0	5.44e2	380	150	150	1335	57.7	3	2.00	14	1.05
355	/Users/ranjithpapareddy/Desktop/Desktop-Ranjith-iMac/forGIT/UFMylation_Ribosome_stalling_RNA_Splicing/Part4_Splicing_Analysis/data/motifs/CisBP_Human_All.meme	M00312_2.00	M00312_2.00	UUGCACR	6.56e-1	1.00e0	5.44e2	380	150	150	1335	5.46	1	0.67	9	0.67
356	/Users/ranjithpapareddy/Desktop/Desktop-Ranjith-iMac/forGIT/UFMylation_Ribosome_stalling_RNA_Splicing/Part4_Splicing_Analysis/data/motifs/CisBP_Human_All.meme	M00646_2.00	RBMS2	NNNNSUGCAUAAKGBBBNN	3.46e-1	1.00e0	5.44e2	135	150	150	1335	7.22	2	1.33	10	0.75
357	/Users/ranjithpapareddy/Desktop/Desktop-Ranjith-iMac/forGIT/UFMylation_Ribosome_stalling_RNA_Splicing/Part4_Splicing_Analysis/data/motifs/CisBP_Human_All.meme	M00528_2.00	ELAVL2	WUUYAUUUU	2.11e-1	1.00e0	5.44e2	773	150	150	1335	17.7	8	5.33	49	3.67
358	/Users/ranjithpapareddy/Desktop/Desktop-Ranjith-iMac/forGIT/UFMylation_Ribosome_stalling_RNA_Splicing/Part4_Splicing_Analysis/data/motifs/CisBP_Human_All.meme	M00706_2.00	A1CF	UAAUUA	3.04e-1	1.00e0	5.44e2	686	150	150	1335	1.93	18	12.00	138	10.34
359	/Users/ranjithpapareddy/Desktop/Desktop-Ranjith-iMac/forGIT/UFMylation_Ribosome_stalling_RNA_Splicing/Part4_Splicing_Analysis/data/motifs/CisBP_Human_All.meme	M00561_2.00	BOLL	KUGUUGUGUUKK	5.24e-1	1.00e0	5.44e2	874	150	150	1335	15.4	4	2.67	33	2.47
360	/Users/ranjithpapareddy/Desktop/Desktop-Ranjith-iMac/forGIT/UFMylation_Ribosome_stalling_RNA_Splicing/Part4_Splicing_Analysis/data/motifs/CisBP_Human_All.meme	M00707_2.00	BOLL	UUUDUUU	3.87e-2	1.00e0	5.44e2	1004	150	150	1335	7.43	3	2.00	5	0.37
361	/Users/ranjithpapareddy/Desktop/Desktop-Ranjith-iMac/forGIT/UFMylation_Ribosome_stalling_RNA_Splicing/Part4_Splicing_Analysis/data/motifs/CisBP_Human_All.meme	M13067_2.00	RBM15	YWUUUUUS	4.47e-2	1.00e0	5.44e2	946	150	150	1335	12.1	4	2.67	10	0.75
362	/Users/ranjithpapareddy/Desktop/Desktop-Ranjith-iMac/forGIT/UFMylation_Ribosome_stalling_RNA_Splicing/Part4_Splicing_Analysis/data/motifs/CisBP_Human_All.meme	M00034_2.00	CPEB2	CWUUUUU	9.28e-2	1.00e0	5.44e2	967	150	150	1335	5.9	15	10.00	89	6.67
363	/Users/ranjithpapareddy/Desktop/Desktop-Ranjith-iMac/forGIT/UFMylation_Ribosome_stalling_RNA_Splicing/Part4_Splicing_Analysis/data/motifs/CisBP_Human_All.meme	M00253_2.00	EIF2S1	WGCAUGM	6.76e-2	1.00e0	5.44e2	614	150	150	1335	3.03	12	8.00	63	4.72
364	/Users/ranjithpapareddy/Desktop/Desktop-Ranjith-iMac/forGIT/UFMylation_Ribosome_stalling_RNA_Splicing/Part4_Splicing_Analysis/data/motifs/CisBP_Human_All.meme	M00035_2.00	DAZAP1	UAGGUAR	2.04e-1	1.00e0	5.44e2	415	150	150	1335	2.26	7	4.67	41	3.07
365	/Users/ranjithpapareddy/Desktop/Desktop-Ranjith-iMac/forGIT/UFMylation_Ribosome_stalling_RNA_Splicing/Part4_Splicing_Analysis/data/motifs/CisBP_Human_All.meme	M00678_2.00	THUMPD1	UUCGUGGCUUG	6.16e-1	1.00e0	5.44e2	51	150	150	1335	2.39	2	1.33	18	1.35
366	/Users/ranjithpapareddy/Desktop/Desktop-Ranjith-iMac/forGIT/UFMylation_Ribosome_stalling_RNA_Splicing/Part4_Splicing_Analysis/data/motifs/CisBP_Human_All.meme	M13118_2.00	AL109811.4	UGAAUGAR	9.57e-2	1.00e0	5.44e2	695	150	150	1335	5.23	6	4.00	26	1.95
367	/Users/ranjithpapareddy/Desktop/Desktop-Ranjith-iMac/forGIT/UFMylation_Ribosome_stalling_RNA_Splicing/Part4_Splicing_Analysis/data/motifs/CisBP_Human_All.meme	M00517_2.00	SNRPA	AUUGCAC	3.84e-1	1.00e0	5.44e2	252	150	150	1335	15	2	1.33	11	0.82
368	/Users/ranjithpapareddy/Desktop/Desktop-Ranjith-iMac/forGIT/UFMylation_Ribosome_stalling_RNA_Splicing/Part4_Splicing_Analysis/data/motifs/CisBP_Human_All.meme	M00771_2.00	ENSG00000238104	HAUAAR	1.16e-1	1.00e0	5.44e2	590	150	150	1335	3.55	2	1.33	4	0.30
369	/Users/ranjithpapareddy/Desktop/Desktop-Ranjith-iMac/forGIT/UFMylation_Ribosome_stalling_RNA_Splicing/Part4_Splicing_Analysis/data/motifs/CisBP_Human_All.meme	M00516_2.00	SNRPA	AUUGCAC	4.71e-1	1.00e0	5.44e2	304	150	150	1335	9.18	3	2.00	22	1.65
370	/Users/ranjithpapareddy/Desktop/Desktop-Ranjith-iMac/forGIT/UFMylation_Ribosome_stalling_RNA_Splicing/Part4_Splicing_Analysis/data/motifs/CisBP_Human_All.meme	M00099_2.00	U2AF2	UUUUUUC	4.39e-1	1.00e0	5.44e2	977	150	150	1335	7.79	10	6.67	81	6.07
371	/Users/ranjithpapareddy/Desktop/Desktop-Ranjith-iMac/forGIT/UFMylation_Ribosome_stalling_RNA_Splicing/Part4_Splicing_Analysis/data/motifs/CisBP_Human_All.meme	M00631_2.00	RBM38	UGGUGUGUGUGKKD	9.89e-1	1.00e0	5.44e2	470	150	150	1335	153	1	0.67	41	3.07
372	/Users/ranjithpapareddy/Desktop/Desktop-Ranjith-iMac/forGIT/UFMylation_Ribosome_stalling_RNA_Splicing/Part4_Splicing_Analysis/data/motifs/CisBP_Human_All.meme	M00190_2.00	PSPC1	GURGUKU	1.00e-1	1.00e0	5.44e2	904	150	150	1335	2.12	12	8.00	68	5.09
373	/Users/ranjithpapareddy/Desktop/Desktop-Ranjith-iMac/forGIT/UFMylation_Ribosome_stalling_RNA_Splicing/Part4_Splicing_Analysis/data/motifs/CisBP_Human_All.meme	M00738_2.00	HNRNPDL	UAAUU	5.62e-1	1.00e0	5.44e2	729	150	150	1335	2.28	15	10.00	135	10.11
374	/Users/ranjithpapareddy/Desktop/Desktop-Ranjith-iMac/forGIT/UFMylation_Ribosome_stalling_RNA_Splicing/Part4_Splicing_Analysis/data/motifs/CisBP_Human_All.meme	M00739_2.00	HNRNPDL	UAUAU	1.16e-1	1.00e0	5.44e2	515	150	150	1335	8.72	2	1.33	4	0.30
375	/Users/ranjithpapareddy/Desktop/Desktop-Ranjith-iMac/forGIT/UFMylation_Ribosome_stalling_RNA_Splicing/Part4_Splicing_Analysis/data/motifs/CisBP_Human_All.meme	M00696_2.00	ZCRB1	GUMUUAAKG	1.79e-1	1.00e0	5.44e2	255	150	150	1335	3.91	5	3.33	25	1.87
376	/Users/ranjithpapareddy/Desktop/Desktop-Ranjith-iMac/forGIT/UFMylation_Ribosome_stalling_RNA_Splicing/Part4_Splicing_Analysis/data/motifs/CisBP_Human_All.meme	M00697_2.00	ZCRB1	GUGGACUUAA	9.53e-1	1.00e0	5.44e2	80	150	150	1335	1.45	3	2.00	57	4.27
377	/Users/ranjithpapareddy/Desktop/Desktop-Ranjith-iMac/forGIT/UFMylation_Ribosome_stalling_RNA_Splicing/Part4_Splicing_Analysis/data/motifs/CisBP_Human_All.meme	M00259_2.00	M00259_2.00	SAACUACD	6.91e-1	1.00e0	5.44e2	152	150	150	1335	3.46	1	0.67	10	0.75
378	/Users/ranjithpapareddy/Desktop/Desktop-Ranjith-iMac/forGIT/UFMylation_Ribosome_stalling_RNA_Splicing/Part4_Splicing_Analysis/data/motifs/CisBP_Human_All.meme	M00605_2.00	MEX3A	UAKAGUUUAU	9.37e-1	1.00e0	5.44e2	547	150	150	1335	4.79	2	1.33	40	3.00
379	/Users/ranjithpapareddy/Desktop/Desktop-Ranjith-iMac/forGIT/UFMylation_Ribosome_stalling_RNA_Splicing/Part4_Splicing_Analysis/data/motifs/CisBP_Human_All.meme	M00744_2.00	HNRNPK	GCCCA	5.31e-2	1.00e0	5.44e2	882	150	150	1335	37.7	2	1.33	2	0.15
380	/Users/ranjithpapareddy/Desktop/Desktop-Ranjith-iMac/forGIT/UFMylation_Ribosome_stalling_RNA_Splicing/Part4_Splicing_Analysis/data/motifs/CisBP_Human_All.meme	M00077_2.00	RBMS3	AUAUAUM	7.41e-2	1.00e0	5.44e2	510	150	150	1335	6	5	3.33	18	1.35
381	/Users/ranjithpapareddy/Desktop/Desktop-Ranjith-iMac/forGIT/UFMylation_Ribosome_stalling_RNA_Splicing/Part4_Splicing_Analysis/data/motifs/CisBP_Human_All.meme	M00829_2.00	UNK	HUUAGBW	4.13e-1	1.00e0	5.44e2	308	150	150	1335	1.2	13	8.67	105	7.87
382	/Users/ranjithpapareddy/Desktop/Desktop-Ranjith-iMac/forGIT/UFMylation_Ribosome_stalling_RNA_Splicing/Part4_Splicing_Analysis/data/motifs/CisBP_Human_All.meme	M00828_2.00	TRNAU1AP	AUUUA	1.97e-1	1.00e0	5.44e2	727	150	150	1335	2.87	8	5.33	48	3.60
383	/Users/ranjithpapareddy/Desktop/Desktop-Ranjith-iMac/forGIT/UFMylation_Ribosome_stalling_RNA_Splicing/Part4_Splicing_Analysis/data/motifs/CisBP_Human_All.meme	M00732_2.00	HNRNPA0	VUUAGN	4.14e-1	1.00e0	5.44e2	305	150	150	1335	1.18	19	12.67	157	11.76
384	/Users/ranjithpapareddy/Desktop/Desktop-Ranjith-iMac/forGIT/UFMylation_Ribosome_stalling_RNA_Splicing/Part4_Splicing_Analysis/data/motifs/CisBP_Human_All.meme	M00266_2.00	M00266_2.00	KUAAUUS	1.33e-1	1.00e0	5.44e2	434	150	150	1335	2.62	9	6.00	50	3.75
385	/Users/ranjithpapareddy/Desktop/Desktop-Ranjith-iMac/forGIT/UFMylation_Ribosome_stalling_RNA_Splicing/Part4_Splicing_Analysis/data/motifs/CisBP_Human_All.meme	M00092_2.00	SRSF2	AGGAGWDR	6.29e-2	1.00e0	5.44e2	1050	150	150	1335	5.27	17	11.33	98	7.34
386	/Users/ranjithpapareddy/Desktop/Desktop-Ranjith-iMac/forGIT/UFMylation_Ribosome_stalling_RNA_Splicing/Part4_Splicing_Analysis/data/motifs/CisBP_Human_All.meme	M00108_2.00	SRSF10	AGAGARR	5.22e-2	1.00e0	5.44e2	1111	150	150	1335	6.14	15	10.00	81	6.07
387	/Users/ranjithpapareddy/Desktop/Desktop-Ranjith-iMac/forGIT/UFMylation_Ribosome_stalling_RNA_Splicing/Part4_Splicing_Analysis/data/motifs/CisBP_Human_All.meme	M00109_2.00	SRSF10	AGAGARR	4.18e-2	1.00e0	5.44e2	1049	150	150	1335	10.3	7	4.67	26	1.95
388	/Users/ranjithpapareddy/Desktop/Desktop-Ranjith-iMac/forGIT/UFMylation_Ribosome_stalling_RNA_Splicing/Part4_Splicing_Analysis/data/motifs/CisBP_Human_All.meme	M00049_2.00	HNRNPL	ACACACA	1.55e-1	1.00e0	5.44e2	891	150	150	1335	16.2	4	2.67	17	1.27
389	/Users/ranjithpapareddy/Desktop/Desktop-Ranjith-iMac/forGIT/UFMylation_Ribosome_stalling_RNA_Splicing/Part4_Splicing_Analysis/data/motifs/CisBP_Human_All.meme	M13113_2.00	ENSG00000274109	VWUUUUUS	1.87e-1	1.00e0	5.44e2	935	150	150	1335	14.2	3	2.00	12	0.90
390	/Users/ranjithpapareddy/Desktop/Desktop-Ranjith-iMac/forGIT/UFMylation_Ribosome_stalling_RNA_Splicing/Part4_Splicing_Analysis/data/motifs/CisBP_Human_All.meme	M13112_2.00	ENSG00000274081	UUUUUUU	3.47e-1	1.00e0	5.44e2	985	150	150	1335	45.8	1	0.67	3	0.22
391	/Users/ranjithpapareddy/Desktop/Desktop-Ranjith-iMac/forGIT/UFMylation_Ribosome_stalling_RNA_Splicing/Part4_Splicing_Analysis/data/motifs/CisBP_Human_All.meme	M00140_2.00	ENSG00000277564	NUGCAUGV	3.48e-1	1.00e0	5.44e2	507	150	150	1335	3.51	11	7.33	83	6.22
392	/Users/ranjithpapareddy/Desktop/Desktop-Ranjith-iMac/forGIT/UFMylation_Ribosome_stalling_RNA_Splicing/Part4_Splicing_Analysis/data/motifs/CisBP_Human_All.meme	M00415_2.00	ENSG00000274081	UUUUUUU	4.13e-1	1.00e0	5.44e2	1013	150	150	1335	36.2	1	0.67	4	0.30
393	/Users/ranjithpapareddy/Desktop/Desktop-Ranjith-iMac/forGIT/UFMylation_Ribosome_stalling_RNA_Splicing/Part4_Splicing_Analysis/data/motifs/CisBP_Human_All.meme	M00672_2.00	SNRPA	CAUUGCACN	4.57e-1	1.00e0	5.44e2	412	150	150	1335	8.78	2	1.33	13	0.97
394	/Users/ranjithpapareddy/Desktop/Desktop-Ranjith-iMac/forGIT/UFMylation_Ribosome_stalling_RNA_Splicing/Part4_Splicing_Analysis/data/motifs/CisBP_Human_All.meme	M13088_2.00	RALYL	VWUUUUUB	2.28e-1	1.00e0	5.44e2	940	150	150	1335	19.1	2	1.33	7	0.52
395	/Users/ranjithpapareddy/Desktop/Desktop-Ranjith-iMac/forGIT/UFMylation_Ribosome_stalling_RNA_Splicing/Part4_Splicing_Analysis/data/motifs/CisBP_Human_All.meme	M00577_2.00	DAZAP1	UUAGGUUAGK	2.68e-1	1.00e0	5.44e2	336	150	150	1335	7.4	2	1.33	8	0.60
396	/Users/ranjithpapareddy/Desktop/Desktop-Ranjith-iMac/forGIT/UFMylation_Ribosome_stalling_RNA_Splicing/Part4_Splicing_Analysis/data/motifs/CisBP_Human_All.meme	M00619_2.00	PUM2	DUGUAAAUAGKK	6.43e-1	1.00e0	5.44e2	352	150	150	1335	10.9	2	1.33	19	1.42
397	/Users/ranjithpapareddy/Desktop/Desktop-Ranjith-iMac/forGIT/UFMylation_Ribosome_stalling_RNA_Splicing/Part4_Splicing_Analysis/data/motifs/CisBP_Human_All.meme	M00782_2.00	RBM15B	UUUUWUUU	1.20e-1	1.00e0	5.44e2	985	150	150	1335	6.72	6	4.00	28	2.10
398	/Users/ranjithpapareddy/Desktop/Desktop-Ranjith-iMac/forGIT/UFMylation_Ribosome_stalling_RNA_Splicing/Part4_Splicing_Analysis/data/motifs/CisBP_Human_All.meme	M00758_2.00	MSI1	WWUAGWW	3.39e-1	1.00e0	5.44e2	389	150	150	1335	1.45	10	6.67	74	5.54
399	/Users/ranjithpapareddy/Desktop/Desktop-Ranjith-iMac/forGIT/UFMylation_Ribosome_stalling_RNA_Splicing/Part4_Splicing_Analysis/data/motifs/CisBP_Human_All.meme	M00436_2.00	M00436_2.00	AUAAWAG	1.01e-1	1.00e0	5.44e2	719	150	150	1335	23.9	1	0.67	0	0.00
400	/Users/ranjithpapareddy/Desktop/Desktop-Ranjith-iMac/forGIT/UFMylation_Ribosome_stalling_RNA_Splicing/Part4_Splicing_Analysis/data/motifs/CisBP_Human_All.meme	M00549_2.00	SRSF1	AGGACRGAGC	4.13e-1	1.00e0	5.44e2	441	150	150	1335	177	1	0.67	4	0.30
401	/Users/ranjithpapareddy/Desktop/Desktop-Ranjith-iMac/forGIT/UFMylation_Ribosome_stalling_RNA_Splicing/Part4_Splicing_Analysis/data/motifs/CisBP_Human_All.meme	M00548_2.00	ZFP36L1	UUAUUUAWU	5.26e-1	1.00e0	5.44e2	591	150	150	1335	38.1	1	0.67	6	0.45
402	/Users/ranjithpapareddy/Desktop/Desktop-Ranjith-iMac/forGIT/UFMylation_Ribosome_stalling_RNA_Splicing/Part4_Splicing_Analysis/data/motifs/CisBP_Human_All.meme	M00232_2.00	M00232_2.00	UAGAUAG	1.90e-1	1.00e0	5.44e2	391	150	150	1335	4.23	2	1.33	6	0.45
403	/Users/ranjithpapareddy/Desktop/Desktop-Ranjith-iMac/forGIT/UFMylation_Ribosome_stalling_RNA_Splicing/Part4_Splicing_Analysis/data/motifs/CisBP_Human_All.meme	M00055_2.00	KHDRBS3	GAUAAACV	3.07e-1	1.00e0	5.44e2	551	150	150	1335	6.76	2	1.33	9	0.67
404	/Users/ranjithpapareddy/Desktop/Desktop-Ranjith-iMac/forGIT/UFMylation_Ribosome_stalling_RNA_Splicing/Part4_Splicing_Analysis/data/motifs/CisBP_Human_All.meme	M00408_2.00	RBM45	GACAGAC	5.31e-2	1.00e0	5.44e2	746	150	150	1335	19.4	2	1.33	2	0.15
405	/Users/ranjithpapareddy/Desktop/Desktop-Ranjith-iMac/forGIT/UFMylation_Ribosome_stalling_RNA_Splicing/Part4_Splicing_Analysis/data/motifs/CisBP_Human_All.meme	M00409_2.00	ESRP1	GGAUGGGGR	4.01e-2	1.00e0	5.44e2	1002	150	150	1335	5.64	30	20.00	189	14.16
406	/Users/ranjithpapareddy/Desktop/Desktop-Ranjith-iMac/forGIT/UFMylation_Ribosome_stalling_RNA_Splicing/Part4_Splicing_Analysis/data/motifs/CisBP_Human_All.meme	M00593_2.00	ENSG00000282559	SCGNGGGGUCUWAUUUUUAACNCRS	1.00e0	1.00e0	5.44e2	3	150	150	1335	27	0	0.00	1	0.07
407	/Users/ranjithpapareddy/Desktop/Desktop-Ranjith-iMac/forGIT/UFMylation_Ribosome_stalling_RNA_Splicing/Part4_Splicing_Analysis/data/motifs/CisBP_Human_All.meme	M00168_2.00	PABPC4L	ARAAAAA	5.38e-2	1.00e0	5.44e2	972	150	150	1335	45.3	3	2.00	6	0.45
408	/Users/ranjithpapareddy/Desktop/Desktop-Ranjith-iMac/forGIT/UFMylation_Ribosome_stalling_RNA_Splicing/Part4_Splicing_Analysis/data/motifs/CisBP_Human_All.meme	M00752_2.00	KHDRBS3	WWUAAA	2.74e-1	1.00e0	5.44e2	777	150	150	1335	6.8	1	0.67	2	0.15
409	/Users/ranjithpapareddy/Desktop/Desktop-Ranjith-iMac/forGIT/UFMylation_Ribosome_stalling_RNA_Splicing/Part4_Splicing_Analysis/data/motifs/CisBP_Human_All.meme	M00612_2.00	MSI2	GUAGUDKDGUAGK	1.01e-1	1.00e0	5.44e2	559	150	150	1335	53	1	0.67	0	0.00
410	/Users/ranjithpapareddy/Desktop/Desktop-Ranjith-iMac/forGIT/UFMylation_Ribosome_stalling_RNA_Splicing/Part4_Splicing_Analysis/data/motifs/CisBP_Human_All.meme	M00681_2.00	YBX1	NBGCCAYRHCAUCGYSN	6.68e-1	1.00e0	5.44e2	59	150	150	1335	1.13	5	3.33	50	3.75
411	/Users/ranjithpapareddy/Desktop/Desktop-Ranjith-iMac/forGIT/UFMylation_Ribosome_stalling_RNA_Splicing/Part4_Splicing_Analysis/data/motifs/CisBP_Human_All.meme	M00156_2.00	M00156_2.00	GAUCAAGA	9.10e-2	1.00e0	5.44e2	465	150	150	1335	4.91	3	2.00	8	0.60
412	/Users/ranjithpapareddy/Desktop/Desktop-Ranjith-iMac/forGIT/UFMylation_Ribosome_stalling_RNA_Splicing/Part4_Splicing_Analysis/data/motifs/CisBP_Human_All.meme	M13104_2.00	BCL2L2-PABPN1	RAAAAGAH	9.12e-2	1.00e0	5.44e2	914	150	150	1335	7	13	8.67	74	5.54
413	/Users/ranjithpapareddy/Desktop/Desktop-Ranjith-iMac/forGIT/UFMylation_Ribosome_stalling_RNA_Splicing/Part4_Splicing_Analysis/data/motifs/CisBP_Human_All.meme	M00599_2.00	KHDRBS1	UAAUAGU	7.12e-2	1.00e0	5.44e2	543	150	150	1335	3.86	9	6.00	43	3.22
414	/Users/ranjithpapareddy/Desktop/Desktop-Ranjith-iMac/forGIT/UFMylation_Ribosome_stalling_RNA_Splicing/Part4_Splicing_Analysis/data/motifs/CisBP_Human_All.meme	M00664_2.00	RC3H2	GNCUYRUAUYRAGNB	4.12e-1	1.00e0	5.44e2	91	150	150	1335	1.26	8	5.33	62	4.64
415	/Users/ranjithpapareddy/Desktop/Desktop-Ranjith-iMac/forGIT/UFMylation_Ribosome_stalling_RNA_Splicing/Part4_Splicing_Analysis/data/motifs/CisBP_Human_All.meme	M00665_2.00	RC3H2	NKYURCGUUUUAGKAGBN	7.37e-1	1.00e0	5.44e2	34	150	150	1335	1.42	2	1.33	23	1.72
416	/Users/ranjithpapareddy/Desktop/Desktop-Ranjith-iMac/forGIT/UFMylation_Ribosome_stalling_RNA_Splicing/Part4_Splicing_Analysis/data/motifs/CisBP_Human_All.meme	M00084_2.00	SART3	ARAAAAA	5.38e-2	1.00e0	5.44e2	972	150	150	1335	45.3	3	2.00	6	0.45
417	/Users/ranjithpapareddy/Desktop/Desktop-Ranjith-iMac/forGIT/UFMylation_Ribosome_stalling_RNA_Splicing/Part4_Splicing_Analysis/data/motifs/CisBP_Human_All.meme	M00725_2.00	FUBP1	UDUUU	1.52e-1	1.00e0	5.44e2	984	150	150	1335	8.89	2	1.33	5	0.37
418	/Users/ranjithpapareddy/Desktop/Desktop-Ranjith-iMac/forGIT/UFMylation_Ribosome_stalling_RNA_Splicing/Part4_Splicing_Analysis/data/motifs/CisBP_Human_All.meme	M00543_2.00	SNRPA	GWUWCCWGCUA	6.08e-1	1.00e0	5.44e2	131	150	150	1335	4.86	4	2.67	37	2.77
419	/Users/ranjithpapareddy/Desktop/Desktop-Ranjith-iMac/forGIT/UFMylation_Ribosome_stalling_RNA_Splicing/Part4_Splicing_Analysis/data/motifs/CisBP_Human_All.meme	M00724_2.00	EWSR1	AGGUG	1.40e-1	1.00e0	5.44e2	876	150	150	1335	3.59	20	13.33	135	10.11
420	/Users/ranjithpapareddy/Desktop/Desktop-Ranjith-iMac/forGIT/UFMylation_Ribosome_stalling_RNA_Splicing/Part4_Splicing_Analysis/data/motifs/CisBP_Human_All.meme	M00016_2.00	CNBP	GGAGGWG	8.26e-2	1.00e0	5.44e2	956	150	150	1335	61.6	2	1.33	3	0.22
421	/Users/ranjithpapareddy/Desktop/Desktop-Ranjith-iMac/forGIT/UFMylation_Ribosome_stalling_RNA_Splicing/Part4_Splicing_Analysis/data/motifs/CisBP_Human_All.meme	M00600_2.00	KHDRBS2	UAAACARUAA	4.13e-1	1.00e0	5.44e2	886	150	150	1335	14.2	1	0.67	4	0.30
422	/Users/ranjithpapareddy/Desktop/Desktop-Ranjith-iMac/forGIT/UFMylation_Ribosome_stalling_RNA_Splicing/Part4_Splicing_Analysis/data/motifs/CisBP_Human_All.meme	M00601_2.00	KHDRBS3	UAAWNDDDDDDUAAD	5.31e-2	1.00e0	5.44e2	960	150	150	1335	34.5	2	1.33	2	0.15
423	/Users/ranjithpapareddy/Desktop/Desktop-Ranjith-iMac/forGIT/UFMylation_Ribosome_stalling_RNA_Splicing/Part4_Splicing_Analysis/data/motifs/CisBP_Human_All.meme	M00467_2.00	ZFP36L1	AAHAARBAAAG	2.42e-1	1.00e0	5.44e2	240	150	150	1335	160	3	2.00	14	1.05
424	/Users/ranjithpapareddy/Desktop/Desktop-Ranjith-iMac/forGIT/UFMylation_Ribosome_stalling_RNA_Splicing/Part4_Splicing_Analysis/data/motifs/CisBP_Human_All.meme	M00133_2.00	YBX1	AACAUCA	1.61e-1	1.00e0	5.44e2	402	150	150	1335	7.75	3	2.00	11	0.82
425	/Users/ranjithpapareddy/Desktop/Desktop-Ranjith-iMac/forGIT/UFMylation_Ribosome_stalling_RNA_Splicing/Part4_Splicing_Analysis/data/motifs/CisBP_Human_All.meme	M00708_2.00	BOLL	GUGUUA	3.58e-1	1.00e0	5.44e2	454	150	150	1335	3.07	3	2.00	18	1.35
426	/Users/ranjithpapareddy/Desktop/Desktop-Ranjith-iMac/forGIT/UFMylation_Ribosome_stalling_RNA_Splicing/Part4_Splicing_Analysis/data/motifs/CisBP_Human_All.meme	M00709_2.00	CELF1	UDUGUYY	1.01e-1	1.00e0	5.44e2	837	150	150	1335	6.19	1	0.67	0	0.00
427	/Users/ranjithpapareddy/Desktop/Desktop-Ranjith-iMac/forGIT/UFMylation_Ribosome_stalling_RNA_Splicing/Part4_Splicing_Analysis/data/motifs/CisBP_Human_All.meme	M00527_2.00	ELAVL2	UUUUAUUUW	5.04e-1	1.00e0	5.44e2	781	150	150	1335	20.4	5	3.33	41	3.07
428	/Users/ranjithpapareddy/Desktop/Desktop-Ranjith-iMac/forGIT/UFMylation_Ribosome_stalling_RNA_Splicing/Part4_Splicing_Analysis/data/motifs/CisBP_Human_All.meme	M00740_2.00	HNRNPDL	UAAAA	1.23e-1	1.00e0	5.44e2	909	150	150	1335	4.78	14	9.33	86	6.44
429	/Users/ranjithpapareddy/Desktop/Desktop-Ranjith-iMac/forGIT/UFMylation_Ribosome_stalling_RNA_Splicing/Part4_Splicing_Analysis/data/motifs/CisBP_Human_All.meme	M00097_2.00	TIA1	UUUUUUG	5.31e-2	1.00e0	5.44e2	938	150	150	1335	20.5	2	1.33	2	0.15
430	/Users/ranjithpapareddy/Desktop/Desktop-Ranjith-iMac/forGIT/UFMylation_Ribosome_stalling_RNA_Splicing/Part4_Splicing_Analysis/data/motifs/CisBP_Human_All.meme	M00458_2.00	M00458_2.00	GCCABAMCAYCGC	1.00e0	1.00e0	5.44e2	10	150	150	1335	3.82	0	0.00	6	0.45
431	/Users/ranjithpapareddy/Desktop/Desktop-Ranjith-iMac/forGIT/UFMylation_Ribosome_stalling_RNA_Splicing/Part4_Splicing_Analysis/data/motifs/CisBP_Human_All.meme	M00262_2.00	M00262_2.00	GWGUGUGD	1.14e-1	1.00e0	5.44e2	755	150	150	1335	12.4	5	3.33	21	1.57
432	/Users/ranjithpapareddy/Desktop/Desktop-Ranjith-iMac/forGIT/UFMylation_Ribosome_stalling_RNA_Splicing/Part4_Splicing_Analysis/data/motifs/CisBP_Human_All.meme	M00550_2.00	SRSF2	AGSAGAGUW	2.10e-1	1.00e0	5.44e2	814	150	150	1335	4.43	18	12.00	128	9.59
433	/Users/ranjithpapareddy/Desktop/Desktop-Ranjith-iMac/forGIT/UFMylation_Ribosome_stalling_RNA_Splicing/Part4_Splicing_Analysis/data/motifs/CisBP_Human_All.meme	M00736_2.00	ENSG00000282559	UUUUU	1.92e-1	1.00e0	5.44e2	989	150	150	1335	15.1	1	0.67	1	0.07
434	/Users/ranjithpapareddy/Desktop/Desktop-Ranjith-iMac/forGIT/UFMylation_Ribosome_stalling_RNA_Splicing/Part4_Splicing_Analysis/data/motifs/CisBP_Human_All.meme	M00737_2.00	HNRNPD	UAUUAN	3.47e-1	1.00e0	5.44e2	748	150	150	1335	5.03	1	0.67	3	0.22
435	/Users/ranjithpapareddy/Desktop/Desktop-Ranjith-iMac/forGIT/UFMylation_Ribosome_stalling_RNA_Splicing/Part4_Splicing_Analysis/data/motifs/CisBP_Human_All.meme	M00677_2.00	TARDBP	GUGUGAGUGUG	9.46e-1	1.00e0	5.44e2	575	150	150	1335	19.5	7	4.67	104	7.79
436	/Users/ranjithpapareddy/Desktop/Desktop-Ranjith-iMac/forGIT/UFMylation_Ribosome_stalling_RNA_Splicing/Part4_Splicing_Analysis/data/motifs/CisBP_Human_All.meme	M00411_2.00	ELAVL2	UUAUUUU	1.52e-1	1.00e0	5.44e2	938	150	150	1335	15.8	2	1.33	5	0.37
437	/Users/ranjithpapareddy/Desktop/Desktop-Ranjith-iMac/forGIT/UFMylation_Ribosome_stalling_RNA_Splicing/Part4_Splicing_Analysis/data/motifs/CisBP_Human_All.meme	M00410_2.00	TRNAU1AP	AAUUUUR	4.59e-2	1.00e0	5.44e2	881	150	150	1335	4.46	11	7.33	52	3.90
438	/Users/ranjithpapareddy/Desktop/Desktop-Ranjith-iMac/forGIT/UFMylation_Ribosome_stalling_RNA_Splicing/Part4_Splicing_Analysis/data/motifs/CisBP_Human_All.meme	M00676_2.00	TARDBP	GUGUGARUGK	5.74e-1	1.00e0	5.44e2	445	150	150	1335	39.9	3	2.00	26	1.95
439	/Users/ranjithpapareddy/Desktop/Desktop-Ranjith-iMac/forGIT/UFMylation_Ribosome_stalling_RNA_Splicing/Part4_Splicing_Analysis/data/motifs/CisBP_Human_All.meme	M13117_2.00	ENSG00000277564	HWGCAUGM	1.89e-1	1.00e0	5.44e2	517	150	150	1335	4.23	7	4.67	40	3.00
440	/Users/ranjithpapareddy/Desktop/Desktop-Ranjith-iMac/forGIT/UFMylation_Ribosome_stalling_RNA_Splicing/Part4_Splicing_Analysis/data/motifs/CisBP_Human_All.meme	M13116_2.00	ENSG00000277445	NUUUUUUA	1.75e-1	1.00e0	5.44e2	930	150	150	1335	11.6	7	4.67	39	2.92
441	/Users/ranjithpapareddy/Desktop/Desktop-Ranjith-iMac/forGIT/UFMylation_Ribosome_stalling_RNA_Splicing/Part4_Splicing_Analysis/data/motifs/CisBP_Human_All.meme	M00827_2.00	TRNAU1AP	UUUUWUU	2.95e-1	1.00e0	5.44e2	954	150	150	1335	6.23	5	3.33	31	2.32
442	/Users/ranjithpapareddy/Desktop/Desktop-Ranjith-iMac/forGIT/UFMylation_Ribosome_stalling_RNA_Splicing/Part4_Splicing_Analysis/data/motifs/CisBP_Human_All.meme	M00643_2.00	RBMS1	NNNSGUGCAUAAKGCBNNN	9.04e-1	1.00e0	5.44e2	87	150	150	1335	1.67	3	2.00	48	3.60
443	/Users/ranjithpapareddy/Desktop/Desktop-Ranjith-iMac/forGIT/UFMylation_Ribosome_stalling_RNA_Splicing/Part4_Splicing_Analysis/data/motifs/CisBP_Human_All.meme	M00642_2.00	RBMS1	UUAUAAUCAAC	9.72e-1	1.00e0	5.44e2	103	150	150	1335	2.52	2	1.33	49	3.67
444	/Users/ranjithpapareddy/Desktop/Desktop-Ranjith-iMac/forGIT/UFMylation_Ribosome_stalling_RNA_Splicing/Part4_Splicing_Analysis/data/motifs/CisBP_Human_All.meme	M00171_2.00	CPEB4	CUUUUUU	2.74e-1	1.00e0	5.44e2	942	150	150	1335	35	1	0.67	2	0.15
445	/Users/ranjithpapareddy/Desktop/Desktop-Ranjith-iMac/forGIT/UFMylation_Ribosome_stalling_RNA_Splicing/Part4_Splicing_Analysis/data/motifs/CisBP_Human_All.meme	M00317_2.00	ENSG00000282755	UUUUUUA	1.92e-1	1.00e0	5.44e2	932	150	150	1335	36.6	1	0.67	1	0.07
446	/Users/ranjithpapareddy/Desktop/Desktop-Ranjith-iMac/forGIT/UFMylation_Ribosome_stalling_RNA_Splicing/Part4_Splicing_Analysis/data/motifs/CisBP_Human_All.meme	M13123_2.00	ENSG00000282559	VWUUUUUS	1.87e-1	1.00e0	5.44e2	935	150	150	1335	14.2	3	2.00	12	0.90
447	/Users/ranjithpapareddy/Desktop/Desktop-Ranjith-iMac/forGIT/UFMylation_Ribosome_stalling_RNA_Splicing/Part4_Splicing_Analysis/data/motifs/CisBP_Human_All.meme	M13122_2.00	ENSG00000282530	VWUUUUUS	1.87e-1	1.00e0	5.44e2	935	150	150	1335	14.2	3	2.00	12	0.90
448	/Users/ranjithpapareddy/Desktop/Desktop-Ranjith-iMac/forGIT/UFMylation_Ribosome_stalling_RNA_Splicing/Part4_Splicing_Analysis/data/motifs/CisBP_Human_All.meme	M00699_2.00	ZFP36L1	UUAUUUAUU	7.51e-1	1.00e0	5.44e2	466	150	150	1335	50.6	1	0.67	12	0.90
449	/Users/ranjithpapareddy/Desktop/Desktop-Ranjith-iMac/forGIT/UFMylation_Ribosome_stalling_RNA_Splicing/Part4_Splicing_Analysis/data/motifs/CisBP_Human_All.meme	M00564_2.00	CELF1	UGUGUKUGUGU	8.95e-1	1.00e0	5.44e2	898	150	150	1335	68.9	1	0.67	20	1.50
450	/Users/ranjithpapareddy/Desktop/Desktop-Ranjith-iMac/forGIT/UFMylation_Ribosome_stalling_RNA_Splicing/Part4_Splicing_Analysis/data/motifs/CisBP_Human_All.meme	M00565_2.00	CELF3	KGUGUKDGUGK	7.84e-1	1.00e0	5.44e2	867	150	150	1335	17.2	8	5.33	89	6.67
451	/Users/ranjithpapareddy/Desktop/Desktop-Ranjith-iMac/forGIT/UFMylation_Ribosome_stalling_RNA_Splicing/Part4_Splicing_Analysis/data/motifs/CisBP_Human_All.meme	M00139_2.00	M00139_2.00	GUGGUGU	5.28e-2	1.00e0	5.44e2	773	150	150	1335	7.92	5	3.33	16	1.20
452	/Users/ranjithpapareddy/Desktop/Desktop-Ranjith-iMac/forGIT/UFMylation_Ribosome_stalling_RNA_Splicing/Part4_Splicing_Analysis/data/motifs/CisBP_Human_All.meme	M00047_2.00	ENSG00000282559	AUUUUUK	1.16e-1	1.00e0	5.44e2	950	150	150	1335	25.5	2	1.33	4	0.30
453	/Users/ranjithpapareddy/Desktop/Desktop-Ranjith-iMac/forGIT/UFMylation_Ribosome_stalling_RNA_Splicing/Part4_Splicing_Analysis/data/motifs/CisBP_Human_All.meme	M00775_2.00	ENSG00000274081	UUUYU	1.94e-1	1.00e0	5.44e2	1080	150	150	1335	5.6	6	4.00	33	2.47
454	/Users/ranjithpapareddy/Desktop/Desktop-Ranjith-iMac/forGIT/UFMylation_Ribosome_stalling_RNA_Splicing/Part4_Splicing_Analysis/data/motifs/CisBP_Human_All.meme	M00581_2.00	ELAVL3	DUUUUKD	8.46e-2	1.00e0	5.44e2	911	150	150	1335	2.69	8	5.33	38	2.85
455	/Users/ranjithpapareddy/Desktop/Desktop-Ranjith-iMac/forGIT/UFMylation_Ribosome_stalling_RNA_Splicing/Part4_Splicing_Analysis/data/motifs/CisBP_Human_All.meme	M00580_2.00	ELAVL1	UUUWUGDKUU	3.47e-1	1.00e0	5.44e2	910	150	150	1335	31	1	0.67	3	0.22
456	/Users/ranjithpapareddy/Desktop/Desktop-Ranjith-iMac/forGIT/UFMylation_Ribosome_stalling_RNA_Splicing/Part4_Splicing_Analysis/data/motifs/CisBP_Human_All.meme	M00329_2.00	M00329_2.00	AWGACAA	4.14e-2	1.00e0	5.44e2	884	150	150	1335	2.5	11	7.33	51	3.82
457	/Users/ranjithpapareddy/Desktop/Desktop-Ranjith-iMac/forGIT/UFMylation_Ribosome_stalling_RNA_Splicing/Part4_Splicing_Analysis/data/motifs/CisBP_Human_All.meme	M00064_2.00	PABPC4L	AAAAAAA	5.38e-2	1.00e0	5.44e2	930	150	150	1335	91.4	3	2.00	6	0.45
458	/Users/ranjithpapareddy/Desktop/Desktop-Ranjith-iMac/forGIT/UFMylation_Ribosome_stalling_RNA_Splicing/Part4_Splicing_Analysis/data/motifs/CisBP_Human_All.meme	M00530_2.00	SRSF2	UGUUCSAGAU	8.06e-1	1.00e0	5.44e2	155	150	150	1335	2.12	7	4.67	81	6.07
459	/Users/ranjithpapareddy/Desktop/Desktop-Ranjith-iMac/forGIT/UFMylation_Ribosome_stalling_RNA_Splicing/Part4_Splicing_Analysis/data/motifs/CisBP_Human_All.meme	M00438_2.00	M00438_2.00	GWGUGUGD	2.35e-1	1.00e0	5.44e2	786	150	150	1335	9.43	5	3.33	28	2.10
460	/Users/ranjithpapareddy/Desktop/Desktop-Ranjith-iMac/forGIT/UFMylation_Ribosome_stalling_RNA_Splicing/Part4_Splicing_Analysis/data/motifs/CisBP_Human_All.meme	M00439_2.00	M00439_2.00	AAACCCAA	1.92e-1	1.00e0	5.44e2	750	150	150	1335	16.4	1	0.67	1	0.07
461	/Users/ranjithpapareddy/Desktop/Desktop-Ranjith-iMac/forGIT/UFMylation_Ribosome_stalling_RNA_Splicing/Part4_Splicing_Analysis/data/motifs/CisBP_Human_All.meme	M00578_2.00	DAZ2	KUUKKDGUUD	2.08e-1	1.00e0	5.44e2	1033	150	150	1335	3.14	19	12.67	136	10.19
462	/Users/ranjithpapareddy/Desktop/Desktop-Ranjith-iMac/forGIT/UFMylation_Ribosome_stalling_RNA_Splicing/Part4_Splicing_Analysis/data/motifs/CisBP_Human_All.meme	M00685_2.00	ZC3H10	NGCGCAGCGUD	8.51e-1	1.00e0	5.44e2	34	150	150	1335	1.18	2	1.33	30	2.25
463	/Users/ranjithpapareddy/Desktop/Desktop-Ranjith-iMac/forGIT/UFMylation_Ribosome_stalling_RNA_Splicing/Part4_Splicing_Analysis/data/motifs/CisBP_Human_All.meme	M00617_2.00	PUM1	RUGUAAAUAG	9.64e-1	1.00e0	5.44e2	235	150	150	1335	10.1	1	0.67	30	2.25
464	/Users/ranjithpapareddy/Desktop/Desktop-Ranjith-iMac/forGIT/UFMylation_Ribosome_stalling_RNA_Splicing/Part4_Splicing_Analysis/data/motifs/CisBP_Human_All.meme	M00342_2.00	PABPC1L2A	RAAAAAA	5.38e-2	1.00e0	5.44e2	908	150	150	1335	57.6	3	2.00	6	0.45
465	/Users/ranjithpapareddy/Desktop/Desktop-Ranjith-iMac/forGIT/UFMylation_Ribosome_stalling_RNA_Splicing/Part4_Splicing_Analysis/data/motifs/CisBP_Human_All.meme	M00804_2.00	RC3H1	YAUAUUW	2.68e-1	1.00e0	5.44e2	711	150	150	1335	4.17	2	1.33	8	0.60
466	/Users/ranjithpapareddy/Desktop/Desktop-Ranjith-iMac/forGIT/UFMylation_Ribosome_stalling_RNA_Splicing/Part4_Splicing_Analysis/data/motifs/CisBP_Human_All.meme	M00660_2.00	RBPMS	KCACRKKCACA	1.35e-1	1.00e0	5.44e2	363	150	150	1335	23.6	4	2.67	16	1.20
467	/Users/ranjithpapareddy/Desktop/Desktop-Ranjith-iMac/forGIT/UFMylation_Ribosome_stalling_RNA_Splicing/Part4_Splicing_Analysis/data/motifs/CisBP_Human_All.meme	M00721_2.00	ELAVL4	UAAUU	1.46e-1	1.00e0	5.44e2	648	150	150	1335	3.21	8	5.33	44	3.30
468	/Users/ranjithpapareddy/Desktop/Desktop-Ranjith-iMac/forGIT/UFMylation_Ribosome_stalling_RNA_Splicing/Part4_Splicing_Analysis/data/motifs/CisBP_Human_All.meme	M00720_2.00	ELAVL4	UUWUU	1.23e-1	1.00e0	5.44e2	941	150	150	1335	3.64	9	6.00	49	3.67
469	/Users/ranjithpapareddy/Desktop/Desktop-Ranjith-iMac/forGIT/UFMylation_Ribosome_stalling_RNA_Splicing/Part4_Splicing_Analysis/data/motifs/CisBP_Human_All.meme	M00628_2.00	RBM24	GUGUGDGUGUG	9.93e-1	1.00e0	5.44e2	743	150	150	1335	81.9	1	0.67	45	3.37
470	/Users/ranjithpapareddy/Desktop/Desktop-Ranjith-iMac/forGIT/UFMylation_Ribosome_stalling_RNA_Splicing/Part4_Splicing_Analysis/data/motifs/CisBP_Human_All.meme	M00787_2.00	RBM24	UUUUNUUUU	3.46e-1	1.00e0	5.44e2	1045	150	150	1335	10.2	2	1.33	10	0.75
471	/Users/ranjithpapareddy/Desktop/Desktop-Ranjith-iMac/forGIT/UFMylation_Ribosome_stalling_RNA_Splicing/Part4_Splicing_Analysis/data/motifs/CisBP_Human_All.meme	M00026_2.00	CELF4	UGUGUGU	2.39e-1	1.00e0	5.44e2	996	150	150	1335	5.62	8	5.33	51	3.82
472	/Users/ranjithpapareddy/Desktop/Desktop-Ranjith-iMac/forGIT/UFMylation_Ribosome_stalling_RNA_Splicing/Part4_Splicing_Analysis/data/motifs/CisBP_Human_All.meme	M00714_2.00	DAZ2	UUKUUU	8.26e-2	1.00e0	5.44e2	1009	150	150	1335	12.4	2	1.33	3	0.22
473	/Users/ranjithpapareddy/Desktop/Desktop-Ranjith-iMac/forGIT/UFMylation_Ribosome_stalling_RNA_Splicing/Part4_Splicing_Analysis/data/motifs/CisBP_Human_All.meme	M00654_2.00	RBMY1D	NNBGYCCUCAAGGYVNN	1.92e-1	1.00e0	5.44e2	442	150	150	1335	129	1	0.67	1	0.07
474	/Users/ranjithpapareddy/Desktop/Desktop-Ranjith-iMac/forGIT/UFMylation_Ribosome_stalling_RNA_Splicing/Part4_Splicing_Analysis/data/motifs/CisBP_Human_All.meme	M00433_2.00	M00433_2.00	UUUUUYY	3.00e-1	1.00e0	5.44e2	977	150	150	1335	9.44	8	5.33	55	4.12
475	/Users/ranjithpapareddy/Desktop/Desktop-Ranjith-iMac/forGIT/UFMylation_Ribosome_stalling_RNA_Splicing/Part4_Splicing_Analysis/data/motifs/CisBP_Human_All.meme	M00166_2.00	PABPC3	GAAAACM	2.71e-1	1.00e0	5.44e2	854	150	150	1335	6.85	3	2.00	15	1.12
476	/Users/ranjithpapareddy/Desktop/Desktop-Ranjith-iMac/forGIT/UFMylation_Ribosome_stalling_RNA_Splicing/Part4_Splicing_Analysis/data/motifs/CisBP_Human_All.meme	M00167_2.00	RBM5	GAAGGAG	4.78e-2	1.00e0	5.44e2	961	150	150	1335	2.28	42	28.00	288	21.57
477	/Users/ranjithpapareddy/Desktop/Desktop-Ranjith-iMac/forGIT/UFMylation_Ribosome_stalling_RNA_Splicing/Part4_Splicing_Analysis/data/motifs/CisBP_Human_All.meme	M00831_2.00	ZCRB1	HUUAAW	1.43e-1	1.00e0	5.44e2	695	150	150	1335	2.76	9	6.00	51	3.82
478	/Users/ranjithpapareddy/Desktop/Desktop-Ranjith-iMac/forGIT/UFMylation_Ribosome_stalling_RNA_Splicing/Part4_Splicing_Analysis/data/motifs/CisBP_Human_All.meme	M00182_2.00	KHDRBS1	AUAAAAR	3.95e-1	1.00e0	5.44e2	813	150	150	1335	4.51	12	8.00	95	7.12
479	/Users/ranjithpapareddy/Desktop/Desktop-Ranjith-iMac/forGIT/UFMylation_Ribosome_stalling_RNA_Splicing/Part4_Splicing_Analysis/data/motifs/CisBP_Human_All.meme	M00158_2.00	M00158_2.00	WUUGCACD	6.43e-1	1.00e0	5.44e2	369	150	150	1335	4.3	2	1.33	19	1.42
480	/Users/ranjithpapareddy/Desktop/Desktop-Ranjith-iMac/forGIT/UFMylation_Ribosome_stalling_RNA_Splicing/Part4_Splicing_Analysis/data/motifs/CisBP_Human_All.meme	M00596_2.00	HNRNPL	ACAUUACAYW	3.47e-1	1.00e0	5.44e2	637	150	150	1335	6.26	1	0.67	3	0.22
481	/Users/ranjithpapareddy/Desktop/Desktop-Ranjith-iMac/forGIT/UFMylation_Ribosome_stalling_RNA_Splicing/Part4_Splicing_Analysis/data/motifs/CisBP_Human_All.meme	M00597_2.00	HNRNPLL	GCAURCAYCM	2.75e-1	1.00e0	5.44e2	486	150	150	1335	11.3	5	3.33	30	2.25
482	/Users/ranjithpapareddy/Desktop/Desktop-Ranjith-iMac/forGIT/UFMylation_Ribosome_stalling_RNA_Splicing/Part4_Splicing_Analysis/data/motifs/CisBP_Human_All.meme	M13003_2.00	CPEB3	YUUUUUUG	1.90e-1	1.00e0	5.44e2	943	150	150	1335	21.9	2	1.33	6	0.45
483	/Users/ranjithpapareddy/Desktop/Desktop-Ranjith-iMac/forGIT/UFMylation_Ribosome_stalling_RNA_Splicing/Part4_Splicing_Analysis/data/motifs/CisBP_Human_All.meme	M00762_2.00	NUPL2	AAAADAA	1.01e-1	1.00e0	5.44e2	988	150	150	1335	33.8	1	0.67	0	0.00
484	/Users/ranjithpapareddy/Desktop/Desktop-Ranjith-iMac/forGIT/UFMylation_Ribosome_stalling_RNA_Splicing/Part4_Splicing_Analysis/data/motifs/CisBP_Human_All.meme	M00659_2.00	RBPMS2	CACAKDGCACA	7.40e-1	1.00e0	5.44e2	354	150	150	1335	10.9	3	2.00	34	2.55
485	/Users/ranjithpapareddy/Desktop/Desktop-Ranjith-iMac/forGIT/UFMylation_Ribosome_stalling_RNA_Splicing/Part4_Splicing_Analysis/data/motifs/CisBP_Human_All.meme	M00658_2.00	RBPMS2	KCACGUGCACR	4.15e-1	1.00e0	5.44e2	245	150	150	1335	22.1	3	2.00	20	1.50
486	/Users/ranjithpapareddy/Desktop/Desktop-Ranjith-iMac/forGIT/UFMylation_Ribosome_stalling_RNA_Splicing/Part4_Splicing_Analysis/data/motifs/CisBP_Human_All.meme	M00297_2.00	M00297_2.00	AGAUGAW	5.43e-2	1.00e0	5.44e2	730	150	150	1335	3.42	10	6.67	47	3.52
487	/Users/ranjithpapareddy/Desktop/Desktop-Ranjith-iMac/forGIT/UFMylation_Ribosome_stalling_RNA_Splicing/Part4_Splicing_Analysis/data/motifs/CisBP_Human_All.meme	M00751_2.00	KHDRBS2	AAUAAA	4.13e-1	1.00e0	5.44e2	764	150	150	1335	4.83	1	0.67	4	0.30
488	/Users/ranjithpapareddy/Desktop/Desktop-Ranjith-iMac/forGIT/UFMylation_Ribosome_stalling_RNA_Splicing/Part4_Splicing_Analysis/data/motifs/CisBP_Human_All.meme	M00611_2.00	MSI2	GUAGUGWGUAGK	3.58e-1	1.00e0	5.44e2	108	150	150	1335	6.88	3	2.00	18	1.35
489	/Users/ranjithpapareddy/Desktop/Desktop-Ranjith-iMac/forGIT/UFMylation_Ribosome_stalling_RNA_Splicing/Part4_Splicing_Analysis/data/motifs/CisBP_Human_All.meme	M13106_2.00	AC245033.1	NUUUUUUA	1.48e-1	1.00e0	5.44e2	935	150	150	1335	11.1	7	4.67	37	2.77
490	/Users/ranjithpapareddy/Desktop/Desktop-Ranjith-iMac/forGIT/UFMylation_Ribosome_stalling_RNA_Splicing/Part4_Splicing_Analysis/data/motifs/CisBP_Human_All.meme	M00803_2.00	RBMS3	NUAUAH	1.97e-1	1.00e0	5.44e2	476	150	150	1335	2.34	8	5.33	48	3.60
491	/Users/ranjithpapareddy/Desktop/Desktop-Ranjith-iMac/forGIT/UFMylation_Ribosome_stalling_RNA_Splicing/Part4_Splicing_Analysis/data/motifs/CisBP_Human_All.meme	M00087_2.00	SRSF9	GGRWGGA	4.37e-2	1.00e0	5.44e2	1070	150	150	1335	9.88	5	3.33	15	1.12
492	/Users/ranjithpapareddy/Desktop/Desktop-Ranjith-iMac/forGIT/UFMylation_Ribosome_stalling_RNA_Splicing/Part4_Splicing_Analysis/data/motifs/CisBP_Human_All.meme	M00726_2.00	FUBP1	UAUGUAU	1.92e-1	1.00e0	5.44e2	685	150	150	1335	17.7	1	0.67	1	0.07
493	/Users/ranjithpapareddy/Desktop/Desktop-Ranjith-iMac/forGIT/UFMylation_Ribosome_stalling_RNA_Splicing/Part4_Splicing_Analysis/data/motifs/CisBP_Human_All.meme	M00727_2.00	FUBP3	UAUAU	2.68e-1	1.00e0	5.44e2	577	150	150	1335	4.14	2	1.33	8	0.60
494	/Users/ranjithpapareddy/Desktop/Desktop-Ranjith-iMac/forGIT/UFMylation_Ribosome_stalling_RNA_Splicing/Part4_Splicing_Analysis/data/motifs/CisBP_Human_All.meme	M00712_2.00	ENSG00000282755	UUUUU	1.92e-1	1.00e0	5.44e2	984	150	150	1335	18.1	1	0.67	1	0.07
495	/Users/ranjithpapareddy/Desktop/Desktop-Ranjith-iMac/forGIT/UFMylation_Ribosome_stalling_RNA_Splicing/Part4_Splicing_Analysis/data/motifs/CisBP_Human_All.meme	M00575_2.00	DAZ2	NNNNNVUGKUGUUGUAGBBNNNN	6.93e-1	1.00e0	5.44e2	46	150	150	1335	3.16	2	1.33	21	1.57
496	/Users/ranjithpapareddy/Desktop/Desktop-Ranjith-iMac/forGIT/UFMylation_Ribosome_stalling_RNA_Splicing/Part4_Splicing_Analysis/data/motifs/CisBP_Human_All.meme	M00713_2.00	DAZ2	WGUUWW	1.92e-1	1.00e0	5.44e2	674	150	150	1335	5.41	1	0.67	1	0.07
497	/Users/ranjithpapareddy/Desktop/Desktop-Ranjith-iMac/forGIT/UFMylation_Ribosome_stalling_RNA_Splicing/Part4_Splicing_Analysis/data/motifs/CisBP_Human_All.meme	M00128_2.00	SRSF1	MAGGACAV	5.43e-2	1.00e0	5.44e2	861	150	150	1335	2.71	28	18.67	179	13.41
498	/Users/ranjithpapareddy/Desktop/Desktop-Ranjith-iMac/forGIT/UFMylation_Ribosome_stalling_RNA_Splicing/Part4_Splicing_Analysis/data/motifs/CisBP_Human_All.meme	M00435_2.00	M00435_2.00	UUUUUUD	2.18e-1	1.00e0	5.44e2	953	150	150	1335	16.7	4	2.67	20	1.50
499	/Users/ranjithpapareddy/Desktop/Desktop-Ranjith-iMac/forGIT/UFMylation_Ribosome_stalling_RNA_Splicing/Part4_Splicing_Analysis/data/motifs/CisBP_Human_All.meme	M00652_2.00	RBMY1D	NBGCCCUCAAGGYVN	1.92e-1	1.00e0	5.44e2	342	150	150	1335	61.5	1	0.67	1	0.07
500	/Users/ranjithpapareddy/Desktop/Desktop-Ranjith-iMac/forGIT/UFMylation_Ribosome_stalling_RNA_Splicing/Part4_Splicing_Analysis/data/motifs/CisBP_Human_All.meme	M00434_2.00	M00434_2.00	VUUUUUUY	3.36e-1	1.00e0	5.44e2	937	150	150	1335	10.4	6	4.00	41	3.07
501	/Users/ranjithpapareddy/Desktop/Desktop-Ranjith-iMac/forGIT/UFMylation_Ribosome_stalling_RNA_Splicing/Part4_Splicing_Analysis/data/motifs/CisBP_Human_All.meme	M00307_2.00	M00307_2.00	UUUUUCY	2.39e-1	1.00e0	5.44e2	1015	150	150	1335	10.5	8	5.33	51	3.82
502	/Users/ranjithpapareddy/Desktop/Desktop-Ranjith-iMac/forGIT/UFMylation_Ribosome_stalling_RNA_Splicing/Part4_Splicing_Analysis/data/motifs/CisBP_Human_All.meme	M00160_2.00	M00160_2.00	AACUAAG	1.89e-1	1.00e0	5.44e2	242	150	150	1335	2.99	7	4.67	40	3.00
503	/Users/ranjithpapareddy/Desktop/Desktop-Ranjith-iMac/forGIT/UFMylation_Ribosome_stalling_RNA_Splicing/Part4_Splicing_Analysis/data/motifs/CisBP_Human_All.meme	M00624_2.00	ENSG00000277564	NNNNDGKUGCAUGUGNNNNN	2.67e-1	1.00e0	5.44e2	457	150	150	1335	7.2	7	4.67	45	3.37
504	/Users/ranjithpapareddy/Desktop/Desktop-Ranjith-iMac/forGIT/UFMylation_Ribosome_stalling_RNA_Splicing/Part4_Splicing_Analysis/data/motifs/CisBP_Human_All.meme	M00442_2.00	RBM38	GAGUGUG	1.93e-1	1.00e0	5.44e2	768	150	150	1335	3.05	17	11.33	118	8.84
505	/Users/ranjithpapareddy/Desktop/Desktop-Ranjith-iMac/forGIT/UFMylation_Ribosome_stalling_RNA_Splicing/Part4_Splicing_Analysis/data/motifs/CisBP_Human_All.meme	M00625_2.00	ENSG00000277564	DBBBBGGKUGCAUGUGBNBBBK	7.76e-1	1.00e0	5.44e2	259	150	150	1335	35.2	1	0.67	13	0.97
506	/Users/ranjithpapareddy/Desktop/Desktop-Ranjith-iMac/forGIT/UFMylation_Ribosome_stalling_RNA_Splicing/Part4_Splicing_Analysis/data/motifs/CisBP_Human_All.meme	M00764_2.00	PABPN1L	AAAAA	5.31e-2	1.00e0	5.44e2	983	150	150	1335	23.2	2	1.33	2	0.15
507	/Users/ranjithpapareddy/Desktop/Desktop-Ranjith-iMac/forGIT/UFMylation_Ribosome_stalling_RNA_Splicing/Part4_Splicing_Analysis/data/motifs/CisBP_Human_All.meme	M00590_2.00	HNRNPA1	NBUGCAGUWYUAGGGYDBN	5.57e-1	1.00e0	5.44e2	108	150	150	1335	23.8	2	1.33	16	1.20
508	/Users/ranjithpapareddy/Desktop/Desktop-Ranjith-iMac/forGIT/UFMylation_Ribosome_stalling_RNA_Splicing/Part4_Splicing_Analysis/data/motifs/CisBP_Human_All.meme	M00695_2.00	ZCRB1	GUGGAMUUAADDK	9.03e-1	1.00e0	5.44e2	136	150	150	1335	1.73	6	4.00	83	6.22
509	/Users/ranjithpapareddy/Desktop/Desktop-Ranjith-iMac/forGIT/UFMylation_Ribosome_stalling_RNA_Splicing/Part4_Splicing_Analysis/data/motifs/CisBP_Human_All.meme	M00607_2.00	MEX3A	DKAGAGUWUAKDK	6.56e-1	1.00e0	5.44e2	483	150	150	1335	18.6	1	0.67	9	0.67
510	/Users/ranjithpapareddy/Desktop/Desktop-Ranjith-iMac/forGIT/UFMylation_Ribosome_stalling_RNA_Splicing/Part4_Splicing_Analysis/data/motifs/CisBP_Human_All.meme	M00606_2.00	MEX3A	UAUUUAU	3.21e-1	1.00e0	5.44e2	770	150	150	1335	3.08	11	7.33	81	6.07
511	/Users/ranjithpapareddy/Desktop/Desktop-Ranjith-iMac/forGIT/UFMylation_Ribosome_stalling_RNA_Splicing/Part4_Splicing_Analysis/data/motifs/CisBP_Human_All.meme	M00352_2.00	M00352_2.00	WUAGGAA	9.10e-2	1.00e0	5.44e2	593	150	150	1335	5.56	3	2.00	8	0.60
512	/Users/ranjithpapareddy/Desktop/Desktop-Ranjith-iMac/forGIT/UFMylation_Ribosome_stalling_RNA_Splicing/Part4_Splicing_Analysis/data/motifs/CisBP_Human_All.meme	M00074_2.00	RBM46	AAUSAAD	1.89e-1	1.00e0	5.44e2	631	150	150	1335	2.92	7	4.67	40	3.00
513	/Users/ranjithpapareddy/Desktop/Desktop-Ranjith-iMac/forGIT/UFMylation_Ribosome_stalling_RNA_Splicing/Part4_Splicing_Analysis/data/motifs/CisBP_Human_All.meme	M00388_2.00	ENSG00000274081	UUUUUUU	3.47e-1	1.00e0	5.44e2	995	150	150	1335	44.7	1	0.67	3	0.22
514	/Users/ranjithpapareddy/Desktop/Desktop-Ranjith-iMac/forGIT/UFMylation_Ribosome_stalling_RNA_Splicing/Part4_Splicing_Analysis/data/motifs/CisBP_Human_All.meme	M00521_2.00	NOVA2	GGRGAGUCAUHSC	1.00e0	1.00e0	5.44e2	36	150	150	1335	2.84	0	0.00	22	1.65
515	/Users/ranjithpapareddy/Desktop/Desktop-Ranjith-iMac/forGIT/UFMylation_Ribosome_stalling_RNA_Splicing/Part4_Splicing_Analysis/data/motifs/CisBP_Human_All.meme	M00265_2.00	SYNCRIP	MAAAAAG	1.01e-1	1.00e0	5.44e2	931	150	150	1335	45.7	1	0.67	0	0.00
516	/Users/ranjithpapareddy/Desktop/Desktop-Ranjith-iMac/forGIT/UFMylation_Ribosome_stalling_RNA_Splicing/Part4_Splicing_Analysis/data/motifs/CisBP_Human_All.meme	M00264_2.00	SYNCRIP	CCAAAUU	5.31e-2	1.00e0	5.44e2	909	150	150	1335	9.06	2	1.33	2	0.15
517	/Users/ranjithpapareddy/Desktop/Desktop-Ranjith-iMac/forGIT/UFMylation_Ribosome_stalling_RNA_Splicing/Part4_Splicing_Analysis/data/motifs/CisBP_Human_All.meme	M00198_2.00	KHDRBS2	RAUAAAM	3.55e-1	1.00e0	5.44e2	767	150	150	1335	4.13	6	4.00	42	3.15
518	/Users/ranjithpapareddy/Desktop/Desktop-Ranjith-iMac/forGIT/UFMylation_Ribosome_stalling_RNA_Splicing/Part4_Splicing_Analysis/data/motifs/CisBP_Human_All.meme	M00730_2.00	ENSG00000276833	GGKGG	8.45e-2	1.00e0	5.44e2	906	150	150	1335	14.9	6	4.00	25	1.87
519	/Users/ranjithpapareddy/Desktop/Desktop-Ranjith-iMac/forGIT/UFMylation_Ribosome_stalling_RNA_Splicing/Part4_Splicing_Analysis/data/motifs/CisBP_Human_All.meme	M00091_2.00	SNRPA	UUGCACA	6.43e-1	1.00e0	5.44e2	398	150	150	1335	5.93	2	1.33	19	1.42
520	/Users/ranjithpapareddy/Desktop/Desktop-Ranjith-iMac/forGIT/UFMylation_Ribosome_stalling_RNA_Splicing/Part4_Splicing_Analysis/data/motifs/CisBP_Human_All.meme	M00778_2.00	PUM1	UAAAU	1.63e-1	1.00e0	5.44e2	694	150	150	1335	4.32	6	4.00	31	2.32
521	/Users/ranjithpapareddy/Desktop/Desktop-Ranjith-iMac/forGIT/UFMylation_Ribosome_stalling_RNA_Splicing/Part4_Splicing_Analysis/data/motifs/CisBP_Human_All.meme	M00779_2.00	ENSG00000282559	UUYUU	2.10e-1	1.00e0	5.44e2	1004	150	150	1335	5.03	6	4.00	34	2.55
522	/Users/ranjithpapareddy/Desktop/Desktop-Ranjith-iMac/forGIT/UFMylation_Ribosome_stalling_RNA_Splicing/Part4_Splicing_Analysis/data/motifs/CisBP_Human_All.meme	M12972_2.00	CELF2	UGUKUGUK	6.35e-1	1.00e0	5.44e2	851	150	150	1335	7.07	5	3.33	48	3.60
523	/Users/ranjithpapareddy/Desktop/Desktop-Ranjith-iMac/forGIT/UFMylation_Ribosome_stalling_RNA_Splicing/Part4_Splicing_Analysis/data/motifs/CisBP_Human_All.meme	M00485_2.00	M00485_2.00	UGUAVAUARNKVVBSBBSCCS	8.01e-1	1.00e0	5.44e2	44	150	150	1335	1.08	3	2.00	38	2.85
524	/Users/ranjithpapareddy/Desktop/Desktop-Ranjith-iMac/forGIT/UFMylation_Ribosome_stalling_RNA_Splicing/Part4_Splicing_Analysis/data/motifs/CisBP_Human_All.meme	M00815_2.00	SRSF6	AGCAG	6.75e-2	1.00e0	5.44e2	918	150	150	1335	3.95	24	16.00	152	11.39
525	/Users/ranjithpapareddy/Desktop/Desktop-Ranjith-iMac/forGIT/UFMylation_Ribosome_stalling_RNA_Splicing/Part4_Splicing_Analysis/data/motifs/CisBP_Human_All.meme	M00417_2.00	FUBP1	WAUGUAWD	8.26e-2	1.00e0	5.44e2	548	150	150	1335	8.38	2	1.33	3	0.22
526	/Users/ranjithpapareddy/Desktop/Desktop-Ranjith-iMac/forGIT/UFMylation_Ribosome_stalling_RNA_Splicing/Part4_Splicing_Analysis/data/motifs/CisBP_Human_All.meme	M13110_2.00	AC009690.3	GUGUUKKK	7.41e-2	1.00e0	5.44e2	939	150	150	1335	5.78	5	3.33	18	1.35
527	/Users/ranjithpapareddy/Desktop/Desktop-Ranjith-iMac/forGIT/UFMylation_Ribosome_stalling_RNA_Splicing/Part4_Splicing_Analysis/data/motifs/CisBP_Human_All.meme	M13111_2.00	ENSG00000273865	VWUUUUUS	1.87e-1	1.00e0	5.44e2	935	150	150	1335	14.2	3	2.00	12	0.90
528	/Users/ranjithpapareddy/Desktop/Desktop-Ranjith-iMac/forGIT/UFMylation_Ribosome_stalling_RNA_Splicing/Part4_Splicing_Analysis/data/motifs/CisBP_Human_All.meme	M13124_2.00	ENSG00000282755	NUUUUUUA	1.48e-1	1.00e0	5.44e2	935	150	150	1335	11.1	7	4.67	37	2.77
529	/Users/ranjithpapareddy/Desktop/Desktop-Ranjith-iMac/forGIT/UFMylation_Ribosome_stalling_RNA_Splicing/Part4_Splicing_Analysis/data/motifs/CisBP_Human_All.meme	M00382_2.00	DDX53	AGAAUAA	6.63e-2	1.00e0	5.44e2	935	150	150	1335	3.4	10	6.67	49	3.67
530	/Users/ranjithpapareddy/Desktop/Desktop-Ranjith-iMac/forGIT/UFMylation_Ribosome_stalling_RNA_Splicing/Part4_Splicing_Analysis/data/motifs/CisBP_Human_All.meme	M00796_2.00	RBM47	WAAUYA	2.70e-1	1.00e0	5.44e2	715	150	150	1335	2.07	16	10.67	118	8.84
531	/Users/ranjithpapareddy/Desktop/Desktop-Ranjith-iMac/forGIT/UFMylation_Ribosome_stalling_RNA_Splicing/Part4_Splicing_Analysis/data/motifs/CisBP_Human_All.meme	M00705_2.00	ZRANB2	DDAGGUAAGGUAD	1.47e-1	1.00e0	5.44e2	331	150	150	1335	2.25	21	14.00	144	10.79
532	/Users/ranjithpapareddy/Desktop/Desktop-Ranjith-iMac/forGIT/UFMylation_Ribosome_stalling_RNA_Splicing/Part4_Splicing_Analysis/data/motifs/CisBP_Human_All.meme	M00587_2.00	HNRNPA0	KUAGKUUAGGU	7.99e-1	1.00e0	5.44e2	189	150	150	1335	7.97	1	0.67	14	1.05
533	/Users/ranjithpapareddy/Desktop/Desktop-Ranjith-iMac/forGIT/UFMylation_Ribosome_stalling_RNA_Splicing/Part4_Splicing_Analysis/data/motifs/CisBP_Human_All.meme	M00148_2.00	SRSF6	GGAGGGV	4.76e-2	1.00e0	5.44e2	823	150	150	1335	22.6	8	5.33	33	2.47
534	/Users/ranjithpapareddy/Desktop/Desktop-Ranjith-iMac/forGIT/UFMylation_Ribosome_stalling_RNA_Splicing/Part4_Splicing_Analysis/data/motifs/CisBP_Human_All.meme	M00149_2.00	ELAVL1	UUGGUUU	5.31e-2	1.00e0	5.44e2	916	150	150	1335	10.9	2	1.33	2	0.15
535	/Users/ranjithpapareddy/Desktop/Desktop-Ranjith-iMac/forGIT/UFMylation_Ribosome_stalling_RNA_Splicing/Part4_Splicing_Analysis/data/motifs/CisBP_Human_All.meme	M13081_2.00	HNRNPCL4	VWUUUUUS	1.87e-1	1.00e0	5.44e2	935	150	150	1335	14.2	3	2.00	12	0.90
536	/Users/ranjithpapareddy/Desktop/Desktop-Ranjith-iMac/forGIT/UFMylation_Ribosome_stalling_RNA_Splicing/Part4_Splicing_Analysis/data/motifs/CisBP_Human_All.meme	M13012_2.00	SF3B6	HWUUUUUMC	1.55e-1	1.00e0	5.44e2	945	150	150	1335	9.02	4	2.67	17	1.27
537	/Users/ranjithpapareddy/Desktop/Desktop-Ranjith-iMac/forGIT/UFMylation_Ribosome_stalling_RNA_Splicing/Part4_Splicing_Analysis/data/motifs/CisBP_Human_All.meme	M00227_2.00	SF3B4	GAUGGAGU	4.69e-1	1.00e0	5.44e2	845	150	150	1335	5.75	6	4.00	48	3.60
538	/Users/ranjithpapareddy/Desktop/Desktop-Ranjith-iMac/forGIT/UFMylation_Ribosome_stalling_RNA_Splicing/Part4_Splicing_Analysis/data/motifs/CisBP_Human_All.meme	M00514_2.00	ENSG00000276833	GGUG	5.90e-2	1.00e0	5.44e2	893	150	150	1335	2.71	26	17.33	165	12.36
539	/Users/ranjithpapareddy/Desktop/Desktop-Ranjith-iMac/forGIT/UFMylation_Ribosome_stalling_RNA_Splicing/Part4_Splicing_Analysis/data/motifs/CisBP_Human_All.meme	M00773_2.00	ENSG00000238104	AUGAA	8.26e-2	1.00e0	5.44e2	692	150	150	1335	10.2	2	1.33	3	0.22
540	/Users/ranjithpapareddy/Desktop/Desktop-Ranjith-iMac/forGIT/UFMylation_Ribosome_stalling_RNA_Splicing/Part4_Splicing_Analysis/data/motifs/CisBP_Human_All.meme	M00515_2.00	SNRPA	AUUGCACH	5.26e-1	1.00e0	5.44e2	317	150	150	1335	28.3	1	0.67	6	0.45
541	/Users/ranjithpapareddy/Desktop/Desktop-Ranjith-iMac/forGIT/UFMylation_Ribosome_stalling_RNA_Splicing/Part4_Splicing_Analysis/data/motifs/CisBP_Human_All.meme	M00101_2.00	AC009690.3	UGUUGUG	7.87e-2	1.00e0	5.44e2	718	150	150	1335	3.34	9	6.00	44	3.30
542	/Users/ranjithpapareddy/Desktop/Desktop-Ranjith-iMac/forGIT/UFMylation_Ribosome_stalling_RNA_Splicing/Part4_Splicing_Analysis/data/motifs/CisBP_Human_All.meme	M00366_2.00	M00366_2.00	AGAUUAA	1.35e-1	1.00e0	5.44e2	729	150	150	1335	3.66	7	4.67	36	2.70
543	/Users/ranjithpapareddy/Desktop/Desktop-Ranjith-iMac/forGIT/UFMylation_Ribosome_stalling_RNA_Splicing/Part4_Splicing_Analysis/data/motifs/CisBP_Human_All.meme	M00100_2.00	M00100_2.00	UUUUUUY	4.83e-1	1.00e0	5.44e2	1012	150	150	1335	12.1	5	3.33	40	3.00
544	/Users/ranjithpapareddy/Desktop/Desktop-Ranjith-iMac/forGIT/UFMylation_Ribosome_stalling_RNA_Splicing/Part4_Splicing_Analysis/data/motifs/CisBP_Human_All.meme	M00009_2.00	TRIM56	WURUAGG	4.92e-1	1.00e0	5.44e2	408	150	150	1335	2.58	2	1.33	14	1.05

# AME (Analysis of Motif Enrichment): Version 5.5.9 compiled on Nov 24 2025 at 04:02:45
# The format of this file is described at https://meme-suite.org/meme/doc/ame-output-format.html.
# ame --evalue-report-threshold 1000 --control hs_RI_direct/human/nucleus/step10_motif_analysis/RI_DeepDive_dPSI_negative/constitutive_introns.intron.fa --oc hs_RI_direct/human/nucleus/step10_motif_analysis/RI_DeepDive_dPSI_negative/ame_UFM1_dependent_vs_constitutive hs_RI_direct/human/nucleus/step10_motif_analysis/RI_DeepDive_dPSI_negative/lost.intron.fa /Users/ranjithpapareddy/Desktop/Desktop-Ranjith-iMac/forGIT/UFMylation_Ribosome_stalling_RNA_Splicing/Part4_Splicing_Analysis/data/motifs/CisBP_Human_All.meme
